# Generated by lxe_pbrt_scene_convert
v 1.09121203 0.119617 1.85500205
v 1.091501 0.130677 1.85385394
v 1.06500995 0.129747003 1.85407996
v 1.06465304 0.118625998 1.85523999
v 1.06329596 0.100919999 1.85274696
v 1.08972597 0.101938002 1.85255098
v 1.09470701 0.100464001 1.84428
v 1.09622204 0.118147999 1.84672296
v 1.09692001 0.136105001 1.84412003
v 0.998022974 0.116139002 1.85583603
v 0.996973991 0.0983429998 1.85323703
v 0.998602986 0.127415001 1.85464704
v 0.909687996 0.125111997 1.85519505
v 0.910866022 0.113021001 1.85646105
v 0.909892976 0.0951580033 1.85375202
v -1.57590699 0.0397580005 1.84222901
v -1.57629001 0.0231439993 1.83840799
v -1.51235294 0.0246789996 1.83902705
v -1.51147497 0.0411479995 1.842875
v -1.50938702 0.0527530015 1.84169102
v -1.57462704 0.0515480004 1.840886
v -1.61872101 0.0507440008 1.84025598
v -1.61927795 0.0387560017 1.84173501
v -1.61920094 0.0219870005 1.83797395
v -1.63593602 0.0383710004 1.84154499
v -1.63568294 0.0215419997 1.83780801
v -1.63565695 0.0504349992 1.84001398
v -1.63768494 0.0556659997 1.83016503
v -1.63829303 0.0366609991 1.83328199
v -1.63801396 0.0198240001 1.829548
v 0.822726011 0.110134996 1.85678804
v 0.82118398 0.0923160017 1.85402298
v 0.909892976 0.0951580033 1.85375202
v 0.910866022 0.113021001 1.85646105
v 0.909687996 0.125111997 1.85519505
v 0.821640015 0.120093003 1.85591698
v 0.735181987 0.117082998 1.85613596
v 0.734215021 0.107219003 1.85696805
v 0.732258976 0.0894669965 1.85416305
v -0.0816909969 0.0814850032 1.85919595
v -0.0811379999 0.0929059982 1.85778499
v -0.242957994 0.0881360024 1.85741603
v -0.243975997 0.0766799971 1.85892999
v -0.244310006 0.0593309999 1.85578096
v -0.0817949995 0.0641390011 1.85608697
v 0.0829930007 0.0688119978 1.85572398
v 0.0828600004 0.0861809999 1.85888898
v 0.082911998 0.0976300016 1.85765195
v -1.21750998 0.048347 1.84639704
v -1.21828198 0.0317809992 1.84260595
v -1.08892405 0.0354950018 1.84451699
v -1.08863902 0.0521910004 1.84844601
v -1.08748698 0.0633670017 1.84730995
v -1.21554101 0.0596799999 1.84529805
v -1.33167803 0.0564489998 1.84354305
v -1.33432698 0.0449209996 1.84456301
v -1.33547997 0.0284400005 1.84084702
v -0.955174029 0.055670999 1.85013497
v -0.955130994 0.0387950018 1.84607601
v -0.819857001 0.0420110002 1.84770298
v -0.82000798 0.0590500012 1.85181999
v -0.819271982 0.0704599991 1.85100198
v -0.954397976 0.0669199973 1.84916699
v -1.08748698 0.0633670017 1.84730995
v -1.08863902 0.0521910004 1.84844601
v -1.08892405 0.0354950018 1.84451699
v -0.686034977 0.0625870004 1.85385597
v -0.685109019 0.0741100013 1.85294795
v -0.686058998 0.0454719998 1.84981894
v -0.548084974 0.0494609997 1.85211301
v -0.547815025 0.0666309968 1.855932
v -0.546667993 0.0781989992 1.85480106
v -0.399906009 0.0715280026 1.85773206
v -0.400287986 0.0542600006 1.85427904
v -0.244310006 0.0593309999 1.85578096
v -0.243975997 0.0766799971 1.85892999
v -0.242957994 0.0881360024 1.85741603
v -0.398708999 0.0830539986 1.85635495
v 0.245585993 0.0910030007 1.85836196
v 0.245787993 0.0734840035 1.85522199
v 0.38586399 0.0775759965 1.85476303
v 0.385744005 0.0952619985 1.85783803
v 0.385369003 0.106964998 1.85671198
v 0.245357007 0.102574997 1.85720801
v 0.082911998 0.0976300016 1.85765195
v 0.0828600004 0.0861809999 1.85888898
v 0.0829930007 0.0688119978 1.85572398
v -1.43163097 0.0426950008 1.843521
v -1.43279302 0.0262579992 1.83974695
v -1.42901599 0.0542629994 1.84245896
v -1.50938702 0.0527530015 1.84169102
v -1.51147497 0.0411479995 1.842875
v -1.51235294 0.0246789996 1.83902705
v 0.872025013 -0.629472017 1.794698
v 0.863534987 -0.638355017 1.79368496
v 0.862852991 -0.641984999 1.78513706
v 0.871276975 -0.633023977 1.78615904
v 0.872748017 -0.632598996 1.779971
v 0.873706996 -0.629487991 1.78664899
v 0.886007011 -0.603079021 1.79088295
v 0.884154022 -0.602864981 1.79895198
v 0.874741018 -0.610670984 1.79805505
v 0.842235982 -0.660642028 1.79114294
v 0.805360973 -0.691011012 1.78693998
v 0.805045009 -0.695098996 1.778337
v 0.841718972 -0.66446501 1.78257501
v 0.851123989 -0.630254984 1.79580498
v 0.811443985 -0.656917989 1.79208696
v 0.918232977 -0.528113008 1.81090701
v 0.906224012 -0.532891989 1.81033504
v 0.920562983 -0.528885007 1.80277705
v 0.965435028 -0.421041012 1.81647003
v 0.962448001 -0.419714004 1.82466805
v 0.946878016 -0.421481013 1.82446504
v 0.876097023 -0.544881999 1.80890095
v 0.82853502 -0.561131001 1.80654705
v 0.907815993 -0.425911993 1.82395506
v 0.849838018 -0.431827009 1.82305503
v 1.08531797 0.0618119985 1.84484601
v 1.05919194 0.0608449988 1.84490204
v 1.05128801 0.00173500006 1.83798897
v 1.07682204 0.00261100009 1.83802998
v 1.08160901 0.00106699998 1.82980299
v 1.09022605 0.0603029989 1.83660102
v 0.993584991 0.0583250001 1.84504104
v 0.907011986 0.0552089997 1.84521699
v 0.901987016 -0.00354499999 1.83778703
v 0.98713398 -0.000604000001 1.83788502
v 1.00498903 -0.292169005 1.83434498
v 0.985594988 -0.292901009 1.83438599
v 0.946878016 -0.421481013 1.82446504
v 0.962448001 -0.419714004 1.82466805
v 0.965435028 -0.421041012 1.81647003
v 1.00867999 -0.293686986 1.82610202
v 1.04464698 -0.170168996 1.83087802
v 1.04036105 -0.168641001 1.83913803
v 1.01770198 -0.169361994 1.83927095
v 0.936939001 -0.294735014 1.83448994
v 0.868556976 -0.297176987 1.83434296
v 0.849838018 -0.431827009 1.82305503
v 0.907815993 -0.425911993 1.82395506
v 0.960842013 -0.171193004 1.839607
v 0.883776009 -0.173676997 1.83969498
v 1.00478804 0.175412998 1.84555304
v 1.06834805 0.177667007 1.84510696
v 1.06788695 0.229359001 1.83439803
v 0.998234987 0.218176007 1.83686197
v 0.94837302 0.210612997 1.83810306
v 0.93492198 0.180007994 1.84452903
v 0.909687996 0.125111997 1.85519505
v 0.998602986 0.127415001 1.85464704
v 1.06500995 0.129747003 1.85407996
v 1.09390903 0.178570002 1.84492898
v 1.09895003 0.177088007 1.83666098
v 1.10004199 0.225130007 1.82665598
v 1.09499502 0.226614997 1.83491302
v 1.091501 0.130677 1.85385394
v 1.09692001 0.136105001 1.84412003
v 0.993027985 0.506559014 1.68028402
v 0.974945009 0.505254984 1.68190598
v 0.986353993 0.492363006 1.70503998
v 1.005445 0.493267 1.70456004
v 1.00917399 0.491881996 1.69595397
v 0.996544003 0.505716026 1.67061305
v 0.990370989 0.508569002 1.65044498
v 0.985897005 0.510506988 1.65353096
v 0.968285978 0.508778989 1.65628898
v 0.929755986 0.503499985 1.68294406
v 0.863147974 0.501371026 1.68390799
v 0.869722009 0.487940997 1.70617294
v 0.93867898 0.490453005 1.70549095
v 0.924409986 0.507098973 1.65790296
v 0.858998001 0.505223989 1.65912104
v 0.976895988 -0.0751290023 1.83840704
v 1.03852904 -0.0730749965 1.838292
v 1.05128801 0.00173500006 1.83798897
v 0.98713398 -0.000604000001 1.83788502
v 0.901987016 -0.00354499999 1.83778703
v 0.89458102 -0.077820003 1.83839405
v 0.883776009 -0.173676997 1.83969498
v 0.960842013 -0.171193004 1.839607
v 1.01770198 -0.169361994 1.83927095
v 1.06307101 -0.0722939968 1.83824694
v 1.06768703 -0.0738369972 1.83000302
v 1.08160901 0.00106699998 1.82980299
v 1.07682204 0.00261100009 1.83802998
v 1.04036105 -0.168641001 1.83913803
v 1.04464698 -0.170168996 1.83087802
v 1.02336299 0.468324989 1.72801006
v 1.00250602 0.467489988 1.72809398
v 1.0201 0.435323 1.75017905
v 1.04264903 0.436167002 1.75013006
v 1.047418 0.43442601 1.74189401
v 1.027632 0.466659009 1.71976495
v 1.00917399 0.491881996 1.69595397
v 1.005445 0.493267 1.70456004
v 0.986353993 0.492363006 1.70503998
v 0.950879991 0.465317994 1.728315
v 0.87806201 0.462332994 1.72882903
v 0.886160016 0.427359998 1.75204301
v 0.964668989 0.433113009 1.75032198
v 0.93867898 0.490453005 1.70549095
v 0.869722009 0.487940997 1.70617294
v 1.05917096 0.401226014 1.77041495
v 1.03583896 0.400546998 1.77041197
v 1.04735506 0.363804013 1.78892803
v 1.07239103 0.365922004 1.78800404
v 1.07719302 0.364376009 1.779778
v 1.06403005 0.399563998 1.76218498
v 0.978358984 0.398853987 1.77041805
v 0.91682303 0.393388987 1.77154899
v 0.932654977 0.373154014 1.78212905
v 0.978856027 0.369895011 1.78530204
v 1.092906 0.265756994 1.82466197
v 1.097929 0.264261991 1.81641603
v 1.09324598 0.298326999 1.80558503
v 1.08828497 0.299831003 1.81382
v 1.06876194 0.299703985 1.81362402
v 1.07271898 0.267129987 1.82400894
v 1.06788695 0.229359001 1.83439803
v 1.09499502 0.226614997 1.83491302
v 1.10004199 0.225130007 1.82665598
v 1.08177102 0.332670987 1.802037
v 1.08663297 0.331164002 1.79380906
v 1.07719302 0.364376009 1.779778
v 1.07239103 0.365922004 1.78800404
v 1.04735506 0.363804013 1.78892803
v 1.06266296 0.331279993 1.80225503
v -1.56880295 -0.810459971 1.75905299
v -1.57281196 -0.771502972 1.76369905
v -1.57526505 -0.77323401 1.75544095
v -1.57126105 -0.812182009 1.75080395
v -1.57028902 -0.815509975 1.74415696
v -1.568398 -0.814894974 1.75048602
v -1.55106604 -0.814431012 1.75057805
v -1.55147302 -0.809991002 1.75914896
v -1.55551505 -0.77097398 1.76385105
v -1.58407497 -0.662054002 1.77674997
v -1.59808004 -0.518225014 1.79201496
v -1.60049605 -0.520000994 1.78370905
v -1.586514 -0.663810015 1.76846898
v -1.56687105 -0.661354005 1.77706206
v -1.58102798 -0.517394006 1.79249799
v -1.50635397 -0.808772027 1.75939798
v -1.510481 -0.769596994 1.76424801
v -1.50593996 -0.813223004 1.75081694
v -1.44271302 -0.811788023 1.75093102
v -1.44311798 -0.807321012 1.75952899
v -1.44712996 -0.76791501 1.76461196
v -1.52207804 -0.659533978 1.77787197
v -1.53663099 -0.515231013 1.79375601
v -1.45840096 -0.657202005 1.77889395
v -1.47268295 -0.512365997 1.79540896
v 0.750144005 -0.724142015 1.78094101
v 0.753839016 -0.685959995 1.78678894
v 0.684828997 -0.709402978 1.78192198
v 0.682739973 -0.750804007 1.77545702
v 0.682708979 -0.755412996 1.76675999
v 0.749997973 -0.728520989 1.77228796
v 0.805045009 -0.695098996 1.778337
v 0.805360973 -0.691011012 1.78693998
v 0.811443985 -0.656917989 1.79208696
v 0.764219999 -0.578688979 1.80321896
v 0.777522027 -0.438041002 1.82168198
v 0.698828995 -0.443498999 1.820243
v 0.690698028 -0.593087971 1.80008602
v 0.82853502 -0.561131001 1.80654705
v 0.849838018 -0.431827009 1.82305503
v -0.0717720017 -0.621738017 1.79073
v -0.0708919987 -0.739427984 1.77272105
v 0.0799399987 -0.735872984 1.773422
v 0.0814689994 -0.617444992 1.79187906
v 0.0832820013 -0.465065986 1.81274402
v -0.0729499981 -0.470117986 1.81118095
v -0.227871999 -0.475264996 1.80981898
v -0.224215999 -0.625998974 1.78977096
v -0.221414 -0.742873013 1.77220905
v -0.0705780014 -0.781316996 1.76631105
v -0.0704369992 -0.785960972 1.75761795
v 0.0794750005 -0.782688975 1.75814795
v 0.0793950036 -0.778025985 1.76685297
v -0.220415995 -0.784471989 1.76595902
v -0.220226005 -0.789095998 1.75727701
v -1.17548394 -0.803285003 1.760113
v -1.17788899 -0.763063014 1.76587296
v -1.28728402 -0.764957011 1.76492
v -1.28450096 -0.804929972 1.75925303
v -1.28418398 -0.809436977 1.75061297
v -1.17519295 -0.807810009 1.75146604
v -1.05022597 -0.805719018 1.75286198
v -1.050506 -0.801177979 1.76150799
v -1.05276299 -0.760735989 1.767259
v -1.18464601 -0.650058985 1.782058
v -1.19325101 -0.503202021 1.80028999
v -1.30525196 -0.506389976 1.79871905
v -1.29509997 -0.652652025 1.78084195
v -1.05910504 -0.647113979 1.78341806
v -1.06693995 -0.499713987 1.80176997
v -0.370227993 -0.787491977 1.76553798
v -0.37144801 -0.746212006 1.77165306
v -0.515929997 -0.749347985 1.77114105
v -0.514566004 -0.790363014 1.76515901
v -0.514349997 -0.794945002 1.75649703
v -0.370021999 -0.792092979 1.75686598
v -0.220226005 -0.789095998 1.75727701
v -0.220415995 -0.784471989 1.76595902
v -0.221414 -0.742873013 1.77220905
v -0.374877989 -0.63023603 1.78883505
v -0.379512995 -0.480439007 1.80866802
v -0.525004029 -0.485076994 1.80748701
v -0.51976198 -0.634114981 1.78794599
v -0.224215999 -0.625998974 1.78977096
v -0.227871999 -0.475264996 1.80981898
v -0.647985995 -0.793072999 1.76493299
v -0.649793983 -0.752183974 1.77075899
v -0.781117022 -0.754962027 1.77011299
v -0.778891981 -0.795762002 1.76439905
v -0.778613985 -0.800328016 1.75575495
v -0.64773798 -0.797645986 1.75628102
v -0.65487498 -0.637304008 1.78712702
v -0.66148001 -0.488615006 1.80603504
v -0.795165002 -0.491898 1.80451596
v -0.787368 -0.64033401 1.78617001
v -0.915687025 -0.798566997 1.76309705
v -0.917972982 -0.75792402 1.76881003
v -1.05276299 -0.760735989 1.767259
v -1.050506 -0.801177979 1.76150799
v -1.05022597 -0.805719018 1.75286198
v -0.915404975 -0.803121984 1.75445402
v -0.924395025 -0.643737972 1.78486097
v -0.932281017 -0.495772004 1.80313694
v -1.06693995 -0.499713987 1.80176997
v -1.05910504 -0.647113979 1.78341806
v 0.234522998 -0.613110006 1.79338503
v 0.230902001 -0.732208014 1.77454805
v 0.363258004 -0.72864902 1.77585196
v 0.368245989 -0.609102011 1.79491901
v 0.374195009 -0.455881 1.81612003
v 0.238851994 -0.460173994 1.81449902
v 0.0832820013 -0.465065986 1.81274402
v 0.0814689994 -0.617444992 1.79187906
v 0.0799399987 -0.735872984 1.773422
v 0.229614004 -0.774599016 1.76784301
v 0.229641005 -0.779278994 1.75912905
v 0.361474007 -0.775891006 1.76034498
v 0.361481994 -0.771200001 1.76906502
v 0.0793950036 -0.778025985 1.76685297
v 0.0794750005 -0.782688975 1.75814795
v -1.37144005 -0.806158006 1.759269
v -1.37487996 -0.766471028 1.76466799
v -1.44712996 -0.76791501 1.76461196
v -1.44311798 -0.807321012 1.75952899
v -1.44271302 -0.811788023 1.75093102
v -1.37107599 -0.810644984 1.75064898
v -1.384547 -0.654971004 1.77983606
v -1.39697599 -0.509432018 1.79707801
v -1.47268295 -0.512365997 1.79540896
v -1.45840096 -0.657202005 1.77889395
v -1.57533598 -0.0123089999 1.82641101
v -1.61834204 -0.0135690002 1.82585299
v -1.61590099 -0.0692500025 1.81408799
v -1.57263601 -0.067896001 1.81491697
v -1.50823104 -0.0660710037 1.81609905
v -1.51120996 -0.0106410002 1.82725894
v -1.63486004 -0.0140519999 1.82563901
v -1.63719702 -0.0157769993 1.81737196
v -1.63486898 -0.0715000033 1.80548704
v -1.63251805 -0.0697700009 1.81377006
v -1.61031306 -0.376130998 1.803303
v -1.59347296 -0.375355005 1.80387998
v -1.60366905 -0.247576997 1.81043506
v -1.62033403 -0.248226002 1.80985796
v -1.62269294 -0.249974996 1.80153704
v -1.61269701 -0.377898008 1.79498196
v -1.60049605 -0.520000994 1.78370905
v -1.59808004 -0.518225014 1.79201496
v -1.58102798 -0.517394006 1.79249799
v -1.549631 -0.373337001 1.80538404
v -1.48572803 -0.370591015 1.80719602
v -1.49641097 -0.243536994 1.813627
v -1.56027997 -0.245886996 1.81193805
v -1.53663099 -0.515231013 1.79375601
v -1.47268295 -0.512365997 1.79540896
v -1.57152605 0.100097999 1.83093405
v -1.61623597 0.0996270031 1.83029997
v -1.61872101 0.0507440008 1.84025598
v -1.57462704 0.0515480004 1.840886
v -1.50938702 0.0527530015 1.84169102
v -1.505723 0.10086 1.83191895
v -1.50173604 0.148870006 1.82159495
v -1.56780803 0.148371994 1.82039702
v -1.6128 0.148100004 1.819677
v -1.63340795 0.0994459987 1.83005595
v -1.63584197 0.0977670029 1.82178497
v -1.63768494 0.0556659997 1.83016503
v -1.63565695 0.0504349992 1.84001398
v -1.63008106 0.147995993 1.81939995
v -1.63253105 0.146328002 1.81112397
v -1.481475 0.410050988 1.67157197
v -1.51594102 0.408248991 1.67032099
v -1.52483404 0.401246995 1.68326402
v -1.48847902 0.402507007 1.68448496
v -1.43161702 0.404644012 1.68636894
v -1.426772 0.412885994 1.67334998
v -1.42448103 0.413105011 1.65815699
v -1.47761703 0.409655005 1.65651
v -1.51074302 0.407357991 1.65521801
v -1.52919698 0.407469004 1.66984606
v -1.53106701 0.405613989 1.66154504
v -1.54079902 0.398799002 1.67450094
v -1.538818 0.400649995 1.68280005
v -1.52347898 0.406430006 1.65472806
v -1.52627897 0.404843986 1.65005898
v -1.567783 -0.144914001 1.81260395
v -1.61107695 -0.146396995 1.81139302
v -1.60366905 -0.247576997 1.81043506
v -1.56027997 -0.245886996 1.81193805
v -1.49641097 -0.243536994 1.813627
v -1.50360501 -0.142866001 1.81407499
v -1.50823104 -0.0660710037 1.81609905
v -1.57263601 -0.067896001 1.81491697
v -1.61590099 -0.0692500025 1.81408799
v -1.62770605 -0.146966994 1.81092799
v -1.630059 -0.148704007 1.80262399
v -1.62269294 -0.249974996 1.80153704
v -1.62033403 -0.248226002 1.80985796
v -1.63251805 -0.0697700009 1.81377006
v -1.63486898 -0.0715000033 1.80548704
v -1.58542502 0.319460005 1.74986601
v -1.56920505 0.319914013 1.75021803
v -1.553406 0.354198992 1.72754502
v -1.56895995 0.353828996 1.72709501
v -1.57115698 0.352104008 1.71879303
v -1.58771801 0.317739993 1.74157906
v -1.60238695 0.281787992 1.76175404
v -1.60002506 0.283519 1.77003205
v -1.583341 0.284047008 1.77032101
v -1.52697396 0.321098 1.75113297
v -1.46365905 0.32279101 1.752473
v -1.45153201 0.356635004 1.73039901
v -1.51291502 0.355114996 1.72871804
v -1.53989995 0.285423994 1.77107203
v -1.47522199 0.287247986 1.77220094
v -1.55274904 0.38183099 1.70331097
v -1.53796899 0.382270008 1.70378304
v -1.52483404 0.401246995 1.68326402
v -1.538818 0.400649995 1.68280005
v -1.54079902 0.398799002 1.67450094
v -1.55483997 0.380043 1.69500899
v -1.49952102 0.383222997 1.70501804
v -1.44036102 0.384905994 1.70687497
v -1.43161702 0.404644012 1.68636894
v -1.48847902 0.402507007 1.68448496
v -1.62509203 0.186386004 1.80945504
v -1.60794795 0.186529994 1.80983996
v -1.60162604 0.219409004 1.79925203
v -1.61856997 0.219145998 1.79879606
v -1.62097001 0.217454001 1.79049397
v -1.62752199 0.184713006 1.80116296
v -1.63253105 0.146328002 1.81112397
v -1.63008106 0.147995993 1.81939995
v -1.6128 0.148100004 1.819677
v -1.56331098 0.186903998 1.81084299
v -1.49749899 0.187562004 1.81231499
v -1.49211895 0.221156999 1.80202901
v -1.557513 0.220094994 1.80043602
v -1.56780803 0.148371994 1.82039702
v -1.50173604 0.148870006 1.82159495
v -1.61064398 0.25080201 1.78599894
v -1.593786 0.251230001 1.78637195
v -1.583341 0.284047008 1.77032101
v -1.60002506 0.283519 1.77003205
v -1.60238695 0.281787992 1.76175404
v -1.61303103 0.249085993 1.77770901
v -1.54989505 0.252344996 1.78734303
v -1.48470104 0.253877997 1.78868794
v -1.47522199 0.287247986 1.77220094
v -1.53989995 0.285423994 1.77107203
v 0.817987025 0.0524539985 1.84537995
v 0.813475013 -0.00622799993 1.83775902
v 0.901987016 -0.00354499999 1.83778703
v 0.907011986 0.0552089997 1.84521699
v 0.728937984 0.0497750007 1.84547698
v 0.724937975 -0.00876399968 1.83768594
v -0.0812129974 0.0261790007 1.84596801
v -0.24346 0.0215930007 1.84530997
v -0.241493002 -0.035149999 1.83507395
v -0.0799039975 -0.0306000002 1.83612001
v 0.0837929994 -0.0261109993 1.83639002
v 0.0832590014 0.0306909997 1.84581697
v -1.21694398 -0.00405499991 1.83082199
v -1.214432 -0.0597390011 1.81972396
v -1.08585799 -0.0571510009 1.82074106
v -1.08790696 -0.000949000008 1.83217704
v -1.33385706 -0.00685200002 1.82956398
v -1.33082402 -0.0620439984 1.81877899
v -0.954060972 0.00206100009 1.833691
v -0.951942027 -0.0542099997 1.82225704
v -0.816200972 -0.0509620011 1.82427001
v -0.818602979 0.00519599998 1.83550596
v -1.08790696 -0.000949000008 1.83217704
v -1.08585799 -0.0571510009 1.82074106
v -0.684727013 0.00867599994 1.83776498
v -0.68214798 -0.0474530011 1.82677996
v -0.544203997 -0.0436509997 1.82962704
v -0.546799004 0.0125749996 1.84035301
v -0.399181992 0.0169699993 1.843153
v -0.396789998 -0.0395249985 1.83264995
v -0.241493002 -0.035149999 1.83507395
v -0.24346 0.0215930007 1.84530997
v 0.245655999 0.0350940004 1.84554398
v 0.245414004 -0.0219190009 1.83648098
v 0.384620011 -0.0183710009 1.83656299
v 0.385405004 0.0389109999 1.84531403
v 0.0832590014 0.0306909997 1.84581697
v 0.0837929994 -0.0261109993 1.83639002
v -1.43133104 -0.00893499982 1.82834303
v -1.42819202 -0.0641380027 1.81747794
v -1.51120996 -0.0106410002 1.82725894
v -1.50823104 -0.0660710037 1.81609905
v 0.789979994 -0.299730986 1.83363104
v 0.707702994 -0.302278012 1.83268702
v 0.698828995 -0.443498999 1.820243
v 0.777522027 -0.438041002 1.82168198
v 0.849838018 -0.431827009 1.82305503
v 0.868556976 -0.297176987 1.83434296
v 0.883776009 -0.173676997 1.83969498
v 0.800500989 -0.176355004 1.83908403
v 0.715635002 -0.178955004 1.83819997
v 0.780812025 0.498946011 1.685305
v 0.863147974 0.501371026 1.68390799
v 0.858998001 0.505223989 1.65912104
v 0.776776016 0.502910018 1.660689
v 0.691151023 0.500391006 1.66214204
v 0.695340991 0.496360987 1.68658805
v 0.701234996 0.482461989 1.70839202
v 0.786785007 0.485228986 1.70734596
v 0.869722009 0.487940997 1.70617294
v 0.807989001 -0.0805099979 1.83806098
v 0.89458102 -0.077820003 1.83839405
v 0.901987016 -0.00354499999 1.83778703
v 0.813475013 -0.00622799993 1.83775902
v 0.724937975 -0.00876399968 1.83768594
v 0.72094202 -0.083062999 1.83756304
v 0.715635002 -0.178955004 1.83819997
v 0.800500989 -0.176355004 1.83908403
v 0.883776009 -0.173676997 1.83969498
v -0.074153997 -0.326435 1.82491696
v -0.0756819993 -0.201068997 1.83233202
v -0.234947994 -0.206741005 1.83107698
v -0.231431007 -0.332085013 1.82353103
v -0.227871999 -0.475264996 1.80981898
v -0.0729499981 -0.470117986 1.81118095
v 0.0832820013 -0.465065986 1.81274402
v 0.0846790001 -0.321058989 1.82653701
v 0.0852859989 -0.195764005 1.83369803
v -0.0797490031 0.139364004 1.84823704
v -0.241197005 0.134012997 1.84788799
v -0.242957994 0.0881360024 1.85741603
v -0.0811379999 0.0929059982 1.85778499
v 0.082911998 0.0976300016 1.85765195
v 0.0839049965 0.144728005 1.848189
v 0.0846630037 0.192122996 1.83769095
v -0.0785460025 0.186275005 1.83767903
v -0.239554003 0.180483997 1.83736205
v -0.0723609999 0.467738986 1.69009602
v -0.071924001 0.470876008 1.66808903
v -0.226253003 0.464074999 1.668257
v -0.227136999 0.461071014 1.68947697
v -0.228431001 0.448772997 1.70800996
v -0.0730220005 0.455083996 1.70925105
v 0.0845770016 0.461511999 1.71001303
v 0.0845749974 0.474406987 1.69020498
v 0.0845730007 0.477602005 1.667449
v -0.0778300017 -0.104404002 1.83382106
v -0.0799039975 -0.0306000002 1.83612001
v -0.241493002 -0.035149999 1.83507395
v -0.238479003 -0.109512001 1.83262706
v -0.234947994 -0.206741005 1.83107698
v -0.0756819993 -0.201068997 1.83233202
v 0.0852859989 -0.195764005 1.83369803
v 0.0847299993 -0.099522002 1.83466601
v 0.0837929994 -0.0261109993 1.83639002
v -1.20120001 -0.361418009 1.81219602
v -1.31504095 -0.364546001 1.81025004
v -1.30525196 -0.506389976 1.79871905
v -1.19325101 -0.503202021 1.80028999
v -1.06693995 -0.499713987 1.80176997
v -1.07367396 -0.357935995 1.81410003
v -1.07911003 -0.232249007 1.82011497
v -1.20763099 -0.235402003 1.81801498
v -1.32302201 -0.238148004 1.81600499
v -1.21244895 0.106233001 1.837044
v -1.32817602 0.103589997 1.83489704
v -1.33167803 0.0564489998 1.84354305
v -1.21554101 0.0596799999 1.84529805
v -1.08748698 0.0633670017 1.84730995
v -1.08460903 0.109380998 1.83929598
v -1.08098304 0.155843005 1.830351
v -1.20870399 0.153153002 1.82791495
v -1.32421803 0.150988996 1.82543898
v -1.13614905 0.425915986 1.67923403
v -1.25684297 0.421252996 1.67745602
v -1.25986004 0.411790997 1.69159603
v -1.14075506 0.416011006 1.69442403
v -1.012573 0.420385003 1.69715405
v -1.00645494 0.430691987 1.68095195
v -1.00293195 0.432285011 1.66235399
v -1.13397706 0.427282006 1.66164899
v -1.25599098 0.422369987 1.660954
v -1.21168494 -0.135848999 1.81798995
v -1.32774794 -0.138228998 1.816553
v -1.32302201 -0.238148004 1.81600499
v -1.20763099 -0.235402003 1.81801498
v -1.07911003 -0.232249007 1.82011497
v -1.08304799 -0.133119002 1.819525
v -1.08585799 -0.0571510009 1.82074106
v -1.214432 -0.0597390011 1.81972396
v -1.33082402 -0.0620439984 1.81877899
v -0.938956022 -0.353787005 1.81552398
v -1.07367396 -0.357935995 1.81410003
v -1.06693995 -0.499713987 1.80176997
v -0.932281017 -0.495772004 1.80313694
v -0.795165002 -0.491898 1.80451596
v -0.802025974 -0.349673003 1.81710505
v -0.807868004 -0.224203005 1.82344306
v -0.944440007 -0.228267998 1.82162797
v -1.07911003 -0.232249007 1.82011497
v -0.667864025 -0.346298009 1.81947803
v -0.66148001 -0.488615006 1.80603504
v -0.525004029 -0.485076994 1.80748701
v -0.530596018 -0.342644989 1.821679
v -0.535968006 -0.217131004 1.82924497
v -0.673641026 -0.220798999 1.82645094
v -0.384348989 -0.337698013 1.82274103
v -0.379512995 -0.480439007 1.80866802
v -0.227871999 -0.475264996 1.80981898
v -0.231431007 -0.332085013 1.82353103
v -0.234947994 -0.206741005 1.83107698
v -0.38905701 -0.212268993 1.83041704
v -0.951178014 0.112576 1.841295
v -1.08460903 0.109380998 1.83929598
v -1.08748698 0.0633670017 1.84730995
v -0.954397976 0.0669199973 1.84916699
v -0.819271982 0.0704599991 1.85100198
v -0.815865993 0.115947001 1.84304202
v -0.812103987 0.162026003 1.83393598
v -0.947362006 0.158757001 1.83236694
v -0.682383001 0.119622998 1.84453499
v -0.685109019 0.0741100013 1.85294795
v -0.546667993 0.0781989992 1.85480106
v -0.544736981 0.123810001 1.84584105
v -0.542747021 0.170098007 1.83587599
v -0.679473996 0.165782005 1.83502901
v -0.396934003 0.128717005 1.84702396
v -0.398708999 0.0830539986 1.85635495
v -0.242957994 0.0881360024 1.85741603
v -0.241197005 0.134012997 1.84788799
v -0.239554003 0.180483997 1.83736205
v -0.395197004 0.175044999 1.836707
v -0.883489013 0.435517013 1.68282795
v -1.00645494 0.430691987 1.68095195
v -1.012573 0.420385003 1.69715405
v -0.889088988 0.424766004 1.69962502
v -0.768791974 0.429280996 1.701828
v -0.764647007 0.440283 1.68466496
v -0.762100995 0.44236201 1.665079
v -0.880110979 0.437436014 1.66361797
v -1.00293195 0.432285011 1.66235399
v -0.647328019 0.444882989 1.68626404
v -0.650170028 0.434056014 1.70375395
v -0.524007976 0.43889001 1.70540297
v -0.522103012 0.449687988 1.687603
v -0.520770013 0.451377004 1.66738403
v -0.645488024 0.446691006 1.66636896
v -0.379545003 0.455069005 1.68866003
v -0.381094009 0.443585008 1.70677495
v -0.228431001 0.448772997 1.70800996
v -0.227136999 0.461071014 1.68947697
v -0.226253003 0.464074999 1.668257
v -0.378446996 0.457372993 1.66801798
v -0.948751986 -0.129697993 1.82105398
v -1.08304799 -0.133119002 1.819525
v -1.07911003 -0.232249007 1.82011497
v -0.944440007 -0.228267998 1.82162797
v -0.807868004 -0.224203005 1.82344306
v -0.812608004 -0.126029998 1.82304001
v -0.816200972 -0.0509620011 1.82427001
v -0.951942027 -0.0542099997 1.82225704
v -1.08585799 -0.0571510009 1.82074106
v -0.678427994 -0.122565001 1.82594705
v -0.673641026 -0.220798999 1.82645094
v -0.535968006 -0.217131004 1.82924497
v -0.54054898 -0.118842997 1.82890904
v -0.544203997 -0.0436509997 1.82962704
v -0.68214798 -0.0474530011 1.82677996
v -0.393308997 -0.114408001 1.83106303
v -0.38905701 -0.212268993 1.83041704
v -0.234947994 -0.206741005 1.83107698
v -0.238479003 -0.109512001 1.83262706
v -0.241493002 -0.035149999 1.83507395
v -0.396789998 -0.0395249985 1.83264995
v 0.242267996 -0.31626901 1.82803202
v 0.0846790001 -0.321058989 1.82653701
v 0.0832820013 -0.465065986 1.81274402
v 0.238851994 -0.460173994 1.81449902
v 0.374195009 -0.455881 1.81612003
v 0.378854007 -0.312308013 1.82930398
v 0.382086992 -0.187830999 1.83546197
v 0.244503006 -0.191333994 1.834692
v 0.0852859989 -0.195764005 1.83369803
v 0.246259004 0.150057003 1.847857
v 0.0839049965 0.144728005 1.848189
v 0.082911998 0.0976300016 1.85765195
v 0.245357007 0.102574997 1.85720801
v 0.385369003 0.106964998 1.85671198
v 0.385266989 0.154727995 1.847471
v 0.400379002 0.208260998 1.83607495
v 0.246907994 0.197732002 1.83742595
v 0.0846630037 0.192122996 1.83769095
v 0.243463993 0.48041001 1.68949497
v 0.0845749974 0.474406987 1.69020498
v 0.0845770016 0.461511999 1.71001303
v 0.243811995 0.467049003 1.70981097
v 0.382371008 0.471493989 1.70923495
v 0.381451994 0.485294998 1.68854594
v 0.380851001 0.489466012 1.66503203
v 0.243272007 0.48407799 1.66627002
v 0.0845730007 0.477602005 1.667449
v 0.245290995 -0.0953060016 1.835186
v 0.0847299993 -0.099522002 1.83466601
v 0.0852859989 -0.195764005 1.83369803
v 0.244503006 -0.191333994 1.834692
v 0.382086992 -0.187830999 1.83546197
v 0.383762002 -0.0919020027 1.83557999
v 0.384620011 -0.0183710009 1.83656299
v 0.245414004 -0.0219190009 1.83648098
v 0.0837929994 -0.0261109993 1.83639002
v -1.40870798 -0.367632002 1.80870104
v -1.48572803 -0.370591015 1.80719602
v -1.47268295 -0.512365997 1.79540896
v -1.39697599 -0.509432018 1.79707801
v -1.41830301 -0.240908995 1.814762
v -1.49641097 -0.243536994 1.813627
v -1.42526996 0.101911001 1.833215
v -1.505723 0.10086 1.83191895
v -1.50938702 0.0527530015 1.84169102
v -1.42901599 0.0542629994 1.84245896
v -1.42121696 0.149652004 1.82330406
v -1.50173604 0.148870006 1.82159495
v -1.35280597 0.416765004 1.675403
v -1.426772 0.412885994 1.67334998
v -1.43161702 0.404644012 1.68636894
v -1.35611296 0.407869995 1.68882501
v -1.35171497 0.417493999 1.65971398
v -1.42448103 0.413105011 1.65815699
v -1.42432404 -0.140603006 1.81532001
v -1.50360501 -0.142866001 1.81407499
v -1.49641097 -0.243536994 1.813627
v -1.41830301 -0.240908995 1.814762
v -1.42819202 -0.0641380027 1.81747794
v -1.50823104 -0.0660710037 1.81609905
v 0.793627024 0.459057003 1.72979105
v 0.786785007 0.485228986 1.70734596
v 0.701234996 0.482461989 1.70839202
v 0.707430005 0.455924988 1.73057902
v 0.71243 0.427340001 1.74913394
v 0.796334982 0.430427998 1.74855304
v 0.886160016 0.427359998 1.75204301
v 0.87806201 0.462332994 1.72882903
v 0.869722009 0.487940997 1.70617294
v -0.0741600022 0.42988199 1.72999501
v -0.0730220005 0.455083996 1.70925105
v -0.228431001 0.448772997 1.70800996
v -0.230272993 0.424291015 1.72898602
v -0.232133001 0.39250201 1.75040698
v -0.075296998 0.397469997 1.75085402
v 0.0839579999 0.402781993 1.75121295
v 0.0842569992 0.435737014 1.73071003
v 0.0845770016 0.461511999 1.71001303
v -0.0759560019 0.363184988 1.77035797
v -0.233482003 0.358280987 1.77027595
v -0.234643996 0.323208988 1.78796697
v -0.0764240026 0.328330994 1.78790498
v 0.0842330009 0.333588988 1.78783298
v 0.0840269998 0.368349999 1.77043796
v -1.17041302 0.330155998 1.75876403
v -1.18088198 0.294342011 1.77784503
v -1.053774 0.297724992 1.78039896
v -1.04355597 0.333492994 1.76153696
v -1.03270602 0.367839009 1.74065006
v -1.15953195 0.364520013 1.73767304
v -1.27652895 0.361501992 1.73475599
v -1.28696799 0.327187985 1.75614703
v -1.297212 0.291375011 1.77546406
v -1.14909804 0.394342005 1.715065
v -1.02185094 0.398117989 1.71812105
v -1.012573 0.420385003 1.69715405
v -1.14075506 0.416011006 1.69442403
v -1.25986004 0.411790997 1.69159603
v -1.266958 0.390787989 1.71196699
v -0.915431976 0.337015003 1.76405895
v -0.923825026 0.301225007 1.78276205
v -0.793833971 0.305007011 1.78487396
v -0.787859023 0.340828001 1.76633406
v -0.781464994 0.375335008 1.74549401
v -0.906444013 0.371425986 1.74321699
v -1.03270602 0.367839009 1.74065006
v -1.04355597 0.333492994 1.76153696
v -1.053774 0.297724992 1.78039896
v -0.897202015 0.402038991 1.72074604
v -0.774753988 0.406226009 1.72304797
v -0.768791974 0.429280996 1.701828
v -0.889088988 0.424766004 1.69962502
v -1.012573 0.420385003 1.69715405
v -1.02185094 0.398117989 1.71812105
v -0.662653983 0.345036 1.76837003
v -0.666595995 0.30923599 1.78667605
v -0.534197986 0.313746989 1.78786194
v -0.531741023 0.349422008 1.76980102
v -0.529183984 0.383991987 1.74921405
v -0.658483028 0.379622996 1.74760199
v -0.654105008 0.410798997 1.72513199
v -0.526486993 0.415403008 1.72684395
v -0.524007976 0.43889001 1.70540297
v -0.650170028 0.434056014 1.70375395
v -0.387046993 0.353765011 1.77026403
v -0.388725013 0.318376005 1.78812206
v -0.234643996 0.323208988 1.78796697
v -0.233482003 0.358280987 1.77027595
v -0.232133001 0.39250201 1.75040698
v -0.385248005 0.38814801 1.75000501
v -0.529183984 0.383991987 1.74921405
v -0.531741023 0.349422008 1.76980102
v -0.383129001 0.419683009 1.72803199
v -0.230272993 0.424291015 1.72898602
v -0.228431001 0.448772997 1.70800996
v -0.381094009 0.443585008 1.70677495
v -0.526486993 0.415403008 1.72684395
v 0.244964004 0.373650014 1.77044404
v 0.245620996 0.338833004 1.78764999
v 0.399383008 0.340983987 1.78895998
v 0.384272993 0.378212988 1.77043796
v 0.383868009 0.412804008 1.75133598
v 0.244330004 0.408170015 1.75134802
v 0.0839579999 0.402781993 1.75121295
v 0.0840269998 0.368349999 1.77043796
v 0.0842330009 0.333588988 1.78783298
v 0.244022995 0.441136003 1.73078299
v 0.383204997 0.44561401 1.730551
v 0.382371008 0.471493989 1.70923495
v 0.243811995 0.467049003 1.70981097
v 0.0845770016 0.461511999 1.71001303
v 0.0842569992 0.435737014 1.73071003
v -1.38418698 0.324777991 1.75409698
v -1.39482605 0.289121002 1.77362394
v -1.28696799 0.327187985 1.75614703
v -1.27652895 0.361501992 1.73475599
v -1.373299 0.358817995 1.73237205
v -1.45153201 0.356635004 1.73039901
v -1.46365905 0.32279101 1.752473
v -1.47522199 0.287247986 1.77220094
v -1.36344302 0.387535006 1.70921504
v -1.266958 0.390787989 1.71196699
v -1.35611296 0.407869995 1.68882501
v -1.43161702 0.404644012 1.68636894
v -1.44036102 0.384905994 1.70687497
v -0.0769869983 0.294211 1.80289102
v -0.0764240026 0.328330994 1.78790498
v -0.234643996 0.323208988 1.78796697
v -0.235946 0.288866997 1.80285096
v -0.237226993 0.254547 1.81558895
v -0.0775270015 0.260114014 1.81580496
v 0.0844710022 0.265771002 1.81583905
v 0.0843459964 0.299647987 1.802845
v 0.0842330009 0.333588988 1.78783298
v -0.0779260024 0.225329995 1.82713497
v -0.238330007 0.219540998 1.82684398
v -0.239554003 0.180483997 1.83736205
v -0.0785460025 0.186275005 1.83767903
v 0.0847140029 0.231199995 1.82718098
v -1.20393598 0.192006007 1.81882203
v -1.20870399 0.153153002 1.82791495
v -1.08098304 0.155843005 1.830351
v -1.07629204 0.194493994 1.82126105
v -1.07029104 0.229037002 1.81057799
v -1.19783401 0.226457 1.80818403
v -1.31371701 0.224306002 1.80568504
v -1.319561 0.189999998 1.81626105
v -1.32421803 0.150988996 1.82543898
v -1.19008601 0.260172993 1.79442203
v -1.06273603 0.263177007 1.79685199
v -1.18088198 0.294342011 1.77784503
v -1.297212 0.291375011 1.77546406
v -1.306198 0.257589012 1.79203105
v -0.942963004 0.197384 1.823053
v -0.947362006 0.158757001 1.83236694
v -0.812103987 0.162026003 1.83393598
v -0.808299005 0.200767994 1.82432604
v -0.804131985 0.235658005 1.81341803
v -0.93769902 0.232080996 1.81224
v -1.07029104 0.229037002 1.81057799
v -1.07629204 0.194493994 1.82126105
v -0.93128401 0.266470999 1.79881597
v -0.799283981 0.270177007 1.80041802
v -0.793833971 0.305007011 1.78487396
v -0.923825026 0.301225007 1.78276205
v -1.053774 0.297724992 1.78039896
v -1.06273603 0.263177007 1.79685199
v -0.676647007 0.204739004 1.82520998
v -0.679473996 0.165782005 1.83502901
v -0.542747021 0.170098007 1.83587599
v -0.540831983 0.209227994 1.82585502
v -0.538833976 0.244452 1.81502998
v -0.673664987 0.239836007 1.81436098
v -0.670291007 0.27441901 1.80176198
v -0.53659302 0.279024005 1.802652
v -0.534197986 0.313746989 1.78786194
v -0.666595995 0.30923599 1.78667605
v -0.393678993 0.214167997 1.82640803
v -0.395197004 0.175044999 1.836707
v -0.238330007 0.219540998 1.82684398
v -0.237226993 0.254547 1.81558895
v -0.392176002 0.249340996 1.81538498
v -0.390478998 0.283823013 1.80289304
v -0.235946 0.288866997 1.80285096
v -0.234643996 0.323208988 1.78796697
v -0.388725013 0.318376005 1.78812206
v 0.246770993 0.236814007 1.82688403
v 0.246907994 0.197732002 1.83742595
v 0.400379002 0.208260998 1.83607495
v 0.379040986 0.244710997 1.82560003
v 0.37835899 0.276142001 1.81512296
v 0.246312007 0.271247 1.81550097
v 0.0844710022 0.265771002 1.81583905
v 0.0847140029 0.231199995 1.82718098
v 0.0846630037 0.192122996 1.83769095
v 0.246000007 0.304975986 1.80254602
v 0.378194988 0.307107002 1.80318904
v 0.399383008 0.340983987 1.78895998
v 0.245620996 0.338833004 1.78764999
v 0.0842330009 0.333588988 1.78783298
v 0.0843459964 0.299647987 1.802845
v -1.41683304 0.188556001 1.81410599
v -1.42121696 0.149652004 1.82330406
v -1.41133296 0.222550005 1.80370498
v -1.49211895 0.221156999 1.80202901
v -1.49749899 0.187562004 1.81231499
v -1.50173604 0.148870006 1.82159495
v -1.40393603 0.255558997 1.79018605
v -1.39482605 0.289121002 1.77362394
v -1.47522199 0.287247986 1.77220094
v -1.48470104 0.253877997 1.78868794
v 0.645941973 0.104010001 1.85715497
v 0.734215021 0.107219003 1.85696805
v 0.735181987 0.117082998 1.85613596
v 0.647984982 0.114175998 1.85633194
v 0.561720014 0.113443002 1.85612905
v 0.561028004 0.100897998 1.85734606
v 0.560450971 0.0831319988 1.85441005
v 0.644527018 0.0862599984 1.85429001
v 0.732258976 0.0894669965 1.85416305
v 0.482594013 0.0982709974 1.85753596
v 0.482124001 0.110023998 1.85642099
v 0.482490987 0.0805149972 1.85452998
v 0.456405014 -0.76799202 1.77030396
v 0.456391007 -0.772684991 1.76158404
v 0.532849014 -0.769569993 1.76283395
v 0.532854974 -0.764878988 1.77155101
v 0.534600973 -0.722339988 1.77829301
v 0.45826599 -0.725413978 1.777089
v 0.609305024 -0.761766016 1.77279794
v 0.609306991 -0.766453981 1.76408398
v 0.682708979 -0.755412996 1.76675999
v 0.682739973 -0.750804007 1.77545702
v 0.684828997 -0.709402978 1.78192198
v 0.610935986 -0.719267011 1.77949703
v 0.463494003 -0.605790973 1.79615295
v 0.539506018 -0.602827013 1.79723597
v 0.545569003 -0.449883997 1.81821203
v 0.469747007 -0.452623993 1.81728101
v 0.61551702 -0.599862993 1.79832006
v 0.690698028 -0.593087971 1.80008602
v 0.698828995 -0.443498999 1.820243
v 0.621720016 -0.447144985 1.81914306
v 0.642295003 0.0468869992 1.845456
v 0.728937984 0.0497750007 1.84547698
v 0.559485018 0.0440849997 1.84537399
v 0.558272004 -0.0136409998 1.83712602
v 0.639715016 -0.0112640001 1.83744705
v 0.724937975 -0.00876399968 1.83768594
v 0.481934994 0.0416669995 1.84529197
v 0.481072992 -0.015811 1.83680499
v 0.478886008 0.158112004 1.84725702
v 0.385266989 0.154727995 1.847471
v 0.385369003 0.106964998 1.85671198
v 0.482124001 0.110023998 1.85642099
v 0.561720014 0.113443002 1.85612905
v 0.537308991 0.168631002 1.84535599
v 0.525219023 0.201368004 1.83833599
v 0.484174013 0.204209 1.83779097
v 0.400379002 0.208260998 1.83607495
v 0.47468099 -0.309415013 1.83025706
v 0.469747007 -0.452623993 1.81728101
v 0.545569003 -0.449883997 1.81821203
v 0.550788999 -0.307056993 1.83105099
v 0.554731011 -0.183268994 1.83681202
v 0.478161991 -0.185310006 1.83615601
v 0.628217995 -0.304699004 1.83184397
v 0.621720016 -0.447144985 1.81914306
v 0.698828995 -0.443498999 1.820243
v 0.707702994 -0.302278012 1.83268702
v 0.715635002 -0.178955004 1.83819997
v 0.63380003 -0.181205004 1.83746803
v 0.47568801 0.488606006 1.68793905
v 0.477945 0.474647999 1.70887303
v 0.55160898 0.477187008 1.70869994
v 0.547776997 0.491154999 1.68753898
v 0.544827998 0.495418012 1.66360199
v 0.473987013 0.492926002 1.66420805
v 0.619328976 0.493752003 1.68720996
v 0.624441981 0.479786009 1.708691
v 0.701234996 0.482461989 1.70839202
v 0.695340991 0.496360987 1.68658805
v 0.691151023 0.500391006 1.66214204
v 0.615525007 0.497900009 1.66301298
v 0.480053991 -0.0894559994 1.83604896
v 0.478161991 -0.185310006 1.83615601
v 0.554731011 -0.183268994 1.83681202
v 0.556955993 -0.0874449983 1.836555
v 0.558272004 -0.0136409998 1.83712602
v 0.481072992 -0.015811 1.83680499
v 0.637257993 -0.0853440017 1.83705997
v 0.63380003 -0.181205004 1.83746803
v 0.715635002 -0.178955004 1.83819997
v 0.72094202 -0.083062999 1.83756304
v 0.724937975 -0.00876399968 1.83768594
v 0.639715016 -0.0112640001 1.83744705
v 0.479373991 0.381166995 1.77048194
v 0.538869977 0.378307998 1.77237701
v 0.559603989 0.415461004 1.75274706
v 0.480619997 0.415854007 1.75125504
v 0.48545599 0.350183994 1.78610694
v 0.52738899 0.354954004 1.78398895
v 0.629324973 0.453370005 1.73056901
v 0.707430005 0.455924988 1.73057902
v 0.701234996 0.482461989 1.70839202
v 0.624441981 0.479786009 1.708691
v 0.55160898 0.477187008 1.70869994
v 0.554930985 0.451070994 1.73030996
v 0.635676026 0.424695998 1.74896002
v 0.71243 0.427340001 1.74913394
v 0.479865998 0.448706001 1.73034894
v 0.477945 0.474647999 1.70887303
v 0.451148987 0.302958012 1.80596995
v 0.450969994 0.280057997 1.81503701
v 0.483238012 0.282628 1.814767
v 0.483747005 0.297443986 1.80854106
v 0.496582001 0.30962199 1.803285
v 0.465882987 0.320847005 1.79864001
v 0.399383008 0.340983987 1.78895998
v 0.378194988 0.307107002 1.80318904
v 0.37835899 0.276142001 1.81512296
v 0.508189976 0.328444004 1.79620695
v 0.531535983 0.315510988 1.80139506
v 0.573166013 0.32159999 1.79910302
v 0.552030981 0.338916004 1.791646
v 0.52738899 0.354954004 1.78398895
v 0.48545599 0.350183994 1.78610694
v 0.45232299 0.257432014 1.82268202
v 0.485260993 0.268822014 1.81956601
v 0.379040986 0.244710997 1.82560003
v 0.400379002 0.208260998 1.83607495
v 0.467103004 0.241137996 1.82791102
v 0.498387992 0.259261996 1.82269096
v 0.507202983 0.237237006 1.82973099
v 0.549463987 0.227751002 1.83233297
v 0.570864022 0.254716992 1.82515502
v 0.531189978 0.257178992 1.82389796
v 0.484174013 0.204209 1.83779097
v 0.525219023 0.201368004 1.83833599
v 0.658321023 0.15016 1.84987998
v 0.666957974 0.179840997 1.84444702
v 0.61303699 0.190823004 1.84195101
v 0.598003983 0.161153004 1.84743094
v 0.561720014 0.113443002 1.85612905
v 0.647984982 0.114175998 1.85633194
v 0.735181987 0.117082998 1.85613596
v 0.733694017 0.151593998 1.84973097
v 0.732327998 0.180102006 1.84433806
v 0.806142986 0.155325994 1.84945905
v 0.862711012 0.168849006 1.84700203
v 0.84057498 0.196658999 1.84177995
v 0.793030024 0.184433997 1.844028
v 0.821640015 0.120093003 1.85591698
v 0.909687996 0.125111997 1.85519505
v 1.025231 0.271669 1.82202196
v 1.02311003 0.299719989 1.81303596
v 0.978911996 0.299768001 1.81169295
v 0.979243994 0.276322007 1.81927705
v 0.966046989 0.258459002 1.82463801
v 1.01043499 0.249979004 1.82846701
v 1.06788695 0.229359001 1.83439803
v 1.07271898 0.267129987 1.82400894
v 1.06876194 0.299703985 1.81362402
v 1.01798797 0.327491999 1.80292702
v 0.974749029 0.323623002 1.80284703
v 1.06266296 0.331279993 1.80225503
v 1.04735506 0.363804013 1.78892803
v 0.998447001 0.347831994 1.79477894
v 0.95896697 0.341217995 1.79552603
v 0.953068018 0.353588998 1.79167199
v 0.923776984 0.345878989 1.79251504
v 0.95896697 0.341217995 1.79552603
v 0.998447001 0.347831994 1.79477894
v 1.04735506 0.363804013 1.78892803
v 0.978856027 0.369895011 1.78530204
v 0.932654977 0.373154014 1.78212905
v 0.905982971 0.359771997 1.78719199
v 0.881605029 0.347328991 1.79005897
v 0.964805007 0.241289005 1.830953
v 1.01043499 0.249979004 1.82846701
v 0.966046989 0.258459002 1.82463801
v 0.929625988 0.251347989 1.82681
v 0.884181976 0.246895 1.82837796
v 0.915691018 0.229784995 1.83353996
v 0.94837302 0.210612997 1.83810306
v 0.998234987 0.218176007 1.83686197
v 1.06788695 0.229359001 1.83439803
v 0.881322026 0.381393999 1.77492297
v 0.851742029 0.403050989 1.76299596
v 0.83624202 0.389117002 1.76798999
v 0.864094019 0.369599015 1.77841794
v 0.881605029 0.347328991 1.79005897
v 0.905982971 0.359771997 1.78719199
v 0.91682303 0.393388987 1.77154899
v 0.886160016 0.427359998 1.75204301
v 0.789902985 0.409339994 1.75954294
v 0.781490028 0.396106005 1.76495695
v 0.851742029 0.403050989 1.76299596
v 0.886160016 0.427359998 1.75204301
v 0.796334982 0.430427998 1.74855304
v 0.71243 0.427340001 1.74913394
v 0.714739978 0.407297999 1.76004398
v 0.715421021 0.395231009 1.76543903
v 0.645188987 0.403957993 1.75997901
v 0.593358994 0.392333001 1.764292
v 0.606828988 0.378484994 1.77000904
v 0.653616011 0.391157001 1.76555502
v 0.715421021 0.395231009 1.76543903
v 0.714739978 0.407297999 1.76004398
v 0.635676026 0.424695998 1.74896002
v 0.559603989 0.415461004 1.75274706
v 0.571362972 0.365431994 1.77792704
v 0.585815012 0.351814002 1.78350699
v 0.606828988 0.378484994 1.77000904
v 0.593358994 0.392333001 1.764292
v 0.559603989 0.415461004 1.75274706
v 0.538869977 0.378307998 1.77237701
v 0.570725024 0.194702998 1.839908
v 0.586682022 0.220222995 1.834445
v 0.570864022 0.254716992 1.82515502
v 0.549463987 0.227751002 1.83233297
v 0.525219023 0.201368004 1.83833599
v 0.537308991 0.168631002 1.84535599
v 0.890443027 0.199653 1.84029305
v 0.866477013 0.220599994 1.83586097
v 0.93492198 0.180007994 1.84452903
v 0.915691018 0.229784995 1.83353996
v 0.884181976 0.246895 1.82837796
v 0.672168016 0.196794003 1.84182203
v 0.670852005 0.192587003 1.84216702
v 0.731540024 0.192725003 1.84206796
v 0.730853021 0.197070003 1.84170902
v 0.730148017 0.202179 1.83420098
v 0.674283981 0.201886997 1.83442903
v 0.628009975 0.210382998 1.83205903
v 0.623304009 0.206377 1.83942699
v 0.620221019 0.202953994 1.83970296
v 0.784404993 0.201214001 1.84138501
v 0.787041008 0.197157994 1.84174705
v 0.830780983 0.209065005 1.83960497
v 0.82662499 0.212612003 1.83928597
v 0.820946991 0.216169 1.83188498
v 0.781090021 0.205788001 1.83398902
v 0.660260975 0.380549014 1.76970804
v 0.716005027 0.38449499 1.76969004
v 0.715565026 0.388574988 1.76816905
v 0.657811999 0.384409994 1.768291
v 0.613810003 0.371647 1.772681
v 0.617846012 0.368339986 1.77390099
v 0.623542011 0.362004995 1.76911902
v 0.663755 0.373032987 1.76514995
v 0.71648699 0.376533002 1.76493204
v 0.775704026 0.384817004 1.76935899
v 0.777289987 0.388989002 1.76775706
v 0.772612989 0.377072006 1.764709
v 0.818902016 0.370508999 1.767313
v 0.825214028 0.377636999 1.77214003
v 0.828548014 0.381664991 1.77067602
v 0.851318002 0.234650001 1.83384705
v 0.856187999 0.231622994 1.83404505
v 0.870108008 0.261308014 1.82478702
v 0.862784982 0.264270008 1.82442999
v 0.853577018 0.264414996 1.81619298
v 0.843554974 0.236776993 1.82598305
v 0.850395024 0.359075993 1.78146005
v 0.860635996 0.331784993 1.79498804
v 0.867340982 0.335536003 1.79399002
v 0.854902029 0.362619996 1.78054798
v 0.842124999 0.352703005 1.77557802
v 0.851356983 0.326784998 1.78783906
v 0.598137021 0.343228012 1.78675604
v 0.617846012 0.368339986 1.77390099
v 0.613810003 0.371647 1.772681
v 0.593339026 0.34544301 1.7859
v 0.585286975 0.313995004 1.80200303
v 0.59158802 0.313742995 1.80198205
v 0.598973989 0.311167985 1.79432499
v 0.604972005 0.338881999 1.78059494
v 0.623542011 0.362004995 1.76911902
v 0.599219024 0.231810004 1.83222699
v 0.590728998 0.262641013 1.82269001
v 0.583939016 0.26363799 1.82232702
v 0.594895005 0.230032995 1.83233297
v 0.605840027 0.233138993 1.82447696
v 0.598438978 0.261388987 1.81452799
v 0.588652015 0.288417011 1.81328404
v 0.583639979 0.288902998 1.81270802
v 0.596472979 0.286368012 1.80505705
v 0.865329027 0.298415989 1.81039405
v 0.870380998 0.298696011 1.80963898
v 0.855675995 0.29588601 1.80242801
v 0.853577018 0.264414996 1.81619298
v 0.862784982 0.264270008 1.82442999
v 0.870108008 0.261308014 1.82478702
v 0.67741102 0.206673995 1.81299102
v 0.674283981 0.201886997 1.83442903
v 0.730148017 0.202179 1.83420098
v 0.729809999 0.206754997 1.81245506
v 0.729147017 0.214826003 1.787377
v 0.679139972 0.214938 1.78801596
v 0.647491992 0.219037995 1.79137802
v 0.634482026 0.213824004 1.81052399
v 0.628009975 0.210382998 1.83205903
v 0.777806997 0.209527999 1.81258905
v 0.781090021 0.205788001 1.83398902
v 0.820946991 0.216169 1.83188498
v 0.814481974 0.218356997 1.81037199
v 0.802619994 0.222449005 1.79159498
v 0.775444984 0.216896996 1.78790605
v 0.667993009 0.360184014 1.74790001
v 0.716646016 0.362892002 1.74681604
v 0.71648699 0.376533002 1.76493204
v 0.663755 0.373032987 1.76514995
v 0.623542011 0.362004995 1.76911902
v 0.630437016 0.351260006 1.75170195
v 0.642423987 0.340095013 1.73899198
v 0.670907974 0.34306699 1.73197103
v 0.717045009 0.344963998 1.73038006
v 0.767138004 0.364304006 1.74671698
v 0.772612989 0.377072006 1.764709
v 0.763332009 0.34721601 1.73018503
v 0.79360801 0.346652001 1.73656499
v 0.80814898 0.359133989 1.749192
v 0.818902016 0.370508999 1.767313
v 0.832916021 0.236603007 1.80278397
v 0.843554974 0.236776993 1.82598305
v 0.853577018 0.264414996 1.81619298
v 0.839393973 0.26126501 1.79158401
v 0.814837992 0.256926 1.76681399
v 0.812372983 0.234878004 1.77932
v 0.828359008 0.342101008 1.75583005
v 0.83622402 0.31742999 1.76586497
v 0.851356983 0.326784998 1.78783906
v 0.842124999 0.352703005 1.77557802
v 0.804324985 0.331845999 1.73600996
v 0.810509026 0.308084011 1.74426198
v 0.613237023 0.33120501 1.75995302
v 0.630437016 0.351260006 1.75170195
v 0.623542011 0.362004995 1.76911902
v 0.604972005 0.338881999 1.78059494
v 0.598973989 0.311167985 1.79432499
v 0.608066976 0.30598399 1.770118
v 0.62837702 0.30122301 1.74605
v 0.632026017 0.324420005 1.73886597
v 0.642423987 0.340095013 1.73899198
v 0.614898026 0.232742995 1.80138302
v 0.608868003 0.257349998 1.78971505
v 0.598438978 0.261388987 1.81452799
v 0.605840027 0.233138993 1.82447696
v 0.635577977 0.231543005 1.77815795
v 0.630914986 0.253102988 1.76496506
v 0.606601 0.281565011 1.77966595
v 0.596472979 0.286368012 1.80505705
v 0.62826103 0.27689001 1.75450599
v 0.840198994 0.289346009 1.77853
v 0.855675995 0.29588601 1.80242801
v 0.814114988 0.282220006 1.75482905
v 0.814837992 0.256926 1.76681399
v 0.839393973 0.26126501 1.79158401
v 0.853577018 0.264414996 1.81619298
v 0.670435011 0.322751999 1.73137403
v 0.718249023 0.324137002 1.73066199
v 0.717045009 0.344963998 1.73038006
v 0.670907974 0.34306699 1.73197103
v 0.642423987 0.340095013 1.73899198
v 0.632026017 0.324420005 1.73886597
v 0.669412971 0.299912006 1.73880804
v 0.72013098 0.30092001 1.73924899
v 0.765250027 0.326512992 1.72991395
v 0.763332009 0.34721601 1.73018503
v 0.769487023 0.303112 1.73822904
v 0.810509026 0.308084011 1.74426198
v 0.804324985 0.331845999 1.73600996
v 0.79360801 0.346652001 1.73656499
v 0.772641003 0.277931005 1.74745595
v 0.77451098 0.253502011 1.75809896
v 0.814837992 0.256926 1.76681399
v 0.814114988 0.282220006 1.75482905
v 0.810509026 0.308084011 1.74426198
v 0.769487023 0.303112 1.73822904
v 0.72013098 0.30092001 1.73924899
v 0.722564995 0.275819987 1.74772894
v 0.725145996 0.251450002 1.75747895
v 0.774896026 0.232355997 1.77066302
v 0.727465987 0.230422005 1.76987302
v 0.729147017 0.214826003 1.787377
v 0.775444984 0.216896996 1.78790605
v 0.802619994 0.222449005 1.79159498
v 0.812372983 0.234878004 1.77932
v 0.77451098 0.253502011 1.75809896
v 0.677064002 0.230460003 1.77001297
v 0.635577977 0.231543005 1.77815795
v 0.647491992 0.219037995 1.79137802
v 0.679139972 0.214938 1.78801596
v 0.729147017 0.214826003 1.787377
v 0.727465987 0.230422005 1.76987302
v 0.725145996 0.251450002 1.75747895
v 0.673478007 0.251226991 1.75699306
v 0.670677006 0.275224 1.74697006
v 0.669412971 0.299912006 1.73880804
v 0.62837702 0.30122301 1.74605
v 0.62826103 0.27689001 1.75450599
v 0.630914986 0.253102988 1.76496506
v 0.673478007 0.251226991 1.75699306
v 0.614566982 0.494863003 1.632985
v 0.615525007 0.497900009 1.66301298
v 0.691151023 0.500391006 1.66214204
v 0.69006598 0.49732101 1.63203001
v 0.690421999 0.49228701 1.60697699
v 0.61492002 0.489823014 1.60793495
v 0.544506013 0.487376988 1.60861897
v 0.544153988 0.492419004 1.63366497
v 0.544827998 0.495418012 1.66360199
v 0.615050018 0.487958997 1.59867001
v 0.690554023 0.490426004 1.59771097
v 0.690572977 0.490150005 1.59633803
v 0.615069985 0.487682998 1.59729803
v 0.544655979 0.485235989 1.59798396
v 0.544637024 0.485511988 1.59935606
v 0.473733008 0.489955992 1.63434398
v 0.473987013 0.492926002 1.66420805
v 0.474090993 0.484925002 1.60930395
v 0.381332994 0.481440991 1.61020195
v 0.380970001 0.486458004 1.63524199
v 0.380851001 0.489466012 1.66503203
v 0.474222988 0.483063996 1.60004199
v 0.474242985 0.48278901 1.59867001
v 0.381487995 0.479310006 1.59957004
v 0.381467998 0.479584992 1.60094202
v 0.456703007 -0.778656006 1.73671699
v 0.361474007 -0.775891006 1.76034498
v 0.361788005 -0.78186202 1.735479
v 0.362149 -0.78688699 1.71043098
v 0.457064003 -0.783681989 1.71166897
v 0.53352499 -0.780565023 1.71291995
v 0.533164024 -0.775538981 1.73796797
v 0.532849014 -0.769569993 1.76283395
v 0.457197011 -0.785539985 1.70240498
v 0.362282008 -0.788745999 1.70116603
v 0.362302005 -0.789021015 1.69979405
v 0.457217008 -0.785816014 1.70103204
v 0.533677995 -0.782698989 1.70228302
v 0.533658028 -0.782423973 1.70365596
v 0.609624982 -0.772423029 1.73921895
v 0.532849014 -0.769569993 1.76283395
v 0.533164024 -0.775538981 1.73796797
v 0.53352499 -0.780565023 1.71291995
v 0.609986007 -0.777449012 1.71417105
v 0.683377028 -0.766381025 1.71685302
v 0.683016002 -0.761355996 1.74190104
v 0.682708979 -0.755412996 1.76675999
v 0.610118985 -0.779307008 1.70490694
v 0.533658028 -0.782423973 1.70365596
v 0.533677995 -0.782698989 1.70228302
v 0.610139012 -0.779582977 1.70353401
v 0.683529973 -0.768516004 1.70621598
v 0.683510005 -0.768239975 1.70758796
v 1.09217799 0.0553929992 1.81189299
v 1.09022605 0.0603029989 1.83660102
v 1.08352101 -0.003853 1.80509996
v 1.08388197 -0.00887900032 1.78005195
v 1.09253895 0.0503679998 1.78684402
v 1.09704494 0.0905409977 1.79451501
v 1.09668398 0.0955670029 1.81956303
v 1.09470701 0.100464001 1.84428
v 1.09267294 0.0485090017 1.77758002
v 1.08401597 -0.0107380003 1.77078795
v 1.08403504 -0.0110130003 1.76941502
v 1.09269297 0.0482340008 1.77620697
v 1.09719801 0.0884070024 1.78387797
v 1.09717906 0.0886830017 1.78524995
v 1.01022696 -0.298599005 1.80139399
v 1.00867999 -0.293686986 1.82610202
v 0.966746986 -0.425889999 1.79177797
v 0.967108011 -0.430914998 1.76672995
v 1.01058805 -0.303624988 1.77634597
v 1.046754 -0.180111006 1.78111601
v 1.04639304 -0.175084993 1.80616498
v 1.04464698 -0.170168996 1.83087802
v 1.01072097 -0.305483013 1.76708198
v 0.967242002 -0.432774007 1.757465
v 0.967261016 -0.433050007 1.75609303
v 1.010741 -0.305759013 1.76570904
v 1.04690695 -0.182245001 1.77047896
v 1.04688704 -0.18197 1.77185202
v 1.10094702 0.172187999 1.81194496
v 1.09895003 0.177088007 1.83666098
v 1.09692001 0.136105001 1.84412003
v 1.09891105 0.131206006 1.81940198
v 1.09927201 0.126181006 1.79435301
v 1.10130799 0.167163 1.78689694
v 1.10240197 0.215203002 1.77689505
v 1.10204101 0.220229 1.80194402
v 1.10144103 0.165304005 1.777632
v 1.09940505 0.124321997 1.78508902
v 1.09942496 0.124045998 1.78371596
v 1.10146105 0.165028006 1.77626002
v 1.10255599 0.213069007 1.766258
v 1.10253596 0.213343993 1.76763105
v 0.998031974 0.501029015 1.64542997
v 0.996544003 0.505716026 1.67061305
v 1.010764 0.486921012 1.67112505
v 1.01116002 0.481790006 1.64607704
v 0.998392999 0.496003002 1.620381
v 0.989978015 0.501782 1.60139894
v 0.98961699 0.506807983 1.62644696
v 0.990370989 0.508569002 1.65044498
v 0.998525977 0.494143993 1.61111701
v 1.011307 0.479891986 1.63681197
v 1.01132798 0.479611009 1.63543999
v 0.998546004 0.493869007 1.60974503
v 0.990131021 0.499648005 1.59076202
v 0.990110993 0.499922991 1.59213495
v 1.06954205 -0.0787580013 1.80529499
v 1.06768703 -0.0738369972 1.83000302
v 1.04464698 -0.170168996 1.83087802
v 1.04639304 -0.175084993 1.80616498
v 1.046754 -0.180111006 1.78111601
v 1.06990302 -0.0837839991 1.78024697
v 1.08388197 -0.00887900032 1.78005195
v 1.08352101 -0.003853 1.80509996
v 1.07003605 -0.0856430009 1.77098298
v 1.04688704 -0.18197 1.77185202
v 1.04690695 -0.182245001 1.77047896
v 1.07005596 -0.0859180018 1.76961005
v 1.08403504 -0.0110130003 1.76941502
v 1.08401597 -0.0107380003 1.77078795
v 1.09991896 0.259357989 1.79170704
v 1.097929 0.264261991 1.81641603
v 1.10004199 0.225130007 1.82665598
v 1.10204101 0.220229 1.80194402
v 1.10240197 0.215203002 1.77689505
v 1.10028005 0.254332006 1.76665902
v 1.09557796 0.288392991 1.75583196
v 1.09521699 0.293419003 1.78087997
v 1.10041404 0.252472997 1.75739503
v 1.10253596 0.213343993 1.76763105
v 1.10255599 0.213069007 1.766258
v 1.10043395 0.252198011 1.75602198
v 1.09573102 0.286258996 1.74519503
v 1.09571099 0.286534995 1.74656796
v 1.08857095 0.326256007 1.76910603
v 1.08663297 0.331164002 1.79380906
v 1.09324598 0.298326999 1.80558503
v 1.09521699 0.293419003 1.78087997
v 1.09557796 0.288392991 1.75583196
v 1.08893204 0.321229994 1.74405801
v 1.07953799 0.354231 1.73002803
v 1.07914197 0.359362006 1.75507605
v 1.08906496 0.319371015 1.73479295
v 1.09571099 0.286534995 1.74656796
v 1.09573102 0.286258996 1.74519503
v 1.08908498 0.319095999 1.73342097
v 1.07970595 0.352052003 1.71939099
v 1.07968402 0.352333009 1.72076297
v -1.61317599 -0.382892996 1.77024806
v -1.61269701 -0.377898008 1.79498196
v -1.62316298 -0.254963994 1.77680302
v -1.62280202 -0.259990007 1.751755
v -1.61281395 -0.387919009 1.74520004
v -1.60062397 -0.530025005 1.73393095
v -1.60098505 -0.524999022 1.75897896
v -1.60049605 -0.520000994 1.78370905
v -1.61268103 -0.389777988 1.73593497
v -1.62266803 -0.261848986 1.74249101
v -1.622648 -0.262124002 1.74111795
v -1.612661 -0.390053004 1.73456299
v -1.60047102 -0.532158971 1.72329402
v -1.60048997 -0.531883001 1.72466695
v -1.63052702 -0.153688997 1.77789605
v -1.630059 -0.148704007 1.80262399
v -1.63486898 -0.0715000033 1.80548704
v -1.635337 -0.076481998 1.78076601
v -1.63497603 -0.0815080032 1.75571799
v -1.63016605 -0.158714995 1.75284803
v -1.62280202 -0.259990007 1.751755
v -1.62316298 -0.254963994 1.77680302
v -1.63003194 -0.160574004 1.74358296
v -1.63484204 -0.0833669975 1.746454
v -1.63482201 -0.0836419985 1.74508095
v -1.63001299 -0.160849005 1.74221098
v -1.622648 -0.262124002 1.74111795
v -1.62266803 -0.261848986 1.74249101
v -1.55522001 0.375041008 1.67028105
v -1.55483997 0.380043 1.69500899
v -1.54114199 0.393776 1.64977396
v -1.54078102 0.388749987 1.62472606
v -1.55485904 0.370014995 1.64523304
v -1.57121205 0.342097014 1.66901803
v -1.57157302 0.347122997 1.69406605
v -1.57115698 0.352104008 1.71879303
v -1.554726 0.368155986 1.63596797
v -1.54064798 0.386891007 1.61546099
v -1.54062796 0.386615992 1.61408901
v -1.55470598 0.367881 1.63459599
v -1.57105899 0.339962989 1.65838099
v -1.57107794 0.340238988 1.65975296
v -1.62801504 0.179748997 1.77643895
v -1.62752199 0.184713006 1.80116296
v -1.62145305 0.212484002 1.76576602
v -1.62109196 0.207459003 1.74071801
v -1.62765396 0.174722999 1.75138998
v -1.632671 0.136340007 1.76135695
v -1.63303196 0.141366005 1.78640497
v -1.63253105 0.146328002 1.81112397
v -1.62752104 0.172864005 1.74212599
v -1.62095797 0.205599993 1.73145294
v -1.62093902 0.205323994 1.73008096
v -1.62750101 0.172589004 1.74075401
v -1.63251698 0.134205997 1.75072002
v -1.63253701 0.134480998 1.752092
v -1.61351001 0.244108006 1.752985
v -1.61303103 0.249085993 1.77770901
v -1.60285699 0.276805013 1.73703504
v -1.60249603 0.271779001 1.71198702
v -1.61314905 0.239081994 1.72793698
v -1.62109196 0.207459003 1.74071801
v -1.62145305 0.212484002 1.76576602
v -1.62097001 0.217454001 1.79049397
v -1.61301601 0.237222999 1.71867204
v -1.60236299 0.269919991 1.70272195
v -1.60234296 0.269645005 1.70134997
v -1.61299598 0.236947998 1.71730006
v -1.62093902 0.205323994 1.73008096
v -1.62095797 0.205599993 1.73145294
v -1.58816504 0.312761009 1.716856
v -1.58771801 0.317739993 1.74157906
v -1.57157302 0.347122997 1.69406605
v -1.57121205 0.342097014 1.66901803
v -1.58780396 0.307734996 1.69180799
v -1.60249603 0.271779001 1.71198702
v -1.60285699 0.276805013 1.73703504
v -1.60238695 0.281787992 1.76175404
v -1.58767104 0.305875987 1.68254399
v -1.57107794 0.340238988 1.65975296
v -1.57105899 0.339962989 1.65838099
v -1.58765101 0.305601001 1.68117094
v -1.60234296 0.269645005 1.70134997
v -1.60236299 0.269919991 1.70272195
v -1.63633704 0.0928009972 1.797068
v -1.63584197 0.0977670029 1.82178497
v -1.63253105 0.146328002 1.81112397
v -1.63303196 0.141366005 1.78640497
v -1.632671 0.136340007 1.76135695
v -1.63597596 0.0877749994 1.77201998
v -1.63780701 0.0456679985 1.78040004
v -1.63816798 0.050694 1.80544806
v -1.63584197 0.0859159976 1.76275504
v -1.63253701 0.134480998 1.752092
v -1.63251698 0.134205997 1.75072002
v -1.63582206 0.0856409967 1.76138306
v -1.63765395 0.0435339995 1.76976299
v -1.63767302 0.0438090004 1.77113497
v -1.63765895 -0.0207579993 1.79265702
v -1.63719702 -0.0157769993 1.81737196
v -1.63801396 0.0198240001 1.829548
v -1.63847494 0.0148449996 1.80483496
v -1.63811398 0.00981900003 1.77978599
v -1.63729799 -0.0257830005 1.767609
v -1.63497603 -0.0815080032 1.75571799
v -1.635337 -0.076481998 1.78076601
v -1.63716495 -0.0276420005 1.75834405
v -1.63797998 0.00796000008 1.770522
v -1.63795996 0.00768500008 1.76914895
v -1.63714504 -0.0279179998 1.75697196
v -1.63482201 -0.0836419985 1.74508095
v -1.63484204 -0.0833669975 1.746454
v 1.02949595 0.461326987 1.69505596
v 1.027632 0.466659009 1.71976495
v 1.04951 0.428884 1.717188
v 1.05008197 0.423224986 1.69213998
v 1.02999794 0.45587799 1.67000794
v 1.01116002 0.481790006 1.64607704
v 1.010764 0.486921012 1.67112505
v 1.00917399 0.491881996 1.69595397
v 1.03018296 0.453862995 1.66074395
v 1.05029404 0.421131015 1.68287504
v 1.05032504 0.420821011 1.68150306
v 1.03021097 0.453565001 1.65937102
v 1.01132798 0.479611009 1.63543999
v 1.011307 0.479891986 1.63681197
v 0.229966 -0.785245001 1.73426402
v 0.229641005 -0.779278994 1.75912905
v 0.0794750005 -0.782688975 1.75814795
v 0.0798180029 -0.788649023 1.73328698
v 0.0801789984 -0.793675005 1.70823896
v 0.230326995 -0.790270984 1.709216
v 0.362149 -0.78688699 1.71043098
v 0.361788005 -0.78186202 1.735479
v 0.230460003 -0.792129993 1.69995201
v 0.0803129971 -0.795534015 1.69897401
v 0.0803330019 -0.795809984 1.69760203
v 0.23048 -0.792405009 1.69857895
v 0.362302005 -0.789021015 1.69979405
v 0.362282008 -0.788745999 1.70116603
v -0.0714600012 0.467523009 1.63879299
v -0.071924001 0.470876008 1.66808903
v 0.0845730007 0.477602005 1.667449
v 0.0848919973 0.474274009 1.63790405
v 0.0852570012 0.469262987 1.61285603
v -0.0710970014 0.46250701 1.61374497
v -0.225280002 0.455648988 1.61417603
v -0.225640997 0.460671991 1.63922405
v -0.0709630027 0.46065101 1.60448003
v 0.0853919983 0.467409998 1.60359204
v 0.0854120031 0.467135012 1.60222006
v -0.0709429979 0.460375994 1.60310805
v -0.225125998 0.453514993 1.60353899
v -0.225145996 0.453790992 1.60491097
v -0.377763987 0.453734994 1.63917696
v -0.378446996 0.457372993 1.66801798
v -0.226253003 0.464074999 1.668257
v -0.225640997 0.460671991 1.63922405
v -0.225280002 0.455648988 1.61417603
v -0.377402991 0.448709995 1.61412895
v -0.519649029 0.442508012 1.61363602
v -0.520009995 0.447533995 1.63868403
v -0.520770013 0.451377004 1.66738403
v -0.377270013 0.446850985 1.604864
v -0.225145996 0.453790992 1.60491097
v -0.377249986 0.446574986 1.60349202
v -0.51949501 0.440373987 1.60299802
v -0.519514978 0.440649003 1.60437095
v 0.243529007 0.480908006 1.63657403
v 0.243272007 0.48407799 1.66627002
v 0.243893996 0.475897014 1.61153102
v 0.0852570012 0.469262987 1.61285603
v 0.0848919973 0.474274009 1.63790405
v 0.244029999 0.474043995 1.60226905
v 0.244049996 0.473769993 1.600896
v 0.0854120031 0.467135012 1.60222006
v 0.0853919983 0.467409998 1.60359204
v -0.644558012 0.442887992 1.63777697
v -0.645488024 0.446691006 1.66636896
v -0.644196987 0.437862009 1.61272895
v -0.760574996 0.433622986 1.61154199
v -0.760936022 0.438648999 1.63659
v -0.762100995 0.44236201 1.665079
v -0.644064009 0.436003 1.60346401
v -0.644043982 0.435728014 1.60209203
v -0.760421991 0.431488991 1.60090494
v -0.760441005 0.43176499 1.60227704
v -0.878669024 0.433670014 1.63525498
v -0.880110979 0.437436014 1.66361797
v -0.878307998 0.428644001 1.61020696
v -1.00108099 0.423384011 1.609146
v -1.00144196 0.428409994 1.63419402
v -1.00293195 0.432285011 1.66235399
v -0.87817502 0.426784992 1.60094202
v -0.878154993 0.426510006 1.59957004
v -1.00092697 0.421249986 1.59850895
v -1.000947 0.421525002 1.59988105
v -1.13293695 0.423330992 1.63382804
v -1.13397706 0.427282006 1.66164899
v -1.00293195 0.432285011 1.66235399
v -1.00144196 0.428409994 1.63419402
v -1.00108099 0.423384011 1.609146
v -1.13257599 0.41830501 1.60878003
v -1.25502896 0.413311005 1.60844398
v -1.25539005 0.418336004 1.63349295
v -1.25599098 0.422369987 1.660954
v -1.132442 0.416446 1.59951496
v -1.000947 0.421525002 1.59988105
v -1.00092697 0.421249986 1.59850895
v -1.13242304 0.416171014 1.59814298
v -1.25487602 0.411175996 1.59780705
v -1.25489497 0.411451995 1.59917998
v 0.775745988 0.499821991 1.63052106
v 0.858998001 0.505223989 1.65912104
v 0.857931018 0.502101004 1.62889802
v 0.85829097 0.497074991 1.60384905
v 0.776103973 0.494792998 1.60546994
v 0.690421999 0.49228701 1.60697699
v 0.69006598 0.49732101 1.63203001
v 0.691151023 0.500391006 1.66214204
v 0.776237011 0.492933005 1.59620404
v 0.858424008 0.495216012 1.59458399
v 0.858443975 0.494940013 1.59321105
v 0.776256979 0.492657006 1.59483194
v 0.690572977 0.490150005 1.59633803
v 0.690554023 0.490426004 1.59771097
v -1.351035 0.413331002 1.63252401
v -1.35171497 0.417493999 1.65971398
v -1.35067403 0.408304989 1.607476
v -1.42303896 0.403746009 1.60608399
v -1.423401 0.408771992 1.63113296
v -1.42448103 0.413105011 1.65815699
v -1.350541 0.406446993 1.59821105
v -1.35052097 0.406170994 1.59683895
v -1.42288601 0.401612014 1.59544802
v -1.42290604 0.401888013 1.59682
v -1.53137505 0.400590003 1.63681901
v -1.53106701 0.405613989 1.66154504
v -1.52627897 0.404843986 1.65005898
v -1.525038 0.401288986 1.62995601
v -1.52467704 0.396263003 1.60490799
v -1.53101301 0.39556399 1.61177003
v -1.54078102 0.388749987 1.62472606
v -1.54114199 0.393776 1.64977396
v -1.53087997 0.39370501 1.60250604
v -1.524544 0.394403994 1.595644
v -1.52452397 0.394129008 1.59427094
v -1.53085995 0.393429995 1.60113299
v -1.54062796 0.386615992 1.61408901
v -1.54064798 0.386891007 1.61546099
v 1.06608999 0.394234002 1.73748195
v 1.06403005 0.399563998 1.76218498
v 1.07914197 0.359362006 1.75507605
v 1.07953799 0.354231 1.73002803
v 1.06659198 0.388785988 1.71243405
v 1.05008197 0.423224986 1.69213998
v 1.04951 0.428884 1.717188
v 1.047418 0.43442601 1.74189401
v 1.06677699 0.38677001 1.70316899
v 1.07968402 0.352333009 1.72076297
v 1.07970595 0.352052003 1.71939099
v 1.06680501 0.386471987 1.70179701
v 1.05032504 0.420821011 1.68150306
v 1.05029404 0.421131015 1.68287504
v -0.914994001 -0.809046984 1.72961199
v -0.915404975 -0.803121984 1.75445402
v -1.04981601 -0.811639011 1.72801995
v -1.04945505 -0.816664994 1.70297205
v -0.914632976 -0.814073026 1.70456398
v -0.777844012 -0.811281979 1.70586598
v -0.778204978 -0.80625701 1.730914
v -0.778613985 -0.800328016 1.75575495
v -0.914499998 -0.815931022 1.69529998
v -1.04932201 -0.818524003 1.69370699
v -1.04930198 -0.818799019 1.69233501
v -0.914479971 -0.816206992 1.69392705
v -0.777691007 -0.813417017 1.69522905
v -0.777710021 -0.813140988 1.69660199
v -0.0700739995 -0.791916013 1.73275995
v -0.0704369992 -0.785960972 1.75761795
v -0.220226005 -0.789095998 1.75727701
v -0.219846994 -0.795042992 1.73242295
v -0.219485998 -0.800068974 1.70737505
v -0.0697129965 -0.796940982 1.70771205
v 0.0801789984 -0.793675005 1.70823896
v 0.0798180029 -0.788649023 1.73328698
v -0.0695789978 -0.798799992 1.69844794
v -0.219352007 -0.801927984 1.69811106
v -0.219331995 -0.802203 1.696738
v -0.0695599988 -0.799076021 1.69707501
v 0.0803330019 -0.795809984 1.69760203
v 0.0803129971 -0.795534015 1.69897401
v -0.647338986 -0.803577006 1.73143804
v -0.64773798 -0.797645986 1.75628102
v -0.778204978 -0.80625701 1.730914
v -0.777844012 -0.811281979 1.70586598
v -0.646978021 -0.808602989 1.70638895
v -0.513599992 -0.805903971 1.70660102
v -0.513961017 -0.800879002 1.73164904
v -0.514349997 -0.794945002 1.75649703
v -0.646844983 -0.810460985 1.69712496
v -0.777710021 -0.813140988 1.69660199
v -0.777691007 -0.813417017 1.69522905
v -0.646825016 -0.810737014 1.69575298
v -0.513446987 -0.80803901 1.69596398
v -0.513467014 -0.80776298 1.69733703
v -1.17478001 -0.813723981 1.72662401
v -1.17519295 -0.807810009 1.75146604
v -1.28376198 -0.815346003 1.72577298
v -1.28340101 -0.820371985 1.70072496
v -1.17441905 -0.818750024 1.70157599
v -1.04945505 -0.816664994 1.70297205
v -1.04981601 -0.811639011 1.72801995
v -1.05022597 -0.805719018 1.75286198
v -1.17428505 -0.820608974 1.692312
v -1.28326702 -0.822230995 1.69146097
v -1.28324699 -0.822506011 1.69008803
v -1.17426598 -0.820883989 1.69093895
v -1.04930198 -0.818799019 1.69233501
v -1.04932201 -0.818524003 1.69370699
v -0.369635999 -0.798032999 1.73201501
v -0.370021999 -0.792092979 1.75686598
v -0.513961017 -0.800879002 1.73164904
v -0.513599992 -0.805903971 1.70660102
v -0.369275004 -0.803058028 1.706967
v -0.219485998 -0.800068974 1.70737505
v -0.219846994 -0.795042992 1.73242295
v -0.220226005 -0.789095998 1.75727701
v -0.369141996 -0.804916978 1.697703
v -0.513467014 -0.80776298 1.69733703
v -0.513446987 -0.80803901 1.69596398
v -0.369121999 -0.805193007 1.69632995
v -0.219331995 -0.802203 1.696738
v -0.219352007 -0.801927984 1.69811106
v -1.37063801 -0.816546977 1.72581506
v -1.37107599 -0.810644984 1.75064898
v -1.44226098 -0.817682981 1.72610497
v -1.44190001 -0.822709024 1.70105696
v -1.37027597 -0.821572006 1.70076704
v -1.28340101 -0.820371985 1.70072496
v -1.28376198 -0.815346003 1.72577298
v -1.28418398 -0.809436977 1.75061297
v -1.37014306 -0.823431015 1.69150305
v -1.44176698 -0.824567974 1.69179201
v -1.44174695 -0.824842989 1.69042003
v -1.37012303 -0.823706985 1.69013
v -1.28324699 -0.822506011 1.69008803
v -1.28326702 -0.822230995 1.69146097
v 0.750266016 -0.734386981 1.74744403
v 0.749997973 -0.728520989 1.77228796
v 0.683016002 -0.761355996 1.74190104
v 0.683377028 -0.766381025 1.71685302
v 0.750626981 -0.739413023 1.72239602
v 0.805616975 -0.70589298 1.72846198
v 0.805256009 -0.700866997 1.75351
v 0.805045009 -0.695098996 1.778337
v 0.750760972 -0.741271973 1.71313095
v 0.683510005 -0.768239975 1.70758796
v 0.683529973 -0.768516004 1.70621598
v 0.750781 -0.741546988 1.71175897
v 0.80576998 -0.708027005 1.71782398
v 0.805751026 -0.707751989 1.71919703
v -1.47601402 0.405117005 1.629529
v -1.47761703 0.409655005 1.65651
v -1.42448103 0.413105011 1.65815699
v -1.423401 0.408771992 1.63113296
v -1.42303896 0.403746009 1.60608399
v -1.47565305 0.400090992 1.60448098
v -1.50833201 0.397628993 1.603176
v -1.50869405 0.402655005 1.62822402
v -1.51074302 0.407357991 1.65521801
v -1.47552001 0.398232013 1.59521604
v -1.42290604 0.401888013 1.59682
v -1.42288601 0.401612014 1.59544802
v -1.47549999 0.397956997 1.59384406
v -1.50817895 0.395494998 1.59253895
v -1.50819898 0.395770997 1.59391201
v -1.52125597 0.401677996 1.62772906
v -1.52347898 0.406430006 1.65472806
v -1.520895 0.396652013 1.60268104
v -1.52467704 0.396263003 1.60490799
v -1.525038 0.401288986 1.62995601
v -1.52627897 0.404843986 1.65005898
v -1.52076197 0.394793987 1.59341598
v -1.52074206 0.394517988 1.592044
v -1.52452397 0.394129008 1.59427094
v -1.524544 0.394403994 1.595644
v -1.56794703 -0.820779026 1.72567105
v -1.568398 -0.814894974 1.75048602
v -1.57061899 -0.819921017 1.72576797
v -1.57025802 -0.824945986 1.700719
v -1.56758595 -0.825805008 1.70062196
v -1.55025303 -0.825342 1.70071304
v -1.550614 -0.82031697 1.72576106
v -1.55106604 -0.814431012 1.75057805
v -1.56745195 -0.827664018 1.69135797
v -1.57012403 -0.826804996 1.69145501
v -1.570104 -0.827081025 1.69008195
v -1.56743205 -0.827938974 1.68998599
v -1.55009902 -0.827476978 1.69007599
v -1.55011904 -0.827201009 1.69144797
v -1.50548601 -0.819112003 1.72599602
v -1.50593996 -0.813223004 1.75081694
v -1.550614 -0.82031697 1.72576106
v -1.55025303 -0.825342 1.70071304
v -1.50512505 -0.824137986 1.700948
v -1.44190001 -0.822709024 1.70105696
v -1.44226098 -0.817682981 1.72610497
v -1.44271302 -0.811788023 1.75093102
v -1.50499105 -0.825996995 1.69168401
v -1.55011904 -0.827201009 1.69144797
v -1.55009902 -0.827476978 1.69007599
v -1.50497198 -0.826272011 1.69031096
v -1.44174695 -0.824842989 1.69042003
v -1.44176698 -0.824567974 1.69179201
v 0.921657026 -0.533547997 1.77810705
v 0.920562983 -0.528885007 1.80277705
v 0.886941016 -0.607556999 1.76623297
v 0.887301981 -0.612582982 1.741184
v 0.922017992 -0.53857398 1.75305903
v 0.967108011 -0.430914998 1.76672995
v 0.966746986 -0.425889999 1.79177797
v 0.965435028 -0.421041012 1.81647003
v 0.922151029 -0.54043299 1.74379396
v 0.887435973 -0.614440978 1.73192
v 0.887454987 -0.614717007 1.73054802
v 0.922170997 -0.540708005 1.74242198
v 0.967261016 -0.433050007 1.75609303
v 0.967242002 -0.432774007 1.757465
v 0.874584973 -0.633898973 1.76200604
v 0.873706996 -0.629487991 1.78664899
v 0.873185992 -0.636331975 1.76164198
v 0.873547018 -0.641358018 1.73659301
v 0.874945998 -0.638925016 1.73695803
v 0.887301981 -0.612582982 1.741184
v 0.886941016 -0.607556999 1.76623297
v 0.886007011 -0.603079021 1.79088295
v 0.875078976 -0.640784025 1.72769403
v 0.873681009 -0.643217027 1.72732902
v 0.873700023 -0.643491983 1.72595596
v 0.875099003 -0.641058981 1.72632098
v 0.887454987 -0.614717007 1.73054802
v 0.887435973 -0.614440978 1.73192
v -1.58701098 -0.668802023 1.74374795
v -1.60049605 -0.520000994 1.78370905
v -1.60098505 -0.524999022 1.75897896
v -1.60062397 -0.530025005 1.73393095
v -1.58665001 -0.673826993 1.71870005
v -1.575405 -0.783243001 1.70568001
v -1.57576597 -0.778217018 1.73072803
v -1.57526505 -0.77323401 1.75544095
v -1.58651602 -0.675686002 1.70943499
v -1.60048997 -0.531883001 1.72466695
v -1.60047102 -0.532158971 1.72329402
v -1.586496 -0.675961018 1.70806301
v -1.57525098 -0.785377026 1.69504297
v -1.57527101 -0.78510201 1.69641602
v -1.57176304 -0.817161977 1.72609401
v -1.57526505 -0.77323401 1.75544095
v -1.57576597 -0.778217018 1.73072803
v -1.575405 -0.783243001 1.70568001
v -1.57140195 -0.82218802 1.70104599
v -1.57025802 -0.824945986 1.700719
v -1.57061899 -0.819921017 1.72576797
v -1.57028902 -0.815509975 1.74415696
v -1.57126904 -0.824046016 1.691782
v -1.57527101 -0.78510201 1.69641602
v -1.57525098 -0.785377026 1.69504297
v -1.57124901 -0.824321985 1.69040895
v -1.570104 -0.827081025 1.69008195
v -1.57012403 -0.826804996 1.69145501
v 0.84186399 -0.670144975 1.75775898
v 0.805045009 -0.695098996 1.778337
v 0.805256009 -0.700866997 1.75351
v 0.805616975 -0.70589298 1.72846198
v 0.842225015 -0.675171018 1.73271096
v 0.863303006 -0.652626991 1.73528004
v 0.86294198 -0.647601008 1.76032805
v 0.862852991 -0.641984999 1.78513706
v 0.842357993 -0.677030027 1.72344697
v 0.805751026 -0.707751989 1.71919703
v 0.80576998 -0.708027005 1.71782398
v 0.84237802 -0.677304983 1.72207403
v 0.863457024 -0.654761016 1.72464299
v 0.863436997 -0.654486001 1.72601604
v 0.87134397 -0.638615012 1.76135194
v 0.862852991 -0.641984999 1.78513706
v 0.86294198 -0.647601008 1.76032805
v 0.863303006 -0.652626991 1.73528004
v 0.871704996 -0.643640995 1.73630404
v 0.873547018 -0.641358018 1.73659301
v 0.873185992 -0.636331975 1.76164198
v 0.872748017 -0.632598996 1.779971
v 0.871838987 -0.645500004 1.72704005
v 0.863436997 -0.654486001 1.72601604
v 0.863457024 -0.654761016 1.72464299
v 0.871858001 -0.64577502 1.725667
v 0.873700023 -0.643491983 1.72595596
v 0.873681009 -0.643217027 1.72732902
v 0.983837008 0.50741601 1.62265396
v 0.985897005 0.510506988 1.65353096
v 0.990370989 0.508569002 1.65044498
v 0.98961699 0.506807983 1.62644696
v 0.989978015 0.501782 1.60139894
v 0.984197974 0.502390981 1.59760594
v 0.966744006 0.500522017 1.60074198
v 0.96638298 0.505546987 1.62579
v 0.968285978 0.508778989 1.65628898
v 0.984331012 0.500531971 1.588341
v 0.990110993 0.499922991 1.59213495
v 0.990131021 0.499648005 1.59076202
v 0.984350979 0.500256002 1.58696902
v 0.966897011 0.498387009 1.59010506
v 0.966876984 0.498663008 1.59147704
v 0.922945023 0.503893018 1.62759602
v 0.924409986 0.507098973 1.65790296
v 0.923305988 0.498867005 1.602548
v 0.85829097 0.497074991 1.60384905
v 0.857931018 0.502101004 1.62889802
v 0.858998001 0.505223989 1.65912104
v 0.92343998 0.497007996 1.59328306
v 0.923458993 0.49673301 1.59191096
v 0.858443975 0.494940013 1.59321105
v 0.858424008 0.495216012 1.59458399
v 1.09820902 0.113251999 1.82200396
v 1.09622204 0.118147999 1.84672296
v 1.09470701 0.100464001 1.84428
v 1.09668398 0.0955670029 1.81956303
v 1.09704494 0.0905409977 1.79451501
v 1.09856999 0.108226001 1.79695499
v 1.09927201 0.126181006 1.79435301
v 1.09891105 0.131206006 1.81940198
v 1.09692001 0.136105001 1.84412003
v 1.09870398 0.106366999 1.787691
v 1.09717906 0.0886830017 1.78524995
v 1.09719801 0.0884070024 1.78387797
v 1.09872305 0.106091999 1.78631794
v 1.09942496 0.124045998 1.78371596
v 1.09940505 0.124321997 1.78508902
v -1.638762 0.0316849984 1.808568
v -1.63829303 0.0366609991 1.83328199
v -1.63768494 0.0556659997 1.83016503
v -1.63816798 0.050694 1.80544806
v -1.63780701 0.0456679985 1.78040004
v -1.63840199 0.0266600009 1.78351998
v -1.63811398 0.00981900003 1.77978599
v -1.63847494 0.0148449996 1.80483496
v -1.63801396 0.0198240001 1.829548
v -1.63826799 0.0248009991 1.77425504
v -1.63767302 0.0438090004 1.77113497
v -1.63765395 0.0435339995 1.76976299
v -1.63824797 0.0245249998 1.77288198
v -1.63795996 0.00768500008 1.76914895
v -1.63797998 0.00796000008 1.770522
v 0.591185987 0.346727997 1.78549099
v 0.584689021 0.321594 1.79858696
v 0.585286975 0.313995004 1.80200303
v 0.593339026 0.34544301 1.7859
v 0.613810003 0.371647 1.772681
v 0.611890972 0.373308986 1.77209496
v 0.656710029 0.386292994 1.76761603
v 0.611890972 0.373308986 1.77209496
v 0.613810003 0.371647 1.772681
v 0.657811999 0.384409994 1.768291
v 0.715565026 0.388574988 1.76816905
v 0.715533972 0.390572011 1.76744998
v 0.778252006 0.391036987 1.76699305
v 0.830367029 0.383740008 1.76992202
v 0.781490028 0.396106005 1.76495695
v 0.777289987 0.388989002 1.76775706
v 0.828548014 0.381664991 1.77067602
v 0.857378006 0.364733994 1.77991295
v 0.854902029 0.362619996 1.78054798
v 0.867340982 0.335536003 1.79399002
v 0.868203998 0.345858991 1.78936303
v 0.858150005 0.229098007 1.83424699
v 0.832682014 0.206906006 1.83987606
v 0.870149016 0.249640003 1.82792306
v 0.870108008 0.261308014 1.82478702
v 0.856187999 0.231622994 1.83404505
v 0.830780983 0.209065005 1.83960497
v 0.788289011 0.194971994 1.84204197
v 0.787041008 0.197157994 1.84174705
v 0.731540024 0.192725003 1.84206796
v 0.731821001 0.190440997 1.84236395
v 0.670125008 0.190459996 1.84245896
v 0.618620992 0.201262996 1.83995998
v 0.670852005 0.192587003 1.84216702
v 0.620221019 0.202953994 1.83970296
v 0.592727005 0.229084998 1.83249605
v 0.594895005 0.230032995 1.83233297
v 0.583939016 0.26363799 1.82232702
v 0.582922995 0.256401986 1.824705
v 0.494870991 0.295484006 1.80855501
v 0.483747005 0.297443986 1.80854106
v 0.483238012 0.282628 1.814767
v 0.49425301 0.283486009 1.81383395
v 0.495095015 0.283490002 1.81109297
v 0.495710999 0.295087993 1.80581498
v 0.507779002 0.304953009 1.80124998
v 0.507041991 0.305662006 1.80399001
v 0.496582001 0.30962199 1.803285
v 0.497455001 0.294265985 1.80012298
v 0.496843994 0.283497989 1.80540204
v 0.499047011 0.283508986 1.79823506
v 0.499651015 0.29323101 1.79295599
v 0.511238992 0.30162999 1.78839099
v 0.509310007 0.303481996 1.79555798
v 0.53944999 0.310952991 1.80228102
v 0.531535983 0.315510988 1.80139506
v 0.496582001 0.30962199 1.803285
v 0.507041991 0.305662006 1.80399001
v 0.507779002 0.304953009 1.80124998
v 0.539880991 0.310149014 1.799541
v 0.571570992 0.312061995 1.79942298
v 0.571475029 0.312875986 1.80211401
v 0.540777028 0.308479011 1.79384995
v 0.509310007 0.303481996 1.79555798
v 0.511238992 0.30162999 1.78839099
v 0.541903973 0.306376994 1.78668296
v 0.572022021 0.308245003 1.78679597
v 0.571771026 0.310373008 1.79383397
v 0.539346993 0.264014989 1.82111096
v 0.531189978 0.257178992 1.82389796
v 0.569014013 0.265143007 1.82128501
v 0.569270015 0.26571101 1.81850898
v 0.539873004 0.264631003 1.81836998
v 0.509827018 0.266079992 1.81736803
v 0.509055018 0.265486002 1.82010806
v 0.498387992 0.259261996 1.82269096
v 0.540965021 0.26591 1.81267905
v 0.569801986 0.266889989 1.81274498
v 0.570472002 0.268373996 1.80548704
v 0.542340994 0.267520994 1.80551195
v 0.513449013 0.268869996 1.80450904
v 0.511430025 0.267315 1.81167603
v 0.496502012 0.272731006 1.81768298
v 0.485260993 0.268822014 1.81956601
v 0.498387992 0.259261996 1.82269096
v 0.509055018 0.265486002 1.82010806
v 0.509827018 0.266079992 1.81736803
v 0.497350007 0.273092985 1.81494296
v 0.495095015 0.283490002 1.81109297
v 0.49425301 0.283486009 1.81383395
v 0.483238012 0.282628 1.814767
v 0.499112993 0.273846 1.80925202
v 0.511430025 0.267315 1.81167603
v 0.513449013 0.268869996 1.80450904
v 0.501331985 0.274794012 1.80208504
v 0.499047011 0.283508986 1.79823506
v 0.496843994 0.283497989 1.80540204
v 0.582494974 0.312947989 1.80217099
v 0.582403004 0.312079996 1.79962802
v 0.582464993 0.305813998 1.80215597
v 0.582615972 0.306540012 1.80463505
v 0.582210004 0.310276985 1.79434597
v 0.581968009 0.308007002 1.78769505
v 0.581758022 0.302406996 1.79052198
v 0.582152009 0.304306 1.79700601
v 0.579689026 0.265689999 1.82122195
v 0.582922995 0.256401986 1.824705
v 0.583939016 0.26363799 1.82232702
v 0.580842018 0.271651 1.818748
v 0.580856979 0.272087991 1.81584799
v 0.579797983 0.266281009 1.81834197
v 0.569270015 0.26571101 1.81850898
v 0.569014013 0.265143007 1.82128501
v 0.580024004 0.267509997 1.812361
v 0.580887973 0.272994995 1.80982399
v 0.580928028 0.274138004 1.80223894
v 0.58030802 0.269057006 1.804829
v 0.570472002 0.268373996 1.80548704
v 0.569801986 0.266889989 1.81274498
v 0.581941009 0.289020985 1.81168997
v 0.585286975 0.313995004 1.80200303
v 0.582615972 0.306540012 1.80463505
v 0.582464993 0.305813998 1.80215597
v 0.581848025 0.288874 1.809008
v 0.580856979 0.272087991 1.81584799
v 0.580842018 0.271651 1.818748
v 0.583939016 0.26363799 1.82232702
v 0.581655025 0.288569987 1.80343604
v 0.582152009 0.304306 1.79700601
v 0.581758022 0.302406996 1.79052198
v 0.581411004 0.288186014 1.79641998
v 0.580887973 0.272994995 1.80982399
v 0.95994997 0.32199201 1.80080903
v 0.974749029 0.323623002 1.80284703
v 0.95896697 0.341217995 1.79552603
v 0.945500016 0.338436007 1.79377198
v 0.944885015 0.337280005 1.789765
v 0.959177017 0.321307003 1.796785
v 0.962907016 0.299650013 1.80520904
v 0.963755012 0.299739003 1.80923295
v 0.978911996 0.299768001 1.81169295
v 0.958015978 0.320279986 1.79074895
v 0.943962991 0.335548013 1.78375494
v 0.942887008 0.333525985 1.77674305
v 0.956663013 0.319081008 1.78370798
v 0.960147977 0.299358994 1.79213202
v 0.961633027 0.299515009 1.79917395
v 0.963557005 0.278037012 1.81634998
v 0.979243994 0.276322007 1.81927705
v 0.978911996 0.299768001 1.81169295
v 0.963755012 0.299739003 1.80923295
v 0.962907016 0.299650013 1.80520904
v 0.962841988 0.278364003 1.81232703
v 0.950571001 0.262082994 1.817325
v 0.951023996 0.261550993 1.82134902
v 0.966046989 0.258459002 1.82463801
v 0.961769998 0.278854996 1.80629098
v 0.961633027 0.299515009 1.79917395
v 0.960147977 0.299358994 1.79213202
v 0.960519016 0.279426992 1.79925001
v 0.949096024 0.263810009 1.80424798
v 0.949890018 0.262879997 1.81129003
v 0.913764 0.342711002 1.79081798
v 0.923776984 0.345878989 1.79251504
v 0.883074999 0.340867013 1.79032397
v 0.882722974 0.339749008 1.78646803
v 0.91326499 0.341513991 1.78686202
v 0.944885015 0.337280005 1.789765
v 0.945500016 0.338436007 1.79377198
v 0.95896697 0.341217995 1.79552603
v 0.912515998 0.339718014 1.78092802
v 0.882196009 0.338072002 1.78068304
v 0.881579995 0.336115003 1.77393496
v 0.911643028 0.337624013 1.77400506
v 0.942887008 0.333525985 1.77674305
v 0.943962991 0.335548013 1.78375494
v 0.917825997 0.254945993 1.82341695
v 0.929625988 0.251347989 1.82681
v 0.966046989 0.258459002 1.82463801
v 0.951023996 0.261550993 1.82134902
v 0.950571001 0.262082994 1.817325
v 0.917679012 0.255436987 1.81939304
v 0.885185003 0.254889011 1.81969094
v 0.885137975 0.254534006 1.82378101
v 0.884181976 0.246895 1.82837796
v 0.917457998 0.256172001 1.813357
v 0.949890018 0.262879997 1.81129003
v 0.949096024 0.263810009 1.80424798
v 0.917200029 0.25703001 1.80631602
v 0.885338008 0.256042987 1.80639696
v 0.885255992 0.255421996 1.813555
v 0.871762991 0.338954002 1.79066706
v 0.868203998 0.345858991 1.78936303
v 0.867340982 0.335536003 1.79399002
v 0.87102598 0.327863991 1.79522395
v 0.871101975 0.326691985 1.79154694
v 0.871665001 0.337727994 1.78697503
v 0.882722974 0.339749008 1.78646803
v 0.883074999 0.340867013 1.79032397
v 0.881605029 0.347328991 1.79005897
v 0.871519029 0.335887015 1.78143597
v 0.871217012 0.324934989 1.78603101
v 0.87134999 0.322885007 1.77959502
v 0.87134701 0.333741009 1.77497494
v 0.881579995 0.336115003 1.77393496
v 0.882196009 0.338072002 1.78068304
v 0.872057974 0.298487991 1.80737495
v 0.870380998 0.298696011 1.80963898
v 0.873535991 0.268763989 1.81942201
v 0.873405993 0.268795997 1.81506503
v 0.872044027 0.297886997 1.80334902
v 0.872021973 0.296986014 1.79730999
v 0.87321198 0.268844992 1.80852997
v 0.872985005 0.268902004 1.80090499
v 0.871995986 0.295933992 1.79026496
v 0.874135017 0.25662601 1.82367003
v 0.870149016 0.249640003 1.82792306
v 0.885137975 0.254534006 1.82378101
v 0.885185003 0.254889011 1.81969094
v 0.874107003 0.256902993 1.81938004
v 0.873405993 0.268795997 1.81506503
v 0.873535991 0.268763989 1.81942201
v 0.874064982 0.25731799 1.81294596
v 0.885255992 0.255421996 1.813555
v 0.885338008 0.256042987 1.80639696
v 0.874015987 0.25780201 1.80543804
v 0.872985005 0.268902004 1.80090499
v 0.87321198 0.268844992 1.80852997
v 1.09121203 0.119617 -1.85500205
v 1.06465304 0.118625998 -1.85523999
v 1.06500995 0.129747003 -1.85407996
v 1.091501 0.130677 -1.85385394
v 1.09692001 0.136105001 -1.84412003
v 1.09622204 0.118147999 -1.84672296
v 1.09470701 0.100464001 -1.84428
v 1.08972597 0.101938002 -1.85255098
v 1.06329596 0.100919999 -1.85274696
v 0.998022974 0.116139002 -1.85583603
v 0.996973991 0.0983429998 -1.85323703
v 0.909892976 0.0951580033 -1.85375202
v 0.910866022 0.113021001 -1.85646105
v 0.909687996 0.125111997 -1.85519505
v 0.998602986 0.127415001 -1.85464704
v -1.57590699 0.0397580005 -1.84222901
v -1.51147497 0.0411479995 -1.842875
v -1.51235294 0.0246789996 -1.83902705
v -1.57629001 0.0231439993 -1.83840799
v -1.61920094 0.0219870005 -1.83797395
v -1.61927795 0.0387560017 -1.84173501
v -1.61872101 0.0507440008 -1.84025598
v -1.57462704 0.0515480004 -1.840886
v -1.50938702 0.0527530015 -1.84169102
v -1.63593602 0.0383710004 -1.84154499
v -1.63568294 0.0215419997 -1.83780801
v -1.63801396 0.0198240001 -1.829548
v -1.63829303 0.0366609991 -1.83328199
v -1.63768494 0.0556659997 -1.83016503
v -1.63565695 0.0504349992 -1.84001398
v 0.822726011 0.110134996 -1.85678804
v 0.910866022 0.113021001 -1.85646105
v 0.909892976 0.0951580033 -1.85375202
v 0.82118398 0.0923160017 -1.85402298
v 0.732258976 0.0894669965 -1.85416305
v 0.734215021 0.107219003 -1.85696805
v 0.735181987 0.117082998 -1.85613596
v 0.821640015 0.120093003 -1.85591698
v 0.909687996 0.125111997 -1.85519505
v -0.0816909969 0.0814850032 -1.85919595
v -0.243975997 0.0766799971 -1.85892999
v -0.242957994 0.0881360024 -1.85741603
v -0.0811379999 0.0929059982 -1.85778499
v 0.082911998 0.0976300016 -1.85765195
v 0.0828600004 0.0861809999 -1.85888898
v 0.0829930007 0.0688119978 -1.85572398
v -0.0817949995 0.0641390011 -1.85608697
v -0.244310006 0.0593309999 -1.85578096
v -1.21750998 0.048347 -1.84639704
v -1.08863902 0.0521910004 -1.84844601
v -1.08892405 0.0354950018 -1.84451699
v -1.21828198 0.0317809992 -1.84260595
v -1.33547997 0.0284400005 -1.84084702
v -1.33432698 0.0449209996 -1.84456301
v -1.33167803 0.0564489998 -1.84354305
v -1.21554101 0.0596799999 -1.84529805
v -1.08748698 0.0633670017 -1.84730995
v -0.955174029 0.055670999 -1.85013497
v -0.82000798 0.0590500012 -1.85181999
v -0.819857001 0.0420110002 -1.84770298
v -0.955130994 0.0387950018 -1.84607601
v -1.08892405 0.0354950018 -1.84451699
v -1.08863902 0.0521910004 -1.84844601
v -1.08748698 0.0633670017 -1.84730995
v -0.954397976 0.0669199973 -1.84916699
v -0.819271982 0.0704599991 -1.85100198
v -0.686034977 0.0625870004 -1.85385597
v -0.685109019 0.0741100013 -1.85294795
v -0.546667993 0.0781989992 -1.85480106
v -0.547815025 0.0666309968 -1.855932
v -0.548084974 0.0494609997 -1.85211301
v -0.686058998 0.0454719998 -1.84981894
v -0.399906993 0.0715280026 -1.85773206
v -0.243975997 0.0766799971 -1.85892999
v -0.244310006 0.0593309999 -1.85578096
v -0.400287986 0.0542600006 -1.85427904
v -0.398708999 0.0830539986 -1.85635495
v -0.242957994 0.0881360024 -1.85741603
v 0.245585993 0.0910030007 -1.85836196
v 0.385744005 0.0952619985 -1.85783803
v 0.38586399 0.0775759965 -1.85476303
v 0.245787993 0.0734840035 -1.85522199
v 0.0829930007 0.0688119978 -1.85572398
v 0.0828600004 0.0861809999 -1.85888898
v 0.082911998 0.0976300016 -1.85765195
v 0.245357007 0.102574997 -1.85720801
v 0.385369003 0.106964998 -1.85671198
v -1.43163097 0.0426950008 -1.843521
v -1.43279302 0.0262579992 -1.83974695
v -1.51235294 0.0246789996 -1.83902705
v -1.51147497 0.0411479995 -1.842875
v -1.50938702 0.0527530015 -1.84169102
v -1.42901599 0.0542629994 -1.84245896
v 0.872025013 -0.629472017 -1.794698
v 0.871276975 -0.633023977 -1.78615904
v 0.862852991 -0.641984999 -1.78513706
v 0.863534987 -0.638355017 -1.79368496
v 0.874741018 -0.610670984 -1.79805505
v 0.884154022 -0.602864981 -1.79895306
v 0.886007011 -0.603079021 -1.79088295
v 0.873706996 -0.629487991 -1.78664899
v 0.872748017 -0.632598996 -1.779971
v 0.842235982 -0.660642028 -1.79114294
v 0.841718972 -0.66446501 -1.78257501
v 0.805045009 -0.695098996 -1.778337
v 0.805360973 -0.691011012 -1.78693998
v 0.811443985 -0.656917989 -1.79208696
v 0.851123989 -0.630254984 -1.79580498
v 0.918232977 -0.528113008 -1.81090701
v 0.906224012 -0.532891989 -1.81033504
v 0.946878016 -0.421481013 -1.82446504
v 0.962448001 -0.419714004 -1.82466805
v 0.965435028 -0.421041012 -1.81647003
v 0.920562983 -0.528885007 -1.80277705
v 0.876097023 -0.544881999 -1.80890095
v 0.82853502 -0.561131001 -1.80654705
v 0.849838018 -0.431827009 -1.82305503
v 0.907815993 -0.425911993 -1.82395506
v 1.08531797 0.0618119985 -1.84484601
v 1.07682204 0.00261100009 -1.83802998
v 1.05128801 0.00173500006 -1.83798897
v 1.05919194 0.0608449988 -1.84490204
v 1.09022605 0.0603029989 -1.83660102
v 1.08160901 0.00106699998 -1.82980299
v 0.993584991 0.0583250001 -1.84504104
v 0.98713398 -0.000604000001 -1.83788502
v 0.901987016 -0.00354499999 -1.83778703
v 0.907011986 0.0552089997 -1.84521699
v 1.00498903 -0.292169005 -1.83434498
v 0.962448001 -0.419714004 -1.82466805
v 0.946878016 -0.421481013 -1.82446504
v 0.985594988 -0.292901009 -1.83438599
v 1.01770198 -0.169361994 -1.83927095
v 1.04036105 -0.168641001 -1.83913803
v 1.04464698 -0.170168996 -1.83087802
v 1.00867999 -0.293686986 -1.82610202
v 0.965435028 -0.421041012 -1.81647003
v 0.936940014 -0.294735014 -1.83448994
v 0.907815993 -0.425911993 -1.82395506
v 0.849838018 -0.431827009 -1.82305503
v 0.868556976 -0.297176987 -1.83434296
v 0.883776009 -0.173676997 -1.83969498
v 0.960842013 -0.171193004 -1.839607
v 1.00478804 0.175412998 -1.84555304
v 0.998234987 0.218176007 -1.83686197
v 1.06788695 0.229359001 -1.83439803
v 1.06834805 0.177667007 -1.84510696
v 1.06500995 0.129747003 -1.85407996
v 0.998602986 0.127415001 -1.85464704
v 0.909687996 0.125111997 -1.85519505
v 0.93492198 0.180007994 -1.84452903
v 0.94837302 0.210612997 -1.83810306
v 1.09390903 0.178570002 -1.84492898
v 1.09499502 0.226614997 -1.83491302
v 1.10004199 0.225130007 -1.82665598
v 1.09895003 0.177088007 -1.83666098
v 1.09692001 0.136105001 -1.84412003
v 1.091501 0.130677 -1.85385394
v 0.993027985 0.506559014 -1.68028402
v 1.005445 0.493267 -1.70456004
v 0.986353993 0.492363006 -1.70504105
v 0.974945009 0.505254984 -1.68190598
v 0.968285978 0.508778989 -1.65628898
v 0.985897005 0.510506988 -1.65353203
v 0.990369976 0.508569002 -1.65044498
v 0.996544003 0.505716026 -1.67061305
v 1.00917399 0.491881996 -1.69595397
v 0.929755986 0.503499985 -1.68294406
v 0.93867898 0.490453005 -1.70549095
v 0.869722009 0.487940997 -1.70617294
v 0.863147974 0.501371026 -1.68390799
v 0.858998001 0.505223989 -1.65912104
v 0.924409986 0.507098973 -1.65790296
v 0.976895988 -0.0751290023 -1.83840704
v 0.98713398 -0.000604000001 -1.83788502
v 1.05128801 0.00173500006 -1.83798897
v 1.03852904 -0.0730749965 -1.838292
v 1.01770198 -0.169361994 -1.83927095
v 0.960842013 -0.171193004 -1.839607
v 0.883776009 -0.173676997 -1.83969498
v 0.89458102 -0.077820003 -1.83839405
v 0.901987016 -0.00354499999 -1.83778703
v 1.06307101 -0.0722939968 -1.83824694
v 1.07682204 0.00261100009 -1.83802998
v 1.08160901 0.00106699998 -1.82980299
v 1.06768703 -0.0738369972 -1.83000302
v 1.04464698 -0.170168996 -1.83087802
v 1.04036105 -0.168641001 -1.83913803
v 1.02336299 0.468324989 -1.72801101
v 1.04264903 0.436167002 -1.75013006
v 1.0201 0.435323 -1.75017905
v 1.00250602 0.467489988 -1.72809398
v 0.986353993 0.492363006 -1.70504105
v 1.005445 0.493267 -1.70456004
v 1.00917399 0.491881996 -1.69595397
v 1.027632 0.466659009 -1.71976495
v 1.047418 0.43442601 -1.74189401
v 0.950879991 0.465317994 -1.728315
v 0.964668989 0.433113009 -1.75032198
v 0.886160016 0.427359998 -1.75204301
v 0.87806201 0.462332994 -1.72882903
v 0.869722009 0.487940997 -1.70617294
v 0.93867898 0.490453005 -1.70549095
v 1.05917096 0.401226014 -1.77041495
v 1.07239103 0.365922004 -1.78800404
v 1.04735506 0.363804013 -1.78892803
v 1.03583896 0.400546998 -1.77041197
v 1.06403005 0.399563998 -1.76218605
v 1.07719302 0.364376009 -1.779778
v 0.978358984 0.398853987 -1.77041805
v 0.978856027 0.369895011 -1.78530204
v 0.932654977 0.373154014 -1.78212905
v 0.91682303 0.393388987 -1.77154899
v 1.092906 0.265756994 -1.82466197
v 1.08828497 0.299831003 -1.81382
v 1.09324598 0.298326999 -1.80558503
v 1.097929 0.264261991 -1.81641603
v 1.10004199 0.225130007 -1.82665598
v 1.09499502 0.226614997 -1.83491302
v 1.06788695 0.229359001 -1.83439803
v 1.07271898 0.267129987 -1.82400894
v 1.06876194 0.299703985 -1.81362402
v 1.08177102 0.332670987 -1.802037
v 1.07239103 0.365922004 -1.78800404
v 1.07719302 0.364376009 -1.779778
v 1.08663297 0.331164002 -1.79380906
v 1.06266296 0.331279993 -1.80225503
v 1.04735506 0.363804013 -1.78892803
v -1.56880295 -0.810459971 -1.75905299
v -1.57126105 -0.812182009 -1.75080395
v -1.57526505 -0.77323401 -1.75544095
v -1.57281196 -0.771502972 -1.76369905
v -1.55551505 -0.77097398 -1.76385105
v -1.55147302 -0.809991002 -1.75914896
v -1.55106604 -0.814431012 -1.75057805
v -1.568398 -0.814894974 -1.75048602
v -1.57028902 -0.815509975 -1.74415696
v -1.58407497 -0.662054002 -1.77674997
v -1.586514 -0.663810015 -1.76846898
v -1.60049605 -0.520000994 -1.78370905
v -1.59808004 -0.518225014 -1.79201496
v -1.58102798 -0.517394006 -1.79249799
v -1.56687105 -0.661354005 -1.77706206
v -1.50635397 -0.808772027 -1.75939798
v -1.510481 -0.769596994 -1.76424801
v -1.44712996 -0.76791501 -1.76461196
v -1.44311798 -0.807321012 -1.75952899
v -1.44271302 -0.811788023 -1.75093102
v -1.50593996 -0.813223004 -1.75081694
v -1.52207804 -0.659533978 -1.77787197
v -1.53663099 -0.515231013 -1.79375601
v -1.47268295 -0.512365997 -1.79540896
v -1.45840096 -0.657202005 -1.77889299
v 0.750144005 -0.724142015 -1.78094101
v 0.682739973 -0.750804007 -1.77545702
v 0.684828997 -0.709402978 -1.78192198
v 0.753839016 -0.685959995 -1.78678894
v 0.811443985 -0.656917989 -1.79208696
v 0.805360973 -0.691011012 -1.78693998
v 0.805045009 -0.695098996 -1.778337
v 0.749997973 -0.728520989 -1.77228796
v 0.682708979 -0.755412996 -1.76675999
v 0.764219999 -0.578688979 -1.80321896
v 0.690698028 -0.593087971 -1.80008602
v 0.698828995 -0.443498999 -1.820243
v 0.777522027 -0.438041002 -1.82168198
v 0.849838018 -0.431827009 -1.82305503
v 0.82853502 -0.561131001 -1.80654705
v -0.0717720017 -0.621738017 -1.79073
v 0.0814689994 -0.617444992 -1.79187906
v 0.0799399987 -0.735872984 -1.773422
v -0.0708919987 -0.739427984 -1.77272105
v -0.221414 -0.742873013 -1.77220905
v -0.224215999 -0.625998974 -1.78977096
v -0.227871999 -0.475264996 -1.80981898
v -0.0729499981 -0.470117986 -1.81118095
v 0.0832820013 -0.465065986 -1.81274402
v -0.0705780014 -0.781316996 -1.76631105
v 0.0793950036 -0.778025985 -1.76685297
v 0.0794750005 -0.782688975 -1.75814903
v -0.0704369992 -0.785960972 -1.75761795
v -0.220226005 -0.789095998 -1.75727701
v -0.220415995 -0.784471989 -1.76595902
v -1.17548394 -0.803283989 -1.760113
v -1.28450096 -0.804929972 -1.75925303
v -1.28728402 -0.764957011 -1.76492
v -1.17788899 -0.763063014 -1.76587296
v -1.05276299 -0.760735989 -1.767259
v -1.050506 -0.801177979 -1.76150799
v -1.05022597 -0.805719018 -1.75286198
v -1.17519295 -0.807810009 -1.75146604
v -1.28418398 -0.809436977 -1.75061297
v -1.18464601 -0.650058985 -1.782058
v -1.29509997 -0.652652025 -1.78084195
v -1.30525196 -0.506389976 -1.79871905
v -1.19325101 -0.503202021 -1.80028999
v -1.06693995 -0.499713987 -1.80176997
v -1.05910504 -0.647113979 -1.78341806
v -0.370227009 -0.787491977 -1.76553798
v -0.514566004 -0.790363014 -1.76515901
v -0.515929997 -0.749347985 -1.77114105
v -0.37144801 -0.746212006 -1.77165306
v -0.221414 -0.742873013 -1.77220905
v -0.220415995 -0.784471989 -1.76595902
v -0.220226005 -0.789095998 -1.75727701
v -0.370021999 -0.792092979 -1.75686598
v -0.514349997 -0.794945002 -1.75649703
v -0.374877989 -0.63023603 -1.78883505
v -0.51976198 -0.634114981 -1.78794599
v -0.525004029 -0.485076994 -1.80748701
v -0.379512995 -0.480439007 -1.80866802
v -0.227871999 -0.475264996 -1.80981898
v -0.224215999 -0.625998974 -1.78977096
v -0.647985995 -0.793072999 -1.76493299
v -0.778891981 -0.795762002 -1.76439905
v -0.781117022 -0.754962027 -1.77011299
v -0.649793983 -0.752183974 -1.77075899
v -0.64773798 -0.797645986 -1.75628102
v -0.778613985 -0.800328016 -1.75575495
v -0.65487498 -0.637304008 -1.78712702
v -0.787368 -0.64033401 -1.78617001
v -0.795165002 -0.491898 -1.80451596
v -0.66148001 -0.488615006 -1.80603504
v -0.915687025 -0.798566997 -1.76309705
v -1.050506 -0.801177979 -1.76150799
v -1.05276299 -0.760735989 -1.767259
v -0.917972982 -0.75792402 -1.76881003
v -0.915404975 -0.803121984 -1.75445402
v -1.05022597 -0.805719018 -1.75286198
v -0.924395025 -0.643737972 -1.78486097
v -1.05910504 -0.647113979 -1.78341806
v -1.06693995 -0.499713987 -1.80176997
v -0.932281017 -0.495772004 -1.80313694
v 0.234522998 -0.613110006 -1.79338503
v 0.368245989 -0.609102011 -1.79491901
v 0.363258004 -0.72864902 -1.77585196
v 0.230902001 -0.732208014 -1.77454805
v 0.0799399987 -0.735872984 -1.773422
v 0.0814689994 -0.617444992 -1.79187906
v 0.0832820013 -0.465065986 -1.81274402
v 0.238851994 -0.460173994 -1.81449902
v 0.374195009 -0.455881 -1.81612003
v 0.229614004 -0.774599016 -1.76784301
v 0.361481994 -0.771200001 -1.76906502
v 0.361474007 -0.775891006 -1.76034498
v 0.229640007 -0.779278994 -1.75912905
v 0.0794750005 -0.782688975 -1.75814903
v 0.0793950036 -0.778025985 -1.76685297
v -1.37144005 -0.806158006 -1.75926995
v -1.44311798 -0.807321012 -1.75952899
v -1.44712996 -0.76791501 -1.76461196
v -1.37487996 -0.766471028 -1.76466799
v -1.37107599 -0.810644984 -1.75064898
v -1.44271302 -0.811788023 -1.75093102
v -1.384547 -0.654971004 -1.77983499
v -1.45840096 -0.657202005 -1.77889299
v -1.47268295 -0.512365997 -1.79540896
v -1.39697599 -0.509432018 -1.79707801
v -1.57533598 -0.0123089999 -1.82641101
v -1.57263601 -0.067896001 -1.81491697
v -1.61590099 -0.0692500025 -1.81408799
v -1.61834204 -0.0135690002 -1.82585299
v -1.51120996 -0.0106410002 -1.82725894
v -1.50823104 -0.0660710037 -1.81609905
v -1.63486004 -0.0140519999 -1.82563901
v -1.63251805 -0.0697700009 -1.81377006
v -1.63486898 -0.0715000033 -1.80548704
v -1.63719702 -0.0157769993 -1.81737196
v -1.61031306 -0.376130998 -1.803303
v -1.62033403 -0.248226002 -1.80985796
v -1.60366905 -0.247576997 -1.81043506
v -1.59347296 -0.375355005 -1.80387998
v -1.58102798 -0.517394006 -1.79249799
v -1.59808004 -0.518225014 -1.79201496
v -1.60049605 -0.520000994 -1.78370905
v -1.61269701 -0.377898008 -1.79498196
v -1.62269294 -0.249974996 -1.80153704
v -1.549631 -0.373337001 -1.80538404
v -1.56027997 -0.245886996 -1.81193805
v -1.49641097 -0.243536994 -1.813627
v -1.48572803 -0.370591015 -1.80719602
v -1.47268295 -0.512365997 -1.79540896
v -1.53663099 -0.515231013 -1.79375601
v -1.57152605 0.100097999 -1.83093405
v -1.57462704 0.0515480004 -1.840886
v -1.61872101 0.0507440008 -1.84025598
v -1.61623597 0.0996270031 -1.83029997
v -1.6128 0.148100004 -1.819677
v -1.56780803 0.148371994 -1.82039702
v -1.50173604 0.148870006 -1.82159495
v -1.505723 0.10086 -1.83191895
v -1.50938702 0.0527530015 -1.84169102
v -1.63340795 0.0994459987 -1.83005595
v -1.63565695 0.0504349992 -1.84001398
v -1.63768494 0.0556659997 -1.83016503
v -1.63584197 0.0977670029 -1.82178497
v -1.63253105 0.146328002 -1.81112397
v -1.63008106 0.147995993 -1.81939995
v -1.48147404 0.410050988 -1.67157197
v -1.48847902 0.402507007 -1.68448496
v -1.52483404 0.401246995 -1.68326402
v -1.51594102 0.408248991 -1.67032099
v -1.51074302 0.407357991 -1.65521801
v -1.47761703 0.409655005 -1.65651
v -1.42448103 0.413105011 -1.65815699
v -1.426772 0.412885994 -1.67334998
v -1.43161702 0.404644012 -1.68636894
v -1.52919698 0.407469004 -1.66984606
v -1.538818 0.400649995 -1.68280005
v -1.54079902 0.398799002 -1.67450094
v -1.53106701 0.405613989 -1.66154504
v -1.52627897 0.404843986 -1.65005898
v -1.52347898 0.406430006 -1.65472806
v -1.567783 -0.144914001 -1.81260395
v -1.56027997 -0.245886996 -1.81193805
v -1.60366905 -0.247576997 -1.81043506
v -1.61107695 -0.146396995 -1.81139302
v -1.61590099 -0.0692500025 -1.81408799
v -1.57263601 -0.067896001 -1.81491697
v -1.50823104 -0.0660710037 -1.81609905
v -1.50360501 -0.142866001 -1.81407499
v -1.49641097 -0.243536994 -1.813627
v -1.62770605 -0.146966994 -1.81092799
v -1.62033403 -0.248226002 -1.80985796
v -1.62269294 -0.249974996 -1.80153704
v -1.630059 -0.148704007 -1.80262399
v -1.63486898 -0.0715000033 -1.80548704
v -1.63251805 -0.0697700009 -1.81377006
v -1.58542502 0.319460005 -1.74986601
v -1.56895995 0.353828996 -1.72709501
v -1.553406 0.354198992 -1.72754502
v -1.56920505 0.319914013 -1.75021803
v -1.583341 0.284047008 -1.77032101
v -1.60002506 0.283519 -1.77003205
v -1.60238695 0.281787992 -1.76175404
v -1.58771801 0.317739993 -1.74157906
v -1.57115698 0.352104008 -1.71879303
v -1.52697396 0.321098 -1.75113297
v -1.51291502 0.355114996 -1.72871804
v -1.45153201 0.356635004 -1.73039901
v -1.46365905 0.32279101 -1.752473
v -1.47522199 0.287247986 -1.77220094
v -1.53989995 0.285423994 -1.77107203
v -1.55274904 0.38183099 -1.70331097
v -1.538818 0.400649995 -1.68280005
v -1.52483404 0.401246995 -1.68326402
v -1.53796899 0.382270008 -1.70378304
v -1.55483997 0.380043 -1.69500899
v -1.54079902 0.398799002 -1.67450094
v -1.49952102 0.383222997 -1.70501804
v -1.48847902 0.402507007 -1.68448496
v -1.43161702 0.404644012 -1.68636894
v -1.44036102 0.384905994 -1.70687497
v -1.62509203 0.186386004 -1.80945504
v -1.61856997 0.219145998 -1.79879606
v -1.60162604 0.219409004 -1.79925203
v -1.60794795 0.186529994 -1.80983996
v -1.6128 0.148100004 -1.819677
v -1.63008106 0.147995993 -1.81939995
v -1.63253105 0.146328002 -1.81112397
v -1.62752199 0.184713006 -1.80116296
v -1.62096906 0.217454001 -1.79049397
v -1.56331098 0.186903998 -1.81084299
v -1.557513 0.220094994 -1.80043602
v -1.49211895 0.221156999 -1.80202901
v -1.49749899 0.187562004 -1.81231499
v -1.50173604 0.148870006 -1.82159495
v -1.56780803 0.148371994 -1.82039702
v -1.61064398 0.25080201 -1.78599894
v -1.60002506 0.283519 -1.77003205
v -1.583341 0.284047008 -1.77032101
v -1.593786 0.251230001 -1.78637195
v -1.61303103 0.249085993 -1.77770901
v -1.60238695 0.281787992 -1.76175404
v -1.54989505 0.252344996 -1.78734303
v -1.53989995 0.285423994 -1.77107203
v -1.47522199 0.287247986 -1.77220094
v -1.48470104 0.253877997 -1.78868794
v 0.817987025 0.0524539985 -1.84537995
v 0.907011986 0.0552089997 -1.84521699
v 0.901987016 -0.00354499999 -1.83778703
v 0.813475013 -0.00622799993 -1.83775902
v 0.724937975 -0.00876399968 -1.83768594
v 0.728937984 0.0497750007 -1.84547698
v -0.0812129974 0.0261790007 -1.84596896
v -0.24346 0.0215930007 -1.84530997
v 0.0832590014 0.0306909997 -1.84581697
v 0.0837929994 -0.0261109993 -1.83639002
v -0.0799039975 -0.0306000002 -1.83612001
v -0.241493002 -0.035149999 -1.83507395
v -1.21694398 -0.00405499991 -1.83082199
v -1.08790696 -0.000949000008 -1.83217704
v -1.08585799 -0.0571510009 -1.82074106
v -1.214432 -0.0597390011 -1.81972396
v -1.33082402 -0.0620439984 -1.81877899
v -1.33385706 -0.00685200002 -1.82956398
v -0.954060972 0.00206100009 -1.833691
v -0.818602979 0.00519599998 -1.83550596
v -0.816200972 -0.0509620011 -1.82427001
v -0.951942027 -0.0542099997 -1.82225704
v -1.08585799 -0.0571510009 -1.82074106
v -1.08790696 -0.000949000008 -1.83217704
v -0.684727013 0.00867599994 -1.83776498
v -0.546799004 0.0125749996 -1.84035301
v -0.544203997 -0.0436509997 -1.82962704
v -0.68214798 -0.0474530011 -1.82677996
v -0.399181992 0.0169699993 -1.843153
v -0.24346 0.0215930007 -1.84530997
v -0.241493002 -0.035149999 -1.83507395
v -0.396789998 -0.0395249985 -1.83264995
v 0.245655999 0.0350940004 -1.84554398
v 0.385405004 0.0389109999 -1.84531403
v 0.384620011 -0.0183710009 -1.83656299
v 0.245414004 -0.0219190009 -1.83648098
v 0.0837929994 -0.0261109993 -1.83639002
v 0.0832590014 0.0306909997 -1.84581697
v -1.43133104 -0.00893499982 -1.82834303
v -1.42819202 -0.0641380027 -1.81747794
v -1.50823104 -0.0660710037 -1.81609905
v -1.51120996 -0.0106410002 -1.82725894
v 0.789979994 -0.299730986 -1.83363104
v 0.777522027 -0.438041002 -1.82168198
v 0.698828995 -0.443498999 -1.820243
v 0.707702994 -0.302278012 -1.83268702
v 0.715635002 -0.178955004 -1.83819997
v 0.800500989 -0.176355004 -1.83908403
v 0.883776009 -0.173676997 -1.83969498
v 0.868556976 -0.297176987 -1.83434296
v 0.849838018 -0.431827009 -1.82305503
v 0.780812025 0.498946011 -1.685305
v 0.776776016 0.502910018 -1.660689
v 0.858998001 0.505223989 -1.65912104
v 0.863147974 0.501371026 -1.68390799
v 0.869722009 0.487940997 -1.70617294
v 0.786785007 0.485228986 -1.70734596
v 0.701234996 0.482461989 -1.70839202
v 0.695340991 0.496360987 -1.68658805
v 0.691151023 0.500391006 -1.66214204
v 0.807990015 -0.0805099979 -1.83806098
v 0.813475013 -0.00622799993 -1.83775902
v 0.901987016 -0.00354499999 -1.83778703
v 0.89458102 -0.077820003 -1.83839405
v 0.883776009 -0.173676997 -1.83969498
v 0.800500989 -0.176355004 -1.83908403
v 0.715635002 -0.178955004 -1.83819997
v 0.72094202 -0.083062999 -1.83756304
v 0.724937975 -0.00876399968 -1.83768594
v -0.074153997 -0.326435 -1.82491696
v -0.231431007 -0.332085013 -1.82353103
v -0.234947994 -0.206741005 -1.83107698
v -0.0756819993 -0.201068997 -1.83233202
v 0.0852859989 -0.195764005 -1.83369803
v 0.0846790001 -0.321058989 -1.82653701
v 0.0832820013 -0.465065986 -1.81274402
v -0.0729499981 -0.470117986 -1.81118095
v -0.227871999 -0.475264996 -1.80981898
v -0.0797479972 0.139364004 -1.84823704
v -0.0811379999 0.0929059982 -1.85778499
v -0.242957994 0.0881360024 -1.85741603
v -0.241197005 0.134012997 -1.84788799
v -0.239554003 0.180483997 -1.83736205
v -0.0785460025 0.186275005 -1.83767903
v 0.0846630037 0.192122996 -1.83769095
v 0.0839049965 0.144728005 -1.848189
v 0.082911998 0.0976300016 -1.85765195
v -0.0723609999 0.467738986 -1.69009602
v -0.227136999 0.461071014 -1.68947697
v -0.226253003 0.464074999 -1.668257
v -0.071924001 0.470876008 -1.66808903
v 0.0845730007 0.477602005 -1.667449
v 0.0845749974 0.474406987 -1.69020498
v 0.0845770016 0.461511999 -1.71001303
v -0.0730220005 0.455083996 -1.70925105
v -0.228431001 0.448772997 -1.70800996
v -0.0778300017 -0.104404002 -1.83382106
v -0.238479003 -0.109512001 -1.83262706
v -0.241493002 -0.035149999 -1.83507395
v -0.0799039975 -0.0306000002 -1.83612001
v 0.0837929994 -0.0261109993 -1.83639002
v 0.0847299993 -0.099522002 -1.83466601
v 0.0852859989 -0.195764005 -1.83369803
v -0.0756819993 -0.201068997 -1.83233202
v -0.234947994 -0.206741005 -1.83107698
v -1.20120001 -0.361418009 -1.81219602
v -1.19325101 -0.503202021 -1.80028999
v -1.30525196 -0.506389976 -1.79871905
v -1.31504095 -0.364546001 -1.81025004
v -1.32302201 -0.238149002 -1.81600499
v -1.20763099 -0.235402003 -1.81801498
v -1.07911003 -0.232249007 -1.82011497
v -1.07367396 -0.357935995 -1.81410003
v -1.06693995 -0.499713987 -1.80176997
v -1.21244895 0.106233001 -1.837044
v -1.21554101 0.0596799999 -1.84529805
v -1.33167803 0.0564489998 -1.84354305
v -1.32817602 0.103589997 -1.83489799
v -1.32421803 0.150988996 -1.82543898
v -1.20870399 0.153153002 -1.82791495
v -1.08098304 0.155843005 -1.830351
v -1.08460999 0.109380998 -1.83929598
v -1.08748698 0.0633670017 -1.84730995
v -1.13614905 0.425915986 -1.67923403
v -1.14075506 0.416011006 -1.69442403
v -1.25986004 0.411790997 -1.69159603
v -1.25684297 0.421252996 -1.67745602
v -1.25599098 0.422369987 -1.660954
v -1.13397706 0.427282006 -1.66164899
v -1.00293195 0.432285011 -1.66235399
v -1.00645494 0.430691987 -1.68095195
v -1.012573 0.420385003 -1.69715405
v -1.21168494 -0.135848999 -1.81798995
v -1.20763099 -0.235402003 -1.81801498
v -1.32302201 -0.238149002 -1.81600499
v -1.32774794 -0.138228998 -1.816553
v -1.33082402 -0.0620439984 -1.81877899
v -1.214432 -0.0597390011 -1.81972396
v -1.08585799 -0.0571510009 -1.82074106
v -1.08304799 -0.133119002 -1.819525
v -1.07911003 -0.232249007 -1.82011497
v -0.938956022 -0.353787005 -1.81552398
v -0.932281017 -0.495772004 -1.80313694
v -1.06693995 -0.499713987 -1.80176997
v -1.07367396 -0.357935995 -1.81410003
v -1.07911003 -0.232249007 -1.82011497
v -0.944440007 -0.228267998 -1.82162797
v -0.807868004 -0.224203005 -1.82344306
v -0.802025974 -0.349673003 -1.81710505
v -0.795165002 -0.491898 -1.80451596
v -0.667864025 -0.346298009 -1.81947803
v -0.66148001 -0.488615006 -1.80603504
v -0.673641026 -0.220798999 -1.82645094
v -0.535968006 -0.217131004 -1.82924497
v -0.530596018 -0.342644989 -1.821679
v -0.525004029 -0.485076994 -1.80748701
v -0.384348989 -0.337698013 -1.82274103
v -0.379512995 -0.480439007 -1.80866802
v -0.38905701 -0.212268993 -1.83041704
v -0.234947994 -0.206741005 -1.83107698
v -0.231431007 -0.332085013 -1.82353103
v -0.227871999 -0.475264996 -1.80981898
v -0.951178014 0.112576 -1.841295
v -0.954397976 0.0669199973 -1.84916699
v -1.08748698 0.0633670017 -1.84730995
v -1.08460999 0.109380998 -1.83929598
v -0.947362006 0.158757001 -1.83236694
v -0.812103987 0.162026003 -1.83393598
v -0.815865993 0.115947001 -1.84304202
v -0.819271982 0.0704599991 -1.85100198
v -0.682383001 0.119622998 -1.84453499
v -0.685109019 0.0741100013 -1.85294795
v -0.679473996 0.165782005 -1.83502901
v -0.542747021 0.170098007 -1.83587599
v -0.544736981 0.123810001 -1.84584105
v -0.546667993 0.0781989992 -1.85480106
v -0.396934003 0.128717005 -1.84702396
v -0.398708999 0.0830539986 -1.85635495
v -0.395197004 0.175044999 -1.836707
v -0.239554003 0.180483997 -1.83736205
v -0.241197005 0.134012997 -1.84788799
v -0.242957994 0.0881360024 -1.85741603
v -0.883487999 0.435517013 -1.68282795
v -0.889088988 0.424766004 -1.69962502
v -1.012573 0.420385003 -1.69715405
v -1.00645494 0.430691987 -1.68095195
v -1.00293195 0.432285011 -1.66235399
v -0.880110979 0.437436014 -1.66361797
v -0.762100995 0.44236201 -1.665079
v -0.764647007 0.440283 -1.68466496
v -0.768791974 0.429280996 -1.701828
v -0.647328019 0.444882989 -1.68626404
v -0.650170028 0.434056014 -1.70375395
v -0.645488024 0.446691006 -1.66636896
v -0.520770013 0.451377004 -1.66738403
v -0.522103012 0.449687988 -1.687603
v -0.524007976 0.43889001 -1.70540297
v -0.379545003 0.455069005 -1.68866003
v -0.381094009 0.443585008 -1.70677495
v -0.378446996 0.457372993 -1.66801798
v -0.226253003 0.464074999 -1.668257
v -0.227136999 0.461071014 -1.68947697
v -0.228431001 0.448772997 -1.70800996
v -0.948751986 -0.129697993 -1.82105398
v -0.944440007 -0.228267998 -1.82162797
v -1.07911003 -0.232249007 -1.82011497
v -1.08304799 -0.133119002 -1.819525
v -1.08585799 -0.0571510009 -1.82074106
v -0.951942027 -0.0542099997 -1.82225704
v -0.816200972 -0.0509620011 -1.82427001
v -0.812608004 -0.126029998 -1.82304096
v -0.807868004 -0.224203005 -1.82344306
v -0.678427994 -0.122565001 -1.82594705
v -0.673641026 -0.220798999 -1.82645094
v -0.68214798 -0.0474530011 -1.82677996
v -0.544203997 -0.0436509997 -1.82962704
v -0.54054898 -0.118842997 -1.82890904
v -0.535968006 -0.217131004 -1.82924497
v -0.393308997 -0.114408001 -1.83106303
v -0.38905701 -0.212268993 -1.83041704
v -0.396789998 -0.0395249985 -1.83264995
v -0.241493002 -0.035149999 -1.83507395
v -0.238479003 -0.109512001 -1.83262706
v -0.234947994 -0.206741005 -1.83107698
v 0.242267996 -0.31626901 -1.82803202
v 0.238851994 -0.460173994 -1.81449902
v 0.0832820013 -0.465065986 -1.81274402
v 0.0846790001 -0.321058989 -1.82653701
v 0.0852859989 -0.195764005 -1.83369803
v 0.244503006 -0.191333994 -1.834692
v 0.382086992 -0.187830999 -1.83546197
v 0.378854007 -0.312308013 -1.82930398
v 0.374195009 -0.455881 -1.81612003
v 0.246259004 0.150057003 -1.847857
v 0.245357007 0.102574997 -1.85720801
v 0.082911998 0.0976300016 -1.85765195
v 0.0839049965 0.144728005 -1.848189
v 0.0846630037 0.192122996 -1.83769095
v 0.246907994 0.197732002 -1.83742595
v 0.400379002 0.208260998 -1.83607495
v 0.385266989 0.154727995 -1.847471
v 0.385369003 0.106964998 -1.85671198
v 0.243463993 0.480410993 -1.68949497
v 0.243811995 0.467049003 -1.70981097
v 0.0845770016 0.461511999 -1.71001303
v 0.0845749974 0.474406987 -1.69020498
v 0.0845730007 0.477602005 -1.667449
v 0.243272007 0.48407799 -1.66627002
v 0.380851001 0.489466012 -1.66503203
v 0.381451994 0.485294998 -1.68854594
v 0.382371008 0.471493989 -1.70923495
v 0.245290995 -0.0953060016 -1.835186
v 0.244503006 -0.191333994 -1.834692
v 0.0852859989 -0.195764005 -1.83369803
v 0.0847299993 -0.099522002 -1.83466601
v 0.0837929994 -0.0261109993 -1.83639002
v 0.245414004 -0.0219190009 -1.83648098
v 0.384620011 -0.0183710009 -1.83656299
v 0.383762002 -0.0919020027 -1.83557999
v 0.382086992 -0.187830999 -1.83546197
v -1.40870798 -0.367632002 -1.80870104
v -1.39697599 -0.509432018 -1.79707801
v -1.47268295 -0.512365997 -1.79540896
v -1.48572803 -0.370591015 -1.80719602
v -1.49641097 -0.243536994 -1.813627
v -1.41830301 -0.240908995 -1.814762
v -1.42526996 0.101911001 -1.833215
v -1.42901599 0.0542629994 -1.84245896
v -1.50938702 0.0527530015 -1.84169102
v -1.505723 0.10086 -1.83191895
v -1.50173604 0.148870006 -1.82159495
v -1.42121696 0.149652004 -1.82330406
v -1.35280597 0.416765004 -1.675403
v -1.35611296 0.407869995 -1.68882501
v -1.43161702 0.404644012 -1.68636894
v -1.426772 0.412885994 -1.67334998
v -1.42448103 0.413105011 -1.65815699
v -1.35171497 0.417493999 -1.65971398
v -1.42432404 -0.140603006 -1.81532001
v -1.41830301 -0.240908995 -1.814762
v -1.49641097 -0.243536994 -1.813627
v -1.50360501 -0.142866001 -1.81407499
v -1.50823104 -0.0660710037 -1.81609905
v -1.42819202 -0.0641380027 -1.81747794
v 0.793627024 0.459057003 -1.72979105
v 0.707430005 0.455924988 -1.73057902
v 0.701234996 0.482461989 -1.70839202
v 0.786785007 0.485228986 -1.70734596
v 0.869722009 0.487940997 -1.70617294
v 0.87806201 0.462332994 -1.72882903
v 0.886160016 0.427359998 -1.75204301
v 0.796334982 0.430427998 -1.74855304
v 0.71243 0.427340001 -1.74913394
v -0.0741600022 0.42988199 -1.72999501
v -0.230272993 0.424291015 -1.72898602
v -0.228431001 0.448772997 -1.70800996
v -0.0730220005 0.455083996 -1.70925105
v 0.0845770016 0.461511999 -1.71001303
v 0.0842569992 0.435737014 -1.73071003
v 0.0839579999 0.402781993 -1.75121295
v -0.075296998 0.397469997 -1.75085402
v -0.232133001 0.39250201 -1.75040698
v -0.0759560019 0.363184988 -1.77035797
v -0.233482003 0.358280987 -1.77027595
v 0.0840269998 0.368349999 -1.77043796
v 0.0842330009 0.333588988 -1.78783298
v -0.0764240026 0.328330994 -1.78790402
v -0.234643996 0.323208988 -1.78796697
v -1.17041302 0.330155998 -1.75876403
v -1.04355597 0.333492994 -1.76153696
v -1.053774 0.297724992 -1.78039896
v -1.18088198 0.294342011 -1.77784503
v -1.297212 0.291375011 -1.77546406
v -1.28696799 0.327187985 -1.75614703
v -1.27652895 0.361501992 -1.73475599
v -1.15953195 0.364520013 -1.73767304
v -1.03270602 0.367839009 -1.74065006
v -1.14909804 0.394342005 -1.715065
v -1.02185094 0.398117989 -1.71812105
v -1.266958 0.390787989 -1.71196699
v -1.25986004 0.411790997 -1.69159603
v -1.14075506 0.416011006 -1.69442403
v -1.012573 0.420385003 -1.69715405
v -0.915431976 0.337015003 -1.76405895
v -0.787859023 0.340828001 -1.76633406
v -0.793833971 0.305007011 -1.78487396
v -0.923825026 0.301225007 -1.78276205
v -1.053774 0.297724992 -1.78039896
v -1.04355597 0.333492994 -1.76153696
v -1.03270602 0.367839009 -1.74065006
v -0.906444013 0.371425986 -1.74321699
v -0.781464994 0.375335008 -1.74549401
v -0.897202015 0.402038991 -1.72074604
v -0.774753988 0.406226009 -1.72304797
v -1.02185094 0.398117989 -1.71812105
v -1.012573 0.420385003 -1.69715405
v -0.889088988 0.424766004 -1.69962502
v -0.768791974 0.429280996 -1.701828
v -0.662653983 0.345036 -1.76837003
v -0.531741023 0.349422008 -1.76980102
v -0.534197986 0.313746989 -1.78786194
v -0.666595995 0.30923599 -1.78667605
v -0.658483028 0.379622996 -1.74760199
v -0.529183984 0.383991987 -1.74921405
v -0.654105008 0.410798997 -1.72513199
v -0.526486993 0.415403008 -1.72684395
v -0.650170028 0.434056014 -1.70375395
v -0.524007976 0.43889001 -1.70540297
v -0.387046993 0.353765011 -1.77026403
v -0.233482003 0.358280987 -1.77027595
v -0.234643996 0.323208988 -1.78796697
v -0.388725013 0.318376005 -1.78812206
v -0.531741023 0.349422008 -1.76980102
v -0.529183984 0.383991987 -1.74921405
v -0.385248005 0.38814801 -1.75000501
v -0.232133001 0.39250201 -1.75040698
v -0.383129001 0.419683009 -1.72803199
v -0.230272993 0.424291015 -1.72898602
v -0.526486993 0.415403008 -1.72684395
v -0.381094009 0.443585008 -1.70677495
v -0.228431001 0.448772997 -1.70800996
v 0.244964004 0.373650014 -1.77044404
v 0.384272993 0.378212988 -1.77043796
v 0.399383008 0.340983987 -1.78895998
v 0.245620996 0.338833004 -1.78764999
v 0.0842330009 0.333588988 -1.78783298
v 0.0840269998 0.368349999 -1.77043796
v 0.0839579999 0.402781993 -1.75121295
v 0.244330004 0.408170015 -1.75134802
v 0.383868009 0.412804008 -1.75133598
v 0.244022995 0.441136003 -1.73078299
v 0.383204997 0.44561401 -1.730551
v 0.0842569992 0.435737014 -1.73071003
v 0.0845770016 0.461511999 -1.71001303
v 0.243811995 0.467049003 -1.70981097
v 0.382371008 0.471493989 -1.70923495
v -1.38418698 0.324777991 -1.75409698
v -1.28696799 0.327187985 -1.75614703
v -1.39482605 0.289121002 -1.77362394
v -1.47522199 0.287247986 -1.77220094
v -1.46365905 0.32279101 -1.752473
v -1.45153201 0.356635004 -1.73039901
v -1.373299 0.358817995 -1.73237205
v -1.27652895 0.361501992 -1.73475599
v -1.36344302 0.387535006 -1.70921504
v -1.266958 0.390787989 -1.71196699
v -1.44036102 0.384905994 -1.70687497
v -1.43161702 0.404644012 -1.68636894
v -1.35611296 0.407869995 -1.68882501
v -0.0769869983 0.294211 -1.80289102
v -0.235946 0.288866997 -1.80285096
v -0.234643996 0.323208988 -1.78796697
v -0.0764240026 0.328330994 -1.78790402
v 0.0842330009 0.333588988 -1.78783298
v 0.0843459964 0.299647987 -1.802845
v 0.0844710022 0.265771002 -1.81583905
v -0.0775270015 0.260114014 -1.81580496
v -0.237226993 0.254547 -1.81558895
v -0.0779260024 0.225330994 -1.82713497
v -0.238330007 0.219540998 -1.82684398
v 0.0847140029 0.231199995 -1.82718098
v -0.0785460025 0.186275005 -1.83767903
v -0.239554003 0.180483997 -1.83736205
v -1.20393598 0.192006007 -1.81882095
v -1.07629204 0.194493994 -1.82126105
v -1.08098304 0.155843005 -1.830351
v -1.20870399 0.153153002 -1.82791495
v -1.32421803 0.150988996 -1.82543898
v -1.319561 0.189999998 -1.81626105
v -1.31371701 0.224306002 -1.80568504
v -1.19783401 0.226457 -1.80818403
v -1.07029104 0.229037002 -1.81057799
v -1.19008601 0.260172993 -1.79442203
v -1.06273603 0.263177007 -1.79685199
v -1.306198 0.257589012 -1.79203105
v -1.297212 0.291375011 -1.77546406
v -1.18088198 0.294342011 -1.77784503
v -0.942963004 0.197384 -1.823053
v -0.808299005 0.200767994 -1.82432604
v -0.812103987 0.162026003 -1.83393598
v -0.947362006 0.158757001 -1.83236694
v -1.07629204 0.194493994 -1.82126105
v -1.07029104 0.229037002 -1.81057799
v -0.93769902 0.232080996 -1.81224
v -0.804131985 0.235658005 -1.81341803
v -0.93128401 0.266470999 -1.79881597
v -0.799283981 0.270177007 -1.80041802
v -1.06273603 0.263177007 -1.79685199
v -1.053774 0.297724992 -1.78039896
v -0.923825026 0.301225007 -1.78276205
v -0.793833971 0.305007011 -1.78487396
v -0.676647007 0.204739004 -1.82520998
v -0.540831983 0.209227994 -1.82585502
v -0.542747021 0.170098007 -1.83587599
v -0.679473996 0.165782005 -1.83502901
v -0.673664987 0.239836007 -1.81436098
v -0.538833976 0.244452 -1.81502998
v -0.670291007 0.27441901 -1.80176198
v -0.53659302 0.279024005 -1.802652
v -0.666595995 0.30923599 -1.78667605
v -0.534197986 0.313746989 -1.78786194
v -0.393678993 0.214167997 -1.82640803
v -0.238330007 0.219540998 -1.82684398
v -0.395197004 0.175044999 -1.836707
v -0.392176002 0.249340996 -1.81538498
v -0.237226993 0.254547 -1.81558895
v -0.390478998 0.283823013 -1.80289304
v -0.235946 0.288866997 -1.80285096
v -0.388725013 0.318376005 -1.78812206
v -0.234643996 0.323208988 -1.78796697
v 0.246770993 0.236814007 -1.82688403
v 0.379040986 0.244710997 -1.82560003
v 0.400379002 0.208260998 -1.83607495
v 0.246907994 0.197732002 -1.83742595
v 0.0846630037 0.192122996 -1.83769095
v 0.0847140029 0.231199995 -1.82718098
v 0.0844710022 0.265771002 -1.81583905
v 0.246312007 0.271247 -1.81550097
v 0.37835899 0.276142001 -1.81512296
v 0.246000007 0.304975986 -1.80254602
v 0.378194988 0.307107002 -1.80318904
v 0.0843459964 0.299647987 -1.802845
v 0.0842330009 0.333588988 -1.78783298
v 0.245620996 0.338833004 -1.78764999
v 0.399383008 0.340983987 -1.78895998
v -1.41683304 0.188556001 -1.81410599
v -1.42121696 0.149652004 -1.82330406
v -1.50173604 0.148870006 -1.82159495
v -1.49749899 0.187562004 -1.81231499
v -1.49211895 0.221156999 -1.80202901
v -1.41133296 0.222550005 -1.80370605
v -1.40393603 0.255558997 -1.79018605
v -1.48470104 0.253877997 -1.78868794
v -1.47522199 0.287247986 -1.77220094
v -1.39482605 0.289121002 -1.77362394
v 0.645941973 0.104010001 -1.85715497
v 0.647984982 0.114175998 -1.85633194
v 0.735181987 0.117082998 -1.85613596
v 0.734215021 0.107219003 -1.85696805
v 0.732258976 0.0894669965 -1.85416305
v 0.644527018 0.0862599984 -1.85429001
v 0.560450971 0.0831319988 -1.85441005
v 0.561028004 0.100897998 -1.85734606
v 0.561720014 0.113443002 -1.85612905
v 0.482594013 0.0982709974 -1.85753596
v 0.482124001 0.110023998 -1.85642099
v 0.482490987 0.0805149972 -1.85452998
v 0.456405014 -0.76799202 -1.77030396
v 0.456391007 -0.772684991 -1.76158404
v 0.45826599 -0.725413978 -1.777089
v 0.534600973 -0.722339988 -1.77829301
v 0.532854974 -0.764878988 -1.77155101
v 0.532849014 -0.769569993 -1.76283395
v 0.609305024 -0.761766016 -1.77279794
v 0.609306991 -0.766453981 -1.76408398
v 0.610935986 -0.719267011 -1.77949703
v 0.684828997 -0.709402978 -1.78192198
v 0.682739973 -0.750804007 -1.77545702
v 0.682708979 -0.755412996 -1.76675999
v 0.463494003 -0.605790973 -1.79615295
v 0.469747007 -0.452623993 -1.81728101
v 0.545569003 -0.449883997 -1.81821203
v 0.539506018 -0.602827013 -1.79723597
v 0.61551702 -0.599862993 -1.79832006
v 0.621720016 -0.447144985 -1.81914306
v 0.698828995 -0.443498999 -1.820243
v 0.690698028 -0.593087971 -1.80008602
v 0.642295003 0.0468869992 -1.84545505
v 0.728937984 0.0497750007 -1.84547698
v 0.724937975 -0.00876399968 -1.83768594
v 0.639715016 -0.0112640001 -1.83744705
v 0.558272004 -0.0136409998 -1.83712602
v 0.559485018 0.0440849997 -1.84537399
v 0.481934994 0.0416669995 -1.84529197
v 0.481072992 -0.015811 -1.83680499
v 0.478886008 0.158112004 -1.84725702
v 0.482124001 0.110023998 -1.85642099
v 0.385369003 0.106964998 -1.85671198
v 0.385266989 0.154727995 -1.847471
v 0.400379002 0.208260998 -1.83607495
v 0.484174013 0.204209 -1.83779097
v 0.525219023 0.201368004 -1.83833599
v 0.537308991 0.168631002 -1.84535599
v 0.561720014 0.113443002 -1.85612905
v 0.47468099 -0.309415013 -1.83025706
v 0.469747007 -0.452623993 -1.81728101
v 0.478161007 -0.185310006 -1.83615601
v 0.554731011 -0.183268994 -1.83681202
v 0.550788999 -0.307056993 -1.83105099
v 0.545569003 -0.449883997 -1.81821203
v 0.628217995 -0.304699004 -1.83184397
v 0.621720016 -0.447144985 -1.81914306
v 0.63380003 -0.181205004 -1.83746803
v 0.715635002 -0.178955004 -1.83819997
v 0.707702994 -0.302278012 -1.83268702
v 0.698828995 -0.443498999 -1.820243
v 0.47568801 0.488606006 -1.68793905
v 0.477945 0.474647999 -1.70887303
v 0.473987013 0.492926002 -1.66420805
v 0.544827998 0.495418012 -1.66360199
v 0.547776997 0.491154999 -1.68753898
v 0.55160898 0.477187008 -1.70869994
v 0.619328976 0.493752003 -1.68720996
v 0.624441981 0.479786009 -1.708691
v 0.615525007 0.497900009 -1.66301298
v 0.691151023 0.500391006 -1.66214204
v 0.695340991 0.496360987 -1.68658805
v 0.701234996 0.482461989 -1.70839202
v 0.480053991 -0.0894559994 -1.83604896
v 0.478161007 -0.185310006 -1.83615601
v 0.481072992 -0.015811 -1.83680499
v 0.558272004 -0.0136409998 -1.83712602
v 0.556955993 -0.0874449983 -1.836555
v 0.554731011 -0.183268994 -1.83681202
v 0.637257993 -0.0853440017 -1.83705997
v 0.63380003 -0.181205004 -1.83746803
v 0.639715016 -0.0112640001 -1.83744705
v 0.724937975 -0.00876399968 -1.83768594
v 0.72094202 -0.083062999 -1.83756304
v 0.715635002 -0.178955004 -1.83819997
v 0.479373991 0.381166995 -1.77048099
v 0.480619997 0.415854007 -1.75125504
v 0.559603989 0.415461004 -1.75274706
v 0.538869977 0.378307998 -1.77237701
v 0.52738899 0.354954004 -1.78398895
v 0.48545599 0.350183994 -1.78610599
v 0.629324973 0.453370005 -1.73056901
v 0.624441981 0.479786009 -1.708691
v 0.701234996 0.482461989 -1.70839202
v 0.707430005 0.455924988 -1.73057902
v 0.71243 0.427340001 -1.74913394
v 0.635676026 0.424695998 -1.74896002
v 0.554930985 0.451070994 -1.73030996
v 0.55160898 0.477187008 -1.70869994
v 0.479865998 0.448706001 -1.73034894
v 0.477945 0.474647999 -1.70887303
v 0.45115 0.302958012 -1.80596995
v 0.483747005 0.297443986 -1.80854106
v 0.483238012 0.282628 -1.814767
v 0.450969994 0.280057997 -1.81503701
v 0.37835899 0.276142001 -1.81512296
v 0.378194988 0.307107002 -1.80318904
v 0.399383008 0.340983987 -1.78895998
v 0.465882987 0.320847005 -1.79864001
v 0.496582001 0.30962199 -1.803285
v 0.508189976 0.328444004 -1.79620695
v 0.552030981 0.338916004 -1.791646
v 0.573166013 0.32159999 -1.79910302
v 0.531535983 0.315510988 -1.80139506
v 0.48545599 0.350183994 -1.78610599
v 0.52738899 0.354954004 -1.78398895
v 0.45232299 0.257432014 -1.82268202
v 0.485260993 0.268822014 -1.81956601
v 0.498387992 0.259261996 -1.82269096
v 0.467103004 0.241137996 -1.82791102
v 0.400379002 0.208260998 -1.83607495
v 0.379040986 0.244710997 -1.82560003
v 0.507202983 0.237237006 -1.82973099
v 0.531189978 0.257178992 -1.82389796
v 0.570864022 0.254716992 -1.82515502
v 0.549463987 0.227751002 -1.83233297
v 0.525219023 0.201368004 -1.83833599
v 0.484174013 0.204209 -1.83779097
v 0.658321023 0.15016 -1.84987998
v 0.598003983 0.161153004 -1.84743094
v 0.61303699 0.190823004 -1.84195101
v 0.666957974 0.179840997 -1.84444702
v 0.732327998 0.180102006 -1.84433806
v 0.733694017 0.151593998 -1.84973097
v 0.735181987 0.117082998 -1.85613596
v 0.647984982 0.114175998 -1.85633194
v 0.561720014 0.113443002 -1.85612905
v 0.806142986 0.155325994 -1.84946001
v 0.793030024 0.184433997 -1.844028
v 0.84057498 0.196658999 -1.84177995
v 0.862711012 0.168849006 -1.84700203
v 0.909687996 0.125111997 -1.85519505
v 0.821640015 0.120093003 -1.85591698
v 1.025231 0.271669 -1.82202196
v 0.979243994 0.276322007 -1.81927705
v 0.978911996 0.299768001 -1.81169295
v 1.02311003 0.299719989 -1.81303501
v 1.06876194 0.299703985 -1.81362402
v 1.07271898 0.267129987 -1.82400894
v 1.06788695 0.229359001 -1.83439803
v 1.01043499 0.249979004 -1.82846701
v 0.966046989 0.258459002 -1.82463801
v 1.01798797 0.327491999 -1.80292702
v 0.974749029 0.323623002 -1.80284703
v 0.95896697 0.341217995 -1.79552603
v 0.998447001 0.347831994 -1.79477894
v 1.04735506 0.363804013 -1.78892803
v 1.06266296 0.331279993 -1.80225503
v 0.953068018 0.353588998 -1.79167199
v 0.998447001 0.347831994 -1.79477894
v 0.95896697 0.341217995 -1.79552603
v 0.923776984 0.345878989 -1.79251504
v 0.881605029 0.347328991 -1.79005897
v 0.905982971 0.359771997 -1.78719199
v 0.932654977 0.373154014 -1.78212905
v 0.978856027 0.369895011 -1.78530204
v 1.04735506 0.363804013 -1.78892803
v 0.964805007 0.241289005 -1.830953
v 0.929625988 0.251347989 -1.82681
v 0.966046989 0.258459002 -1.82463801
v 1.01043499 0.249979004 -1.82846701
v 1.06788695 0.229359001 -1.83439803
v 0.998234987 0.218176007 -1.83686197
v 0.94837302 0.210612997 -1.83810306
v 0.915691018 0.229784995 -1.83353996
v 0.884181976 0.246895 -1.82837796
v 0.881322026 0.381393999 -1.77492297
v 0.864094019 0.369599015 -1.77841794
v 0.83624202 0.389117002 -1.76798999
v 0.851742029 0.403050989 -1.76299596
v 0.886160016 0.427359998 -1.75204301
v 0.91682303 0.393388987 -1.77154899
v 0.905982971 0.359771997 -1.78719199
v 0.881605029 0.347328991 -1.79005897
v 0.789903998 0.409339994 -1.75954294
v 0.851742029 0.403050989 -1.76299596
v 0.781490982 0.396106005 -1.76495695
v 0.715421021 0.395231009 -1.76543903
v 0.714739978 0.407297999 -1.76004398
v 0.71243 0.427340001 -1.74913394
v 0.796334982 0.430427998 -1.74855304
v 0.886160016 0.427359998 -1.75204301
v 0.645188987 0.403957993 -1.75997901
v 0.653616011 0.391157001 -1.76555502
v 0.606828988 0.378484994 -1.77000904
v 0.593358994 0.392333001 -1.764292
v 0.559603989 0.415461004 -1.75274706
v 0.635676026 0.424695998 -1.74896002
v 0.714739978 0.407297999 -1.76004398
v 0.715421021 0.395231009 -1.76543903
v 0.571362972 0.365431994 -1.77792704
v 0.585815012 0.351814002 -1.78350699
v 0.538869977 0.378307998 -1.77237701
v 0.559603989 0.415461004 -1.75274706
v 0.593358994 0.392333001 -1.764292
v 0.606828988 0.378484994 -1.77000904
v 0.570725024 0.194702998 -1.839908
v 0.586682022 0.220222995 -1.834445
v 0.537308991 0.168631002 -1.84535599
v 0.525219023 0.201368004 -1.83833599
v 0.549463987 0.227751002 -1.83233297
v 0.570864022 0.254716992 -1.82515502
v 0.890443027 0.199653 -1.84029305
v 0.866477013 0.220599994 -1.83586097
v 0.884181976 0.246895 -1.82837796
v 0.915691018 0.229784995 -1.83353996
v 0.93492198 0.180007994 -1.84452903
v 0.672168016 0.196794003 -1.84182203
v 0.730853021 0.197070003 -1.84170902
v 0.731540024 0.192725003 -1.84206796
v 0.670852005 0.192587003 -1.84216702
v 0.620221019 0.202953994 -1.83970296
v 0.623304009 0.206377 -1.83942699
v 0.628009975 0.210382998 -1.83205903
v 0.674283981 0.201886997 -1.83442903
v 0.730148017 0.202179 -1.83420098
v 0.784404993 0.201214001 -1.84138501
v 0.787041008 0.197157994 -1.84174705
v 0.781090021 0.205788001 -1.83398902
v 0.820946991 0.216169 -1.83188498
v 0.82662499 0.212612003 -1.83928597
v 0.830780983 0.209065005 -1.83960497
v 0.660260975 0.380549014 -1.76970804
v 0.657811999 0.384409994 -1.768291
v 0.715565026 0.388574988 -1.76816905
v 0.716005027 0.38449499 -1.76969004
v 0.71648699 0.376533002 -1.76493204
v 0.663755 0.373032987 -1.76514995
v 0.623542011 0.362004995 -1.76911902
v 0.617846012 0.368339986 -1.77390099
v 0.613810003 0.371647 -1.772681
v 0.775704026 0.384817004 -1.76935899
v 0.777289987 0.388989002 -1.76775706
v 0.828548014 0.381664991 -1.77067602
v 0.825214028 0.377636999 -1.77214003
v 0.818902016 0.370508999 -1.767313
v 0.772612989 0.377072006 -1.764709
v 0.851318002 0.234650001 -1.83384705
v 0.862784982 0.264270008 -1.82442999
v 0.870108008 0.261308014 -1.82478702
v 0.856187999 0.231622994 -1.83404505
v 0.843554974 0.236776993 -1.82598305
v 0.853577018 0.264414996 -1.81619406
v 0.850395024 0.359075993 -1.78146005
v 0.854902029 0.362619996 -1.78054798
v 0.867340982 0.335536003 -1.79399002
v 0.860635996 0.331784993 -1.79498804
v 0.851356983 0.326784998 -1.78783906
v 0.842124999 0.352703005 -1.77557802
v 0.598137021 0.343228012 -1.78675604
v 0.593339026 0.34544301 -1.7859
v 0.613810003 0.371647 -1.772681
v 0.617846012 0.368339986 -1.77390099
v 0.623542011 0.362004995 -1.76911902
v 0.604972005 0.338881999 -1.78059494
v 0.598973989 0.311167985 -1.79432499
v 0.59158802 0.313742995 -1.80198205
v 0.585286975 0.313995004 -1.80200303
v 0.599219024 0.231810004 -1.83222699
v 0.594895005 0.230032995 -1.83233297
v 0.583939016 0.26363799 -1.82232702
v 0.590728998 0.262641013 -1.82269001
v 0.598438978 0.261388987 -1.81452799
v 0.605840027 0.233138993 -1.82447696
v 0.588652015 0.288417011 -1.81328404
v 0.583639979 0.288902998 -1.81270802
v 0.596472979 0.286368012 -1.80505705
v 0.865329027 0.298415989 -1.81039405
v 0.870380998 0.298696011 -1.80963898
v 0.870108008 0.261308014 -1.82478702
v 0.862784982 0.264270008 -1.82442999
v 0.853577018 0.264414996 -1.81619406
v 0.855675995 0.29588601 -1.80242801
v 0.677410007 0.206673995 -1.81299102
v 0.729809999 0.206754997 -1.81245506
v 0.730148017 0.202179 -1.83420098
v 0.674283981 0.201886997 -1.83442903
v 0.628009975 0.210382998 -1.83205903
v 0.634482026 0.213824004 -1.81052399
v 0.647491992 0.219037995 -1.79137802
v 0.679139972 0.214938 -1.78801596
v 0.729147017 0.214826003 -1.787377
v 0.777806997 0.209527999 -1.81258905
v 0.781090021 0.205788001 -1.83398902
v 0.775444984 0.216896996 -1.78790605
v 0.802619994 0.222449005 -1.79159498
v 0.814481974 0.218356997 -1.81037199
v 0.820946991 0.216169 -1.83188498
v 0.667993009 0.360184014 -1.74790001
v 0.663755 0.373032987 -1.76514995
v 0.71648699 0.376533002 -1.76493204
v 0.716646016 0.362892002 -1.74681604
v 0.717045009 0.344963998 -1.73038006
v 0.670907974 0.34306699 -1.73197103
v 0.642423987 0.340095013 -1.73899198
v 0.630437016 0.351260006 -1.75170195
v 0.623542011 0.362004995 -1.76911902
v 0.767138004 0.364304006 -1.74671698
v 0.772612989 0.377072006 -1.764709
v 0.818902016 0.370508999 -1.767313
v 0.80814898 0.359133989 -1.749192
v 0.79360801 0.346652001 -1.73656499
v 0.763332009 0.34721601 -1.73018503
v 0.832916021 0.236603007 -1.80278397
v 0.839393973 0.26126501 -1.79158401
v 0.853577018 0.264414996 -1.81619406
v 0.843554974 0.236776993 -1.82598305
v 0.812372983 0.234878004 -1.77932
v 0.814837992 0.256926 -1.76681399
v 0.828359008 0.342101008 -1.75583005
v 0.842124999 0.352703005 -1.77557802
v 0.851356983 0.326784998 -1.78783906
v 0.83622402 0.31742999 -1.76586497
v 0.810509026 0.308084011 -1.74426198
v 0.804324985 0.331845999 -1.73600996
v 0.613237023 0.33120501 -1.75995302
v 0.604972005 0.338881999 -1.78059494
v 0.623542011 0.362004995 -1.76911902
v 0.630437016 0.351260006 -1.75170195
v 0.642423987 0.340095013 -1.73899198
v 0.632026017 0.324420005 -1.73886597
v 0.62837702 0.30122301 -1.74605
v 0.608066976 0.30598399 -1.770118
v 0.598973989 0.311167985 -1.79432499
v 0.614898026 0.232742995 -1.80138302
v 0.605840027 0.233138993 -1.82447696
v 0.598438978 0.261388987 -1.81452799
v 0.608868003 0.257349998 -1.78971505
v 0.630914986 0.253102988 -1.76496506
v 0.635577977 0.231543005 -1.77815795
v 0.606601 0.281565011 -1.77966595
v 0.596472979 0.286368012 -1.80505705
v 0.62826103 0.27689001 -1.75450599
v 0.840198994 0.289346009 -1.77853
v 0.855675995 0.29588601 -1.80242801
v 0.853577018 0.264414996 -1.81619406
v 0.839393973 0.26126501 -1.79158401
v 0.814837992 0.256926 -1.76681399
v 0.814114988 0.282220006 -1.75482905
v 0.670435011 0.322751999 -1.73137403
v 0.670907974 0.34306699 -1.73197103
v 0.717045009 0.344963998 -1.73038006
v 0.718249023 0.324137002 -1.73066199
v 0.72013098 0.30092001 -1.73924899
v 0.669412971 0.299912006 -1.73880804
v 0.632026017 0.324420005 -1.73886597
v 0.642423987 0.340095013 -1.73899198
v 0.765250027 0.326512992 -1.72991395
v 0.763332009 0.34721601 -1.73018503
v 0.79360801 0.346652001 -1.73656499
v 0.804324985 0.331845999 -1.73600996
v 0.810509026 0.308084011 -1.74426198
v 0.769487023 0.303112 -1.73822904
v 0.772641003 0.277931005 -1.74745595
v 0.814114988 0.282220006 -1.75482905
v 0.814837992 0.256926 -1.76681399
v 0.77451098 0.253502011 -1.75809896
v 0.725145996 0.251450002 -1.75747895
v 0.722564995 0.275819987 -1.74773002
v 0.72013098 0.30092001 -1.73924899
v 0.769487023 0.303112 -1.73822904
v 0.810509026 0.308084011 -1.74426198
v 0.774896026 0.232355997 -1.77066302
v 0.775444984 0.216896996 -1.78790605
v 0.729147017 0.214826003 -1.787377
v 0.727465987 0.230422005 -1.76987302
v 0.77451098 0.253502011 -1.75809896
v 0.812372983 0.234878004 -1.77932
v 0.802619994 0.222449005 -1.79159498
v 0.677064002 0.230460003 -1.77001297
v 0.679139972 0.214938 -1.78801596
v 0.647491992 0.219037995 -1.79137802
v 0.635577977 0.231543005 -1.77815795
v 0.673478007 0.251226991 -1.75699306
v 0.725145996 0.251450002 -1.75747895
v 0.727465987 0.230422005 -1.76987302
v 0.729147017 0.214826003 -1.787377
v 0.670677006 0.275224 -1.74697006
v 0.62826103 0.27689001 -1.75450599
v 0.62837702 0.30122301 -1.74605
v 0.669412971 0.299912006 -1.73880804
v 0.673478007 0.251226991 -1.75699306
v 0.630914986 0.253102988 -1.76496506
v 0.614566982 0.494863987 -1.632985
v 0.69006598 0.49732101 -1.63203001
v 0.691151023 0.500391006 -1.66214204
v 0.615525007 0.497900009 -1.66301298
v 0.544827998 0.495418012 -1.66360199
v 0.544153988 0.492419004 -1.63366497
v 0.544506013 0.487376988 -1.60861897
v 0.61492002 0.489823014 -1.60793495
v 0.690421999 0.49228701 -1.60697699
v 0.615050018 0.487958997 -1.59867001
v 0.690554023 0.490426004 -1.59771097
v 0.544637024 0.485511988 -1.59935606
v 0.544655979 0.485235989 -1.59798396
v 0.615069985 0.487682998 -1.59729803
v 0.690572977 0.490150005 -1.59633803
v 0.473733008 0.489955992 -1.63434398
v 0.473987013 0.492926002 -1.66420805
v 0.380851001 0.489466012 -1.66503203
v 0.380970001 0.486458004 -1.63524199
v 0.381332994 0.481440991 -1.61020195
v 0.474090993 0.484925002 -1.60930395
v 0.474222988 0.483063996 -1.60004199
v 0.381467998 0.479584992 -1.60094202
v 0.381487995 0.479310006 -1.59957004
v 0.474242985 0.48278901 -1.59867001
v 0.456703007 -0.778656006 -1.73671806
v 0.361788005 -0.781861007 -1.735479
v 0.361474007 -0.775891006 -1.76034498
v 0.532849014 -0.769569993 -1.76283395
v 0.533164024 -0.775538981 -1.73796797
v 0.53352499 -0.780565023 -1.71291995
v 0.457064003 -0.783681989 -1.71166897
v 0.362149 -0.78688699 -1.71043098
v 0.457197011 -0.785539985 -1.70240498
v 0.362282008 -0.788745999 -1.70116603
v 0.533658028 -0.782423973 -1.70365596
v 0.533677995 -0.782698989 -1.70228302
v 0.457217008 -0.785816014 -1.70103204
v 0.362302005 -0.789021015 -1.69979405
v 0.609624982 -0.772423029 -1.73921895
v 0.533164024 -0.775538981 -1.73796797
v 0.532849014 -0.769569993 -1.76283395
v 0.682708979 -0.755412996 -1.76675999
v 0.683016002 -0.761355996 -1.74190104
v 0.683377028 -0.766381979 -1.71685302
v 0.609986007 -0.777449012 -1.71417105
v 0.53352499 -0.780565023 -1.71291995
v 0.610118985 -0.779307008 -1.70490694
v 0.533658028 -0.782423973 -1.70365596
v 0.683510005 -0.768239975 -1.70758796
v 0.683529973 -0.768516004 -1.70621598
v 0.610139012 -0.779582977 -1.70353401
v 0.533677995 -0.782698989 -1.70228302
v 1.09217799 0.0553929992 -1.81189299
v 1.08352101 -0.003853 -1.80509996
v 1.09022605 0.0603029989 -1.83660102
v 1.09470701 0.100464001 -1.84428
v 1.09668398 0.0955670029 -1.81956303
v 1.09704494 0.0905409977 -1.79451501
v 1.09253895 0.0503679998 -1.78684402
v 1.08388197 -0.00887900032 -1.78005195
v 1.09267294 0.0485090017 -1.77758002
v 1.08401597 -0.0107380003 -1.77078795
v 1.09717906 0.0886830017 -1.78525102
v 1.09719801 0.0884070024 -1.78387797
v 1.09269297 0.0482340008 -1.77620697
v 1.08403504 -0.0110130003 -1.76941502
v 1.01022696 -0.298599005 -1.80139399
v 0.966746986 -0.425889999 -1.79177797
v 1.00867999 -0.293686986 -1.82610202
v 1.04464698 -0.170168996 -1.83087802
v 1.04639304 -0.175084993 -1.80616498
v 1.046754 -0.180111006 -1.78111601
v 1.01058805 -0.303624988 -1.77634597
v 0.967108011 -0.430914998 -1.76672995
v 1.01072097 -0.305483013 -1.76708198
v 0.967242002 -0.432774007 -1.757465
v 1.04688704 -0.18197 -1.77185202
v 1.04690695 -0.182245001 -1.77047896
v 1.010741 -0.305759013 -1.76570904
v 0.967261016 -0.433050007 -1.75609303
v 1.10094702 0.172187999 -1.81194496
v 1.09891105 0.131206006 -1.81940198
v 1.09692001 0.136105001 -1.84412003
v 1.09895003 0.177088007 -1.83666098
v 1.10204101 0.220229 -1.80194402
v 1.10240197 0.215203002 -1.77689505
v 1.10130799 0.167163 -1.78689694
v 1.09927201 0.126181006 -1.79435301
v 1.10144103 0.165304005 -1.777632
v 1.09940505 0.124321997 -1.78508902
v 1.10253596 0.213343993 -1.76763105
v 1.10255599 0.213069007 -1.766258
v 1.10146105 0.165028006 -1.77626002
v 1.09942496 0.124045998 -1.78371596
v 0.998031974 0.501029015 -1.64542997
v 1.010764 0.486921012 -1.67112505
v 0.996544003 0.505716026 -1.67061305
v 0.990369976 0.508569002 -1.65044498
v 0.98961699 0.506807983 -1.62644696
v 0.989978015 0.501782 -1.60139894
v 0.998392999 0.496003002 -1.620381
v 1.01116002 0.481790006 -1.64607704
v 0.998525977 0.494143993 -1.61111701
v 1.011307 0.479891986 -1.63681197
v 0.990110993 0.499922991 -1.59213495
v 0.990131021 0.499648005 -1.59076202
v 0.998546004 0.493869007 -1.60974503
v 1.01132798 0.479611009 -1.63543999
v 1.06954205 -0.0787580013 -1.80529499
v 1.04639304 -0.175084993 -1.80616498
v 1.04464698 -0.170168996 -1.83087802
v 1.06768703 -0.0738369972 -1.83000302
v 1.08352101 -0.003853 -1.80509996
v 1.08388197 -0.00887900032 -1.78005195
v 1.06990302 -0.0837839991 -1.78024697
v 1.046754 -0.180111006 -1.78111601
v 1.07003605 -0.0856430009 -1.77098298
v 1.04688704 -0.18197 -1.77185202
v 1.08401597 -0.0107380003 -1.77078795
v 1.08403504 -0.0110130003 -1.76941502
v 1.07005596 -0.0859180018 -1.76961005
v 1.04690695 -0.182245001 -1.77047896
v 1.09991896 0.259357989 -1.79170704
v 1.10204101 0.220229 -1.80194402
v 1.10004199 0.225130007 -1.82665598
v 1.097929 0.264261991 -1.81641603
v 1.09521699 0.293419003 -1.78087997
v 1.09557796 0.288392991 -1.75583196
v 1.10028005 0.254332006 -1.76665902
v 1.10240197 0.215203002 -1.77689505
v 1.10041404 0.252472997 -1.75739503
v 1.10253596 0.213343993 -1.76763105
v 1.09571099 0.286534995 -1.74656796
v 1.09573102 0.286258996 -1.74519503
v 1.10043395 0.252198011 -1.75602198
v 1.10255599 0.213069007 -1.766258
v 1.08857095 0.326256007 -1.76910603
v 1.09521699 0.293419003 -1.78087997
v 1.09324598 0.298326999 -1.80558503
v 1.08663297 0.331164002 -1.79380906
v 1.07914197 0.359362006 -1.75507605
v 1.07953799 0.354231 -1.73002803
v 1.08893204 0.321229994 -1.74405801
v 1.09557796 0.288392991 -1.75583196
v 1.08906496 0.319371015 -1.73479295
v 1.09571099 0.286534995 -1.74656796
v 1.07968402 0.352333009 -1.72076297
v 1.07970595 0.352052003 -1.71939099
v 1.08908498 0.319095999 -1.73342097
v 1.09573102 0.286258996 -1.74519503
v -1.61317503 -0.382892996 -1.77024806
v -1.62316298 -0.254963994 -1.77680302
v -1.61269701 -0.377898008 -1.79498196
v -1.60049605 -0.520000994 -1.78370905
v -1.60098505 -0.524999022 -1.75897896
v -1.60062397 -0.530025005 -1.73393095
v -1.61281395 -0.387919009 -1.74520004
v -1.62280202 -0.259990007 -1.751755
v -1.61268103 -0.389777988 -1.73593497
v -1.62266803 -0.261848986 -1.74249101
v -1.60048997 -0.531883001 -1.72466695
v -1.60047102 -0.532158971 -1.72329402
v -1.612661 -0.390053004 -1.73456299
v -1.622648 -0.262124002 -1.74111795
v -1.63052702 -0.153688997 -1.77789605
v -1.635337 -0.076481998 -1.78076601
v -1.63486898 -0.0715000033 -1.80548704
v -1.630059 -0.148704007 -1.80262399
v -1.62316298 -0.254963994 -1.77680302
v -1.62280202 -0.259990007 -1.751755
v -1.63016605 -0.158714995 -1.75284803
v -1.63497603 -0.0815080032 -1.75571799
v -1.63003194 -0.160574004 -1.74358296
v -1.63484204 -0.0833669975 -1.746454
v -1.62266803 -0.261848986 -1.74249101
v -1.622648 -0.262124002 -1.74111795
v -1.63001299 -0.160849005 -1.74221098
v -1.63482201 -0.0836419985 -1.74508095
v -1.55522001 0.375041008 -1.67028105
v -1.54114294 0.393776 -1.64977396
v -1.55483997 0.380043 -1.69500899
v -1.57115698 0.352104008 -1.71879303
v -1.57157302 0.347122997 -1.69406605
v -1.57121205 0.342097014 -1.66901803
v -1.55485904 0.370014995 -1.64523304
v -1.54078102 0.388749987 -1.62472606
v -1.554726 0.368155986 -1.63596797
v -1.54064798 0.386891007 -1.61546099
v -1.57107794 0.340238988 -1.65975296
v -1.57105899 0.339962989 -1.65838099
v -1.55470598 0.367881 -1.63459599
v -1.54062796 0.386615992 -1.61408901
v -1.62801504 0.179748997 -1.77643895
v -1.62145305 0.212484002 -1.76576602
v -1.62752199 0.184713006 -1.80116296
v -1.63253105 0.146328002 -1.81112397
v -1.63303196 0.141366005 -1.78640497
v -1.632671 0.136340007 -1.76135695
v -1.62765396 0.174722999 -1.75138998
v -1.62109196 0.207459003 -1.74071801
v -1.62752104 0.172864005 -1.74212599
v -1.62095797 0.205599993 -1.73145294
v -1.63253701 0.134480998 -1.752092
v -1.63251698 0.134205997 -1.75072002
v -1.62750101 0.172589004 -1.74075401
v -1.62093902 0.205323994 -1.73008096
v -1.61351001 0.244108006 -1.752985
v -1.60285699 0.276805013 -1.73703504
v -1.61303103 0.249085993 -1.77770901
v -1.62096906 0.217454001 -1.79049397
v -1.62145305 0.212484002 -1.76576602
v -1.62109196 0.207459003 -1.74071801
v -1.61314905 0.239081994 -1.72793698
v -1.60249603 0.271779001 -1.71198702
v -1.61301601 0.237222999 -1.71867204
v -1.60236299 0.269919991 -1.70272195
v -1.62095797 0.205599993 -1.73145294
v -1.62093902 0.205323994 -1.73008096
v -1.61299598 0.236947998 -1.71730006
v -1.60234296 0.269645005 -1.70134997
v -1.58816504 0.312761009 -1.716856
v -1.57157302 0.347122997 -1.69406605
v -1.58771801 0.317739993 -1.74157906
v -1.60238695 0.281787992 -1.76175404
v -1.60285699 0.276805013 -1.73703504
v -1.60249603 0.271779001 -1.71198702
v -1.58780396 0.307734996 -1.69180799
v -1.57121205 0.342097014 -1.66901803
v -1.58767104 0.305875987 -1.68254399
v -1.57107794 0.340238988 -1.65975296
v -1.60236299 0.269919991 -1.70272195
v -1.60234296 0.269645005 -1.70134997
v -1.58765101 0.305601001 -1.68117094
v -1.57105899 0.339962989 -1.65838099
v -1.63633704 0.0928009972 -1.797068
v -1.63303196 0.141366005 -1.78640497
v -1.63253105 0.146328002 -1.81112397
v -1.63584197 0.0977670029 -1.82178497
v -1.63816798 0.050694 -1.80544806
v -1.63780701 0.0456679985 -1.78040004
v -1.63597596 0.0877749994 -1.77201998
v -1.632671 0.136340007 -1.76135695
v -1.63584197 0.0859159976 -1.76275504
v -1.63253701 0.134480998 -1.752092
v -1.63767302 0.0438090004 -1.77113497
v -1.63765395 0.0435339995 -1.76976299
v -1.63582206 0.0856409967 -1.76138306
v -1.63251698 0.134205997 -1.75072002
v -1.63765895 -0.0207579993 -1.79265702
v -1.63847494 0.0148449996 -1.80483496
v -1.63801396 0.0198240001 -1.829548
v -1.63719702 -0.0157769993 -1.81737196
v -1.635337 -0.076481998 -1.78076601
v -1.63497603 -0.0815080032 -1.75571799
v -1.63729799 -0.0257830005 -1.767609
v -1.63811398 0.00981900003 -1.77978599
v -1.63716495 -0.0276420005 -1.75834405
v -1.63797998 0.00796000008 -1.770522
v -1.63484204 -0.0833669975 -1.746454
v -1.63482201 -0.0836419985 -1.74508095
v -1.63714504 -0.0279179998 -1.75697196
v -1.63795996 0.00768500008 -1.76914895
v 1.02949595 0.461326987 -1.69505703
v 1.04951 0.428884 -1.717188
v 1.027632 0.466659009 -1.71976495
v 1.00917399 0.491881996 -1.69595397
v 1.010764 0.486921012 -1.67112505
v 1.01116002 0.481790006 -1.64607704
v 1.02999794 0.45587799 -1.67000794
v 1.05008197 0.423224986 -1.69213998
v 1.03018296 0.453862995 -1.66074395
v 1.05029404 0.421131015 -1.68287504
v 1.011307 0.479891986 -1.63681197
v 1.01132798 0.479611009 -1.63543999
v 1.03021097 0.453565001 -1.65937102
v 1.05032504 0.420821011 -1.68150306
v 0.229966 -0.785245001 -1.73426402
v 0.0798180029 -0.788649023 -1.73328698
v 0.0794750005 -0.782688975 -1.75814903
v 0.229640007 -0.779278994 -1.75912905
v 0.361788005 -0.781861007 -1.735479
v 0.362149 -0.78688699 -1.71043098
v 0.230326995 -0.790270984 -1.709216
v 0.0801789984 -0.793675005 -1.70823896
v 0.230460003 -0.792129993 -1.69995201
v 0.0803129971 -0.795534015 -1.69897401
v 0.362282008 -0.788745999 -1.70116603
v 0.362302005 -0.789021015 -1.69979405
v 0.23048 -0.792405009 -1.69857895
v 0.0803330019 -0.795809984 -1.69760203
v -0.0714600012 0.467523009 -1.63879299
v 0.0848919973 0.474274009 -1.63790405
v 0.0845730007 0.477602005 -1.667449
v -0.071924001 0.470876008 -1.66808903
v -0.225640997 0.460671991 -1.63922405
v -0.225280002 0.455648988 -1.61417603
v -0.0710970014 0.46250701 -1.61374497
v 0.0852570012 0.469262987 -1.61285603
v -0.0709630027 0.46065101 -1.60448003
v 0.0853919983 0.467409998 -1.60359204
v -0.225145996 0.453790992 -1.60491097
v -0.225125998 0.453514993 -1.60353899
v -0.0709429979 0.460375994 -1.60310805
v 0.0854120031 0.467135012 -1.60222006
v -0.377763987 0.453734994 -1.63917696
v -0.225640997 0.460671991 -1.63922405
v -0.226253003 0.464074999 -1.668257
v -0.378446996 0.457372993 -1.66801798
v -0.520770013 0.451377004 -1.66738403
v -0.520009995 0.447533995 -1.63868403
v -0.519649029 0.442508012 -1.61363494
v -0.377402991 0.448709995 -1.61412895
v -0.225280002 0.455648988 -1.61417603
v -0.377270013 0.446850985 -1.604864
v -0.225145996 0.453790992 -1.60491097
v -0.519514978 0.440649003 -1.60437095
v -0.51949501 0.440373987 -1.60299802
v -0.377249986 0.446574986 -1.60349202
v 0.243529007 0.480908006 -1.63657403
v 0.243272007 0.48407799 -1.66627002
v 0.0848919973 0.474274009 -1.63790405
v 0.0852570012 0.469262987 -1.61285603
v 0.243893996 0.475897014 -1.61153102
v 0.244029999 0.474043995 -1.60226905
v 0.0853919983 0.467409998 -1.60359204
v 0.0854120031 0.467135012 -1.60222006
v 0.244049996 0.473769993 -1.600896
v -0.644558012 0.442887992 -1.63777697
v -0.645488024 0.446691006 -1.66636896
v -0.762100995 0.44236201 -1.665079
v -0.760936022 0.438648999 -1.63659
v -0.760574996 0.433622986 -1.61154199
v -0.644196987 0.437862009 -1.61272895
v -0.644064009 0.436003 -1.60346401
v -0.760441005 0.43176499 -1.60227704
v -0.760421991 0.431488991 -1.60090494
v -0.644043982 0.435728014 -1.60209203
v -0.878669024 0.433670014 -1.63525498
v -0.880110979 0.437436014 -1.66361797
v -1.00293195 0.432285011 -1.66235399
v -1.00144196 0.428409994 -1.63419402
v -1.00108099 0.423384011 -1.609146
v -0.878307998 0.428644001 -1.61020696
v -0.87817502 0.426784992 -1.60094202
v -1.000947 0.421525002 -1.59988105
v -1.00092697 0.421249986 -1.59850895
v -0.878154993 0.426510006 -1.59957004
v -1.13293695 0.423330992 -1.63382804
v -1.00144196 0.428409994 -1.63419402
v -1.00293195 0.432285011 -1.66235399
v -1.13397706 0.427282006 -1.66164899
v -1.25599098 0.422369987 -1.660954
v -1.25539005 0.418336004 -1.63349295
v -1.25502896 0.413311005 -1.60844398
v -1.13257599 0.41830501 -1.60878003
v -1.00108099 0.423384011 -1.609146
v -1.132442 0.416446 -1.59951496
v -1.000947 0.421525002 -1.59988105
v -1.25489497 0.411451995 -1.59917998
v -1.25487602 0.411175996 -1.59780705
v -1.13242304 0.416171014 -1.59814298
v -1.00092697 0.421249986 -1.59850895
v 0.775745988 0.499821991 -1.63052106
v 0.857931018 0.502101004 -1.62889802
v 0.858998001 0.505223989 -1.65912104
v 0.691151023 0.500391006 -1.66214204
v 0.69006598 0.49732101 -1.63203001
v 0.690421999 0.49228701 -1.60697699
v 0.776103973 0.494792998 -1.60546994
v 0.85829097 0.497074991 -1.60384905
v 0.776237011 0.492933005 -1.59620404
v 0.858424008 0.495216012 -1.59458399
v 0.690554023 0.490426004 -1.59771097
v 0.690572977 0.490150005 -1.59633803
v 0.776256979 0.492657006 -1.59483194
v 0.858443975 0.494940013 -1.59321105
v -1.351035 0.413331002 -1.63252401
v -1.35171497 0.417493999 -1.65971398
v -1.42448103 0.413105011 -1.65815699
v -1.423401 0.408771992 -1.63113296
v -1.42303896 0.403746009 -1.60608399
v -1.35067403 0.408304989 -1.607476
v -1.350541 0.406446993 -1.59821105
v -1.42290604 0.401888013 -1.59682
v -1.42288601 0.401612014 -1.59544802
v -1.35052097 0.406170994 -1.59683895
v -1.53137398 0.400590003 -1.63681805
v -1.525038 0.401288986 -1.62995601
v -1.52627897 0.404843986 -1.65005898
v -1.53106701 0.405613989 -1.66154504
v -1.54114294 0.393776 -1.64977396
v -1.54078102 0.388749987 -1.62472606
v -1.53101301 0.39556399 -1.61177003
v -1.52467704 0.396263003 -1.60490799
v -1.53087997 0.39370501 -1.60250604
v -1.524544 0.394403994 -1.595644
v -1.54064798 0.386891007 -1.61546099
v -1.54062796 0.386615992 -1.61408901
v -1.53085995 0.393429995 -1.60113299
v -1.52452397 0.394129008 -1.59427094
v 1.06608999 0.394234002 -1.73748195
v 1.07914197 0.359362006 -1.75507605
v 1.06403005 0.399563998 -1.76218605
v 1.047418 0.43442601 -1.74189401
v 1.04951 0.428884 -1.717188
v 1.05008197 0.423224986 -1.69213998
v 1.06659198 0.388785988 -1.71243405
v 1.07953799 0.354231 -1.73002803
v 1.06677699 0.38677001 -1.70316994
v 1.07968402 0.352333009 -1.72076297
v 1.05029404 0.421131015 -1.68287504
v 1.05032504 0.420821011 -1.68150306
v 1.06680501 0.386471987 -1.70179701
v 1.07970595 0.352052003 -1.71939099
v -0.914994001 -0.809046984 -1.72961295
v -1.04981601 -0.811639011 -1.72801995
v -0.915404975 -0.803121984 -1.75445402
v -0.778613985 -0.800328016 -1.75575495
v -0.778204978 -0.80625701 -1.730914
v -0.777844012 -0.811281979 -1.70586598
v -0.914632976 -0.814073026 -1.70456398
v -1.04945505 -0.816664994 -1.70297205
v -0.914499998 -0.815931022 -1.69529998
v -1.04932201 -0.818524003 -1.69370699
v -0.777710021 -0.813140988 -1.69660199
v -0.777691007 -0.813417017 -1.69522905
v -0.914479971 -0.816206992 -1.69392705
v -1.04930198 -0.818799019 -1.69233501
v -0.0700739995 -0.791916013 -1.73275995
v -0.219846994 -0.795042992 -1.73242295
v -0.220226005 -0.789095998 -1.75727701
v -0.0704369992 -0.785960972 -1.75761795
v 0.0798180029 -0.788649023 -1.73328698
v 0.0801789984 -0.793675005 -1.70823896
v -0.0697129965 -0.796940982 -1.70771205
v -0.219485998 -0.800068974 -1.70737505
v -0.0695789978 -0.798799992 -1.69844794
v -0.219352007 -0.801927984 -1.69811106
v 0.0803129971 -0.795534015 -1.69897401
v 0.0803330019 -0.795809984 -1.69760203
v -0.0695599988 -0.799076021 -1.69707501
v -0.219331995 -0.802203 -1.696738
v -0.647338986 -0.803577006 -1.73143804
v -0.778204978 -0.80625701 -1.730914
v -0.64773798 -0.797645986 -1.75628102
v -0.514349997 -0.794945002 -1.75649703
v -0.513961017 -0.800879002 -1.73164904
v -0.513599992 -0.805903971 -1.70660102
v -0.646978021 -0.808602989 -1.70638895
v -0.777844012 -0.811281979 -1.70586598
v -0.646844983 -0.810460985 -1.69712496
v -0.777710021 -0.813140988 -1.69660199
v -0.513467014 -0.80776298 -1.69733703
v -0.513446987 -0.80803901 -1.69596398
v -0.646825016 -0.810737014 -1.69575298
v -0.777691007 -0.813417017 -1.69522905
v -1.17478001 -0.813723981 -1.72662401
v -1.28376198 -0.815346003 -1.72577298
v -1.17519295 -0.807810009 -1.75146604
v -1.05022597 -0.805719018 -1.75286198
v -1.04981601 -0.811639011 -1.72801995
v -1.04945505 -0.816664994 -1.70297205
v -1.17441905 -0.818750024 -1.70157599
v -1.28340101 -0.820371985 -1.70072496
v -1.17428505 -0.820608974 -1.69231105
v -1.28326702 -0.822230995 -1.69146001
v -1.04932201 -0.818524003 -1.69370699
v -1.04930198 -0.818799019 -1.69233501
v -1.17426598 -0.820883989 -1.69093895
v -1.28324699 -0.822506011 -1.69008803
v -0.369635999 -0.798032999 -1.73201501
v -0.513961017 -0.800879002 -1.73164904
v -0.370021999 -0.792092979 -1.75686598
v -0.220226005 -0.789095998 -1.75727701
v -0.219846994 -0.795042992 -1.73242295
v -0.219485998 -0.800068974 -1.70737505
v -0.369275004 -0.803058028 -1.706967
v -0.513599992 -0.805903971 -1.70660102
v -0.369141996 -0.804916978 -1.697703
v -0.513467014 -0.80776298 -1.69733703
v -0.219352007 -0.801927984 -1.69811106
v -0.219331995 -0.802203 -1.696738
v -0.369121999 -0.805193007 -1.69632995
v -0.513446987 -0.80803901 -1.69596398
v -1.37063801 -0.816546977 -1.72581506
v -1.44226098 -0.817682981 -1.72610497
v -1.37107599 -0.810644984 -1.75064898
v -1.28418398 -0.809436977 -1.75061297
v -1.28376198 -0.815346003 -1.72577298
v -1.28340101 -0.820371985 -1.70072496
v -1.37027597 -0.821572006 -1.70076704
v -1.44190001 -0.822709024 -1.70105696
v -1.37014306 -0.823431015 -1.69150305
v -1.44176698 -0.824567974 -1.69179201
v -1.28326702 -0.822230995 -1.69146001
v -1.28324699 -0.822506011 -1.69008803
v -1.37012303 -0.823706985 -1.69013
v -1.44174695 -0.824842989 -1.69042003
v 0.750266016 -0.734386981 -1.74744403
v 0.683016002 -0.761355996 -1.74190104
v 0.749997973 -0.728520989 -1.77228796
v 0.805045009 -0.695098996 -1.778337
v 0.805256009 -0.700866997 -1.75351
v 0.805616975 -0.70589298 -1.72846198
v 0.750626981 -0.739413023 -1.72239602
v 0.683377028 -0.766381979 -1.71685302
v 0.750760972 -0.741271973 -1.71313095
v 0.683510005 -0.768239975 -1.70758796
v 0.805751026 -0.707751989 -1.71919703
v 0.80576998 -0.708027005 -1.71782398
v 0.750781 -0.741546988 -1.71175897
v 0.683529973 -0.768516004 -1.70621598
v -1.47601402 0.405117005 -1.629529
v -1.423401 0.408771992 -1.63113296
v -1.42448103 0.413105011 -1.65815699
v -1.47761703 0.409655005 -1.65651
v -1.51074302 0.407357991 -1.65521801
v -1.50869405 0.402655005 -1.62822402
v -1.50833201 0.397630006 -1.603176
v -1.47565305 0.400090992 -1.60448098
v -1.42303896 0.403746009 -1.60608399
v -1.47552001 0.398232013 -1.59521604
v -1.42290604 0.401888013 -1.59682
v -1.50819898 0.395770997 -1.59391201
v -1.50817895 0.395494998 -1.59253895
v -1.47549999 0.397956997 -1.59384406
v -1.42288601 0.401612014 -1.59544802
v -1.52125704 0.401677996 -1.62772906
v -1.52347898 0.406430006 -1.65472806
v -1.52627897 0.404843986 -1.65005898
v -1.525038 0.401288986 -1.62995601
v -1.52467704 0.396263003 -1.60490799
v -1.520895 0.396652013 -1.60268104
v -1.52076197 0.394793987 -1.59341598
v -1.524544 0.394403994 -1.595644
v -1.52452397 0.394129008 -1.59427094
v -1.52074206 0.394517988 -1.592044
v -1.56794703 -0.820779026 -1.72567105
v -1.57061803 -0.819921017 -1.72576797
v -1.568398 -0.814894974 -1.75048602
v -1.55106604 -0.814431012 -1.75057805
v -1.550614 -0.82031697 -1.72576106
v -1.55025303 -0.825342 -1.70071304
v -1.56758595 -0.825805008 -1.70062196
v -1.57025802 -0.824947 -1.700719
v -1.56745195 -0.827664018 -1.69135797
v -1.57012403 -0.826804996 -1.69145501
v -1.55011904 -0.827201009 -1.69144797
v -1.55009902 -0.827476978 -1.69007599
v -1.56743205 -0.827938974 -1.68998599
v -1.570104 -0.827081025 -1.69008195
v -1.50548601 -0.819112003 -1.72599602
v -1.550614 -0.82031697 -1.72576106
v -1.50593996 -0.813223004 -1.75081694
v -1.44271302 -0.811788023 -1.75093102
v -1.44226098 -0.817682981 -1.72610497
v -1.44190001 -0.822709024 -1.70105696
v -1.50512505 -0.824137986 -1.700948
v -1.55025303 -0.825342 -1.70071304
v -1.50499105 -0.825996995 -1.69168401
v -1.55011904 -0.827201009 -1.69144797
v -1.44176698 -0.824567974 -1.69179201
v -1.44174695 -0.824842989 -1.69042003
v -1.50497198 -0.826272011 -1.69031096
v -1.55009902 -0.827476978 -1.69007599
v 0.921657026 -0.533547997 -1.77810705
v 0.886941016 -0.607556999 -1.76623297
v 0.920562983 -0.528885007 -1.80277705
v 0.965435028 -0.421041012 -1.81647003
v 0.966746986 -0.425889999 -1.79177797
v 0.967108011 -0.430914998 -1.76672995
v 0.922017992 -0.53857398 -1.75305903
v 0.887301981 -0.612582982 -1.741184
v 0.922151029 -0.54043299 -1.74379396
v 0.887435973 -0.614440978 -1.73192
v 0.967242002 -0.432774007 -1.757465
v 0.967261016 -0.433050007 -1.75609303
v 0.922170997 -0.540708005 -1.74242198
v 0.887454987 -0.614717007 -1.73054802
v 0.874584973 -0.633898973 -1.76200604
v 0.873185992 -0.636331975 -1.76164198
v 0.873706996 -0.629487991 -1.78664899
v 0.886007011 -0.603079021 -1.79088295
v 0.886941016 -0.607556999 -1.76623297
v 0.887301981 -0.612582982 -1.741184
v 0.874945998 -0.638925016 -1.73695803
v 0.873547018 -0.641358018 -1.73659301
v 0.875078976 -0.640784025 -1.72769403
v 0.873681009 -0.643217027 -1.72732902
v 0.887435973 -0.614440978 -1.73192
v 0.887454987 -0.614717007 -1.73054802
v 0.875099003 -0.641058981 -1.72632098
v 0.873700023 -0.643491983 -1.72595596
v -1.58701098 -0.668802023 -1.74374795
v -1.60098505 -0.524999022 -1.75897896
v -1.60049605 -0.520000994 -1.78370905
v -1.57526505 -0.77323401 -1.75544095
v -1.57576597 -0.778217018 -1.73072803
v -1.575405 -0.783243001 -1.70568001
v -1.58665001 -0.673826993 -1.71870005
v -1.60062397 -0.530025005 -1.73393095
v -1.58651602 -0.675686002 -1.70943499
v -1.60048997 -0.531883001 -1.72466695
v -1.57527101 -0.78510201 -1.69641602
v -1.57525098 -0.785377026 -1.69504297
v -1.586496 -0.675961018 -1.70806301
v -1.60047102 -0.532158971 -1.72329402
v -1.57176304 -0.817161977 -1.72609401
v -1.57576597 -0.778217018 -1.73072803
v -1.57526505 -0.77323401 -1.75544095
v -1.57028902 -0.815509975 -1.74415696
v -1.57061803 -0.819921017 -1.72576797
v -1.57025802 -0.824947 -1.700719
v -1.57140195 -0.82218802 -1.70104599
v -1.575405 -0.783243001 -1.70568001
v -1.57126904 -0.824046016 -1.691782
v -1.57527101 -0.78510201 -1.69641602
v -1.57012403 -0.826804996 -1.69145501
v -1.570104 -0.827081025 -1.69008195
v -1.57124901 -0.824321985 -1.69040895
v -1.57525098 -0.785377026 -1.69504297
v 0.84186399 -0.670144975 -1.75775898
v 0.805256009 -0.700866997 -1.75351
v 0.805045009 -0.695098996 -1.778337
v 0.862852991 -0.641984999 -1.78513706
v 0.86294198 -0.647601008 -1.76032805
v 0.863303006 -0.652626991 -1.73528004
v 0.842225015 -0.675171018 -1.73271096
v 0.805616975 -0.70589298 -1.72846198
v 0.842357993 -0.677030027 -1.72344697
v 0.805751026 -0.707751989 -1.71919703
v 0.863436997 -0.654486001 -1.72601604
v 0.863457024 -0.654761016 -1.72464299
v 0.84237802 -0.677304983 -1.72207403
v 0.80576998 -0.708027005 -1.71782398
v 0.87134397 -0.638615012 -1.76135194
v 0.86294198 -0.647601008 -1.76032805
v 0.862852991 -0.641984999 -1.78513706
v 0.872748017 -0.632598996 -1.779971
v 0.873185992 -0.636331975 -1.76164198
v 0.873547018 -0.641358018 -1.73659301
v 0.871704996 -0.643640995 -1.73630404
v 0.863303006 -0.652626991 -1.73528004
v 0.871838987 -0.645498991 -1.72704005
v 0.863436997 -0.654486001 -1.72601604
v 0.873681009 -0.643217027 -1.72732902
v 0.873700023 -0.643491983 -1.72595596
v 0.871858001 -0.64577502 -1.725667
v 0.863457024 -0.654761016 -1.72464299
v 0.983837008 0.50741601 -1.62265396
v 0.98961699 0.506807983 -1.62644696
v 0.990369976 0.508569002 -1.65044498
v 0.985897005 0.510506988 -1.65353203
v 0.968285978 0.508778989 -1.65628898
v 0.96638298 0.505546987 -1.62579
v 0.966744006 0.500522017 -1.60074198
v 0.984197974 0.502390981 -1.59760594
v 0.989978015 0.501782 -1.60139894
v 0.984331012 0.500531971 -1.588341
v 0.990110993 0.499922991 -1.59213495
v 0.966876984 0.498663008 -1.59147704
v 0.966897011 0.498387009 -1.59010506
v 0.984350979 0.500256002 -1.58696902
v 0.990131021 0.499648005 -1.59076202
v 0.922945023 0.503893018 -1.62759602
v 0.924409986 0.507098973 -1.65790296
v 0.858998001 0.505223989 -1.65912104
v 0.857931018 0.502101004 -1.62889802
v 0.85829097 0.497074991 -1.60384905
v 0.923305988 0.498867005 -1.602548
v 0.92343998 0.497007996 -1.59328306
v 0.858424008 0.495216012 -1.59458399
v 0.858443975 0.494940013 -1.59321105
v 0.923458993 0.49673301 -1.59191096
v 1.09820902 0.113251999 -1.82200396
v 1.09668398 0.0955670029 -1.81956303
v 1.09470701 0.100464001 -1.84428
v 1.09622204 0.118147999 -1.84672296
v 1.09692001 0.136105001 -1.84412003
v 1.09891105 0.131206006 -1.81940198
v 1.09927201 0.126181006 -1.79435301
v 1.09856999 0.108226001 -1.79695499
v 1.09704494 0.0905409977 -1.79451501
v 1.09870398 0.106366999 -1.787691
v 1.09717906 0.0886830017 -1.78525102
v 1.09940505 0.124321997 -1.78508902
v 1.09942496 0.124045998 -1.78371596
v 1.09872305 0.106091999 -1.78631794
v 1.09719801 0.0884070024 -1.78387797
v -1.638762 0.0316849984 -1.808568
v -1.63816798 0.050694 -1.80544806
v -1.63768494 0.0556659997 -1.83016503
v -1.63829303 0.0366609991 -1.83328199
v -1.63801396 0.0198240001 -1.829548
v -1.63847494 0.0148449996 -1.80483496
v -1.63811398 0.00981900003 -1.77978599
v -1.63840199 0.0266600009 -1.78351998
v -1.63780701 0.0456679985 -1.78040004
v -1.63826799 0.0248009991 -1.77425504
v -1.63767302 0.0438090004 -1.77113497
v -1.63797998 0.00796000008 -1.770522
v -1.63795996 0.00768500008 -1.76914895
v -1.63824797 0.0245249998 -1.77288198
v -1.63765395 0.0435339995 -1.76976299
v 0.591185987 0.346727997 -1.78549099
v 0.584689021 0.321594 -1.79858696
v 0.611891985 0.373308986 -1.77209496
v 0.613810003 0.371647 -1.772681
v 0.593339026 0.34544301 -1.7859
v 0.585286975 0.313995004 -1.80200303
v 0.656710029 0.386292994 -1.76761603
v 0.611891985 0.373308986 -1.77209496
v 0.715533972 0.390572011 -1.76744998
v 0.715565026 0.388574988 -1.76816905
v 0.657811999 0.384409994 -1.768291
v 0.613810003 0.371647 -1.772681
v 0.778252006 0.391036987 -1.76699305
v 0.781490982 0.396106005 -1.76495695
v 0.830367029 0.383740008 -1.76992202
v 0.828548014 0.381664991 -1.77067602
v 0.777289987 0.388989002 -1.76775706
v 0.857378006 0.364733994 -1.77991295
v 0.868203998 0.345858991 -1.78936303
v 0.867340982 0.335536003 -1.79399002
v 0.854902029 0.362619996 -1.78054798
v 0.858150005 0.229098007 -1.83424699
v 0.832682014 0.206906006 -1.83987606
v 0.830780983 0.209065005 -1.83960497
v 0.856187999 0.231622994 -1.83404505
v 0.870108008 0.261308014 -1.82478702
v 0.870149016 0.249640003 -1.82792306
v 0.788289011 0.194971994 -1.84204197
v 0.731821001 0.190440997 -1.84236395
v 0.731540024 0.192725003 -1.84206796
v 0.787041008 0.197157994 -1.84174705
v 0.670125008 0.190459996 -1.84245896
v 0.618620992 0.201262996 -1.83995998
v 0.620221019 0.202953994 -1.83970296
v 0.670852005 0.192587003 -1.84216702
v 0.592727005 0.229084998 -1.83249605
v 0.582922995 0.256401986 -1.824705
v 0.583939016 0.26363799 -1.82232702
v 0.594895005 0.230032995 -1.83233297
v 0.494870991 0.295484006 -1.80855501
v 0.49425301 0.283486009 -1.81383395
v 0.483238012 0.282628 -1.814767
v 0.483747005 0.297443986 -1.80854106
v 0.496582001 0.30962199 -1.803285
v 0.507041991 0.305662006 -1.80399001
v 0.507779002 0.304953009 -1.80124998
v 0.495710999 0.295087993 -1.80581498
v 0.495095015 0.283490002 -1.81109297
v 0.497455001 0.294265985 -1.80012298
v 0.496843994 0.283497989 -1.80540204
v 0.509310007 0.303481996 -1.79555798
v 0.511238992 0.30162999 -1.78839099
v 0.499651015 0.29323101 -1.79295599
v 0.499047011 0.283508986 -1.79823506
v 0.53944999 0.310952991 -1.80228198
v 0.507041991 0.305662006 -1.80399001
v 0.496582001 0.30962199 -1.803285
v 0.531535983 0.315510988 -1.80139506
v 0.571475029 0.312875986 -1.80211401
v 0.571570992 0.312061995 -1.79942298
v 0.539880991 0.310149014 -1.799541
v 0.507779002 0.304953009 -1.80124998
v 0.540777028 0.308479011 -1.79384995
v 0.509310007 0.303481996 -1.79555798
v 0.571771026 0.310373008 -1.79383397
v 0.572022021 0.308245003 -1.78679597
v 0.541903973 0.306376994 -1.78668296
v 0.511238992 0.30162999 -1.78839099
v 0.539346993 0.264014989 -1.82111096
v 0.569014013 0.265143007 -1.82128501
v 0.531189978 0.257178992 -1.82389796
v 0.498387992 0.259261996 -1.82269096
v 0.509055018 0.265486002 -1.82010806
v 0.509827018 0.266079992 -1.81736803
v 0.539873004 0.264631003 -1.81836998
v 0.569270015 0.26571101 -1.81850898
v 0.540965021 0.26591 -1.81267905
v 0.569801986 0.266889989 -1.81274498
v 0.511430025 0.267315 -1.81167603
v 0.513449013 0.268869996 -1.80450904
v 0.542340994 0.267520994 -1.80551195
v 0.570472002 0.268373996 -1.80548704
v 0.496502012 0.272731006 -1.81768298
v 0.509055018 0.265486002 -1.82010806
v 0.498387992 0.259261996 -1.82269096
v 0.485260993 0.268822014 -1.81956601
v 0.483238012 0.282628 -1.814767
v 0.49425301 0.283486009 -1.81383395
v 0.495095015 0.283490002 -1.81109297
v 0.497350007 0.273092985 -1.81494296
v 0.509827018 0.266079992 -1.81736803
v 0.499112993 0.273846 -1.80925202
v 0.511430025 0.267315 -1.81167603
v 0.496843994 0.283497989 -1.80540204
v 0.499047011 0.283508986 -1.79823506
v 0.501331985 0.274794012 -1.80208504
v 0.513449013 0.268869996 -1.80450904
v 0.582494974 0.312947989 -1.80217099
v 0.582615972 0.306540012 -1.80463505
v 0.582464993 0.305813998 -1.80215597
v 0.582403004 0.312079996 -1.79962802
v 0.582210004 0.310276985 -1.79434597
v 0.582152009 0.304306 -1.79700601
v 0.581758022 0.302406996 -1.79052198
v 0.581968009 0.308007002 -1.78769505
v 0.579689026 0.265689999 -1.82122195
v 0.580842018 0.271651 -1.818748
v 0.583939016 0.26363799 -1.82232702
v 0.582922995 0.256401986 -1.824705
v 0.569014013 0.265143007 -1.82128501
v 0.569270015 0.26571101 -1.81850898
v 0.579797983 0.266281009 -1.81834197
v 0.580856979 0.272087991 -1.81584799
v 0.580024004 0.267509997 -1.812361
v 0.580887973 0.272994995 -1.80982399
v 0.569801986 0.266889989 -1.81274498
v 0.570472002 0.268373996 -1.80548704
v 0.58030802 0.269057006 -1.804829
v 0.580928028 0.274138004 -1.80223894
v 0.581941009 0.289020985 -1.81168997
v 0.582615972 0.306540012 -1.80463505
v 0.585286975 0.313995004 -1.80200303
v 0.583939016 0.26363799 -1.82232702
v 0.580842018 0.271651 -1.818748
v 0.580856979 0.272087991 -1.81584799
v 0.581848025 0.288874 -1.809008
v 0.582464993 0.305813998 -1.80215597
v 0.581655025 0.288569987 -1.80343604
v 0.582152009 0.304306 -1.79700601
v 0.580887973 0.272994995 -1.80982399
v 0.581411004 0.288186014 -1.79641998
v 0.581758022 0.302406996 -1.79052198
v 0.95994997 0.32199201 -1.80080903
v 0.945500016 0.338436007 -1.79377198
v 0.95896697 0.341217995 -1.79552603
v 0.974749029 0.323623002 -1.80284703
v 0.978911996 0.299768001 -1.81169295
v 0.963755012 0.299739003 -1.80923295
v 0.962907016 0.299650013 -1.80520904
v 0.959177017 0.321307003 -1.796785
v 0.944885015 0.337280005 -1.789765
v 0.958015978 0.320279986 -1.79074895
v 0.943962991 0.335548013 -1.78375494
v 0.961633027 0.299515009 -1.799173
v 0.960147977 0.299358994 -1.79213202
v 0.956663013 0.319081008 -1.78370798
v 0.942887008 0.333525985 -1.77674305
v 0.963557005 0.278037012 -1.81634998
v 0.963755012 0.299739003 -1.80923295
v 0.978911996 0.299768001 -1.81169295
v 0.979243994 0.276322007 -1.81927705
v 0.966046989 0.258459002 -1.82463801
v 0.951023996 0.261550993 -1.82134902
v 0.950571001 0.262082994 -1.817325
v 0.962841988 0.278364003 -1.81232703
v 0.962907016 0.299650013 -1.80520904
v 0.961769998 0.278854996 -1.80629098
v 0.961633027 0.299515009 -1.799173
v 0.949890018 0.262879997 -1.81129003
v 0.949096024 0.263810009 -1.80424798
v 0.960519016 0.279426992 -1.79925001
v 0.960147977 0.299358994 -1.79213202
v 0.913764 0.342711002 -1.79081798
v 0.883074999 0.340867013 -1.79032397
v 0.923776984 0.345878989 -1.79251504
v 0.95896697 0.341217995 -1.79552603
v 0.945500016 0.338436007 -1.79377198
v 0.944885015 0.337280005 -1.789765
v 0.91326499 0.341513991 -1.78686202
v 0.882722974 0.339749008 -1.78646803
v 0.912515998 0.339718997 -1.78092802
v 0.882196009 0.338072002 -1.78068304
v 0.943962991 0.335548013 -1.78375494
v 0.942887008 0.333525985 -1.77674305
v 0.911643028 0.337624013 -1.77400506
v 0.881579995 0.336115003 -1.77393496
v 0.917825997 0.254945993 -1.82341695
v 0.951023996 0.261550993 -1.82134902
v 0.966046989 0.258459002 -1.82463801
v 0.929625988 0.251347989 -1.82681
v 0.884181976 0.246895 -1.82837796
v 0.885137975 0.254534006 -1.82378101
v 0.885185003 0.254889011 -1.81969094
v 0.917679012 0.255436987 -1.81939304
v 0.950571001 0.262082994 -1.817325
v 0.917457998 0.256172001 -1.813357
v 0.949890018 0.262879997 -1.81129003
v 0.885255992 0.255421996 -1.813555
v 0.885338008 0.256042987 -1.80639696
v 0.917200029 0.25703001 -1.80631602
v 0.949096024 0.263810009 -1.80424798
v 0.871762991 0.338954002 -1.79066706
v 0.87102598 0.327863991 -1.79522395
v 0.867340982 0.335536003 -1.79399002
v 0.868203998 0.345858991 -1.78936303
v 0.881605029 0.347328991 -1.79005897
v 0.883074999 0.340867013 -1.79032397
v 0.882722974 0.339749008 -1.78646803
v 0.871665001 0.337727994 -1.78697503
v 0.871101975 0.326691985 -1.79154694
v 0.871519029 0.335887015 -1.78143597
v 0.871217012 0.324934989 -1.78603101
v 0.882196009 0.338072002 -1.78068304
v 0.881579995 0.336115003 -1.77393496
v 0.87134701 0.333741009 -1.77497494
v 0.87134999 0.322885007 -1.77959502
v 0.872057974 0.298487991 -1.80737495
v 0.873535991 0.268763989 -1.81942201
v 0.870380998 0.298696011 -1.80963898
v 0.872044027 0.297886997 -1.80334902
v 0.873405993 0.268795997 -1.81506503
v 0.872021973 0.296986014 -1.79730999
v 0.87321198 0.268844992 -1.80852997
v 0.871995986 0.295933992 -1.79026496
v 0.872985005 0.268902004 -1.80090499
v 0.874135017 0.25662601 -1.82367003
v 0.885137975 0.254534006 -1.82378101
v 0.870149016 0.249640003 -1.82792306
v 0.873535991 0.268763989 -1.81942201
v 0.873405993 0.268795997 -1.81506503
v 0.874107003 0.256902993 -1.81938004
v 0.885185003 0.254889011 -1.81969094
v 0.874064982 0.25731799 -1.81294596
v 0.885255992 0.255421996 -1.813555
v 0.87321198 0.268844992 -1.80852997
v 0.872985005 0.268902004 -1.80090499
v 0.874015987 0.25780201 -1.80543804
v 0.885338008 0.256042987 -1.80639696
vt 0.295399994 0.377000004
vt 0.295399994 0.375999987
vt 0.295899987 0.375999987
vt 0.295899987 0.377000004
vt 0.295899987 0.378199995
vt 0.295399994 0.378199995
vt 0.2949 0.378199995
vt 0.2949 0.377000004
vt 0.2949 0.375999987
vt 0.296400011 0.376899987
vt 0.296400011 0.378199995
vt 0.296400011 0.375999987
vt 0.296900004 0.375999987
vt 0.296900004 0.376899987
vt 0.296900004 0.378199995
vt 0.377900004 0.577099979
vt 0.379200011 0.577099979
vt 0.379200011 0.578100026
vt 0.377900004 0.578100026
vt 0.377000004 0.578100026
vt 0.377000004 0.577099979
vt 0.377000004 0.576200008
vt 0.377900004 0.576200008
vt 0.379200011 0.576200008
vt 0.377900004 0.575200021
vt 0.379200011 0.575200021
vt 0.377000004 0.575200021
vt 0.377000004 0.574199975
vt 0.377900004 0.574199975
vt 0.379200011 0.574199975
vt 0.343800008 0.376899987
vt 0.343800008 0.378100008
vt 0.3125 0.378100008
vt 0.3125 0.376800001
vt 0.3125 0.3759
vt 0.343800008 0.3759
vt 0.375 0.3759
vt 0.375 0.376899987
vt 0.375 0.378100008
vt 0.377900004 0.5
vt 0.377000004 0.5
vt 0.377000004 0
vt 0.377900004 -0
vt 0.379200011 -0
vt 0.379200011 0.5
vt 0.379200011 1
vt 0.377900004 1
vt 0.377000004 1
vt 0.377400011 0.875
vt 0.379000008 0.875
vt 0.379200011 1
vt 0.377900004 1
vt 0.377000004 1
vt 0.375999987 0.875
vt 0.375499994 0.765600026
vt 0.377200007 0.765600026
vt 0.379000008 0.765600026
vt 0.377900004 0.166700006
vt 0.379200011 0.166700006
vt 0.379200011 0.333299994
vt 0.377900004 0.333299994
vt 0.377000004 0.333299994
vt 0.377000004 0.166700006
vt 0.377000004 0
vt 0.377900004 0
vt 0.379200011 0
vt 0.377900004 0.5
vt 0.377000004 0.5
vt 0.379200011 0.5
vt 0.379200011 0.666700006
vt 0.377900004 0.666700006
vt 0.377000004 0.666700006
vt 0.377900004 0.833299994
vt 0.379200011 0.833299994
vt 0.379200011 1
vt 0.377900004 1
vt 0.377000004 1
vt 0.377000004 0.833299994
vt 0.377900004 0.25
vt 0.379200011 0.25
vt 0.379200011 0.468699992
vt 0.377900004 0.468699992
vt 0.377000004 0.468699992
vt 0.377000004 0.25
vt 0.377000004 -0
vt 0.377900004 -0
vt 0.379200011 -0
vt 0.377400011 0.6875
vt 0.379000008 0.6875
vt 0.375999987 0.6875
vt 0.377000004 0.625
vt 0.377900004 0.625
vt 0.379200011 0.625
vt 0.704599977 0.265599996
vt 0.704100013 0.265599996
vt 0.704100013 0.249899998
vt 0.704599977 0.249899998
vt 0.7051 0.249899998
vt 0.7051 0.265599996
vt 0.704999983 0.282200009
vt 0.704599977 0.281199992
vt 0.704100013 0.281199992
vt 0.703599989 0.265599996
vt 0.703100026 0.265599996
vt 0.703100026 0.249899998
vt 0.703599989 0.249899998
vt 0.703599989 0.281199992
vt 0.703100026 0.281199992
vt 0.704599977 0.296799988
vt 0.704100013 0.296799988
vt 0.7051 0.296799988
vt 0.7051 0.312400013
vt 0.704599977 0.312400013
vt 0.704100013 0.312400013
vt 0.703599989 0.296799988
vt 0.703100026 0.296799988
vt 0.703599989 0.312400013
vt 0.703100026 0.312400013
vt 0.295399994 0.379900008
vt 0.295899987 0.379900008
vt 0.295899987 0.381799996
vt 0.295399994 0.381900012
vt 0.294999987 0.381900012
vt 0.294999987 0.379900008
vt 0.296400011 0.379900008
vt 0.296900004 0.379900008
vt 0.296900004 0.381799996
vt 0.296400011 0.381799996
vt 0.295399994 0.5
vt 0.295899987 0.5
vt 0.295899987 1
vt 0.295399994 1
vt 0.2949 1
vt 0.2949 0.5
vt 0.2949 9.99999975e-05
vt 0.295399994 9.99999975e-05
vt 0.295899987 9.99999975e-05
vt 0.296400011 0.5
vt 0.296900004 0.5
vt 0.296900004 1
vt 0.296400011 1
vt 0.296400011 9.99999975e-05
vt 0.296900004 9.99999975e-05
vt 0.500199974 0.296400011
vt 0.500199974 0.295899987
vt 0.99970001 0.295899987
vt 0.99970001 0.296400011
vt 0.99970001 0.296900004
vt 0.500199974 0.296900004
vt 0.000600000028 0.296900004
vt 0.000600000028 0.296400011
vt 0.000600000028 0.295899987
vt 0.500199974 0.295399994
vt 0.500199974 0.2949
vt 0.99970001 0.2949
vt 0.99970001 0.295399994
vt 0.000600000028 0.295399994
vt 0.000600000028 0.2949
vt 0.497700006 0.704699993
vt 0.497599989 0.704200029
vt 0.997900009 0.704200029
vt 0.997900009 0.704699993
vt 0.997900009 0.705200016
vt 0.497700006 0.7051
vt -0.00260000001 0.7051
vt -0.00260000001 0.704599977
vt -0.00260000001 0.704100013
vt 0.497599989 0.703700006
vt 0.497599989 0.703199983
vt 0.997900009 0.703199983
vt 0.997900009 0.703700006
vt -0.00270000007 0.703700006
vt -0.00270000007 0.703199983
vt 0.296400011 0.749800026
vt 0.295899987 0.749800026
vt 0.295899987 0.499599993
vt 0.296400011 0.499599993
vt 0.296900004 0.499599993
vt 0.296900004 0.749800026
vt 0.296900004 1
vt 0.296400011 1
vt 0.295899987 1
vt 0.295399994 0.749800026
vt 0.2949 0.749800026
vt 0.2949 0.499599993
vt 0.295399994 0.499599993
vt 0.295399994 1
vt 0.2949 1
vt 0.295399994 0.231800005
vt 0.295899987 0.231900007
vt 0.295899987 0.473500013
vt 0.295399994 0.473399997
vt 0.2949 0.45449999
vt 0.2949 0.231800005
vt 0.2949 -0.00120000006
vt 0.295399994 -0.00120000006
vt 0.295899987 -0.00120000006
vt 0.296299994 0.231900007
vt 0.296799988 0.231900007
vt 0.296799988 0.4736
vt 0.296299994 0.473500013
vt 0.296299994 -0.00120000006
vt 0.296799988 -0.00120000006
vt 0.295399994 0.732200027
vt 0.295899987 0.732200027
vt 0.295899987 0.999499977
vt 0.295399994 0.999499977
vt 0.2949 0.999599993
vt 0.2949 0.73210001
vt 0.296400011 0.732299984
vt 0.296900004 0.732299984
vt 0.296900004 0.999499977
vt 0.296400011 0.999499977
vt 0.295399994 0.745999992
vt 0.2949 0.745999992
vt 0.294999987 0.508599997
vt 0.295399994 0.493800014
vt 0.295899987 0.493900001
vt 0.295899987 0.746100008
vt 0.295899987 1.00030005
vt 0.295399994 1.00030005
vt 0.2949 1.00030005
vt 0.295399994 0.245700002
vt 0.2949 0.2456
vt 0.2949 -0.00039999999
vt 0.295399994 -0.00039999999
vt 0.295899987 -0.00039999999
vt 0.295899987 0.245700002
vt 0.575200021 0.265599996
vt 0.575200021 0.281199992
vt 0.574199975 0.281199992
vt 0.574199975 0.265599996
vt 0.574199975 0.25
vt 0.575200021 0.25
vt 0.576200008 0.252000004
vt 0.576200008 0.265599996
vt 0.576200008 0.281199992
vt 0.575200021 0.296900004
vt 0.575200021 0.3125
vt 0.574199975 0.3125
vt 0.574199975 0.296900004
vt 0.576200008 0.296900004
vt 0.576200008 0.3125
vt 0.577099979 0.265599996
vt 0.577099979 0.281199992
vt 0.577099979 0.25
vt 0.578100026 0.25
vt 0.578100026 0.265599996
vt 0.578100026 0.281199992
vt 0.577099979 0.296900004
vt 0.577099979 0.3125
vt 0.578100026 0.296900004
vt 0.578100026 0.3125
vt 0.656300008 0.265500009
vt 0.656300008 0.281199992
vt 0.625 0.281199992
vt 0.625 0.265500009
vt 0.625 0.249899998
vt 0.656300008 0.249899998
vt 0.6875 0.249899998
vt 0.6875 0.265500009
vt 0.6875 0.281199992
vt 0.656300008 0.296799988
vt 0.656300008 0.312400013
vt 0.625 0.312400013
vt 0.625 0.296799988
vt 0.6875 0.296799988
vt 0.6875 0.312400013
vt 0.5 0.296900004
vt 0.5 0.281199992
vt 1 0.281199992
vt 1 0.296900004
vt 1 0.3125
vt 0.5 0.3125
vt -0 0.3125
vt -0 0.296900004
vt 0 0.281199992
vt 0.5 0.265599996
vt 0.5 0.25
vt 1 0.25
vt 1 0.265599996
vt -0 0.265599996
vt -0 0.25
vt 0.875 0.265599996
vt 0.875 0.281199992
vt 0.765600026 0.281199992
vt 0.765600026 0.265599996
vt 0.765600026 0.252000004
vt 0.875 0.25
vt 1 0.25
vt 1 0.265599996
vt 1 0.281199992
vt 0.875 0.296900004
vt 0.875 0.3125
vt 0.765600026 0.3125
vt 0.765600026 0.296900004
vt 1 0.296900004
vt 1 0.3125
vt 0.833299994 0.265599996
vt 0.833299994 0.281300008
vt 0.666700006 0.281300008
vt 0.666700006 0.265599996
vt 0.677100003 0.252000004
vt 0.833299994 0.25
vt 1 0.25
vt 1 0.265599996
vt 1 0.281199992
vt 0.833299994 0.296900004
vt 0.833299994 0.3125
vt 0.666700006 0.3125
vt 0.666700006 0.296900004
vt 1 0.296900004
vt 1 0.3125
vt 0.5 0.265599996
vt 0.5 0.281199992
vt 0.333299994 0.281199992
vt 0.333299994 0.265599996
vt 0.343699992 0.252000004
vt 0.5 0.25
vt 0.5 0.296900004
vt 0.5 0.3125
vt 0.333299994 0.3125
vt 0.333299994 0.296900004
vt 0.166700006 0.265599996
vt 0.166700006 0.281199992
vt -0 0.281199992
vt -0 0.265599996
vt -0 0.25
vt 0.166700006 0.25
vt 0.166700006 0.296900004
vt 0.166700006 0.3125
vt -0 0.3125
vt -0 0.296900004
vt 0.25 0.296900004
vt 0.25 0.281199992
vt 0.468800008 0.281199992
vt 0.468800008 0.296900004
vt 0.468800008 0.3125
vt 0.25 0.3125
vt 0 0.3125
vt -0 0.296900004
vt -0 0.281199992
vt 0.25 0.265599996
vt 0.25 0.25
vt 0.468800008 0.252000004
vt 0.468800008 0.265599996
vt -0 0.265599996
vt 0 0.25
vt 0.6875 0.265599996
vt 0.6875 0.281199992
vt 0.625 0.281199992
vt 0.625 0.265599996
vt 0.625 0.25
vt 0.6875 0.25
vt 0.6875 0.296900004
vt 0.6875 0.3125
vt 0.625 0.3125
vt 0.625 0.296900004
vt 0.380899996 0.577099979
vt 0.380899996 0.576200008
vt 0.382800013 0.576200008
vt 0.382800013 0.577099979
vt 0.382800013 0.578100026
vt 0.380899996 0.578100026
vt 0.380899996 0.575200021
vt 0.380899996 0.574199975
vt 0.382800013 0.574199975
vt 0.382800013 0.575200021
vt 0.5 0.575200021
vt 0.5 0.576200008
vt -0 0.576200008
vt -0 0.575200021
vt -0 0.574199975
vt 0.5 0.574199975
vt 1 0.574199975
vt 1 0.575200021
vt 1 0.576200008
vt 0.5 0.577099979
vt 0.5 0.578100026
vt 0 0.578100026
vt 0 0.577099979
vt 1 0.577099979
vt 1 0.578100026
vt 0.5 0.577099979
vt 0.5 0.576200008
vt 1 0.576200008
vt 1 0.577099979
vt 1 0.578100026
vt 0.5 0.578100026
vt 0 0.578100026
vt 0 0.577099979
vt 0 0.576200008
vt 0.5 0.575200021
vt 0.5 0.574199975
vt 1 0.574199975
vt 1 0.575200021
vt 0 0.575200021
vt 0 0.574199975
vt 0.5 0.577099979
vt 0.5 0.576200008
vt 1 0.576200008
vt 1 0.577099979
vt 1 0.578100026
vt 0.5 0.578100026
vt 0 0.578100026
vt 0 0.577099979
vt 0 0.576200008
vt 0.5 0.575200021
vt 0.5 0.574199975
vt 1 0.574199975
vt 1 0.575200021
vt 0 0.575200021
vt 0 0.574199975
vt 0.75 0.577099979
vt 0.75 0.576200008
vt 1 0.576200008
vt 1 0.577099979
vt 1 0.578100026
vt 0.75 0.578100026
vt 0.5 0.578100026
vt 0.5 0.577099979
vt 0.5 0.576200008
vt 0.75 0.575200021
vt 0.75 0.574199975
vt 1 0.574199975
vt 1 0.575200021
vt 0.5 0.575200021
vt 0.5 0.574199975
vt 0.717700005 0.574899971
vt 0.718599975 0.575900018
vt 0.452899992 0.575800002
vt 0.451599985 0.574800014
vt 0.459899992 0.573899984
vt 0.716799974 0.573899984
vt 1 0.574199975
vt 1 0.575200021
vt 1 0.576200008
vt 0.719500005 0.576900005
vt 0.720300019 0.577899992
vt 0.455500007 0.577700019
vt 0.4542 0.576699972
vt 1 0.577099979
vt 1 0.578100026
vt 0.217700005 0.574899971
vt 0.218600005 0.575900018
vt 0 0.576200008
vt 0 0.575200021
vt 0 0.574199975
vt 0.216800004 0.573899984
vt 0.219500005 0.576900005
vt 0.220300004 0.577899992
vt 0 0.578100026
vt 0 0.577099979
vt 0.575200021 0.253800005
vt 0.576200008 0.253899992
vt 0.576099992 0.505900025
vt 0.575200021 0.505800009
vt 0.574299991 0.490799993
vt 0.574199975 0.253800005
vt 0.574199975 -0
vt 0.575200021 -0
vt 0.576200008 -0
vt 0.577099979 0.254000008
vt 0.578100026 0.254000008
vt 0.578100026 0.505999982
vt 0.577099979 0.505900025
vt 0.577099979 -0
vt 0.578100026 -0
vt 0.575200021 0.753799975
vt 0.576200008 0.753899992
vt 0.576200008 1
vt 0.575200021 1
vt 0.574199975 1
vt 0.574199975 0.753799975
vt 0.577099979 0.754000008
vt 0.578100026 0.754000008
vt 0.578100026 1
vt 0.577099979 1
vt 0.343800008 0.379799992
vt 0.343800008 0.381799996
vt 0.3125 0.381700009
vt 0.3125 0.379799992
vt 0.375 0.379900008
vt 0.375 0.381799996
vt 0.380899996 0.5
vt 0.380899996 -0
vt 0.382800013 0
vt 0.382800013 0.5
vt 0.382800013 1
vt 0.380899996 1
vt 0.380899996 0.875
vt 0.382800013 0.875
vt 0.382800013 1
vt 0.380899996 1
vt 0.380899996 0.765600026
vt 0.382800013 0.765600026
vt 0.380899996 0.166700006
vt 0.382800013 0.166700006
vt 0.382800013 0.333299994
vt 0.380899996 0.333299994
vt 0.380899996 0
vt 0.382800013 0
vt 0.380899996 0.5
vt 0.382800013 0.5
vt 0.382800013 0.666700006
vt 0.380899996 0.666700006
vt 0.380899996 0.833299994
vt 0.382800013 0.833299994
vt 0.382800013 1
vt 0.380899996 1
vt 0.380899996 0.25
vt 0.382800013 0.25
vt 0.382800013 0.468699992
vt 0.380899996 0.468699992
vt 0.380899996 -0
vt 0.382800013 0
vt 0.380899996 0.6875
vt 0.382800013 0.6875
vt 0.380899996 0.625
vt 0.382800013 0.625
vt 0.343699992 0.5
vt 0.375 0.5
vt 0.375 1
vt 0.343699992 1
vt 0.3125 1
vt 0.3125 0.5
vt 0.3125 9.99999975e-05
vt 0.343699992 9.99999975e-05
vt 0.375 9.99999975e-05
vt 0.498199999 0.656300008
vt 0.496899992 0.687600017
vt -0.00350000011 0.687600017
vt -0.00190000003 0.656300008
vt -0.000300000014 0.625
vt 0.499599993 0.625100017
vt 0.999499977 0.625100017
vt 0.998399973 0.656300008
vt 0.997300029 0.687600017
vt 0.343800008 0.749800026
vt 0.3125 0.749800026
vt 0.3125 0.499500006
vt 0.343800008 0.499599993
vt 0.375 0.499799997
vt 0.375 0.749899983
vt 0.375 1
vt 0.343699992 1
vt 0.3125 1
vt 0.5 0.5
vt 0 0.5
vt 0 0
vt 0.5 0
vt 1 0
vt 1 0.5
vt 1 1
vt 0.5 1
vt 0 1
vt 0.5 0.5
vt 0 0.5
vt 0 0
vt 0.5 0
vt 1 0
vt 1 0.5
vt 1 1
vt 0.5 1
vt 0 1
vt 0.5 0.5
vt 0 0.5
vt 0 0
vt 0.5 0
vt 1 0
vt 1 0.5
vt 1 1
vt 0.5 1
vt 0 1
vt 0.75 0.5
vt 0.5 0.5
vt 0.5 0
vt 0.75 0
vt 1 0
vt 1 0.5
vt 1 1
vt 0.75 1
vt 0.5 1
vt 0.5 0.875
vt 0.5 0.765600026
vt 1 0.765600026
vt 1 0.875
vt 1 1
vt 0.5 1
vt 0 1
vt -0 0.875
vt -0 0.765600026
vt 0.5 0.875
vt 0.5 0.765600026
vt 1 0.765600026
vt 1 0.875
vt 1 1
vt 0.5 1
vt 0 1
vt 0 0.875
vt 0 0.765600026
vt 0.5 0.875
vt 0.5 0.765600026
vt 1 0.765600026
vt 1 0.875
vt 1 1
vt 0.5 1
vt 0 1
vt -0 0.875
vt -0 0.765600026
vt 0.75 0.875
vt 0.75 0.765600026
vt 1 0.765600026
vt 1 0.875
vt 1 1
vt 0.75 1
vt 0.5 1
vt 0.5 0.875
vt 0.5 0.765600026
vt 0.5 0.166700006
vt 0.5 0
vt 1 0
vt 1 0.166700006
vt 1 0.333299994
vt 0.5 0.333299994
vt -0 0.333299994
vt -0 0.166700006
vt 0 0
vt 0.5 0.5
vt 1 0.5
vt 1 0.666700006
vt 0.5 0.666700006
vt 0 0.666700006
vt 0 0.5
vt 0.5 0.833299994
vt 1 0.833299994
vt 1 1
vt 0.5 1
vt 0 1
vt 0 0.833299994
vt 0.166700006 0.5
vt 0 0.5
vt 0 0
vt 0.166700006 0
vt 0.333299994 0
vt 0.333299994 0.5
vt 0.333299994 1
vt 0.166700006 1
vt 0.5 0.5
vt 0.5 0
vt 0.666700006 -0
vt 0.666700006 0.5
vt 0.666700006 1
vt 0.5 1
vt 0.833299994 0.5
vt 0.833299994 -0
vt 1 0
vt 1 0.5
vt 1 1
vt 0.833299994 1
vt 0.5 0.166700006
vt 0.5 0
vt 1 0
vt 1 0.166700006
vt 1 0.333299994
vt 0.5 0.333299994
vt 0 0.333299994
vt 0 0.166700006
vt 0 0
vt 0.5 0.5
vt 1 0.5
vt 1 0.666700006
vt 0.5 0.666700006
vt 0 0.666700006
vt 0 0.5
vt 0.5 0.833299994
vt 1 0.833299994
vt 1 1
vt 0.5 1
vt 0 1
vt 0 0.833299994
vt 0.75 0.166700006
vt 0.75 0
vt 1 0
vt 1 0.166700006
vt 1 0.333299994
vt 0.75 0.333299994
vt 0.5 0.333299994
vt 0.5 0.166700006
vt 0.5 0
vt 0.75 0.5
vt 1 0.5
vt 1 0.666700006
vt 0.75 0.666700006
vt 0.5 0.666700006
vt 0.5 0.5
vt 0.75 0.833299994
vt 1 0.833299994
vt 1 1
vt 0.75 1
vt 0.5 1
vt 0.5 0.833299994
vt 0.5 0.25
vt 0.5 0
vt 1 0
vt 1 0.25
vt 1 0.468800008
vt 0.5 0.468800008
vt 0 0.468800008
vt 0 0.25
vt 0 0
vt 0.25 0.5
vt 0 0.5
vt 0 0
vt 0.25 0
vt 0.5 0
vt 0.5 0.5
vt 0.5 1
vt 0.25 1
vt 0 1
vt 0.5 0.25
vt 0.5 0
vt 1 0
vt 1 0.25
vt 1 0.468699992
vt 0.5 0.468800008
vt 0 0.468800008
vt 0 0.25
vt 0 0
vt 0.75 0.25
vt 0.75 -0
vt 1 0
vt 1 0.25
vt 1 0.468800008
vt 0.75 0.468800008
vt 0.5 0.468699992
vt 0.5 0.25
vt 0.5 -0
vt 0.5 0.6875
vt 0.5 0.625
vt 1 0.625
vt 1 0.6875
vt 0 0.6875
vt 0 0.625
vt 0.5 0.6875
vt 0.5 0.625
vt 1 0.625
vt 1 0.6875
vt 0 0.6875
vt -0 0.625
vt 0.5 0.6875
vt 0.5 0.625
vt 1 0.625
vt 1 0.6875
vt -0 0.6875
vt -0 0.625
vt 0.75 0.6875
vt 0.75 0.625
vt 1 0.625
vt 1 0.6875
vt 0.5 0.6875
vt 0.5 0.625
vt 0.343600005 0.232299998
vt 0.343699992 -0.00100000005
vt 0.375 -0.000500000024
vt 0.374900013 0.232899994
vt 0.374900013 0.466300011
vt 0.343600005 0.465600014
vt 0.31220001 0.4648
vt 0.312299997 0.231600001
vt 0.312400013 -0.00150000001
vt 0.237000003 0.49970001
vt 0 0.5
vt 0 0
vt 0.237000003 -0.00039999999
vt 0.480599999 -0.000699999975
vt 0.480500013 0.499500006
vt 0.480500013 0.99970001
vt 0.237000003 0.999800026
vt 0 1
vt 0.736999989 0.49970001
vt 0.736999989 -0.00039999999
vt 1 0
vt 1 0.5
vt 1 1
vt 0.736999989 0.999800026
vt 0.73269999 0.874199986
vt 1 0.875
vt 1 1
vt 0.735000014 0.999199986
vt 0.477400005 0.998899996
vt 0.474099994 0.87379998
vt 0.470800012 0.748700023
vt 0.730499983 0.749199986
vt 1 0.75
vt 0.232700005 0.874199986
vt 0.234999999 0.999199986
vt 0 1
vt 0 0.875
vt 0 0.75
vt 0.230499998 0.749199986
vt 0.734899998 0.165800005
vt 1 0.166700006
vt 1 0.333299994
vt 0.735099971 0.332599998
vt 0.477600008 0.332300007
vt 0.477400005 0.165299997
vt 0.477200001 -0.00159999996
vt 0.734799981 -0.00109999999
vt 1 0
vt 0.234899998 0.165800005
vt 0.235100001 0.332599998
vt 0 0.333299994
vt 0 0.166700006
vt 0 0
vt 0.234799996 -0.00109999999
vt 0.735099971 0.499500006
vt 1 0.5
vt 1 0.666700006
vt 0.735099971 0.666299999
vt 0.477699995 0.666100025
vt 0.477699995 0.499199986
vt 0.235100001 0.499500006
vt 0.235100001 0.666299999
vt 0 0.666700006
vt 0 0.5
vt 0.736100018 0.833100021
vt 1 0.833299994
vt 1 1
vt 0.737100005 0.999800026
vt 0.480599999 0.999800026
vt 0.479099989 0.833000004
vt 0.477699995 0.666299999
vt 0.735099971 0.666400015
vt 0.236100003 0.833100021
vt 0.237100005 0.999800026
vt 0 1
vt 0 0.833299994
vt 0.235100001 0.666400015
vt 0.735899985 0.25
vt 1 0.25
vt 1 0.468699992
vt 0.735000014 0.468800008
vt 0.477499992 0.468899995
vt 0.478899986 0.25
vt 0.480399996 -9.99999975e-05
vt 0.736999989 -9.99999975e-05
vt 1 0
vt 0.2359 0.25
vt 0.234999999 0.468800008
vt 0 0.468800008
vt -0 0.25
vt 0 0
vt 0.237000003 -9.99999975e-05
vt 0.725300014 0.686600029
vt 1 0.6875
vt 0.730499983 0.74940002
vt 0.470800012 0.749000013
vt 0.463 0.686100006
vt 0.455199987 0.623199999
vt 0.720099986 0.62379998
vt 1 0.625
vt 0.225299999 0.686600029
vt 0.230499998 0.74940002
vt -0 0.6875
vt -0 0.625
vt 0.220100001 0.62379998
vt 0.246000007 0.499900013
vt 0 0.5
vt 0 0
vt 0.245900005 -9.99999975e-05
vt 0.493900001 -0.000199999995
vt 0.494100004 0.499900013
vt 0.494300008 0.999899983
vt 0.246199995 0.999899983
vt 0 1
vt 0.745999992 0.499900013
vt 0.745899975 -9.99999975e-05
vt 1 0
vt 1 0.5
vt 0.746200025 0.999899983
vt 0.874800026 0.254700005
vt 0.875 -0
vt 1 0
vt 0.999800026 0.254799992
vt 0.99970001 0.507099986
vt 0.87470001 0.507000029
vt 0.765399992 0.506799996
vt 0.765500009 0.254500002
vt 0.765600026 -0
vt 0.874800026 0.754700005
vt 0.999800026 0.754800022
vt 0.875 1
vt 0.765600026 1
vt 0.765500009 0.754499972
vt 0.745100021 0.166500002
vt 1 0.166700006
vt 1 0.333299994
vt 0.745100021 0.333200008
vt 0.492599994 0.333099991
vt 0.492700011 0.1664
vt 0.492900014 -0.000300000014
vt 0.745299995 -0.000199999995
vt 0.245100006 0.166500002
vt 0.245100006 0.333200008
vt 0 0.333299994
vt 0 0.166700006
vt 0 0
vt 0.245299995 -0.000199999995
vt 0.745000005 0.499900013
vt 1 0.5
vt 1 0.666700006
vt 0.745199978 0.666599989
vt 0.492700011 0.666499972
vt 0.492599994 0.499799997
vt 0.245000005 0.499900013
vt 0.245199993 0.666599989
vt -0 0.666700006
vt -0 0.5
vt 0.745500028 0.833299994
vt 1 0.833299994
vt 0.745899975 1
vt 0.493800014 0.999899983
vt 0.493200004 0.833199978
vt 0.245499998 0.833299994
vt 0.245900005 1
vt 0 1
vt -0 0.833299994
vt 0.746200025 0.25
vt 1 0.25
vt 1 0.5
vt 0.746299982 0.5
vt 0.494500011 0.5
vt 0.494399995 0.25
vt 0.494300008 -0
vt 0.746200025 -0
vt 1 0
vt 0.246199995 0.25
vt 0.246299997 0.5
vt -0 0.5
vt -0 0.25
vt 0 0
vt 0.246199995 -0
vt 0.687399983 0.254299998
vt 0.6875 -0
vt 0.687300026 0.506399989
vt 0.624800026 0.505999982
vt 0.624899983 0.254000008
vt 0.625 0
vt 0.687399983 0.754299998
vt 0.6875 1
vt 0.625 1
vt 0.624899983 0.754000008
vt 0.377900004 0.875
vt 0.377900004 1
vt 0.377000004 1
vt 0.377000004 0.875
vt 0.377000004 0.75
vt 0.377900004 0.75
vt 0.379200011 0.75
vt 0.379200011 0.875
vt 0.379200011 1
vt 0.377900004 0.625
vt 0.377000004 0.625
vt 0.379200011 0.625
vt 0.625 0.265599996
vt 0.625 0.25
vt 0.75 0.25
vt 0.75 0.265599996
vt 0.75 0.281199992
vt 0.625 0.281199992
vt 0.875 0.265599996
vt 0.875 0.25
vt 1 0.25
vt 1 0.265599996
vt 1 0.281199992
vt 0.875 0.281199992
vt 0.625 0.296900004
vt 0.75 0.296900004
vt 0.75 0.3125
vt 0.625 0.3125
vt 0.875 0.296900004
vt 1 0.296900004
vt 1 0.3125
vt 0.875 0.3125
vt 0.380899996 0.875
vt 0.380899996 1
vt 0.380899996 0.75
vt 0.382800013 0.75
vt 0.382800013 0.875
vt 0.382800013 1
vt 0.380899996 0.625
vt 0.382800013 0.625
vt 0.25 0.5
vt 0 0.5
vt 0 0
vt 0.25 0
vt 0.5 0
vt 0.5 0.5
vt 0.5 1
vt 0.25 1
vt 0 1
vt 0.5 0.625
vt 1 0.625
vt 1 0.75
vt 0.5 0.75
vt 0 0.75
vt 0 0.625
vt 0.5 0.875
vt 1 0.875
vt 1 1
vt 0.5 1
vt 0 1
vt 0 0.875
vt 0.5 0.625
vt 1 0.625
vt 1 0.75
vt 0.5 0.75
vt -0 0.75
vt -0 0.625
vt 0.5 0.875
vt 1 0.875
vt 1 1
vt 0.5 1
vt 0 1
vt -0 0.875
vt 0.75 0.625
vt 1 0.625
vt 1 0.75
vt 0.75 0.75
vt 0.5 0.75
vt 0.5 0.625
vt 0.75 0.875
vt 1 0.875
vt 1 1
vt 0.75 1
vt 0.5 1
vt 0.5 0.875
vt 0.734499991 0.625100017
vt 0.734099984 0.750199974
vt 0.534500003 0.781499982
vt 0.476700008 0.625199974
vt 1 0.625
vt 1 0.75
vt 0.233700007 0.875199974
vt 0.2333 1.00020003
vt 0 1
vt 0 0.875
vt 0 0.75
vt 0.234099999 0.750199974
vt 0.467400014 0.875400007
vt 0.466699988 1.00039995
vt 0.234500006 0.625100017
vt 0 0.625
vt 0.5 0.5
vt 0 0.5
vt 0 0
vt 0.5 0
vt 1 0
vt 1 0.5
vt 1 1
vt 0.5 1
vt 0 1
vt 0.5 0.5
vt 0.5 0
vt 0 0
vt 0 0.5
vt 0 1
vt 0.5 1
vt 0.5 0.5
vt 0.5 0
vt 0.5 1
vt 1 1
vt 1 0.5
vt 1 0
vt 0.5 0.5
vt 0 0.5
vt 0 0
vt 0.5 0
vt 0.5 1
vt 0 1
vt 0.5 0.5
vt 0.5 0
vt 0 0
vt 0 0.5
vt 0 1
vt 0.5 1
vt 1 1
vt 1 0.5
vt 1 0
vt 0.5 0.5
vt 0 0.5
vt 0 0
vt 0.5 0
vt 0.5 1
vt 0 1
vt 0.5 0.5
vt 0.5 0
vt 0 0
vt 0 0.5
vt 0 1
vt 0.5 1
vt 1 1
vt 1 0.5
vt 1 0
vt 0.5 0.5
vt 0 0.5
vt 1 0.5
vt 1 1
vt 0.5 1
vt 0 1
vt 0.5 0.5
vt 0 0.5
vt 0 0
vt 0.5 0
vt 1 0
vt 1 0.5
vt 1 1
vt 0.5 1
vt 0 1
vt 0.5 0.5
vt 0.5 0
vt 0 0
vt 0 0.5
vt 0 1
vt 0.5 1
vt 1 1
vt 1 0.5
vt 1 0
vt 0.5 0.5
vt 0 0.5
vt 0 0
vt 0.5 0
vt 1 0
vt 1 0.5
vt 0.5 1
vt 0 1
vt 0.5 0.5
vt 0 0.5
vt 0.5 0
vt 1 0
vt 1 0.5
vt 1 1
vt 0.5 1
vt 0 1
vt 0.5 0.5
vt 0 0.5
vt 0 0
vt 0.5 0
vt 1 0
vt 1 0.5
vt 0.5 1
vt 0 1
vt 0.5 0.5
vt 0.5 0
vt 1 0
vt 1 0.5
vt 1 1
vt 0.5 1
vt 0.5 0.5
vt 0.5 0
vt 1 0
vt 1 0.5
vt 1 1
vt 0.5 1
vt 0.5 0.5
vt 0.5 0
vt 0.5 1
vt 1 0.5
vt 1 0
vt 0.5 0.5
vt 0.5 0
vt 0 0
vt 0 0.5
vt 0 1
vt 0.5 1
vt 1 1
vt 1 0.5
vt 1 0
vt 0.5 0.5
vt 0.5 0
vt 1 0
vt 1 0.5
vt 1 1
vt 0.5 1
vt 0.5 0.5
vt 0 0.5
vt 0 0
vt 0.5 0
vt 1 0
vt 1 0.5
vt 1 1
vt 0.5 1
vt 0 1
vt 0.5 0.5
vt 0.5 0
vt 0.5 1
vt 1 1
vt 1 0.5
vt 1 0
vt 0.5 0.5
vt 0.5 0
vt 0 0
vt 0 0.5
vt 0 1
vt 0.5 1
vt 0.5 0.5
vt 0 0.5
vt 0 0
vt 0.5 0
vt 0.5 1
vt 0 1
vt 0.5 0.5
vt 0 0.5
vt 0 0
vt 0.5 0
vt 1 0
vt 1 0.5
vt 1 1
vt 0.5 1
vt 0 1
vt 0.5 0.5
vt 0 0.5
vt 0 0
vt 0.5 0
vt 0.5 1
vt 0 1
vt 0.5 0.5
vt 0.5 0
vt 0.5 1
vt 0.5 0.5
vt 0.5 0
vt 0.5 1
vt 1 1
vt 1 0.5
vt 1 0
vt 0.5 0.5
vt 0.5 0
vt 0 0
vt 0 0.5
vt 0 1
vt 0.5 1
vt 1 1
vt 1 0.5
vt 1 0
vt 0.5 0.5
vt 0.5 0
vt 1 0
vt 1 0.5
vt 1 1
vt 0.5 1
vt 0.5 0.5
vt 0 0.5
vt 0 0
vt 0.5 0
vt 1 0
vt 1 0.5
vt 1 1
vt 0.5 1
vt 0 1
vt 0.5 0.5
vt 0.5 0
vt 0.5 1
vt 1 1
vt 1 0.5
vt 1 0
vt 0.5 0.5
vt 0.5 0
vt 0 0
vt 0 0.5
vt 0 1
vt 0.5 1
vt 0.5 0.5
vt 0 0.5
vt 0 0
vt 0.5 0
vt 0.5 1
vt 0 1
vt 0.5 0.5
vt 0 0.5
vt 0 0
vt 0.5 0
vt 1 0
vt 1 0.5
vt 1 1
vt 0.5 1
vt 0 1
vt 0.5 0.5
vt 0 0.5
vt 0 0
vt 0.5 0
vt 0.5 1
vt 0 1
vt 0.5 0.5
vt 0.5 0
vt 0.5 1
vt 0.5 0.5
vt 0.5 0
vt 0.5 1
vt 1 1
vt 1 0.5
vt 1 0
vt 0.5 0.5
vt 0 0.5
vt 0 0
vt 0.5 0
vt 1 0
vt 1 0.5
vt 0.5 1
vt 0 1
vt 0.5 0.5
vt 0.5 0
vt 0.5 1
vt 1 1
vt 1 0.5
vt 1 0
vt 0.5 0.5
vt 0 0.5
vt 0 0
vt 0.5 0
vt 1 0
vt 1 0.5
vt 1 1
vt 0.5 1
vt 0 1
vt 0.5 0.5
vt 0 0.5
vt 0 0
vt 0.5 0
vt 1 0
vt 1 0.5
vt 0.5 1
vt 0.5 0.5
vt 0 0.5
vt 0 0
vt 0.5 0
vt 1 0
vt 1 0.5
vt 1 1
vt 0.5 1
vt 0.5 0.5
vt 0 0.5
vt 0 0
vt 0.5 0
vt 1 0
vt 1 0.5
vt 0.75 0.875
vt 1 0.875
vt 1 1
vt 0.75 1
vt 0.5 1
vt 0.5 0.875
vt 0.5 0.75
vt 0.75 0.75
vt 1 0.75
vt 0.25 0.875
vt 0.25 1
vt 0 1
vt -0 0.875
vt -0 0.75
vt 0.25 0.75
vt 0.75 0.625
vt 1 0.625
vt 0.5 0.625
vt 0.5 0.468800008
vt 0.75 0.468800008
vt 1 0.468699992
vt 0.25 0.625
vt -0 0.625
vt 0 0.468800008
vt 0.25 0.468800008
vt 0.625 0.257800013
vt 0.75 0.25
vt 0.75 0.257800013
vt 0.75 0.265599996
vt 0.625 0.265599996
vt 0.5 0.265599996
vt 0.5 0.257800013
vt 0.5 0.25
vt 0.625 0.273400009
vt 0.75 0.273400009
vt 0.75 0.281199992
vt 0.625 0.281199992
vt 0.5 0.281199992
vt 0.5 0.273400009
vt 0.875 0.257800013
vt 1 0.25
vt 1 0.257800013
vt 1 0.265599996
vt 0.875 0.265599996
vt 0.75 0.265599996
vt 0.75 0.257800013
vt 0.75 0.25
vt 0.875 0.273400009
vt 1 0.273400009
vt 1 0.281199992
vt 0.875 0.281199992
vt 0.75 0.281199992
vt 0.75 0.273400009
vt 0.295399994 0.380899996
vt 0.295399994 0.381900012
vt 0.294999987 0.380899996
vt 0.294999987 0.379900008
vt 0.295399994 0.379900008
vt 0.295899987 0.379900008
vt 0.295899987 0.380899996
vt 0.295899987 0.381799996
vt 0.295399994 0.378899992
vt 0.2949 0.378899992
vt 0.2949 0.377900004
vt 0.295399994 0.377900004
vt 0.295899987 0.377900004
vt 0.295899987 0.378899992
vt 0.295399994 0.75
vt 0.295399994 1
vt 0.2949 0.75
vt 0.2949 0.5
vt 0.295399994 0.5
vt 0.295899987 0.5
vt 0.295899987 0.75
vt 0.295899987 1
vt 0.295399994 0.25
vt 0.2949 0.25
vt 0.2949 9.99999975e-05
vt 0.295399994 9.99999975e-05
vt 0.295899987 9.99999975e-05
vt 0.295899987 0.25
vt 0.749899983 0.295399994
vt 0.99970001 0.295399994
vt 0.99970001 0.295899987
vt 0.749899983 0.295899987
vt 0.500199974 0.295899987
vt 0.500199974 0.295399994
vt 0.500199974 0.2949
vt 0.749899983 0.2949
vt 0.250400007 0.295399994
vt 0.250400007 0.295899987
vt 0.000600000028 0.295899987
vt 0.000600000028 0.295399994
vt 0.000600000028 0.2949
vt 0.250400007 0.2949
vt 0.747799993 0.704699993
vt 0.997900009 0.704699993
vt 0.747799993 0.705200016
vt 0.497700006 0.7051
vt 0.497700006 0.704699993
vt 0.497599989 0.704200029
vt 0.747799993 0.704200029
vt 0.997900009 0.704200029
vt 0.247500002 0.704599977
vt 0.247500002 0.7051
vt -0.00260000001 0.7051
vt -0.00260000001 0.704599977
vt -0.00260000001 0.704100013
vt 0.247500002 0.704200029
vt 0.295399994 0.62470001
vt 0.295399994 0.499599993
vt 0.295899987 0.499599993
vt 0.295899987 0.62470001
vt 0.295899987 0.749800026
vt 0.295399994 0.749800026
vt 0.2949 0.749800026
vt 0.2949 0.62470001
vt 0.295399994 0.874899983
vt 0.295899987 0.874899983
vt 0.295899987 1
vt 0.295399994 1
vt 0.2949 1
vt 0.2949 0.874899983
vt 0.295399994 0.618900001
vt 0.295399994 0.49180001
vt 0.295899987 0.491899997
vt 0.295899987 0.619000018
vt 0.295899987 0.746100008
vt 0.295399994 0.745999992
vt 0.2949 0.745999992
vt 0.2949 0.618799984
vt 0.295399994 0.873099983
vt 0.295899987 0.873199999
vt 0.295899987 1.00030005
vt 0.295399994 1.00030005
vt 0.2949 1.00030005
vt 0.2949 0.873099983
vt 0.295399994 0.122599997
vt 0.295399994 -0.00039999999
vt 0.295899987 -0.00039999999
vt 0.295899987 0.122599997
vt 0.295899987 0.245700002
vt 0.295399994 0.245700002
vt 0.2949 0.2456
vt 0.2949 0.122599997
vt 0.295399994 0.368699998
vt 0.295899987 0.368800014
vt 0.295899987 0.491899997
vt 0.295399994 0.49180001
vt 0.2949 0.491699994
vt 0.2949 0.368699998
vt 0.25 0.575200021
vt -0 0.575200021
vt 0.25 0.574199975
vt 0.5 0.574199975
vt 0.5 0.575200021
vt 0.5 0.576200008
vt 0.25 0.576200008
vt -0 0.576200008
vt 0.75 0.575200021
vt 0.75 0.574199975
vt 1 0.574199975
vt 1 0.575200021
vt 1 0.576200008
vt 0.75 0.576200008
vt 0.875 0.575200021
vt 1 0.575200021
vt 1 0.576200008
vt 0.875 0.576200008
vt 0.75 0.576200008
vt 0.75 0.575200021
vt 0.75 0.574199975
vt 0.875 0.574199975
vt 0.625 0.575200021
vt 0.625 0.576200008
vt 0.5 0.576200008
vt 0.5 0.575200021
vt 0.5 0.574199975
vt 0.625 0.574199975
vt 0.108900003 0.575100005
vt 0 0.575200021
vt 0.108400002 0.574100018
vt 0.216800004 0.573899984
vt 0.217700005 0.574899971
vt 0.218600005 0.575900018
vt 0.109300002 0.575999975
vt 0 0.576200008
vt 0.326599985 0.574800014
vt 0.325300008 0.573800027
vt 0.433699995 0.573700011
vt 0.435400009 0.574599981
vt 0.43720001 0.575600028
vt 0.327899992 0.575800002
vt 0.575200021 0.380800009
vt 0.575200021 0.507700026
vt 0.574199975 0.380699992
vt 0.574199975 0.253800005
vt 0.575200021 0.253800005
vt 0.576200008 0.253899992
vt 0.576099992 0.380899996
vt 0.576099992 0.507799983
vt 0.575200021 0.126900002
vt 0.574199975 0.126900002
vt 0.574199975 -0
vt 0.575200021 -0
vt 0.576200008 -0
vt 0.576200008 0.127000004
vt 0.575200021 0.876900017
vt 0.575200021 1
vt 0.574199975 0.876900017
vt 0.574199975 0.753799975
vt 0.575200021 0.753799975
vt 0.576200008 0.753899992
vt 0.576200008 0.876999974
vt 0.576200008 1
vt 0.575200021 0.630800009
vt 0.574199975 0.630699992
vt 0.574199975 0.507600009
vt 0.575200021 0.507700026
vt 0.576099992 0.507799983
vt 0.576099992 0.630900025
vt 0.576600015 0.574800014
vt 0.435400009 0.574599981
vt 0.575299978 0.573800027
vt 0.716799974 0.573899984
vt 0.717700005 0.574899971
vt 0.718599975 0.575900018
vt 0.577899992 0.575800002
vt 0.43720001 0.575600028
vt 0.858900011 0.575100005
vt 0.858399987 0.574100018
vt 1 0.574199975
vt 1 0.575200021
vt 1 0.576200008
vt 0.859300017 0.575999975
vt 0.75 0.575200021
vt 1 0.575200021
vt 1 0.576200008
vt 0.75 0.576200008
vt 0.5 0.576200008
vt 0.5 0.575200021
vt 0.5 0.574199975
vt 0.75 0.574199975
vt 0.25 0.575200021
vt 0.25 0.576200008
vt 0 0.576200008
vt 0 0.575200021
vt 0 0.574199975
vt 0.25 0.574199975
vt 0.381799996 0.575200021
vt 0.382800013 0.575200021
vt 0.382800013 0.576200008
vt 0.381799996 0.576200008
vt 0.380899996 0.576200008
vt 0.380899996 0.575200021
vt 0.380899996 0.574199975
vt 0.381799996 0.574199975
vt 0.379900008 0.575200021
vt 0.379900008 0.576200008
vt 0.378899992 0.576200008
vt 0.378899992 0.575200021
vt 0.378899992 0.574199975
vt 0.379900008 0.574199975
vt 0.295399994 0.34830001
vt 0.295399994 0.4648
vt 0.2949 0.348199993
vt 0.2949 0.231800005
vt 0.295399994 0.231800005
vt 0.295899987 0.231900007
vt 0.295899987 0.348399997
vt 0.2958 0.464899987
vt 0.295399994 0.1153
vt 0.2949 0.1153
vt 0.2949 -0.00120000006
vt 0.295399994 -0.00120000006
vt 0.295899987 -0.00120000006
vt 0.295899987 0.1153
vt 0.375 0.265599996
vt 0.5 0.265599996
vt 0.5 0.281199992
vt 0.375 0.281199992
vt 0.25 0.281199992
vt 0.25 0.265599996
vt 0.25 0.25
vt 0.375 0.25
vt 0.125 0.265599996
vt 0.125 0.281199992
vt -0 0.281199992
vt -0 0.265599996
vt 0 0.25
vt 0.125 0.25
vt 0.5 0.25
vt 0.5 0
vt 1 0
vt 1 0.25
vt 1 0.5
vt 0.5 0.5
vt -0 0.5
vt -0 0.25
vt 0.5 0.75
vt 1 0.75
vt 1 1
vt 0.5 1
vt 0.0936999992 0.947899997
vt -0 0.75
vt 0.75 0.833299994
vt 1 0.833299994
vt 1 1
vt 0.75 1
vt 0.5 1
vt 0.5 0.833299994
vt 0.5 0.666700006
vt 0.75 0.666700006
vt 1 0.666700006
vt 0.25 0.833299994
vt 0.25 1
vt 0 0.833299994
vt 0 0.666700006
vt 0.25 0.666700006
vt 0.75 0.25
vt 1 0.25
vt 0.5 0.25
vt 0.5 0
vt 0.75 0
vt 0.25 0.25
vt 0 0.25
vt 0 0
vt 0.25 0
vt 0.75 0.5
vt 1 0.5
vt 0.5 0.5
vt 0.5 0.333299994
vt 0.75 0.333299994
vt 1 0.333299994
vt 0.25 0.5
vt 0 0.5
vt 0 0.333299994
vt 0.25 0.333299994
vt 0.75 0.166700006
vt 1 0.166700006
vt 0.5 0.166700006
vt 0.5 -0
vt 0.75 -0
vt 1 0
vt 0.25 0.166700006
vt 0 0.166700006
vt 0 0
vt 0.25 -0
vt 0.75 0.875
vt 1 0.875
vt 1 1
vt 0.75 1
vt 0.5 1
vt 0.5 0.875
vt 0.5 0.765600026
vt 0.75 0.765600026
vt 1 0.765600026
vt 0.25 0.875
vt 0.25 1
vt 0 1
vt -0 0.875
vt -0 0.765600026
vt 0.25 0.765600026
vt 0.248199999 0.656300008
vt -0.000300000014 0.625
vt 0.249599993 0.625
vt 0.499599993 0.625100017
vt 0.498199999 0.656300008
vt 0.496899992 0.687600017
vt 0.246700004 0.687600017
vt -0.00350000011 0.687600017
vt 0.748300016 0.656300008
vt 0.749499977 0.625100017
vt 0.999499977 0.625100017
vt 0.998399973 0.656300008
vt 0.997300029 0.687600017
vt 0.747099996 0.687600017
vt 0.75 0.6875
vt 1 0.6875
vt 0.5 0.6875
vt 0.5 0.625
vt 0.75 0.625
vt 1 0.625
vt 0.25 0.6875
vt -0 0.6875
vt -0 0.625
vt 0.25 0.625
vt 0.75 0.575200021
vt 1 0.575200021
vt 1 0.576200008
vt 0.75 0.576200008
vt 0.5 0.576200008
vt 0.5 0.575200021
vt 0.5 0.574199975
vt 0.75 0.574199975
vt 0.25 0.575200021
vt 0.25 0.576200008
vt 0 0.576200008
vt 0 0.575200021
vt 0 0.574199975
vt 0.25 0.574199975
vt 0.295399994 0.86589998
vt 0.295399994 0.999499977
vt 0.2949 0.865800023
vt 0.2949 0.73210001
vt 0.295399994 0.732200027
vt 0.295899987 0.732200027
vt 0.295899987 0.86589998
vt 0.295899987 0.999499977
vt 0.295399994 0.598500013
vt 0.2949 0.598399997
vt 0.2949 0.464700013
vt 0.295399994 0.4648
vt 0.2958 0.464899987
vt 0.295899987 0.59859997
vt 0.0833000019 0.265599996
vt -0 0.265599996
vt 0.0833000019 0.25
vt 0.166700006 0.25
vt 0.166700006 0.265599996
vt 0.166700006 0.281199992
vt 0.0833000019 0.281199992
vt -0 0.281199992
vt 0.25 0.265599996
vt 0.25 0.25
vt 0.333299994 0.25
vt 0.333299994 0.265599996
vt 0.333299994 0.281199992
vt 0.25 0.281199992
vt 0.75 0.265599996
vt 1 0.265599996
vt 1 0.281199992
vt 0.75 0.281199992
vt 0.5 0.281199992
vt 0.5 0.265599996
vt 0.5 0.25
vt 0.75 0.25
vt 0.25 0.265599996
vt 0.25 0.281199992
vt 0 0.281199992
vt -0 0.265599996
vt -0 0.25
vt 0.25 0.25
vt 0.416700006 0.265599996
vt 0.333299994 0.265599996
vt 0.416700006 0.25
vt 0.5 0.25
vt 0.5 0.265599996
vt 0.5 0.281300008
vt 0.416700006 0.281199992
vt 0.333299994 0.281199992
vt 0.583299994 0.265599996
vt 0.583299994 0.25
vt 0.666700006 0.25
vt 0.666700006 0.265599996
vt 0.666700006 0.281300008
vt 0.583299994 0.281300008
vt 0.8125 0.265599996
vt 0.75 0.265599996
vt 0.8125 0.25
vt 0.875 0.25
vt 0.875 0.265599996
vt 0.875 0.281199992
vt 0.8125 0.281199992
vt 0.75 0.281199992
vt 0.9375 0.265599996
vt 0.9375 0.25
vt 1 0.25
vt 1 0.265599996
vt 1 0.281199992
vt 0.9375 0.281199992
vt 0.75 0.265599996
vt 0.666700006 0.265599996
vt 0.75 0.25
vt 0.833299994 0.25
vt 0.833299994 0.265599996
vt 0.833299994 0.281300008
vt 0.75 0.281300008
vt 0.666700006 0.281300008
vt 0.916700006 0.265599996
vt 0.916700006 0.25
vt 1 0.25
vt 1 0.265599996
vt 1 0.281199992
vt 0.916700006 0.281199992
vt 0.656199992 0.265599996
vt 0.625 0.265599996
vt 0.656300008 0.25
vt 0.6875 0.25
vt 0.6875 0.265599996
vt 0.6875 0.281199992
vt 0.656199992 0.281199992
vt 0.625 0.281199992
vt 0.718800008 0.265599996
vt 0.718800008 0.25
vt 0.75 0.25
vt 0.75 0.265599996
vt 0.75 0.281199992
vt 0.718699992 0.281199992
vt 0.640600026 0.265500009
vt 0.625 0.265500009
vt 0.640600026 0.249899998
vt 0.656300008 0.249899998
vt 0.656300008 0.265500009
vt 0.656300008 0.281199992
vt 0.640600026 0.281199992
vt 0.625 0.281199992
vt 0.671899974 0.265500009
vt 0.671899974 0.249899998
vt 0.6875 0.249899998
vt 0.6875 0.265500009
vt 0.6875 0.281199992
vt 0.671899974 0.281199992
vt 0.75 0.577099979
vt 1 0.577099979
vt 1 0.578100026
vt 0.75 0.578100026
vt 0.5 0.578100026
vt 0.5 0.577099979
vt 0.5 0.576200008
vt 0.75 0.576200008
vt 1 0.576200008
vt 0.25 0.577099979
vt 0.25 0.578100026
vt 0 0.578100026
vt 0 0.577099979
vt 0 0.576200008
vt 0.25 0.576200008
vt 0.75 0.575200021
vt 1 0.575200021
vt 0.5 0.575200021
vt 0.5 0.574199975
vt 0.75 0.574199975
vt 1 0.574199975
vt 0.25 0.575200021
vt 0 0.575200021
vt 0 0.574199975
vt 0.25 0.574199975
vt 0.574699998 0.265599996
vt 0.574199975 0.265599996
vt 0.574699998 0.25
vt 0.575200021 0.25
vt 0.575200021 0.265599996
vt 0.575200021 0.281300008
vt 0.574699998 0.281199992
vt 0.574199975 0.281199992
vt 0.575699985 0.265599996
vt 0.575699985 0.25
vt 0.576200008 0.25
vt 0.576200008 0.265599996
vt 0.576200008 0.281199992
vt 0.575699985 0.281199992
vt 0.576699972 0.265599996
vt 0.576200008 0.265599996
vt 0.576699972 0.25
vt 0.577099979 0.25
vt 0.577099979 0.265599996
vt 0.577099979 0.281199992
vt 0.576699972 0.281199992
vt 0.576200008 0.281199992
vt 0.577600002 0.265599996
vt 0.577600002 0.25
vt 0.578100026 0.25
vt 0.578100026 0.265599996
vt 0.578100026 0.281199992
vt 0.577600002 0.281199992
vt 0.704599977 0.289000005
vt 0.704599977 0.281199992
vt 0.7051 0.289000005
vt 0.7051 0.296799988
vt 0.704599977 0.296799988
vt 0.704100013 0.296799988
vt 0.704100013 0.289000005
vt 0.704100013 0.281199992
vt 0.704599977 0.3046
vt 0.7051 0.3046
vt 0.7051 0.312400013
vt 0.704599977 0.312400013
vt 0.704100013 0.312400013
vt 0.704100013 0.3046
vt 0.704599977 0.257699996
vt 0.704599977 0.249899998
vt 0.7051 0.257699996
vt 0.7051 0.265599996
vt 0.704599977 0.265599996
vt 0.704100013 0.265599996
vt 0.704100013 0.257699996
vt 0.704100013 0.249899998
vt 0.704599977 0.273400009
vt 0.7051 0.273400009
vt 0.7051 0.281199992
vt 0.704599977 0.281199992
vt 0.704100013 0.281199992
vt 0.704100013 0.273400009
vt 0.574699998 0.296900004
vt 0.574199975 0.281199992
vt 0.574699998 0.281199992
vt 0.575200021 0.281199992
vt 0.575200021 0.296900004
vt 0.575200021 0.3125
vt 0.574699998 0.3125
vt 0.574199975 0.3125
vt 0.575699985 0.296900004
vt 0.575699985 0.281199992
vt 0.576200008 0.281199992
vt 0.576200008 0.296900004
vt 0.576200008 0.3125
vt 0.575699985 0.3125
vt 0.574699998 0.265599996
vt 0.574199975 0.25
vt 0.574699998 0.25
vt 0.575200021 0.25
vt 0.575200021 0.265599996
vt 0.575200021 0.281199992
vt 0.574699998 0.281199992
vt 0.574199975 0.281199992
vt 0.575699985 0.265599996
vt 0.575699985 0.25
vt 0.576200008 0.25
vt 0.576200008 0.265599996
vt 0.576200008 0.281199992
vt 0.575699985 0.281199992
vt 0.703599989 0.257699996
vt 0.704100013 0.249899998
vt 0.704100013 0.257699996
vt 0.704100013 0.265599996
vt 0.703599989 0.265599996
vt 0.703100026 0.265599996
vt 0.703100026 0.257699996
vt 0.703100026 0.249899998
vt 0.703599989 0.273400009
vt 0.704100013 0.273400009
vt 0.704100013 0.281199992
vt 0.703599989 0.281199992
vt 0.703100026 0.281199992
vt 0.703100026 0.273400009
vt 0.704599977 0.257699996
vt 0.7051 0.249899998
vt 0.7051 0.257699996
vt 0.7051 0.265599996
vt 0.704599977 0.265599996
vt 0.704100013 0.265599996
vt 0.704100013 0.257699996
vt 0.704100013 0.249899998
vt 0.704599977 0.273400009
vt 0.7051 0.273400009
vt 0.7051 0.281199992
vt 0.704599977 0.281199992
vt 0.704100013 0.281199992
vt 0.704100013 0.273400009
vt 0.747799993 0.704699993
vt 0.997900009 0.704699993
vt 0.997900009 0.705200016
vt 0.747799993 0.705200016
vt 0.497700006 0.7051
vt 0.497700006 0.704699993
vt 0.497599989 0.704200029
vt 0.747799993 0.704200029
vt 0.997900009 0.704200029
vt 0.247500002 0.704599977
vt 0.247500002 0.7051
vt -0.00260000001 0.7051
vt -0.00260000001 0.704599977
vt -0.00260000001 0.704100013
vt 0.247500002 0.704200029
vt 0.747699976 0.703700006
vt 0.997900009 0.703700006
vt 0.497599989 0.703700006
vt 0.497599989 0.703199983
vt 0.747699976 0.703199983
vt 0.997900009 0.703199983
vt 0.247500002 0.703700006
vt -0.00270000007 0.703700006
vt -0.00270000007 0.703199983
vt 0.247500002 0.703199983
vt 0.295700014 0.37650001
vt 0.295899987 0.377000004
vt 0.295899987 0.377900004
vt 0.295700014 0.377900004
vt 0.295399994 0.377900004
vt 0.295399994 0.376199991
vt 0.295399994 0.374500006
vt 0.295700014 0.375
vt 0.295899987 0.375999987
vt 0.29519999 0.37650001
vt 0.29519999 0.377900004
vt 0.2949 0.377900004
vt 0.2949 0.377000004
vt 0.2949 0.375999987
vt 0.29519999 0.375
vt 0.377400011 0.575699985
vt 0.377900004 0.576200008
vt 0.377000004 0.576200008
vt 0.375999987 0.575699985
vt 0.375499994 0.575200021
vt 0.377200007 0.575200021
vt 0.378899992 0.575200021
vt 0.378899992 0.575699985
vt 0.378899992 0.576200008
vt 0.377400011 0.574699998
vt 0.375999987 0.574699998
vt 0.377000004 0.574199975
vt 0.377900004 0.574199975
vt 0.378899992 0.574199975
vt 0.378899992 0.574699998
vt 0.5 0.5
vt 0 0.5
vt 0 1
vt 0.5 1
vt 1 1
vt 1 0.5
vt 0.5 0.5
vt 0 0.5
vt 0 1
vt 0.5 1
vt 1 1
vt 1 0.5
vt 0.5 0.5
vt 0 0.5
vt 0.5 0
vt 0.5 1
vt 0 1
vt 0.5 0.5
vt 0.5 1
vt 1 1
vt 1 0.5
vt 0.5 0.5
vt 0 0.5
vt 1 0.5
vt 1 1
vt 0.5 1
vt 0 1
vt 0.5 0.5
vt 0.5 1
vt 1 1
vt 1 0.5
vt 0.5 0.5
vt 0 0.5
vt 0.5 1
vt 0 1
vt 0.5 0.5
vt 0.5 1
vt 1 1
vt 1 0.5
vt 0.5 0.625
vt 0.5 0.5
vt 1 0.5
vt 1 0.625
vt 1 0.75
vt 0.5 0.75
vt -0 0.75
vt -0 0.625
vt -0 0.5
vt 0.5 0.875
vt 1 0.875
vt 1 1
vt 0.5 1
vt 0 1
vt -0 0.875
vt 0.4375 0.5
vt 0.25 0.5
vt 0.5 1
vt 0.625 1
vt 0.75 1
vt 0.625 0.5
vt 0.5 0
vt 0.25 0
vt 0.8125 0.5
vt 0.875 1
vt 1 1
vt 1 0.5
vt 1 0
vt 0.75 0
vt 0.5 0.4375
vt 0.5 0.25
vt 1 0.25
vt 1 0.5
vt 0.5 0.625
vt -0 0.75
vt -0 0.625
vt -0 0.5
vt 0.5 0.8125
vt 1 0.75
vt 1 1
vt 0.5 1
vt 0 1
vt -0 0.875
vt 0.625 0.5
vt 0.5 0.5
vt 0.5 1
vt 0.625 1
vt 0.75 1
vt 0.75 0.5
vt 0.75 0
vt 0.625 0
vt 0.5 0
vt 0.875 0.5
vt 0.875 1
vt 1 1
vt 1 0.5
vt 1 0
vt 0.875 0
vt 0.25 0.5
vt 0.5 0.5
vt 0.5 1
vt 0.25 1
vt 0.75 0.5
vt 1 0.5
vt 1 1
vt 0.75 1
vt 0.25 0.5
vt 0 0.5
vt 0 1
vt 0.25 1
vt 0.5 1
vt 0.5 0.5
vt 0.5 -0
vt 0.25 -0
vt 0.75 0.5
vt 0.75 1
vt 0.906300008 0.906300008
vt 1 0.5
vt 1 0
vt 0.75 -0
vt 0.5 0.25
vt 0 0
vt -0 0.25
vt -0 0.5
vt 0.5 0.5
vt 1 0.5
vt 1 0.25
vt 1 0
vt 0.5 0.75
vt -0 0.75
vt 0 1
vt 0.5 1
vt 1 0.75
vt 0.5 0.625
vt 0.5 0.5
vt 1 0.5
vt 1 0.625
vt 1 0.75
vt 0.5 0.75
vt 0 0.75
vt 0 0.625
vt 0 0.5
vt 0.5 0.875
vt 1 0.875
vt 1 1
vt 0.5 1
vt 0 1
vt 0 0.875
vt 0.625 0.5
vt 0.5 0.5
vt 0.5 1
vt 0.625 1
vt 0.75 1
vt 0.75 0.5
vt 0.75 -0
vt 0.625 -0
vt 0.5 -0
vt 0.875 0.5
vt 0.875 1
vt 1 1
vt 1 0.5
vt 1 0
vt 0.875 -0
vt 0.5 0.4375
vt 0.5 0.25
vt 1 0.25
vt 1 0.5
vt 0.5 0.625
vt -0 0.75
vt -0 0.625
vt -0 0.5
vt 0.5 0.8125
vt 1 0.75
vt 1 1
vt 0.5 1
vt 0 1
vt -0 0.875
vt 0.4375 0.5
vt 0.25 0.5
vt 0.5 1
vt 0.625 1
vt 0.75 1
vt 0.625 0.5
vt 0.5 -0
vt 0.25 -0
vt 0 0
vt 0.8125 0.5
vt 0.875 1
vt 1 1
vt 1 0.5
vt 1 0
vt 0.75 -0
vt 0.25 0.5
vt 0 0.5
vt 0 1
vt 0.25 1
vt 0.5 1
vt 0.5 0.5
vt 0.5 -0
vt 0.25 -0
vt 0 0
vt 0.75 0.5
vt 0.75 1
vt 1 1
vt 1 0.5
vt 1 0
vt 0.75 -0
vt 0.25 0.5
vt 0 0.5
vt 0.25 -0
vt 0.5 -0
vt 0.5 0.5
vt 0.75 0.5
vt 0.75 -0
vt 1 0
vt 1 0.5
vt 0.5 0.25
vt 0.5 0
vt -0 0.25
vt -0 0.5
vt 0.5 0.5
vt 1 0.5
vt 1 0.25
vt 0.5 0.75
vt -0 0.75
vt 0 1
vt 0.5 1
vt 1 1
vt 1 0.75
vt 0.295399994 0.377000004
vt 0.295899987 0.377000004
vt 0.295899987 0.375999987
vt 0.295399994 0.375999987
vt 0.2949 0.375999987
vt 0.2949 0.377000004
vt 0.2949 0.378199995
vt 0.295399994 0.378199995
vt 0.295899987 0.378199995
vt 0.296400011 0.376899987
vt 0.296400011 0.378199995
vt 0.296900004 0.378199995
vt 0.296900004 0.376899987
vt 0.296900004 0.375999987
vt 0.296400011 0.375999987
vt 0.377900004 0.577099979
vt 0.377900004 0.578100026
vt 0.379200011 0.578100026
vt 0.379200011 0.577099979
vt 0.379200011 0.576200008
vt 0.377900004 0.576200008
vt 0.377000004 0.576200008
vt 0.377000004 0.577099979
vt 0.377000004 0.578100026
vt 0.377900004 0.575200021
vt 0.379200011 0.575200021
vt 0.379200011 0.574199975
vt 0.377900004 0.574199975
vt 0.377000004 0.574199975
vt 0.377000004 0.575200021
vt 0.343800008 0.376899987
vt 0.3125 0.376800001
vt 0.3125 0.378100008
vt 0.343800008 0.378100008
vt 0.375 0.378100008
vt 0.375 0.376899987
vt 0.375 0.3759
vt 0.343800008 0.3759
vt 0.3125 0.3759
vt 0.377900004 0.5
vt 0.377900004 -0
vt 0.377000004 0
vt 0.377000004 0.5
vt 0.377000004 1
vt 0.377900004 1
vt 0.379200011 1
vt 0.379200011 0.5
vt 0.379200011 -0
vt 0.377400011 0.875
vt 0.377900004 1
vt 0.379200011 1
vt 0.379000008 0.875
vt 0.379000008 0.765600026
vt 0.377200007 0.765600026
vt 0.375499994 0.765600026
vt 0.375999987 0.875
vt 0.377000004 1
vt 0.377900004 0.166700006
vt 0.377900004 0.333299994
vt 0.379200011 0.333299994
vt 0.379200011 0.166700006
vt 0.379200011 0
vt 0.377900004 0
vt 0.377000004 0
vt 0.377000004 0.166700006
vt 0.377000004 0.333299994
vt 0.377900004 0.5
vt 0.377000004 0.5
vt 0.377000004 0.666700006
vt 0.377900004 0.666700006
vt 0.379200011 0.666700006
vt 0.379200011 0.5
vt 0.377900004 0.833299994
vt 0.377900004 1
vt 0.379200011 1
vt 0.379200011 0.833299994
vt 0.377000004 0.833299994
vt 0.377000004 1
vt 0.377900004 0.25
vt 0.377900004 0.468699992
vt 0.379200011 0.468699992
vt 0.379200011 0.25
vt 0.379200011 -0
vt 0.377900004 -0
vt 0.377000004 -0
vt 0.377000004 0.25
vt 0.377000004 0.468699992
vt 0.377400011 0.6875
vt 0.379000008 0.6875
vt 0.379200011 0.625
vt 0.377900004 0.625
vt 0.377000004 0.625
vt 0.375999987 0.6875
vt 0.704599977 0.265599996
vt 0.704599977 0.249899998
vt 0.704100013 0.249899998
vt 0.704100013 0.265599996
vt 0.704100013 0.281199992
vt 0.704599977 0.281199992
vt 0.704999983 0.282200009
vt 0.7051 0.265599996
vt 0.7051 0.249899998
vt 0.703599989 0.265599996
vt 0.703599989 0.249899998
vt 0.703100026 0.249899998
vt 0.703100026 0.265599996
vt 0.703100026 0.281199992
vt 0.703599989 0.281199992
vt 0.704599977 0.296799988
vt 0.704100013 0.296799988
vt 0.704100013 0.312400013
vt 0.704599977 0.312400013
vt 0.7051 0.312400013
vt 0.7051 0.296799988
vt 0.703599989 0.296799988
vt 0.703100026 0.296799988
vt 0.703100026 0.312400013
vt 0.703599989 0.312400013
vt 0.295399994 0.379900008
vt 0.295399994 0.381900012
vt 0.295899987 0.381799996
vt 0.295899987 0.379900008
vt 0.294999987 0.379900008
vt 0.294999987 0.381900012
vt 0.296400011 0.379900008
vt 0.296400011 0.381799996
vt 0.296900004 0.381799996
vt 0.296900004 0.379900008
vt 0.295399994 0.5
vt 0.295399994 1
vt 0.295899987 1
vt 0.295899987 0.5
vt 0.295899987 9.99999975e-05
vt 0.295399994 9.99999975e-05
vt 0.2949 9.99999975e-05
vt 0.2949 0.5
vt 0.2949 1
vt 0.296400011 0.5
vt 0.296400011 1
vt 0.296900004 1
vt 0.296900004 0.5
vt 0.296900004 9.99999975e-05
vt 0.296400011 9.99999975e-05
vt 0.500199974 0.296400011
vt 0.99970001 0.296400011
vt 0.99970001 0.295899987
vt 0.500199974 0.295899987
vt 0.000600000028 0.295899987
vt 0.000600000028 0.296400011
vt 0.000600000028 0.296900004
vt 0.500199974 0.296900004
vt 0.99970001 0.296900004
vt 0.500199974 0.295399994
vt 0.99970001 0.295399994
vt 0.99970001 0.2949
vt 0.500199974 0.2949
vt 0.000600000028 0.2949
vt 0.000600000028 0.295399994
vt 0.497700006 0.704699993
vt 0.997900009 0.704699993
vt 0.997900009 0.704200029
vt 0.497599989 0.704200029
vt -0.00260000001 0.704100013
vt -0.00260000001 0.704599977
vt -0.00260000001 0.7051
vt 0.497700006 0.7051
vt 0.997900009 0.705200016
vt 0.497599989 0.703700006
vt 0.997900009 0.703700006
vt 0.997900009 0.703199983
vt 0.497599989 0.703199983
vt -0.00270000007 0.703199983
vt -0.00270000007 0.703700006
vt 0.296400011 0.749800026
vt 0.296400011 0.499599993
vt 0.295899987 0.499599993
vt 0.295899987 0.749800026
vt 0.295899987 1
vt 0.296400011 1
vt 0.296900004 1
vt 0.296900004 0.749800026
vt 0.296900004 0.499599993
vt 0.295399994 0.749800026
vt 0.295399994 0.499599993
vt 0.2949 0.499599993
vt 0.2949 0.749800026
vt 0.2949 1
vt 0.295399994 1
vt 0.295399994 0.231800005
vt 0.295399994 0.473399997
vt 0.295899987 0.473500013
vt 0.295899987 0.231900007
vt 0.295899987 -0.00120000006
vt 0.295399994 -0.00120000006
vt 0.2949 -0.00120000006
vt 0.2949 0.231800005
vt 0.2949 0.45449999
vt 0.296299994 0.231900007
vt 0.296299994 0.473500013
vt 0.296799988 0.4736
vt 0.296799988 0.231900007
vt 0.296799988 -0.00120000006
vt 0.296299994 -0.00120000006
vt 0.295399994 0.732200027
vt 0.295399994 0.999499977
vt 0.295899987 0.999499977
vt 0.295899987 0.732200027
vt 0.2949 0.73210001
vt 0.2949 0.999599993
vt 0.296400011 0.732299984
vt 0.296400011 0.999499977
vt 0.296900004 0.999499977
vt 0.296900004 0.732299984
vt 0.295399994 0.745999992
vt 0.295399994 0.493800014
vt 0.294999987 0.508599997
vt 0.2949 0.745999992
vt 0.2949 1.00030005
vt 0.295399994 1.00030005
vt 0.295899987 1.00030005
vt 0.295899987 0.746100008
vt 0.295899987 0.493900001
vt 0.295399994 0.245700002
vt 0.295399994 -0.00039999999
vt 0.2949 -0.00039999999
vt 0.2949 0.2456
vt 0.295899987 0.245700002
vt 0.295899987 -0.00039999999
vt 0.575200021 0.265599996
vt 0.574199975 0.265599996
vt 0.574199975 0.281199992
vt 0.575200021 0.281199992
vt 0.576200008 0.281199992
vt 0.576200008 0.265599996
vt 0.576200008 0.252000004
vt 0.575200021 0.25
vt 0.574199975 0.25
vt 0.575200021 0.296900004
vt 0.574199975 0.296900004
vt 0.574199975 0.3125
vt 0.575200021 0.3125
vt 0.576200008 0.3125
vt 0.576200008 0.296900004
vt 0.577099979 0.265599996
vt 0.577099979 0.281199992
vt 0.578100026 0.281199992
vt 0.578100026 0.265599996
vt 0.578100026 0.25
vt 0.577099979 0.25
vt 0.577099979 0.296900004
vt 0.577099979 0.3125
vt 0.578100026 0.3125
vt 0.578100026 0.296900004
vt 0.656300008 0.265500009
vt 0.625 0.265500009
vt 0.625 0.281199992
vt 0.656300008 0.281199992
vt 0.6875 0.281199992
vt 0.6875 0.265500009
vt 0.6875 0.249899998
vt 0.656300008 0.249899998
vt 0.625 0.249899998
vt 0.656300008 0.296799988
vt 0.625 0.296799988
vt 0.625 0.312400013
vt 0.656300008 0.312400013
vt 0.6875 0.312400013
vt 0.6875 0.296799988
vt 0.5 0.296900004
vt 1 0.296900004
vt 1 0.281199992
vt 0.5 0.281199992
vt 0 0.281199992
vt -0 0.296900004
vt -0 0.3125
vt 0.5 0.3125
vt 1 0.3125
vt 0.5 0.265599996
vt 1 0.265599996
vt 1 0.25
vt 0.5 0.25
vt -0 0.25
vt -0 0.265599996
vt 0.875 0.265599996
vt 0.765600026 0.265599996
vt 0.765600026 0.281199992
vt 0.875 0.281199992
vt 1 0.281199992
vt 1 0.265599996
vt 1 0.25
vt 0.875 0.25
vt 0.765600026 0.252000004
vt 0.875 0.296900004
vt 0.765600026 0.296900004
vt 0.765600026 0.3125
vt 0.875 0.3125
vt 1 0.3125
vt 1 0.296900004
vt 0.833299994 0.265599996
vt 0.666700006 0.265599996
vt 0.666700006 0.281300008
vt 0.833299994 0.281300008
vt 1 0.281199992
vt 1 0.265599996
vt 1 0.25
vt 0.833299994 0.25
vt 0.677100003 0.252000004
vt 0.833299994 0.296900004
vt 0.666700006 0.296900004
vt 0.666700006 0.3125
vt 0.833299994 0.3125
vt 1 0.3125
vt 1 0.296900004
vt 0.5 0.265599996
vt 0.333299994 0.265599996
vt 0.333299994 0.281199992
vt 0.5 0.281199992
vt 0.5 0.25
vt 0.343699992 0.252000004
vt 0.5 0.296900004
vt 0.333299994 0.296900004
vt 0.333299994 0.3125
vt 0.5 0.3125
vt 0.166700006 0.265599996
vt -0 0.265599996
vt -0 0.281199992
vt 0.166700006 0.281199992
vt 0.166700006 0.25
vt -0 0.25
vt 0.166700006 0.296900004
vt -0 0.296900004
vt -0 0.3125
vt 0.166700006 0.3125
vt 0.25 0.296900004
vt 0.468800008 0.296900004
vt 0.468800008 0.281199992
vt 0.25 0.281199992
vt -0 0.281199992
vt -0 0.296900004
vt 0 0.3125
vt 0.25 0.3125
vt 0.468800008 0.3125
vt 0.25 0.265599996
vt 0.468800008 0.265599996
vt 0.468800008 0.252000004
vt 0.25 0.25
vt 0 0.25
vt -0 0.265599996
vt 0.6875 0.265599996
vt 0.625 0.265599996
vt 0.625 0.281199992
vt 0.6875 0.281199992
vt 0.6875 0.25
vt 0.625 0.25
vt 0.6875 0.296900004
vt 0.625 0.296900004
vt 0.625 0.3125
vt 0.6875 0.3125
vt 0.380899996 0.577099979
vt 0.382800013 0.577099979
vt 0.382800013 0.576200008
vt 0.380899996 0.576200008
vt 0.380899996 0.578100026
vt 0.382800013 0.578100026
vt 0.380899996 0.575200021
vt 0.382800013 0.575200021
vt 0.382800013 0.574199975
vt 0.380899996 0.574199975
vt 0.5 0.575200021
vt -0 0.575200021
vt -0 0.576200008
vt 0.5 0.576200008
vt 1 0.576200008
vt 1 0.575200021
vt 1 0.574199975
vt 0.5 0.574199975
vt -0 0.574199975
vt 0.5 0.577099979
vt 0 0.577099979
vt 0 0.578100026
vt 0.5 0.578100026
vt 1 0.578100026
vt 1 0.577099979
vt 0.5 0.577099979
vt 1 0.577099979
vt 1 0.576200008
vt 0.5 0.576200008
vt 0 0.576200008
vt 0 0.577099979
vt 0 0.578100026
vt 0.5 0.578100026
vt 1 0.578100026
vt 0.5 0.575200021
vt 1 0.575200021
vt 1 0.574199975
vt 0.5 0.574199975
vt 0 0.574199975
vt 0 0.575200021
vt 0.5 0.577099979
vt 1 0.577099979
vt 1 0.576200008
vt 0.5 0.576200008
vt 0 0.576200008
vt 0 0.577099979
vt 0 0.578100026
vt 0.5 0.578100026
vt 1 0.578100026
vt 0.5 0.575200021
vt 1 0.575200021
vt 1 0.574199975
vt 0.5 0.574199975
vt 0 0.574199975
vt 0 0.575200021
vt 0.75 0.577099979
vt 1 0.577099979
vt 1 0.576200008
vt 0.75 0.576200008
vt 0.5 0.576200008
vt 0.5 0.577099979
vt 0.5 0.578100026
vt 0.75 0.578100026
vt 1 0.578100026
vt 0.75 0.575200021
vt 1 0.575200021
vt 1 0.574199975
vt 0.75 0.574199975
vt 0.5 0.574199975
vt 0.5 0.575200021
vt 0.717700005 0.574899971
vt 0.451599985 0.574800014
vt 0.452899992 0.575800002
vt 0.718599975 0.575900018
vt 1 0.576200008
vt 1 0.575200021
vt 1 0.574199975
vt 0.716799974 0.573899984
vt 0.459899992 0.573899984
vt 0.719500005 0.576900005
vt 0.4542 0.576699972
vt 0.455500007 0.577700019
vt 0.720300019 0.577899992
vt 1 0.578100026
vt 1 0.577099979
vt 0.217700005 0.574899971
vt 0 0.575200021
vt 0 0.576200008
vt 0.218600005 0.575900018
vt 0.216800004 0.573899984
vt 0 0.574199975
vt 0.219500005 0.576900005
vt 0 0.577099979
vt 0 0.578100026
vt 0.220300004 0.577899992
vt 0.575200021 0.253800005
vt 0.575200021 0.505800009
vt 0.576099992 0.505900025
vt 0.576200008 0.253899992
vt 0.576200008 -0
vt 0.575200021 -0
vt 0.574199975 -0
vt 0.574199975 0.253800005
vt 0.574299991 0.490799993
vt 0.577099979 0.254000008
vt 0.577099979 0.505900025
vt 0.578100026 0.505999982
vt 0.578100026 0.254000008
vt 0.578100026 -0
vt 0.577099979 -0
vt 0.575200021 0.753799975
vt 0.575200021 1
vt 0.576200008 1
vt 0.576200008 0.753899992
vt 0.574199975 0.753799975
vt 0.574199975 1
vt 0.577099979 0.754000008
vt 0.577099979 1
vt 0.578100026 1
vt 0.578100026 0.754000008
vt 0.343800008 0.379799992
vt 0.3125 0.379799992
vt 0.3125 0.381700009
vt 0.343800008 0.381799996
vt 0.375 0.381799996
vt 0.375 0.379900008
vt 0.380899996 0.5
vt 0.380899996 -0
vt 0.380899996 1
vt 0.382800013 1
vt 0.382800013 0.5
vt 0.382800013 0
vt 0.380899996 0.875
vt 0.380899996 1
vt 0.382800013 1
vt 0.382800013 0.875
vt 0.382800013 0.765600026
vt 0.380899996 0.765600026
vt 0.380899996 0.166700006
vt 0.380899996 0.333299994
vt 0.382800013 0.333299994
vt 0.382800013 0.166700006
vt 0.382800013 0
vt 0.380899996 0
vt 0.380899996 0.5
vt 0.380899996 0.666700006
vt 0.382800013 0.666700006
vt 0.382800013 0.5
vt 0.380899996 0.833299994
vt 0.380899996 1
vt 0.382800013 1
vt 0.382800013 0.833299994
vt 0.380899996 0.25
vt 0.380899996 0.468699992
vt 0.382800013 0.468699992
vt 0.382800013 0.25
vt 0.382800013 0
vt 0.380899996 -0
vt 0.380899996 0.6875
vt 0.382800013 0.6875
vt 0.382800013 0.625
vt 0.380899996 0.625
vt 0.343699992 0.5
vt 0.343699992 1
vt 0.375 1
vt 0.375 0.5
vt 0.375 9.99999975e-05
vt 0.343699992 9.99999975e-05
vt 0.3125 9.99999975e-05
vt 0.3125 0.5
vt 0.3125 1
vt 0.498199999 0.656300008
vt -0.00190000003 0.656300008
vt -0.00350000011 0.687600017
vt 0.496899992 0.687600017
vt 0.997300029 0.687600017
vt 0.998399973 0.656300008
vt 0.999499977 0.625100017
vt 0.499599993 0.625100017
vt -0.000300000014 0.625
vt 0.343800008 0.749800026
vt 0.343800008 0.499599993
vt 0.3125 0.499500006
vt 0.3125 0.749800026
vt 0.3125 1
vt 0.343699992 1
vt 0.375 1
vt 0.375 0.749899983
vt 0.375 0.499799997
vt 0.5 0.5
vt 0.5 0
vt 0 0
vt 0 0.5
vt 0 1
vt 0.5 1
vt 1 1
vt 1 0.5
vt 1 0
vt 0.5 0.5
vt 0.5 0
vt 0 0
vt 0 0.5
vt 0 1
vt 0.5 1
vt 1 1
vt 1 0.5
vt 1 0
vt 0.5 0.5
vt 0.5 0
vt 0 0
vt 0 0.5
vt 0 1
vt 0.5 1
vt 1 1
vt 1 0.5
vt 1 0
vt 0.75 0.5
vt 0.75 0
vt 0.5 0
vt 0.5 0.5
vt 0.5 1
vt 0.75 1
vt 1 1
vt 1 0.5
vt 1 0
vt 0.5 0.875
vt 1 0.875
vt 1 0.765600026
vt 0.5 0.765600026
vt -0 0.765600026
vt -0 0.875
vt 0 1
vt 0.5 1
vt 1 1
vt 0.5 0.875
vt 1 0.875
vt 1 0.765600026
vt 0.5 0.765600026
vt 0 0.765600026
vt 0 0.875
vt 0 1
vt 0.5 1
vt 1 1
vt 0.5 0.875
vt 1 0.875
vt 1 0.765600026
vt 0.5 0.765600026
vt -0 0.765600026
vt -0 0.875
vt 0 1
vt 0.5 1
vt 1 1
vt 0.75 0.875
vt 1 0.875
vt 1 0.765600026
vt 0.75 0.765600026
vt 0.5 0.765600026
vt 0.5 0.875
vt 0.5 1
vt 0.75 1
vt 1 1
vt 0.5 0.166700006
vt 1 0.166700006
vt 1 0
vt 0.5 0
vt 0 0
vt -0 0.166700006
vt -0 0.333299994
vt 0.5 0.333299994
vt 1 0.333299994
vt 0.5 0.5
vt 1 0.5
vt 0 0.5
vt 0 0.666700006
vt 0.5 0.666700006
vt 1 0.666700006
vt 0.5 0.833299994
vt 1 0.833299994
vt 0 0.833299994
vt 0 1
vt 0.5 1
vt 1 1
vt 0.166700006 0.5
vt 0.166700006 0
vt 0 0
vt 0 0.5
vt 0.166700006 1
vt 0.333299994 1
vt 0.333299994 0.5
vt 0.333299994 0
vt 0.5 0.5
vt 0.5 0
vt 0.5 1
vt 0.666700006 1
vt 0.666700006 0.5
vt 0.666700006 -0
vt 0.833299994 0.5
vt 0.833299994 -0
vt 0.833299994 1
vt 1 1
vt 1 0.5
vt 1 0
vt 0.5 0.166700006
vt 1 0.166700006
vt 1 0
vt 0.5 0
vt 0 0
vt 0 0.166700006
vt 0 0.333299994
vt 0.5 0.333299994
vt 1 0.333299994
vt 0.5 0.5
vt 1 0.5
vt 0 0.5
vt 0 0.666700006
vt 0.5 0.666700006
vt 1 0.666700006
vt 0.5 0.833299994
vt 1 0.833299994
vt 0 0.833299994
vt 0 1
vt 0.5 1
vt 1 1
vt 0.75 0.166700006
vt 1 0.166700006
vt 1 0
vt 0.75 0
vt 0.5 0
vt 0.5 0.166700006
vt 0.5 0.333299994
vt 0.75 0.333299994
vt 1 0.333299994
vt 0.75 0.5
vt 1 0.5
vt 0.5 0.5
vt 0.5 0.666700006
vt 0.75 0.666700006
vt 1 0.666700006
vt 0.75 0.833299994
vt 1 0.833299994
vt 0.5 0.833299994
vt 0.5 1
vt 0.75 1
vt 1 1
vt 0.5 0.25
vt 1 0.25
vt 1 0
vt 0.5 0
vt 0 0
vt 0 0.25
vt 0 0.468800008
vt 0.5 0.468800008
vt 1 0.468800008
vt 0.25 0.5
vt 0.25 0
vt 0 0
vt 0 0.5
vt 0 1
vt 0.25 1
vt 0.5 1
vt 0.5 0.5
vt 0.5 0
vt 0.5 0.25
vt 1 0.25
vt 1 0
vt 0.5 0
vt 0 0
vt 0 0.25
vt 0 0.468800008
vt 0.5 0.468800008
vt 1 0.468699992
vt 0.75 0.25
vt 1 0.25
vt 1 0
vt 0.75 -0
vt 0.5 -0
vt 0.5 0.25
vt 0.5 0.468699992
vt 0.75 0.468800008
vt 1 0.468800008
vt 0.5 0.6875
vt 1 0.6875
vt 1 0.625
vt 0.5 0.625
vt 0 0.625
vt 0 0.6875
vt 0.5 0.6875
vt 1 0.6875
vt 1 0.625
vt 0.5 0.625
vt -0 0.625
vt 0 0.6875
vt 0.5 0.6875
vt 1 0.6875
vt 1 0.625
vt 0.5 0.625
vt -0 0.625
vt -0 0.6875
vt 0.75 0.6875
vt 1 0.6875
vt 1 0.625
vt 0.75 0.625
vt 0.5 0.625
vt 0.5 0.6875
vt 0.343600005 0.232299998
vt 0.374900013 0.232899994
vt 0.375 -0.000500000024
vt 0.343699992 -0.00100000005
vt 0.312400013 -0.00150000001
vt 0.312299997 0.231600001
vt 0.31220001 0.4648
vt 0.343600005 0.465600014
vt 0.374900013 0.466300011
vt 0.237000003 0.49970001
vt 0.237000003 -0.00039999999
vt 0 0
vt 0 0.5
vt 0 1
vt 0.237000003 0.999800026
vt 0.480500013 0.99970001
vt 0.480500013 0.499500006
vt 0.480599999 -0.000699999975
vt 0.736999989 0.49970001
vt 0.736999989 -0.00039999999
vt 0.736999989 0.999800026
vt 1 1
vt 1 0.5
vt 1 0
vt 0.73269999 0.874199986
vt 0.735000014 0.999199986
vt 1 1
vt 1 0.875
vt 1 0.75
vt 0.730499983 0.749199986
vt 0.470800012 0.748700023
vt 0.474099994 0.87379998
vt 0.477400005 0.998899996
vt 0.232700005 0.874199986
vt 0.234999999 0.999199986
vt 0.230499998 0.749199986
vt 0 0.75
vt 0 0.875
vt 0 1
vt 0.734899998 0.165800005
vt 0.735099971 0.332599998
vt 1 0.333299994
vt 1 0.166700006
vt 1 0
vt 0.734799981 -0.00109999999
vt 0.477200001 -0.00159999996
vt 0.477400005 0.165299997
vt 0.477600008 0.332300007
vt 0.234899998 0.165800005
vt 0.235100001 0.332599998
vt 0.234799996 -0.00109999999
vt 0 0
vt 0 0.166700006
vt 0 0.333299994
vt 0.735099971 0.499500006
vt 0.735099971 0.666299999
vt 1 0.666700006
vt 1 0.5
vt 0.477699995 0.499199986
vt 0.477699995 0.666100025
vt 0.235100001 0.499500006
vt 0.235100001 0.666299999
vt 0 0.5
vt 0 0.666700006
vt 0.736100018 0.833100021
vt 0.737100005 0.999800026
vt 1 1
vt 1 0.833299994
vt 0.735099971 0.666400015
vt 0.477699995 0.666299999
vt 0.479099989 0.833000004
vt 0.480599999 0.999800026
vt 0.236100003 0.833100021
vt 0.237100005 0.999800026
vt 0.235100001 0.666400015
vt 0 0.833299994
vt 0 1
vt 0.735899985 0.25
vt 0.735000014 0.468800008
vt 1 0.468699992
vt 1 0.25
vt 1 0
vt 0.736999989 -9.99999975e-05
vt 0.480399996 -9.99999975e-05
vt 0.478899986 0.25
vt 0.477499992 0.468899995
vt 0.2359 0.25
vt 0.234999999 0.468800008
vt 0.237000003 -9.99999975e-05
vt 0 0
vt -0 0.25
vt 0 0.468800008
vt 0.725300014 0.686600029
vt 0.730499983 0.74940002
vt 1 0.6875
vt 1 0.625
vt 0.720099986 0.62379998
vt 0.455199987 0.623199999
vt 0.463 0.686100006
vt 0.470800012 0.749000013
vt 0.225299999 0.686600029
vt 0.230499998 0.74940002
vt 0.220100001 0.62379998
vt -0 0.625
vt -0 0.6875
vt 0.246000007 0.499900013
vt 0.245900005 -9.99999975e-05
vt 0 0
vt 0 0.5
vt 0 1
vt 0.246199995 0.999899983
vt 0.494300008 0.999899983
vt 0.494100004 0.499900013
vt 0.493900001 -0.000199999995
vt 0.745999992 0.499900013
vt 0.745899975 -9.99999975e-05
vt 0.746200025 0.999899983
vt 1 0.5
vt 1 0
vt 0.874800026 0.254700005
vt 0.999800026 0.254799992
vt 1 0
vt 0.875 -0
vt 0.765600026 -0
vt 0.765500009 0.254500002
vt 0.765399992 0.506799996
vt 0.87470001 0.507000029
vt 0.99970001 0.507099986
vt 0.874800026 0.754700005
vt 0.999800026 0.754800022
vt 0.765500009 0.754499972
vt 0.765600026 1
vt 0.875 1
vt 0.745100021 0.166500002
vt 0.745100021 0.333200008
vt 1 0.333299994
vt 1 0.166700006
vt 0.745299995 -0.000199999995
vt 0.492900014 -0.000300000014
vt 0.492700011 0.1664
vt 0.492599994 0.333099991
vt 0.245100006 0.166500002
vt 0.245100006 0.333200008
vt 0.245299995 -0.000199999995
vt 0 0
vt 0 0.166700006
vt 0 0.333299994
vt 0.745000005 0.499900013
vt 0.745199978 0.666599989
vt 1 0.666700006
vt 1 0.5
vt 0.492599994 0.499799997
vt 0.492700011 0.666499972
vt 0.245000005 0.499900013
vt 0.245199993 0.666599989
vt -0 0.5
vt -0 0.666700006
vt 0.745500028 0.833299994
vt 0.745899975 1
vt 1 0.833299994
vt 0.493200004 0.833199978
vt 0.493800014 0.999899983
vt 0.245499998 0.833299994
vt 0.245900005 1
vt -0 0.833299994
vt 0 1
vt 0.746200025 0.25
vt 0.746299982 0.5
vt 1 0.5
vt 1 0.25
vt 1 0
vt 0.746200025 -0
vt 0.494300008 -0
vt 0.494399995 0.25
vt 0.494500011 0.5
vt 0.246199995 0.25
vt 0.246299997 0.5
vt 0.246199995 -0
vt 0 0
vt -0 0.25
vt -0 0.5
vt 0.687399983 0.254299998
vt 0.6875 -0
vt 0.625 0
vt 0.624899983 0.254000008
vt 0.624800026 0.505999982
vt 0.687300026 0.506399989
vt 0.687399983 0.754299998
vt 0.624899983 0.754000008
vt 0.625 1
vt 0.6875 1
vt 0.377900004 0.875
vt 0.377000004 0.875
vt 0.377000004 1
vt 0.377900004 1
vt 0.379200011 1
vt 0.379200011 0.875
vt 0.379200011 0.75
vt 0.377900004 0.75
vt 0.377000004 0.75
vt 0.377900004 0.625
vt 0.377000004 0.625
vt 0.379200011 0.625
vt 0.625 0.265599996
vt 0.625 0.25
vt 0.625 0.281199992
vt 0.75 0.281199992
vt 0.75 0.265599996
vt 0.75 0.25
vt 0.875 0.265599996
vt 0.875 0.25
vt 0.875 0.281199992
vt 1 0.281199992
vt 1 0.265599996
vt 1 0.25
vt 0.625 0.296900004
vt 0.625 0.3125
vt 0.75 0.3125
vt 0.75 0.296900004
vt 0.875 0.296900004
vt 0.875 0.3125
vt 1 0.3125
vt 1 0.296900004
vt 0.380899996 0.875
vt 0.380899996 1
vt 0.382800013 1
vt 0.382800013 0.875
vt 0.382800013 0.75
vt 0.380899996 0.75
vt 0.380899996 0.625
vt 0.382800013 0.625
vt 0.25 0.5
vt 0.25 0
vt 0 0
vt 0 0.5
vt 0 1
vt 0.25 1
vt 0.5 1
vt 0.5 0.5
vt 0.5 0
vt 0.5 0.625
vt 1 0.625
vt 0 0.625
vt 0 0.75
vt 0.5 0.75
vt 1 0.75
vt 0.5 0.875
vt 1 0.875
vt 0 0.875
vt 0 1
vt 0.5 1
vt 1 1
vt 0.5 0.625
vt 1 0.625
vt -0 0.625
vt -0 0.75
vt 0.5 0.75
vt 1 0.75
vt 0.5 0.875
vt 1 0.875
vt -0 0.875
vt 0 1
vt 0.5 1
vt 1 1
vt 0.75 0.625
vt 1 0.625
vt 0.5 0.625
vt 0.5 0.75
vt 0.75 0.75
vt 1 0.75
vt 0.75 0.875
vt 1 0.875
vt 0.5 0.875
vt 0.5 1
vt 0.75 1
vt 1 1
vt 0.734499991 0.625100017
vt 0.476700008 0.625199974
vt 0.534500003 0.781499982
vt 0.734099984 0.750199974
vt 1 0.75
vt 1 0.625
vt 0.233700007 0.875199974
vt 0 0.875
vt 0 1
vt 0.2333 1.00020003
vt 0.466699988 1.00039995
vt 0.467400014 0.875400007
vt 0.234099999 0.750199974
vt 0 0.75
vt 0.234500006 0.625100017
vt 0 0.625
vt 0.5 0.5
vt 0.5 0
vt 0 0
vt 0 0.5
vt 0 1
vt 0.5 1
vt 1 1
vt 1 0.5
vt 1 0
vt 0.5 0.5
vt 0 0.5
vt 0 0
vt 0.5 0
vt 0.5 1
vt 0 1
vt 0.5 0.5
vt 0.5 0
vt 1 0
vt 1 0.5
vt 1 1
vt 0.5 1
vt 0.5 0.5
vt 0.5 0
vt 0 0
vt 0 0.5
vt 0 1
vt 0.5 1
vt 0.5 0.5
vt 0 0.5
vt 0 0
vt 0.5 0
vt 1 0
vt 1 0.5
vt 1 1
vt 0.5 1
vt 0 1
vt 0.5 0.5
vt 0.5 0
vt 0 0
vt 0 0.5
vt 0 1
vt 0.5 1
vt 0.5 0.5
vt 0 0.5
vt 0 0
vt 0.5 0
vt 1 0
vt 1 0.5
vt 1 1
vt 0.5 1
vt 0 1
vt 0.5 0.5
vt 0 0.5
vt 0 1
vt 0.5 1
vt 1 1
vt 1 0.5
vt 0.5 0.5
vt 0.5 0
vt 0 0
vt 0 0.5
vt 0 1
vt 0.5 1
vt 1 1
vt 1 0.5
vt 1 0
vt 0.5 0.5
vt 0 0.5
vt 0 0
vt 0.5 0
vt 1 0
vt 1 0.5
vt 1 1
vt 0.5 1
vt 0 1
vt 0.5 0.5
vt 0.5 0
vt 0 0
vt 0 0.5
vt 0 1
vt 0.5 1
vt 1 0.5
vt 1 0
vt 0.5 0.5
vt 0.5 0
vt 0 0.5
vt 0 1
vt 0.5 1
vt 1 1
vt 1 0.5
vt 1 0
vt 0.5 0.5
vt 0.5 0
vt 0 0
vt 0 0.5
vt 0 1
vt 0.5 1
vt 1 0.5
vt 1 0
vt 0.5 0.5
vt 0.5 0
vt 0.5 1
vt 1 1
vt 1 0.5
vt 1 0
vt 0.5 0.5
vt 0.5 0
vt 0.5 1
vt 1 1
vt 1 0.5
vt 1 0
vt 0.5 0.5
vt 0.5 0
vt 1 0
vt 1 0.5
vt 0.5 1
vt 0.5 0.5
vt 0 0.5
vt 0 0
vt 0.5 0
vt 1 0
vt 1 0.5
vt 1 1
vt 0.5 1
vt 0 1
vt 0.5 0.5
vt 0.5 0
vt 0.5 1
vt 1 1
vt 1 0.5
vt 1 0
vt 0.5 0.5
vt 0.5 0
vt 0 0
vt 0 0.5
vt 0 1
vt 0.5 1
vt 1 1
vt 1 0.5
vt 1 0
vt 0.5 0.5
vt 0.5 0
vt 1 0
vt 1 0.5
vt 1 1
vt 0.5 1
vt 0.5 0.5
vt 0 0.5
vt 0 0
vt 0.5 0
vt 0.5 1
vt 0 1
vt 0.5 0.5
vt 0.5 0
vt 0 0
vt 0 0.5
vt 0 1
vt 0.5 1
vt 0.5 0.5
vt 0.5 0
vt 0 0
vt 0 0.5
vt 0 1
vt 0.5 1
vt 1 1
vt 1 0.5
vt 1 0
vt 0.5 0.5
vt 0.5 0
vt 0 0
vt 0 0.5
vt 0 1
vt 0.5 1
vt 0.5 0.5
vt 0.5 0
vt 0.5 1
vt 0.5 0.5
vt 0.5 0
vt 1 0
vt 1 0.5
vt 1 1
vt 0.5 1
vt 0.5 0.5
vt 0 0.5
vt 0 0
vt 0.5 0
vt 1 0
vt 1 0.5
vt 1 1
vt 0.5 1
vt 0 1
vt 0.5 0.5
vt 0.5 0
vt 0.5 1
vt 1 1
vt 1 0.5
vt 1 0
vt 0.5 0.5
vt 0.5 0
vt 0 0
vt 0 0.5
vt 0 1
vt 0.5 1
vt 1 1
vt 1 0.5
vt 1 0
vt 0.5 0.5
vt 0.5 0
vt 1 0
vt 1 0.5
vt 1 1
vt 0.5 1
vt 0.5 0.5
vt 0 0.5
vt 0 0
vt 0.5 0
vt 0.5 1
vt 0 1
vt 0.5 0.5
vt 0.5 0
vt 0 0
vt 0 0.5
vt 0 1
vt 0.5 1
vt 0.5 0.5
vt 0.5 0
vt 0 0
vt 0 0.5
vt 0 1
vt 0.5 1
vt 1 1
vt 1 0.5
vt 1 0
vt 0.5 0.5
vt 0.5 0
vt 0 0
vt 0 0.5
vt 0 1
vt 0.5 1
vt 0.5 0.5
vt 0.5 0
vt 0.5 1
vt 0.5 0.5
vt 0.5 0
vt 1 0
vt 1 0.5
vt 1 1
vt 0.5 1
vt 0.5 0.5
vt 0.5 0
vt 0 0
vt 0 0.5
vt 0 1
vt 0.5 1
vt 1 0.5
vt 1 0
vt 0.5 0.5
vt 0.5 0
vt 1 0
vt 1 0.5
vt 1 1
vt 0.5 1
vt 0.5 0.5
vt 0.5 0
vt 0 0
vt 0 0.5
vt 0 1
vt 0.5 1
vt 1 1
vt 1 0.5
vt 1 0
vt 0.5 0.5
vt 0.5 0
vt 0 0
vt 0 0.5
vt 0.5 1
vt 1 0.5
vt 1 0
vt 0.5 0.5
vt 0.5 0
vt 0 0
vt 0 0.5
vt 0.5 1
vt 1 1
vt 1 0.5
vt 1 0
vt 0.5 0.5
vt 0.5 0
vt 0 0
vt 0 0.5
vt 1 0.5
vt 1 0
vt 0.75 0.875
vt 0.75 1
vt 1 1
vt 1 0.875
vt 1 0.75
vt 0.75 0.75
vt 0.5 0.75
vt 0.5 0.875
vt 0.5 1
vt 0.25 0.875
vt 0.25 1
vt 0.25 0.75
vt -0 0.75
vt -0 0.875
vt 0 1
vt 0.75 0.625
vt 1 0.625
vt 1 0.468699992
vt 0.75 0.468800008
vt 0.5 0.468800008
vt 0.5 0.625
vt 0.25 0.625
vt 0.25 0.468800008
vt 0 0.468800008
vt -0 0.625
vt 0.625 0.257800013
vt 0.75 0.257800013
vt 0.75 0.25
vt 0.5 0.25
vt 0.5 0.257800013
vt 0.5 0.265599996
vt 0.625 0.265599996
vt 0.75 0.265599996
vt 0.625 0.273400009
vt 0.75 0.273400009
vt 0.5 0.273400009
vt 0.5 0.281199992
vt 0.625 0.281199992
vt 0.75 0.281199992
vt 0.875 0.257800013
vt 1 0.257800013
vt 1 0.25
vt 0.75 0.25
vt 0.75 0.257800013
vt 0.75 0.265599996
vt 0.875 0.265599996
vt 1 0.265599996
vt 0.875 0.273400009
vt 1 0.273400009
vt 0.75 0.273400009
vt 0.75 0.281199992
vt 0.875 0.281199992
vt 1 0.281199992
vt 0.295399994 0.380899996
vt 0.294999987 0.380899996
vt 0.295399994 0.381900012
vt 0.295899987 0.381799996
vt 0.295899987 0.380899996
vt 0.295899987 0.379900008
vt 0.295399994 0.379900008
vt 0.294999987 0.379900008
vt 0.295399994 0.378899992
vt 0.2949 0.378899992
vt 0.295899987 0.378899992
vt 0.295899987 0.377900004
vt 0.295399994 0.377900004
vt 0.2949 0.377900004
vt 0.295399994 0.75
vt 0.2949 0.75
vt 0.295399994 1
vt 0.295899987 1
vt 0.295899987 0.75
vt 0.295899987 0.5
vt 0.295399994 0.5
vt 0.2949 0.5
vt 0.295399994 0.25
vt 0.2949 0.25
vt 0.295899987 0.25
vt 0.295899987 9.99999975e-05
vt 0.295399994 9.99999975e-05
vt 0.2949 9.99999975e-05
vt 0.749899983 0.295399994
vt 0.749899983 0.295899987
vt 0.99970001 0.295899987
vt 0.99970001 0.295399994
vt 0.749899983 0.2949
vt 0.500199974 0.2949
vt 0.500199974 0.295399994
vt 0.500199974 0.295899987
vt 0.250400007 0.295399994
vt 0.250400007 0.295899987
vt 0.250400007 0.2949
vt 0.000600000028 0.2949
vt 0.000600000028 0.295399994
vt 0.000600000028 0.295899987
vt 0.747799993 0.704699993
vt 0.747799993 0.705200016
vt 0.997900009 0.704699993
vt 0.997900009 0.704200029
vt 0.747799993 0.704200029
vt 0.497599989 0.704200029
vt 0.497700006 0.704699993
vt 0.497700006 0.7051
vt 0.247500002 0.704599977
vt 0.247500002 0.7051
vt 0.247500002 0.704200029
vt -0.00260000001 0.704100013
vt -0.00260000001 0.704599977
vt -0.00260000001 0.7051
vt 0.295399994 0.62470001
vt 0.295899987 0.62470001
vt 0.295899987 0.499599993
vt 0.295399994 0.499599993
vt 0.2949 0.62470001
vt 0.2949 0.749800026
vt 0.295399994 0.749800026
vt 0.295899987 0.749800026
vt 0.295399994 0.874899983
vt 0.295899987 0.874899983
vt 0.2949 0.874899983
vt 0.2949 1
vt 0.295399994 1
vt 0.295899987 1
vt 0.295399994 0.618900001
vt 0.295899987 0.619000018
vt 0.295899987 0.491899997
vt 0.295399994 0.49180001
vt 0.2949 0.618799984
vt 0.2949 0.745999992
vt 0.295399994 0.745999992
vt 0.295899987 0.746100008
vt 0.295399994 0.873099983
vt 0.295899987 0.873199999
vt 0.2949 0.873099983
vt 0.2949 1.00030005
vt 0.295399994 1.00030005
vt 0.295899987 1.00030005
vt 0.295399994 0.122599997
vt 0.295899987 0.122599997
vt 0.295899987 -0.00039999999
vt 0.295399994 -0.00039999999
vt 0.2949 0.122599997
vt 0.2949 0.2456
vt 0.295399994 0.245700002
vt 0.295899987 0.245700002
vt 0.295399994 0.368699998
vt 0.295899987 0.368800014
vt 0.2949 0.368699998
vt 0.2949 0.491699994
vt 0.295399994 0.49180001
vt 0.295899987 0.491899997
vt 0.25 0.575200021
vt 0.25 0.574199975
vt -0 0.575200021
vt -0 0.576200008
vt 0.25 0.576200008
vt 0.5 0.576200008
vt 0.5 0.575200021
vt 0.5 0.574199975
vt 0.75 0.575200021
vt 0.75 0.574199975
vt 0.75 0.576200008
vt 1 0.576200008
vt 1 0.575200021
vt 1 0.574199975
vt 0.875 0.575200021
vt 0.875 0.576200008
vt 1 0.576200008
vt 1 0.575200021
vt 0.875 0.574199975
vt 0.75 0.574199975
vt 0.75 0.575200021
vt 0.75 0.576200008
vt 0.625 0.575200021
vt 0.625 0.576200008
vt 0.625 0.574199975
vt 0.5 0.574199975
vt 0.5 0.575200021
vt 0.5 0.576200008
vt 0.108900003 0.575100005
vt 0.108400002 0.574100018
vt 0 0.575200021
vt 0 0.576200008
vt 0.109300002 0.575999975
vt 0.218600005 0.575900018
vt 0.217700005 0.574899971
vt 0.216800004 0.573899984
vt 0.326599985 0.574800014
vt 0.325300008 0.573800027
vt 0.327899992 0.575800002
vt 0.43720001 0.575600028
vt 0.435400009 0.574599981
vt 0.433699995 0.573700011
vt 0.575200021 0.380800009
vt 0.574199975 0.380699992
vt 0.575200021 0.507700026
vt 0.576099992 0.507799983
vt 0.576099992 0.380899996
vt 0.576200008 0.253899992
vt 0.575200021 0.253800005
vt 0.574199975 0.253800005
vt 0.575200021 0.126900002
vt 0.574199975 0.126900002
vt 0.576200008 0.127000004
vt 0.576200008 -0
vt 0.575200021 -0
vt 0.574199975 -0
vt 0.575200021 0.876900017
vt 0.574199975 0.876900017
vt 0.575200021 1
vt 0.576200008 1
vt 0.576200008 0.876999974
vt 0.576200008 0.753899992
vt 0.575200021 0.753799975
vt 0.574199975 0.753799975
vt 0.575200021 0.630800009
vt 0.574199975 0.630699992
vt 0.576099992 0.630900025
vt 0.576099992 0.507799983
vt 0.575200021 0.507700026
vt 0.574199975 0.507600009
vt 0.576600015 0.574800014
vt 0.575299978 0.573800027
vt 0.435400009 0.574599981
vt 0.43720001 0.575600028
vt 0.577899992 0.575800002
vt 0.718599975 0.575900018
vt 0.717700005 0.574899971
vt 0.716799974 0.573899984
vt 0.858900011 0.575100005
vt 0.858399987 0.574100018
vt 0.859300017 0.575999975
vt 1 0.576200008
vt 1 0.575200021
vt 1 0.574199975
vt 0.75 0.575200021
vt 0.75 0.576200008
vt 1 0.576200008
vt 1 0.575200021
vt 0.75 0.574199975
vt 0.5 0.574199975
vt 0.5 0.575200021
vt 0.5 0.576200008
vt 0.25 0.575200021
vt 0.25 0.576200008
vt 0.25 0.574199975
vt 0 0.574199975
vt 0 0.575200021
vt 0 0.576200008
vt 0.381799996 0.575200021
vt 0.381799996 0.576200008
vt 0.382800013 0.576200008
vt 0.382800013 0.575200021
vt 0.381799996 0.574199975
vt 0.380899996 0.574199975
vt 0.380899996 0.575200021
vt 0.380899996 0.576200008
vt 0.379900008 0.575200021
vt 0.379900008 0.576200008
vt 0.379900008 0.574199975
vt 0.378899992 0.574199975
vt 0.378899992 0.575200021
vt 0.378899992 0.576200008
vt 0.295399994 0.34830001
vt 0.2949 0.348199993
vt 0.295399994 0.4648
vt 0.2958 0.464899987
vt 0.295899987 0.348399997
vt 0.295899987 0.231900007
vt 0.295399994 0.231800005
vt 0.2949 0.231800005
vt 0.295399994 0.1153
vt 0.2949 0.1153
vt 0.295899987 0.1153
vt 0.295899987 -0.00120000006
vt 0.295399994 -0.00120000006
vt 0.2949 -0.00120000006
vt 0.375 0.265599996
vt 0.375 0.281199992
vt 0.5 0.281199992
vt 0.5 0.265599996
vt 0.375 0.25
vt 0.25 0.25
vt 0.25 0.265599996
vt 0.25 0.281199992
vt 0.125 0.265599996
vt 0.125 0.281199992
vt 0.125 0.25
vt 0 0.25
vt -0 0.265599996
vt -0 0.281199992
vt 0.5 0.25
vt 1 0.25
vt 1 0
vt 0.5 0
vt -0 0.25
vt -0 0.5
vt 0.5 0.5
vt 1 0.5
vt 0.5 0.75
vt 1 0.75
vt -0 0.75
vt 0.0936999992 0.947899997
vt 0.5 1
vt 1 1
vt 0.75 0.833299994
vt 0.75 1
vt 1 1
vt 1 0.833299994
vt 1 0.666700006
vt 0.75 0.666700006
vt 0.5 0.666700006
vt 0.5 0.833299994
vt 0.5 1
vt 0.25 0.833299994
vt 0.25 1
vt 0.25 0.666700006
vt 0 0.666700006
vt 0 0.833299994
vt 0.75 0.25
vt 1 0.25
vt 0.75 0
vt 0.5 0
vt 0.5 0.25
vt 0.25 0.25
vt 0.25 0
vt 0 0
vt 0 0.25
vt 0.75 0.5
vt 1 0.5
vt 1 0.333299994
vt 0.75 0.333299994
vt 0.5 0.333299994
vt 0.5 0.5
vt 0.25 0.5
vt 0.25 0.333299994
vt 0 0.333299994
vt 0 0.5
vt 0.75 0.166700006
vt 1 0.166700006
vt 1 0
vt 0.75 -0
vt 0.5 -0
vt 0.5 0.166700006
vt 0.25 0.166700006
vt 0.25 -0
vt 0 0
vt 0 0.166700006
vt 0.75 0.875
vt 0.75 1
vt 1 1
vt 1 0.875
vt 1 0.765600026
vt 0.75 0.765600026
vt 0.5 0.765600026
vt 0.5 0.875
vt 0.5 1
vt 0.25 0.875
vt 0.25 1
vt 0.25 0.765600026
vt -0 0.765600026
vt -0 0.875
vt 0 1
vt 0.248199999 0.656300008
vt 0.249599993 0.625
vt -0.000300000014 0.625
vt -0.00350000011 0.687600017
vt 0.246700004 0.687600017
vt 0.496899992 0.687600017
vt 0.498199999 0.656300008
vt 0.499599993 0.625100017
vt 0.748300016 0.656300008
vt 0.749499977 0.625100017
vt 0.747099996 0.687600017
vt 0.997300029 0.687600017
vt 0.998399973 0.656300008
vt 0.999499977 0.625100017
vt 0.75 0.6875
vt 1 0.6875
vt 1 0.625
vt 0.75 0.625
vt 0.5 0.625
vt 0.5 0.6875
vt 0.25 0.6875
vt 0.25 0.625
vt -0 0.625
vt -0 0.6875
vt 0.75 0.575200021
vt 0.75 0.576200008
vt 1 0.576200008
vt 1 0.575200021
vt 0.75 0.574199975
vt 0.5 0.574199975
vt 0.5 0.575200021
vt 0.5 0.576200008
vt 0.25 0.575200021
vt 0.25 0.576200008
vt 0.25 0.574199975
vt 0 0.574199975
vt 0 0.575200021
vt 0 0.576200008
vt 0.295399994 0.86589998
vt 0.2949 0.865800023
vt 0.295399994 0.999499977
vt 0.295899987 0.999499977
vt 0.295899987 0.86589998
vt 0.295899987 0.732200027
vt 0.295399994 0.732200027
vt 0.2949 0.73210001
vt 0.295399994 0.598500013
vt 0.2949 0.598399997
vt 0.295899987 0.59859997
vt 0.2958 0.464899987
vt 0.295399994 0.4648
vt 0.2949 0.464700013
vt 0.0833000019 0.265599996
vt 0.0833000019 0.25
vt -0 0.265599996
vt -0 0.281199992
vt 0.0833000019 0.281199992
vt 0.166700006 0.281199992
vt 0.166700006 0.265599996
vt 0.166700006 0.25
vt 0.25 0.265599996
vt 0.25 0.25
vt 0.25 0.281199992
vt 0.333299994 0.281199992
vt 0.333299994 0.265599996
vt 0.333299994 0.25
vt 0.75 0.265599996
vt 0.75 0.281199992
vt 1 0.281199992
vt 1 0.265599996
vt 0.75 0.25
vt 0.5 0.25
vt 0.5 0.265599996
vt 0.5 0.281199992
vt 0.25 0.265599996
vt 0.25 0.281199992
vt 0.25 0.25
vt -0 0.25
vt -0 0.265599996
vt 0 0.281199992
vt 0.416700006 0.265599996
vt 0.416700006 0.25
vt 0.333299994 0.265599996
vt 0.333299994 0.281199992
vt 0.416700006 0.281199992
vt 0.5 0.281300008
vt 0.5 0.265599996
vt 0.5 0.25
vt 0.583299994 0.265599996
vt 0.583299994 0.25
vt 0.583299994 0.281300008
vt 0.666700006 0.281300008
vt 0.666700006 0.265599996
vt 0.666700006 0.25
vt 0.8125 0.265599996
vt 0.8125 0.25
vt 0.75 0.265599996
vt 0.75 0.281199992
vt 0.8125 0.281199992
vt 0.875 0.281199992
vt 0.875 0.265599996
vt 0.875 0.25
vt 0.9375 0.265599996
vt 0.9375 0.25
vt 0.9375 0.281199992
vt 1 0.281199992
vt 1 0.265599996
vt 1 0.25
vt 0.75 0.265599996
vt 0.75 0.25
vt 0.666700006 0.265599996
vt 0.666700006 0.281300008
vt 0.75 0.281300008
vt 0.833299994 0.281300008
vt 0.833299994 0.265599996
vt 0.833299994 0.25
vt 0.916700006 0.265599996
vt 0.916700006 0.25
vt 0.916700006 0.281199992
vt 1 0.281199992
vt 1 0.265599996
vt 1 0.25
vt 0.656199992 0.265599996
vt 0.656300008 0.25
vt 0.625 0.265599996
vt 0.625 0.281199992
vt 0.656199992 0.281199992
vt 0.6875 0.281199992
vt 0.6875 0.265599996
vt 0.6875 0.25
vt 0.718800008 0.265599996
vt 0.718800008 0.25
vt 0.718699992 0.281199992
vt 0.75 0.281199992
vt 0.75 0.265599996
vt 0.75 0.25
vt 0.640600026 0.265500009
vt 0.640600026 0.249899998
vt 0.625 0.265500009
vt 0.625 0.281199992
vt 0.640600026 0.281199992
vt 0.656300008 0.281199992
vt 0.656300008 0.265500009
vt 0.656300008 0.249899998
vt 0.671899974 0.265500009
vt 0.671899974 0.249899998
vt 0.671899974 0.281199992
vt 0.6875 0.281199992
vt 0.6875 0.265500009
vt 0.6875 0.249899998
vt 0.75 0.577099979
vt 0.75 0.578100026
vt 1 0.578100026
vt 1 0.577099979
vt 1 0.576200008
vt 0.75 0.576200008
vt 0.5 0.576200008
vt 0.5 0.577099979
vt 0.5 0.578100026
vt 0.25 0.577099979
vt 0.25 0.578100026
vt 0.25 0.576200008
vt 0 0.576200008
vt 0 0.577099979
vt 0 0.578100026
vt 0.75 0.575200021
vt 1 0.575200021
vt 1 0.574199975
vt 0.75 0.574199975
vt 0.5 0.574199975
vt 0.5 0.575200021
vt 0.25 0.575200021
vt 0.25 0.574199975
vt 0 0.574199975
vt 0 0.575200021
vt 0.574699998 0.265599996
vt 0.574699998 0.25
vt 0.574199975 0.265599996
vt 0.574199975 0.281199992
vt 0.574699998 0.281199992
vt 0.575200021 0.281300008
vt 0.575200021 0.265599996
vt 0.575200021 0.25
vt 0.575699985 0.265599996
vt 0.575699985 0.25
vt 0.575699985 0.281199992
vt 0.576200008 0.281199992
vt 0.576200008 0.265599996
vt 0.576200008 0.25
vt 0.576699972 0.265599996
vt 0.576699972 0.25
vt 0.576200008 0.265599996
vt 0.576200008 0.281199992
vt 0.576699972 0.281199992
vt 0.577099979 0.281199992
vt 0.577099979 0.265599996
vt 0.577099979 0.25
vt 0.577600002 0.265599996
vt 0.577600002 0.25
vt 0.577600002 0.281199992
vt 0.578100026 0.281199992
vt 0.578100026 0.265599996
vt 0.578100026 0.25
vt 0.704599977 0.289000005
vt 0.7051 0.289000005
vt 0.704599977 0.281199992
vt 0.704100013 0.281199992
vt 0.704100013 0.289000005
vt 0.704100013 0.296799988
vt 0.704599977 0.296799988
vt 0.7051 0.296799988
vt 0.704599977 0.3046
vt 0.7051 0.3046
vt 0.704100013 0.3046
vt 0.704100013 0.312400013
vt 0.704599977 0.312400013
vt 0.7051 0.312400013
vt 0.704599977 0.257699996
vt 0.7051 0.257699996
vt 0.704599977 0.249899998
vt 0.704100013 0.249899998
vt 0.704100013 0.257699996
vt 0.704100013 0.265599996
vt 0.704599977 0.265599996
vt 0.7051 0.265599996
vt 0.704599977 0.273400009
vt 0.7051 0.273400009
vt 0.704100013 0.273400009
vt 0.704100013 0.281199992
vt 0.704599977 0.281199992
vt 0.7051 0.281199992
vt 0.574699998 0.296900004
vt 0.574699998 0.281199992
vt 0.574199975 0.281199992
vt 0.574199975 0.3125
vt 0.574699998 0.3125
vt 0.575200021 0.3125
vt 0.575200021 0.296900004
vt 0.575200021 0.281199992
vt 0.575699985 0.296900004
vt 0.575699985 0.281199992
vt 0.575699985 0.3125
vt 0.576200008 0.3125
vt 0.576200008 0.296900004
vt 0.576200008 0.281199992
vt 0.574699998 0.265599996
vt 0.574699998 0.25
vt 0.574199975 0.25
vt 0.574199975 0.281199992
vt 0.574699998 0.281199992
vt 0.575200021 0.281199992
vt 0.575200021 0.265599996
vt 0.575200021 0.25
vt 0.575699985 0.265599996
vt 0.575699985 0.25
vt 0.575699985 0.281199992
vt 0.576200008 0.281199992
vt 0.576200008 0.265599996
vt 0.576200008 0.25
vt 0.703599989 0.257699996
vt 0.704100013 0.257699996
vt 0.704100013 0.249899998
vt 0.703100026 0.249899998
vt 0.703100026 0.257699996
vt 0.703100026 0.265599996
vt 0.703599989 0.265599996
vt 0.704100013 0.265599996
vt 0.703599989 0.273400009
vt 0.704100013 0.273400009
vt 0.703100026 0.273400009
vt 0.703100026 0.281199992
vt 0.703599989 0.281199992
vt 0.704100013 0.281199992
vt 0.704599977 0.257699996
vt 0.7051 0.257699996
vt 0.7051 0.249899998
vt 0.704100013 0.249899998
vt 0.704100013 0.257699996
vt 0.704100013 0.265599996
vt 0.704599977 0.265599996
vt 0.7051 0.265599996
vt 0.704599977 0.273400009
vt 0.7051 0.273400009
vt 0.704100013 0.273400009
vt 0.704100013 0.281199992
vt 0.704599977 0.281199992
vt 0.7051 0.281199992
vt 0.747799993 0.704699993
vt 0.747799993 0.705200016
vt 0.997900009 0.705200016
vt 0.997900009 0.704699993
vt 0.997900009 0.704200029
vt 0.747799993 0.704200029
vt 0.497599989 0.704200029
vt 0.497700006 0.704699993
vt 0.497700006 0.7051
vt 0.247500002 0.704599977
vt 0.247500002 0.7051
vt 0.247500002 0.704200029
vt -0.00260000001 0.704100013
vt -0.00260000001 0.704599977
vt -0.00260000001 0.7051
vt 0.747699976 0.703700006
vt 0.997900009 0.703700006
vt 0.997900009 0.703199983
vt 0.747699976 0.703199983
vt 0.497599989 0.703199983
vt 0.497599989 0.703700006
vt 0.247500002 0.703700006
vt 0.247500002 0.703199983
vt -0.00270000007 0.703199983
vt -0.00270000007 0.703700006
vt 0.295700014 0.37650001
vt 0.295700014 0.377900004
vt 0.295899987 0.377900004
vt 0.295899987 0.377000004
vt 0.295899987 0.375999987
vt 0.295700014 0.375
vt 0.295399994 0.374500006
vt 0.295399994 0.376199991
vt 0.295399994 0.377900004
vt 0.29519999 0.37650001
vt 0.29519999 0.377900004
vt 0.29519999 0.375
vt 0.2949 0.375999987
vt 0.2949 0.377000004
vt 0.2949 0.377900004
vt 0.377400011 0.575699985
vt 0.375999987 0.575699985
vt 0.377000004 0.576200008
vt 0.377900004 0.576200008
vt 0.378899992 0.576200008
vt 0.378899992 0.575699985
vt 0.378899992 0.575200021
vt 0.377200007 0.575200021
vt 0.375499994 0.575200021
vt 0.377400011 0.574699998
vt 0.375999987 0.574699998
vt 0.378899992 0.574699998
vt 0.378899992 0.574199975
vt 0.377900004 0.574199975
vt 0.377000004 0.574199975
vt 0.5 0.5
vt 0 0.5
vt 1 0.5
vt 1 1
vt 0.5 1
vt 0 1
vt 0.5 0.5
vt 0 0.5
vt 1 0.5
vt 1 1
vt 0.5 1
vt 0 1
vt 0.5 0.5
vt 0.5 0
vt 0 0.5
vt 0 1
vt 0.5 1
vt 0.5 0.5
vt 1 0.5
vt 1 1
vt 0.5 1
vt 0.5 0.5
vt 0 0.5
vt 0 1
vt 0.5 1
vt 1 1
vt 1 0.5
vt 0.5 0.5
vt 1 0.5
vt 1 1
vt 0.5 1
vt 0.5 0.5
vt 0 0.5
vt 0 1
vt 0.5 1
vt 0.5 0.5
vt 1 0.5
vt 1 1
vt 0.5 1
vt 0.5 0.625
vt 1 0.625
vt 1 0.5
vt 0.5 0.5
vt -0 0.5
vt -0 0.625
vt -0 0.75
vt 0.5 0.75
vt 1 0.75
vt 0.5 0.875
vt 1 0.875
vt -0 0.875
vt 0 1
vt 0.5 1
vt 1 1
vt 0.4375 0.5
vt 0.625 1
vt 0.5 1
vt 0.25 0.5
vt 0.25 0
vt 0.5 0
vt 0.625 0.5
vt 0.75 1
vt 0.8125 0.5
vt 0.875 1
vt 0.75 0
vt 1 0
vt 1 0.5
vt 1 1
vt 0.5 0.4375
vt 1 0.25
vt 0.5 0.25
vt -0 0.5
vt -0 0.625
vt -0 0.75
vt 0.5 0.625
vt 1 0.5
vt 0.5 0.8125
vt 1 0.75
vt -0 0.875
vt 0 1
vt 0.5 1
vt 1 1
vt 0.625 0.5
vt 0.625 1
vt 0.5 1
vt 0.5 0.5
vt 0.5 0
vt 0.625 0
vt 0.75 0
vt 0.75 0.5
vt 0.75 1
vt 0.875 0.5
vt 0.875 1
vt 0.875 0
vt 1 0
vt 1 0.5
vt 1 1
vt 0.25 0.5
vt 0.25 1
vt 0.5 1
vt 0.5 0.5
vt 0.75 0.5
vt 0.75 1
vt 1 1
vt 1 0.5
vt 0.25 0.5
vt 0.25 1
vt 0 1
vt 0 0.5
vt 0.25 -0
vt 0.5 -0
vt 0.5 0.5
vt 0.5 1
vt 0.75 0.5
vt 0.75 1
vt 0.75 -0
vt 1 0
vt 1 0.5
vt 0.906300008 0.906300008
vt 0.5 0.25
vt -0 0.25
vt 0 0
vt 1 0
vt 1 0.25
vt 1 0.5
vt 0.5 0.5
vt -0 0.5
vt 0.5 0.75
vt -0 0.75
vt 1 0.75
vt 0.5 1
vt 0 1
vt 0.5 0.625
vt 1 0.625
vt 1 0.5
vt 0.5 0.5
vt 0 0.5
vt 0 0.625
vt 0 0.75
vt 0.5 0.75
vt 1 0.75
vt 0.5 0.875
vt 1 0.875
vt 0 0.875
vt 0 1
vt 0.5 1
vt 1 1
vt 0.625 0.5
vt 0.625 1
vt 0.5 1
vt 0.5 0.5
vt 0.5 -0
vt 0.625 -0
vt 0.75 -0
vt 0.75 0.5
vt 0.75 1
vt 0.875 0.5
vt 0.875 1
vt 0.875 -0
vt 1 0
vt 1 0.5
vt 1 1
vt 0.5 0.4375
vt 1 0.25
vt 0.5 0.25
vt -0 0.5
vt -0 0.625
vt -0 0.75
vt 0.5 0.625
vt 1 0.5
vt 0.5 0.8125
vt 1 0.75
vt -0 0.875
vt 0 1
vt 0.5 1
vt 1 1
vt 0.4375 0.5
vt 0.625 1
vt 0.5 1
vt 0.25 0.5
vt 0 0
vt 0.25 -0
vt 0.5 -0
vt 0.625 0.5
vt 0.75 1
vt 0.8125 0.5
vt 0.875 1
vt 0.75 -0
vt 1 0
vt 1 0.5
vt 1 1
vt 0.25 0.5
vt 0.25 1
vt 0 1
vt 0 0.5
vt 0 0
vt 0.25 -0
vt 0.5 -0
vt 0.5 0.5
vt 0.5 1
vt 0.75 0.5
vt 0.75 1
vt 0.75 -0
vt 1 0
vt 1 0.5
vt 1 1
vt 0.25 0.5
vt 0.25 -0
vt 0 0.5
vt 0.5 0.5
vt 0.5 -0
vt 0.75 0.5
vt 0.75 -0
vt 1 0.5
vt 1 0
vt 0.5 0.25
vt -0 0.25
vt 0.5 0
vt 1 0.25
vt 1 0.5
vt 0.5 0.5
vt -0 0.5
vt 0.5 0.75
vt -0 0.75
vt 1 0.75
vt 1 1
vt 0.5 1
vt 0 1
vn 0.484400004 -0.0322000012 0.874199986
vn 0.488599986 0.108099997 0.865800023
vn 0.00300000003 0.144099995 0.989499986
vn 0.0092000002 -0.0187999997 0.999800026
vn 0.0127999997 -0.167799994 0.985700011
vn 0.477600008 -0.185800001 0.858699977
vn 0.933700025 -0.145899996 0.326900005
vn 0.941500008 -0.060899999 0.331499994
vn 0.951300025 0.00889999978 0.307999998
vn 0.00850000046 -0.0207000002 0.99970001
vn 0.0121999998 -0.1734 0.984700024
vn 0.00230000005 0.145600006 0.989300013
vn 0.00159999996 0.145799994 0.989300013
vn 0.00639999984 -0.0249000005 0.99970001
vn 0.0100999996 -0.179299995 0.983699977
vn -0.00960000046 -0.0551999994 0.998399973
vn -0.00350000011 -0.272000015 0.962199986
vn -0.00389999989 -0.270700008 0.962599993
vn -0.00829999987 -0.0612000003 0.998099983
vn -0.0138999997 0.151099995 0.988399982
vn -0.0153999999 0.157499999 0.987399995
vn -0.0161000006 0.161300004 0.986800015
vn -0.0103000002 -0.0496000014 0.998700023
vn -0.00340000005 -0.271400005 0.962499976
vn -0.585200012 -0.0297999997 0.810299993
vn -0.582400024 -0.227500007 0.780399978
vn -0.611000001 0.147400007 0.777800024
vn -0.988900006 0.0634000003 0.134399995
vn -0.987200022 -0.0046000001 0.159600005
vn -0.984200001 -0.0680000037 0.163699999
vn 0.00410000002 -0.0313000008 0.999499977
vn 0.00800000038 -0.1831 0.98299998
vn 0.0100999996 -0.179299995 0.983699977
vn 0.00639999984 -0.0249000005 0.99970001
vn 0.00159999996 0.145799994 0.989300013
vn -0.00109999999 0.135700002 0.990700006
vn -0.00209999993 0.132200003 0.99119997
vn 0.00319999992 -0.0366000012 0.999300003
vn 0.00760000013 -0.186100006 0.982500017
vn 0.000699999975 -0.0284000002 0.999599993
vn -0.00540000014 0.160999998 0.986899972
vn -0.00949999969 0.1646 0.986299992
vn -0.00410000002 -0.0280000009 0.999599993
vn 0.00079999998 -0.226199999 0.974099994
vn 0.00600000005 -0.218199998 0.975899994
vn 0.00829999987 -0.214599997 0.976700008
vn 0.00329999998 -0.0346000008 0.99940002
vn -0.00289999996 0.153300002 0.988200009
vn -0.0136000002 -0.063500002 0.997900009
vn -0.00620000018 -0.268299997 0.96329999
vn -0.00529999984 -0.273699999 0.961799979
vn -0.0124000004 -0.0658999979 0.997699976
vn -0.0185000002 0.135600001 0.99059999
vn -0.0197000001 0.137899995 0.990199983
vn -0.0175999999 0.138899997 0.990100026
vn -0.0113000004 -0.0647 0.997799993
vn -0.0057000001 -0.264800012 0.964299977
vn -0.0109000001 -0.0734999999 0.997200012
vn -0.00499999989 -0.275999993 0.961099982
vn -0.00680000009 -0.274500012 0.961499989
vn -0.0119000003 -0.0786999986 0.996800005
vn -0.0166999996 0.126599997 0.99180001
vn -0.0166999996 0.129500002 0.991400003
vn -0.0185000002 0.135600001 0.99059999
vn -0.0124000004 -0.0658999979 0.997699976
vn -0.00529999984 -0.273699999 0.961799979
vn -0.0130000003 -0.0737000033 0.997200012
vn -0.0170000009 0.133200005 0.99089998
vn -0.00829999987 -0.269400001 0.963
vn -0.00760000013 -0.258599997 0.965900004
vn -0.0119000003 -0.0588999987 0.998199999
vn -0.0160000008 0.146400005 0.989099979
vn -0.00889999978 -0.0403000005 0.999100029
vn -0.0046000001 -0.241699994 0.970300019
vn 0.00079999998 -0.226199999 0.974099994
vn -0.00410000002 -0.0280000009 0.999599993
vn -0.00949999969 0.1646 0.986299992
vn -0.0136000002 0.159099996 0.987200022
vn 0.00439999998 -0.0381000005 0.999199986
vn 0.00879999995 -0.210199997 0.977599978
vn 0.00850000046 -0.204699993 0.978799999
vn 0.00430000015 -0.0379000008 0.999300003
vn -0.00150000001 0.143299997 0.989700019
vn -0.00159999996 0.147 0.989099979
vn -0.00289999996 0.153300002 0.988200009
vn 0.00329999998 -0.0346000008 0.99940002
vn 0.00829999987 -0.214599997 0.976700008
vn -0.00829999987 -0.0645999983 0.997900009
vn -0.0046000001 -0.266799986 0.963699996
vn -0.0142999999 0.1435 0.989499986
vn -0.0138999997 0.151099995 0.988399982
vn -0.00829999987 -0.0612000003 0.998099983
vn -0.00389999989 -0.270700008 0.962599993
vn 0.56370002 -0.460599989 0.685599983
vn 0.449000001 -0.513499975 0.731299996
vn 0.701499999 -0.684000015 0.1998
vn 0.749000013 -0.637199998 0.181500003
vn 0.808600008 -0.5722 0.136899993
vn 0.852900028 -0.498699993 0.154200003
vn 0.883300006 -0.437099993 0.169300005
vn 0.556800008 -0.373899996 0.741699994
vn 0.0474000014 -0.173600003 0.98360002
vn 0.409700006 -0.524699986 0.746200025
vn 0.315800011 -0.5528 0.771099985
vn 0.535600007 -0.798200011 0.275400013
vn 0.650200009 -0.723999977 0.230299994
vn 0.0287999995 -0.161300004 0.986500025
vn -0.00200000009 -0.150600001 0.988600016
vn 0.530700028 -0.336499989 0.777899981
vn 0.0167999994 -0.147599995 0.988900006
vn 0.885599971 -0.416799992 0.204699993
vn 0.899600029 -0.361299992 0.245199993
vn 0.516900003 -0.26910001 0.812600017
vn 0.00159999996 -0.102300003 0.994799972
vn 0.00970000029 -0.142900005 0.989700019
vn -0.00499999989 -0.138699993 0.9903
vn -0.00079999998 -0.103200004 0.994700015
vn -0.00689999992 -0.104500003 0.994499981
vn 0.483200014 -0.195999995 0.853200018
vn 0.00829999987 -0.156100005 0.987699986
vn 0.00230000005 -0.0566999987 0.998399973
vn 0.493099988 -0.134399995 0.859499991
vn 0.934400022 -0.170699999 0.312599987
vn 0.933000028 -0.166700006 0.318699986
vn 0.00829999987 -0.161500007 0.986800015
vn 0.0074 -0.166999996 0.985899985
vn 0.00159999996 -0.0593000017 0.998199999
vn 0.00209999993 -0.057500001 0.998300016
vn 0.505400002 -0.202700004 0.838699996
vn 0.00319999992 -0.0593999997 0.998199999
vn 0.00159999996 -0.102300003 0.994799972
vn 0.516900003 -0.26910001 0.812600017
vn 0.899600029 -0.361299992 0.245199993
vn 0.911599994 -0.301400006 0.279399991
vn 0.92019999 -0.246600002 0.303900003
vn 0.497299999 -0.139899999 0.85619998
vn 0.00449999981 -0.0155999996 0.999800026
vn 0.00120000006 -0.0610000007 0.998099983
vn -0.00439999998 -0.0626000017 0.998000026
vn -0.00689999992 -0.104500003 0.994499981
vn -0.00079999998 -0.103200004 0.994700015
vn 0.00260000001 -0.0149999997 0.999899983
vn -0.0027999999 -0.0148999998 0.999899983
vn -9.99999975e-05 0.193900004 0.981000006
vn 0.00100000005 0.193299994 0.981100023
vn -0.00150000001 0.236300007 0.971599996
vn -0.00230000005 0.225700006 0.97420001
vn -0.00469999993 0.216399997 0.976300001
vn -0.00079999998 0.199699998 0.979900002
vn 0.00159999996 0.145799994 0.989300013
vn 0.00230000005 0.145600006 0.989300013
vn 0.00300000003 0.144099995 0.989499986
vn 0.495499998 0.1505 0.855400026
vn 0.951799989 0.0255999994 0.305700004
vn 0.951399982 0.0842999965 0.296200007
vn 0.497099996 0.205300003 0.842999995
vn 0.488599986 0.108099997 0.865800023
vn 0.951300025 0.00889999978 0.307999998
vn 0.242899999 0.935699999 0.255699992
vn -0.0384000018 0.941299975 0.335299999
vn -0.0231999997 0.778699994 0.626999974
vn 0.332399994 0.818199992 0.469099998
vn 0.728799999 0.681900024 0.0617999993
vn 0.605400026 0.795899987 0.00100000005
vn 0.474000007 0.877900004 -0.0675999969
vn 0.105800003 0.994300008 0.00989999995
vn -0.0632999986 0.997500002 0.0315000005
vn -0.0281000007 0.941299975 0.336299986
vn -0.0239000004 0.938199997 0.345200002
vn -0.0187999997 0.765100002 0.643599987
vn -0.023 0.772599995 0.63440001
vn -0.0333999991 0.999100029 0.0247000009
vn -0.0284000002 0.999199986 0.0276999995
vn 0.000699999975 0.0092000002 0.999899983
vn 0.00170000002 0.00710000005 1
vn 0.00230000005 -0.0566999987 0.998399973
vn 0.00209999993 -0.057500001 0.998300016
vn 0.00159999996 -0.0593000017 0.998199999
vn -0.00209999993 0.00989999995 0.999899983
vn -0.0027999999 -0.0148999998 0.999899983
vn 0.00260000001 -0.0149999997 0.999899983
vn 0.00449999981 -0.0155999996 0.999800026
vn 0.495200008 -0.0988999978 0.863099992
vn 0.9296 -0.194199994 0.31310001
vn 0.934400022 -0.170699999 0.312599987
vn 0.493099988 -0.134399995 0.859499991
vn 0.497299999 -0.139899999 0.85619998
vn 0.92019999 -0.246600002 0.303900003
vn 0.386999995 0.709800005 0.588500023
vn -0.0199999996 0.617399991 0.78640002
vn -0.0176999997 0.528800011 0.848500013
vn 0.418599993 0.630699992 0.653400004
vn 0.832700014 0.535600007 0.140499994
vn 0.789900005 0.605099976 0.0995000005
vn 0.728799999 0.681900024 0.0617999993
vn 0.332399994 0.818199992 0.469099998
vn -0.0231999997 0.778699994 0.626999974
vn -0.0206000004 0.612600029 0.790099978
vn -0.0164000001 0.606700003 0.794700027
vn -0.0255999994 0.505400002 0.862500012
vn -0.0196000002 0.526300013 0.850099981
vn -0.023 0.772599995 0.63440001
vn -0.0187999997 0.765100002 0.643599987
vn 0.440699995 0.560000002 0.701600015
vn -0.0126 0.473699987 0.880599976
vn -0.00999999978 0.409999996 0.912
vn 0.461400002 0.486999989 0.74150002
vn 0.898100019 0.388000011 0.207000002
vn 0.869000018 0.461699992 0.178000003
vn -0.0181000009 0.474599987 0.879999995
vn -0.0381999984 0.460500002 0.886799991
vn -0.0359999985 0.431499988 0.90140003
vn -0.0181000009 0.421099991 0.906799972
vn 0.491299987 0.28459999 0.823099971
vn 0.945900023 0.169599995 0.276600003
vn 0.935800016 0.243399993 0.254999995
vn 0.481599987 0.351099998 0.802999973
vn -0.0120999999 0.319799989 0.947399974
vn -0.00749999983 0.28459999 0.958599985
vn -0.00150000001 0.236300007 0.971599996
vn 0.497099996 0.205300003 0.842999995
vn 0.951399982 0.0842999965 0.296200007
vn 0.474999994 0.413500011 0.776799977
vn 0.921000004 0.31220001 0.232999995
vn 0.898100019 0.388000011 0.207000002
vn 0.461400002 0.486999989 0.74150002
vn -0.00999999978 0.409999996 0.912
vn -0.0109999999 0.35710001 0.934000015
vn -0.472200006 -0.502900004 0.72390002
vn -0.582300007 -0.155399993 0.797999978
vn -0.976800025 -0.121399999 0.176300004
vn -0.879899979 -0.416000009 0.229399994
vn -0.663399994 -0.724099994 0.188899994
vn -0.300399989 -0.889999986 0.342999995
vn 0.0231999997 -0.936999977 0.348500013
vn 0.00999999978 -0.569800019 0.821699977
vn -0.00630000001 -0.120800003 0.992600024
vn -0.586700022 -0.148100004 0.79610002
vn -0.593900025 -0.127200007 0.794399977
vn -0.979399979 -0.105800003 0.171900004
vn -0.977500021 -0.117600001 0.175099999
vn -0.0136000002 -0.1149 0.993300021
vn -0.0227000006 -0.0956000015 0.995100021
vn 0.0103000002 -0.570299983 0.821399987
vn -0.00499999989 -0.123800002 0.992299974
vn 0.0219000001 -0.93690002 0.34889999
vn 0.0185000002 -0.936800003 0.349400014
vn 0.0109000001 -0.57160002 0.8204
vn -0.00179999997 -0.128600001 0.991699994
vn -0.0125000002 -0.117700003 0.992999971
vn -0.0211999994 -0.0974999964 0.995000005
vn -0.00989999995 -0.121799998 0.992500007
vn -0.0175000001 -0.0993999988 0.994899988
vn 0.220599994 -0.575399995 0.787500024
vn -0.0164000001 -0.150000006 0.988499999
vn -0.0144999996 -0.153099999 0.988099992
vn 0.122299999 -0.596099973 0.793500006
vn 0.226500005 -0.912699997 0.34009999
vn 0.398099989 -0.861999989 0.313699991
vn 0.535600007 -0.798200011 0.275400013
vn 0.315800011 -0.5528 0.771099985
vn -0.00200000009 -0.150600001 0.988600016
vn -0.0131999999 -0.139899999 0.990100026
vn -0.0109999999 -0.107000001 0.994199991
vn -0.0104 -0.109899998 0.993900001
vn -0.0120000001 -0.143199995 0.989600003
vn -0.00499999989 -0.138699993 0.9903
vn -0.00689999992 -0.104500003 0.994499981
vn -0.00270000007 -0.142499998 0.989799976
vn -0.00079999998 -0.151299998 0.988499999
vn -0.00260000001 -0.153799996 0.988099992
vn -0.00439999998 -0.144600004 0.989499986
vn -0.00630000001 -0.115099996 0.993300021
vn -0.00510000018 -0.114500001 0.993399978
vn -0.00359999994 -0.114100002 0.993399978
vn -0.00209999993 -0.140499994 0.990100026
vn -0.00039999999 -0.148699999 0.988900006
vn 0.00970000029 -0.577799976 0.816100001
vn 0.0189999994 -0.934599996 0.355100006
vn 0.0189999994 -0.934400022 0.355599999
vn 0.00860000029 -0.578499973 0.815599978
vn 0.00960000046 -0.577099979 0.816600025
vn 0.0183000006 -0.934899986 0.354400009
vn 0.00139999995 -0.577499986 0.816399992
vn -0.00730000017 -0.141599998 0.989899993
vn -0.00400000019 -0.139599994 0.990199983
vn 0.00480000023 -0.577400029 0.816399992
vn 0.0121999998 -0.936800003 0.349599987
vn 0.0115 -0.936500013 0.350400001
vn 0.0127999997 -0.936200023 0.351300001
vn 0.00109999999 -0.576600015 0.816999972
vn -0.00820000004 -0.141100004 0.99000001
vn -0.00800000038 -0.132499993 0.991100013
vn -0.0103000002 -0.1039 0.994499981
vn -0.0119000003 -0.1021 0.994700015
vn -0.00769999996 -0.130600005 0.991400003
vn -0.00769999996 -0.132400006 0.991100013
vn -0.0083999997 -0.104999997 0.994400024
vn 0.00910000037 -0.576799989 0.816799998
vn -0.000600000028 -0.146500006 0.989199996
vn -0.00039999999 -0.143999994 0.989600003
vn 0.00960000046 -0.576200008 0.817300022
vn 0.0179999992 -0.935400009 0.353100002
vn 0.0176999997 -0.935199976 0.353599995
vn 0.0183000006 -0.934899986 0.354400009
vn 0.00960000046 -0.577099979 0.816600025
vn -0.00039999999 -0.148699999 0.988900006
vn -0.00209999993 -0.138899997 0.9903
vn -0.00329999998 -0.114500001 0.993399978
vn -0.00590000022 -0.113700002 0.993499994
vn -0.00270000007 -0.136800006 0.99059999
vn -0.00209999993 -0.140499994 0.990100026
vn -0.00359999994 -0.114100002 0.993399978
vn 0.00910000037 -0.574999988 0.818000019
vn -0.00120000006 -0.141299993 0.989899993
vn -0.00430000015 -0.139599994 0.990199983
vn 0.00609999988 -0.574400008 0.818599999
vn 0.0167999994 -0.935500026 0.352800012
vn 0.0179999992 -0.935500026 0.352899998
vn -0.00389999989 -0.133900002 0.990999997
vn -0.00860000029 -0.110399999 0.993799984
vn -0.00829999987 -0.106799997 0.994199991
vn -0.00549999997 -0.131699994 0.99119997
vn 0.0027999999 -0.575200021 0.818000019
vn -0.00730000017 -0.139899999 0.990100026
vn -0.00820000004 -0.141100004 0.99000001
vn 0.00109999999 -0.576600015 0.816999972
vn 0.0127999997 -0.936200023 0.351300001
vn 0.0148 -0.935800016 0.352200001
vn -0.00680000009 -0.131500006 0.991299987
vn -0.00730000017 -0.105300002 0.994400024
vn -0.0083999997 -0.104999997 0.994400024
vn -0.00769999996 -0.132400006 0.991100013
vn -0.00609999988 -0.1461 0.989199996
vn -0.00480000023 -0.1558 0.987800002
vn -0.00659999996 -0.156900004 0.987600029
vn -0.00710000005 -0.146799996 0.989099979
vn -0.00779999979 -0.114100002 0.993399978
vn -0.00719999988 -0.1149 0.993300021
vn -0.00630000001 -0.115099996 0.993300021
vn -0.00439999998 -0.144600004 0.989499986
vn -0.00260000001 -0.153799996 0.988099992
vn 0.0074 -0.579100013 0.815100014
vn 0.0197999999 -0.934199989 0.356099993
vn 0.0238000005 -0.934000015 0.356299996
vn 0.00810000021 -0.579900026 0.814599991
vn 0.00860000029 -0.578499973 0.815599978
vn 0.0189999994 -0.934400022 0.355599999
vn 0.00930000003 -0.574899971 0.818099976
vn -0.000699999975 -0.134499997 0.99089998
vn -0.00179999997 -0.128600001 0.991699994
vn 0.0109000001 -0.57160002 0.8204
vn 0.0185000002 -0.936800003 0.349400014
vn 0.0147000002 -0.93690002 0.349400014
vn -0.00789999962 -0.126599997 0.991900027
vn -0.0140000004 -0.100699998 0.994799972
vn -0.0175000001 -0.0993999988 0.994899988
vn -0.00989999995 -0.121799998 0.992500007
vn -0.00609999988 -0.261900008 0.96509999
vn -0.0055999998 -0.264899999 0.96420002
vn -0.0160000008 -0.1215 0.992500007
vn -0.0154999997 -0.117700003 0.992900014
vn -0.0141000003 -0.114 0.993399978
vn -0.00700000022 -0.257299989 0.966300011
vn -0.601400018 -0.2324 0.764400005
vn -0.985199988 -0.0724999979 0.155399993
vn -0.985899985 -0.0681999996 0.152999997
vn -0.61650002 -0.130700007 0.77640003
vn -0.600600004 -0.100299999 0.793200016
vn -0.0296999998 -0.0680999979 0.997200012
vn -0.0315000005 -0.0324999988 0.999000013
vn -0.603699982 -0.0689999983 0.794200003
vn -0.983200014 -0.0795999989 0.164299995
vn -0.981599987 -0.0917000026 0.167500004
vn -0.979399979 -0.105800003 0.171900004
vn -0.593900025 -0.127200007 0.794399977
vn -0.0227000006 -0.0956000015 0.995100021
vn -0.0269000009 -0.068599999 0.997300029
vn -0.0203000009 -0.0678000003 0.997500002
vn -0.0199999996 -0.0291000009 0.99940002
vn -0.0282000005 -0.0310999993 0.999100029
vn -0.0211999994 -0.0974999964 0.995000005
vn -0.0175000001 -0.0993999988 0.994899988
vn -0.0168999992 0.207499996 0.978100002
vn -0.0166999996 0.207800001 0.977999985
vn -0.0161000006 0.161300004 0.986800015
vn -0.0153999999 0.157499999 0.987399995
vn -0.0138999997 0.151099995 0.988399982
vn -0.0176999997 0.204600006 0.978699982
vn -0.0210999995 0.223700002 0.974399984
vn -0.0192000009 0.228599995 0.97329998
vn -0.0185000002 0.232199997 0.972500026
vn -0.609499991 0.196500003 0.768000007
vn -0.987399995 0.0837000012 0.134299994
vn -0.988900006 0.0634000003 0.134399995
vn -0.611000001 0.147400007 0.777800024
vn -0.608200014 0.239899993 0.756600022
vn -0.98360002 0.127700001 0.127599999
vn -0.0584999993 0.970899999 0.231999993
vn -0.0606999993 0.978500009 0.196899995
vn -0.0524999984 0.827099979 0.559599996
vn -0.0502999984 0.813399971 0.57950002
vn -0.0520000011 0.796700001 0.602100015
vn -0.058600001 0.960900009 0.270599991
vn -0.0584999993 0.995199978 -0.0777999982
vn -0.0604000017 0.992900014 -0.102399997
vn -0.0627999976 0.990400016 -0.123000003
vn -0.287 0.950999975 0.115199998
vn -0.483399987 0.864499986 -0.137799993
vn -0.738699973 0.671700001 -0.0546999983
vn -0.431100011 0.835300028 0.341199994
vn -0.145999998 0.978399992 -0.146300003
vn -0.259600013 0.948400021 -0.182099998
vn -0.0243999995 -0.0201999992 0.999499977
vn -0.0265999995 -0.0233999994 0.99940002
vn -0.0315000005 -0.0324999988 0.999000013
vn -0.0282000005 -0.0310999993 0.999100029
vn -0.0199999996 -0.0291000009 0.99940002
vn -0.0186999999 -0.0176999997 0.99970001
vn -0.0141000003 -0.114 0.993399978
vn -0.0154999997 -0.117700003 0.992900014
vn -0.0160000008 -0.1215 0.992500007
vn -0.609700024 -0.0595000014 0.790400028
vn -0.984700024 -0.0700000003 0.159400001
vn -0.983200014 -0.0795999989 0.164299995
vn -0.603699982 -0.0689999983 0.794200003
vn -0.61650002 -0.130700007 0.77640003
vn -0.985899985 -0.0681999996 0.152999997
vn -0.540499985 0.593500018 0.596300006
vn -0.0335000008 0.530499995 0.847000003
vn -0.0375000015 0.611199975 0.790499985
vn -0.516200006 0.662699997 0.542500019
vn -0.87620002 0.481299996 0.0225000009
vn -0.903299987 0.426600009 0.0432000011
vn -0.926699996 0.370499998 0.061999999
vn -0.56190002 0.530600011 0.634500027
vn -0.0310999993 0.472900003 0.880599976
vn -0.0329000019 0.527899981 0.84859997
vn -0.0317000002 0.523199975 0.851599991
vn -0.0370999984 0.601300001 0.798099995
vn -0.0368999988 0.60769999 0.793299973
vn -0.0302000009 0.47240001 0.880900025
vn -0.0284000002 0.470600009 0.881900012
vn -0.488099992 0.740100026 0.462500006
vn -0.0430999994 0.704200029 0.708700001
vn -0.0524999984 0.827099979 0.559599996
vn -0.431100011 0.835300028 0.341199994
vn -0.738699973 0.671700001 -0.0546999983
vn -0.837300003 0.546599984 -0.0055999998
vn -0.0419999994 0.698099971 0.714699984
vn -0.0439999998 0.689199984 0.723200023
vn -0.0520000011 0.796700001 0.602100015
vn -0.0502999984 0.813399971 0.57950002
vn -0.601899981 0.310200006 0.735899985
vn -0.0238000005 0.279799998 0.959699988
vn -0.0287999995 0.345800012 0.93779999
vn -0.590600014 0.386099994 0.708599985
vn -0.962899983 0.251899987 0.0973000005
vn -0.974699974 0.193100005 0.1127
vn -0.98360002 0.127700001 0.127599999
vn -0.608200014 0.239899993 0.756600022
vn -0.0185000002 0.232199997 0.972500026
vn -0.0239000004 0.273400009 0.961600006
vn -0.0241999999 0.267399997 0.96329999
vn -0.0263 0.340600014 0.939800024
vn -0.0281000007 0.342799991 0.938899994
vn -0.0192000009 0.228599995 0.97329998
vn -0.0210999995 0.223700002 0.974399984
vn -0.579100013 0.459899992 0.673200011
vn -0.0304000005 0.414600015 0.909500003
vn -0.0310999993 0.472900003 0.880599976
vn -0.56190002 0.530600011 0.634500027
vn -0.926699996 0.370499998 0.061999999
vn -0.947899997 0.308099985 0.0812999979
vn -0.0295000002 0.415399998 0.909099996
vn -0.0271000005 0.415899992 0.908999979
vn -0.0284000002 0.470600009 0.881900012
vn -0.0302000009 0.47240001 0.880900025
vn 0.00639999984 -0.1708 0.985300004
vn 0.00079999998 -0.0627000034 0.998000026
vn 0.00159999996 -0.0593000017 0.998199999
vn 0.0074 -0.166999996 0.985899985
vn 0.0057000001 -0.173999995 0.984700024
vn -0.000199999995 -0.0667999983 0.997699976
vn 0.00430000015 -0.2148 0.976599991
vn -0.00190000003 -0.223800004 0.974600017
vn -0.00689999992 -0.1039 0.994499981
vn -0.00120000006 -0.100500003 0.994899988
vn 0.0013 -0.0940999985 0.995500028
vn 0.00669999979 -0.207699999 0.978100002
vn -0.00439999998 -0.254599988 0.967000008
vn -0.00719999988 -0.109800003 0.993900001
vn -0.00800000038 -0.1087 0.994000018
vn -0.00449999981 -0.259000003 0.965799987
vn -0.0055999998 -0.2509 0.967999995
vn -0.00889999978 -0.111100003 0.993700027
vn -0.00600000005 -0.259200007 0.965799987
vn -0.0103000002 -0.108000003 0.994099975
vn -0.0138999997 -0.106399998 0.994199991
vn -0.0083999997 -0.256099999 0.966600001
vn -0.00449999981 -0.259000003 0.965799987
vn -0.00800000038 -0.1087 0.994000018
vn -0.0104999999 -0.251899987 0.967700005
vn -0.0167999994 -0.103100002 0.994499981
vn -0.0164999999 -0.101199999 0.994700015
vn -0.0107000005 -0.245100006 0.969399989
vn -0.00820000004 -0.234799996 0.972000003
vn -0.0131999999 -0.102799997 0.994599998
vn -0.00689999992 -0.1039 0.994499981
vn -0.00190000003 -0.223800004 0.974600017
vn 0.00700000022 -0.201000005 0.979600012
vn 0.00170000002 -0.0878000036 0.996100008
vn 0.000699999975 -0.0825999975 0.996599972
vn 0.00620000018 -0.194700003 0.980799973
vn 0.00669999979 -0.207699999 0.978100002
vn 0.0013 -0.0940999985 0.995500028
vn -0.00700000022 -0.252299994 0.967599988
vn -0.0119000003 -0.112000003 0.993600011
vn -0.00700000022 -0.257299989 0.966300011
vn -0.0141000003 -0.114 0.993399978
vn -0.00889999978 -0.0640999973 0.997900009
vn -0.00939999986 -0.0656000003 0.997799993
vn -0.0104 -0.109899998 0.993900001
vn -0.0109999999 -0.107000001 0.994199991
vn -0.00689999992 -0.104500003 0.994499981
vn -0.00439999998 -0.0626000017 0.998000026
vn -0.0027999999 -0.0148999998 0.999899983
vn -0.00760000013 -0.0163000003 0.999800026
vn -0.00850000046 -0.0184000004 0.999800026
vn -0.0228000004 0.934800029 0.354299992
vn -0.0239000004 0.938199997 0.345200002
vn -0.0284000002 0.999199986 0.0276999995
vn -0.0285 0.999100029 0.0313999988
vn -0.0310999993 0.998899996 0.0344999991
vn -0.0263999999 0.931699991 0.362300009
vn -0.0197999999 0.749100029 0.662100017
vn -0.0164000001 0.756799996 0.653400004
vn -0.0187999997 0.765100002 0.643599987
vn -0.00490000006 0.0074 0.999899983
vn -0.00209999993 0.00989999995 0.999899983
vn 0.00159999996 -0.0593000017 0.998199999
vn 0.00079999998 -0.0627000034 0.998000026
vn -0.000199999995 -0.0667999983 0.997699976
vn -0.00590000022 0.00329999998 1
vn -0.00850000046 -0.0184000004 0.999800026
vn -0.00760000013 -0.0163000003 0.999800026
vn -0.0027999999 -0.0148999998 0.999899983
vn -0.00650000013 -0.0771000013 0.996999979
vn -0.00680000009 -0.0366000012 0.999300003
vn -0.0055999998 -0.0368999988 0.999300003
vn -0.00419999985 -0.0781000033 0.996900022
vn -0.00359999994 -0.114100002 0.993399978
vn -0.00510000018 -0.114500001 0.993399978
vn -0.00630000001 -0.115099996 0.993300021
vn -0.00700000022 -0.0756999999 0.997099996
vn -0.00609999988 -0.0333999991 0.99940002
vn -0.00779999979 0.210099995 0.977599978
vn -0.0108000003 0.211199999 0.977400005
vn -0.00949999969 0.1646 0.986299992
vn -0.00540000014 0.160999998 0.986899972
vn -0.00289999996 0.153300002 0.988200009
vn -0.0055999998 0.206900001 0.978299975
vn -0.0074 0.238399997 0.971099973
vn -0.00939999986 0.239800006 0.970700026
vn -0.0114000002 0.239600003 0.970799983
vn -0.0408999994 0.934800029 0.352899998
vn -0.0434999987 0.999000013 0.0126
vn -0.0436999984 0.999000013 0.00669999979
vn -0.0405000001 0.936699986 0.347600013
vn -0.0326000005 0.751299977 0.659099996
vn -0.0335000008 0.744300008 0.666999996
vn -0.0288999993 0.74150002 0.67019999
vn -0.0370999984 0.934400022 0.354099989
vn -0.0416000001 0.999000013 0.0164000001
vn -0.00549999997 -0.0220999997 0.99970001
vn -0.00120000006 -0.100500003 0.994899988
vn -0.00689999992 -0.1039 0.994499981
vn -0.00800000038 -0.0218000002 0.99970001
vn -0.0055999998 -0.0368999988 0.999300003
vn -0.00680000009 -0.0366000012 0.999300003
vn -0.00609999988 -0.0333999991 0.99940002
vn -0.0037 -0.0171000008 0.999800026
vn 0.0013 -0.0940999985 0.995500028
vn -0.0136000002 -0.0658000037 0.997699976
vn -0.0142999999 -0.0649000034 0.997799993
vn -0.0119000003 -0.1021 0.994700015
vn -0.0103000002 -0.1039 0.994499981
vn -0.0083999997 -0.104999997 0.994400024
vn -0.0105999997 -0.0672999993 0.997699976
vn -0.0124000004 -0.0220999997 0.99970001
vn -0.0148999998 -0.0237000007 0.999599993
vn -0.0142000001 -0.0259000007 0.999499977
vn -0.0220999997 0.185000002 0.982500017
vn -0.0211999994 0.190500006 0.981400013
vn -0.0175999999 0.138899997 0.990100026
vn -0.0197000001 0.137899995 0.990199983
vn -0.0185000002 0.135600001 0.99059999
vn -0.0203000009 0.1822 0.98299998
vn -0.0209999997 0.211799994 0.977100015
vn -0.0237000007 0.212300003 0.976899981
vn -0.0240000002 0.214900002 0.976300001
vn -0.0408999994 0.948599994 0.313699991
vn -0.0467000008 0.948499978 0.3134
vn -0.0450000018 0.775099993 0.630200028
vn -0.0401999988 0.774600029 0.631200016
vn -0.0392999984 0.775600016 0.629899979
vn -0.0410999991 0.948800027 0.312999994
vn -0.0397000015 0.99879998 -0.0289999992
vn -0.0388999991 0.998600006 -0.0348999985
vn -0.0447999984 0.998099983 -0.0423999988
vn -0.0120999999 -0.0116999997 0.999800026
vn -0.0124000004 -0.0163000003 0.999800026
vn -0.0142000001 -0.0259000007 0.999499977
vn -0.0148999998 -0.0237000007 0.999599993
vn -0.0124000004 -0.0220999997 0.99970001
vn -0.0115 -0.00700000022 0.999899983
vn -0.00800000038 -0.1087 0.994000018
vn -0.00719999988 -0.109800003 0.993900001
vn -0.00889999978 -0.111100003 0.993700027
vn -0.00899999961 -0.068400003 0.997600019
vn -0.0105999997 -0.0672999993 0.997699976
vn -0.0083999997 -0.104999997 0.994400024
vn -0.00730000017 -0.105300002 0.994400024
vn -0.00829999987 -0.106799997 0.994199991
vn -0.0125000002 -0.0707999989 0.997399986
vn -0.0164000001 -0.0239000004 0.999599993
vn -0.0114000002 -0.0221999995 0.99970001
vn -0.0124000004 -0.0220999997 0.99970001
vn -0.0144999996 -0.0753000006 0.996999979
vn -0.00860000029 -0.110399999 0.993799984
vn -0.00590000022 -0.113700002 0.993499994
vn -0.00930000003 -0.0789000019 0.996800005
vn -0.0136000002 -0.0296 0.999499977
vn -0.0196000002 -0.0263999999 0.999499977
vn -0.00380000006 -0.0793000013 0.996800005
vn -0.00329999998 -0.114500001 0.993399978
vn -0.00359999994 -0.114100002 0.993399978
vn -0.00419999985 -0.0781000033 0.996900022
vn -0.0055999998 -0.0368999988 0.999300003
vn -0.00650000013 -0.0337999985 0.99940002
vn -0.0179999992 0.181999996 0.983099997
vn -0.0203000009 0.1822 0.98299998
vn -0.0185000002 0.135600001 0.99059999
vn -0.0166999996 0.129500002 0.991400003
vn -0.0166999996 0.126599997 0.99180001
vn -0.0166999996 0.185599998 0.982500017
vn -0.0155999996 0.218700007 0.975600004
vn -0.0177999996 0.214200005 0.976599991
vn -0.0159000009 0.193000004 0.981000006
vn -0.0170000009 0.133200005 0.99089998
vn -0.0160000008 0.146400005 0.989099979
vn -0.0151000004 0.2016 0.979300022
vn -0.0135000004 0.230000004 0.973100007
vn -0.0142000001 0.224199995 0.974399984
vn -0.0136000002 0.208299994 0.977900028
vn -0.0136000002 0.159099996 0.987200022
vn -0.00949999969 0.1646 0.986299992
vn -0.0108000003 0.211199999 0.977400005
vn -0.0114000002 0.239600003 0.970799983
vn -0.0127999997 0.2359 0.971700013
vn -0.0428000018 0.947099984 0.318100005
vn -0.0410999991 0.948800027 0.312999994
vn -0.0392999984 0.775600016 0.629899979
vn -0.0399999991 0.773699999 0.632200003
vn -0.0403999984 0.771700025 0.6347
vn -0.0423000008 0.946399987 0.320100009
vn -0.0392000005 0.999100029 -0.0186000001
vn -0.0412999988 0.998899996 -0.0217000004
vn -0.0397000015 0.99879998 -0.0289999992
vn -0.0406000018 0.948599994 0.313899994
vn -0.0388999991 0.772499979 0.63380003
vn -0.0342999995 0.770900011 0.635900021
vn -0.0390000008 0.948700011 0.313800007
vn -0.0395000018 0.999000013 -0.0209999997
vn -0.0373999998 0.999100029 -0.0220999997
vn -0.0386999995 0.943199992 0.330000013
vn -0.0309999995 0.762399971 0.646399975
vn -0.0326000005 0.751299977 0.659099996
vn -0.0405000001 0.936699986 0.347600013
vn -0.0436999984 0.999000013 0.00669999979
vn -0.0423999988 0.999100029 -0.00789999962
vn -0.0126999998 -0.00590000022 0.999899983
vn -0.0115 -0.00700000022 0.999899983
vn -0.0124000004 -0.0220999997 0.99970001
vn -0.0114000002 -0.0221999995 0.99970001
vn -0.0164000001 -0.0239000004 0.999599993
vn -0.0175000001 -0.00590000022 0.999800026
vn -0.0138999997 -0.106399998 0.994199991
vn -0.0103000002 -0.108000003 0.994099975
vn -0.00800000038 -0.1087 0.994000018
vn -0.0208999999 -0.00480000023 0.999800026
vn -0.0196000002 -0.0263999999 0.999499977
vn -0.0136000002 -0.0296 0.999499977
vn -0.0175000001 -0.00659999996 0.999800026
vn -0.0164999999 -0.101199999 0.994700015
vn -0.0167999994 -0.103100002 0.994499981
vn -0.0118000004 -0.0142999999 0.999800026
vn -0.00650000013 -0.0337999985 0.99940002
vn -0.0055999998 -0.0368999988 0.999300003
vn -0.00800000038 -0.0218000002 0.99970001
vn -0.00689999992 -0.1039 0.994499981
vn -0.0131999999 -0.102799997 0.994599998
vn -0.00689999992 -0.0732000023 0.997300029
vn -0.00700000022 -0.0756999999 0.997099996
vn -0.00630000001 -0.115099996 0.993300021
vn -0.00719999988 -0.1149 0.993300021
vn -0.00779999979 -0.114100002 0.993399978
vn -0.00730000017 -0.070600003 0.997500002
vn -0.00579999993 -0.0255999994 0.999599993
vn -0.00520000001 -0.0292000007 0.999499977
vn -0.00609999988 -0.0333999991 0.99940002
vn -0.00439999998 0.203299999 0.979099989
vn -0.0055999998 0.206900001 0.978299975
vn -0.00289999996 0.153300002 0.988200009
vn -0.00159999996 0.147 0.989099979
vn -0.00150000001 0.143299997 0.989700019
vn -0.00480000023 0.199699998 0.979799986
vn -0.0092000002 0.240099996 0.970700026
vn -0.00650000013 0.237900004 0.971300006
vn -0.0074 0.238399997 0.971099973
vn -0.0324999988 0.931699991 0.361600012
vn -0.0370999984 0.934400022 0.354099989
vn -0.0288999993 0.74150002 0.67019999
vn -0.0234999992 0.74089998 0.67110002
vn -0.0219999999 0.741100013 0.671000004
vn -0.0307 0.927999973 0.371100008
vn -0.0373999998 0.998700023 0.0355999991
vn -0.0392999984 0.998899996 0.0254999995
vn -0.0416000001 0.999000013 0.0164000001
vn -0.0027999999 -0.0116999997 0.999899983
vn -0.0037 -0.0171000008 0.999800026
vn -0.00609999988 -0.0333999991 0.99940002
vn -0.00520000001 -0.0292000007 0.999499977
vn -0.00579999993 -0.0255999994 0.999599993
vn -0.0037 -0.00760000013 0.999899983
vn 0.000699999975 -0.0825999975 0.996599972
vn 0.00170000002 -0.0878000036 0.996100008
vn 0.0013 -0.0940999985 0.995500028
vn -0.0151000004 -0.0659999996 0.997699976
vn -0.0203000009 -0.0678000003 0.997500002
vn -0.0175000001 -0.0993999988 0.994899988
vn -0.0140000004 -0.100699998 0.994799972
vn -0.0140000004 -0.0274999999 0.999499977
vn -0.0199999996 -0.0291000009 0.99940002
vn -0.0190999992 0.197999999 0.980000019
vn -0.0176999997 0.204600006 0.978699982
vn -0.0138999997 0.151099995 0.988399982
vn -0.0142999999 0.1435 0.989499986
vn -0.0229000002 0.218899995 0.975499988
vn -0.0210999995 0.223700002 0.974399984
vn -0.0549999997 0.952400029 0.299899995
vn -0.058600001 0.960900009 0.270599991
vn -0.0520000011 0.796700001 0.602100015
vn -0.0509000011 0.782500029 0.620500028
vn -0.0535000004 0.996900022 -0.056499999
vn -0.0584999993 0.995199978 -0.0777999982
vn -0.0138999997 -0.0174000002 0.99970001
vn -0.0186999999 -0.0176999997 0.99970001
vn -0.0199999996 -0.0291000009 0.99940002
vn -0.0140000004 -0.0274999999 0.999499977
vn -0.0119000003 -0.112000003 0.993600011
vn -0.0141000003 -0.114 0.993399978
vn -0.0133999996 0.599600017 0.800100029
vn -0.0164000001 0.756799996 0.653400004
vn -0.0197999999 0.749100029 0.662100017
vn -0.0165999997 0.592400014 0.805400014
vn -0.0154999997 0.506399989 0.862100005
vn -0.0124000004 0.503400028 0.863900006
vn -0.0255999994 0.505400002 0.862500012
vn -0.0164000001 0.606700003 0.794700027
vn -0.0187999997 0.765100002 0.643599987
vn -0.0255999994 0.591099977 0.806200027
vn -0.0335000008 0.744300008 0.666999996
vn -0.0326000005 0.751299977 0.659099996
vn -0.0248000007 0.605799973 0.79519999
vn -0.0188999996 0.530499995 0.84740001
vn -0.0196000002 0.51910001 0.854499996
vn -0.0185000002 0.510200024 0.859799981
vn -0.0223999992 0.58160001 0.813199997
vn -0.0288999993 0.74150002 0.67019999
vn -0.0157999992 0.472299993 0.881299973
vn -0.0151000004 0.476500005 0.879000008
vn -0.0131999999 0.424499989 0.905300021
vn -0.0137999998 0.425700009 0.904699981
vn -0.0133999996 0.425199986 0.904999971
vn -0.0155999996 0.467700005 0.883700013
vn -0.0322000012 0.504299998 0.862900019
vn -0.0298999995 0.459500015 0.887600005
vn -0.0287999995 0.453500003 0.890799999
vn -0.0313000008 0.500100017 0.865400016
vn -0.0337999985 0.566600025 0.823300004
vn -0.0351000018 0.572600007 0.819100022
vn -0.0362999998 0.580900013 0.813199997
vn -0.0318999998 0.509599984 0.859799981
vn -0.0288999993 0.463800013 0.885399997
vn -0.0381999984 0.655900002 0.753899992
vn -0.0366999991 0.649800003 0.759199977
vn -0.0392999984 0.775600016 0.629899979
vn -0.0401999988 0.774600029 0.631200016
vn -0.0450000018 0.775099993 0.630200028
vn -0.0414000005 0.664600015 0.745999992
vn -0.0303000007 0.496100008 0.867699981
vn -0.0273000002 0.445600003 0.894800007
vn -0.0267999992 0.437099993 0.898999989
vn -0.0302000009 0.4921 0.870000005
vn -0.0333000012 0.557200015 0.829599977
vn -0.0329999998 0.561699986 0.826699972
vn -0.0337999985 0.566600025 0.823300004
vn -0.0313000008 0.500100017 0.865400016
vn -0.0287999995 0.453500003 0.890799999
vn -0.0362999998 0.643999994 0.764199972
vn -0.0366999991 0.638800025 0.76849997
vn -0.0403999984 0.771700025 0.6347
vn -0.0399999991 0.773699999 0.632200003
vn -0.0392999984 0.775600016 0.629899979
vn -0.0366999991 0.649800003 0.759199977
vn -0.0281000007 0.487699986 0.872600019
vn -0.0245999992 0.42930001 0.902800024
vn -0.0188999996 0.424299985 0.905300021
vn -0.0216000006 0.483399987 0.875100017
vn -0.0249000005 0.547200024 0.836600006
vn -0.0313999988 0.552699983 0.832799971
vn -0.0350000001 0.634299994 0.772199988
vn -0.0291000009 0.628600001 0.777199984
vn -0.0342999995 0.770900011 0.635900021
vn -0.0388999991 0.772499979 0.63380003
vn -0.0160000008 0.479900002 0.877200007
vn -0.0138999997 0.423099995 0.905900002
vn -0.0131999999 0.424499989 0.905300021
vn -0.0151000004 0.476500005 0.879000008
vn -0.0188999996 0.530499995 0.84740001
vn -0.0193000007 0.540099978 0.841300011
vn -0.0249000005 0.547200024 0.836600006
vn -0.0216000006 0.483399987 0.875100017
vn -0.0242999997 0.619099975 0.78490001
vn -0.0248000007 0.605799973 0.79519999
vn -0.0326000005 0.751299977 0.659099996
vn -0.0309999995 0.762399971 0.646399975
vn -0.0291000009 0.628600001 0.777199984
vn -0.0151000004 0.464100003 0.885599971
vn -0.0131000001 0.422399998 0.906300008
vn -0.0142999999 0.418599993 0.907999992
vn -0.0151000004 0.46329999 0.885999978
vn -0.0157999992 0.509000003 0.860599995
vn -0.0167999994 0.507600009 0.861400008
vn -0.0185000002 0.510200024 0.859799981
vn -0.0155999996 0.467700005 0.883700013
vn -0.0133999996 0.425199986 0.904999971
vn -0.0186000001 0.581099987 0.813600004
vn -0.0172000006 0.585099995 0.810800016
vn -0.0219999999 0.741100013 0.671000004
vn -0.0234999992 0.74089998 0.67110002
vn -0.0288999993 0.74150002 0.67019999
vn -0.0223999992 0.58160001 0.813199997
vn -0.0311999992 0.51639998 0.855700016
vn -0.0275999997 0.467500001 0.883599997
vn -0.0318999998 0.509599984 0.859799981
vn -0.0362999998 0.580900013 0.813199997
vn -0.0370999984 0.591499984 0.805400014
vn -0.0370999984 0.601300001 0.798099995
vn -0.0317000002 0.523199975 0.851599991
vn -0.0284000002 0.470600009 0.881900012
vn -0.0443999991 0.676900029 0.734700024
vn -0.0414000005 0.664600015 0.745999992
vn -0.0509000011 0.782500029 0.620500028
vn -0.0520000011 0.796700001 0.602100015
vn -0.0439999998 0.689199984 0.723200023
vn -0.0127999997 0.377900004 0.925700009
vn -0.0137999998 0.425700009 0.904699981
vn -0.0131999999 0.424499989 0.905300021
vn -0.0125000002 0.373100013 0.927699983
vn -0.0122999996 0.326799989 0.944999993
vn -0.0120999999 0.33160001 0.943300009
vn -0.0105999997 0.334500015 0.942300022
vn -0.0118000004 0.380400002 0.924700022
vn -0.0133999996 0.425199986 0.904999971
vn -0.0110999998 0.284999996 0.958500028
vn -0.0120999999 0.282400012 0.959200025
vn -0.0114000002 0.239600003 0.970799983
vn -0.00939999986 0.239800006 0.970700026
vn -0.0092000002 0.286000013 0.958199978
vn -0.0247000009 0.265100002 0.96390003
vn -0.0237000007 0.212300003 0.976899981
vn -0.0209999997 0.211799994 0.977100015
vn -0.0214000009 0.265899986 0.963699996
vn -0.0226000007 0.338200003 0.940800011
vn -0.0258000009 0.340999991 0.939700007
vn -0.0260000005 0.341399997 0.939499974
vn -0.0253999997 0.264999986 0.96390003
vn -0.0240000002 0.214900002 0.976300001
vn -0.0275999997 0.412200004 0.910600007
vn -0.0254999995 0.405600011 0.913699985
vn -0.0298999995 0.459500015 0.887600005
vn -0.0288999993 0.463800013 0.885399997
vn -0.0271000005 0.415199995 0.909300029
vn -0.0176999997 0.26820001 0.963199973
vn -0.0177999996 0.214200005 0.976599991
vn -0.0155999996 0.218700007 0.975600004
vn -0.0156999994 0.270500004 0.962599993
vn -0.0178999994 0.327399999 0.944700003
vn -0.0192000009 0.333499998 0.942499995
vn -0.0226000007 0.338200003 0.940800011
vn -0.0214000009 0.265899986 0.963699996
vn -0.023 0.395099998 0.918299973
vn -0.0221999995 0.383300006 0.923300028
vn -0.0267999992 0.437099993 0.898999989
vn -0.0273000002 0.445600003 0.894800007
vn -0.0287999995 0.453500003 0.890799999
vn -0.0254999995 0.405600011 0.913699985
vn -0.0144999996 0.271299988 0.962400019
vn -0.0142000001 0.224199995 0.974399984
vn -0.0135000004 0.230000004 0.973100007
vn -0.0133999996 0.272899985 0.961899996
vn -0.0144999996 0.318300009 0.947799981
vn -0.0167999994 0.321200013 0.946799994
vn -0.0205000006 0.373100013 0.92750001
vn -0.0164000001 0.367599994 0.929799974
vn -0.0188999996 0.424299985 0.905300021
vn -0.0245999992 0.42930001 0.902800024
vn -0.0126 0.277399987 0.960699975
vn -0.0127999997 0.2359 0.971700013
vn -0.0120999999 0.282400012 0.959200025
vn -0.0122999996 0.326799989 0.944999993
vn -0.0126 0.321099997 0.94690001
vn -0.0127999997 0.368400007 0.929499984
vn -0.0125000002 0.373100013 0.927699983
vn -0.0131999999 0.424499989 0.905300021
vn -0.0138999997 0.423099995 0.905900002
vn -0.0083999997 0.288300008 0.957499981
vn -0.00650000013 0.237900004 0.971300006
vn -0.0092000002 0.240099996 0.970700026
vn -0.0115 0.292199999 0.95630002
vn -0.0131999999 0.338499993 0.940900028
vn -0.00970000029 0.336299986 0.941699982
vn -0.0105999997 0.334500015 0.942300022
vn -0.0092000002 0.286000013 0.958199978
vn -0.0074 0.238399997 0.971099973
vn -0.0111999996 0.379999995 0.924899995
vn -0.0131000001 0.379099995 0.925199986
vn -0.0142999999 0.418599993 0.907999992
vn -0.0131000001 0.422399998 0.906300008
vn -0.0133999996 0.425199986 0.904999971
vn -0.0118000004 0.380400002 0.924700022
vn -0.0245999992 0.264999986 0.96390003
vn -0.0229000002 0.218899995 0.975499988
vn -0.0252999999 0.340499997 0.939899981
vn -0.0263 0.340600014 0.939800024
vn -0.0241999999 0.267399997 0.96329999
vn -0.0210999995 0.223700002 0.974399984
vn -0.0259000007 0.416000009 0.908999979
vn -0.0275999997 0.467500001 0.883599997
vn -0.0284000002 0.470600009 0.881900012
vn -0.0271000005 0.415899992 0.908999979
vn 0.00310000009 -0.0368999988 0.999300003
vn 0.00319999992 -0.0366000012 0.999300003
vn -0.00209999993 0.132200003 0.99119997
vn -0.00270000007 0.132799998 0.991100013
vn -0.00359999994 0.141499996 0.989899993
vn 0.00319999992 -0.0355999991 0.999300003
vn 0.00779999979 -0.194499999 0.980799973
vn 0.00789999962 -0.189899996 0.981700003
vn 0.00760000013 -0.186100006 0.982500017
vn 0.0037 -0.0362999998 0.999300003
vn -0.00190000003 0.141900003 0.989899993
vn 0.00779999979 -0.199399993 0.979900002
vn 0.00970000029 -0.579599977 0.814800024
vn 0.0295000002 -0.933799982 0.3565
vn 0.0322000012 -0.933700025 0.356599987
vn 0.0104 -0.578400016 0.815599978
vn -0.00910000037 -0.156200007 0.987699986
vn -0.00829999987 -0.156800002 0.987600029
vn 0.0361000001 -0.58920002 0.807200015
vn 0.0791999996 -0.932200015 0.352999985
vn 0.226500005 -0.912699997 0.34009999
vn 0.122299999 -0.596099973 0.793500006
vn -0.0144999996 -0.153099999 0.988099992
vn -0.0103000002 -0.155100003 0.987800002
vn -0.00789999962 -0.146500006 0.989199996
vn -0.00829999987 -0.145899996 0.989300013
vn -0.00810000021 -0.112400003 0.993600011
vn -0.00800000038 -0.113200001 0.993499994
vn -0.0092000002 -0.144999996 0.989400029
vn -0.0120000001 -0.143199995 0.989600003
vn -0.0104 -0.109899998 0.993900001
vn -0.00870000012 -0.111500002 0.993700027
vn 0.00520000001 -0.178399995 0.983900011
vn 0.0057000001 -0.173999995 0.984700024
vn 0.00480000023 -0.183599994 0.98299998
vn -0.00159999996 -0.0746000037 0.997200012
vn -0.00109999999 -0.0709000006 0.997500002
vn -0.000199999995 -0.0667999983 0.997699976
vn 0.00510000018 -0.188999996 0.981999993
vn -0.000899999985 -0.0784000009 0.996900022
vn -0.00439999998 0.196700007 0.980400026
vn -0.00480000023 0.199699998 0.979799986
vn -0.00150000001 0.143299997 0.989700019
vn -0.00190000003 0.141900003 0.989899993
vn -0.00359999994 0.141499996 0.989899993
vn -0.00469999993 0.199900001 0.979799986
vn -0.00230000005 0.217899993 0.976000011
vn -0.00659999996 0.226099998 0.974099994
vn -0.0092000002 0.240099996 0.970700026
vn -0.00789999962 -0.0688000023 0.997600019
vn -0.00800000038 -0.113200001 0.993499994
vn -0.00810000021 -0.112400003 0.993600011
vn -0.00810000021 -0.0676999986 0.997699976
vn -0.00779999979 -0.0217000004 0.99970001
vn -0.00719999988 -0.0231999997 0.99970001
vn -0.0083999997 -0.0666999966 0.997699976
vn -0.00870000012 -0.111500002 0.993700027
vn -0.0104 -0.109899998 0.993900001
vn -0.00939999986 -0.0656000003 0.997799993
vn -0.00850000046 -0.0184000004 0.999800026
vn -0.00779999979 -0.0201999992 0.999800026
vn -0.0306000002 0.926400006 0.37529999
vn -0.0229000002 0.741400003 0.670599997
vn -0.0247000009 0.742200017 0.669700027
vn -0.0313000008 0.926999986 0.373699993
vn -0.0350000001 0.998600006 0.0401999988
vn -0.0357000008 0.99849999 0.0403999984
vn -0.0306000002 0.928900003 0.369100004
vn -0.0243999995 0.744199991 0.667400002
vn -0.0197999999 0.749100029 0.662100017
vn -0.0263999999 0.931699991 0.362300009
vn -0.0310999993 0.998899996 0.0344999991
vn -0.0340999998 0.998700023 0.0377000012
vn -0.00549999997 -0.0046000001 1
vn -0.00719999988 -0.0231999997 0.99970001
vn -0.00779999979 -0.0217000004 0.99970001
vn -0.00630000001 -0.00240000011 1
vn -0.00159999996 -0.0746000037 0.997200012
vn -0.000899999985 -0.0784000009 0.996900022
vn -0.00600000005 -0 1
vn -0.00779999979 -0.0201999992 0.999800026
vn -0.00850000046 -0.0184000004 0.999800026
vn -0.00590000022 0.00329999998 1
vn -0.000199999995 -0.0667999983 0.997699976
vn -0.00109999999 -0.0709000006 0.997500002
vn -0.0121999998 0.464100003 0.885699987
vn 0.00380000006 0.457800001 0.888999999
vn -0.00899999961 0.495400012 0.868600011
vn -0.0138999997 0.508599997 0.860899985
vn -0.0113000004 0.426600009 0.904299974
vn 0.00120000006 0.43689999 0.899500012
vn -0.0207000002 0.587300003 0.809099972
vn -0.0165999997 0.592400014 0.805400014
vn -0.0197999999 0.749100029 0.662100017
vn -0.0243999995 0.744199991 0.667400002
vn -0.0247000009 0.742200017 0.669700027
vn -0.0195000004 0.586000025 0.810100019
vn -0.0188999996 0.497399986 0.867299974
vn -0.0154999997 0.506399989 0.862100005
vn -0.0172000006 0.586700022 0.809599996
vn -0.0229000002 0.741400003 0.670599997
vn -0.0130000003 0.380499989 0.924700022
vn -0.0172000006 0.344199985 0.93870002
vn 0.0151000004 0.356700003 0.934099972
vn 0.0175999999 0.378699988 0.925300002
vn 0.0164000001 0.346700013 0.93779999
vn -0.0104999999 0.3917 0.920000017
vn -0.0142999999 0.418599993 0.907999992
vn -0.0131000001 0.379099995 0.925199986
vn -0.0131999999 0.338499993 0.940900028
vn -0.00769999996 0.388999999 0.921199977
vn 0.00499999989 0.306499988 0.951799989
vn 0.0254999995 0.377200007 0.925800025
vn 0.0172000006 0.418599993 0.907999992
vn 0.00120000006 0.43689999 0.899500012
vn -0.0113000004 0.426600009 0.904299974
vn -0.0154999997 0.300399989 0.953700006
vn 0.00480000023 0.321500003 0.94690001
vn -0.0115 0.292199999 0.95630002
vn -0.0092000002 0.240099996 0.970700026
vn -0.0124000004 0.274800003 0.961399972
vn -0.00079999998 0.324299991 0.94599998
vn -0.00910000037 0.266600013 0.963699996
vn -0.00469999993 0.243599996 0.969799995
vn -0.0125000002 0.302300006 0.953100026
vn -0.00930000003 0.332599998 0.943000019
vn -0.00659999996 0.226099998 0.974099994
vn -0.00230000005 0.217899993 0.976000011
vn -0.00400000019 0.181700006 0.983299971
vn -0.00350000011 0.185200006 0.98269999
vn -0.0194000006 0.200000003 0.979600012
vn -0.0109000001 0.191200003 0.98150003
vn -0.00359999994 0.141499996 0.989899993
vn -0.00270000007 0.132799998 0.991100013
vn -0.00209999993 0.132200003 0.99119997
vn -0.00359999994 0.181500003 0.983399987
vn -0.00359999994 0.183899999 0.982900023
vn -0.00329999998 0.181899995 0.983299971
vn 0.0037 0.191799998 0.981400013
vn 0.0110999998 0.196500003 0.980400026
vn -0.00419999985 0.183400005 0.98299998
vn -0.00109999999 0.135700002 0.990700006
vn 0.00159999996 0.145799994 0.989300013
vn -0.0157999992 0.294099987 0.955600023
vn -0.0201999992 0.321500003 0.946699977
vn -0.0877000019 0.319299996 0.943599999
vn -0.0714000016 0.317000002 0.94569999
vn -0.0544999987 0.364499986 0.9296
vn -0.0111999996 0.280200005 0.959800005
vn -0.00150000001 0.236300007 0.971599996
vn -0.00749999983 0.28459999 0.958599985
vn -0.0120999999 0.319799989 0.947399974
vn -0.0210999995 0.350899994 0.936200023
vn -0.0870999992 0.325800002 0.941399992
vn -0.0109999999 0.35710001 0.934000015
vn -0.00999999978 0.409999996 0.912
vn -0.0229000002 0.363900006 0.931100011
vn -0.0846000016 0.261999995 0.961300015
vn -0.0335000008 0.344399989 0.938199997
vn -0.0741000026 0.0876000002 0.993399978
vn -0.0846000016 0.261999995 0.961300015
vn -0.0229000002 0.363900006 0.931100011
vn -0.00999999978 0.409999996 0.912
vn -0.0181000009 0.421099991 0.906799972
vn -0.0359999985 0.431499988 0.90140003
vn -0.058600001 0.374599993 0.925300002
vn -0.0626000017 0.211999997 0.975199997
vn -0.0092000002 0.289099991 0.957199991
vn -0.0111999996 0.280200005 0.959800005
vn -0.0544999987 0.364499986 0.9296
vn -0.0320000015 0.440600008 0.897099972
vn 0.0219999999 0.388099998 0.921400011
vn -0.00529999984 0.257099986 0.966300011
vn -0.00469999993 0.216399997 0.976300001
vn -0.00230000005 0.225700006 0.97420001
vn -0.00150000001 0.236300007 0.971599996
vn -0.0688000023 0.423200011 0.903400004
vn -0.0370000005 0.421799988 0.905900002
vn -0.0392000005 0.378199995 0.924899995
vn -0.0820999965 0.398400009 0.913500011
vn -0.0626000017 0.211999997 0.975199997
vn -0.058600001 0.374599993 0.925300002
vn -0.0381999984 0.460500002 0.886799991
vn -0.0255999994 0.505400002 0.862500012
vn -0.00930000003 0.41960001 0.907599986
vn -0.00340000005 0.375499994 0.926800013
vn -0.0370000005 0.421799988 0.905900002
vn -0.0255999994 0.505400002 0.862500012
vn -0.0124000004 0.503400028 0.863900006
vn -0.0154999997 0.506399989 0.862100005
vn -0.0132999998 0.432999998 0.901300013
vn -0.0113000004 0.389899999 0.920700014
vn -0.0172000006 0.425500005 0.904799998
vn 0.00659999996 0.431100011 0.902199984
vn 0.0189999994 0.398799986 0.916800022
vn -0.0178999994 0.3847 0.922800004
vn -0.0113000004 0.389899999 0.920700014
vn -0.0132999998 0.432999998 0.901300013
vn -0.0188999996 0.497399986 0.867299974
vn -0.00899999961 0.495400012 0.868600011
vn 0.0322999991 0.4384 0.898199975
vn 0.0518000014 0.428499997 0.90200001
vn 0.0189999994 0.398799986 0.916800022
vn 0.00659999996 0.431100011 0.902199984
vn -0.00899999961 0.495400012 0.868600011
vn 0.00380000006 0.457800001 0.888999999
vn -0.0126 0.213100001 0.976899981
vn -0.0222999994 0.230800003 0.9727
vn -0.0125000002 0.302300006 0.953100026
vn -0.00469999993 0.243599996 0.969799995
vn -0.00230000005 0.217899993 0.976000011
vn -0.00469999993 0.199900001 0.979799986
vn 0.00439999998 0.215200007 0.976499975
vn 0.0208000001 0.229800001 0.97299999
vn -0.00079999998 0.199699998 0.979900002
vn -0.00529999984 0.257099986 0.966300011
vn 0.0219999999 0.388099998 0.921400011
vn 0.0292000007 0.480500013 0.87650001
vn -0.0108000003 0.117399998 0.992999971
vn -0.000600000028 0.107799999 0.994199991
vn -0.0168999992 0.497399986 0.867299974
vn -0.0315999985 0.920099974 0.390399992
vn 0.0702999979 0.911599994 0.405000001
vn 0.353899986 0.819299996 0.451099992
vn 0.112099998 0.419 0.901000023
vn -0.0421999991 0.170499995 0.984399974
vn -0.065700002 0.483900011 0.872600019
vn 0.00669999979 0.116800003 0.993099988
vn 0.0434999987 0.147 0.988200009
vn -0.134399995 0.421000004 0.897000015
vn -0.370599985 0.816799998 0.442200005
vn -0.134299994 0.912 0.387699991
vn 0.0626000017 -0.0469999984 0.996900022
vn 0.00700000022 -0.0824000016 0.996599972
vn -0.00960000046 0.342000008 0.939599991
vn -0.0130000003 0.336299986 0.941600025
vn 0.0291000009 0.374900013 0.926599979
vn 0.217700005 0.131200001 0.967100024
vn 0.488299996 -0.444799989 0.750800014
vn 0.139799997 -0.640699983 0.754899979
vn 0.0296999998 -0.667999983 0.743600011
vn -0.0346999988 -0.0590000004 0.997699976
vn 0.000500000024 0.3486 0.937300026
vn -0.059799999 -0.661899984 0.747200012
vn -0.347900003 -0.4921 0.797999978
vn -0.177900001 0.0807999969 0.980700016
vn -0.0384000018 0.361999989 0.931400001
vn -0.1928 0.385600001 0.9023
vn 0.0873000026 0.213200003 0.973100007
vn 0.328000009 0.294999987 0.897400022
vn -0.242200002 0.385500014 0.890299976
vn -0.726700008 0.373199999 0.576600015
vn -0.620500028 0.582099974 0.5255
vn -0.311100006 0.231700003 0.921700001
vn -0.353300005 0.320600003 0.878799975
vn 0.168799996 0.386999995 0.906499982
vn -0.0852999985 0.391299993 0.916299999
vn -0.649299979 -0.121299997 0.750800014
vn -0.748700023 0.123800002 0.651199996
vn 0.353500009 0.291099995 0.888999999
vn 0.217700005 0.131200001 0.967100024
vn 0.0291000009 0.374900013 0.926599979
vn 0.0773999989 0.425300002 0.90170002
vn -0.0432000011 0.405600011 0.912999988
vn 0.393000007 0.342000008 0.853600025
vn 0.846400023 0.112300001 0.520600021
vn 0.787400007 -0.075000003 0.611800015
vn 0.488299996 -0.444799989 0.750800014
vn 0.238600001 0.389999986 0.889400005
vn 0.342599988 0.352699995 0.870800018
vn -0.0582000017 0.335299999 0.940299988
vn -0.0335999988 0.247099996 0.968400002
vn 0.680700004 0.552399993 0.48120001
vn 0.810599983 0.320300013 0.490200013
vn 0.362800002 0.345400006 0.865400016
vn -0.157100007 0.37470001 0.913699985
vn 0.839100003 0.202600002 0.504800022
vn -0.297500014 0.369199991 0.880400002
vn 0.365799993 0.369500011 0.854200006
vn -0.753899992 0.244800001 0.609600008
vn -0.726700008 0.373199999 0.576600015
vn -0.242200002 0.385500014 0.890299976
vn 0.328000009 0.294999987 0.897400022
vn 0.0741000026 0.960600019 0.26789999
vn 0.0702999979 0.911599994 0.405000001
vn -0.0315999985 0.920099974 0.390399992
vn -0.0281000007 0.966700017 0.254099995
vn -0.0212999992 0.868900001 0.494599998
vn 0.0738999993 0.867600024 0.491699994
vn 0.247600004 0.845000029 0.474000007
vn 0.376100004 0.870400012 0.317499995
vn 0.353899986 0.819299996 0.451099992
vn -0.138699993 0.958899975 0.247400001
vn -0.134299994 0.912 0.387699991
vn -0.370599985 0.816799998 0.442200005
vn -0.414000005 0.858900011 0.301600009
vn -0.31279999 0.825699985 0.469399989
vn -0.129999995 0.861000001 0.491699994
vn 0.148100004 -0.722800016 0.674899995
vn 0.0388999991 -0.744599998 0.666299999
vn 0.0296999998 -0.667999983 0.743600011
vn 0.139799997 -0.640699983 0.754899979
vn 0.488299996 -0.444799989 0.750800014
vn 0.501600027 -0.550400019 0.667299986
vn 0.3486 -0.363499999 0.863900006
vn 0.131899998 -0.369199991 0.9199
vn 0.0313000008 -0.3653 0.930400014
vn -0.0588000007 -0.740999997 0.668900013
vn -0.059799999 -0.661899984 0.747200012
vn -0.0647 -0.377299994 0.923799992
vn -0.25819999 -0.380299985 0.888100028
vn -0.362399995 -0.583000004 0.727199972
vn -0.347900003 -0.4921 0.797999978
vn -0.687300026 0.587800026 0.426699996
vn -0.620500028 0.582099974 0.5255
vn -0.726700008 0.373199999 0.576600015
vn -0.773100019 0.350800008 0.528299987
vn -0.478399992 0.418599993 0.771899998
vn -0.448399991 0.610199988 0.653100014
vn -0.674799979 -0.184 0.714600027
vn -0.760299981 0.0996999964 0.641900003
vn -0.748700023 0.123800002 0.651199996
vn -0.649299979 -0.121299997 0.750800014
vn -0.407700002 -0.00170000002 0.913100004
vn -0.450100005 0.237000003 0.860899985
vn 0.806200027 -0.163000003 0.568700016
vn 0.501600027 -0.550400019 0.667299986
vn 0.488299996 -0.444799989 0.750800014
vn 0.787400007 -0.075000003 0.611800015
vn 0.846400023 0.112300001 0.520600021
vn 0.863900006 0.0830999985 0.496699989
vn 0.512799978 0.2324 0.826399982
vn 0.492000014 -0.000899999985 0.870500028
vn 0.3486 -0.363499999 0.863900006
vn 0.704599977 0.583700001 0.403400004
vn 0.819999993 0.342000008 0.458900005
vn 0.810599983 0.320300013 0.490200013
vn 0.680700004 0.552399993 0.48120001
vn 0.411799997 0.646300018 0.642400026
vn 0.472000003 0.452100009 0.756799996
vn 0.854700029 0.203600004 0.477499992
vn 0.839100003 0.202600002 0.504800022
vn 0.499000013 0.329100013 0.801699996
vn -0.776600003 0.221900001 0.589600027
vn -0.753899992 0.244800001 0.609600008
vn -0.466899991 0.320499986 0.824100018
vn -0.478399992 0.418599993 0.771899998
vn -0.773100019 0.350800008 0.528299987
vn -0.726700008 0.373199999 0.576600015
vn 0.104599997 0.135199994 0.985300004
vn 0.00760000013 0.169400007 0.985499978
vn 0.0313000008 -0.3653 0.930400014
vn 0.131899998 -0.369199991 0.9199
vn 0.3486 -0.363499999 0.863900006
vn 0.492000014 -0.000899999985 0.870500028
vn 0.0882000029 0.312099993 0.945900023
vn -0.0057000001 0.3292 0.944199979
vn -0.0837000012 0.144299999 0.986000001
vn -0.0647 -0.377299994 0.923799992
vn -0.0939000025 0.324800014 0.941100001
vn -0.450100005 0.237000003 0.860899985
vn -0.407700002 -0.00170000002 0.913100004
vn -0.25819999 -0.380299985 0.888100028
vn -0.107100002 0.362899989 0.925599992
vn -0.124600001 0.448199987 0.885200024
vn -0.478399992 0.418599993 0.771899998
vn -0.466899991 0.320499986 0.824100018
vn -0.450100005 0.237000003 0.860899985
vn -0.0939000025 0.324800014 0.941100001
vn -0.0057000001 0.3292 0.944199979
vn -0.0126999998 0.352800012 0.935599983
vn -0.0174000002 0.449099988 0.893299997
vn -0.1294 0.628700018 0.766799986
vn -0.0182000007 0.638899982 0.768999994
vn -0.0212999992 0.868900001 0.494599998
vn -0.129999995 0.861000001 0.491699994
vn -0.31279999 0.825699985 0.469399989
vn -0.448399991 0.610199988 0.653100014
vn -0.124600001 0.448199987 0.885200024
vn 0.0816999972 0.65140003 0.754299998
vn 0.411799997 0.646300018 0.642400026
vn 0.247600004 0.845000029 0.474000007
vn 0.0738999993 0.867600024 0.491699994
vn -0.0212999992 0.868900001 0.494599998
vn -0.0182000007 0.638899982 0.768999994
vn -0.0174000002 0.449099988 0.893299997
vn 0.0859000012 0.463499993 0.881900012
vn 0.0837000012 0.3565 0.930499971
vn 0.0882000029 0.312099993 0.945900023
vn 0.512799978 0.2324 0.826399982
vn 0.499000013 0.329100013 0.801699996
vn 0.472000003 0.452100009 0.756799996
vn 0.0859000012 0.463499993 0.881900012
vn -0.0350000001 0.988300025 -0.148599997
vn -0.0340999998 0.998700023 0.0377000012
vn -0.0310999993 0.998899996 0.0344999991
vn -0.0328000002 0.988300025 -0.148800001
vn -0.0333000012 0.979700029 -0.197300002
vn -0.0351999998 0.979600012 -0.197500005
vn -0.0359999985 0.979600012 -0.197600007
vn -0.0359000005 0.988300025 -0.148399994
vn -0.0350000001 0.998600006 0.0401999988
vn -0.0351999998 0.979600012 -0.197500005
vn -0.0333000012 0.979700029 -0.197300002
vn -0.0333000012 0.979700029 -0.197300002
vn -0.0351999998 0.979600012 -0.197500005
vn -0.0359999985 0.979600012 -0.197600007
vn -0.0359999985 0.979600012 -0.197600007
vn -0.0372000001 0.988200009 -0.148399994
vn -0.0357000008 0.99849999 0.0403999984
vn -0.0373999998 0.979600012 -0.197300002
vn -0.0401000008 0.979600012 -0.196899995
vn -0.0397000015 0.987999976 -0.149399996
vn -0.0373999998 0.998700023 0.0355999991
vn -0.0373000018 0.979600012 -0.197300002
vn -0.0373000018 0.979600012 -0.197300002
vn -0.0399999991 0.979600012 -0.196899995
vn -0.0399999991 0.979600012 -0.196899995
vn 0.0331999995 -0.976000011 0.215399995
vn 0.0238000005 -0.934000015 0.356299996
vn 0.0265999995 -0.976199985 0.215299994
vn 0.0269000009 -0.980000019 0.196999997
vn 0.0335999988 -0.979799986 0.197099999
vn 0.0366999991 -0.979700029 0.197099999
vn 0.0362000018 -0.975799978 0.215399995
vn 0.0322000012 -0.933700025 0.356599987
vn 0.0335999988 -0.979799986 0.197099999
vn 0.0269000009 -0.980000019 0.196999997
vn 0.0269000009 -0.980000019 0.196999997
vn 0.0335999988 -0.979799986 0.196999997
vn 0.0366999991 -0.979700029 0.197099999
vn 0.0366999991 -0.979700029 0.197099999
vn 0.0870999992 -0.9727 0.215000004
vn 0.0322000012 -0.933700025 0.356599987
vn 0.0362000018 -0.975799978 0.215399995
vn 0.0366999991 -0.979700029 0.197099999
vn 0.0879999995 -0.976400018 0.1972
vn 0.247099996 -0.949299991 0.194000006
vn 0.244800001 -0.946399987 0.210600004
vn 0.226500005 -0.912699997 0.34009999
vn 0.0879999995 -0.976400018 0.197099999
vn 0.0366999991 -0.979700029 0.197099999
vn 0.0366999991 -0.979700029 0.197099999
vn 0.0869999975 -0.976499975 0.197099999
vn 0.240600005 -0.950999975 0.194199994
vn 0.247099996 -0.949299991 0.194000006
vn 0.987699986 -0.137999997 0.0727000013
vn 0.933000028 -0.166700006 0.318699986
vn 0.982900023 -0.167099997 0.0771000013
vn 0.984899998 -0.166299999 0.0474999994
vn 0.990100026 -0.134000003 0.0410999991
vn 0.993900001 -0.104400001 0.0353000015
vn 0.99150002 -0.109700002 0.0688999966
vn 0.933700025 -0.145899996 0.326900005
vn 0.990100026 -0.134000003 0.0410999991
vn 0.984899998 -0.166299999 0.0474999994
vn 0.984399974 -0.169 0.0480000004
vn 0.989600003 -0.137500003 0.0417999998
vn 0.993499994 -0.107600003 0.0359000005
vn 0.993900001 -0.104400001 0.0353000015
vn 0.947300017 -0.305299997 0.0970000029
vn 0.911599994 -0.301400006 0.279399991
vn 0.926699996 -0.361600012 0.102600001
vn 0.928499997 -0.361299992 0.0859000012
vn 0.949299991 -0.305299997 0.0749000013
vn 0.96390003 -0.2579 0.0656000003
vn 0.961899996 -0.257200003 0.0920000002
vn 0.92019999 -0.246600002 0.303900003
vn 0.949299991 -0.305299997 0.0749000013
vn 0.928499997 -0.361299992 0.0859000012
vn 0.926100016 -0.3671 0.0869999975
vn 0.948099971 -0.308600008 0.0755999982
vn 0.963 -0.261000007 0.0662999973
vn 0.96390003 -0.2579 0.0656000003
vn 0.998300016 -0.0258000009 0.0529000014
vn 0.951799989 0.0255999994 0.305700004
vn 0.951300025 0.00889999978 0.307999998
vn 0.997900009 -0.0353000015 0.0548
vn 0.998899996 -0.0406000018 0.0225000009
vn 0.999199986 -0.0320999995 0.0208000001
vn 0.999800026 0.0179999992 0.0108000003
vn 0.998700023 0.0254999995 0.0428999998
vn 0.999199986 -0.0320999995 0.0208000001
vn 0.998899996 -0.0406000018 0.0225000009
vn 0.998899996 -0.0405000001 0.0225000009
vn 0.999199986 -0.0322000012 0.0208000001
vn 0.999800026 0.0187999997 0.0107000005
vn 0.999800026 0.0179999992 0.0108000003
vn 0.754400015 0.649699986 -0.0935999975
vn 0.605400026 0.795899987 0.00100000005
vn 0.822399974 0.563399971 -0.0790000036
vn 0.834399998 0.542200029 -0.0983000025
vn 0.781499982 0.613699973 -0.112199999
vn 0.502300024 0.849099994 -0.163100004
vn 0.494599998 0.859700024 -0.127499998
vn 0.474000007 0.877900004 -0.0675999969
vn 0.781599998 0.613499999 -0.112099998
vn 0.834900022 0.541599989 -0.0982000008
vn 0.831099987 0.547200024 -0.0989999995
vn 0.758300006 0.641200006 -0.117799997
vn 0.354099989 0.917900026 -0.179100007
vn 0.502300024 0.849099994 -0.163100004
vn 0.974699974 -0.207000002 0.0843999982
vn 0.9296 -0.194199994 0.31310001
vn 0.92019999 -0.246600002 0.303900003
vn 0.961899996 -0.257200003 0.0920000002
vn 0.96390003 -0.2579 0.0656000003
vn 0.976499975 -0.208000004 0.0557999983
vn 0.984899998 -0.166299999 0.0474999994
vn 0.982900023 -0.167099997 0.0771000013
vn 0.976499975 -0.208000004 0.0557999983
vn 0.96390003 -0.2579 0.0656000003
vn 0.963 -0.261000007 0.0662999973
vn 0.975899994 -0.210899994 0.0562999994
vn 0.984399974 -0.169 0.0480000004
vn 0.984899998 -0.166299999 0.0474999994
vn 0.994300008 0.102899998 0.0270000007
vn 0.945900023 0.169599995 0.276600003
vn 0.951399982 0.0842999965 0.296200007
vn 0.998700023 0.0254999995 0.0428999998
vn 0.999800026 0.0179999992 0.0108000003
vn 0.995500028 0.0939999968 -0.00449999981
vn 0.986699998 0.161500007 -0.0182000007
vn 0.985099971 0.171299994 0.0124000004
vn 0.995500028 0.0939999968 -0.00449999981
vn 0.999800026 0.0179999992 0.0108000003
vn 0.999800026 0.0187999997 0.0107000005
vn 0.995400012 0.0960000008 -0.00490000006
vn 0.986299992 0.163800001 -0.0186000001
vn 0.986699998 0.161500007 -0.0182000007
vn 0.971899986 0.235300004 -0.00139999995
vn 0.921000004 0.31220001 0.232999995
vn 0.935800016 0.243399993 0.254999995
vn 0.985099971 0.171299994 0.0124000004
vn 0.986699998 0.161500007 -0.0182000007
vn 0.973999977 0.2245 -0.0308999997
vn 0.954999983 0.293000013 -0.0450000018
vn 0.952199996 0.305000007 -0.0166999996
vn 0.973999977 0.2245 -0.0308999997
vn 0.986699998 0.161500007 -0.0182000007
vn 0.986299992 0.163800001 -0.0186000001
vn 0.973100007 0.228 -0.0315999985
vn 0.953499973 0.297699988 -0.0460000001
vn 0.954999983 0.293000013 -0.0450000018
vn -0.996299982 -0.0829000026 0.0193000007
vn -0.981599987 -0.0917000026 0.167500004
vn -0.996900022 -0.0758000016 0.0177999996
vn -0.997200012 -0.0751999989 0.000699999975
vn -0.996599972 -0.0817999989 0.00200000009
vn -0.995800018 -0.0914999992 0.00400000019
vn -0.995400012 -0.0930999964 0.0215000007
vn -0.979399979 -0.105800003 0.171900004
vn -0.996599972 -0.0817999989 0.00200000009
vn -0.997200012 -0.0751999989 0.000699999975
vn -0.997099996 -0.0755999982 0.00079999998
vn -0.996599972 -0.0824000016 0.00219999999
vn -0.995700002 -0.0925000012 0.00430000015
vn -0.995800018 -0.0914999992 0.00400000019
vn -0.997600019 -0.0676999986 0.0156999994
vn -0.984700024 -0.0700000003 0.159400001
vn -0.985899985 -0.0681999996 0.152999997
vn -0.99849999 -0.0529000014 0.0119000003
vn -0.998700023 -0.0511999987 -0.00410000002
vn -0.997699976 -0.0672999993 -0.000899999985
vn -0.997200012 -0.0751999989 0.000699999975
vn -0.996900022 -0.0758000016 0.0177999996
vn -0.997699976 -0.0672999993 -0.000899999985
vn -0.998700023 -0.0511999987 -0.00410000002
vn -0.99849999 -0.0535999984 -0.00359999994
vn -0.997699976 -0.0680000037 -0.000699999975
vn -0.997099996 -0.0755999982 0.00079999998
vn -0.997200012 -0.0751999989 0.000699999975
vn -0.869700015 0.483799994 -0.0970000029
vn -0.837300003 0.546599984 -0.0055999998
vn -0.773899972 0.620599985 -0.125599995
vn -0.777800024 0.613900006 -0.134399995
vn -0.872900009 0.475800008 -0.108000003
vn -0.906599998 0.410899997 -0.0954999998
vn -0.904200017 0.418900013 -0.0829000026
vn -0.87620002 0.481299996 0.0225000009
vn -0.872900009 0.475800008 -0.108000003
vn -0.777800024 0.613900006 -0.134399995
vn -0.746100008 0.650699973 -0.141299993
vn -0.865999997 0.487699986 -0.110299997
vn -0.903400004 0.417699993 -0.0967999995
vn -0.906599998 0.410899997 -0.0954999998
vn -0.987500012 0.154799998 -0.0280000009
vn -0.974699974 0.193100005 0.1127
vn -0.977699995 0.206300005 -0.0386000015
vn -0.978100002 0.200800002 -0.0544000007
vn -0.987600029 0.150199994 -0.0443000011
vn -0.995299995 0.0908999965 -0.0326000005
vn -0.995400012 0.0948000029 -0.0160000008
vn -0.98360002 0.127700001 0.127599999
vn -0.987600029 0.150199994 -0.0443000011
vn -0.978100002 0.2007 -0.0544000007
vn -0.977699995 0.202600002 -0.0548
vn -0.987399995 0.151800007 -0.0447000004
vn -0.995199978 0.0916000009 -0.0326999985
vn -0.995299995 0.0908999965 -0.0326000005
vn -0.965399981 0.256099999 -0.0487999991
vn -0.947899997 0.308099985 0.0812999979
vn -0.947099984 0.314999998 -0.0610000007
vn -0.948400021 0.307999998 -0.0754999965
vn -0.966199994 0.249599993 -0.064000003
vn -0.978100002 0.200800002 -0.0544000007
vn -0.977699995 0.206300005 -0.0386000015
vn -0.962899983 0.251899987 0.0973000005
vn -0.966199994 0.249599993 -0.064000003
vn -0.948400021 0.307999998 -0.0754999965
vn -0.94660002 0.31310001 -0.0764999986
vn -0.96509999 0.253500015 -0.0648000017
vn -0.977699995 0.202600002 -0.0548
vn -0.978100002 0.2007 -0.0544000007
vn -0.926900029 0.368200004 -0.0720999986
vn -0.903299987 0.426600009 0.0432000011
vn -0.904200017 0.418900013 -0.0829000026
vn -0.906599998 0.410899997 -0.0954999998
vn -0.928600013 0.360799998 -0.0857999995
vn -0.948400021 0.307999998 -0.0754999965
vn -0.947099984 0.314999998 -0.0610000007
vn -0.926699996 0.370499998 0.061999999
vn -0.928600013 0.360799998 -0.0857999995
vn -0.906599998 0.410899997 -0.0954999998
vn -0.903400004 0.417699993 -0.0967999995
vn -0.926699996 0.36559999 -0.0866999999
vn -0.94660002 0.31310001 -0.0764999986
vn -0.948400021 0.307999998 -0.0754999965
vn -0.99849999 0.0540000014 -0.00800000038
vn -0.987399995 0.0837000012 0.134299994
vn -0.98360002 0.127700001 0.127599999
vn -0.995400012 0.0948000029 -0.0160000008
vn -0.995299995 0.0908999965 -0.0326000005
vn -0.998399973 0.0505000018 -0.0244999994
vn -0.999199986 0.0335000008 -0.0210999995
vn -0.999300003 0.0366000012 -0.0046000001
vn -0.998399973 0.0505000018 -0.0244999994
vn -0.995299995 0.0908999965 -0.0326000005
vn -0.995199978 0.0916000009 -0.0326999985
vn -0.998399973 0.0505000018 -0.0244999994
vn -0.999199986 0.0333999991 -0.0210999995
vn -0.999199986 0.0335000008 -0.0210999995
vn -0.99940002 -0.0342000015 0.0083999997
vn -0.985199988 -0.0724999979 0.155399993
vn -0.984200001 -0.0680000037 0.163699999
vn -0.99970001 -0.0222999994 0.00719999988
vn -0.999800026 -0.0168999992 -0.0109999999
vn -0.999499977 -0.0297999997 -0.0083999997
vn -0.998700023 -0.0511999987 -0.00410000002
vn -0.99849999 -0.0529000014 0.0119000003
vn -0.999499977 -0.0297999997 -0.0083999997
vn -0.999800026 -0.0168999992 -0.0109999999
vn -0.999800026 -0.0175999999 -0.0108000003
vn -0.99940002 -0.0331000015 -0.00769999996
vn -0.99849999 -0.0535999984 -0.00359999994
vn -0.998700023 -0.0511999987 -0.00410000002
vn 0.853399992 0.516499996 -0.070100002
vn 0.789900005 0.605099976 0.0995000005
vn 0.890900016 0.451000005 -0.0535000004
vn 0.895200014 0.438699991 -0.0781000033
vn 0.859700024 0.502499998 -0.0917000026
vn 0.834399998 0.542200029 -0.0983000025
vn 0.822399974 0.563399971 -0.0790000036
vn 0.728799999 0.681900024 0.0617999993
vn 0.860000014 0.501900017 -0.0916000009
vn 0.895299971 0.438600004 -0.0780000016
vn 0.89139998 0.446099997 -0.0798000023
vn 0.856700003 0.507399976 -0.0925000012
vn 0.831099987 0.547200024 -0.0989999995
vn 0.834900022 0.541599989 -0.0982000008
vn 0.0219000001 -0.976300001 0.215200007
vn 0.0197999999 -0.934199989 0.356099993
vn 0.0189999994 -0.934400022 0.355599999
vn 0.0206000004 -0.976300001 0.215200007
vn 0.0208000001 -0.980199993 0.196999997
vn 0.0220999997 -0.980099976 0.196999997
vn 0.0269000009 -0.980000019 0.196999997
vn 0.0265999995 -0.976199985 0.215299994
vn 0.0220999997 -0.980099976 0.196999997
vn 0.0208000001 -0.980199993 0.196899995
vn 0.0208000001 -0.980199993 0.196899995
vn 0.0220999997 -0.980099976 0.196999997
vn 0.0269000009 -0.980000019 0.196999997
vn 0.0269000009 -0.980000019 0.196999997
vn -0.0438000001 0.986800015 -0.155699998
vn -0.0434999987 0.999000013 0.0126
vn -0.0416000001 0.999000013 0.0164000001
vn -0.0428000018 0.987100005 -0.154100001
vn -0.0430000015 0.979499996 -0.196600005
vn -0.0438000001 0.979499996 -0.196799994
vn -0.0443000011 0.979399979 -0.196999997
vn -0.0443000011 0.986400008 -0.157900006
vn -0.0438000001 0.979499996 -0.196799994
vn -0.0430000015 0.979499996 -0.196600005
vn -0.0430000015 0.979499996 -0.196600005
vn -0.0438000001 0.979499996 -0.196799994
vn -0.0443999991 0.979399979 -0.196999997
vn -0.0443000011 0.979399979 -0.196999997
vn -0.0432000011 0.985899985 -0.161500007
vn -0.0423999988 0.999100029 -0.00789999962
vn -0.0436999984 0.999000013 0.00669999979
vn -0.0443000011 0.986400008 -0.157900006
vn -0.0443000011 0.979399979 -0.196999997
vn -0.0432999991 0.979399979 -0.197099999
vn -0.0384999998 0.979600012 -0.197099999
vn -0.0388000011 0.985599995 -0.164399996
vn -0.0395000018 0.999000013 -0.0209999997
vn -0.0432999991 0.979399979 -0.197099999
vn -0.0443000011 0.979399979 -0.196999997
vn -0.0432999991 0.979399979 -0.197099999
vn -0.0384999998 0.979600012 -0.197099999
vn -0.0384999998 0.979600012 -0.197099999
vn -0.0416000001 0.987500012 -0.151600003
vn -0.0392999984 0.998899996 0.0254999995
vn -0.0419999994 0.979600012 -0.196700007
vn -0.0430000015 0.979499996 -0.196600005
vn -0.0428000018 0.987100005 -0.154100001
vn -0.0419999994 0.979600012 -0.196600005
vn -0.0419999994 0.979600012 -0.196600005
vn -0.0430000015 0.979499996 -0.196600005
vn -0.0430000015 0.979499996 -0.196600005
vn -0.0350000001 0.985700011 -0.164800003
vn -0.0373999998 0.999100029 -0.0220999997
vn -0.0344000012 0.979799986 -0.197099999
vn -0.0364000015 0.979700029 -0.197099999
vn -0.0370000005 0.985700011 -0.1646
vn -0.0392000005 0.999100029 -0.0186000001
vn -0.0344000012 0.979799986 -0.197099999
vn -0.0344000012 0.979799986 -0.197099999
vn -0.0364000015 0.979700029 -0.197099999
vn -0.0364000015 0.979700029 -0.197099999
vn -0.0399999991 0.985400021 -0.165700004
vn -0.0412999988 0.998899996 -0.0217000004
vn -0.0397000015 0.979600012 -0.197099999
vn -0.0388000011 0.979600012 -0.197099999
vn -0.0388999991 0.985000014 -0.167600006
vn -0.0397000015 0.99879998 -0.0289999992
vn -0.0397000015 0.979600012 -0.197099999
vn -0.0397000015 0.979600012 -0.197099999
vn -0.0388000011 0.979600012 -0.197099999
vn -0.0388000011 0.979600012 -0.197099999
vn -0.0384000018 0.984700024 -0.169599995
vn -0.0388999991 0.998600006 -0.0348999985
vn -0.0397000015 0.99879998 -0.0289999992
vn -0.0388999991 0.985000014 -0.167600006
vn -0.0388000011 0.979600012 -0.197099999
vn -0.0383000001 0.979600012 -0.197099999
vn -0.0443000011 0.979399979 -0.197099999
vn -0.0443000011 0.984099984 -0.171800002
vn -0.0447999984 0.998099983 -0.0423999988
vn -0.0383000001 0.979600012 -0.197099999
vn -0.0388000011 0.979600012 -0.197099999
vn -0.0388000011 0.979600012 -0.197099999
vn -0.0383000001 0.979600012 -0.197099999
vn -0.0443000011 0.979399979 -0.197099999
vn -0.0443000011 0.979399979 -0.197099999
vn -0.0309999995 0.988300025 -0.149100006
vn -0.0284000002 0.999199986 0.0276999995
vn -0.0305000003 0.988300025 -0.149700001
vn -0.0309999995 0.979900002 -0.197099999
vn -0.0315999985 0.979799986 -0.1972
vn -0.0333000012 0.979700029 -0.197300002
vn -0.0328000002 0.988300025 -0.148800001
vn -0.0310999993 0.998899996 0.0344999991
vn -0.0315999985 0.979799986 -0.1972
vn -0.0309999995 0.979900002 -0.197099999
vn -0.0309999995 0.979900002 -0.197099999
vn -0.0315999985 0.979799986 -0.1972
vn -0.0333000012 0.979700029 -0.197300002
vn -0.0333000012 0.979700029 -0.197300002
vn -0.0535000004 0.983099997 -0.174999997
vn -0.0535000004 0.996900022 -0.056499999
vn -0.0535000004 0.978900015 -0.1972
vn -0.0599000007 0.978500009 -0.1972
vn -0.0595999993 0.98210001 -0.178800002
vn -0.0584999993 0.995199978 -0.0777999982
vn -0.0535000004 0.978900015 -0.1972
vn -0.0535999984 0.978900015 -0.1972
vn -0.0599000007 0.978500009 -0.1972
vn -0.0599000007 0.978500009 -0.1972
vn -0.510800004 0.842400014 -0.171399996
vn -0.483399987 0.864499986 -0.137799993
vn -0.259600013 0.948400021 -0.182099998
vn -0.261900008 0.94630003 -0.189300001
vn -0.261999995 0.9454 -0.193499997
vn -0.514299989 0.839399993 -0.175799996
vn -0.777800024 0.613900006 -0.134399995
vn -0.773899972 0.620599985 -0.125599995
vn -0.514299989 0.839399993 -0.175799996
vn -0.262100011 0.9454 -0.193499997
vn -0.239899993 0.951099992 -0.194299996
vn -0.42019999 0.888499975 -0.184300005
vn -0.746100008 0.650699973 -0.141299993
vn -0.777800024 0.613900006 -0.134399995
vn 0.926299989 0.375200003 -0.0335000008
vn 0.869000018 0.461699992 0.178000003
vn 0.952199996 0.305000007 -0.0166999996
vn 0.954999983 0.293000013 -0.0450000018
vn 0.929899991 0.362699986 -0.0604000017
vn 0.895200014 0.438699991 -0.0781000033
vn 0.890900016 0.451000005 -0.0535000004
vn 0.832700014 0.535600007 0.140499994
vn 0.929899991 0.362899989 -0.0604000017
vn 0.954999983 0.293000013 -0.0450000018
vn 0.953499973 0.297699988 -0.0460000001
vn 0.927399993 0.368800014 -0.0617999993
vn 0.89139998 0.446099997 -0.0798000023
vn 0.895299971 0.438600004 -0.0780000016
vn 0.0171000008 -0.976499975 0.214599997
vn 0.0148 -0.935800016 0.352200001
vn 0.0151000004 -0.976599991 0.214499995
vn 0.0153000001 -0.980300009 0.196899995
vn 0.0173000004 -0.980300009 0.196899995
vn 0.0186999999 -0.980199993 0.196899995
vn 0.0185000002 -0.976499975 0.214699998
vn 0.0167999994 -0.935500026 0.352800012
vn 0.0173000004 -0.980300009 0.196899995
vn 0.0153000001 -0.980300009 0.196899995
vn 0.0153000001 -0.980300009 0.196799994
vn 0.0173000004 -0.980300009 0.196899995
vn 0.0186999999 -0.980199993 0.196999997
vn 0.0186999999 -0.980199993 0.196899995
vn 0.0201999992 -0.976400018 0.215100005
vn 0.0189999994 -0.934599996 0.355100006
vn 0.0183000006 -0.934899986 0.354400009
vn 0.0194000006 -0.976400018 0.215000004
vn 0.0195000004 -0.980199993 0.196899995
vn 0.0203000009 -0.980199993 0.196899995
vn 0.0208000001 -0.980199993 0.196999997
vn 0.0206000004 -0.976300001 0.215200007
vn 0.0203000009 -0.980199993 0.196899995
vn 0.0195000004 -0.980199993 0.196899995
vn 0.0195000004 -0.980199993 0.196899995
vn 0.0203000009 -0.980199993 0.196899995
vn 0.0208000001 -0.980199993 0.196899995
vn 0.0208000001 -0.980199993 0.196899995
vn 0.0193000007 -0.976499975 0.214699998
vn 0.0179999992 -0.935500026 0.352899998
vn 0.0185000002 -0.976499975 0.214699998
vn 0.0186999999 -0.980199993 0.196899995
vn 0.0194000006 -0.980199993 0.196899995
vn 0.0192000009 -0.980199993 0.196899995
vn 0.0189999994 -0.976499975 0.2148
vn 0.0179999992 -0.935400009 0.353100002
vn 0.0194000006 -0.980199993 0.196899995
vn 0.0186999999 -0.980199993 0.196899995
vn 0.0186999999 -0.980199993 0.196999997
vn 0.0194000006 -0.980199993 0.196899995
vn 0.0192000009 -0.980199993 0.196899995
vn 0.0192000009 -0.980199993 0.196899995
vn 0.0133999996 -0.976700008 0.214300007
vn 0.0115 -0.936500013 0.350400001
vn 0.0131999999 -0.976700008 0.214200005
vn 0.0132999998 -0.980300009 0.196899995
vn 0.0136000002 -0.980300009 0.196899995
vn 0.0153000001 -0.980300009 0.196899995
vn 0.0151000004 -0.976599991 0.214499995
vn 0.0127999997 -0.936200023 0.351300001
vn 0.0136000002 -0.980300009 0.196899995
vn 0.0132999998 -0.980300009 0.196899995
vn 0.0132999998 -0.980300009 0.196899995
vn 0.0136000002 -0.980300009 0.196899995
vn 0.0153000001 -0.980300009 0.196799994
vn 0.0153000001 -0.980300009 0.196899995
vn 0.0187999997 -0.976400018 0.214900002
vn 0.0176999997 -0.935199976 0.353599995
vn 0.0189999994 -0.976499975 0.2148
vn 0.0192000009 -0.980199993 0.196899995
vn 0.0188999996 -0.980199993 0.196899995
vn 0.0195000004 -0.980199993 0.196899995
vn 0.0194000006 -0.976400018 0.215000004
vn 0.0183000006 -0.934899986 0.354400009
vn 0.0188999996 -0.980199993 0.196899995
vn 0.0192000009 -0.980199993 0.196899995
vn 0.0192000009 -0.980199993 0.196899995
vn 0.0188999996 -0.980199993 0.196899995
vn 0.0195000004 -0.980199993 0.196899995
vn 0.0195000004 -0.980199993 0.196899995
vn 0.0149999997 -0.976700008 0.214200005
vn 0.0147000002 -0.93690002 0.349400014
vn 0.0189999994 -0.976599991 0.214200005
vn 0.0190999992 -0.980199993 0.196899995
vn 0.0149999997 -0.980300009 0.196899995
vn 0.0132999998 -0.980300009 0.196899995
vn 0.0131999999 -0.976700008 0.214200005
vn 0.0121999998 -0.936800003 0.349599987
vn 0.0149999997 -0.980300009 0.196899995
vn 0.0190999992 -0.980199993 0.196899995
vn 0.0189999994 -0.980199993 0.196999997
vn 0.0149999997 -0.980300009 0.196899995
vn 0.0132999998 -0.980300009 0.196899995
vn 0.0132999998 -0.980300009 0.196899995
vn 0.423400015 -0.884000003 0.198200002
vn 0.398099989 -0.861999989 0.313699991
vn 0.244800001 -0.946399987 0.210600004
vn 0.247099996 -0.949299991 0.194000006
vn 0.426299989 -0.885699987 0.183799997
vn 0.562099993 -0.809300005 0.170499995
vn 0.559300005 -0.808799982 0.181700006
vn 0.535600007 -0.798200011 0.275400013
vn 0.426299989 -0.885699987 0.183799997
vn 0.247099996 -0.949299991 0.194000006
vn 0.240600005 -0.950999975 0.194199994
vn 0.418799996 -0.889100015 0.184400007
vn 0.55430001 -0.814400017 0.171399996
vn 0.562099993 -0.809300005 0.170499995
vn -0.0631999969 0.981100023 -0.182899997
vn -0.0604000017 0.992900014 -0.102399997
vn -0.0584999993 0.995199978 -0.0777999982
vn -0.0595999993 0.98210001 -0.178800002
vn -0.0599000007 0.978500009 -0.1972
vn -0.0639000013 0.978299975 -0.1972
vn -0.0670000017 0.978100002 -0.1972
vn -0.0662999973 0.980300009 -0.186100006
vn -0.0627999976 0.990400016 -0.123000003
vn -0.0639000013 0.978299975 -0.1972
vn -0.0599000007 0.978500009 -0.1972
vn -0.0599000007 0.978500009 -0.1972
vn -0.0639000013 0.978200018 -0.1972
vn -0.0670000017 0.978100002 -0.1972
vn -0.0670000017 0.978100002 -0.1972
vn -0.140200004 0.971700013 -0.189999998
vn -0.145999998 0.978399992 -0.146300003
vn -0.141299993 0.970200002 -0.196700007
vn -0.261999995 0.9454 -0.193499997
vn -0.261900008 0.94630003 -0.189300001
vn -0.259600013 0.948400021 -0.182099998
vn -0.141299993 0.970200002 -0.196700007
vn -0.128000006 0.972000003 -0.196799994
vn -0.239899993 0.951099992 -0.194299996
vn -0.262100011 0.9454 -0.193499997
vn -0.148300007 -0.966400027 0.209800005
vn -0.300399989 -0.889999986 0.342999995
vn -0.669200003 -0.726599991 0.155499995
vn -0.668600023 -0.73089999 0.136999995
vn -0.136500001 -0.971599996 0.193000004
vn 0.0251000002 -0.980099976 0.196999997
vn 0.0249000005 -0.976499975 0.214100003
vn 0.0231999997 -0.936999977 0.348500013
vn -0.136500001 -0.971599996 0.193000004
vn -0.668600023 -0.73089999 0.136999995
vn -0.620199978 -0.770699978 0.145699993
vn -0.130600005 -0.97240001 0.193200007
vn 0.0251000002 -0.980099976 0.196999997
vn 0.0251000002 -0.980099976 0.196999997
vn 0.0232999995 -0.976499975 0.214100003
vn 0.0219000001 -0.93690002 0.34889999
vn 0.0249000005 -0.976499975 0.214100003
vn 0.0251000002 -0.980099976 0.196999997
vn 0.0234999992 -0.980099976 0.196999997
vn 0.0190999992 -0.980199993 0.196899995
vn 0.0189999994 -0.976599991 0.214200005
vn 0.0185000002 -0.936800003 0.349400014
vn 0.0234999992 -0.980099976 0.196999997
vn 0.0251000002 -0.980099976 0.196999997
vn 0.0251000002 -0.980099976 0.196999997
vn 0.0233999994 -0.980099976 0.196999997
vn 0.0189999994 -0.980199993 0.196999997
vn 0.0190999992 -0.980199993 0.196899995
vn 0.903299987 -0.415399998 0.107199997
vn 0.885599971 -0.416799992 0.204699993
vn 0.893700004 -0.435699999 0.107100002
vn 0.894500017 -0.435699999 0.100299999
vn 0.904600024 -0.415199995 0.0962999985
vn 0.928499997 -0.361299992 0.0859000012
vn 0.926699996 -0.361600012 0.102600001
vn 0.899600029 -0.361299992 0.245199993
vn 0.904600024 -0.415199995 0.0962999985
vn 0.894500017 -0.435699999 0.100299999
vn 0.894500017 -0.435600013 0.100299999
vn 0.902700007 -0.419200003 0.0970999971
vn 0.926100016 -0.3671 0.0869999975
vn 0.928499997 -0.361299992 0.0859000012
vn 0.872900009 -0.474700004 0.112400003
vn 0.852900028 -0.498699993 0.154200003
vn 0.810199976 -0.571399987 0.130199999
vn 0.810500026 -0.57190001 0.126399994
vn 0.874899983 -0.472200006 0.107299998
vn 0.894500017 -0.435699999 0.100299999
vn 0.893700004 -0.435699999 0.107100002
vn 0.883300006 -0.437099993 0.169300005
vn 0.874899983 -0.472200006 0.107299998
vn 0.810500026 -0.57190001 0.126399994
vn 0.802399993 -0.582700014 0.1285
vn 0.870899975 -0.479200006 0.1087
vn 0.894500017 -0.435600013 0.100299999
vn 0.894500017 -0.435699999 0.100299999
vn -0.994499981 -0.1021 0.0233999994
vn -0.979399979 -0.105800003 0.171900004
vn -0.995400012 -0.0930999964 0.0215000007
vn -0.995800018 -0.0914999992 0.00400000019
vn -0.994899988 -0.100100003 0.0057000001
vn -0.994700015 -0.103 0.00630000001
vn -0.994199991 -0.104999997 0.0240000002
vn -0.976800025 -0.121399999 0.176300004
vn -0.994899988 -0.100100003 0.00579999993
vn -0.995800018 -0.0914999992 0.00400000019
vn -0.995700002 -0.0925000012 0.00430000015
vn -0.994899988 -0.100699998 0.00590000022
vn -0.994700015 -0.103 0.00630000001
vn -0.994700015 -0.103 0.00630000001
vn -0.962499976 -0.265199989 0.057599999
vn -0.976800025 -0.121399999 0.176300004
vn -0.994199991 -0.104999997 0.0240000002
vn -0.994700015 -0.103 0.00630000001
vn -0.967899978 -0.248799995 0.0359999985
vn -0.668600023 -0.73089999 0.136999995
vn -0.669200003 -0.726599991 0.155499995
vn -0.663399994 -0.724099994 0.188899994
vn -0.967899978 -0.248799995 0.0359999985
vn -0.994700015 -0.103 0.00630000001
vn -0.994700015 -0.103 0.00630000001
vn -0.959900022 -0.27700001 0.0417000018
vn -0.620199978 -0.770699978 0.145699993
vn -0.668600023 -0.73089999 0.136999995
vn 0.667699993 -0.726300001 0.163100004
vn 0.535600007 -0.798200011 0.275400013
vn 0.559300005 -0.808799982 0.181700006
vn 0.562099993 -0.809300005 0.170499995
vn 0.669799984 -0.726100028 0.155300006
vn 0.713999987 -0.684400022 0.147599995
vn 0.712599993 -0.684599996 0.152899995
vn 0.701499999 -0.684000015 0.1998
vn 0.669799984 -0.726100028 0.155300006
vn 0.562099993 -0.809300005 0.170499995
vn 0.55430001 -0.814400017 0.171399996
vn 0.663699985 -0.731400013 0.156299993
vn 0.713999987 -0.684400022 0.147599995
vn 0.713999987 -0.684400022 0.147599995
vn 0.738799989 -0.657700002 0.146899998
vn 0.701499999 -0.684000015 0.1998
vn 0.712599993 -0.684599996 0.152899995
vn 0.713999987 -0.684400022 0.147599995
vn 0.738499999 -0.658900023 0.142800003
vn 0.810500026 -0.57190001 0.126399994
vn 0.810199976 -0.571399987 0.130199999
vn 0.808600008 -0.5722 0.136899993
vn 0.738499999 -0.658900023 0.142800003
vn 0.713999987 -0.684400022 0.147599995
vn 0.713999987 -0.684400022 0.147599995
vn 0.735000014 -0.662699997 0.1435
vn 0.802399993 -0.582700014 0.1285
vn 0.810500026 -0.57190001 0.126399994
vn 0.0471000001 0.986299992 -0.157800004
vn 0.105800003 0.994300008 0.00989999995
vn 0.474000007 0.877900004 -0.0675999969
vn 0.494599998 0.859700024 -0.127499998
vn 0.502300024 0.849099994 -0.163100004
vn 0.0432999991 0.979600012 -0.195899993
vn -0.0925000012 0.976000011 -0.197099999
vn -0.0847999975 0.985599995 -0.1461
vn -0.0632999986 0.997500002 0.0315000005
vn 0.0432999991 0.979600012 -0.195899993
vn 0.502300024 0.849099994 -0.163100004
vn 0.354099989 0.917900026 -0.179100007
vn 0.0156999994 0.980400026 -0.196400002
vn -0.0956000015 0.975700021 -0.197099999
vn -0.0925000012 0.976000011 -0.197099999
vn -0.0370000005 0.987999976 -0.149800003
vn -0.0333999991 0.999100029 0.0247000009
vn -0.0381999984 0.979600012 -0.197099999
vn -0.0309999995 0.979900002 -0.197099999
vn -0.0305000003 0.988300025 -0.149700001
vn -0.0284000002 0.999199986 0.0276999995
vn -0.0381999984 0.979600012 -0.197099999
vn -0.0384000018 0.979600012 -0.197099999
vn -0.0309999995 0.979900002 -0.197099999
vn -0.0309999995 0.979900002 -0.197099999
vn 0.995999992 -0.0634000003 0.0626000017
vn 0.941500008 -0.060899999 0.331499994
vn 0.933700025 -0.145899996 0.326900005
vn 0.99150002 -0.109700002 0.0688999966
vn 0.993900001 -0.104400001 0.0353000015
vn 0.997600019 -0.0631000027 0.0270000007
vn 0.998899996 -0.0406000018 0.0225000009
vn 0.997900009 -0.0353000015 0.0548
vn 0.951300025 0.00889999978 0.307999998
vn 0.997600019 -0.0631000027 0.0270000007
vn 0.993900001 -0.104400001 0.0353000015
vn 0.993499994 -0.107600003 0.0359000005
vn 0.997399986 -0.066200003 0.0275999997
vn 0.998899996 -0.0405000001 0.0225000009
vn 0.998899996 -0.0406000018 0.0225000009
vn -1 0.0057000001 0.00310000009
vn -0.987200022 -0.0046000001 0.159600005
vn -0.988900006 0.0634000003 0.134399995
vn -0.999300003 0.0366000012 -0.0046000001
vn -0.999199986 0.0335000008 -0.0210999995
vn -0.999800026 0.00669999979 -0.0156999994
vn -0.999800026 -0.0168999992 -0.0109999999
vn -0.99970001 -0.0222999994 0.00719999988
vn -0.984200001 -0.0680000037 0.163699999
vn -0.999800026 0.00669999979 -0.0156999994
vn -0.999199986 0.0335000008 -0.0210999995
vn -0.999199986 0.0333999991 -0.0210999995
vn -0.999800026 0.00400000019 -0.0152000003
vn -0.999800026 -0.0175999999 -0.0108000003
vn -0.999800026 -0.0168999992 -0.0109999999
vn 0.0747999996 0.425199986 0.90200001
vn 0.0768999979 0.414799988 0.906599998
vn -0.0432000011 0.405600011 0.912999988
vn 0.0773999989 0.425300002 0.90170002
vn 0.0291000009 0.374900013 0.926599979
vn 0.0269000009 0.386099994 0.922100008
vn -0.0154999997 0.358599991 0.933300018
vn 0.0269000009 0.386099994 0.922100008
vn 0.0291000009 0.374900013 0.926599979
vn -0.0130000003 0.336299986 0.941600025
vn -0.00960000046 0.342000008 0.939599991
vn -0.00989999995 0.361999989 0.932099998
vn -0.000199999995 0.361000001 0.932500005
vn -0.0359999985 0.369599998 0.928499997
vn -0.00340000005 0.375499994 0.926800013
vn 0.000500000024 0.3486 0.937300026
vn -0.0384000018 0.361999989 0.931400001
vn -0.079400003 0.395599991 0.915000021
vn -0.0852999985 0.391299993 0.916299999
vn 0.168799996 0.386999995 0.906499982
vn -0.0346000008 0.349099994 0.936399996
vn 0.0601999983 0.217999995 0.974099994
vn 0.0284000002 0.176799998 0.983799994
vn 0.1197 0.305700004 0.944500029
vn 0.328000009 0.294999987 0.897400022
vn 0.0873000026 0.213200003 0.973100007
vn 0.0434999987 0.147 0.988200009
vn -0.00039999999 0.160600007 0.986999989
vn 0.00669999979 0.116800003 0.993099988
vn -0.000600000028 0.107799999 0.994199991
vn -0.00270000007 0.158500001 0.987299979
vn -0.0055999998 0.166700006 0.986000001
vn -0.0271000005 0.200200006 0.979399979
vn -0.0108000003 0.117399998 0.992999971
vn -0.0421999991 0.170499995 0.984399974
vn -0.0190999992 0.249899998 0.968100011
vn -0.0335999988 0.247099996 0.968400002
vn -0.0582000017 0.335299999 0.940299988
vn -0.00389999989 0.297600001 0.954699993
vn 0.515500009 0.147 0.844200015
vn 0.0175999999 0.378699988 0.925300002
vn 0.0151000004 0.356700003 0.934099972
vn 0.551999986 0.353100002 0.755299985
vn 0.934899986 0.197099999 0.29519999
vn 0.885999978 -0.320199996 0.335200012
vn 0.435000002 -0.839999974 0.324400008
vn 0.312900007 -0.301600009 0.900600016
vn 0.0164000001 0.346700013 0.93779999
vn 0.88380003 -0.325199991 0.336100012
vn 0.931800008 0.211799994 0.294800013
vn 0.937300026 0.188800007 0.292899996
vn 0.833800018 -0.434899986 0.339899987
vn 0.369500011 -0.873000026 0.318300009
vn 0.425399989 -0.845499992 0.32280001
vn 0.0847999975 -0.461199999 0.88319999
vn 0.00499999989 0.306499988 0.951799989
vn 0.0164000001 0.346700013 0.93779999
vn 0.312900007 -0.301600009 0.900600016
vn 0.435000002 -0.839999974 0.324400008
vn 0.113300003 -0.949299991 0.293099999
vn 0.0260000005 -0.954100013 0.298200011
vn 0.0273000002 -0.448700011 0.89319998
vn 0.112000003 -0.949500024 0.292899996
vn 0.425399989 -0.845499992 0.32280001
vn 0.369500011 -0.873000026 0.318300009
vn 0.106399998 -0.950299978 0.292600006
vn 0.0113000004 -0.954400003 0.298099995
vn 0.0165999997 -0.954299986 0.298200011
vn -0.00389999989 0.754700005 0.656099975
vn -0.00930000003 0.332599998 0.943000019
vn -0.0317000002 0.75940001 0.649800003
vn -0.0432000011 0.978600025 0.201100007
vn 0.0013 0.976700008 0.214699998
vn 0.238000005 0.93690002 0.255800009
vn 0.126200005 0.694800019 0.708000004
vn -0.00079999998 0.324299991 0.94599998
vn 0.00240000011 0.976700008 0.2148
vn -0.0427000001 0.978600025 0.201199993
vn -0.0434000008 0.978600025 0.201000005
vn -0.000300000014 0.976800025 0.2139
vn 0.209099993 0.9454 0.249899998
vn 0.226999998 0.940400004 0.253100008
vn 0.327600002 0.529699981 0.782299995
vn 0.00480000023 0.321500003 0.94690001
vn -0.00079999998 0.324299991 0.94599998
vn 0.126200005 0.694800019 0.708000004
vn 0.238000005 0.93690002 0.255800009
vn 0.714299977 0.627799988 0.309199989
vn 0.934899986 0.197099999 0.29519999
vn 0.551999986 0.353100002 0.755299985
vn 0.0151000004 0.356700003 0.934099972
vn 0.700200021 0.644699991 0.306800008
vn 0.226999998 0.940400004 0.253100008
vn 0.209099993 0.9454 0.249899998
vn 0.717599988 0.625500023 0.306100011
vn 0.937300026 0.188800007 0.292899996
vn 0.931800008 0.211799994 0.294800013
vn -0.3495 0.0551999994 0.935299993
vn -0.707499981 -0.662100017 0.246800005
vn -0.998600006 0.0308999997 0.0417999998
vn -0.786300004 0.251899987 0.564199984
vn -0.720600009 -0.649399996 0.242799997
vn -0.672299981 -0.695100009 0.254599988
vn -0.998399973 0.0419999994 0.0375000015
vn -0.99849999 0.0373999998 0.0394000001
vn -0.217199996 0.580900013 0.784399986
vn -0.00389999989 0.297600001 0.954699993
vn -0.0582000017 0.335299999 0.940299988
vn -0.748300016 0.317499995 0.582400024
vn -0.992399991 0.122000001 0.0140000004
vn -0.657999992 0.741100013 0.133200005
vn -0.0432000011 0.978600025 0.201100007
vn -0.0317000002 0.75940001 0.649800003
vn -0.667100012 0.733200014 0.131699994
vn -0.994499981 0.104099996 0.0113000004
vn -0.996900022 0.0776000023 0.0125000002
vn -0.793299973 0.600300014 0.101899996
vn -0.0434000008 0.978600025 0.201000005
vn -0.0427000001 0.978600025 0.201199993
vn -0.787199974 0.264600009 0.556999981
vn -0.0432000011 0.405600011 0.912999988
vn -0.786300004 0.251899987 0.564199984
vn -0.998600006 0.0308999997 0.0417999998
vn -0.997900009 0.0577999987 0.0277999993
vn -0.992399991 0.122000001 0.0140000004
vn -0.748300016 0.317499995 0.582400024
vn -0.0582000017 0.335299999 0.940299988
vn -0.998300016 0.0507000014 0.0278999992
vn -0.99849999 0.0373999998 0.0394000001
vn -0.998399973 0.0419999994 0.0375000015
vn -0.998399973 0.0461999997 0.0305000003
vn -0.994499981 0.104099996 0.0113000004
vn -0.624100029 0.0265999995 0.780799985
vn -0.0870999992 0.325800002 0.941399992
vn -0.0846000016 0.261999995 0.961300015
vn -0.36469999 -0.435699999 0.822899997
vn -0.496300012 -0.813600004 0.302899987
vn -0.906700015 -0.344000012 0.244000003
vn -0.979900002 -0.0110999998 0.199200004
vn -0.672200024 0.204400003 0.711600006
vn -0.0877000019 0.319299996 0.943599999
vn -0.904999971 -0.347900003 0.2447
vn -0.490999997 -0.816799998 0.302700013
vn -0.444200009 -0.842599988 0.3046
vn -0.882099986 -0.398600012 0.250800014
vn -0.979200006 -0.0311999992 0.200299993
vn -0.979900002 -0.0142000001 0.199000001
vn -0.536300004 0.441500008 0.719299972
vn -0.0714000016 0.317000002 0.94569999
vn -0.0877000019 0.319299996 0.943599999
vn -0.672200024 0.204400003 0.711600006
vn -0.979900002 -0.0110999998 0.199200004
vn -0.911300004 0.363400012 0.193599999
vn -0.502600014 0.848200023 0.166899994
vn -0.270099998 0.726300001 0.632000029
vn -0.0544999987 0.364499986 0.9296
vn -0.913500011 0.35769999 0.193599999
vn -0.979900002 -0.0142000001 0.199000001
vn -0.979200006 -0.0311999992 0.200299993
vn -0.934499979 0.297800004 0.194700003
vn -0.532400012 0.82950002 0.168699995
vn -0.506500006 0.845899999 0.167099997
vn -0.0656000003 -0.627099991 0.77609998
vn -0.0741000026 0.0876000002 0.993399978
vn 0.0460000001 -0.593500018 0.803499997
vn 0.119400002 -0.952400029 0.280600011
vn -0.0511000007 -0.95539999 0.290600002
vn -0.496300012 -0.813600004 0.302899987
vn -0.36469999 -0.435699999 0.822899997
vn -0.0846000016 0.261999995 0.961300015
vn -0.0511999987 -0.95539999 0.290600002
vn 0.131300002 -0.951099992 0.279500008
vn 0.143099993 -0.949599981 0.278800011
vn -0.0417000018 -0.956200004 0.289600015
vn -0.444200009 -0.842599988 0.3046
vn -0.490999997 -0.816799998 0.302700013
vn -0.0658000037 0.844099998 0.532000005
vn -0.0320000015 0.440600008 0.897099972
vn -0.0544999987 0.364499986 0.9296
vn -0.270099998 0.726300001 0.632000029
vn -0.502600014 0.848200023 0.166899994
vn -0.102600001 0.987299979 0.121100001
vn 0.0798999965 0.992799997 0.0895000026
vn 0.0626000017 0.842199981 0.53549999
vn 0.0219999999 0.388099998 0.921400011
vn -0.107900001 0.986699998 0.121299997
vn -0.506500006 0.845899999 0.167099997
vn -0.532400012 0.82950002 0.168699995
vn -0.111599997 0.986299992 0.121399999
vn 0.0662999973 0.993799984 0.0892999992
vn 0.070100002 0.993499994 0.0895999968
vn 0.528500021 -0.100100003 0.842999995
vn -0.0346000008 0.349099994 0.936399996
vn 0.168799996 0.386999995 0.906499982
vn 0.887899995 0.187099993 0.420300007
vn 0.999899983 -0.00609999988 0.00609999988
vn 0.755900025 -0.627499998 0.186399996
vn 0.119400002 -0.952400029 0.280600011
vn 0.0460000001 -0.593500018 0.803499997
vn -0.0626000017 0.211999997 0.975199997
vn 0.771099985 -0.610700011 0.180000007
vn 1 0.00200000009 0.00329999998
vn 1 0.00600000005 0.00150000001
vn 0.766300023 -0.616400003 0.180999994
vn 0.143099993 -0.949599981 0.278800011
vn 0.131300002 -0.951099992 0.279500008
vn 0.901000023 0.197799996 0.386099994
vn 0.365799993 0.369500011 0.854200006
vn 0.897400022 0.189999998 0.398099989
vn 0.998700023 0.0472000018 -0.0179999992
vn 0.999300003 0.0355000012 -0.00960000046
vn 0.999499977 0.0315999985 -0.00910000037
vn 0.998399973 0.0527000017 -0.0175999999
vn 0.998600006 0.0487000011 -0.0178999994
vn 0.999499977 0.0291000009 -0.00719999988
vn 0.512700021 0.556500018 0.653699994
vn 0.1197 0.305700004 0.944500029
vn 0.0626000017 0.842199981 0.53549999
vn 0.0798999965 0.992799997 0.0895000026
vn 0.74970001 0.66079998 0.0370999984
vn 0.998700023 0.0472000018 -0.0179999992
vn 0.897400022 0.189999998 0.398099989
vn 0.74059999 0.670899987 0.0375000015
vn 0.070100002 0.993499994 0.0895999968
vn 0.0662999973 0.993799984 0.0892999992
vn 0.813000023 0.58160001 0.0284000002
vn 0.998600006 0.0487000011 -0.0178999994
vn 0.998399973 0.0527000017 -0.0175999999
vn 0.484400004 -0.0322000012 -0.874199986
vn 0.0092000002 -0.0187999997 -0.999800026
vn 0.00300000003 0.144099995 -0.989499986
vn 0.488599986 0.108099997 -0.865800023
vn 0.951300025 0.00889999978 -0.307999998
vn 0.941500008 -0.060899999 -0.331499994
vn 0.933700025 -0.145899996 -0.326900005
vn 0.477600008 -0.185800001 -0.858699977
vn 0.0127999997 -0.167799994 -0.985700011
vn 0.00850000046 -0.0207000002 -0.99970001
vn 0.0121999998 -0.1734 -0.984700024
vn 0.0100999996 -0.179299995 -0.983699977
vn 0.00639999984 -0.0249000005 -0.99970001
vn 0.00159999996 0.145799994 -0.989300013
vn 0.00230000005 0.145600006 -0.989300013
vn -0.00960000046 -0.0551999994 -0.998399973
vn -0.00829999987 -0.0612000003 -0.998099983
vn -0.00389999989 -0.270700008 -0.962599993
vn -0.00350000011 -0.272000015 -0.962199986
vn -0.00340000005 -0.271400005 -0.962499976
vn -0.0103000002 -0.0496000014 -0.998700023
vn -0.0161000006 0.161300004 -0.986800015
vn -0.0153999999 0.157499999 -0.987399995
vn -0.0138999997 0.151099995 -0.988399982
vn -0.585200012 -0.0297999997 -0.810299993
vn -0.582400024 -0.227500007 -0.780399978
vn -0.984200001 -0.0680000037 -0.163699999
vn -0.987200022 -0.0046000001 -0.159600005
vn -0.988900006 0.0634000003 -0.134399995
vn -0.611000001 0.147400007 -0.777800024
vn 0.00410000002 -0.0313000008 -0.999499977
vn 0.00639999984 -0.0249000005 -0.99970001
vn 0.0100999996 -0.179299995 -0.983699977
vn 0.00800000038 -0.1831 -0.98299998
vn 0.00760000013 -0.186100006 -0.982500017
vn 0.00319999992 -0.0366000012 -0.999300003
vn -0.00209999993 0.132200003 -0.99119997
vn -0.00109999999 0.135700002 -0.990700006
vn 0.00159999996 0.145799994 -0.989300013
vn 0.000699999975 -0.0284000002 -0.999599993
vn -0.00410000002 -0.0280000009 -0.999599993
vn -0.00949999969 0.1646 -0.986299992
vn -0.00540000014 0.160999998 -0.986899972
vn -0.00289999996 0.153300002 -0.988200009
vn 0.00329999998 -0.0346000008 -0.99940002
vn 0.00829999987 -0.214599997 -0.976700008
vn 0.00600000005 -0.218199998 -0.975899994
vn 0.00079999998 -0.226199999 -0.974099994
vn -0.0136000002 -0.063500002 -0.997900009
vn -0.0124000004 -0.0658999979 -0.997699976
vn -0.00529999984 -0.273699999 -0.961799979
vn -0.00620000018 -0.268299997 -0.96329999
vn -0.0057000001 -0.264800012 -0.964299977
vn -0.0113000004 -0.0647 -0.997799993
vn -0.0175999999 0.138899997 -0.990100026
vn -0.0197000001 0.137899995 -0.990199983
vn -0.0185000002 0.135600001 -0.99059999
vn -0.0109000001 -0.0734999999 -0.997200012
vn -0.0119000003 -0.0786999986 -0.996800005
vn -0.00680000009 -0.274500012 -0.961499989
vn -0.00499999989 -0.275999993 -0.961099982
vn -0.00529999984 -0.273699999 -0.961799979
vn -0.0124000004 -0.0658999979 -0.997699976
vn -0.0185000002 0.135600001 -0.99059999
vn -0.0166999996 0.129500002 -0.991400003
vn -0.0166999996 0.126599997 -0.99180001
vn -0.0130000003 -0.0737000033 -0.997200012
vn -0.0170000009 0.133200005 -0.99089998
vn -0.0160000008 0.146400005 -0.989099979
vn -0.0119000003 -0.0588999987 -0.998199999
vn -0.00760000013 -0.258599997 -0.965900004
vn -0.00829999987 -0.269400001 -0.963
vn -0.00889999978 -0.0403000005 -0.999100029
vn -0.00410000002 -0.0280000009 -0.999599993
vn 0.00079999998 -0.226199999 -0.974099994
vn -0.0046000001 -0.241699994 -0.970300019
vn -0.0136000002 0.159099996 -0.987200022
vn -0.00949999969 0.1646 -0.986299992
vn 0.00439999998 -0.0381000005 -0.999199986
vn 0.00430000015 -0.0379000008 -0.999300003
vn 0.00850000046 -0.204699993 -0.978799999
vn 0.00879999995 -0.210199997 -0.977599978
vn 0.00829999987 -0.214599997 -0.976700008
vn 0.00329999998 -0.0346000008 -0.99940002
vn -0.00289999996 0.153300002 -0.988200009
vn -0.00159999996 0.147 -0.989099979
vn -0.00150000001 0.143299997 -0.989700019
vn -0.00829999987 -0.0645999983 -0.997900009
vn -0.0046000001 -0.266799986 -0.963699996
vn -0.00389999989 -0.270700008 -0.962599993
vn -0.00829999987 -0.0612000003 -0.998099983
vn -0.0138999997 0.151099995 -0.988399982
vn -0.0142999999 0.1435 -0.989499986
vn 0.56370002 -0.460599989 -0.685599983
vn 0.749000013 -0.637199998 -0.181500003
vn 0.701499999 -0.684000015 -0.1998
vn 0.449000001 -0.513499975 -0.731299996
vn 0.0474000014 -0.173600003 -0.98360002
vn 0.556800008 -0.373899996 -0.741699994
vn 0.883300006 -0.437099993 -0.169300005
vn 0.852900028 -0.498699993 -0.154300004
vn 0.808600008 -0.5722 -0.136899993
vn 0.409700006 -0.524699986 -0.746200025
vn 0.650200009 -0.723999977 -0.230299994
vn 0.535600007 -0.798200011 -0.275400013
vn 0.315800011 -0.5528 -0.771099985
vn -0.00200000009 -0.150600001 -0.988600016
vn 0.0287999995 -0.161300004 -0.986500025
vn 0.530700028 -0.336499989 -0.777899981
vn 0.0167999994 -0.147599995 -0.988900006
vn 0.00159999996 -0.102300003 -0.994799972
vn 0.516900003 -0.26910001 -0.812600017
vn 0.899600029 -0.361299992 -0.245199993
vn 0.885599971 -0.416799992 -0.204699993
vn 0.00970000029 -0.142900005 -0.989700019
vn -0.00499999989 -0.138699993 -0.9903
vn -0.00689999992 -0.104500003 -0.994499981
vn -0.00079999998 -0.103200004 -0.994700015
vn 0.483200014 -0.195999995 -0.853200018
vn 0.493099988 -0.134399995 -0.859499991
vn 0.00230000005 -0.0566999987 -0.998399973
vn 0.00829999987 -0.156100005 -0.987699986
vn 0.933000028 -0.166700006 -0.318699986
vn 0.934400022 -0.170699999 -0.312599987
vn 0.00829999987 -0.161500007 -0.986800015
vn 0.00209999993 -0.057500001 -0.998300016
vn 0.00159999996 -0.0593000017 -0.998199999
vn 0.0074 -0.166999996 -0.985899985
vn 0.505400002 -0.202700004 -0.838699996
vn 0.516900003 -0.26910001 -0.812600017
vn 0.00159999996 -0.102300003 -0.994799972
vn 0.00319999992 -0.0593999997 -0.998199999
vn 0.00449999981 -0.0155999996 -0.999800026
vn 0.497299999 -0.139899999 -0.85619998
vn 0.92019999 -0.246600002 -0.303900003
vn 0.911599994 -0.301400006 -0.279399991
vn 0.899600029 -0.361299992 -0.245199993
vn 0.00120000006 -0.0610000007 -0.998099983
vn -0.00079999998 -0.103200004 -0.994700015
vn -0.00689999992 -0.104500003 -0.994499981
vn -0.00439999998 -0.0626000017 -0.998000026
vn -0.0027999999 -0.0148999998 -0.999899983
vn 0.00260000001 -0.0149999997 -0.999899983
vn -9.99999975e-05 0.193900004 -0.981000006
vn -0.00230000005 0.225700006 -0.97420001
vn -0.00150000001 0.236300007 -0.971599996
vn 0.00100000005 0.193299994 -0.981100023
vn 0.00300000003 0.144099995 -0.989499986
vn 0.00230000005 0.145600006 -0.989300013
vn 0.00159999996 0.145799994 -0.989300013
vn -0.00079999998 0.199699998 -0.979900002
vn -0.00469999993 0.216399997 -0.976300001
vn 0.495499998 0.1505 -0.855400026
vn 0.497099996 0.205300003 -0.842999995
vn 0.951399982 0.0842999965 -0.296200007
vn 0.951799989 0.0255999994 -0.305700004
vn 0.951300025 0.00889999978 -0.307999998
vn 0.488599986 0.108099997 -0.865800023
vn 0.242899999 0.935699999 -0.255699992
vn 0.332399994 0.818199992 -0.469099998
vn -0.0231999997 0.778699994 -0.626999974
vn -0.0384000018 0.941299975 -0.335299999
vn -0.0632999986 0.997500002 -0.0315000005
vn 0.105800003 0.994300008 -0.00989999995
vn 0.474000007 0.877900004 0.0675999969
vn 0.605400026 0.795899987 -0.00100000005
vn 0.728799999 0.681900024 -0.0617999993
vn -0.0281000007 0.941299975 -0.336299986
vn -0.023 0.772599995 -0.63440001
vn -0.0187999997 0.765100002 -0.643599987
vn -0.0239000004 0.938199997 -0.345200002
vn -0.0284000002 0.999199986 -0.0276999995
vn -0.0333999991 0.999100029 -0.0247000009
vn 0.000699999975 0.0092000002 -0.999899983
vn 0.00209999993 -0.057500001 -0.998300016
vn 0.00230000005 -0.0566999987 -0.998399973
vn 0.00170000002 0.00710000005 -1
vn 0.00449999981 -0.0155999996 -0.999800026
vn 0.00260000001 -0.0149999997 -0.999899983
vn -0.0027999999 -0.0148999998 -0.999899983
vn -0.00209999993 0.00989999995 -0.999899983
vn 0.00159999996 -0.0593000017 -0.998199999
vn 0.495200008 -0.0988999978 -0.863099992
vn 0.493099988 -0.134399995 -0.859499991
vn 0.934400022 -0.170699999 -0.312599987
vn 0.9296 -0.194199994 -0.31310001
vn 0.92019999 -0.246600002 -0.303900003
vn 0.497299999 -0.139899999 -0.85619998
vn 0.386999995 0.709800005 -0.588500023
vn 0.418599993 0.630699992 -0.653400004
vn -0.0176999997 0.528800011 -0.848500013
vn -0.0199999996 0.617399991 -0.78640002
vn -0.0231999997 0.778699994 -0.626999974
vn 0.332399994 0.818199992 -0.469099998
vn 0.728799999 0.681900024 -0.0617999993
vn 0.789900005 0.605099976 -0.0995000005
vn 0.832700014 0.535600007 -0.140499994
vn -0.0206000004 0.612600029 -0.790099978
vn -0.0196000002 0.526300013 -0.850099981
vn -0.0255999994 0.505400002 -0.862500012
vn -0.0164000001 0.606700003 -0.794700027
vn -0.0187999997 0.765100002 -0.643599987
vn -0.023 0.772599995 -0.63440001
vn 0.440699995 0.560000002 -0.701600015
vn 0.461400002 0.486999989 -0.74150002
vn -0.00999999978 0.409999996 -0.912
vn -0.0126 0.473699987 -0.880599976
vn 0.869000018 0.461699992 -0.178000003
vn 0.898100019 0.388000011 -0.207000002
vn -0.0181000009 0.474599987 -0.879999995
vn -0.0181000009 0.421099991 -0.906799972
vn -0.0359999985 0.431499988 -0.90140003
vn -0.0381999984 0.460500002 -0.886799991
vn 0.491299987 0.28459999 -0.823099971
vn 0.481599987 0.351099998 -0.802999973
vn 0.935800016 0.243399993 -0.254999995
vn 0.945900023 0.169599995 -0.276600003
vn 0.951399982 0.0842999965 -0.296200007
vn 0.497099996 0.205300003 -0.842999995
vn -0.00150000001 0.236300007 -0.971599996
vn -0.00749999983 0.28459999 -0.958599985
vn -0.0120999999 0.319799989 -0.947399974
vn 0.474999994 0.413500011 -0.776799977
vn 0.461400002 0.486999989 -0.74150002
vn 0.898100019 0.388000011 -0.207000002
vn 0.921000004 0.31220001 -0.232999995
vn -0.0109999999 0.35710001 -0.934000015
vn -0.00999999978 0.409999996 -0.912
vn -0.472200006 -0.502900004 -0.72390002
vn -0.879899979 -0.416000009 -0.229399994
vn -0.976800025 -0.121399999 -0.176300004
vn -0.582300007 -0.155399993 -0.797999978
vn -0.00630000001 -0.120800003 -0.992600024
vn 0.00999999978 -0.569800019 -0.821699977
vn 0.0231999997 -0.936999977 -0.348500013
vn -0.300399989 -0.889999986 -0.342999995
vn -0.663399994 -0.724099994 -0.188800007
vn -0.586700022 -0.148100004 -0.79610002
vn -0.977500021 -0.117600001 -0.175099999
vn -0.979399979 -0.105899997 -0.171900004
vn -0.593900025 -0.127200007 -0.794399977
vn -0.0227000006 -0.0956000015 -0.995100021
vn -0.0136000002 -0.1149 -0.993300021
vn 0.0103000002 -0.570299983 -0.821399987
vn -0.00499999989 -0.123800002 -0.992299974
vn -0.00179999997 -0.128600001 -0.991699994
vn 0.0109000001 -0.57160002 -0.8204
vn 0.0185000002 -0.936800003 -0.349400014
vn 0.0219000001 -0.93690002 -0.34889999
vn -0.0125000002 -0.117700003 -0.992999971
vn -0.0211999994 -0.0974999964 -0.995000005
vn -0.0175000001 -0.0993999988 -0.994899988
vn -0.00989999995 -0.121799998 -0.992500007
vn 0.220599994 -0.575399995 -0.787500024
vn 0.122299999 -0.596099973 -0.793500006
vn -0.0144999996 -0.153099999 -0.988099992
vn -0.0164000001 -0.150000006 -0.988499999
vn -0.00200000009 -0.150600001 -0.988600016
vn 0.315800011 -0.5528 -0.771099985
vn 0.535600007 -0.798200011 -0.275400013
vn 0.398099989 -0.861999989 -0.313800007
vn 0.226500005 -0.912699997 -0.34009999
vn -0.0131999999 -0.139899999 -0.990100026
vn -0.0120000001 -0.143199995 -0.989600003
vn -0.0104 -0.109899998 -0.993900001
vn -0.0109999999 -0.107000001 -0.994199991
vn -0.00689999992 -0.104500003 -0.994499981
vn -0.00499999989 -0.138699993 -0.9903
vn -0.00270000007 -0.142499998 -0.989799976
vn -0.00439999998 -0.144600004 -0.989499986
vn -0.00260000001 -0.153799996 -0.988099992
vn -0.00079999998 -0.151299998 -0.988499999
vn -0.00039999999 -0.148699999 -0.988900006
vn -0.00209999993 -0.140499994 -0.990100026
vn -0.00359999994 -0.114100002 -0.993399978
vn -0.00510000018 -0.114500001 -0.993399978
vn -0.00630000001 -0.115099996 -0.993300021
vn 0.00970000029 -0.577799976 -0.816100001
vn 0.00860000029 -0.578499973 -0.815599978
vn 0.0189999994 -0.934400022 -0.355599999
vn 0.0189999994 -0.934599996 -0.355100006
vn 0.0183000006 -0.934899986 -0.354400009
vn 0.00960000046 -0.577099979 -0.816600025
vn 0.0013 -0.577499986 -0.816399992
vn 0.00480000023 -0.577400029 -0.816399992
vn -0.00400000019 -0.139599994 -0.990199983
vn -0.00730000017 -0.141599998 -0.989899993
vn -0.00820000004 -0.141100004 -0.99000001
vn 0.00109999999 -0.576600015 -0.816999972
vn 0.0127999997 -0.936200023 -0.351300001
vn 0.0115 -0.936500013 -0.350400001
vn 0.0121999998 -0.936800003 -0.349599987
vn -0.00800000038 -0.132499993 -0.991100013
vn -0.00769999996 -0.130600005 -0.991400003
vn -0.0119000003 -0.1021 -0.994700015
vn -0.0103000002 -0.1039 -0.994499981
vn -0.0083999997 -0.104999997 -0.994400024
vn -0.00769999996 -0.132400006 -0.991100013
vn 0.00910000037 -0.576799989 -0.816799998
vn 0.00960000046 -0.576200008 -0.817300022
vn -0.00039999999 -0.143999994 -0.989600003
vn -0.000600000028 -0.146500006 -0.989199996
vn -0.00039999999 -0.148699999 -0.988900006
vn 0.00960000046 -0.577099979 -0.816600025
vn 0.0183000006 -0.934899986 -0.354400009
vn 0.0176999997 -0.935199976 -0.353599995
vn 0.0179999992 -0.935400009 -0.353100002
vn -0.00209999993 -0.138899997 -0.9903
vn -0.00270000007 -0.136800006 -0.99059999
vn -0.00590000022 -0.113700002 -0.993499994
vn -0.00329999998 -0.114500001 -0.993399978
vn -0.00359999994 -0.114100002 -0.993399978
vn -0.00209999993 -0.140499994 -0.990100026
vn 0.00910000037 -0.574999988 -0.818000019
vn 0.00609999988 -0.574400008 -0.818599999
vn -0.00430000015 -0.139599994 -0.990199983
vn -0.00120000006 -0.141299993 -0.989899993
vn 0.0179999992 -0.935500026 -0.352899998
vn 0.0167999994 -0.935500026 -0.352800012
vn -0.00389999989 -0.133900002 -0.990999997
vn -0.00549999997 -0.131699994 -0.99119997
vn -0.00829999987 -0.106799997 -0.994199991
vn -0.00860000029 -0.110399999 -0.993799984
vn 0.0027999999 -0.575200021 -0.818000019
vn 0.00109999999 -0.576600015 -0.816999972
vn -0.00820000004 -0.141100004 -0.99000001
vn -0.00730000017 -0.139899999 -0.990100026
vn 0.0148 -0.935800016 -0.352200001
vn 0.0127999997 -0.936200023 -0.351300001
vn -0.00680000009 -0.131500006 -0.991299987
vn -0.00769999996 -0.132400006 -0.991100013
vn -0.0083999997 -0.104999997 -0.994400024
vn -0.00730000017 -0.105300002 -0.994400024
vn -0.00609999988 -0.1461 -0.989199996
vn -0.00710000005 -0.146799996 -0.989099979
vn -0.00659999996 -0.156900004 -0.987600029
vn -0.00480000023 -0.1558 -0.987800002
vn -0.00260000001 -0.153799996 -0.988099992
vn -0.00439999998 -0.144600004 -0.989499986
vn -0.00630000001 -0.115099996 -0.993300021
vn -0.00719999988 -0.1149 -0.993300021
vn -0.00779999979 -0.114100002 -0.993399978
vn 0.0074 -0.579100013 -0.815100014
vn 0.00810000021 -0.579900026 -0.814599991
vn 0.0238000005 -0.934000015 -0.356299996
vn 0.0197999999 -0.934199989 -0.356099993
vn 0.0189999994 -0.934400022 -0.355599999
vn 0.00860000029 -0.578499973 -0.815599978
vn 0.00930000003 -0.574899971 -0.818099976
vn 0.0109000001 -0.57160002 -0.8204
vn -0.00179999997 -0.128600001 -0.991699994
vn -0.000699999975 -0.134499997 -0.99089998
vn 0.0147000002 -0.93690002 -0.349299997
vn 0.0185000002 -0.936800003 -0.349400014
vn -0.00789999962 -0.126599997 -0.991900027
vn -0.00989999995 -0.121799998 -0.992500007
vn -0.0175000001 -0.0993999988 -0.994899988
vn -0.0140000004 -0.100699998 -0.994799972
vn -0.00609999988 -0.261900008 -0.96509999
vn -0.0154999997 -0.117700003 -0.992900014
vn -0.0160000008 -0.1215 -0.992500007
vn -0.0055999998 -0.264899999 -0.96420002
vn -0.00700000022 -0.257299989 -0.966300011
vn -0.0141000003 -0.114 -0.993399978
vn -0.601400018 -0.2324 -0.764400005
vn -0.61650002 -0.130700007 -0.77640003
vn -0.985899985 -0.0681999996 -0.152999997
vn -0.985199988 -0.0724999979 -0.155399993
vn -0.600600004 -0.100299999 -0.793200016
vn -0.603699982 -0.0689999983 -0.794200003
vn -0.0315000005 -0.0324999988 -0.999000013
vn -0.0296999998 -0.0680999979 -0.997200012
vn -0.0227000006 -0.0956000015 -0.995100021
vn -0.593900025 -0.127200007 -0.794399977
vn -0.979399979 -0.105899997 -0.171900004
vn -0.981599987 -0.0917000026 -0.167500004
vn -0.983200014 -0.0795999989 -0.164299995
vn -0.0269000009 -0.068599999 -0.997300029
vn -0.0282000005 -0.0310999993 -0.999100029
vn -0.0199999996 -0.0291000009 -0.99940002
vn -0.0203000009 -0.0678000003 -0.997500002
vn -0.0175000001 -0.0993999988 -0.994899988
vn -0.0211999994 -0.0974999964 -0.995000005
vn -0.0168999992 0.207499996 -0.978100002
vn -0.0153999999 0.157499999 -0.987399995
vn -0.0161000006 0.161300004 -0.986800015
vn -0.0166999996 0.207800001 -0.977999985
vn -0.0185000002 0.232199997 -0.972500026
vn -0.0192000009 0.228599995 -0.97329998
vn -0.0210999995 0.223700002 -0.974399984
vn -0.0176999997 0.204600006 -0.978699982
vn -0.0138999997 0.151099995 -0.988399982
vn -0.609499991 0.196500003 -0.768000007
vn -0.611000001 0.147400007 -0.777800024
vn -0.988900006 0.0634000003 -0.134399995
vn -0.987399995 0.0837000012 -0.134299994
vn -0.98360002 0.127700001 -0.127599999
vn -0.608200014 0.239899993 -0.756600022
vn -0.0584999993 0.970899999 -0.231999993
vn -0.0502999984 0.813399971 -0.57950002
vn -0.0524999984 0.827099979 -0.559599996
vn -0.0606999993 0.978500009 -0.196899995
vn -0.0627999976 0.990400016 0.122900002
vn -0.0604000017 0.992900014 0.102399997
vn -0.0584999993 0.995199978 0.0777999982
vn -0.058600001 0.960900009 -0.270599991
vn -0.0520000011 0.796700001 -0.602100015
vn -0.287 0.950999975 -0.115199998
vn -0.431100011 0.835300028 -0.341199994
vn -0.738699973 0.671700001 0.0546999983
vn -0.483399987 0.864499986 0.137799993
vn -0.259600013 0.948400021 0.182099998
vn -0.145999998 0.978399992 0.146300003
vn -0.0243999995 -0.0201999992 -0.999499977
vn -0.0282000005 -0.0310999993 -0.999100029
vn -0.0315000005 -0.0324999988 -0.999000013
vn -0.0265999995 -0.0233999994 -0.99940002
vn -0.0160000008 -0.1215 -0.992500007
vn -0.0154999997 -0.117700003 -0.992900014
vn -0.0141000003 -0.114 -0.993399978
vn -0.0186999999 -0.0176999997 -0.99970001
vn -0.0199999996 -0.0291000009 -0.99940002
vn -0.609700024 -0.0595000014 -0.790400028
vn -0.603699982 -0.0689999983 -0.794200003
vn -0.983200014 -0.0795999989 -0.164299995
vn -0.984700024 -0.0700000003 -0.159400001
vn -0.985899985 -0.0681999996 -0.152999997
vn -0.61650002 -0.130700007 -0.77640003
vn -0.540499985 0.593500018 -0.596300006
vn -0.516200006 0.662699997 -0.542500019
vn -0.0375000015 0.611199975 -0.790499985
vn -0.0335000008 0.530399978 -0.847000003
vn -0.0310999993 0.472900003 -0.880599976
vn -0.56190002 0.530600011 -0.634500027
vn -0.926699996 0.370499998 -0.061999999
vn -0.903299987 0.426600009 -0.0432000011
vn -0.87620002 0.481299996 -0.0225000009
vn -0.0329000019 0.527899981 -0.84859997
vn -0.0368999988 0.60769999 -0.793299973
vn -0.0370999984 0.601300001 -0.798099995
vn -0.0317000002 0.523199975 -0.851599991
vn -0.0284000002 0.470600009 -0.881900012
vn -0.0302000009 0.47240001 -0.880900025
vn -0.488099992 0.740100026 -0.462500006
vn -0.431100011 0.835300028 -0.341199994
vn -0.0524999984 0.827099979 -0.559599996
vn -0.0430999994 0.704200029 -0.708700001
vn -0.837300003 0.546599984 0.0055999998
vn -0.738699973 0.671700001 0.0546999983
vn -0.0419999994 0.698099971 -0.714699984
vn -0.0502999984 0.813399971 -0.57950002
vn -0.0520000011 0.796700001 -0.602100015
vn -0.0439999998 0.689199984 -0.723200023
vn -0.601899981 0.310200006 -0.735899985
vn -0.590600014 0.386099994 -0.708599985
vn -0.0287999995 0.345800012 -0.93779999
vn -0.0238000005 0.279799998 -0.959699988
vn -0.0185000002 0.232199997 -0.972500026
vn -0.608200014 0.239899993 -0.756600022
vn -0.98360002 0.127700001 -0.127599999
vn -0.974699974 0.193100005 -0.1127
vn -0.962899983 0.251899987 -0.0973000005
vn -0.0239000004 0.273400009 -0.961600006
vn -0.0281000007 0.342799991 -0.938899994
vn -0.0263 0.340600014 -0.939800024
vn -0.0241999999 0.267399997 -0.96329999
vn -0.0210999995 0.223700002 -0.974399984
vn -0.0192000009 0.228599995 -0.97329998
vn -0.579100013 0.459899992 -0.673200011
vn -0.56190002 0.530600011 -0.634500027
vn -0.0310999993 0.472900003 -0.880599976
vn -0.0304000005 0.414600015 -0.909500003
vn -0.947899997 0.308099985 -0.0812999979
vn -0.926699996 0.370499998 -0.061999999
vn -0.0295000002 0.415399998 -0.909099996
vn -0.0302000009 0.47240001 -0.880900025
vn -0.0284000002 0.470600009 -0.881900012
vn -0.0271000005 0.415899992 -0.908999979
vn 0.00639999984 -0.1708 -0.985300004
vn 0.0074 -0.166999996 -0.985899985
vn 0.00159999996 -0.0593000017 -0.998199999
vn 0.00079999998 -0.0627000034 -0.998000026
vn -0.000199999995 -0.0667999983 -0.997699976
vn 0.0057000001 -0.173999995 -0.984700024
vn 0.00430000015 -0.2148 -0.976599991
vn -0.00190000003 -0.223800004 -0.974600017
vn 0.00669999979 -0.207699999 -0.978100002
vn 0.0013 -0.0940999985 -0.995500028
vn -0.00120000006 -0.100500003 -0.994899988
vn -0.00689999992 -0.1039 -0.994499981
vn -0.00439999998 -0.254599988 -0.967000008
vn -0.00449999981 -0.259000003 -0.965799987
vn -0.00800000038 -0.1087 -0.994000018
vn -0.00719999988 -0.109800003 -0.993900001
vn -0.00889999978 -0.111100003 -0.993700027
vn -0.0055999998 -0.2509 -0.967999995
vn -0.00600000005 -0.259200007 -0.965799987
vn -0.0083999997 -0.256099999 -0.966600001
vn -0.0138999997 -0.106399998 -0.994199991
vn -0.0103000002 -0.108000003 -0.994099975
vn -0.00800000038 -0.1087 -0.994000018
vn -0.00449999981 -0.259000003 -0.965799987
vn -0.0104999999 -0.251899987 -0.967700005
vn -0.0107000005 -0.245100006 -0.969399989
vn -0.0164999999 -0.101199999 -0.994700015
vn -0.0167999994 -0.103100002 -0.994499981
vn -0.00820000004 -0.234799996 -0.972000003
vn -0.00190000003 -0.223800004 -0.974600017
vn -0.00689999992 -0.1039 -0.994499981
vn -0.0131999999 -0.102799997 -0.994599998
vn 0.00700000022 -0.201000005 -0.979600012
vn 0.00620000018 -0.194700003 -0.980799973
vn 0.000699999975 -0.0825999975 -0.996599972
vn 0.00170000002 -0.0878000036 -0.996100008
vn 0.0013 -0.0940999985 -0.995500028
vn 0.00669999979 -0.207699999 -0.978100002
vn -0.00700000022 -0.252299994 -0.967599988
vn -0.0119000003 -0.112000003 -0.993600011
vn -0.0141000003 -0.114 -0.993399978
vn -0.00700000022 -0.257299989 -0.966300011
vn -0.00889999978 -0.0640999973 -0.997900009
vn -0.0109999999 -0.107000001 -0.994199991
vn -0.0104 -0.109899998 -0.993900001
vn -0.00939999986 -0.0656000003 -0.997799993
vn -0.00850000046 -0.0184000004 -0.999800026
vn -0.00760000013 -0.0163000003 -0.999800026
vn -0.0027999999 -0.0148999998 -0.999899983
vn -0.00439999998 -0.0626000017 -0.998000026
vn -0.00689999992 -0.104500003 -0.994499981
vn -0.0228000004 0.934800029 -0.354299992
vn -0.0285 0.999100029 -0.0313999988
vn -0.0284000002 0.999199986 -0.0276999995
vn -0.0239000004 0.938199997 -0.345200002
vn -0.0187999997 0.765100002 -0.643599987
vn -0.0164000001 0.756799996 -0.653400004
vn -0.0197999999 0.749100029 -0.662100017
vn -0.0263999999 0.931699991 -0.362300009
vn -0.0310999993 0.998899996 -0.0344999991
vn -0.00490000006 0.0074 -0.999899983
vn 0.00079999998 -0.0627000034 -0.998000026
vn 0.00159999996 -0.0593000017 -0.998199999
vn -0.00209999993 0.00989999995 -0.999899983
vn -0.0027999999 -0.0148999998 -0.999899983
vn -0.00760000013 -0.0163000003 -0.999800026
vn -0.00850000046 -0.0184000004 -0.999800026
vn -0.00590000022 0.00329999998 -1
vn -0.000199999995 -0.0667999983 -0.997699976
vn -0.00650000013 -0.0771000013 -0.996999979
vn -0.00419999985 -0.0781000033 -0.996900022
vn -0.0055999998 -0.0368999988 -0.999300003
vn -0.00680000009 -0.0366000012 -0.999300003
vn -0.00609999988 -0.0333999991 -0.99940002
vn -0.00700000022 -0.0756999999 -0.997099996
vn -0.00630000001 -0.115099996 -0.993300021
vn -0.00510000018 -0.114500001 -0.993399978
vn -0.00359999994 -0.114100002 -0.993399978
vn -0.00779999979 0.210099995 -0.977599978
vn -0.00540000014 0.160999998 -0.986899972
vn -0.00949999969 0.1646 -0.986299992
vn -0.0108000003 0.211199999 -0.977400005
vn -0.0114000002 0.239600003 -0.970799983
vn -0.00939999986 0.239800006 -0.970700026
vn -0.0074 0.238399997 -0.971099973
vn -0.0055999998 0.206900001 -0.978299975
vn -0.00289999996 0.153300002 -0.988200009
vn -0.0408999994 0.934800029 -0.352899998
vn -0.0405000001 0.936699986 -0.347600013
vn -0.0436999984 0.999000013 -0.00669999979
vn -0.0434999987 0.999000013 -0.0126
vn -0.0416000001 0.999000013 -0.0164000001
vn -0.0370999984 0.934400022 -0.354099989
vn -0.0288999993 0.74150002 -0.67019999
vn -0.0335000008 0.744300008 -0.666999996
vn -0.0326000005 0.751299977 -0.659099996
vn -0.00549999997 -0.0220999997 -0.99970001
vn -0.00800000038 -0.0218000002 -0.99970001
vn -0.00689999992 -0.1039 -0.994499981
vn -0.00120000006 -0.100500003 -0.994899988
vn 0.0013 -0.0940999985 -0.995500028
vn -0.0037 -0.0171000008 -0.999800026
vn -0.00609999988 -0.0333999991 -0.99940002
vn -0.00680000009 -0.0366000012 -0.999300003
vn -0.0055999998 -0.0368999988 -0.999300003
vn -0.0136000002 -0.0658000037 -0.997699976
vn -0.0103000002 -0.1039 -0.994499981
vn -0.0119000003 -0.1021 -0.994700015
vn -0.0142999999 -0.0649000034 -0.997799993
vn -0.0142000001 -0.0259000007 -0.999499977
vn -0.0148999998 -0.0237000007 -0.999599993
vn -0.0124000004 -0.0220999997 -0.99970001
vn -0.0105999997 -0.0672999993 -0.997699976
vn -0.0083999997 -0.104999997 -0.994400024
vn -0.0220999997 0.185000002 -0.982500017
vn -0.0197000001 0.137899995 -0.990199983
vn -0.0175999999 0.138899997 -0.990100026
vn -0.0211999994 0.190500006 -0.981400013
vn -0.0240000002 0.214900002 -0.976300001
vn -0.0237000007 0.212300003 -0.976899981
vn -0.0209999997 0.211799994 -0.977100015
vn -0.0203000009 0.1822 -0.98299998
vn -0.0185000002 0.135600001 -0.99059999
vn -0.0408999994 0.948599994 -0.313699991
vn -0.0401999988 0.774600029 -0.631200016
vn -0.0450000018 0.775099993 -0.630200028
vn -0.0467000008 0.948499978 -0.3134
vn -0.0447999984 0.998099983 0.0423999988
vn -0.0388999991 0.998600006 0.0348999985
vn -0.0397000015 0.99879998 0.0289999992
vn -0.0410999991 0.948800027 -0.312999994
vn -0.0392999984 0.775600016 -0.629899979
vn -0.0120999999 -0.0116999997 -0.999800026
vn -0.0148999998 -0.0237000007 -0.999599993
vn -0.0142000001 -0.0259000007 -0.999499977
vn -0.0124000004 -0.0163000003 -0.999800026
vn -0.00889999978 -0.111100003 -0.993700027
vn -0.00719999988 -0.109800003 -0.993900001
vn -0.00800000038 -0.1087 -0.994000018
vn -0.0115 -0.00700000022 -0.999899983
vn -0.0124000004 -0.0220999997 -0.99970001
vn -0.00899999961 -0.068400003 -0.997600019
vn -0.00730000017 -0.105300002 -0.994400024
vn -0.0083999997 -0.104999997 -0.994400024
vn -0.0105999997 -0.0672999993 -0.997699976
vn -0.0124000004 -0.0220999997 -0.99970001
vn -0.0114000002 -0.0221999995 -0.99970001
vn -0.0164000001 -0.0239000004 -0.999599993
vn -0.0125000002 -0.0707999989 -0.997399986
vn -0.00829999987 -0.106799997 -0.994199991
vn -0.0144999996 -0.0753000006 -0.996999979
vn -0.00860000029 -0.110399999 -0.993799984
vn -0.0196000002 -0.0263999999 -0.999499977
vn -0.0136000002 -0.0296 -0.999499977
vn -0.00930000003 -0.0789000019 -0.996800005
vn -0.00590000022 -0.113700002 -0.993499994
vn -0.00380000006 -0.0793000013 -0.996800005
vn -0.00329999998 -0.114500001 -0.993399978
vn -0.00650000013 -0.0337999985 -0.99940002
vn -0.0055999998 -0.0368999988 -0.999300003
vn -0.00419999985 -0.0781000033 -0.996900022
vn -0.00359999994 -0.114100002 -0.993399978
vn -0.0179999992 0.181999996 -0.983099997
vn -0.0166999996 0.129500002 -0.991400003
vn -0.0185000002 0.135600001 -0.99059999
vn -0.0203000009 0.1822 -0.98299998
vn -0.0177999996 0.214200005 -0.976599991
vn -0.0155999996 0.218700007 -0.975600004
vn -0.0166999996 0.185599998 -0.982500017
vn -0.0166999996 0.126599997 -0.99180001
vn -0.0159000009 0.193000004 -0.981000006
vn -0.0170000009 0.133200005 -0.99089998
vn -0.0142000001 0.224199995 -0.974399984
vn -0.0135000004 0.230000004 -0.973100007
vn -0.0151000004 0.2016 -0.979300022
vn -0.0160000008 0.146400005 -0.989099979
vn -0.0136000002 0.208299994 -0.977900028
vn -0.0136000002 0.159099996 -0.987200022
vn -0.0127999997 0.2359 -0.971700013
vn -0.0114000002 0.239600003 -0.970799983
vn -0.0108000003 0.211199999 -0.977400005
vn -0.00949999969 0.1646 -0.986299992
vn -0.0428000018 0.947099984 -0.318100005
vn -0.0399999991 0.773699999 -0.632200003
vn -0.0392999984 0.775600016 -0.629899979
vn -0.0410999991 0.948800027 -0.312999994
vn -0.0397000015 0.99879998 0.0289999992
vn -0.0412999988 0.998899996 0.0217000004
vn -0.0392000005 0.999100029 0.0186000001
vn -0.0423000008 0.946399987 -0.320100009
vn -0.0403999984 0.771700025 -0.6347
vn -0.0406000018 0.948599994 -0.313899994
vn -0.0388999991 0.772499979 -0.63380003
vn -0.0373999998 0.999100029 0.0220999997
vn -0.0395000018 0.999000013 0.0209999997
vn -0.0390000008 0.948700011 -0.313800007
vn -0.0342999995 0.770900011 -0.635900021
vn -0.0386999995 0.943199992 -0.330000013
vn -0.0309999995 0.762399971 -0.646399975
vn -0.0423999988 0.999100029 0.00789999962
vn -0.0436999984 0.999000013 -0.00669999979
vn -0.0405000001 0.936699986 -0.347600013
vn -0.0326000005 0.751299977 -0.659099996
vn -0.0126999998 -0.00590000022 -0.999899983
vn -0.0114000002 -0.0221999995 -0.99970001
vn -0.0124000004 -0.0220999997 -0.99970001
vn -0.0115 -0.00700000022 -0.999899983
vn -0.00800000038 -0.1087 -0.994000018
vn -0.0103000002 -0.108000003 -0.994099975
vn -0.0138999997 -0.106399998 -0.994199991
vn -0.0175000001 -0.00590000022 -0.999800026
vn -0.0164000001 -0.0239000004 -0.999599993
vn -0.0208999999 -0.00480000023 -0.999800026
vn -0.0196000002 -0.0263999999 -0.999499977
vn -0.0167999994 -0.103100002 -0.994499981
vn -0.0164999999 -0.101199999 -0.994700015
vn -0.0175000001 -0.00659999996 -0.999800026
vn -0.0136000002 -0.0296 -0.999499977
vn -0.0118000004 -0.0142999999 -0.999800026
vn -0.00650000013 -0.0337999985 -0.99940002
vn -0.0131999999 -0.102799997 -0.994599998
vn -0.00689999992 -0.1039 -0.994499981
vn -0.00800000038 -0.0218000002 -0.99970001
vn -0.0055999998 -0.0368999988 -0.999300003
vn -0.00689999992 -0.0732000023 -0.997300029
vn -0.00719999988 -0.1149 -0.993300021
vn -0.00630000001 -0.115099996 -0.993300021
vn -0.00700000022 -0.0756999999 -0.997099996
vn -0.00609999988 -0.0333999991 -0.99940002
vn -0.00520000001 -0.0292000007 -0.999499977
vn -0.00579999993 -0.0255999994 -0.999599993
vn -0.00730000017 -0.070600003 -0.997500002
vn -0.00779999979 -0.114100002 -0.993399978
vn -0.00439999998 0.203299999 -0.979099989
vn -0.00159999996 0.147 -0.989099979
vn -0.00289999996 0.153300002 -0.988200009
vn -0.0055999998 0.206900001 -0.978299975
vn -0.0074 0.238399997 -0.971099973
vn -0.00650000013 0.237900004 -0.971300006
vn -0.0092000002 0.240099996 -0.970700026
vn -0.00480000023 0.199699998 -0.979799986
vn -0.00150000001 0.143299997 -0.989700019
vn -0.0324999988 0.931699991 -0.361600012
vn -0.0234999992 0.74089998 -0.67110002
vn -0.0288999993 0.74150002 -0.67019999
vn -0.0370999984 0.934400022 -0.354099989
vn -0.0416000001 0.999000013 -0.0164000001
vn -0.0392999984 0.998899996 -0.0254999995
vn -0.0373999998 0.998700023 -0.0355999991
vn -0.0307 0.927999973 -0.371100008
vn -0.0219999999 0.741100013 -0.671000004
vn -0.0027999999 -0.0116999997 -0.999899983
vn -0.00520000001 -0.0292000007 -0.999499977
vn -0.00609999988 -0.0333999991 -0.99940002
vn -0.0037 -0.0171000008 -0.999800026
vn 0.0013 -0.0940999985 -0.995500028
vn 0.00170000002 -0.0878000036 -0.996100008
vn 0.000699999975 -0.0825999975 -0.996599972
vn -0.0037 -0.00760000013 -0.999899983
vn -0.00579999993 -0.0255999994 -0.999599993
vn -0.0151000004 -0.0659999996 -0.997699976
vn -0.0140000004 -0.100699998 -0.994799972
vn -0.0175000001 -0.0993999988 -0.994899988
vn -0.0203000009 -0.0678000003 -0.997500002
vn -0.0199999996 -0.0291000009 -0.99940002
vn -0.0140000004 -0.0274999999 -0.999499977
vn -0.0190999992 0.197999999 -0.980000019
vn -0.0142999999 0.1435 -0.989499986
vn -0.0138999997 0.151099995 -0.988399982
vn -0.0176999997 0.204600006 -0.978699982
vn -0.0210999995 0.223700002 -0.974399984
vn -0.0229000002 0.218899995 -0.975499988
vn -0.0549999997 0.952400029 -0.299899995
vn -0.0509000011 0.782500029 -0.620500028
vn -0.0520000011 0.796700001 -0.602100015
vn -0.058600001 0.960900009 -0.270599991
vn -0.0584999993 0.995199978 0.0777999982
vn -0.0535000004 0.996900022 0.056499999
vn -0.0138999997 -0.0174000002 -0.99970001
vn -0.0140000004 -0.0274999999 -0.999499977
vn -0.0199999996 -0.0291000009 -0.99940002
vn -0.0186999999 -0.0176999997 -0.99970001
vn -0.0141000003 -0.114 -0.993399978
vn -0.0119000003 -0.112000003 -0.993600011
vn -0.0133999996 0.599600017 -0.800100029
vn -0.0165999997 0.592499971 -0.805400014
vn -0.0197999999 0.749100029 -0.662100017
vn -0.0164000001 0.756799996 -0.653400004
vn -0.0187999997 0.765100002 -0.643599987
vn -0.0164000001 0.606700003 -0.794700027
vn -0.0255999994 0.505400002 -0.862500012
vn -0.0124000004 0.503400028 -0.863900006
vn -0.0154999997 0.506399989 -0.862100005
vn -0.0255999994 0.591099977 -0.806200027
vn -0.0248000007 0.605799973 -0.79519999
vn -0.0326000005 0.751299977 -0.659099996
vn -0.0335000008 0.744300008 -0.666999996
vn -0.0288999993 0.74150002 -0.67019999
vn -0.0223999992 0.58160001 -0.813199997
vn -0.0185000002 0.510200024 -0.859799981
vn -0.0196000002 0.51910001 -0.854499996
vn -0.0188999996 0.530499995 -0.84740001
vn -0.0157999992 0.472299993 -0.881299973
vn -0.0151000004 0.476500005 -0.879000008
vn -0.0155999996 0.467700005 -0.883700013
vn -0.0133999996 0.425199986 -0.904999971
vn -0.0137999998 0.425700009 -0.904699981
vn -0.0131999999 0.424499989 -0.905300021
vn -0.0322000012 0.504299998 -0.862900019
vn -0.0313000008 0.500100017 -0.865400016
vn -0.0287999995 0.453500003 -0.890799999
vn -0.0298999995 0.459500015 -0.887600005
vn -0.0288999993 0.463800013 -0.885399997
vn -0.0318999998 0.509599984 -0.859799981
vn -0.0362999998 0.580900013 -0.813199997
vn -0.0351000018 0.572600007 -0.819100022
vn -0.0337999985 0.566600025 -0.823300004
vn -0.0381999984 0.655900002 -0.753899992
vn -0.0366999991 0.649800003 -0.759199977
vn -0.0414000005 0.664600015 -0.745999992
vn -0.0450000018 0.775099993 -0.630200028
vn -0.0401999988 0.774600029 -0.631200016
vn -0.0392999984 0.775600016 -0.629899979
vn -0.0303000007 0.496100008 -0.867699981
vn -0.0302000009 0.4921 -0.870000005
vn -0.0267999992 0.437099993 -0.898999989
vn -0.0273000002 0.445600003 -0.894800007
vn -0.0287999995 0.453500003 -0.890799999
vn -0.0313000008 0.500100017 -0.865400016
vn -0.0337999985 0.566600025 -0.823300004
vn -0.0329999998 0.561699986 -0.826699972
vn -0.0333000012 0.557200015 -0.829599977
vn -0.0362999998 0.643999994 -0.764199972
vn -0.0366999991 0.638800025 -0.76849997
vn -0.0366999991 0.649800003 -0.759199977
vn -0.0392999984 0.775600016 -0.629899979
vn -0.0399999991 0.773699999 -0.632200003
vn -0.0403999984 0.771700025 -0.6347
vn -0.0281000007 0.487699986 -0.872600019
vn -0.0216000006 0.483399987 -0.875100017
vn -0.0188999996 0.424299985 -0.905300021
vn -0.0245999992 0.42930001 -0.902800024
vn -0.0313999988 0.552699983 -0.832799971
vn -0.0249000005 0.547200024 -0.836600006
vn -0.0350000001 0.634299994 -0.772199988
vn -0.0291000009 0.628600001 -0.777199984
vn -0.0388999991 0.772499979 -0.63380003
vn -0.0342999995 0.770900011 -0.635900021
vn -0.0160000008 0.479900002 -0.877200007
vn -0.0151000004 0.476500005 -0.879000008
vn -0.0131999999 0.424499989 -0.905300021
vn -0.0138999997 0.423099995 -0.905900002
vn -0.0216000006 0.483399987 -0.875100017
vn -0.0249000005 0.547200024 -0.836600006
vn -0.0193000007 0.540099978 -0.841300011
vn -0.0188999996 0.530499995 -0.84740001
vn -0.0242999997 0.619099975 -0.78490001
vn -0.0248000007 0.605799973 -0.79519999
vn -0.0291000009 0.628600001 -0.777199984
vn -0.0309999995 0.762399971 -0.646399975
vn -0.0326000005 0.751299977 -0.659099996
vn -0.0151000004 0.464100003 -0.885599971
vn -0.0151000004 0.46329999 -0.885999978
vn -0.0142999999 0.418599993 -0.907999992
vn -0.0131000001 0.422399998 -0.906300008
vn -0.0133999996 0.425199986 -0.904999971
vn -0.0155999996 0.467700005 -0.883700013
vn -0.0185000002 0.510200024 -0.859799981
vn -0.0167999994 0.507600009 -0.861400008
vn -0.0157999992 0.509000003 -0.860599995
vn -0.0186000001 0.581099987 -0.813600004
vn -0.0172000006 0.585099995 -0.810800016
vn -0.0223999992 0.58160001 -0.813199997
vn -0.0288999993 0.74150002 -0.67019999
vn -0.0234999992 0.74089998 -0.67110002
vn -0.0219999999 0.741100013 -0.671000004
vn -0.0311999992 0.51639998 -0.855700016
vn -0.0318999998 0.509599984 -0.859799981
vn -0.0275999997 0.467500001 -0.883599997
vn -0.0284000002 0.470600009 -0.881900012
vn -0.0317000002 0.523199975 -0.851599991
vn -0.0370999984 0.601300001 -0.798099995
vn -0.0370999984 0.591499984 -0.805400014
vn -0.0362999998 0.580900013 -0.813199997
vn -0.0443999991 0.676900029 -0.734700024
vn -0.0414000005 0.664600015 -0.745999992
vn -0.0439999998 0.689199984 -0.723200023
vn -0.0520000011 0.796700001 -0.602100015
vn -0.0509000011 0.782500029 -0.620500028
vn -0.0127999997 0.377900004 -0.925700009
vn -0.0125000002 0.373100013 -0.927699983
vn -0.0131999999 0.424499989 -0.905300021
vn -0.0137999998 0.425700009 -0.904699981
vn -0.0133999996 0.425199986 -0.904999971
vn -0.0118000004 0.380400002 -0.924700022
vn -0.0105999997 0.334500015 -0.942300022
vn -0.0120999999 0.33160001 -0.943300009
vn -0.0122999996 0.326799989 -0.944999993
vn -0.0110999998 0.284999996 -0.958500028
vn -0.0120999999 0.282400012 -0.959200025
vn -0.0092000002 0.286000013 -0.958199978
vn -0.00939999986 0.239800006 -0.970700026
vn -0.0114000002 0.239600003 -0.970799983
vn -0.0247000009 0.265100002 -0.96390003
vn -0.0214000009 0.265899986 -0.963699996
vn -0.0209999997 0.211799994 -0.977100015
vn -0.0237000007 0.212300003 -0.976899981
vn -0.0240000002 0.214900002 -0.976300001
vn -0.0253999997 0.264999986 -0.96390003
vn -0.0260000005 0.341399997 -0.939499974
vn -0.0258000009 0.340999991 -0.939700007
vn -0.0226000007 0.338200003 -0.940800011
vn -0.0275999997 0.412200004 -0.910600007
vn -0.0254999995 0.405600011 -0.913699985
vn -0.0271000005 0.415199995 -0.909300029
vn -0.0288999993 0.463800013 -0.885399997
vn -0.0298999995 0.459500015 -0.887600005
vn -0.0176999997 0.26820001 -0.963199973
vn -0.0156999994 0.270500004 -0.962599993
vn -0.0155999996 0.218700007 -0.975600004
vn -0.0177999996 0.214200005 -0.976599991
vn -0.0214000009 0.265899986 -0.963699996
vn -0.0226000007 0.338200003 -0.940800011
vn -0.0192000009 0.333499998 -0.942499995
vn -0.0178999994 0.327399999 -0.944700003
vn -0.023 0.395099998 -0.918299973
vn -0.0221999995 0.383300006 -0.923300028
vn -0.0254999995 0.405600011 -0.913699985
vn -0.0287999995 0.453500003 -0.890799999
vn -0.0273000002 0.445600003 -0.894800007
vn -0.0267999992 0.437099993 -0.898999989
vn -0.0144999996 0.271299988 -0.962400019
vn -0.0133999996 0.272899985 -0.961899996
vn -0.0135000004 0.230000004 -0.973100007
vn -0.0142000001 0.224199995 -0.974399984
vn -0.0167999994 0.321200013 -0.946799994
vn -0.0144999996 0.318300009 -0.947799981
vn -0.0205000006 0.373100013 -0.92750001
vn -0.0164000001 0.367599994 -0.929799974
vn -0.0245999992 0.42930001 -0.902800024
vn -0.0188999996 0.424299985 -0.905300021
vn -0.0126 0.277399987 -0.960699975
vn -0.0120999999 0.282400012 -0.959200025
vn -0.0127999997 0.2359 -0.971700013
vn -0.0125000002 0.321099997 -0.94690001
vn -0.0122999996 0.326799989 -0.944999993
vn -0.0127999997 0.368400007 -0.929499984
vn -0.0125000002 0.373100013 -0.927699983
vn -0.0138999997 0.423099995 -0.905900002
vn -0.0131999999 0.424499989 -0.905300021
vn -0.0083999997 0.288300008 -0.957499981
vn -0.0115 0.292199999 -0.95630002
vn -0.0092000002 0.240099996 -0.970700026
vn -0.00650000013 0.237900004 -0.971300006
vn -0.0074 0.238399997 -0.971099973
vn -0.0092000002 0.286000013 -0.958199978
vn -0.0105999997 0.334500015 -0.942300022
vn -0.00970000029 0.336299986 -0.941699982
vn -0.0131999999 0.338499993 -0.940900028
vn -0.0111999996 0.379999995 -0.924899995
vn -0.0131000001 0.379099995 -0.925199986
vn -0.0118000004 0.380400002 -0.924700022
vn -0.0133999996 0.425199986 -0.904999971
vn -0.0131000001 0.422399998 -0.906300008
vn -0.0142999999 0.418599993 -0.907999992
vn -0.0245999992 0.264999986 -0.96390003
vn -0.0229000002 0.218899995 -0.975499988
vn -0.0210999995 0.223700002 -0.974399984
vn -0.0241999999 0.267399997 -0.96329999
vn -0.0263 0.340600014 -0.939800024
vn -0.0252999999 0.340499997 -0.939899981
vn -0.0259000007 0.416000009 -0.908999979
vn -0.0271000005 0.415899992 -0.908999979
vn -0.0284000002 0.470600009 -0.881900012
vn -0.0275999997 0.467500001 -0.883599997
vn 0.00310000009 -0.0368999988 -0.999300003
vn -0.00270000007 0.132799998 -0.991100013
vn -0.00209999993 0.132200003 -0.99119997
vn 0.00319999992 -0.0366000012 -0.999300003
vn 0.00760000013 -0.186100006 -0.982500017
vn 0.00789999962 -0.189899996 -0.981700003
vn 0.00779999979 -0.194499999 -0.980799973
vn 0.00319999992 -0.0355999991 -0.999300003
vn -0.00359999994 0.141499996 -0.989899993
vn 0.0037 -0.0362999998 -0.999300003
vn -0.00190000003 0.141900003 -0.989899993
vn 0.00779999979 -0.199399993 -0.979900002
vn 0.00970000029 -0.579599977 -0.814800024
vn 0.0295000002 -0.933799982 -0.3565
vn -0.00829999987 -0.156800002 -0.987600029
vn -0.00910000037 -0.156200007 -0.987699986
vn 0.0104 -0.578400016 -0.815599978
vn 0.0322000012 -0.933700025 -0.356599987
vn 0.0361000001 -0.58920002 -0.807200015
vn 0.0791999996 -0.932200015 -0.352999985
vn -0.0103000002 -0.155100003 -0.987800002
vn -0.0144999996 -0.153099999 -0.988099992
vn 0.122299999 -0.596099973 -0.793500006
vn 0.226500005 -0.912699997 -0.34009999
vn -0.00789999962 -0.146500006 -0.989199996
vn -0.00800000038 -0.113200001 -0.993499994
vn -0.00810000021 -0.112400003 -0.993600011
vn -0.00829999987 -0.145899996 -0.989300013
vn -0.0092000002 -0.144999996 -0.989400029
vn -0.00870000012 -0.111500002 -0.993700027
vn -0.0104 -0.109899998 -0.993900001
vn -0.0120000001 -0.143199995 -0.989600003
vn 0.00520000001 -0.178399995 -0.983900011
vn 0.0057000001 -0.173999995 -0.984700024
vn -0.000199999995 -0.0667999983 -0.997699976
vn -0.00109999999 -0.0709000006 -0.997500002
vn -0.00159999996 -0.0746000037 -0.997200012
vn 0.00490000006 -0.183599994 -0.98299998
vn 0.00510000018 -0.188999996 -0.981999993
vn -0.000899999985 -0.0784000009 -0.996900022
vn -0.00439999998 0.196700007 -0.980400026
vn -0.00190000003 0.141900003 -0.989899993
vn -0.00150000001 0.143299997 -0.989700019
vn -0.00480000023 0.199699998 -0.979799986
vn -0.0092000002 0.240099996 -0.970700026
vn -0.00659999996 0.226099998 -0.974099994
vn -0.00230000005 0.217899993 -0.976000011
vn -0.00469999993 0.199900001 -0.979799986
vn -0.00359999994 0.141499996 -0.989899993
vn -0.00789999962 -0.0688000023 -0.997600019
vn -0.00800000038 -0.113200001 -0.993499994
vn -0.00719999988 -0.0231999997 -0.99970001
vn -0.00779999979 -0.0217000004 -0.99970001
vn -0.00810000021 -0.0676999986 -0.997699976
vn -0.00810000021 -0.112400003 -0.993600011
vn -0.0083999997 -0.0666999966 -0.997699976
vn -0.00870000012 -0.111500002 -0.993700027
vn -0.00779999979 -0.0201999992 -0.999800026
vn -0.00850000046 -0.0184000004 -0.999800026
vn -0.00939999986 -0.0656000003 -0.997799993
vn -0.0104 -0.109899998 -0.993900001
vn -0.0306000002 0.926400006 -0.37529999
vn -0.0229000002 0.741400003 -0.670599997
vn -0.0357000008 0.99849999 -0.0403999984
vn -0.0350000001 0.998600006 -0.0401999988
vn -0.0313000008 0.926999986 -0.373699993
vn -0.0247000009 0.742200017 -0.669700027
vn -0.0306000002 0.928900003 -0.369100004
vn -0.0243999995 0.744199991 -0.667400002
vn -0.0340999998 0.998700023 -0.0377000012
vn -0.0310999993 0.998899996 -0.0344999991
vn -0.0263999999 0.931699991 -0.362300009
vn -0.0197999999 0.749100029 -0.662100017
vn -0.00549999997 -0.0046000001 -1
vn -0.00719999988 -0.0231999997 -0.99970001
vn -0.000899999985 -0.0784000009 -0.996900022
vn -0.00159999996 -0.0746000037 -0.997200012
vn -0.00630000001 -0.00240000011 -1
vn -0.00779999979 -0.0217000004 -0.99970001
vn -0.00600000005 -0 -1
vn -0.00779999979 -0.0201999992 -0.999800026
vn -0.00109999999 -0.0709000006 -0.997500002
vn -0.000199999995 -0.0667999983 -0.997699976
vn -0.00590000022 0.00329999998 -1
vn -0.00850000046 -0.0184000004 -0.999800026
vn -0.0121999998 0.464100003 -0.885699987
vn -0.0138999997 0.508599997 -0.860899985
vn -0.00899999961 0.495400012 -0.868600011
vn 0.00380000006 0.457800001 -0.888999999
vn 0.00120000006 0.43689999 -0.899500012
vn -0.0113000004 0.426600009 -0.904299974
vn -0.0207000002 0.587300003 -0.809099972
vn -0.0243999995 0.744199991 -0.667400002
vn -0.0197999999 0.749100029 -0.662100017
vn -0.0165999997 0.592499971 -0.805400014
vn -0.0154999997 0.506399989 -0.862100005
vn -0.0188999996 0.497399986 -0.867299974
vn -0.0195000004 0.586000025 -0.810100019
vn -0.0247000009 0.742200017 -0.669700027
vn -0.0172000006 0.586700022 -0.809599996
vn -0.0229000002 0.741400003 -0.670599997
vn -0.0130000003 0.380499989 -0.924700022
vn 0.0175999999 0.378699988 -0.925300002
vn 0.0151000004 0.356700003 -0.934099972
vn -0.0172000006 0.344199985 -0.93870002
vn -0.0131999999 0.338499993 -0.940900028
vn -0.0131000001 0.379099995 -0.925199986
vn -0.0142999999 0.418599993 -0.907999992
vn -0.0104999999 0.3917 -0.920000017
vn 0.0164000001 0.346700013 -0.93779999
vn -0.00769999996 0.388999999 -0.921199977
vn 0.0172000006 0.418599993 -0.907999992
vn 0.0254999995 0.377200007 -0.925800025
vn 0.00499999989 0.306499988 -0.951799989
vn -0.0113000004 0.426600009 -0.904299974
vn 0.00120000006 0.43689999 -0.899500012
vn -0.0154999997 0.300399989 -0.953700006
vn 0.00480000023 0.32159999 -0.94690001
vn -0.00079999998 0.324299991 -0.94599998
vn -0.0124000004 0.274800003 -0.961399972
vn -0.0092000002 0.240099996 -0.970700026
vn -0.0115 0.292199999 -0.95630002
vn -0.00910000037 0.266600013 -0.963699996
vn -0.00930000003 0.332599998 -0.943000019
vn -0.0125000002 0.302300006 -0.953100026
vn -0.00469999993 0.243599996 -0.969799995
vn -0.00230000005 0.217899993 -0.976000011
vn -0.00659999996 0.226099998 -0.974099994
vn -0.00400000019 0.181700006 -0.983299971
vn -0.0109000001 0.191200003 -0.98150003
vn -0.0194000006 0.200000003 -0.979600012
vn -0.00350000011 0.185200006 -0.98269999
vn -0.00359999994 0.183899999 -0.982900023
vn -0.00359999994 0.181500003 -0.983399987
vn -0.00209999993 0.132200003 -0.99119997
vn -0.00270000007 0.132799998 -0.991100013
vn -0.00359999994 0.141499996 -0.989899993
vn -0.00329999998 0.181899995 -0.983299971
vn -0.00419999985 0.183400005 -0.98299998
vn 0.0110999998 0.196500003 -0.980400026
vn 0.0037 0.191799998 -0.981400013
vn 0.00159999996 0.145799994 -0.989300013
vn -0.00109999999 0.135700002 -0.990700006
vn -0.0157999992 0.294099987 -0.955600023
vn -0.0714000016 0.317000002 -0.94569999
vn -0.0877000019 0.319299996 -0.943599999
vn -0.0201999992 0.321500003 -0.946699977
vn -0.0120999999 0.319799989 -0.947399974
vn -0.00749999983 0.28459999 -0.958599985
vn -0.00150000001 0.236300007 -0.971599996
vn -0.0111999996 0.280200005 -0.959800005
vn -0.0544999987 0.364499986 -0.9296
vn -0.0210999995 0.350899994 -0.936200023
vn -0.0870999992 0.325800002 -0.941399992
vn -0.0846000016 0.261999995 -0.961300015
vn -0.0229000002 0.363900006 -0.931100011
vn -0.00999999978 0.409999996 -0.912
vn -0.0109999999 0.35710001 -0.934000015
vn -0.0335000008 0.344399989 -0.938199997
vn -0.0229000002 0.363900006 -0.931100011
vn -0.0846000016 0.261999995 -0.961300015
vn -0.0741000026 0.0876000002 -0.993399978
vn -0.0626000017 0.211999997 -0.975199997
vn -0.058600001 0.374599993 -0.925300002
vn -0.0359999985 0.431499988 -0.90140003
vn -0.0181000009 0.421099991 -0.906799972
vn -0.00999999978 0.409999996 -0.912
vn -0.0092000002 0.289099991 -0.957199991
vn -0.0320000015 0.440600008 -0.897099972
vn -0.0544999987 0.364499986 -0.9296
vn -0.0111999996 0.280200005 -0.959800005
vn -0.00150000001 0.236300007 -0.971599996
vn -0.00230000005 0.225700006 -0.97420001
vn -0.00469999993 0.216399997 -0.976300001
vn -0.00529999984 0.257099986 -0.966300011
vn 0.0219000001 0.388099998 -0.921400011
vn -0.0688000023 0.423200011 -0.903400004
vn -0.0820999965 0.398400009 -0.913500011
vn -0.0392000005 0.378199995 -0.924899995
vn -0.0370000005 0.421799988 -0.905900002
vn -0.0255999994 0.505400002 -0.862500012
vn -0.0381999984 0.460500002 -0.886799991
vn -0.058600001 0.374599993 -0.925300002
vn -0.0626000017 0.211999997 -0.975199997
vn -0.00930000003 0.41960001 -0.907599986
vn -0.0370000005 0.421799988 -0.905900002
vn -0.00340000005 0.375499994 -0.926800013
vn -0.0113000004 0.389899999 -0.920700014
vn -0.0132999998 0.432999998 -0.901300013
vn -0.0154999997 0.506399989 -0.862100005
vn -0.0124000004 0.503400028 -0.863900006
vn -0.0255999994 0.505400002 -0.862500012
vn -0.0172000006 0.425500005 -0.904799998
vn -0.0178999994 0.3847 -0.922800004
vn 0.0189999994 0.398799986 -0.916800022
vn 0.00659999996 0.431100011 -0.902199984
vn -0.00899999961 0.495400012 -0.868600011
vn -0.0188999996 0.497399986 -0.867299974
vn -0.0132999998 0.432999998 -0.901300013
vn -0.0113000004 0.389899999 -0.920700014
vn 0.0322999991 0.4384 -0.898199975
vn 0.0518000014 0.428499997 -0.90200001
vn 0.00380000006 0.457800001 -0.888999999
vn -0.00899999961 0.495400012 -0.868600011
vn 0.00659999996 0.431100011 -0.902199984
vn 0.0189999994 0.398799986 -0.916800022
vn -0.0126 0.213100001 -0.976899981
vn -0.0222999994 0.230800003 -0.9727
vn -0.00469999993 0.199900001 -0.979799986
vn -0.00230000005 0.217899993 -0.976000011
vn -0.00469999993 0.243599996 -0.969799995
vn -0.0125000002 0.302300006 -0.953100026
vn 0.00439999998 0.215200007 -0.976499975
vn 0.0208000001 0.229800001 -0.97299999
vn 0.0219000001 0.388099998 -0.921400011
vn -0.00529999984 0.257099986 -0.966300011
vn -0.00079999998 0.199699998 -0.979900002
vn 0.0292000007 0.480500013 -0.87650001
vn -0.0168999992 0.497399986 -0.867299974
vn -0.000600000028 0.107799999 -0.994199991
vn -0.0108000003 0.117399998 -0.992999971
vn -0.0423000008 0.170499995 -0.984399974
vn 0.112099998 0.419 -0.901000023
vn 0.353899986 0.819299996 -0.451099992
vn 0.0702999979 0.911599994 -0.405000001
vn -0.0315999985 0.920099974 -0.390399992
vn -0.065700002 0.483999997 -0.872600019
vn 0.00669999979 0.116800003 -0.993099988
vn -0.134299994 0.912 -0.387699991
vn -0.370599985 0.816799998 -0.442200005
vn -0.134399995 0.421000004 -0.897000015
vn 0.0436000004 0.147 -0.988200009
vn 0.0626000017 -0.0471000001 -0.996900022
vn -0.0130000003 0.336299986 -0.941600025
vn -0.00960000046 0.342000008 -0.939599991
vn 0.00700000022 -0.0824000016 -0.996599972
vn 0.0296999998 -0.667999983 -0.743600011
vn 0.139799997 -0.640699983 -0.754899979
vn 0.488299996 -0.444799989 -0.750800014
vn 0.217700005 0.131200001 -0.967100024
vn 0.0291000009 0.374900013 -0.926599979
vn -0.0346999988 -0.0590000004 -0.997699976
vn 0.000500000024 0.3486 -0.937300026
vn -0.0384000018 0.361999989 -0.931400001
vn -0.177900001 0.0807999969 -0.980700016
vn -0.347900003 -0.4921 -0.797999978
vn -0.059799999 -0.661899984 -0.747200012
vn -0.1928 0.385600001 -0.9023
vn -0.242200002 0.385500014 -0.890299976
vn 0.328000009 0.294999987 -0.897400022
vn 0.0873000026 0.213200003 -0.973100007
vn -0.620500028 0.582099974 -0.5255
vn -0.726700008 0.373199999 -0.576600015
vn -0.311100006 0.231600001 -0.921700001
vn -0.0852999985 0.391299993 -0.916299999
vn 0.168799996 0.386999995 -0.906499982
vn -0.353300005 0.320600003 -0.878799975
vn -0.748700023 0.123800002 -0.651199996
vn -0.649299979 -0.121299997 -0.750800014
vn 0.353500009 0.291099995 -0.888999999
vn 0.0773999989 0.425300002 -0.90170002
vn 0.0291000009 0.374900013 -0.926599979
vn 0.217700005 0.131200001 -0.967100024
vn 0.488299996 -0.444799989 -0.750800014
vn 0.787400007 -0.075000003 -0.611800015
vn 0.846400023 0.112300001 -0.520600021
vn 0.393000007 0.342000008 -0.853600025
vn -0.0432000011 0.405600011 -0.912999988
vn 0.238600001 0.389999986 -0.889400005
vn -0.0337000005 0.247099996 -0.968400002
vn -0.0582000017 0.335299999 -0.940299988
vn 0.342599988 0.352699995 -0.870800018
vn 0.810599983 0.320300013 -0.490200013
vn 0.680700004 0.552399993 -0.48120001
vn 0.362800002 0.345400006 -0.865400016
vn -0.157100007 0.37470001 -0.913699985
vn 0.839100003 0.202600002 -0.504800022
vn -0.297500014 0.369199991 -0.880400002
vn 0.365799993 0.369500011 -0.854200006
vn 0.328000009 0.294999987 -0.897400022
vn -0.242200002 0.385500014 -0.890299976
vn -0.726700008 0.373199999 -0.576600015
vn -0.753899992 0.244800001 -0.609600008
vn 0.0741000026 0.960600019 -0.26789999
vn -0.0281000007 0.966700017 -0.254099995
vn -0.0315999985 0.920099974 -0.390399992
vn 0.0702999979 0.911599994 -0.405000001
vn 0.353899986 0.819299996 -0.451099992
vn 0.376100004 0.870400012 -0.317499995
vn 0.247600004 0.845000029 -0.474000007
vn 0.0738999993 0.867600024 -0.491699994
vn -0.0212999992 0.868900001 -0.494599998
vn -0.138699993 0.958899975 -0.247400001
vn -0.134299994 0.912 -0.387699991
vn -0.129999995 0.861000001 -0.491699994
vn -0.31279999 0.825699985 -0.469399989
vn -0.414000005 0.858900011 -0.301600009
vn -0.370599985 0.816799998 -0.442200005
vn 0.148100004 -0.722800016 -0.674899995
vn 0.139799997 -0.640699983 -0.754899979
vn 0.0296999998 -0.667999983 -0.743600011
vn 0.0388999991 -0.744599998 -0.666299999
vn 0.0313000008 -0.3653 -0.930400014
vn 0.131899998 -0.369199991 -0.9199
vn 0.3486 -0.363499999 -0.863900006
vn 0.501600027 -0.550400019 -0.667299986
vn 0.488299996 -0.444799989 -0.750800014
vn -0.0588000007 -0.740999997 -0.668900013
vn -0.059799999 -0.661899984 -0.747200012
vn -0.347900003 -0.4921 -0.797999978
vn -0.362399995 -0.583000004 -0.727199972
vn -0.25819999 -0.380299985 -0.888100028
vn -0.0647 -0.377299994 -0.923799992
vn -0.687300026 0.587800026 -0.426699996
vn -0.773100019 0.350800008 -0.528299987
vn -0.726700008 0.373199999 -0.576600015
vn -0.620500028 0.582099974 -0.5255
vn -0.448399991 0.610199988 -0.653100014
vn -0.478399992 0.418599993 -0.771899998
vn -0.674799979 -0.184 -0.714600027
vn -0.649299979 -0.121299997 -0.750800014
vn -0.748700023 0.123800002 -0.651199996
vn -0.760299981 0.0996999964 -0.641900003
vn -0.450100005 0.237000003 -0.860899985
vn -0.407700002 -0.00170000002 -0.913100004
vn 0.806200027 -0.163000003 -0.568700016
vn 0.787400007 -0.075000003 -0.611800015
vn 0.488299996 -0.444799989 -0.750800014
vn 0.501600027 -0.550400019 -0.667299986
vn 0.3486 -0.363499999 -0.863900006
vn 0.492000014 -0.000899999985 -0.870500028
vn 0.512799978 0.2324 -0.826399982
vn 0.863900006 0.0830999985 -0.496699989
vn 0.846400023 0.112300001 -0.520600021
vn 0.704599977 0.583700001 -0.403400004
vn 0.680700004 0.552399993 -0.48120001
vn 0.810599983 0.320300013 -0.490200013
vn 0.819999993 0.342000008 -0.458900005
vn 0.472000003 0.452100009 -0.756799996
vn 0.411799997 0.646300018 -0.642400026
vn 0.854700029 0.203600004 -0.477499992
vn 0.839100003 0.202600002 -0.504800022
vn 0.499000013 0.329100013 -0.801699996
vn -0.776600003 0.221900001 -0.589600027
vn -0.753899992 0.244800001 -0.609600008
vn -0.726700008 0.373199999 -0.576600015
vn -0.773100019 0.350800008 -0.528299987
vn -0.478399992 0.418599993 -0.771899998
vn -0.466899991 0.320499986 -0.824100018
vn 0.104699999 0.135199994 -0.985300004
vn 0.131899998 -0.369199991 -0.9199
vn 0.0313000008 -0.3653 -0.930400014
vn 0.00760000013 0.169400007 -0.985499978
vn -0.0057000001 0.3292 -0.944199979
vn 0.0882000029 0.312099993 -0.945900023
vn 0.492000014 -0.000899999985 -0.870500028
vn 0.3486 -0.363499999 -0.863900006
vn -0.0837000012 0.144299999 -0.986000001
vn -0.0647 -0.377299994 -0.923799992
vn -0.25819999 -0.380299985 -0.888100028
vn -0.407700002 -0.00170000002 -0.913100004
vn -0.450100005 0.237000003 -0.860899985
vn -0.0939000025 0.324800014 -0.941100001
vn -0.107100002 0.362899989 -0.925599992
vn -0.466899991 0.320499986 -0.824100018
vn -0.478399992 0.418599993 -0.771899998
vn -0.124600001 0.448199987 -0.885200024
vn -0.0174000002 0.449099988 -0.893299997
vn -0.0126999998 0.352800012 -0.935599983
vn -0.0057000001 0.3292 -0.944199979
vn -0.0939000025 0.324800014 -0.941100001
vn -0.450100005 0.237000003 -0.860899985
vn -0.1294 0.628700018 -0.766799986
vn -0.129999995 0.861000001 -0.491699994
vn -0.0212999992 0.868900001 -0.494599998
vn -0.0182000007 0.638899982 -0.768999994
vn -0.124600001 0.448199987 -0.885200024
vn -0.448399991 0.610199988 -0.653100014
vn -0.31279999 0.825699985 -0.469399989
vn 0.0816999972 0.65140003 -0.754299998
vn 0.0738999993 0.867600024 -0.491699994
vn 0.247600004 0.845000029 -0.474000007
vn 0.411799997 0.646300018 -0.642400026
vn 0.0859000012 0.463499993 -0.881900012
vn -0.0174000002 0.449099988 -0.893299997
vn -0.0182000007 0.638899982 -0.768999994
vn -0.0212999992 0.868900001 -0.494599998
vn 0.0837000012 0.3565 -0.930499971
vn 0.499000013 0.329100013 -0.801699996
vn 0.512799978 0.2324 -0.826399982
vn 0.0882000029 0.312099993 -0.945900023
vn 0.0859000012 0.463499993 -0.881900012
vn 0.472000003 0.452100009 -0.756799996
vn -0.0350000001 0.988300025 0.148599997
vn -0.0328000002 0.988300025 0.148800001
vn -0.0310999993 0.998899996 -0.0344999991
vn -0.0340999998 0.998700023 -0.0377000012
vn -0.0350000001 0.998600006 -0.0401999988
vn -0.0359000005 0.988300025 0.148399994
vn -0.0359999985 0.979600012 0.197600007
vn -0.0351999998 0.979600012 0.197500005
vn -0.0333000012 0.979700029 0.197300002
vn -0.0351999998 0.979600012 0.197500005
vn -0.0333000012 0.979700029 0.197400004
vn -0.0359999985 0.979600012 0.197600007
vn -0.0359999985 0.979600012 0.197600007
vn -0.0351999998 0.979600012 0.197600007
vn -0.0333000012 0.979700029 0.197400004
vn -0.0372000001 0.988200009 0.148399994
vn -0.0357000008 0.99849999 -0.0403999984
vn -0.0373999998 0.998700023 -0.0355999991
vn -0.0397000015 0.987999976 0.149399996
vn -0.0401000008 0.979600012 0.196899995
vn -0.0373999998 0.979600012 0.197300002
vn -0.0373000018 0.979600012 0.197300002
vn -0.0399999991 0.979600012 0.196899995
vn -0.0399999991 0.979600012 0.196899995
vn -0.0373000018 0.979600012 0.197300002
vn 0.0331999995 -0.976000011 -0.215399995
vn 0.0265999995 -0.976199985 -0.215299994
vn 0.0238000005 -0.934000015 -0.356299996
vn 0.0322000012 -0.933700025 -0.356599987
vn 0.0362000018 -0.975799978 -0.215399995
vn 0.0366999991 -0.979700029 -0.197099999
vn 0.0335999988 -0.979799986 -0.197099999
vn 0.0269000009 -0.980000019 -0.196999997
vn 0.0335999988 -0.979799986 -0.197099999
vn 0.0269000009 -0.980000019 -0.196999997
vn 0.0366999991 -0.979700029 -0.197099999
vn 0.0366999991 -0.979700029 -0.197099999
vn 0.0335999988 -0.979799986 -0.197099999
vn 0.0269000009 -0.980000019 -0.196999997
vn 0.0870999992 -0.9727 -0.215000004
vn 0.0362000018 -0.975799978 -0.215399995
vn 0.0322000012 -0.933700025 -0.356599987
vn 0.226500005 -0.912699997 -0.34009999
vn 0.244800001 -0.946399987 -0.210600004
vn 0.247099996 -0.949299991 -0.194000006
vn 0.0879999995 -0.976400018 -0.197099999
vn 0.0366999991 -0.979700029 -0.197099999
vn 0.0879999995 -0.976400018 -0.197099999
vn 0.0366999991 -0.979700029 -0.197099999
vn 0.247099996 -0.949299991 -0.194000006
vn 0.240600005 -0.950999975 -0.194199994
vn 0.0869999975 -0.976499975 -0.197099999
vn 0.0366999991 -0.979700029 -0.197099999
vn 0.987699986 -0.137999997 -0.0727000013
vn 0.982900023 -0.167099997 -0.0771000013
vn 0.933000028 -0.166700006 -0.318699986
vn 0.933700025 -0.145899996 -0.326900005
vn 0.99150002 -0.109700002 -0.0688999966
vn 0.993900001 -0.104400001 -0.0351999998
vn 0.990100026 -0.134000003 -0.0410999991
vn 0.984899998 -0.166299999 -0.0474999994
vn 0.990100026 -0.134000003 -0.0410999991
vn 0.984899998 -0.166299999 -0.0474999994
vn 0.993900001 -0.104400001 -0.0353000015
vn 0.993499994 -0.107600003 -0.0359000005
vn 0.989600003 -0.137500003 -0.0417999998
vn 0.984399974 -0.169 -0.0480999984
vn 0.947300017 -0.305299997 -0.0970000029
vn 0.926699996 -0.361600012 -0.102600001
vn 0.911599994 -0.301400006 -0.279399991
vn 0.92019999 -0.246600002 -0.303900003
vn 0.961899996 -0.257200003 -0.0920000002
vn 0.96390003 -0.2579 -0.0656000003
vn 0.949299991 -0.305299997 -0.0749000013
vn 0.928499997 -0.361299992 -0.0859000012
vn 0.949299991 -0.305299997 -0.0749000013
vn 0.928499997 -0.361299992 -0.0859000012
vn 0.96390003 -0.2579 -0.0656000003
vn 0.963 -0.261000007 -0.0662999973
vn 0.948099971 -0.308600008 -0.0755999982
vn 0.926100016 -0.3671 -0.0869999975
vn 0.998300016 -0.0258000009 -0.0529000014
vn 0.997900009 -0.0353000015 -0.0548
vn 0.951300025 0.00889999978 -0.307999998
vn 0.951799989 0.0255999994 -0.305700004
vn 0.998700023 0.0254999995 -0.0428999998
vn 0.999800026 0.0179999992 -0.0108000003
vn 0.999199986 -0.0320999995 -0.0208000001
vn 0.998899996 -0.0406000018 -0.0225000009
vn 0.999199986 -0.0320999995 -0.0208000001
vn 0.998899996 -0.0406000018 -0.0225000009
vn 0.999800026 0.0179999992 -0.0108000003
vn 0.999800026 0.0187999997 -0.0105999997
vn 0.999199986 -0.0322000012 -0.0208000001
vn 0.998899996 -0.0405000001 -0.0225000009
vn 0.754400015 0.649699986 0.0935999975
vn 0.822399974 0.563399971 0.0790000036
vn 0.605400026 0.795899987 -0.00100000005
vn 0.474000007 0.877900004 0.0675999969
vn 0.494599998 0.859700024 0.127399996
vn 0.502300024 0.849099994 0.163100004
vn 0.781499982 0.613699973 0.112199999
vn 0.834399998 0.542200029 0.0983000025
vn 0.781599998 0.613499999 0.112099998
vn 0.834900022 0.541599989 0.0982000008
vn 0.502300024 0.849099994 0.163100004
vn 0.354099989 0.917900026 0.179100007
vn 0.758300006 0.641200006 0.117799997
vn 0.831099987 0.547200024 0.0989999995
vn 0.974699974 -0.207000002 -0.0843999982
vn 0.961899996 -0.257200003 -0.0920000002
vn 0.92019999 -0.246600002 -0.303900003
vn 0.9296 -0.194199994 -0.31310001
vn 0.982900023 -0.167099997 -0.0771000013
vn 0.984899998 -0.166299999 -0.0474999994
vn 0.976499975 -0.208000004 -0.0557999983
vn 0.96390003 -0.2579 -0.0656000003
vn 0.976499975 -0.208000004 -0.0557999983
vn 0.96390003 -0.2579 -0.0656000003
vn 0.984899998 -0.166299999 -0.0474999994
vn 0.984399974 -0.169 -0.0480999984
vn 0.975899994 -0.210899994 -0.056400001
vn 0.963 -0.261000007 -0.0662999973
vn 0.994300008 0.102899998 -0.0270000007
vn 0.998700023 0.0254999995 -0.0428999998
vn 0.951399982 0.0842999965 -0.296200007
vn 0.945900023 0.169599995 -0.276600003
vn 0.985099971 0.171299994 -0.0124000004
vn 0.986699998 0.161500007 0.0182000007
vn 0.995500028 0.0939999968 0.00449999981
vn 0.999800026 0.0179999992 -0.0108000003
vn 0.995500028 0.0939999968 0.00449999981
vn 0.999800026 0.0179999992 -0.0108000003
vn 0.986699998 0.161500007 0.0182000007
vn 0.986299992 0.163800001 0.0186000001
vn 0.995400012 0.0960000008 0.00490000006
vn 0.999800026 0.0187999997 -0.0105999997
vn 0.971899986 0.235300004 0.00139999995
vn 0.985099971 0.171299994 -0.0124000004
vn 0.935800016 0.243399993 -0.254999995
vn 0.921000004 0.31220001 -0.232999995
vn 0.952199996 0.305000007 0.0166999996
vn 0.954999983 0.293000013 0.0450000018
vn 0.973999977 0.2245 0.0308999997
vn 0.986699998 0.161500007 0.0182000007
vn 0.973999977 0.2245 0.0308999997
vn 0.986699998 0.161500007 0.0182000007
vn 0.954999983 0.293000013 0.0450000018
vn 0.953499973 0.297699988 0.0460000001
vn 0.973100007 0.228100002 0.0315999985
vn 0.986299992 0.163800001 0.0186000001
vn -0.996299982 -0.0829000026 -0.0193000007
vn -0.996900022 -0.0758000016 -0.0177999996
vn -0.981599987 -0.0917000026 -0.167500004
vn -0.979399979 -0.105899997 -0.171900004
vn -0.995400012 -0.0930999964 -0.0215000007
vn -0.995800018 -0.0914999992 -0.00400000019
vn -0.996599972 -0.0817999989 -0.00200000009
vn -0.997200012 -0.0751999989 -0.000699999975
vn -0.996599972 -0.0817999989 -0.00200000009
vn -0.997200012 -0.0751999989 -0.000699999975
vn -0.995800018 -0.0914999992 -0.00400000019
vn -0.995700002 -0.0925000012 -0.00419999985
vn -0.996599972 -0.0824000016 -0.00219999999
vn -0.997099996 -0.0755999982 -0.00079999998
vn -0.997600019 -0.0676999986 -0.0156999994
vn -0.99849999 -0.0529000014 -0.0119000003
vn -0.985899985 -0.0681999996 -0.152999997
vn -0.984700024 -0.0700000003 -0.159400001
vn -0.996900022 -0.0758000016 -0.0177999996
vn -0.997200012 -0.0751999989 -0.000699999975
vn -0.997699976 -0.0672999993 0.000899999985
vn -0.998700023 -0.0511999987 0.00410000002
vn -0.997699976 -0.0672999993 0.000899999985
vn -0.998700023 -0.0511999987 0.00410000002
vn -0.997200012 -0.0751999989 -0.000699999975
vn -0.997099996 -0.0755999982 -0.00079999998
vn -0.997699976 -0.0680000037 0.000699999975
vn -0.99849999 -0.0535999984 0.00359999994
vn -0.869700015 0.483799994 0.0970000029
vn -0.773899972 0.620599985 0.125599995
vn -0.837300003 0.546599984 0.0055999998
vn -0.87620002 0.481299996 -0.0225000009
vn -0.904200017 0.418900013 0.0829000026
vn -0.906599998 0.410899997 0.0954999998
vn -0.872900009 0.475800008 0.108000003
vn -0.777800024 0.613900006 0.134399995
vn -0.872900009 0.475800008 0.108000003
vn -0.777800024 0.613900006 0.134399995
vn -0.906599998 0.410899997 0.0954999998
vn -0.903299987 0.417800009 0.0967999995
vn -0.865999997 0.487699986 0.110299997
vn -0.746100008 0.650699973 0.141299993
vn -0.987500012 0.154799998 0.0280000009
vn -0.977699995 0.206300005 0.0386000015
vn -0.974699974 0.193100005 -0.1127
vn -0.98360002 0.127700001 -0.127599999
vn -0.995400012 0.0948000029 0.0160000008
vn -0.995299995 0.0908999965 0.0326000005
vn -0.987600029 0.150199994 0.0443000011
vn -0.978100002 0.200800002 0.0544000007
vn -0.987600029 0.150199994 0.0443000011
vn -0.978100002 0.2007 0.0544000007
vn -0.995299995 0.0908999965 0.0326000005
vn -0.995199978 0.0916000009 0.0326999985
vn -0.987399995 0.151800007 0.0447000004
vn -0.977699995 0.202600002 0.0548
vn -0.965399981 0.256099999 0.0487999991
vn -0.947099984 0.314999998 0.0610000007
vn -0.947899997 0.308099985 -0.0812999979
vn -0.962899983 0.251899987 -0.0973000005
vn -0.977699995 0.206300005 0.0386000015
vn -0.978100002 0.200800002 0.0544000007
vn -0.966199994 0.249599993 0.064000003
vn -0.948400021 0.307999998 0.0754999965
vn -0.966199994 0.249599993 0.064000003
vn -0.948400021 0.307999998 0.0754999965
vn -0.978100002 0.2007 0.0544000007
vn -0.977699995 0.202600002 0.0548
vn -0.96509999 0.253500015 0.0648000017
vn -0.94660002 0.313199997 0.0764999986
vn -0.926900029 0.368200004 0.0720999986
vn -0.904200017 0.418900013 0.0829000026
vn -0.903299987 0.426600009 -0.0432000011
vn -0.926699996 0.370499998 -0.061999999
vn -0.947099984 0.314999998 0.0610000007
vn -0.948400021 0.307999998 0.0754999965
vn -0.928600013 0.360799998 0.0857999995
vn -0.906599998 0.410899997 0.0954999998
vn -0.928600013 0.360799998 0.0857999995
vn -0.906599998 0.410899997 0.0954999998
vn -0.948400021 0.307999998 0.0754999965
vn -0.94660002 0.313199997 0.0764999986
vn -0.926699996 0.36559999 0.0866999999
vn -0.903299987 0.417800009 0.0967999995
vn -0.99849999 0.0540000014 0.00800000038
vn -0.995400012 0.0948000029 0.0160000008
vn -0.98360002 0.127700001 -0.127599999
vn -0.987399995 0.0837000012 -0.134299994
vn -0.999300003 0.0366000012 0.0046000001
vn -0.999199986 0.0335000008 0.0210999995
vn -0.998399973 0.0505000018 0.0244999994
vn -0.995299995 0.0908999965 0.0326000005
vn -0.998399973 0.0505000018 0.0244999994
vn -0.995299995 0.0908999965 0.0326000005
vn -0.999199986 0.0335000008 0.0210999995
vn -0.999199986 0.0333999991 0.0210999995
vn -0.998399973 0.0505999997 0.0244999994
vn -0.995199978 0.0916000009 0.0326999985
vn -0.99940002 -0.0342000015 -0.0083999997
vn -0.99970001 -0.0222999994 -0.00719999988
vn -0.984200001 -0.0680000037 -0.163699999
vn -0.985199988 -0.0724999979 -0.155399993
vn -0.99849999 -0.0529000014 -0.0119000003
vn -0.998700023 -0.0511999987 0.00410000002
vn -0.999499977 -0.0297999997 0.0083999997
vn -0.999800026 -0.0168999992 0.0109999999
vn -0.999499977 -0.0297999997 0.0083999997
vn -0.999800026 -0.0168999992 0.0109999999
vn -0.998700023 -0.0511999987 0.00410000002
vn -0.99849999 -0.0535999984 0.00359999994
vn -0.99940002 -0.0331000015 0.00779999979
vn -0.999800026 -0.0175999999 0.0109000001
vn 0.853399992 0.516499996 0.070100002
vn 0.890900016 0.451000005 0.0535000004
vn 0.789900005 0.605099976 -0.0995000005
vn 0.728799999 0.681900024 -0.0617999993
vn 0.822399974 0.563399971 0.0790000036
vn 0.834399998 0.542200029 0.0983000025
vn 0.859700024 0.502499998 0.0917000026
vn 0.895200014 0.438699991 0.0781000033
vn 0.860000014 0.501900017 0.0916000009
vn 0.895299971 0.438600004 0.0780000016
vn 0.834900022 0.541599989 0.0982000008
vn 0.831099987 0.547200024 0.0989999995
vn 0.856700003 0.507399976 0.0925000012
vn 0.89139998 0.446099997 0.0798000023
vn 0.0219000001 -0.976300001 -0.215200007
vn 0.0206000004 -0.976300001 -0.215200007
vn 0.0189999994 -0.934400022 -0.355599999
vn 0.0197999999 -0.934199989 -0.356099993
vn 0.0265999995 -0.976199985 -0.215299994
vn 0.0269000009 -0.980000019 -0.196999997
vn 0.0220999997 -0.980099976 -0.196999997
vn 0.0208000001 -0.980199993 -0.196899995
vn 0.0220999997 -0.980099976 -0.196999997
vn 0.0208000001 -0.980199993 -0.196899995
vn 0.0269000009 -0.980000019 -0.196999997
vn 0.0269000009 -0.980000019 -0.196999997
vn 0.0220999997 -0.980099976 -0.196999997
vn 0.0208000001 -0.980199993 -0.196899995
vn -0.0438000001 0.986800015 0.155699998
vn -0.0428000018 0.987100005 0.154100001
vn -0.0416000001 0.999000013 -0.0164000001
vn -0.0434999987 0.999000013 -0.0126
vn -0.0443000011 0.986400008 0.157900006
vn -0.0443000011 0.979399979 0.196999997
vn -0.0438000001 0.979499996 0.196799994
vn -0.0430000015 0.979499996 0.196600005
vn -0.0438000001 0.979499996 0.196799994
vn -0.0430000015 0.979499996 0.196600005
vn -0.0443000011 0.979399979 0.196999997
vn -0.0443999991 0.979399979 0.196999997
vn -0.0438000001 0.979499996 0.196799994
vn -0.0430000015 0.979499996 0.196600005
vn -0.0432000011 0.985899985 0.161500007
vn -0.0443000011 0.986400008 0.157900006
vn -0.0436999984 0.999000013 -0.00669999979
vn -0.0423999988 0.999100029 0.00789999962
vn -0.0395000018 0.999000013 0.0209999997
vn -0.0388000011 0.985599995 0.164399996
vn -0.0384999998 0.979600012 0.197099999
vn -0.0432999991 0.979399979 0.197099999
vn -0.0443000011 0.979399979 0.196999997
vn -0.0432999991 0.979399979 0.197099999
vn -0.0443000011 0.979399979 0.196999997
vn -0.0384999998 0.979600012 0.197099999
vn -0.0384999998 0.979600012 0.197099999
vn -0.0432999991 0.979399979 0.197099999
vn -0.0416000001 0.987500012 0.151600003
vn -0.0392999984 0.998899996 -0.0254999995
vn -0.0428000018 0.987100005 0.154100001
vn -0.0430000015 0.979499996 0.196600005
vn -0.0419999994 0.979600012 0.196700007
vn -0.0419999994 0.979600012 0.196700007
vn -0.0430000015 0.979499996 0.196600005
vn -0.0430000015 0.979499996 0.196600005
vn -0.0419999994 0.979600012 0.196700007
vn -0.0350000001 0.985700011 0.164800003
vn -0.0373999998 0.999100029 0.0220999997
vn -0.0392000005 0.999100029 0.0186000001
vn -0.0370000005 0.985700011 0.1646
vn -0.0364000015 0.979700029 0.197099999
vn -0.0344000012 0.979799986 0.197099999
vn -0.0344000012 0.979799986 0.197099999
vn -0.0364000015 0.979700029 0.197099999
vn -0.0364000015 0.979700029 0.197099999
vn -0.0344000012 0.979799986 0.197099999
vn -0.0399999991 0.985400021 0.165700004
vn -0.0412999988 0.998899996 0.0217000004
vn -0.0397000015 0.99879998 0.0289999992
vn -0.0388999991 0.985000014 0.167600006
vn -0.0388000011 0.979600012 0.197099999
vn -0.0397000015 0.979600012 0.197099999
vn -0.0397000015 0.979600012 0.197099999
vn -0.0388000011 0.979600012 0.197099999
vn -0.0388000011 0.979600012 0.197099999
vn -0.0397000015 0.979600012 0.197099999
vn -0.0384000018 0.984700024 0.169599995
vn -0.0388999991 0.985000014 0.167600006
vn -0.0397000015 0.99879998 0.0289999992
vn -0.0388999991 0.998600006 0.0348999985
vn -0.0447999984 0.998099983 0.0423999988
vn -0.0443000011 0.984099984 0.171800002
vn -0.0443000011 0.979399979 0.197099999
vn -0.0383000001 0.979600012 0.197099999
vn -0.0388000011 0.979600012 0.197099999
vn -0.0383000001 0.979600012 0.197099999
vn -0.0388000011 0.979600012 0.197099999
vn -0.0443000011 0.979399979 0.197099999
vn -0.0443000011 0.979399979 0.197099999
vn -0.0383000001 0.979600012 0.197099999
vn -0.0388000011 0.979600012 0.197099999
vn -0.0309999995 0.988300025 0.149100006
vn -0.0305000003 0.988300025 0.149700001
vn -0.0284000002 0.999199986 -0.0276999995
vn -0.0310999993 0.998899996 -0.0344999991
vn -0.0328000002 0.988300025 0.148800001
vn -0.0333000012 0.979700029 0.197300002
vn -0.0315999985 0.979799986 0.1972
vn -0.0309999995 0.979900002 0.197099999
vn -0.0315999985 0.979799986 0.1972
vn -0.0309999995 0.979900002 0.197099999
vn -0.0333000012 0.979700029 0.197400004
vn -0.0333000012 0.979700029 0.197400004
vn -0.0315999985 0.979799986 0.1972
vn -0.0309999995 0.979900002 0.197099999
vn -0.0535000004 0.983099997 0.174999997
vn -0.0535000004 0.996900022 0.056499999
vn -0.0584999993 0.995199978 0.0777999982
vn -0.0595999993 0.98210001 0.178800002
vn -0.0599000007 0.978500009 0.1972
vn -0.0535000004 0.978900015 0.1972
vn -0.0535000004 0.978900015 0.1972
vn -0.0599000007 0.978500009 0.1972
vn -0.0599000007 0.978500009 0.1972
vn -0.0535999984 0.978900015 0.1972
vn -0.510800004 0.842400014 0.171399996
vn -0.261900008 0.94630003 0.189300001
vn -0.259600013 0.948400021 0.182099998
vn -0.483399987 0.864499986 0.137799993
vn -0.773899972 0.620599985 0.125599995
vn -0.777800024 0.613900006 0.134399995
vn -0.514299989 0.839399993 0.175799996
vn -0.261999995 0.9454 0.193499997
vn -0.514299989 0.839399993 0.175799996
vn -0.262100011 0.9454 0.193499997
vn -0.777800024 0.613900006 0.134399995
vn -0.746100008 0.650699973 0.141299993
vn -0.42019999 0.888499975 0.184300005
vn -0.239899993 0.951099992 0.194299996
vn 0.926299989 0.375200003 0.0335000008
vn 0.952199996 0.305000007 0.0166999996
vn 0.869000018 0.461699992 -0.178000003
vn 0.832700014 0.535600007 -0.140499994
vn 0.890900016 0.451000005 0.0535000004
vn 0.895200014 0.438699991 0.0781000033
vn 0.929899991 0.362699986 0.0604000017
vn 0.954999983 0.293000013 0.0450000018
vn 0.929899991 0.362899989 0.0604000017
vn 0.954999983 0.293000013 0.0450000018
vn 0.895299971 0.438600004 0.0780000016
vn 0.89139998 0.446099997 0.0798000023
vn 0.927399993 0.368800014 0.0617999993
vn 0.953499973 0.297699988 0.0460000001
vn 0.0171000008 -0.976499975 -0.214599997
vn 0.0151000004 -0.976599991 -0.214499995
vn 0.0148 -0.935800016 -0.352200001
vn 0.0167999994 -0.935500026 -0.352800012
vn 0.0185000002 -0.976499975 -0.214699998
vn 0.0186999999 -0.980199993 -0.196899995
vn 0.0173000004 -0.980300009 -0.196899995
vn 0.0153000001 -0.980300009 -0.196899995
vn 0.0173000004 -0.980300009 -0.196899995
vn 0.0153000001 -0.980300009 -0.196899995
vn 0.0186999999 -0.980199993 -0.196899995
vn 0.0186999999 -0.980199993 -0.196899995
vn 0.0173000004 -0.980300009 -0.196899995
vn 0.0153000001 -0.980300009 -0.196899995
vn 0.0201999992 -0.976400018 -0.215100005
vn 0.0194000006 -0.976400018 -0.215000004
vn 0.0183000006 -0.934899986 -0.354400009
vn 0.0189999994 -0.934599996 -0.355100006
vn 0.0206000004 -0.976300001 -0.215200007
vn 0.0208000001 -0.980199993 -0.196899995
vn 0.0203000009 -0.980199993 -0.196899995
vn 0.0195000004 -0.980199993 -0.196899995
vn 0.0203000009 -0.980199993 -0.196899995
vn 0.0195000004 -0.980199993 -0.196899995
vn 0.0208000001 -0.980199993 -0.196899995
vn 0.0208000001 -0.980199993 -0.196899995
vn 0.0203000009 -0.980199993 -0.196899995
vn 0.0195000004 -0.980199993 -0.196899995
vn 0.0193000007 -0.976499975 -0.214699998
vn 0.0185000002 -0.976499975 -0.214699998
vn 0.0179999992 -0.935500026 -0.352899998
vn 0.0179999992 -0.935400009 -0.353100002
vn 0.0189999994 -0.976499975 -0.2148
vn 0.0192000009 -0.980199993 -0.196899995
vn 0.0194000006 -0.980199993 -0.196899995
vn 0.0186999999 -0.980199993 -0.196899995
vn 0.0194000006 -0.980199993 -0.196899995
vn 0.0186999999 -0.980199993 -0.196899995
vn 0.0192000009 -0.980199993 -0.196899995
vn 0.0192000009 -0.980199993 -0.196899995
vn 0.0194000006 -0.980199993 -0.196899995
vn 0.0186999999 -0.980199993 -0.196899995
vn 0.0133999996 -0.976700008 -0.214300007
vn 0.0131999999 -0.976700008 -0.214200005
vn 0.0115 -0.936500013 -0.350400001
vn 0.0127999997 -0.936200023 -0.351300001
vn 0.0151000004 -0.976599991 -0.214499995
vn 0.0153000001 -0.980300009 -0.196899995
vn 0.0136000002 -0.980300009 -0.196899995
vn 0.0132999998 -0.980300009 -0.196899995
vn 0.0136000002 -0.980300009 -0.196899995
vn 0.0132999998 -0.980300009 -0.196899995
vn 0.0153000001 -0.980300009 -0.196899995
vn 0.0153000001 -0.980300009 -0.196899995
vn 0.0136000002 -0.980300009 -0.196899995
vn 0.0132999998 -0.980300009 -0.196899995
vn 0.0187999997 -0.976400018 -0.214900002
vn 0.0189999994 -0.976499975 -0.2148
vn 0.0176999997 -0.935199976 -0.353599995
vn 0.0183000006 -0.934899986 -0.354400009
vn 0.0194000006 -0.976400018 -0.215000004
vn 0.0195000004 -0.980199993 -0.196899995
vn 0.0188999996 -0.980199993 -0.196899995
vn 0.0192000009 -0.980199993 -0.196899995
vn 0.0188999996 -0.980199993 -0.196899995
vn 0.0192000009 -0.980199993 -0.196899995
vn 0.0195000004 -0.980199993 -0.196899995
vn 0.0195000004 -0.980199993 -0.196899995
vn 0.0188999996 -0.980199993 -0.196899995
vn 0.0192000009 -0.980199993 -0.196899995
vn 0.0149999997 -0.976700008 -0.214200005
vn 0.0189999994 -0.976599991 -0.214200005
vn 0.0147000002 -0.93690002 -0.349299997
vn 0.0121999998 -0.936800003 -0.349599987
vn 0.0131999999 -0.976700008 -0.214200005
vn 0.0132999998 -0.980300009 -0.196899995
vn 0.0149999997 -0.980300009 -0.196899995
vn 0.0190999992 -0.980199993 -0.196899995
vn 0.0149999997 -0.980300009 -0.196899995
vn 0.0190999992 -0.980199993 -0.196899995
vn 0.0132999998 -0.980300009 -0.196899995
vn 0.0132999998 -0.980300009 -0.196899995
vn 0.0149999997 -0.980300009 -0.196899995
vn 0.0189999994 -0.980199993 -0.196899995
vn 0.423400015 -0.884000003 -0.198200002
vn 0.244800001 -0.946399987 -0.210600004
vn 0.398099989 -0.861999989 -0.313800007
vn 0.535600007 -0.798200011 -0.275400013
vn 0.559300005 -0.808799982 -0.181700006
vn 0.562099993 -0.809300005 -0.170499995
vn 0.426299989 -0.885699987 -0.183799997
vn 0.247099996 -0.949299991 -0.194000006
vn 0.426299989 -0.885699987 -0.183799997
vn 0.247099996 -0.949299991 -0.194000006
vn 0.562099993 -0.809300005 -0.170399994
vn 0.55430001 -0.814400017 -0.171399996
vn 0.418799996 -0.889100015 -0.184400007
vn 0.240600005 -0.950999975 -0.194199994
vn -0.0631999969 0.981100023 0.182899997
vn -0.0595999993 0.98210001 0.178800002
vn -0.0584999993 0.995199978 0.0777999982
vn -0.0604000017 0.992900014 0.102399997
vn -0.0627999976 0.990400016 0.122900002
vn -0.0662999973 0.980300009 0.186100006
vn -0.0670000017 0.978100002 0.1972
vn -0.0639000013 0.978299975 0.1972
vn -0.0599000007 0.978500009 0.1972
vn -0.0639000013 0.978299975 0.1972
vn -0.0599000007 0.978500009 0.1972
vn -0.0670000017 0.978100002 0.1972
vn -0.0670000017 0.978100002 0.1972
vn -0.0639000013 0.978200018 0.1972
vn -0.0599000007 0.978500009 0.1972
vn -0.140200004 0.971700013 0.189999998
vn -0.145999998 0.978399992 0.146300003
vn -0.259600013 0.948400021 0.182099998
vn -0.261900008 0.94630003 0.189300001
vn -0.261999995 0.9454 0.193499997
vn -0.141299993 0.970200002 0.196700007
vn -0.141299993 0.970200002 0.196700007
vn -0.262100011 0.9454 0.193499997
vn -0.239899993 0.951099992 0.194299996
vn -0.128000006 0.972000003 0.196799994
vn -0.148300007 -0.966400027 -0.209900007
vn -0.669200003 -0.726599991 -0.155499995
vn -0.300399989 -0.889999986 -0.342999995
vn 0.0231999997 -0.936999977 -0.348500013
vn 0.0249000005 -0.976499975 -0.214100003
vn 0.0251000002 -0.980099976 -0.196999997
vn -0.136500001 -0.971599996 -0.193000004
vn -0.668600023 -0.73089999 -0.136999995
vn -0.136500001 -0.971599996 -0.193000004
vn -0.668600023 -0.73089999 -0.136999995
vn 0.0251000002 -0.980099976 -0.196999997
vn 0.0251000002 -0.980099976 -0.196999997
vn -0.130600005 -0.97240001 -0.193200007
vn -0.620199978 -0.770699978 -0.145699993
vn 0.0232999995 -0.976499975 -0.214100003
vn 0.0249000005 -0.976499975 -0.214100003
vn 0.0219000001 -0.93690002 -0.34889999
vn 0.0185000002 -0.936800003 -0.349400014
vn 0.0189999994 -0.976599991 -0.214200005
vn 0.0190999992 -0.980199993 -0.196899995
vn 0.0234999992 -0.980099976 -0.196999997
vn 0.0251000002 -0.980099976 -0.196999997
vn 0.0234999992 -0.980099976 -0.196999997
vn 0.0251000002 -0.980099976 -0.196999997
vn 0.0190999992 -0.980199993 -0.196899995
vn 0.0189999994 -0.980199993 -0.196899995
vn 0.0233999994 -0.980099976 -0.196999997
vn 0.0251000002 -0.980099976 -0.196999997
vn 0.903299987 -0.415399998 -0.107199997
vn 0.893700004 -0.435699999 -0.107100002
vn 0.885599971 -0.416799992 -0.204699993
vn 0.899600029 -0.361299992 -0.245199993
vn 0.926699996 -0.361600012 -0.102600001
vn 0.928499997 -0.361299992 -0.0859000012
vn 0.904600024 -0.415199995 -0.0962999985
vn 0.894500017 -0.435699999 -0.100299999
vn 0.904600024 -0.415199995 -0.0962999985
vn 0.894500017 -0.435699999 -0.100299999
vn 0.928499997 -0.361299992 -0.0859000012
vn 0.926100016 -0.3671 -0.0869999975
vn 0.902700007 -0.419200003 -0.0970999971
vn 0.894500017 -0.435699999 -0.100299999
vn 0.872900009 -0.474700004 -0.112400003
vn 0.810199976 -0.571399987 -0.130199999
vn 0.852900028 -0.498699993 -0.154300004
vn 0.883300006 -0.437099993 -0.169300005
vn 0.893700004 -0.435699999 -0.107100002
vn 0.894500017 -0.435699999 -0.100299999
vn 0.874899983 -0.472200006 -0.107299998
vn 0.810500026 -0.57190001 -0.126399994
vn 0.874899983 -0.472200006 -0.107299998
vn 0.810500026 -0.57190001 -0.126399994
vn 0.894500017 -0.435699999 -0.100299999
vn 0.894500017 -0.435699999 -0.100299999
vn 0.870899975 -0.479200006 -0.1087
vn 0.80250001 -0.582700014 -0.1285
vn -0.994499981 -0.1021 -0.0233999994
vn -0.995400012 -0.0930999964 -0.0215000007
vn -0.979399979 -0.105899997 -0.171900004
vn -0.976800025 -0.121399999 -0.176300004
vn -0.994199991 -0.104999997 -0.0240000002
vn -0.994700015 -0.103 -0.00630000001
vn -0.994899988 -0.100100003 -0.0057000001
vn -0.995800018 -0.0914999992 -0.00400000019
vn -0.994899988 -0.100100003 -0.0057000001
vn -0.995800018 -0.0914999992 -0.00400000019
vn -0.994700015 -0.103 -0.00630000001
vn -0.994700015 -0.103 -0.00630000001
vn -0.994899988 -0.100699998 -0.00590000022
vn -0.995700002 -0.0925000012 -0.00419999985
vn -0.962499976 -0.265199989 -0.057599999
vn -0.994199991 -0.104999997 -0.0240000002
vn -0.976800025 -0.121399999 -0.176300004
vn -0.663399994 -0.724099994 -0.188800007
vn -0.669200003 -0.726599991 -0.155499995
vn -0.668600023 -0.73089999 -0.136999995
vn -0.967899978 -0.248799995 -0.0359999985
vn -0.994700015 -0.103 -0.00630000001
vn -0.967899978 -0.248799995 -0.0359999985
vn -0.994700015 -0.103 -0.00630000001
vn -0.668600023 -0.73089999 -0.136999995
vn -0.620199978 -0.770699978 -0.145699993
vn -0.959900022 -0.27700001 -0.0417999998
vn -0.994700015 -0.103 -0.00630000001
vn 0.667699993 -0.726300001 -0.163100004
vn 0.559300005 -0.808799982 -0.181700006
vn 0.535600007 -0.798200011 -0.275400013
vn 0.701499999 -0.684000015 -0.1998
vn 0.712599993 -0.684599996 -0.152899995
vn 0.713999987 -0.684400022 -0.147599995
vn 0.669799984 -0.726100028 -0.155300006
vn 0.562099993 -0.809300005 -0.170499995
vn 0.669799984 -0.726100028 -0.155300006
vn 0.562099993 -0.809300005 -0.170399994
vn 0.713999987 -0.684400022 -0.147599995
vn 0.713999987 -0.684400022 -0.147599995
vn 0.663699985 -0.731400013 -0.156299993
vn 0.55430001 -0.814400017 -0.171399996
vn 0.738799989 -0.657700002 -0.146899998
vn 0.712599993 -0.684599996 -0.152899995
vn 0.701499999 -0.684000015 -0.1998
vn 0.808600008 -0.5722 -0.136899993
vn 0.810199976 -0.571399987 -0.130199999
vn 0.810500026 -0.57190001 -0.126399994
vn 0.738499999 -0.658900023 -0.142800003
vn 0.713999987 -0.684400022 -0.147599995
vn 0.738499999 -0.658900023 -0.142800003
vn 0.713999987 -0.684400022 -0.147599995
vn 0.810500026 -0.57190001 -0.126399994
vn 0.80250001 -0.582700014 -0.1285
vn 0.735000014 -0.662699997 -0.1435
vn 0.713999987 -0.684400022 -0.147599995
vn 0.0471000001 0.986299992 0.157800004
vn 0.494599998 0.859700024 0.127399996
vn 0.474000007 0.877900004 0.0675999969
vn 0.105800003 0.994300008 -0.00989999995
vn -0.0632999986 0.997500002 -0.0315000005
vn -0.0847999975 0.985599995 0.1461
vn -0.0925000012 0.976000011 0.197099999
vn 0.0432999991 0.979600012 0.195899993
vn 0.502300024 0.849099994 0.163100004
vn 0.0432999991 0.979600012 0.195899993
vn 0.502300024 0.849099994 0.163100004
vn -0.0925000012 0.976000011 0.197099999
vn -0.0956000015 0.975700021 0.197099999
vn 0.0156999994 0.980400026 0.196400002
vn 0.354099989 0.917900026 0.179100007
vn -0.0370000005 0.987999976 0.149800003
vn -0.0333999991 0.999100029 -0.0247000009
vn -0.0284000002 0.999199986 -0.0276999995
vn -0.0305000003 0.988300025 0.149700001
vn -0.0309999995 0.979900002 0.197099999
vn -0.0381999984 0.979600012 0.197099999
vn -0.0381999984 0.979600012 0.197099999
vn -0.0309999995 0.979900002 0.197099999
vn -0.0309999995 0.979900002 0.197099999
vn -0.0384000018 0.979600012 0.197099999
vn 0.995999992 -0.0634000003 -0.0626000017
vn 0.99150002 -0.109700002 -0.0688999966
vn 0.933700025 -0.145899996 -0.326900005
vn 0.941500008 -0.060899999 -0.331499994
vn 0.951300025 0.00889999978 -0.307999998
vn 0.997900009 -0.0353000015 -0.0548
vn 0.998899996 -0.0406000018 -0.0225000009
vn 0.997600019 -0.0631000027 -0.0270000007
vn 0.993900001 -0.104400001 -0.0351999998
vn 0.997600019 -0.0631000027 -0.0270000007
vn 0.993900001 -0.104400001 -0.0353000015
vn 0.998899996 -0.0406000018 -0.0225000009
vn 0.998899996 -0.0405000001 -0.0225000009
vn 0.997399986 -0.066200003 -0.0275999997
vn 0.993499994 -0.107600003 -0.0359000005
vn -1 0.0057000001 -0.00310000009
vn -0.999300003 0.0366000012 0.0046000001
vn -0.988900006 0.0634000003 -0.134399995
vn -0.987200022 -0.0046000001 -0.159600005
vn -0.984200001 -0.0680000037 -0.163699999
vn -0.99970001 -0.0222999994 -0.00719999988
vn -0.999800026 -0.0168999992 0.0109999999
vn -0.999800026 0.00669999979 0.0156999994
vn -0.999199986 0.0335000008 0.0210999995
vn -0.999800026 0.00669999979 0.0156999994
vn -0.999199986 0.0335000008 0.0210999995
vn -0.999800026 -0.0168999992 0.0109999999
vn -0.999800026 -0.0175999999 0.0109000001
vn -0.999800026 0.00400000019 0.0152000003
vn -0.999199986 0.0333999991 0.0210999995
vn 0.0747999996 0.425199986 -0.90200001
vn 0.0768999979 0.414799988 -0.906599998
vn 0.0269000009 0.386099994 -0.922100008
vn 0.0291000009 0.374900013 -0.926599979
vn 0.0773999989 0.425300002 -0.90170002
vn -0.0432000011 0.405600011 -0.912999988
vn -0.0154999997 0.358599991 -0.933300018
vn 0.0269000009 0.386099994 -0.922100008
vn -0.00989999995 0.361999989 -0.932099998
vn -0.00960000046 0.342000008 -0.939599991
vn -0.0130000003 0.336299986 -0.941600025
vn 0.0291000009 0.374900013 -0.926599979
vn -0.000199999995 0.361099988 -0.932500005
vn -0.00340000005 0.375499994 -0.926800013
vn -0.0359999985 0.369599998 -0.928499997
vn -0.0384000018 0.361999989 -0.931400001
vn 0.000500000024 0.3486 -0.937300026
vn -0.079400003 0.395599991 -0.915000021
vn -0.0344999991 0.349099994 -0.936399996
vn 0.168799996 0.386999995 -0.906499982
vn -0.0852999985 0.391299993 -0.916299999
vn 0.0601999983 0.217999995 -0.974099994
vn 0.0284000002 0.176799998 -0.983799994
vn 0.0436000004 0.147 -0.988200009
vn 0.0873000026 0.213200003 -0.973100007
vn 0.328000009 0.294999987 -0.897400022
vn 0.1197 0.305700004 -0.944599986
vn -0.00039999999 0.160600007 -0.986999989
vn -0.00270000007 0.158500001 -0.987299979
vn -0.000600000028 0.107799999 -0.994199991
vn 0.00669999979 0.116800003 -0.993099988
vn -0.0055999998 0.166700006 -0.986000001
vn -0.0271000005 0.200200006 -0.979399979
vn -0.0423000008 0.170499995 -0.984399974
vn -0.0108000003 0.117399998 -0.992999971
vn -0.0190999992 0.249899998 -0.968100011
vn -0.00389999989 0.297600001 -0.954699993
vn -0.0582000017 0.335299999 -0.940299988
vn -0.0337000005 0.247099996 -0.968400002
vn 0.515500009 0.147 -0.844200015
vn 0.551999986 0.353100002 -0.755299985
vn 0.0151000004 0.356700003 -0.934099972
vn 0.0175999999 0.378699988 -0.925300002
vn 0.0164000001 0.346700013 -0.93779999
vn 0.312900007 -0.301600009 -0.900600016
vn 0.435000002 -0.839999974 -0.324400008
vn 0.885999978 -0.320199996 -0.335200012
vn 0.934899986 0.197099999 -0.29519999
vn 0.88380003 -0.325199991 -0.336100012
vn 0.931800008 0.211799994 -0.294800013
vn 0.425399989 -0.845499992 -0.32280001
vn 0.369500011 -0.873000026 -0.318300009
vn 0.833800018 -0.434899986 -0.339899987
vn 0.937300026 0.188800007 -0.292899996
vn 0.0847999975 -0.461199999 -0.88319999
vn 0.312900007 -0.301600009 -0.900600016
vn 0.0164000001 0.346700013 -0.93779999
vn 0.00499999989 0.306499988 -0.951799989
vn 0.0273000002 -0.448700011 -0.89319998
vn 0.0260000005 -0.954100013 -0.298200011
vn 0.113300003 -0.949299991 -0.293099999
vn 0.435000002 -0.839999974 -0.324400008
vn 0.112000003 -0.949500024 -0.292899996
vn 0.425399989 -0.845499992 -0.32280001
vn 0.0165999997 -0.954299986 -0.298200011
vn 0.0113000004 -0.954400003 -0.298099995
vn 0.106399998 -0.950299978 -0.292600006
vn 0.369500011 -0.873000026 -0.318300009
vn -0.00389999989 0.754700005 -0.656099975
vn -0.0317000002 0.75940001 -0.649800003
vn -0.00930000003 0.332599998 -0.943000019
vn -0.00079999998 0.324299991 -0.94599998
vn 0.126200005 0.694800019 -0.708000004
vn 0.238000005 0.93690002 -0.255800009
vn 0.0013 0.976700008 -0.214699998
vn -0.0432000011 0.978600025 -0.201100007
vn 0.00240000011 0.976700008 -0.2148
vn -0.0427000001 0.978600025 -0.201199993
vn 0.226999998 0.940400004 -0.253100008
vn 0.209099993 0.9454 -0.249899998
vn -0.000300000014 0.976800025 -0.2139
vn -0.0434000008 0.978600025 -0.201000005
vn 0.327600002 0.529699981 -0.782299995
vn 0.126200005 0.694800019 -0.708000004
vn -0.00079999998 0.324299991 -0.94599998
vn 0.00480000023 0.32159999 -0.94690001
vn 0.0151000004 0.356700003 -0.934099972
vn 0.551999986 0.353100002 -0.755299985
vn 0.934899986 0.197099999 -0.29519999
vn 0.714299977 0.627799988 -0.309199989
vn 0.238000005 0.93690002 -0.255800009
vn 0.700200021 0.644699991 -0.306800008
vn 0.226999998 0.940400004 -0.253100008
vn 0.931800008 0.211799994 -0.294800013
vn 0.937300026 0.188800007 -0.292899996
vn 0.717599988 0.625500023 -0.306100011
vn 0.209099993 0.9454 -0.249899998
vn -0.3495 0.0551999994 -0.935299993
vn -0.786300004 0.251899987 -0.564199984
vn -0.998600006 0.0308999997 -0.0417999998
vn -0.707499981 -0.662100017 -0.246800005
vn -0.720600009 -0.649399996 -0.242799997
vn -0.99849999 0.0373999998 -0.0394000001
vn -0.998399973 0.0419999994 -0.0375000015
vn -0.672299981 -0.695100009 -0.254599988
vn -0.217199996 0.580900013 -0.784399986
vn -0.748300016 0.317600012 -0.582400024
vn -0.0582000017 0.335299999 -0.940299988
vn -0.00389999989 0.297600001 -0.954699993
vn -0.0317000002 0.75940001 -0.649800003
vn -0.0432000011 0.978600025 -0.201100007
vn -0.657999992 0.741100013 -0.133200005
vn -0.992399991 0.122000001 -0.0140000004
vn -0.667100012 0.733200014 -0.131699994
vn -0.994499981 0.104099996 -0.0113000004
vn -0.0427000001 0.978600025 -0.201199993
vn -0.0434000008 0.978600025 -0.201000005
vn -0.793299973 0.600300014 -0.101899996
vn -0.996900022 0.0776000023 -0.0125000002
vn -0.787199974 0.264600009 -0.556999981
vn -0.786300004 0.251899987 -0.564199984
vn -0.0432000011 0.405600011 -0.912999988
vn -0.0582000017 0.335299999 -0.940299988
vn -0.748300016 0.317600012 -0.582400024
vn -0.992399991 0.122000001 -0.0140000004
vn -0.997900009 0.0577999987 -0.0277999993
vn -0.998600006 0.0308999997 -0.0417999998
vn -0.998300016 0.0507000014 -0.0278999992
vn -0.99849999 0.0373999998 -0.0394000001
vn -0.994499981 0.104099996 -0.0113000004
vn -0.998399973 0.0461999997 -0.0305000003
vn -0.998399973 0.0419999994 -0.0375000015
vn -0.624100029 0.0265999995 -0.780799985
vn -0.36469999 -0.435699999 -0.822899997
vn -0.0846000016 0.261999995 -0.961300015
vn -0.0870999992 0.325800002 -0.941399992
vn -0.0877000019 0.319299996 -0.943599999
vn -0.672200024 0.204400003 -0.711600006
vn -0.979900002 -0.0110999998 -0.199200004
vn -0.906700015 -0.344000012 -0.244000003
vn -0.496300012 -0.813600004 -0.302899987
vn -0.904999971 -0.347900003 -0.2447
vn -0.490999997 -0.816799998 -0.302700013
vn -0.979900002 -0.0142000001 -0.199000001
vn -0.979200006 -0.0311999992 -0.200299993
vn -0.882099986 -0.398600012 -0.250800014
vn -0.444200009 -0.842599988 -0.3046
vn -0.536300004 0.441500008 -0.719299972
vn -0.672200024 0.204400003 -0.711600006
vn -0.0877000019 0.319299996 -0.943599999
vn -0.0714000016 0.317000002 -0.94569999
vn -0.0544999987 0.364499986 -0.9296
vn -0.270099998 0.726300001 -0.632000029
vn -0.502600014 0.848200023 -0.166899994
vn -0.911300004 0.363400012 -0.193599999
vn -0.979900002 -0.0110999998 -0.199200004
vn -0.913500011 0.35769999 -0.193599999
vn -0.979900002 -0.0142000001 -0.199000001
vn -0.506500006 0.845899999 -0.167099997
vn -0.532400012 0.82950002 -0.168699995
vn -0.934499979 0.297800004 -0.194800004
vn -0.979200006 -0.0311999992 -0.200299993
vn -0.0656000003 -0.627099991 -0.77609998
vn 0.0460000001 -0.593500018 -0.803499997
vn -0.0741000026 0.0876000002 -0.993399978
vn -0.0846000016 0.261999995 -0.961300015
vn -0.36469999 -0.435699999 -0.822899997
vn -0.496300012 -0.813600004 -0.302899987
vn -0.0511000007 -0.95539999 -0.290600002
vn 0.119400002 -0.952400029 -0.280600011
vn -0.0511999987 -0.95539999 -0.290600002
vn 0.131300002 -0.951099992 -0.279500008
vn -0.490999997 -0.816799998 -0.302700013
vn -0.444200009 -0.842599988 -0.3046
vn -0.0417000018 -0.956200004 -0.289600015
vn 0.143099993 -0.949599981 -0.278800011
vn -0.0658000037 0.844099998 -0.532000005
vn -0.270099998 0.726300001 -0.632000029
vn -0.0544999987 0.364499986 -0.9296
vn -0.0320000015 0.440600008 -0.897099972
vn 0.0219000001 0.388099998 -0.921400011
vn 0.0626000017 0.842199981 -0.53549999
vn 0.0798999965 0.992799997 -0.0895000026
vn -0.102600001 0.987299979 -0.121100001
vn -0.502600014 0.848200023 -0.166899994
vn -0.107900001 0.986699998 -0.121299997
vn -0.506500006 0.845899999 -0.167099997
vn 0.070100002 0.993499994 -0.0895999968
vn 0.0662999973 0.993799984 -0.0892999992
vn -0.111599997 0.986299992 -0.121399999
vn -0.532400012 0.82950002 -0.168699995
vn 0.528500021 -0.100100003 -0.842999995
vn 0.887899995 0.187099993 -0.420300007
vn 0.168799996 0.386999995 -0.906499982
vn -0.0344999991 0.349099994 -0.936399996
vn -0.0626000017 0.211999997 -0.975199997
vn 0.0460000001 -0.593500018 -0.803499997
vn 0.119400002 -0.952400029 -0.280600011
vn 0.755900025 -0.627499998 -0.186399996
vn 0.999899983 -0.00609999988 -0.00609999988
vn 0.771099985 -0.610700011 -0.180000007
vn 1 0.00200000009 -0.00329999998
vn 0.131300002 -0.951099992 -0.279500008
vn 0.143099993 -0.949599981 -0.278800011
vn 0.766300023 -0.616400003 -0.180999994
vn 1 0.00600000005 -0.00159999996
vn 0.901000023 0.197799996 -0.386099994
vn 0.897400022 0.189999998 -0.398099989
vn 0.365799993 0.369500011 -0.854200006
vn 0.999300003 0.0355000012 0.00960000046
vn 0.998700023 0.0472000018 0.0179999992
vn 0.999499977 0.0315999985 0.00910000037
vn 0.998399973 0.0527000017 0.0175999999
vn 0.999499977 0.0291000009 0.00719999988
vn 0.998600006 0.0487000011 0.0178999994
vn 0.512600005 0.556500018 -0.653800011
vn 0.0626000017 0.842199981 -0.53549999
vn 0.1197 0.305700004 -0.944599986
vn 0.897400022 0.189999998 -0.398099989
vn 0.998700023 0.0472000018 0.0179999992
vn 0.74970001 0.66079998 -0.0370999984
vn 0.0798999965 0.992799997 -0.0895000026
vn 0.74059999 0.670899987 -0.0375000015
vn 0.070100002 0.993499994 -0.0895999968
vn 0.998399973 0.0527000017 0.0175999999
vn 0.998600006 0.0487000011 0.0178999994
vn 0.813000023 0.58160001 -0.0284000002
vn 0.0662999973 0.993799984 -0.0892999992
f 1/1/1 2/2/2 3/3/3
f 1/1/1 3/3/3 4/4/4
f 1/1/1 4/4/4 5/5/5
f 1/1/1 5/5/5 6/6/6
f 1/1/1 6/6/6 7/7/7
f 1/1/1 7/7/7 8/8/8
f 1/1/1 8/8/8 9/9/9
f 1/1/1 9/9/9 2/2/2
f 10/10/10 11/11/11 5/5/5
f 10/10/10 5/5/5 4/4/4
f 10/10/10 4/4/4 3/3/3
f 10/10/10 3/3/3 12/12/12
f 10/10/10 12/12/12 13/13/13
f 10/10/10 13/13/13 14/14/14
f 10/10/10 14/14/14 15/15/15
f 10/10/10 15/15/15 11/11/11
f 16/16/16 17/17/17 18/18/18
f 16/16/16 18/18/18 19/19/19
f 16/16/16 19/19/19 20/20/20
f 16/16/16 20/20/20 21/21/21
f 16/16/16 21/21/21 22/22/22
f 16/16/16 22/22/22 23/23/23
f 16/16/16 23/23/23 24/24/24
f 16/16/16 24/24/24 17/17/17
f 25/25/25 26/26/26 24/24/24
f 25/25/25 24/24/24 23/23/23
f 25/25/25 23/23/23 22/22/22
f 25/25/25 22/22/22 27/27/27
f 25/25/25 27/27/27 28/28/28
f 25/25/25 28/28/28 29/29/29
f 25/25/25 29/29/29 30/30/30
f 25/25/25 30/30/30 26/26/26
f 31/31/31 32/32/32 33/33/33
f 31/31/31 33/33/33 34/34/34
f 31/31/31 34/34/34 35/35/35
f 31/31/31 35/35/35 36/36/36
f 31/31/31 36/36/36 37/37/37
f 31/31/31 37/37/37 38/38/38
f 31/31/31 38/38/38 39/39/39
f 31/31/31 39/39/39 32/32/32
f 40/40/40 41/41/41 42/42/42
f 40/40/40 42/42/42 43/43/43
f 40/40/40 43/43/43 44/44/44
f 40/40/40 44/44/44 45/45/45
f 40/40/40 45/45/45 46/46/46
f 40/40/40 46/46/46 47/47/47
f 40/40/40 47/47/47 48/48/48
f 40/40/40 48/48/48 41/41/41
f 49/49/49 50/50/50 51/51/51
f 49/49/49 51/51/51 52/52/52
f 49/49/49 52/52/52 53/53/53
f 49/49/49 53/53/53 54/54/54
f 49/49/49 54/54/54 55/55/55
f 49/49/49 55/55/55 56/56/56
f 49/49/49 56/56/56 57/57/57
f 49/49/49 57/57/57 50/50/50
f 58/58/58 59/59/59 60/60/60
f 58/58/58 60/60/60 61/61/61
f 58/58/58 61/61/61 62/62/62
f 58/58/58 62/62/62 63/63/63
f 58/58/58 63/63/63 64/64/64
f 58/58/58 64/64/64 65/65/65
f 58/58/58 65/65/65 66/66/66
f 58/58/58 66/66/66 59/59/59
f 67/67/67 68/68/68 62/62/62
f 67/67/67 62/62/62 61/61/61
f 67/67/67 61/61/61 60/60/60
f 67/67/67 60/60/60 69/69/69
f 67/67/67 69/69/69 70/70/70
f 67/67/67 70/70/70 71/71/71
f 67/67/67 71/71/71 72/72/72
f 67/67/67 72/72/72 68/68/68
f 73/73/73 74/74/74 75/75/75
f 73/73/73 75/75/75 76/76/76
f 73/73/73 76/76/76 77/77/77
f 73/73/73 77/77/77 78/78/78
f 73/73/73 78/78/78 72/72/72
f 73/73/73 72/72/72 71/71/71
f 73/73/73 71/71/71 70/70/70
f 73/73/73 70/70/70 74/74/74
f 79/79/79 80/80/80 81/81/81
f 79/79/79 81/81/81 82/82/82
f 79/79/79 82/82/82 83/83/83
f 79/79/79 83/83/83 84/84/84
f 79/79/79 84/84/84 85/85/85
f 79/79/79 85/85/85 86/86/86
f 79/79/79 86/86/86 87/87/87
f 79/79/79 87/87/87 80/80/80
f 88/88/88 89/89/89 57/57/57
f 88/88/88 57/57/57 56/56/56
f 88/88/88 56/56/56 55/55/55
f 88/88/88 55/55/55 90/90/90
f 88/88/88 90/90/90 91/91/91
f 88/88/88 91/91/91 92/92/92
f 88/88/88 92/92/92 93/93/93
f 88/88/88 93/93/93 89/89/89
f 94/94/94 95/95/95 96/96/96
f 94/94/94 96/96/96 97/97/97
f 94/94/94 97/97/97 98/98/98
f 94/94/94 98/98/98 99/99/99
f 94/94/94 99/99/99 100/100/100
f 94/94/94 100/100/100 101/101/101
f 94/94/94 101/101/101 102/102/102
f 94/94/94 102/102/102 95/95/95
f 103/103/103 104/104/104 105/105/105
f 103/103/103 105/105/105 106/106/106
f 103/103/103 106/106/106 96/96/96
f 103/103/103 96/96/96 95/95/95
f 103/103/103 95/95/95 102/102/102
f 103/103/103 102/102/102 107/107/107
f 103/103/103 107/107/107 108/108/108
f 103/103/103 108/108/108 104/104/104
f 109/109/109 110/110/110 102/102/102
f 109/109/109 102/102/102 101/101/101
f 109/109/109 101/101/101 100/100/100
f 109/109/109 100/100/100 111/111/111
f 109/109/109 111/111/111 112/112/112
f 109/109/109 112/112/112 113/113/113
f 109/109/109 113/113/113 114/114/114
f 109/109/109 114/114/114 110/110/110
f 115/115/115 116/116/116 108/108/108
f 115/115/115 108/108/108 107/107/107
f 115/115/115 107/107/107 102/102/102
f 115/115/115 102/102/102 110/110/110
f 115/115/115 110/110/110 114/114/114
f 115/115/115 114/114/114 117/117/117
f 115/115/115 117/117/117 118/118/118
f 115/115/115 118/118/118 116/116/116
f 119/119/119 120/120/120 121/121/121
f 119/119/119 121/121/121 122/122/122
f 119/119/119 122/122/122 123/123/123
f 119/119/119 123/123/123 124/124/124
f 119/119/119 124/124/124 7/7/7
f 119/119/119 7/7/7 6/6/6
f 119/119/119 6/6/6 5/5/5
f 119/119/119 5/5/5 120/120/120
f 125/125/125 126/126/126 127/127/127
f 125/125/125 127/127/127 128/128/128
f 125/125/125 128/128/128 121/121/121
f 125/125/125 121/121/121 120/120/120
f 125/125/125 120/120/120 5/5/5
f 125/125/125 5/5/5 11/11/11
f 125/125/125 11/11/11 15/15/15
f 125/125/125 15/15/15 126/126/126
f 129/129/129 130/130/130 131/131/131
f 129/129/129 131/131/131 132/132/132
f 129/129/129 132/132/132 133/133/133
f 129/129/129 133/133/133 134/134/134
f 129/129/129 134/134/134 135/135/135
f 129/129/129 135/135/135 136/136/136
f 129/129/129 136/136/136 137/137/137
f 129/129/129 137/137/137 130/130/130
f 138/138/138 139/139/139 140/140/140
f 138/138/138 140/140/140 141/141/141
f 138/138/138 141/141/141 131/131/131
f 138/138/138 131/131/131 130/130/130
f 138/138/138 130/130/130 137/137/137
f 138/138/138 137/137/137 142/142/142
f 138/138/138 142/142/142 143/143/143
f 138/138/138 143/143/143 139/139/139
f 144/144/144 145/145/145 146/146/146
f 144/144/144 146/146/146 147/147/147
f 144/144/144 147/147/147 148/148/148
f 144/144/144 148/148/148 149/149/149
f 144/144/144 149/149/149 150/150/150
f 144/144/144 150/150/150 151/151/151
f 144/144/144 151/151/151 152/152/152
f 144/144/144 152/152/152 145/145/145
f 153/153/153 154/154/154 155/155/155
f 153/153/153 155/155/155 156/156/156
f 153/153/153 156/156/156 146/146/146
f 153/153/153 146/146/146 145/145/145
f 153/153/153 145/145/145 152/152/152
f 153/153/153 152/152/152 157/157/157
f 153/153/153 157/157/157 158/158/158
f 153/153/153 158/158/158 154/154/154
f 159/159/159 160/160/160 161/161/161
f 159/159/159 161/161/161 162/162/162
f 159/159/159 162/162/162 163/163/163
f 159/159/159 163/163/163 164/164/164
f 159/159/159 164/164/164 165/165/165
f 159/159/159 165/165/165 166/166/166
f 159/159/159 166/166/166 167/167/167
f 159/159/159 167/167/167 160/160/160
f 168/168/168 169/169/169 170/170/170
f 168/168/168 170/170/170 171/171/171
f 168/168/168 171/171/171 161/161/161
f 168/168/168 161/161/161 160/160/160
f 168/168/168 160/160/160 167/167/167
f 168/168/168 167/167/167 172/172/172
f 168/168/168 172/172/172 173/173/173
f 168/168/168 173/173/173 169/169/169
f 174/174/174 175/175/175 176/176/176
f 174/174/174 176/176/176 177/177/177
f 174/174/174 177/177/177 178/178/178
f 174/174/174 178/178/178 179/179/179
f 174/174/174 179/179/179 180/180/180
f 174/174/174 180/180/180 181/181/181
f 174/174/174 181/181/181 182/182/182
f 174/174/174 182/182/182 175/175/175
f 183/183/183 184/184/184 185/185/185
f 183/183/183 185/185/185 186/186/186
f 183/183/183 186/186/186 176/176/176
f 183/183/183 176/176/176 175/175/175
f 183/183/183 175/175/175 182/182/182
f 183/183/183 182/182/182 187/187/187
f 183/183/183 187/187/187 188/188/188
f 183/183/183 188/188/188 184/184/184
f 189/189/189 190/190/190 191/191/191
f 189/189/189 191/191/191 192/192/192
f 189/189/189 192/192/192 193/193/193
f 189/189/189 193/193/193 194/194/194
f 189/189/189 194/194/194 195/195/195
f 189/189/189 195/195/195 196/196/196
f 189/189/189 196/196/196 197/197/197
f 189/189/189 197/197/197 190/190/190
f 198/198/198 199/199/199 200/200/200
f 198/198/198 200/200/200 201/201/201
f 198/198/198 201/201/201 191/191/191
f 198/198/198 191/191/191 190/190/190
f 198/198/198 190/190/190 197/197/197
f 198/198/198 197/197/197 202/202/202
f 198/198/198 202/202/202 203/203/203
f 198/198/198 203/203/203 199/199/199
f 204/204/204 205/205/205 206/206/206
f 204/204/204 206/206/206 207/207/207
f 204/204/204 207/207/207 208/208/208
f 204/204/204 208/208/208 209/209/209
f 204/204/204 209/209/209 193/193/193
f 204/204/204 193/193/193 192/192/192
f 204/204/204 192/192/192 191/191/191
f 204/204/204 191/191/191 205/205/205
f 210/210/210 211/211/211 212/212/212
f 210/210/210 212/212/212 213/213/213
f 210/210/210 213/213/213 206/206/206
f 210/210/210 206/206/206 205/205/205
f 210/210/210 205/205/205 191/191/191
f 210/210/210 191/191/191 201/201/201
f 210/210/210 201/201/201 200/200/200
f 210/210/210 200/200/200 211/211/211
f 214/214/214 215/215/215 216/216/216
f 214/214/214 216/216/216 217/217/217
f 214/214/214 217/217/217 218/218/218
f 214/214/214 218/218/218 219/219/219
f 214/214/214 219/219/219 220/220/220
f 214/214/214 220/220/220 221/221/221
f 214/214/214 221/221/221 222/222/222
f 214/214/214 222/222/222 215/215/215
f 223/223/223 224/224/224 225/225/225
f 223/223/223 225/225/225 226/226/226
f 223/223/223 226/226/226 227/227/227
f 223/223/223 227/227/227 228/228/228
f 223/223/223 228/228/228 218/218/218
f 223/223/223 218/218/218 217/217/217
f 223/223/223 217/217/217 216/216/216
f 223/223/223 216/216/216 224/224/224
f 229/229/229 230/230/230 231/231/231
f 229/229/229 231/231/231 232/232/232
f 229/229/229 232/232/232 233/233/233
f 229/229/229 233/233/233 234/234/234
f 229/229/229 234/234/234 235/235/235
f 229/229/229 235/235/235 236/236/236
f 229/229/229 236/236/236 237/237/237
f 229/229/229 237/237/237 230/230/230
f 238/238/238 239/239/239 240/240/240
f 238/238/238 240/240/240 241/241/241
f 238/238/238 241/241/241 231/231/231
f 238/238/238 231/231/231 230/230/230
f 238/238/238 230/230/230 237/237/237
f 238/238/238 237/237/237 242/242/242
f 238/238/238 242/242/242 243/243/243
f 238/238/238 243/243/243 239/239/239
f 244/244/244 245/245/245 237/237/237
f 244/244/244 237/237/237 236/236/236
f 244/244/244 236/236/236 235/235/235
f 244/244/244 235/235/235 246/246/246
f 244/244/244 246/246/246 247/247/247
f 244/244/244 247/247/247 248/248/248
f 244/244/244 248/248/248 249/249/249
f 244/244/244 249/249/249 245/245/245
f 250/250/250 251/251/251 243/243/243
f 250/250/250 243/243/243 242/242/242
f 250/250/250 242/242/242 237/237/237
f 250/250/250 237/237/237 245/245/245
f 250/250/250 245/245/245 249/249/249
f 250/250/250 249/249/249 252/252/252
f 250/250/250 252/252/252 253/253/253
f 250/250/250 253/253/253 251/251/251
f 254/254/254 255/255/255 256/256/256
f 254/254/254 256/256/256 257/257/257
f 254/254/254 257/257/257 258/258/258
f 254/254/254 258/258/258 259/259/259
f 254/254/254 259/259/259 260/260/260
f 254/254/254 260/260/260 261/261/261
f 254/254/254 261/261/261 262/262/262
f 254/254/254 262/262/262 255/255/255
f 263/263/263 264/264/264 265/265/265
f 263/263/263 265/265/265 266/266/266
f 263/263/263 266/266/266 256/256/256
f 263/263/263 256/256/256 255/255/255
f 263/263/263 255/255/255 262/262/262
f 263/263/263 262/262/262 267/267/267
f 263/263/263 267/267/267 268/268/268
f 263/263/263 268/268/268 264/264/264
f 269/269/269 270/270/270 271/271/271
f 269/269/269 271/271/271 272/272/272
f 269/269/269 272/272/272 273/273/273
f 269/269/269 273/273/273 274/274/274
f 269/269/269 274/274/274 275/275/275
f 269/269/269 275/275/275 276/276/276
f 269/269/269 276/276/276 277/277/277
f 269/269/269 277/277/277 270/270/270
f 278/278/278 279/279/279 280/280/280
f 278/278/278 280/280/280 281/281/281
f 278/278/278 281/281/281 271/271/271
f 278/278/278 271/271/271 270/270/270
f 278/278/278 270/270/270 277/277/277
f 278/278/278 277/277/277 282/282/282
f 278/278/278 282/282/282 283/283/283
f 278/278/278 283/283/283 279/279/279
f 284/284/284 285/285/285 286/286/286
f 284/284/284 286/286/286 287/287/287
f 284/284/284 287/287/287 288/288/288
f 284/284/284 288/288/288 289/289/289
f 284/284/284 289/289/289 290/290/290
f 284/284/284 290/290/290 291/291/291
f 284/284/284 291/291/291 292/292/292
f 284/284/284 292/292/292 285/285/285
f 293/293/293 294/294/294 295/295/295
f 293/293/293 295/295/295 296/296/296
f 293/293/293 296/296/296 286/286/286
f 293/293/293 286/286/286 285/285/285
f 293/293/293 285/285/285 292/292/292
f 293/293/293 292/292/292 297/297/297
f 293/293/293 297/297/297 298/298/298
f 293/293/293 298/298/298 294/294/294
f 299/299/299 300/300/300 301/301/301
f 299/299/299 301/301/301 302/302/302
f 299/299/299 302/302/302 303/303/303
f 299/299/299 303/303/303 304/304/304
f 299/299/299 304/304/304 305/305/305
f 299/299/299 305/305/305 306/306/306
f 299/299/299 306/306/306 307/307/307
f 299/299/299 307/307/307 300/300/300
f 308/308/308 309/309/309 310/310/310
f 308/308/308 310/310/310 311/311/311
f 308/308/308 311/311/311 301/301/301
f 308/308/308 301/301/301 300/300/300
f 308/308/308 300/300/300 307/307/307
f 308/308/308 307/307/307 312/312/312
f 308/308/308 312/312/312 313/313/313
f 308/308/308 313/313/313 309/309/309
f 314/314/314 315/315/315 316/316/316
f 314/314/314 316/316/316 317/317/317
f 314/314/314 317/317/317 318/318/318
f 314/314/314 318/318/318 319/319/319
f 314/314/314 319/319/319 303/303/303
f 314/314/314 303/303/303 302/302/302
f 314/314/314 302/302/302 301/301/301
f 314/314/314 301/301/301 315/315/315
f 320/320/320 321/321/321 322/322/322
f 320/320/320 322/322/322 323/323/323
f 320/320/320 323/323/323 316/316/316
f 320/320/320 316/316/316 315/315/315
f 320/320/320 315/315/315 301/301/301
f 320/320/320 301/301/301 311/311/311
f 320/320/320 311/311/311 310/310/310
f 320/320/320 310/310/310 321/321/321
f 324/324/324 325/325/325 326/326/326
f 324/324/324 326/326/326 327/327/327
f 324/324/324 327/327/327 328/328/328
f 324/324/324 328/328/328 329/329/329
f 324/324/324 329/329/329 318/318/318
f 324/324/324 318/318/318 317/317/317
f 324/324/324 317/317/317 316/316/316
f 324/324/324 316/316/316 325/325/325
f 330/330/330 331/331/331 332/332/332
f 330/330/330 332/332/332 333/333/333
f 330/330/330 333/333/333 326/326/326
f 330/330/330 326/326/326 325/325/325
f 330/330/330 325/325/325 316/316/316
f 330/330/330 316/316/316 323/323/323
f 330/330/330 323/323/323 322/322/322
f 330/330/330 322/322/322 331/331/331
f 334/334/334 335/335/335 336/336/336
f 334/334/334 336/336/336 337/337/337
f 334/334/334 337/337/337 338/338/338
f 334/334/334 338/338/338 339/339/339
f 334/334/334 339/339/339 340/340/340
f 334/334/334 340/340/340 341/341/341
f 334/334/334 341/341/341 342/342/342
f 334/334/334 342/342/342 335/335/335
f 343/343/343 344/344/344 345/345/345
f 343/343/343 345/345/345 346/346/346
f 343/343/343 346/346/346 336/336/336
f 343/343/343 336/336/336 335/335/335
f 343/343/343 335/335/335 342/342/342
f 343/343/343 342/342/342 347/347/347
f 343/343/343 347/347/347 348/348/348
f 343/343/343 348/348/348 344/344/344
f 349/349/349 350/350/350 351/351/351
f 349/349/349 351/351/351 352/352/352
f 349/349/349 352/352/352 353/353/353
f 349/349/349 353/353/353 354/354/354
f 349/349/349 354/354/354 288/288/288
f 349/349/349 288/288/288 287/287/287
f 349/349/349 287/287/287 286/286/286
f 349/349/349 286/286/286 350/350/350
f 355/355/355 356/356/356 357/357/357
f 355/355/355 357/357/357 358/358/358
f 355/355/355 358/358/358 351/351/351
f 355/355/355 351/351/351 350/350/350
f 355/355/355 350/350/350 286/286/286
f 355/355/355 286/286/286 296/296/296
f 355/355/355 296/296/296 295/295/295
f 355/355/355 295/295/295 356/356/356
f 359/359/359 360/360/360 361/361/361
f 359/359/359 361/361/361 362/362/362
f 359/359/359 362/362/362 363/363/363
f 359/359/359 363/363/363 364/364/364
f 359/359/359 364/364/364 18/18/18
f 359/359/359 18/18/18 17/17/17
f 359/359/359 17/17/17 24/24/24
f 359/359/359 24/24/24 360/360/360
f 365/365/365 366/366/366 367/367/367
f 365/365/365 367/367/367 368/368/368
f 365/365/365 368/368/368 361/361/361
f 365/365/365 361/361/361 360/360/360
f 365/365/365 360/360/360 24/24/24
f 365/365/365 24/24/24 26/26/26
f 365/365/365 26/26/26 30/30/30
f 365/365/365 30/30/30 366/366/366
f 369/369/369 370/370/370 371/371/371
f 369/369/369 371/371/371 372/372/372
f 369/369/369 372/372/372 373/373/373
f 369/369/369 373/373/373 374/374/374
f 369/369/369 374/374/374 375/375/375
f 369/369/369 375/375/375 376/376/376
f 369/369/369 376/376/376 377/377/377
f 369/369/369 377/377/377 370/370/370
f 378/378/378 379/379/379 380/380/380
f 378/378/378 380/380/380 381/381/381
f 378/378/378 381/381/381 371/371/371
f 378/378/378 371/371/371 370/370/370
f 378/378/378 370/370/370 377/377/377
f 378/378/378 377/377/377 382/382/382
f 378/378/378 382/382/382 383/383/383
f 378/378/378 383/383/383 379/379/379
f 384/384/384 385/385/385 386/386/386
f 384/384/384 386/386/386 387/387/387
f 384/384/384 387/387/387 388/388/388
f 384/384/384 388/388/388 389/389/389
f 384/384/384 389/389/389 390/390/390
f 384/384/384 390/390/390 391/391/391
f 384/384/384 391/391/391 392/392/392
f 384/384/384 392/392/392 385/385/385
f 393/393/393 394/394/394 395/395/395
f 393/393/393 395/395/395 396/396/396
f 393/393/393 396/396/396 386/386/386
f 393/393/393 386/386/386 385/385/385
f 393/393/393 385/385/385 392/392/392
f 393/393/393 392/392/392 397/397/397
f 393/393/393 397/397/397 398/398/398
f 393/393/393 398/398/398 394/394/394
f 399/399/399 400/400/400 401/401/401
f 399/399/399 401/401/401 402/402/402
f 399/399/399 402/402/402 403/403/403
f 399/399/399 403/403/403 404/404/404
f 399/399/399 404/404/404 405/405/405
f 399/399/399 405/405/405 406/406/406
f 399/399/399 406/406/406 407/407/407
f 399/399/399 407/407/407 400/400/400
f 408/408/408 409/409/409 410/410/410
f 408/408/408 410/410/410 411/411/411
f 408/408/408 411/411/411 401/401/401
f 408/408/408 401/401/401 400/400/400
f 408/408/408 400/400/400 407/407/407
f 408/408/408 407/407/407 412/412/412
f 408/408/408 412/412/412 413/413/413
f 408/408/408 413/413/413 409/409/409
f 414/414/414 415/415/415 416/416/416
f 414/414/414 416/416/416 417/417/417
f 414/414/414 417/417/417 418/418/418
f 414/414/414 418/418/418 419/419/419
f 414/414/414 419/419/419 420/420/420
f 414/414/414 420/420/420 421/421/421
f 414/414/414 421/421/421 422/422/422
f 414/414/414 422/422/422 415/415/415
f 423/423/423 424/424/424 425/425/425
f 423/423/423 425/425/425 426/426/426
f 423/423/423 426/426/426 416/416/416
f 423/423/423 416/416/416 415/415/415
f 423/423/423 415/415/415 422/422/422
f 423/423/423 422/422/422 427/427/427
f 423/423/423 427/427/427 428/428/428
f 423/423/423 428/428/428 424/424/424
f 429/429/429 430/430/430 431/431/431
f 429/429/429 431/431/431 432/432/432
f 429/429/429 432/432/432 433/433/433
f 429/429/429 433/433/433 434/434/434
f 429/429/429 434/434/434 435/435/435
f 429/429/429 435/435/435 436/436/436
f 429/429/429 436/436/436 437/437/437
f 429/429/429 437/437/437 430/430/430
f 438/438/438 439/439/439 440/440/440
f 438/438/438 440/440/440 441/441/441
f 438/438/438 441/441/441 431/431/431
f 438/438/438 431/431/431 430/430/430
f 438/438/438 430/430/430 437/437/437
f 438/438/438 437/437/437 442/442/442
f 438/438/438 442/442/442 443/443/443
f 438/438/438 443/443/443 439/439/439
f 444/444/444 445/445/445 446/446/446
f 444/444/444 446/446/446 447/447/447
f 444/444/444 447/447/447 448/448/448
f 444/444/444 448/448/448 449/449/449
f 444/444/444 449/449/449 433/433/433
f 444/444/444 433/433/433 432/432/432
f 444/444/444 432/432/432 431/431/431
f 444/444/444 431/431/431 445/445/445
f 450/450/450 451/451/451 452/452/452
f 450/450/450 452/452/452 453/453/453
f 450/450/450 453/453/453 446/446/446
f 450/450/450 446/446/446 445/445/445
f 450/450/450 445/445/445 431/431/431
f 450/450/450 431/431/431 441/441/441
f 450/450/450 441/441/441 440/440/440
f 450/450/450 440/440/440 451/451/451
f 454/454/454 455/455/455 456/456/456
f 454/454/454 456/456/456 457/457/457
f 454/454/454 457/457/457 458/458/458
f 454/454/454 458/458/458 459/459/459
f 454/454/454 459/459/459 460/460/460
f 454/454/454 460/460/460 461/461/461
f 454/454/454 461/461/461 462/462/462
f 454/454/454 462/462/462 455/455/455
f 463/463/463 464/464/464 465/465/465
f 463/463/463 465/465/465 466/466/466
f 463/463/463 466/466/466 456/456/456
f 463/463/463 456/456/456 455/455/455
f 463/463/463 455/455/455 462/462/462
f 463/463/463 462/462/462 467/467/467
f 463/463/463 467/467/467 468/468/468
f 463/463/463 468/468/468 464/464/464
f 469/469/469 470/470/470 471/471/471
f 469/469/469 471/471/471 472/472/472
f 469/469/469 472/472/472 473/473/473
f 469/469/469 473/473/473 474/474/474
f 469/469/469 474/474/474 458/458/458
f 469/469/469 458/458/458 457/457/457
f 469/469/469 457/457/457 456/456/456
f 469/469/469 456/456/456 470/470/470
f 475/475/475 476/476/476 477/477/477
f 475/475/475 477/477/477 478/478/478
f 475/475/475 478/478/478 471/471/471
f 475/475/475 471/471/471 470/470/470
f 475/475/475 470/470/470 456/456/456
f 475/475/475 456/456/456 466/466/466
f 475/475/475 466/466/466 465/465/465
f 475/475/475 465/465/465 476/476/476
f 479/479/479 480/480/480 481/481/481
f 479/479/479 481/481/481 482/482/482
f 479/479/479 482/482/482 33/33/33
f 479/479/479 33/33/33 32/32/32
f 479/479/479 32/32/32 39/39/39
f 479/479/479 39/39/39 483/483/483
f 479/479/479 483/483/483 484/484/484
f 479/479/479 484/484/484 480/480/480
f 485/485/485 45/45/45 44/44/44
f 485/485/485 44/44/44 486/486/486
f 485/485/485 486/486/486 487/487/487
f 485/485/485 487/487/487 488/488/488
f 485/485/485 488/488/488 489/489/489
f 485/485/485 489/489/489 490/490/490
f 485/485/485 490/490/490 46/46/46
f 485/485/485 46/46/46 45/45/45
f 491/491/491 492/492/492 493/493/493
f 491/491/491 493/493/493 494/494/494
f 491/491/491 494/494/494 51/51/51
f 491/491/491 51/51/51 50/50/50
f 491/491/491 50/50/50 57/57/57
f 491/491/491 57/57/57 495/495/495
f 491/491/491 495/495/495 496/496/496
f 491/491/491 496/496/496 492/492/492
f 497/497/497 498/498/498 499/499/499
f 497/497/497 499/499/499 500/500/500
f 497/497/497 500/500/500 60/60/60
f 497/497/497 60/60/60 59/59/59
f 497/497/497 59/59/59 66/66/66
f 497/497/497 66/66/66 501/501/501
f 497/497/497 501/501/501 502/502/502
f 497/497/497 502/502/502 498/498/498
f 503/503/503 69/69/69 60/60/60
f 503/503/503 60/60/60 500/500/500
f 503/503/503 500/500/500 499/499/499
f 503/503/503 499/499/499 504/504/504
f 503/503/503 504/504/504 505/505/505
f 503/503/503 505/505/505 506/506/506
f 503/503/503 506/506/506 70/70/70
f 503/503/503 70/70/70 69/69/69
f 507/507/507 508/508/508 509/509/509
f 507/507/507 509/509/509 510/510/510
f 507/507/507 510/510/510 75/75/75
f 507/507/507 75/75/75 74/74/74
f 507/507/507 74/74/74 70/70/70
f 507/507/507 70/70/70 506/506/506
f 507/507/507 506/506/506 505/505/505
f 507/507/507 505/505/505 508/508/508
f 511/511/511 512/512/512 513/513/513
f 511/511/511 513/513/513 514/514/514
f 511/511/511 514/514/514 81/81/81
f 511/511/511 81/81/81 80/80/80
f 511/511/511 80/80/80 87/87/87
f 511/511/511 87/87/87 515/515/515
f 511/511/511 515/515/515 516/516/516
f 511/511/511 516/516/516 512/512/512
f 517/517/517 518/518/518 496/496/496
f 517/517/517 496/496/496 495/495/495
f 517/517/517 495/495/495 57/57/57
f 517/517/517 57/57/57 89/89/89
f 517/517/517 89/89/89 93/93/93
f 517/517/517 93/93/93 519/519/519
f 517/517/517 519/519/519 520/520/520
f 517/517/517 520/520/520 518/518/518
f 521/521/521 522/522/522 523/523/523
f 521/521/521 523/523/523 524/524/524
f 521/521/521 524/524/524 525/525/525
f 521/521/521 525/525/525 526/526/526
f 521/521/521 526/526/526 527/527/527
f 521/521/521 527/527/527 528/528/528
f 521/521/521 528/528/528 529/529/529
f 521/521/521 529/529/529 522/522/522
f 530/530/530 531/531/531 532/532/532
f 530/530/530 532/532/532 533/533/533
f 530/530/530 533/533/533 534/534/534
f 530/530/530 534/534/534 535/535/535
f 530/530/530 535/535/535 536/536/536
f 530/530/530 536/536/536 537/537/537
f 530/530/530 537/537/537 538/538/538
f 530/530/530 538/538/538 531/531/531
f 539/539/539 540/540/540 541/541/541
f 539/539/539 541/541/541 542/542/542
f 539/539/539 542/542/542 543/543/543
f 539/539/539 543/543/543 544/544/544
f 539/539/539 544/544/544 545/545/545
f 539/539/539 545/545/545 546/546/546
f 539/539/539 546/546/546 547/547/547
f 539/539/539 547/547/547 540/540/540
f 548/548/548 549/549/549 550/550/550
f 548/548/548 550/550/550 551/551/551
f 548/548/548 551/551/551 552/552/552
f 548/548/548 552/552/552 553/553/553
f 548/548/548 553/553/553 554/554/554
f 548/548/548 554/554/554 555/555/555
f 548/548/548 555/555/555 556/556/556
f 548/548/548 556/556/556 549/549/549
f 557/557/557 558/558/558 559/559/559
f 557/557/557 559/559/559 560/560/560
f 557/557/557 560/560/560 561/561/561
f 557/557/557 561/561/561 562/562/562
f 557/557/557 562/562/562 563/563/563
f 557/557/557 563/563/563 564/564/564
f 557/557/557 564/564/564 565/565/565
f 557/557/557 565/565/565 558/558/558
f 566/566/566 567/567/567 568/568/568
f 566/566/566 568/568/568 569/569/569
f 566/566/566 569/569/569 570/570/570
f 566/566/566 570/570/570 571/571/571
f 566/566/566 571/571/571 572/572/572
f 566/566/566 572/572/572 573/573/573
f 566/566/566 573/573/573 574/574/574
f 566/566/566 574/574/574 567/567/567
f 575/575/575 576/576/576 577/577/577
f 575/575/575 577/577/577 578/578/578
f 575/575/575 578/578/578 579/579/579
f 575/575/575 579/579/579 580/580/580
f 575/575/575 580/580/580 581/581/581
f 575/575/575 581/581/581 582/582/582
f 575/575/575 582/582/582 583/583/583
f 575/575/575 583/583/583 576/576/576
f 584/584/584 585/585/585 586/586/586
f 584/584/584 586/586/586 587/587/587
f 584/584/584 587/587/587 588/588/588
f 584/584/584 588/588/588 589/589/589
f 584/584/584 589/589/589 590/590/590
f 584/584/584 590/590/590 591/591/591
f 584/584/584 591/591/591 592/592/592
f 584/584/584 592/592/592 585/585/585
f 593/593/593 594/594/594 595/595/595
f 593/593/593 595/595/595 596/596/596
f 593/593/593 596/596/596 597/597/597
f 593/593/593 597/597/597 598/598/598
f 593/593/593 598/598/598 599/599/599
f 593/593/593 599/599/599 600/600/600
f 593/593/593 600/600/600 601/601/601
f 593/593/593 601/601/601 594/594/594
f 602/602/602 603/603/603 604/604/604
f 602/602/602 604/604/604 605/605/605
f 602/602/602 605/605/605 606/606/606
f 602/602/602 606/606/606 607/607/607
f 602/602/602 607/607/607 608/608/608
f 602/602/602 608/608/608 609/609/609
f 602/602/602 609/609/609 610/610/610
f 602/602/602 610/610/610 603/603/603
f 611/611/611 612/612/612 613/613/613
f 611/611/611 613/613/613 614/614/614
f 611/611/611 614/614/614 615/615/615
f 611/611/611 615/615/615 616/616/616
f 611/611/611 616/616/616 617/617/617
f 611/611/611 617/617/617 618/618/618
f 611/611/611 618/618/618 619/619/619
f 611/611/611 619/619/619 612/612/612
f 620/620/620 621/621/621 622/622/622
f 620/620/620 622/622/622 623/623/623
f 620/620/620 623/623/623 624/624/624
f 620/620/620 624/624/624 625/625/625
f 620/620/620 625/625/625 626/626/626
f 620/620/620 626/626/626 627/627/627
f 620/620/620 627/627/627 628/628/628
f 620/620/620 628/628/628 621/621/621
f 629/629/629 625/625/625 624/624/624
f 629/629/629 624/624/624 630/630/630
f 629/629/629 630/630/630 631/631/631
f 629/629/629 631/631/631 632/632/632
f 629/629/629 632/632/632 633/633/633
f 629/629/629 633/633/633 634/634/634
f 629/629/629 634/634/634 626/626/626
f 629/629/629 626/626/626 625/625/625
f 635/635/635 632/632/632 631/631/631
f 635/635/635 631/631/631 636/636/636
f 635/635/635 636/636/636 637/637/637
f 635/635/635 637/637/637 638/638/638
f 635/635/635 638/638/638 639/639/639
f 635/635/635 639/639/639 640/640/640
f 635/635/635 640/640/640 633/633/633
f 635/635/635 633/633/633 632/632/632
f 641/641/641 642/642/642 643/643/643
f 641/641/641 643/643/643 644/644/644
f 641/641/641 644/644/644 645/645/645
f 641/641/641 645/645/645 646/646/646
f 641/641/641 646/646/646 647/647/647
f 641/641/641 647/647/647 648/648/648
f 641/641/641 648/648/648 599/599/599
f 641/641/641 599/599/599 642/642/642
f 649/649/649 646/646/646 645/645/645
f 649/649/649 645/645/645 650/650/650
f 649/649/649 650/650/650 651/651/651
f 649/649/649 651/651/651 652/652/652
f 649/649/649 652/652/652 653/653/653
f 649/649/649 653/653/653 654/654/654
f 649/649/649 654/654/654 647/647/647
f 649/649/649 647/647/647 646/646/646
f 655/655/655 652/652/652 651/651/651
f 655/655/655 651/651/651 656/656/656
f 655/655/655 656/656/656 657/657/657
f 655/655/655 657/657/657 658/658/658
f 655/655/655 658/658/658 659/659/659
f 655/655/655 659/659/659 660/660/660
f 655/655/655 660/660/660 653/653/653
f 655/655/655 653/653/653 652/652/652
f 661/661/661 662/662/662 663/663/663
f 661/661/661 663/663/663 664/664/664
f 661/661/661 664/664/664 665/665/665
f 661/661/661 665/665/665 666/666/666
f 661/661/661 666/666/666 667/667/667
f 661/661/661 667/667/667 668/668/668
f 661/661/661 668/668/668 669/669/669
f 661/661/661 669/669/669 662/662/662
f 670/670/670 666/666/666 665/665/665
f 670/670/670 665/665/665 671/671/671
f 670/670/670 671/671/671 672/672/672
f 670/670/670 672/672/672 673/673/673
f 670/670/670 673/673/673 674/674/674
f 670/670/670 674/674/674 675/675/675
f 670/670/670 675/675/675 667/667/667
f 670/670/670 667/667/667 666/666/666
f 676/676/676 673/673/673 672/672/672
f 676/676/676 672/672/672 677/677/677
f 676/676/676 677/677/677 678/678/678
f 676/676/676 678/678/678 679/679/679
f 676/676/676 679/679/679 680/680/680
f 676/676/676 680/680/680 681/681/681
f 676/676/676 681/681/681 674/674/674
f 676/676/676 674/674/674 673/673/673
f 682/682/682 683/683/683 684/684/684
f 682/682/682 684/684/684 685/685/685
f 682/682/682 685/685/685 686/686/686
f 682/682/682 686/686/686 687/687/687
f 682/682/682 687/687/687 688/688/688
f 682/682/682 688/688/688 689/689/689
f 682/682/682 689/689/689 690/690/690
f 682/682/682 690/690/690 683/683/683
f 691/691/691 687/687/687 686/686/686
f 691/691/691 686/686/686 692/692/692
f 691/691/691 692/692/692 693/693/693
f 691/691/691 693/693/693 694/694/694
f 691/691/691 694/694/694 695/695/695
f 691/691/691 695/695/695 696/696/696
f 691/691/691 696/696/696 688/688/688
f 691/691/691 688/688/688 687/687/687
f 697/697/697 694/694/694 693/693/693
f 697/697/697 693/693/693 698/698/698
f 697/697/697 698/698/698 699/699/699
f 697/697/697 699/699/699 700/700/700
f 697/697/697 700/700/700 701/701/701
f 697/697/697 701/701/701 702/702/702
f 697/697/697 702/702/702 695/695/695
f 697/697/697 695/695/695 694/694/694
f 703/703/703 704/704/704 705/705/705
f 703/703/703 705/705/705 706/706/706
f 703/703/703 706/706/706 707/707/707
f 703/703/703 707/707/707 708/708/708
f 703/703/703 708/708/708 709/709/709
f 703/703/703 709/709/709 710/710/710
f 703/703/703 710/710/710 711/711/711
f 703/703/703 711/711/711 704/704/704
f 712/712/712 713/713/713 714/714/714
f 712/712/712 714/714/714 715/715/715
f 712/712/712 715/715/715 716/716/716
f 712/712/712 716/716/716 717/717/717
f 712/712/712 717/717/717 718/718/718
f 712/712/712 718/718/718 719/719/719
f 712/712/712 719/719/719 720/720/720
f 712/712/712 720/720/720 713/713/713
f 721/721/721 722/722/722 723/723/723
f 721/721/721 723/723/723 724/724/724
f 721/721/721 724/724/724 725/725/725
f 721/721/721 725/725/725 726/726/726
f 721/721/721 726/726/726 727/727/727
f 721/721/721 727/727/727 728/728/728
f 721/721/721 728/728/728 729/729/729
f 721/721/721 729/729/729 722/722/722
f 730/730/730 731/731/731 732/732/732
f 730/730/730 732/732/732 733/733/733
f 730/730/730 733/733/733 734/734/734
f 730/730/730 734/734/734 735/735/735
f 730/730/730 735/735/735 736/736/736
f 730/730/730 736/736/736 737/737/737
f 730/730/730 737/737/737 738/738/738
f 730/730/730 738/738/738 731/731/731
f 739/739/739 740/740/740 741/741/741
f 739/739/739 741/741/741 742/742/742
f 739/739/739 742/742/742 586/586/586
f 739/739/739 586/586/586 585/585/585
f 739/739/739 585/585/585 592/592/592
f 739/739/739 592/592/592 743/743/743
f 739/739/739 743/743/743 744/744/744
f 739/739/739 744/744/744 740/740/740
f 745/745/745 746/746/746 747/747/747
f 745/745/745 747/747/747 748/748/748
f 745/745/745 748/748/748 595/595/595
f 745/745/745 595/595/595 594/594/594
f 745/745/745 594/594/594 601/601/601
f 745/745/745 601/601/601 749/749/749
f 745/745/745 749/749/749 750/750/750
f 745/745/745 750/750/750 746/746/746
f 751/751/751 752/752/752 753/753/753
f 751/751/751 753/753/753 754/754/754
f 751/751/751 754/754/754 604/604/604
f 751/751/751 604/604/604 603/603/603
f 751/751/751 603/603/603 610/610/610
f 751/751/751 610/610/610 755/755/755
f 751/751/751 755/755/755 756/756/756
f 751/751/751 756/756/756 752/752/752
f 757/757/757 758/758/758 759/759/759
f 757/757/757 759/759/759 760/760/760
f 757/757/757 760/760/760 613/613/613
f 757/757/757 613/613/613 612/612/612
f 757/757/757 612/612/612 619/619/619
f 757/757/757 619/619/619 761/761/761
f 757/757/757 761/761/761 762/762/762
f 757/757/757 762/762/762 758/758/758
f 763/763/763 764/764/764 765/765/765
f 763/763/763 765/765/765 766/766/766
f 763/763/763 766/766/766 767/767/767
f 763/763/763 767/767/767 768/768/768
f 763/763/763 768/768/768 769/769/769
f 763/763/763 769/769/769 770/770/770
f 763/763/763 770/770/770 771/771/771
f 763/763/763 771/771/771 764/764/764
f 772/772/772 773/773/773 774/774/774
f 772/772/772 774/774/774 775/775/775
f 772/772/772 775/775/775 776/776/776
f 772/772/772 776/776/776 777/777/777
f 772/772/772 777/777/777 778/778/778
f 772/772/772 778/778/778 779/779/779
f 772/772/772 779/779/779 780/780/780
f 772/772/772 780/780/780 773/773/773
f 781/781/781 777/777/777 776/776/776
f 781/781/781 776/776/776 782/782/782
f 781/781/781 782/782/782 783/783/783
f 781/781/781 783/783/783 784/784/784
f 781/781/781 784/784/784 785/785/785
f 781/781/781 785/785/785 786/786/786
f 781/781/781 786/786/786 778/778/778
f 781/781/781 778/778/778 777/777/777
f 787/787/787 788/788/788 789/789/789
f 787/787/787 789/789/789 790/790/790
f 787/787/787 790/790/790 791/791/791
f 787/787/787 791/791/791 792/792/792
f 787/787/787 792/792/792 793/793/793
f 787/787/787 793/793/793 794/794/794
f 787/787/787 794/794/794 795/795/795
f 787/787/787 795/795/795 788/788/788
f 796/796/796 792/792/792 791/791/791
f 796/796/796 791/791/791 797/797/797
f 796/796/796 797/797/797 798/798/798
f 796/796/796 798/798/798 799/799/799
f 796/796/796 799/799/799 800/800/800
f 796/796/796 800/800/800 801/801/801
f 796/796/796 801/801/801 793/793/793
f 796/796/796 793/793/793 792/792/792
f 802/802/802 803/803/803 804/804/804
f 802/802/802 804/804/804 805/805/805
f 802/802/802 805/805/805 806/806/806
f 802/802/802 806/806/806 807/807/807
f 802/802/802 807/807/807 808/808/808
f 802/802/802 808/808/808 809/809/809
f 802/802/802 809/809/809 810/810/810
f 802/802/802 810/810/810 803/803/803
f 811/811/811 807/807/807 806/806/806
f 811/811/811 806/806/806 812/812/812
f 811/811/811 812/812/812 813/813/813
f 811/811/811 813/813/813 814/814/814
f 811/811/811 814/814/814 815/815/815
f 811/811/811 815/815/815 816/816/816
f 811/811/811 816/816/816 808/808/808
f 811/811/811 808/808/808 807/807/807
f 817/817/817 818/818/818 819/819/819
f 817/817/817 819/819/819 820/820/820
f 817/817/817 820/820/820 821/821/821
f 817/817/817 821/821/821 822/822/822
f 817/817/817 822/822/822 806/806/806
f 817/817/817 806/806/806 805/805/805
f 817/817/817 805/805/805 804/804/804
f 817/817/817 804/804/804 818/818/818
f 823/823/823 822/822/822 821/821/821
f 823/823/823 821/821/821 824/824/824
f 823/823/823 824/824/824 825/825/825
f 823/823/823 825/825/825 826/826/826
f 823/823/823 826/826/826 813/813/813
f 823/823/823 813/813/813 812/812/812
f 823/823/823 812/812/812 806/806/806
f 823/823/823 806/806/806 822/822/822
f 827/827/827 828/828/828 829/829/829
f 827/827/827 829/829/829 830/830/830
f 827/827/827 830/830/830 831/831/831
f 827/827/827 831/831/831 832/832/832
f 827/827/827 832/832/832 833/833/833
f 827/827/827 833/833/833 834/834/834
f 827/827/827 834/834/834 819/819/819
f 827/827/827 819/819/819 828/828/828
f 835/835/835 832/832/832 831/831/831
f 835/835/835 831/831/831 836/836/836
f 835/835/835 836/836/836 837/837/837
f 835/835/835 837/837/837 838/838/838
f 835/835/835 838/838/838 825/825/825
f 835/835/835 825/825/825 839/839/839
f 835/835/835 839/839/839 833/833/833
f 835/835/835 833/833/833 832/832/832
f 840/840/840 841/841/841 842/842/842
f 840/840/840 842/842/842 843/843/843
f 840/840/840 843/843/843 844/844/844
f 840/840/840 844/844/844 845/845/845
f 840/840/840 845/845/845 846/846/846
f 840/840/840 846/846/846 847/847/847
f 840/840/840 847/847/847 848/848/848
f 840/840/840 848/848/848 841/841/841
f 849/849/849 845/845/845 844/844/844
f 849/849/849 844/844/844 850/850/850
f 849/849/849 850/850/850 851/851/851
f 849/849/849 851/851/851 852/852/852
f 849/849/849 852/852/852 853/853/853
f 849/849/849 853/853/853 854/854/854
f 849/849/849 854/854/854 846/846/846
f 849/849/849 846/846/846 845/845/845
f 855/855/855 856/856/856 795/795/795
f 855/855/855 795/795/795 857/857/857
f 855/855/855 857/857/857 858/858/858
f 855/855/855 858/858/858 859/859/859
f 855/855/855 859/859/859 860/860/860
f 855/855/855 860/860/860 861/861/861
f 855/855/855 861/861/861 862/862/862
f 855/855/855 862/862/862 856/856/856
f 863/863/863 859/859/859 858/858/858
f 863/863/863 858/858/858 864/864/864
f 863/863/863 864/864/864 800/800/800
f 863/863/863 800/800/800 865/865/865
f 863/863/863 865/865/865 866/866/866
f 863/863/863 866/866/866 867/867/867
f 863/863/863 867/867/867 860/860/860
f 863/863/863 860/860/860 859/859/859
f 868/868/868 869/869/869 870/870/870
f 868/868/868 870/870/870 871/871/871
f 868/868/868 871/871/871 872/872/872
f 868/868/868 872/872/872 873/873/873
f 868/868/868 873/873/873 874/874/874
f 868/868/868 874/874/874 875/875/875
f 868/868/868 875/875/875 876/876/876
f 868/868/868 876/876/876 869/869/869
f 877/877/877 873/873/873 872/872/872
f 877/877/877 872/872/872 878/878/878
f 877/877/877 878/878/878 879/879/879
f 877/877/877 879/879/879 880/880/880
f 877/877/877 880/880/880 563/563/563
f 877/877/877 563/563/563 881/881/881
f 877/877/877 881/881/881 874/874/874
f 877/877/877 874/874/874 873/873/873
f 882/882/882 883/883/883 884/884/884
f 882/882/882 884/884/884 885/885/885
f 882/882/882 885/885/885 886/886/886
f 882/882/882 886/886/886 887/887/887
f 882/882/882 887/887/887 888/888/888
f 882/882/882 888/888/888 889/889/889
f 882/882/882 889/889/889 890/890/890
f 882/882/882 890/890/890 883/883/883
f 891/891/891 887/887/887 886/886/886
f 891/891/891 886/886/886 892/892/892
f 891/891/891 892/892/892 789/789/789
f 891/891/891 789/789/789 893/893/893
f 891/891/891 893/893/893 894/894/894
f 891/891/891 894/894/894 895/895/895
f 891/891/891 895/895/895 888/888/888
f 891/891/891 888/888/888 887/887/887
f 896/896/896 897/897/897 898/898/898
f 896/896/896 898/898/898 899/899/899
f 896/896/896 899/899/899 900/900/900
f 896/896/896 900/900/900 901/901/901
f 896/896/896 901/901/901 902/902/902
f 896/896/896 902/902/902 903/903/903
f 896/896/896 903/903/903 884/884/884
f 896/896/896 884/884/884 897/897/897
f 904/904/904 901/901/901 900/900/900
f 904/904/904 900/900/900 905/905/905
f 904/904/904 905/905/905 906/906/906
f 904/904/904 906/906/906 907/907/907
f 904/904/904 907/907/907 908/908/908
f 904/904/904 908/908/908 909/909/909
f 904/904/904 909/909/909 902/902/902
f 904/904/904 902/902/902 901/901/901
f 910/910/910 911/911/911 912/912/912
f 910/910/910 912/912/912 913/913/913
f 910/910/910 913/913/913 914/914/914
f 910/910/910 914/914/914 915/915/915
f 910/910/910 915/915/915 900/900/900
f 910/910/910 900/900/900 899/899/899
f 910/910/910 899/899/899 898/898/898
f 910/910/910 898/898/898 911/911/911
f 916/916/916 915/915/915 914/914/914
f 916/916/916 914/914/914 917/917/917
f 916/916/916 917/917/917 918/918/918
f 916/916/916 918/918/918 919/919/919
f 916/916/916 919/919/919 906/906/906
f 916/916/916 906/906/906 905/905/905
f 916/916/916 905/905/905 900/900/900
f 916/916/916 900/900/900 915/915/915
f 920/920/920 921/921/921 659/659/659
f 920/920/920 659/659/659 922/922/922
f 920/920/920 922/922/922 923/923/923
f 920/920/920 923/923/923 924/924/924
f 920/920/920 924/924/924 914/914/914
f 920/920/920 914/914/914 913/913/913
f 920/920/920 913/913/913 912/912/912
f 920/920/920 912/912/912 921/921/921
f 925/925/925 924/924/924 923/923/923
f 925/925/925 923/923/923 926/926/926
f 925/925/925 926/926/926 927/927/927
f 925/925/925 927/927/927 928/928/928
f 925/925/925 928/928/928 918/918/918
f 925/925/925 918/918/918 917/917/917
f 925/925/925 917/917/917 914/914/914
f 925/925/925 914/914/914 924/924/924
f 929/929/929 930/930/930 931/931/931
f 929/929/929 931/931/931 932/932/932
f 929/929/929 932/932/932 933/933/933
f 929/929/929 933/933/933 934/934/934
f 929/929/929 934/934/934 935/935/935
f 929/929/929 935/935/935 936/936/936
f 929/929/929 936/936/936 937/937/937
f 929/929/929 937/937/937 930/930/930
f 938/938/938 934/934/934 933/933/933
f 938/938/938 933/933/933 939/939/939
f 938/938/938 939/939/939 940/940/940
f 938/938/938 940/940/940 941/941/941
f 938/938/938 941/941/941 942/942/942
f 938/938/938 942/942/942 943/943/943
f 938/938/938 943/943/943 935/935/935
f 938/938/938 935/935/935 934/934/934
f 944/944/944 945/945/945 890/890/890
f 944/944/944 890/890/890 889/889/889
f 944/944/944 889/889/889 888/888/888
f 944/944/944 888/888/888 946/946/946
f 944/944/944 946/946/946 947/947/947
f 944/944/944 947/947/947 948/948/948
f 944/944/944 948/948/948 949/949/949
f 944/944/944 949/949/949 945/945/945
f 950/950/950 946/946/946 888/888/888
f 950/950/950 888/888/888 895/895/895
f 950/950/950 895/895/895 894/894/894
f 950/950/950 894/894/894 951/951/951
f 950/950/950 951/951/951 952/952/952
f 950/950/950 952/952/952 953/953/953
f 950/950/950 953/953/953 947/947/947
f 950/950/950 947/947/947 946/946/946
f 954/954/954 955/955/955 956/956/956
f 954/954/954 956/956/956 957/957/957
f 954/954/954 957/957/957 958/958/958
f 954/954/954 958/958/958 959/959/959
f 954/954/954 959/959/959 960/960/960
f 954/954/954 960/960/960 961/961/961
f 954/954/954 961/961/961 962/962/962
f 954/954/954 962/962/962 955/955/955
f 963/963/963 959/959/959 958/958/958
f 963/963/963 958/958/958 964/964/964
f 963/963/963 964/964/964 83/83/83
f 963/963/963 83/83/83 82/82/82
f 963/963/963 82/82/82 81/81/81
f 963/963/963 81/81/81 965/965/965
f 963/963/963 965/965/965 960/960/960
f 963/963/963 960/960/960 959/959/959
f 966/966/966 346/346/346 345/345/345
f 966/966/966 345/345/345 967/967/967
f 966/966/966 967/967/967 968/968/968
f 966/966/966 968/968/968 969/969/969
f 966/966/966 969/969/969 970/970/970
f 966/966/966 970/970/970 971/971/971
f 966/966/966 971/971/971 336/336/336
f 966/966/966 336/336/336 346/346/346
f 972/972/972 969/969/969 968/968/968
f 972/972/972 968/968/968 973/973/973
f 972/972/972 973/973/973 974/974/974
f 972/972/972 974/974/974 975/975/975
f 972/972/972 975/975/975 976/976/976
f 972/972/972 976/976/976 977/977/977
f 972/972/972 977/977/977 970/970/970
f 972/972/972 970/970/970 969/969/969
f 978/978/978 337/337/337 336/336/336
f 978/978/978 336/336/336 971/971/971
f 978/978/978 971/971/971 970/970/970
f 978/978/978 970/970/970 979/979/979
f 978/978/978 979/979/979 980/980/980
f 978/978/978 980/980/980 981/981/981
f 978/978/978 981/981/981 338/338/338
f 978/978/978 338/338/338 337/337/337
f 982/982/982 979/979/979 970/970/970
f 982/982/982 970/970/970 977/977/977
f 982/982/982 977/977/977 976/976/976
f 982/982/982 976/976/976 983/983/983
f 982/982/982 983/983/983 984/984/984
f 982/982/982 984/984/984 985/985/985
f 982/982/982 985/985/985 980/980/980
f 982/982/982 980/980/980 979/979/979
f 986/986/986 987/987/987 962/962/962
f 986/986/986 962/962/962 961/961/961
f 986/986/986 961/961/961 960/960/960
f 986/986/986 960/960/960 988/988/988
f 986/986/986 988/988/988 989/989/989
f 986/986/986 989/989/989 990/990/990
f 986/986/986 990/990/990 991/991/991
f 986/986/986 991/991/991 987/987/987
f 992/992/992 988/988/988 960/960/960
f 992/992/992 960/960/960 965/965/965
f 992/992/992 965/965/965 81/81/81
f 992/992/992 81/81/81 514/514/514
f 992/992/992 514/514/514 513/513/513
f 992/992/992 513/513/513 993/993/993
f 992/992/992 993/993/993 989/989/989
f 992/992/992 989/989/989 988/988/988
f 994/994/994 995/995/995 996/996/996
f 994/994/994 996/996/996 997/997/997
f 994/994/994 997/997/997 998/998/998
f 994/994/994 998/998/998 999/999/999
f 994/994/994 999/999/999 1000/1000/1000
f 994/994/994 1000/1000/1000 1001/1001/1001
f 994/994/994 1001/1001/1001 1002/1002/1002
f 994/994/994 1002/1002/1002 995/995/995
f 1003/1003/1003 708/708/708 707/707/707
f 1003/1003/1003 707/707/707 1004/1004/1004
f 1003/1003/1003 1004/1004/1004 1005/1005/1005
f 1003/1003/1003 1005/1005/1005 1006/1006/1006
f 1003/1003/1003 1006/1006/1006 1007/1007/1007
f 1003/1003/1003 1007/1007/1007 1008/1008/1008
f 1003/1003/1003 1008/1008/1008 709/709/709
f 1003/1003/1003 709/709/709 708/708/708
f 1009/1009/1009 1006/1006/1006 1005/1005/1005
f 1009/1009/1009 1005/1005/1005 1010/1010/1010
f 1009/1009/1009 1010/1010/1010 1011/1011/1011
f 1009/1009/1009 1011/1011/1011 1012/1012/1012
f 1009/1009/1009 1012/1012/1012 1013/1013/1013
f 1009/1009/1009 1013/1013/1013 1014/1014/1014
f 1009/1009/1009 1014/1014/1014 1007/1007/1007
f 1009/1009/1009 1007/1007/1007 1006/1006/1006
f 1015/1015/1015 726/726/726 725/725/725
f 1015/1015/1015 725/725/725 1016/1016/1016
f 1015/1015/1015 1016/1016/1016 1017/1017/1017
f 1015/1015/1015 1017/1017/1017 1018/1018/1018
f 1015/1015/1015 1018/1018/1018 1019/1019/1019
f 1015/1015/1015 1019/1019/1019 1020/1020/1020
f 1015/1015/1015 1020/1020/1020 727/727/727
f 1015/1015/1015 727/727/727 726/726/726
f 1021/1021/1021 1018/1018/1018 1017/1017/1017
f 1021/1021/1021 1017/1017/1017 1022/1022/1022
f 1021/1021/1021 1022/1022/1022 1023/1023/1023
f 1021/1021/1021 1023/1023/1023 1024/1024/1024
f 1021/1021/1021 1024/1024/1024 1025/1025/1025
f 1021/1021/1021 1025/1025/1025 1026/1026/1026
f 1021/1021/1021 1026/1026/1026 1019/1019/1019
f 1021/1021/1021 1019/1019/1019 1018/1018/1018
f 1027/1027/1027 735/735/735 734/734/734
f 1027/1027/1027 734/734/734 1028/1028/1028
f 1027/1027/1027 1028/1028/1028 1029/1029/1029
f 1027/1027/1027 1029/1029/1029 1030/1030/1030
f 1027/1027/1027 1030/1030/1030 1031/1031/1031
f 1027/1027/1027 1031/1031/1031 1032/1032/1032
f 1027/1027/1027 1032/1032/1032 736/736/736
f 1027/1027/1027 736/736/736 735/735/735
f 1033/1033/1033 1030/1030/1030 1029/1029/1029
f 1033/1033/1033 1029/1029/1029 1034/1034/1034
f 1033/1033/1033 1034/1034/1034 1035/1035/1035
f 1033/1033/1033 1035/1035/1035 1036/1036/1036
f 1033/1033/1033 1036/1036/1036 1037/1037/1037
f 1033/1033/1033 1037/1037/1037 1038/1038/1038
f 1033/1033/1033 1038/1038/1038 1031/1031/1031
f 1033/1033/1033 1031/1031/1031 1030/1030/1030
f 1039/1039/1039 1040/1040/1040 1041/1041/1041
f 1039/1039/1039 1041/1041/1041 1042/1042/1042
f 1039/1039/1039 1042/1042/1042 844/844/844
f 1039/1039/1039 844/844/844 843/843/843
f 1039/1039/1039 843/843/843 842/842/842
f 1039/1039/1039 842/842/842 1043/1043/1043
f 1039/1039/1039 1043/1043/1043 1044/1044/1044
f 1039/1039/1039 1044/1044/1044 1040/1040/1040
f 1045/1045/1045 1046/1046/1046 1047/1047/1047
f 1045/1045/1045 1047/1047/1047 1048/1048/1048
f 1045/1045/1045 1048/1048/1048 1049/1049/1049
f 1045/1045/1045 1049/1049/1049 1050/1050/1050
f 1045/1045/1045 1050/1050/1050 1041/1041/1041
f 1045/1045/1045 1041/1041/1041 1051/1051/1051
f 1045/1045/1045 1051/1051/1051 1052/1052/1052
f 1045/1045/1045 1052/1052/1052 1046/1046/1046
f 1053/1053/1053 1050/1050/1050 1049/1049/1049
f 1053/1053/1053 1049/1049/1049 1054/1054/1054
f 1053/1053/1053 1054/1054/1054 851/851/851
f 1053/1053/1053 851/851/851 850/850/850
f 1053/1053/1053 850/850/850 844/844/844
f 1053/1053/1053 844/844/844 1042/1042/1042
f 1053/1053/1053 1042/1042/1042 1041/1041/1041
f 1053/1053/1053 1041/1041/1041 1050/1050/1050
f 1055/1055/1055 1056/1056/1056 1057/1057/1057
f 1055/1055/1055 1057/1057/1057 1058/1058/1058
f 1055/1055/1055 1058/1058/1058 1059/1059/1059
f 1055/1055/1055 1059/1059/1059 1060/1060/1060
f 1055/1055/1055 1060/1060/1060 1061/1061/1061
f 1055/1055/1055 1061/1061/1061 1062/1062/1062
f 1055/1055/1055 1062/1062/1062 1063/1063/1063
f 1055/1055/1055 1063/1063/1063 1056/1056/1056
f 1064/1064/1064 1065/1065/1065 1066/1066/1066
f 1064/1064/1064 1066/1066/1066 1067/1067/1067
f 1064/1064/1064 1067/1067/1067 1068/1068/1068
f 1064/1064/1064 1068/1068/1068 1069/1069/1069
f 1064/1064/1064 1069/1069/1069 1061/1061/1061
f 1064/1064/1064 1061/1061/1061 1060/1060/1060
f 1064/1064/1064 1060/1060/1060 1059/1059/1059
f 1064/1064/1064 1059/1059/1059 1065/1065/1065
f 1070/1070/1070 1071/1071/1071 1057/1057/1057
f 1070/1070/1070 1057/1057/1057 1056/1056/1056
f 1070/1070/1070 1056/1056/1056 1063/1063/1063
f 1070/1070/1070 1063/1063/1063 1072/1072/1072
f 1070/1070/1070 1072/1072/1072 1073/1073/1073
f 1070/1070/1070 1073/1073/1073 1074/1074/1074
f 1070/1070/1070 1074/1074/1074 1075/1075/1075
f 1070/1070/1070 1075/1075/1075 1071/1071/1071
f 1076/1076/1076 1077/1077/1077 1078/1078/1078
f 1076/1076/1076 1078/1078/1078 1079/1079/1079
f 1076/1076/1076 1079/1079/1079 1075/1075/1075
f 1076/1076/1076 1075/1075/1075 1074/1074/1074
f 1076/1076/1076 1074/1074/1074 1073/1073/1073
f 1076/1076/1076 1073/1073/1073 1080/1080/1080
f 1076/1076/1076 1080/1080/1080 1081/1081/1081
f 1076/1076/1076 1081/1081/1081 1077/1077/1077
f 1082/1082/1082 1083/1083/1083 1084/1084/1084
f 1082/1082/1082 1084/1084/1084 1085/1085/1085
f 1082/1082/1082 1085/1085/1085 1086/1086/1086
f 1082/1082/1082 1086/1086/1086 1087/1087/1087
f 1082/1082/1082 1087/1087/1087 1088/1088/1088
f 1082/1082/1082 1088/1088/1088 1089/1089/1089
f 1082/1082/1082 1089/1089/1089 1090/1090/1090
f 1082/1082/1082 1090/1090/1090 1083/1083/1083
f 1091/1091/1091 1092/1092/1092 1093/1093/1093
f 1091/1091/1091 1093/1093/1093 1094/1094/1094
f 1091/1091/1091 1094/1094/1094 1090/1090/1090
f 1091/1091/1091 1090/1090/1090 1089/1089/1089
f 1091/1091/1091 1089/1089/1089 1088/1088/1088
f 1091/1091/1091 1088/1088/1088 1095/1095/1095
f 1091/1091/1091 1095/1095/1095 1096/1096/1096
f 1091/1091/1091 1096/1096/1096 1092/1092/1092
f 1097/1097/1097 1098/1098/1098 1099/1099/1099
f 1097/1097/1097 1099/1099/1099 1100/1100/1100
f 1097/1097/1097 1100/1100/1100 1101/1101/1101
f 1097/1097/1097 1101/1101/1101 1102/1102/1102
f 1097/1097/1097 1102/1102/1102 1103/1103/1103
f 1097/1097/1097 1103/1103/1103 1104/1104/1104
f 1097/1097/1097 1104/1104/1104 1105/1105/1105
f 1097/1097/1097 1105/1105/1105 1098/1098/1098
f 1106/1106/1106 1107/1107/1107 1099/1099/1099
f 1106/1106/1106 1099/1099/1099 1098/1098/1098
f 1106/1106/1106 1098/1098/1098 1105/1105/1105
f 1106/1106/1106 1105/1105/1105 1108/1108/1108
f 1106/1106/1106 1108/1108/1108 1109/1109/1109
f 1106/1106/1106 1109/1109/1109 1110/1110/1110
f 1106/1106/1106 1110/1110/1110 1111/1111/1111
f 1106/1106/1106 1111/1111/1111 1107/1107/1107
f 1112/1112/1112 1113/1113/1113 1114/1114/1114
f 1112/1112/1112 1114/1114/1114 1115/1115/1115
f 1112/1112/1112 1115/1115/1115 1116/1116/1116
f 1112/1112/1112 1116/1116/1116 1117/1117/1117
f 1112/1112/1112 1117/1117/1117 1118/1118/1118
f 1112/1112/1112 1118/1118/1118 1119/1119/1119
f 1112/1112/1112 1119/1119/1119 1120/1120/1120
f 1112/1112/1112 1120/1120/1120 1113/1113/1113
f 1121/1121/1121 1122/1122/1122 1123/1123/1123
f 1121/1121/1121 1123/1123/1123 1124/1124/1124
f 1121/1121/1121 1124/1124/1124 1125/1125/1125
f 1121/1121/1121 1125/1125/1125 1126/1126/1126
f 1121/1121/1121 1126/1126/1126 1127/1127/1127
f 1121/1121/1121 1127/1127/1127 1128/1128/1128
f 1121/1121/1121 1128/1128/1128 1129/1129/1129
f 1121/1121/1121 1129/1129/1129 1122/1122/1122
f 1130/1130/1130 1131/1131/1131 1132/1132/1132
f 1130/1130/1130 1132/1132/1132 1133/1133/1133
f 1130/1130/1130 1133/1133/1133 1134/1134/1134
f 1130/1130/1130 1134/1134/1134 1135/1135/1135
f 1130/1130/1130 1135/1135/1135 1118/1118/1118
f 1130/1130/1130 1118/1118/1118 1136/1136/1136
f 1130/1130/1130 1136/1136/1136 1137/1137/1137
f 1130/1130/1130 1137/1137/1137 1131/1131/1131
f 1138/1138/1138 1139/1139/1139 1132/1132/1132
f 1138/1138/1138 1132/1132/1132 1140/1140/1140
f 1138/1138/1138 1140/1140/1140 1141/1141/1141
f 1138/1138/1138 1141/1141/1141 1142/1142/1142
f 1138/1138/1138 1142/1142/1142 1143/1143/1143
f 1138/1138/1138 1143/1143/1143 1144/1144/1144
f 1138/1138/1138 1144/1144/1144 1145/1145/1145
f 1138/1138/1138 1145/1145/1145 1139/1139/1139
f 1146/1146/1146 1147/1147/1147 1148/1148/1148
f 1146/1146/1146 1148/1148/1148 1149/1149/1149
f 1146/1146/1146 1149/1149/1149 1150/1150/1150
f 1146/1146/1146 1150/1150/1150 1151/1151/1151
f 1146/1146/1146 1151/1151/1151 1143/1143/1143
f 1146/1146/1146 1143/1143/1143 1152/1152/1152
f 1146/1146/1146 1152/1152/1152 1153/1153/1153
f 1146/1146/1146 1153/1153/1153 1147/1147/1147
f 1154/1154/1154 1067/1067/1067 1066/1066/1066
f 1154/1154/1154 1066/1066/1066 1155/1155/1155
f 1154/1154/1154 1155/1155/1155 1156/1156/1156
f 1154/1154/1154 1156/1156/1156 1157/1157/1157
f 1154/1154/1154 1157/1157/1157 1158/1158/1158
f 1154/1154/1154 1158/1158/1158 1159/1159/1159
f 1154/1154/1154 1159/1159/1159 1068/1068/1068
f 1154/1154/1154 1068/1068/1068 1067/1067/1067
f 1160/1160/1160 1085/1085/1085 1084/1084/1084
f 1160/1160/1160 1084/1084/1084 1161/1161/1161
f 1160/1160/1160 1161/1161/1161 1162/1162/1162
f 1160/1160/1160 1162/1162/1162 1163/1163/1163
f 1160/1160/1160 1163/1163/1163 1164/1164/1164
f 1160/1160/1160 1164/1164/1164 1165/1165/1165
f 1160/1160/1160 1165/1165/1165 1086/1086/1086
f 1160/1160/1160 1086/1086/1086 1085/1085/1085
f 1166/1166/1166 1167/1167/1167 1093/1093/1093
f 1166/1166/1166 1093/1093/1093 1092/1092/1092
f 1166/1166/1166 1092/1092/1092 1096/1096/1096
f 1166/1166/1166 1096/1096/1096 1168/1168/1168
f 1166/1166/1166 1168/1168/1168 1127/1127/1127
f 1166/1166/1166 1127/1127/1127 1169/1169/1169
f 1166/1166/1166 1169/1169/1169 1170/1170/1170
f 1166/1166/1166 1170/1170/1170 1167/1167/1167
f 1171/1171/1171 1172/1172/1172 1173/1173/1173
f 1171/1171/1171 1173/1173/1173 1174/1174/1174
f 1171/1171/1171 1174/1174/1174 1175/1175/1175
f 1171/1171/1171 1175/1175/1175 1176/1176/1176
f 1171/1171/1171 1176/1176/1176 1177/1177/1177
f 1171/1171/1171 1177/1177/1177 1178/1178/1178
f 1171/1171/1171 1178/1178/1178 1179/1179/1179
f 1171/1171/1171 1179/1179/1179 1172/1172/1172
f 1180/1180/1180 1174/1174/1174 1173/1173/1173
f 1180/1180/1180 1173/1173/1173 1181/1181/1181
f 1180/1180/1180 1181/1181/1181 1182/1182/1182
f 1180/1180/1180 1182/1182/1182 1183/1183/1183
f 1180/1180/1180 1183/1183/1183 1184/1184/1184
f 1180/1180/1180 1184/1184/1184 1185/1185/1185
f 1180/1180/1180 1185/1185/1185 1175/1175/1175
f 1180/1180/1180 1175/1175/1175 1174/1174/1174
f 1186/1186/1186 1187/1187/1187 1188/1188/1188
f 1186/1186/1186 1188/1188/1188 1189/1189/1189
f 1186/1186/1186 1189/1189/1189 1190/1190/1190
f 1186/1186/1186 1190/1190/1190 1191/1191/1191
f 1186/1186/1186 1191/1191/1191 1192/1192/1192
f 1186/1186/1186 1192/1192/1192 1193/1193/1193
f 1186/1186/1186 1193/1193/1193 1194/1194/1194
f 1186/1186/1186 1194/1194/1194 1187/1187/1187
f 1195/1195/1195 1196/1196/1196 1188/1188/1188
f 1195/1195/1195 1188/1188/1188 1187/1187/1187
f 1195/1195/1195 1187/1187/1187 1194/1194/1194
f 1195/1195/1195 1194/1194/1194 1197/1197/1197
f 1195/1195/1195 1197/1197/1197 1198/1198/1198
f 1195/1195/1195 1198/1198/1198 1199/1199/1199
f 1195/1195/1195 1199/1199/1199 1200/1200/1200
f 1195/1195/1195 1200/1200/1200 1196/1196/1196
f 1201/1201/1201 1202/1202/1202 1203/1203/1203
f 1201/1201/1201 1203/1203/1203 1204/1204/1204
f 1201/1201/1201 1204/1204/1204 1205/1205/1205
f 1201/1201/1201 1205/1205/1205 1206/1206/1206
f 1201/1201/1201 1206/1206/1206 1184/1184/1184
f 1201/1201/1201 1184/1184/1184 1183/1183/1183
f 1201/1201/1201 1183/1183/1183 1182/1182/1182
f 1201/1201/1201 1182/1182/1182 1202/1202/1202
f 1207/1207/1207 1208/1208/1208 1209/1209/1209
f 1207/1207/1207 1209/1209/1209 1210/1210/1210
f 1207/1207/1207 1210/1210/1210 1200/1200/1200
f 1207/1207/1207 1200/1200/1200 1199/1199/1199
f 1207/1207/1207 1199/1199/1199 1198/1198/1198
f 1207/1207/1207 1198/1198/1198 1211/1211/1211
f 1207/1207/1207 1211/1211/1211 1212/1212/1212
f 1207/1207/1207 1212/1212/1212 1208/1208/1208
f 1213/1213/1213 1214/1214/1214 1215/1215/1215
f 1213/1213/1213 1215/1215/1215 1216/1216/1216
f 1213/1213/1213 1216/1216/1216 1217/1217/1217
f 1213/1213/1213 1217/1217/1217 1218/1218/1218
f 1213/1213/1213 1218/1218/1218 1219/1219/1219
f 1213/1213/1213 1219/1219/1219 1220/1220/1220
f 1213/1213/1213 1220/1220/1220 1221/1221/1221
f 1213/1213/1213 1221/1221/1221 1214/1214/1214
f 1222/1222/1222 1223/1223/1223 1224/1224/1224
f 1222/1222/1222 1224/1224/1224 1225/1225/1225
f 1222/1222/1222 1225/1225/1225 1179/1179/1179
f 1222/1222/1222 1179/1179/1179 1178/1178/1178
f 1222/1222/1222 1178/1178/1178 1177/1177/1177
f 1222/1222/1222 1177/1177/1177 1226/1226/1226
f 1222/1222/1222 1226/1226/1226 1227/1227/1227
f 1222/1222/1222 1227/1227/1227 1223/1223/1223
f 1228/1228/1228 1229/1229/1229 1224/1224/1224
f 1228/1228/1228 1224/1224/1224 1223/1223/1223
f 1228/1228/1228 1223/1223/1223 1227/1227/1227
f 1228/1228/1228 1227/1227/1227 1230/1230/1230
f 1228/1228/1228 1230/1230/1230 1219/1219/1219
f 1228/1228/1228 1219/1219/1219 1218/1218/1218
f 1228/1228/1228 1218/1218/1218 1217/1217/1217
f 1228/1228/1228 1217/1217/1217 1229/1229/1229
f 1231/1231/1231 1232/1232/1232 1209/1209/1209
f 1231/1231/1231 1209/1209/1209 1208/1208/1208
f 1231/1231/1231 1208/1208/1208 1212/1212/1212
f 1231/1231/1231 1212/1212/1212 1233/1233/1233
f 1231/1231/1231 1233/1233/1233 1234/1234/1234
f 1231/1231/1231 1234/1234/1234 1235/1235/1235
f 1231/1231/1231 1235/1235/1235 1236/1236/1236
f 1231/1231/1231 1236/1236/1236 1232/1232/1232
f 1237/1237/1237 1238/1238/1238 1239/1239/1239
f 1237/1237/1237 1239/1239/1239 1240/1240/1240
f 1237/1237/1237 1240/1240/1240 1241/1241/1241
f 1237/1237/1237 1241/1241/1241 1242/1242/1242
f 1237/1237/1237 1242/1242/1242 1243/1243/1243
f 1237/1237/1237 1243/1243/1243 1244/1244/1244
f 1237/1237/1237 1244/1244/1244 1245/1245/1245
f 1237/1237/1237 1245/1245/1245 1238/1238/1238
f 1246/1246/1246 1240/1240/1240 1239/1239/1239
f 1246/1246/1246 1239/1239/1239 1247/1247/1247
f 1246/1246/1246 1247/1247/1247 1248/1248/1248
f 1246/1246/1246 1248/1248/1248 1249/1249/1249
f 1246/1246/1246 1249/1249/1249 1250/1250/1250
f 1246/1246/1246 1250/1250/1250 1251/1251/1251
f 1246/1246/1246 1251/1251/1251 1241/1241/1241
f 1246/1246/1246 1241/1241/1241 1240/1240/1240
f 1252/1252/1252 1253/1253/1253 1254/1254/1254
f 1252/1252/1252 1254/1254/1254 1255/1255/1255
f 1252/1252/1252 1255/1255/1255 1256/1256/1256
f 1252/1252/1252 1256/1256/1256 1257/1257/1257
f 1252/1252/1252 1257/1257/1257 1258/1258/1258
f 1252/1252/1252 1258/1258/1258 1259/1259/1259
f 1252/1252/1252 1259/1259/1259 1260/1260/1260
f 1252/1252/1252 1260/1260/1260 1253/1253/1253
f 1261/1261/1261 1262/1262/1262 1254/1254/1254
f 1261/1261/1261 1254/1254/1254 1253/1253/1253
f 1261/1261/1261 1253/1253/1253 1260/1260/1260
f 1261/1261/1261 1260/1260/1260 1263/1263/1263
f 1261/1261/1261 1263/1263/1263 1264/1264/1264
f 1261/1261/1261 1264/1264/1264 1265/1265/1265
f 1261/1261/1261 1265/1265/1265 1266/1266/1266
f 1261/1261/1261 1266/1266/1266 1262/1262/1262
f 1267/1267/1267 1268/1268/1268 1269/1269/1269
f 1267/1267/1267 1269/1269/1269 1270/1270/1270
f 1267/1267/1267 1270/1270/1270 1271/1271/1271
f 1267/1267/1267 1271/1271/1271 1272/1272/1272
f 1267/1267/1267 1272/1272/1272 1250/1250/1250
f 1267/1267/1267 1250/1250/1250 1249/1249/1249
f 1267/1267/1267 1249/1249/1249 1248/1248/1248
f 1267/1267/1267 1248/1248/1248 1268/1268/1268
f 1273/1273/1273 1274/1274/1274 1275/1275/1275
f 1273/1273/1273 1275/1275/1275 1276/1276/1276
f 1273/1273/1273 1276/1276/1276 1266/1266/1266
f 1273/1273/1273 1266/1266/1266 1265/1265/1265
f 1273/1273/1273 1265/1265/1265 1264/1264/1264
f 1273/1273/1273 1264/1264/1264 1277/1277/1277
f 1273/1273/1273 1277/1277/1277 1278/1278/1278
f 1273/1273/1273 1278/1278/1278 1274/1274/1274
f 1279/1279/1279 1280/1280/1280 1281/1281/1281
f 1279/1279/1279 1281/1281/1281 1282/1282/1282
f 1279/1279/1279 1282/1282/1282 1283/1283/1283
f 1279/1279/1279 1283/1283/1283 1284/1284/1284
f 1279/1279/1279 1284/1284/1284 1285/1285/1285
f 1279/1279/1279 1285/1285/1285 1286/1286/1286
f 1279/1279/1279 1286/1286/1286 1287/1287/1287
f 1279/1279/1279 1287/1287/1287 1280/1280/1280
f 1288/1288/1288 1289/1289/1289 1290/1290/1290
f 1288/1288/1288 1290/1290/1290 1291/1291/1291
f 1288/1288/1288 1291/1291/1291 1245/1245/1245
f 1288/1288/1288 1245/1245/1245 1244/1244/1244
f 1288/1288/1288 1244/1244/1244 1243/1243/1243
f 1288/1288/1288 1243/1243/1243 1292/1292/1292
f 1288/1288/1288 1292/1292/1292 1293/1293/1293
f 1288/1288/1288 1293/1293/1293 1289/1289/1289
f 1294/1294/1294 1295/1295/1295 1290/1290/1290
f 1294/1294/1294 1290/1290/1290 1289/1289/1289
f 1294/1294/1294 1289/1289/1289 1293/1293/1293
f 1294/1294/1294 1293/1293/1293 1296/1296/1296
f 1294/1294/1294 1296/1296/1296 1285/1285/1285
f 1294/1294/1294 1285/1285/1285 1284/1284/1284
f 1294/1294/1294 1284/1284/1284 1283/1283/1283
f 1294/1294/1294 1283/1283/1283 1295/1295/1295
f 1297/1297/1297 1298/1298/1298 1275/1275/1275
f 1297/1297/1297 1275/1275/1275 1274/1274/1274
f 1297/1297/1297 1274/1274/1274 1278/1278/1278
f 1297/1297/1297 1278/1278/1278 1299/1299/1299
f 1297/1297/1297 1299/1299/1299 1300/1300/1300
f 1297/1297/1297 1300/1300/1300 1301/1301/1301
f 1297/1297/1297 1301/1301/1301 1302/1302/1302
f 1297/1297/1297 1302/1302/1302 1298/1298/1298
f 1303/1303/1303 1304/1304/1304 1305/1305/1305
f 1303/1303/1303 1305/1305/1305 1306/1306/1306
f 1303/1303/1303 1306/1306/1306 1307/1307/1307
f 1303/1303/1303 1307/1307/1307 1308/1308/1308
f 1303/1303/1303 1308/1308/1308 1285/1285/1285
f 1303/1303/1303 1285/1285/1285 1309/1309/1309
f 1303/1303/1303 1309/1309/1309 1310/1310/1310
f 1303/1303/1303 1310/1310/1310 1304/1304/1304
f 1311/1311/1311 1312/1312/1312 1305/1305/1305
f 1311/1311/1311 1305/1305/1305 1304/1304/1304
f 1311/1311/1311 1304/1304/1304 1310/1310/1310
f 1311/1311/1311 1310/1310/1310 1313/1313/1313
f 1311/1311/1311 1313/1313/1313 1314/1314/1314
f 1311/1311/1311 1314/1314/1314 1315/1315/1315
f 1311/1311/1311 1315/1315/1315 1316/1316/1316
f 1311/1311/1311 1316/1316/1316 1312/1312/1312
f 1317/1317/1317 1318/1318/1318 1319/1319/1319
f 1317/1317/1317 1319/1319/1319 1320/1320/1320
f 1317/1317/1317 1320/1320/1320 1321/1321/1321
f 1317/1317/1317 1321/1321/1321 1322/1322/1322
f 1317/1317/1317 1322/1322/1322 1323/1323/1323
f 1317/1317/1317 1323/1323/1323 1324/1324/1324
f 1317/1317/1317 1324/1324/1324 1325/1325/1325
f 1317/1317/1317 1325/1325/1325 1318/1318/1318
f 1326/1326/1326 1327/1327/1327 1328/1328/1328
f 1326/1326/1326 1328/1328/1328 1329/1329/1329
f 1326/1326/1326 1329/1329/1329 1330/1330/1330
f 1326/1326/1326 1330/1330/1330 1331/1331/1331
f 1326/1326/1326 1331/1331/1331 1300/1300/1300
f 1326/1326/1326 1300/1300/1300 1332/1332/1332
f 1326/1326/1326 1332/1332/1332 1325/1325/1325
f 1326/1326/1326 1325/1325/1325 1327/1327/1327
f 1333/1333/1333 1334/1334/1334 1335/1335/1335
f 1333/1333/1333 1335/1335/1335 1336/1336/1336
f 1333/1333/1333 1336/1336/1336 1337/1337/1337
f 1333/1333/1333 1337/1337/1337 1338/1338/1338
f 1333/1333/1333 1338/1338/1338 1339/1339/1339
f 1333/1333/1333 1339/1339/1339 1340/1340/1340
f 1333/1333/1333 1340/1340/1340 1293/1293/1293
f 1333/1333/1333 1293/1293/1293 1334/1334/1334
f 1341/1341/1341 1342/1342/1342 1343/1343/1343
f 1341/1341/1341 1343/1343/1343 1344/1344/1344
f 1341/1341/1341 1344/1344/1344 1345/1345/1345
f 1341/1341/1341 1345/1345/1345 1346/1346/1346
f 1341/1341/1341 1346/1346/1346 1339/1339/1339
f 1341/1341/1341 1339/1339/1339 1324/1324/1324
f 1341/1341/1341 1324/1324/1324 1310/1310/1310
f 1341/1341/1341 1310/1310/1310 1342/1342/1342
f 1347/1347/1347 1348/1348/1348 1349/1349/1349
f 1347/1347/1347 1349/1349/1349 1350/1350/1350
f 1347/1347/1347 1350/1350/1350 1351/1351/1351
f 1347/1347/1347 1351/1351/1351 1352/1352/1352
f 1347/1347/1347 1352/1352/1352 1353/1353/1353
f 1347/1347/1347 1353/1353/1353 1354/1354/1354
f 1347/1347/1347 1354/1354/1354 1355/1355/1355
f 1347/1347/1347 1355/1355/1355 1348/1348/1348
f 1356/1356/1356 1352/1352/1352 1351/1351/1351
f 1356/1356/1356 1351/1351/1351 1357/1357/1357
f 1356/1356/1356 1357/1357/1357 1358/1358/1358
f 1356/1356/1356 1358/1358/1358 1359/1359/1359
f 1356/1356/1356 1359/1359/1359 1360/1360/1360
f 1356/1356/1356 1360/1360/1360 1361/1361/1361
f 1356/1356/1356 1361/1361/1361 1353/1353/1353
f 1356/1356/1356 1353/1353/1353 1352/1352/1352
f 1362/1362/1362 1363/1363/1363 1355/1355/1355
f 1362/1362/1362 1355/1355/1355 1354/1354/1354
f 1362/1362/1362 1354/1354/1354 1353/1353/1353
f 1362/1362/1362 1353/1353/1353 1364/1364/1364
f 1362/1362/1362 1364/1364/1364 1365/1365/1365
f 1362/1362/1362 1365/1365/1365 1366/1366/1366
f 1362/1362/1362 1366/1366/1366 1367/1367/1367
f 1362/1362/1362 1367/1367/1367 1363/1363/1363
f 1368/1368/1368 1364/1364/1364 1353/1353/1353
f 1368/1368/1368 1353/1353/1353 1361/1361/1361
f 1368/1368/1368 1361/1361/1361 1360/1360/1360
f 1368/1368/1368 1360/1360/1360 1369/1369/1369
f 1368/1368/1368 1369/1369/1369 1370/1370/1370
f 1368/1368/1368 1370/1370/1370 1371/1371/1371
f 1368/1368/1368 1371/1371/1371 1365/1365/1365
f 1368/1368/1368 1365/1365/1365 1364/1364/1364
f 1372/1372/1372 967/967/967 1373/1373/1373
f 1372/1372/1372 1373/1373/1373 1374/1374/1374
f 1372/1372/1372 1374/1374/1374 1375/1375/1375
f 1372/1372/1372 1375/1375/1375 1376/1376/1376
f 1372/1372/1372 1376/1376/1376 1377/1377/1377
f 1372/1372/1372 1377/1377/1377 1378/1378/1378
f 1372/1372/1372 1378/1378/1378 1379/1379/1379
f 1372/1372/1372 1379/1379/1379 967/967/967
f 1380/1380/1380 1376/1376/1376 1375/1375/1375
f 1380/1380/1380 1375/1375/1375 1381/1381/1381
f 1380/1380/1380 1381/1381/1381 1382/1382/1382
f 1380/1380/1380 1382/1382/1382 1383/1383/1383
f 1380/1380/1380 1383/1383/1383 1384/1384/1384
f 1380/1380/1380 1384/1384/1384 1385/1385/1385
f 1380/1380/1380 1385/1385/1385 1377/1377/1377
f 1380/1380/1380 1377/1377/1377 1376/1376/1376
f 1386/1386/1386 973/973/973 1387/1387/1387
f 1386/1386/1386 1387/1387/1387 1388/1388/1388
f 1386/1386/1386 1388/1388/1388 1389/1389/1389
f 1386/1386/1386 1389/1389/1389 1390/1390/1390
f 1386/1386/1386 1390/1390/1390 1391/1391/1391
f 1386/1386/1386 1391/1391/1391 1392/1392/1392
f 1386/1386/1386 1392/1392/1392 1393/1393/1393
f 1386/1386/1386 1393/1393/1393 973/973/973
f 1394/1394/1394 1390/1390/1390 1389/1389/1389
f 1394/1394/1394 1389/1389/1389 1395/1395/1395
f 1394/1394/1394 1395/1395/1395 1396/1396/1396
f 1394/1394/1394 1396/1396/1396 1397/1397/1397
f 1394/1394/1394 1397/1397/1397 1398/1398/1398
f 1394/1394/1394 1398/1398/1398 1399/1399/1399
f 1394/1394/1394 1399/1399/1399 1391/1391/1391
f 1394/1394/1394 1391/1391/1391 1390/1390/1390
f 1400/1400/1400 1401/1401/1401 123/123/123
f 1400/1400/1400 123/123/123 1402/1402/1402
f 1400/1400/1400 1402/1402/1402 1403/1403/1403
f 1400/1400/1400 1403/1403/1403 1404/1404/1404
f 1400/1400/1400 1404/1404/1404 1405/1405/1405
f 1400/1400/1400 1405/1405/1405 1406/1406/1406
f 1400/1400/1400 1406/1406/1406 1407/1407/1407
f 1400/1400/1400 1407/1407/1407 1401/1401/1401
f 1408/1408/1408 1404/1404/1404 1403/1403/1403
f 1408/1408/1408 1403/1403/1403 1409/1409/1409
f 1408/1408/1408 1409/1409/1409 1410/1410/1410
f 1408/1408/1408 1410/1410/1410 1411/1411/1411
f 1408/1408/1408 1411/1411/1411 1412/1412/1412
f 1408/1408/1408 1412/1412/1412 1413/1413/1413
f 1408/1408/1408 1413/1413/1413 1405/1405/1405
f 1408/1408/1408 1405/1405/1405 1404/1404/1404
f 1414/1414/1414 1415/1415/1415 133/133/133
f 1414/1414/1414 133/133/133 1416/1416/1416
f 1414/1414/1414 1416/1416/1416 1417/1417/1417
f 1414/1414/1414 1417/1417/1417 1418/1418/1418
f 1414/1414/1414 1418/1418/1418 1419/1419/1419
f 1414/1414/1414 1419/1419/1419 1420/1420/1420
f 1414/1414/1414 1420/1420/1420 1421/1421/1421
f 1414/1414/1414 1421/1421/1421 1415/1415/1415
f 1422/1422/1422 1418/1418/1418 1417/1417/1417
f 1422/1422/1422 1417/1417/1417 1423/1423/1423
f 1422/1422/1422 1423/1423/1423 1424/1424/1424
f 1422/1422/1422 1424/1424/1424 1425/1425/1425
f 1422/1422/1422 1425/1425/1425 1426/1426/1426
f 1422/1422/1422 1426/1426/1426 1427/1427/1427
f 1422/1422/1422 1427/1427/1427 1419/1419/1419
f 1422/1422/1422 1419/1419/1419 1418/1418/1418
f 1428/1428/1428 1429/1429/1429 1430/1430/1430
f 1428/1428/1428 1430/1430/1430 1431/1431/1431
f 1428/1428/1428 1431/1431/1431 1432/1432/1432
f 1428/1428/1428 1432/1432/1432 1433/1433/1433
f 1428/1428/1428 1433/1433/1433 1434/1434/1434
f 1428/1428/1428 1434/1434/1434 1435/1435/1435
f 1428/1428/1428 1435/1435/1435 155/155/155
f 1428/1428/1428 155/155/155 1429/1429/1429
f 1436/1436/1436 1433/1433/1433 1432/1432/1432
f 1436/1436/1436 1432/1432/1432 1437/1437/1437
f 1436/1436/1436 1437/1437/1437 1438/1438/1438
f 1436/1436/1436 1438/1438/1438 1439/1439/1439
f 1436/1436/1436 1439/1439/1439 1440/1440/1440
f 1436/1436/1436 1440/1440/1440 1441/1441/1441
f 1436/1436/1436 1441/1441/1441 1434/1434/1434
f 1436/1436/1436 1434/1434/1434 1433/1433/1433
f 1442/1442/1442 1443/1443/1443 163/163/163
f 1442/1442/1442 163/163/163 1444/1444/1444
f 1442/1442/1442 1444/1444/1444 1445/1445/1445
f 1442/1442/1442 1445/1445/1445 1446/1446/1446
f 1442/1442/1442 1446/1446/1446 1447/1447/1447
f 1442/1442/1442 1447/1447/1447 1448/1448/1448
f 1442/1442/1442 1448/1448/1448 1449/1449/1449
f 1442/1442/1442 1449/1449/1449 1443/1443/1443
f 1450/1450/1450 1446/1446/1446 1445/1445/1445
f 1450/1450/1450 1445/1445/1445 1451/1451/1451
f 1450/1450/1450 1451/1451/1451 1452/1452/1452
f 1450/1450/1450 1452/1452/1452 1453/1453/1453
f 1450/1450/1450 1453/1453/1453 1454/1454/1454
f 1450/1450/1450 1454/1454/1454 1455/1455/1455
f 1450/1450/1450 1455/1455/1455 1447/1447/1447
f 1450/1450/1450 1447/1447/1447 1446/1446/1446
f 1456/1456/1456 1457/1457/1457 1458/1458/1458
f 1456/1456/1456 1458/1458/1458 1459/1459/1459
f 1456/1456/1456 1459/1459/1459 1460/1460/1460
f 1456/1456/1456 1460/1460/1460 1461/1461/1461
f 1456/1456/1456 1461/1461/1461 1462/1462/1462
f 1456/1456/1456 1462/1462/1462 1463/1463/1463
f 1456/1456/1456 1463/1463/1463 185/185/185
f 1456/1456/1456 185/185/185 1457/1457/1457
f 1464/1464/1464 1461/1461/1461 1460/1460/1460
f 1464/1464/1464 1460/1460/1460 1465/1465/1465
f 1464/1464/1464 1465/1465/1465 1466/1466/1466
f 1464/1464/1464 1466/1466/1466 1467/1467/1467
f 1464/1464/1464 1467/1467/1467 1468/1468/1468
f 1464/1464/1464 1468/1468/1468 1469/1469/1469
f 1464/1464/1464 1469/1469/1469 1462/1462/1462
f 1464/1464/1464 1462/1462/1462 1461/1461/1461
f 1470/1470/1470 1471/1471/1471 1472/1472/1472
f 1470/1470/1470 1472/1472/1472 1473/1473/1473
f 1470/1470/1470 1473/1473/1473 1474/1474/1474
f 1470/1470/1470 1474/1474/1474 1475/1475/1475
f 1470/1470/1470 1475/1475/1475 1476/1476/1476
f 1470/1470/1470 1476/1476/1476 1477/1477/1477
f 1470/1470/1470 1477/1477/1477 216/216/216
f 1470/1470/1470 216/216/216 1471/1471/1471
f 1478/1478/1478 1475/1475/1475 1474/1474/1474
f 1478/1478/1478 1474/1474/1474 1479/1479/1479
f 1478/1478/1478 1479/1479/1479 1480/1480/1480
f 1478/1478/1478 1480/1480/1480 1481/1481/1481
f 1478/1478/1478 1481/1481/1481 1482/1482/1482
f 1478/1478/1478 1482/1482/1482 1483/1483/1483
f 1478/1478/1478 1483/1483/1483 1476/1476/1476
f 1478/1478/1478 1476/1476/1476 1475/1475/1475
f 1484/1484/1484 1485/1485/1485 1486/1486/1486
f 1484/1484/1484 1486/1486/1486 1487/1487/1487
f 1484/1484/1484 1487/1487/1487 1488/1488/1488
f 1484/1484/1484 1488/1488/1488 1489/1489/1489
f 1484/1484/1484 1489/1489/1489 1490/1490/1490
f 1484/1484/1484 1490/1490/1490 1491/1491/1491
f 1484/1484/1484 1491/1491/1491 225/225/225
f 1484/1484/1484 225/225/225 1485/1485/1485
f 1492/1492/1492 1489/1489/1489 1488/1488/1488
f 1492/1492/1492 1488/1488/1488 1493/1493/1493
f 1492/1492/1492 1493/1493/1493 1494/1494/1494
f 1492/1492/1492 1494/1494/1494 1495/1495/1495
f 1492/1492/1492 1495/1495/1495 1496/1496/1496
f 1492/1492/1492 1496/1496/1496 1497/1497/1497
f 1492/1492/1492 1497/1497/1497 1490/1490/1490
f 1492/1492/1492 1490/1490/1490 1489/1489/1489
f 1498/1498/1498 1499/1499/1499 373/373/373
f 1498/1498/1498 373/373/373 1500/1500/1500
f 1498/1498/1498 1500/1500/1500 1501/1501/1501
f 1498/1498/1498 1501/1501/1501 1502/1502/1502
f 1498/1498/1498 1502/1502/1502 1503/1503/1503
f 1498/1498/1498 1503/1503/1503 1504/1504/1504
f 1498/1498/1498 1504/1504/1504 1505/1505/1505
f 1498/1498/1498 1505/1505/1505 1499/1499/1499
f 1506/1506/1506 1502/1502/1502 1501/1501/1501
f 1506/1506/1506 1501/1501/1501 1507/1507/1507
f 1506/1506/1506 1507/1507/1507 1508/1508/1508
f 1506/1506/1506 1508/1508/1508 1509/1509/1509
f 1506/1506/1506 1509/1509/1509 1510/1510/1510
f 1506/1506/1506 1510/1510/1510 1511/1511/1511
f 1506/1506/1506 1511/1511/1511 1503/1503/1503
f 1506/1506/1506 1503/1503/1503 1502/1502/1502
f 1512/1512/1512 1513/1513/1513 1514/1514/1514
f 1512/1512/1512 1514/1514/1514 1515/1515/1515
f 1512/1512/1512 1515/1515/1515 1516/1516/1516
f 1512/1512/1512 1516/1516/1516 1517/1517/1517
f 1512/1512/1512 1517/1517/1517 1518/1518/1518
f 1512/1512/1512 1518/1518/1518 1519/1519/1519
f 1512/1512/1512 1519/1519/1519 425/425/425
f 1512/1512/1512 425/425/425 1513/1513/1513
f 1520/1520/1520 1517/1517/1517 1516/1516/1516
f 1520/1520/1520 1516/1516/1516 1521/1521/1521
f 1520/1520/1520 1521/1521/1521 1522/1522/1522
f 1520/1520/1520 1522/1522/1522 1523/1523/1523
f 1520/1520/1520 1523/1523/1523 1524/1524/1524
f 1520/1520/1520 1524/1524/1524 1525/1525/1525
f 1520/1520/1520 1525/1525/1525 1518/1518/1518
f 1520/1520/1520 1518/1518/1518 1517/1517/1517
f 1526/1526/1526 1527/1527/1527 448/448/448
f 1526/1526/1526 448/448/448 1528/1528/1528
f 1526/1526/1526 1528/1528/1528 1529/1529/1529
f 1526/1526/1526 1529/1529/1529 1530/1530/1530
f 1526/1526/1526 1530/1530/1530 1531/1531/1531
f 1526/1526/1526 1531/1531/1531 1532/1532/1532
f 1526/1526/1526 1532/1532/1532 1533/1533/1533
f 1526/1526/1526 1533/1533/1533 1527/1527/1527
f 1534/1534/1534 1530/1530/1530 1529/1529/1529
f 1534/1534/1534 1529/1529/1529 1535/1535/1535
f 1534/1534/1534 1535/1535/1535 1536/1536/1536
f 1534/1534/1534 1536/1536/1536 1537/1537/1537
f 1534/1534/1534 1537/1537/1537 1538/1538/1538
f 1534/1534/1534 1538/1538/1538 1539/1539/1539
f 1534/1534/1534 1539/1539/1539 1531/1531/1531
f 1534/1534/1534 1531/1531/1531 1530/1530/1530
f 1540/1540/1540 1541/1541/1541 458/458/458
f 1540/1540/1540 458/458/458 1542/1542/1542
f 1540/1540/1540 1542/1542/1542 1543/1543/1543
f 1540/1540/1540 1543/1543/1543 1544/1544/1544
f 1540/1540/1540 1544/1544/1544 1545/1545/1545
f 1540/1540/1540 1545/1545/1545 1546/1546/1546
f 1540/1540/1540 1546/1546/1546 1547/1547/1547
f 1540/1540/1540 1547/1547/1547 1541/1541/1541
f 1548/1548/1548 1544/1544/1544 1543/1543/1543
f 1548/1548/1548 1543/1543/1543 1549/1549/1549
f 1548/1548/1548 1549/1549/1549 1550/1550/1550
f 1548/1548/1548 1550/1550/1550 1551/1551/1551
f 1548/1548/1548 1551/1551/1551 1552/1552/1552
f 1548/1548/1548 1552/1552/1552 1553/1553/1553
f 1548/1548/1548 1553/1553/1553 1545/1545/1545
f 1548/1548/1548 1545/1545/1545 1544/1544/1544
f 1554/1554/1554 1555/1555/1555 473/473/473
f 1554/1554/1554 473/473/473 1556/1556/1556
f 1554/1554/1554 1556/1556/1556 1557/1557/1557
f 1554/1554/1554 1557/1557/1557 1558/1558/1558
f 1554/1554/1554 1558/1558/1558 1559/1559/1559
f 1554/1554/1554 1559/1559/1559 1560/1560/1560
f 1554/1554/1554 1560/1560/1560 1561/1561/1561
f 1554/1554/1554 1561/1561/1561 1555/1555/1555
f 1562/1562/1562 1558/1558/1558 1557/1557/1557
f 1562/1562/1562 1557/1557/1557 1563/1563/1563
f 1562/1562/1562 1563/1563/1563 1564/1564/1564
f 1562/1562/1562 1564/1564/1564 1565/1565/1565
f 1562/1562/1562 1565/1565/1565 1566/1566/1566
f 1562/1562/1562 1566/1566/1566 1567/1567/1567
f 1562/1562/1562 1567/1567/1567 1559/1559/1559
f 1562/1562/1562 1559/1559/1559 1558/1558/1558
f 1568/1568/1568 1569/1569/1569 433/433/433
f 1568/1568/1568 433/433/433 1570/1570/1570
f 1568/1568/1568 1570/1570/1570 1571/1571/1571
f 1568/1568/1568 1571/1571/1571 1572/1572/1572
f 1568/1568/1568 1572/1572/1572 1573/1573/1573
f 1568/1568/1568 1573/1573/1573 1574/1574/1574
f 1568/1568/1568 1574/1574/1574 1575/1575/1575
f 1568/1568/1568 1575/1575/1575 1569/1569/1569
f 1576/1576/1576 1572/1572/1572 1571/1571/1571
f 1576/1576/1576 1571/1571/1571 1577/1577/1577
f 1576/1576/1576 1577/1577/1577 1578/1578/1578
f 1576/1576/1576 1578/1578/1578 1579/1579/1579
f 1576/1576/1576 1579/1579/1579 1580/1580/1580
f 1576/1576/1576 1580/1580/1580 1581/1581/1581
f 1576/1576/1576 1581/1581/1581 1573/1573/1573
f 1576/1576/1576 1573/1573/1573 1572/1572/1572
f 1582/1582/1582 1583/1583/1583 1584/1584/1584
f 1582/1582/1582 1584/1584/1584 1585/1585/1585
f 1582/1582/1582 1585/1585/1585 1586/1586/1586
f 1582/1582/1582 1586/1586/1586 1587/1587/1587
f 1582/1582/1582 1587/1587/1587 1588/1588/1588
f 1582/1582/1582 1588/1588/1588 1589/1589/1589
f 1582/1582/1582 1589/1589/1589 395/395/395
f 1582/1582/1582 395/395/395 1583/1583/1583
f 1590/1590/1590 1587/1587/1587 1586/1586/1586
f 1590/1590/1590 1586/1586/1586 1591/1591/1591
f 1590/1590/1590 1591/1591/1591 1592/1592/1592
f 1590/1590/1590 1592/1592/1592 1593/1593/1593
f 1590/1590/1590 1593/1593/1593 1594/1594/1594
f 1590/1590/1590 1594/1594/1594 1595/1595/1595
f 1590/1590/1590 1595/1595/1595 1588/1588/1588
f 1590/1590/1590 1588/1588/1588 1587/1587/1587
f 1596/1596/1596 1597/1597/1597 1598/1598/1598
f 1596/1596/1596 1598/1598/1598 1599/1599/1599
f 1596/1596/1596 1599/1599/1599 1600/1600/1600
f 1596/1596/1596 1600/1600/1600 1601/1601/1601
f 1596/1596/1596 1601/1601/1601 1602/1602/1602
f 1596/1596/1596 1602/1602/1602 1603/1603/1603
f 1596/1596/1596 1603/1603/1603 367/367/367
f 1596/1596/1596 367/367/367 1597/1597/1597
f 1604/1604/1604 1601/1601/1601 1600/1600/1600
f 1604/1604/1604 1600/1600/1600 1605/1605/1605
f 1604/1604/1604 1605/1605/1605 1606/1606/1606
f 1604/1604/1604 1606/1606/1606 1607/1607/1607
f 1604/1604/1604 1607/1607/1607 1608/1608/1608
f 1604/1604/1604 1608/1608/1608 1609/1609/1609
f 1604/1604/1604 1609/1609/1609 1602/1602/1602
f 1604/1604/1604 1602/1602/1602 1601/1601/1601
f 1610/1610/1610 1611/1611/1611 193/193/193
f 1610/1610/1610 193/193/193 1612/1612/1612
f 1610/1610/1610 1612/1612/1612 1613/1613/1613
f 1610/1610/1610 1613/1613/1613 1614/1614/1614
f 1610/1610/1610 1614/1614/1614 1615/1615/1615
f 1610/1610/1610 1615/1615/1615 1616/1616/1616
f 1610/1610/1610 1616/1616/1616 1617/1617/1617
f 1610/1610/1610 1617/1617/1617 1611/1611/1611
f 1618/1618/1618 1614/1614/1614 1613/1613/1613
f 1618/1618/1618 1613/1613/1613 1619/1619/1619
f 1618/1618/1618 1619/1619/1619 1620/1620/1620
f 1618/1618/1618 1620/1620/1620 1621/1621/1621
f 1618/1618/1618 1621/1621/1621 1622/1622/1622
f 1618/1618/1618 1622/1622/1622 1623/1623/1623
f 1618/1618/1618 1623/1623/1623 1615/1615/1615
f 1618/1618/1618 1615/1615/1615 1614/1614/1614
f 1624/1624/1624 1625/1625/1625 1626/1626/1626
f 1624/1624/1624 1626/1626/1626 1627/1627/1627
f 1624/1624/1624 1627/1627/1627 1628/1628/1628
f 1624/1624/1624 1628/1628/1628 1629/1629/1629
f 1624/1624/1624 1629/1629/1629 1630/1630/1630
f 1624/1624/1624 1630/1630/1630 1631/1631/1631
f 1624/1624/1624 1631/1631/1631 345/345/345
f 1624/1624/1624 345/345/345 1625/1625/1625
f 1632/1632/1632 1629/1629/1629 1628/1628/1628
f 1632/1632/1632 1628/1628/1628 1633/1633/1633
f 1632/1632/1632 1633/1633/1633 1634/1634/1634
f 1632/1632/1632 1634/1634/1634 1635/1635/1635
f 1632/1632/1632 1635/1635/1635 1636/1636/1636
f 1632/1632/1632 1636/1636/1636 1637/1637/1637
f 1632/1632/1632 1637/1637/1637 1630/1630/1630
f 1632/1632/1632 1630/1630/1630 1629/1629/1629
f 1638/1638/1638 1639/1639/1639 1640/1640/1640
f 1638/1638/1638 1640/1640/1640 1641/1641/1641
f 1638/1638/1638 1641/1641/1641 1642/1642/1642
f 1638/1638/1638 1642/1642/1642 1643/1643/1643
f 1638/1638/1638 1643/1643/1643 1644/1644/1644
f 1638/1638/1638 1644/1644/1644 1645/1645/1645
f 1638/1638/1638 1645/1645/1645 568/568/568
f 1638/1638/1638 568/568/568 1639/1639/1639
f 1646/1646/1646 1643/1643/1643 1642/1642/1642
f 1646/1646/1646 1642/1642/1642 1647/1647/1647
f 1646/1646/1646 1647/1647/1647 1648/1648/1648
f 1646/1646/1646 1648/1648/1648 1649/1649/1649
f 1646/1646/1646 1649/1649/1649 1650/1650/1650
f 1646/1646/1646 1650/1650/1650 1651/1651/1651
f 1646/1646/1646 1651/1651/1651 1644/1644/1644
f 1646/1646/1646 1644/1644/1644 1643/1643/1643
f 1652/1652/1652 1653/1653/1653 1654/1654/1654
f 1652/1652/1652 1654/1654/1654 1655/1655/1655
f 1652/1652/1652 1655/1655/1655 1656/1656/1656
f 1652/1652/1652 1656/1656/1656 1657/1657/1657
f 1652/1652/1652 1657/1657/1657 1658/1658/1658
f 1652/1652/1652 1658/1658/1658 1659/1659/1659
f 1652/1652/1652 1659/1659/1659 1660/1660/1660
f 1652/1652/1652 1660/1660/1660 1653/1653/1653
f 1661/1661/1661 1657/1657/1657 1656/1656/1656
f 1661/1661/1661 1656/1656/1656 1662/1662/1662
f 1661/1661/1661 1662/1662/1662 1650/1650/1650
f 1661/1661/1661 1650/1650/1650 1663/1663/1663
f 1661/1661/1661 1663/1663/1663 1664/1664/1664
f 1661/1661/1661 1664/1664/1664 1665/1665/1665
f 1661/1661/1661 1665/1665/1665 1658/1658/1658
f 1661/1661/1661 1658/1658/1658 1657/1657/1657
f 1666/1666/1666 1667/1667/1667 1367/1367/1367
f 1666/1666/1666 1367/1367/1367 1366/1366/1366
f 1666/1666/1666 1366/1366/1366 1365/1365/1365
f 1666/1666/1666 1365/1365/1365 1668/1668/1668
f 1666/1666/1666 1668/1668/1668 1669/1669/1669
f 1666/1666/1666 1669/1669/1669 1670/1670/1670
f 1666/1666/1666 1670/1670/1670 1640/1640/1640
f 1666/1666/1666 1640/1640/1640 1667/1667/1667
f 1671/1671/1671 1668/1668/1668 1365/1365/1365
f 1671/1671/1671 1365/1365/1365 1371/1371/1371
f 1671/1671/1671 1371/1371/1371 1370/1370/1370
f 1671/1671/1671 1370/1370/1370 1672/1672/1672
f 1671/1671/1671 1672/1672/1672 1673/1673/1673
f 1671/1671/1671 1673/1673/1673 1674/1674/1674
f 1671/1671/1671 1674/1674/1674 1669/1669/1669
f 1671/1671/1671 1669/1669/1669 1668/1668/1668
f 1675/1675/1675 1676/1676/1676 1660/1660/1660
f 1675/1675/1675 1660/1660/1660 1659/1659/1659
f 1675/1675/1675 1659/1659/1659 1658/1658/1658
f 1675/1675/1675 1658/1658/1658 1677/1677/1677
f 1675/1675/1675 1677/1677/1677 1678/1678/1678
f 1675/1675/1675 1678/1678/1678 1679/1679/1679
f 1675/1675/1675 1679/1679/1679 1680/1680/1680
f 1675/1675/1675 1680/1680/1680 1676/1676/1676
f 1681/1681/1681 1677/1677/1677 1658/1658/1658
f 1681/1681/1681 1658/1658/1658 1665/1665/1665
f 1681/1681/1681 1665/1665/1665 1664/1664/1664
f 1681/1681/1681 1664/1664/1664 1682/1682/1682
f 1681/1681/1681 1682/1682/1682 1683/1683/1683
f 1681/1681/1681 1683/1683/1683 1684/1684/1684
f 1681/1681/1681 1684/1684/1684 1678/1678/1678
f 1681/1681/1681 1678/1678/1678 1677/1677/1677
f 1685/1685/1685 1686/1686/1686 1680/1680/1680
f 1685/1685/1685 1680/1680/1680 1679/1679/1679
f 1685/1685/1685 1679/1679/1679 1678/1678/1678
f 1685/1685/1685 1678/1678/1678 1687/1687/1687
f 1685/1685/1685 1687/1687/1687 1688/1688/1688
f 1685/1685/1685 1688/1688/1688 1689/1689/1689
f 1685/1685/1685 1689/1689/1689 1690/1690/1690
f 1685/1685/1685 1690/1690/1690 1686/1686/1686
f 1691/1691/1691 1687/1687/1687 1678/1678/1678
f 1691/1691/1691 1678/1678/1678 1684/1684/1684
f 1691/1691/1691 1684/1684/1684 1683/1683/1683
f 1691/1691/1691 1683/1683/1683 1692/1692/1692
f 1691/1691/1691 1692/1692/1692 1693/1693/1693
f 1691/1691/1691 1693/1693/1693 1694/1694/1694
f 1691/1691/1691 1694/1694/1694 1688/1688/1688
f 1691/1691/1691 1688/1688/1688 1687/1687/1687
f 1695/1695/1695 1696/1696/1696 1697/1697/1697
f 1695/1695/1695 1697/1697/1697 1698/1698/1698
f 1695/1695/1695 1698/1698/1698 1699/1699/1699
f 1695/1695/1695 1699/1699/1699 1700/1700/1700
f 1695/1695/1695 1700/1700/1700 1701/1701/1701
f 1695/1695/1695 1701/1701/1701 1702/1702/1702
f 1695/1695/1695 1702/1702/1702 1703/1703/1703
f 1695/1695/1695 1703/1703/1703 1696/1696/1696
f 1704/1704/1704 1700/1700/1700 1699/1699/1699
f 1704/1704/1704 1699/1699/1699 1705/1705/1705
f 1704/1704/1704 1705/1705/1705 1706/1706/1706
f 1704/1704/1704 1706/1706/1706 1707/1707/1707
f 1704/1704/1704 1707/1707/1707 1708/1708/1708
f 1704/1704/1704 1708/1708/1708 1709/1709/1709
f 1704/1704/1704 1709/1709/1709 1701/1701/1701
f 1704/1704/1704 1701/1701/1701 1700/1700/1700
f 1710/1710/1710 533/533/533 1711/1711/1711
f 1710/1710/1710 1711/1711/1711 1712/1712/1712
f 1710/1710/1710 1712/1712/1712 1713/1713/1713
f 1710/1710/1710 1713/1713/1713 1714/1714/1714
f 1710/1710/1710 1714/1714/1714 1715/1715/1715
f 1710/1710/1710 1715/1715/1715 1716/1716/1716
f 1710/1710/1710 1716/1716/1716 1717/1717/1717
f 1710/1710/1710 1717/1717/1717 533/533/533
f 1718/1718/1718 1714/1714/1714 1713/1713/1713
f 1718/1718/1718 1713/1713/1713 1719/1719/1719
f 1718/1718/1718 1719/1719/1719 1720/1720/1720
f 1718/1718/1718 1720/1720/1720 1721/1721/1721
f 1718/1718/1718 1721/1721/1721 1722/1722/1722
f 1718/1718/1718 1722/1722/1722 1723/1723/1723
f 1718/1718/1718 1723/1723/1723 1715/1715/1715
f 1718/1718/1718 1715/1715/1715 1714/1714/1714
f 1724/1724/1724 1725/1725/1725 1703/1703/1703
f 1724/1724/1724 1703/1703/1703 1702/1702/1702
f 1724/1724/1724 1702/1702/1702 1701/1701/1701
f 1724/1724/1724 1701/1701/1701 1726/1726/1726
f 1724/1724/1724 1726/1726/1726 1727/1727/1727
f 1724/1724/1724 1727/1727/1727 1728/1728/1728
f 1724/1724/1724 1728/1728/1728 1729/1729/1729
f 1724/1724/1724 1729/1729/1729 1725/1725/1725
f 1730/1730/1730 1726/1726/1726 1701/1701/1701
f 1730/1730/1730 1701/1701/1701 1709/1709/1709
f 1730/1730/1730 1709/1709/1709 1708/1708/1708
f 1730/1730/1730 1708/1708/1708 1731/1731/1731
f 1730/1730/1730 1731/1731/1731 1732/1732/1732
f 1730/1730/1730 1732/1732/1732 1733/1733/1733
f 1730/1730/1730 1733/1733/1733 1727/1727/1727
f 1730/1730/1730 1727/1727/1727 1726/1726/1726
f 1734/1734/1734 1735/1735/1735 1736/1736/1736
f 1734/1734/1734 1736/1736/1736 1737/1737/1737
f 1734/1734/1734 1737/1737/1737 1738/1738/1738
f 1734/1734/1734 1738/1738/1738 1739/1739/1739
f 1734/1734/1734 1739/1739/1739 1740/1740/1740
f 1734/1734/1734 1740/1740/1740 1741/1741/1741
f 1734/1734/1734 1741/1741/1741 410/410/410
f 1734/1734/1734 410/410/410 1735/1735/1735
f 1742/1742/1742 1739/1739/1739 1738/1738/1738
f 1742/1742/1742 1738/1738/1738 1743/1743/1743
f 1742/1742/1742 1743/1743/1743 1744/1744/1744
f 1742/1742/1742 1744/1744/1744 1745/1745/1745
f 1742/1742/1742 1745/1745/1745 1746/1746/1746
f 1742/1742/1742 1746/1746/1746 1747/1747/1747
f 1742/1742/1742 1747/1747/1747 1740/1740/1740
f 1742/1742/1742 1740/1740/1740 1739/1739/1739
f 1748/1748/1748 1749/1749/1749 208/208/208
f 1748/1748/1748 208/208/208 1750/1750/1750
f 1748/1748/1748 1750/1750/1750 1751/1751/1751
f 1748/1748/1748 1751/1751/1751 1752/1752/1752
f 1748/1748/1748 1752/1752/1752 1753/1753/1753
f 1748/1748/1748 1753/1753/1753 1754/1754/1754
f 1748/1748/1748 1754/1754/1754 1755/1755/1755
f 1748/1748/1748 1755/1755/1755 1749/1749/1749
f 1756/1756/1756 1752/1752/1752 1751/1751/1751
f 1756/1756/1756 1751/1751/1751 1757/1757/1757
f 1756/1756/1756 1757/1757/1757 1758/1758/1758
f 1756/1756/1756 1758/1758/1758 1759/1759/1759
f 1756/1756/1756 1759/1759/1759 1760/1760/1760
f 1756/1756/1756 1760/1760/1760 1761/1761/1761
f 1756/1756/1756 1761/1761/1761 1753/1753/1753
f 1756/1756/1756 1753/1753/1753 1752/1752/1752
f 1762/1762/1762 1763/1763/1763 328/328/328
f 1762/1762/1762 328/328/328 1764/1764/1764
f 1762/1762/1762 1764/1764/1764 1765/1765/1765
f 1762/1762/1762 1765/1765/1765 1766/1766/1766
f 1762/1762/1762 1766/1766/1766 1767/1767/1767
f 1762/1762/1762 1767/1767/1767 1768/1768/1768
f 1762/1762/1762 1768/1768/1768 1769/1769/1769
f 1762/1762/1762 1769/1769/1769 1763/1763/1763
f 1770/1770/1770 1766/1766/1766 1765/1765/1765
f 1770/1770/1770 1765/1765/1765 1771/1771/1771
f 1770/1770/1770 1771/1771/1771 1772/1772/1772
f 1770/1770/1770 1772/1772/1772 1773/1773/1773
f 1770/1770/1770 1773/1773/1773 1774/1774/1774
f 1770/1770/1770 1774/1774/1774 1775/1775/1775
f 1770/1770/1770 1775/1775/1775 1767/1767/1767
f 1770/1770/1770 1767/1767/1767 1766/1766/1766
f 1776/1776/1776 1777/1777/1777 1778/1778/1778
f 1776/1776/1776 1778/1778/1778 1779/1779/1779
f 1776/1776/1776 1779/1779/1779 1780/1780/1780
f 1776/1776/1776 1780/1780/1780 1781/1781/1781
f 1776/1776/1776 1781/1781/1781 1782/1782/1782
f 1776/1776/1776 1782/1782/1782 1783/1783/1783
f 1776/1776/1776 1783/1783/1783 280/280/280
f 1776/1776/1776 280/280/280 1777/1777/1777
f 1784/1784/1784 1781/1781/1781 1780/1780/1780
f 1784/1784/1784 1780/1780/1780 1785/1785/1785
f 1784/1784/1784 1785/1785/1785 1786/1786/1786
f 1784/1784/1784 1786/1786/1786 1787/1787/1787
f 1784/1784/1784 1787/1787/1787 1788/1788/1788
f 1784/1784/1784 1788/1788/1788 1789/1789/1789
f 1784/1784/1784 1789/1789/1789 1782/1782/1782
f 1784/1784/1784 1782/1782/1782 1781/1781/1781
f 1790/1790/1790 1791/1791/1791 318/318/318
f 1790/1790/1790 318/318/318 1792/1792/1792
f 1790/1790/1790 1792/1792/1792 1793/1793/1793
f 1790/1790/1790 1793/1793/1793 1794/1794/1794
f 1790/1790/1790 1794/1794/1794 1795/1795/1795
f 1790/1790/1790 1795/1795/1795 1796/1796/1796
f 1790/1790/1790 1796/1796/1796 1797/1797/1797
f 1790/1790/1790 1797/1797/1797 1791/1791/1791
f 1798/1798/1798 1794/1794/1794 1793/1793/1793
f 1798/1798/1798 1793/1793/1793 1799/1799/1799
f 1798/1798/1798 1799/1799/1799 1800/1800/1800
f 1798/1798/1798 1800/1800/1800 1801/1801/1801
f 1798/1798/1798 1801/1801/1801 1802/1802/1802
f 1798/1798/1798 1802/1802/1802 1803/1803/1803
f 1798/1798/1798 1803/1803/1803 1795/1795/1795
f 1798/1798/1798 1795/1795/1795 1794/1794/1794
f 1804/1804/1804 1805/1805/1805 288/288/288
f 1804/1804/1804 288/288/288 1806/1806/1806
f 1804/1804/1804 1806/1806/1806 1807/1807/1807
f 1804/1804/1804 1807/1807/1807 1808/1808/1808
f 1804/1804/1804 1808/1808/1808 1809/1809/1809
f 1804/1804/1804 1809/1809/1809 1810/1810/1810
f 1804/1804/1804 1810/1810/1810 1811/1811/1811
f 1804/1804/1804 1811/1811/1811 1805/1805/1805
f 1812/1812/1812 1808/1808/1808 1807/1807/1807
f 1812/1812/1812 1807/1807/1807 1813/1813/1813
f 1812/1812/1812 1813/1813/1813 1814/1814/1814
f 1812/1812/1812 1814/1814/1814 1815/1815/1815
f 1812/1812/1812 1815/1815/1815 1816/1816/1816
f 1812/1812/1812 1816/1816/1816 1817/1817/1817
f 1812/1812/1812 1817/1817/1817 1809/1809/1809
f 1812/1812/1812 1809/1809/1809 1808/1808/1808
f 1818/1818/1818 1819/1819/1819 303/303/303
f 1818/1818/1818 303/303/303 1820/1820/1820
f 1818/1818/1818 1820/1820/1820 1821/1821/1821
f 1818/1818/1818 1821/1821/1821 1822/1822/1822
f 1818/1818/1818 1822/1822/1822 1823/1823/1823
f 1818/1818/1818 1823/1823/1823 1824/1824/1824
f 1818/1818/1818 1824/1824/1824 1825/1825/1825
f 1818/1818/1818 1825/1825/1825 1819/1819/1819
f 1826/1826/1826 1822/1822/1822 1821/1821/1821
f 1826/1826/1826 1821/1821/1821 1827/1827/1827
f 1826/1826/1826 1827/1827/1827 1828/1828/1828
f 1826/1826/1826 1828/1828/1828 1829/1829/1829
f 1826/1826/1826 1829/1829/1829 1830/1830/1830
f 1826/1826/1826 1830/1830/1830 1831/1831/1831
f 1826/1826/1826 1831/1831/1831 1823/1823/1823
f 1826/1826/1826 1823/1823/1823 1822/1822/1822
f 1832/1832/1832 1833/1833/1833 353/353/353
f 1832/1832/1832 353/353/353 1834/1834/1834
f 1832/1832/1832 1834/1834/1834 1835/1835/1835
f 1832/1832/1832 1835/1835/1835 1836/1836/1836
f 1832/1832/1832 1836/1836/1836 1837/1837/1837
f 1832/1832/1832 1837/1837/1837 1838/1838/1838
f 1832/1832/1832 1838/1838/1838 1839/1839/1839
f 1832/1832/1832 1839/1839/1839 1833/1833/1833
f 1840/1840/1840 1836/1836/1836 1835/1835/1835
f 1840/1840/1840 1835/1835/1835 1841/1841/1841
f 1840/1840/1840 1841/1841/1841 1842/1842/1842
f 1840/1840/1840 1842/1842/1842 1843/1843/1843
f 1840/1840/1840 1843/1843/1843 1844/1844/1844
f 1840/1840/1840 1844/1844/1844 1845/1845/1845
f 1840/1840/1840 1845/1845/1845 1837/1837/1837
f 1840/1840/1840 1837/1837/1837 1836/1836/1836
f 1846/1846/1846 1847/1847/1847 258/258/258
f 1846/1846/1846 258/258/258 1848/1848/1848
f 1846/1846/1846 1848/1848/1848 1849/1849/1849
f 1846/1846/1846 1849/1849/1849 1850/1850/1850
f 1846/1846/1846 1850/1850/1850 1851/1851/1851
f 1846/1846/1846 1851/1851/1851 1852/1852/1852
f 1846/1846/1846 1852/1852/1852 1853/1853/1853
f 1846/1846/1846 1853/1853/1853 1847/1847/1847
f 1854/1854/1854 1850/1850/1850 1849/1849/1849
f 1854/1854/1854 1849/1849/1849 1855/1855/1855
f 1854/1854/1854 1855/1855/1855 1856/1856/1856
f 1854/1854/1854 1856/1856/1856 1857/1857/1857
f 1854/1854/1854 1857/1857/1857 1858/1858/1858
f 1854/1854/1854 1858/1858/1858 1859/1859/1859
f 1854/1854/1854 1859/1859/1859 1851/1851/1851
f 1854/1854/1854 1851/1851/1851 1850/1850/1850
f 1860/1860/1860 1861/1861/1861 1862/1862/1862
f 1860/1860/1860 1862/1862/1862 1863/1863/1863
f 1860/1860/1860 1863/1863/1863 1864/1864/1864
f 1860/1860/1860 1864/1864/1864 1865/1865/1865
f 1860/1860/1860 1865/1865/1865 1866/1866/1866
f 1860/1860/1860 1866/1866/1866 1867/1867/1867
f 1860/1860/1860 1867/1867/1867 1868/1868/1868
f 1860/1860/1860 1868/1868/1868 1861/1861/1861
f 1869/1869/1869 1865/1865/1865 1864/1864/1864
f 1869/1869/1869 1864/1864/1864 1870/1870/1870
f 1869/1869/1869 1870/1870/1870 1871/1871/1871
f 1869/1869/1869 1871/1871/1871 1872/1872/1872
f 1869/1869/1869 1872/1872/1872 1873/1873/1873
f 1869/1869/1869 1873/1873/1873 1874/1874/1874
f 1869/1869/1869 1874/1874/1874 1866/1866/1866
f 1869/1869/1869 1866/1866/1866 1865/1865/1865
f 1875/1875/1875 1876/1876/1876 1868/1868/1868
f 1875/1875/1875 1868/1868/1868 1867/1867/1867
f 1875/1875/1875 1867/1867/1867 1866/1866/1866
f 1875/1875/1875 1866/1866/1866 1877/1877/1877
f 1875/1875/1875 1877/1877/1877 1878/1878/1878
f 1875/1875/1875 1878/1878/1878 1879/1879/1879
f 1875/1875/1875 1879/1879/1879 1880/1880/1880
f 1875/1875/1875 1880/1880/1880 1876/1876/1876
f 1881/1881/1881 1877/1877/1877 1866/1866/1866
f 1881/1881/1881 1866/1866/1866 1874/1874/1874
f 1881/1881/1881 1874/1874/1874 1873/1873/1873
f 1881/1881/1881 1873/1873/1873 1882/1882/1882
f 1881/1881/1881 1882/1882/1882 1883/1883/1883
f 1881/1881/1881 1883/1883/1883 1884/1884/1884
f 1881/1881/1881 1884/1884/1884 1878/1878/1878
f 1881/1881/1881 1878/1878/1878 1877/1877/1877
f 1885/1885/1885 1886/1886/1886 233/233/233
f 1885/1885/1885 233/233/233 1887/1887/1887
f 1885/1885/1885 1887/1887/1887 1888/1888/1888
f 1885/1885/1885 1888/1888/1888 1889/1889/1889
f 1885/1885/1885 1889/1889/1889 1890/1890/1890
f 1885/1885/1885 1890/1890/1890 1891/1891/1891
f 1885/1885/1885 1891/1891/1891 1892/1892/1892
f 1885/1885/1885 1892/1892/1892 1886/1886/1886
f 1893/1893/1893 1889/1889/1889 1888/1888/1888
f 1893/1893/1893 1888/1888/1888 1894/1894/1894
f 1893/1893/1893 1894/1894/1894 1895/1895/1895
f 1893/1893/1893 1895/1895/1895 1896/1896/1896
f 1893/1893/1893 1896/1896/1896 1897/1897/1897
f 1893/1893/1893 1897/1897/1897 1898/1898/1898
f 1893/1893/1893 1898/1898/1898 1890/1890/1890
f 1893/1893/1893 1890/1890/1890 1889/1889/1889
f 1899/1899/1899 1900/1900/1900 235/235/235
f 1899/1899/1899 235/235/235 1901/1901/1901
f 1899/1899/1899 1901/1901/1901 1902/1902/1902
f 1899/1899/1899 1902/1902/1902 1903/1903/1903
f 1899/1899/1899 1903/1903/1903 1904/1904/1904
f 1899/1899/1899 1904/1904/1904 1905/1905/1905
f 1899/1899/1899 1905/1905/1905 1906/1906/1906
f 1899/1899/1899 1906/1906/1906 1900/1900/1900
f 1907/1907/1907 1903/1903/1903 1902/1902/1902
f 1907/1907/1907 1902/1902/1902 1908/1908/1908
f 1907/1907/1907 1908/1908/1908 1909/1909/1909
f 1907/1907/1907 1909/1909/1909 1910/1910/1910
f 1907/1907/1907 1910/1910/1910 1911/1911/1911
f 1907/1907/1907 1911/1911/1911 1912/1912/1912
f 1907/1907/1907 1912/1912/1912 1904/1904/1904
f 1907/1907/1907 1904/1904/1904 1903/1903/1903
f 1913/1913/1913 1914/1914/1914 100/100/100
f 1913/1913/1913 100/100/100 1915/1915/1915
f 1913/1913/1913 1915/1915/1915 1916/1916/1916
f 1913/1913/1913 1916/1916/1916 1917/1917/1917
f 1913/1913/1913 1917/1917/1917 1918/1918/1918
f 1913/1913/1913 1918/1918/1918 1919/1919/1919
f 1913/1913/1913 1919/1919/1919 1920/1920/1920
f 1913/1913/1913 1920/1920/1920 1914/1914/1914
f 1921/1921/1921 1917/1917/1917 1916/1916/1916
f 1921/1921/1921 1916/1916/1916 1922/1922/1922
f 1921/1921/1921 1922/1922/1922 1923/1923/1923
f 1921/1921/1921 1923/1923/1923 1924/1924/1924
f 1921/1921/1921 1924/1924/1924 1925/1925/1925
f 1921/1921/1921 1925/1925/1925 1926/1926/1926
f 1921/1921/1921 1926/1926/1926 1918/1918/1918
f 1921/1921/1921 1918/1918/1918 1917/1917/1917
f 1927/1927/1927 1928/1928/1928 98/98/98
f 1927/1927/1927 98/98/98 1929/1929/1929
f 1927/1927/1927 1929/1929/1929 1930/1930/1930
f 1927/1927/1927 1930/1930/1930 1931/1931/1931
f 1927/1927/1927 1931/1931/1931 1932/1932/1932
f 1927/1927/1927 1932/1932/1932 1933/1933/1933
f 1927/1927/1927 1933/1933/1933 1934/1934/1934
f 1927/1927/1927 1934/1934/1934 1928/1928/1928
f 1935/1935/1935 1931/1931/1931 1930/1930/1930
f 1935/1935/1935 1930/1930/1930 1936/1936/1936
f 1935/1935/1935 1936/1936/1936 1937/1937/1937
f 1935/1935/1935 1937/1937/1937 1938/1938/1938
f 1935/1935/1935 1938/1938/1938 1939/1939/1939
f 1935/1935/1935 1939/1939/1939 1940/1940/1940
f 1935/1935/1935 1940/1940/1940 1932/1932/1932
f 1935/1935/1935 1932/1932/1932 1931/1931/1931
f 1941/1941/1941 241/241/241 1942/1942/1942
f 1941/1941/1941 1942/1942/1942 1943/1943/1943
f 1941/1941/1941 1943/1943/1943 1944/1944/1944
f 1941/1941/1941 1944/1944/1944 1945/1945/1945
f 1941/1941/1941 1945/1945/1945 1946/1946/1946
f 1941/1941/1941 1946/1946/1946 1947/1947/1947
f 1941/1941/1941 1947/1947/1947 1948/1948/1948
f 1941/1941/1941 1948/1948/1948 241/241/241
f 1949/1949/1949 1945/1945/1945 1944/1944/1944
f 1949/1949/1949 1944/1944/1944 1950/1950/1950
f 1949/1949/1949 1950/1950/1950 1951/1951/1951
f 1949/1949/1949 1951/1951/1951 1952/1952/1952
f 1949/1949/1949 1952/1952/1952 1953/1953/1953
f 1949/1949/1949 1953/1953/1953 1954/1954/1954
f 1949/1949/1949 1954/1954/1954 1946/1946/1946
f 1949/1949/1949 1946/1946/1946 1945/1945/1945
f 1955/1955/1955 232/232/232 1956/1956/1956
f 1955/1955/1955 1956/1956/1956 1957/1957/1957
f 1955/1955/1955 1957/1957/1957 1958/1958/1958
f 1955/1955/1955 1958/1958/1958 1959/1959/1959
f 1955/1955/1955 1959/1959/1959 1960/1960/1960
f 1955/1955/1955 1960/1960/1960 1961/1961/1961
f 1955/1955/1955 1961/1961/1961 1962/1962/1962
f 1955/1955/1955 1962/1962/1962 232/232/232
f 1963/1963/1963 1959/1959/1959 1958/1958/1958
f 1963/1963/1963 1958/1958/1958 1964/1964/1964
f 1963/1963/1963 1964/1964/1964 1965/1965/1965
f 1963/1963/1963 1965/1965/1965 1966/1966/1966
f 1963/1963/1963 1966/1966/1966 1967/1967/1967
f 1963/1963/1963 1967/1967/1967 1968/1968/1968
f 1963/1963/1963 1968/1968/1968 1960/1960/1960
f 1963/1963/1963 1960/1960/1960 1959/1959/1959
f 1969/1969/1969 106/106/106 1970/1970/1970
f 1969/1969/1969 1970/1970/1970 1971/1971/1971
f 1969/1969/1969 1971/1971/1971 1972/1972/1972
f 1969/1969/1969 1972/1972/1972 1973/1973/1973
f 1969/1969/1969 1973/1973/1973 1974/1974/1974
f 1969/1969/1969 1974/1974/1974 1975/1975/1975
f 1969/1969/1969 1975/1975/1975 1976/1976/1976
f 1969/1969/1969 1976/1976/1976 106/106/106
f 1977/1977/1977 1973/1973/1973 1972/1972/1972
f 1977/1977/1977 1972/1972/1972 1978/1978/1978
f 1977/1977/1977 1978/1978/1978 1979/1979/1979
f 1977/1977/1977 1979/1979/1979 1980/1980/1980
f 1977/1977/1977 1980/1980/1980 1981/1981/1981
f 1977/1977/1977 1981/1981/1981 1982/1982/1982
f 1977/1977/1977 1982/1982/1982 1974/1974/1974
f 1977/1977/1977 1974/1974/1974 1973/1973/1973
f 1983/1983/1983 97/97/97 1984/1984/1984
f 1983/1983/1983 1984/1984/1984 1985/1985/1985
f 1983/1983/1983 1985/1985/1985 1986/1986/1986
f 1983/1983/1983 1986/1986/1986 1987/1987/1987
f 1983/1983/1983 1987/1987/1987 1988/1988/1988
f 1983/1983/1983 1988/1988/1988 1989/1989/1989
f 1983/1983/1983 1989/1989/1989 1990/1990/1990
f 1983/1983/1983 1990/1990/1990 97/97/97
f 1991/1991/1991 1987/1987/1987 1986/1986/1986
f 1991/1991/1991 1986/1986/1986 1992/1992/1992
f 1991/1991/1991 1992/1992/1992 1993/1993/1993
f 1991/1991/1991 1993/1993/1993 1994/1994/1994
f 1991/1991/1991 1994/1994/1994 1995/1995/1995
f 1991/1991/1991 1995/1995/1995 1996/1996/1996
f 1991/1991/1991 1996/1996/1996 1988/1988/1988
f 1991/1991/1991 1988/1988/1988 1987/1987/1987
f 1997/1997/1997 1998/1998/1998 1999/1999/1999
f 1997/1997/1997 1999/1999/1999 2000/2000/2000
f 1997/1997/1997 2000/2000/2000 2001/2001/2001
f 1997/1997/1997 2001/2001/2001 2002/2002/2002
f 1997/1997/1997 2002/2002/2002 2003/2003/2003
f 1997/1997/1997 2003/2003/2003 2004/2004/2004
f 1997/1997/1997 2004/2004/2004 2005/2005/2005
f 1997/1997/1997 2005/2005/2005 1998/1998/1998
f 2006/2006/2006 2002/2002/2002 2001/2001/2001
f 2006/2006/2006 2001/2001/2001 2007/2007/2007
f 2006/2006/2006 2007/2007/2007 2008/2008/2008
f 2006/2006/2006 2008/2008/2008 2009/2009/2009
f 2006/2006/2006 2009/2009/2009 2010/2010/2010
f 2006/2006/2006 2010/2010/2010 2011/2011/2011
f 2006/2006/2006 2011/2011/2011 2003/2003/2003
f 2006/2006/2006 2003/2003/2003 2002/2002/2002
f 2012/2012/2012 2013/2013/2013 2005/2005/2005
f 2012/2012/2012 2005/2005/2005 2004/2004/2004
f 2012/2012/2012 2004/2004/2004 2003/2003/2003
f 2012/2012/2012 2003/2003/2003 2014/2014/2014
f 2012/2012/2012 2014/2014/2014 2015/2015/2015
f 2012/2012/2012 2015/2015/2015 2016/2016/2016
f 2012/2012/2012 2016/2016/2016 2017/2017/2017
f 2012/2012/2012 2017/2017/2017 2013/2013/2013
f 2018/2018/2018 2014/2014/2014 2003/2003/2003
f 2018/2018/2018 2003/2003/2003 2011/2011/2011
f 2018/2018/2018 2011/2011/2011 2010/2010/2010
f 2018/2018/2018 2010/2010/2010 2019/2019/2019
f 2018/2018/2018 2019/2019/2019 2020/2020/2020
f 2018/2018/2018 2020/2020/2020 2021/2021/2021
f 2018/2018/2018 2021/2021/2021 2015/2015/2015
f 2018/2018/2018 2015/2015/2015 2014/2014/2014
f 2022/2022/2022 2023/2023/2023 2024/2024/2024
f 2022/2022/2022 2024/2024/2024 2025/2025/2025
f 2022/2022/2022 2025/2025/2025 2026/2026/2026
f 2022/2022/2022 2026/2026/2026 2027/2027/2027
f 2022/2022/2022 2027/2027/2027 2028/2028/2028
f 2022/2022/2022 2028/2028/2028 2029/2029/2029
f 2022/2022/2022 2029/2029/2029 2030/2030/2030
f 2022/2022/2022 2030/2030/2030 2023/2023/2023
f 2031/2031/2031 2027/2027/2027 2026/2026/2026
f 2031/2031/2031 2026/2026/2026 2032/2032/2032
f 2031/2031/2031 2032/2032/2032 2033/2033/2033
f 2031/2031/2031 2033/2033/2033 2034/2034/2034
f 2031/2031/2031 2034/2034/2034 2035/2035/2035
f 2031/2031/2031 2035/2035/2035 2036/2036/2036
f 2031/2031/2031 2036/2036/2036 2028/2028/2028
f 2031/2031/2031 2028/2028/2028 2027/2027/2027
f 2037/2037/2037 2038/2038/2038 2039/2039/2039
f 2037/2037/2037 2039/2039/2039 2040/2040/2040
f 2037/2037/2037 2040/2040/2040 2041/2041/2041
f 2037/2037/2037 2041/2041/2041 2042/2042/2042
f 2037/2037/2037 2042/2042/2042 2043/2043/2043
f 2037/2037/2037 2043/2043/2043 2044/2044/2044
f 2037/2037/2037 2044/2044/2044 2045/2045/2045
f 2037/2037/2037 2045/2045/2045 2038/2038/2038
f 2046/2046/2046 2042/2042/2042 2041/2041/2041
f 2046/2046/2046 2041/2041/2041 2047/2047/2047
f 2046/2046/2046 2047/2047/2047 2048/2048/2048
f 2046/2046/2046 2048/2048/2048 2049/2049/2049
f 2046/2046/2046 2049/2049/2049 2050/2050/2050
f 2046/2046/2046 2050/2050/2050 2051/2051/2051
f 2046/2046/2046 2051/2051/2051 2043/2043/2043
f 2046/2046/2046 2043/2043/2043 2042/2042/2042
f 2052/2052/2052 1155/1155/1155 1066/1066/1066
f 2052/2052/2052 1066/1066/1066 2053/2053/2053
f 2052/2052/2052 2053/2053/2053 2054/2054/2054
f 2052/2052/2052 2054/2054/2054 2055/2055/2055
f 2052/2052/2052 2055/2055/2055 2056/2056/2056
f 2052/2052/2052 2056/2056/2056 2057/2057/2057
f 2052/2052/2052 2057/2057/2057 1156/1156/1156
f 2052/2052/2052 1156/1156/1156 1155/1155/1155
f 2058/2058/2058 1149/1149/1149 1148/1148/1148
f 2058/2058/2058 1148/1148/1148 2059/2059/2059
f 2058/2058/2058 2059/2059/2059 2060/2060/2060
f 2058/2058/2058 2060/2060/2060 2061/2061/2061
f 2058/2058/2058 2061/2061/2061 2062/2062/2062
f 2058/2058/2058 2062/2062/2062 2063/2063/2063
f 2058/2058/2058 2063/2063/2063 1150/1150/1150
f 2058/2058/2058 1150/1150/1150 1149/1149/1149
f 2064/2064/2064 2065/2065/2065 1132/1132/1132
f 2064/2064/2064 1132/1132/1132 2066/2066/2066
f 2064/2064/2064 2066/2066/2066 1150/1150/1150
f 2064/2064/2064 1150/1150/1150 2063/2063/2063
f 2064/2064/2064 2063/2063/2063 2062/2062/2062
f 2064/2064/2064 2062/2062/2062 2067/2067/2067
f 2064/2064/2064 2067/2067/2067 2068/2068/2068
f 2064/2064/2064 2068/2068/2068 2065/2065/2065
f 2069/2069/2069 1133/1133/1133 1132/1132/1132
f 2069/2069/2069 1132/1132/1132 2065/2065/2065
f 2069/2069/2069 2065/2065/2065 2068/2068/2068
f 2069/2069/2069 2068/2068/2068 2070/2070/2070
f 2069/2069/2069 2070/2070/2070 2071/2071/2071
f 2069/2069/2069 2071/2071/2071 2072/2072/2072
f 2069/2069/2069 2072/2072/2072 1134/1134/1134
f 2069/2069/2069 1134/1134/1134 1133/1133/1133
f 2073/2073/2073 2074/2074/2074 1093/1093/1093
f 2073/2073/2073 1093/1093/1093 1167/1167/1167
f 2073/2073/2073 1167/1167/1167 1170/1170/1170
f 2073/2073/2073 1170/1170/1170 2075/2075/2075
f 2073/2073/2073 2075/2075/2075 2076/2076/2076
f 2073/2073/2073 2076/2076/2076 2077/2077/2077
f 2073/2073/2073 2077/2077/2077 2078/2078/2078
f 2073/2073/2073 2078/2078/2078 2074/2074/2074
f 2079/2079/2079 1094/1094/1094 1093/1093/1093
f 2079/2079/2079 1093/1093/1093 2074/2074/2074
f 2079/2079/2079 2074/2074/2074 2078/2078/2078
f 2079/2079/2079 2078/2078/2078 2080/2080/2080
f 2079/2079/2079 2080/2080/2080 2081/2081/2081
f 2079/2079/2079 2081/2081/2081 2082/2082/2082
f 2079/2079/2079 2082/2082/2082 1090/1090/1090
f 2079/2079/2079 1090/1090/1090 1094/1094/1094
f 2083/2083/2083 2084/2084/2084 1084/1084/1084
f 2083/2083/2083 1084/1084/1084 1083/1083/1083
f 2083/2083/2083 1083/1083/1083 1090/1090/1090
f 2083/2083/2083 1090/1090/1090 2082/2082/2082
f 2083/2083/2083 2082/2082/2082 2081/2081/2081
f 2083/2083/2083 2081/2081/2081 2085/2085/2085
f 2083/2083/2083 2085/2085/2085 2086/2086/2086
f 2083/2083/2083 2086/2086/2086 2084/2084/2084
f 2087/2087/2087 1161/1161/1161 1084/1084/1084
f 2087/2087/2087 1084/1084/1084 2084/2084/2084
f 2087/2087/2087 2084/2084/2084 2086/2086/2086
f 2087/2087/2087 2086/2086/2086 2088/2088/2088
f 2087/2087/2087 2088/2088/2088 2089/2089/2089
f 2087/2087/2087 2089/2089/2089 2090/2090/2090
f 2087/2087/2087 2090/2090/2090 1162/1162/1162
f 2087/2087/2087 1162/1162/1162 1161/1161/1161
f 2091/2091/2091 2092/2092/2092 2093/2093/2093
f 2091/2091/2091 2093/2093/2093 2094/2094/2094
f 2091/2091/2091 2094/2094/2094 2095/2095/2095
f 2091/2091/2091 2095/2095/2095 2096/2096/2096
f 2091/2091/2091 2096/2096/2096 2097/2097/2097
f 2091/2091/2091 2097/2097/2097 2098/2098/2098
f 2091/2091/2091 2098/2098/2098 2099/2099/2099
f 2091/2091/2091 2099/2099/2099 2092/2092/2092
f 2100/2100/2100 2096/2096/2096 2095/2095/2095
f 2100/2100/2100 2095/2095/2095 2101/2101/2101
f 2100/2100/2100 2101/2101/2101 2102/2102/2102
f 2100/2100/2100 2102/2102/2102 2103/2103/2103
f 2100/2100/2100 2103/2103/2103 2104/2104/2104
f 2100/2100/2100 2104/2104/2104 2105/2105/2105
f 2100/2100/2100 2105/2105/2105 2097/2097/2097
f 2100/2100/2100 2097/2097/2097 2096/2096/2096
f 2106/2106/2106 2107/2107/2107 2108/2108/2108
f 2106/2106/2106 2108/2108/2108 2109/2109/2109
f 2106/2106/2106 2109/2109/2109 2110/2110/2110
f 2106/2106/2106 2110/2110/2110 2111/2111/2111
f 2106/2106/2106 2111/2111/2111 2112/2112/2112
f 2106/2106/2106 2112/2112/2112 2113/2113/2113
f 2106/2106/2106 2113/2113/2113 1066/1066/1066
f 2106/2106/2106 1066/1066/1066 2107/2107/2107
f 2114/2114/2114 2111/2111/2111 2110/2110/2110
f 2114/2114/2114 2110/2110/2110 2115/2115/2115
f 2114/2114/2114 2115/2115/2115 2116/2116/2116
f 2114/2114/2114 2116/2116/2116 2117/2117/2117
f 2114/2114/2114 2117/2117/2117 2118/2118/2118
f 2114/2114/2114 2118/2118/2118 2119/2119/2119
f 2114/2114/2114 2119/2119/2119 2112/2112/2112
f 2114/2114/2114 2112/2112/2112 2111/2111/2111
f 2120/2120/2120 2121/2121/2121 1162/1162/1162
f 2120/2120/2120 1162/1162/1162 2122/2122/2122
f 2120/2120/2120 2122/2122/2122 2123/2123/2123
f 2120/2120/2120 2123/2123/2123 2124/2124/2124
f 2120/2120/2120 2124/2124/2124 2125/2125/2125
f 2120/2120/2120 2125/2125/2125 2126/2126/2126
f 2120/2120/2120 2126/2126/2126 2127/2127/2127
f 2120/2120/2120 2127/2127/2127 2121/2121/2121
f 2128/2128/2128 2124/2124/2124 2123/2123/2123
f 2128/2128/2128 2123/2123/2123 2129/2129/2129
f 2128/2128/2128 2129/2129/2129 2130/2130/2130
f 2128/2128/2128 2130/2130/2130 2131/2131/2131
f 2128/2128/2128 2131/2131/2131 2132/2132/2132
f 2128/2128/2128 2132/2132/2132 2133/2133/2133
f 2128/2128/2128 2133/2133/2133 2125/2125/2125
f 2128/2128/2128 2125/2125/2125 2124/2124/2124
f 2134/2134/2134 2135/2135/2135 2136/2136/2136
f 2134/2134/2134 2136/2136/2136 2137/2137/2137
f 2134/2134/2134 2137/2137/2137 2138/2138/2138
f 2134/2134/2134 2138/2138/2138 2139/2139/2139
f 2134/2134/2134 2139/2139/2139 2140/2140/2140
f 2134/2134/2134 2140/2140/2140 2141/2141/2141
f 2134/2134/2134 2141/2141/2141 2142/2142/2142
f 2134/2134/2134 2142/2142/2142 2135/2135/2135
f 2143/2143/2143 2139/2139/2139 2138/2138/2138
f 2143/2143/2143 2138/2138/2138 2144/2144/2144
f 2143/2143/2143 2144/2144/2144 2145/2145/2145
f 2143/2143/2143 2145/2145/2145 2146/2146/2146
f 2143/2143/2143 2146/2146/2146 2147/2147/2147
f 2143/2143/2143 2147/2147/2147 2148/2148/2148
f 2143/2143/2143 2148/2148/2148 2140/2140/2140
f 2143/2143/2143 2140/2140/2140 2139/2139/2139
f 2149/2149/2149 2053/2053/2053 1066/1066/1066
f 2149/2149/2149 1066/1066/1066 2113/2113/2113
f 2149/2149/2149 2113/2113/2113 2112/2112/2112
f 2149/2149/2149 2112/2112/2112 2150/2150/2150
f 2149/2149/2149 2150/2150/2150 2151/2151/2151
f 2149/2149/2149 2151/2151/2151 2152/2152/2152
f 2149/2149/2149 2152/2152/2152 2054/2054/2054
f 2149/2149/2149 2054/2054/2054 2053/2053/2053
f 2153/2153/2153 2150/2150/2150 2112/2112/2112
f 2153/2153/2153 2112/2112/2112 2119/2119/2119
f 2153/2153/2153 2119/2119/2119 2118/2118/2118
f 2153/2153/2153 2118/2118/2118 2154/2154/2154
f 2153/2153/2153 2154/2154/2154 2155/2155/2155
f 2153/2153/2153 2155/2155/2155 2156/2156/2156
f 2153/2153/2153 2156/2156/2156 2151/2151/2151
f 2153/2153/2153 2151/2151/2151 2150/2150/2150
f 2157/2157/2157 2158/2158/2158 2159/2159/2159
f 2157/2157/2157 2159/2159/2159 2160/2160/2160
f 2157/2157/2157 2160/2160/2160 2161/2161/2161
f 2157/2157/2157 2161/2161/2161 2162/2162/2162
f 2157/2157/2157 2162/2162/2162 2163/2163/2163
f 2157/2157/2157 2163/2163/2163 2164/2164/2164
f 2157/2157/2157 2164/2164/2164 1078/1078/1078
f 2157/2157/2157 1078/1078/1078 2158/2158/2158
f 2165/2165/2165 2162/2162/2162 2161/2161/2161
f 2165/2165/2165 2161/2161/2161 2166/2166/2166
f 2165/2165/2165 2166/2166/2166 2167/2167/2167
f 2165/2165/2165 2167/2167/2167 2168/2168/2168
f 2165/2165/2165 2168/2168/2168 2169/2169/2169
f 2165/2165/2165 2169/2169/2169 2170/2170/2170
f 2165/2165/2165 2170/2170/2170 2163/2163/2163
f 2165/2165/2165 2163/2163/2163 2162/2162/2162
f 2171/2171/2171 1229/1229/1229 2172/2172/2172
f 2171/2171/2171 2172/2172/2172 2173/2173/2173
f 2171/2171/2171 2173/2173/2173 2174/2174/2174
f 2171/2171/2171 2174/2174/2174 2175/2175/2175
f 2171/2171/2171 2175/2175/2175 2176/2176/2176
f 2171/2171/2171 2176/2176/2176 2177/2177/2177
f 2171/2171/2171 2177/2177/2177 2178/2178/2178
f 2171/2171/2171 2178/2178/2178 1229/1229/1229
f 2179/2179/2179 2175/2175/2175 2174/2174/2174
f 2179/2179/2179 2174/2174/2174 2180/2180/2180
f 2179/2179/2179 2180/2180/2180 2181/2181/2181
f 2179/2179/2179 2181/2181/2181 2182/2182/2182
f 2179/2179/2179 2182/2182/2182 2167/2167/2167
f 2179/2179/2179 2167/2167/2167 2183/2183/2183
f 2179/2179/2179 2183/2183/2183 2176/2176/2176
f 2179/2179/2179 2176/2176/2176 2175/2175/2175
f 2184/2184/2184 2185/2185/2185 2186/2186/2186
f 2184/2184/2184 2186/2186/2186 2187/2187/2187
f 2184/2184/2184 2187/2187/2187 2188/2188/2188
f 2184/2184/2184 2188/2188/2188 2189/2189/2189
f 2184/2184/2184 2189/2189/2189 2190/2190/2190
f 2184/2184/2184 2190/2190/2190 2191/2191/2191
f 2184/2184/2184 2191/2191/2191 2192/2192/2192
f 2184/2184/2184 2192/2192/2192 2185/2185/2185
f 2193/2193/2193 2189/2189/2189 2188/2188/2188
f 2193/2193/2193 2188/2188/2188 2194/2194/2194
f 2193/2193/2193 2194/2194/2194 2195/2195/2195
f 2193/2193/2193 2195/2195/2195 2196/2196/2196
f 2193/2193/2193 2196/2196/2196 2197/2197/2197
f 2193/2193/2193 2197/2197/2197 2198/2198/2198
f 2193/2193/2193 2198/2198/2198 2190/2190/2190
f 2193/2193/2193 2190/2190/2190 2189/2189/2189
f 2199/2199/2199 2200/2200/2200 2201/2201/2201
f 2199/2199/2199 2201/2201/2201 2202/2202/2202
f 2199/2199/2199 2202/2202/2202 2203/2203/2203
f 2199/2199/2199 2203/2203/2203 2204/2204/2204
f 2199/2199/2199 2204/2204/2204 2205/2205/2205
f 2199/2199/2199 2205/2205/2205 2206/2206/2206
f 2199/2199/2199 2206/2206/2206 2207/2207/2207
f 2199/2199/2199 2207/2207/2207 2200/2200/2200
f 2208/2208/2208 2204/2204/2204 2203/2203/2203
f 2208/2208/2208 2203/2203/2203 2209/2209/2209
f 2208/2208/2208 2209/2209/2209 2210/2210/2210
f 2208/2208/2208 2210/2210/2210 2211/2211/2211
f 2208/2208/2208 2211/2211/2211 2212/2212/2212
f 2208/2208/2208 2212/2212/2212 2213/2213/2213
f 2208/2208/2208 2213/2213/2213 2205/2205/2205
f 2208/2208/2208 2205/2205/2205 2204/2204/2204
f 2214/2214/2214 2215/2215/2215 1134/1134/1134
f 2214/2214/2214 1134/1134/1134 2216/2216/2216
f 2214/2214/2214 2216/2216/2216 2217/2217/2217
f 2214/2214/2214 2217/2217/2217 2218/2218/2218
f 2214/2214/2214 2218/2218/2218 2219/2219/2219
f 2214/2214/2214 2219/2219/2219 2220/2220/2220
f 2214/2214/2214 2220/2220/2220 2221/2221/2221
f 2214/2214/2214 2221/2221/2221 2215/2215/2215
f 2222/2222/2222 2218/2218/2218 2217/2217/2217
f 2222/2222/2222 2217/2217/2217 2223/2223/2223
f 2222/2222/2222 2223/2223/2223 2224/2224/2224
f 2222/2222/2222 2224/2224/2224 2225/2225/2225
f 2222/2222/2222 2225/2225/2225 2226/2226/2226
f 2222/2222/2222 2226/2226/2226 2227/2227/2227
f 2222/2222/2222 2227/2227/2227 2219/2219/2219
f 2222/2222/2222 2219/2219/2219 2218/2218/2218
f 2228/2228/2228 2229/2229/2229 2230/2230/2230
f 2228/2228/2228 2230/2230/2230 2231/2231/2231
f 2228/2228/2228 2231/2231/2231 2232/2232/2232
f 2228/2228/2228 2232/2232/2232 2233/2233/2233
f 2228/2228/2228 2233/2233/2233 2234/2234/2234
f 2228/2228/2228 2234/2234/2234 2235/2235/2235
f 2228/2228/2228 2235/2235/2235 2236/2236/2236
f 2228/2228/2228 2236/2236/2236 2229/2229/2229
f 2237/2237/2237 2233/2233/2233 2232/2232/2232
f 2237/2237/2237 2232/2232/2232 2238/2238/2238
f 2237/2237/2237 2238/2238/2238 2239/2239/2239
f 2237/2237/2237 2239/2239/2239 2240/2240/2240
f 2237/2237/2237 2240/2240/2240 2241/2241/2241
f 2237/2237/2237 2241/2241/2241 2242/2242/2242
f 2237/2237/2237 2242/2242/2242 2234/2234/2234
f 2237/2237/2237 2234/2234/2234 2233/2233/2233
f 2243/2243/2243 2244/2244/2244 2245/2245/2245
f 2243/2243/2243 2245/2245/2245 2246/2246/2246
f 2243/2243/2243 2246/2246/2246 2247/2247/2247
f 2243/2243/2243 2247/2247/2247 2248/2248/2248
f 2243/2243/2243 2248/2248/2248 2249/2249/2249
f 2243/2243/2243 2249/2249/2249 2250/2250/2250
f 2243/2243/2243 2250/2250/2250 2251/2251/2251
f 2243/2243/2243 2251/2251/2251 2244/2244/2244
f 2252/2252/2252 2248/2248/2248 2247/2247/2247
f 2252/2252/2252 2247/2247/2247 2253/2253/2253
f 2252/2252/2252 2253/2253/2253 2254/2254/2254
f 2252/2252/2252 2254/2254/2254 2255/2255/2255
f 2252/2252/2252 2255/2255/2255 2256/2256/2256
f 2252/2252/2252 2256/2256/2256 2257/2257/2257
f 2252/2252/2252 2257/2257/2257 2249/2249/2249
f 2252/2252/2252 2249/2249/2249 2248/2248/2248
f 2258/2258/2258 2259/2259/2259 1203/1203/1203
f 2258/2258/2258 1203/1203/1203 2260/2260/2260
f 2258/2258/2258 2260/2260/2260 2261/2261/2261
f 2258/2258/2258 2261/2261/2261 2262/2262/2262
f 2258/2258/2258 2262/2262/2262 2247/2247/2247
f 2258/2258/2258 2247/2247/2247 2246/2246/2246
f 2258/2258/2258 2246/2246/2246 2245/2245/2245
f 2258/2258/2258 2245/2245/2245 2259/2259/2259
f 2263/2263/2263 2262/2262/2262 2261/2261/2261
f 2263/2263/2263 2261/2261/2261 2264/2264/2264
f 2263/2263/2263 2264/2264/2264 2265/2265/2265
f 2263/2263/2263 2265/2265/2265 2266/2266/2266
f 2263/2263/2263 2266/2266/2266 2254/2254/2254
f 2263/2263/2263 2254/2254/2254 2253/2253/2253
f 2263/2263/2263 2253/2253/2253 2247/2247/2247
f 2263/2263/2263 2247/2247/2247 2262/2262/2262
f 2267/2267/2267 2268/2268/2268 2236/2236/2236
f 2267/2267/2267 2236/2236/2236 2269/2269/2269
f 2267/2267/2267 2269/2269/2269 2270/2270/2270
f 2267/2267/2267 2270/2270/2270 2271/2271/2271
f 2267/2267/2267 2271/2271/2271 2272/2272/2272
f 2267/2267/2267 2272/2272/2272 2273/2273/2273
f 2267/2267/2267 2273/2273/2273 1236/1236/1236
f 2267/2267/2267 1236/1236/1236 2268/2268/2268
f 2274/2274/2274 2271/2271/2271 2270/2270/2270
f 2274/2274/2274 2270/2270/2270 2275/2275/2275
f 2274/2274/2274 2275/2275/2275 2276/2276/2276
f 2274/2274/2274 2276/2276/2276 2277/2277/2277
f 2274/2274/2274 2277/2277/2277 2278/2278/2278
f 2274/2274/2274 2278/2278/2278 2279/2279/2279
f 2274/2274/2274 2279/2279/2279 2272/2272/2272
f 2274/2274/2274 2272/2272/2272 2271/2271/2271
f 2280/2280/2280 2281/2281/2281 2282/2282/2282
f 2280/2280/2280 2282/2282/2282 2283/2283/2283
f 2280/2280/2280 2283/2283/2283 2284/2284/2284
f 2280/2280/2280 2284/2284/2284 2285/2285/2285
f 2280/2280/2280 2285/2285/2285 2286/2286/2286
f 2280/2280/2280 2286/2286/2286 2287/2287/2287
f 2280/2280/2280 2287/2287/2287 2288/2288/2288
f 2280/2280/2280 2288/2288/2288 2281/2281/2281
f 2289/2289/2289 2281/2281/2281 2288/2288/2288
f 2289/2289/2289 2288/2288/2288 2290/2290/2290
f 2289/2289/2289 2290/2290/2290 2291/2291/2291
f 2289/2289/2289 2291/2291/2291 2292/2292/2292
f 2289/2289/2289 2292/2292/2292 2293/2293/2293
f 2289/2289/2289 2293/2293/2293 2294/2294/2294
f 2289/2289/2289 2294/2294/2294 2282/2282/2282
f 2289/2289/2289 2282/2282/2282 2281/2281/2281
f 2295/2295/2295 2296/2296/2296 2297/2297/2297
f 2295/2295/2295 2297/2297/2297 2298/2298/2298
f 2295/2295/2295 2298/2298/2298 2299/2299/2299
f 2295/2295/2295 2299/2299/2299 2300/2300/2300
f 2295/2295/2295 2300/2300/2300 2301/2301/2301
f 2295/2295/2295 2301/2301/2301 2302/2302/2302
f 2295/2295/2295 2302/2302/2302 2303/2303/2303
f 2295/2295/2295 2303/2303/2303 2296/2296/2296
f 2304/2304/2304 2300/2300/2300 2299/2299/2299
f 2304/2304/2304 2299/2299/2299 2305/2305/2305
f 2304/2304/2304 2305/2305/2305 2306/2306/2306
f 2304/2304/2304 2306/2306/2306 2307/2307/2307
f 2304/2304/2304 2307/2307/2307 2308/2308/2308
f 2304/2304/2304 2308/2308/2308 2309/2309/2309
f 2304/2304/2304 2309/2309/2309 2301/2301/2301
f 2304/2304/2304 2301/2301/2301 2300/2300/2300
f 2310/2310/2310 2311/2311/2311 2312/2312/2312
f 2310/2310/2310 2312/2312/2312 2313/2313/2313
f 2310/2310/2310 2313/2313/2313 2314/2314/2314
f 2310/2310/2310 2314/2314/2314 2315/2315/2315
f 2310/2310/2310 2315/2315/2315 2316/2316/2316
f 2310/2310/2310 2316/2316/2316 2317/2317/2317
f 2310/2310/2310 2317/2317/2317 2318/2318/2318
f 2310/2310/2310 2318/2318/2318 2311/2311/2311
f 2319/2319/2319 2320/2320/2320 2321/2321/2321
f 2319/2319/2319 2321/2321/2321 2322/2322/2322
f 2319/2319/2319 2322/2322/2322 2323/2323/2323
f 2319/2319/2319 2323/2323/2323 2324/2324/2324
f 2319/2319/2319 2324/2324/2324 2325/2325/2325
f 2319/2319/2319 2325/2325/2325 2326/2326/2326
f 2319/2319/2319 2326/2326/2326 2327/2327/2327
f 2319/2319/2319 2327/2327/2327 2320/2320/2320
f 2328/2328/2328 2329/2329/2329 2330/2330/2330
f 2328/2328/2328 2330/2330/2330 2331/2331/2331
f 2328/2328/2328 2331/2331/2331 2332/2332/2332
f 2328/2328/2328 2332/2332/2332 2333/2333/2333
f 2328/2328/2328 2333/2333/2333 2334/2334/2334
f 2328/2328/2328 2334/2334/2334 2335/2335/2335
f 2328/2328/2328 2335/2335/2335 2336/2336/2336
f 2328/2328/2328 2336/2336/2336 2329/2329/2329
f 2337/2337/2337 2338/2338/2338 2339/2339/2339
f 2337/2337/2337 2339/2339/2339 2340/2340/2340
f 2337/2337/2337 2340/2340/2340 2341/2341/2341
f 2337/2337/2337 2341/2341/2341 2342/2342/2342
f 2337/2337/2337 2342/2342/2342 2343/2343/2343
f 2337/2337/2337 2343/2343/2343 2344/2344/2344
f 2337/2337/2337 2344/2344/2344 2345/2345/2345
f 2337/2337/2337 2345/2345/2345 2338/2338/2338
f 2346/2346/2346 2338/2338/2338 2345/2345/2345
f 2346/2346/2346 2345/2345/2345 2347/2347/2347
f 2346/2346/2346 2347/2347/2347 2348/2348/2348
f 2346/2346/2346 2348/2348/2348 2349/2349/2349
f 2346/2346/2346 2349/2349/2349 2350/2350/2350
f 2346/2346/2346 2350/2350/2350 2351/2351/2351
f 2346/2346/2346 2351/2351/2351 2339/2339/2339
f 2346/2346/2346 2339/2339/2339 2338/2338/2338
f 2352/2352/2352 2353/2353/2353 2354/2354/2354
f 2352/2352/2352 2354/2354/2354 2355/2355/2355
f 2352/2352/2352 2355/2355/2355 2350/2350/2350
f 2352/2352/2352 2350/2350/2350 2349/2349/2349
f 2352/2352/2352 2349/2349/2349 2348/2348/2348
f 2352/2352/2352 2348/2348/2348 2356/2356/2356
f 2352/2352/2352 2356/2356/2356 2357/2357/2357
f 2352/2352/2352 2357/2357/2357 2353/2353/2353
f 2358/2358/2358 2359/2359/2359 2360/2360/2360
f 2358/2358/2358 2360/2360/2360 2361/2361/2361
f 2358/2358/2358 2361/2361/2361 2362/2362/2362
f 2358/2358/2358 2362/2362/2362 2363/2363/2363
f 2358/2358/2358 2363/2363/2363 2364/2364/2364
f 2358/2358/2358 2364/2364/2364 2365/2365/2365
f 2358/2358/2358 2365/2365/2365 2366/2366/2366
f 2358/2358/2358 2366/2366/2366 2359/2359/2359
f 2367/2367/2367 2333/2333/2333 2332/2332/2332
f 2367/2367/2367 2332/2332/2332 2368/2368/2368
f 2367/2367/2367 2368/2368/2368 2369/2369/2369
f 2367/2367/2367 2369/2369/2369 2370/2370/2370
f 2367/2367/2367 2370/2370/2370 2371/2371/2371
f 2367/2367/2367 2371/2371/2371 2372/2372/2372
f 2367/2367/2367 2372/2372/2372 2334/2334/2334
f 2367/2367/2367 2334/2334/2334 2333/2333/2333
f 2373/2373/2373 2374/2374/2374 2375/2375/2375
f 2373/2373/2373 2375/2375/2375 2376/2376/2376
f 2373/2373/2373 2376/2376/2376 2377/2377/2377
f 2373/2373/2373 2377/2377/2377 2378/2378/2378
f 2373/2373/2373 2378/2378/2378 2379/2379/2379
f 2373/2373/2373 2379/2379/2379 2380/2380/2380
f 2373/2373/2373 2380/2380/2380 2381/2381/2381
f 2373/2373/2373 2381/2381/2381 2374/2374/2374
f 2382/2382/2382 2383/2383/2383 2384/2384/2384
f 2382/2382/2382 2384/2384/2384 2385/2385/2385
f 2382/2382/2382 2385/2385/2385 2386/2386/2386
f 2382/2382/2382 2386/2386/2386 2387/2387/2387
f 2382/2382/2382 2387/2387/2387 2377/2377/2377
f 2382/2382/2382 2377/2377/2377 2376/2376/2376
f 2382/2382/2382 2376/2376/2376 2375/2375/2375
f 2382/2382/2382 2375/2375/2375 2383/2383/2383
f 2388/2388/2388 2378/2378/2378 2377/2377/2377
f 2388/2388/2388 2377/2377/2377 2389/2389/2389
f 2388/2388/2388 2389/2389/2389 2390/2390/2390
f 2388/2388/2388 2390/2390/2390 2391/2391/2391
f 2388/2388/2388 2391/2391/2391 2392/2392/2392
f 2388/2388/2388 2392/2392/2392 2393/2393/2393
f 2388/2388/2388 2393/2393/2393 2379/2379/2379
f 2388/2388/2388 2379/2379/2379 2378/2378/2378
f 2394/2394/2394 2387/2387/2387 2386/2386/2386
f 2394/2394/2394 2386/2386/2386 2395/2395/2395
f 2394/2394/2394 2395/2395/2395 2396/2396/2396
f 2394/2394/2394 2396/2396/2396 2397/2397/2397
f 2394/2394/2394 2397/2397/2397 2390/2390/2390
f 2394/2394/2394 2390/2390/2390 2389/2389/2389
f 2394/2394/2394 2389/2389/2389 2377/2377/2377
f 2394/2394/2394 2377/2377/2377 2387/2387/2387
f 2398/2398/2398 2399/2399/2399 2400/2400/2400
f 2398/2398/2398 2400/2400/2400 2401/2401/2401
f 2398/2398/2398 2401/2401/2401 2288/2288/2288
f 2398/2398/2398 2288/2288/2288 2287/2287/2287
f 2398/2398/2398 2287/2287/2287 2286/2286/2286
f 2398/2398/2398 2286/2286/2286 2402/2402/2402
f 2398/2398/2398 2402/2402/2402 2403/2403/2403
f 2398/2398/2398 2403/2403/2403 2399/2399/2399
f 2404/2404/2404 2405/2405/2405 2406/2406/2406
f 2404/2404/2404 2406/2406/2406 2407/2407/2407
f 2404/2404/2404 2407/2407/2407 2291/2291/2291
f 2404/2404/2404 2291/2291/2291 2290/2290/2290
f 2404/2404/2404 2290/2290/2290 2288/2288/2288
f 2404/2404/2404 2288/2288/2288 2401/2401/2401
f 2404/2404/2404 2401/2401/2401 2400/2400/2400
f 2404/2404/2404 2400/2400/2400 2405/2405/2405
f 2408/2408/2408 2409/2409/2409 2410/2410/2410
f 2408/2408/2408 2410/2410/2410 2411/2411/2411
f 2408/2408/2408 2411/2411/2411 2412/2412/2412
f 2408/2408/2408 2412/2412/2412 2413/2413/2413
f 2408/2408/2408 2413/2413/2413 2414/2414/2414
f 2408/2408/2408 2414/2414/2414 2415/2415/2415
f 2408/2408/2408 2415/2415/2415 2416/2416/2416
f 2408/2408/2408 2416/2416/2416 2409/2409/2409
f 2417/2417/2417 2418/2418/2418 2419/2419/2419
f 2417/2417/2417 2419/2419/2419 2420/2420/2420
f 2417/2417/2417 2420/2420/2420 2421/2421/2421
f 2417/2417/2417 2421/2421/2421 2422/2422/2422
f 2417/2417/2417 2422/2422/2422 2412/2412/2412
f 2417/2417/2417 2412/2412/2412 2411/2411/2411
f 2417/2417/2417 2411/2411/2411 2410/2410/2410
f 2417/2417/2417 2410/2410/2410 2418/2418/2418
f 2423/2423/2423 2424/2424/2424 2425/2425/2425
f 2423/2423/2423 2425/2425/2425 2426/2426/2426
f 2423/2423/2423 2426/2426/2426 2427/2427/2427
f 2423/2423/2423 2427/2427/2427 2428/2428/2428
f 2423/2423/2423 2428/2428/2428 2429/2429/2429
f 2423/2423/2423 2429/2429/2429 2430/2430/2430
f 2423/2423/2423 2430/2430/2430 2431/2431/2431
f 2423/2423/2423 2431/2431/2431 2424/2424/2424
f 2432/2432/2432 2433/2433/2433 2434/2434/2434
f 2432/2432/2432 2434/2434/2434 2435/2435/2435
f 2432/2432/2432 2435/2435/2435 2436/2436/2436
f 2432/2432/2432 2436/2436/2436 2437/2437/2437
f 2432/2432/2432 2437/2437/2437 2427/2427/2427
f 2432/2432/2432 2427/2427/2427 2426/2426/2426
f 2432/2432/2432 2426/2426/2426 2425/2425/2425
f 2432/2432/2432 2425/2425/2425 2433/2433/2433
f 2438/2438/2438 2439/2439/2439 2440/2440/2440
f 2438/2438/2438 2440/2440/2440 2441/2441/2441
f 2438/2438/2438 2441/2441/2441 2442/2442/2442
f 2438/2438/2438 2442/2442/2442 2443/2443/2443
f 2438/2438/2438 2443/2443/2443 2444/2444/2444
f 2438/2438/2438 2444/2444/2444 2445/2445/2445
f 2438/2438/2438 2445/2445/2445 2446/2446/2446
f 2438/2438/2438 2446/2446/2446 2439/2439/2439
f 2447/2447/2447 2448/2448/2448 2449/2449/2449
f 2447/2447/2447 2449/2449/2449 2450/2450/2450
f 2447/2447/2447 2450/2450/2450 2451/2451/2451
f 2447/2447/2447 2451/2451/2451 2452/2452/2452
f 2447/2447/2447 2452/2452/2452 2442/2442/2442
f 2447/2447/2447 2442/2442/2442 2441/2441/2441
f 2447/2447/2447 2441/2441/2441 2440/2440/2440
f 2447/2447/2447 2440/2440/2440 2448/2448/2448
f 2453/2453/2453 2454/2454/2454 2455/2455/2455
f 2453/2453/2453 2455/2455/2455 2456/2456/2456
f 2453/2453/2453 2456/2456/2456 2457/2457/2457
f 2453/2453/2453 2457/2457/2457 2458/2458/2458
f 2453/2453/2453 2458/2458/2458 2459/2459/2459
f 2453/2453/2453 2459/2459/2459 2460/2460/2460
f 2453/2453/2453 2460/2460/2460 2461/2461/2461
f 2453/2453/2453 2461/2461/2461 2454/2454/2454
f 2462/2462/2462 2463/2463/2463 2464/2464/2464
f 2462/2462/2462 2464/2464/2464 2465/2465/2465
f 2462/2462/2462 2465/2465/2465 2466/2466/2466
f 2462/2462/2462 2466/2466/2466 2467/2467/2467
f 2462/2462/2462 2467/2467/2467 2457/2457/2457
f 2462/2462/2462 2457/2457/2457 2456/2456/2456
f 2462/2462/2462 2456/2456/2456 2455/2455/2455
f 2462/2462/2462 2455/2455/2455 2463/2463/2463
f 2468/2468/2468 2469/2469/2469 2470/2470/2470
f 2468/2468/2468 2470/2470/2470 2471/2471/2471
f 2468/2468/2468 2471/2471/2471 2472/2472/2472
f 2468/2468/2468 2472/2472/2472 2473/2473/2473
f 2468/2468/2468 2473/2473/2473 2474/2474/2474
f 2468/2468/2468 2474/2474/2474 2475/2475/2475
f 2468/2468/2468 2475/2475/2475 2476/2476/2476
f 2468/2468/2468 2476/2476/2476 2469/2469/2469
f 2477/2477/2477 2478/2478/2478 2479/2479/2479
f 2477/2477/2477 2479/2479/2479 2480/2480/2480
f 2477/2477/2477 2480/2480/2480 2481/2481/2481
f 2477/2477/2477 2481/2481/2481 2482/2482/2482
f 2477/2477/2477 2482/2482/2482 2472/2472/2472
f 2477/2477/2477 2472/2472/2472 2471/2471/2471
f 2477/2477/2477 2471/2471/2471 2470/2470/2470
f 2477/2477/2477 2470/2470/2470 2478/2478/2478
f 2483/2483/2483 2484/2484/2484 2485/2485/2485
f 2483/2483/2483 2485/2485/2485 2486/2486/2486
f 2483/2483/2483 2486/2486/2486 2470/2470/2470
f 2483/2483/2483 2470/2470/2470 2469/2469/2469
f 2483/2483/2483 2469/2469/2469 2476/2476/2476
f 2483/2483/2483 2476/2476/2476 2487/2487/2487
f 2483/2483/2483 2487/2487/2487 2488/2488/2488
f 2483/2483/2483 2488/2488/2488 2484/2484/2484
f 2489/2489/2489 2490/2490/2490 2491/2491/2491
f 2489/2489/2489 2491/2491/2491 2492/2492/2492
f 2489/2489/2489 2492/2492/2492 2479/2479/2479
f 2489/2489/2489 2479/2479/2479 2478/2478/2478
f 2489/2489/2489 2478/2478/2478 2470/2470/2470
f 2489/2489/2489 2470/2470/2470 2486/2486/2486
f 2489/2489/2489 2486/2486/2486 2485/2485/2485
f 2489/2489/2489 2485/2485/2485 2490/2490/2490
f 2493/2493/2493 2494/2494/2494 2495/2495/2495
f 2493/2493/2493 2495/2495/2495 2496/2496/2496
f 2493/2493/2493 2496/2496/2496 2497/2497/2497
f 2493/2493/2493 2497/2497/2497 2498/2498/2498
f 2493/2493/2493 2498/2498/2498 2499/2499/2499
f 2493/2493/2493 2499/2499/2499 2500/2500/2500
f 2493/2493/2493 2500/2500/2500 2501/2501/2501
f 2493/2493/2493 2501/2501/2501 2494/2494/2494
f 2502/2502/2502 2503/2503/2503 2504/2504/2504
f 2502/2502/2502 2504/2504/2504 2505/2505/2505
f 2502/2502/2502 2505/2505/2505 2495/2495/2495
f 2502/2502/2502 2495/2495/2495 2494/2494/2494
f 2502/2502/2502 2494/2494/2494 2501/2501/2501
f 2502/2502/2502 2501/2501/2501 2506/2506/2506
f 2502/2502/2502 2506/2506/2506 2507/2507/2507
f 2502/2502/2502 2507/2507/2507 2503/2503/2503
f 2508/2508/2508 2509/2509/2509 2510/2510/2510
f 2508/2508/2508 2510/2510/2510 2511/2511/2511
f 2508/2508/2508 2511/2511/2511 2512/2512/2512
f 2508/2508/2508 2512/2512/2512 2513/2513/2513
f 2508/2508/2508 2513/2513/2513 2514/2514/2514
f 2508/2508/2508 2514/2514/2514 2515/2515/2515
f 2508/2508/2508 2515/2515/2515 2516/2516/2516
f 2508/2508/2508 2516/2516/2516 2509/2509/2509
f 2517/2517/2517 2518/2518/2518 2519/2519/2519
f 2517/2517/2517 2519/2519/2519 2520/2520/2520
f 2517/2517/2517 2520/2520/2520 2521/2521/2521
f 2517/2517/2517 2521/2521/2521 2522/2522/2522
f 2517/2517/2517 2522/2522/2522 2512/2512/2512
f 2517/2517/2517 2512/2512/2512 2511/2511/2511
f 2517/2517/2517 2511/2511/2511 2510/2510/2510
f 2517/2517/2517 2510/2510/2510 2518/2518/2518
f 2523/2523/2523 2513/2513/2513 2512/2512/2512
f 2523/2523/2523 2512/2512/2512 2524/2524/2524
f 2523/2523/2523 2524/2524/2524 2525/2525/2525
f 2523/2523/2523 2525/2525/2525 2526/2526/2526
f 2523/2523/2523 2526/2526/2526 2527/2527/2527
f 2523/2523/2523 2527/2527/2527 2528/2528/2528
f 2523/2523/2523 2528/2528/2528 2514/2514/2514
f 2523/2523/2523 2514/2514/2514 2513/2513/2513
f 2529/2529/2529 2522/2522/2522 2521/2521/2521
f 2529/2529/2529 2521/2521/2521 2530/2530/2530
f 2529/2529/2529 2530/2530/2530 2531/2531/2531
f 2529/2529/2529 2531/2531/2531 2532/2532/2532
f 2529/2529/2529 2532/2532/2532 2525/2525/2525
f 2529/2529/2529 2525/2525/2525 2524/2524/2524
f 2529/2529/2529 2524/2524/2524 2512/2512/2512
f 2529/2529/2529 2512/2512/2512 2522/2522/2522
f 2533/2533/2533 2534/2534/2534 2535/2535/2535
f 2533/2533/2533 2535/2535/2535 2536/2536/2536
f 2533/2533/2533 2536/2536/2536 2537/2537/2537
f 2533/2533/2533 2537/2537/2537 2538/2538/2538
f 2533/2533/2533 2538/2538/2538 2539/2539/2539
f 2533/2533/2533 2539/2539/2539 2540/2540/2540
f 2533/2533/2533 2540/2540/2540 2541/2541/2541
f 2533/2533/2533 2541/2541/2541 2534/2534/2534
f 2542/2542/2542 2543/2543/2543 2544/2544/2544
f 2542/2542/2542 2544/2544/2544 2545/2545/2545
f 2542/2542/2542 2545/2545/2545 2546/2546/2546
f 2542/2542/2542 2546/2546/2546 2547/2547/2547
f 2542/2542/2542 2547/2547/2547 2537/2537/2537
f 2542/2542/2542 2537/2537/2537 2536/2536/2536
f 2542/2542/2542 2536/2536/2536 2535/2535/2535
f 2542/2542/2542 2535/2535/2535 2543/2543/2543
f 2548/2548/2548 2549/2549/2549 2550/2550/2550
f 2548/2548/2548 2550/2550/2550 2551/2551/2551
f 2548/2548/2548 2551/2551/2551 2552/2552/2552
f 2548/2548/2548 2552/2552/2552 2553/2553/2553
f 2548/2548/2548 2553/2553/2553 2554/2554/2554
f 2548/2548/2548 2554/2554/2554 2555/2555/2555
f 2548/2548/2548 2555/2555/2555 2556/2556/2556
f 2548/2548/2548 2556/2556/2556 2549/2549/2549
f 2557/2557/2557 2558/2558/2558 2559/2559/2559
f 2557/2557/2557 2559/2559/2559 2560/2560/2560
f 2557/2557/2557 2560/2560/2560 2561/2561/2561
f 2557/2557/2557 2561/2561/2561 2562/2562/2562
f 2557/2557/2557 2562/2562/2562 2552/2552/2552
f 2557/2557/2557 2552/2552/2552 2551/2551/2551
f 2557/2557/2557 2551/2551/2551 2550/2550/2550
f 2557/2557/2557 2550/2550/2550 2558/2558/2558
f 2563/2563/2563 2564/2564/2564 2565/2565/2565
f 2563/2563/2563 2565/2565/2565 2566/2566/2566
f 2563/2563/2563 2566/2566/2566 2567/2567/2567
f 2563/2563/2563 2567/2567/2567 2568/2568/2568
f 2563/2563/2563 2568/2568/2568 2569/2569/2569
f 2563/2563/2563 2569/2569/2569 2570/2570/2570
f 2563/2563/2563 2570/2570/2570 2571/2571/2571
f 2563/2563/2563 2571/2571/2571 2564/2564/2564
f 2572/2572/2572 2573/2573/2573 2574/2574/2574
f 2572/2572/2572 2574/2574/2574 2575/2575/2575
f 2572/2572/2572 2575/2575/2575 2576/2576/2576
f 2572/2572/2572 2576/2576/2576 2577/2577/2577
f 2572/2572/2572 2577/2577/2577 2567/2567/2567
f 2572/2572/2572 2567/2567/2567 2566/2566/2566
f 2572/2572/2572 2566/2566/2566 2565/2565/2565
f 2572/2572/2572 2565/2565/2565 2573/2573/2573
f 2578/2578/2578 2579/2579/2579 2580/2580/2580
f 2578/2578/2578 2580/2580/2580 2581/2581/2581
f 2578/2578/2578 2581/2581/2581 2582/2582/2582
f 2578/2578/2578 2582/2582/2582 2583/2583/2583
f 2578/2578/2578 2583/2583/2583 2584/2584/2584
f 2578/2578/2578 2584/2584/2584 2585/2585/2585
f 2578/2578/2578 2585/2585/2585 2586/2586/2586
f 2578/2578/2578 2586/2586/2586 2579/2579/2579
f 2587/2587/2587 2588/2588/2588 2589/2589/2589
f 2587/2587/2587 2589/2589/2589 2590/2590/2590
f 2587/2587/2587 2590/2590/2590 2591/2591/2591
f 2587/2587/2587 2591/2591/2591 2592/2592/2592
f 2587/2587/2587 2592/2592/2592 2582/2582/2582
f 2587/2587/2587 2582/2582/2582 2581/2581/2581
f 2587/2587/2587 2581/2581/2581 2580/2580/2580
f 2587/2587/2587 2580/2580/2580 2588/2588/2588
f 2593/2593/2593 2594/2594/2594 2595/2595/2595
f 2593/2593/2593 2595/2595/2595 2596/2596/2596
f 2593/2593/2593 2596/2596/2596 2580/2580/2580
f 2593/2593/2593 2580/2580/2580 2579/2579/2579
f 2593/2593/2593 2579/2579/2579 2586/2586/2586
f 2593/2593/2593 2586/2586/2586 2597/2597/2597
f 2593/2593/2593 2597/2597/2597 2598/2598/2598
f 2593/2593/2593 2598/2598/2598 2594/2594/2594
f 2599/2599/2599 2600/2600/2600 2601/2601/2601
f 2599/2599/2599 2601/2601/2601 2602/2602/2602
f 2599/2599/2599 2602/2602/2602 2589/2589/2589
f 2599/2599/2599 2589/2589/2589 2588/2588/2588
f 2599/2599/2599 2588/2588/2588 2580/2580/2580
f 2599/2599/2599 2580/2580/2580 2596/2596/2596
f 2599/2599/2599 2596/2596/2596 2595/2595/2595
f 2599/2599/2599 2595/2595/2595 2600/2600/2600
f 2603/2603/2603 2604/2604/2604 2605/2605/2605
f 2603/2603/2603 2605/2605/2605 2606/2606/2606
f 2603/2603/2603 2606/2606/2606 2595/2595/2595
f 2603/2603/2603 2595/2595/2595 2594/2594/2594
f 2603/2603/2603 2594/2594/2594 2598/2598/2598
f 2603/2603/2603 2598/2598/2598 2607/2607/2607
f 2603/2603/2603 2607/2607/2607 2608/2608/2608
f 2603/2603/2603 2608/2608/2608 2604/2604/2604
f 2609/2609/2609 2610/2610/2610 2611/2611/2611
f 2609/2609/2609 2611/2611/2611 2612/2612/2612
f 2609/2609/2609 2612/2612/2612 2601/2601/2601
f 2609/2609/2609 2601/2601/2601 2600/2600/2600
f 2609/2609/2609 2600/2600/2600 2595/2595/2595
f 2609/2609/2609 2595/2595/2595 2606/2606/2606
f 2609/2609/2609 2606/2606/2606 2605/2605/2605
f 2609/2609/2609 2605/2605/2605 2610/2610/2610
f 2613/2613/2613 2614/2614/2614 2615/2615/2615
f 2613/2613/2613 2615/2615/2615 2616/2616/2616
f 2613/2613/2613 2616/2616/2616 2617/2617/2617
f 2613/2613/2613 2617/2617/2617 2618/2618/2618
f 2613/2613/2613 2618/2618/2618 2619/2619/2619
f 2613/2613/2613 2619/2619/2619 2620/2620/2620
f 2613/2613/2613 2620/2620/2620 2621/2621/2621
f 2613/2613/2613 2621/2621/2621 2614/2614/2614
f 2622/2622/2622 2623/2623/2623 2624/2624/2624
f 2622/2622/2622 2624/2624/2624 2625/2625/2625
f 2622/2622/2622 2625/2625/2625 2626/2626/2626
f 2622/2622/2622 2626/2626/2626 2627/2627/2627
f 2622/2622/2622 2627/2627/2627 2617/2617/2617
f 2622/2622/2622 2617/2617/2617 2616/2616/2616
f 2622/2622/2622 2616/2616/2616 2615/2615/2615
f 2622/2622/2622 2615/2615/2615 2623/2623/2623
f 2628/2628/2628 2629/2629/2629 2630/2630/2630
f 2628/2628/2628 2630/2630/2630 2631/2631/2631
f 2628/2628/2628 2631/2631/2631 2565/2565/2565
f 2628/2628/2628 2565/2565/2565 2564/2564/2564
f 2628/2628/2628 2564/2564/2564 2571/2571/2571
f 2628/2628/2628 2571/2571/2571 2632/2632/2632
f 2628/2628/2628 2632/2632/2632 2633/2633/2633
f 2628/2628/2628 2633/2633/2633 2629/2629/2629
f 2634/2634/2634 2635/2635/2635 2636/2636/2636
f 2634/2634/2634 2636/2636/2636 2637/2637/2637
f 2634/2634/2634 2637/2637/2637 2574/2574/2574
f 2634/2634/2634 2574/2574/2574 2573/2573/2573
f 2634/2634/2634 2573/2573/2573 2565/2565/2565
f 2634/2634/2634 2565/2565/2565 2631/2631/2631
f 2634/2634/2634 2631/2631/2631 2630/2630/2630
f 2634/2634/2634 2630/2630/2630 2635/2635/2635
f 2638/2638/2638 2639/2639/2639 2640/2640/2640
f 2638/2638/2638 2640/2640/2640 2641/2641/2641
f 2638/2638/2638 2641/2641/2641 2299/2299/2299
f 2638/2638/2638 2299/2299/2299 2298/2298/2298
f 2638/2638/2638 2298/2298/2298 2297/2297/2297
f 2638/2638/2638 2297/2297/2297 2642/2642/2642
f 2638/2638/2638 2642/2642/2642 2643/2643/2643
f 2638/2638/2638 2643/2643/2643 2639/2639/2639
f 2644/2644/2644 2645/2645/2645 2646/2646/2646
f 2644/2644/2644 2646/2646/2646 2647/2647/2647
f 2644/2644/2644 2647/2647/2647 2306/2306/2306
f 2644/2644/2644 2306/2306/2306 2305/2305/2305
f 2644/2644/2644 2305/2305/2305 2299/2299/2299
f 2644/2644/2644 2299/2299/2299 2641/2641/2641
f 2644/2644/2644 2641/2641/2641 2640/2640/2640
f 2644/2644/2644 2640/2640/2640 2645/2645/2645
f 2648/2648/2648 2649/2649/2649 2650/2650/2650
f 2648/2648/2648 2650/2650/2650 2651/2651/2651
f 2648/2648/2648 2651/2651/2651 2652/2652/2652
f 2648/2648/2648 2652/2652/2652 2653/2653/2653
f 2648/2648/2648 2653/2653/2653 2654/2654/2654
f 2648/2648/2648 2654/2654/2654 2655/2655/2655
f 2648/2648/2648 2655/2655/2655 2656/2656/2656
f 2648/2648/2648 2656/2656/2656 2649/2649/2649
f 2657/2657/2657 2658/2658/2658 2659/2659/2659
f 2657/2657/2657 2659/2659/2659 2660/2660/2660
f 2657/2657/2657 2660/2660/2660 2661/2661/2661
f 2657/2657/2657 2661/2661/2661 2662/2662/2662
f 2657/2657/2657 2662/2662/2662 2652/2652/2652
f 2657/2657/2657 2652/2652/2652 2651/2651/2651
f 2657/2657/2657 2651/2651/2651 2650/2650/2650
f 2657/2657/2657 2650/2650/2650 2658/2658/2658
f 2663/2663/2663 2664/2664/2664 2665/2665/2665
f 2663/2663/2663 2665/2665/2665 2666/2666/2666
f 2663/2663/2663 2666/2666/2666 2667/2667/2667
f 2663/2663/2663 2667/2667/2667 2668/2668/2668
f 2663/2663/2663 2668/2668/2668 2669/2669/2669
f 2663/2663/2663 2669/2669/2669 2670/2670/2670
f 2663/2663/2663 2670/2670/2670 2671/2671/2671
f 2663/2663/2663 2671/2671/2671 2664/2664/2664
f 2672/2672/2672 2673/2673/2673 2674/2674/2674
f 2672/2672/2672 2674/2674/2674 2675/2675/2675
f 2672/2672/2672 2675/2675/2675 2676/2676/2676
f 2672/2672/2672 2676/2676/2676 2677/2677/2677
f 2672/2672/2672 2677/2677/2677 2667/2667/2667
f 2672/2672/2672 2667/2667/2667 2666/2666/2666
f 2672/2672/2672 2666/2666/2666 2665/2665/2665
f 2672/2672/2672 2665/2665/2665 2673/2673/2673
f 2678/2678/2678 2679/2679/2679 2680/2680/2680
f 2678/2678/2678 2680/2680/2680 2681/2681/2681
f 2678/2678/2678 2681/2681/2681 2682/2682/2682
f 2678/2678/2678 2682/2682/2682 2683/2683/2683
f 2678/2678/2678 2683/2683/2683 2684/2684/2684
f 2678/2678/2678 2684/2684/2684 2685/2685/2685
f 2678/2678/2678 2685/2685/2685 2686/2686/2686
f 2678/2678/2678 2686/2686/2686 2679/2679/2679
f 2687/2687/2687 2688/2688/2688 2689/2689/2689
f 2687/2687/2687 2689/2689/2689 2690/2690/2690
f 2687/2687/2687 2690/2690/2690 2691/2691/2691
f 2687/2687/2687 2691/2691/2691 2692/2692/2692
f 2687/2687/2687 2692/2692/2692 2682/2682/2682
f 2687/2687/2687 2682/2682/2682 2681/2681/2681
f 2687/2687/2687 2681/2681/2681 2680/2680/2680
f 2687/2687/2687 2680/2680/2680 2688/2688/2688
f 2693/2693/2693 2694/2694/2694 2695/2695/2695
f 2693/2693/2693 2695/2695/2695 2696/2696/2696
f 2693/2693/2693 2696/2696/2696 2697/2697/2697
f 2693/2693/2693 2697/2697/2697 2698/2698/2698
f 2693/2693/2693 2698/2698/2698 2699/2699/2699
f 2693/2693/2693 2699/2699/2699 2700/2700/2700
f 2693/2693/2693 2700/2700/2700 2701/2701/2701
f 2693/2693/2693 2701/2701/2701 2694/2694/2694
f 2702/2702/2702 2703/2703/2703 2704/2704/2704
f 2702/2702/2702 2704/2704/2704 2705/2705/2705
f 2702/2702/2702 2705/2705/2705 2706/2706/2706
f 2702/2702/2702 2706/2706/2706 2707/2707/2707
f 2702/2702/2702 2707/2707/2707 2697/2697/2697
f 2702/2702/2702 2697/2697/2697 2696/2696/2696
f 2702/2702/2702 2696/2696/2696 2695/2695/2695
f 2702/2702/2702 2695/2695/2695 2703/2703/2703
f 2708/2708/2708 2709/2709/2709 2710/2710/2710
f 2708/2708/2708 2710/2710/2710 2711/2711/2711
f 2708/2708/2708 2711/2711/2711 2712/2712/2712
f 2708/2708/2708 2712/2712/2712 2713/2713/2713
f 2708/2708/2708 2713/2713/2713 2714/2714/2714
f 2708/2708/2708 2714/2714/2714 2715/2715/2715
f 2708/2708/2708 2715/2715/2715 2716/2716/2716
f 2708/2708/2708 2716/2716/2716 2709/2709/2709
f 2717/2717/2717 2718/2718/2718 2719/2719/2719
f 2717/2717/2717 2719/2719/2719 2720/2720/2720
f 2717/2717/2717 2720/2720/2720 2721/2721/2721
f 2717/2717/2717 2721/2721/2721 2722/2722/2722
f 2717/2717/2717 2722/2722/2722 2712/2712/2712
f 2717/2717/2717 2712/2712/2712 2711/2711/2711
f 2717/2717/2717 2711/2711/2711 2710/2710/2710
f 2717/2717/2717 2710/2710/2710 2718/2718/2718
f 2723/2723/2723 2724/2724/2724 2725/2725/2725
f 2723/2723/2723 2725/2725/2725 2726/2726/2726
f 2723/2723/2723 2726/2726/2726 2710/2710/2710
f 2723/2723/2723 2710/2710/2710 2709/2709/2709
f 2723/2723/2723 2709/2709/2709 2716/2716/2716
f 2723/2723/2723 2716/2716/2716 2727/2727/2727
f 2723/2723/2723 2727/2727/2727 2728/2728/2728
f 2723/2723/2723 2728/2728/2728 2724/2724/2724
f 2729/2729/2729 2730/2730/2730 2731/2731/2731
f 2729/2729/2729 2731/2731/2731 2732/2732/2732
f 2729/2729/2729 2732/2732/2732 2719/2719/2719
f 2729/2729/2729 2719/2719/2719 2718/2718/2718
f 2729/2729/2729 2718/2718/2718 2710/2710/2710
f 2729/2729/2729 2710/2710/2710 2726/2726/2726
f 2729/2729/2729 2726/2726/2726 2725/2725/2725
f 2729/2729/2729 2725/2725/2725 2730/2730/2730
f 2733/2733/2733 2734/2734/2734 2735/2735/2735
f 2733/2733/2733 2735/2735/2735 2736/2736/2736
f 2733/2733/2733 2736/2736/2736 2737/2737/2737
f 2733/2733/2733 2737/2737/2737 2738/2738/2738
f 2733/2733/2733 2738/2738/2738 2739/2739/2739
f 2733/2733/2733 2739/2739/2739 2740/2740/2740
f 2733/2733/2733 2740/2740/2740 2741/2741/2741
f 2733/2733/2733 2741/2741/2741 2734/2734/2734
f 2742/2742/2742 2743/2743/2743 2744/2744/2744
f 2742/2742/2742 2744/2744/2744 2745/2745/2745
f 2742/2742/2742 2745/2745/2745 2746/2746/2746
f 2742/2742/2742 2746/2746/2746 2747/2747/2747
f 2742/2742/2742 2747/2747/2747 2737/2737/2737
f 2742/2742/2742 2737/2737/2737 2736/2736/2736
f 2742/2742/2742 2736/2736/2736 2735/2735/2735
f 2742/2742/2742 2735/2735/2735 2743/2743/2743
f 2748/2748/2748 2749/2749/2749 2750/2750/2750
f 2748/2748/2748 2750/2750/2750 2751/2751/2751
f 2748/2748/2748 2751/2751/2751 2735/2735/2735
f 2748/2748/2748 2735/2735/2735 2734/2734/2734
f 2748/2748/2748 2734/2734/2734 2741/2741/2741
f 2748/2748/2748 2741/2741/2741 2752/2752/2752
f 2748/2748/2748 2752/2752/2752 2753/2753/2753
f 2748/2748/2748 2753/2753/2753 2749/2749/2749
f 2754/2754/2754 2755/2755/2755 2756/2756/2756
f 2754/2754/2754 2756/2756/2756 2757/2757/2757
f 2754/2754/2754 2757/2757/2757 2744/2744/2744
f 2754/2754/2754 2744/2744/2744 2743/2743/2743
f 2754/2754/2754 2743/2743/2743 2735/2735/2735
f 2754/2754/2754 2735/2735/2735 2751/2751/2751
f 2754/2754/2754 2751/2751/2751 2750/2750/2750
f 2754/2754/2754 2750/2750/2750 2755/2755/2755
f 2758/2758/2758 2759/2759/2759 2760/2760/2760
f 2758/2758/2758 2760/2760/2760 2761/2761/2761
f 2758/2758/2758 2761/2761/2761 2762/2762/2762
f 2758/2758/2758 2762/2762/2762 2763/2763/2763
f 2758/2758/2758 2763/2763/2763 2314/2314/2314
f 2758/2758/2758 2314/2314/2314 2313/2313/2313
f 2758/2758/2758 2313/2313/2313 2312/2312/2312
f 2758/2758/2758 2312/2312/2312 2759/2759/2759
f 2764/2764/2764 2765/2765/2765 2327/2327/2327
f 2764/2764/2764 2327/2327/2327 2326/2326/2326
f 2764/2764/2764 2326/2326/2326 2325/2325/2325
f 2764/2764/2764 2325/2325/2325 2766/2766/2766
f 2764/2764/2764 2766/2766/2766 2767/2767/2767
f 2764/2764/2764 2767/2767/2767 2768/2768/2768
f 2764/2764/2764 2768/2768/2768 2769/2769/2769
f 2764/2764/2764 2769/2769/2769 2765/2765/2765
f 2770/2770/2770 2771/2771/2771 2772/2772/2772
f 2770/2770/2770 2772/2772/2772 2773/2773/2773
f 2770/2770/2770 2773/2773/2773 2774/2774/2774
f 2770/2770/2770 2774/2774/2774 2775/2775/2775
f 2770/2770/2770 2775/2775/2775 2332/2332/2332
f 2770/2770/2770 2332/2332/2332 2331/2331/2331
f 2770/2770/2770 2331/2331/2331 2330/2330/2330
f 2770/2770/2770 2330/2330/2330 2771/2771/2771
f 2776/2776/2776 2777/2777/2777 2778/2778/2778
f 2776/2776/2776 2778/2778/2778 2779/2779/2779
f 2776/2776/2776 2779/2779/2779 2780/2780/2780
f 2776/2776/2776 2780/2780/2780 2781/2781/2781
f 2776/2776/2776 2781/2781/2781 2341/2341/2341
f 2776/2776/2776 2341/2341/2341 2340/2340/2340
f 2776/2776/2776 2340/2340/2340 2339/2339/2339
f 2776/2776/2776 2339/2339/2339 2777/2777/2777
f 2782/2782/2782 2777/2777/2777 2339/2339/2339
f 2782/2782/2782 2339/2339/2339 2351/2351/2351
f 2782/2782/2782 2351/2351/2351 2350/2350/2350
f 2782/2782/2782 2350/2350/2350 2783/2783/2783
f 2782/2782/2782 2783/2783/2783 2784/2784/2784
f 2782/2782/2782 2784/2784/2784 2785/2785/2785
f 2782/2782/2782 2785/2785/2785 2778/2778/2778
f 2782/2782/2782 2778/2778/2778 2777/2777/2777
f 2786/2786/2786 2787/2787/2787 2788/2788/2788
f 2786/2786/2786 2788/2788/2788 2789/2789/2789
f 2786/2786/2786 2789/2789/2789 2784/2784/2784
f 2786/2786/2786 2784/2784/2784 2783/2783/2783
f 2786/2786/2786 2783/2783/2783 2350/2350/2350
f 2786/2786/2786 2350/2350/2350 2355/2355/2355
f 2786/2786/2786 2355/2355/2355 2354/2354/2354
f 2786/2786/2786 2354/2354/2354 2787/2787/2787
f 2790/2790/2790 2791/2791/2791 2792/2792/2792
f 2790/2790/2790 2792/2792/2792 2793/2793/2793
f 2790/2790/2790 2793/2793/2793 2794/2794/2794
f 2790/2790/2790 2794/2794/2794 2795/2795/2795
f 2790/2790/2790 2795/2795/2795 2362/2362/2362
f 2790/2790/2790 2362/2362/2362 2361/2361/2361
f 2790/2790/2790 2361/2361/2361 2360/2360/2360
f 2790/2790/2790 2360/2360/2360 2791/2791/2791
f 2796/2796/2796 2775/2775/2775 2774/2774/2774
f 2796/2796/2796 2774/2774/2774 2797/2797/2797
f 2796/2796/2796 2797/2797/2797 2798/2798/2798
f 2796/2796/2796 2798/2798/2798 2799/2799/2799
f 2796/2796/2796 2799/2799/2799 2369/2369/2369
f 2796/2796/2796 2369/2369/2369 2368/2368/2368
f 2796/2796/2796 2368/2368/2368 2332/2332/2332
f 2796/2796/2796 2332/2332/2332 2775/2775/2775
f 2800/2800/2800 2801/2801/2801 2802/2802/2802
f 2800/2800/2800 2802/2802/2802 2803/2803/2803
f 2800/2800/2800 2803/2803/2803 2804/2804/2804
f 2800/2800/2800 2804/2804/2804 2805/2805/2805
f 2800/2800/2800 2805/2805/2805 2806/2806/2806
f 2800/2800/2800 2806/2806/2806 2807/2807/2807
f 2800/2800/2800 2807/2807/2807 2808/2808/2808
f 2800/2800/2800 2808/2808/2808 2801/2801/2801
f 2809/2809/2809 2810/2810/2810 2811/2811/2811
f 2809/2809/2809 2811/2811/2811 2812/2812/2812
f 2809/2809/2809 2812/2812/2812 2813/2813/2813
f 2809/2809/2809 2813/2813/2813 2814/2814/2814
f 2809/2809/2809 2814/2814/2814 2815/2815/2815
f 2809/2809/2809 2815/2815/2815 2816/2816/2816
f 2809/2809/2809 2816/2816/2816 2817/2817/2817
f 2809/2809/2809 2817/2817/2817 2810/2810/2810
f 2818/2818/2818 2819/2819/2819 2820/2820/2820
f 2818/2818/2818 2820/2820/2820 2821/2821/2821
f 2818/2818/2818 2821/2821/2821 2822/2822/2822
f 2818/2818/2818 2822/2822/2822 2823/2823/2823
f 2818/2818/2818 2823/2823/2823 2824/2824/2824
f 2818/2818/2818 2824/2824/2824 2825/2825/2825
f 2818/2818/2818 2825/2825/2825 2826/2826/2826
f 2818/2818/2818 2826/2826/2826 2819/2819/2819
f 2827/2827/2827 2828/2828/2828 2829/2829/2829
f 2827/2827/2827 2829/2829/2829 2830/2830/2830
f 2827/2827/2827 2830/2830/2830 2831/2831/2831
f 2827/2827/2827 2831/2831/2831 2832/2832/2832
f 2827/2827/2827 2832/2832/2832 2833/2833/2833
f 2827/2827/2827 2833/2833/2833 2834/2834/2834
f 2827/2827/2827 2834/2834/2834 2835/2835/2835
f 2827/2827/2827 2835/2835/2835 2828/2828/2828
f 2836/2836/2836 2837/2837/2837 2838/2838/2838
f 2836/2836/2836 2838/2838/2838 2839/2839/2839
f 2836/2836/2836 2839/2839/2839 2840/2840/2840
f 2836/2836/2836 2840/2840/2840 2841/2841/2841
f 2836/2836/2836 2841/2841/2841 2842/2842/2842
f 2836/2836/2836 2842/2842/2842 2843/2843/2843
f 2836/2836/2836 2843/2843/2843 2844/2844/2844
f 2836/2836/2836 2844/2844/2844 2837/2837/2837
f 2845/2845/2845 2846/2846/2846 2847/2847/2847
f 2845/2845/2845 2847/2847/2847 2848/2848/2848
f 2845/2845/2845 2848/2848/2848 2849/2849/2849
f 2845/2845/2845 2849/2849/2849 2850/2850/2850
f 2845/2845/2845 2850/2850/2850 2851/2851/2851
f 2845/2845/2845 2851/2851/2851 2852/2852/2852
f 2845/2845/2845 2852/2852/2852 2853/2853/2853
f 2845/2845/2845 2853/2853/2853 2846/2846/2846
f 2854/2854/2854 2855/2855/2855 2856/2856/2856
f 2854/2854/2854 2856/2856/2856 2857/2857/2857
f 2854/2854/2854 2857/2857/2857 2858/2858/2858
f 2854/2854/2854 2858/2858/2858 2859/2859/2859
f 2854/2854/2854 2859/2859/2859 2860/2860/2860
f 2854/2854/2854 2860/2860/2860 2861/2861/2861
f 2854/2854/2854 2861/2861/2861 2862/2862/2862
f 2854/2854/2854 2862/2862/2862 2855/2855/2855
f 2863/2863/2863 2864/2864/2864 2865/2865/2865
f 2863/2863/2863 2865/2865/2865 2866/2866/2866
f 2863/2863/2863 2866/2866/2866 2867/2867/2867
f 2863/2863/2863 2867/2867/2867 2868/2868/2868
f 2863/2863/2863 2868/2868/2868 2869/2869/2869
f 2863/2863/2863 2869/2869/2869 2870/2870/2870
f 2863/2863/2863 2870/2870/2870 2871/2871/2871
f 2863/2863/2863 2871/2871/2871 2864/2864/2864
f 2872/2872/2872 2873/2873/2873 2874/2874/2874
f 2872/2872/2872 2874/2874/2874 2875/2875/2875
f 2872/2872/2872 2875/2875/2875 2876/2876/2876
f 2872/2872/2872 2876/2876/2876 2877/2877/2877
f 2872/2872/2872 2877/2877/2877 2878/2878/2878
f 2872/2872/2872 2878/2878/2878 2879/2879/2879
f 2872/2872/2872 2879/2879/2879 2880/2880/2880
f 2872/2872/2872 2880/2880/2880 2873/2873/2873
f 2881/2881/2881 2882/2882/2882 2883/2883/2883
f 2881/2881/2881 2883/2883/2883 2884/2884/2884
f 2881/2881/2881 2884/2884/2884 2885/2885/2885
f 2881/2881/2881 2885/2885/2885 2886/2886/2886
f 2881/2881/2881 2886/2886/2886 2887/2887/2887
f 2881/2881/2881 2887/2887/2887 2888/2888/2888
f 2881/2881/2881 2888/2888/2888 2889/2889/2889
f 2881/2881/2881 2889/2889/2889 2882/2882/2882
f 2890/2890/2890 2891/2891/2891 2892/2892/2892
f 2890/2890/2890 2892/2892/2892 2893/2893/2893
f 2890/2890/2890 2893/2893/2893 2894/2894/2894
f 2890/2890/2890 2894/2894/2894 2895/2895/2895
f 2890/2890/2890 2895/2895/2895 2896/2896/2896
f 2890/2890/2890 2896/2896/2896 2897/2897/2897
f 2890/2890/2890 2897/2897/2897 2898/2898/2898
f 2890/2890/2890 2898/2898/2898 2891/2891/2891
f 2899/2899/2899 2900/2900/2900 2901/2901/2901
f 2899/2899/2899 2901/2901/2901 2902/2902/2902
f 2899/2899/2899 2902/2902/2902 2903/2903/2903
f 2899/2899/2899 2903/2903/2903 2904/2904/2904
f 2899/2899/2899 2904/2904/2904 2905/2905/2905
f 2899/2899/2899 2905/2905/2905 2906/2906/2906
f 2899/2899/2899 2906/2906/2906 2907/2907/2907
f 2899/2899/2899 2907/2907/2907 2900/2900/2900
f 2908/2908/2908 2909/2909/2909 2907/2907/2907
f 2908/2908/2908 2907/2907/2907 2906/2906/2906
f 2908/2908/2908 2906/2906/2906 2905/2905/2905
f 2908/2908/2908 2905/2905/2905 2910/2910/2910
f 2908/2908/2908 2910/2910/2910 2911/2911/2911
f 2908/2908/2908 2911/2911/2911 2912/2912/2912
f 2908/2908/2908 2912/2912/2912 2913/2913/2913
f 2908/2908/2908 2913/2913/2913 2909/2909/2909
f 2914/2914/2914 2915/2915/2915 2913/2913/2913
f 2914/2914/2914 2913/2913/2913 2912/2912/2912
f 2914/2914/2914 2912/2912/2912 2911/2911/2911
f 2914/2914/2914 2911/2911/2911 2916/2916/2916
f 2914/2914/2914 2916/2916/2916 2917/2917/2917
f 2914/2914/2914 2917/2917/2917 2918/2918/2918
f 2914/2914/2914 2918/2918/2918 2919/2919/2919
f 2914/2914/2914 2919/2919/2919 2915/2915/2915
f 2920/2920/2920 2921/2921/2921 2922/2922/2922
f 2920/2920/2920 2922/2922/2922 2923/2923/2923
f 2920/2920/2920 2923/2923/2923 2878/2878/2878
f 2920/2920/2920 2878/2878/2878 2924/2924/2924
f 2920/2920/2920 2924/2924/2924 2925/2925/2925
f 2920/2920/2920 2925/2925/2925 2926/2926/2926
f 2920/2920/2920 2926/2926/2926 2927/2927/2927
f 2920/2920/2920 2927/2927/2927 2921/2921/2921
f 2928/2928/2928 2929/2929/2929 2927/2927/2927
f 2928/2928/2928 2927/2927/2927 2926/2926/2926
f 2928/2928/2928 2926/2926/2926 2925/2925/2925
f 2928/2928/2928 2925/2925/2925 2930/2930/2930
f 2928/2928/2928 2930/2930/2930 2931/2931/2931
f 2928/2928/2928 2931/2931/2931 2932/2932/2932
f 2928/2928/2928 2932/2932/2932 2933/2933/2933
f 2928/2928/2928 2933/2933/2933 2929/2929/2929
f 2934/2934/2934 2935/2935/2935 2933/2933/2933
f 2934/2934/2934 2933/2933/2933 2932/2932/2932
f 2934/2934/2934 2932/2932/2932 2931/2931/2931
f 2934/2934/2934 2931/2931/2931 2936/2936/2936
f 2934/2934/2934 2936/2936/2936 2937/2937/2937
f 2934/2934/2934 2937/2937/2937 2938/2938/2938
f 2934/2934/2934 2938/2938/2938 2939/2939/2939
f 2934/2934/2934 2939/2939/2939 2935/2935/2935
f 2940/2940/2940 2941/2941/2941 2942/2942/2942
f 2940/2940/2940 2942/2942/2942 2943/2943/2943
f 2940/2940/2940 2943/2943/2943 2944/2944/2944
f 2940/2940/2940 2944/2944/2944 2945/2945/2945
f 2940/2940/2940 2945/2945/2945 2946/2946/2946
f 2940/2940/2940 2946/2946/2946 2947/2947/2947
f 2940/2940/2940 2947/2947/2947 2948/2948/2948
f 2940/2940/2940 2948/2948/2948 2941/2941/2941
f 2949/2949/2949 2950/2950/2950 2948/2948/2948
f 2949/2949/2949 2948/2948/2948 2947/2947/2947
f 2949/2949/2949 2947/2947/2947 2946/2946/2946
f 2949/2949/2949 2946/2946/2946 2951/2951/2951
f 2949/2949/2949 2951/2951/2951 2952/2952/2952
f 2949/2949/2949 2952/2952/2952 2953/2953/2953
f 2949/2949/2949 2953/2953/2953 2954/2954/2954
f 2949/2949/2949 2954/2954/2954 2950/2950/2950
f 2955/2955/2955 2956/2956/2956 2954/2954/2954
f 2955/2955/2955 2954/2954/2954 2953/2953/2953
f 2955/2955/2955 2953/2953/2953 2952/2952/2952
f 2955/2955/2955 2952/2952/2952 2957/2957/2957
f 2955/2955/2955 2957/2957/2957 2958/2958/2958
f 2955/2955/2955 2958/2958/2958 2959/2959/2959
f 2955/2955/2955 2959/2959/2959 2960/2960/2960
f 2955/2955/2955 2960/2960/2960 2956/2956/2956
f 2961/2961/2961 2962/2962/2962 2963/2963/2963
f 2961/2961/2961 2963/2963/2963 2964/2964/2964
f 2961/2961/2961 2964/2964/2964 2965/2965/2965
f 2961/2961/2961 2965/2965/2965 2966/2966/2966
f 2961/2961/2961 2966/2966/2966 2967/2967/2967
f 2961/2961/2961 2967/2967/2967 2968/2968/2968
f 2961/2961/2961 2968/2968/2968 2969/2969/2969
f 2961/2961/2961 2969/2969/2969 2962/2962/2962
f 2970/2970/2970 2971/2971/2971 2969/2969/2969
f 2970/2970/2970 2969/2969/2969 2968/2968/2968
f 2970/2970/2970 2968/2968/2968 2967/2967/2967
f 2970/2970/2970 2967/2967/2967 2972/2972/2972
f 2970/2970/2970 2972/2972/2972 2973/2973/2973
f 2970/2970/2970 2973/2973/2973 2974/2974/2974
f 2970/2970/2970 2974/2974/2974 2975/2975/2975
f 2970/2970/2970 2975/2975/2975 2971/2971/2971
f 2976/2976/2976 2977/2977/2977 2975/2975/2975
f 2976/2976/2976 2975/2975/2975 2974/2974/2974
f 2976/2976/2976 2974/2974/2974 2973/2973/2973
f 2976/2976/2976 2973/2973/2973 2978/2978/2978
f 2976/2976/2976 2978/2978/2978 2979/2979/2979
f 2976/2976/2976 2979/2979/2979 2980/2980/2980
f 2976/2976/2976 2980/2980/2980 2981/2981/2981
f 2976/2976/2976 2981/2981/2981 2977/2977/2977
f 2982/2982/2982 2983/2983/2983 2984/2984/2984
f 2982/2982/2982 2984/2984/2984 2985/2985/2985
f 2982/2982/2982 2985/2985/2985 2986/2986/2986
f 2982/2982/2982 2986/2986/2986 2987/2987/2987
f 2982/2982/2982 2987/2987/2987 2988/2988/2988
f 2982/2982/2982 2988/2988/2988 2989/2989/2989
f 2982/2982/2982 2989/2989/2989 2990/2990/2990
f 2982/2982/2982 2990/2990/2990 2983/2983/2983
f 2991/2991/2991 2992/2992/2992 2993/2993/2993
f 2991/2991/2991 2993/2993/2993 2994/2994/2994
f 2991/2991/2991 2994/2994/2994 2995/2995/2995
f 2991/2991/2991 2995/2995/2995 2996/2996/2996
f 2991/2991/2991 2996/2996/2996 2997/2997/2997
f 2991/2991/2991 2997/2997/2997 2998/2998/2998
f 2991/2991/2991 2998/2998/2998 2999/2999/2999
f 2991/2991/2991 2999/2999/2999 2992/2992/2992
f 3000/3000/3000 3001/3001/3001 3002/3002/3002
f 3000/3000/3000 3002/3002/3002 3003/3003/3003
f 3000/3000/3000 3003/3003/3003 3004/3004/3004
f 3000/3000/3000 3004/3004/3004 3005/3005/3005
f 3000/3000/3000 3005/3005/3005 3006/3006/3006
f 3000/3000/3000 3006/3006/3006 3007/3007/3007
f 3000/3000/3000 3007/3007/3007 3008/3008/3008
f 3000/3000/3000 3008/3008/3008 3001/3001/3001
f 3009/3009/3009 3010/3010/3010 3011/3011/3011
f 3009/3009/3009 3011/3011/3011 3012/3012/3012
f 3009/3009/3009 3012/3012/3012 3013/3013/3013
f 3009/3009/3009 3013/3013/3013 3014/3014/3014
f 3009/3009/3009 3014/3014/3014 3015/3015/3015
f 3009/3009/3009 3015/3015/3015 3016/3016/3016
f 3009/3009/3009 3016/3016/3016 3017/3017/3017
f 3009/3009/3009 3017/3017/3017 3010/3010/3010
f 3018/3018/3018 3019/3019/3019 3020/3020/3020
f 3018/3018/3018 3020/3020/3020 3021/3021/3021
f 3018/3018/3018 3021/3021/3021 3022/3022/3022
f 3018/3018/3018 3022/3022/3022 3023/3023/3023
f 3018/3018/3018 3023/3023/3023 2867/2867/2867
f 3018/3018/3018 2867/2867/2867 2866/2866/2866
f 3018/3018/3018 2866/2866/2866 2865/2865/2865
f 3018/3018/3018 2865/2865/2865 3019/3019/3019
f 3024/3024/3024 3025/3025/3025 3026/3026/3026
f 3024/3024/3024 3026/3026/3026 3027/3027/3027
f 3024/3024/3024 3027/3027/3027 3028/3028/3028
f 3024/3024/3024 3028/3028/3028 3029/3029/3029
f 3024/3024/3024 3029/3029/3029 2876/2876/2876
f 3024/3024/3024 2876/2876/2876 2875/2875/2875
f 3024/3024/3024 2875/2875/2875 2874/2874/2874
f 3024/3024/3024 2874/2874/2874 3025/3025/3025
f 3030/3030/3030 3031/3031/3031 3032/3032/3032
f 3030/3030/3030 3032/3032/3032 3033/3033/3033
f 3030/3030/3030 3033/3033/3033 3034/3034/3034
f 3030/3030/3030 3034/3034/3034 3035/3035/3035
f 3030/3030/3030 3035/3035/3035 2885/2885/2885
f 3030/3030/3030 2885/2885/2885 2884/2884/2884
f 3030/3030/3030 2884/2884/2884 2883/2883/2883
f 3030/3030/3030 2883/2883/2883 3031/3031/3031
f 3036/3036/3036 3037/3037/3037 3038/3038/3038
f 3036/3036/3036 3038/3038/3038 3039/3039/3039
f 3036/3036/3036 3039/3039/3039 3040/3040/3040
f 3036/3036/3036 3040/3040/3040 3041/3041/3041
f 3036/3036/3036 3041/3041/3041 2894/2894/2894
f 3036/3036/3036 2894/2894/2894 2893/2893/2893
f 3036/3036/3036 2893/2893/2893 2892/2892/2892
f 3036/3036/3036 2892/2892/2892 3037/3037/3037
f 3042/3042/3042 3043/3043/3043 3044/3044/3044
f 3042/3042/3042 3044/3044/3044 3045/3045/3045
f 3042/3042/3042 3045/3045/3045 3046/3046/3046
f 3042/3042/3042 3046/3046/3046 3047/3047/3047
f 3042/3042/3042 3047/3047/3047 3048/3048/3048
f 3042/3042/3042 3048/3048/3048 3049/3049/3049
f 3042/3042/3042 3049/3049/3049 3050/3050/3050
f 3042/3042/3042 3050/3050/3050 3043/3043/3043
f 3051/3051/3051 3052/3052/3052 3053/3053/3053
f 3051/3051/3051 3053/3053/3053 3054/3054/3054
f 3051/3051/3051 3054/3054/3054 3055/3055/3055
f 3051/3051/3051 3055/3055/3055 3056/3056/3056
f 3051/3051/3051 3056/3056/3056 3057/3057/3057
f 3051/3051/3051 3057/3057/3057 3058/3058/3058
f 3051/3051/3051 3058/3058/3058 3059/3059/3059
f 3051/3051/3051 3059/3059/3059 3052/3052/3052
f 3060/3060/3060 3061/3061/3061 3059/3059/3059
f 3060/3060/3060 3059/3059/3059 3058/3058/3058
f 3060/3060/3060 3058/3058/3058 3057/3057/3057
f 3060/3060/3060 3057/3057/3057 3062/3062/3062
f 3060/3060/3060 3062/3062/3062 3063/3063/3063
f 3060/3060/3060 3063/3063/3063 3064/3064/3064
f 3060/3060/3060 3064/3064/3064 3065/3065/3065
f 3060/3060/3060 3065/3065/3065 3061/3061/3061
f 3066/3066/3066 3067/3067/3067 3068/3068/3068
f 3066/3066/3066 3068/3068/3068 3069/3069/3069
f 3066/3066/3066 3069/3069/3069 3070/3070/3070
f 3066/3066/3066 3070/3070/3070 3071/3071/3071
f 3066/3066/3066 3071/3071/3071 3072/3072/3072
f 3066/3066/3066 3072/3072/3072 3073/3073/3073
f 3066/3066/3066 3073/3073/3073 3074/3074/3074
f 3066/3066/3066 3074/3074/3074 3067/3067/3067
f 3075/3075/3075 3076/3076/3076 3074/3074/3074
f 3075/3075/3075 3074/3074/3074 3073/3073/3073
f 3075/3075/3075 3073/3073/3073 3072/3072/3072
f 3075/3075/3075 3072/3072/3072 3077/3077/3077
f 3075/3075/3075 3077/3077/3077 3078/3078/3078
f 3075/3075/3075 3078/3078/3078 3079/3079/3079
f 3075/3075/3075 3079/3079/3079 3080/3080/3080
f 3075/3075/3075 3080/3080/3080 3076/3076/3076
f 3081/3081/3081 3082/3082/3082 3083/3083/3083
f 3081/3081/3081 3083/3083/3083 3084/3084/3084
f 3081/3081/3081 3084/3084/3084 3085/3085/3085
f 3081/3081/3081 3085/3085/3085 3086/3086/3086
f 3081/3081/3081 3086/3086/3086 3087/3087/3087
f 3081/3081/3081 3087/3087/3087 3088/3088/3088
f 3081/3081/3081 3088/3088/3088 3089/3089/3089
f 3081/3081/3081 3089/3089/3089 3082/3082/3082
f 3090/3090/3090 3091/3091/3091 3089/3089/3089
f 3090/3090/3090 3089/3089/3089 3088/3088/3088
f 3090/3090/3090 3088/3088/3088 3087/3087/3087
f 3090/3090/3090 3087/3087/3087 3092/3092/3092
f 3090/3090/3090 3092/3092/3092 3093/3093/3093
f 3090/3090/3090 3093/3093/3093 3094/3094/3094
f 3090/3090/3090 3094/3094/3094 3095/3095/3095
f 3090/3090/3090 3095/3095/3095 3091/3091/3091
f 3096/3096/3096 3097/3097/3097 3098/3098/3098
f 3096/3096/3096 3098/3098/3098 3099/3099/3099
f 3096/3096/3096 3099/3099/3099 3083/3083/3083
f 3096/3096/3096 3083/3083/3083 3082/3082/3082
f 3096/3096/3096 3082/3082/3082 3089/3089/3089
f 3096/3096/3096 3089/3089/3089 3100/3100/3100
f 3096/3096/3096 3100/3100/3100 3101/3101/3101
f 3096/3096/3096 3101/3101/3101 3097/3097/3097
f 3102/3102/3102 3103/3103/3103 3101/3101/3101
f 3102/3102/3102 3101/3101/3101 3100/3100/3100
f 3102/3102/3102 3100/3100/3100 3089/3089/3089
f 3102/3102/3102 3089/3089/3089 3091/3091/3091
f 3102/3102/3102 3091/3091/3091 3095/3095/3095
f 3102/3102/3102 3095/3095/3095 3104/3104/3104
f 3102/3102/3102 3104/3104/3104 3105/3105/3105
f 3102/3102/3102 3105/3105/3105 3103/3103/3103
f 3106/3106/3106 3107/3107/3107 3108/3108/3108
f 3106/3106/3106 3108/3108/3108 3109/3109/3109
f 3106/3106/3106 3109/3109/3109 3098/3098/3098
f 3106/3106/3106 3098/3098/3098 3110/3110/3110
f 3106/3106/3106 3110/3110/3110 3111/3111/3111
f 3106/3106/3106 3111/3111/3111 3112/3112/3112
f 3106/3106/3106 3112/3112/3112 3113/3113/3113
f 3106/3106/3106 3113/3113/3113 3107/3107/3107
f 3114/3114/3114 3115/3115/3115 3113/3113/3113
f 3114/3114/3114 3113/3113/3113 3112/3112/3112
f 3114/3114/3114 3112/3112/3112 3111/3111/3111
f 3114/3114/3114 3111/3111/3111 3116/3116/3116
f 3114/3114/3114 3116/3116/3116 3105/3105/3105
f 3114/3114/3114 3105/3105/3105 3117/3117/3117
f 3114/3114/3114 3117/3117/3117 3118/3118/3118
f 3114/3114/3114 3118/3118/3118 3115/3115/3115
f 3119/3119/3119 3120/3120/3120 3121/3121/3121
f 3119/3119/3119 3121/3121/3121 3122/3122/3122
f 3119/3119/3119 3122/3122/3122 3123/3123/3123
f 3119/3119/3119 3123/3123/3123 3124/3124/3124
f 3119/3119/3119 3124/3124/3124 3125/3125/3125
f 3119/3119/3119 3125/3125/3125 3126/3126/3126
f 3119/3119/3119 3126/3126/3126 3127/3127/3127
f 3119/3119/3119 3127/3127/3127 3120/3120/3120
f 3128/3128/3128 3129/3129/3129 3127/3127/3127
f 3128/3128/3128 3127/3127/3127 3126/3126/3126
f 3128/3128/3128 3126/3126/3126 3125/3125/3125
f 3128/3128/3128 3125/3125/3125 3130/3130/3130
f 3128/3128/3128 3130/3130/3130 3131/3131/3131
f 3128/3128/3128 3131/3131/3131 3132/3132/3132
f 3128/3128/3128 3132/3132/3132 3133/3133/3133
f 3128/3128/3128 3133/3133/3133 3129/3129/3129
f 3134/3134/3134 3135/3135/3135 3070/3070/3070
f 3134/3134/3134 3070/3070/3070 3136/3136/3136
f 3134/3134/3134 3136/3136/3136 3137/3137/3137
f 3134/3134/3134 3137/3137/3137 3138/3138/3138
f 3134/3134/3134 3138/3138/3138 3139/3139/3139
f 3134/3134/3134 3139/3139/3139 3140/3140/3140
f 3134/3134/3134 3140/3140/3140 3141/3141/3141
f 3134/3134/3134 3141/3141/3141 3135/3135/3135
f 3142/3142/3142 3143/3143/3143 3141/3141/3141
f 3142/3142/3142 3141/3141/3141 3140/3140/3140
f 3142/3142/3142 3140/3140/3140 3139/3139/3139
f 3142/3142/3142 3139/3139/3139 3144/3144/3144
f 3142/3142/3142 3144/3144/3144 3145/3145/3145
f 3142/3142/3142 3145/3145/3145 3146/3146/3146
f 3142/3142/3142 3146/3146/3146 3078/3078/3078
f 3142/3142/3142 3078/3078/3078 3143/3143/3143
f 3147/3147/3147 3148/3148/3148 3149/3149/3149
f 3147/3147/3147 3149/3149/3149 3150/3150/3150
f 3147/3147/3147 3150/3150/3150 3151/3151/3151
f 3147/3147/3147 3151/3151/3151 3152/3152/3152
f 3147/3147/3147 3152/3152/3152 3153/3153/3153
f 3147/3147/3147 3153/3153/3153 3154/3154/3154
f 3147/3147/3147 3154/3154/3154 3155/3155/3155
f 3147/3147/3147 3155/3155/3155 3148/3148/3148
f 3156/3156/3156 3157/3157/3157 3155/3155/3155
f 3156/3156/3156 3155/3155/3155 3154/3154/3154
f 3156/3156/3156 3154/3154/3154 3153/3153/3153
f 3156/3156/3156 3153/3153/3153 3158/3158/3158
f 3156/3156/3156 3158/3158/3158 2842/2842/2842
f 3156/3156/3156 2842/2842/2842 3159/3159/3159
f 3156/3156/3156 3159/3159/3159 3160/3160/3160
f 3156/3156/3156 3160/3160/3160 3157/3157/3157
f 3161/3161/3161 3162/3162/3162 3163/3163/3163
f 3161/3161/3161 3163/3163/3163 3164/3164/3164
f 3161/3161/3161 3164/3164/3164 3165/3165/3165
f 3161/3161/3161 3165/3165/3165 3166/3166/3166
f 3161/3161/3161 3166/3166/3166 3167/3167/3167
f 3161/3161/3161 3167/3167/3167 3168/3168/3168
f 3161/3161/3161 3168/3168/3168 3169/3169/3169
f 3161/3161/3161 3169/3169/3169 3162/3162/3162
f 3170/3170/3170 3171/3171/3171 3169/3169/3169
f 3170/3170/3170 3169/3169/3169 3168/3168/3168
f 3170/3170/3170 3168/3168/3168 3167/3167/3167
f 3170/3170/3170 3167/3167/3167 3172/3172/3172
f 3170/3170/3170 3172/3172/3172 3173/3173/3173
f 3170/3170/3170 3173/3173/3173 3174/3174/3174
f 3170/3170/3170 3174/3174/3174 3068/3068/3068
f 3170/3170/3170 3068/3068/3068 3171/3171/3171
f 3175/3175/3175 3176/3176/3176 3177/3177/3177
f 3175/3175/3175 3177/3177/3177 3178/3178/3178
f 3175/3175/3175 3178/3178/3178 3163/3163/3163
f 3175/3175/3175 3163/3163/3163 3179/3179/3179
f 3175/3175/3175 3179/3179/3179 3180/3180/3180
f 3175/3175/3175 3180/3180/3180 3181/3181/3181
f 3175/3175/3175 3181/3181/3181 3182/3182/3182
f 3175/3175/3175 3182/3182/3182 3176/3176/3176
f 3183/3183/3183 3184/3184/3184 3182/3182/3182
f 3183/3183/3183 3182/3182/3182 3181/3181/3181
f 3183/3183/3183 3181/3181/3181 3180/3180/3180
f 3183/3183/3183 3180/3180/3180 3185/3185/3185
f 3183/3183/3183 3185/3185/3185 3186/3186/3186
f 3183/3183/3183 3186/3186/3186 3187/3187/3187
f 3183/3183/3183 3187/3187/3187 3188/3188/3188
f 3183/3183/3183 3188/3188/3188 3184/3184/3184
f 3189/3189/3189 3190/3190/3190 3191/3191/3191
f 3189/3189/3189 3191/3191/3191 3192/3192/3192
f 3189/3189/3189 3192/3192/3192 3177/3177/3177
f 3189/3189/3189 3177/3177/3177 3176/3176/3176
f 3189/3189/3189 3176/3176/3176 3182/3182/3182
f 3189/3189/3189 3182/3182/3182 3193/3193/3193
f 3189/3189/3189 3193/3193/3193 3194/3194/3194
f 3189/3189/3189 3194/3194/3194 3190/3190/3190
f 3195/3195/3195 3196/3196/3196 3194/3194/3194
f 3195/3195/3195 3194/3194/3194 3193/3193/3193
f 3195/3195/3195 3193/3193/3193 3182/3182/3182
f 3195/3195/3195 3182/3182/3182 3184/3184/3184
f 3195/3195/3195 3184/3184/3184 3188/3188/3188
f 3195/3195/3195 3188/3188/3188 3197/3197/3197
f 3195/3195/3195 3197/3197/3197 3198/3198/3198
f 3195/3195/3195 3198/3198/3198 3196/3196/3196
f 3199/3199/3199 3200/3200/3200 2937/2937/2937
f 3199/3199/3199 2937/2937/2937 3201/3201/3201
f 3199/3199/3199 3201/3201/3201 3191/3191/3191
f 3199/3199/3199 3191/3191/3191 3190/3190/3190
f 3199/3199/3199 3190/3190/3190 3194/3194/3194
f 3199/3199/3199 3194/3194/3194 3202/3202/3202
f 3199/3199/3199 3202/3202/3202 3203/3203/3203
f 3199/3199/3199 3203/3203/3203 3200/3200/3200
f 3204/3204/3204 3205/3205/3205 3203/3203/3203
f 3204/3204/3204 3203/3203/3203 3202/3202/3202
f 3204/3204/3204 3202/3202/3202 3194/3194/3194
f 3204/3204/3204 3194/3194/3194 3196/3196/3196
f 3204/3204/3204 3196/3196/3196 3198/3198/3198
f 3204/3204/3204 3198/3198/3198 3206/3206/3206
f 3204/3204/3204 3206/3206/3206 3207/3207/3207
f 3204/3204/3204 3207/3207/3207 3205/3205/3205
f 3208/3208/3208 3209/3209/3209 3210/3210/3210
f 3208/3208/3208 3210/3210/3210 3211/3211/3211
f 3208/3208/3208 3211/3211/3211 3212/3212/3212
f 3208/3208/3208 3212/3212/3212 3213/3213/3213
f 3208/3208/3208 3213/3213/3213 3214/3214/3214
f 3208/3208/3208 3214/3214/3214 3215/3215/3215
f 3208/3208/3208 3215/3215/3215 3216/3216/3216
f 3208/3208/3208 3216/3216/3216 3209/3209/3209
f 3217/3217/3217 3218/3218/3218 3216/3216/3216
f 3217/3217/3217 3216/3216/3216 3215/3215/3215
f 3217/3217/3217 3215/3215/3215 3214/3214/3214
f 3217/3217/3217 3214/3214/3214 3219/3219/3219
f 3217/3217/3217 3219/3219/3219 3220/3220/3220
f 3217/3217/3217 3220/3220/3220 3221/3221/3221
f 3217/3217/3217 3221/3221/3221 3222/3222/3222
f 3217/3217/3217 3222/3222/3222 3218/3218/3218
f 3223/3223/3223 3166/3166/3166 3165/3165/3165
f 3223/3223/3223 3165/3165/3165 3224/3224/3224
f 3223/3223/3223 3224/3224/3224 3225/3225/3225
f 3223/3223/3223 3225/3225/3225 3226/3226/3226
f 3223/3223/3223 3226/3226/3226 3227/3227/3227
f 3223/3223/3223 3227/3227/3227 3228/3228/3228
f 3223/3223/3223 3228/3228/3228 3167/3167/3167
f 3223/3223/3223 3167/3167/3167 3166/3166/3166
f 3229/3229/3229 3172/3172/3172 3167/3167/3167
f 3229/3229/3229 3167/3167/3167 3228/3228/3228
f 3229/3229/3229 3228/3228/3228 3227/3227/3227
f 3229/3229/3229 3227/3227/3227 3230/3230/3230
f 3229/3229/3229 3230/3230/3230 3231/3231/3231
f 3229/3229/3229 3231/3231/3231 3232/3232/3232
f 3229/3229/3229 3232/3232/3232 3173/3173/3173
f 3229/3229/3229 3173/3173/3173 3172/3172/3172
f 3233/3233/3233 3234/3234/3234 3235/3235/3235
f 3233/3233/3233 3235/3235/3235 3236/3236/3236
f 3233/3233/3233 3236/3236/3236 3237/3237/3237
f 3233/3233/3233 3237/3237/3237 3238/3238/3238
f 3233/3233/3233 3238/3238/3238 3239/3239/3239
f 3233/3233/3233 3239/3239/3239 3240/3240/3240
f 3233/3233/3233 3240/3240/3240 3241/3241/3241
f 3233/3233/3233 3241/3241/3241 3234/3234/3234
f 3242/3242/3242 3243/3243/3243 3241/3241/3241
f 3242/3242/3242 3241/3241/3241 3240/3240/3240
f 3242/3242/3242 3240/3240/3240 3239/3239/3239
f 3242/3242/3242 3239/3239/3239 3244/3244/3244
f 3242/3242/3242 3244/3244/3244 2360/2360/2360
f 3242/3242/3242 2360/2360/2360 2359/2359/2359
f 3242/3242/3242 2359/2359/2359 2366/2366/2366
f 3242/3242/3242 2366/2366/2366 3243/3243/3243
f 3245/3245/3245 3246/3246/3246 2624/2624/2624
f 3245/3245/3245 2624/2624/2624 2623/2623/2623
f 3245/3245/3245 2623/2623/2623 2615/2615/2615
f 3245/3245/3245 2615/2615/2615 3247/3247/3247
f 3245/3245/3245 3247/3247/3247 3248/3248/3248
f 3245/3245/3245 3248/3248/3248 3249/3249/3249
f 3245/3245/3245 3249/3249/3249 3250/3250/3250
f 3245/3245/3245 3250/3250/3250 3246/3246/3246
f 3251/3251/3251 3252/3252/3252 3250/3250/3250
f 3251/3251/3251 3250/3250/3250 3249/3249/3249
f 3251/3251/3251 3249/3249/3249 3248/3248/3248
f 3251/3251/3251 3248/3248/3248 3253/3253/3253
f 3251/3251/3251 3253/3253/3253 3254/3254/3254
f 3251/3251/3251 3254/3254/3254 3255/3255/3255
f 3251/3251/3251 3255/3255/3255 3256/3256/3256
f 3251/3251/3251 3256/3256/3256 3252/3252/3252
f 3257/3257/3257 3247/3247/3247 2615/2615/2615
f 3257/3257/3257 2615/2615/2615 2614/2614/2614
f 3257/3257/3257 2614/2614/2614 2621/2621/2621
f 3257/3257/3257 2621/2621/2621 3258/3258/3258
f 3257/3257/3257 3258/3258/3258 3259/3259/3259
f 3257/3257/3257 3259/3259/3259 3260/3260/3260
f 3257/3257/3257 3260/3260/3260 3248/3248/3248
f 3257/3257/3257 3248/3248/3248 3247/3247/3247
f 3261/3261/3261 3253/3253/3253 3248/3248/3248
f 3261/3261/3261 3248/3248/3248 3260/3260/3260
f 3261/3261/3261 3260/3260/3260 3259/3259/3259
f 3261/3261/3261 3259/3259/3259 3262/3262/3262
f 3261/3261/3261 3262/3262/3262 3263/3263/3263
f 3261/3261/3261 3263/3263/3263 3264/3264/3264
f 3261/3261/3261 3264/3264/3264 3254/3254/3254
f 3261/3261/3261 3254/3254/3254 3253/3253/3253
f 3265/3265/3265 3238/3238/3238 3237/3237/3237
f 3265/3265/3265 3237/3237/3237 3266/3266/3266
f 3265/3265/3265 3266/3266/3266 3267/3267/3267
f 3265/3265/3265 3267/3267/3267 3268/3268/3268
f 3265/3265/3265 3268/3268/3268 3269/3269/3269
f 3265/3265/3265 3269/3269/3269 3270/3270/3270
f 3265/3265/3265 3270/3270/3270 3239/3239/3239
f 3265/3265/3265 3239/3239/3239 3238/3238/3238
f 3271/3271/3271 3244/3244/3244 3239/3239/3239
f 3271/3271/3271 3239/3239/3239 3270/3270/3270
f 3271/3271/3271 3270/3270/3270 3269/3269/3269
f 3271/3271/3271 3269/3269/3269 3272/3272/3272
f 3271/3271/3271 3272/3272/3272 2792/2792/2792
f 3271/3271/3271 2792/2792/2792 2791/2791/2791
f 3271/3271/3271 2791/2791/2791 2360/2360/2360
f 3271/3271/3271 2360/2360/2360 3244/3244/3244
f 3273/3273/3273 3274/3274/3274 3275/3275/3275
f 3273/3273/3273 3275/3275/3275 3276/3276/3276
f 3273/3273/3273 3276/3276/3276 3277/3277/3277
f 3273/3273/3273 3277/3277/3277 3278/3278/3278
f 3273/3273/3273 3278/3278/3278 3279/3279/3279
f 3273/3273/3273 3279/3279/3279 3280/3280/3280
f 3273/3273/3273 3280/3280/3280 3281/3281/3281
f 3273/3273/3273 3281/3281/3281 3274/3274/3274
f 3282/3282/3282 3283/3283/3283 2990/2990/2990
f 3282/3282/3282 2990/2990/2990 2989/2989/2989
f 3282/3282/3282 2989/2989/2989 2988/2988/2988
f 3282/3282/3282 2988/2988/2988 3284/3284/3284
f 3282/3282/3282 3284/3284/3284 3285/3285/3285
f 3282/3282/3282 3285/3285/3285 3286/3286/3286
f 3282/3282/3282 3286/3286/3286 3287/3287/3287
f 3282/3282/3282 3287/3287/3287 3283/3283/3283
f 3288/3288/3288 3289/3289/3289 3287/3287/3287
f 3288/3288/3288 3287/3287/3287 3286/3286/3286
f 3288/3288/3288 3286/3286/3286 3285/3285/3285
f 3288/3288/3288 3285/3285/3285 3290/3290/3290
f 3288/3288/3288 3290/3290/3290 3291/3291/3291
f 3288/3288/3288 3291/3291/3291 3292/3292/3292
f 3288/3288/3288 3292/3292/3292 3293/3293/3293
f 3288/3288/3288 3293/3293/3293 3289/3289/3289
f 3294/3294/3294 3295/3295/3295 3008/3008/3008
f 3294/3294/3294 3008/3008/3008 3007/3007/3007
f 3294/3294/3294 3007/3007/3007 3006/3006/3006
f 3294/3294/3294 3006/3006/3006 3296/3296/3296
f 3294/3294/3294 3296/3296/3296 3297/3297/3297
f 3294/3294/3294 3297/3297/3297 3298/3298/3298
f 3294/3294/3294 3298/3298/3298 3299/3299/3299
f 3294/3294/3294 3299/3299/3299 3295/3295/3295
f 3300/3300/3300 3301/3301/3301 3299/3299/3299
f 3300/3300/3300 3299/3299/3299 3298/3298/3298
f 3300/3300/3300 3298/3298/3298 3297/3297/3297
f 3300/3300/3300 3297/3297/3297 3302/3302/3302
f 3300/3300/3300 3302/3302/3302 3303/3303/3303
f 3300/3300/3300 3303/3303/3303 3304/3304/3304
f 3300/3300/3300 3304/3304/3304 3305/3305/3305
f 3300/3300/3300 3305/3305/3305 3301/3301/3301
f 3306/3306/3306 3307/3307/3307 3017/3017/3017
f 3306/3306/3306 3017/3017/3017 3016/3016/3016
f 3306/3306/3306 3016/3016/3016 3015/3015/3015
f 3306/3306/3306 3015/3015/3015 3308/3308/3308
f 3306/3306/3306 3308/3308/3308 3309/3309/3309
f 3306/3306/3306 3309/3309/3309 3310/3310/3310
f 3306/3306/3306 3310/3310/3310 3311/3311/3311
f 3306/3306/3306 3311/3311/3311 3307/3307/3307
f 3312/3312/3312 3313/3313/3313 3311/3311/3311
f 3312/3312/3312 3311/3311/3311 3310/3310/3310
f 3312/3312/3312 3310/3310/3310 3309/3309/3309
f 3312/3312/3312 3309/3309/3309 3314/3314/3314
f 3312/3312/3312 3314/3314/3314 3315/3315/3315
f 3312/3312/3312 3315/3315/3315 3316/3316/3316
f 3312/3312/3312 3316/3316/3316 3317/3317/3317
f 3312/3312/3312 3317/3317/3317 3313/3313/3313
f 3318/3318/3318 3319/3319/3319 3320/3320/3320
f 3318/3318/3318 3320/3320/3320 3321/3321/3321
f 3318/3318/3318 3321/3321/3321 3322/3322/3322
f 3318/3318/3318 3322/3322/3322 3323/3323/3323
f 3318/3318/3318 3323/3323/3323 3121/3121/3121
f 3318/3318/3318 3121/3121/3121 3120/3120/3120
f 3318/3318/3318 3120/3120/3120 3127/3127/3127
f 3318/3318/3318 3127/3127/3127 3319/3319/3319
f 3324/3324/3324 3325/3325/3325 3326/3326/3326
f 3324/3324/3324 3326/3326/3326 3327/3327/3327
f 3324/3324/3324 3327/3327/3327 3328/3328/3328
f 3324/3324/3324 3328/3328/3328 3329/3329/3329
f 3324/3324/3324 3329/3329/3329 3320/3320/3320
f 3324/3324/3324 3320/3320/3320 3330/3330/3330
f 3324/3324/3324 3330/3330/3330 3331/3331/3331
f 3324/3324/3324 3331/3331/3331 3325/3325/3325
f 3332/3332/3332 3333/3333/3333 3331/3331/3331
f 3332/3332/3332 3331/3331/3331 3330/3330/3330
f 3332/3332/3332 3330/3330/3330 3320/3320/3320
f 3332/3332/3332 3320/3320/3320 3319/3319/3319
f 3332/3332/3332 3319/3319/3319 3127/3127/3127
f 3332/3332/3332 3127/3127/3127 3129/3129/3129
f 3332/3332/3332 3129/3129/3129 3133/3133/3133
f 3332/3332/3332 3133/3133/3133 3333/3333/3333
f 3334/3334/3334 3335/3335/3335 3336/3336/3336
f 3334/3334/3334 3336/3336/3336 3337/3337/3337
f 3334/3334/3334 3337/3337/3337 3338/3338/3338
f 3334/3334/3334 3338/3338/3338 3339/3339/3339
f 3334/3334/3334 3339/3339/3339 3340/3340/3340
f 3334/3334/3334 3340/3340/3340 3341/3341/3341
f 3334/3334/3334 3341/3341/3341 3342/3342/3342
f 3334/3334/3334 3342/3342/3342 3335/3335/3335
f 3343/3343/3343 3344/3344/3344 3345/3345/3345
f 3343/3343/3343 3345/3345/3345 3346/3346/3346
f 3343/3343/3343 3346/3346/3346 3342/3342/3342
f 3343/3343/3343 3342/3342/3342 3341/3341/3341
f 3343/3343/3343 3341/3341/3341 3340/3340/3340
f 3343/3343/3343 3340/3340/3340 3347/3347/3347
f 3343/3343/3343 3347/3347/3347 3348/3348/3348
f 3343/3343/3343 3348/3348/3348 3344/3344/3344
f 3349/3349/3349 3337/3337/3337 3336/3336/3336
f 3349/3349/3349 3336/3336/3336 3350/3350/3350
f 3349/3349/3349 3350/3350/3350 3351/3351/3351
f 3349/3349/3349 3351/3351/3351 3352/3352/3352
f 3349/3349/3349 3352/3352/3352 3353/3353/3353
f 3349/3349/3349 3353/3353/3353 3354/3354/3354
f 3349/3349/3349 3354/3354/3354 3338/3338/3338
f 3349/3349/3349 3338/3338/3338 3337/3337/3337
f 3355/3355/3355 3356/3356/3356 3357/3357/3357
f 3355/3355/3355 3357/3357/3357 3358/3358/3358
f 3355/3355/3355 3358/3358/3358 3359/3359/3359
f 3355/3355/3355 3359/3359/3359 3360/3360/3360
f 3355/3355/3355 3360/3360/3360 3353/3353/3353
f 3355/3355/3355 3353/3353/3353 3352/3352/3352
f 3355/3355/3355 3352/3352/3352 3351/3351/3351
f 3355/3355/3355 3351/3351/3351 3356/3356/3356
f 3361/3361/3361 3362/3362/3362 3363/3363/3363
f 3361/3361/3361 3363/3363/3363 3364/3364/3364
f 3361/3361/3361 3364/3364/3364 3365/3365/3365
f 3361/3361/3361 3365/3365/3365 3366/3366/3366
f 3361/3361/3361 3366/3366/3366 3367/3367/3367
f 3361/3361/3361 3367/3367/3367 3368/3368/3368
f 3361/3361/3361 3368/3368/3368 3369/3369/3369
f 3361/3361/3361 3369/3369/3369 3362/3362/3362
f 3370/3370/3370 3371/3371/3371 3372/3372/3372
f 3370/3370/3370 3372/3372/3372 3373/3373/3373
f 3370/3370/3370 3373/3373/3373 3374/3374/3374
f 3370/3370/3370 3374/3374/3374 3375/3375/3375
f 3370/3370/3370 3375/3375/3375 3367/3367/3367
f 3370/3370/3370 3367/3367/3367 3366/3366/3366
f 3370/3370/3370 3366/3366/3366 3365/3365/3365
f 3370/3370/3370 3365/3365/3365 3371/3371/3371
f 3376/3376/3376 3377/3377/3377 3378/3378/3378
f 3376/3376/3376 3378/3378/3378 3379/3379/3379
f 3376/3376/3376 3379/3379/3379 3380/3380/3380
f 3376/3376/3376 3380/3380/3380 3381/3381/3381
f 3376/3376/3376 3381/3381/3381 3382/3382/3382
f 3376/3376/3376 3382/3382/3382 3383/3383/3383
f 3376/3376/3376 3383/3383/3383 3384/3384/3384
f 3376/3376/3376 3384/3384/3384 3377/3377/3377
f 3385/3385/3385 3379/3379/3379 3378/3378/3378
f 3385/3385/3385 3378/3378/3378 3386/3386/3386
f 3385/3385/3385 3386/3386/3386 3387/3387/3387
f 3385/3385/3385 3387/3387/3387 3388/3388/3388
f 3385/3385/3385 3388/3388/3388 3389/3389/3389
f 3385/3385/3385 3389/3389/3389 3390/3390/3390
f 3385/3385/3385 3390/3390/3390 3380/3380/3380
f 3385/3385/3385 3380/3380/3380 3379/3379/3379
f 3391/3391/3391 3392/3392/3392 3393/3393/3393
f 3391/3391/3391 3393/3393/3393 3394/3394/3394
f 3391/3391/3391 3394/3394/3394 3395/3395/3395
f 3391/3391/3391 3395/3395/3395 3396/3396/3396
f 3391/3391/3391 3396/3396/3396 3397/3397/3397
f 3391/3391/3391 3397/3397/3397 3398/3398/3398
f 3391/3391/3391 3398/3398/3398 3399/3399/3399
f 3391/3391/3391 3399/3399/3399 3392/3392/3392
f 3400/3400/3400 3401/3401/3401 3402/3402/3402
f 3400/3400/3400 3402/3402/3402 3403/3403/3403
f 3400/3400/3400 3403/3403/3403 3404/3404/3404
f 3400/3400/3400 3404/3404/3404 3405/3405/3405
f 3400/3400/3400 3405/3405/3405 3406/3406/3406
f 3400/3400/3400 3406/3406/3406 3407/3407/3407
f 3400/3400/3400 3407/3407/3407 3408/3408/3408
f 3400/3400/3400 3408/3408/3408 3401/3401/3401
f 3409/3409/3409 3410/3410/3410 3411/3411/3411
f 3409/3409/3409 3411/3411/3411 3412/3412/3412
f 3409/3409/3409 3412/3412/3412 3413/3413/3413
f 3409/3409/3409 3413/3413/3413 3414/3414/3414
f 3409/3409/3409 3414/3414/3414 3397/3397/3397
f 3409/3409/3409 3397/3397/3397 3415/3415/3415
f 3409/3409/3409 3415/3415/3415 3416/3416/3416
f 3409/3409/3409 3416/3416/3416 3410/3410/3410
f 3417/3417/3417 3418/3418/3418 3411/3411/3411
f 3417/3417/3417 3411/3411/3411 3419/3419/3419
f 3417/3417/3417 3419/3419/3419 3420/3420/3420
f 3417/3417/3417 3420/3420/3420 3421/3421/3421
f 3417/3417/3417 3421/3421/3421 3422/3422/3422
f 3417/3417/3417 3422/3422/3422 3423/3423/3423
f 3417/3417/3417 3423/3423/3423 3424/3424/3424
f 3417/3417/3417 3424/3424/3424 3418/3418/3418
f 3425/3425/3425 3426/3426/3426 3427/3427/3427
f 3425/3425/3425 3427/3427/3427 3428/3428/3428
f 3425/3425/3425 3428/3428/3428 3429/3429/3429
f 3425/3425/3425 3429/3429/3429 3430/3430/3430
f 3425/3425/3425 3430/3430/3430 3422/3422/3422
f 3425/3425/3425 3422/3422/3422 3431/3431/3431
f 3425/3425/3425 3431/3431/3431 3432/3432/3432
f 3425/3425/3425 3432/3432/3432 3426/3426/3426
f 3433/3433/3433 3434/3434/3434 3345/3345/3345
f 3433/3433/3433 3345/3345/3345 3344/3344/3344
f 3433/3433/3433 3344/3344/3344 3348/3348/3348
f 3433/3433/3433 3348/3348/3348 3435/3435/3435
f 3433/3433/3433 3435/3435/3435 3436/3436/3436
f 3433/3433/3433 3436/3436/3436 3437/3437/3437
f 3433/3433/3433 3437/3437/3437 3438/3438/3438
f 3433/3433/3433 3438/3438/3438 3434/3434/3434
f 3439/3439/3439 3440/3440/3440 3363/3363/3363
f 3439/3439/3439 3363/3363/3363 3362/3362/3362
f 3439/3439/3439 3362/3362/3362 3369/3369/3369
f 3439/3439/3439 3369/3369/3369 3441/3441/3441
f 3439/3439/3439 3441/3441/3441 3442/3442/3442
f 3439/3439/3439 3442/3442/3442 3443/3443/3443
f 3439/3439/3439 3443/3443/3443 3444/3444/3444
f 3439/3439/3439 3444/3444/3444 3440/3440/3440
f 3445/3445/3445 3373/3373/3373 3372/3372/3372
f 3445/3445/3445 3372/3372/3372 3446/3446/3446
f 3445/3445/3445 3446/3446/3446 3447/3447/3447
f 3445/3445/3445 3447/3447/3447 3448/3448/3448
f 3445/3445/3445 3448/3448/3448 3406/3406/3406
f 3445/3445/3445 3406/3406/3406 3449/3449/3449
f 3445/3445/3445 3449/3449/3449 3374/3374/3374
f 3445/3445/3445 3374/3374/3374 3373/3373/3373
f 3450/3450/3450 3451/3451/3451 3452/3452/3452
f 3450/3450/3450 3452/3452/3452 3453/3453/3453
f 3450/3450/3450 3453/3453/3453 3454/3454/3454
f 3450/3450/3450 3454/3454/3454 3455/3455/3455
f 3450/3450/3450 3455/3455/3455 3456/3456/3456
f 3450/3450/3450 3456/3456/3456 3457/3457/3457
f 3450/3450/3450 3457/3457/3457 3458/3458/3458
f 3450/3450/3450 3458/3458/3458 3451/3451/3451
f 3459/3459/3459 3460/3460/3460 3452/3452/3452
f 3459/3459/3459 3452/3452/3452 3451/3451/3451
f 3459/3459/3459 3451/3451/3451 3458/3458/3458
f 3459/3459/3459 3458/3458/3458 3461/3461/3461
f 3459/3459/3459 3461/3461/3461 3462/3462/3462
f 3459/3459/3459 3462/3462/3462 3463/3463/3463
f 3459/3459/3459 3463/3463/3463 3464/3464/3464
f 3459/3459/3459 3464/3464/3464 3460/3460/3460
f 3465/3465/3465 3466/3466/3466 3467/3467/3467
f 3465/3465/3465 3467/3467/3467 3468/3468/3468
f 3465/3465/3465 3468/3468/3468 3469/3469/3469
f 3465/3465/3465 3469/3469/3469 3470/3470/3470
f 3465/3465/3465 3470/3470/3470 3471/3471/3471
f 3465/3465/3465 3471/3471/3471 3472/3472/3472
f 3465/3465/3465 3472/3472/3472 3473/3473/3473
f 3465/3465/3465 3473/3473/3473 3466/3466/3466
f 3474/3474/3474 3468/3468/3468 3467/3467/3467
f 3474/3474/3474 3467/3467/3467 3475/3475/3475
f 3474/3474/3474 3475/3475/3475 3476/3476/3476
f 3474/3474/3474 3476/3476/3476 3477/3477/3477
f 3474/3474/3474 3477/3477/3477 3478/3478/3478
f 3474/3474/3474 3478/3478/3478 3479/3479/3479
f 3474/3474/3474 3479/3479/3479 3469/3469/3469
f 3474/3474/3474 3469/3469/3469 3468/3468/3468
f 3480/3480/3480 3481/3481/3481 3482/3482/3482
f 3480/3480/3480 3482/3482/3482 3483/3483/3483
f 3480/3480/3480 3483/3483/3483 3464/3464/3464
f 3480/3480/3480 3464/3464/3464 3463/3463/3463
f 3480/3480/3480 3463/3463/3463 3462/3462/3462
f 3480/3480/3480 3462/3462/3462 3484/3484/3484
f 3480/3480/3480 3484/3484/3484 3485/3485/3485
f 3480/3480/3480 3485/3485/3485 3481/3481/3481
f 3486/3486/3486 3487/3487/3487 3488/3488/3488
f 3486/3486/3486 3488/3488/3488 3489/3489/3489
f 3486/3486/3486 3489/3489/3489 3490/3490/3490
f 3486/3486/3486 3490/3490/3490 3491/3491/3491
f 3486/3486/3486 3491/3491/3491 3478/3478/3478
f 3486/3486/3486 3478/3478/3478 3477/3477/3477
f 3486/3486/3486 3477/3477/3477 3476/3476/3476
f 3486/3486/3486 3476/3476/3476 3487/3487/3487
f 3492/3492/3492 3493/3493/3493 3494/3494/3494
f 3492/3492/3492 3494/3494/3494 3495/3495/3495
f 3492/3492/3492 3495/3495/3495 3496/3496/3496
f 3492/3492/3492 3496/3496/3496 3497/3497/3497
f 3492/3492/3492 3497/3497/3497 3498/3498/3498
f 3492/3492/3492 3498/3498/3498 3499/3499/3499
f 3492/3492/3492 3499/3499/3499 3500/3500/3500
f 3492/3492/3492 3500/3500/3500 3493/3493/3493
f 3501/3501/3501 3502/3502/3502 3503/3503/3503
f 3501/3501/3501 3503/3503/3503 3504/3504/3504
f 3501/3501/3501 3504/3504/3504 3505/3505/3505
f 3501/3501/3501 3505/3505/3505 3506/3506/3506
f 3501/3501/3501 3506/3506/3506 3456/3456/3456
f 3501/3501/3501 3456/3456/3456 3455/3455/3455
f 3501/3501/3501 3455/3455/3455 3454/3454/3454
f 3501/3501/3501 3454/3454/3454 3502/3502/3502
f 3507/3507/3507 3504/3504/3504 3503/3503/3503
f 3507/3507/3507 3503/3503/3503 3508/3508/3508
f 3507/3507/3507 3508/3508/3508 3500/3500/3500
f 3507/3507/3507 3500/3500/3500 3499/3499/3499
f 3507/3507/3507 3499/3499/3499 3498/3498/3498
f 3507/3507/3507 3498/3498/3498 3509/3509/3509
f 3507/3507/3507 3509/3509/3509 3505/3505/3505
f 3507/3507/3507 3505/3505/3505 3504/3504/3504
f 3510/3510/3510 3489/3489/3489 3488/3488/3488
f 3510/3510/3510 3488/3488/3488 3511/3511/3511
f 3510/3510/3510 3511/3511/3511 3512/3512/3512
f 3510/3510/3510 3512/3512/3512 3513/3513/3513
f 3510/3510/3510 3513/3513/3513 3514/3514/3514
f 3510/3510/3510 3514/3514/3514 3515/3515/3515
f 3510/3510/3510 3515/3515/3515 3490/3490/3490
f 3510/3510/3510 3490/3490/3490 3489/3489/3489
f 3516/3516/3516 3517/3517/3517 3518/3518/3518
f 3516/3516/3516 3518/3518/3518 3519/3519/3519
f 3516/3516/3516 3519/3519/3519 3520/3520/3520
f 3516/3516/3516 3520/3520/3520 3521/3521/3521
f 3516/3516/3516 3521/3521/3521 3522/3522/3522
f 3516/3516/3516 3522/3522/3522 3523/3523/3523
f 3516/3516/3516 3523/3523/3523 3524/3524/3524
f 3516/3516/3516 3524/3524/3524 3517/3517/3517
f 3525/3525/3525 3526/3526/3526 3518/3518/3518
f 3525/3525/3525 3518/3518/3518 3517/3517/3517
f 3525/3525/3525 3517/3517/3517 3524/3524/3524
f 3525/3525/3525 3524/3524/3524 3527/3527/3527
f 3525/3525/3525 3527/3527/3527 3528/3528/3528
f 3525/3525/3525 3528/3528/3528 3529/3529/3529
f 3525/3525/3525 3529/3529/3529 3530/3530/3530
f 3525/3525/3525 3530/3530/3530 3526/3526/3526
f 3531/3531/3531 3532/3532/3532 3533/3533/3533
f 3531/3531/3531 3533/3533/3533 3534/3534/3534
f 3531/3531/3531 3534/3534/3534 3535/3535/3535
f 3531/3531/3531 3535/3535/3535 3536/3536/3536
f 3531/3531/3531 3536/3536/3536 3537/3537/3537
f 3531/3531/3531 3537/3537/3537 3538/3538/3538
f 3531/3531/3531 3538/3538/3538 3539/3539/3539
f 3531/3531/3531 3539/3539/3539 3532/3532/3532
f 3540/3540/3540 3534/3534/3534 3533/3533/3533
f 3540/3540/3540 3533/3533/3533 3541/3541/3541
f 3540/3540/3540 3541/3541/3541 3542/3542/3542
f 3540/3540/3540 3542/3542/3542 3543/3543/3543
f 3540/3540/3540 3543/3543/3543 3544/3544/3544
f 3540/3540/3540 3544/3544/3544 3545/3545/3545
f 3540/3540/3540 3545/3545/3545 3535/3535/3535
f 3540/3540/3540 3535/3535/3535 3534/3534/3534
f 3546/3546/3546 3547/3547/3547 3548/3548/3548
f 3546/3546/3546 3548/3548/3548 3549/3549/3549
f 3546/3546/3546 3549/3549/3549 3530/3530/3530
f 3546/3546/3546 3530/3530/3530 3529/3529/3529
f 3546/3546/3546 3529/3529/3529 3528/3528/3528
f 3546/3546/3546 3528/3528/3528 3550/3550/3550
f 3546/3546/3546 3550/3550/3550 3551/3551/3551
f 3546/3546/3546 3551/3551/3551 3547/3547/3547
f 3552/3552/3552 3553/3553/3553 3554/3554/3554
f 3552/3552/3552 3554/3554/3554 3555/3555/3555
f 3552/3552/3552 3555/3555/3555 3556/3556/3556
f 3552/3552/3552 3556/3556/3556 3557/3557/3557
f 3552/3552/3552 3557/3557/3557 3544/3544/3544
f 3552/3552/3552 3544/3544/3544 3543/3543/3543
f 3552/3552/3552 3543/3543/3543 3542/3542/3542
f 3552/3552/3552 3542/3542/3542 3553/3553/3553
f 3558/3558/3558 3559/3559/3559 3560/3560/3560
f 3558/3558/3558 3560/3560/3560 3561/3561/3561
f 3558/3558/3558 3561/3561/3561 3562/3562/3562
f 3558/3558/3558 3562/3562/3562 3563/3563/3563
f 3558/3558/3558 3563/3563/3563 3564/3564/3564
f 3558/3558/3558 3564/3564/3564 3565/3565/3565
f 3558/3558/3558 3565/3565/3565 3566/3566/3566
f 3558/3558/3558 3566/3566/3566 3559/3559/3559
f 3567/3567/3567 3568/3568/3568 3569/3569/3569
f 3567/3567/3567 3569/3569/3569 3570/3570/3570
f 3567/3567/3567 3570/3570/3570 3571/3571/3571
f 3567/3567/3567 3571/3571/3571 3572/3572/3572
f 3567/3567/3567 3572/3572/3572 3522/3522/3522
f 3567/3567/3567 3522/3522/3522 3521/3521/3521
f 3567/3567/3567 3521/3521/3521 3520/3520/3520
f 3567/3567/3567 3520/3520/3520 3568/3568/3568
f 3573/3573/3573 3570/3570/3570 3569/3569/3569
f 3573/3573/3573 3569/3569/3569 3574/3574/3574
f 3573/3573/3573 3574/3574/3574 3566/3566/3566
f 3573/3573/3573 3566/3566/3566 3565/3565/3565
f 3573/3573/3573 3565/3565/3565 3564/3564/3564
f 3573/3573/3573 3564/3564/3564 3575/3575/3575
f 3573/3573/3573 3575/3575/3575 3571/3571/3571
f 3573/3573/3573 3571/3571/3571 3570/3570/3570
f 3576/3576/3576 3555/3555/3555 3554/3554/3554
f 3576/3576/3576 3554/3554/3554 3577/3577/3577
f 3576/3576/3576 3577/3577/3577 3578/3578/3578
f 3576/3576/3576 3578/3578/3578 3579/3579/3579
f 3576/3576/3576 3579/3579/3579 3580/3580/3580
f 3576/3576/3576 3580/3580/3580 3581/3581/3581
f 3576/3576/3576 3581/3581/3581 3556/3556/3556
f 3576/3576/3576 3556/3556/3556 3555/3555/3555
f 3582/3582/3582 3583/3583/3583 3584/3584/3584
f 3582/3582/3582 3584/3584/3584 3585/3585/3585
f 3582/3582/3582 3585/3585/3585 3586/3586/3586
f 3582/3582/3582 3586/3586/3586 3587/3587/3587
f 3582/3582/3582 3587/3587/3587 3564/3564/3564
f 3582/3582/3582 3564/3564/3564 3588/3588/3588
f 3582/3582/3582 3588/3588/3588 3589/3589/3589
f 3582/3582/3582 3589/3589/3589 3583/3583/3583
f 3590/3590/3590 3585/3585/3585 3584/3584/3584
f 3590/3590/3590 3584/3584/3584 3591/3591/3591
f 3590/3590/3590 3591/3591/3591 3592/3592/3592
f 3590/3590/3590 3592/3592/3592 3593/3593/3593
f 3590/3590/3590 3593/3593/3593 3594/3594/3594
f 3590/3590/3590 3594/3594/3594 3595/3595/3595
f 3590/3590/3590 3595/3595/3595 3586/3586/3586
f 3590/3590/3590 3586/3586/3586 3585/3585/3585
f 3596/3596/3596 3597/3597/3597 3598/3598/3598
f 3596/3596/3596 3598/3598/3598 3599/3599/3599
f 3596/3596/3596 3599/3599/3599 3600/3600/3600
f 3596/3596/3596 3600/3600/3600 3601/3601/3601
f 3596/3596/3596 3601/3601/3601 3602/3602/3602
f 3596/3596/3596 3602/3602/3602 3603/3603/3603
f 3596/3596/3596 3603/3603/3603 3604/3604/3604
f 3596/3596/3596 3604/3604/3604 3597/3597/3597
f 3605/3605/3605 3606/3606/3606 3607/3607/3607
f 3605/3605/3605 3607/3607/3607 3608/3608/3608
f 3605/3605/3605 3608/3608/3608 3600/3600/3600
f 3605/3605/3605 3600/3600/3600 3609/3609/3609
f 3605/3605/3605 3609/3609/3609 3580/3580/3580
f 3605/3605/3605 3580/3580/3580 3610/3610/3610
f 3605/3605/3605 3610/3610/3610 3611/3611/3611
f 3605/3605/3605 3611/3611/3611 3606/3606/3606
f 3612/3612/3612 3613/3613/3613 3614/3614/3614
f 3612/3612/3612 3614/3614/3614 3615/3615/3615
f 3612/3612/3612 3615/3615/3615 3571/3571/3571
f 3612/3612/3612 3571/3571/3571 3616/3616/3616
f 3612/3612/3612 3616/3616/3616 3617/3617/3617
f 3612/3612/3612 3617/3617/3617 3618/3618/3618
f 3612/3612/3612 3618/3618/3618 3619/3619/3619
f 3612/3612/3612 3619/3619/3619 3613/3613/3613
f 3620/3620/3620 3621/3621/3621 3622/3622/3622
f 3620/3620/3620 3622/3622/3622 3623/3623/3623
f 3620/3620/3620 3623/3623/3623 3586/3586/3586
f 3620/3620/3620 3586/3586/3586 3601/3601/3601
f 3620/3620/3620 3601/3601/3601 3617/3617/3617
f 3620/3620/3620 3617/3617/3617 3624/3624/3624
f 3620/3620/3620 3624/3624/3624 3625/3625/3625
f 3620/3620/3620 3625/3625/3625 3621/3621/3621
f 3626/3626/3626 3627/3627/3627 3628/3628/3628
f 3626/3626/3626 3628/3628/3628 3629/3629/3629
f 3626/3626/3626 3629/3629/3629 3630/3630/3630
f 3626/3626/3626 3630/3630/3630 3631/3631/3631
f 3626/3626/3626 3631/3631/3631 3632/3632/3632
f 3626/3626/3626 3632/3632/3632 3633/3633/3633
f 3626/3626/3626 3633/3633/3633 3634/3634/3634
f 3626/3626/3626 3634/3634/3634 3627/3627/3627
f 3635/3635/3635 3636/3636/3636 3634/3634/3634
f 3635/3635/3635 3634/3634/3634 3633/3633/3633
f 3635/3635/3635 3633/3633/3633 3632/3632/3632
f 3635/3635/3635 3632/3632/3632 3637/3637/3637
f 3635/3635/3635 3637/3637/3637 3638/3638/3638
f 3635/3635/3635 3638/3638/3638 3639/3639/3639
f 3635/3635/3635 3639/3639/3639 3640/3640/3640
f 3635/3635/3635 3640/3640/3640 3636/3636/3636
f 3641/3641/3641 3631/3631/3631 3630/3630/3630
f 3641/3641/3641 3630/3630/3630 3642/3642/3642
f 3641/3641/3641 3642/3642/3642 3643/3643/3643
f 3641/3641/3641 3643/3643/3643 3644/3644/3644
f 3641/3641/3641 3644/3644/3644 3645/3645/3645
f 3641/3641/3641 3645/3645/3645 3646/3646/3646
f 3641/3641/3641 3646/3646/3646 3632/3632/3632
f 3641/3641/3641 3632/3632/3632 3631/3631/3631
f 3647/3647/3647 3637/3637/3637 3632/3632/3632
f 3647/3647/3647 3632/3632/3632 3646/3646/3646
f 3647/3647/3647 3646/3646/3646 3645/3645/3645
f 3647/3647/3647 3645/3645/3645 3648/3648/3648
f 3647/3647/3647 3648/3648/3648 3649/3649/3649
f 3647/3647/3647 3649/3649/3649 3650/3650/3650
f 3647/3647/3647 3650/3650/3650 3638/3638/3638
f 3647/3647/3647 3638/3638/3638 3637/3637/3637
f 3651/3651/3651 3652/3652/3652 3653/3653/3653
f 3651/3651/3651 3653/3653/3653 3246/3246/3246
f 3651/3651/3651 3246/3246/3246 3654/3654/3654
f 3651/3651/3651 3654/3654/3654 3655/3655/3655
f 3651/3651/3651 3655/3655/3655 3656/3656/3656
f 3651/3651/3651 3656/3656/3656 3657/3657/3657
f 3651/3651/3651 3657/3657/3657 3658/3658/3658
f 3651/3651/3651 3658/3658/3658 3652/3652/3652
f 3659/3659/3659 3660/3660/3660 3658/3658/3658
f 3659/3659/3659 3658/3658/3658 3657/3657/3657
f 3659/3659/3659 3657/3657/3657 3656/3656/3656
f 3659/3659/3659 3656/3656/3656 3661/3661/3661
f 3659/3659/3659 3661/3661/3661 3662/3662/3662
f 3659/3659/3659 3662/3662/3662 3663/3663/3663
f 3659/3659/3659 3663/3663/3663 3664/3664/3664
f 3659/3659/3659 3664/3664/3664 3660/3660/3660
f 3665/3665/3665 3666/3666/3666 3667/3667/3667
f 3665/3665/3665 3667/3667/3667 3252/3252/3252
f 3665/3665/3665 3252/3252/3252 3668/3668/3668
f 3665/3665/3665 3668/3668/3668 3669/3669/3669
f 3665/3665/3665 3669/3669/3669 3670/3670/3670
f 3665/3665/3665 3670/3670/3670 3671/3671/3671
f 3665/3665/3665 3671/3671/3671 3672/3672/3672
f 3665/3665/3665 3672/3672/3672 3666/3666/3666
f 3673/3673/3673 3674/3674/3674 3672/3672/3672
f 3673/3673/3673 3672/3672/3672 3671/3671/3671
f 3673/3673/3673 3671/3671/3671 3670/3670/3670
f 3673/3673/3673 3670/3670/3670 3675/3675/3675
f 3673/3673/3673 3675/3675/3675 3676/3676/3676
f 3673/3673/3673 3676/3676/3676 3677/3677/3677
f 3673/3673/3673 3677/3677/3677 3678/3678/3678
f 3673/3673/3673 3678/3678/3678 3674/3674/3674
f 3679/3679/3679 3680/3680/3680 2403/2403/2403
f 3679/3679/3679 2403/2403/2403 3681/3681/3681
f 3679/3679/3679 3681/3681/3681 3682/3682/3682
f 3679/3679/3679 3682/3682/3682 3683/3683/3683
f 3679/3679/3679 3683/3683/3683 3684/3684/3684
f 3679/3679/3679 3684/3684/3684 3685/3685/3685
f 3679/3679/3679 3685/3685/3685 3686/3686/3686
f 3679/3679/3679 3686/3686/3686 3680/3680/3680
f 3687/3687/3687 3688/3688/3688 3686/3686/3686
f 3687/3687/3687 3686/3686/3686 3685/3685/3685
f 3687/3687/3687 3685/3685/3685 3684/3684/3684
f 3687/3687/3687 3684/3684/3684 3689/3689/3689
f 3687/3687/3687 3689/3689/3689 3690/3690/3690
f 3687/3687/3687 3690/3690/3690 3691/3691/3691
f 3687/3687/3687 3691/3691/3691 3692/3692/3692
f 3687/3687/3687 3692/3692/3692 3688/3688/3688
f 3693/3693/3693 3694/3694/3694 2416/2416/2416
f 3693/3693/3693 2416/2416/2416 3695/3695/3695
f 3693/3693/3693 3695/3695/3695 3696/3696/3696
f 3693/3693/3693 3696/3696/3696 3697/3697/3697
f 3693/3693/3693 3697/3697/3697 3698/3698/3698
f 3693/3693/3693 3698/3698/3698 3699/3699/3699
f 3693/3693/3693 3699/3699/3699 3700/3700/3700
f 3693/3693/3693 3700/3700/3700 3694/3694/3694
f 3701/3701/3701 3702/3702/3702 3700/3700/3700
f 3701/3701/3701 3700/3700/3700 3699/3699/3699
f 3701/3701/3701 3699/3699/3699 3698/3698/3698
f 3701/3701/3701 3698/3698/3698 3703/3703/3703
f 3701/3701/3701 3703/3703/3703 3704/3704/3704
f 3701/3701/3701 3704/3704/3704 3705/3705/3705
f 3701/3701/3701 3705/3705/3705 3706/3706/3706
f 3701/3701/3701 3706/3706/3706 3702/3702/3702
f 3707/3707/3707 3708/3708/3708 3709/3709/3709
f 3707/3707/3707 3709/3709/3709 3710/3710/3710
f 3707/3707/3707 3710/3710/3710 2434/2434/2434
f 3707/3707/3707 2434/2434/2434 3711/3711/3711
f 3707/3707/3707 3711/3711/3711 3712/3712/3712
f 3707/3707/3707 3712/3712/3712 3713/3713/3713
f 3707/3707/3707 3713/3713/3713 3714/3714/3714
f 3707/3707/3707 3714/3714/3714 3708/3708/3708
f 3715/3715/3715 3716/3716/3716 3714/3714/3714
f 3715/3715/3715 3714/3714/3714 3713/3713/3713
f 3715/3715/3715 3713/3713/3713 3712/3712/3712
f 3715/3715/3715 3712/3712/3712 3717/3717/3717
f 3715/3715/3715 3717/3717/3717 3718/3718/3718
f 3715/3715/3715 3718/3718/3718 3719/3719/3719
f 3715/3715/3715 3719/3719/3719 3720/3720/3720
f 3715/3715/3715 3720/3720/3720 3716/3716/3716
f 3721/3721/3721 3722/3722/3722 2446/2446/2446
f 3721/3721/3721 2446/2446/2446 3723/3723/3723
f 3721/3721/3721 3723/3723/3723 3724/3724/3724
f 3721/3721/3721 3724/3724/3724 3725/3725/3725
f 3721/3721/3721 3725/3725/3725 3726/3726/3726
f 3721/3721/3721 3726/3726/3726 3727/3727/3727
f 3721/3721/3721 3727/3727/3727 3728/3728/3728
f 3721/3721/3721 3728/3728/3728 3722/3722/3722
f 3729/3729/3729 3730/3730/3730 3728/3728/3728
f 3729/3729/3729 3728/3728/3728 3727/3727/3727
f 3729/3729/3729 3727/3727/3727 3726/3726/3726
f 3729/3729/3729 3726/3726/3726 3731/3731/3731
f 3729/3729/3729 3731/3731/3731 3732/3732/3732
f 3729/3729/3729 3732/3732/3732 3733/3733/3733
f 3729/3729/3729 3733/3733/3733 3734/3734/3734
f 3729/3729/3729 3734/3734/3734 3730/3730/3730
f 3735/3735/3735 3736/3736/3736 3737/3737/3737
f 3735/3735/3735 3737/3737/3737 3738/3738/3738
f 3735/3735/3735 3738/3738/3738 2464/2464/2464
f 3735/3735/3735 2464/2464/2464 3739/3739/3739
f 3735/3735/3735 3739/3739/3739 3740/3740/3740
f 3735/3735/3735 3740/3740/3740 3741/3741/3741
f 3735/3735/3735 3741/3741/3741 3742/3742/3742
f 3735/3735/3735 3742/3742/3742 3736/3736/3736
f 3743/3743/3743 3744/3744/3744 3742/3742/3742
f 3743/3743/3743 3742/3742/3742 3741/3741/3741
f 3743/3743/3743 3741/3741/3741 3740/3740/3740
f 3743/3743/3743 3740/3740/3740 3745/3745/3745
f 3743/3743/3743 3745/3745/3745 3746/3746/3746
f 3743/3743/3743 3746/3746/3746 3747/3747/3747
f 3743/3743/3743 3747/3747/3747 3748/3748/3748
f 3743/3743/3743 3748/3748/3748 3744/3744/3744
f 3749/3749/3749 3750/3750/3750 3751/3751/3751
f 3749/3749/3749 3751/3751/3751 3752/3752/3752
f 3749/3749/3749 3752/3752/3752 2495/2495/2495
f 3749/3749/3749 2495/2495/2495 3753/3753/3753
f 3749/3749/3749 3753/3753/3753 3754/3754/3754
f 3749/3749/3749 3754/3754/3754 3755/3755/3755
f 3749/3749/3749 3755/3755/3755 3756/3756/3756
f 3749/3749/3749 3756/3756/3756 3750/3750/3750
f 3757/3757/3757 3758/3758/3758 3756/3756/3756
f 3757/3757/3757 3756/3756/3756 3755/3755/3755
f 3757/3757/3757 3755/3755/3755 3754/3754/3754
f 3757/3757/3757 3754/3754/3754 3759/3759/3759
f 3757/3757/3757 3759/3759/3759 3760/3760/3760
f 3757/3757/3757 3760/3760/3760 3761/3761/3761
f 3757/3757/3757 3761/3761/3761 3762/3762/3762
f 3757/3757/3757 3762/3762/3762 3758/3758/3758
f 3763/3763/3763 3764/3764/3764 3765/3765/3765
f 3763/3763/3763 3765/3765/3765 3766/3766/3766
f 3763/3763/3763 3766/3766/3766 2504/2504/2504
f 3763/3763/3763 2504/2504/2504 3767/3767/3767
f 3763/3763/3763 3767/3767/3767 3768/3768/3768
f 3763/3763/3763 3768/3768/3768 3769/3769/3769
f 3763/3763/3763 3769/3769/3769 3770/3770/3770
f 3763/3763/3763 3770/3770/3770 3764/3764/3764
f 3771/3771/3771 3772/3772/3772 3770/3770/3770
f 3771/3771/3771 3770/3770/3770 3769/3769/3769
f 3771/3771/3771 3769/3769/3769 3768/3768/3768
f 3771/3771/3771 3768/3768/3768 3773/3773/3773
f 3771/3771/3771 3773/3773/3773 3774/3774/3774
f 3771/3771/3771 3774/3774/3774 3775/3775/3775
f 3771/3771/3771 3775/3775/3775 3776/3776/3776
f 3771/3771/3771 3776/3776/3776 3772/3772/3772
f 3777/3777/3777 3778/3778/3778 2656/2656/2656
f 3777/3777/3777 2656/2656/2656 3779/3779/3779
f 3777/3777/3777 3779/3779/3779 3780/3780/3780
f 3777/3777/3777 3780/3780/3780 3781/3781/3781
f 3777/3777/3777 3781/3781/3781 3782/3782/3782
f 3777/3777/3777 3782/3782/3782 3783/3783/3783
f 3777/3777/3777 3783/3783/3783 3784/3784/3784
f 3777/3777/3777 3784/3784/3784 3778/3778/3778
f 3785/3785/3785 3786/3786/3786 3784/3784/3784
f 3785/3785/3785 3784/3784/3784 3783/3783/3783
f 3785/3785/3785 3783/3783/3783 3782/3782/3782
f 3785/3785/3785 3782/3782/3782 3787/3787/3787
f 3785/3785/3785 3787/3787/3787 3788/3788/3788
f 3785/3785/3785 3788/3788/3788 3789/3789/3789
f 3785/3785/3785 3789/3789/3789 3790/3790/3790
f 3785/3785/3785 3790/3790/3790 3786/3786/3786
f 3791/3791/3791 3792/3792/3792 3793/3793/3793
f 3791/3791/3791 3793/3793/3793 3794/3794/3794
f 3791/3791/3791 3794/3794/3794 2704/2704/2704
f 3791/3791/3791 2704/2704/2704 3795/3795/3795
f 3791/3791/3791 3795/3795/3795 3796/3796/3796
f 3791/3791/3791 3796/3796/3796 3797/3797/3797
f 3791/3791/3791 3797/3797/3797 3798/3798/3798
f 3791/3791/3791 3798/3798/3798 3792/3792/3792
f 3799/3799/3799 3800/3800/3800 3798/3798/3798
f 3799/3799/3799 3798/3798/3798 3797/3797/3797
f 3799/3799/3799 3797/3797/3797 3796/3796/3796
f 3799/3799/3799 3796/3796/3796 3801/3801/3801
f 3799/3799/3799 3801/3801/3801 3802/3802/3802
f 3799/3799/3799 3802/3802/3802 3803/3803/3803
f 3799/3799/3799 3803/3803/3803 3804/3804/3804
f 3799/3799/3799 3804/3804/3804 3800/3800/3800
f 3805/3805/3805 3806/3806/3806 2728/2728/2728
f 3805/3805/3805 2728/2728/2728 3807/3807/3807
f 3805/3805/3805 3807/3807/3807 3808/3808/3808
f 3805/3805/3805 3808/3808/3808 3809/3809/3809
f 3805/3805/3805 3809/3809/3809 3810/3810/3810
f 3805/3805/3805 3810/3810/3810 3811/3811/3811
f 3805/3805/3805 3811/3811/3811 3812/3812/3812
f 3805/3805/3805 3812/3812/3812 3806/3806/3806
f 3813/3813/3813 3814/3814/3814 3812/3812/3812
f 3813/3813/3813 3812/3812/3812 3811/3811/3811
f 3813/3813/3813 3811/3811/3811 3810/3810/3810
f 3813/3813/3813 3810/3810/3810 3815/3815/3815
f 3813/3813/3813 3815/3815/3815 3816/3816/3816
f 3813/3813/3813 3816/3816/3816 3817/3817/3817
f 3813/3813/3813 3817/3817/3817 3818/3818/3818
f 3813/3813/3813 3818/3818/3818 3814/3814/3814
f 3819/3819/3819 3820/3820/3820 2741/2741/2741
f 3819/3819/3819 2741/2741/2741 3821/3821/3821
f 3819/3819/3819 3821/3821/3821 3822/3822/3822
f 3819/3819/3819 3822/3822/3822 3823/3823/3823
f 3819/3819/3819 3823/3823/3823 3824/3824/3824
f 3819/3819/3819 3824/3824/3824 3825/3825/3825
f 3819/3819/3819 3825/3825/3825 3826/3826/3826
f 3819/3819/3819 3826/3826/3826 3820/3820/3820
f 3827/3827/3827 3828/3828/3828 3826/3826/3826
f 3827/3827/3827 3826/3826/3826 3825/3825/3825
f 3827/3827/3827 3825/3825/3825 3824/3824/3824
f 3827/3827/3827 3824/3824/3824 3829/3829/3829
f 3827/3827/3827 3829/3829/3829 3830/3830/3830
f 3827/3827/3827 3830/3830/3830 3831/3831/3831
f 3827/3827/3827 3831/3831/3831 3832/3832/3832
f 3827/3827/3827 3832/3832/3832 3828/3828/3828
f 3833/3833/3833 3834/3834/3834 2753/2753/2753
f 3833/3833/3833 2753/2753/2753 3835/3835/3835
f 3833/3833/3833 3835/3835/3835 3836/3836/3836
f 3833/3833/3833 3836/3836/3836 3837/3837/3837
f 3833/3833/3833 3837/3837/3837 3838/3838/3838
f 3833/3833/3833 3838/3838/3838 3839/3839/3839
f 3833/3833/3833 3839/3839/3839 3840/3840/3840
f 3833/3833/3833 3840/3840/3840 3834/3834/3834
f 3841/3841/3841 3842/3842/3842 3840/3840/3840
f 3841/3841/3841 3840/3840/3840 3839/3839/3839
f 3841/3841/3841 3839/3839/3839 3838/3838/3838
f 3841/3841/3841 3838/3838/3838 3843/3843/3843
f 3841/3841/3841 3843/3843/3843 3844/3844/3844
f 3841/3841/3841 3844/3844/3844 3845/3845/3845
f 3841/3841/3841 3845/3845/3845 3846/3846/3846
f 3841/3841/3841 3846/3846/3846 3842/3842/3842
f 3847/3847/3847 3848/3848/3848 2716/2716/2716
f 3847/3847/3847 2716/2716/2716 3849/3849/3849
f 3847/3847/3847 3849/3849/3849 3850/3850/3850
f 3847/3847/3847 3850/3850/3850 3851/3851/3851
f 3847/3847/3847 3851/3851/3851 3852/3852/3852
f 3847/3847/3847 3852/3852/3852 3853/3853/3853
f 3847/3847/3847 3853/3853/3853 3854/3854/3854
f 3847/3847/3847 3854/3854/3854 3848/3848/3848
f 3855/3855/3855 3856/3856/3856 3854/3854/3854
f 3855/3855/3855 3854/3854/3854 3853/3853/3853
f 3855/3855/3855 3853/3853/3853 3852/3852/3852
f 3855/3855/3855 3852/3852/3852 3857/3857/3857
f 3855/3855/3855 3857/3857/3857 3858/3858/3858
f 3855/3855/3855 3858/3858/3858 3859/3859/3859
f 3855/3855/3855 3859/3859/3859 3860/3860/3860
f 3855/3855/3855 3860/3860/3860 3856/3856/3856
f 3861/3861/3861 3862/3862/3862 3863/3863/3863
f 3861/3861/3861 3863/3863/3863 3864/3864/3864
f 3861/3861/3861 3864/3864/3864 2674/2674/2674
f 3861/3861/3861 2674/2674/2674 3865/3865/3865
f 3861/3861/3861 3865/3865/3865 3866/3866/3866
f 3861/3861/3861 3866/3866/3866 3867/3867/3867
f 3861/3861/3861 3867/3867/3867 3868/3868/3868
f 3861/3861/3861 3868/3868/3868 3862/3862/3862
f 3869/3869/3869 3870/3870/3870 3868/3868/3868
f 3869/3869/3869 3868/3868/3868 3867/3867/3867
f 3869/3869/3869 3867/3867/3867 3866/3866/3866
f 3869/3869/3869 3866/3866/3866 3871/3871/3871
f 3869/3869/3869 3871/3871/3871 3872/3872/3872
f 3869/3869/3869 3872/3872/3872 3873/3873/3873
f 3869/3869/3869 3873/3873/3873 3874/3874/3874
f 3869/3869/3869 3874/3874/3874 3870/3870/3870
f 3875/3875/3875 3876/3876/3876 3877/3877/3877
f 3875/3875/3875 3877/3877/3877 3878/3878/3878
f 3875/3875/3875 3878/3878/3878 2646/2646/2646
f 3875/3875/3875 2646/2646/2646 3879/3879/3879
f 3875/3875/3875 3879/3879/3879 3880/3880/3880
f 3875/3875/3875 3880/3880/3880 3881/3881/3881
f 3875/3875/3875 3881/3881/3881 3882/3882/3882
f 3875/3875/3875 3882/3882/3882 3876/3876/3876
f 3883/3883/3883 3884/3884/3884 3882/3882/3882
f 3883/3883/3883 3882/3882/3882 3881/3881/3881
f 3883/3883/3883 3881/3881/3881 3880/3880/3880
f 3883/3883/3883 3880/3880/3880 3885/3885/3885
f 3883/3883/3883 3885/3885/3885 3886/3886/3886
f 3883/3883/3883 3886/3886/3886 3887/3887/3887
f 3883/3883/3883 3887/3887/3887 3888/3888/3888
f 3883/3883/3883 3888/3888/3888 3884/3884/3884
f 3889/3889/3889 3890/3890/3890 2476/2476/2476
f 3889/3889/3889 2476/2476/2476 3891/3891/3891
f 3889/3889/3889 3891/3891/3891 3892/3892/3892
f 3889/3889/3889 3892/3892/3892 3893/3893/3893
f 3889/3889/3889 3893/3893/3893 3894/3894/3894
f 3889/3889/3889 3894/3894/3894 3895/3895/3895
f 3889/3889/3889 3895/3895/3895 3896/3896/3896
f 3889/3889/3889 3896/3896/3896 3890/3890/3890
f 3897/3897/3897 3898/3898/3898 3896/3896/3896
f 3897/3897/3897 3896/3896/3896 3895/3895/3895
f 3897/3897/3897 3895/3895/3895 3894/3894/3894
f 3897/3897/3897 3894/3894/3894 3899/3899/3899
f 3897/3897/3897 3899/3899/3899 3900/3900/3900
f 3897/3897/3897 3900/3900/3900 3901/3901/3901
f 3897/3897/3897 3901/3901/3901 3902/3902/3902
f 3897/3897/3897 3902/3902/3902 3898/3898/3898
f 3903/3903/3903 3904/3904/3904 3905/3905/3905
f 3903/3903/3903 3905/3905/3905 3906/3906/3906
f 3903/3903/3903 3906/3906/3906 2624/2624/2624
f 3903/3903/3903 2624/2624/2624 3907/3907/3907
f 3903/3903/3903 3907/3907/3907 3908/3908/3908
f 3903/3903/3903 3908/3908/3908 3909/3909/3909
f 3903/3903/3903 3909/3909/3909 3910/3910/3910
f 3903/3903/3903 3910/3910/3910 3904/3904/3904
f 3911/3911/3911 3912/3912/3912 3910/3910/3910
f 3911/3911/3911 3910/3910/3910 3909/3909/3909
f 3911/3911/3911 3909/3909/3909 3908/3908/3908
f 3911/3911/3911 3908/3908/3908 3913/3913/3913
f 3911/3911/3911 3913/3913/3913 3914/3914/3914
f 3911/3911/3911 3914/3914/3914 3915/3915/3915
f 3911/3911/3911 3915/3915/3915 3916/3916/3916
f 3911/3911/3911 3916/3916/3916 3912/3912/3912
f 3917/3917/3917 3918/3918/3918 3919/3919/3919
f 3917/3917/3917 3919/3919/3919 3920/3920/3920
f 3917/3917/3917 3920/3920/3920 2847/2847/2847
f 3917/3917/3917 2847/2847/2847 3921/3921/3921
f 3917/3917/3917 3921/3921/3921 3922/3922/3922
f 3917/3917/3917 3922/3922/3922 3923/3923/3923
f 3917/3917/3917 3923/3923/3923 3924/3924/3924
f 3917/3917/3917 3924/3924/3924 3918/3918/3918
f 3925/3925/3925 3926/3926/3926 3924/3924/3924
f 3925/3925/3925 3924/3924/3924 3923/3923/3923
f 3925/3925/3925 3923/3923/3923 3922/3922/3922
f 3925/3925/3925 3922/3922/3922 3927/3927/3927
f 3925/3925/3925 3927/3927/3927 3928/3928/3928
f 3925/3925/3925 3928/3928/3928 3929/3929/3929
f 3925/3925/3925 3929/3929/3929 3930/3930/3930
f 3925/3925/3925 3930/3930/3930 3926/3926/3926
f 3931/3931/3931 3932/3932/3932 3933/3933/3933
f 3931/3931/3931 3933/3933/3933 3934/3934/3934
f 3931/3931/3931 3934/3934/3934 3935/3935/3935
f 3931/3931/3931 3935/3935/3935 3936/3936/3936
f 3931/3931/3931 3936/3936/3936 3937/3937/3937
f 3931/3931/3931 3937/3937/3937 3938/3938/3938
f 3931/3931/3931 3938/3938/3938 3939/3939/3939
f 3931/3931/3931 3939/3939/3939 3932/3932/3932
f 3940/3940/3940 3941/3941/3941 3939/3939/3939
f 3940/3940/3940 3939/3939/3939 3938/3938/3938
f 3940/3940/3940 3938/3938/3938 3937/3937/3937
f 3940/3940/3940 3937/3937/3937 3942/3942/3942
f 3940/3940/3940 3942/3942/3942 3943/3943/3943
f 3940/3940/3940 3943/3943/3943 3944/3944/3944
f 3940/3940/3940 3944/3944/3944 3928/3928/3928
f 3940/3940/3940 3928/3928/3928 3941/3941/3941
f 3945/3945/3945 3644/3644/3644 3643/3643/3643
f 3945/3945/3945 3643/3643/3643 3946/3946/3946
f 3945/3945/3945 3946/3946/3946 3919/3919/3919
f 3945/3945/3945 3919/3919/3919 3947/3947/3947
f 3945/3945/3945 3947/3947/3947 3948/3948/3948
f 3945/3945/3945 3948/3948/3948 3949/3949/3949
f 3945/3945/3945 3949/3949/3949 3645/3645/3645
f 3945/3945/3945 3645/3645/3645 3644/3644/3644
f 3950/3950/3950 3648/3648/3648 3645/3645/3645
f 3950/3950/3950 3645/3645/3645 3949/3949/3949
f 3950/3950/3950 3949/3949/3949 3948/3948/3948
f 3950/3950/3950 3948/3948/3948 3951/3951/3951
f 3950/3950/3950 3951/3951/3951 3952/3952/3952
f 3950/3950/3950 3952/3952/3952 3953/3953/3953
f 3950/3950/3950 3953/3953/3953 3649/3649/3649
f 3950/3950/3950 3649/3649/3649 3648/3648/3648
f 3954/3954/3954 3936/3936/3936 3935/3935/3935
f 3954/3954/3954 3935/3935/3935 3955/3955/3955
f 3954/3954/3954 3955/3955/3955 3956/3956/3956
f 3954/3954/3954 3956/3956/3956 3957/3957/3957
f 3954/3954/3954 3957/3957/3957 3958/3958/3958
f 3954/3954/3954 3958/3958/3958 3959/3959/3959
f 3954/3954/3954 3959/3959/3959 3937/3937/3937
f 3954/3954/3954 3937/3937/3937 3936/3936/3936
f 3960/3960/3960 3942/3942/3942 3937/3937/3937
f 3960/3960/3960 3937/3937/3937 3959/3959/3959
f 3960/3960/3960 3959/3959/3959 3958/3958/3958
f 3960/3960/3960 3958/3958/3958 3961/3961/3961
f 3960/3960/3960 3961/3961/3961 3962/3962/3962
f 3960/3960/3960 3962/3962/3962 3963/3963/3963
f 3960/3960/3960 3963/3963/3963 3943/3943/3943
f 3960/3960/3960 3943/3943/3943 3942/3942/3942
f 3964/3964/3964 3957/3957/3957 3956/3956/3956
f 3964/3964/3964 3956/3956/3956 3965/3965/3965
f 3964/3964/3964 3965/3965/3965 3966/3966/3966
f 3964/3964/3964 3966/3966/3966 3967/3967/3967
f 3964/3964/3964 3967/3967/3967 3968/3968/3968
f 3964/3964/3964 3968/3968/3968 3969/3969/3969
f 3964/3964/3964 3969/3969/3969 3958/3958/3958
f 3964/3964/3964 3958/3958/3958 3957/3957/3957
f 3970/3970/3970 3961/3961/3961 3958/3958/3958
f 3970/3970/3970 3958/3958/3958 3969/3969/3969
f 3970/3970/3970 3969/3969/3969 3968/3968/3968
f 3970/3970/3970 3968/3968/3968 3971/3971/3971
f 3970/3970/3970 3971/3971/3971 3972/3972/3972
f 3970/3970/3970 3972/3972/3972 3973/3973/3973
f 3970/3970/3970 3973/3973/3973 3962/3962/3962
f 3970/3970/3970 3962/3962/3962 3961/3961/3961
f 3974/3974/3974 3975/3975/3975 3976/3976/3976
f 3974/3974/3974 3976/3976/3976 3977/3977/3977
f 3974/3974/3974 3977/3977/3977 3978/3978/3978
f 3974/3974/3974 3978/3978/3978 3979/3979/3979
f 3974/3974/3974 3979/3979/3979 3980/3980/3980
f 3974/3974/3974 3980/3980/3980 3981/3981/3981
f 3974/3974/3974 3981/3981/3981 3982/3982/3982
f 3974/3974/3974 3982/3982/3982 3975/3975/3975
f 3983/3983/3983 3984/3984/3984 3982/3982/3982
f 3983/3983/3983 3982/3982/3982 3981/3981/3981
f 3983/3983/3983 3981/3981/3981 3980/3980/3980
f 3983/3983/3983 3980/3980/3980 3985/3985/3985
f 3983/3983/3983 3985/3985/3985 3986/3986/3986
f 3983/3983/3983 3986/3986/3986 3987/3987/3987
f 3983/3983/3983 3987/3987/3987 3988/3988/3988
f 3983/3983/3983 3988/3988/3988 3984/3984/3984
f 3989/3989/3989 3990/3990/3990 3991/3991/3991
f 3989/3989/3989 3991/3991/3991 2810/2810/2810
f 3989/3989/3989 2810/2810/2810 3992/3992/3992
f 3989/3989/3989 3992/3992/3992 3993/3993/3993
f 3989/3989/3989 3993/3993/3993 3994/3994/3994
f 3989/3989/3989 3994/3994/3994 3995/3995/3995
f 3989/3989/3989 3995/3995/3995 3996/3996/3996
f 3989/3989/3989 3996/3996/3996 3990/3990/3990
f 3997/3997/3997 3998/3998/3998 3996/3996/3996
f 3997/3997/3997 3996/3996/3996 3995/3995/3995
f 3997/3997/3997 3995/3995/3995 3994/3994/3994
f 3997/3997/3997 3994/3994/3994 3999/3999/3999
f 3997/3997/3997 3999/3999/3999 4000/4000/4000
f 3997/3997/3997 4000/4000/4000 4001/4001/4001
f 3997/3997/3997 4001/4001/4001 4002/4002/4002
f 3997/3997/3997 4002/4002/4002 3998/3998/3998
f 4003/4003/4003 3979/3979/3979 3978/3978/3978
f 4003/4003/4003 3978/3978/3978 4004/4004/4004
f 4003/4003/4003 4004/4004/4004 4005/4005/4005
f 4003/4003/4003 4005/4005/4005 4006/4006/4006
f 4003/4003/4003 4006/4006/4006 4007/4007/4007
f 4003/4003/4003 4007/4007/4007 4008/4008/4008
f 4003/4003/4003 4008/4008/4008 3980/3980/3980
f 4003/4003/4003 3980/3980/3980 3979/3979/3979
f 4009/4009/4009 3985/3985/3985 3980/3980/3980
f 4009/4009/4009 3980/3980/3980 4008/4008/4008
f 4009/4009/4009 4008/4008/4008 4007/4007/4007
f 4009/4009/4009 4007/4007/4007 4010/4010/4010
f 4009/4009/4009 4010/4010/4010 4011/4011/4011
f 4009/4009/4009 4011/4011/4011 4012/4012/4012
f 4009/4009/4009 4012/4012/4012 3986/3986/3986
f 4009/4009/4009 3986/3986/3986 3985/3985/3985
f 4013/4013/4013 4014/4014/4014 4015/4015/4015
f 4013/4013/4013 4015/4015/4015 4016/4016/4016
f 4013/4013/4013 4016/4016/4016 2689/2689/2689
f 4013/4013/4013 2689/2689/2689 4017/4017/4017
f 4013/4013/4013 4017/4017/4017 4018/4018/4018
f 4013/4013/4013 4018/4018/4018 4019/4019/4019
f 4013/4013/4013 4019/4019/4019 4020/4020/4020
f 4013/4013/4013 4020/4020/4020 4014/4014/4014
f 4021/4021/4021 4022/4022/4022 4020/4020/4020
f 4021/4021/4021 4020/4020/4020 4019/4019/4019
f 4021/4021/4021 4019/4019/4019 4018/4018/4018
f 4021/4021/4021 4018/4018/4018 4023/4023/4023
f 4021/4021/4021 4023/4023/4023 4024/4024/4024
f 4021/4021/4021 4024/4024/4024 4025/4025/4025
f 4021/4021/4021 4025/4025/4025 4026/4026/4026
f 4021/4021/4021 4026/4026/4026 4022/4022/4022
f 4027/4027/4027 4028/4028/4028 2488/2488/2488
f 4027/4027/4027 2488/2488/2488 4029/4029/4029
f 4027/4027/4027 4029/4029/4029 4030/4030/4030
f 4027/4027/4027 4030/4030/4030 4031/4031/4031
f 4027/4027/4027 4031/4031/4031 4032/4032/4032
f 4027/4027/4027 4032/4032/4032 4033/4033/4033
f 4027/4027/4027 4033/4033/4033 4034/4034/4034
f 4027/4027/4027 4034/4034/4034 4028/4028/4028
f 4035/4035/4035 4036/4036/4036 4034/4034/4034
f 4035/4035/4035 4034/4034/4034 4033/4033/4033
f 4035/4035/4035 4033/4033/4033 4032/4032/4032
f 4035/4035/4035 4032/4032/4032 4037/4037/4037
f 4035/4035/4035 4037/4037/4037 4038/4038/4038
f 4035/4035/4035 4038/4038/4038 4039/4039/4039
f 4035/4035/4035 4039/4039/4039 4040/4040/4040
f 4035/4035/4035 4040/4040/4040 4036/4036/4036
f 4041/4041/4041 4042/4042/4042 2608/2608/2608
f 4041/4041/4041 2608/2608/2608 4043/4043/4043
f 4041/4041/4041 4043/4043/4043 4044/4044/4044
f 4041/4041/4041 4044/4044/4044 4045/4045/4045
f 4041/4041/4041 4045/4045/4045 4046/4046/4046
f 4041/4041/4041 4046/4046/4046 4047/4047/4047
f 4041/4041/4041 4047/4047/4047 4048/4048/4048
f 4041/4041/4041 4048/4048/4048 4042/4042/4042
f 4049/4049/4049 4050/4050/4050 4048/4048/4048
f 4049/4049/4049 4048/4048/4048 4047/4047/4047
f 4049/4049/4049 4047/4047/4047 4046/4046/4046
f 4049/4049/4049 4046/4046/4046 4051/4051/4051
f 4049/4049/4049 4051/4051/4051 4052/4052/4052
f 4049/4049/4049 4052/4052/4052 4053/4053/4053
f 4049/4049/4049 4053/4053/4053 4054/4054/4054
f 4049/4049/4049 4054/4054/4054 4050/4050/4050
f 4055/4055/4055 4056/4056/4056 4057/4057/4057
f 4055/4055/4055 4057/4057/4057 4058/4058/4058
f 4055/4055/4055 4058/4058/4058 2559/2559/2559
f 4055/4055/4055 2559/2559/2559 4059/4059/4059
f 4055/4055/4055 4059/4059/4059 4060/4060/4060
f 4055/4055/4055 4060/4060/4060 4061/4061/4061
f 4055/4055/4055 4061/4061/4061 4062/4062/4062
f 4055/4055/4055 4062/4062/4062 4056/4056/4056
f 4063/4063/4063 4064/4064/4064 4062/4062/4062
f 4063/4063/4063 4062/4062/4062 4061/4061/4061
f 4063/4063/4063 4061/4061/4061 4060/4060/4060
f 4063/4063/4063 4060/4060/4060 4065/4065/4065
f 4063/4063/4063 4065/4065/4065 4066/4066/4066
f 4063/4063/4063 4066/4066/4066 4067/4067/4067
f 4063/4063/4063 4067/4067/4067 4068/4068/4068
f 4063/4063/4063 4068/4068/4068 4064/4064/4064
f 4069/4069/4069 4070/4070/4070 2598/2598/2598
f 4069/4069/4069 2598/2598/2598 4071/4071/4071
f 4069/4069/4069 4071/4071/4071 4072/4072/4072
f 4069/4069/4069 4072/4072/4072 4073/4073/4073
f 4069/4069/4069 4073/4073/4073 4074/4074/4074
f 4069/4069/4069 4074/4074/4074 4075/4075/4075
f 4069/4069/4069 4075/4075/4075 4076/4076/4076
f 4069/4069/4069 4076/4076/4076 4070/4070/4070
f 4077/4077/4077 4078/4078/4078 4076/4076/4076
f 4077/4077/4077 4076/4076/4076 4075/4075/4075
f 4077/4077/4077 4075/4075/4075 4074/4074/4074
f 4077/4077/4077 4074/4074/4074 4079/4079/4079
f 4077/4077/4077 4079/4079/4079 4080/4080/4080
f 4077/4077/4077 4080/4080/4080 4081/4081/4081
f 4077/4077/4077 4081/4081/4081 4082/4082/4082
f 4077/4077/4077 4082/4082/4082 4078/4078/4078
f 4083/4083/4083 4084/4084/4084 2571/2571/2571
f 4083/4083/4083 2571/2571/2571 4085/4085/4085
f 4083/4083/4083 4085/4085/4085 4086/4086/4086
f 4083/4083/4083 4086/4086/4086 4087/4087/4087
f 4083/4083/4083 4087/4087/4087 4088/4088/4088
f 4083/4083/4083 4088/4088/4088 4089/4089/4089
f 4083/4083/4083 4089/4089/4089 4090/4090/4090
f 4083/4083/4083 4090/4090/4090 4084/4084/4084
f 4091/4091/4091 4092/4092/4092 4090/4090/4090
f 4091/4091/4091 4090/4090/4090 4089/4089/4089
f 4091/4091/4091 4089/4089/4089 4088/4088/4088
f 4091/4091/4091 4088/4088/4088 4093/4093/4093
f 4091/4091/4091 4093/4093/4093 4094/4094/4094
f 4091/4091/4091 4094/4094/4094 4095/4095/4095
f 4091/4091/4091 4095/4095/4095 4096/4096/4096
f 4091/4091/4091 4096/4096/4096 4092/4092/4092
f 4097/4097/4097 4098/4098/4098 2586/2586/2586
f 4097/4097/4097 2586/2586/2586 4099/4099/4099
f 4097/4097/4097 4099/4099/4099 4100/4100/4100
f 4097/4097/4097 4100/4100/4100 4101/4101/4101
f 4097/4097/4097 4101/4101/4101 4102/4102/4102
f 4097/4097/4097 4102/4102/4102 4103/4103/4103
f 4097/4097/4097 4103/4103/4103 4104/4104/4104
f 4097/4097/4097 4104/4104/4104 4098/4098/4098
f 4105/4105/4105 4106/4106/4106 4104/4104/4104
f 4105/4105/4105 4104/4104/4104 4103/4103/4103
f 4105/4105/4105 4103/4103/4103 4102/4102/4102
f 4105/4105/4105 4102/4102/4102 4107/4107/4107
f 4105/4105/4105 4107/4107/4107 4108/4108/4108
f 4105/4105/4105 4108/4108/4108 4109/4109/4109
f 4105/4105/4105 4109/4109/4109 4110/4110/4110
f 4105/4105/4105 4110/4110/4110 4106/4106/4106
f 4111/4111/4111 4112/4112/4112 2633/2633/2633
f 4111/4111/4111 2633/2633/2633 4113/4113/4113
f 4111/4111/4111 4113/4113/4113 4114/4114/4114
f 4111/4111/4111 4114/4114/4114 4115/4115/4115
f 4111/4111/4111 4115/4115/4115 4116/4116/4116
f 4111/4111/4111 4116/4116/4116 4117/4117/4117
f 4111/4111/4111 4117/4117/4117 4118/4118/4118
f 4111/4111/4111 4118/4118/4118 4112/4112/4112
f 4119/4119/4119 4120/4120/4120 4118/4118/4118
f 4119/4119/4119 4118/4118/4118 4117/4117/4117
f 4119/4119/4119 4117/4117/4117 4116/4116/4116
f 4119/4119/4119 4116/4116/4116 4121/4121/4121
f 4119/4119/4119 4121/4121/4121 4122/4122/4122
f 4119/4119/4119 4122/4122/4122 4123/4123/4123
f 4119/4119/4119 4123/4123/4123 4124/4124/4124
f 4119/4119/4119 4124/4124/4124 4120/4120/4120
f 4125/4125/4125 4126/4126/4126 2541/2541/2541
f 4125/4125/4125 2541/2541/2541 4127/4127/4127
f 4125/4125/4125 4127/4127/4127 4128/4128/4128
f 4125/4125/4125 4128/4128/4128 4129/4129/4129
f 4125/4125/4125 4129/4129/4129 4130/4130/4130
f 4125/4125/4125 4130/4130/4130 4131/4131/4131
f 4125/4125/4125 4131/4131/4131 4132/4132/4132
f 4125/4125/4125 4132/4132/4132 4126/4126/4126
f 4133/4133/4133 4134/4134/4134 4132/4132/4132
f 4133/4133/4133 4132/4132/4132 4131/4131/4131
f 4133/4133/4133 4131/4131/4131 4130/4130/4130
f 4133/4133/4133 4130/4130/4130 4135/4135/4135
f 4133/4133/4133 4135/4135/4135 4136/4136/4136
f 4133/4133/4133 4136/4136/4136 4137/4137/4137
f 4133/4133/4133 4137/4137/4137 4138/4138/4138
f 4133/4133/4133 4138/4138/4138 4134/4134/4134
f 4139/4139/4139 4140/4140/4140 4141/4141/4141
f 4139/4139/4139 4141/4141/4141 4142/4142/4142
f 4139/4139/4139 4142/4142/4142 4143/4143/4143
f 4139/4139/4139 4143/4143/4143 4144/4144/4144
f 4139/4139/4139 4144/4144/4144 4145/4145/4145
f 4139/4139/4139 4145/4145/4145 4146/4146/4146
f 4139/4139/4139 4146/4146/4146 4147/4147/4147
f 4139/4139/4139 4147/4147/4147 4140/4140/4140
f 4148/4148/4148 4149/4149/4149 4147/4147/4147
f 4148/4148/4148 4147/4147/4147 4146/4146/4146
f 4148/4148/4148 4146/4146/4146 4145/4145/4145
f 4148/4148/4148 4145/4145/4145 4150/4150/4150
f 4148/4148/4148 4150/4150/4150 4151/4151/4151
f 4148/4148/4148 4151/4151/4151 4152/4152/4152
f 4148/4148/4148 4152/4152/4152 4153/4153/4153
f 4148/4148/4148 4153/4153/4153 4149/4149/4149
f 4154/4154/4154 4144/4144/4144 4143/4143/4143
f 4154/4154/4154 4143/4143/4143 4155/4155/4155
f 4154/4154/4154 4155/4155/4155 4156/4156/4156
f 4154/4154/4154 4156/4156/4156 4157/4157/4157
f 4154/4154/4154 4157/4157/4157 4158/4158/4158
f 4154/4154/4154 4158/4158/4158 4159/4159/4159
f 4154/4154/4154 4159/4159/4159 4145/4145/4145
f 4154/4154/4154 4145/4145/4145 4144/4144/4144
f 4160/4160/4160 4150/4150/4150 4145/4145/4145
f 4160/4160/4160 4145/4145/4145 4159/4159/4159
f 4160/4160/4160 4159/4159/4159 4158/4158/4158
f 4160/4160/4160 4158/4158/4158 4161/4161/4161
f 4160/4160/4160 4161/4161/4161 4162/4162/4162
f 4160/4160/4160 4162/4162/4162 4163/4163/4163
f 4160/4160/4160 4163/4163/4163 4151/4151/4151
f 4160/4160/4160 4151/4151/4151 4150/4150/4150
f 4164/4164/4164 4165/4165/4165 2516/2516/2516
f 4164/4164/4164 2516/2516/2516 4166/4166/4166
f 4164/4164/4164 4166/4166/4166 4167/4167/4167
f 4164/4164/4164 4167/4167/4167 4168/4168/4168
f 4164/4164/4164 4168/4168/4168 4169/4169/4169
f 4164/4164/4164 4169/4169/4169 4170/4170/4170
f 4164/4164/4164 4170/4170/4170 4171/4171/4171
f 4164/4164/4164 4171/4171/4171 4165/4165/4165
f 4172/4172/4172 4173/4173/4173 4171/4171/4171
f 4172/4172/4172 4171/4171/4171 4170/4170/4170
f 4172/4172/4172 4170/4170/4170 4169/4169/4169
f 4172/4172/4172 4169/4169/4169 4174/4174/4174
f 4172/4172/4172 4174/4174/4174 4175/4175/4175
f 4172/4172/4172 4175/4175/4175 4176/4176/4176
f 4172/4172/4172 4176/4176/4176 4177/4177/4177
f 4172/4172/4172 4177/4177/4177 4173/4173/4173
f 4178/4178/4178 4179/4179/4179 2514/2514/2514
f 4178/4178/4178 2514/2514/2514 4180/4180/4180
f 4178/4178/4178 4180/4180/4180 4181/4181/4181
f 4178/4178/4178 4181/4181/4181 4182/4182/4182
f 4178/4178/4178 4182/4182/4182 4183/4183/4183
f 4178/4178/4178 4183/4183/4183 4184/4184/4184
f 4178/4178/4178 4184/4184/4184 4185/4185/4185
f 4178/4178/4178 4185/4185/4185 4179/4179/4179
f 4186/4186/4186 4187/4187/4187 4185/4185/4185
f 4186/4186/4186 4185/4185/4185 4184/4184/4184
f 4186/4186/4186 4184/4184/4184 4183/4183/4183
f 4186/4186/4186 4183/4183/4183 4188/4188/4188
f 4186/4186/4186 4188/4188/4188 4189/4189/4189
f 4186/4186/4186 4189/4189/4189 4190/4190/4190
f 4186/4186/4186 4190/4190/4190 4191/4191/4191
f 4186/4186/4186 4191/4191/4191 4187/4187/4187
f 4192/4192/4192 4193/4193/4193 2379/2379/2379
f 4192/4192/4192 2379/2379/2379 4194/4194/4194
f 4192/4192/4192 4194/4194/4194 4195/4195/4195
f 4192/4192/4192 4195/4195/4195 4196/4196/4196
f 4192/4192/4192 4196/4196/4196 4197/4197/4197
f 4192/4192/4192 4197/4197/4197 4198/4198/4198
f 4192/4192/4192 4198/4198/4198 4199/4199/4199
f 4192/4192/4192 4199/4199/4199 4193/4193/4193
f 4200/4200/4200 4201/4201/4201 4199/4199/4199
f 4200/4200/4200 4199/4199/4199 4198/4198/4198
f 4200/4200/4200 4198/4198/4198 4197/4197/4197
f 4200/4200/4200 4197/4197/4197 4202/4202/4202
f 4200/4200/4200 4202/4202/4202 4203/4203/4203
f 4200/4200/4200 4203/4203/4203 4204/4204/4204
f 4200/4200/4200 4204/4204/4204 4205/4205/4205
f 4200/4200/4200 4205/4205/4205 4201/4201/4201
f 4206/4206/4206 4207/4207/4207 2381/2381/2381
f 4206/4206/4206 2381/2381/2381 4208/4208/4208
f 4206/4206/4206 4208/4208/4208 4209/4209/4209
f 4206/4206/4206 4209/4209/4209 4210/4210/4210
f 4206/4206/4206 4210/4210/4210 4211/4211/4211
f 4206/4206/4206 4211/4211/4211 4212/4212/4212
f 4206/4206/4206 4212/4212/4212 4213/4213/4213
f 4206/4206/4206 4213/4213/4213 4207/4207/4207
f 4214/4214/4214 4215/4215/4215 4213/4213/4213
f 4214/4214/4214 4213/4213/4213 4212/4212/4212
f 4214/4214/4214 4212/4212/4212 4211/4211/4211
f 4214/4214/4214 4211/4211/4211 4216/4216/4216
f 4214/4214/4214 4216/4216/4216 4217/4217/4217
f 4214/4214/4214 4217/4217/4217 4218/4218/4218
f 4214/4214/4214 4218/4218/4218 4219/4219/4219
f 4214/4214/4214 4219/4219/4219 4215/4215/4215
f 4220/4220/4220 4221/4221/4221 4222/4222/4222
f 4220/4220/4220 4222/4222/4222 2518/2518/2518
f 4220/4220/4220 2518/2518/2518 4223/4223/4223
f 4220/4220/4220 4223/4223/4223 4224/4224/4224
f 4220/4220/4220 4224/4224/4224 4225/4225/4225
f 4220/4220/4220 4225/4225/4225 4226/4226/4226
f 4220/4220/4220 4226/4226/4226 4227/4227/4227
f 4220/4220/4220 4227/4227/4227 4221/4221/4221
f 4228/4228/4228 4229/4229/4229 4227/4227/4227
f 4228/4228/4228 4227/4227/4227 4226/4226/4226
f 4228/4228/4228 4226/4226/4226 4225/4225/4225
f 4228/4228/4228 4225/4225/4225 4230/4230/4230
f 4228/4228/4228 4230/4230/4230 4231/4231/4231
f 4228/4228/4228 4231/4231/4231 4232/4232/4232
f 4228/4228/4228 4232/4232/4232 4233/4233/4233
f 4228/4228/4228 4233/4233/4233 4229/4229/4229
f 4234/4234/4234 4235/4235/4235 4236/4236/4236
f 4234/4234/4234 4236/4236/4236 2509/2509/2509
f 4234/4234/4234 2509/2509/2509 4237/4237/4237
f 4234/4234/4234 4237/4237/4237 4238/4238/4238
f 4234/4234/4234 4238/4238/4238 4239/4239/4239
f 4234/4234/4234 4239/4239/4239 4240/4240/4240
f 4234/4234/4234 4240/4240/4240 4241/4241/4241
f 4234/4234/4234 4241/4241/4241 4235/4235/4235
f 4242/4242/4242 4243/4243/4243 4241/4241/4241
f 4242/4242/4242 4241/4241/4241 4240/4240/4240
f 4242/4242/4242 4240/4240/4240 4239/4239/4239
f 4242/4242/4242 4239/4239/4239 4244/4244/4244
f 4242/4242/4242 4244/4244/4244 4245/4245/4245
f 4242/4242/4242 4245/4245/4245 4246/4246/4246
f 4242/4242/4242 4246/4246/4246 4247/4247/4247
f 4242/4242/4242 4247/4247/4247 4243/4243/4243
f 4248/4248/4248 4249/4249/4249 4250/4250/4250
f 4248/4248/4248 4250/4250/4250 2383/2383/2383
f 4248/4248/4248 2383/2383/2383 4251/4251/4251
f 4248/4248/4248 4251/4251/4251 4252/4252/4252
f 4248/4248/4248 4252/4252/4252 4253/4253/4253
f 4248/4248/4248 4253/4253/4253 4254/4254/4254
f 4248/4248/4248 4254/4254/4254 4255/4255/4255
f 4248/4248/4248 4255/4255/4255 4249/4249/4249
f 4256/4256/4256 4257/4257/4257 4255/4255/4255
f 4256/4256/4256 4255/4255/4255 4254/4254/4254
f 4256/4256/4256 4254/4254/4254 4253/4253/4253
f 4256/4256/4256 4253/4253/4253 4258/4258/4258
f 4256/4256/4256 4258/4258/4258 4259/4259/4259
f 4256/4256/4256 4259/4259/4259 4260/4260/4260
f 4256/4256/4256 4260/4260/4260 4261/4261/4261
f 4256/4256/4256 4261/4261/4261 4257/4257/4257
f 4262/4262/4262 4263/4263/4263 4264/4264/4264
f 4262/4262/4262 4264/4264/4264 2374/2374/2374
f 4262/4262/4262 2374/2374/2374 4265/4265/4265
f 4262/4262/4262 4265/4265/4265 4266/4266/4266
f 4262/4262/4262 4266/4266/4266 4267/4267/4267
f 4262/4262/4262 4267/4267/4267 4268/4268/4268
f 4262/4262/4262 4268/4268/4268 4269/4269/4269
f 4262/4262/4262 4269/4269/4269 4263/4263/4263
f 4270/4270/4270 4271/4271/4271 4269/4269/4269
f 4270/4270/4270 4269/4269/4269 4268/4268/4268
f 4270/4270/4270 4268/4268/4268 4267/4267/4267
f 4270/4270/4270 4267/4267/4267 4272/4272/4272
f 4270/4270/4270 4272/4272/4272 4273/4273/4273
f 4270/4270/4270 4273/4273/4273 4274/4274/4274
f 4270/4270/4270 4274/4274/4274 4275/4275/4275
f 4270/4270/4270 4275/4275/4275 4271/4271/4271
f 4276/4276/4276 4277/4277/4277 4278/4278/4278
f 4276/4276/4276 4278/4278/4278 4279/4279/4279
f 4276/4276/4276 4279/4279/4279 4280/4280/4280
f 4276/4276/4276 4280/4280/4280 4281/4281/4281
f 4276/4276/4276 4281/4281/4281 4282/4282/4282
f 4276/4276/4276 4282/4282/4282 4283/4283/4283
f 4276/4276/4276 4283/4283/4283 4284/4284/4284
f 4276/4276/4276 4284/4284/4284 4277/4277/4277
f 4285/4285/4285 4286/4286/4286 4284/4284/4284
f 4285/4285/4285 4284/4284/4284 4283/4283/4283
f 4285/4285/4285 4283/4283/4283 4282/4282/4282
f 4285/4285/4285 4282/4282/4282 4287/4287/4287
f 4285/4285/4285 4287/4287/4287 4288/4288/4288
f 4285/4285/4285 4288/4288/4288 4289/4289/4289
f 4285/4285/4285 4289/4289/4289 4290/4290/4290
f 4285/4285/4285 4290/4290/4290 4286/4286/4286
f 4291/4291/4291 4281/4281/4281 4280/4280/4280
f 4291/4291/4291 4280/4280/4280 4292/4292/4292
f 4291/4291/4291 4292/4292/4292 4293/4293/4293
f 4291/4291/4291 4293/4293/4293 4294/4294/4294
f 4291/4291/4291 4294/4294/4294 4295/4295/4295
f 4291/4291/4291 4295/4295/4295 4296/4296/4296
f 4291/4291/4291 4296/4296/4296 4282/4282/4282
f 4291/4291/4291 4282/4282/4282 4281/4281/4281
f 4297/4297/4297 4287/4287/4287 4282/4282/4282
f 4297/4297/4297 4282/4282/4282 4296/4296/4296
f 4297/4297/4297 4296/4296/4296 4295/4295/4295
f 4297/4297/4297 4295/4295/4295 4298/4298/4298
f 4297/4297/4297 4298/4298/4298 4299/4299/4299
f 4297/4297/4297 4299/4299/4299 4300/4300/4300
f 4297/4297/4297 4300/4300/4300 4288/4288/4288
f 4297/4297/4297 4288/4288/4288 4287/4287/4287
f 4301/4301/4301 4302/4302/4302 4303/4303/4303
f 4301/4301/4301 4303/4303/4303 4304/4304/4304
f 4301/4301/4301 4304/4304/4304 4305/4305/4305
f 4301/4301/4301 4305/4305/4305 4306/4306/4306
f 4301/4301/4301 4306/4306/4306 4307/4307/4307
f 4301/4301/4301 4307/4307/4307 4308/4308/4308
f 4301/4301/4301 4308/4308/4308 4309/4309/4309
f 4301/4301/4301 4309/4309/4309 4302/4302/4302
f 4310/4310/4310 4311/4311/4311 4309/4309/4309
f 4310/4310/4310 4309/4309/4309 4308/4308/4308
f 4310/4310/4310 4308/4308/4308 4307/4307/4307
f 4310/4310/4310 4307/4307/4307 4312/4312/4312
f 4310/4310/4310 4312/4312/4312 4313/4313/4313
f 4310/4310/4310 4313/4313/4313 4314/4314/4314
f 4310/4310/4310 4314/4314/4314 4315/4315/4315
f 4310/4310/4310 4315/4315/4315 4311/4311/4311
f 4316/4316/4316 4317/4317/4317 4318/4318/4318
f 4316/4316/4316 4318/4318/4318 4319/4319/4319
f 4316/4316/4316 4319/4319/4319 4320/4320/4320
f 4316/4316/4316 4320/4320/4320 4321/4321/4321
f 4316/4316/4316 4321/4321/4321 4322/4322/4322
f 4316/4316/4316 4322/4322/4322 4323/4323/4323
f 4316/4316/4316 4323/4323/4323 4324/4324/4324
f 4316/4316/4316 4324/4324/4324 4317/4317/4317
f 4325/4325/4325 4326/4326/4326 4324/4324/4324
f 4325/4325/4325 4324/4324/4324 4323/4323/4323
f 4325/4325/4325 4323/4323/4323 4322/4322/4322
f 4325/4325/4325 4322/4322/4322 4327/4327/4327
f 4325/4325/4325 4327/4327/4327 4328/4328/4328
f 4325/4325/4325 4328/4328/4328 4329/4329/4329
f 4325/4325/4325 4329/4329/4329 4330/4330/4330
f 4325/4325/4325 4330/4330/4330 4326/4326/4326
f 4331/4331/4331 4332/4332/4332 3345/3345/3345
f 4331/4331/4331 3345/3345/3345 3434/3434/3434
f 4331/4331/4331 3434/3434/3434 3438/3438/3438
f 4331/4331/4331 3438/3438/3438 4333/4333/4333
f 4331/4331/4331 4333/4333/4333 4334/4334/4334
f 4331/4331/4331 4334/4334/4334 4335/4335/4335
f 4331/4331/4331 4335/4335/4335 4336/4336/4336
f 4331/4331/4331 4336/4336/4336 4332/4332/4332
f 4337/4337/4337 4338/4338/4338 3427/3427/3427
f 4337/4337/4337 3427/3427/3427 3426/3426/3426
f 4337/4337/4337 3426/3426/3426 3432/3432/3432
f 4337/4337/4337 3432/3432/3432 4339/4339/4339
f 4337/4337/4337 4339/4339/4339 4340/4340/4340
f 4337/4337/4337 4340/4340/4340 4341/4341/4341
f 4337/4337/4337 4341/4341/4341 4342/4342/4342
f 4337/4337/4337 4342/4342/4342 4338/4338/4338
f 4343/4343/4343 4344/4344/4344 3411/3411/3411
f 4343/4343/4343 3411/3411/3411 4345/4345/4345
f 4343/4343/4343 4345/4345/4345 4346/4346/4346
f 4343/4343/4343 4346/4346/4346 4347/4347/4347
f 4343/4343/4343 4347/4347/4347 4340/4340/4340
f 4343/4343/4343 4340/4340/4340 4339/4339/4339
f 4343/4343/4343 4339/4339/4339 3432/3432/3432
f 4343/4343/4343 3432/3432/3432 4344/4344/4344
f 4348/4348/4348 4345/4345/4345 3411/3411/3411
f 4348/4348/4348 3411/3411/3411 3410/3410/3410
f 4348/4348/4348 3410/3410/3410 3416/3416/3416
f 4348/4348/4348 3416/3416/3416 4349/4349/4349
f 4348/4348/4348 4349/4349/4349 4350/4350/4350
f 4348/4348/4348 4350/4350/4350 4351/4351/4351
f 4348/4348/4348 4351/4351/4351 4346/4346/4346
f 4348/4348/4348 4346/4346/4346 4345/4345/4345
f 4352/4352/4352 3446/3446/3446 3372/3372/3372
f 4352/4352/4352 3372/3372/3372 4353/4353/4353
f 4352/4352/4352 4353/4353/4353 4354/4354/4354
f 4352/4352/4352 4354/4354/4354 4355/4355/4355
f 4352/4352/4352 4355/4355/4355 4356/4356/4356
f 4352/4352/4352 4356/4356/4356 4357/4357/4357
f 4352/4352/4352 4357/4357/4357 3447/3447/3447
f 4352/4352/4352 3447/3447/3447 3446/3446/3446
f 4358/4358/4358 4353/4353/4353 3372/3372/3372
f 4358/4358/4358 3372/3372/3372 3371/3371/3371
f 4358/4358/4358 3371/3371/3371 3365/3365/3365
f 4358/4358/4358 3365/3365/3365 4359/4359/4359
f 4358/4358/4358 4359/4359/4359 4360/4360/4360
f 4358/4358/4358 4360/4360/4360 4361/4361/4361
f 4358/4358/4358 4361/4361/4361 4354/4354/4354
f 4358/4358/4358 4354/4354/4354 4353/4353/4353
f 4362/4362/4362 3364/3364/3364 3363/3363/3363
f 4362/4362/4362 3363/3363/3363 4363/4363/4363
f 4362/4362/4362 4363/4363/4363 4364/4364/4364
f 4362/4362/4362 4364/4364/4364 4365/4365/4365
f 4362/4362/4362 4365/4365/4365 4360/4360/4360
f 4362/4362/4362 4360/4360/4360 4359/4359/4359
f 4362/4362/4362 4359/4359/4359 3365/3365/3365
f 4362/4362/4362 3365/3365/3365 3364/3364/3364
f 4366/4366/4366 4363/4363/4363 3363/3363/3363
f 4366/4366/4366 3363/3363/3363 3440/3440/3440
f 4366/4366/4366 3440/3440/3440 3444/3444/3444
f 4366/4366/4366 3444/3444/3444 4367/4367/4367
f 4366/4366/4366 4367/4367/4367 4368/4368/4368
f 4366/4366/4366 4368/4368/4368 4369/4369/4369
f 4366/4366/4366 4369/4369/4369 4364/4364/4364
f 4366/4366/4366 4364/4364/4364 4363/4363/4363
f 4370/4370/4370 4371/4371/4371 4372/4372/4372
f 4370/4370/4370 4372/4372/4372 4373/4373/4373
f 4370/4370/4370 4373/4373/4373 4374/4374/4374
f 4370/4370/4370 4374/4374/4374 4375/4375/4375
f 4370/4370/4370 4375/4375/4375 4376/4376/4376
f 4370/4370/4370 4376/4376/4376 4377/4377/4377
f 4370/4370/4370 4377/4377/4377 4378/4378/4378
f 4370/4370/4370 4378/4378/4378 4371/4371/4371
f 4379/4379/4379 4380/4380/4380 4378/4378/4378
f 4379/4379/4379 4378/4378/4378 4377/4377/4377
f 4379/4379/4379 4377/4377/4377 4376/4376/4376
f 4379/4379/4379 4376/4376/4376 4381/4381/4381
f 4379/4379/4379 4381/4381/4381 4382/4382/4382
f 4379/4379/4379 4382/4382/4382 4383/4383/4383
f 4379/4379/4379 4383/4383/4383 4384/4384/4384
f 4379/4379/4379 4384/4384/4384 4380/4380/4380
f 4385/4385/4385 4386/4386/4386 4387/4387/4387
f 4385/4385/4385 4387/4387/4387 4388/4388/4388
f 4385/4385/4385 4388/4388/4388 3345/3345/3345
f 4385/4385/4385 3345/3345/3345 4389/4389/4389
f 4385/4385/4385 4389/4389/4389 4390/4390/4390
f 4385/4385/4385 4390/4390/4390 4391/4391/4391
f 4385/4385/4385 4391/4391/4391 4392/4392/4392
f 4385/4385/4385 4392/4392/4392 4386/4386/4386
f 4393/4393/4393 4394/4394/4394 4392/4392/4392
f 4393/4393/4393 4392/4392/4392 4391/4391/4391
f 4393/4393/4393 4391/4391/4391 4390/4390/4390
f 4393/4393/4393 4390/4390/4390 4395/4395/4395
f 4393/4393/4393 4395/4395/4395 4396/4396/4396
f 4393/4393/4393 4396/4396/4396 4397/4397/4397
f 4393/4393/4393 4397/4397/4397 4398/4398/4398
f 4393/4393/4393 4398/4398/4398 4394/4394/4394
f 4399/4399/4399 4400/4400/4400 3444/3444/3444
f 4399/4399/4399 3444/3444/3444 4401/4401/4401
f 4399/4399/4399 4401/4401/4401 4402/4402/4402
f 4399/4399/4399 4402/4402/4402 4403/4403/4403
f 4399/4399/4399 4403/4403/4403 4404/4404/4404
f 4399/4399/4399 4404/4404/4404 4405/4405/4405
f 4399/4399/4399 4405/4405/4405 4406/4406/4406
f 4399/4399/4399 4406/4406/4406 4400/4400/4400
f 4407/4407/4407 4408/4408/4408 4406/4406/4406
f 4407/4407/4407 4406/4406/4406 4405/4405/4405
f 4407/4407/4407 4405/4405/4405 4404/4404/4404
f 4407/4407/4407 4404/4404/4404 4409/4409/4409
f 4407/4407/4407 4409/4409/4409 4410/4410/4410
f 4407/4407/4407 4410/4410/4410 4411/4411/4411
f 4407/4407/4407 4411/4411/4411 4412/4412/4412
f 4407/4407/4407 4412/4412/4412 4408/4408/4408
f 4413/4413/4413 4414/4414/4414 4415/4415/4415
f 4413/4413/4413 4415/4415/4415 4416/4416/4416
f 4413/4413/4413 4416/4416/4416 4417/4417/4417
f 4413/4413/4413 4417/4417/4417 4418/4418/4418
f 4413/4413/4413 4418/4418/4418 4419/4419/4419
f 4413/4413/4413 4419/4419/4419 4420/4420/4420
f 4413/4413/4413 4420/4420/4420 4421/4421/4421
f 4413/4413/4413 4421/4421/4421 4414/4414/4414
f 4422/4422/4422 4423/4423/4423 4421/4421/4421
f 4422/4422/4422 4421/4421/4421 4420/4420/4420
f 4422/4422/4422 4420/4420/4420 4419/4419/4419
f 4422/4422/4422 4419/4419/4419 4424/4424/4424
f 4422/4422/4422 4424/4424/4424 4425/4425/4425
f 4422/4422/4422 4425/4425/4425 4426/4426/4426
f 4422/4422/4422 4426/4426/4426 4427/4427/4427
f 4422/4422/4422 4427/4427/4427 4423/4423/4423
f 4428/4428/4428 4389/4389/4389 3345/3345/3345
f 4428/4428/4428 3345/3345/3345 4332/4332/4332
f 4428/4428/4428 4332/4332/4332 4336/4336/4336
f 4428/4428/4428 4336/4336/4336 4429/4429/4429
f 4428/4428/4428 4429/4429/4429 4430/4430/4430
f 4428/4428/4428 4430/4430/4430 4431/4431/4431
f 4428/4428/4428 4431/4431/4431 4390/4390/4390
f 4428/4428/4428 4390/4390/4390 4389/4389/4389
f 4432/4432/4432 4395/4395/4395 4390/4390/4390
f 4432/4432/4432 4390/4390/4390 4431/4431/4431
f 4432/4432/4432 4431/4431/4431 4430/4430/4430
f 4432/4432/4432 4430/4430/4430 4433/4433/4433
f 4432/4432/4432 4433/4433/4433 4434/4434/4434
f 4432/4432/4432 4434/4434/4434 4435/4435/4435
f 4432/4432/4432 4435/4435/4435 4396/4396/4396
f 4432/4432/4432 4396/4396/4396 4395/4395/4395
f 4436/4436/4436 4437/4437/4437 4438/4438/4438
f 4436/4436/4436 4438/4438/4438 4439/4439/4439
f 4436/4436/4436 4439/4439/4439 3357/3357/3357
f 4436/4436/4436 3357/3357/3357 4440/4440/4440
f 4436/4436/4436 4440/4440/4440 4441/4441/4441
f 4436/4436/4436 4441/4441/4441 4442/4442/4442
f 4436/4436/4436 4442/4442/4442 4443/4443/4443
f 4436/4436/4436 4443/4443/4443 4437/4437/4437
f 4444/4444/4444 4445/4445/4445 4443/4443/4443
f 4444/4444/4444 4443/4443/4443 4442/4442/4442
f 4444/4444/4444 4442/4442/4442 4441/4441/4441
f 4444/4444/4444 4441/4441/4441 4446/4446/4446
f 4444/4444/4444 4446/4446/4446 4447/4447/4447
f 4444/4444/4444 4447/4447/4447 4448/4448/4448
f 4444/4444/4444 4448/4448/4448 4449/4449/4449
f 4444/4444/4444 4449/4449/4449 4445/4445/4445
f 4450/4450/4450 4451/4451/4451 4452/4452/4452
f 4450/4450/4450 4452/4452/4452 3508/3508/3508
f 4450/4450/4450 3508/3508/3508 4453/4453/4453
f 4450/4450/4450 4453/4453/4453 4454/4454/4454
f 4450/4450/4450 4454/4454/4454 4455/4455/4455
f 4450/4450/4450 4455/4455/4455 4456/4456/4456
f 4450/4450/4450 4456/4456/4456 4457/4457/4457
f 4450/4450/4450 4457/4457/4457 4451/4451/4451
f 4458/4458/4458 4459/4459/4459 4457/4457/4457
f 4458/4458/4458 4457/4457/4457 4456/4456/4456
f 4458/4458/4458 4456/4456/4456 4455/4455/4455
f 4458/4458/4458 4455/4455/4455 4460/4460/4460
f 4458/4458/4458 4460/4460/4460 4449/4449/4449
f 4458/4458/4458 4449/4449/4449 4461/4461/4461
f 4458/4458/4458 4461/4461/4461 4462/4462/4462
f 4458/4458/4458 4462/4462/4462 4459/4459/4459
f 4463/4463/4463 4464/4464/4464 4465/4465/4465
f 4463/4463/4463 4465/4465/4465 4466/4466/4466
f 4463/4463/4463 4466/4466/4466 4467/4467/4467
f 4463/4463/4463 4467/4467/4467 4468/4468/4468
f 4463/4463/4463 4468/4468/4468 4469/4469/4469
f 4463/4463/4463 4469/4469/4469 4470/4470/4470
f 4463/4463/4463 4470/4470/4470 4471/4471/4471
f 4463/4463/4463 4471/4471/4471 4464/4464/4464
f 4472/4472/4472 4473/4473/4473 4471/4471/4471
f 4472/4472/4472 4471/4471/4471 4470/4470/4470
f 4472/4472/4472 4470/4470/4470 4469/4469/4469
f 4472/4472/4472 4469/4469/4469 4474/4474/4474
f 4472/4472/4472 4474/4474/4474 4475/4475/4475
f 4472/4472/4472 4475/4475/4475 4476/4476/4476
f 4472/4472/4472 4476/4476/4476 4477/4477/4477
f 4472/4472/4472 4477/4477/4477 4473/4473/4473
f 4478/4478/4478 4479/4479/4479 4480/4480/4480
f 4478/4478/4478 4480/4480/4480 4481/4481/4481
f 4478/4478/4478 4481/4481/4481 4482/4482/4482
f 4478/4478/4478 4482/4482/4482 4483/4483/4483
f 4478/4478/4478 4483/4483/4483 4484/4484/4484
f 4478/4478/4478 4484/4484/4484 4485/4485/4485
f 4478/4478/4478 4485/4485/4485 4486/4486/4486
f 4478/4478/4478 4486/4486/4486 4479/4479/4479
f 4487/4487/4487 4488/4488/4488 4486/4486/4486
f 4487/4487/4487 4486/4486/4486 4485/4485/4485
f 4487/4487/4487 4485/4485/4485 4484/4484/4484
f 4487/4487/4487 4484/4484/4484 4489/4489/4489
f 4487/4487/4487 4489/4489/4489 4490/4490/4490
f 4487/4487/4487 4490/4490/4490 4491/4491/4491
f 4487/4487/4487 4491/4491/4491 4492/4492/4492
f 4487/4487/4487 4492/4492/4492 4488/4488/4488
f 4493/4493/4493 4494/4494/4494 3416/3416/3416
f 4493/4493/4493 3416/3416/3416 4495/4495/4495
f 4493/4493/4493 4495/4495/4495 4496/4496/4496
f 4493/4493/4493 4496/4496/4496 4497/4497/4497
f 4493/4493/4493 4497/4497/4497 4498/4498/4498
f 4493/4493/4493 4498/4498/4498 4499/4499/4499
f 4493/4493/4493 4499/4499/4499 4500/4500/4500
f 4493/4493/4493 4500/4500/4500 4494/4494/4494
f 4501/4501/4501 4502/4502/4502 4500/4500/4500
f 4501/4501/4501 4500/4500/4500 4499/4499/4499
f 4501/4501/4501 4499/4499/4499 4498/4498/4498
f 4501/4501/4501 4498/4498/4498 4503/4503/4503
f 4501/4501/4501 4503/4503/4503 4504/4504/4504
f 4501/4501/4501 4504/4504/4504 4505/4505/4505
f 4501/4501/4501 4505/4505/4505 4506/4506/4506
f 4501/4501/4501 4506/4506/4506 4502/4502/4502
f 4507/4507/4507 4508/4508/4508 4509/4509/4509
f 4507/4507/4507 4509/4509/4509 4510/4510/4510
f 4507/4507/4507 4510/4510/4510 4511/4511/4511
f 4507/4507/4507 4511/4511/4511 4512/4512/4512
f 4507/4507/4507 4512/4512/4512 4513/4513/4513
f 4507/4507/4507 4513/4513/4513 4514/4514/4514
f 4507/4507/4507 4514/4514/4514 4515/4515/4515
f 4507/4507/4507 4515/4515/4515 4508/4508/4508
f 4516/4516/4516 4517/4517/4517 4515/4515/4515
f 4516/4516/4516 4515/4515/4515 4514/4514/4514
f 4516/4516/4516 4514/4514/4514 4513/4513/4513
f 4516/4516/4516 4513/4513/4513 4518/4518/4518
f 4516/4516/4516 4518/4518/4518 4519/4519/4519
f 4516/4516/4516 4519/4519/4519 4520/4520/4520
f 4516/4516/4516 4520/4520/4520 4521/4521/4521
f 4516/4516/4516 4521/4521/4521 4517/4517/4517
f 4522/4522/4522 4523/4523/4523 4524/4524/4524
f 4522/4522/4522 4524/4524/4524 4525/4525/4525
f 4522/4522/4522 4525/4525/4525 4526/4526/4526
f 4522/4522/4522 4526/4526/4526 4527/4527/4527
f 4522/4522/4522 4527/4527/4527 4528/4528/4528
f 4522/4522/4522 4528/4528/4528 4529/4529/4529
f 4522/4522/4522 4529/4529/4529 4530/4530/4530
f 4522/4522/4522 4530/4530/4530 4523/4523/4523
f 4531/4531/4531 4532/4532/4532 4530/4530/4530
f 4531/4531/4531 4530/4530/4530 4529/4529/4529
f 4531/4531/4531 4529/4529/4529 4528/4528/4528
f 4531/4531/4531 4528/4528/4528 4533/4533/4533
f 4531/4531/4531 4533/4533/4533 4534/4534/4534
f 4531/4531/4531 4534/4534/4534 4535/4535/4535
f 4531/4531/4531 4535/4535/4535 4536/4536/4536
f 4531/4531/4531 4536/4536/4536 4532/4532/4532
f 4537/4537/4537 4538/4538/4538 3482/3482/3482
f 4537/4537/4537 3482/3482/3482 4539/4539/4539
f 4537/4537/4537 4539/4539/4539 4524/4524/4524
f 4537/4537/4537 4524/4524/4524 4523/4523/4523
f 4537/4537/4537 4523/4523/4523 4530/4530/4530
f 4537/4537/4537 4530/4530/4530 4540/4540/4540
f 4537/4537/4537 4540/4540/4540 4541/4541/4541
f 4537/4537/4537 4541/4541/4541 4538/4538/4538
f 4542/4542/4542 4543/4543/4543 4541/4541/4541
f 4542/4542/4542 4541/4541/4541 4540/4540/4540
f 4542/4542/4542 4540/4540/4540 4530/4530/4530
f 4542/4542/4542 4530/4530/4530 4532/4532/4532
f 4542/4542/4542 4532/4532/4532 4536/4536/4536
f 4542/4542/4542 4536/4536/4536 4544/4544/4544
f 4542/4542/4542 4544/4544/4544 4545/4545/4545
f 4542/4542/4542 4545/4545/4545 4543/4543/4543
f 4546/4546/4546 4547/4547/4547 4511/4511/4511
f 4546/4546/4546 4511/4511/4511 4548/4548/4548
f 4546/4546/4546 4548/4548/4548 3512/3512/3512
f 4546/4546/4546 3512/3512/3512 4549/4549/4549
f 4546/4546/4546 4549/4549/4549 4550/4550/4550
f 4546/4546/4546 4550/4550/4550 4551/4551/4551
f 4546/4546/4546 4551/4551/4551 4552/4552/4552
f 4546/4546/4546 4552/4552/4552 4547/4547/4547
f 4553/4553/4553 4554/4554/4554 4552/4552/4552
f 4553/4553/4553 4552/4552/4552 4551/4551/4551
f 4553/4553/4553 4551/4551/4551 4550/4550/4550
f 4553/4553/4553 4550/4550/4550 4555/4555/4555
f 4553/4553/4553 4555/4555/4555 4556/4556/4556
f 4553/4553/4553 4556/4556/4556 4557/4557/4557
f 4553/4553/4553 4557/4557/4557 4558/4558/4558
f 4553/4553/4553 4558/4558/4558 4554/4554/4554
