# Generated by lxe_pbrt_scene_convert
v -4.93724823 -0.674957991 0.360684007
v -4.91921282 -0.676096022 0.456295013
v -4.91940308 -0.668991029 0.456290007
v -4.93736982 -0.667867005 0.360711008
v -4.95284081 -0.666687012 0.261231005
v -4.95280313 -0.673758984 0.261193991
v -4.95261002 -0.680633008 0.261148006
v -4.93697691 -0.681840003 0.360648006
v -4.91889095 -0.682983994 0.456263989
v -4.90144014 -0.676398993 0.529901028
v -4.88804817 -0.67631501 0.576830983
v -4.88696909 -0.660332978 0.582193971
v -4.90160799 -0.669304013 0.529828012
v -4.91940308 -0.668991029 0.456290007
v -4.91921282 -0.676096022 0.456295013
v -4.91889095 -0.682983994 0.456263989
v -4.90116978 -0.683281004 0.52986598
v -4.89130306 -0.681432009 0.564626992
v -4.96313381 -0.673273981 0.175952002
v -4.95280313 -0.673758984 0.261193991
v -4.95284081 -0.666687012 0.261231005
v -4.96314621 -0.666209996 0.175992996
v -4.96999693 -0.666077018 0.105171002
v -4.96998692 -0.673143029 0.105134003
v -4.96982002 -0.680014014 0.105077997
v -4.96296692 -0.680145025 0.175896004
v -4.95261002 -0.680633008 0.261148006
v -4.97510481 -0.673003972 0.0489169993
v -4.96998692 -0.673143029 0.105134003
v -4.96999693 -0.666077018 0.105171002
v -4.97510481 -0.665932 0.0489379987
v -4.97722292 -0.665857017 -0
v -4.97723007 -0.672932029 0
v -4.97706318 -0.679803014 -0
v -4.97493696 -0.679875016 0.0488829985
v -4.96982002 -0.680014014 0.105077997
v -4.77815008 -0.67414999 0.506703019
v -4.79145384 -0.673439026 0.434778988
v -4.7914629 -0.664281011 0.434807003
v -4.77815819 -0.664991021 0.506731987
v -4.76844978 -0.665363014 0.553296983
v -4.7684412 -0.674521029 0.553269029
v -4.77147293 -0.679524004 0.541285992
v -4.77865696 -0.681030989 0.506781995
v -4.79198599 -0.680323005 0.434848994
v -4.80416679 -0.672273993 0.342900991
v -4.81532478 -0.671227992 0.247400999
v -4.81533384 -0.662069976 0.247428998
v -4.80417585 -0.663115978 0.342929989
v -4.7914629 -0.664281011 0.434807003
v -4.79145384 -0.673439026 0.434778988
v -4.79198599 -0.680323005 0.434848994
v -4.80472279 -0.679157019 0.342952996
v -4.81590223 -0.678111017 0.247430995
v -4.83141518 -0.671086013 0.0440840013
v -4.83144617 -0.671190977 0
v -4.83145523 -0.662033021 0
v -4.83142424 -0.661927998 0.044098001
v -4.82953215 -0.661770999 0.0962819979
v -4.82952309 -0.670929015 0.0962570012
v -4.83011293 -0.677810013 0.0962579995
v -4.83202219 -0.677964985 0.0440829992
v -4.83206415 -0.678068995 0
v -4.82396793 -0.670877993 0.164608002
v -4.82952309 -0.670929015 0.0962570012
v -4.82953215 -0.661770999 0.0962819979
v -4.82397699 -0.661719978 0.164636001
v -4.81533384 -0.662069976 0.247428998
v -4.81532478 -0.671227992 0.247400999
v -4.81590223 -0.678111017 0.247430995
v -4.82455301 -0.677760005 0.164619997
v -4.83011293 -0.677810013 0.0962579995
v -4.96837282 -0.610450029 0.0497100018
v -4.96861506 -0.643594027 0.0491500013
v -4.96398211 -0.643959999 0.105490997
v -4.96388721 -0.610659003 0.106361002
v -4.96368313 -0.565322995 0.107359
v -4.96805906 -0.56527102 0.0503679998
v -4.96964407 -0.565236986 0
v -4.97005081 -0.610315979 0
v -4.97040176 -0.643360019 -0
v -4.95714712 -0.61075002 0.176892996
v -4.95722914 -0.644119024 0.176212996
v -4.94691086 -0.644369006 0.261247009
v -4.94676495 -0.610943973 0.261554003
v -4.94639301 -0.565469027 0.261716008
v -4.95689487 -0.565346003 0.177596003
v -4.898664 -0.612078011 0.524137974
v -4.89897203 -0.56596297 0.523066998
v -4.91388607 -0.566091001 0.453983009
v -4.9142251 -0.611957014 0.454593003
v -4.91430283 -0.645703971 0.454813987
v -4.89813519 -0.646121979 0.524878979
v -4.8898921 -0.637362003 0.556729019
v -4.88765478 -0.612029016 0.56713599
v -4.88863802 -0.565716028 0.565687001
v -4.93135786 -0.61146301 0.360592991
v -4.93158102 -0.645008981 0.360525995
v -4.91430283 -0.645703971 0.454813987
v -4.9142251 -0.611957014 0.454593003
v -4.91388607 -0.566091001 0.453983009
v -4.93087482 -0.565822005 0.36035499
v -4.94639301 -0.565469027 0.261716008
v -4.94676495 -0.610943973 0.261554003
v -4.94691086 -0.644369006 0.261247009
v -4.95616913 -0.518118978 0.177864999
v -4.95689487 -0.565346003 0.177596003
v -4.94547415 -0.518177986 0.261357009
v -4.94465208 -0.482028991 0.260903001
v -4.95551777 -0.482014 0.177912995
v -4.96265411 -0.482014 0.108370997
v -4.96312809 -0.518118978 0.108006999
v -4.96368313 -0.565322995 0.107359
v -4.96756887 -0.518118978 0.0508330017
v -4.96805906 -0.56527102 0.0503679998
v -4.96720886 -0.482014 0.0511140004
v -4.96884203 -0.482014 -0
v -4.96916008 -0.518118978 0
v -4.96964407 -0.565236986 0
v -4.89829206 -0.518402994 0.521804988
v -4.91287994 -0.51848799 0.452715993
v -4.91388607 -0.566091001 0.453983009
v -4.89897203 -0.56596297 0.523066998
v -4.88863802 -0.565716028 0.565687001
v -4.88830709 -0.518257022 0.564561009
v -4.89037514 -0.491544992 0.552848995
v -4.89748383 -0.482190996 0.520797014
v -4.91194916 -0.482133001 0.45153001
v -4.92982578 -0.518356979 0.359436989
v -4.93087482 -0.565822005 0.36035499
v -4.91287994 -0.51848799 0.452715993
v -4.91194916 -0.482133001 0.45153001
v -4.92889977 -0.482073992 0.358503997
v -4.94465208 -0.482028991 0.260903001
v -4.94547415 -0.518177986 0.261357009
v -4.94639301 -0.565469027 0.261716008
v -4.97459984 -0.654577017 0.0493940003
v -4.97479296 -0.655530989 0.0493559986
v -4.97006702 -0.655920982 0.105889998
v -4.96991777 -0.654995024 0.105953999
v -4.96910381 -0.655004025 0.105850004
v -4.97378588 -0.654586017 0.0493340008
v -4.97560883 -0.654317975 0
v -4.97642183 -0.654308975 0
v -4.9766469 -0.655283988 0
v -4.96316099 -0.655176997 0.176846996
v -4.96330023 -0.656096995 0.176778004
v -4.95300293 -0.656387985 0.261945009
v -4.95286417 -0.655445993 0.262006015
v -4.95205021 -0.655454993 0.261887014
v -4.96234703 -0.655185997 0.176727995
v -4.96910381 -0.655004025 0.105850004
v -4.96991777 -0.654995024 0.105953999
v -4.97006702 -0.655920982 0.105889998
v -4.88989019 -0.611947 0.582329988
v -4.88964319 -0.612375021 0.58327502
v -4.890872 -0.565491021 0.581723988
v -4.89109612 -0.565568984 0.580754995
v -4.89028311 -0.565577984 0.580636024
v -4.88907623 -0.611956 0.582211018
v -4.8916111 -0.646247029 0.56903702
v -4.89242506 -0.646238029 0.569154978
v -4.89219522 -0.647077978 0.569939971
v -4.90386295 -0.657405019 0.525987029
v -4.90376902 -0.658415973 0.526413023
v -4.89219522 -0.647077978 0.569939971
v -4.89242506 -0.646238029 0.569154978
v -4.8916111 -0.646247029 0.56903702
v -4.90304899 -0.657414019 0.525867999
v -4.91941881 -0.656895995 0.455630004
v -4.92023182 -0.656886995 0.455747992
v -4.92029095 -0.657920003 0.455826014
v -4.93756008 -0.656125009 0.361364007
v -4.93768406 -0.657119989 0.361315995
v -4.92029095 -0.657920003 0.455826014
v -4.92023182 -0.656886995 0.455747992
v -4.91941881 -0.656895995 0.455630004
v -4.93674707 -0.656134009 0.361245006
v -4.95205021 -0.655454993 0.261887014
v -4.95286417 -0.655445993 0.262006015
v -4.95300293 -0.656387985 0.261945009
v -4.96120501 -0.469913989 0.178790003
v -4.96114302 -0.468980998 0.178777993
v -4.96839094 -0.468980998 0.109186001
v -4.96839905 -0.469913989 0.109246001
v -4.96758509 -0.46992299 0.109141998
v -4.960392 -0.46992299 0.178672001
v -4.94946814 -0.46992299 0.261494011
v -4.95028114 -0.469913989 0.261613011
v -4.95017385 -0.468980998 0.261644006
v -4.97299194 -0.469913989 0.0516390018
v -4.97302103 -0.468980998 0.0515929982
v -4.97467995 -0.468980998 0
v -4.97463894 -0.469913989 0
v -4.97382498 -0.46992299 0
v -4.97217798 -0.46992299 0.0515789986
v -4.96758509 -0.46992299 0.109141998
v -4.96839905 -0.469913989 0.109246001
v -4.96839094 -0.468980998 0.109186001
v -4.90311909 -0.470054001 0.521320999
v -4.90293503 -0.469107002 0.521710992
v -4.91742277 -0.469013005 0.452064991
v -4.91754293 -0.469949007 0.451994985
v -4.91672897 -0.469958007 0.451876014
v -4.90230513 -0.470063001 0.521202981
v -4.89266586 -0.482156008 0.564549983
v -4.89347982 -0.482147008 0.564668
v -4.89323616 -0.481296003 0.565415978
v -4.89088202 -0.518144011 0.579672992
v -4.89064312 -0.517611027 0.580595016
v -4.89323616 -0.481296003 0.565415978
v -4.89347982 -0.482147008 0.564668
v -4.89266586 -0.482156008 0.564549983
v -4.89006901 -0.518153012 0.579554975
v -4.89028311 -0.565577984 0.580636024
v -4.89109612 -0.565568984 0.580754995
v -4.890872 -0.565491021 0.581723988
v -4.93449497 -0.469913989 0.359052986
v -4.93438578 -0.468980998 0.359057009
v -4.95017385 -0.468980998 0.261644006
v -4.95028114 -0.469913989 0.261613011
v -4.94946814 -0.46992299 0.261494011
v -4.93368101 -0.46992299 0.358934999
v -4.91672897 -0.469958007 0.451876014
v -4.91754293 -0.469949007 0.451994985
v -4.91742277 -0.469013005 0.452064991
v -4.91360521 -0.461171001 0.356141001
v -4.91120577 -0.461207986 0.355782986
v -4.92702007 -0.461207986 0.258605987
v -4.92941904 -0.461171001 0.258964002
v -4.93306494 -0.461113989 0.259508014
v -4.91725206 -0.461113989 0.356685013
v -4.90020514 -0.461113989 0.450260013
v -4.89655781 -0.461171001 0.449716002
v -4.89415884 -0.461207986 0.449357986
v -4.88150787 -0.461171001 0.522152007
v -4.87910795 -0.461207986 0.521794021
v -4.89415884 -0.461207986 0.449357986
v -4.89655781 -0.461171001 0.449716002
v -4.90020514 -0.461113989 0.450260013
v -4.8851552 -0.461113989 0.522696018
v -4.8749342 -0.474141002 0.569507003
v -4.87128687 -0.474198014 0.568962991
v -4.8688879 -0.474236012 0.568605006
v -4.9534359 -0.461171001 0.0497200005
v -4.95103598 -0.461207986 0.0495410003
v -4.95280981 -0.461207986 0
v -4.95520878 -0.461171001 0
v -4.95885611 -0.461113989 0
v -4.95708323 -0.461113989 0.0499919988
v -4.95214319 -0.461113989 0.106555998
v -4.94849586 -0.461171001 0.106080003
v -4.9460969 -0.461207986 0.105766997
v -4.94077015 -0.461171001 0.175718993
v -4.93837118 -0.461207986 0.175360993
v -4.9460969 -0.461207986 0.105766997
v -4.94849586 -0.461171001 0.106080003
v -4.95214319 -0.461113989 0.106555998
v -4.94441605 -0.461113989 0.176263005
v -4.93306494 -0.461113989 0.259508014
v -4.92941904 -0.461171001 0.258964002
v -4.92702007 -0.461207986 0.258605987
v -4.86872816 -0.513282001 0.585659981
v -4.86632919 -0.513319016 0.585301995
v -4.8688879 -0.474236012 0.568605006
v -4.87128687 -0.474198014 0.568962991
v -4.8749342 -0.474141002 0.569507003
v -4.87237501 -0.513225019 0.586203992
v -4.87274599 -0.565060973 0.587743998
v -4.86910009 -0.565118015 0.587199986
v -4.86670113 -0.565155983 0.586842
v -4.86767197 -0.616403997 0.588540018
v -4.865273 -0.616441011 0.588181973
v -4.86910009 -0.565118015 0.587199986
v -4.87274599 -0.565060973 0.587743998
v -4.87131882 -0.616347015 0.589084029
v -4.86957121 -0.656894028 0.590007007
v -4.86592388 -0.65695101 0.589462996
v -4.85172081 -0.65446198 0.586623013
v -4.86533499 -0.676572025 0.589751005
v -4.85172892 -0.676362991 0.586993992
v -4.86592388 -0.65695101 0.589462996
v -4.86957121 -0.656894028 0.590007007
v -4.86898184 -0.676514983 0.590295017
v -4.87345219 -0.683404982 0.574616015
v -4.86983109 -0.683459997 0.574069977
v -4.85610294 -0.683233023 0.571331978
v -4.9191432 -0.684364974 0.357867002
v -4.90387487 -0.684032977 0.355838001
v -4.88666105 -0.685154974 0.450984001
v -4.90129089 -0.685483992 0.453460991
v -4.90478611 -0.685442984 0.45401901
v -4.92268801 -0.684319019 0.358420014
v -4.93804407 -0.683142006 0.258700997
v -4.93442202 -0.683196008 0.258094013
v -4.91862917 -0.682880998 0.256556004
v -4.88333511 -0.685805976 0.527083993
v -4.86924219 -0.685526013 0.524406016
v -4.85610294 -0.683233023 0.571331978
v -4.86983109 -0.683459997 0.574069977
v -4.87345219 -0.683404982 0.574616015
v -4.88688087 -0.685760021 0.527637005
v -4.90478611 -0.685442984 0.45401901
v -4.90129089 -0.685483992 0.453460991
v -4.88666105 -0.685154974 0.450984001
v -4.94466209 -0.682721019 0.171935007
v -4.92866611 -0.682421982 0.170726001
v -4.93442202 -0.683196008 0.258094013
v -4.93804407 -0.683142006 0.258700997
v -4.94830894 -0.682663977 0.172722995
v -4.95516109 -0.682532012 0.101690002
v -4.9515152 -0.682588995 0.100847997
v -4.93536282 -0.682313025 0.0999450013
v -4.95663309 -0.682449996 0.0462910011
v -4.94009399 -0.682209015 0.0458110012
v -4.96027899 -0.682393014 0.0468069986
v -4.96240377 -0.682322025 0
v -4.95875788 -0.682379007 0
v -4.94196796 -0.682159007 0
v -4.92339277 -0.461017996 0.357602
v -4.93920708 -0.461017996 0.260423988
v -4.94491005 -0.460927993 0.261274993
v -4.92909622 -0.460927993 0.358453006
v -4.91204882 -0.460927993 0.452026993
v -4.90634584 -0.461017996 0.451177001
v -4.93142509 -0.460891992 0.358799994
v -4.94723892 -0.460891992 0.261622012
v -4.94777918 -0.461082011 0.261693001
v -4.93196487 -0.461082011 0.35887599
v -4.91491985 -0.461082995 0.452437013
v -4.91437817 -0.460891992 0.452374995
v -4.89129591 -0.461017996 0.523612976
v -4.90634584 -0.461017996 0.451177001
v -4.91204882 -0.460927993 0.452026993
v -4.89699888 -0.460927993 0.524462998
v -4.88677788 -0.473955989 0.571273983
v -4.88107586 -0.474045008 0.570423007
v -4.89932823 -0.460891992 0.524811029
v -4.91437817 -0.460891992 0.452374995
v -4.91491985 -0.461082995 0.452437013
v -4.89988422 -0.461084992 0.524805009
v -4.88967609 -0.474092007 0.571539998
v -4.88910818 -0.473919988 0.571621001
v -4.96322393 -0.461017996 0.0504500009
v -4.96499777 -0.461017996 0
v -4.97069979 -0.460927993 0
v -4.96892691 -0.460927993 0.050875999
v -4.96398687 -0.460927993 0.108102001
v -4.9582839 -0.461017996 0.107358001
v -4.97125578 -0.460891992 0.0510490015
v -4.97303009 -0.460891992 0
v -4.97353697 -0.461082011 0
v -4.97176695 -0.461082011 0.0510980003
v -4.96683502 -0.461082011 0.108485997
v -4.96631622 -0.460891992 0.108406
v -4.95055819 -0.461017996 0.177178994
v -4.9582839 -0.461017996 0.107358001
v -4.96398687 -0.460927993 0.108102001
v -4.95626116 -0.460927993 0.178029999
v -4.94491005 -0.460927993 0.261274993
v -4.93920708 -0.461017996 0.260423988
v -4.95859003 -0.460891992 0.178377002
v -4.96631622 -0.460891992 0.108406
v -4.96683502 -0.461082011 0.108485997
v -4.9591198 -0.461082011 0.178457007
v -4.94777918 -0.461082011 0.261693001
v -4.94723892 -0.460891992 0.261622012
v -4.87851715 -0.513128996 0.587119997
v -4.88107586 -0.474045008 0.570423007
v -4.88677788 -0.473955989 0.571273983
v -4.88421917 -0.513040006 0.587970972
v -4.8845911 -0.56487602 0.589510977
v -4.87888908 -0.56496501 0.588660002
v -4.88654804 -0.513002992 0.58831799
v -4.88910818 -0.473919988 0.571621001
v -4.88967609 -0.474092007 0.571539998
v -4.887115 -0.513108015 0.588199973
v -4.88748407 -0.564848006 0.589730024
v -4.88691998 -0.564839005 0.589859009
v -4.87746096 -0.616250992 0.589999974
v -4.87888908 -0.56496501 0.588660002
v -4.8845911 -0.56487602 0.589510977
v -4.88316298 -0.616160989 0.590851009
v -4.88141489 -0.656709015 0.591773987
v -4.87571287 -0.656798005 0.590923011
v -4.8854928 -0.616124988 0.591198981
v -4.88691998 -0.564839005 0.589859009
v -4.88748407 -0.564848006 0.589730024
v -4.88606119 -0.616025984 0.591075003
v -4.88696909 -0.660332978 0.582193971
v -4.88374519 -0.656672001 0.592121005
v -4.87512398 -0.67641902 0.591211021
v -4.87571287 -0.656798005 0.590923011
v -4.88141489 -0.656709015 0.591773987
v -4.88082695 -0.67632997 0.592061996
v -4.88521481 -0.683229029 0.576390982
v -4.87955189 -0.683314025 0.575537026
v -4.88315582 -0.676293015 0.592410028
v -4.88374519 -0.656672001 0.592121005
v -4.88696909 -0.660332978 0.582193971
v -4.88804817 -0.67631501 0.576830983
v -4.89130306 -0.681432009 0.564626992
v -4.88752794 -0.683193982 0.576740026
v -4.92866087 -0.684240997 0.359351993
v -4.9106741 -0.685374022 0.454959005
v -4.91614008 -0.685310006 0.455830991
v -4.93420601 -0.684168994 0.360217988
v -4.94980621 -0.682964981 0.260674
v -4.94414282 -0.683049977 0.259723991
v -4.93647099 -0.684139013 0.360570997
v -4.91837311 -0.685284019 0.456187993
v -4.95261002 -0.680633008 0.261148006
v -4.95211983 -0.682929993 0.261061996
v -4.89285278 -0.685681999 0.528569996
v -4.87955189 -0.683314025 0.575537026
v -4.88521481 -0.683229029 0.576390982
v -4.89839792 -0.685609996 0.529434979
v -4.91614008 -0.685310006 0.455830991
v -4.9106741 -0.685374022 0.454959005
v -4.9006629 -0.685580015 0.529788971
v -4.88752794 -0.683193982 0.576740026
v -4.91837311 -0.685284019 0.456187993
v -4.95445108 -0.682568014 0.174049005
v -4.94414282 -0.683049977 0.259723991
v -4.94980621 -0.682964981 0.260674
v -4.96015406 -0.682479024 0.175281003
v -4.96700621 -0.682347 0.104423001
v -4.96130323 -0.682435989 0.103106998
v -4.96248198 -0.682442009 0.175784007
v -4.95211983 -0.682929993 0.261061996
v -4.95261002 -0.680633008 0.261148006
v -4.96982002 -0.680014014 0.105077997
v -4.96933508 -0.682310998 0.104961
v -4.96642113 -0.682296991 0.0476760007
v -4.9721241 -0.682208002 0.0484820008
v -4.97424889 -0.682137012 -0
v -4.96854591 -0.682226002 0
v -4.97445297 -0.682172 0.0488119982
v -4.97706318 -0.679803014 -0
v -4.97657824 -0.682099998 0
v -4.97177982 -0.654608011 0.0491879992
v -4.96709824 -0.655026019 0.105594002
v -4.96507406 -0.655049026 0.105336003
v -4.96975613 -0.654631019 0.0490409993
v -4.97157907 -0.654362977 0
v -4.97360277 -0.654340029 0
v -4.96888781 -0.654640019 0.0489769988
v -4.96420622 -0.655058026 0.105224997
v -4.96398211 -0.643959999 0.105490997
v -4.96861506 -0.643594027 0.0491500013
v -4.97071123 -0.654371977 0
v -4.96034098 -0.655207992 0.176436007
v -4.95004416 -0.655476987 0.261595011
v -4.94801998 -0.655499995 0.261299998
v -4.9583168 -0.655230999 0.176140994
v -4.96507406 -0.655049026 0.105336003
v -4.96709824 -0.655026019 0.105594002
v -4.95744896 -0.655239999 0.176014006
v -4.94715214 -0.655508995 0.26117301
v -4.94691086 -0.644369006 0.261247009
v -4.95722914 -0.644119024 0.176212996
v -4.96420622 -0.655058026 0.105224997
v -4.88707018 -0.611977994 0.581919014
v -4.88827705 -0.565599978 0.580343008
v -4.88625193 -0.565621972 0.580048025
v -4.88504601 -0.611999989 0.581623971
v -4.88758087 -0.646291971 0.56844902
v -4.88960505 -0.646269977 0.568744004
v -4.88417816 -0.612010002 0.581497014
v -4.88538504 -0.565631986 0.57992202
v -4.88863802 -0.565716028 0.565687001
v -4.8898921 -0.637362003 0.556729019
v -4.88671303 -0.646301985 0.568323016
v -4.90104294 -0.657436013 0.525575995
v -4.88960505 -0.646269977 0.568744004
v -4.88758087 -0.646291971 0.56844902
v -4.89901876 -0.657459021 0.525281012
v -4.91538906 -0.656940997 0.455042005
v -4.91741323 -0.656917989 0.455336988
v -4.89815187 -0.657468021 0.525153995
v -4.88671303 -0.646301985 0.568323016
v -4.89813519 -0.646121979 0.524878979
v -4.91430283 -0.645703971 0.454813987
v -4.91452122 -0.656949997 0.454916
v -4.93474007 -0.656156003 0.360953003
v -4.91741323 -0.656917989 0.455336988
v -4.91538906 -0.656940997 0.455042005
v -4.93271589 -0.656179011 0.36065799
v -4.94801998 -0.655499995 0.261299998
v -4.95004416 -0.655476987 0.261595011
v -4.931849 -0.656188011 0.360531002
v -4.91452122 -0.656949997 0.454916
v -4.91430283 -0.645703971 0.454813987
v -4.93158102 -0.645008981 0.360525995
v -4.94715214 -0.655508995 0.26117301
v -4.95838499 -0.469945014 0.178378999
v -4.96557903 -0.469945014 0.108886003
v -4.96355486 -0.469967991 0.108627997
v -4.95636177 -0.469967991 0.178084001
v -4.94543695 -0.469967991 0.260906011
v -4.94746113 -0.469945014 0.261202008
v -4.95549393 -0.469976991 0.177957997
v -4.96268797 -0.469976991 0.108516999
v -4.95551777 -0.482014 0.177912995
v -4.94465208 -0.482028991 0.260903001
v -4.94457006 -0.469976991 0.260780007
v -4.97017288 -0.469945014 0.0514330007
v -4.97181892 -0.469945014 0
v -4.96979523 -0.469967991 0
v -4.96814919 -0.469967991 0.0512849987
v -4.96355486 -0.469967991 0.108627997
v -4.96557903 -0.469945014 0.108886003
v -4.96728086 -0.469976991 0.0512220003
v -4.96892786 -0.469976991 0
v -4.96720886 -0.482014 0.0511140004
v -4.96265411 -0.482014 0.108370997
v -4.96268797 -0.469976991 0.108516999
v -4.90029907 -0.470086008 0.520910025
v -4.91472292 -0.469980001 0.451584011
v -4.91269922 -0.470003009 0.451288998
v -4.8982749 -0.470108002 0.520614982
v -4.88863707 -0.482199997 0.563961983
v -4.89065981 -0.482178003 0.564257026
v -4.89740801 -0.470117986 0.520488977
v -4.9118309 -0.470012009 0.45116201
v -4.91194916 -0.482133001 0.45153001
v -4.89037514 -0.491544992 0.552848995
v -4.88776922 -0.48221001 0.563835979
v -4.88806295 -0.518175006 0.579262018
v -4.89065981 -0.482178003 0.564257026
v -4.88863707 -0.482199997 0.563961983
v -4.88603878 -0.518197 0.578966975
v -4.88625193 -0.565621972 0.580048025
v -4.88827705 -0.565599978 0.580343008
v -4.88517094 -0.518207014 0.578840971
v -4.88776922 -0.48221001 0.563835979
v -4.88830709 -0.518257022 0.564561009
v -4.88863802 -0.565716028 0.565687001
v -4.88538504 -0.565631986 0.57992202
v -4.93167496 -0.469945014 0.358642012
v -4.94746113 -0.469945014 0.261202008
v -4.94543695 -0.469967991 0.260906011
v -4.92965078 -0.469967991 0.358346999
v -4.91269922 -0.470003009 0.451288998
v -4.91472292 -0.469980001 0.451584011
v -4.92878389 -0.469976991 0.358220994
v -4.94457006 -0.469976991 0.260780007
v -4.92889977 -0.482073992 0.358503997
v -4.91194916 -0.482133001 0.45153001
v -4.9118309 -0.470012009 0.45116201
v -4.93362188 -0.466187 0.359007001
v -4.93438578 -0.468980998 0.359057009
v -4.91742277 -0.469013005 0.452064991
v -4.91663122 -0.466208011 0.452210009
v -4.91572285 -0.46320501 0.452356994
v -4.93274593 -0.463196009 0.358943999
v -4.94855309 -0.463196009 0.261698991
v -4.94941902 -0.466187 0.261675
v -4.95017385 -0.468980998 0.261644006
v -4.93230009 -0.461672008 0.358911991
v -4.91526079 -0.461674988 0.452432007
v -4.91491985 -0.461082995 0.452437013
v -4.93196487 -0.461082011 0.35887599
v -4.94811106 -0.461672008 0.261712015
v -4.90026522 -0.461683989 0.524595976
v -4.89988422 -0.461084992 0.524805009
v -4.91526079 -0.461674988 0.452432007
v -4.91572285 -0.46320501 0.452356994
v -4.90083313 -0.463232011 0.523995996
v -4.89076185 -0.476020008 0.56991899
v -4.89009523 -0.474629998 0.571102977
v -4.88967609 -0.474092007 0.571539998
v -4.90194798 -0.466268986 0.522818983
v -4.91663122 -0.466208011 0.452210009
v -4.91742277 -0.469013005 0.452064991
v -4.90293503 -0.469107002 0.521710992
v -4.89323616 -0.481296003 0.565415978
v -4.89206886 -0.478747994 0.567595005
v -4.88753319 -0.513444006 0.587652028
v -4.887115 -0.513108015 0.588199973
v -4.88819313 -0.514312029 0.586181998
v -4.88852406 -0.565017998 0.587605
v -4.88789082 -0.564894021 0.589151978
v -4.88748407 -0.564848006 0.589730024
v -4.88948822 -0.516017973 0.583298028
v -4.89064312 -0.517611027 0.580595016
v -4.890872 -0.565491021 0.581723988
v -4.88976717 -0.56526202 0.584568024
v -4.97266912 -0.466187 0.0514249988
v -4.97302103 -0.468980998 0.0515929982
v -4.96839094 -0.468980998 0.109186001
v -4.96793318 -0.466187 0.108949997
v -4.96738386 -0.463196009 0.108690999
v -4.9722352 -0.463196009 0.0512400009
v -4.97397614 -0.463196009 0
v -4.9743681 -0.466187 0
v -4.97467995 -0.468980998 0
v -4.972013 -0.461672008 0.0511460006
v -4.96710396 -0.461672008 0.108557999
v -4.97176695 -0.461082011 0.0510980003
v -4.97377586 -0.461672008 0
v -4.96051979 -0.466187 0.178678006
v -4.96114302 -0.468980998 0.178777993
v -4.94941902 -0.466187 0.261675
v -4.94855309 -0.463196009 0.261698991
v -4.95979404 -0.463196009 0.178562999
v -4.95942402 -0.461672008 0.178504005
v -4.94811106 -0.461672008 0.261712015
v -4.94777918 -0.461082011 0.261693001
v -4.9591198 -0.461082011 0.178457007
v -4.93743277 -0.664938986 0.360760003
v -4.93736982 -0.667867005 0.360711008
v -4.91952515 -0.666037023 0.456257999
v -4.91969585 -0.664345026 0.456169993
v -4.93749714 -0.663308978 0.360877991
v -4.95290804 -0.662250996 0.261429012
v -4.95286798 -0.663796008 0.261290997
v -4.95284081 -0.666687012 0.261231005
v -4.93762207 -0.66010797 0.361108005
v -4.92003202 -0.661022007 0.455996007
v -4.92029095 -0.657920003 0.455826014
v -4.93768406 -0.657119989 0.361315995
v -4.95300293 -0.656387985 0.261945009
v -4.95298481 -0.659219027 0.261700004
v -4.88648319 -0.615750015 0.590512991
v -4.88606119 -0.616025984 0.591075003
v -4.88789082 -0.564894021 0.589151978
v -4.88852406 -0.565017998 0.587605
v -4.88715315 -0.615046024 0.589004993
v -4.88981104 -0.65230602 0.574678004
v -4.88916922 -0.65368402 0.575923979
v -4.88846922 -0.613664985 0.58604598
v -4.88976717 -0.56526202 0.584568024
v -4.890872 -0.565491021 0.581723988
v -4.88964319 -0.612375021 0.58327502
v -4.89219522 -0.647077978 0.569939971
v -4.8910718 -0.649603009 0.572232008
v -4.90181017 -0.666365981 0.529576004
v -4.90160799 -0.669304013 0.529828012
v -4.90222979 -0.664708018 0.528918028
v -4.91969585 -0.664345026 0.456169993
v -4.91952515 -0.666037023 0.456257999
v -4.91940308 -0.668991029 0.456290007
v -4.90305424 -0.661454976 0.527626991
v -4.90376902 -0.658415973 0.526413023
v -4.92029095 -0.657920003 0.455826014
v -4.92003202 -0.661022007 0.455996007
v -4.96316385 -0.663334012 0.176058993
v -4.95284081 -0.666687012 0.261231005
v -4.95286798 -0.663796008 0.261290997
v -4.95290804 -0.662250996 0.261429012
v -4.96320295 -0.661825001 0.176210999
v -4.97003222 -0.661679983 0.10537
v -4.9700079 -0.663197994 0.105231002
v -4.96999693 -0.666077018 0.105171002
v -4.96328115 -0.658863008 0.176507995
v -4.95298481 -0.659219027 0.261700004
v -4.96330023 -0.656096995 0.176778004
v -4.97006702 -0.655920982 0.105889998
v -4.97007799 -0.658702016 0.105641998
v -4.97508812 -0.663034022 0.0489730015
v -4.97503805 -0.661469996 0.0490540005
v -4.97708607 -0.661347985 0
v -4.97718716 -0.662945986 0
v -4.97722292 -0.665857017 -0
v -4.97493887 -0.658398986 0.0492120013
v -4.97479296 -0.655530989 0.0493559986
v -4.9766469 -0.655283988 0
v -4.97688723 -0.658212006 0
v -4.76651621 -0.674670994 0.569067001
v -4.7684412 -0.674521029 0.553269029
v -4.76844978 -0.665363014 0.553296983
v -4.76652479 -0.665512979 0.569095016
v -4.77980709 -0.665780008 0.571896017
v -4.77979898 -0.674938023 0.571866989
v -4.78336477 -0.681707978 0.556330979
v -4.76993179 -0.681421995 0.553555012
v -4.77147293 -0.679524004 0.541285992
v -4.81571007 -0.675660014 0.579437017
v -4.81571913 -0.666501999 0.579465985
v -4.85172081 -0.65446198 0.586623013
v -4.85172892 -0.676362991 0.586993992
v -4.85610294 -0.683233023 0.571331978
v -4.81968498 -0.682479978 0.563838005
v -4.83162785 -0.684623003 0.51709801
v -4.86924219 -0.685526013 0.524406016
v -4.88666105 -0.685154974 0.450984001
v -4.84736919 -0.684112012 0.444288999
v -4.80811501 -0.683049023 0.437593013
v -4.79408407 -0.683700025 0.509782016
v -4.81968498 -0.682479978 0.563838005
v -4.85610294 -0.683233023 0.571331978
v -4.7801981 -0.683358014 0.507076025
v -4.79359579 -0.68265599 0.435117006
v -4.79198599 -0.680323005 0.434848994
v -4.77865696 -0.681030989 0.506781995
v -4.76993179 -0.681421995 0.553555012
v -4.86273718 -0.682973027 0.35047999
v -4.90387487 -0.684032977 0.355838001
v -4.91862917 -0.682880998 0.256556004
v -4.8760128 -0.68186599 0.252739996
v -4.83340788 -0.680827022 0.248971999
v -4.82161903 -0.681891024 0.34514001
v -4.80811501 -0.683049023 0.437593013
v -4.84736919 -0.684112012 0.444288999
v -4.88666105 -0.685154974 0.450984001
v -4.80641079 -0.681491017 0.34316501
v -4.81765079 -0.680442989 0.247578993
v -4.81590223 -0.678111017 0.247430995
v -4.80472279 -0.679157019 0.342952996
v -4.79359579 -0.68265599 0.435117006
v -4.89527702 -0.681411028 0.0450479984
v -4.94009399 -0.682209015 0.0458110012
v -4.94196796 -0.682159007 0
v -4.89639711 -0.681424022 0
v -4.85080004 -0.68066901 0
v -4.85044384 -0.680592 0.044360999
v -4.84805202 -0.680481017 0.0968609974
v -4.89170599 -0.681407988 0.0983439982
v -4.93536282 -0.682313025 0.0999450013
v -4.83386278 -0.68028897 0.0441070013
v -4.83393478 -0.68039 0
v -4.83206415 -0.678068995 0
v -4.83202219 -0.677964985 0.0440829992
v -4.83190489 -0.680137992 0.0963129997
v -4.88547707 -0.681451976 0.168135002
v -4.92866611 -0.682421982 0.170726001
v -4.84229708 -0.680458009 0.165638998
v -4.83340788 -0.680827022 0.248971999
v -4.8760128 -0.68186599 0.252739996
v -4.91862917 -0.682880998 0.256556004
v -4.82632494 -0.680091023 0.164716005
v -4.82455301 -0.677760005 0.164619997
v -4.81765079 -0.680442989 0.247578993
v -4.93724823 -0.674957991 -0.360684007
v -4.93736982 -0.667867005 -0.360711008
v -4.91940308 -0.668991029 -0.456290007
v -4.91921282 -0.676096022 -0.456295013
v -4.91889095 -0.682983994 -0.456263989
v -4.93697691 -0.681840003 -0.360648006
v -4.95261002 -0.680633008 -0.261148006
v -4.95280313 -0.673758984 -0.261193991
v -4.95284081 -0.666687012 -0.261231005
v -4.90144014 -0.676398993 -0.529901028
v -4.90160799 -0.669304013 -0.529828012
v -4.88696909 -0.660332978 -0.582193971
v -4.88804817 -0.67631501 -0.576830983
v -4.89130306 -0.681432009 -0.564626992
v -4.90116978 -0.683281004 -0.52986598
v -4.91889095 -0.682983994 -0.456263989
v -4.91921282 -0.676096022 -0.456295013
v -4.91940308 -0.668991029 -0.456290007
v -4.96313381 -0.673273981 -0.175952002
v -4.96314621 -0.666209996 -0.175992996
v -4.95284081 -0.666687012 -0.261231005
v -4.95280313 -0.673758984 -0.261193991
v -4.95261002 -0.680633008 -0.261148006
v -4.96296692 -0.680145025 -0.175896004
v -4.96982002 -0.680014014 -0.105077997
v -4.96998692 -0.673143029 -0.105134003
v -4.96999693 -0.666077018 -0.105171002
v -4.97510481 -0.673003972 -0.0489169993
v -4.97510481 -0.665932 -0.0489379987
v -4.96999693 -0.666077018 -0.105171002
v -4.96998692 -0.673143029 -0.105134003
v -4.96982002 -0.680014014 -0.105077997
v -4.97493696 -0.679875016 -0.0488829985
v -4.77814913 -0.67414999 -0.506703019
v -4.77815819 -0.664991021 -0.506731987
v -4.7914629 -0.664281011 -0.434807003
v -4.79145384 -0.673439026 -0.434778988
v -4.79198503 -0.680323005 -0.434848994
v -4.77865601 -0.681030989 -0.506781995
v -4.77147293 -0.679524004 -0.541285992
v -4.76843977 -0.674521029 -0.553269029
v -4.76844978 -0.665363014 -0.553296983
v -4.80416679 -0.672273993 -0.342900991
v -4.80417585 -0.663115978 -0.342929989
v -4.81533384 -0.662069976 -0.247428998
v -4.81532478 -0.671227992 -0.247400999
v -4.81590223 -0.678111017 -0.247430995
v -4.80472279 -0.679157019 -0.342952996
v -4.79198503 -0.680323005 -0.434848994
v -4.79145384 -0.673439026 -0.434778988
v -4.7914629 -0.664281011 -0.434807003
v -4.83141518 -0.671086013 -0.0440840013
v -4.83142424 -0.661927998 -0.044098001
v -4.83202219 -0.677965999 -0.0440829992
v -4.83011293 -0.677810013 -0.0962579995
v -4.82952213 -0.670929015 -0.0962570012
v -4.82953215 -0.661770999 -0.0962819979
v -4.82396793 -0.670877993 -0.164608002
v -4.82397699 -0.661719978 -0.164636001
v -4.82953215 -0.661770999 -0.0962819979
v -4.82952213 -0.670929015 -0.0962570012
v -4.83011293 -0.677810013 -0.0962579995
v -4.82455301 -0.677760005 -0.164619997
v -4.81590223 -0.678111017 -0.247430995
v -4.81532478 -0.671227992 -0.247400999
v -4.81533384 -0.662069976 -0.247428998
v -4.96837187 -0.610450029 -0.0497100018
v -4.96388721 -0.610659003 -0.106361002
v -4.96398211 -0.643959999 -0.105490997
v -4.96861506 -0.643594027 -0.0491500013
v -4.96805811 -0.56527102 -0.0503679998
v -4.96368313 -0.565322995 -0.107359
v -4.95714712 -0.61075002 -0.176892996
v -4.94676495 -0.610943973 -0.261554003
v -4.94691086 -0.644369006 -0.261247009
v -4.95723009 -0.644119024 -0.176212996
v -4.95689487 -0.565346003 -0.177596003
v -4.94639301 -0.565469027 -0.261716008
v -4.898664 -0.612078011 -0.524137974
v -4.9142251 -0.611957014 -0.454593003
v -4.91388607 -0.566091001 -0.453983009
v -4.89897203 -0.56596297 -0.523066998
v -4.88863802 -0.565716028 -0.565687001
v -4.88765478 -0.612029016 -0.56713599
v -4.8898921 -0.637362003 -0.556729019
v -4.89813519 -0.646121979 -0.524878979
v -4.91430283 -0.645703971 -0.454813987
v -4.93135786 -0.61146301 -0.360592991
v -4.9142251 -0.611957014 -0.454593003
v -4.91430283 -0.645703971 -0.454813987
v -4.93158102 -0.645008981 -0.360525995
v -4.94691086 -0.644369006 -0.261247009
v -4.94676495 -0.610943973 -0.261554003
v -4.94639301 -0.565469027 -0.261716008
v -4.93087482 -0.565822005 -0.36035499
v -4.91388607 -0.566091001 -0.453983009
v -4.95616913 -0.518118978 -0.177864999
v -4.94547415 -0.518177986 -0.261357009
v -4.95689487 -0.565346003 -0.177596003
v -4.96368313 -0.565322995 -0.107359
v -4.96312809 -0.518118978 -0.108006999
v -4.96265411 -0.482014 -0.108370997
v -4.95551777 -0.482014 -0.177912995
v -4.94465208 -0.482028991 -0.260903001
v -4.96756887 -0.518118978 -0.0508330017
v -4.96805811 -0.56527102 -0.0503679998
v -4.96720886 -0.482014 -0.0511140004
v -4.89829206 -0.518402994 -0.521804988
v -4.89897203 -0.56596297 -0.523066998
v -4.91388607 -0.566091001 -0.453983009
v -4.91287994 -0.51848799 -0.452715993
v -4.91194916 -0.482133001 -0.45153001
v -4.89748383 -0.482190996 -0.520797014
v -4.89037514 -0.491544992 -0.552848995
v -4.88830709 -0.518257022 -0.564561009
v -4.88863802 -0.565716028 -0.565687001
v -4.92982578 -0.518356979 -0.359436989
v -4.91287994 -0.51848799 -0.452715993
v -4.93087482 -0.565822005 -0.36035499
v -4.94639301 -0.565469027 -0.261716008
v -4.94547415 -0.518177986 -0.261357009
v -4.94465208 -0.482028991 -0.260903001
v -4.92889977 -0.482073992 -0.358503997
v -4.91194916 -0.482133001 -0.45153001
v -4.97459984 -0.654577017 -0.0493940003
v -4.96991682 -0.654995024 -0.105953999
v -4.97006702 -0.655920982 -0.105889998
v -4.97479296 -0.655530989 -0.0493559986
v -4.97378588 -0.654586017 -0.0493340008
v -4.96910381 -0.655004025 -0.105850004
v -4.96316099 -0.655176997 -0.176846996
v -4.95286417 -0.655445993 -0.262006015
v -4.95300293 -0.656387985 -0.261945009
v -4.96330023 -0.656096995 -0.176778004
v -4.97006702 -0.655920982 -0.105889998
v -4.96991682 -0.654995024 -0.105953999
v -4.96910381 -0.655004025 -0.105850004
v -4.96234703 -0.655185997 -0.176727995
v -4.95205021 -0.655454993 -0.261887014
v -4.88988876 -0.611947 -0.582329988
v -4.89109612 -0.565568984 -0.580754995
v -4.890872 -0.565491021 -0.581723988
v -4.88964319 -0.612375021 -0.58327502
v -4.89219522 -0.647077978 -0.569939971
v -4.89242506 -0.646238029 -0.569154978
v -4.8916111 -0.646247029 -0.56903702
v -4.88907623 -0.611956 -0.582211018
v -4.89028311 -0.565577984 -0.580636024
v -4.90386295 -0.657405019 -0.525987029
v -4.89242506 -0.646238029 -0.569154978
v -4.89219522 -0.647077978 -0.569939971
v -4.90376902 -0.658415973 -0.526413023
v -4.92029095 -0.657920003 -0.455826014
v -4.92023182 -0.656886995 -0.455747992
v -4.91941881 -0.656895995 -0.455630004
v -4.90304899 -0.657414019 -0.525867999
v -4.8916111 -0.646247029 -0.56903702
v -4.93756008 -0.656125009 -0.361364007
v -4.92023182 -0.656886995 -0.455747992
v -4.92029095 -0.657920003 -0.455826014
v -4.93768406 -0.657119989 -0.361315995
v -4.95300293 -0.656387985 -0.261945009
v -4.95286417 -0.655445993 -0.262006015
v -4.95205021 -0.655454993 -0.261887014
v -4.93674707 -0.656134009 -0.361245006
v -4.91941881 -0.656895995 -0.455630004
v -4.96120501 -0.469913989 -0.178790003
v -4.96839905 -0.469913989 -0.109246001
v -4.96839094 -0.468980998 -0.109186001
v -4.96114302 -0.468980998 -0.178777993
v -4.95017385 -0.468980998 -0.261644006
v -4.95028114 -0.469913989 -0.261613011
v -4.94946814 -0.46992299 -0.261494011
v -4.960392 -0.46992299 -0.178672001
v -4.96758509 -0.46992299 -0.109141998
v -4.97299194 -0.469913989 -0.0516390018
v -4.97302103 -0.468980998 -0.0515929982
v -4.96839094 -0.468980998 -0.109186001
v -4.96839905 -0.469913989 -0.109246001
v -4.96758509 -0.46992299 -0.109141998
v -4.97217798 -0.46992299 -0.0515789986
v -4.90311909 -0.470054001 -0.521320999
v -4.91754293 -0.469949007 -0.451994985
v -4.91742277 -0.469013005 -0.452064991
v -4.90293503 -0.469107002 -0.521710992
v -4.89323616 -0.481296003 -0.565415978
v -4.89347982 -0.482147008 -0.564668
v -4.89266586 -0.482156008 -0.564549983
v -4.90230513 -0.470063001 -0.521202981
v -4.91672897 -0.469958007 -0.451876014
v -4.89088297 -0.518144011 -0.579672992
v -4.89347982 -0.482147008 -0.564668
v -4.89323616 -0.481296003 -0.565415978
v -4.89064312 -0.517611027 -0.580595016
v -4.890872 -0.565491021 -0.581723988
v -4.89109612 -0.565568984 -0.580754995
v -4.89028311 -0.565577984 -0.580636024
v -4.89006901 -0.518153012 -0.579554975
v -4.89266586 -0.482156008 -0.564549983
v -4.93449497 -0.469913989 -0.359052986
v -4.95028114 -0.469913989 -0.261613011
v -4.95017385 -0.468980998 -0.261644006
v -4.93438578 -0.468980998 -0.359057009
v -4.91742277 -0.469013005 -0.452064991
v -4.91754293 -0.469949007 -0.451994985
v -4.91672897 -0.469958007 -0.451876014
v -4.93368101 -0.46992299 -0.358934999
v -4.94946814 -0.46992299 -0.261494011
v -4.91360521 -0.461171001 -0.356141001
v -4.92941904 -0.461171001 -0.258964002
v -4.92702007 -0.461207986 -0.258605987
v -4.91120577 -0.461207986 -0.355782986
v -4.89415884 -0.461207986 -0.449357986
v -4.89655781 -0.461171001 -0.449716002
v -4.90020514 -0.461113989 -0.450260013
v -4.91725206 -0.461113989 -0.356685013
v -4.93306494 -0.461113989 -0.259508014
v -4.88150787 -0.461171001 -0.522152007
v -4.89655781 -0.461171001 -0.449716002
v -4.89415884 -0.461207986 -0.449357986
v -4.87910795 -0.461207986 -0.521794021
v -4.8688879 -0.474236012 -0.568605006
v -4.87128687 -0.474198014 -0.568962991
v -4.8749342 -0.474141002 -0.569507003
v -4.8851552 -0.461113989 -0.522696018
v -4.90020514 -0.461113989 -0.450260013
v -4.95343494 -0.461171001 -0.0497200005
v -4.95103598 -0.461207986 -0.0495410003
v -4.9460969 -0.461207986 -0.105766997
v -4.94849586 -0.461171001 -0.106080003
v -4.95214319 -0.461113989 -0.106555998
v -4.95708179 -0.461113989 -0.0499919988
v -4.94077015 -0.461171001 -0.175718993
v -4.94849586 -0.461171001 -0.106080003
v -4.9460969 -0.461207986 -0.105766997
v -4.93837118 -0.461207986 -0.175360993
v -4.92702007 -0.461207986 -0.258605987
v -4.92941904 -0.461171001 -0.258964002
v -4.93306494 -0.461113989 -0.259508014
v -4.94441605 -0.461113989 -0.176263005
v -4.95214319 -0.461113989 -0.106555998
v -4.86872816 -0.513282001 -0.585659981
v -4.87128687 -0.474198014 -0.568962991
v -4.8688879 -0.474236012 -0.568605006
v -4.86632919 -0.513319016 -0.585301995
v -4.86670113 -0.565155983 -0.586842
v -4.86910009 -0.565118015 -0.587199986
v -4.87274599 -0.565060973 -0.587743998
v -4.87237501 -0.513225019 -0.586203992
v -4.8749342 -0.474141002 -0.569507003
v -4.86767197 -0.616403997 -0.588540018
v -4.86910009 -0.565118015 -0.587199986
v -4.865273 -0.616441011 -0.588181973
v -4.85172081 -0.65446198 -0.586623013
v -4.86592388 -0.65695101 -0.589462996
v -4.86957121 -0.656894028 -0.590007007
v -4.87131882 -0.616347015 -0.589084029
v -4.87274599 -0.565060973 -0.587743998
v -4.86533594 -0.676572025 -0.589751005
v -4.86592388 -0.65695101 -0.589462996
v -4.85172987 -0.676362991 -0.586993992
v -4.85610294 -0.683233023 -0.571331978
v -4.86983109 -0.683459997 -0.574069977
v -4.87345219 -0.683404982 -0.574616015
v -4.86898184 -0.676514983 -0.590295017
v -4.86957121 -0.656894028 -0.590007007
v -4.9191432 -0.684364974 -0.357867002
v -4.90129089 -0.685483992 -0.453460991
v -4.88666105 -0.685154974 -0.450984001
v -4.90387487 -0.684032977 -0.355838001
v -4.91862917 -0.682880998 -0.256556004
v -4.93442202 -0.683196008 -0.258094013
v -4.93804407 -0.683142006 -0.258700997
v -4.92268801 -0.684319019 -0.358420014
v -4.90478611 -0.685442984 -0.45401901
v -4.88333511 -0.685805976 -0.527083993
v -4.86983109 -0.683459997 -0.574069977
v -4.85610294 -0.683233023 -0.571331978
v -4.86924219 -0.685526013 -0.524406016
v -4.88666105 -0.685154974 -0.450984001
v -4.90129089 -0.685483992 -0.453460991
v -4.90478611 -0.685442984 -0.45401901
v -4.88688087 -0.685760021 -0.527637005
v -4.87345219 -0.683404982 -0.574616015
v -4.94466209 -0.682721019 -0.171935007
v -4.93442202 -0.683196008 -0.258094013
v -4.92866611 -0.682421982 -0.170726001
v -4.93536282 -0.682313025 -0.0999450013
v -4.9515152 -0.682588995 -0.100847997
v -4.95516109 -0.682532012 -0.101690002
v -4.94830894 -0.682663977 -0.172722995
v -4.93804407 -0.683142006 -0.258700997
v -4.95663309 -0.682449996 -0.0462910011
v -4.94009399 -0.682209015 -0.0458110012
v -4.96027899 -0.682393014 -0.0468069986
v -4.92339277 -0.461017996 -0.357602
v -4.93920708 -0.461017996 -0.260423988
v -4.90634584 -0.461017996 -0.451177001
v -4.91204882 -0.460927993 -0.452026993
v -4.92909622 -0.460927993 -0.358453006
v -4.94491005 -0.460927993 -0.261274993
v -4.93142509 -0.460891992 -0.358799994
v -4.94723892 -0.460891992 -0.261622012
v -4.91437817 -0.460891992 -0.452374995
v -4.91491985 -0.461082995 -0.452437013
v -4.93196487 -0.461082011 -0.35887599
v -4.94777918 -0.461082011 -0.261693001
v -4.89129591 -0.461017996 -0.523612976
v -4.90634584 -0.461017996 -0.451177001
v -4.88107586 -0.474045008 -0.570423007
v -4.88677788 -0.473955989 -0.571273983
v -4.89699888 -0.460927993 -0.524462998
v -4.91204882 -0.460927993 -0.452026993
v -4.89932823 -0.460891992 -0.524811029
v -4.91437817 -0.460891992 -0.452374995
v -4.88910818 -0.473919988 -0.571621001
v -4.88967609 -0.474092007 -0.571539998
v -4.89988422 -0.461084992 -0.524805009
v -4.91491985 -0.461082995 -0.452437013
v -4.96322393 -0.461017996 -0.0504500009
v -4.9582839 -0.461017996 -0.107358001
v -4.96398687 -0.460927993 -0.108102001
v -4.96892691 -0.460927993 -0.050875999
v -4.97125578 -0.460891992 -0.0510490015
v -4.96631622 -0.460891992 -0.108406
v -4.96683502 -0.461082011 -0.108485997
v -4.97176695 -0.461082011 -0.0510980003
v -4.95055819 -0.461017996 -0.177178994
v -4.9582839 -0.461017996 -0.107358001
v -4.93920708 -0.461017996 -0.260423988
v -4.94491005 -0.460927993 -0.261274993
v -4.95626116 -0.460927993 -0.178029999
v -4.96398687 -0.460927993 -0.108102001
v -4.95859098 -0.460891992 -0.178377002
v -4.96631622 -0.460891992 -0.108406
v -4.94723892 -0.460891992 -0.261622012
v -4.94777918 -0.461082011 -0.261693001
v -4.9591198 -0.461082011 -0.178457007
v -4.96683502 -0.461082011 -0.108485997
v -4.8785162 -0.513128996 -0.587119997
v -4.88107586 -0.474045008 -0.570423007
v -4.87888813 -0.56496501 -0.588660002
v -4.8845911 -0.56487602 -0.589510977
v -4.88421917 -0.513040006 -0.587970972
v -4.88677788 -0.473955989 -0.571273983
v -4.886549 -0.513002992 -0.58831799
v -4.88910818 -0.473919988 -0.571621001
v -4.88691998 -0.564839005 -0.589859009
v -4.88748407 -0.564848006 -0.589730024
v -4.88711596 -0.513108015 -0.588199973
v -4.88967609 -0.474092007 -0.571539998
v -4.87746 -0.616250992 -0.589999974
v -4.87888813 -0.56496501 -0.588660002
v -4.87571287 -0.656798005 -0.590923011
v -4.88141489 -0.656709015 -0.591773987
v -4.88316298 -0.616160989 -0.590851009
v -4.8845911 -0.56487602 -0.589510977
v -4.88549185 -0.616124988 -0.591198981
v -4.88691998 -0.564839005 -0.589859009
v -4.88374519 -0.656672001 -0.592121005
v -4.88696909 -0.660332978 -0.582193971
v -4.88606119 -0.616025984 -0.591075003
v -4.88748407 -0.564848006 -0.589730024
v -4.87512398 -0.67641902 -0.591211021
v -4.87571287 -0.656798005 -0.590923011
v -4.87955189 -0.683314025 -0.575537026
v -4.88521481 -0.683229029 -0.576390982
v -4.88082695 -0.67632997 -0.592061996
v -4.88141489 -0.656709015 -0.591773987
v -4.88315582 -0.676294029 -0.592410028
v -4.88374519 -0.656672001 -0.592121005
v -4.88752794 -0.683193982 -0.576740026
v -4.89130306 -0.681432009 -0.564626992
v -4.88804817 -0.67631501 -0.576830983
v -4.88696909 -0.660332978 -0.582193971
v -4.92866087 -0.684240997 -0.359351993
v -4.9106741 -0.685374022 -0.454959005
v -4.94414282 -0.683049977 -0.259723991
v -4.94980621 -0.682964981 -0.260674
v -4.93420601 -0.684168994 -0.360217988
v -4.91614008 -0.685310006 -0.455830991
v -4.93647099 -0.684139013 -0.360570997
v -4.91837311 -0.685284019 -0.456187993
v -4.95211983 -0.682929993 -0.261061996
v -4.95261002 -0.680633008 -0.261148006
v -4.89285278 -0.685681999 -0.528569996
v -4.87955189 -0.683314025 -0.575537026
v -4.9106741 -0.685374022 -0.454959005
v -4.91614008 -0.685310006 -0.455830991
v -4.89839792 -0.685609996 -0.529434979
v -4.88521481 -0.683229029 -0.576390982
v -4.9006629 -0.685580015 -0.529788971
v -4.88752794 -0.683193982 -0.576740026
v -4.91837311 -0.685284019 -0.456187993
v -4.95445108 -0.682568014 -0.174049005
v -4.94414282 -0.683049977 -0.259723991
v -4.96130323 -0.682435989 -0.103106998
v -4.96700621 -0.682347 -0.104423001
v -4.96015406 -0.682479024 -0.175281003
v -4.94980621 -0.682964981 -0.260674
v -4.96248198 -0.682442009 -0.175784007
v -4.95211983 -0.682929993 -0.261061996
v -4.96933508 -0.682310998 -0.104961
v -4.96982002 -0.680014014 -0.105077997
v -4.95261002 -0.680633008 -0.261148006
v -4.96642113 -0.682296991 -0.0476760007
v -4.9721241 -0.682208002 -0.0484820008
v -4.97445297 -0.682172 -0.0488119982
v -4.97177982 -0.654608011 -0.0491879992
v -4.96709824 -0.655026019 -0.105594002
v -4.96975708 -0.654631019 -0.0490409993
v -4.96507406 -0.655049026 -0.105336003
v -4.96888924 -0.654640019 -0.0489769988
v -4.96420717 -0.655058026 -0.105224997
v -4.96861506 -0.643594027 -0.0491500013
v -4.96398211 -0.643959999 -0.105490997
v -4.96034098 -0.655207992 -0.176436007
v -4.95004416 -0.655476987 -0.261595011
v -4.96709824 -0.655026019 -0.105594002
v -4.96507406 -0.655049026 -0.105336003
v -4.9583168 -0.655230999 -0.176140994
v -4.94801998 -0.655499995 -0.261299998
v -4.95744991 -0.655239999 -0.176014006
v -4.94715309 -0.655508995 -0.26117301
v -4.96420717 -0.655058026 -0.105224997
v -4.95723009 -0.644119024 -0.176212996
v -4.94691086 -0.644369006 -0.261247009
v -4.88707018 -0.611977994 -0.581919014
v -4.88827705 -0.565599978 -0.580343008
v -4.88960505 -0.646269977 -0.568744004
v -4.88758087 -0.646291971 -0.56844902
v -4.88504601 -0.611999989 -0.581623971
v -4.88625193 -0.565621972 -0.580048025
v -4.88417816 -0.612010002 -0.581497014
v -4.88538504 -0.565631986 -0.57992202
v -4.88671303 -0.646301985 -0.568323016
v -4.8898921 -0.637362003 -0.556729019
v -4.88863802 -0.565716028 -0.565687001
v -4.90104294 -0.657436013 -0.525575995
v -4.88960505 -0.646269977 -0.568744004
v -4.91741323 -0.656917989 -0.455336988
v -4.91538906 -0.656940997 -0.455042005
v -4.89901876 -0.657459021 -0.525281012
v -4.88758087 -0.646291971 -0.56844902
v -4.89815187 -0.657468021 -0.525153995
v -4.88671303 -0.646301985 -0.568323016
v -4.91452217 -0.656949997 -0.454916
v -4.91430283 -0.645703971 -0.454813987
v -4.89813519 -0.646121979 -0.524878979
v -4.93474102 -0.656156003 -0.360953003
v -4.91741323 -0.656917989 -0.455336988
v -4.95004416 -0.655476987 -0.261595011
v -4.94801998 -0.655499995 -0.261299998
v -4.93271589 -0.656179011 -0.36065799
v -4.91538906 -0.656940997 -0.455042005
v -4.931849 -0.656188011 -0.360531002
v -4.91452217 -0.656949997 -0.454916
v -4.94715309 -0.655508995 -0.26117301
v -4.93158102 -0.645008981 -0.360525995
v -4.91430283 -0.645703971 -0.454813987
v -4.95838594 -0.469945014 -0.178378999
v -4.96557999 -0.469945014 -0.108886003
v -4.94746113 -0.469945014 -0.261202008
v -4.94543695 -0.469967991 -0.260906994
v -4.95636177 -0.469967991 -0.178084001
v -4.96355486 -0.469967991 -0.108627997
v -4.95549393 -0.469976991 -0.177957997
v -4.96268797 -0.469976991 -0.108516999
v -4.94457006 -0.469976991 -0.260780007
v -4.94465208 -0.482028991 -0.260903001
v -4.95551777 -0.482014 -0.177912995
v -4.97017193 -0.469945014 -0.0514330007
v -4.96557999 -0.469945014 -0.108886003
v -4.96355486 -0.469967991 -0.108627997
v -4.96814919 -0.469967991 -0.0512849987
v -4.96728086 -0.469976991 -0.0512220003
v -4.96268797 -0.469976991 -0.108516999
v -4.96265411 -0.482014 -0.108370997
v -4.96720886 -0.482014 -0.0511140004
v -4.90029907 -0.470086008 -0.520910025
v -4.91472292 -0.469980001 -0.451584011
v -4.89065981 -0.482178003 -0.564257026
v -4.88863707 -0.482199997 -0.563961983
v -4.8982749 -0.470108002 -0.520614982
v -4.91269922 -0.470003009 -0.451288998
v -4.89740801 -0.470117986 -0.520488977
v -4.91183186 -0.470012009 -0.45116201
v -4.88776922 -0.48221001 -0.563835979
v -4.89037514 -0.491544992 -0.552848995
v -4.91194916 -0.482133001 -0.45153001
v -4.88806295 -0.518175006 -0.579262018
v -4.89065981 -0.482178003 -0.564257026
v -4.88827705 -0.565599978 -0.580343008
v -4.88625193 -0.565621972 -0.580048025
v -4.88603878 -0.518197 -0.578966975
v -4.88863707 -0.482199997 -0.563961983
v -4.88517189 -0.518207014 -0.578840971
v -4.88776922 -0.48221001 -0.563835979
v -4.88538504 -0.565631986 -0.57992202
v -4.88863802 -0.565716028 -0.565687001
v -4.88830709 -0.518257022 -0.564561009
v -4.93167496 -0.469945014 -0.358642012
v -4.94746113 -0.469945014 -0.261202008
v -4.91472292 -0.469980001 -0.451584011
v -4.91269922 -0.470003009 -0.451288998
v -4.92965078 -0.469967991 -0.358346999
v -4.94543695 -0.469967991 -0.260906994
v -4.92878389 -0.469976991 -0.358220994
v -4.94457006 -0.469976991 -0.260780007
v -4.91183186 -0.470012009 -0.45116201
v -4.91194916 -0.482133001 -0.45153001
v -4.92889977 -0.482073992 -0.358503997
v -4.93362188 -0.466187 -0.359007001
v -4.91663122 -0.466208011 -0.452210009
v -4.91742277 -0.469013005 -0.452064991
v -4.93438578 -0.468980998 -0.359057009
v -4.95017385 -0.468980998 -0.261644006
v -4.94941902 -0.466187 -0.261675
v -4.94855309 -0.463196009 -0.261698991
v -4.93274593 -0.463196009 -0.358943999
v -4.91572285 -0.46320501 -0.452356994
v -4.93230009 -0.461672008 -0.358911991
v -4.91526079 -0.461674988 -0.452432007
v -4.94811106 -0.461672008 -0.261712015
v -4.93196487 -0.461082011 -0.35887599
v -4.91491985 -0.461082995 -0.452437013
v -4.90026617 -0.461683989 -0.524595976
v -4.91526079 -0.461674988 -0.452432007
v -4.89988422 -0.461084992 -0.524805009
v -4.88967609 -0.474092007 -0.571539998
v -4.89009619 -0.474629998 -0.571102977
v -4.89076185 -0.476020008 -0.56991899
v -4.90083313 -0.463232011 -0.523995996
v -4.91572285 -0.46320501 -0.452356994
v -4.90194798 -0.466268986 -0.522818983
v -4.91663122 -0.466208011 -0.452210009
v -4.89206886 -0.478747994 -0.567595005
v -4.89323616 -0.481296003 -0.565415978
v -4.90293503 -0.469107002 -0.521710992
v -4.91742277 -0.469013005 -0.452064991
v -4.88753319 -0.513444006 -0.587652028
v -4.88711596 -0.513108015 -0.588199973
v -4.88748407 -0.564848006 -0.589730024
v -4.88789082 -0.564894021 -0.589151978
v -4.88852406 -0.565017998 -0.587605
v -4.88819313 -0.514312029 -0.586181998
v -4.88948822 -0.516017973 -0.583298028
v -4.88976717 -0.56526202 -0.584568024
v -4.890872 -0.565491021 -0.581723988
v -4.89064312 -0.517611027 -0.580595016
v -4.97266912 -0.466187 -0.0514249988
v -4.96793318 -0.466187 -0.108949997
v -4.96839094 -0.468980998 -0.109186001
v -4.97302103 -0.468980998 -0.0515929982
v -4.9722352 -0.463196009 -0.0512400009
v -4.96738386 -0.463196009 -0.108690999
v -4.972013 -0.461672008 -0.0511460006
v -4.96710396 -0.461672008 -0.108557999
v -4.97176695 -0.461082011 -0.0510980003
v -4.96051979 -0.466187 -0.178678006
v -4.94941902 -0.466187 -0.261675
v -4.96114302 -0.468980998 -0.178777993
v -4.95979404 -0.463196009 -0.178562999
v -4.94855309 -0.463196009 -0.261698991
v -4.95942402 -0.461672008 -0.178504005
v -4.94811106 -0.461672008 -0.261712015
v -4.9591198 -0.461082011 -0.178457007
v -4.94777918 -0.461082011 -0.261693001
v -4.93743277 -0.664938986 -0.360760003
v -4.91952515 -0.666037023 -0.456257999
v -4.93736982 -0.667867005 -0.360711008
v -4.95284081 -0.666687012 -0.261231005
v -4.95286798 -0.663796008 -0.261290997
v -4.95290804 -0.662250996 -0.261429012
v -4.93749714 -0.663308978 -0.360877991
v -4.91969585 -0.664345026 -0.456169009
v -4.93762207 -0.66010797 -0.361108005
v -4.92003202 -0.661022007 -0.455996007
v -4.95298481 -0.659219027 -0.261700004
v -4.95300293 -0.656387985 -0.261945009
v -4.93768406 -0.657119989 -0.361315995
v -4.92029095 -0.657920003 -0.455826014
v -4.88648319 -0.615750015 -0.590512991
v -4.88789082 -0.564894021 -0.589151978
v -4.88606119 -0.616025984 -0.591075003
v -4.88916922 -0.65368402 -0.575923979
v -4.88981104 -0.65230602 -0.574678004
v -4.88715315 -0.615046024 -0.589004993
v -4.88852406 -0.565017998 -0.587605
v -4.88846922 -0.613664985 -0.58604598
v -4.88976717 -0.56526202 -0.584568024
v -4.8910718 -0.649603009 -0.572232008
v -4.89219522 -0.647077978 -0.569939971
v -4.88964319 -0.612375021 -0.58327502
v -4.890872 -0.565491021 -0.581723988
v -4.90181017 -0.666365981 -0.529576004
v -4.90160799 -0.669304013 -0.529828012
v -4.91940308 -0.668991029 -0.456290007
v -4.91952515 -0.666037023 -0.456257999
v -4.91969585 -0.664345026 -0.456169009
v -4.90222979 -0.664708018 -0.528918028
v -4.90305424 -0.661454976 -0.527626991
v -4.92003202 -0.661022007 -0.455996007
v -4.92029095 -0.657920003 -0.455826014
v -4.90376902 -0.658415973 -0.526413023
v -4.96316385 -0.663334012 -0.176058993
v -4.95286798 -0.663796008 -0.261290997
v -4.95284081 -0.666687012 -0.261231005
v -4.96999693 -0.666077018 -0.105171002
v -4.9700079 -0.663197994 -0.105231002
v -4.97003222 -0.661679983 -0.10537
v -4.96320295 -0.661825001 -0.176210999
v -4.95290804 -0.662250996 -0.261429012
v -4.96328211 -0.658863008 -0.176507995
v -4.95298481 -0.659219027 -0.261700004
v -4.97007799 -0.658702016 -0.105641998
v -4.97006702 -0.655920982 -0.105889998
v -4.96330023 -0.656096995 -0.176778004
v -4.97508812 -0.663034022 -0.0489730015
v -4.97503805 -0.661469996 -0.0490540005
v -4.97493982 -0.658398986 -0.0492120013
v -4.97479296 -0.655530989 -0.0493559986
v -4.76651621 -0.674672008 -0.569067001
v -4.76652479 -0.665512979 -0.569095016
v -4.76844978 -0.665363014 -0.553296983
v -4.76843977 -0.674521029 -0.553269029
v -4.77147293 -0.679524004 -0.541285992
v -4.76993179 -0.681421995 -0.553555012
v -4.78336477 -0.681707978 -0.556330979
v -4.77979898 -0.674938023 -0.571866989
v -4.77980709 -0.665780008 -0.571896017
v -4.81571007 -0.675660014 -0.579437017
v -4.81571913 -0.666501999 -0.579465985
v -4.81968498 -0.682479978 -0.563838005
v -4.85610294 -0.683233023 -0.571331978
v -4.85172987 -0.676362991 -0.586993992
v -4.85172081 -0.65446198 -0.586623013
v -4.83162785 -0.684623003 -0.51709801
v -4.84736919 -0.684112012 -0.444288999
v -4.88666105 -0.685154974 -0.450984001
v -4.86924219 -0.685526013 -0.524406016
v -4.85610294 -0.683233023 -0.571331978
v -4.81968498 -0.682479978 -0.563838005
v -4.79408407 -0.683700025 -0.509782016
v -4.80811501 -0.683049023 -0.437593013
v -4.78019714 -0.683358014 -0.507076025
v -4.79359579 -0.68265599 -0.435117006
v -4.76993179 -0.681421995 -0.553555012
v -4.77865601 -0.681030989 -0.506781995
v -4.79198503 -0.680323005 -0.434848994
v -4.86273718 -0.682973027 -0.35047999
v -4.8760128 -0.68186599 -0.252739996
v -4.91862917 -0.682880998 -0.256556004
v -4.90387487 -0.684032977 -0.355838001
v -4.88666105 -0.685154974 -0.450984001
v -4.84736919 -0.684112012 -0.444288999
v -4.80811501 -0.683049023 -0.437593013
v -4.82161903 -0.681891024 -0.34514001
v -4.83340788 -0.680827022 -0.248971999
v -4.80641079 -0.681491017 -0.34316501
v -4.81765079 -0.680442989 -0.247578993
v -4.79359579 -0.68265599 -0.435117006
v -4.80472279 -0.679157019 -0.342952996
v -4.81590223 -0.678111017 -0.247430995
v -4.89527607 -0.681411028 -0.0450479984
v -4.94009399 -0.682209015 -0.0458110012
v -4.93536282 -0.682313025 -0.0999450013
v -4.89170599 -0.681407988 -0.0983439982
v -4.84805202 -0.680481017 -0.0968609974
v -4.85044384 -0.680592 -0.044360999
v -4.83386183 -0.68028897 -0.0441070013
v -4.83190489 -0.680137992 -0.0963129997
v -4.83202219 -0.677965999 -0.0440829992
v -4.88547707 -0.681451976 -0.168135002
v -4.92866611 -0.682421982 -0.170726001
v -4.91862917 -0.682880998 -0.256556004
v -4.8760128 -0.68186599 -0.252739996
v -4.83340788 -0.680827022 -0.248971999
v -4.84229708 -0.680458009 -0.165638998
v -4.82632494 -0.680091023 -0.164716005
v -4.81765079 -0.680442989 -0.247578993
v -4.82455301 -0.677760005 -0.164619997
vt 0.5 0.5
vt 0.5 0
vt 0 0
vt 0 0.5
vt 0 1
vt 0.5 1
vt 1 1
vt 1 0.5
vt 1 0
vt 0.5 0.5
vt 0.5 0
vt 0.125 0.125
vt 0 0.5
vt 0 1
vt 0.5 1
vt 1 1
vt 1 0.5
vt 1 0
vt 0.249699995 0.4991
vt 0.49939999 0.498199999
vt 0.49939999 -0.00380000006
vt 0.249699995 -0.00190000003
vt 0 0
vt 0 0.5
vt 0 1
vt 0.249699995 1.00010002
vt 0.49939999 1.00020003
vt 0.74970001 0.4991
vt 1 0.5
vt 1 0
vt 0.74970001 -0.00190000003
vt 0.49939999 -0.00380000006
vt 0.49939999 0.498199999
vt 0.49939999 1.00020003
vt 0.74970001 1.00010002
vt 1 1
vt 0.5 0.625
vt 0.5 0.5
vt 0 0.5
vt -0 0.625
vt -0 0.75
vt 0.5 0.75
vt 1 0.75
vt 1 0.625
vt 1 0.5
vt 0.5 0.625
vt 0.5 0.5
vt 0 0.5
vt 0 0.625
vt 0 0.75
vt 0.5 0.75
vt 1 0.75
vt 1 0.625
vt 1 0.5
vt 0.25 0.4375
vt 0.25 0.25
vt 0 0
vt 0 0.25
vt 0 0.5
vt 0.25 0.625
vt 0.468800008 0.703100026
vt 0.5 0.625
vt 0.5 0.5
vt 0.75 0.625
vt 0.75 0.5
vt 0.5 0.5
vt 0.5 0.625
vt 0.5 0.75
vt 0.75 0.75
vt 1 0.75
vt 1 0.625
vt 1 0.5
vt 0.74970001 0.749599993
vt 0.74970001 0.4991
vt 0.491699994 0.529900014
vt 0.499599993 0.74940002
vt 0.499599993 1.00020003
vt 0.74970001 1.00010002
vt 1 1
vt 1 0.75
vt 1 0.5
vt 0.249699995 0.749599993
vt 0.249699995 0.4991
vt 0 0.5
vt -0 0.75
vt 0 1
vt 0.249699995 1.00010002
vt 0.8125 0.8125
vt 0.75 1
vt 1 1
vt 1 0.75
vt 1 0.5
vt 0.875 0.625
vt 0.75 0.75
vt 0.625 0.875
vt 0.5 1
vt 0.5 0.75
vt 0.5 0.5
vt -0 0.5
vt -0 0.75
vt 0 1
vt 0.5 1
vt 1 1
vt 1 0.75
vt 1 0.5
vt 0.125100002 0.75029999
vt 9.99999975e-05 0.75029999
vt 0.125 1
vt 0.25 1
vt 0.250099987 0.75029999
vt 0.234599993 0.508300006
vt 0.125200003 0.500400007
vt 0.000199999995 0.500400007
vt 0.125100002 0.25029999
vt 9.99999975e-05 0.25029999
vt 0.250099987 0.25029999
vt 0.25 0
vt 0.125 0
vt 0 0
vt 0.0938000008 0.186700001
vt 0.125 -0
vt 0 0
vt 0 0.25
vt 0 0.5
vt 0.0625 0.373400003
vt 0.125 0.246800005
vt 0.1875 0.123400003
vt 0.25 -0
vt 0.125 0.5
vt 0 0.5
vt 0.125 1
vt 0.25 1
vt 0.25 0.5
vt 0.25 -0
vt 0.125 -0
vt 0 0
vt 0.624599993 0.74940002
vt 0.49939999 0.749199986
vt 0.49939999 1.00020003
vt 0.624599993 1.00020003
vt 0.734099984 1.00010002
vt 0.734099984 0.749599993
vt 0.734099984 0.4991
vt 0.624599993 0.498699993
vt 0.49939999 0.498199999
vt 0.124899998 0.749800026
vt -0 0.75
vt 0 1
vt 0.124899998 1.00010002
vt 0.234099999 1.00010002
vt 0.234099999 0.749599993
vt 0.234099999 0.499199986
vt 0.124899998 0.499599993
vt 0 0.5
vt 0.906199992 0.781300008
vt 1 0.75
vt 1 0.5
vt 0.9375 0.5625
vt 0.882799983 0.617200017
vt 0.824199975 0.808600008
vt 0.765600026 1
vt 0.875 1
vt 1 1
vt 0.906199992 0.781300008
vt 1 0.75
vt 1 0.5
vt 0.9375 0.5625
vt 0.882799983 0.617200017
vt 0.824199975 0.808600008
vt 0.765600026 1
vt 0.875 1
vt 1 1
vt 0.25 0.75
vt -0 0.75
vt 0 1
vt 0.25 1
vt 0.468800008 1
vt 0.468800008 0.75
vt 0.468699992 0.5
vt 0.25 0.5
vt -0 0.5
vt 0.125100002 0.875100017
vt 0.125 1
vt 0.25 1
vt 0.250099987 0.875100017
vt 0.250099987 0.765900016
vt 0.125100002 0.765900016
vt 9.99999975e-05 0.765900016
vt 9.99999975e-05 0.875100017
vt 0 1
vt 0.125200003 0.375400007
vt 0.125300005 0.50059998
vt 0.25029999 0.500500023
vt 0.250200003 0.375400007
vt 0.250099987 0.265899986
vt 0.125100002 0.265899986
vt 9.99999975e-05 0.265899986
vt 0.000199999995 0.375400007
vt 0.000300000014 0.50059998
vt 0.0469000004 0.218400002
vt 0 0.25
vt 0 0.5
vt 0.0313000008 0.436699986
vt 0.058600001 0.381300002
vt 0.0878999978 0.190699995
vt 0.117200002 -0
vt 0.0625 -0
vt 0 0
vt 0.0469000004 0.218400002
vt 0 0.25
vt 0 0.5
vt 0.0311999992 0.436699986
vt 0.058600001 0.381300002
vt 0.0878999978 0.190699995
vt 0.117200002 -0
vt 0.0625 -0
vt 0 0
vt 0.125 0.75
vt 0.125 1
vt 0.25 1
vt 0.25 0.75
vt 0.25 0.531300008
vt 0.125 0.531300008
vt 0 0.531300008
vt 0 0.75
vt 0 1
vt 0.25 0.75
vt 0.25 1
vt 0.5 1
vt 0.5 0.75
vt 0.5 0.531300008
vt 0.25 0.531300008
vt -0 0.531300008
vt -0 0.75
vt 0 1
vt 0.25 0.75
vt 0.25 1
vt 0.5 1
vt 0.5 0.75
vt 0.5 0.531300008
vt 0.25 0.531199992
vt 0 0.531199992
vt 0 0.75
vt 0 1
vt 0.250200003 0.375400007
vt 0.25029999 0.500500023
vt 0.50029999 0.500500023
vt 0.500199974 0.375400007
vt 0.500199974 0.265899986
vt 0.250099987 0.265899986
vt 9.99999975e-05 0.265899986
vt 0.000199999995 0.375400007
vt 0.000300000014 0.50059998
vt 0.250099987 0.875100017
vt 0.25 1
vt 0.5 1
vt 0.500100017 0.875100017
vt 0.500100017 0.765900016
vt 0.250099987 0.765900016
vt 9.99999975e-05 0.765900016
vt 9.99999975e-05 0.875100017
vt 0 1
vt 0.25 0.75
vt 0.25 1
vt 0.5 1
vt 0.5 0.75
vt 0.5 0.531199992
vt 0.25 0.531199992
vt 0 0.531199992
vt -0 0.75
vt 0.0625 0.906199992
vt 0.25 0.5
vt 0 0.5
vt 0.25 1
vt 0.468800008 1
vt 0.468800008 0.5
vt 0.468800008 -0
vt 0.25 -0
vt 0 0
vt 0.5 0.25
vt 0.5 0
vt 0 0.25
vt 0 0.468800008
vt 0.5 0.468800008
vt 1 0.468800008
vt 1 0.25
vt 1 0
vt 0.25 0.5
vt 0 0.5
vt 0 1
vt 0.25 1
vt 0.468699992 1
vt 0.468699992 0.5
vt 0.468699992 0
vt 0.25 0
vt 0 0
vt 0.25 0.5
vt 0 0.5
vt 0 1
vt 0.25 1
vt 0.468800008 1
vt 0.468800008 0.5
vt 0.468699992 0
vt 0.25 0
vt 0 0
vt 0.249699995 0.248600006
vt 0.249699995 -0.00190000003
vt -0 0.25
vt -0 0.468699992
vt 0.249699995 0.467799991
vt 0.499599993 0.467299998
vt 0.499599993 0.247899994
vt 0.499500006 -0.0027999999
vt 0.74970001 0.248600006
vt 0.74970001 -0.00190000003
vt 0.74970001 0.467799991
vt 1 0.468699992
vt 1 0.25
vt 1 0
vt 0.25 0.375
vt 0.5 0.375
vt 0.5 0.25
vt 0.25 0.25
vt 0 0.25
vt -0 0.375
vt 0.25 0.125
vt 0.5 0.125
vt 0.5 -0
vt 0.25 -0
vt 0 0
vt 0 0.125
vt 0.25 0.375
vt 0.5 0.375
vt 0.5 0.25
vt 0.25 0.25
vt 0 0.25
vt 0 0.375
vt 0.25 0.125
vt 0.5 0.125
vt 0.5 -0
vt 0.25 -0
vt 0 0
vt 0 0.125
vt 0.250099987 0.187700003
vt 0.500100017 0.187700003
vt 0.500100017 0.125100002
vt 0.250099987 0.125100002
vt 9.99999975e-05 0.125100002
vt 9.99999975e-05 0.187700003
vt 0.25 0.0626000017
vt 0.5 0.0626000017
vt 0.5 0
vt 0.25 0
vt 0 0
vt 0 0.0626000017
vt 0.250200003 0.68779999
vt 0.500199974 0.68779999
vt 0.500199974 0.625400007
vt 0.250200003 0.625400007
vt 0.000199999995 0.625400007
vt 0.000199999995 0.687900007
vt 0.250200003 0.563000023
vt 0.50029999 0.562900007
vt 0.469000012 0.508300006
vt 0.25029999 0.500500023
vt 0.000300000014 0.50059998
vt 0.000199999995 0.563000023
vt 0.25 0.375
vt 0.5 0.375
vt 0.5 0.25
vt 0.25 0.25
vt 0 0.25
vt 0 0.375
vt 0.25 0.125
vt 0.5 0.125
vt 0.5 -0
vt 0.25 -0
vt 0 0
vt 0 0.125
vt 0.625 0.5
vt 0.625 1
vt 0.75 1
vt 0.75 0.5
vt 0.75 -0
vt 0.625 -0
vt 0.875 0.5
vt 0.875 1
vt 1 1
vt 1 0.5
vt 1 0
vt 0.875 -0
vt 0.5 0.625
vt 0 0.625
vt 0 0.75
vt 0.5 0.75
vt 1 0.75
vt 1 0.625
vt 0.5 0.875
vt 0 0.875
vt 0 1
vt 0.5 1
vt 1 1
vt 1 0.875
vt 0.625 0.5
vt 0.625 1
vt 0.75 1
vt 0.75 0.5
vt 0.75 -0
vt 0.625 0
vt 0.875 0.5
vt 0.875 1
vt 1 0
vt 0.875 -0
vt 0.625 0.5
vt 0.625 1
vt 0.75 1
vt 0.75 0.5
vt 0.75 0
vt 0.625 0
vt 0.875 0.5
vt 0.875 1
vt 0.875 0
vt 0.249699995 0.62440002
vt -0 0.625
vt 0 0.75
vt 0.249699995 0.749599993
vt 0.499599993 0.74940002
vt 0.499599993 0.624100029
vt 0.249699995 0.874899983
vt 0 0.875
vt 0 1
vt 0.499599993 1.00020003
vt 0.499599993 0.874800026
vt 0.74970001 0.62440002
vt 0.74970001 0.749599993
vt 1 0.75
vt 1 0.625
vt 0.74970001 0.874899983
vt 1 1
vt 1 0.875
vt 0.812300026 0.74970001
vt 0.812300026 1.00010002
vt 0.874800026 1.00010002
vt 0.874899983 0.749800026
vt 0.874899983 0.499599993
vt 0.812300026 0.499300003
vt 0.937399983 0.749899983
vt 0.937399983 1
vt 1 1
vt 1 0.75
vt 0.937399983 0.499799997
vt 0.312099993 0.749499977
vt 0.312099993 1.00020003
vt 0.374599993 1.00020003
vt 0.374599993 0.74940002
vt 0.374500006 0.498699993
vt 0.312099993 0.498899996
vt 0.437000006 0.749300003
vt 0.437000006 1.00020003
vt 0.49939999 1.00020003
vt 0.49939999 0.749199986
vt 0.437000006 0.49849999
vt 0.765600026 0.828100026
vt 0.843800008 0.656199992
vt 0.8125 0.6875
vt 0.718800008 0.843699992
vt 0.625 1
vt 0.6875 1
vt 0.671899974 0.859399974
vt 0.781300008 0.718699992
vt 0.75 0.75
vt 0.5 1
vt 0.5625 1
vt 0.765600026 0.828100026
vt 0.843800008 0.656199992
vt 0.8125 0.6875
vt 0.718699992 0.843699992
vt 0.625 1
vt 0.6875 1
vt 0.671899974 0.859399974
vt 0.781300008 0.718699992
vt 0.625 0.875
vt 0.5 1
vt 0.5625 1
vt 0.625 0.75
vt 0.625 1
vt 0.75 1
vt 0.75 0.75
vt 0.75 0.5
vt 0.625 0.5
vt 0.875 0.75
vt 0.875 1
vt 1 1
vt 1 0.75
vt 0.875 0.5
vt 0.125200003 0.687900007
vt 0.250200003 0.68779999
vt 0.250200003 0.625400007
vt 0.125200003 0.625400007
vt 0.000199999995 0.625400007
vt 0.000199999995 0.687900007
vt 0.125200003 0.563000023
vt 0.250200003 0.563000023
vt 0.125300005 0.50059998
vt 0.000300000014 0.50059998
vt 0.000199999995 0.563000023
vt 0.125100002 0.187700003
vt 0.250099987 0.187700003
vt 0.250099987 0.125100002
vt 0.125100002 0.125100002
vt 9.99999975e-05 0.125100002
vt 9.99999975e-05 0.187700003
vt 0.125 0.0626000017
vt 0.25 0.0626000017
vt 0.125 0
vt 0 0
vt 0 0.0626000017
vt 0.117200002 0.170900002
vt 0.0781000033 0.341800004
vt 0.0936999992 0.310099989
vt 0.140599996 0.155100003
vt 0.1875 -0
vt 0.156200007 -0
vt 0.164100006 0.139200002
vt 0.109399997 0.278499991
vt 0.125 0.246800005
vt 0.25 -0
vt 0.218700007 -0
vt 0.117200002 0.170900002
vt 0.0781000033 0.341800004
vt 0.0936999992 0.310099989
vt 0.140599996 0.155100003
vt 0.1875 -0
vt 0.156200007 -0
vt 0.164100006 0.139200002
vt 0.109399997 0.278499991
vt 0.1875 0.123400003
vt 0.25 -0
vt 0.218700007 -0
vt 0.125 0.375
vt 0.25 0.375
vt 0.25 0.25
vt 0.125 0.25
vt 0 0.25
vt 0 0.375
vt 0.125 0.125
vt 0.25 0.125
vt 0.125 -0
vt 0 0
vt 0 0.125
vt 0.3125 0.5
vt 0.25 0.5
vt 0.25 1
vt 0.3125 1
vt 0.375 1
vt 0.375 0.5
vt 0.375 0
vt 0.3125 -0
vt 0.25 -0
vt 0.4375 0.5
vt 0.4375 1
vt 0.5 1
vt 0.5 0.5
vt 0.4375 0
vt 0.421900004 0.405900002
vt 0.5 0.5
vt 0.4375 -0
vt 0.375 -0
vt 0.343800008 0.311699986
vt 0.281300008 0.56129998
vt 0.359400004 0.718200028
vt 0.4375 0.875
vt 0.265599996 0.217600003
vt 0.3125 -0
vt 0.25 -0
vt 0.1875 0.123400003
vt 0.125 0.247600004
vt 0.203099996 0.404500008
vt 0.203099996 0.843400002
vt 0.25 1
vt 0.156299993 0.686699986
vt 0 0.75
vt 0 0.875
vt 0 1
vt 0.109399997 0.530099988
vt 0.0625 0.373400003
vt 0 0.5
vt 0 0.625
vt 0.312599987 0.25029999
vt 0.250099987 0.25029999
vt 0.250200003 0.500400007
vt 0.312700003 0.500400007
vt 0.375200003 0.500400007
vt 0.375099987 0.25029999
vt 0.375 0
vt 0.3125 0
vt 0.25 0
vt 0.437599987 0.25029999
vt 0.437700003 0.500400007
vt 0.500100017 0.25029999
vt 0.4375 0
vt 0.312599987 0.75029999
vt 0.250099987 0.75029999
vt 0.3125 1
vt 0.375 1
vt 0.375099987 0.75029999
vt 0.437599987 0.75029999
vt 0.4375 1
vt 0.5 1
vt 0.500100017 0.75029999
vt 0.5 0.125
vt 0.5 0
vt 0 0.125
vt 0 0.25
vt 0.5 0.25
vt 1 0.25
vt 1 0.125
vt 1 0
vt 0.5 0.375
vt -0 0.375
vt -0 0.5
vt 0.5 0.5
vt 1 0.5
vt 1 0.375
vt 0.156200007 0.593800008
vt 0 0.5
vt 0.125 1
vt 0.25 1
vt 0.3125 0.6875
vt 0.4375 0.4375
vt 0.281199992 0.281199992
vt 0.468699992 0.781199992
vt 0.375 1
vt 0.5 1
vt 0.625 0.875
vt 0.75 0.75
vt 0.593699992 0.593699992
vt 0.593699992 0.156200007
vt 0.5 0
vt 0.6875 0.3125
vt 1 0.25
vt 1 0.125
vt 1 0
vt 0.781199992 0.468800008
vt 0.875 0.625
vt 1 0.5
vt 1 0.375
vt 0.249699995 0.123400003
vt 0 0
vt -0 0.125
vt -0 0.25
vt 0.249699995 0.248600006
vt 0.499599993 0.247899994
vt 0.499500006 0.122599997
vt 0.499500006 -0.0027999999
vt 0.249699995 0.373899996
vt -0 0.375
vt 0.249699995 0.4991
vt 0.499599993 0.498699993
vt 0.499599993 0.373299986
vt 0.74970001 0.123400003
vt 0.74970001 0.248600006
vt 1 0.25
vt 1 0.125
vt 1 0
vt 0.74970001 0.373899996
vt 0.74970001 0.4991
vt 1 0.5
vt 1 0.375
vt 0.5 0.5625
vt 0.5 0.5
vt 0 0.5
vt -0 0.5625
vt -0 0.625
vt 0.5 0.625
vt 1 0.625
vt 1 0.5625
vt 1 0.5
vt 0.5 0.6875
vt -0 0.6875
vt -0 0.75
vt 0.5 0.75
vt 1 0.75
vt 1 0.6875
vt 0.5 0.5625
vt 0.5 0.5
vt 0 0.5
vt 0 0.5625
vt 0 0.625
vt 0.5 0.625
vt 1 0.5625
vt 1 0.5
vt 0.5 0.6875
vt -0 0.6875
vt -0 0.75
vt 0.5 0.75
vt 1 0.6875
vt 0.5 0.5625
vt 0.5 0.5
vt 0 0.5
vt -0 0.5625
vt -0 0.625
vt 0.5 0.625
vt 1 0.625
vt 1 0.5625
vt 1 0.5
vt 0.5 0.6875
vt -0 0.6875
vt 0 0.75
vt 0.5 0.75
vt 1 0.6875
vt 0.25 0.343800008
vt 0.25 0.25
vt 0 0
vt 0 0.125
vt 0 0.25
vt 0.25 0.4375
vt 0.5 0.578100026
vt 0.5 0.507799983
vt 0.5 0.4375
vt 0.25 0.531300008
vt 0 0.375
vt 0 0.5
vt 0.25 0.625
vt 0.5 0.648400009
vt 0.75 0.5625
vt 0.75 0.5
vt 0.75 0.625
vt 1 0.625
vt 1 0.5625
vt 1 0.5
vt 0.75 0.6875
vt 0.75 0.75
vt 1 0.6875
vt 0.5 0.5
vt 0 0.5
vt 0 0
vt 0.5 0
vt 1 0
vt 1 0.5
vt 1 1
vt 0.5 1
vt 0 1
vt 0.5 0.5
vt 0 0.5
vt 0.125 0.125
vt 0.5 0
vt 1 0
vt 1 0.5
vt 1 1
vt 0.5 1
vt 0 1
vt 0.249699995 0.4991
vt 0.249699995 -0.00190000003
vt 0.49939999 -0.00380000006
vt 0.49939999 0.498199999
vt 0.49939999 1.00020003
vt 0.249699995 1.00010002
vt 0 1
vt 0 0.5
vt 0 0
vt 0.74970001 0.4991
vt 0.74970001 -0.00190000003
vt 1 0
vt 1 0.5
vt 1 1
vt 0.74970001 1.00010002
vt 0.5 0.625
vt -0 0.625
vt 0 0.5
vt 0.5 0.5
vt 1 0.5
vt 1 0.625
vt 1 0.75
vt 0.5 0.75
vt -0 0.75
vt 0.5 0.625
vt 0 0.625
vt 0 0.5
vt 0.5 0.5
vt 1 0.5
vt 1 0.625
vt 1 0.75
vt 0.5 0.75
vt 0 0.75
vt 0.25 0.4375
vt 0 0.25
vt 0.5 0.625
vt 0.468800008 0.703100026
vt 0.25 0.625
vt 0 0.5
vt 0.75 0.625
vt 0.5 0.625
vt 0.5 0.5
vt 0.75 0.5
vt 1 0.5
vt 1 0.625
vt 1 0.75
vt 0.75 0.75
vt 0.5 0.75
vt 0.74970001 0.749599993
vt 0.499599993 0.74940002
vt 0.491699994 0.529900014
vt 0.74970001 0.4991
vt 0.74970001 1.00010002
vt 0.499599993 1.00020003
vt 0.249699995 0.749599993
vt -0 0.75
vt 0 0.5
vt 0.249699995 0.4991
vt 0.249699995 1.00010002
vt 0 1
vt 0.8125 0.8125
vt 1 0.75
vt 1 1
vt 0.75 1
vt 0.5 1
vt 0.625 0.875
vt 0.75 0.75
vt 0.875 0.625
vt 1 0.5
vt 0.5 0.75
vt -0 0.75
vt -0 0.5
vt 0.5 0.5
vt 1 0.5
vt 1 0.75
vt 1 1
vt 0.5 1
vt 0 1
vt 0.125100002 0.75029999
vt 0.125 1
vt 9.99999975e-05 0.75029999
vt 0.000199999995 0.500400007
vt 0.125200003 0.500400007
vt 0.234599993 0.508300006
vt 0.250099987 0.75029999
vt 0.25 1
vt 0.125100002 0.25029999
vt 9.99999975e-05 0.25029999
vt 0.250099987 0.25029999
vt 0.0938000008 0.186700001
vt 0 0.25
vt 0 0
vt 0.125 -0
vt 0.25 -0
vt 0.1875 0.123400003
vt 0.125 0.246800005
vt 0.0625 0.373400003
vt 0 0.5
vt 0.125 0.5
vt 0.125 1
vt 0 0.5
vt 0 0
vt 0.125 -0
vt 0.25 -0
vt 0.25 0.5
vt 0.25 1
vt 0.624599993 0.74940002
vt 0.624599993 1.00020003
vt 0.49939999 1.00020003
vt 0.49939999 0.749199986
vt 0.734099984 0.749599993
vt 0.734099984 1.00010002
vt 0.124899998 0.749800026
vt 0.124899998 1.00010002
vt 0 1
vt -0 0.75
vt 0 0.5
vt 0.124899998 0.499599993
vt 0.234099999 0.499199986
vt 0.234099999 0.749599993
vt 0.234099999 1.00010002
vt 0.906199992 0.781300008
vt 0.9375 0.5625
vt 1 0.5
vt 1 0.75
vt 1 1
vt 0.875 1
vt 0.765600026 1
vt 0.824199975 0.808600008
vt 0.882799983 0.617200017
vt 0.906199992 0.781300008
vt 0.9375 0.5625
vt 1 0.5
vt 1 0.75
vt 1 1
vt 0.875 1
vt 0.765600026 1
vt 0.824199975 0.808600008
vt 0.882799983 0.617200017
vt 0.25 0.75
vt 0.25 1
vt 0 1
vt -0 0.75
vt -0 0.5
vt 0.25 0.5
vt 0.468699992 0.5
vt 0.468800008 0.75
vt 0.468800008 1
vt 0.125100002 0.875100017
vt 0.250099987 0.875100017
vt 0.25 1
vt 0.125 1
vt 0 1
vt 9.99999975e-05 0.875100017
vt 9.99999975e-05 0.765900016
vt 0.125100002 0.765900016
vt 0.250099987 0.765900016
vt 0.125200003 0.375400007
vt 0.125300005 0.50059998
vt 0.000300000014 0.50059998
vt 0.000199999995 0.375400007
vt 9.99999975e-05 0.265899986
vt 0.125100002 0.265899986
vt 0.0469000004 0.218400002
vt 0.0313000008 0.436699986
vt 0 0.5
vt 0 0.25
vt 0 0
vt 0.0625 -0
vt 0.117200002 -0
vt 0.0878999978 0.190699995
vt 0.058600001 0.381300002
vt 0.0469000004 0.218400002
vt 0.0311999992 0.436699986
vt 0 0.5
vt 0 0.25
vt 0 0
vt 0.0625 -0
vt 0.117200002 -0
vt 0.0878999978 0.190699995
vt 0.058600001 0.381300002
vt 0.125 0.75
vt 0.25 0.75
vt 0.25 1
vt 0.125 1
vt 0 1
vt 0 0.75
vt 0 0.531300008
vt 0.125 0.531300008
vt 0.25 0.531300008
vt 0.25 0.75
vt 0.5 0.75
vt 0.5 1
vt 0.25 1
vt 0 1
vt -0 0.75
vt -0 0.531300008
vt 0.25 0.531300008
vt 0.5 0.531300008
vt 0.25 0.75
vt 0.5 0.75
vt 0.5 1
vt 0.25 1
vt 0 1
vt 0 0.75
vt 0 0.531199992
vt 0.25 0.531199992
vt 0.5 0.531300008
vt 0.250200003 0.375400007
vt 0.25029999 0.500500023
vt 0.000300000014 0.50059998
vt 0.000199999995 0.375400007
vt 9.99999975e-05 0.265899986
vt 0.250099987 0.265899986
vt 0.250099987 0.875100017
vt 0.500100017 0.875100017
vt 0.5 1
vt 0.25 1
vt 0 1
vt 9.99999975e-05 0.875100017
vt 9.99999975e-05 0.765900016
vt 0.250099987 0.765900016
vt 0.500100017 0.765900016
vt 0.25 0.75
vt 0.5 0.75
vt 0.5 1
vt 0.25 1
vt 0.0625 0.906199992
vt -0 0.75
vt 0 0.531199992
vt 0.25 0.531199992
vt 0.5 0.531199992
vt 0.25 0.5
vt 0.25 1
vt 0 0.5
vt 0 0
vt 0.25 -0
vt 0.468800008 -0
vt 0.468800008 0.5
vt 0.468800008 1
vt 0.5 0.25
vt 0 0.25
vt 0.5 0
vt 1 0
vt 1 0.25
vt 1 0.468800008
vt 0.5 0.468800008
vt 0 0.468800008
vt 0.25 0.5
vt 0.25 1
vt 0 1
vt 0 0.5
vt 0 0
vt 0.25 0
vt 0.468699992 0
vt 0.468699992 0.5
vt 0.468699992 1
vt 0.25 0.5
vt 0.25 1
vt 0 1
vt 0 0.5
vt 0 0
vt 0.25 0
vt 0.468699992 0
vt 0.468800008 0.5
vt 0.468800008 1
vt 0.249699995 0.248600006
vt -0 0.25
vt 0.249699995 -0.00190000003
vt 0.499500006 -0.0027999999
vt 0.499599993 0.247899994
vt 0.499599993 0.467299998
vt 0.249699995 0.467799991
vt -0 0.468699992
vt 0.74970001 0.248600006
vt 0.74970001 -0.00190000003
vt 0.74970001 0.467799991
vt 0.25 0.375
vt 0.5 0.375
vt -0 0.375
vt 0 0.25
vt 0.25 0.25
vt 0.5 0.25
vt 0.25 0.125
vt 0.5 0.125
vt 0 0.125
vt 0 0
vt 0.25 -0
vt 0.5 -0
vt 0.25 0.375
vt 0.5 0.375
vt 0 0.375
vt 0 0.25
vt 0.25 0.25
vt 0.5 0.25
vt 0.25 0.125
vt 0.5 0.125
vt 0 0.125
vt 0 0
vt 0.25 -0
vt 0.5 -0
vt 0.250099987 0.187700003
vt 9.99999975e-05 0.187700003
vt 9.99999975e-05 0.125100002
vt 0.250099987 0.125100002
vt 0.25 0.0626000017
vt 0 0.0626000017
vt 0 0
vt 0.25 0
vt 0.250200003 0.68779999
vt 0.500199974 0.68779999
vt 0.000199999995 0.687900007
vt 0.000199999995 0.625400007
vt 0.250200003 0.625400007
vt 0.500199974 0.625400007
vt 0.250200003 0.563000023
vt 0.50029999 0.562900007
vt 0.000199999995 0.563000023
vt 0.000300000014 0.50059998
vt 0.25029999 0.500500023
vt 0.469000012 0.508300006
vt 0.25 0.375
vt 0.5 0.375
vt 0 0.375
vt 0 0.25
vt 0.25 0.25
vt 0.5 0.25
vt 0.25 0.125
vt 0.5 0.125
vt 0 0.125
vt 0 0
vt 0.25 -0
vt 0.5 -0
vt 0.625 0.5
vt 0.625 1
vt 0.625 -0
vt 0.75 -0
vt 0.75 0.5
vt 0.75 1
vt 0.875 0.5
vt 0.875 1
vt 0.875 -0
vt 1 0
vt 1 0.5
vt 1 1
vt 0.5 0.625
vt 0 0.625
vt 1 0.625
vt 1 0.75
vt 0.5 0.75
vt 0 0.75
vt 0.5 0.875
vt 0 0.875
vt 1 0.875
vt 1 1
vt 0.5 1
vt 0 1
vt 0.625 0.5
vt 0.625 1
vt 0.625 0
vt 0.75 -0
vt 0.75 0.5
vt 0.75 1
vt 0.875 0.5
vt 0.875 1
vt 0.875 -0
vt 1 0
vt 0.625 0.5
vt 0.625 1
vt 0.625 0
vt 0.75 0
vt 0.75 0.5
vt 0.75 1
vt 0.875 0.5
vt 0.875 1
vt 0.875 0
vt 0.249699995 0.62440002
vt -0 0.625
vt 0.499599993 0.624100029
vt 0.499599993 0.74940002
vt 0.249699995 0.749599993
vt 0 0.75
vt 0.249699995 0.874899983
vt 0 0.875
vt 0.499599993 0.874800026
vt 0.499599993 1.00020003
vt 0 1
vt 0.74970001 0.62440002
vt 0.74970001 0.749599993
vt 0.74970001 0.874899983
vt 0.812300026 0.74970001
vt 0.812300026 1.00010002
vt 0.874899983 0.749800026
vt 0.874800026 1.00010002
vt 0.937399983 0.749899983
vt 0.937399983 1
vt 1 0.75
vt 1 1
vt 0.312099993 0.749499977
vt 0.312099993 1.00020003
vt 0.312099993 0.498899996
vt 0.374500006 0.498699993
vt 0.374599993 0.74940002
vt 0.374599993 1.00020003
vt 0.437000006 0.749300003
vt 0.437000006 1.00020003
vt 0.437000006 0.49849999
vt 0.49939999 0.749199986
vt 0.49939999 1.00020003
vt 0.765600026 0.828100026
vt 0.843800008 0.656199992
vt 0.6875 1
vt 0.625 1
vt 0.718800008 0.843699992
vt 0.8125 0.6875
vt 0.671899974 0.859399974
vt 0.781300008 0.718699992
vt 0.5625 1
vt 0.5 1
vt 0.75 0.75
vt 0.765600026 0.828100026
vt 0.843800008 0.656199992
vt 0.6875 1
vt 0.625 1
vt 0.718699992 0.843699992
vt 0.8125 0.6875
vt 0.671899974 0.859399974
vt 0.781300008 0.718699992
vt 0.5625 1
vt 0.5 1
vt 0.625 0.875
vt 0.625 0.75
vt 0.625 1
vt 0.625 0.5
vt 0.75 0.5
vt 0.75 0.75
vt 0.75 1
vt 0.875 0.75
vt 0.875 1
vt 0.875 0.5
vt 1 0.75
vt 1 1
vt 0.125200003 0.687900007
vt 0.250200003 0.68779999
vt 0.000199999995 0.687900007
vt 0.000199999995 0.625400007
vt 0.125200003 0.625400007
vt 0.250200003 0.625400007
vt 0.125200003 0.563000023
vt 0.250200003 0.563000023
vt 0.000199999995 0.563000023
vt 0.000300000014 0.50059998
vt 0.125300005 0.50059998
vt 0.125100002 0.187700003
vt 9.99999975e-05 0.187700003
vt 9.99999975e-05 0.125100002
vt 0.125100002 0.125100002
vt 0.125 0.0626000017
vt 0 0.0626000017
vt 0 0
vt 0.125 0
vt 0.117200002 0.170900002
vt 0.0781000033 0.341800004
vt 0.156200007 -0
vt 0.1875 -0
vt 0.140599996 0.155100003
vt 0.0936999992 0.310099989
vt 0.164100006 0.139200002
vt 0.109399997 0.278499991
vt 0.218700007 -0
vt 0.25 -0
vt 0.125 0.246800005
vt 0.117200002 0.170900002
vt 0.0781000033 0.341800004
vt 0.156200007 -0
vt 0.1875 -0
vt 0.140599996 0.155100003
vt 0.0936999992 0.310099989
vt 0.164100006 0.139200002
vt 0.109399997 0.278499991
vt 0.218700007 -0
vt 0.25 -0
vt 0.1875 0.123400003
vt 0.125 0.375
vt 0.25 0.375
vt 0 0.375
vt 0 0.25
vt 0.125 0.25
vt 0.25 0.25
vt 0.125 0.125
vt 0.25 0.125
vt 0 0.125
vt 0 0
vt 0.125 -0
vt 0.3125 0.5
vt 0.3125 1
vt 0.25 1
vt 0.25 0.5
vt 0.25 -0
vt 0.3125 -0
vt 0.375 0
vt 0.375 0.5
vt 0.375 1
vt 0.4375 0.5
vt 0.4375 1
vt 0.4375 0
vt 0.5 0.5
vt 0.5 1
vt 0.421900004 0.405900002
vt 0.4375 -0
vt 0.5 0.5
vt 0.4375 0.875
vt 0.359400004 0.718200028
vt 0.281300008 0.56129998
vt 0.343800008 0.311699986
vt 0.375 -0
vt 0.265599996 0.217600003
vt 0.3125 -0
vt 0.203099996 0.404500008
vt 0.125 0.247600004
vt 0.1875 0.123400003
vt 0.25 -0
vt 0.203099996 0.843400002
vt 0.25 1
vt 0 1
vt 0 0.875
vt 0 0.75
vt 0.156299993 0.686699986
vt 0.109399997 0.530099988
vt 0 0.625
vt 0 0.5
vt 0.0625 0.373400003
vt 0.312599987 0.25029999
vt 0.312700003 0.500400007
vt 0.250200003 0.500400007
vt 0.250099987 0.25029999
vt 0.375099987 0.25029999
vt 0.375200003 0.500400007
vt 0.437599987 0.25029999
vt 0.437700003 0.500400007
vt 0.500100017 0.25029999
vt 0.312599987 0.75029999
vt 0.3125 1
vt 0.250099987 0.75029999
vt 0.375099987 0.75029999
vt 0.375 1
vt 0.437599987 0.75029999
vt 0.4375 1
vt 0.500100017 0.75029999
vt 0.5 1
vt 0.5 0.125
vt 0 0.125
vt 0.5 0
vt 1 0
vt 1 0.125
vt 1 0.25
vt 0.5 0.25
vt 0 0.25
vt 0.5 0.375
vt -0 0.375
vt 1 0.375
vt 1 0.5
vt 0.5 0.5
vt -0 0.5
vt 0.156200007 0.593800008
vt 0.125 1
vt 0 0.5
vt 0.281199992 0.281199992
vt 0.4375 0.4375
vt 0.3125 0.6875
vt 0.25 1
vt 0.468699992 0.781199992
vt 0.375 1
vt 0.593699992 0.593699992
vt 0.75 0.75
vt 0.625 0.875
vt 0.5 1
vt 0.593699992 0.156200007
vt 0.5 0
vt 1 0
vt 1 0.125
vt 1 0.25
vt 0.6875 0.3125
vt 0.781199992 0.468800008
vt 1 0.375
vt 1 0.5
vt 0.875 0.625
vt 0.249699995 0.123400003
vt -0 0.125
vt 0 0
vt 0.499500006 -0.0027999999
vt 0.499500006 0.122599997
vt 0.499599993 0.247899994
vt 0.249699995 0.248600006
vt -0 0.25
vt 0.249699995 0.373899996
vt -0 0.375
vt 0.499599993 0.373299986
vt 0.499599993 0.498699993
vt 0.249699995 0.4991
vt 0.74970001 0.123400003
vt 0.74970001 0.248600006
vt 0.74970001 0.373899996
vt 0.74970001 0.4991
vt 0.5 0.5625
vt -0 0.5625
vt 0 0.5
vt 0.5 0.5
vt 1 0.5
vt 1 0.5625
vt 1 0.625
vt 0.5 0.625
vt -0 0.625
vt 0.5 0.6875
vt -0 0.6875
vt 1 0.6875
vt 1 0.75
vt 0.5 0.75
vt -0 0.75
vt 0.5 0.5625
vt 0 0.5625
vt 0 0.5
vt 0.5 0.5
vt 1 0.5
vt 1 0.5625
vt 0.5 0.625
vt 0 0.625
vt 0.5 0.6875
vt -0 0.6875
vt 1 0.6875
vt 0.5 0.75
vt -0 0.75
vt 0.5 0.5625
vt -0 0.5625
vt 0 0.5
vt 0.5 0.5
vt 1 0.5
vt 1 0.5625
vt 1 0.625
vt 0.5 0.625
vt -0 0.625
vt 0.5 0.6875
vt -0 0.6875
vt 1 0.6875
vt 0.5 0.75
vt 0 0.75
vt 0.25 0.343800008
vt 0.25 0.25
vt 0.5 0.4375
vt 0.5 0.507799983
vt 0.5 0.578100026
vt 0.25 0.4375
vt 0.25 0.531300008
vt 0.5 0.648400009
vt 0.25 0.625
vt 0.75 0.5625
vt 0.75 0.5
vt 1 0.5
vt 1 0.5625
vt 1 0.625
vt 0.75 0.625
vt 0.75 0.6875
vt 1 0.6875
vt 0.75 0.75
vn -0.985099971 -0.0277999993 0.169499993
vn -0.977199972 -0.0328000002 0.209700003
vn -0.977299988 -0.0296999998 0.209800005
vn -0.985400021 -0.0208000001 0.169
vn -0.990499973 -0.0110999998 0.136800006
vn -0.990400016 -0.0192000009 0.137199998
vn -0.983200014 -0.121799998 0.135700002
vn -0.977500021 -0.128199995 0.167500004
vn -0.969399989 -0.131699994 0.207100004
vn -0.966499984 -0.0329999998 0.254400015
vn -0.95599997 -0.0493000001 0.289099991
vn -0.950699985 -0.0377999991 0.307900012
vn -0.966199994 -0.0350000001 0.255499989
vn -0.977299988 -0.0296999998 0.209800005
vn -0.977199972 -0.0328000002 0.209700003
vn -0.969399989 -0.131699994 0.207100004
vn -0.959500015 -0.122299999 0.253500015
vn -0.954599977 -0.109399997 0.27700001
vn -0.994000018 -0.0144999996 0.108199999
vn -0.990400016 -0.0192000009 0.137199998
vn -0.990499973 -0.0110999998 0.136800006
vn -0.994099975 -0.00590000022 0.108099997
vn -0.995599985 -0.00260000001 0.0932999998
vn -0.995500028 -0.0131999999 0.0934000015
vn -0.988699973 -0.117600001 0.0926000029
vn -0.987100005 -0.118500002 0.107299998
vn -0.983200014 -0.121799998 0.135700002
vn -0.997699976 -0.0125000002 0.0670000017
vn -0.995500028 -0.0131999999 0.0934000015
vn -0.995599985 -0.00260000001 0.0932999998
vn -0.997699976 0.00200000009 0.0666999966
vn -1 0.00469999993 0
vn -0.999899983 -0.0120000001 0
vn -0.993300021 -0.115800001 0
vn -0.99089998 -0.116599999 0.0665000007
vn -0.988699973 -0.117600001 0.0926000029
vn 0.980400026 -0.0403000005 -0.192699999
vn 0.986400008 -0.0381000005 -0.159899995
vn 0.987200022 0.00150000001 -0.159400001
vn 0.98119998 0.00150000001 -0.192900002
vn 0.986599982 0.00150000001 -0.162799999
vn 0.983099997 -0.0988000035 -0.153899997
vn 0.93900001 -0.291599989 -0.1822
vn 0.930999994 -0.317000002 -0.180899993
vn 0.927999973 -0.338999987 -0.154200003
vn 0.991100013 -0.0397000015 -0.127000004
vn 0.992999971 -0.0408000015 -0.110200003
vn 0.993900001 0.0013 -0.109899998
vn 0.991900027 0.00139999995 -0.126499996
vn 0.987200022 0.00150000001 -0.159400001
vn 0.986400008 -0.0381000005 -0.159899995
vn 0.927999973 -0.338999987 -0.154200003
vn 0.929400027 -0.347799987 -0.123000003
vn 0.92900002 -0.354699999 -0.105599999
vn 0.998899996 -0.0434000008 -0.0184000004
vn 0.999000013 -0.0439999998 0
vn 1 0.000899999985 0
vn 0.999800026 0.000899999985 -0.0185000002
vn 0.998300016 0.00109999999 -0.058699999
vn 0.997399986 -0.0423999988 -0.058600001
vn 0.929499984 -0.36469999 -0.054299999
vn 0.92869997 -0.370499998 -0.0164999999
vn 0.927900016 -0.372799993 0
vn 0.994799972 -0.0416000001 -0.0923999995
vn 0.997399986 -0.0423999988 -0.058600001
vn 0.998300016 0.00109999999 -0.058699999
vn 0.995700002 0.0013 -0.0923999995
vn 0.993900001 0.0013 -0.109899998
vn 0.992999971 -0.0408000015 -0.110200003
vn 0.92900002 -0.354699999 -0.105599999
vn 0.92900002 -0.359499991 -0.0869999975
vn 0.929499984 -0.36469999 -0.054299999
vn -0.998399973 0.00600000005 0.056499999
vn -0.998099983 0.0147000002 0.058699999
vn -0.995999992 0.0105999997 0.0882999972
vn -0.996200025 0.0027999999 0.0872000009
vn -0.996200025 0.00749999983 0.0869999975
vn -0.998399973 0.00810000021 0.0546999983
vn -0.999899983 0.00889999978 0
vn -0.999899983 0.00820000004 0
vn -0.999800026 0.0174000002 0
vn -0.994000018 0.00270000007 0.1087
vn -0.994099975 0.00980000012 0.107900001
vn -0.990499973 0.0118000004 0.136800006
vn -0.990400016 0.00529999984 0.137899995
vn -0.990100026 0.0137999998 0.139899999
vn -0.993799984 0.00970000029 0.110399999
vn -0.9727 -0.00469999993 0.232199997
vn -0.9745 0.00910000037 0.224199995
vn -0.980599999 0.0156999994 0.195299998
vn -0.980000019 0.00400000019 0.198799998
vn -0.979300022 0.00939999986 0.202000007
vn -0.971199989 -0.000600000028 0.238299996
vn -0.968299985 -0.0105999997 0.249500006
vn -0.970499992 -0.0137999998 0.240400001
vn -0.973100007 0.00109999999 0.230299994
vn -0.986000001 0.00730000017 0.166700006
vn -0.985899985 0.0133999996 0.166500002
vn -0.979300022 0.00939999986 0.202000007
vn -0.980000019 0.00400000019 0.198799998
vn -0.980599999 0.0156999994 0.195299998
vn -0.985700011 0.0170000009 0.167199999
vn -0.990100026 0.0137999998 0.139899999
vn -0.990400016 0.00529999984 0.137899995
vn -0.990499973 0.0118000004 0.136800006
vn -0.993399978 0.0164000001 0.112999998
vn -0.993799984 0.00970000029 0.110399999
vn -0.989600003 0.0219000001 0.142199993
vn -0.989400029 0.0157999992 0.144199997
vn -0.993300021 0.00980000012 0.115500003
vn -0.995899975 0.00480000023 0.0903000012
vn -0.995999992 0.0120999999 0.0883999988
vn -0.996200025 0.00749999983 0.0869999975
vn -0.998399973 0.0100999996 0.0546000004
vn -0.998399973 0.00810000021 0.0546999983
vn -0.998399973 0.00200000009 0.055399999
vn -1 0.0013 0
vn -0.999899983 0.00970000029 0
vn -0.999899983 0.00889999978 0
vn -0.975700021 0.0237000007 0.217800006
vn -0.980799973 0.0270000007 0.192900002
vn -0.980599999 0.0156999994 0.195299998
vn -0.9745 0.00910000037 0.224199995
vn -0.973100007 0.00109999999 0.230299994
vn -0.974900007 0.0175000001 0.222000003
vn -0.975199997 0.0192000009 0.220599994
vn -0.976700008 0.0197999999 0.213599995
vn -0.981100023 0.0219999999 0.1919
vn -0.985400021 0.0263 0.168099999
vn -0.985700011 0.0170000009 0.167199999
vn -0.980799973 0.0270000007 0.192900002
vn -0.981100023 0.0219999999 0.1919
vn -0.985400021 0.0206000004 0.169100001
vn -0.989400029 0.0157999992 0.144199997
vn -0.989600003 0.0219000001 0.142199993
vn -0.990100026 0.0137999998 0.139899999
vn -0.634899974 0.771300018 0.0436000004
vn -0.991100013 0.1184 0.0612000003
vn -0.992500007 0.0832000002 0.0895000026
vn -0.64289999 0.763499975 0.0612999983
vn 0.0115 0.999899983 0.00389999989
vn 0.0115 0.999899983 0.0057000001
vn 0.0113000004 0.999899983 0
vn -0.631500006 0.775399983 0
vn -0.9903 0.138699993 0
vn -0.649699986 0.756699979 0.0728999972
vn -0.9921 0.0644000024 0.107500002
vn -0.989099979 0.0551999994 0.136299998
vn -0.651799977 0.752499998 0.0939000025
vn 0.0115 0.999899983 0.00340000005
vn 0.0113000004 0.999899983 0.00159999996
vn 0.0115 0.999899983 0.00389999989
vn -0.64289999 0.763499975 0.0612999983
vn -0.992500007 0.0832000002 0.0895000026
vn -0.867600024 0.0986000001 -0.487300009
vn -0.948199987 -0.0313000008 0.316000015
vn -0.952400029 -0.00150000001 0.304899991
vn -0.829599977 -0.0250000004 -0.557799995
vn -0.144500002 -0.0296 -0.989000022
vn -0.140400007 0.166800007 -0.975899994
vn -0.0873000026 0.74970001 -0.655900002
vn -0.877699971 0.447699994 -0.170499995
vn -0.950800002 -0.0719000027 0.301200002
vn -0.720700026 0.685800016 0.101000004
vn -0.966700017 -0.0549000017 0.249699995
vn -0.950800002 -0.0719000027 0.301200002
vn -0.877699971 0.447699994 -0.170499995
vn -0.0873000026 0.74970001 -0.655900002
vn -0.00659999996 0.992600024 -0.120700002
vn 0.0118000004 0.999899983 0.00520000001
vn -0.669399977 0.728699982 0.144500002
vn -0.978799999 -0.00609999988 0.204699993
vn -0.657000005 0.744700015 0.116899997
vn -0.985400021 0.0346000008 0.166999996
vn -0.978799999 -0.00609999988 0.204699993
vn -0.669399977 0.728699982 0.144500002
vn 0.0118000004 0.999899983 0.00520000001
vn 0.0118000004 0.999899983 0.00540000014
vn 0.0115 0.999899983 0.00340000005
vn -0.651799977 0.752499998 0.0939000025
vn -0.989099979 0.0551999994 0.136299998
vn -0.731299996 -0.676500022 0.0863000005
vn -0.983099997 0.141399994 0.116499998
vn -0.99119997 0.0948999971 0.0917999968
vn -0.716799974 -0.694100022 0.066200003
vn -0.0109000001 -0.999899983 0.00100000005
vn -0.0109000001 -0.999899983 0.0013
vn -0.0108000003 -0.999899983 0.00159999996
vn -0.7403 -0.663500011 0.108499996
vn -0.973999977 0.174999997 0.1435
vn -0.707799971 -0.705299973 0.0401999988
vn -0.996800005 0.056400001 0.0562999994
vn -0.999100029 0.0414999984 0
vn -0.705299973 -0.708800018 0
vn -0.0109999999 -0.999899983 0
vn -0.0109999999 -0.999899983 0.000600000028
vn -0.0109000001 -0.999899983 0.00100000005
vn -0.716799974 -0.694100022 0.066200003
vn -0.99119997 0.0948999971 0.0917999968
vn -0.774699986 -0.627099991 0.0806000009
vn -0.959100008 0.170699999 0.225700006
vn -0.964600027 0.184400007 0.1884
vn -0.737699986 -0.65990001 0.142800003
vn -0.0109000001 -0.999899983 0.00120000006
vn -0.0298999995 -0.991100013 -0.129899994
vn -0.103100002 -0.752900004 -0.649999976
vn -0.891900003 -0.414700001 -0.180000007
vn -0.949199975 0.118299998 0.291399986
vn -0.866100013 -0.130600005 -0.4824
vn -0.948099971 0.0364999995 0.315800011
vn -0.949199975 0.118299998 0.291399986
vn -0.891900003 -0.414700001 -0.180000007
vn -0.103100002 -0.752900004 -0.649999976
vn -0.143299997 -0.2095 -0.967199981
vn -0.144500002 -0.0296 -0.989000022
vn -0.829599977 -0.0250000004 -0.557799995
vn -0.952400029 -0.00150000001 0.304899991
vn -0.74059999 -0.659799993 0.127299994
vn -0.968100011 0.186700001 0.166800007
vn -0.973999977 0.174999997 0.1435
vn -0.7403 -0.663500011 0.108499996
vn -0.0108000003 -0.999899983 0.00159999996
vn -0.0108000003 -0.999899983 0.00159999996
vn -0.0109000001 -0.999899983 0.00120000006
vn -0.737699986 -0.65990001 0.142800003
vn -0.964600027 0.184400007 0.1884
vn 0.0152000003 0.999899983 -0.00260000001
vn 0.0152000003 0.999899983 -0.00260000001
vn 0.0153000001 0.999899983 -0.00230000005
vn 0.0153000001 0.999899983 -0.00230000005
vn 0.0153000001 0.999899983 -0.00230000005
vn 0.0152000003 0.999899983 -0.00260000001
vn 0.0152000003 0.999899983 -0.00300000003
vn 0.0152000003 0.999899983 -0.00300000003
vn 0.0152000003 0.999899983 -0.00300000003
vn 0.0346000008 0.991100013 0.128000006
vn 0.0353000015 0.990400016 0.133200005
vn 0.0152000003 0.999899983 -0.00300000003
vn 0.0152000003 0.999899983 -0.00300000003
vn 0.0152000003 0.999899983 -0.00300000003
vn 0.0346000008 0.991100013 0.128000006
vn 0.108199999 0.755699992 0.645900011
vn 0.108199999 0.755699992 0.645900011
vn 0.109499998 0.746999979 0.655700028
vn 0.0154999997 0.999899983 -0.000899999985
vn 0.0154999997 0.999899983 -0.000899999985
vn 0.0155999996 0.999899983 0
vn 0.0155999996 0.999899983 0
vn 0.0155999996 0.999899983 0
vn 0.0154999997 0.999899983 -0.000899999985
vn 0.0153999999 0.999899983 -0.00150000001
vn 0.0153999999 0.999899983 -0.00150000001
vn 0.0153999999 0.999899983 -0.00150000001
vn 0.0153999999 0.999899983 -0.00190000003
vn 0.0153999999 0.999899983 -0.00190000003
vn 0.0153999999 0.999899983 -0.00150000001
vn 0.0153999999 0.999899983 -0.00150000001
vn 0.0153999999 0.999899983 -0.00150000001
vn 0.0153999999 0.999899983 -0.00190000003
vn 0.0153000001 0.999899983 -0.00230000005
vn 0.0153000001 0.999899983 -0.00230000005
vn 0.0153000001 0.999899983 -0.00230000005
vn 0.147300005 0.216399997 0.96509999
vn 0.147400007 0.215200007 0.965399981
vn 0.109499998 0.746999979 0.655700028
vn 0.108199999 0.755699992 0.645900011
vn 0.108199999 0.755699992 0.645900011
vn 0.147300005 0.216399997 0.96509999
vn 0.1479 0.0291000009 0.988600016
vn 0.1479 0.0291000009 0.988600016
vn 0.1479 0.0291000009 0.988600016
vn 0.156900004 0.0292000007 0.987200022
vn 0.168599993 0.0288999993 0.985199988
vn 0.1479 0.0291000009 0.988600016
vn 0.1479 0.0291000009 0.988600016
vn 0.1479 0.0294000003 0.988600016
vn 0.1479 0.0239000004 0.988699973
vn 0.169400007 0.0232999995 0.985300004
vn 0.193900004 0.0193000007 0.980799973
vn 0.145600006 -0.54369998 0.826499999
vn 0.176400006 -0.546400011 0.818700016
vn 0.169400007 0.0232999995 0.985300004
vn 0.1479 0.0239000004 0.988699973
vn 0.115999997 -0.542599976 0.831900001
vn 0.0196000002 -0.974099994 0.224999994
vn 0.0397000015 -0.974399984 0.221399993
vn 0.061999999 -0.975099981 0.212799996
vn 0.00219999999 -0.999899983 -0.0120999999
vn 0.0214000009 -0.999599993 -0.0152000003
vn 0.0215000007 -0.99970001 -0.0130000003
vn 0.00300000003 -0.999899983 -0.00870000012
vn -0.0131999999 -0.999899983 -0.00520000001
vn -0.0147000002 -0.999800026 -0.00930000003
vn -0.0157999992 -0.999800026 -0.00650000013
vn 0.0013 -0.999899983 -0.00870000012
vn 0.0208000001 -0.99970001 -0.0110999998
vn 0.00659999996 -0.99970001 0.0210999995
vn 0.0248000007 -0.999599993 0.0151000004
vn 0.061999999 -0.975099981 0.212799996
vn 0.0397000015 -0.974399984 0.221399993
vn 0.0196000002 -0.974099994 0.224999994
vn -0.00930000003 -0.999599993 0.0252999999
vn -0.0131999999 -0.999899983 -0.00520000001
vn 0.00300000003 -0.999899983 -0.00870000012
vn 0.0215000007 -0.99970001 -0.0130000003
vn 0.00100000005 -1 -0.00359999994
vn 0.0200999994 -0.999800026 -0.00540000014
vn 0.0013 -0.999899983 -0.00870000012
vn -0.0157999992 -0.999800026 -0.00650000013
vn -0.0157999992 -0.999800026 -0.00200000009
vn -0.0156999994 -0.999800026 -0.000699999975
vn 0.00039999999 -1 -0.00209999993
vn 0.0185000002 -0.999800026 -0.00310000009
vn -0.000699999975 -1 -0.00179999997
vn 0.0164000001 -0.999800026 -0.00219999999
vn -0.0156999994 -0.999800026 -0.000899999985
vn -0.0156999994 -0.999800026 0
vn -0.0013 -1 0
vn 0.0153000001 -0.999899983 0
vn 0.0152000003 0.999899983 -0.00260000001
vn 0.0153000001 0.999899983 -0.00230000005
vn 0.0153000001 0.999899983 -0.00230000005
vn 0.0152000003 0.999899983 -0.00260000001
vn 0.0152000003 0.999899983 -0.00300000003
vn 0.0152000003 0.999899983 -0.00300000003
vn -0.158199996 0.986999989 0.0273000002
vn -0.159600005 0.986899972 0.0239000004
vn -0.639500022 0.762799978 0.0956000015
vn -0.6329 0.76639998 0.109200001
vn -0.6329 0.764299989 0.1237
vn -0.158899993 0.986800015 0.0310999993
vn 0.0346000008 0.991100013 0.128000006
vn 0.0152000003 0.999899983 -0.00300000003
vn 0.0152000003 0.999899983 -0.00300000003
vn 0.0346000008 0.991100013 0.128000006
vn 0.108199999 0.755699992 0.645900011
vn 0.108199999 0.755699992 0.645900011
vn -0.145099998 0.975099981 0.167600006
vn -0.158899993 0.986800015 0.0310999993
vn -0.6329 0.764299989 0.1237
vn -0.617799997 0.75150001 0.2315
vn -0.564700007 0.567399979 0.599300027
vn -0.0873000026 0.739199996 0.667699993
vn 0.0154999997 0.999899983 -0.000899999985
vn 0.0155999996 0.999899983 0
vn 0.0155999996 0.999899983 0
vn 0.0154999997 0.999899983 -0.000899999985
vn 0.0153999999 0.999899983 -0.00150000001
vn 0.0153999999 0.999899983 -0.00150000001
vn -0.171000004 0.985199988 0.0102000004
vn -0.173700005 0.984799981 0
vn -0.699400008 0.714699984 0
vn -0.691399992 0.721300006 0.0410999991
vn -0.672999978 0.736699998 0.0656000003
vn -0.165999994 0.986000001 0.0162000004
vn 0.0153999999 0.999899983 -0.00190000003
vn 0.0153999999 0.999899983 -0.00150000001
vn 0.0153999999 0.999899983 -0.00150000001
vn 0.0153999999 0.999899983 -0.00190000003
vn 0.0153000001 0.999899983 -0.00230000005
vn 0.0153000001 0.999899983 -0.00230000005
vn -0.162300006 0.986500025 0.0199999996
vn -0.165999994 0.986000001 0.0162000004
vn -0.672999978 0.736699998 0.0656000003
vn -0.653900027 0.752300024 0.0803999975
vn -0.639500022 0.762799978 0.0956000015
vn -0.159600005 0.986899972 0.0239000004
vn 0.147300005 0.216399997 0.96509999
vn 0.108199999 0.755699992 0.645900011
vn 0.108199999 0.755699992 0.645900011
vn 0.147400007 0.216399997 0.96509999
vn 0.148000002 0.0291000009 0.988600016
vn 0.1479 0.0291000009 0.988600016
vn -0.0406000018 0.219600007 0.974699974
vn -0.0873000026 0.739199996 0.667699993
vn -0.564700007 0.567399979 0.599300027
vn -0.539799988 0.1664 0.825200021
vn -0.551500022 0.0177999996 0.833899975
vn -0.0366999991 0.0274999999 0.998899996
vn 0.1479 0.0294000003 0.988600016
vn 0.1479 0.0291000009 0.988600016
vn 0.148000002 0.0291000009 0.988600016
vn 0.1479 0.0294000003 0.988600016
vn 0.1479 0.0239000004 0.988699973
vn 0.1479 0.0239000004 0.988699973
vn -0.281899989 0.00769999996 0.959399998
vn -0.0366999991 0.0274999999 0.998899996
vn -0.551500022 0.0177999996 0.833899975
vn -0.779600024 -0.0219000001 0.625899971
vn -0.950699985 -0.0377999991 0.307900012
vn -0.507799983 -0.00910000037 0.861400008
vn 0.115999997 -0.542500019 0.832000017
vn 0.1479 0.0239000004 0.988699973
vn 0.1479 0.0239000004 0.988699973
vn 0.115999997 -0.542299986 0.832099974
vn 0.0197000001 -0.973999977 0.225700006
vn 0.0196000002 -0.974099994 0.225299999
vn -0.427399993 -0.440699995 0.789300025
vn -0.507799983 -0.00910000037 0.861400008
vn -0.950699985 -0.0377999991 0.307900012
vn -0.95599997 -0.0493000001 0.289099991
vn -0.954599977 -0.109399997 0.27700001
vn -0.587300003 -0.737399995 0.333600014
vn -0.0147000002 -0.999800026 -0.00939999986
vn -0.0131999999 -0.999899983 -0.00520000001
vn -0.0131999999 -0.999899983 -0.00520000001
vn -0.0147000002 -0.999800026 -0.00949999969
vn -0.0157999992 -0.999800026 -0.00669999979
vn -0.0157999992 -0.999800026 -0.00659999996
vn -0.626600027 -0.773000002 0.0992000028
vn -0.621500015 -0.772899985 0.127399996
vn -0.983200014 -0.121799998 0.135700002
vn -0.632700026 -0.770099998 0.0812000036
vn -0.00930000003 -0.999599993 0.0254999995
vn 0.0196000002 -0.974099994 0.225299999
vn 0.0197000001 -0.973999977 0.225700006
vn -0.0092000002 -0.999599993 0.0255999994
vn -0.0131999999 -0.999899983 -0.00520000001
vn -0.0131999999 -0.999899983 -0.00520000001
vn -0.612999976 -0.770099998 0.176499993
vn -0.587300003 -0.737399995 0.333600014
vn -0.621500015 -0.772899985 0.127399996
vn -0.0159000009 -0.999800026 -0.00200000009
vn -0.0157999992 -0.999800026 -0.00659999996
vn -0.0157999992 -0.999800026 -0.00669999979
vn -0.0159000009 -0.999800026 -0.00200000009
vn -0.0156999994 -0.999800026 -0.000699999975
vn -0.0156999994 -0.999800026 -0.000699999975
vn -0.634199977 -0.770299971 0.0661000013
vn -0.632700026 -0.770099998 0.0812000036
vn -0.983200014 -0.121799998 0.135700002
vn -0.988699973 -0.117600001 0.0926000029
vn -0.632700026 -0.772199988 0.0577000007
vn -0.0156999994 -0.999800026 -0.000899999985
vn -0.0156999994 -0.999800026 -0.000899999985
vn -0.0156999994 -0.999800026 0
vn -0.0156999994 -0.999800026 0
vn -0.639699996 -0.767499983 0.0414000005
vn -0.993300021 -0.115800001 0
vn -0.646099985 -0.763199985 0
vn 0.0114000002 0.999899983 0.0057000001
vn 0.0115 0.999899983 0.00389999989
vn 0.0115 0.999899983 0.00400000019
vn 0.0115 0.999899983 0.0057000001
vn 0.0111999996 0.999899983 0
vn 0.0111999996 0.999899983 0
vn -0.68809998 0.724099994 0.0456000008
vn -0.691200018 0.719699979 0.065200001
vn -0.995999992 0.0105999997 0.0882999972
vn -0.998099983 0.0147000002 0.058699999
vn -0.686200023 0.727400005 0
vn 0.0113000004 0.999899983 0.00159999996
vn 0.0115 0.999899983 0.00340000005
vn 0.0115999999 0.999899983 0.00340000005
vn 0.0113000004 0.999899983 0.00159999996
vn 0.0115 0.999899983 0.00400000019
vn 0.0115 0.999899983 0.00389999989
vn -0.689400017 0.720200002 0.0766000003
vn -0.685500026 0.721400023 0.0979000032
vn -0.990499973 0.0118000004 0.136800006
vn -0.994099975 0.00980000012 0.107900001
vn -0.691200018 0.719699979 0.065200001
vn -0.140400007 0.166800007 -0.975899994
vn -0.144500002 -0.0296 -0.989000022
vn -0.144500002 -0.0296 -0.989000022
vn -0.140400007 0.166700006 -0.975899994
vn -0.0873000026 0.74970001 -0.655900002
vn -0.0873000026 0.749800026 -0.655900002
vn -0.792500019 0.119900003 -0.597899973
vn -0.824199975 -0.0239000004 -0.565800011
vn -0.973100007 0.00109999999 0.230299994
vn -0.968299985 -0.0105999997 0.249500006
vn -0.710200012 0.591199994 -0.382099986
vn -0.00659999996 0.992600024 -0.120700002
vn -0.0873000026 0.749800026 -0.655900002
vn -0.0873000026 0.74970001 -0.655900002
vn -0.00659999996 0.992600024 -0.120700002
vn 0.0118000004 0.999899983 0.00520000001
vn 0.0118000004 0.999899983 0.00520000001
vn -0.66869998 0.740400016 0.0680999979
vn -0.710200012 0.591199994 -0.382099986
vn -0.971199989 -0.000600000028 0.238299996
vn -0.979300022 0.00939999986 0.202000007
vn -0.675700009 0.722500026 0.145899996
vn 0.0118000004 0.999899983 0.00540000014
vn 0.0118000004 0.999899983 0.00520000001
vn 0.0118000004 0.999899983 0.00520000001
vn 0.0118000004 0.999899983 0.00540000014
vn 0.0115999999 0.999899983 0.00340000005
vn 0.0115 0.999899983 0.00340000005
vn -0.681599975 0.721700013 0.120399997
vn -0.675700009 0.722500026 0.145899996
vn -0.979300022 0.00939999986 0.202000007
vn -0.985899985 0.0133999996 0.166500002
vn -0.685500026 0.721400023 0.0979000032
vn -0.0109000001 -0.999899983 0.0013
vn -0.0109000001 -0.999899983 0.00100000005
vn -0.0109000001 -0.999899983 0.00100000005
vn -0.0109000001 -0.999899983 0.0013
vn -0.0108000003 -0.999899983 0.00159999996
vn -0.0108000003 -0.999899983 0.00159999996
vn -0.703599989 -0.70569998 0.0825000033
vn -0.704299986 -0.706900001 0.0644999966
vn -0.993300021 0.00980000012 0.115500003
vn -0.989400029 0.0157999992 0.144199997
vn -0.702899992 -0.703800023 0.102899998
vn -0.0109999999 -0.999899983 0.000600000028
vn -0.0109999999 -0.999899983 0
vn -0.0109999999 -0.999899983 0
vn -0.0109999999 -0.999899983 0.000600000028
vn -0.0109000001 -0.999899983 0.00100000005
vn -0.0109000001 -0.999899983 0.00100000005
vn -0.702400029 -0.710699975 0.0394000001
vn -0.701300025 -0.712800026 0
vn -0.998399973 0.00200000009 0.055399999
vn -0.995899975 0.00480000023 0.0903000012
vn -0.704299986 -0.706900001 0.0644999966
vn -0.0298999995 -0.991100013 -0.129899994
vn -0.0109000001 -0.999899983 0.00120000006
vn -0.0109000001 -0.999899983 0.00120000006
vn -0.0298999995 -0.991100013 -0.129899994
vn -0.103100002 -0.752900004 -0.649999976
vn -0.103100002 -0.752900004 -0.649900019
vn -0.688199997 -0.724099994 0.0434999987
vn -0.699899971 -0.701200008 0.135900006
vn -0.981100023 0.0219999999 0.1919
vn -0.975199997 0.0192000009 0.220599994
vn -0.712400019 -0.583999991 -0.388999999
vn -0.143299997 -0.209399998 -0.967199981
vn -0.103100002 -0.752900004 -0.649900019
vn -0.103100002 -0.752900004 -0.649999976
vn -0.143299997 -0.209399998 -0.967299998
vn -0.144500002 -0.0296 -0.989000022
vn -0.144500002 -0.0296 -0.989000022
vn -0.788800001 -0.150600001 -0.595899999
vn -0.712400019 -0.583999991 -0.388999999
vn -0.974900007 0.0175000001 0.222000003
vn -0.973100007 0.00109999999 0.230299994
vn -0.824199975 -0.0239000004 -0.565800011
vn -0.0108000003 -0.999899983 0.00159999996
vn -0.0108000003 -0.999899983 0.00159999996
vn -0.0108000003 -0.999899983 0.00159999996
vn -0.0108000003 -0.999899983 0.00159999996
vn -0.0109000001 -0.999899983 0.00120000006
vn -0.0109000001 -0.999899983 0.00120000006
vn -0.702799976 -0.700999975 0.1206
vn -0.702899992 -0.703800023 0.102899998
vn -0.985400021 0.0206000004 0.169100001
vn -0.981100023 0.0219999999 0.1919
vn -0.699899971 -0.701200008 0.135900006
vn -0.949100018 0.26910001 0.163499996
vn -0.968100011 0.186700001 0.166800007
vn -0.964600027 0.184400007 0.1884
vn -0.945900023 0.2667 0.184699997
vn -0.943499982 0.2755 0.184100002
vn -0.946699977 0.27790001 0.163200006
vn -0.953199983 0.26699999 0.1417
vn -0.95569998 0.25819999 0.141399994
vn -0.973999977 0.174999997 0.1435
vn -0.908399999 0.387499988 0.156599998
vn -0.905900002 0.3847 0.176699996
vn -0.6329 0.764299989 0.1237
vn -0.6329 0.76639998 0.109200001
vn -0.915600002 0.377999991 0.136600003
vn -0.900200009 0.365399987 0.236900002
vn -0.617799997 0.75150001 0.2315
vn -0.905900002 0.3847 0.176699996
vn -0.943499982 0.2755 0.184100002
vn -0.939499974 0.251199991 0.232800007
vn -0.931599975 0.164499998 0.324099988
vn -0.883400023 0.256900012 0.391799986
vn -0.564700007 0.567399979 0.599300027
vn -0.941600025 0.243300006 0.232600003
vn -0.945900023 0.2667 0.184699997
vn -0.964600027 0.184400007 0.1884
vn -0.959100008 0.170699999 0.225700006
vn -0.949199975 0.118299998 0.291399986
vn -0.933200002 0.159199998 0.322100013
vn -0.868900001 0.0793000013 0.488599986
vn -0.539799988 0.1664 0.825200021
vn -0.921800017 0.0573999994 0.383399993
vn -0.920899987 0.0013 0.389699996
vn -0.871299982 0.00469999993 0.49059999
vn -0.551500022 0.0177999996 0.833899975
vn -0.924300015 0.0538999997 0.377799988
vn -0.948099971 0.0364999995 0.315800011
vn -0.952400029 -0.00150000001 0.304899991
vn -0.924199998 0.000899999985 0.381799996
vn -0.987999976 0.143199995 0.0568999983
vn -0.996800005 0.056400001 0.0562999994
vn -0.99119997 0.0948999971 0.0917999968
vn -0.979099989 0.181299999 0.0922999978
vn -0.977100015 0.190699995 0.0939999968
vn -0.986500025 0.152899995 0.0581
vn -0.990400016 0.137899995 0
vn -0.991699994 0.128199995 0
vn -0.999100029 0.0414999984 0
vn -0.959800005 0.274800003 0.0573000014
vn -0.94630003 0.309700012 0.0921000019
vn -0.691399992 0.721300006 0.0410999991
vn -0.965300024 0.260899991 0
vn -0.967100024 0.226099998 0.115999997
vn -0.983099997 0.141399994 0.116499998
vn -0.95569998 0.25819999 0.141399994
vn -0.953199983 0.26699999 0.1417
vn -0.9648 0.235300004 0.117299996
vn -0.929799974 0.349900007 0.114
vn -0.915600002 0.377999991 0.136600003
vn -0.639500022 0.762799978 0.0956000015
vn -0.653900027 0.752300024 0.0803999975
vn -0.984899998 -0.0410999991 0.167999998
vn -0.985400021 -0.0208000001 0.169
vn -0.975600004 -0.0662999973 0.209000006
vn -0.973800004 -0.0948999971 0.206699997
vn -0.984200001 -0.0577000007 0.167400002
vn -0.989799976 -0.0406999998 0.136099994
vn -0.9903 -0.0274999999 0.136099994
vn -0.990499973 -0.0110999998 0.136800006
vn -0.984799981 -0.0483000018 0.166899994
vn -0.974900007 -0.0864000022 0.2051
vn -0.978799999 -0.00609999988 0.204699993
vn -0.985400021 0.0346000008 0.166999996
vn -0.989099979 0.0551999994 0.136299998
vn -0.990199983 -0.0309999995 0.136099994
vn -0.899800003 -0.0375999995 0.434599996
vn -0.779600024 -0.0219000001 0.625899971
vn -0.871299982 0.00469999993 0.49059999
vn -0.920899987 0.0013 0.389699996
vn -0.921800017 -0.0471000001 0.384799987
vn -0.934400022 -0.1127 0.337799996
vn -0.947700024 -0.0715999976 0.311100006
vn -0.924399972 -0.0447000004 0.378699988
vn -0.924199998 0.000899999985 0.381799996
vn -0.952400029 -0.00150000001 0.304899991
vn -0.948199987 -0.0313000008 0.316000015
vn -0.950800002 -0.0719000027 0.301200002
vn -0.936200023 -0.109399997 0.333799988
vn -0.960799992 -0.0872000009 0.263000011
vn -0.966199994 -0.0350000001 0.255499989
vn -0.955600023 -0.132200003 0.263300002
vn -0.973800004 -0.0948999971 0.206699997
vn -0.975600004 -0.0662999973 0.209000006
vn -0.977299988 -0.0296999998 0.209800005
vn -0.957400024 -0.125699997 0.25999999
vn -0.966700017 -0.0549000017 0.249699995
vn -0.978799999 -0.00609999988 0.204699993
vn -0.974900007 -0.0864000022 0.2051
vn -0.994000018 -0.0209999997 0.107699998
vn -0.990499973 -0.0110999998 0.136800006
vn -0.9903 -0.0274999999 0.136099994
vn -0.989799976 -0.0406999998 0.136099994
vn -0.993600011 -0.0333999991 0.107699998
vn -0.995599985 -0.0137999998 0.0920000002
vn -0.995599985 -0.00829999987 0.0927999988
vn -0.995599985 -0.00260000001 0.0932999998
vn -0.993900001 -0.0237000007 0.107600003
vn -0.990199983 -0.0309999995 0.136099994
vn -0.9921 0.0644000024 0.107500002
vn -0.992500007 0.0832000002 0.0895000026
vn -0.995800018 -0.00410000002 0.0905999988
vn -0.997699976 0.0148 0.0658999979
vn -0.997600019 0.0244999994 0.0649000034
vn -0.998899996 0.0467000008 0
vn -0.999599993 0.0277999993 0
vn -1 0.00469999993 0
vn -0.997399986 0.0340000018 0.0628999993
vn -0.991100013 0.1184 0.0612000003
vn -0.9903 0.138699993 0
vn -0.998399973 0.0560999997 0
vn 0.708199978 -0.442099988 0.550400019
vn 0.983099997 -0.0988000035 -0.153899997
vn 0.986599982 0.00150000001 -0.162799999
vn 0.817499995 -0.000899999985 0.575900018
vn 0.206300005 -0.0027999999 0.978500009
vn 0.182300001 -0.55309999 0.812900007
vn 0.0650999993 -0.975399971 0.210600004
vn 0.615800023 -0.785700023 0.0584999993
vn 0.93900001 -0.291599989 -0.1822
vn 0.181099996 -0.550599992 0.814899981
vn 0.203799993 0.00449999981 0.978999972
vn 0.193900004 0.0193000007 0.980799973
vn 0.176400006 -0.546400011 0.818700016
vn 0.061999999 -0.975099981 0.212799996
vn 0.0649000034 -0.975199997 0.211199999
vn 0.0267999992 -0.999499977 0.0130000003
vn 0.0248000007 -0.999599993 0.0151000004
vn 0.0215000007 -0.99970001 -0.0130000003
vn 0.0237000007 -0.999599993 -0.0140000004
vn 0.0238000005 -0.999599993 -0.0147000002
vn 0.0267999992 -0.999599993 0.0114000002
vn 0.0649000034 -0.975199997 0.211199999
vn 0.061999999 -0.975099981 0.212799996
vn 0.481999993 -0.872200012 -0.0833000019
vn 0.460200012 -0.883700013 -0.0847000033
vn 0.927999973 -0.338999987 -0.154200003
vn 0.930999994 -0.317000002 -0.180899993
vn 0.615800023 -0.785700023 0.0584999993
vn 0.0237000007 -0.999599993 -0.0153000001
vn 0.0214000009 -0.999599993 -0.0152000003
vn 0.0208000001 -0.99970001 -0.0110999998
vn 0.0230999999 -0.99970001 -0.0109999999
vn 0.0234999992 -0.99970001 -0.0104999999
vn 0.0240000002 -0.999599993 -0.0149999997
vn 0.0238000005 -0.999599993 -0.0147000002
vn 0.0237000007 -0.999599993 -0.0140000004
vn 0.0215000007 -0.99970001 -0.0130000003
vn 0.457899988 -0.886300027 -0.0692000017
vn 0.453999996 -0.889100015 -0.0571999997
vn 0.92900002 -0.354699999 -0.105599999
vn 0.929400027 -0.347799987 -0.123000003
vn 0.460200012 -0.883700013 -0.0847000033
vn 0.0183000006 -0.999800026 -0.000699999975
vn 0.0164000001 -0.999800026 -0.00219999999
vn 0.0153000001 -0.999899983 0
vn 0.0172000006 -0.999800026 0
vn 0.0174000002 -0.999800026 0
vn 0.0186000001 -0.999800026 0.00100000005
vn 0.0208999999 -0.999800026 -0.00039999999
vn 0.0206000004 -0.999800026 -0.00190000003
vn 0.0185000002 -0.999800026 -0.00310000009
vn 0.440200001 -0.897899985 -0.00630000001
vn 0.440600008 -0.897700012 0
vn 0.927900016 -0.372799993 0
vn 0.92869997 -0.370499998 -0.0164999999
vn 0.444499999 -0.895399988 -0.0248000007
vn 0.0222999994 -0.99970001 -0.00499999989
vn 0.0200999994 -0.999800026 -0.00540000014
vn 0.0226000007 -0.99970001 -0.00430000015
vn 0.0234999992 -0.99970001 -0.0104999999
vn 0.0230999999 -0.99970001 -0.0109999999
vn 0.0208000001 -0.99970001 -0.0110999998
vn 0.449999988 -0.89200002 -0.0434999987
vn 0.92900002 -0.359499991 -0.0869999975
vn 0.453999996 -0.889100015 -0.0571999997
vn -0.985099971 -0.0277999993 -0.169499993
vn -0.985400021 -0.0208000001 -0.169
vn -0.977299988 -0.0296999998 -0.209800005
vn -0.977199972 -0.0328000002 -0.209700003
vn -0.969399989 -0.131699994 -0.207100004
vn -0.977500021 -0.128199995 -0.167500004
vn -0.983200014 -0.1219 -0.135700002
vn -0.990400016 -0.0193000007 -0.137199998
vn -0.990499973 -0.0110999998 -0.136800006
vn -0.966499984 -0.0329999998 -0.254400015
vn -0.966199994 -0.0350000001 -0.255499989
vn -0.950699985 -0.0377999991 -0.307900012
vn -0.95599997 -0.0493000001 -0.289099991
vn -0.954599977 -0.1096 -0.27700001
vn -0.959500015 -0.122400001 -0.253500015
vn -0.969399989 -0.131699994 -0.207100004
vn -0.977199972 -0.0328000002 -0.209700003
vn -0.977299988 -0.0296999998 -0.209800005
vn -0.994000018 -0.0144999996 -0.108199999
vn -0.994099975 -0.00590000022 -0.108099997
vn -0.990499973 -0.0110999998 -0.136800006
vn -0.990400016 -0.0193000007 -0.137199998
vn -0.983200014 -0.1219 -0.135700002
vn -0.987100005 -0.118500002 -0.107299998
vn -0.988699973 -0.117600001 -0.0926000029
vn -0.995500028 -0.0131999999 -0.0934000015
vn -0.995599985 -0.00260000001 -0.0932999998
vn -0.997699976 -0.0125000002 -0.0670000017
vn -0.997699976 0.00200000009 -0.0666999966
vn -0.995599985 -0.00260000001 -0.0932999998
vn -0.995500028 -0.0131999999 -0.0934000015
vn -0.988699973 -0.117600001 -0.0926000029
vn -0.99089998 -0.116599999 -0.0665000007
vn 0.980400026 -0.0403000005 0.192699999
vn 0.98119998 0.00159999996 0.192900002
vn 0.987200022 0.00150000001 0.159400001
vn 0.986400008 -0.0381000005 0.159899995
vn 0.927999973 -0.339100003 0.154200003
vn 0.930999994 -0.317099988 0.180899993
vn 0.93900001 -0.291799992 0.1822
vn 0.983099997 -0.0988000035 0.153899997
vn 0.986599982 0.00159999996 0.162799999
vn 0.991100013 -0.0397000015 0.127000004
vn 0.991900027 0.00139999995 0.126499996
vn 0.993900001 0.0013 0.109899998
vn 0.992999971 -0.0408000015 0.110200003
vn 0.92900002 -0.354699999 0.105599999
vn 0.929400027 -0.347799987 0.123000003
vn 0.927999973 -0.339100003 0.154200003
vn 0.986400008 -0.0381000005 0.159899995
vn 0.987200022 0.00150000001 0.159400001
vn 0.998899996 -0.0434000008 0.0184000004
vn 0.999800026 0.00100000005 0.0185000002
vn 0.92869997 -0.370499998 0.0164999999
vn 0.929499984 -0.364800006 0.054299999
vn 0.997399986 -0.0423999988 0.058600001
vn 0.998300016 0.00120000006 0.058699999
vn 0.994799972 -0.0416000001 0.0923999995
vn 0.995700002 0.0013 0.0923999995
vn 0.998300016 0.00120000006 0.058699999
vn 0.997399986 -0.0423999988 0.058600001
vn 0.929499984 -0.364800006 0.054299999
vn 0.92900002 -0.359499991 0.0869999975
vn 0.92900002 -0.354699999 0.105599999
vn 0.992999971 -0.0408000015 0.110200003
vn 0.993900001 0.0013 0.109899998
vn -0.998399973 0.00600000005 -0.056499999
vn -0.996200025 0.0027999999 -0.0872000009
vn -0.995999992 0.0105999997 -0.0882999972
vn -0.998099983 0.0147000002 -0.058699999
vn -0.998399973 0.00810000021 -0.0546999983
vn -0.996200025 0.00749999983 -0.0869999975
vn -0.994000018 0.00270000007 -0.1087
vn -0.990400016 0.00529999984 -0.137899995
vn -0.990499973 0.0118000004 -0.136800006
vn -0.994099975 0.00980000012 -0.107900001
vn -0.993799984 0.00970000029 -0.110399999
vn -0.990100026 0.0137999998 -0.139899999
vn -0.9727 -0.00469999993 -0.232199997
vn -0.980000019 0.00400000019 -0.198799998
vn -0.980599999 0.0156999994 -0.195299998
vn -0.9745 0.00910000037 -0.224199995
vn -0.973100007 0.00109999999 -0.230299994
vn -0.970499992 -0.0137999998 -0.240400001
vn -0.968299985 -0.0105999997 -0.249500006
vn -0.971199989 -0.000600000028 -0.238299996
vn -0.979300022 0.00939999986 -0.202000007
vn -0.986000001 0.00730000017 -0.166700006
vn -0.980000019 0.00400000019 -0.198799998
vn -0.979300022 0.00939999986 -0.202000007
vn -0.985899985 0.0133999996 -0.166500002
vn -0.990499973 0.0118000004 -0.136800006
vn -0.990400016 0.00529999984 -0.137899995
vn -0.990100026 0.0137999998 -0.139899999
vn -0.985700011 0.0170000009 -0.167199999
vn -0.980599999 0.0156999994 -0.195299998
vn -0.993399978 0.0164000001 -0.112999998
vn -0.989600003 0.0219000001 -0.142199993
vn -0.993799984 0.00970000029 -0.110399999
vn -0.996200025 0.00749999983 -0.0869999975
vn -0.995999992 0.0120999999 -0.0883999988
vn -0.995899975 0.00480000023 -0.0903000012
vn -0.993300021 0.00980000012 -0.115500003
vn -0.989400029 0.0157999992 -0.144199997
vn -0.998399973 0.0100999996 -0.0546000004
vn -0.998399973 0.00810000021 -0.0546999983
vn -0.998399973 0.00200000009 -0.055399999
vn -0.975700021 0.0237000007 -0.217800006
vn -0.9745 0.00910000037 -0.224199995
vn -0.980599999 0.0156999994 -0.195299998
vn -0.980799973 0.0270000007 -0.192900002
vn -0.981100023 0.0219000001 -0.1919
vn -0.976700008 0.0197999999 -0.213599995
vn -0.975199997 0.0193000007 -0.220599994
vn -0.974900007 0.0175000001 -0.222000003
vn -0.973100007 0.00109999999 -0.230299994
vn -0.985400021 0.0263 -0.168099999
vn -0.980799973 0.0270000007 -0.192900002
vn -0.985700011 0.0170000009 -0.167199999
vn -0.990100026 0.0137999998 -0.139899999
vn -0.989600003 0.0219000001 -0.142199993
vn -0.989400029 0.0157999992 -0.144199997
vn -0.985400021 0.0205000006 -0.169100001
vn -0.981100023 0.0219000001 -0.1919
vn -0.634899974 0.771399975 -0.0436000004
vn -0.642700016 0.763599992 -0.0612999983
vn -0.992500007 0.0834999979 -0.0895000026
vn -0.991100013 0.118500002 -0.0612000003
vn 0.0115 0.999899983 -0.0057000001
vn 0.0115 0.999899983 -0.00389999989
vn -0.649399996 0.756900012 -0.072800003
vn -0.65170002 0.752600014 -0.0939000025
vn -0.989099979 0.055399999 -0.136299998
vn -0.9921 0.0648000017 -0.107500002
vn -0.992500007 0.0834999979 -0.0895000026
vn -0.642700016 0.763599992 -0.0612999983
vn 0.0115 0.999899983 -0.00389999989
vn 0.0113000004 0.999899983 -0.00159999996
vn 0.0115 0.999899983 -0.00340000005
vn -0.867600024 0.0986000001 0.487300009
vn -0.829599977 -0.0250000004 0.557799995
vn -0.952400029 -0.00150000001 -0.304899991
vn -0.948199987 -0.0313000008 -0.316000015
vn -0.950900018 -0.0719000027 -0.301099986
vn -0.877699971 0.447699994 0.170499995
vn -0.0873000026 0.749800026 0.655900002
vn -0.140499994 0.166800007 0.975899994
vn -0.144600004 -0.0296 0.989000022
vn -0.720700026 0.685800016 -0.101000004
vn -0.877699971 0.447699994 0.170499995
vn -0.950900018 -0.0719000027 -0.301099986
vn -0.966700017 -0.0549000017 -0.249699995
vn -0.978799999 -0.00609999988 -0.204699993
vn -0.669399977 0.728699982 -0.144500002
vn 0.0118000004 0.999899983 -0.00520000001
vn -0.00659999996 0.992600024 0.120700002
vn -0.0873000026 0.749800026 0.655900002
vn -0.657000005 0.744700015 -0.116899997
vn -0.669399977 0.728699982 -0.144500002
vn -0.978799999 -0.00609999988 -0.204699993
vn -0.985400021 0.0346000008 -0.166999996
vn -0.989099979 0.055399999 -0.136299998
vn -0.65170002 0.752600014 -0.0939000025
vn 0.0115 0.999899983 -0.00340000005
vn 0.0118000004 0.999899983 -0.00540000014
vn 0.0118000004 0.999899983 -0.00520000001
vn -0.731299996 -0.676599979 -0.0861999989
vn -0.716799974 -0.694100022 -0.066200003
vn -0.99119997 0.0948000029 -0.0917999968
vn -0.983099997 0.141299993 -0.116499998
vn -0.974099994 0.174799994 -0.1435
vn -0.740100026 -0.663600028 -0.108499996
vn -0.0108000003 -0.999899983 -0.00159999996
vn -0.0109000001 -0.999899983 -0.0013
vn -0.0109999999 -0.999899983 -0.00100000005
vn -0.707700014 -0.705299973 -0.0401999988
vn -0.996800005 0.0562999994 -0.0562999994
vn -0.99119997 0.0948000029 -0.0917999968
vn -0.716799974 -0.694100022 -0.066200003
vn -0.0109999999 -0.999899983 -0.00100000005
vn -0.0109999999 -0.999899983 -0.000600000028
vn -0.774699986 -0.627099991 -0.0806000009
vn -0.737600029 -0.660000026 -0.142800003
vn -0.964600027 0.184300005 -0.1884
vn -0.959100008 0.1708 -0.225700006
vn -0.949199975 0.118299998 -0.291500002
vn -0.891900003 -0.414700001 0.180099994
vn -0.103100002 -0.752900004 0.649999976
vn -0.0298999995 -0.991100013 0.129899994
vn -0.0109000001 -0.999899983 -0.00120000006
vn -0.866100013 -0.130600005 0.4824
vn -0.891900003 -0.414700001 0.180099994
vn -0.949199975 0.118299998 -0.291500002
vn -0.948099971 0.0364000015 -0.315899998
vn -0.952400029 -0.00150000001 -0.304899991
vn -0.829599977 -0.0250000004 0.557799995
vn -0.144600004 -0.0296 0.989000022
vn -0.143299997 -0.209399998 0.967299998
vn -0.103100002 -0.752900004 0.649999976
vn -0.7403 -0.660099983 -0.127200007
vn -0.740100026 -0.663600028 -0.108499996
vn -0.974099994 0.174799994 -0.1435
vn -0.968200028 0.186399996 -0.166800007
vn -0.964600027 0.184300005 -0.1884
vn -0.737600029 -0.660000026 -0.142800003
vn -0.0109000001 -0.999899983 -0.00120000006
vn -0.0108000003 -0.999899983 -0.00159999996
vn -0.0108000003 -0.999899983 -0.00159999996
vn 0.0152000003 0.999899983 0.00260000001
vn 0.0153000001 0.999899983 0.00230000005
vn 0.0153000001 0.999899983 0.00230000005
vn 0.0152000003 0.999899983 0.00260000001
vn 0.0152000003 0.999899983 0.00300000003
vn 0.0152000003 0.999899983 0.00300000003
vn 0.0152000003 0.999899983 0.00300000003
vn 0.0152000003 0.999899983 0.00260000001
vn 0.0153000001 0.999899983 0.00230000005
vn 0.0346000008 0.991100013 -0.128000006
vn 0.0152000003 0.999899983 0.00300000003
vn 0.0152000003 0.999899983 0.00300000003
vn 0.0353000015 0.990400016 -0.133200005
vn 0.109499998 0.746999979 -0.655700028
vn 0.108199999 0.755699992 -0.645900011
vn 0.108199999 0.755699992 -0.645900011
vn 0.0346000008 0.991100013 -0.128000006
vn 0.0152000003 0.999899983 0.00300000003
vn 0.0154999997 0.999899983 0.000899999985
vn 0.0154999997 0.999899983 0.000899999985
vn 0.0153999999 0.999899983 0.00150000001
vn 0.0153999999 0.999899983 0.00150000001
vn 0.0153999999 0.999899983 0.00150000001
vn 0.0154999997 0.999899983 0.000899999985
vn 0.0153999999 0.999899983 0.00190000003
vn 0.0153999999 0.999899983 0.00150000001
vn 0.0153999999 0.999899983 0.00150000001
vn 0.0153999999 0.999899983 0.00190000003
vn 0.0153000001 0.999899983 0.00230000005
vn 0.0153000001 0.999899983 0.00230000005
vn 0.0153000001 0.999899983 0.00230000005
vn 0.0153999999 0.999899983 0.00190000003
vn 0.0153999999 0.999899983 0.00150000001
vn 0.147300005 0.216399997 -0.96509999
vn 0.108199999 0.755699992 -0.645900011
vn 0.109499998 0.746999979 -0.655700028
vn 0.147300005 0.215200007 -0.965399981
vn 0.1479 0.0291000009 -0.988600016
vn 0.1479 0.0291000009 -0.988600016
vn 0.1479 0.0291000009 -0.988600016
vn 0.147400007 0.216399997 -0.96509999
vn 0.108199999 0.755699992 -0.645900011
vn 0.156900004 0.0292000007 -0.987200022
vn 0.1479 0.0291000009 -0.988600016
vn 0.168599993 0.0288999993 -0.985199988
vn 0.193900004 0.0193000007 -0.980799973
vn 0.169400007 0.0232999995 -0.985300004
vn 0.1479 0.0239000004 -0.988699973
vn 0.1479 0.0294000003 -0.988600016
vn 0.1479 0.0291000009 -0.988600016
vn 0.145600006 -0.54369998 -0.826499999
vn 0.169400007 0.0232999995 -0.985300004
vn 0.176400006 -0.546400011 -0.818700016
vn 0.061999999 -0.975099981 -0.212799996
vn 0.0397000015 -0.974399984 -0.221399993
vn 0.0196000002 -0.974099994 -0.224999994
vn 0.115999997 -0.542599976 -0.831900001
vn 0.1479 0.0239000004 -0.988699973
vn 0.00219999999 -0.999899983 0.0120999999
vn 0.00300000003 -0.999899983 0.00870000012
vn 0.0215000007 -0.99970001 0.0130000003
vn 0.0214000009 -0.999599993 0.0152000003
vn 0.0208000001 -0.99970001 0.0110999998
vn 0.0013 -0.999899983 0.00870000012
vn -0.0157999992 -0.999800026 0.00650000013
vn -0.0147000002 -0.999800026 0.00930000003
vn -0.0131999999 -0.999899983 0.00520000001
vn 0.00659999996 -0.99970001 -0.0210999995
vn 0.0397000015 -0.974399984 -0.221399993
vn 0.061999999 -0.975099981 -0.212799996
vn 0.0248000007 -0.999599993 -0.0151000004
vn 0.0215000007 -0.99970001 0.0130000003
vn 0.00300000003 -0.999899983 0.00870000012
vn -0.0131999999 -0.999899983 0.00520000001
vn -0.00930000003 -0.999599993 -0.0252999999
vn 0.0196000002 -0.974099994 -0.224999994
vn 0.00100000005 -1 0.00359999994
vn 0.0013 -0.999899983 0.00870000012
vn 0.0200999994 -0.999800026 0.00540000014
vn 0.0185000002 -0.999800026 0.00310000009
vn 0.00039999999 -1 0.00209999993
vn -0.0156999994 -0.999800026 0.000699999975
vn -0.0159000009 -0.999800026 0.00200000009
vn -0.0157999992 -0.999800026 0.00650000013
vn -0.000699999975 -1 0.00179999997
vn 0.0164000001 -0.999800026 0.00219999999
vn -0.0156999994 -0.999800026 0.000899999985
vn 0.0152000003 0.999899983 0.00260000001
vn 0.0153000001 0.999899983 0.00230000005
vn 0.0152000003 0.999899983 0.00300000003
vn 0.0152000003 0.999899983 0.00300000003
vn 0.0152000003 0.999899983 0.00260000001
vn 0.0153000001 0.999899983 0.00230000005
vn -0.158199996 0.986999989 -0.0273000002
vn -0.159700006 0.986800015 -0.0239000004
vn -0.158800006 0.986800015 -0.0310999993
vn -0.632700026 0.764400005 -0.1237
vn -0.6329 0.766499996 -0.109200001
vn -0.639500022 0.762799978 -0.0956000015
vn 0.0346000008 0.991100013 -0.128000006
vn 0.0152000003 0.999899983 0.00300000003
vn 0.108199999 0.755699992 -0.645900011
vn 0.108199999 0.755699992 -0.645900011
vn 0.0346000008 0.991100013 -0.128000006
vn 0.0152000003 0.999899983 0.00300000003
vn -0.144999996 0.975099981 -0.167600006
vn -0.158800006 0.986800015 -0.0310999993
vn -0.0872000009 0.739300013 -0.667699993
vn -0.564599991 0.567600012 -0.59920001
vn -0.617600024 0.751600027 -0.2315
vn -0.632700026 0.764400005 -0.1237
vn 0.0154999997 0.999899983 0.000899999985
vn 0.0153999999 0.999899983 0.00150000001
vn 0.0153999999 0.999899983 0.00150000001
vn 0.0154999997 0.999899983 0.000899999985
vn -0.171000004 0.985199988 -0.0102000004
vn -0.165999994 0.986000001 -0.0162000004
vn -0.672900021 0.736800015 -0.0656000003
vn -0.691299975 0.721300006 -0.0410999991
vn 0.0153999999 0.999899983 0.00190000003
vn 0.0153999999 0.999899983 0.00150000001
vn 0.0153000001 0.999899983 0.00230000005
vn 0.0153000001 0.999899983 0.00230000005
vn 0.0153999999 0.999899983 0.00190000003
vn 0.0153999999 0.999899983 0.00150000001
vn -0.162499994 0.986500025 -0.0199999996
vn -0.165999994 0.986000001 -0.0162000004
vn -0.159700006 0.986800015 -0.0239000004
vn -0.639500022 0.762799978 -0.0956000015
vn -0.653900027 0.752300024 -0.0803999975
vn -0.672900021 0.736800015 -0.0656000003
vn 0.147300005 0.216399997 -0.96509999
vn 0.108199999 0.755699992 -0.645900011
vn 0.1479 0.0291000009 -0.988600016
vn 0.1479 0.0291000009 -0.988600016
vn 0.147300005 0.216399997 -0.96509999
vn 0.108199999 0.755699992 -0.645900011
vn -0.0406000018 0.219699994 -0.974699974
vn -0.0872000009 0.739300013 -0.667699993
vn -0.0366999991 0.0274999999 -0.998899996
vn -0.551500022 0.0177999996 -0.833999991
vn -0.539799988 0.1664 -0.825200021
vn -0.564599991 0.567600012 -0.59920001
vn 0.1479 0.0294000003 -0.988600016
vn 0.1479 0.0291000009 -0.988600016
vn 0.1479 0.0239000004 -0.988699973
vn 0.1479 0.0239000004 -0.988699973
vn 0.1479 0.0294000003 -0.988600016
vn 0.1479 0.0291000009 -0.988600016
vn -0.281899989 0.00769999996 -0.959399998
vn -0.0366999991 0.0274999999 -0.998899996
vn -0.507799983 -0.00910000037 -0.861400008
vn -0.950699985 -0.0377999991 -0.307900012
vn -0.779600024 -0.0219000001 -0.625899971
vn -0.551500022 0.0177999996 -0.833999991
vn 0.115999997 -0.542500019 -0.832000017
vn 0.1479 0.0239000004 -0.988699973
vn 0.0196000002 -0.974099994 -0.225299999
vn 0.0197000001 -0.973999977 -0.225600004
vn 0.115999997 -0.542299986 -0.832099974
vn 0.1479 0.0239000004 -0.988699973
vn -0.427399993 -0.440699995 -0.789300025
vn -0.507799983 -0.00910000037 -0.861400008
vn -0.587400019 -0.737299979 -0.333600014
vn -0.954599977 -0.1096 -0.27700001
vn -0.95599997 -0.0493000001 -0.289099991
vn -0.950699985 -0.0377999991 -0.307900012
vn -0.0147000002 -0.999800026 0.00939999986
vn -0.0131999999 -0.999899983 0.00520000001
vn -0.0157999992 -0.999800026 0.00659999996
vn -0.0157999992 -0.999800026 0.00669999979
vn -0.0147000002 -0.999800026 0.00949999969
vn -0.0131999999 -0.999899983 0.00520000001
vn -0.62650001 -0.773000002 -0.0992000028
vn -0.621500015 -0.772899985 -0.127399996
vn -0.632700026 -0.770099998 -0.0812000036
vn -0.983200014 -0.1219 -0.135700002
vn -0.00930000003 -0.999599993 -0.0254999995
vn 0.0196000002 -0.974099994 -0.225299999
vn -0.0131999999 -0.999899983 0.00520000001
vn -0.0131999999 -0.999899983 0.00520000001
vn -0.0092000002 -0.999599993 -0.0255999994
vn 0.0197000001 -0.973999977 -0.225600004
vn -0.612900019 -0.770099998 -0.176499993
vn -0.587400019 -0.737299979 -0.333600014
vn -0.621500015 -0.772899985 -0.127399996
vn -0.0159000009 -0.999800026 0.00200000009
vn -0.0157999992 -0.999800026 0.00659999996
vn -0.0156999994 -0.999800026 0.000699999975
vn -0.0156999994 -0.999800026 0.000699999975
vn -0.0159000009 -0.999800026 0.00200000009
vn -0.0157999992 -0.999800026 0.00669999979
vn -0.634199977 -0.770299971 -0.0661000013
vn -0.632700026 -0.770099998 -0.0812000036
vn -0.632700026 -0.772199988 -0.0577000007
vn -0.988699973 -0.117600001 -0.0926000029
vn -0.983200014 -0.1219 -0.135700002
vn -0.0156999994 -0.999800026 0.000899999985
vn -0.0156999994 -0.999800026 0.000899999985
vn -0.639699996 -0.767499983 -0.0414000005
vn 0.0115 0.999899983 -0.0057000001
vn 0.0115 0.999899983 -0.00389999989
vn 0.0114000002 0.999899983 -0.0057000001
vn 0.0115 0.999899983 -0.00400000019
vn -0.68809998 0.724099994 -0.0456000008
vn -0.691200018 0.719699979 -0.065200001
vn -0.998099983 0.0147000002 -0.058699999
vn -0.995999992 0.0105999997 -0.0882999972
vn 0.0113000004 0.999899983 -0.00159999996
vn 0.0115 0.999899983 -0.00340000005
vn 0.0115 0.999899983 -0.00389999989
vn 0.0115 0.999899983 -0.00400000019
vn 0.0113000004 0.999899983 -0.00159999996
vn 0.0115999999 0.999899983 -0.00340000005
vn -0.689400017 0.720200002 -0.0766000003
vn -0.685500026 0.721400023 -0.0979000032
vn -0.691200018 0.719699979 -0.065200001
vn -0.994099975 0.00980000012 -0.107900001
vn -0.990499973 0.0118000004 -0.136800006
vn -0.140400007 0.166800007 0.975899994
vn -0.144500002 -0.0296 0.989000022
vn -0.0873000026 0.749800026 0.655900002
vn -0.0873000026 0.74970001 0.655900002
vn -0.140400007 0.166800007 0.975899994
vn -0.144500002 -0.0296 0.989000022
vn -0.792500019 0.119999997 0.597899973
vn -0.824199975 -0.0239000004 0.565800011
vn -0.710200012 0.591199994 0.382099986
vn -0.968299985 -0.0105999997 -0.249500006
vn -0.973100007 0.00109999999 -0.230299994
vn -0.00659999996 0.992600024 0.120700002
vn -0.0873000026 0.749800026 0.655900002
vn 0.0118000004 0.999899983 -0.00520000001
vn 0.0118000004 0.999899983 -0.00520000001
vn -0.00659999996 0.992600024 0.120700002
vn -0.0873000026 0.74970001 0.655900002
vn -0.66869998 0.740400016 -0.0680999979
vn -0.710200012 0.591199994 0.382099986
vn -0.675700009 0.722599983 -0.145899996
vn -0.979300022 0.00939999986 -0.202000007
vn -0.971199989 -0.000600000028 -0.238299996
vn 0.0118000004 0.999899983 -0.00540000014
vn 0.0118000004 0.999899983 -0.00520000001
vn 0.0115 0.999899983 -0.00340000005
vn 0.0115999999 0.999899983 -0.00340000005
vn 0.0119000003 0.999899983 -0.00540000014
vn 0.0118000004 0.999899983 -0.00520000001
vn -0.681599975 0.721700013 -0.120399997
vn -0.675700009 0.722599983 -0.145899996
vn -0.685500026 0.721400023 -0.0979000032
vn -0.985899985 0.0133999996 -0.166500002
vn -0.979300022 0.00939999986 -0.202000007
vn -0.0109000001 -0.999899983 -0.0013
vn -0.0109000001 -0.999899983 -0.00100000005
vn -0.0108000003 -0.999899983 -0.00159999996
vn -0.0108000003 -0.999899983 -0.00159999996
vn -0.0109000001 -0.999899983 -0.0013
vn -0.0109000001 -0.999899983 -0.00100000005
vn -0.703599989 -0.70569998 -0.0825000033
vn -0.704299986 -0.707000017 -0.0644999966
vn -0.702899992 -0.703800023 -0.102899998
vn -0.989400029 0.0157999992 -0.144199997
vn -0.993300021 0.00980000012 -0.115500003
vn -0.0109999999 -0.999899983 -0.000600000028
vn -0.0109000001 -0.999899983 -0.00100000005
vn -0.0109000001 -0.999899983 -0.00100000005
vn -0.0109999999 -0.999899983 -0.000600000028
vn -0.702400029 -0.710699975 -0.0394000001
vn -0.704299986 -0.707000017 -0.0644999966
vn -0.995899975 0.00480000023 -0.0903000012
vn -0.998399973 0.00200000009 -0.055399999
vn -0.0298999995 -0.991100013 0.129899994
vn -0.0109000001 -0.999899983 -0.00120000006
vn -0.103100002 -0.753000021 0.649900019
vn -0.103 -0.752900004 0.649999976
vn -0.0298999995 -0.991100013 0.129899994
vn -0.0109000001 -0.999899983 -0.00120000006
vn -0.688199997 -0.72420001 -0.0434999987
vn -0.699899971 -0.701200008 -0.135900006
vn -0.712400019 -0.583999991 0.388999999
vn -0.975199997 0.0193000007 -0.220599994
vn -0.981100023 0.0219000001 -0.1919
vn -0.143299997 -0.209399998 0.967199981
vn -0.103100002 -0.753000021 0.649900019
vn -0.144500002 -0.0296 0.989000022
vn -0.144500002 -0.0296 0.989000022
vn -0.143299997 -0.209399998 0.967299998
vn -0.103 -0.752900004 0.649999976
vn -0.788800001 -0.150600001 0.595899999
vn -0.712400019 -0.583999991 0.388999999
vn -0.824199975 -0.0239000004 0.565800011
vn -0.973100007 0.00109999999 -0.230299994
vn -0.974900007 0.0175000001 -0.222000003
vn -0.0108000003 -0.999899983 -0.00159999996
vn -0.0108000003 -0.999899983 -0.00159999996
vn -0.0109000001 -0.999899983 -0.00120000006
vn -0.0109000001 -0.999899983 -0.00120000006
vn -0.0108000003 -0.999899983 -0.00159999996
vn -0.0108000003 -0.999899983 -0.00159999996
vn -0.702799976 -0.700999975 -0.1206
vn -0.702899992 -0.703800023 -0.102899998
vn -0.699899971 -0.701200008 -0.135900006
vn -0.981100023 0.0219000001 -0.1919
vn -0.985400021 0.0205000006 -0.169100001
vn -0.949100018 0.269199997 -0.163499996
vn -0.945900023 0.266799986 -0.184699997
vn -0.964600027 0.184300005 -0.1884
vn -0.968200028 0.186399996 -0.166800007
vn -0.974099994 0.174799994 -0.1435
vn -0.95569998 0.25819999 -0.141399994
vn -0.953199983 0.26699999 -0.1417
vn -0.94660002 0.27790001 -0.163200006
vn -0.943499982 0.2755 -0.184100002
vn -0.908399999 0.387600005 -0.156599998
vn -0.905900002 0.384900004 -0.176699996
vn -0.915600002 0.377999991 -0.136600003
vn -0.6329 0.766499996 -0.109200001
vn -0.632700026 0.764400005 -0.1237
vn -0.900099993 0.365500003 -0.236900002
vn -0.905900002 0.384900004 -0.176699996
vn -0.617600024 0.751600027 -0.2315
vn -0.564599991 0.567600012 -0.59920001
vn -0.88349998 0.256799996 -0.391799986
vn -0.931599975 0.164399996 -0.324000001
vn -0.939499974 0.251100004 -0.232800007
vn -0.943499982 0.2755 -0.184100002
vn -0.941600025 0.243300006 -0.232600003
vn -0.945900023 0.266799986 -0.184699997
vn -0.933200002 0.159199998 -0.322100013
vn -0.949199975 0.118299998 -0.291500002
vn -0.959100008 0.1708 -0.225700006
vn -0.964600027 0.184300005 -0.1884
vn -0.868900001 0.0793000013 -0.488499999
vn -0.539799988 0.1664 -0.825200021
vn -0.551500022 0.0177999996 -0.833999991
vn -0.871399999 0.00469999993 -0.49059999
vn -0.920899987 0.0013 -0.389699996
vn -0.921800017 0.0573999994 -0.383300006
vn -0.924300015 0.0538999997 -0.377799988
vn -0.924199998 0.000899999985 -0.381799996
vn -0.952400029 -0.00150000001 -0.304899991
vn -0.948099971 0.0364000015 -0.315899998
vn -0.987999976 0.143199995 -0.0568999983
vn -0.979099989 0.181199998 -0.0922999978
vn -0.99119997 0.0948000029 -0.0917999968
vn -0.996800005 0.0562999994 -0.0562999994
vn -0.986500025 0.152899995 -0.0581
vn -0.977100015 0.190699995 -0.0939999968
vn -0.959800005 0.274800003 -0.0573000014
vn -0.94630003 0.309799999 -0.0921000019
vn -0.691299975 0.721300006 -0.0410999991
vn -0.967199981 0.226099998 -0.115999997
vn -0.95569998 0.25819999 -0.141399994
vn -0.983099997 0.141299993 -0.116499998
vn -0.9648 0.235200003 -0.117299996
vn -0.953199983 0.26699999 -0.1417
vn -0.929799974 0.349900007 -0.114
vn -0.915600002 0.377999991 -0.136600003
vn -0.653900027 0.752300024 -0.0803999975
vn -0.639500022 0.762799978 -0.0956000015
vn -0.984899998 -0.0410999991 -0.167999998
vn -0.975600004 -0.0662999973 -0.208900005
vn -0.985400021 -0.0208000001 -0.169
vn -0.990499973 -0.0110999998 -0.136800006
vn -0.9903 -0.0275999997 -0.136099994
vn -0.989799976 -0.0408999994 -0.136099994
vn -0.984200001 -0.0577000007 -0.167400002
vn -0.973800004 -0.0948999971 -0.206699997
vn -0.984799981 -0.0483000018 -0.166899994
vn -0.974900007 -0.0864000022 -0.2051
vn -0.990199983 -0.0309999995 -0.136099994
vn -0.989099979 0.055399999 -0.136299998
vn -0.985400021 0.0346000008 -0.166999996
vn -0.978799999 -0.00609999988 -0.204699993
vn -0.899800003 -0.0375999995 -0.434599996
vn -0.871399999 0.00469999993 -0.49059999
vn -0.779600024 -0.0219000001 -0.625899971
vn -0.947700024 -0.0716999993 -0.311100006
vn -0.934400022 -0.1127 -0.337799996
vn -0.921800017 -0.0471000001 -0.384799987
vn -0.920899987 0.0013 -0.389699996
vn -0.924399972 -0.0447000004 -0.378600001
vn -0.924199998 0.000899999985 -0.381799996
vn -0.93629998 -0.109300002 -0.333799988
vn -0.950900018 -0.0719000027 -0.301099986
vn -0.948199987 -0.0313000008 -0.316000015
vn -0.952400029 -0.00150000001 -0.304899991
vn -0.960799992 -0.0873000026 -0.263000011
vn -0.966199994 -0.0350000001 -0.255499989
vn -0.977299988 -0.0296999998 -0.209800005
vn -0.975600004 -0.0662999973 -0.208900005
vn -0.973800004 -0.0948999971 -0.206699997
vn -0.955600023 -0.132100001 -0.263300002
vn -0.957400024 -0.125599995 -0.25999999
vn -0.974900007 -0.0864000022 -0.2051
vn -0.978799999 -0.00609999988 -0.204699993
vn -0.966700017 -0.0549000017 -0.249699995
vn -0.994000018 -0.0209999997 -0.107699998
vn -0.9903 -0.0275999997 -0.136099994
vn -0.990499973 -0.0110999998 -0.136800006
vn -0.995599985 -0.00260000001 -0.0932999998
vn -0.995599985 -0.00829999987 -0.0927999988
vn -0.995599985 -0.0137999998 -0.0920000002
vn -0.993600011 -0.0335000008 -0.107699998
vn -0.989799976 -0.0408999994 -0.136099994
vn -0.993900001 -0.0236000009 -0.107600003
vn -0.990199983 -0.0309999995 -0.136099994
vn -0.995800018 -0.00400000019 -0.0905999988
vn -0.992500007 0.0834999979 -0.0895000026
vn -0.9921 0.0648000017 -0.107500002
vn -0.997699976 0.0147000002 -0.0658999979
vn -0.997600019 0.0243999995 -0.0649000034
vn -0.997399986 0.0340000018 -0.0628999993
vn -0.991100013 0.118500002 -0.0612000003
vn 0.708199978 -0.442099988 -0.550400019
vn 0.817499995 -0.000899999985 -0.575900018
vn 0.986599982 0.00159999996 0.162799999
vn 0.983099997 -0.0988000035 0.153899997
vn 0.93900001 -0.291799992 0.1822
vn 0.615800023 -0.785700023 -0.0584999993
vn 0.0650999993 -0.975399971 -0.210600004
vn 0.182300001 -0.55309999 -0.812900007
vn 0.206300005 -0.0027999999 -0.978500009
vn 0.181099996 -0.550599992 -0.814899981
vn 0.203799993 0.00449999981 -0.978999972
vn 0.0649000034 -0.975199997 -0.211199999
vn 0.061999999 -0.975099981 -0.212799996
vn 0.176400006 -0.546400011 -0.818700016
vn 0.193900004 0.0193000007 -0.980799973
vn 0.0267999992 -0.999499977 -0.0130000003
vn 0.0237000007 -0.999599993 0.0140000004
vn 0.0215000007 -0.99970001 0.0130000003
vn 0.0248000007 -0.999599993 -0.0151000004
vn 0.061999999 -0.975099981 -0.212799996
vn 0.0649000034 -0.975199997 -0.211199999
vn 0.0267999992 -0.999599993 -0.0114000002
vn 0.0238000005 -0.999599993 0.0147000002
vn 0.481999993 -0.872200012 0.0832000002
vn 0.460200012 -0.88380003 0.0847000033
vn 0.615800023 -0.785700023 -0.0584999993
vn 0.930999994 -0.317099988 0.180899993
vn 0.927999973 -0.339100003 0.154200003
vn 0.0237000007 -0.999599993 0.0153000001
vn 0.0230999999 -0.99970001 0.0109999999
vn 0.0208000001 -0.99970001 0.0110999998
vn 0.0214000009 -0.999599993 0.0152000003
vn 0.0215000007 -0.99970001 0.0130000003
vn 0.0237000007 -0.999599993 0.0140000004
vn 0.0238000005 -0.999599993 0.0147000002
vn 0.0240000002 -0.999599993 0.0149999997
vn 0.0234999992 -0.99970001 0.0104999999
vn 0.457899988 -0.886300027 0.0692000017
vn 0.453999996 -0.889100015 0.0571999997
vn 0.460200012 -0.88380003 0.0847000033
vn 0.929400027 -0.347799987 0.123000003
vn 0.92900002 -0.354699999 0.105599999
vn 0.0183000006 -0.999800026 0.000699999975
vn 0.0164000001 -0.999800026 0.00219999999
vn 0.0185000002 -0.999800026 0.00310000009
vn 0.0206000004 -0.999800026 0.00190000003
vn 0.0208999999 -0.999800026 0.00039999999
vn 0.0186000001 -0.999800026 -0.00100000005
vn 0.440200001 -0.897899985 0.00630000001
vn 0.444499999 -0.895399988 0.0248000007
vn 0.92869997 -0.370499998 0.0164999999
vn 0.0222999994 -0.99970001 0.00499999989
vn 0.0200999994 -0.999800026 0.00540000014
vn 0.0208000001 -0.99970001 0.0110999998
vn 0.0230999999 -0.99970001 0.0109999999
vn 0.0234999992 -0.99970001 0.0104999999
vn 0.0226000007 -0.99970001 0.00430000015
vn 0.449999988 -0.89200002 0.0434999987
vn 0.453999996 -0.889100015 0.0571999997
vn 0.92900002 -0.359499991 0.0869999975
f 1/1/1 2/2/2 3/3/3
f 1/1/1 3/3/3 4/4/4
f 1/1/1 4/4/4 5/5/5
f 1/1/1 5/5/5 6/6/6
f 1/1/1 6/6/6 7/7/7
f 1/1/1 7/7/7 8/8/8
f 1/1/1 8/8/8 9/9/9
f 1/1/1 9/9/9 2/2/2
f 10/10/10 11/11/11 12/12/12
f 10/10/10 12/12/12 13/13/13
f 10/10/10 13/13/13 14/14/14
f 10/10/10 14/14/14 15/15/15
f 10/10/10 15/15/15 16/16/16
f 10/10/10 16/16/16 17/17/17
f 10/10/10 17/17/17 18/18/18
f 10/10/10 18/18/18 11/11/11
f 19/19/19 20/20/20 21/21/21
f 19/19/19 21/21/21 22/22/22
f 19/19/19 22/22/22 23/23/23
f 19/19/19 23/23/23 24/24/24
f 19/19/19 24/24/24 25/25/25
f 19/19/19 25/25/25 26/26/26
f 19/19/19 26/26/26 27/27/27
f 19/19/19 27/27/27 20/20/20
f 28/28/28 29/29/29 30/30/30
f 28/28/28 30/30/30 31/31/31
f 28/28/28 31/31/31 32/32/32
f 28/28/28 32/32/32 33/33/33
f 28/28/28 33/33/33 34/34/34
f 28/28/28 34/34/34 35/35/35
f 28/28/28 35/35/35 36/36/36
f 28/28/28 36/36/36 29/29/29
f 37/37/37 38/38/38 39/39/39
f 37/37/37 39/39/39 40/40/40
f 37/37/37 40/40/40 41/41/41
f 37/37/37 41/41/41 42/42/42
f 37/37/37 42/42/42 43/43/43
f 37/37/37 43/43/43 44/44/44
f 37/37/37 44/44/44 45/45/45
f 37/37/37 45/45/45 38/38/38
f 46/46/46 47/47/47 48/48/48
f 46/46/46 48/48/48 49/49/49
f 46/46/46 49/49/49 50/50/50
f 46/46/46 50/50/50 51/51/51
f 46/46/46 51/51/51 52/52/52
f 46/46/46 52/52/52 53/53/53
f 46/46/46 53/53/53 54/54/54
f 46/46/46 54/54/54 47/47/47
f 55/55/55 56/56/56 57/57/57
f 55/55/55 57/57/57 58/58/58
f 55/55/55 58/58/58 59/59/59
f 55/55/55 59/59/59 60/60/60
f 55/55/55 60/60/60 61/61/61
f 55/55/55 61/61/61 62/62/62
f 55/55/55 62/62/62 63/63/63
f 55/55/55 63/63/63 56/56/56
f 64/64/64 65/65/65 66/66/66
f 64/64/64 66/66/66 67/67/67
f 64/64/64 67/67/67 68/68/68
f 64/64/64 68/68/68 69/69/69
f 64/64/64 69/69/69 70/70/70
f 64/64/64 70/70/70 71/71/71
f 64/64/64 71/71/71 72/72/72
f 64/64/64 72/72/72 65/65/65
f 73/73/73 74/74/74 75/75/75
f 73/73/73 75/75/75 76/76/76
f 73/73/73 76/76/76 77/77/77
f 73/73/73 77/77/77 78/78/78
f 73/73/73 78/78/78 79/79/79
f 73/73/73 79/79/79 80/80/80
f 73/73/73 80/80/80 81/81/81
f 73/73/73 81/81/81 74/74/74
f 82/82/82 83/83/83 84/84/84
f 82/82/82 84/84/84 85/85/85
f 82/82/82 85/85/85 86/86/86
f 82/82/82 86/86/86 87/87/87
f 82/82/82 87/87/87 77/77/77
f 82/82/82 77/77/77 76/76/76
f 82/82/82 76/76/76 75/75/75
f 82/82/82 75/75/75 83/83/83
f 88/88/88 89/89/89 90/90/90
f 88/88/88 90/90/90 91/91/91
f 88/88/88 91/91/91 92/92/92
f 88/88/88 92/92/92 93/93/93
f 88/88/88 93/93/93 94/94/94
f 88/88/88 94/94/94 95/95/95
f 88/88/88 95/95/95 96/96/96
f 88/88/88 96/96/96 89/89/89
f 97/97/97 98/98/98 99/99/99
f 97/97/97 99/99/99 100/100/100
f 97/97/97 100/100/100 101/101/101
f 97/97/97 101/101/101 102/102/102
f 97/97/97 102/102/102 103/103/103
f 97/97/97 103/103/103 104/104/104
f 97/97/97 104/104/104 105/105/105
f 97/97/97 105/105/105 98/98/98
f 106/106/106 107/107/107 86/86/86
f 106/106/106 86/86/86 108/108/108
f 106/106/106 108/108/108 109/109/109
f 106/106/106 109/109/109 110/110/110
f 106/106/106 110/110/110 111/111/111
f 106/106/106 111/111/111 112/112/112
f 106/106/106 112/112/112 113/113/113
f 106/106/106 113/113/113 107/107/107
f 114/114/114 115/115/115 113/113/113
f 114/114/114 113/113/113 112/112/112
f 114/114/114 112/112/112 111/111/111
f 114/114/114 111/111/111 116/116/116
f 114/114/114 116/116/116 117/117/117
f 114/114/114 117/117/117 118/118/118
f 114/114/114 118/118/118 119/119/119
f 114/114/114 119/119/119 115/115/115
f 120/120/120 121/121/121 122/122/122
f 120/120/120 122/122/122 123/123/123
f 120/120/120 123/123/123 124/124/124
f 120/120/120 124/124/124 125/125/125
f 120/120/120 125/125/125 126/126/126
f 120/120/120 126/126/126 127/127/127
f 120/120/120 127/127/127 128/128/128
f 120/120/120 128/128/128 121/121/121
f 129/129/129 130/130/130 101/101/101
f 129/129/129 101/101/101 131/131/131
f 129/129/129 131/131/131 132/132/132
f 129/129/129 132/132/132 133/133/133
f 129/129/129 133/133/133 134/134/134
f 129/129/129 134/134/134 135/135/135
f 129/129/129 135/135/135 136/136/136
f 129/129/129 136/136/136 130/130/130
f 137/137/137 138/138/138 139/139/139
f 137/137/137 139/139/139 140/140/140
f 137/137/137 140/140/140 141/141/141
f 137/137/137 141/141/141 142/142/142
f 137/137/137 142/142/142 143/143/143
f 137/137/137 143/143/143 144/144/144
f 137/137/137 144/144/144 145/145/145
f 137/137/137 145/145/145 138/138/138
f 146/146/146 147/147/147 148/148/148
f 146/146/146 148/148/148 149/149/149
f 146/146/146 149/149/149 150/150/150
f 146/146/146 150/150/150 151/151/151
f 146/146/146 151/151/151 152/152/152
f 146/146/146 152/152/152 153/153/153
f 146/146/146 153/153/153 154/154/154
f 146/146/146 154/154/154 147/147/147
f 155/155/155 156/156/156 157/157/157
f 155/155/155 157/157/157 158/158/158
f 155/155/155 158/158/158 159/159/159
f 155/155/155 159/159/159 160/160/160
f 155/155/155 160/160/160 161/161/161
f 155/155/155 161/161/161 162/162/162
f 155/155/155 162/162/162 163/163/163
f 155/155/155 163/163/163 156/156/156
f 164/164/164 165/165/165 166/166/166
f 164/164/164 166/166/166 167/167/167
f 164/164/164 167/167/167 168/168/168
f 164/164/164 168/168/168 169/169/169
f 164/164/164 169/169/169 170/170/170
f 164/164/164 170/170/170 171/171/171
f 164/164/164 171/171/171 172/172/172
f 164/164/164 172/172/172 165/165/165
f 173/173/173 174/174/174 175/175/175
f 173/173/173 175/175/175 176/176/176
f 173/173/173 176/176/176 177/177/177
f 173/173/173 177/177/177 178/178/178
f 173/173/173 178/178/178 179/179/179
f 173/173/173 179/179/179 180/180/180
f 173/173/173 180/180/180 181/181/181
f 173/173/173 181/181/181 174/174/174
f 182/182/182 183/183/183 184/184/184
f 182/182/182 184/184/184 185/185/185
f 182/182/182 185/185/185 186/186/186
f 182/182/182 186/186/186 187/187/187
f 182/182/182 187/187/187 188/188/188
f 182/182/182 188/188/188 189/189/189
f 182/182/182 189/189/189 190/190/190
f 182/182/182 190/190/190 183/183/183
f 191/191/191 192/192/192 193/193/193
f 191/191/191 193/193/193 194/194/194
f 191/191/191 194/194/194 195/195/195
f 191/191/191 195/195/195 196/196/196
f 191/191/191 196/196/196 197/197/197
f 191/191/191 197/197/197 198/198/198
f 191/191/191 198/198/198 199/199/199
f 191/191/191 199/199/199 192/192/192
f 200/200/200 201/201/201 202/202/202
f 200/200/200 202/202/202 203/203/203
f 200/200/200 203/203/203 204/204/204
f 200/200/200 204/204/204 205/205/205
f 200/200/200 205/205/205 206/206/206
f 200/200/200 206/206/206 207/207/207
f 200/200/200 207/207/207 208/208/208
f 200/200/200 208/208/208 201/201/201
f 209/209/209 210/210/210 211/211/211
f 209/209/209 211/211/211 212/212/212
f 209/209/209 212/212/212 213/213/213
f 209/209/209 213/213/213 214/214/214
f 209/209/209 214/214/214 215/215/215
f 209/209/209 215/215/215 216/216/216
f 209/209/209 216/216/216 217/217/217
f 209/209/209 217/217/217 210/210/210
f 218/218/218 219/219/219 220/220/220
f 218/218/218 220/220/220 221/221/221
f 218/218/218 221/221/221 222/222/222
f 218/218/218 222/222/222 223/223/223
f 218/218/218 223/223/223 224/224/224
f 218/218/218 224/224/224 225/225/225
f 218/218/218 225/225/225 226/226/226
f 218/218/218 226/226/226 219/219/219
f 227/227/227 228/228/228 229/229/229
f 227/227/227 229/229/229 230/230/230
f 227/227/227 230/230/230 231/231/231
f 227/227/227 231/231/231 232/232/232
f 227/227/227 232/232/232 233/233/233
f 227/227/227 233/233/233 234/234/234
f 227/227/227 234/234/234 235/235/235
f 227/227/227 235/235/235 228/228/228
f 236/236/236 237/237/237 238/238/238
f 236/236/236 238/238/238 239/239/239
f 236/236/236 239/239/239 240/240/240
f 236/236/236 240/240/240 241/241/241
f 236/236/236 241/241/241 242/242/242
f 236/236/236 242/242/242 243/243/243
f 236/236/236 243/243/243 244/244/244
f 236/236/236 244/244/244 237/237/237
f 245/245/245 246/246/246 247/247/247
f 245/245/245 247/247/247 248/248/248
f 245/245/245 248/248/248 249/249/249
f 245/245/245 249/249/249 250/250/250
f 245/245/245 250/250/250 251/251/251
f 245/245/245 251/251/251 252/252/252
f 245/245/245 252/252/252 253/253/253
f 245/245/245 253/253/253 246/246/246
f 254/254/254 255/255/255 256/256/256
f 254/254/254 256/256/256 257/257/257
f 254/254/254 257/257/257 258/258/258
f 254/254/254 258/258/258 259/259/259
f 254/254/254 259/259/259 260/260/260
f 254/254/254 260/260/260 261/261/261
f 254/254/254 261/261/261 262/262/262
f 254/254/254 262/262/262 255/255/255
f 263/263/263 264/264/264 265/265/265
f 263/263/263 265/265/265 266/266/266
f 263/263/263 266/266/266 267/267/267
f 263/263/263 267/267/267 268/268/268
f 263/263/263 268/268/268 269/269/269
f 263/263/263 269/269/269 270/270/270
f 263/263/263 270/270/270 271/271/271
f 263/263/263 271/271/271 264/264/264
f 272/272/272 273/273/273 271/271/271
f 272/272/272 271/271/271 274/274/274
f 272/272/272 274/274/274 275/275/275
f 272/272/272 275/275/275 276/276/276
f 272/272/272 276/276/276 277/277/277
f 272/272/272 277/277/277 278/278/278
f 272/272/272 278/278/278 279/279/279
f 272/272/272 279/279/279 273/273/273
f 280/280/280 281/281/281 279/279/279
f 280/280/280 279/279/279 282/282/282
f 280/280/280 282/282/282 283/283/283
f 280/280/280 283/283/283 284/284/284
f 280/280/280 284/284/284 285/285/285
f 280/280/280 285/285/285 286/286/286
f 280/280/280 286/286/286 287/287/287
f 280/280/280 287/287/287 281/281/281
f 288/288/288 289/289/289 290/290/290
f 288/288/288 290/290/290 291/291/291
f 288/288/288 291/291/291 292/292/292
f 288/288/288 292/292/292 293/293/293
f 288/288/288 293/293/293 294/294/294
f 288/288/288 294/294/294 295/295/295
f 288/288/288 295/295/295 296/296/296
f 288/288/288 296/296/296 289/289/289
f 297/297/297 298/298/298 299/299/299
f 297/297/297 299/299/299 300/300/300
f 297/297/297 300/300/300 301/301/301
f 297/297/297 301/301/301 302/302/302
f 297/297/297 302/302/302 303/303/303
f 297/297/297 303/303/303 304/304/304
f 297/297/297 304/304/304 305/305/305
f 297/297/297 305/305/305 298/298/298
f 306/306/306 307/307/307 296/296/296
f 306/306/306 296/296/296 308/308/308
f 306/306/306 308/308/308 309/309/309
f 306/306/306 309/309/309 310/310/310
f 306/306/306 310/310/310 311/311/311
f 306/306/306 311/311/311 312/312/312
f 306/306/306 312/312/312 313/313/313
f 306/306/306 313/313/313 307/307/307
f 314/314/314 315/315/315 313/313/313
f 314/314/314 313/313/313 312/312/312
f 314/314/314 312/312/312 311/311/311
f 314/314/314 311/311/311 316/316/316
f 314/314/314 316/316/316 317/317/317
f 314/314/314 317/317/317 318/318/318
f 314/314/314 318/318/318 319/319/319
f 314/314/314 319/319/319 315/315/315
f 320/320/320 232/232/232 231/231/231
f 320/320/320 231/231/231 321/321/321
f 320/320/320 321/321/321 322/322/322
f 320/320/320 322/322/322 323/323/323
f 320/320/320 323/323/323 324/324/324
f 320/320/320 324/324/324 325/325/325
f 320/320/320 325/325/325 233/233/233
f 320/320/320 233/233/233 232/232/232
f 326/326/326 323/323/323 322/322/322
f 326/326/326 322/322/322 327/327/327
f 326/326/326 327/327/327 328/328/328
f 326/326/326 328/328/328 329/329/329
f 326/326/326 329/329/329 330/330/330
f 326/326/326 330/330/330 331/331/331
f 326/326/326 331/331/331 324/324/324
f 326/326/326 324/324/324 323/323/323
f 332/332/332 241/241/241 240/240/240
f 332/332/332 240/240/240 333/333/333
f 332/332/332 333/333/333 334/334/334
f 332/332/332 334/334/334 335/335/335
f 332/332/332 335/335/335 336/336/336
f 332/332/332 336/336/336 337/337/337
f 332/332/332 337/337/337 242/242/242
f 332/332/332 242/242/242 241/241/241
f 338/338/338 335/335/335 334/334/334
f 338/338/338 334/334/334 339/339/339
f 338/338/338 339/339/339 340/340/340
f 338/338/338 340/340/340 341/341/341
f 338/338/338 341/341/341 342/342/342
f 338/338/338 342/342/342 343/343/343
f 338/338/338 343/343/343 336/336/336
f 338/338/338 336/336/336 335/335/335
f 344/344/344 250/250/250 249/249/249
f 344/344/344 249/249/249 345/345/345
f 344/344/344 345/345/345 346/346/346
f 344/344/344 346/346/346 347/347/347
f 344/344/344 347/347/347 348/348/348
f 344/344/344 348/348/348 349/349/349
f 344/344/344 349/349/349 251/251/251
f 344/344/344 251/251/251 250/250/250
f 350/350/350 347/347/347 346/346/346
f 350/350/350 346/346/346 351/351/351
f 350/350/350 351/351/351 352/352/352
f 350/350/350 352/352/352 353/353/353
f 350/350/350 353/353/353 354/354/354
f 350/350/350 354/354/354 355/355/355
f 350/350/350 355/355/355 348/348/348
f 350/350/350 348/348/348 347/347/347
f 356/356/356 259/259/259 258/258/258
f 356/356/356 258/258/258 357/357/357
f 356/356/356 357/357/357 358/358/358
f 356/356/356 358/358/358 359/359/359
f 356/356/356 359/359/359 360/360/360
f 356/356/356 360/360/360 361/361/361
f 356/356/356 361/361/361 260/260/260
f 356/356/356 260/260/260 259/259/259
f 362/362/362 359/359/359 358/358/358
f 362/362/362 358/358/358 363/363/363
f 362/362/362 363/363/363 364/364/364
f 362/362/362 364/364/364 365/365/365
f 362/362/362 365/365/365 366/366/366
f 362/362/362 366/366/366 367/367/367
f 362/362/362 367/367/367 360/360/360
f 362/362/362 360/360/360 359/359/359
f 368/368/368 268/268/268 267/267/267
f 368/368/368 267/267/267 369/369/369
f 368/368/368 369/369/369 370/370/370
f 368/368/368 370/370/370 371/371/371
f 368/368/368 371/371/371 372/372/372
f 368/368/368 372/372/372 373/373/373
f 368/368/368 373/373/373 269/269/269
f 368/368/368 269/269/269 268/268/268
f 374/374/374 371/371/371 370/370/370
f 374/374/374 370/370/370 375/375/375
f 374/374/374 375/375/375 376/376/376
f 374/374/374 376/376/376 377/377/377
f 374/374/374 377/377/377 378/378/378
f 374/374/374 378/378/378 379/379/379
f 374/374/374 379/379/379 372/372/372
f 374/374/374 372/372/372 371/371/371
f 380/380/380 276/276/276 275/275/275
f 380/380/380 275/275/275 381/381/381
f 380/380/380 381/381/381 382/382/382
f 380/380/380 382/382/382 383/383/383
f 380/380/380 383/383/383 384/384/384
f 380/380/380 384/384/384 385/385/385
f 380/380/380 385/385/385 277/277/277
f 380/380/380 277/277/277 276/276/276
f 386/386/386 383/383/383 382/382/382
f 386/386/386 382/382/382 387/387/387
f 386/386/386 387/387/387 388/388/388
f 386/386/386 388/388/388 389/389/389
f 386/386/386 389/389/389 390/390/390
f 386/386/386 390/390/390 391/391/391
f 386/386/386 391/391/391 384/384/384
f 386/386/386 384/384/384 383/383/383
f 392/392/392 284/284/284 283/283/283
f 392/392/392 283/283/283 393/393/393
f 392/392/392 393/393/393 394/394/394
f 392/392/392 394/394/394 395/395/395
f 392/392/392 395/395/395 396/396/396
f 392/392/392 396/396/396 397/397/397
f 392/392/392 397/397/397 285/285/285
f 392/392/392 285/285/285 284/284/284
f 398/398/398 395/395/395 394/394/394
f 398/398/398 394/394/394 399/399/399
f 398/398/398 399/399/399 400/400/400
f 398/398/398 400/400/400 401/401/401
f 398/398/398 401/401/401 402/402/402
f 398/398/398 402/402/402 403/403/403
f 398/398/398 403/403/403 396/396/396
f 398/398/398 396/396/396 395/395/395
f 404/404/404 293/293/293 292/292/292
f 404/404/404 292/292/292 405/405/405
f 404/404/404 405/405/405 406/406/406
f 404/404/404 406/406/406 407/407/407
f 404/404/404 407/407/407 408/408/408
f 404/404/404 408/408/408 409/409/409
f 404/404/404 409/409/409 294/294/294
f 404/404/404 294/294/294 293/293/293
f 410/410/410 407/407/407 406/406/406
f 410/410/410 406/406/406 411/411/411
f 410/410/410 411/411/411 16/16/16
f 410/410/410 16/16/16 8/8/8
f 410/410/410 8/8/8 412/412/412
f 410/410/410 412/412/412 413/413/413
f 410/410/410 413/413/413 408/408/408
f 410/410/410 408/408/408 407/407/407
f 414/414/414 302/302/302 301/301/301
f 414/414/414 301/301/301 415/415/415
f 414/414/414 415/415/415 416/416/416
f 414/414/414 416/416/416 417/417/417
f 414/414/414 417/417/417 418/418/418
f 414/414/414 418/418/418 419/419/419
f 414/414/414 419/419/419 303/303/303
f 414/414/414 303/303/303 302/302/302
f 420/420/420 417/417/417 416/416/416
f 420/420/420 416/416/416 421/421/421
f 420/420/420 421/421/421 402/402/402
f 420/420/420 402/402/402 17/17/17
f 420/420/420 17/17/17 9/9/9
f 420/420/420 9/9/9 422/422/422
f 420/420/420 422/422/422 418/418/418
f 420/420/420 418/418/418 417/417/417
f 423/423/423 310/310/310 309/309/309
f 423/423/423 309/309/309 424/424/424
f 423/423/423 424/424/424 425/425/425
f 423/423/423 425/425/425 426/426/426
f 423/423/423 426/426/426 427/427/427
f 423/423/423 427/427/427 428/428/428
f 423/423/423 428/428/428 311/311/311
f 423/423/423 311/311/311 310/310/310
f 429/429/429 426/426/426 425/425/425
f 429/429/429 425/425/425 430/430/430
f 429/429/429 430/430/430 431/431/431
f 429/429/429 431/431/431 26/26/26
f 429/429/429 26/26/26 432/432/432
f 429/429/429 432/432/432 433/433/433
f 429/429/429 433/433/433 427/427/427
f 429/429/429 427/427/427 426/426/426
f 434/434/434 316/316/316 311/311/311
f 434/434/434 311/311/311 428/428/428
f 434/434/434 428/428/428 427/427/427
f 434/434/434 427/427/427 435/435/435
f 434/434/434 435/435/435 436/436/436
f 434/434/434 436/436/436 437/437/437
f 434/434/434 437/437/437 317/317/317
f 434/434/434 317/317/317 316/316/316
f 438/438/438 435/435/435 427/427/427
f 438/438/438 427/427/427 433/433/433
f 438/438/438 433/433/433 432/432/432
f 438/438/438 432/432/432 35/35/35
f 438/438/438 35/35/35 439/439/439
f 438/438/438 439/439/439 440/440/440
f 438/438/438 440/440/440 436/436/436
f 438/438/438 436/436/436 435/435/435
f 441/441/441 142/142/142 141/141/141
f 441/441/441 141/141/141 442/442/442
f 441/441/441 442/442/442 443/443/443
f 441/441/441 443/443/443 444/444/444
f 441/441/441 444/444/444 445/445/445
f 441/441/441 445/445/445 446/446/446
f 441/441/441 446/446/446 143/143/143
f 441/441/441 143/143/143 142/142/142
f 447/447/447 444/444/444 443/443/443
f 447/447/447 443/443/443 448/448/448
f 447/447/447 448/448/448 449/449/449
f 447/447/447 449/449/449 450/450/450
f 447/447/447 450/450/450 81/81/81
f 447/447/447 81/81/81 451/451/451
f 447/447/447 451/451/451 445/445/445
f 447/447/447 445/445/445 444/444/444
f 452/452/452 151/151/151 150/150/150
f 452/452/452 150/150/150 453/453/453
f 452/452/452 453/453/453 454/454/454
f 452/452/452 454/454/454 455/455/455
f 452/452/452 455/455/455 456/456/456
f 452/452/452 456/456/456 457/457/457
f 452/452/452 457/457/457 152/152/152
f 452/452/452 152/152/152 151/151/151
f 458/458/458 455/455/455 454/454/454
f 458/458/458 454/454/454 459/459/459
f 458/458/458 459/459/459 460/460/460
f 458/458/458 460/460/460 461/461/461
f 458/458/458 461/461/461 75/75/75
f 458/458/458 75/75/75 462/462/462
f 458/458/458 462/462/462 456/456/456
f 458/458/458 456/456/456 455/455/455
f 463/463/463 160/160/160 159/159/159
f 463/463/463 159/159/159 464/464/464
f 463/463/463 464/464/464 465/465/465
f 463/463/463 465/465/465 466/466/466
f 463/463/463 466/466/466 467/467/467
f 463/463/463 467/467/467 468/468/468
f 463/463/463 468/468/468 161/161/161
f 463/463/463 161/161/161 160/160/160
f 469/469/469 466/466/466 465/465/465
f 469/469/469 465/465/465 470/470/470
f 469/469/469 470/470/470 471/471/471
f 469/469/469 471/471/471 95/95/95
f 469/469/469 95/95/95 472/472/472
f 469/469/469 472/472/472 473/473/473
f 469/469/469 473/473/473 467/467/467
f 469/469/469 467/467/467 466/466/466
f 474/474/474 169/169/169 168/168/168
f 474/474/474 168/168/168 475/475/475
f 474/474/474 475/475/475 476/476/476
f 474/474/474 476/476/476 477/477/477
f 474/474/474 477/477/477 478/478/478
f 474/474/474 478/478/478 479/479/479
f 474/474/474 479/479/479 170/170/170
f 474/474/474 170/170/170 169/169/169
f 480/480/480 477/477/477 476/476/476
f 480/480/480 476/476/476 481/481/481
f 480/480/480 481/481/481 94/94/94
f 480/480/480 94/94/94 482/482/482
f 480/480/480 482/482/482 483/483/483
f 480/480/480 483/483/483 484/484/484
f 480/480/480 484/484/484 478/478/478
f 480/480/480 478/478/478 477/477/477
f 485/485/485 178/178/178 177/177/177
f 485/485/485 177/177/177 486/486/486
f 485/485/485 486/486/486 487/487/487
f 485/485/485 487/487/487 488/488/488
f 485/485/485 488/488/488 489/489/489
f 485/485/485 489/489/489 490/490/490
f 485/485/485 490/490/490 179/179/179
f 485/485/485 179/179/179 178/178/178
f 491/491/491 488/488/488 487/487/487
f 491/491/491 487/487/487 492/492/492
f 491/491/491 492/492/492 493/493/493
f 491/491/491 493/493/493 494/494/494
f 491/491/491 494/494/494 105/105/105
f 491/491/491 105/105/105 495/495/495
f 491/491/491 495/495/495 489/489/489
f 491/491/491 489/489/489 488/488/488
f 496/496/496 187/187/187 186/186/186
f 496/496/496 186/186/186 497/497/497
f 496/496/496 497/497/497 498/498/498
f 496/496/496 498/498/498 499/499/499
f 496/496/496 499/499/499 500/500/500
f 496/496/496 500/500/500 501/501/501
f 496/496/496 501/501/501 188/188/188
f 496/496/496 188/188/188 187/187/187
f 502/502/502 499/499/499 498/498/498
f 502/502/502 498/498/498 503/503/503
f 502/502/502 503/503/503 111/111/111
f 502/502/502 111/111/111 504/504/504
f 502/502/502 504/504/504 505/505/505
f 502/502/502 505/505/505 506/506/506
f 502/502/502 506/506/506 500/500/500
f 502/502/502 500/500/500 499/499/499
f 507/507/507 196/196/196 195/195/195
f 507/507/507 195/195/195 508/508/508
f 507/507/507 508/508/508 509/509/509
f 507/507/507 509/509/509 510/510/510
f 507/507/507 510/510/510 511/511/511
f 507/507/507 511/511/511 512/512/512
f 507/507/507 512/512/512 197/197/197
f 507/507/507 197/197/197 196/196/196
f 513/513/513 510/510/510 509/509/509
f 513/513/513 509/509/509 514/514/514
f 513/513/513 514/514/514 117/117/117
f 513/513/513 117/117/117 515/515/515
f 513/513/513 515/515/515 516/516/516
f 513/513/513 516/516/516 517/517/517
f 513/513/513 517/517/517 511/511/511
f 513/513/513 511/511/511 510/510/510
f 518/518/518 205/205/205 204/204/204
f 518/518/518 204/204/204 519/519/519
f 518/518/518 519/519/519 520/520/520
f 518/518/518 520/520/520 521/521/521
f 518/518/518 521/521/521 522/522/522
f 518/518/518 522/522/522 523/523/523
f 518/518/518 523/523/523 206/206/206
f 518/518/518 206/206/206 205/205/205
f 524/524/524 521/521/521 520/520/520
f 524/524/524 520/520/520 525/525/525
f 524/524/524 525/525/525 526/526/526
f 524/524/524 526/526/526 127/127/127
f 524/524/524 127/127/127 527/527/527
f 524/524/524 527/527/527 528/528/528
f 524/524/524 528/528/528 522/522/522
f 524/524/524 522/522/522 521/521/521
f 529/529/529 214/214/214 213/213/213
f 529/529/529 213/213/213 530/530/530
f 529/529/529 530/530/530 531/531/531
f 529/529/529 531/531/531 532/532/532
f 529/529/529 532/532/532 533/533/533
f 529/529/529 533/533/533 534/534/534
f 529/529/529 534/534/534 215/215/215
f 529/529/529 215/215/215 214/214/214
f 535/535/535 532/532/532 531/531/531
f 535/535/535 531/531/531 536/536/536
f 535/535/535 536/536/536 126/126/126
f 535/535/535 126/126/126 537/537/537
f 535/535/535 537/537/537 538/538/538
f 535/535/535 538/538/538 539/539/539
f 535/535/535 539/539/539 533/533/533
f 535/535/535 533/533/533 532/532/532
f 540/540/540 223/223/223 222/222/222
f 540/540/540 222/222/222 541/541/541
f 540/540/540 541/541/541 542/542/542
f 540/540/540 542/542/542 543/543/543
f 540/540/540 543/543/543 544/544/544
f 540/540/540 544/544/544 545/545/545
f 540/540/540 545/545/545 224/224/224
f 540/540/540 224/224/224 223/223/223
f 546/546/546 543/543/543 542/542/542
f 546/546/546 542/542/542 547/547/547
f 546/546/546 547/547/547 134/134/134
f 546/546/546 134/134/134 548/548/548
f 546/546/546 548/548/548 549/549/549
f 546/546/546 549/549/549 550/550/550
f 546/546/546 550/550/550 544/544/544
f 546/546/546 544/544/544 543/543/543
f 551/551/551 552/552/552 553/553/553
f 551/551/551 553/553/553 554/554/554
f 551/551/551 554/554/554 555/555/555
f 551/551/551 555/555/555 556/556/556
f 551/551/551 556/556/556 557/557/557
f 551/551/551 557/557/557 558/558/558
f 551/551/551 558/558/558 559/559/559
f 551/551/551 559/559/559 552/552/552
f 560/560/560 556/556/556 555/555/555
f 560/560/560 555/555/555 561/561/561
f 560/560/560 561/561/561 562/562/562
f 560/560/560 562/562/562 563/563/563
f 560/560/560 563/563/563 328/328/328
f 560/560/560 328/328/328 564/564/564
f 560/560/560 564/564/564 557/557/557
f 560/560/560 557/557/557 556/556/556
f 565/565/565 566/566/566 340/340/340
f 565/565/565 340/340/340 567/567/567
f 565/565/565 567/567/567 568/568/568
f 565/565/565 568/568/568 569/569/569
f 565/565/565 569/569/569 570/570/570
f 565/565/565 570/570/570 571/571/571
f 565/565/565 571/571/571 572/572/572
f 565/565/565 572/572/572 566/566/566
f 573/573/573 569/569/569 568/568/568
f 573/573/573 568/568/568 574/574/574
f 573/573/573 574/574/574 575/575/575
f 573/573/573 575/575/575 576/576/576
f 573/573/573 576/576/576 577/577/577
f 573/573/573 577/577/577 578/578/578
f 573/573/573 578/578/578 570/570/570
f 573/573/573 570/570/570 569/569/569
f 579/579/579 580/580/580 572/572/572
f 579/579/579 572/572/572 571/571/571
f 579/579/579 571/571/571 570/570/570
f 579/579/579 570/570/570 581/581/581
f 579/579/579 581/581/581 582/582/582
f 579/579/579 582/582/582 583/583/583
f 579/579/579 583/583/583 584/584/584
f 579/579/579 584/584/584 580/580/580
f 585/585/585 581/581/581 570/570/570
f 585/585/585 570/570/570 578/578/578
f 585/585/585 578/578/578 577/577/577
f 585/585/585 577/577/577 586/586/586
f 585/585/585 586/586/586 587/587/587
f 585/585/585 587/587/587 588/588/588
f 585/585/585 588/588/588 582/582/582
f 585/585/585 582/582/582 581/581/581
f 589/589/589 590/590/590 591/591/591
f 589/589/589 591/591/591 592/592/592
f 589/589/589 592/592/592 593/593/593
f 589/589/589 593/593/593 594/594/594
f 589/589/589 594/594/594 595/595/595
f 589/589/589 595/595/595 596/596/596
f 589/589/589 596/596/596 597/597/597
f 589/589/589 597/597/597 590/590/590
f 598/598/598 594/594/594 593/593/593
f 598/598/598 593/593/593 599/599/599
f 598/598/598 599/599/599 364/364/364
f 598/598/598 364/364/364 600/600/600
f 598/598/598 600/600/600 352/352/352
f 598/598/598 352/352/352 601/601/601
f 598/598/598 601/601/601 595/595/595
f 598/598/598 595/595/595 594/594/594
f 602/602/602 603/603/603 220/220/220
f 602/602/602 220/220/220 604/604/604
f 602/602/602 604/604/604 605/605/605
f 602/602/602 605/605/605 606/606/606
f 602/602/602 606/606/606 593/593/593
f 602/602/602 593/593/593 592/592/592
f 602/602/602 592/592/592 591/591/591
f 602/602/602 591/591/591 603/603/603
f 607/607/607 606/606/606 605/605/605
f 607/607/607 605/605/605 608/608/608
f 607/607/607 608/608/608 609/609/609
f 607/607/607 609/609/609 610/610/610
f 607/607/607 610/610/610 364/364/364
f 607/607/607 364/364/364 599/599/599
f 607/607/607 599/599/599 593/593/593
f 607/607/607 593/593/593 606/606/606
f 611/611/611 612/612/612 3/3/3
f 611/611/611 3/3/3 613/613/613
f 611/611/611 613/613/613 614/614/614
f 611/611/611 614/614/614 615/615/615
f 611/611/611 615/615/615 616/616/616
f 611/611/611 616/616/616 617/617/617
f 611/611/611 617/617/617 618/618/618
f 611/611/611 618/618/618 612/612/612
f 619/619/619 615/615/615 614/614/614
f 619/619/619 614/614/614 620/620/620
f 619/619/619 620/620/620 621/621/621
f 619/619/619 621/621/621 622/622/622
f 619/619/619 622/622/622 623/623/623
f 619/619/619 623/623/623 624/624/624
f 619/619/619 624/624/624 616/616/616
f 619/619/619 616/616/616 615/615/615
f 625/625/625 626/626/626 584/584/584
f 625/625/625 584/584/584 627/627/627
f 625/625/625 627/627/627 628/628/628
f 625/625/625 628/628/628 629/629/629
f 625/625/625 629/629/629 630/630/630
f 625/625/625 630/630/630 631/631/631
f 625/625/625 631/631/631 12/12/12
f 625/625/625 12/12/12 626/626/626
f 632/632/632 629/629/629 628/628/628
f 632/632/632 628/628/628 633/633/633
f 632/632/632 633/633/633 634/634/634
f 632/632/632 634/634/634 635/635/635
f 632/632/632 635/635/635 636/636/636
f 632/632/632 636/636/636 637/637/637
f 632/632/632 637/637/637 630/630/630
f 632/632/632 630/630/630 629/629/629
f 638/638/638 639/639/639 12/12/12
f 638/638/638 12/12/12 631/631/631
f 638/638/638 631/631/631 630/630/630
f 638/638/638 630/630/630 640/640/640
f 638/638/638 640/640/640 641/641/641
f 638/638/638 641/641/641 642/642/642
f 638/638/638 642/642/642 643/643/643
f 638/638/638 643/643/643 639/639/639
f 644/644/644 640/640/640 630/630/630
f 644/644/644 630/630/630 637/637/637
f 644/644/644 637/637/637 636/636/636
f 644/644/644 636/636/636 645/645/645
f 644/644/644 645/645/645 646/646/646
f 644/644/644 646/646/646 647/647/647
f 644/644/644 647/647/647 641/641/641
f 644/644/644 641/641/641 640/640/640
f 648/648/648 22/22/22 649/649/649
f 648/648/648 649/649/649 650/650/650
f 648/648/648 650/650/650 651/651/651
f 648/648/648 651/651/651 652/652/652
f 648/648/648 652/652/652 653/653/653
f 648/648/648 653/653/653 654/654/654
f 648/648/648 654/654/654 655/655/655
f 648/648/648 655/655/655 22/22/22
f 656/656/656 652/652/652 651/651/651
f 656/656/656 651/651/651 657/657/657
f 656/656/656 657/657/657 181/181/181
f 656/656/656 181/181/181 658/658/658
f 656/656/656 658/658/658 659/659/659
f 656/656/656 659/659/659 660/660/660
f 656/656/656 660/660/660 653/653/653
f 656/656/656 653/653/653 652/652/652
f 661/661/661 31/31/31 655/655/655
f 661/661/661 655/655/655 654/654/654
f 661/661/661 654/654/654 653/653/653
f 661/661/661 653/653/653 662/662/662
f 661/661/661 662/662/662 663/663/663
f 661/661/661 663/663/663 664/664/664
f 661/661/661 664/664/664 665/665/665
f 661/661/661 665/665/665 31/31/31
f 666/666/666 662/662/662 653/653/653
f 666/666/666 653/653/653 660/660/660
f 666/666/666 660/660/660 659/659/659
f 666/666/666 659/659/659 667/667/667
f 666/666/666 667/667/667 668/668/668
f 666/666/666 668/668/668 669/669/669
f 666/666/666 669/669/669 663/663/663
f 666/666/666 663/663/663 662/662/662
f 670/670/670 671/671/671 672/672/672
f 670/670/670 672/672/672 673/673/673
f 670/670/670 673/673/673 674/674/674
f 670/670/670 674/674/674 675/675/675
f 670/670/670 675/675/675 676/676/676
f 670/670/670 676/676/676 677/677/677
f 670/670/670 677/677/677 678/678/678
f 670/670/670 678/678/678 671/671/671
f 679/679/679 675/675/675 674/674/674
f 679/679/679 674/674/674 680/680/680
f 679/679/679 680/680/680 681/681/681
f 679/679/679 681/681/681 682/682/682
f 679/679/679 682/682/682 683/683/683
f 679/679/679 683/683/683 684/684/684
f 679/679/679 684/684/684 676/676/676
f 679/679/679 676/676/676 675/675/675
f 685/685/685 686/686/686 687/687/687
f 685/685/685 687/687/687 688/688/688
f 685/685/685 688/688/688 689/689/689
f 685/685/685 689/689/689 690/690/690
f 685/685/685 690/690/690 676/676/676
f 685/685/685 676/676/676 691/691/691
f 685/685/685 691/691/691 692/692/692
f 685/685/685 692/692/692 686/686/686
f 693/693/693 690/690/690 689/689/689
f 693/693/693 689/689/689 694/694/694
f 693/693/693 694/694/694 695/695/695
f 693/693/693 695/695/695 696/696/696
f 693/693/693 696/696/696 43/43/43
f 693/693/693 43/43/43 697/697/697
f 693/693/693 697/697/697 676/676/676
f 693/693/693 676/676/676 690/690/690
f 698/698/698 699/699/699 700/700/700
f 698/698/698 700/700/700 701/701/701
f 698/698/698 701/701/701 702/702/702
f 698/698/698 702/702/702 703/703/703
f 698/698/698 703/703/703 704/704/704
f 698/698/698 704/704/704 705/705/705
f 698/698/698 705/705/705 706/706/706
f 698/698/698 706/706/706 699/699/699
f 707/707/707 703/703/703 702/702/702
f 707/707/707 702/702/702 708/708/708
f 707/707/707 708/708/708 709/709/709
f 707/707/707 709/709/709 710/710/710
f 707/707/707 710/710/710 52/52/52
f 707/707/707 52/52/52 711/711/711
f 707/707/707 711/711/711 704/704/704
f 707/707/707 704/704/704 703/703/703
f 712/712/712 713/713/713 714/714/714
f 712/712/712 714/714/714 715/715/715
f 712/712/712 715/715/715 716/716/716
f 712/712/712 716/716/716 717/717/717
f 712/712/712 717/717/717 718/718/718
f 712/712/712 718/718/718 719/719/719
f 712/712/712 719/719/719 720/720/720
f 712/712/712 720/720/720 713/713/713
f 721/721/721 717/717/717 716/716/716
f 721/721/721 716/716/716 722/722/722
f 721/721/721 722/722/722 723/723/723
f 721/721/721 723/723/723 724/724/724
f 721/721/721 724/724/724 61/61/61
f 721/721/721 61/61/61 725/725/725
f 721/721/721 725/725/725 718/718/718
f 721/721/721 718/718/718 717/717/717
f 726/726/726 727/727/727 720/720/720
f 726/726/726 720/720/720 719/719/719
f 726/726/726 719/719/719 718/718/718
f 726/726/726 718/718/718 728/728/728
f 726/726/726 728/728/728 729/729/729
f 726/726/726 729/729/729 730/730/730
f 726/726/726 730/730/730 731/731/731
f 726/726/726 731/731/731 727/727/727
f 732/732/732 728/728/728 718/718/718
f 732/732/732 718/718/718 725/725/725
f 732/732/732 725/725/725 61/61/61
f 732/732/732 61/61/61 733/733/733
f 732/732/732 733/733/733 70/70/70
f 732/732/732 70/70/70 734/734/734
f 732/732/732 734/734/734 729/729/729
f 732/732/732 729/729/729 728/728/728
f 735/735/735 736/736/736 737/737/737
f 735/735/735 737/737/737 738/738/738
f 735/735/735 738/738/738 739/739/739
f 735/735/735 739/739/739 740/740/740
f 735/735/735 740/740/740 741/741/741
f 735/735/735 741/741/741 742/742/742
f 735/735/735 742/742/742 743/743/743
f 735/735/735 743/743/743 736/736/736
f 744/744/744 745/745/745 746/746/746
f 744/744/744 746/746/746 747/747/747
f 744/744/744 747/747/747 748/748/748
f 744/744/744 748/748/748 749/749/749
f 744/744/744 749/749/749 750/750/750
f 744/744/744 750/750/750 751/751/751
f 744/744/744 751/751/751 752/752/752
f 744/744/744 752/752/752 745/745/745
f 753/753/753 754/754/754 755/755/755
f 753/753/753 755/755/755 756/756/756
f 753/753/753 756/756/756 757/757/757
f 753/753/753 757/757/757 758/758/758
f 753/753/753 758/758/758 759/759/759
f 753/753/753 759/759/759 760/760/760
f 753/753/753 760/760/760 761/761/761
f 753/753/753 761/761/761 754/754/754
f 762/762/762 763/763/763 764/764/764
f 762/762/762 764/764/764 765/765/765
f 762/762/762 765/765/765 766/766/766
f 762/762/762 766/766/766 767/767/767
f 762/762/762 767/767/767 34/34/34
f 762/762/762 34/34/34 33/33/33
f 762/762/762 33/33/33 32/32/32
f 762/762/762 32/32/32 763/763/763
f 768/768/768 769/769/769 770/770/770
f 768/768/768 770/770/770 771/771/771
f 768/768/768 771/771/771 772/772/772
f 768/768/768 772/772/772 773/773/773
f 768/768/768 773/773/773 774/774/774
f 768/768/768 774/774/774 775/775/775
f 768/768/768 775/775/775 776/776/776
f 768/768/768 776/776/776 769/769/769
f 777/777/777 778/778/778 779/779/779
f 777/777/777 779/779/779 780/780/780
f 777/777/777 780/780/780 781/781/781
f 777/777/777 781/781/781 782/782/782
f 777/777/777 782/782/782 783/783/783
f 777/777/777 783/783/783 784/784/784
f 777/777/777 784/784/784 785/785/785
f 777/777/777 785/785/785 778/778/778
f 786/786/786 787/787/787 57/57/57
f 786/786/786 57/57/57 56/56/56
f 786/786/786 56/56/56 63/63/63
f 786/786/786 63/63/63 788/788/788
f 786/786/786 788/788/788 789/789/789
f 786/786/786 789/789/789 790/790/790
f 786/786/786 790/790/790 791/791/791
f 786/786/786 791/791/791 787/787/787
f 792/792/792 793/793/793 794/794/794
f 792/792/792 794/794/794 795/795/795
f 792/792/792 795/795/795 796/796/796
f 792/792/792 796/796/796 797/797/797
f 792/792/792 797/797/797 798/798/798
f 792/792/792 798/798/798 799/799/799
f 792/792/792 799/799/799 800/800/800
f 792/792/792 800/800/800 793/793/793
f 801/801/801 802/802/802 803/803/803
f 801/801/801 803/803/803 804/804/804
f 801/801/801 804/804/804 81/81/81
f 801/801/801 81/81/81 80/80/80
f 801/801/801 80/80/80 79/79/79
f 801/801/801 79/79/79 805/805/805
f 801/801/801 805/805/805 806/806/806
f 801/801/801 806/806/806 802/802/802
f 807/807/807 808/808/808 809/809/809
f 807/807/807 809/809/809 810/810/810
f 807/807/807 810/810/810 803/803/803
f 807/807/807 803/803/803 802/802/802
f 807/807/807 802/802/802 806/806/806
f 807/807/807 806/806/806 811/811/811
f 807/807/807 811/811/811 812/812/812
f 807/807/807 812/812/812 808/808/808
f 813/813/813 814/814/814 815/815/815
f 813/813/813 815/815/815 816/816/816
f 813/813/813 816/816/816 817/817/817
f 813/813/813 817/817/817 818/818/818
f 813/813/813 818/818/818 819/819/819
f 813/813/813 819/819/819 820/820/820
f 813/813/813 820/820/820 821/821/821
f 813/813/813 821/821/821 814/814/814
f 822/822/822 823/823/823 824/824/824
f 822/822/822 824/824/824 825/825/825
f 822/822/822 825/825/825 826/826/826
f 822/822/822 826/826/826 827/827/827
f 822/822/822 827/827/827 828/828/828
f 822/822/822 828/828/828 829/829/829
f 822/822/822 829/829/829 830/830/830
f 822/822/822 830/830/830 823/823/823
f 831/831/831 832/832/832 812/812/812
f 831/831/831 812/812/812 833/833/833
f 831/831/831 833/833/833 834/834/834
f 831/831/831 834/834/834 835/835/835
f 831/831/831 835/835/835 836/836/836
f 831/831/831 836/836/836 837/837/837
f 831/831/831 837/837/837 838/838/838
f 831/831/831 838/838/838 832/832/832
f 839/839/839 835/835/835 834/834/834
f 839/839/839 834/834/834 840/840/840
f 839/839/839 840/840/840 119/119/119
f 839/839/839 119/119/119 118/118/118
f 839/839/839 118/118/118 117/117/117
f 839/839/839 117/117/117 841/841/841
f 839/839/839 841/841/841 836/836/836
f 839/839/839 836/836/836 835/835/835
f 842/842/842 843/843/843 844/844/844
f 842/842/842 844/844/844 845/845/845
f 842/842/842 845/845/845 846/846/846
f 842/842/842 846/846/846 847/847/847
f 842/842/842 847/847/847 848/848/848
f 842/842/842 848/848/848 849/849/849
f 842/842/842 849/849/849 850/850/850
f 842/842/842 850/850/850 843/843/843
f 851/851/851 852/852/852 830/830/830
f 851/851/851 830/830/830 853/853/853
f 851/851/851 853/853/853 854/854/854
f 851/851/851 854/854/854 855/855/855
f 851/851/851 855/855/855 856/856/856
f 851/851/851 856/856/856 857/857/857
f 851/851/851 857/857/857 858/858/858
f 851/851/851 858/858/858 852/852/852
f 859/859/859 860/860/860 861/861/861
f 859/859/859 861/861/861 862/862/862
f 859/859/859 862/862/862 145/145/145
f 859/859/859 145/145/145 144/144/144
f 859/859/859 144/144/144 143/143/143
f 859/859/859 143/143/143 863/863/863
f 859/859/859 863/863/863 864/864/864
f 859/859/859 864/864/864 860/860/860
f 865/865/865 866/866/866 867/867/867
f 865/865/865 867/867/867 868/868/868
f 865/865/865 868/868/868 869/869/869
f 865/865/865 869/869/869 870/870/870
f 865/865/865 870/870/870 871/871/871
f 865/865/865 871/871/871 872/872/872
f 865/865/865 872/872/872 873/873/873
f 865/865/865 873/873/873 866/866/866
f 874/874/874 875/875/875 876/876/876
f 874/874/874 876/876/876 877/877/877
f 874/874/874 877/877/877 878/878/878
f 874/874/874 878/878/878 879/879/879
f 874/874/874 879/879/879 880/880/880
f 874/874/874 880/880/880 881/881/881
f 874/874/874 881/881/881 882/882/882
f 874/874/874 882/882/882 875/875/875
f 883/883/883 884/884/884 885/885/885
f 883/883/883 885/885/885 886/886/886
f 883/883/883 886/886/886 887/887/887
f 883/883/883 887/887/887 888/888/888
f 883/883/883 888/888/888 889/889/889
f 883/883/883 889/889/889 890/890/890
f 883/883/883 890/890/890 891/891/891
f 883/883/883 891/891/891 884/884/884
f 892/892/892 893/893/893 894/894/894
f 892/892/892 894/894/894 895/895/895
f 892/892/892 895/895/895 896/896/896
f 892/892/892 896/896/896 897/897/897
f 892/892/892 897/897/897 898/898/898
f 892/892/892 898/898/898 899/899/899
f 892/892/892 899/899/899 900/900/900
f 892/892/892 900/900/900 893/893/893
f 901/901/901 902/902/902 903/903/903
f 901/901/901 903/903/903 904/904/904
f 901/901/901 904/904/904 905/905/905
f 901/901/901 905/905/905 906/906/906
f 901/901/901 906/906/906 907/907/907
f 901/901/901 907/907/907 908/908/908
f 901/901/901 908/908/908 909/909/909
f 901/901/901 909/909/909 902/902/902
f 910/910/910 194/194/194 193/193/193
f 910/910/910 193/193/193 911/911/911
f 910/910/910 911/911/911 912/912/912
f 910/910/910 912/912/912 913/913/913
f 910/910/910 913/913/913 914/914/914
f 910/910/910 914/914/914 915/915/915
f 910/910/910 915/915/915 195/195/195
f 910/910/910 195/195/195 194/194/194
f 916/916/916 917/917/917 918/918/918
f 916/916/916 918/918/918 919/919/919
f 916/916/916 919/919/919 920/920/920
f 916/916/916 920/920/920 921/921/921
f 916/916/916 921/921/921 922/922/922
f 916/916/916 922/922/922 923/923/923
f 916/916/916 923/923/923 924/924/924
f 916/916/916 924/924/924 917/917/917
f 925/925/925 926/926/926 927/927/927
f 925/925/925 927/927/927 928/928/928
f 925/925/925 928/928/928 929/929/929
f 925/925/925 929/929/929 930/930/930
f 925/925/925 930/930/930 931/931/931
f 925/925/925 931/931/931 932/932/932
f 925/925/925 932/932/932 933/933/933
f 925/925/925 933/933/933 926/926/926
f 934/934/934 935/935/935 936/936/936
f 934/934/934 936/936/936 937/937/937
f 934/934/934 937/937/937 938/938/938
f 934/934/934 938/938/938 939/939/939
f 934/934/934 939/939/939 940/940/940
f 934/934/934 940/940/940 941/941/941
f 934/934/934 941/941/941 942/942/942
f 934/934/934 942/942/942 935/935/935
f 943/943/943 944/944/944 945/945/945
f 943/943/943 945/945/945 946/946/946
f 943/943/943 946/946/946 947/947/947
f 943/943/943 947/947/947 948/948/948
f 943/943/943 948/948/948 949/949/949
f 943/943/943 949/949/949 950/950/950
f 943/943/943 950/950/950 951/951/951
f 943/943/943 951/951/951 944/944/944
f 952/952/952 953/953/953 954/954/954
f 952/952/952 954/954/954 955/955/955
f 952/952/952 955/955/955 956/956/956
f 952/952/952 956/956/956 957/957/957
f 952/952/952 957/957/957 958/958/958
f 952/952/952 958/958/958 959/959/959
f 952/952/952 959/959/959 960/960/960
f 952/952/952 960/960/960 953/953/953
f 961/961/961 248/248/248 247/247/247
f 961/961/961 247/247/247 962/962/962
f 961/961/961 962/962/962 963/963/963
f 961/961/961 963/963/963 964/964/964
f 961/961/961 964/964/964 965/965/965
f 961/961/961 965/965/965 966/966/966
f 961/961/961 966/966/966 249/249/249
f 961/961/961 249/249/249 248/248/248
f 967/967/967 968/968/968 969/969/969
f 967/967/967 969/969/969 970/970/970
f 967/967/967 970/970/970 971/971/971
f 967/967/967 971/971/971 972/972/972
f 967/967/967 972/972/972 973/973/973
f 967/967/967 973/973/973 974/974/974
f 967/967/967 974/974/974 975/975/975
f 967/967/967 975/975/975 968/968/968
f 976/976/976 977/977/977 978/978/978
f 976/976/976 978/978/978 979/979/979
f 976/976/976 979/979/979 980/980/980
f 976/976/976 980/980/980 981/981/981
f 976/976/976 981/981/981 982/982/982
f 976/976/976 982/982/982 983/983/983
f 976/976/976 983/983/983 984/984/984
f 976/976/976 984/984/984 977/977/977
f 985/985/985 986/986/986 980/980/980
f 985/985/985 980/980/980 987/987/987
f 985/985/985 987/987/987 988/988/988
f 985/985/985 988/988/988 989/989/989
f 985/985/985 989/989/989 990/990/990
f 985/985/985 990/990/990 991/991/991
f 985/985/985 991/991/991 992/992/992
f 985/985/985 992/992/992 986/986/986
f 993/993/993 994/994/994 988/988/988
f 993/993/993 988/988/988 995/995/995
f 993/993/993 995/995/995 996/996/996
f 993/993/993 996/996/996 997/997/997
f 993/993/993 997/997/997 998/998/998
f 993/993/993 998/998/998 999/999/999
f 993/993/993 999/999/999 1000/1000/1000
f 993/993/993 1000/1000/1000 994/994/994
f 1001/1001/1001 1002/1002/1002 1003/1003/1003
f 1001/1001/1001 1003/1003/1003 1004/1004/1004
f 1001/1001/1001 1004/1004/1004 1005/1005/1005
f 1001/1001/1001 1005/1005/1005 1006/1006/1006
f 1001/1001/1001 1006/1006/1006 1007/1007/1007
f 1001/1001/1001 1007/1007/1007 1008/1008/1008
f 1001/1001/1001 1008/1008/1008 1009/1009/1009
f 1001/1001/1001 1009/1009/1009 1002/1002/1002
f 1010/1010/1010 1011/1011/1011 1012/1012/1012
f 1010/1010/1010 1012/1012/1012 1013/1013/1013
f 1010/1010/1010 1013/1013/1013 1014/1014/1014
f 1010/1010/1010 1014/1014/1014 1015/1015/1015
f 1010/1010/1010 1015/1015/1015 1016/1016/1016
f 1010/1010/1010 1016/1016/1016 1017/1017/1017
f 1010/1010/1010 1017/1017/1017 1018/1018/1018
f 1010/1010/1010 1018/1018/1018 1011/1011/1011
f 1019/1019/1019 1020/1020/1020 1005/1005/1005
f 1019/1019/1019 1005/1005/1005 1021/1021/1021
f 1019/1019/1019 1021/1021/1021 1022/1022/1022
f 1019/1019/1019 1022/1022/1022 1023/1023/1023
f 1019/1019/1019 1023/1023/1023 1024/1024/1024
f 1019/1019/1019 1024/1024/1024 1025/1025/1025
f 1019/1019/1019 1025/1025/1025 1026/1026/1026
f 1019/1019/1019 1026/1026/1026 1020/1020/1020
f 1027/1027/1027 1023/1023/1023 1022/1022/1022
f 1027/1027/1027 1022/1022/1022 1028/1028/1028
f 1027/1027/1027 1028/1028/1028 319/319/319
f 1027/1027/1027 319/319/319 318/318/318
f 1027/1027/1027 318/318/318 317/317/317
f 1027/1027/1027 317/317/317 1029/1029/1029
f 1027/1027/1027 1029/1029/1029 1024/1024/1024
f 1027/1027/1027 1024/1024/1024 1023/1023/1023
f 1030/1030/1030 1031/1031/1031 951/951/951
f 1030/1030/1030 951/951/951 950/950/950
f 1030/1030/1030 950/950/950 949/949/949
f 1030/1030/1030 949/949/949 1032/1032/1032
f 1030/1030/1030 1032/1032/1032 1033/1033/1033
f 1030/1030/1030 1033/1033/1033 1034/1034/1034
f 1030/1030/1030 1034/1034/1034 1035/1035/1035
f 1030/1030/1030 1035/1035/1035 1031/1031/1031
f 1036/1036/1036 1037/1037/1037 1035/1035/1035
f 1036/1036/1036 1035/1035/1035 1034/1034/1034
f 1036/1036/1036 1034/1034/1034 1033/1033/1033
f 1036/1036/1036 1033/1033/1033 1038/1038/1038
f 1036/1036/1036 1038/1038/1038 1039/1039/1039
f 1036/1036/1036 1039/1039/1039 1040/1040/1040
f 1036/1036/1036 1040/1040/1040 1041/1041/1041
f 1036/1036/1036 1041/1041/1041 1037/1037/1037
f 1042/1042/1042 1043/1043/1043 960/960/960
f 1042/1042/1042 960/960/960 959/959/959
f 1042/1042/1042 959/959/959 958/958/958
f 1042/1042/1042 958/958/958 1044/1044/1044
f 1042/1042/1042 1044/1044/1044 1045/1045/1045
f 1042/1042/1042 1045/1045/1045 1046/1046/1046
f 1042/1042/1042 1046/1046/1046 1047/1047/1047
f 1042/1042/1042 1047/1047/1047 1043/1043/1043
f 1048/1048/1048 1049/1049/1049 1047/1047/1047
f 1048/1048/1048 1047/1047/1047 1046/1046/1046
f 1048/1048/1048 1046/1046/1046 1045/1045/1045
f 1048/1048/1048 1045/1045/1045 1050/1050/1050
f 1048/1048/1048 1050/1050/1050 1051/1051/1051
f 1048/1048/1048 1051/1051/1051 1052/1052/1052
f 1048/1048/1048 1052/1052/1052 1053/1053/1053
f 1048/1048/1048 1053/1053/1053 1049/1049/1049
f 1054/1054/1054 345/345/345 249/249/249
f 1054/1054/1054 249/249/249 966/966/966
f 1054/1054/1054 966/966/966 965/965/965
f 1054/1054/1054 965/965/965 1055/1055/1055
f 1054/1054/1054 1055/1055/1055 1056/1056/1056
f 1054/1054/1054 1056/1056/1056 1057/1057/1057
f 1054/1054/1054 1057/1057/1057 346/346/346
f 1054/1054/1054 346/346/346 345/345/345
f 1058/1058/1058 351/351/351 346/346/346
f 1058/1058/1058 346/346/346 1057/1057/1057
f 1058/1058/1058 1057/1057/1057 1056/1056/1056
f 1058/1058/1058 1056/1056/1056 1059/1059/1059
f 1058/1058/1058 1059/1059/1059 1060/1060/1060
f 1058/1058/1058 1060/1060/1060 1061/1061/1061
f 1058/1058/1058 1061/1061/1061 352/352/352
f 1058/1058/1058 352/352/352 351/351/351
f 1062/1062/1062 1063/1063/1063 975/975/975
f 1062/1062/1062 975/975/975 974/974/974
f 1062/1062/1062 974/974/974 973/973/973
f 1062/1062/1062 973/973/973 1064/1064/1064
f 1062/1062/1062 1064/1064/1064 1065/1065/1065
f 1062/1062/1062 1065/1065/1065 1066/1066/1066
f 1062/1062/1062 1066/1066/1066 1067/1067/1067
f 1062/1062/1062 1067/1067/1067 1063/1063/1063
f 1068/1068/1068 1069/1069/1069 1067/1067/1067
f 1068/1068/1068 1067/1067/1067 1066/1066/1066
f 1068/1068/1068 1066/1066/1066 1065/1065/1065
f 1068/1068/1068 1065/1065/1065 1070/1070/1070
f 1068/1068/1068 1070/1070/1070 1071/1071/1071
f 1068/1068/1068 1071/1071/1071 1072/1072/1072
f 1068/1068/1068 1072/1072/1072 1073/1073/1073
f 1068/1068/1068 1073/1073/1073 1069/1069/1069
f 1074/1074/1074 1075/1075/1075 984/984/984
f 1074/1074/1074 984/984/984 983/983/983
f 1074/1074/1074 983/983/983 982/982/982
f 1074/1074/1074 982/982/982 1076/1076/1076
f 1074/1074/1074 1076/1076/1076 1077/1077/1077
f 1074/1074/1074 1077/1077/1077 1078/1078/1078
f 1074/1074/1074 1078/1078/1078 1079/1079/1079
f 1074/1074/1074 1079/1079/1079 1075/1075/1075
f 1080/1080/1080 1081/1081/1081 1079/1079/1079
f 1080/1080/1080 1079/1079/1079 1078/1078/1078
f 1080/1080/1080 1078/1078/1078 1077/1077/1077
f 1080/1080/1080 1077/1077/1077 1082/1082/1082
f 1080/1080/1080 1082/1082/1082 1083/1083/1083
f 1080/1080/1080 1083/1083/1083 1084/1084/1084
f 1080/1080/1080 1084/1084/1084 1085/1085/1085
f 1080/1080/1080 1085/1085/1085 1081/1081/1081
f 1086/1086/1086 1087/1087/1087 992/992/992
f 1086/1086/1086 992/992/992 991/991/991
f 1086/1086/1086 991/991/991 990/990/990
f 1086/1086/1086 990/990/990 1088/1088/1088
f 1086/1086/1086 1088/1088/1088 1089/1089/1089
f 1086/1086/1086 1089/1089/1089 1090/1090/1090
f 1086/1086/1086 1090/1090/1090 1091/1091/1091
f 1086/1086/1086 1091/1091/1091 1087/1087/1087
f 1092/1092/1092 1093/1093/1093 1091/1091/1091
f 1092/1092/1092 1091/1091/1091 1090/1090/1090
f 1092/1092/1092 1090/1090/1090 1089/1089/1089
f 1092/1092/1092 1089/1089/1089 1094/1094/1094
f 1092/1092/1092 1094/1094/1094 1095/1095/1095
f 1092/1092/1092 1095/1095/1095 1096/1096/1096
f 1092/1092/1092 1096/1096/1096 1097/1097/1097
f 1092/1092/1092 1097/1097/1097 1093/1093/1093
f 1098/1098/1098 1099/1099/1099 1000/1000/1000
f 1098/1098/1098 1000/1000/1000 999/999/999
f 1098/1098/1098 999/999/999 998/998/998
f 1098/1098/1098 998/998/998 1100/1100/1100
f 1098/1098/1098 1100/1100/1100 1101/1101/1101
f 1098/1098/1098 1101/1101/1101 1102/1102/1102
f 1098/1098/1098 1102/1102/1102 1103/1103/1103
f 1098/1098/1098 1103/1103/1103 1099/1099/1099
f 1104/1104/1104 1105/1105/1105 1103/1103/1103
f 1104/1104/1104 1103/1103/1103 1102/1102/1102
f 1104/1104/1104 1102/1102/1102 1101/1101/1101
f 1104/1104/1104 1101/1101/1101 1106/1106/1106
f 1104/1104/1104 1106/1106/1106 1107/1107/1107
f 1104/1104/1104 1107/1107/1107 1108/1108/1108
f 1104/1104/1104 1108/1108/1108 1109/1109/1109
f 1104/1104/1104 1109/1109/1109 1105/1105/1105
f 1110/1110/1110 1111/1111/1111 1009/1009/1009
f 1110/1110/1110 1009/1009/1009 1008/1008/1008
f 1110/1110/1110 1008/1008/1008 1007/1007/1007
f 1110/1110/1110 1007/1007/1007 1112/1112/1112
f 1110/1110/1110 1112/1112/1112 1113/1113/1113
f 1110/1110/1110 1113/1113/1113 1114/1114/1114
f 1110/1110/1110 1114/1114/1114 1115/1115/1115
f 1110/1110/1110 1115/1115/1115 1111/1111/1111
f 1116/1116/1116 1117/1117/1117 1115/1115/1115
f 1116/1116/1116 1115/1115/1115 1114/1114/1114
f 1116/1116/1116 1114/1114/1114 1113/1113/1113
f 1116/1116/1116 1113/1113/1113 1118/1118/1118
f 1116/1116/1116 1118/1118/1118 1119/1119/1119
f 1116/1116/1116 1119/1119/1119 740/740/740
f 1116/1116/1116 740/740/740 750/750/750
f 1116/1116/1116 750/750/750 1117/1117/1117
f 1120/1120/1120 1121/1121/1121 1018/1018/1018
f 1120/1120/1120 1018/1018/1018 1017/1017/1017
f 1120/1120/1120 1017/1017/1017 1016/1016/1016
f 1120/1120/1120 1016/1016/1016 1122/1122/1122
f 1120/1120/1120 1122/1122/1122 1123/1123/1123
f 1120/1120/1120 1123/1123/1123 1124/1124/1124
f 1120/1120/1120 1124/1124/1124 1125/1125/1125
f 1120/1120/1120 1125/1125/1125 1121/1121/1121
f 1126/1126/1126 1127/1127/1127 1125/1125/1125
f 1126/1126/1126 1125/1125/1125 1124/1124/1124
f 1126/1126/1126 1124/1124/1124 1123/1123/1123
f 1126/1126/1126 1123/1123/1123 1128/1128/1128
f 1126/1126/1126 1128/1128/1128 739/739/739
f 1126/1126/1126 739/739/739 749/749/749
f 1126/1126/1126 749/749/749 1107/1107/1107
f 1126/1126/1126 1107/1107/1107 1127/1127/1127
f 1129/1129/1129 1130/1130/1130 1026/1026/1026
f 1129/1129/1129 1026/1026/1026 1025/1025/1025
f 1129/1129/1129 1025/1025/1025 1024/1024/1024
f 1129/1129/1129 1024/1024/1024 1131/1131/1131
f 1129/1129/1129 1131/1131/1131 1132/1132/1132
f 1129/1129/1129 1132/1132/1132 1133/1133/1133
f 1129/1129/1129 1133/1133/1133 1134/1134/1134
f 1129/1129/1129 1134/1134/1134 1130/1130/1130
f 1135/1135/1135 1136/1136/1136 1134/1134/1134
f 1135/1135/1135 1134/1134/1134 1133/1133/1133
f 1135/1135/1135 1133/1133/1133 1132/1132/1132
f 1135/1135/1135 1132/1132/1132 1137/1137/1137
f 1135/1135/1135 1137/1137/1137 1138/1138/1138
f 1135/1135/1135 1138/1138/1138 758/758/758
f 1135/1135/1135 758/758/758 1139/1139/1139
f 1135/1135/1135 1139/1139/1139 1136/1136/1136
f 1140/1140/1140 1131/1131/1131 1024/1024/1024
f 1140/1140/1140 1024/1024/1024 1029/1029/1029
f 1140/1140/1140 1029/1029/1029 317/317/317
f 1140/1140/1140 317/317/317 437/437/437
f 1140/1140/1140 437/437/437 436/436/436
f 1140/1140/1140 436/436/436 1141/1141/1141
f 1140/1140/1140 1141/1141/1141 1132/1132/1132
f 1140/1140/1140 1132/1132/1132 1131/1131/1131
f 1142/1142/1142 1137/1137/1137 1132/1132/1132
f 1142/1142/1142 1132/1132/1132 1141/1141/1141
f 1142/1142/1142 1141/1141/1141 436/436/436
f 1142/1142/1142 436/436/436 440/440/440
f 1142/1142/1142 440/440/440 439/439/439
f 1142/1142/1142 439/439/439 767/767/767
f 1142/1142/1142 767/767/767 1138/1138/1138
f 1142/1142/1142 1138/1138/1138 1137/1137/1137
f 1143/1143/1143 1144/1144/1144 864/864/864
f 1143/1143/1143 864/864/864 863/863/863
f 1143/1143/1143 863/863/863 143/143/143
f 1143/1143/1143 143/143/143 446/446/446
f 1143/1143/1143 446/446/446 445/445/445
f 1143/1143/1143 445/445/445 1145/1145/1145
f 1143/1143/1143 1145/1145/1145 1146/1146/1146
f 1143/1143/1143 1146/1146/1146 1144/1144/1144
f 1147/1147/1147 1148/1148/1148 1146/1146/1146
f 1147/1147/1147 1146/1146/1146 1145/1145/1145
f 1147/1147/1147 1145/1145/1145 445/445/445
f 1147/1147/1147 445/445/445 451/451/451
f 1147/1147/1147 451/451/451 81/81/81
f 1147/1147/1147 81/81/81 1149/1149/1149
f 1147/1147/1147 1149/1149/1149 1150/1150/1150
f 1147/1147/1147 1150/1150/1150 1148/1148/1148
f 1151/1151/1151 1152/1152/1152 873/873/873
f 1151/1151/1151 873/873/873 872/872/872
f 1151/1151/1151 872/872/872 871/871/871
f 1151/1151/1151 871/871/871 1153/1153/1153
f 1151/1151/1151 1153/1153/1153 1154/1154/1154
f 1151/1151/1151 1154/1154/1154 1155/1155/1155
f 1151/1151/1151 1155/1155/1155 1156/1156/1156
f 1151/1151/1151 1156/1156/1156 1152/1152/1152
f 1157/1157/1157 1158/1158/1158 1156/1156/1156
f 1157/1157/1157 1156/1156/1156 1155/1155/1155
f 1157/1157/1157 1155/1155/1155 1154/1154/1154
f 1157/1157/1157 1154/1154/1154 1159/1159/1159
f 1157/1157/1157 1159/1159/1159 803/803/803
f 1157/1157/1157 803/803/803 1160/1160/1160
f 1157/1157/1157 1160/1160/1160 1161/1161/1161
f 1157/1157/1157 1161/1161/1161 1158/1158/1158
f 1162/1162/1162 1163/1163/1163 882/882/882
f 1162/1162/1162 882/882/882 881/881/881
f 1162/1162/1162 881/881/881 880/880/880
f 1162/1162/1162 880/880/880 1164/1164/1164
f 1162/1162/1162 1164/1164/1164 1165/1165/1165
f 1162/1162/1162 1165/1165/1165 1166/1166/1166
f 1162/1162/1162 1166/1166/1166 1167/1167/1167
f 1162/1162/1162 1167/1167/1167 1163/1163/1163
f 1168/1168/1168 1169/1169/1169 1167/1167/1167
f 1168/1168/1168 1167/1167/1167 1166/1166/1166
f 1168/1168/1168 1166/1166/1166 1165/1165/1165
f 1168/1168/1168 1165/1165/1165 1170/1170/1170
f 1168/1168/1168 1170/1170/1170 1171/1171/1171
f 1168/1168/1168 1171/1171/1171 818/818/818
f 1168/1168/1168 818/818/818 1172/1172/1172
f 1168/1168/1168 1172/1172/1172 1169/1169/1169
f 1173/1173/1173 1174/1174/1174 891/891/891
f 1173/1173/1173 891/891/891 890/890/890
f 1173/1173/1173 890/890/890 889/889/889
f 1173/1173/1173 889/889/889 1175/1175/1175
f 1173/1173/1173 1175/1175/1175 1176/1176/1176
f 1173/1173/1173 1176/1176/1176 1177/1177/1177
f 1173/1173/1173 1177/1177/1177 1178/1178/1178
f 1173/1173/1173 1178/1178/1178 1174/1174/1174
f 1179/1179/1179 1180/1180/1180 1178/1178/1178
f 1179/1179/1179 1178/1178/1178 1177/1177/1177
f 1179/1179/1179 1177/1177/1177 1176/1176/1176
f 1179/1179/1179 1176/1176/1176 1181/1181/1181
f 1179/1179/1179 1181/1181/1181 1182/1182/1182
f 1179/1179/1179 1182/1182/1182 1183/1183/1183
f 1179/1179/1179 1183/1183/1183 819/819/819
f 1179/1179/1179 819/819/819 1180/1180/1180
f 1184/1184/1184 1185/1185/1185 900/900/900
f 1184/1184/1184 900/900/900 899/899/899
f 1184/1184/1184 899/899/899 898/898/898
f 1184/1184/1184 898/898/898 1186/1186/1186
f 1184/1184/1184 1186/1186/1186 1187/1187/1187
f 1184/1184/1184 1187/1187/1187 1188/1188/1188
f 1184/1184/1184 1188/1188/1188 1189/1189/1189
f 1184/1184/1184 1189/1189/1189 1185/1185/1185
f 1190/1190/1190 1191/1191/1191 1189/1189/1189
f 1190/1190/1190 1189/1189/1189 1188/1188/1188
f 1190/1190/1190 1188/1188/1188 1187/1187/1187
f 1190/1190/1190 1187/1187/1187 1192/1192/1192
f 1190/1190/1190 1192/1192/1192 826/826/826
f 1190/1190/1190 826/826/826 1193/1193/1193
f 1190/1190/1190 1193/1193/1193 1194/1194/1194
f 1190/1190/1190 1194/1194/1194 1191/1191/1191
f 1195/1195/1195 1196/1196/1196 909/909/909
f 1195/1195/1195 909/909/909 908/908/908
f 1195/1195/1195 908/908/908 907/907/907
f 1195/1195/1195 907/907/907 1197/1197/1197
f 1195/1195/1195 1197/1197/1197 1198/1198/1198
f 1195/1195/1195 1198/1198/1198 1199/1199/1199
f 1195/1195/1195 1199/1199/1199 1200/1200/1200
f 1195/1195/1195 1200/1200/1200 1196/1196/1196
f 1201/1201/1201 1202/1202/1202 1200/1200/1200
f 1201/1201/1201 1200/1200/1200 1199/1199/1199
f 1201/1201/1201 1199/1199/1199 1198/1198/1198
f 1201/1201/1201 1198/1198/1198 1203/1203/1203
f 1201/1201/1201 1203/1203/1203 1204/1204/1204
f 1201/1201/1201 1204/1204/1204 1205/1205/1205
f 1201/1201/1201 1205/1205/1205 836/836/836
f 1201/1201/1201 836/836/836 1202/1202/1202
f 1206/1206/1206 508/508/508 195/195/195
f 1206/1206/1206 195/195/195 915/915/915
f 1206/1206/1206 915/915/915 914/914/914
f 1206/1206/1206 914/914/914 1207/1207/1207
f 1206/1206/1206 1207/1207/1207 1208/1208/1208
f 1206/1206/1206 1208/1208/1208 1209/1209/1209
f 1206/1206/1206 1209/1209/1209 509/509/509
f 1206/1206/1206 509/509/509 508/508/508
f 1210/1210/1210 514/514/514 509/509/509
f 1210/1210/1210 509/509/509 1209/1209/1209
f 1210/1210/1210 1209/1209/1209 1208/1208/1208
f 1210/1210/1210 1208/1208/1208 1211/1211/1211
f 1210/1210/1210 1211/1211/1211 1212/1212/1212
f 1210/1210/1210 1212/1212/1212 1213/1213/1213
f 1210/1210/1210 1213/1213/1213 117/117/117
f 1210/1210/1210 117/117/117 514/514/514
f 1214/1214/1214 1215/1215/1215 924/924/924
f 1214/1214/1214 924/924/924 923/923/923
f 1214/1214/1214 923/923/923 922/922/922
f 1214/1214/1214 922/922/922 1216/1216/1216
f 1214/1214/1214 1216/1216/1216 1217/1217/1217
f 1214/1214/1214 1217/1217/1217 1218/1218/1218
f 1214/1214/1214 1218/1218/1218 1219/1219/1219
f 1214/1214/1214 1219/1219/1219 1215/1215/1215
f 1220/1220/1220 1221/1221/1221 1219/1219/1219
f 1220/1220/1220 1219/1219/1219 1218/1218/1218
f 1220/1220/1220 1218/1218/1218 1217/1217/1217
f 1220/1220/1220 1217/1217/1217 1222/1222/1222
f 1220/1220/1220 1222/1222/1222 1223/1223/1223
f 1220/1220/1220 1223/1223/1223 847/847/847
f 1220/1220/1220 847/847/847 1224/1224/1224
f 1220/1220/1220 1224/1224/1224 1221/1221/1221
f 1225/1225/1225 1226/1226/1226 933/933/933
f 1225/1225/1225 933/933/933 932/932/932
f 1225/1225/1225 932/932/932 931/931/931
f 1225/1225/1225 931/931/931 1227/1227/1227
f 1225/1225/1225 1227/1227/1227 1228/1228/1228
f 1225/1225/1225 1228/1228/1228 1229/1229/1229
f 1225/1225/1225 1229/1229/1229 1230/1230/1230
f 1225/1225/1225 1230/1230/1230 1226/1226/1226
f 1231/1231/1231 1232/1232/1232 1230/1230/1230
f 1231/1231/1231 1230/1230/1230 1229/1229/1229
f 1231/1231/1231 1229/1229/1229 1228/1228/1228
f 1231/1231/1231 1228/1228/1228 1233/1233/1233
f 1231/1231/1231 1233/1233/1233 1234/1234/1234
f 1231/1231/1231 1234/1234/1234 1235/1235/1235
f 1231/1231/1231 1235/1235/1235 848/848/848
f 1231/1231/1231 848/848/848 1232/1232/1232
f 1236/1236/1236 1237/1237/1237 942/942/942
f 1236/1236/1236 942/942/942 941/941/941
f 1236/1236/1236 941/941/941 940/940/940
f 1236/1236/1236 940/940/940 1238/1238/1238
f 1236/1236/1236 1238/1238/1238 1239/1239/1239
f 1236/1236/1236 1239/1239/1239 1240/1240/1240
f 1236/1236/1236 1240/1240/1240 1241/1241/1241
f 1236/1236/1236 1241/1241/1241 1237/1237/1237
f 1242/1242/1242 1243/1243/1243 1241/1241/1241
f 1242/1242/1242 1241/1241/1241 1240/1240/1240
f 1242/1242/1242 1240/1240/1240 1239/1239/1239
f 1242/1242/1242 1239/1239/1239 1244/1244/1244
f 1242/1242/1242 1244/1244/1244 1245/1245/1245
f 1242/1242/1242 1245/1245/1245 1246/1246/1246
f 1242/1242/1242 1246/1246/1246 856/856/856
f 1242/1242/1242 856/856/856 1243/1243/1243
f 1247/1247/1247 1248/1248/1248 1249/1249/1249
f 1247/1247/1247 1249/1249/1249 1250/1250/1250
f 1247/1247/1247 1250/1250/1250 1251/1251/1251
f 1247/1247/1247 1251/1251/1251 1252/1252/1252
f 1247/1247/1247 1252/1252/1252 1253/1253/1253
f 1247/1247/1247 1253/1253/1253 1254/1254/1254
f 1247/1247/1247 1254/1254/1254 1255/1255/1255
f 1247/1247/1247 1255/1255/1255 1248/1248/1248
f 1256/1256/1256 1257/1257/1257 1255/1255/1255
f 1256/1256/1256 1255/1255/1255 1254/1254/1254
f 1256/1256/1256 1254/1254/1254 1253/1253/1253
f 1256/1256/1256 1253/1253/1253 1258/1258/1258
f 1256/1256/1256 1258/1258/1258 1041/1041/1041
f 1256/1256/1256 1041/1041/1041 1259/1259/1259
f 1256/1256/1256 1259/1259/1259 1260/1260/1260
f 1256/1256/1256 1260/1260/1260 1257/1257/1257
f 1261/1261/1261 1262/1262/1262 1053/1053/1053
f 1261/1261/1261 1053/1053/1053 1263/1263/1263
f 1261/1261/1261 1263/1263/1263 1264/1264/1264
f 1261/1261/1261 1264/1264/1264 1265/1265/1265
f 1261/1261/1261 1265/1265/1265 1266/1266/1266
f 1261/1261/1261 1266/1266/1266 1267/1267/1267
f 1261/1261/1261 1267/1267/1267 1268/1268/1268
f 1261/1261/1261 1268/1268/1268 1262/1262/1262
f 1269/1269/1269 1270/1270/1270 1268/1268/1268
f 1269/1269/1269 1268/1268/1268 1267/1267/1267
f 1269/1269/1269 1267/1267/1267 1266/1266/1266
f 1269/1269/1269 1266/1266/1266 1271/1271/1271
f 1269/1269/1269 1271/1271/1271 1272/1272/1272
f 1269/1269/1269 1272/1272/1272 1273/1273/1273
f 1269/1269/1269 1273/1273/1273 1274/1274/1274
f 1269/1269/1269 1274/1274/1274 1270/1270/1270
f 1275/1275/1275 1265/1265/1265 1264/1264/1264
f 1275/1275/1275 1264/1264/1264 1276/1276/1276
f 1275/1275/1275 1276/1276/1276 1277/1277/1277
f 1275/1275/1275 1277/1277/1277 1278/1278/1278
f 1275/1275/1275 1278/1278/1278 1279/1279/1279
f 1275/1275/1275 1279/1279/1279 1280/1280/1280
f 1275/1275/1275 1280/1280/1280 1266/1266/1266
f 1275/1275/1275 1266/1266/1266 1265/1265/1265
f 1281/1281/1281 1271/1271/1271 1266/1266/1266
f 1281/1281/1281 1266/1266/1266 1280/1280/1280
f 1281/1281/1281 1280/1280/1280 1279/1279/1279
f 1281/1281/1281 1279/1279/1279 1282/1282/1282
f 1281/1281/1281 1282/1282/1282 1283/1283/1283
f 1281/1281/1281 1283/1283/1283 1284/1284/1284
f 1281/1281/1281 1284/1284/1284 1272/1272/1272
f 1281/1281/1281 1272/1272/1272 1271/1271/1271
f 1285/1285/1285 1286/1286/1286 1287/1287/1287
f 1285/1285/1285 1287/1287/1287 1288/1288/1288
f 1285/1285/1285 1288/1288/1288 597/597/597
f 1285/1285/1285 597/597/597 596/596/596
f 1285/1285/1285 596/596/596 595/595/595
f 1285/1285/1285 595/595/595 1289/1289/1289
f 1285/1285/1285 1289/1289/1289 1290/1290/1290
f 1285/1285/1285 1290/1290/1290 1286/1286/1286
f 1291/1291/1291 1292/1292/1292 1290/1290/1290
f 1291/1291/1291 1290/1290/1290 1289/1289/1289
f 1291/1291/1291 1289/1289/1289 595/595/595
f 1291/1291/1291 595/595/595 601/601/601
f 1291/1291/1291 601/601/601 352/352/352
f 1291/1291/1291 352/352/352 1293/1293/1293
f 1291/1291/1291 1293/1293/1293 1073/1073/1073
f 1291/1291/1291 1073/1073/1073 1292/1292/1292
f 1294/1294/1294 1295/1295/1295 936/936/936
f 1294/1294/1294 936/936/936 1296/1296/1296
f 1294/1294/1294 1296/1296/1296 1287/1287/1287
f 1294/1294/1294 1287/1287/1287 1286/1286/1286
f 1294/1294/1294 1286/1286/1286 1290/1290/1290
f 1294/1294/1294 1290/1290/1290 1297/1297/1297
f 1294/1294/1294 1297/1297/1297 1298/1298/1298
f 1294/1294/1294 1298/1298/1298 1295/1295/1295
f 1299/1299/1299 1300/1300/1300 1298/1298/1298
f 1299/1299/1299 1298/1298/1298 1297/1297/1297
f 1299/1299/1299 1297/1297/1297 1290/1290/1290
f 1299/1299/1299 1290/1290/1290 1292/1292/1292
f 1299/1299/1299 1292/1292/1292 1073/1073/1073
f 1299/1299/1299 1073/1073/1073 1301/1301/1301
f 1299/1299/1299 1301/1301/1301 1302/1302/1302
f 1299/1299/1299 1302/1302/1302 1300/1300/1300
f 1303/1303/1303 1304/1304/1304 737/737/737
f 1303/1303/1303 737/737/737 1305/1305/1305
f 1303/1303/1303 1305/1305/1305 1306/1306/1306
f 1303/1303/1303 1306/1306/1306 1307/1307/1307
f 1303/1303/1303 1307/1307/1307 1308/1308/1308
f 1303/1303/1303 1308/1308/1308 1309/1309/1309
f 1303/1303/1303 1309/1309/1309 1310/1310/1310
f 1303/1303/1303 1310/1310/1310 1304/1304/1304
f 1311/1311/1311 1312/1312/1312 1310/1310/1310
f 1311/1311/1311 1310/1310/1310 1309/1309/1309
f 1311/1311/1311 1309/1309/1309 1308/1308/1308
f 1311/1311/1311 1308/1308/1308 1313/1313/1313
f 1311/1311/1311 1313/1313/1313 1314/1314/1314
f 1311/1311/1311 1314/1314/1314 1315/1315/1315
f 1311/1311/1311 1315/1315/1315 1316/1316/1316
f 1311/1311/1311 1316/1316/1316 1312/1312/1312
f 1317/1317/1317 1318/1318/1318 1277/1277/1277
f 1317/1317/1317 1277/1277/1277 1319/1319/1319
f 1317/1317/1317 1319/1319/1319 746/746/746
f 1317/1317/1317 746/746/746 1320/1320/1320
f 1317/1317/1317 1320/1320/1320 1321/1321/1321
f 1317/1317/1317 1321/1321/1321 1322/1322/1322
f 1317/1317/1317 1322/1322/1322 1323/1323/1323
f 1317/1317/1317 1323/1323/1323 1318/1318/1318
f 1324/1324/1324 1325/1325/1325 1323/1323/1323
f 1324/1324/1324 1323/1323/1323 1322/1322/1322
f 1324/1324/1324 1322/1322/1322 1321/1321/1321
f 1324/1324/1324 1321/1321/1321 1326/1326/1326
f 1324/1324/1324 1326/1326/1326 1327/1327/1327
f 1324/1324/1324 1327/1327/1327 1328/1328/1328
f 1324/1324/1324 1328/1328/1328 1329/1329/1329
f 1324/1324/1324 1329/1329/1329 1325/1325/1325
f 1330/1330/1330 1320/1320/1320 746/746/746
f 1330/1330/1330 746/746/746 1331/1331/1331
f 1330/1330/1330 1331/1331/1331 1332/1332/1332
f 1330/1330/1330 1332/1332/1332 1333/1333/1333
f 1330/1330/1330 1333/1333/1333 1334/1334/1334
f 1330/1330/1330 1334/1334/1334 1335/1335/1335
f 1330/1330/1330 1335/1335/1335 1321/1321/1321
f 1330/1330/1330 1321/1321/1321 1320/1320/1320
f 1336/1336/1336 1326/1326/1326 1321/1321/1321
f 1336/1336/1336 1321/1321/1321 1335/1335/1335
f 1336/1336/1336 1335/1335/1335 1334/1334/1334
f 1336/1336/1336 1334/1334/1334 1337/1337/1337
f 1336/1336/1336 1337/1337/1337 1338/1338/1338
f 1336/1336/1336 1338/1338/1338 1339/1339/1339
f 1336/1336/1336 1339/1339/1339 1327/1327/1327
f 1336/1336/1336 1327/1327/1327 1326/1326/1326
f 1340/1340/1340 1341/1341/1341 1342/1342/1342
f 1340/1340/1340 1342/1342/1342 754/754/754
f 1340/1340/1340 754/754/754 1343/1343/1343
f 1340/1340/1340 1343/1343/1343 1344/1344/1344
f 1340/1340/1340 1344/1344/1344 1345/1345/1345
f 1340/1340/1340 1345/1345/1345 1346/1346/1346
f 1340/1340/1340 1346/1346/1346 1347/1347/1347
f 1340/1340/1340 1347/1347/1347 1341/1341/1341
f 1348/1348/1348 1349/1349/1349 1347/1347/1347
f 1348/1348/1348 1347/1347/1347 1346/1346/1346
f 1348/1348/1348 1346/1346/1346 1345/1345/1345
f 1348/1348/1348 1345/1345/1345 1350/1350/1350
f 1348/1348/1348 1350/1350/1350 1351/1351/1351
f 1348/1348/1348 1351/1351/1351 1352/1352/1352
f 1348/1348/1348 1352/1352/1352 896/896/896
f 1348/1348/1348 896/896/896 1349/1349/1349
f 1353/1353/1353 1344/1344/1344 1343/1343/1343
f 1353/1353/1353 1343/1343/1343 763/763/763
f 1353/1353/1353 763/763/763 665/665/665
f 1353/1353/1353 665/665/665 664/664/664
f 1353/1353/1353 664/664/664 663/663/663
f 1353/1353/1353 663/663/663 1354/1354/1354
f 1353/1353/1353 1354/1354/1354 1345/1345/1345
f 1353/1353/1353 1345/1345/1345 1344/1344/1344
f 1355/1355/1355 1350/1350/1350 1345/1345/1345
f 1355/1355/1355 1345/1345/1345 1354/1354/1354
f 1355/1355/1355 1354/1354/1354 663/663/663
f 1355/1355/1355 663/663/663 669/669/669
f 1355/1355/1355 669/669/669 668/668/668
f 1355/1355/1355 668/668/668 1356/1356/1356
f 1355/1355/1355 1356/1356/1356 1351/1351/1351
f 1355/1355/1355 1351/1351/1351 1350/1350/1350
f 1357/1357/1357 1358/1358/1358 1359/1359/1359
f 1357/1357/1357 1359/1359/1359 1360/1360/1360
f 1357/1357/1357 1360/1360/1360 1361/1361/1361
f 1357/1357/1357 1361/1361/1361 1362/1362/1362
f 1357/1357/1357 1362/1362/1362 1363/1363/1363
f 1357/1357/1357 1363/1363/1363 1364/1364/1364
f 1357/1357/1357 1364/1364/1364 1365/1365/1365
f 1357/1357/1357 1365/1365/1365 1358/1358/1358
f 1366/1366/1366 1367/1367/1367 1365/1365/1365
f 1366/1366/1366 1365/1365/1365 1364/1364/1364
f 1366/1366/1366 1364/1364/1364 1363/1363/1363
f 1366/1366/1366 1363/1363/1363 1368/1368/1368
f 1366/1366/1366 1368/1368/1368 1369/1369/1369
f 1366/1366/1366 1369/1369/1369 1370/1370/1370
f 1366/1366/1366 1370/1370/1370 1371/1371/1371
f 1366/1366/1366 1371/1371/1371 1367/1367/1367
f 1372/1372/1372 1373/1373/1373 1374/1374/1374
f 1372/1372/1372 1374/1374/1374 1375/1375/1375
f 1372/1372/1372 1375/1375/1375 1376/1376/1376
f 1372/1372/1372 1376/1376/1376 1377/1377/1377
f 1372/1372/1372 1377/1377/1377 1363/1363/1363
f 1372/1372/1372 1363/1363/1363 1378/1378/1378
f 1372/1372/1372 1378/1378/1378 1379/1379/1379
f 1372/1372/1372 1379/1379/1379 1373/1373/1373
f 1380/1380/1380 1381/1381/1381 1379/1379/1379
f 1380/1380/1380 1379/1379/1379 1378/1378/1378
f 1380/1380/1380 1378/1378/1378 1363/1363/1363
f 1380/1380/1380 1363/1363/1363 1382/1382/1382
f 1380/1380/1380 1382/1382/1382 774/774/774
f 1380/1380/1380 774/774/774 1383/1383/1383
f 1380/1380/1380 1383/1383/1383 1384/1384/1384
f 1380/1380/1380 1384/1384/1384 1381/1381/1381
f 1385/1385/1385 1386/1386/1386 1387/1387/1387
f 1385/1385/1385 1387/1387/1387 1388/1388/1388
f 1385/1385/1385 1388/1388/1388 1389/1389/1389
f 1385/1385/1385 1389/1389/1389 1390/1390/1390
f 1385/1385/1385 1390/1390/1390 1391/1391/1391
f 1385/1385/1385 1391/1391/1391 1392/1392/1392
f 1385/1385/1385 1392/1392/1392 1393/1393/1393
f 1385/1385/1385 1393/1393/1393 1386/1386/1386
f 1394/1394/1394 1395/1395/1395 1393/1393/1393
f 1394/1394/1394 1393/1393/1393 1392/1392/1392
f 1394/1394/1394 1392/1392/1392 1391/1391/1391
f 1394/1394/1394 1391/1391/1391 1396/1396/1396
f 1394/1394/1394 1396/1396/1396 783/783/783
f 1394/1394/1394 783/783/783 1397/1397/1397
f 1394/1394/1394 1397/1397/1397 1398/1398/1398
f 1394/1394/1394 1398/1398/1398 1395/1395/1395
f 1399/1399/1399 715/715/715 714/714/714
f 1399/1399/1399 714/714/714 1400/1400/1400
f 1399/1399/1399 1400/1400/1400 1401/1401/1401
f 1399/1399/1399 1401/1401/1401 1402/1402/1402
f 1399/1399/1399 1402/1402/1402 1403/1403/1403
f 1399/1399/1399 1403/1403/1403 1404/1404/1404
f 1399/1399/1399 1404/1404/1404 716/716/716
f 1399/1399/1399 716/716/716 715/715/715
f 1405/1405/1405 722/722/722 716/716/716
f 1405/1405/1405 716/716/716 1404/1404/1404
f 1405/1405/1405 1404/1404/1404 1403/1403/1403
f 1405/1405/1405 1403/1403/1403 1406/1406/1406
f 1405/1405/1405 1406/1406/1406 789/789/789
f 1405/1405/1405 789/789/789 1407/1407/1407
f 1405/1405/1405 1407/1407/1407 723/723/723
f 1405/1405/1405 723/723/723 722/722/722
f 1408/1408/1408 1402/1402/1402 1401/1401/1401
f 1408/1408/1408 1401/1401/1401 1409/1409/1409
f 1408/1408/1408 1409/1409/1409 1410/1410/1410
f 1408/1408/1408 1410/1410/1410 1411/1411/1411
f 1408/1408/1408 1411/1411/1411 1412/1412/1412
f 1408/1408/1408 1412/1412/1412 1413/1413/1413
f 1408/1408/1408 1413/1413/1413 1403/1403/1403
f 1408/1408/1408 1403/1403/1403 1402/1402/1402
f 1414/1414/1414 1406/1406/1406 1403/1403/1403
f 1414/1414/1414 1403/1403/1403 1413/1413/1413
f 1414/1414/1414 1413/1413/1413 1412/1412/1412
f 1414/1414/1414 1412/1412/1412 1415/1415/1415
f 1414/1414/1414 1415/1415/1415 798/798/798
f 1414/1414/1414 798/798/798 1416/1416/1416
f 1414/1414/1414 1416/1416/1416 789/789/789
f 1414/1414/1414 789/789/789 1406/1406/1406
