# Generated by lxe_pbrt_scene_convert
v -0.742244005 0.465214014 1.62582695
v -1.00981104 0.453583002 1.62115705
v -1.01116002 0.449667007 1.62223196
v -0.743492007 0.461122006 1.62696302
v -1.01667202 0.453285009 1.62103701
v -1.01802301 0.449373007 1.62211001
v -0.712285995 0.563421011 1.59856999
v -0.977446973 0.547568977 1.59536195
v -0.984246016 0.54716301 1.59528005
v -0.707017004 0.909636021 1.44588494
v -0.528149009 0.98723799 1.40002596
v -0.52749002 0.988490999 1.39929199
v -0.704105973 0.911166012 1.44512296
v -0.711603999 0.907647014 1.44706094
v -0.708634019 0.909183979 1.446298
v -0.671805978 0.678830981 1.55517101
v -0.943714023 0.650397003 1.55964506
v -0.950685978 0.649667978 1.55975997
v -0.917262971 0.742536008 1.52417898
v -0.625111997 0.796341002 1.50602698
v -0.571448982 0.904990971 1.44824302
v -0.898203015 0.809176028 1.49588895
v -0.924754024 0.741155982 1.52464497
v -0.906581998 0.806719005 1.49711001
v -0.943714023 0.650397003 1.55964506
v -0.671805978 0.678830981 1.55517101
v -0.950685978 0.649667978 1.55975997
v 0.680694997 0.521825016 1.61914206
v 0.679621994 0.51799798 1.62038803
v 0.968375981 0.526844978 1.61407495
v 0.969550014 0.530393004 1.61301601
v 0.706434011 0.613678992 1.58923399
v 0.997712016 0.615531981 1.58759904
v 0.978848994 0.527166009 1.61384594
v 0.980026007 0.530703008 1.61279404
v 1.00827599 0.615598977 1.58753896
v -0.220390007 0.487399012 1.62503803
v -0.196456999 0.587473989 1.59518898
v -0.483334988 0.573985994 1.59633195
v -0.514243007 0.475347012 1.62572706
v -0.221387997 0.483229011 1.62628102
v -0.51552999 0.471237004 1.62695205
v 0.403064996 0.513230979 1.62021101
v 0.401733994 0.509334028 1.62141502
v 0.679621994 0.51799798 1.62038803
v 0.680694997 0.521825016 1.61914206
v 0.435005993 0.606770992 1.59131503
v 0.706434011 0.613678992 1.58923399
v -0.742244005 0.465214014 1.62582695
v -0.743492007 0.461122006 1.62696302
v -0.712285995 0.563421011 1.59856999
v -0.220390007 0.487399012 1.62503803
v -0.221387997 0.483229011 1.62628102
v 0.0837230012 0.49694401 1.62304103
v 0.0848430023 0.501028001 1.62190199
v -0.196456999 0.587473989 1.59518898
v 0.111726999 0.599039018 1.59457302
v 0.0848430023 0.501028001 1.62190199
v 0.0837230012 0.49694401 1.62304103
v 0.401733994 0.509334028 1.62141502
v 0.403064996 0.513230979 1.62021101
v 0.111726999 0.599039018 1.59457302
v 0.435005993 0.606770992 1.59131503
v 1.19728601 1.183586 1.23020697
v 1.19797599 1.18578696 1.22829294
v 1.18774998 1.186463 1.22817004
v 1.18705595 1.18426299 1.23008096
v 0.905803978 1.20512199 1.22476101
v 0.904981971 1.20292997 1.226601
v -0.279974014 1.08217204 1.33815098
v -0.279157013 1.083956 1.33697796
v -0.52749002 0.988490999 1.39929199
v -0.528149009 0.98723799 1.40002596
v -0.0601910017 1.14483297 1.296736
v -0.0597329997 1.14687002 1.29532003
v -0.0597329997 1.14687002 1.29532003
v -0.0601910017 1.14483297 1.296736
v 0.292100996 1.19281101 1.25025403
v 0.292784989 1.19507003 1.24849904
v 0.292784989 1.19507003 1.24849904
v 0.292100996 1.19281101 1.25025403
v 0.644236028 1.20653796 1.23026204
v 0.645080984 1.20873106 1.22845399
v 0.645080984 1.20873106 1.22845399
v 0.644236028 1.20653796 1.23026204
v 0.904981971 1.20292997 1.226601
v 0.905803978 1.20512199 1.22476101
v 1.05447102 0.75483799 1.53368604
v 1.04394996 0.755110979 1.533548
v 0.753886998 0.762645006 1.52973199
v 1.09007204 0.89348501 1.45236897
v 1.10050595 0.892904997 1.45235705
v 1.15199697 1.03910804 1.35589099
v 1.14146304 1.03980303 1.35559404
v 0.802380979 0.909461021 1.45269299
v 0.851033986 1.05895495 1.34742105
v 1.04394996 0.755110979 1.533548
v 1.05447102 0.75483799 1.53368604
v 0.753886998 0.762645006 1.52973199
v -0.432622999 0.705476999 1.55012798
v -0.671805978 0.678830981 1.55517101
v -0.196456999 0.587473989 1.59518898
v -0.163962007 0.727428973 1.54403901
v -0.196456999 0.587473989 1.59518898
v 0.111726999 0.599039018 1.59457302
v 0.155862004 0.748974025 1.53553998
v -0.163962007 0.727428973 1.54403901
v 0.484667987 0.759232998 1.52765
v 0.155862004 0.748974025 1.53553998
v 0.111726999 0.599039018 1.59457302
v 0.435005993 0.606770992 1.59131503
v 0.753886998 0.762645006 1.52973199
v 0.484667987 0.759232998 1.52765
v -0.625111997 0.796341002 1.50602698
v -0.386278987 0.834370971 1.48968601
v -0.333669007 0.964969993 1.41516399
v -0.571448982 0.904990971 1.44824302
v -0.671805978 0.678830981 1.55517101
v -0.432622999 0.705476999 1.55012798
v -0.127533004 0.86976397 1.47574496
v -0.0902569965 1.01102495 1.38969004
v -0.163962007 0.727428973 1.54403901
v 0.202387005 0.90001303 1.45761299
v -0.127533004 0.86976397 1.47574496
v -0.163962007 0.727428973 1.54403901
v 0.155862004 0.748974025 1.53553998
v 0.247177005 1.04450405 1.36554301
v -0.0902569965 1.01102495 1.38969004
v 0.533478975 0.909025013 1.45431101
v 0.202387005 0.90001303 1.45761299
v 0.155862004 0.748974025 1.53553998
v 0.484667987 0.759232998 1.52765
v 0.588764012 1.062549 1.348997
v 0.247177005 1.04450405 1.36554301
v 0.802380979 0.909461021 1.45269299
v 0.533478975 0.909025013 1.45431101
v 0.484667987 0.759232998 1.52765
v 0.753886998 0.762645006 1.52973199
v 0.851033986 1.05895495 1.34742105
v 0.588764012 1.062549 1.348997
v -1.01119101 0.447104007 1.61680698
v -1.00984299 0.451020002 1.61573195
v -0.742275 0.462651014 1.62040305
v -0.743523002 0.458559006 1.62153804
v -1.01805401 0.446810007 1.61668503
v -1.01670301 0.450720996 1.61561203
v -1.00984299 0.451020002 1.61573195
v -1.01119101 0.447104007 1.61680698
v -0.71231699 0.560858011 1.59314501
v -0.742275 0.462651014 1.62040305
v -1.00984299 0.451020002 1.61573195
v -0.977478027 0.545005977 1.58993697
v -0.977478027 0.545005977 1.58993697
v -1.01670301 0.450720996 1.61561203
v -0.98427701 0.54460001 1.58985496
v -0.527521014 0.985927999 1.39386702
v -0.528181016 0.98467499 1.39460194
v -0.707047999 0.907073021 1.44045997
v -0.704137027 0.908603013 1.43969798
v -0.704137027 0.908603013 1.43969798
v -0.707047999 0.907073021 1.44045997
v -0.711634994 0.905083001 1.44163597
v -0.708665013 0.906620026 1.44087398
v -0.671836972 0.676267028 1.54974604
v -0.71231699 0.560858011 1.59314501
v -0.977478027 0.545005977 1.58993697
v -0.943745017 0.647834003 1.55421996
v -0.943745017 0.647834003 1.55421996
v -0.98427701 0.54460001 1.58985496
v -0.950716972 0.647104979 1.554335
v -0.571479976 0.902427018 1.442819
v -0.625142992 0.793778002 1.50060201
v -0.917294979 0.739973009 1.51875496
v -0.898235023 0.806613028 1.49046397
v -0.898235023 0.806613028 1.49046397
v -0.917294979 0.739973009 1.51875496
v -0.924785972 0.738592982 1.51921999
v -0.906612992 0.804156005 1.49168599
v -0.625142992 0.793778002 1.50060201
v -0.671836972 0.676267028 1.54974604
v -0.943745017 0.647834003 1.55421996
v -0.917294979 0.739973009 1.51875496
v -0.943745017 0.647834003 1.55421996
v -0.950716972 0.647104979 1.554335
v -0.924785972 0.738592982 1.51921999
v 0.968344986 0.524281979 1.60865104
v 0.679591 0.51543498 1.61496305
v 0.680664003 0.519262016 1.61371696
v 0.969519019 0.527828991 1.60759199
v 0.969519019 0.527828991 1.60759199
v 0.680664003 0.519262016 1.61371696
v 0.706403017 0.611115992 1.58380902
v 0.997681022 0.612968028 1.58217394
v 0.978817999 0.524603009 1.60842204
v 0.968344986 0.524281979 1.60865104
v 0.969519019 0.527828991 1.60759199
v 0.979995012 0.528140008 1.60736895
v 0.979995012 0.528140008 1.60736895
v 0.997681022 0.612968028 1.58217394
v 1.00824499 0.613035977 1.58211505
v -0.483366996 0.571422994 1.59090698
v -0.196487993 0.584910989 1.589764
v -0.220422 0.484834999 1.61961305
v -0.514274001 0.472784013 1.62030196
v -0.514274001 0.472784013 1.62030196
v -0.220422 0.484834999 1.61961305
v -0.221419007 0.480666012 1.620857
v -0.515561998 0.468674004 1.62152696
v 0.679591 0.51543498 1.61496305
v 0.401703 0.506771028 1.615991
v 0.403034002 0.51066798 1.61478698
v 0.680664003 0.519262016 1.61371696
v 0.680664003 0.519262016 1.61371696
v 0.403034002 0.51066798 1.61478698
v 0.434974998 0.604206979 1.58589101
v 0.706403017 0.611115992 1.58380902
v -0.515561998 0.468674004 1.62152696
v -0.743523002 0.458559006 1.62153804
v -0.742275 0.462651014 1.62040305
v -0.514274001 0.472784013 1.62030196
v -0.742275 0.462651014 1.62040305
v -0.71231699 0.560858011 1.59314501
v -0.483366996 0.571422994 1.59090698
v 0.0836919993 0.494381011 1.61761606
v -0.221419007 0.480666012 1.620857
v -0.220422 0.484834999 1.61961305
v 0.0848120004 0.498463988 1.61647797
v 0.0848120004 0.498463988 1.61647797
v -0.220422 0.484834999 1.61961305
v -0.196487993 0.584910989 1.589764
v 0.111694999 0.596476018 1.58914804
v 0.401703 0.506771028 1.615991
v 0.0836919993 0.494381011 1.61761606
v 0.0848120004 0.498463988 1.61647797
v 0.403034002 0.51066798 1.61478698
v 0.0848120004 0.498463988 1.61647797
v 0.111694999 0.596476018 1.58914804
v 1.18771899 1.1839 1.22274494
v 1.197945 1.18322301 1.22286797
v 1.19725502 1.181023 1.22478199
v 1.18702495 1.18169999 1.22465599
v 0.905771971 1.20255899 1.21933603
v 1.18771899 1.1839 1.22274494
v 1.18702495 1.18169999 1.22465599
v 0.904950976 1.20036602 1.22117603
v -0.527521014 0.985927999 1.39386702
v -0.279188007 1.081393 1.33155406
v -0.280005991 1.07960796 1.332726
v -0.528181016 0.98467499 1.39460194
v -0.279188007 1.081393 1.33155406
v -0.0597640015 1.14430702 1.28989506
v -0.0602219999 1.14226997 1.29131103
v -0.280005991 1.07960796 1.332726
v 0.292068988 1.19024801 1.24483001
v -0.0602219999 1.14226997 1.29131103
v -0.0597640015 1.14430702 1.28989506
v 0.292753994 1.19250596 1.24307406
v 0.644204974 1.20397496 1.22483695
v 0.292068988 1.19024801 1.24483001
v 0.292753994 1.19250596 1.24307406
v 0.645048976 1.20616698 1.22302902
v 0.904950976 1.20036602 1.22117603
v 0.644204974 1.20397496 1.22483695
v 0.645048976 1.20616698 1.22302902
v 0.905771971 1.20255899 1.21933603
v 1.05444002 0.75227499 1.52826202
v 0.997681022 0.612968028 1.58217394
v 1.04391897 0.752547979 1.52812302
v 1.04391897 0.752547979 1.52812302
v 0.706403017 0.611115992 1.58380902
v 0.753856003 0.760080993 1.52430701
v 1.15196502 1.03654504 1.35046601
v 1.10047495 0.890341997 1.44693196
v 1.09003997 0.890920997 1.446944
v 1.14143205 1.03723896 1.35016894
v 1.14143205 1.03723896 1.35016894
v 1.09003997 0.890920997 1.446944
v 0.802349985 0.906898022 1.44726896
v 0.851002991 1.05639195 1.34199595
v 1.10047495 0.890341997 1.44693196
v 1.05444002 0.75227499 1.52826202
v 1.04391897 0.752547979 1.52812302
v 1.09003997 0.890920997 1.446944
v 1.04391897 0.752547979 1.52812302
v 0.753856003 0.760080993 1.52430701
v 0.802349985 0.906898022 1.44726896
v -0.432653993 0.702914 1.54470301
v -0.71231699 0.560858011 1.59314501
v -0.671836972 0.676267028 1.54974604
v -0.163993001 0.724865019 1.53861499
v -0.196487993 0.584910989 1.589764
v -0.483366996 0.571422994 1.59090698
v -0.432653993 0.702914 1.54470301
v 0.155830994 0.746411026 1.53011501
v 0.111694999 0.596476018 1.58914804
v -0.196487993 0.584910989 1.589764
v -0.163993001 0.724865019 1.53861499
v 0.111694999 0.596476018 1.58914804
v 0.155830994 0.746411026 1.53011501
v 0.484636992 0.756669998 1.52222502
v 0.434974998 0.604206979 1.58589101
v 0.434974998 0.604206979 1.58589101
v 0.484636992 0.756669998 1.52222502
v 0.753856003 0.760080993 1.52430701
v -0.333700001 0.962406993 1.40973902
v -0.386310011 0.831807971 1.48426104
v -0.625142992 0.793778002 1.50060201
v -0.571479976 0.902427018 1.442819
v -0.386310011 0.831807971 1.48426104
v -0.432653993 0.702914 1.54470301
v -0.671836972 0.676267028 1.54974604
v -0.625142992 0.793778002 1.50060201
v -0.0902879983 1.00846195 1.38426495
v -0.127564996 0.867200971 1.47031999
v -0.386310011 0.831807971 1.48426104
v -0.333700001 0.962406993 1.40973902
v -0.127564996 0.867200971 1.47031999
v -0.163993001 0.724865019 1.53861499
v -0.432653993 0.702914 1.54470301
v -0.163993001 0.724865019 1.53861499
v -0.127564996 0.867200971 1.47031999
v 0.202355996 0.89744997 1.45218897
v 0.155830994 0.746411026 1.53011501
v -0.127564996 0.867200971 1.47031999
v -0.0902879983 1.00846195 1.38426495
v 0.247145995 1.04193997 1.36011803
v 0.202355996 0.89744997 1.45218897
v 0.155830994 0.746411026 1.53011501
v 0.202355996 0.89744997 1.45218897
v 0.533447981 0.906462014 1.44888604
v 0.484636992 0.756669998 1.52222502
v 0.202355996 0.89744997 1.45218897
v 0.247145995 1.04193997 1.36011803
v 0.588733017 1.059986 1.34357202
v 0.533447981 0.906462014 1.44888604
v 0.484636992 0.756669998 1.52222502
v 0.533447981 0.906462014 1.44888604
v 0.802349985 0.906898022 1.44726896
v 0.753856003 0.760080993 1.52430701
v 0.533447981 0.906462014 1.44888604
v 0.588733017 1.059986 1.34357202
v 0.851002991 1.05639195 1.34199595
v 0.802349985 0.906898022 1.44726896
v -0.27916199 1.08350801 1.33602905
v -0.52749598 0.988041997 1.39834297
v -0.52749002 0.988490999 1.39929199
v 0.905803978 1.20512199 1.22476101
v 0.905798018 1.20467401 1.22381103
v 0.645075023 1.20828199 1.22750401
v 0.645080984 1.20873106 1.22845399
v 0.645075023 1.20828199 1.22750401
v 0.292778999 1.19462097 1.24754906
v 0.292784989 1.19507003 1.24849904
v 0.292778999 1.19462097 1.24754906
v -0.059737999 1.14642203 1.29437101
v -0.221393004 0.48278001 1.625332
v 0.0837180018 0.496495008 1.62209201
v 0.0837230012 0.49694401 1.62304103
v 0.0837180018 0.496495008 1.62209201
v 0.401728988 0.508885026 1.62046599
v 0.401733994 0.509334028 1.62141502
v -0.059737999 1.14642203 1.29437101
v -0.27916199 1.08350801 1.33602905
v -0.279157013 1.083956 1.33697796
v 0.401728988 0.508885026 1.62046599
v 0.679616988 0.517548978 1.61943901
v 0.679621994 0.51799798 1.62038803
v 1.05446506 0.754388988 1.53273702
v 1.10050094 0.892455995 1.45140803
v 1.10050595 0.892904997 1.45235705
v 1.10050094 0.892455995 1.45140803
v 1.15199101 1.03865898 1.35494101
v 1.15199697 1.03910804 1.35589099
v -0.743497014 0.460673004 1.62601399
v -0.51553601 0.470788002 1.62600195
v -0.51552999 0.471237004 1.62695205
v -0.51552999 0.471237004 1.62695205
v -0.51553601 0.470788002 1.62600195
v -0.221393004 0.48278001 1.625332
v -0.924754024 0.741155982 1.52464497
v -0.924759984 0.740707994 1.52369499
v -0.950690985 0.64921999 1.55881
v 1.00827098 0.615149975 1.58659005
v 1.05446506 0.754388988 1.53273702
v 1.05447102 0.75483799 1.53368604
v -0.950685978 0.649667978 1.55975997
v -0.950690985 0.64921999 1.55881
v -0.984251022 0.546714008 1.59432995
v -0.906581998 0.806719005 1.49711001
v -0.906587005 0.806270003 1.49616098
v -0.924759984 0.740707994 1.52369499
v 0.968370974 0.52639699 1.61312604
v 0.978843987 0.526717007 1.61289704
v 0.978848994 0.527166009 1.61384594
v 0.679616988 0.517548978 1.61943901
v 0.968370974 0.52639699 1.61312604
v 0.968375981 0.526844978 1.61407495
v 1.18774498 1.18601501 1.22722006
v 0.905798018 1.20467401 1.22381103
v 0.905803978 1.20512199 1.22476101
v 1.19797099 1.18533802 1.22734404
v 1.18774498 1.18601501 1.22722006
v 1.18774998 1.186463 1.22817004
v 1.19728601 1.183586 1.23020697
v 1.197281 1.18313801 1.22925794
v 1.19797099 1.18533802 1.22734404
v 1.19797599 1.18578696 1.22829294
v -0.708634019 0.909183979 1.446298
v -0.708639979 0.908734977 1.44534898
v -0.711609006 0.907198012 1.44611096
v -1.01667702 0.452836007 1.62008798
v -1.01802897 0.448924005 1.62116098
v -1.01802301 0.449373007 1.62211001
v -0.984246016 0.54716301 1.59528005
v -0.984251022 0.546714008 1.59432995
v -1.01667702 0.452836007 1.62008798
v 0.978848994 0.527166009 1.61384594
v 0.978843987 0.526717007 1.61289704
v 0.980021 0.53025502 1.61184502
v 0.980026007 0.530703008 1.61279404
v 1.00827098 0.615149975 1.58659005
v 1.00827599 0.615598977 1.58753896
v -1.01802301 0.449373007 1.62211001
v -1.01802897 0.448924005 1.62116098
v -1.01116502 0.449218005 1.62128198
v -1.01116002 0.449667007 1.62223196
v -0.743497014 0.460673004 1.62601399
v -0.743492007 0.461122006 1.62696302
v -0.52749002 0.988490999 1.39929199
v -0.52749598 0.988041997 1.39834297
v -0.70411098 0.910718024 1.44417405
v -0.704105973 0.911166012 1.44512296
v -0.708639979 0.908734977 1.44534898
v -0.708634019 0.909183979 1.446298
v -0.279181987 1.08187902 1.33258295
v -0.527514994 0.986414015 1.39489698
v -0.279188007 1.081393 1.33155406
v -0.527521014 0.985927999 1.39386702
v 0.905777991 1.20304501 1.22036505
v 0.645054996 1.20665395 1.22405803
v 0.905771971 1.20255899 1.21933603
v 0.645054996 1.20665395 1.22405803
v 0.292760015 1.19299304 1.24410295
v 0.292760015 1.19299304 1.24410295
v -0.0597580001 1.14479399 1.29092503
v -0.221413001 0.481151998 1.62188601
v 0.083697997 0.494866997 1.61864603
v -0.221419007 0.480666012 1.620857
v 0.0836919993 0.494381011 1.61761606
v 0.083697997 0.494866997 1.61864603
v 0.40170899 0.507256985 1.61702001
v 0.0836919993 0.494381011 1.61761606
v 0.401703 0.506771028 1.615991
v -0.0597580001 1.14479399 1.29092503
v -0.279181987 1.08187902 1.33258295
v -0.0597640015 1.14430702 1.28989506
v -0.279188007 1.081393 1.33155406
v 0.40170899 0.507256985 1.61702001
v 0.67959702 0.515920997 1.61599302
v 0.401703 0.506771028 1.615991
v 0.679591 0.51543498 1.61496305
v 1.05444598 0.752761006 1.52929103
v 1.10048103 0.890828013 1.44796097
v 1.05444002 0.75227499 1.52826202
v 1.10047495 0.890341997 1.44693196
v 1.10048103 0.890828013 1.44796097
v 1.15197098 1.03703105 1.35149503
v 1.10047495 0.890341997 1.44693196
v 1.15196502 1.03654504 1.35046601
v -0.743516982 0.459044993 1.62256801
v -0.515555978 0.469159991 1.62255597
v -0.743523002 0.458559006 1.62153804
v -0.515561998 0.468674004 1.62152696
v -0.515555978 0.469159991 1.62255597
v -0.221413001 0.481151998 1.62188601
v -0.221419007 0.480666012 1.620857
v -0.924780011 0.739078999 1.52024901
v -0.950711012 0.647590995 1.55536401
v -0.924785972 0.738592982 1.51921999
v -0.950716972 0.647104979 1.554335
v 1.00825095 0.613521993 1.58314395
v 1.05444598 0.752761006 1.52929103
v 1.00824499 0.613035977 1.58211505
v 1.05444002 0.75227499 1.52826202
v -0.950711012 0.647590995 1.55536401
v -0.98427099 0.545086026 1.59088397
v -0.950716972 0.647104979 1.554335
v -0.98427701 0.54460001 1.58985496
v -0.906606972 0.804642022 1.492715
v -0.924780011 0.739078999 1.52024901
v -0.906612992 0.804156005 1.49168599
v -0.924785972 0.738592982 1.51921999
v 0.968351007 0.524767995 1.60968006
v 0.978824019 0.525089025 1.60945106
v 0.968344986 0.524281979 1.60865104
v 0.978817999 0.524603009 1.60842204
v 0.67959702 0.515920997 1.61599302
v 0.968351007 0.524767995 1.60968006
v 0.679591 0.51543498 1.61496305
v 0.968344986 0.524281979 1.60865104
v 1.18772495 1.18438601 1.22377396
v 0.905777991 1.20304501 1.22036505
v 1.18771899 1.1839 1.22274494
v 0.905771971 1.20255899 1.21933603
v 1.19795096 1.18370998 1.22389805
v 1.18772495 1.18438601 1.22377396
v 1.197945 1.18322301 1.22286797
v 1.18771899 1.1839 1.22274494
v 1.19726098 1.18150997 1.22581196
v 1.19795096 1.18370998 1.22389805
v 1.197945 1.18322301 1.22286797
v -0.708660007 0.907106996 1.441903
v -0.711628973 0.905569971 1.44266498
v -0.708665013 0.906620026 1.44087398
v -0.711634994 0.905083001 1.44163597
v -1.01669705 0.451207995 1.616642
v -1.01804805 0.447295994 1.617715
v -1.01670301 0.450720996 1.61561203
v -1.01805401 0.446810007 1.61668503
v -0.98427099 0.545086026 1.59088397
v -1.01669705 0.451207995 1.616642
v -0.98427701 0.54460001 1.58985496
v -1.01670301 0.450720996 1.61561203
v 0.978824019 0.525089025 1.60945106
v 0.980000973 0.528626025 1.60839903
v 0.978817999 0.524603009 1.60842204
v 1.00825095 0.613521993 1.58314395
v -1.01804805 0.447295994 1.617715
v -1.01118505 0.447589993 1.617836
v -1.01805401 0.446810007 1.61668503
v -0.743516982 0.459044993 1.62256801
v -0.527514994 0.986414015 1.39489698
v -0.704131007 0.909089029 1.44072795
v -0.527521014 0.985927999 1.39386702
v -0.708660007 0.907106996 1.441903
v -0.571448982 0.904990971 1.44824302
v -0.549799025 0.946115017 1.42413497
v -0.80260998 0.859405994 1.47088695
v -0.898203015 0.809176028 1.49588895
v -0.809092999 0.85718298 1.472085
v -0.906581998 0.806719005 1.49711001
v 1.15199697 1.03910804 1.35589099
v 1.17464197 1.11134696 1.29304898
v 1.16425896 1.11203301 1.29283798
v 1.14146304 1.03980303 1.35559404
v 0.878008008 1.13094199 1.28701103
v 0.851033986 1.05895495 1.34742105
v -0.333669007 0.964969993 1.41516399
v -0.306820989 1.02357101 1.37665796
v -0.549799025 0.946115017 1.42413497
v -0.571448982 0.904990971 1.44824302
v -0.0902569965 1.01102495 1.38969004
v -0.0752239972 1.07792902 1.34321296
v -0.0752239972 1.07792902 1.34321296
v 0.269638985 1.11865699 1.307899
v -0.0902569965 1.01102495 1.38969004
v 0.247177005 1.04450405 1.36554301
v 0.269638985 1.11865699 1.307899
v 0.61650002 1.13454294 1.28962898
v 0.247177005 1.04450405 1.36554301
v 0.588764012 1.062549 1.348997
v 0.61650002 1.13454294 1.28962898
v 0.878008008 1.13094199 1.28701103
v 0.588764012 1.062549 1.348997
v 0.851033986 1.05895495 1.34742105
v -0.528181016 0.98467499 1.39460194
v -0.549830019 0.943551004 1.41870999
v -0.802641988 0.856842995 1.46546197
v -0.571479976 0.902427018 1.442819
v -0.898235023 0.806613028 1.49046397
v -0.707047999 0.907073021 1.44045997
v -0.802641988 0.856842995 1.46546197
v -0.809123993 0.85461998 1.46666098
v -0.711634994 0.905083001 1.44163597
v -0.898235023 0.806613028 1.49046397
v -0.906612992 0.804156005 1.49168599
v 1.19725502 1.181023 1.22478199
v 1.17461002 1.10878396 1.287624
v 1.16422796 1.10947001 1.287413
v 1.18702495 1.18169999 1.22465599
v 1.14143205 1.03723896 1.35016894
v 1.16422796 1.10947001 1.287413
v 0.877977014 1.12837899 1.28158605
v 0.904950976 1.20036602 1.22117603
v 0.851002991 1.05639195 1.34199595
v -0.306852996 1.02100801 1.37123299
v -0.549830019 0.943551004 1.41870999
v -0.528181016 0.98467499 1.39460194
v -0.571479976 0.902427018 1.442819
v -0.0602219999 1.14226997 1.29131103
v -0.0752549991 1.07536602 1.33778799
v -0.306852996 1.02100801 1.37123299
v -0.280005991 1.07960796 1.332726
v -0.0902879983 1.00846195 1.38426495
v -0.333700001 0.962406993 1.40973902
v -0.0902879983 1.00846195 1.38426495
v -0.0752549991 1.07536602 1.33778799
v 0.269607991 1.11609399 1.30247402
v -0.0602219999 1.14226997 1.29131103
v 0.292068988 1.19024801 1.24483001
v 0.247145995 1.04193997 1.36011803
v 0.269607991 1.11609399 1.30247402
v 0.616469026 1.13197994 1.28420401
v 0.292068988 1.19024801 1.24483001
v 0.644204974 1.20397496 1.22483695
v 0.588733017 1.059986 1.34357202
v 0.616469026 1.13197994 1.28420401
v 0.877977014 1.12837899 1.28158605
v 0.644204974 1.20397496 1.22483695
v 0.904950976 1.20036602 1.22117603
v 1.15199101 1.03865898 1.35494101
v 1.17463601 1.11089897 1.292099
v 1.15199697 1.03910804 1.35589099
v 1.197281 1.18313801 1.22925794
v 1.19728601 1.183586 1.23020697
v -0.711609006 0.907198012 1.44611096
v -0.809098005 0.856733978 1.47113597
v -0.809092999 0.85718298 1.472085
v -0.711603999 0.907647014 1.44706094
v -0.906587005 0.806270003 1.49616098
v 1.15197098 1.03703105 1.35149503
v 1.17461598 1.10926998 1.28865302
v 1.19726098 1.18150997 1.22581196
v 1.17461002 1.10878396 1.287624
v 1.19725502 1.181023 1.22478199
v -0.711628973 0.905569971 1.44266498
v -0.809117973 0.855105996 1.46768999
v -0.906606972 0.804642022 1.492715
v -0.711634994 0.905083001 1.44163597
v -0.906612992 0.804156005 1.49168599
v -0.742244005 0.465214014 -1.62582695
v -0.743492007 0.461122006 -1.62696302
v -1.01116002 0.449667007 -1.62223196
v -1.00981104 0.453583002 -1.62115705
v -1.01802301 0.449373007 -1.62211001
v -1.01667202 0.453285009 -1.62103701
v -0.977446973 0.547568977 -1.59536195
v -0.712285995 0.563421011 -1.59856999
v -0.984246016 0.54716301 -1.59528005
v -0.707017004 0.909636021 -1.44588494
v -0.704105973 0.911166012 -1.44512296
v -0.52749002 0.988490999 -1.39929199
v -0.528149009 0.98723799 -1.40002596
v -0.711603999 0.907647014 -1.44706094
v -0.708634019 0.909183979 -1.446298
v -0.943714023 0.650397003 -1.55964506
v -0.671805978 0.678830981 -1.55517101
v -0.950685978 0.649667978 -1.55975997
v -0.917262971 0.742536008 -1.52417898
v -0.898203015 0.809176028 -1.49588895
v -0.571448982 0.904990971 -1.44824302
v -0.625111997 0.796341002 -1.50602698
v -0.924754024 0.741155982 -1.52464497
v -0.906581998 0.806719005 -1.49711001
v -0.943714023 0.650397003 -1.55964506
v -0.671805978 0.678830981 -1.55517101
v -0.950685978 0.649667978 -1.55975997
v 0.680694997 0.521825016 -1.61914206
v 0.969550014 0.530393004 -1.61301601
v 0.968375981 0.526844978 -1.61407495
v 0.679621994 0.51799798 -1.62038803
v 0.706434011 0.613678992 -1.58923399
v 0.997712016 0.615531981 -1.58759904
v 0.980026007 0.530703008 -1.61279404
v 0.978848994 0.527166009 -1.61384594
v 1.00827599 0.615598977 -1.58753896
v -0.220390007 0.487399012 -1.62503803
v -0.514243007 0.475347012 -1.62572706
v -0.483334988 0.573985994 -1.59633195
v -0.196456999 0.587473989 -1.59518898
v -0.221387997 0.483229011 -1.62628102
v -0.51552999 0.471237004 -1.62695205
v 0.403064996 0.513230979 -1.62021101
v 0.680694997 0.521825016 -1.61914206
v 0.679621994 0.51799798 -1.62038803
v 0.401733994 0.509334028 -1.62141502
v 0.435005993 0.606770992 -1.59131503
v 0.706434011 0.613678992 -1.58923399
v -0.742244005 0.465214014 -1.62582695
v -0.743492007 0.461122006 -1.62696302
v -0.712285995 0.563421011 -1.59856999
v -0.220390007 0.487399012 -1.62503803
v 0.0848430023 0.501028001 -1.62190199
v 0.0837230012 0.49694401 -1.62304103
v -0.221387997 0.483229011 -1.62628102
v -0.196456999 0.587473989 -1.59518898
v 0.111726999 0.599039018 -1.59457302
v 0.0848430023 0.501028001 -1.62190199
v 0.403064996 0.513230979 -1.62021101
v 0.401733994 0.509334028 -1.62141502
v 0.0837230012 0.49694401 -1.62304103
v 0.111726999 0.599039018 -1.59457302
v 0.435005993 0.606770992 -1.59131503
v 1.19728601 1.183586 -1.23020697
v 1.18705595 1.18426299 -1.23008096
v 1.18774998 1.186463 -1.22817004
v 1.19797599 1.18578696 -1.22829294
v 0.904981971 1.20292997 -1.226601
v 0.905803978 1.20512199 -1.22476101
v -0.279974014 1.08217204 -1.33815098
v -0.528149009 0.98723799 -1.40002596
v -0.52749002 0.988490999 -1.39929199
v -0.279157013 1.083956 -1.33697796
v -0.0601910017 1.14483297 -1.296736
v -0.0597329997 1.14687002 -1.29532003
v -0.0597329997 1.14687002 -1.29532003
v 0.292784989 1.19507003 -1.24849904
v 0.292100996 1.19281101 -1.25025403
v -0.0601910017 1.14483297 -1.296736
v 0.292784989 1.19507003 -1.24849904
v 0.645080984 1.20873106 -1.22845399
v 0.644236028 1.20653796 -1.23026204
v 0.292100996 1.19281101 -1.25025403
v 0.645080984 1.20873106 -1.22845399
v 0.905803978 1.20512199 -1.22476101
v 0.904981971 1.20292997 -1.226601
v 0.644236028 1.20653796 -1.23026204
v 1.04394996 0.755110979 -1.533548
v 1.05447102 0.75483799 -1.53368604
v 0.753886998 0.762645006 -1.52973199
v 1.09007204 0.89348501 -1.45236897
v 1.14146304 1.03980303 -1.35559404
v 1.15199697 1.03910804 -1.35589099
v 1.10050595 0.892904997 -1.45235705
v 0.802380979 0.909461021 -1.45269299
v 0.851033986 1.05895495 -1.34742105
v 1.04394996 0.755110979 -1.533548
v 1.05447102 0.75483799 -1.53368604
v 0.753886998 0.762645006 -1.52973199
v -0.671805978 0.678830981 -1.55517101
v -0.432622999 0.705476999 -1.55012798
v -0.163962007 0.727428973 -1.54403901
v -0.196456999 0.587473989 -1.59518898
v -0.196456999 0.587473989 -1.59518898
v -0.163962007 0.727428973 -1.54403901
v 0.155862004 0.748974025 -1.53553998
v 0.111726999 0.599039018 -1.59457302
v 0.484667987 0.759232998 -1.52765
v 0.435005993 0.606770992 -1.59131503
v 0.111726999 0.599039018 -1.59457302
v 0.155862004 0.748974025 -1.53553998
v 0.753886998 0.762645006 -1.52973199
v 0.484667987 0.759232998 -1.52765
v -0.625111997 0.796341002 -1.50602698
v -0.571448982 0.904990971 -1.44824302
v -0.333669007 0.964969993 -1.41516399
v -0.386278987 0.834370971 -1.48968601
v -0.671805978 0.678830981 -1.55517101
v -0.432622999 0.705476999 -1.55012798
v -0.0902569965 1.01102495 -1.38969004
v -0.127533004 0.86976397 -1.47574496
v -0.163962007 0.727428973 -1.54403901
v 0.202387005 0.90001303 -1.45761299
v 0.155862004 0.748974025 -1.53553998
v -0.163962007 0.727428973 -1.54403901
v -0.127533004 0.86976397 -1.47574496
v 0.247177005 1.04450405 -1.36554301
v -0.0902569965 1.01102495 -1.38969004
v 0.533478975 0.909025013 -1.45431101
v 0.484667987 0.759232998 -1.52765
v 0.155862004 0.748974025 -1.53553998
v 0.202387005 0.90001303 -1.45761299
v 0.588764012 1.062549 -1.348997
v 0.247177005 1.04450405 -1.36554301
v 0.802380979 0.909461021 -1.45269299
v 0.753886998 0.762645006 -1.52973199
v 0.484667987 0.759232998 -1.52765
v 0.533478975 0.909025013 -1.45431101
v 0.851033986 1.05895495 -1.34742105
v 0.588764012 1.062549 -1.348997
v -1.01119101 0.447104007 -1.61680698
v -0.743523002 0.458559006 -1.62153804
v -0.742275 0.462651014 -1.62040305
v -1.00984299 0.451020002 -1.61573195
v -1.01805401 0.446810007 -1.61668503
v -1.01119101 0.447104007 -1.61680698
v -1.00984299 0.451020002 -1.61573195
v -1.01670301 0.450720996 -1.61561203
v -0.71231699 0.560858011 -1.59314501
v -0.977478027 0.545005977 -1.58993697
v -1.00984299 0.451020002 -1.61573195
v -0.742275 0.462651014 -1.62040305
v -0.977478027 0.545005977 -1.58993697
v -0.98427701 0.54460001 -1.58985496
v -1.01670301 0.450720996 -1.61561203
v -0.527521014 0.985927999 -1.39386702
v -0.704137027 0.908603013 -1.43969798
v -0.707047999 0.907073021 -1.44045997
v -0.528181016 0.98467499 -1.39460194
v -0.704137027 0.908603013 -1.43969798
v -0.708665013 0.906620026 -1.44087398
v -0.711634994 0.905083001 -1.44163597
v -0.707047999 0.907073021 -1.44045997
v -0.671836972 0.676267028 -1.54974604
v -0.943745017 0.647834003 -1.55421996
v -0.977478027 0.545005977 -1.58993697
v -0.71231699 0.560858011 -1.59314501
v -0.943745017 0.647834003 -1.55421996
v -0.950716972 0.647104979 -1.554335
v -0.98427701 0.54460001 -1.58985496
v -0.571479976 0.902427018 -1.442819
v -0.898235023 0.806613028 -1.49046397
v -0.917294979 0.739973009 -1.51875496
v -0.625142992 0.793778002 -1.50060201
v -0.898235023 0.806613028 -1.49046397
v -0.906612992 0.804156005 -1.49168599
v -0.924785972 0.738592982 -1.51921999
v -0.917294979 0.739973009 -1.51875496
v -0.625142992 0.793778002 -1.50060201
v -0.943745017 0.647834003 -1.55421996
v -0.671836972 0.676267028 -1.54974604
v -0.917294979 0.739973009 -1.51875496
v -0.924785972 0.738592982 -1.51921999
v -0.950716972 0.647104979 -1.554335
v -0.943745017 0.647834003 -1.55421996
v 0.968344986 0.524281979 -1.60865104
v 0.969519019 0.527828991 -1.60759199
v 0.680664003 0.519262016 -1.61371696
v 0.679591 0.51543498 -1.61496305
v 0.969519019 0.527828991 -1.60759199
v 0.997681022 0.612968028 -1.58217394
v 0.706403017 0.611115992 -1.58380902
v 0.680664003 0.519262016 -1.61371696
v 0.978817999 0.524603009 -1.60842204
v 0.979995012 0.528140008 -1.60736895
v 0.969519019 0.527828991 -1.60759199
v 0.968344986 0.524281979 -1.60865104
v 0.979995012 0.528140008 -1.60736895
v 1.00824499 0.613035977 -1.58211505
v 0.997681022 0.612968028 -1.58217394
v -0.483366996 0.571422994 -1.59090698
v -0.514274001 0.472784013 -1.62030196
v -0.220422 0.484834999 -1.61961305
v -0.196487993 0.584910989 -1.589764
v -0.514274001 0.472784013 -1.62030196
v -0.515561998 0.468674004 -1.62152696
v -0.221419007 0.480666012 -1.620857
v -0.220422 0.484834999 -1.61961305
v 0.679591 0.51543498 -1.61496305
v 0.680664003 0.519262016 -1.61371696
v 0.403034002 0.51066798 -1.61478698
v 0.401703 0.506771028 -1.615991
v 0.680664003 0.519262016 -1.61371696
v 0.706403017 0.611115992 -1.58380902
v 0.434974998 0.604206979 -1.58589101
v 0.403034002 0.51066798 -1.61478698
v -0.515561998 0.468674004 -1.62152696
v -0.742275 0.462651014 -1.62040305
v -0.743523002 0.458559006 -1.62153804
v -0.514274001 0.472784013 -1.62030196
v -0.483366996 0.571422994 -1.59090698
v -0.71231699 0.560858011 -1.59314501
v -0.742275 0.462651014 -1.62040305
v 0.0836919993 0.494381011 -1.61761606
v 0.0848120004 0.498463988 -1.61647797
v -0.220422 0.484834999 -1.61961305
v -0.221419007 0.480666012 -1.620857
v 0.0848120004 0.498463988 -1.61647797
v 0.111694999 0.596476018 -1.58914804
v -0.196487993 0.584910989 -1.589764
v -0.220422 0.484834999 -1.61961305
v 0.401703 0.506771028 -1.615991
v 0.403034002 0.51066798 -1.61478698
v 0.0848120004 0.498463988 -1.61647797
v 0.0836919993 0.494381011 -1.61761606
v 0.111694999 0.596476018 -1.58914804
v 0.0848120004 0.498463988 -1.61647797
v 1.18771899 1.1839 -1.22274494
v 1.18702495 1.18169999 -1.22465599
v 1.19725502 1.181023 -1.22478199
v 1.197945 1.18322301 -1.22286797
v 0.905771971 1.20255899 -1.21933603
v 0.904950976 1.20036602 -1.22117603
v 1.18702495 1.18169999 -1.22465599
v 1.18771899 1.1839 -1.22274494
v -0.527521014 0.985927999 -1.39386702
v -0.528181016 0.98467499 -1.39460194
v -0.280005991 1.07960796 -1.332726
v -0.279188007 1.081393 -1.33155406
v -0.279188007 1.081393 -1.33155406
v -0.280005991 1.07960796 -1.332726
v -0.0602219999 1.14226997 -1.29131103
v -0.0597640015 1.14430702 -1.28989506
v 0.292068988 1.19024801 -1.24483001
v 0.292753994 1.19250596 -1.24307406
v -0.0597640015 1.14430702 -1.28989506
v -0.0602219999 1.14226997 -1.29131103
v 0.644204974 1.20397496 -1.22483695
v 0.645048976 1.20616698 -1.22302902
v 0.292753994 1.19250596 -1.24307406
v 0.292068988 1.19024801 -1.24483001
v 0.904950976 1.20036602 -1.22117603
v 0.905771971 1.20255899 -1.21933603
v 0.645048976 1.20616698 -1.22302902
v 0.644204974 1.20397496 -1.22483695
v 1.05444002 0.75227499 -1.52826202
v 1.04391897 0.752547979 -1.52812302
v 0.997681022 0.612968028 -1.58217394
v 1.04391897 0.752547979 -1.52812302
v 0.753856003 0.760080993 -1.52430701
v 0.706403017 0.611115992 -1.58380902
v 1.15196502 1.03654504 -1.35046601
v 1.14143205 1.03723896 -1.35016894
v 1.09003997 0.890920997 -1.446944
v 1.10047495 0.890341997 -1.44693196
v 1.14143205 1.03723896 -1.35016894
v 0.851002991 1.05639195 -1.34199595
v 0.802349985 0.906898022 -1.44726896
v 1.09003997 0.890920997 -1.446944
v 1.10047495 0.890341997 -1.44693196
v 1.04391897 0.752547979 -1.52812302
v 1.05444002 0.75227499 -1.52826202
v 1.09003997 0.890920997 -1.446944
v 0.802349985 0.906898022 -1.44726896
v 0.753856003 0.760080993 -1.52430701
v 1.04391897 0.752547979 -1.52812302
v -0.432653993 0.702914 -1.54470301
v -0.671836972 0.676267028 -1.54974604
v -0.71231699 0.560858011 -1.59314501
v -0.163993001 0.724865019 -1.53861499
v -0.432653993 0.702914 -1.54470301
v -0.483366996 0.571422994 -1.59090698
v -0.196487993 0.584910989 -1.589764
v 0.155830994 0.746411026 -1.53011501
v -0.163993001 0.724865019 -1.53861499
v -0.196487993 0.584910989 -1.589764
v 0.111694999 0.596476018 -1.58914804
v 0.111694999 0.596476018 -1.58914804
v 0.434974998 0.604206979 -1.58589101
v 0.484636992 0.756669998 -1.52222502
v 0.155830994 0.746411026 -1.53011501
v 0.434974998 0.604206979 -1.58589101
v 0.753856003 0.760080993 -1.52430701
v 0.484636992 0.756669998 -1.52222502
v -0.333700001 0.962406993 -1.40973902
v -0.571479976 0.902427018 -1.442819
v -0.625142992 0.793778002 -1.50060201
v -0.386310011 0.831807971 -1.48426104
v -0.386310011 0.831807971 -1.48426104
v -0.625142992 0.793778002 -1.50060201
v -0.671836972 0.676267028 -1.54974604
v -0.432653993 0.702914 -1.54470301
v -0.0902879983 1.00846195 -1.38426495
v -0.333700001 0.962406993 -1.40973902
v -0.386310011 0.831807971 -1.48426104
v -0.127564996 0.867200971 -1.47031999
v -0.127564996 0.867200971 -1.47031999
v -0.432653993 0.702914 -1.54470301
v -0.163993001 0.724865019 -1.53861499
v -0.163993001 0.724865019 -1.53861499
v 0.155830994 0.746411026 -1.53011501
v 0.202355996 0.89744997 -1.45218897
v -0.127564996 0.867200971 -1.47031999
v -0.127564996 0.867200971 -1.47031999
v 0.202355996 0.89744997 -1.45218897
v 0.247145995 1.04193997 -1.36011803
v -0.0902879983 1.00846195 -1.38426495
v 0.155830994 0.746411026 -1.53011501
v 0.484636992 0.756669998 -1.52222502
v 0.533447981 0.906462014 -1.44888604
v 0.202355996 0.89744997 -1.45218897
v 0.202355996 0.89744997 -1.45218897
v 0.533447981 0.906462014 -1.44888604
v 0.588733017 1.059986 -1.34357202
v 0.247145995 1.04193997 -1.36011803
v 0.484636992 0.756669998 -1.52222502
v 0.753856003 0.760080993 -1.52430701
v 0.802349985 0.906898022 -1.44726896
v 0.533447981 0.906462014 -1.44888604
v 0.533447981 0.906462014 -1.44888604
v 0.802349985 0.906898022 -1.44726896
v 0.851002991 1.05639195 -1.34199595
v 0.588733017 1.059986 -1.34357202
v -0.52749002 0.988490999 -1.39929199
v -0.52749598 0.988041997 -1.39834297
v -0.27916199 1.08350801 -1.33602905
v 0.905803978 1.20512199 -1.22476101
v 0.645075023 1.20828199 -1.22750401
v 0.905798018 1.20467401 -1.22381103
v 0.645080984 1.20873106 -1.22845399
v 0.292778999 1.19462097 -1.24754906
v 0.645075023 1.20828199 -1.22750401
v 0.292784989 1.19507003 -1.24849904
v -0.059737999 1.14642203 -1.29437101
v 0.292778999 1.19462097 -1.24754906
v 0.0837230012 0.49694401 -1.62304103
v 0.0837180018 0.496495008 -1.62209201
v -0.221393004 0.48278001 -1.625332
v 0.401733994 0.509334028 -1.62141502
v 0.401728988 0.508885026 -1.62046599
v 0.0837180018 0.496495008 -1.62209201
v -0.279157013 1.083956 -1.33697796
v -0.27916199 1.08350801 -1.33602905
v -0.059737999 1.14642203 -1.29437101
v 0.679621994 0.51799798 -1.62038803
v 0.679616988 0.517548978 -1.61943901
v 0.401728988 0.508885026 -1.62046599
v 1.10050595 0.892904997 -1.45235705
v 1.10050094 0.892455995 -1.45140803
v 1.05446506 0.754388988 -1.53273702
v 1.15199697 1.03910804 -1.35589099
v 1.15199101 1.03865898 -1.35494101
v 1.10050094 0.892455995 -1.45140803
v -0.51552999 0.471237004 -1.62695205
v -0.51553601 0.470788002 -1.62600195
v -0.743497014 0.460673004 -1.62601399
v -0.51552999 0.471237004 -1.62695205
v -0.221393004 0.48278001 -1.625332
v -0.51553601 0.470788002 -1.62600195
v -0.924754024 0.741155982 -1.52464497
v -0.950690985 0.64921999 -1.55881
v -0.924759984 0.740707994 -1.52369499
v 1.05447102 0.75483799 -1.53368604
v 1.05446506 0.754388988 -1.53273702
v 1.00827098 0.615149975 -1.58659005
v -0.950685978 0.649667978 -1.55975997
v -0.984251022 0.546714008 -1.59432995
v -0.950690985 0.64921999 -1.55881
v -0.906581998 0.806719005 -1.49711001
v -0.924759984 0.740707994 -1.52369499
v -0.906587005 0.806270003 -1.49616098
v 0.978848994 0.527166009 -1.61384594
v 0.978843987 0.526717007 -1.61289704
v 0.968370974 0.52639699 -1.61312604
v 0.968375981 0.526844978 -1.61407495
v 0.968370974 0.52639699 -1.61312604
v 0.679616988 0.517548978 -1.61943901
v 0.905803978 1.20512199 -1.22476101
v 0.905798018 1.20467401 -1.22381103
v 1.18774498 1.18601501 -1.22722006
v 1.18774998 1.186463 -1.22817004
v 1.18774498 1.18601501 -1.22722006
v 1.19797099 1.18533802 -1.22734404
v 1.19728601 1.183586 -1.23020697
v 1.19797599 1.18578696 -1.22829294
v 1.19797099 1.18533802 -1.22734404
v 1.197281 1.18313801 -1.22925794
v -0.708634019 0.909183979 -1.446298
v -0.711609006 0.907198012 -1.44611096
v -0.708639979 0.908734977 -1.44534898
v -1.01802301 0.449373007 -1.62211001
v -1.01802897 0.448924005 -1.62116098
v -1.01667702 0.452836007 -1.62008798
v -0.984246016 0.54716301 -1.59528005
v -1.01667702 0.452836007 -1.62008798
v -0.984251022 0.546714008 -1.59432995
v 0.978848994 0.527166009 -1.61384594
v 0.980026007 0.530703008 -1.61279404
v 0.980021 0.53025502 -1.61184502
v 0.978843987 0.526717007 -1.61289704
v 1.00827599 0.615598977 -1.58753896
v 1.00827098 0.615149975 -1.58659005
v -1.01802301 0.449373007 -1.62211001
v -1.01116002 0.449667007 -1.62223196
v -1.01116502 0.449218005 -1.62128198
v -1.01802897 0.448924005 -1.62116098
v -0.743492007 0.461122006 -1.62696302
v -0.743497014 0.460673004 -1.62601399
v -0.52749002 0.988490999 -1.39929199
v -0.704105973 0.911166012 -1.44512296
v -0.70411098 0.910718024 -1.44417405
v -0.52749598 0.988041997 -1.39834297
v -0.708634019 0.909183979 -1.446298
v -0.708639979 0.908734977 -1.44534898
v -0.527514994 0.986414015 -1.39489698
v -0.279181987 1.08187902 -1.33258295
v -0.527521014 0.985927999 -1.39386702
v -0.279188007 1.081393 -1.33155406
v 0.645054996 1.20665395 -1.22405803
v 0.905777991 1.20304501 -1.22036505
v 0.905771971 1.20255899 -1.21933603
v 0.292760015 1.19299304 -1.24410295
v 0.645054996 1.20665395 -1.22405803
v -0.0597580001 1.14479399 -1.29092503
v 0.292760015 1.19299304 -1.24410295
v 0.083697997 0.494866997 -1.61864603
v -0.221413001 0.481151998 -1.62188601
v 0.0836919993 0.494381011 -1.61761606
v -0.221419007 0.480666012 -1.620857
v 0.40170899 0.507256985 -1.61702001
v 0.083697997 0.494866997 -1.61864603
v 0.401703 0.506771028 -1.615991
v 0.0836919993 0.494381011 -1.61761606
v -0.279181987 1.08187902 -1.33258295
v -0.0597580001 1.14479399 -1.29092503
v -0.279188007 1.081393 -1.33155406
v -0.0597640015 1.14430702 -1.28989506
v 0.67959702 0.515920997 -1.61599302
v 0.40170899 0.507256985 -1.61702001
v 0.679591 0.51543498 -1.61496305
v 0.401703 0.506771028 -1.615991
v 1.10048103 0.890828013 -1.44796097
v 1.05444598 0.752761006 -1.52929103
v 1.10047495 0.890341997 -1.44693196
v 1.05444002 0.75227499 -1.52826202
v 1.15197098 1.03703105 -1.35149503
v 1.10048103 0.890828013 -1.44796097
v 1.15196502 1.03654504 -1.35046601
v 1.10047495 0.890341997 -1.44693196
v -0.515555978 0.469159991 -1.62255597
v -0.743516982 0.459044993 -1.62256801
v -0.515561998 0.468674004 -1.62152696
v -0.743523002 0.458559006 -1.62153804
v -0.221413001 0.481151998 -1.62188601
v -0.515555978 0.469159991 -1.62255597
v -0.221419007 0.480666012 -1.620857
v -0.950711012 0.647590995 -1.55536401
v -0.924780011 0.739078999 -1.52024901
v -0.950716972 0.647104979 -1.554335
v -0.924785972 0.738592982 -1.51921999
v 1.05444598 0.752761006 -1.52929103
v 1.00825095 0.613521993 -1.58314395
v 1.05444002 0.75227499 -1.52826202
v 1.00824499 0.613035977 -1.58211505
v -0.98427099 0.545086026 -1.59088397
v -0.950711012 0.647590995 -1.55536401
v -0.98427701 0.54460001 -1.58985496
v -0.950716972 0.647104979 -1.554335
v -0.924780011 0.739078999 -1.52024901
v -0.906606972 0.804642022 -1.492715
v -0.924785972 0.738592982 -1.51921999
v -0.906612992 0.804156005 -1.49168599
v 0.978824019 0.525089025 -1.60945106
v 0.968351007 0.524767995 -1.60968006
v 0.978817999 0.524603009 -1.60842204
v 0.968344986 0.524281979 -1.60865104
v 0.968351007 0.524767995 -1.60968006
v 0.67959702 0.515920997 -1.61599302
v 0.968344986 0.524281979 -1.60865104
v 0.679591 0.51543498 -1.61496305
v 0.905777991 1.20304501 -1.22036505
v 1.18772495 1.18438601 -1.22377396
v 0.905771971 1.20255899 -1.21933603
v 1.18771899 1.1839 -1.22274494
v 1.18772495 1.18438601 -1.22377396
v 1.19795096 1.18370998 -1.22389805
v 1.18771899 1.1839 -1.22274494
v 1.197945 1.18322301 -1.22286797
v 1.19795096 1.18370998 -1.22389805
v 1.19726098 1.18150997 -1.22581196
v 1.197945 1.18322301 -1.22286797
v -0.711628973 0.905569971 -1.44266498
v -0.708660007 0.907106996 -1.441903
v -0.711634994 0.905083001 -1.44163597
v -0.708665013 0.906620026 -1.44087398
v -1.01804805 0.447295994 -1.617715
v -1.01669705 0.451207995 -1.616642
v -1.01805401 0.446810007 -1.61668503
v -1.01670301 0.450720996 -1.61561203
v -1.01669705 0.451207995 -1.616642
v -0.98427099 0.545086026 -1.59088397
v -1.01670301 0.450720996 -1.61561203
v -0.98427701 0.54460001 -1.58985496
v 0.980000973 0.528626025 -1.60839903
v 0.978824019 0.525089025 -1.60945106
v 0.978817999 0.524603009 -1.60842204
v 1.00825095 0.613521993 -1.58314395
v -1.01118505 0.447589993 -1.617836
v -1.01804805 0.447295994 -1.617715
v -1.01805401 0.446810007 -1.61668503
v -0.743516982 0.459044993 -1.62256801
v -0.704131007 0.909089029 -1.44072795
v -0.527514994 0.986414015 -1.39489698
v -0.527521014 0.985927999 -1.39386702
v -0.708660007 0.907106996 -1.441903
v -0.571448982 0.904990971 -1.44824302
v -0.898203015 0.809176028 -1.49588895
v -0.80260998 0.859405994 -1.47088695
v -0.549799025 0.946115017 -1.42413497
v -0.906581998 0.806719005 -1.49711001
v -0.809092999 0.85718298 -1.472085
v 1.15199697 1.03910804 -1.35589099
v 1.14146304 1.03980303 -1.35559404
v 1.16425896 1.11203301 -1.29283798
v 1.17464197 1.11134696 -1.29304898
v 0.851033986 1.05895495 -1.34742105
v 0.878008008 1.13094199 -1.28701103
v -0.333669007 0.964969993 -1.41516399
v -0.571448982 0.904990971 -1.44824302
v -0.549799025 0.946115017 -1.42413497
v -0.306820989 1.02357101 -1.37665796
v -0.0902569965 1.01102495 -1.38969004
v -0.0752239972 1.07792902 -1.34321296
v 0.269638985 1.11865699 -1.307899
v -0.0752239972 1.07792902 -1.34321296
v 0.247177005 1.04450405 -1.36554301
v -0.0902569965 1.01102495 -1.38969004
v 0.61650002 1.13454294 -1.28962898
v 0.269638985 1.11865699 -1.307899
v 0.588764012 1.062549 -1.348997
v 0.247177005 1.04450405 -1.36554301
v 0.878008008 1.13094199 -1.28701103
v 0.61650002 1.13454294 -1.28962898
v 0.851033986 1.05895495 -1.34742105
v 0.588764012 1.062549 -1.348997
v -0.528181016 0.98467499 -1.39460194
v -0.802641988 0.856842995 -1.46546197
v -0.549830019 0.943551004 -1.41870999
v -0.898235023 0.806613028 -1.49046397
v -0.571479976 0.902427018 -1.442819
v -0.707047999 0.907073021 -1.44045997
v -0.711634994 0.905083001 -1.44163597
v -0.809123993 0.85461998 -1.46666098
v -0.802641988 0.856842995 -1.46546197
v -0.906612992 0.804156005 -1.49168599
v -0.898235023 0.806613028 -1.49046397
v 1.19725502 1.181023 -1.22478199
v 1.18702495 1.18169999 -1.22465599
v 1.16422796 1.10947001 -1.287413
v 1.17461002 1.10878396 -1.287624
v 1.14143205 1.03723896 -1.35016894
v 0.904950976 1.20036602 -1.22117603
v 0.877977014 1.12837899 -1.28158605
v 1.16422796 1.10947001 -1.287413
v 0.851002991 1.05639195 -1.34199595
v -0.528181016 0.98467499 -1.39460194
v -0.549830019 0.943551004 -1.41870999
v -0.306852996 1.02100801 -1.37123299
v -0.571479976 0.902427018 -1.442819
v -0.0602219999 1.14226997 -1.29131103
v -0.280005991 1.07960796 -1.332726
v -0.306852996 1.02100801 -1.37123299
v -0.0752549991 1.07536602 -1.33778799
v -0.333700001 0.962406993 -1.40973902
v -0.0902879983 1.00846195 -1.38426495
v -0.0902879983 1.00846195 -1.38426495
v 0.269607991 1.11609399 -1.30247402
v -0.0752549991 1.07536602 -1.33778799
v 0.292068988 1.19024801 -1.24483001
v -0.0602219999 1.14226997 -1.29131103
v 0.247145995 1.04193997 -1.36011803
v 0.616469026 1.13197994 -1.28420401
v 0.269607991 1.11609399 -1.30247402
v 0.644204974 1.20397496 -1.22483695
v 0.292068988 1.19024801 -1.24483001
v 0.588733017 1.059986 -1.34357202
v 0.877977014 1.12837899 -1.28158605
v 0.616469026 1.13197994 -1.28420401
v 0.904950976 1.20036602 -1.22117603
v 0.644204974 1.20397496 -1.22483695
v 1.15199101 1.03865898 -1.35494101
v 1.15199697 1.03910804 -1.35589099
v 1.17463601 1.11089897 -1.292099
v 1.19728601 1.183586 -1.23020697
v 1.197281 1.18313801 -1.22925794
v -0.711609006 0.907198012 -1.44611096
v -0.711603999 0.907647014 -1.44706094
v -0.809092999 0.85718298 -1.472085
v -0.809098005 0.856733978 -1.47113597
v -0.906587005 0.806270003 -1.49616098
v 1.15197098 1.03703105 -1.35149503
v 1.17461598 1.10926998 -1.28865302
v 1.19726098 1.18150997 -1.22581196
v 1.17461002 1.10878396 -1.287624
v 1.19725502 1.181023 -1.22478199
v -0.711628973 0.905569971 -1.44266498
v -0.809117973 0.855105996 -1.46768999
v -0.906606972 0.804642022 -1.492715
v -0.711634994 0.905083001 -1.44163597
v -0.906612992 0.804156005 -1.49168599
vt 0.625 0.75
vt 0.625 0.875
vt 0.75 0.875
vt 0.75 0.75
vt 0.625 1
vt 0.75 1
vt 0.5 0.75
vt 0.5 0.875
vt 0.5 1
vt 0.5 0.875
vt 0.5 0.75
vt -0 0.75
vt 9.99999975e-05 0.875
vt 0.5 1
vt 0 1
vt 0 0.75
vt 0 0.875
vt 0 1
vt 0.5 0.875
vt 0.5 0.75
vt 0 0.75
vt 0 0.875
vt 0.5 1
vt 0 1
vt 1 0.875
vt 1 0.75
vt 1 1
vt 0.625 0.0625
vt 0.75 0.0625
vt 0.75 0.0313000008
vt 0.625 0.0313000008
vt 0.5 0.0625
vt 0.5 0.0313000008
vt 0.75 0
vt 0.625 0
vt 0.5 0
vt 0.875 0
vt 0.75 0
vt 0.49939999 0.500199974
vt 0.624499977 0.500199974
vt 1 0
vt 0.749499977 0.500100017
vt 0.75 1
vt 1 1
vt 1 0
vt 0.75 0
vt 0.5 1
vt 0.5 0
vt 0.625 1
vt 0.75 1
vt 0.5 1
vt 0.875 1
vt 1 1
vt 1 0
vt 0.875 -0
vt 0.75 1
vt 0.75 0
vt 0.875 1
vt 1 1
vt 1 0
vt 0.875 0
vt 0.75 1
vt 0.75 -0
vt 0.5 0
vt 0 0
vt -0 0.0311999992
vt 0.5 0.0311999992
vt -0 0.0625
vt 0.5 0.0625
vt 0.4921 0.501600027
vt -0.00860000029 0.502300024
vt 0 1
vt 0.5 1
vt 0.5 -0
vt 0 0
vt 0 1
vt 0.5 1
vt 0.5 -0
vt 0 0
vt 0 1
vt 0.5 1
vt 0.5 -0
vt 0 0
vt 0 1
vt 0.5 1
vt 0.5 -0
vt 0 0
vt 0 0
vt -0 0.0311999992
vt -0 0.0625
vt 0.5 0.0311999992
vt 0.5 -0
vt 0 0
vt 0 0.0311999992
vt 0.5 0.0625
vt 0 0.0625
vt 1 0.0311999992
vt 1 0
vt 1 0.0625
vt -0.000699999975 0.500199974
vt 0 1
vt 0.5 0
vt 0 0
vt 0.5 1
vt 0.5 -0
vt 0 0
vt 0 1
vt 0 0
vt 0 1
vt 0.5 1
vt 0.5 -0
vt 0 0
vt 0 1
vt 0.5 1
vt 0.497599989 0.500699997
vt -0.00389999989 0.50120002
vt 0 1
vt 1 1
vt 0.999199986 0.500199974
vt 0.5 0
vt 0 0
vt 1 0
vt 0.5 0
vt 0.5 1
vt 1 1
vt 1 0
vt 0 0
vt 0 1
vt 0.5 0
vt 0.5 1
vt 1 1
vt 1 0
vt 0 0
vt 0 1
vt 0.5 0
vt 0.5 1
vt 1 1
vt 1 0
vt 0 0
vt 0 1
vt 0.625 0.75
vt 0.625 0.875
vt 0.75 0.875
vt 0.75 0.75
vt 0.625 0.875
vt 0.625 1
vt 0.75 1
vt 0.75 0.875
vt 0.625 0.875
vt 0.625 0.75
vt 0.5 0.75
vt 0.5 0.875
vt 0.625 1
vt 0.5 0.875
vt 0.5 1
vt 0.5 0.875
vt 0.5 0.75
vt -0 0.75
vt 9.99999975e-05 0.875
vt 0.5 1
vt 0.5 0.875
vt 9.99999975e-05 0.875
vt 0 1
vt 0.5 0.875
vt 0.5 0.75
vt 0 0.75
vt 0 0.875
vt 0.5 1
vt 0 0.875
vt 0 1
vt 0.5 0.875
vt 0.5 0.75
vt 0 0.75
vt 0 0.875
vt 0.5 1
vt 0.5 0.875
vt 0 0.875
vt 0 1
vt 1 0.875
vt 1 0.75
vt 0.5 0.75
vt 1 1
vt 1 0.875
vt 0.5 0.875
vt 0.5 1
vt 0.625 0.0625
vt 0.75 0.0625
vt 0.75 0.0313000008
vt 0.625 0.0313000008
vt 0.5 0.0625
vt 0.625 0.0625
vt 0.625 0.0313000008
vt 0.5 0.0313000008
vt 0.625 0.0313000008
vt 0.75 0.0313000008
vt 0.75 0
vt 0.625 0
vt 0.5 0.0313000008
vt 0.625 0
vt 0.5 0
vt 0.875 0
vt 0.75 0
vt 0.49939999 0.500199974
vt 0.624499977 0.500199974
vt 1 0
vt 0.875 0
vt 0.624499977 0.500199974
vt 0.749499977 0.500100017
vt 0.75 1
vt 1 1
vt 1 0
vt 0.75 0
vt 0.5 1
vt 0.75 1
vt 0.75 0
vt 0.5 0
vt 0.625 1
vt 0.75 1
vt 0.749499977 0.500100017
vt 0.5 1
vt 0.625 1
vt 0.624499977 0.500199974
vt 0.49939999 0.500199974
vt 0.875 1
vt 1 1
vt 1 0
vt 0.875 -0
vt 0.75 1
vt 0.875 1
vt 0.875 -0
vt 0.75 0
vt 0.875 1
vt 1 1
vt 1 0
vt 0.875 0
vt 0.875 1
vt 0.875 0
vt 0.5 0
vt 0 0
vt -0 0.0311999992
vt 0.5 0.0311999992
vt 0.5 0.0311999992
vt -0 0.0311999992
vt -0 0.0625
vt 0.5 0.0625
vt 0.4921 0.501600027
vt -0.00860000029 0.502300024
vt 0 1
vt 0.5 1
vt 0.5 -0
vt 0 0
vt -0.00860000029 0.502300024
vt 0.4921 0.501600027
vt 0 1
vt 0.5 1
vt 0.5 -0
vt 0 0
vt 0 1
vt 0.5 1
vt 0.5 -0
vt 0 0
vt 0 1
vt 0.5 1
vt 0.5 -0
vt 0 0
vt 0.5 0.0313000008
vt 0 0
vt -0 0.0311999992
vt 0.5 0.0625
vt -0 0.0311999992
vt -0 0.0625
vt 0.5 0.0311999992
vt 0.5 -0
vt 0 0
vt 0 0.0311999992
vt 0.5 0.0625
vt 0.5 0.0311999992
vt 0 0.0311999992
vt 0 0.0625
vt 1 0.0311999992
vt 1 0
vt 0.5 -0
vt 1 0.0625
vt 1 0.0311999992
vt 0.5 0.0311999992
vt 0.5 0.0625
vt 0.5 1
vt -0.000699999975 0.500199974
vt 0 1
vt 0.49939999 0.500199974
vt 0.5 0
vt 0 0
vt -0.000699999975 0.500199974
vt 0.5 1
vt 0.5 -0
vt 0 0
vt 0 1
vt 0 0
vt 0 1
vt 0.5 1
vt 0.5 -0
vt 0 0
vt 0 1
vt 0.5 1
vt 0.5 1
vt 0.497599989 0.500699997
vt -0.00389999989 0.50120002
vt 0 1
vt 1 1
vt 0.999199986 0.500199974
vt 0.497599989 0.500699997
vt 0.5 1
vt 0.497599989 0.500699997
vt 0.5 0
vt 0 0
vt -0.00389999989 0.50120002
vt 0.999199986 0.500199974
vt 1 0
vt 0.5 0
vt 0.5 0
vt 0.5 1
vt 1 1
vt 1 0
vt 0 0
vt 0 1
vt 0.5 1
vt 0.5 0
vt 0.5 0
vt 0.5 1
vt 1 1
vt 1 0
vt 0 0
vt 0 1
vt 0.5 1
vt 0.5 0
vt 0.5 0
vt 0.5 1
vt 1 1
vt 1 0
vt 0 0
vt 0 1
vt 0.5 1
vt 0.5 0
vt -0.00430000015 0.75120002
vt 0.496100008 0.750800014
vt 0.4921 0.501600027
vt 0.5 1
vt 0.5 0.5
vt -0 0.5
vt 0.5 1
vt 0.5 0.5
vt -0 0.5
vt 0.5 1
vt 0.5 0.5
vt 0 0.5
vt 1 0.5
vt 0.875 0.5
vt 0.875 1
vt 1 0.5
vt 0.875 0.5
vt 0.875 1
vt -0.00430000015 0.251199991
vt 0.496100008 0.250800014
vt 0.5 -0
vt 1 0.5
vt 0.75 0.5
vt 0.75 1
vt 0.75 -0
vt 0.75 0.0311999992
vt 1 0.0311999992
vt 0.25 -0
vt 0.25 0.0311999992
vt 0.5 0.0311999992
vt 0.749800026 0.750100017
vt 0.62470001 0.750100017
vt 0.625 1
vt 0.875 0
vt 0.74970001 0.250099987
vt 0.87470001 0.250099987
vt 1 0.875
vt 0.75 0.875
vt 0.75 1
vt 0.25 0
vt 0.25 0.0313000008
vt 0.5 0.0313000008
vt 0.5 0.875
vt 0.25 0.875
vt 0.25 1
vt 0.5 0.875
vt 0.25 0.875
vt 0.25 1
vt 0.75 0.0155999996
vt 0.625 0.0155999996
vt 0.625 0.0313000008
vt 0.75 0.0469000004
vt 0.625 0.0469000004
vt 0.625 0.0625
vt -0 0.0469000004
vt 0.5 0.0469000004
vt 0.5 0.0311999992
vt -0 0.0155999996
vt 0.5 0.0155999996
vt 0.5 0
vt 0 0
vt 0 0.0155999996
vt 0.5 0.0155999996
vt 0.5 0
vt 0.5 0.875
vt 0.250099987 0.875
vt 0.25 1
vt 0.6875 1
vt 0.6875 0.875
vt 0.625 0.875
vt 0.625 0.875
vt 0.5625 0.875
vt 0.5625 1
vt 0.75 0.0313000008
vt 0.75 0.0155999996
vt 0.625 0.0155999996
vt 0.625 0.0313000008
vt 0.5 0.0155999996
vt 0.5 0.0313000008
vt 0.625 1
vt 0.6875 1
vt 0.6875 0.875
vt 0.625 0.875
vt 0.6875 0.75
vt 0.625 0.75
vt 0.5 0.75
vt 0.25 0.75
vt 0.250099987 0.875
vt 0.5 0.875
vt 0.25 1
vt 0.5 1
vt -0.00219999999 0.87559998
vt 0.497999996 0.875400007
vt 0 1
vt 0.5 1
vt 0.5 0.25
vt -0 0.25
vt 0.5 -0
vt 0.5 0.25
vt -0 0.25
vt 0.5 0.25
vt 0 0.25
vt 1 0.25
vt 0.875 0.25
vt 1 0
vt 0.875 -0
vt 1 0.25
vt 0.875 0.25
vt 1 0
vt 0.875 0
vt -0.00650000013 0.376800001
vt 0.494100004 0.376199991
vt -0.00860000029 0.502300024
vt 0.4921 0.501600027
vt 1 0.25
vt 0.75 0.25
vt 1 0
vt 0.75 0
vt 0.625 -0
vt 0.625 0.0311999992
vt 0.5 -0
vt 0.5 0.0311999992
vt 0.125 -0
vt 0.125 0.0311999992
vt 0 0
vt 0 0.0311999992
vt 0.749599993 0.625100017
vt 0.624599993 0.625100017
vt 0.749499977 0.500100017
vt 0.624499977 0.500199974
vt 0.687099993 0.375099987
vt 0.812099993 0.375099987
vt 0.749499977 0.500100017
vt 0.625 0.875
vt 0.625 1
vt 0.5 0.875
vt 0.5 1
vt 0.125 0
vt 0.125 0.0313000008
vt 0 0
vt -0 0.0311999992
vt 0.125 0.875
vt 0.125 1
vt 0 0.875
vt 0 1
vt 0.125 0.875
vt 0.125 1
vt 0 0.875
vt 0 1
vt 0.75 0.00779999979
vt 0.625 0.00779999979
vt 0.75 0
vt 0.625 0
vt 0.75 0.0390999988
vt 0.625 0.0390999988
vt 0.75 0.0313000008
vt 0.625 0.0313000008
vt -0 0.0546999983
vt 0.5 0.0546999983
vt -0 0.0625
vt 0.5 0.0625
vt -0 0.0233999994
vt 0.5 0.0233999994
vt -0 0.0311999992
vt 0.5 0.0311999992
vt -0 0.0233999994
vt 0.5 0.0233999994
vt 0.5 0.0311999992
vt 0.125100002 0.875
vt 0.125 1
vt 9.99999975e-05 0.875
vt 0 1
vt 0.718800008 1
vt 0.718699992 0.875
vt 0.75 1
vt 0.75 0.875
vt 0.531300008 0.875
vt 0.531199992 1
vt 0.5 0.875
vt 0.5 1
vt 0.75 0.00779999979
vt 0.625 0.00779999979
vt 0.75 0
vt 0.5 0.00779999979
vt 0.718699992 1
vt 0.718699992 0.875
vt 0.75 1
vt 0.718800008 0.75
vt 0.125 0.75
vt 0.125100002 0.875
vt -0 0.75
vt 0.125 1
vt 1 0.75
vt 0.75 0.75
vt 0.75 0.875
vt 1 0.875
vt 0.75 1
vt 1 1
vt 1 0
vt 0.75 -0
vt 0.75 0.0311999992
vt 1 0.0311999992
vt 0.75 0.0625
vt 1 0.0625
vt 0.992900014 0.500800014
vt 0.742500007 0.50120002
vt 0.75 1
vt 1 1
vt 1 0
vt 0.75 -0
vt 0.75 1
vt 0.75 -0
vt 1 1
vt 1 0
vt 0.75 1
vt 0.75 -0
vt 1 1
vt 1 0
vt 0.75 1
vt 0.75 -0
vt 1 1
vt 1 0
vt 1 0.875
vt 1 0.8125
vt 0.5 0.8125
vt 1 0.75
vt 0.5 0.75
vt 1 1
vt 1 0.9375
vt 0.5 0.9375
vt 0.5 1
vt 1 0.875
vt 0.5 0.875
vt 0.5 0
vt 0.5 0.0155999996
vt 1 0.0155999996
vt 1 0
vt 1 0.0311999992
vt 0.5 0.0469000004
vt 1 0.0469000004
vt 1 0.0311999992
vt 1 0.0625
vt 0.496100008 0.750800014
vt 0.996399999 0.750400007
vt 0.992900014 0.500800014
vt 1 1
vt 0.5 -0
vt 0.496100008 0.250800014
vt 0.996399999 0.250400007
vt 1 0
vt 0.4921 0.501600027
vt 0.992900014 0.500800014
vt 1 1
vt 1 0.5
vt 0.5 0.5
vt 1 0
vt 0.5 -0
vt 1 1
vt 1 0.5
vt 0.5 0.5
vt 1 0
vt 0.5 -0
vt 1 1
vt 1 0.5
vt 0.5 0.5
vt 1 0
vt 0.5 -0
vt 0.5 0.0155999996
vt 0.75 0.0155999996
vt 0.5 0
vt 1 0.0155999996
vt 1 0
vt 0.75 0.875
vt 0.75 0.9375
vt 1 0.9375
vt 1 0.875
vt 0.75 1
vt 0.5 0.0233999994
vt 0.75 0.0233999994
vt 1 0.0233999994
vt 0.75 0.0311999992
vt 1 0.0311999992
vt 0.625 0.875
vt 0.625 0.9375
vt 0.625 1
vt 0.5 0.875
vt 0.5 1
vt 0.625 0.75
vt 0.75 0.75
vt 0.75 0.875
vt 0.625 0.875
vt 0.75 1
vt 0.625 1
vt 0.5 0.875
vt 0.5 0.75
vt 0.5 1
vt 0.5 0.875
vt 9.99999975e-05 0.875
vt -0 0.75
vt 0.5 0.75
vt 0.5 1
vt 0 1
vt 0 0.875
vt 0 0.75
vt 0 1
vt 0.5 0.875
vt 0 0.875
vt 0 0.75
vt 0.5 0.75
vt 0.5 1
vt 0 1
vt 1 0.875
vt 1 0.75
vt 1 1
vt 0.625 0.0625
vt 0.625 0.0313000008
vt 0.75 0.0313000008
vt 0.75 0.0625
vt 0.5 0.0625
vt 0.5 0.0313000008
vt 0.625 0
vt 0.75 0
vt 0.5 0
vt 0.875 0
vt 0.624499977 0.500199974
vt 0.49939999 0.500199974
vt 0.75 0
vt 1 0
vt 0.749499977 0.500100017
vt 0.75 1
vt 0.75 0
vt 1 0
vt 1 1
vt 0.5 1
vt 0.5 0
vt 0.625 1
vt 0.75 1
vt 0.5 1
vt 0.875 1
vt 0.875 -0
vt 1 0
vt 1 1
vt 0.75 1
vt 0.75 0
vt 0.875 1
vt 0.875 0
vt 1 0
vt 1 1
vt 0.75 1
vt 0.75 -0
vt 0.5 0
vt 0.5 0.0311999992
vt -0 0.0311999992
vt 0 0
vt 0.5 0.0625
vt -0 0.0625
vt 0.4921 0.501600027
vt 0.5 1
vt 0 1
vt -0.00860000029 0.502300024
vt 0.5 -0
vt 0 0
vt 0 1
vt 0 0
vt 0.5 -0
vt 0.5 1
vt 0 1
vt 0 0
vt 0.5 -0
vt 0.5 1
vt 0 1
vt 0 0
vt 0.5 -0
vt 0.5 1
vt -0 0.0311999992
vt 0 0
vt -0 0.0625
vt 0.5 0.0311999992
vt 0 0.0311999992
vt 0 0
vt 0.5 -0
vt 0.5 0.0625
vt 0 0.0625
vt 1 0.0311999992
vt 1 0
vt 1 0.0625
vt 0 1
vt -0.000699999975 0.500199974
vt 0 0
vt 0.5 0
vt 0.5 1
vt 0 1
vt 0 0
vt 0.5 -0
vt 0 0
vt 0.5 -0
vt 0.5 1
vt 0 1
vt 0 0
vt 0 1
vt 0.5 1
vt 0 1
vt -0.00389999989 0.50120002
vt 0.497599989 0.500699997
vt 1 1
vt 0.999199986 0.500199974
vt 0 0
vt 0.5 0
vt 1 0
vt 0.5 0
vt 1 0
vt 1 1
vt 0.5 1
vt 0 0
vt 0 1
vt 0.5 0
vt 1 0
vt 1 1
vt 0.5 1
vt 0 0
vt 0 1
vt 0.5 0
vt 1 0
vt 1 1
vt 0.5 1
vt 0 0
vt 0 1
vt 0.625 0.75
vt 0.75 0.75
vt 0.75 0.875
vt 0.625 0.875
vt 0.625 0.875
vt 0.75 0.875
vt 0.75 1
vt 0.625 1
vt 0.625 0.875
vt 0.5 0.875
vt 0.5 0.75
vt 0.625 0.75
vt 0.625 1
vt 0.5 1
vt 0.5 0.875
vt 0.5 0.875
vt 9.99999975e-05 0.875
vt -0 0.75
vt 0.5 0.75
vt 0.5 1
vt 0 1
vt 9.99999975e-05 0.875
vt 0.5 0.875
vt 0.5 0.875
vt 0 0.875
vt 0 0.75
vt 0.5 0.75
vt 0.5 1
vt 0 1
vt 0 0.875
vt 0.5 0.875
vt 0 0.875
vt 0 0.75
vt 0.5 0.75
vt 0.5 1
vt 0 1
vt 0 0.875
vt 0.5 0.875
vt 1 0.875
vt 0.5 0.75
vt 1 0.75
vt 1 1
vt 0.5 1
vt 0.5 0.875
vt 1 0.875
vt 0.625 0.0625
vt 0.625 0.0313000008
vt 0.75 0.0313000008
vt 0.75 0.0625
vt 0.5 0.0625
vt 0.5 0.0313000008
vt 0.625 0.0313000008
vt 0.625 0.0625
vt 0.625 0.0313000008
vt 0.625 0
vt 0.75 0
vt 0.75 0.0313000008
vt 0.5 0.0313000008
vt 0.5 0
vt 0.625 0
vt 0.875 0
vt 0.624499977 0.500199974
vt 0.49939999 0.500199974
vt 0.75 0
vt 1 0
vt 0.749499977 0.500100017
vt 0.624499977 0.500199974
vt 0.875 0
vt 0.75 1
vt 0.75 0
vt 1 0
vt 1 1
vt 0.5 1
vt 0.5 0
vt 0.75 0
vt 0.75 1
vt 0.625 1
vt 0.749499977 0.500100017
vt 0.75 1
vt 0.5 1
vt 0.49939999 0.500199974
vt 0.624499977 0.500199974
vt 0.625 1
vt 0.875 1
vt 0.875 -0
vt 1 0
vt 1 1
vt 0.75 1
vt 0.75 0
vt 0.875 -0
vt 0.875 1
vt 0.875 1
vt 0.875 0
vt 1 0
vt 1 1
vt 0.875 0
vt 0.875 1
vt 0.5 0
vt 0.5 0.0311999992
vt -0 0.0311999992
vt 0 0
vt 0.5 0.0311999992
vt 0.5 0.0625
vt -0 0.0625
vt -0 0.0311999992
vt 0.4921 0.501600027
vt 0.5 1
vt 0 1
vt -0.00860000029 0.502300024
vt 0.5 -0
vt 0.4921 0.501600027
vt -0.00860000029 0.502300024
vt 0 0
vt 0 1
vt 0 0
vt 0.5 -0
vt 0.5 1
vt 0 1
vt 0 0
vt 0.5 -0
vt 0.5 1
vt 0 1
vt 0 0
vt 0.5 -0
vt 0.5 1
vt 0.5 0.0313000008
vt -0 0.0311999992
vt 0 0
vt 0.5 0.0625
vt -0 0.0625
vt -0 0.0311999992
vt 0.5 0.0311999992
vt 0 0.0311999992
vt 0 0
vt 0.5 -0
vt 0.5 0.0625
vt 0 0.0625
vt 0 0.0311999992
vt 0.5 0.0311999992
vt 1 0.0311999992
vt 0.5 -0
vt 1 0
vt 1 0.0625
vt 0.5 0.0625
vt 0.5 0.0311999992
vt 1 0.0311999992
vt 0.5 1
vt 0 1
vt -0.000699999975 0.500199974
vt 0.49939999 0.500199974
vt -0.000699999975 0.500199974
vt 0 0
vt 0.5 0
vt 0.5 1
vt 0 1
vt 0 0
vt 0.5 -0
vt 0 0
vt 0.5 -0
vt 0.5 1
vt 0 1
vt 0 0
vt 0.5 1
vt 0 1
vt 0.5 1
vt 0 1
vt -0.00389999989 0.50120002
vt 0.497599989 0.500699997
vt 1 1
vt 0.5 1
vt 0.497599989 0.500699997
vt 0.999199986 0.500199974
vt 0.497599989 0.500699997
vt -0.00389999989 0.50120002
vt 0 0
vt 0.5 0
vt 0.999199986 0.500199974
vt 0.5 0
vt 1 0
vt 0.5 0
vt 1 0
vt 1 1
vt 0.5 1
vt 0 0
vt 0.5 0
vt 0.5 1
vt 0 1
vt 0.5 0
vt 1 0
vt 1 1
vt 0.5 1
vt 0 0
vt 0.5 0
vt 0.5 1
vt 0 1
vt 0.5 0
vt 1 0
vt 1 1
vt 0.5 1
vt 0 0
vt 0.5 0
vt 0.5 1
vt 0 1
vt 0.4921 0.501600027
vt 0.496100008 0.750800014
vt -0.00430000015 0.75120002
vt 0.5 1
vt -0 0.5
vt 0.5 0.5
vt 0.5 1
vt -0 0.5
vt 0.5 0.5
vt 0.5 1
vt 0 0.5
vt 0.5 0.5
vt 0.875 1
vt 0.875 0.5
vt 1 0.5
vt 0.875 1
vt 0.875 0.5
vt 1 0.5
vt 0.5 -0
vt 0.496100008 0.250800014
vt -0.00430000015 0.251199991
vt 0.75 1
vt 0.75 0.5
vt 1 0.5
vt 1 0.0311999992
vt 0.75 0.0311999992
vt 0.75 -0
vt 0.5 0.0311999992
vt 0.25 0.0311999992
vt 0.25 -0
vt 0.625 1
vt 0.62470001 0.750100017
vt 0.749800026 0.750100017
vt 0.875 0
vt 0.87470001 0.250099987
vt 0.74970001 0.250099987
vt 1 0.875
vt 0.75 1
vt 0.75 0.875
vt 0.5 0.0313000008
vt 0.25 0.0313000008
vt 0.25 0
vt 0.5 0.875
vt 0.25 1
vt 0.25 0.875
vt 0.5 0.875
vt 0.25 1
vt 0.25 0.875
vt 0.625 0.0313000008
vt 0.625 0.0155999996
vt 0.75 0.0155999996
vt 0.625 0.0625
vt 0.625 0.0469000004
vt 0.75 0.0469000004
vt 0.5 0.0311999992
vt 0.5 0.0469000004
vt -0 0.0469000004
vt 0.5 0
vt 0.5 0.0155999996
vt -0 0.0155999996
vt 0 0
vt 0.5 0
vt 0.5 0.0155999996
vt 0 0.0155999996
vt 0.5 0.875
vt 0.25 1
vt 0.250099987 0.875
vt 0.625 0.875
vt 0.6875 0.875
vt 0.6875 1
vt 0.625 0.875
vt 0.5625 1
vt 0.5625 0.875
vt 0.75 0.0313000008
vt 0.625 0.0313000008
vt 0.625 0.0155999996
vt 0.75 0.0155999996
vt 0.5 0.0313000008
vt 0.5 0.0155999996
vt 0.625 1
vt 0.625 0.875
vt 0.6875 0.875
vt 0.6875 1
vt 0.625 0.75
vt 0.6875 0.75
vt 0.5 0.75
vt 0.5 0.875
vt 0.250099987 0.875
vt 0.25 0.75
vt 0.5 1
vt 0.25 1
vt 0.497999996 0.875400007
vt -0.00219999999 0.87559998
vt 0.5 1
vt 0 1
vt -0 0.25
vt 0.5 0.25
vt 0.5 -0
vt -0 0.25
vt 0.5 0.25
vt 0 0.25
vt 0.5 0.25
vt 0.875 0.25
vt 1 0.25
vt 0.875 -0
vt 1 0
vt 0.875 0.25
vt 1 0.25
vt 0.875 0
vt 1 0
vt 0.494100004 0.376199991
vt -0.00650000013 0.376800001
vt 0.4921 0.501600027
vt -0.00860000029 0.502300024
vt 0.75 0.25
vt 1 0.25
vt 0.75 0
vt 1 0
vt 0.625 0.0311999992
vt 0.625 -0
vt 0.5 0.0311999992
vt 0.5 -0
vt 0.125 0.0311999992
vt 0.125 -0
vt 0 0.0311999992
vt 0 0
vt 0.624599993 0.625100017
vt 0.749599993 0.625100017
vt 0.624499977 0.500199974
vt 0.749499977 0.500100017
vt 0.812099993 0.375099987
vt 0.687099993 0.375099987
vt 0.749499977 0.500100017
vt 0.625 1
vt 0.625 0.875
vt 0.5 1
vt 0.5 0.875
vt 0.125 0.0313000008
vt 0.125 0
vt -0 0.0311999992
vt 0 0
vt 0.125 1
vt 0.125 0.875
vt 0 1
vt 0 0.875
vt 0.125 1
vt 0.125 0.875
vt 0 1
vt 0 0.875
vt 0.625 0.00779999979
vt 0.75 0.00779999979
vt 0.625 0
vt 0.75 0
vt 0.625 0.0390999988
vt 0.75 0.0390999988
vt 0.625 0.0313000008
vt 0.75 0.0313000008
vt 0.5 0.0546999983
vt -0 0.0546999983
vt 0.5 0.0625
vt -0 0.0625
vt 0.5 0.0233999994
vt -0 0.0233999994
vt 0.5 0.0311999992
vt -0 0.0311999992
vt 0.5 0.0233999994
vt -0 0.0233999994
vt 0.5 0.0311999992
vt 0.125 1
vt 0.125100002 0.875
vt 0 1
vt 9.99999975e-05 0.875
vt 0.718699992 0.875
vt 0.718800008 1
vt 0.75 0.875
vt 0.75 1
vt 0.531199992 1
vt 0.531300008 0.875
vt 0.5 1
vt 0.5 0.875
vt 0.625 0.00779999979
vt 0.75 0.00779999979
vt 0.75 0
vt 0.5 0.00779999979
vt 0.718699992 0.875
vt 0.718699992 1
vt 0.75 1
vt 0.718800008 0.75
vt 0.125100002 0.875
vt 0.125 0.75
vt -0 0.75
vt 0.125 1
vt 1 0.75
vt 1 0.875
vt 0.75 0.875
vt 0.75 0.75
vt 1 1
vt 0.75 1
vt 1 0
vt 1 0.0311999992
vt 0.75 0.0311999992
vt 0.75 -0
vt 1 0.0625
vt 0.75 0.0625
vt 0.992900014 0.500800014
vt 1 1
vt 0.75 1
vt 0.742500007 0.50120002
vt 1 0
vt 0.75 -0
vt 0.75 -0
vt 0.75 1
vt 1 0
vt 1 1
vt 0.75 -0
vt 0.75 1
vt 1 0
vt 1 1
vt 0.75 -0
vt 0.75 1
vt 1 0
vt 1 1
vt 1 0.875
vt 0.5 0.8125
vt 1 0.8125
vt 0.5 0.75
vt 1 0.75
vt 1 1
vt 0.5 1
vt 0.5 0.9375
vt 1 0.9375
vt 0.5 0.875
vt 1 0.875
vt 0.5 0
vt 1 0
vt 1 0.0155999996
vt 0.5 0.0155999996
vt 1 0.0311999992
vt 1 0.0311999992
vt 1 0.0469000004
vt 0.5 0.0469000004
vt 1 0.0625
vt 0.992900014 0.500800014
vt 0.996399999 0.750400007
vt 0.496100008 0.750800014
vt 1 1
vt 0.5 -0
vt 1 0
vt 0.996399999 0.250400007
vt 0.496100008 0.250800014
vt 0.992900014 0.500800014
vt 0.4921 0.501600027
vt 1 1
vt 0.5 0.5
vt 1 0.5
vt 0.5 -0
vt 1 0
vt 1 1
vt 0.5 0.5
vt 1 0.5
vt 0.5 -0
vt 1 0
vt 1 1
vt 0.5 0.5
vt 1 0.5
vt 0.5 -0
vt 1 0
vt 0.5 0.0155999996
vt 0.5 0
vt 0.75 0.0155999996
vt 1 0
vt 1 0.0155999996
vt 0.75 0.875
vt 1 0.875
vt 1 0.9375
vt 0.75 0.9375
vt 0.75 1
vt 0.5 0.0233999994
vt 0.75 0.0233999994
vt 1 0.0233999994
vt 0.75 0.0311999992
vt 1 0.0311999992
vt 0.625 0.875
vt 0.625 0.9375
vt 0.625 1
vt 0.5 0.875
vt 0.5 1
vn -0.0195000004 0.27700001 0.960600019
vn -0.0285 0.274100006 0.961300015
vn 0.00159999996 -0.413100004 0.910600007
vn 0.00879999995 -0.410600007 0.91170001
vn -0.697300017 0.403400004 0.592499971
vn -0.684300005 -0.259299994 0.681500018
vn -0.0186000001 0.3125 0.949699998
vn -0.0271000005 0.307399988 0.951200008
vn -0.687399983 0.410699993 0.598999977
vn 0.133499995 0.245499998 0.960099995
vn 0.0229000002 0.4815 0.876100004
vn -0.284700006 0.90259999 0.322699994
vn -0.287099987 0.879599988 0.379099995
vn -0.315499991 0.834900022 0.451000005
vn -0.228599995 0.787999988 0.57160002
vn -0.0174000002 0.368699998 0.92930001
vn -0.0212999992 0.356400013 0.934000015
vn -0.686800003 0.422300011 0.591600001
vn -0.00949999969 0.391099989 0.920300007
vn -0.0137 0.429899991 0.902800024
vn -0.0102000004 0.486799985 0.873399973
vn 0.00300000003 0.426699996 0.904399991
vn -0.686800003 0.426299989 0.58859998
vn -0.6171 0.682600021 0.391299993
vn -0.0212999992 0.356400013 0.934000015
vn -0.0174000002 0.368699998 0.92930001
vn -0.686800003 0.422300011 0.591600001
vn 0.00289999996 0.299499989 0.954100013
vn 0.0229000002 -0.398799986 0.916700006
vn 0.0322999991 -0.405200005 0.913600028
vn 0.00980000012 0.289099991 0.957199991
vn -0.000600000028 0.337399989 0.941399992
vn 0.00380000006 0.326499999 0.945200026
vn 0.49090001 -0.389099985 0.779500008
vn 0.662999988 0.00240000011 0.748600006
vn 0.659699976 0.0434000008 0.750199974
vn -0.00669999979 0.283199996 0.958999991
vn -0.00749999983 0.315100014 0.949000001
vn -0.0102000004 0.314099997 0.949299991
vn -0.00949999969 0.283699989 0.958899975
vn 0.023 -0.408199996 0.912599981
vn 0.0183000006 -0.407799989 0.912899971
vn -0.00389999989 0.293099999 0.956099987
vn 0.0182000007 -0.403499991 0.914799988
vn 0.0229000002 -0.398799986 0.916700006
vn 0.00289999996 0.299499989 0.954100013
vn -0.00100000005 0.336199999 0.941799998
vn -0.000600000028 0.337399989 0.941399992
vn -0.0195000004 0.27700001 0.960600019
vn 0.00879999995 -0.410600007 0.91170001
vn -0.0186000001 0.3125 0.949699998
vn -0.00669999979 0.283199996 0.958999991
vn 0.023 -0.408199996 0.912599981
vn 0.0244999994 -0.409299999 0.912
vn -0.00419999985 0.280600011 0.959800005
vn -0.00749999983 0.315100014 0.949000001
vn -0.00200000009 0.322699994 0.946500003
vn -0.00419999985 0.280600011 0.959800005
vn 0.0244999994 -0.409299999 0.912
vn 0.0182000007 -0.403499991 0.914799988
vn -0.00389999989 0.293099999 0.956099987
vn -0.00200000009 0.322699994 0.946500003
vn -0.00100000005 0.336199999 0.941799998
vn 0.722599983 0.310299993 0.617600024
vn 0.692399979 0.692499995 0.202399999
vn 0.061900001 0.975399971 0.211400002
vn 0.0318999998 0.646399975 0.762300014
vn 0.0397999994 0.977100015 0.208900005
vn 0.0252 0.638999999 0.76880002
vn 0.000199999995 0.545799971 0.837899983
vn -0.249899998 0.927999973 0.2764
vn -0.284700006 0.90259999 0.322699994
vn 0.0229000002 0.4815 0.876100004
vn 0.00829999987 0.576099992 0.817300022
vn -0.158600003 0.955900013 0.247299999
vn -0.158600003 0.955900013 0.247299999
vn 0.00829999987 0.576099992 0.817300022
vn 0.0209999997 0.605499983 0.795599997
vn -0.0648000017 0.973399997 0.219600007
vn -0.0648000017 0.973399997 0.219600007
vn 0.0209999997 0.605499983 0.795599997
vn 0.0187999997 0.628099978 0.777899981
vn -0.00480000023 0.977100015 0.212400004
vn -0.00480000023 0.977100015 0.212400004
vn 0.0187999997 0.628099978 0.777899981
vn 0.0252 0.638999999 0.76880002
vn 0.0397999994 0.977100015 0.208900005
vn 0.670300007 0.140400007 0.728699982
vn 0.0074 0.427899987 0.903800011
vn 0.000300000014 0.41960001 0.907700002
vn 0.0186000001 0.523800015 0.851599991
vn 0.692600012 0.198699996 0.693400025
vn 0.703499973 0.269800007 0.657400012
vn 0.0231999997 0.600499988 0.799199998
vn 0.0105999997 0.518700004 0.854900002
vn 0.0176999997 0.602800012 0.797699988
vn 0.0074 0.427899987 0.903800011
vn 0.670300007 0.140400007 0.728699982
vn 0.000300000014 0.41960001 0.907700002
vn -0.0124000004 0.381000012 0.924499989
vn -0.0174000002 0.368699998 0.92930001
vn -0.00749999983 0.315100014 0.949000001
vn -0.00700000022 0.394300014 0.918900013
vn -0.00749999983 0.315100014 0.949000001
vn -0.00200000009 0.322699994 0.946500003
vn 0.00139999995 0.407999992 0.912999988
vn -0.00700000022 0.394300014 0.918900013
vn -0.0013 0.414900005 0.909799993
vn 0.00139999995 0.407999992 0.912999988
vn -0.00200000009 0.322699994 0.946500003
vn -0.00100000005 0.336199999 0.941799998
vn 0.000300000014 0.41960001 0.907700002
vn -0.0013 0.414900005 0.909799993
vn -0.0137 0.429899991 0.902800024
vn -0.0126 0.460900009 0.887300014
vn -0.0136000002 0.525200009 0.850799978
vn -0.0102000004 0.486799985 0.873399973
vn -0.0174000002 0.368699998 0.92930001
vn -0.0124000004 0.381000012 0.924499989
vn -0.00630000001 0.480500013 0.876900017
vn -0.00600000005 0.550100029 0.834999979
vn -0.00700000022 0.394300014 0.918900013
vn 0.00230000005 0.494399995 0.869199991
vn -0.00630000001 0.480500013 0.876900017
vn -0.00700000022 0.394300014 0.918900013
vn 0.00139999995 0.407999992 0.912999988
vn 0.00490000006 0.574699998 0.818300009
vn -0.00600000005 0.550100029 0.834999979
vn 0.00159999996 0.506399989 0.862299979
vn 0.00230000005 0.494399995 0.869199991
vn 0.00139999995 0.407999992 0.912999988
vn -0.0013 0.414900005 0.909799993
vn 0.00870000012 0.596499979 0.80250001
vn 0.00490000006 0.574699998 0.818300009
vn 0.0105999997 0.518700004 0.854900002
vn 0.00159999996 0.506399989 0.862299979
vn -0.0013 0.414900005 0.909799993
vn 0.000300000014 0.41960001 0.907700002
vn 0.0176999997 0.602800012 0.797699988
vn 0.00870000012 0.596499979 0.80250001
vn 0.0461999997 -0.909699976 -0.412699997
vn 0.0285 -0.274100006 -0.961300015
vn 0.0195000004 -0.27700001 -0.960600019
vn 0.0445000008 -0.911899984 -0.407999992
vn -0.644299984 -0.674700022 -0.360100001
vn -0.643299997 0.0120999999 -0.765500009
vn 0.0285 -0.274100006 -0.961300015
vn 0.0461999997 -0.909699976 -0.412699997
vn 0.0186000001 -0.3125 -0.949699998
vn 0.0195000004 -0.27700001 -0.960600019
vn 0.0285 -0.274100006 -0.961300015
vn 0.0271000005 -0.307399988 -0.951200008
vn 0.0271000005 -0.307399988 -0.951200008
vn -0.643299997 0.0120999999 -0.765500009
vn -0.653599977 -0.00860000029 -0.756799996
vn -0.334199995 0.237000003 -0.912199974
vn -0.0229000002 -0.4815 -0.876100004
vn -0.133599997 -0.245499998 -0.960099995
vn -0.351700008 0.273600012 -0.895200014
vn -0.351700008 0.273600012 -0.895200014
vn -0.133599997 -0.245499998 -0.960099995
vn -0.388599992 0.321099997 -0.863600016
vn -0.422399998 0.46419999 -0.778500021
vn 0.0174000002 -0.368699998 -0.92930001
vn 0.0186000001 -0.3125 -0.949699998
vn 0.0271000005 -0.307399988 -0.951200008
vn 0.0212999992 -0.356400013 -0.934000015
vn 0.0212999992 -0.356400013 -0.934000015
vn -0.653599977 -0.00860000029 -0.756799996
vn -0.663100004 -0.066200003 -0.745500028
vn 0.0102000004 -0.486799985 -0.873399973
vn 0.0137 -0.429899991 -0.902800024
vn 0.00949999969 -0.391099989 -0.920300007
vn -0.00300000003 -0.426699996 -0.904399991
vn -0.00300000003 -0.426699996 -0.904399991
vn 0.00949999969 -0.391099989 -0.920300007
vn -0.680000007 -0.0987000018 -0.726599991
vn -0.621599972 0.179700002 -0.762399971
vn 0.0137 -0.429899991 -0.902800024
vn 0.0174000002 -0.368699998 -0.92930001
vn 0.0212999992 -0.356400013 -0.934000015
vn 0.00949999969 -0.391099989 -0.920300007
vn 0.0212999992 -0.356400013 -0.934000015
vn -0.663100004 -0.066200003 -0.745500028
vn -0.680000007 -0.0987000018 -0.726599991
vn 0.0192000009 -0.913699985 -0.405900002
vn 0.0244999994 -0.917400002 -0.397199988
vn -0.00289999996 -0.299499989 -0.954100013
vn -0.00980000012 -0.289099991 -0.957199991
vn -0.00980000012 -0.289099991 -0.957199991
vn -0.00289999996 -0.299499989 -0.954100013
vn 0.000600000028 -0.337399989 -0.941399992
vn -0.00380000006 -0.326499999 -0.945200026
vn 0.478100002 -0.809899986 -0.339599997
vn 0.0192000009 -0.913699985 -0.405900002
vn -0.00980000012 -0.289099991 -0.957199991
vn 0.684199989 -0.407799989 -0.604499996
vn 0.684199989 -0.407799989 -0.604499996
vn -0.00380000006 -0.326499999 -0.945200026
vn 0.691500008 -0.433600008 -0.577799976
vn 0.0102000004 -0.314099997 -0.949299991
vn 0.00749999983 -0.315100014 -0.949000001
vn 0.00669999979 -0.283199996 -0.958999991
vn 0.00949999969 -0.283699989 -0.958899975
vn 0.00949999969 -0.283699989 -0.958899975
vn 0.00669999979 -0.283199996 -0.958999991
vn 0.0368999988 -0.912800014 -0.406699985
vn 0.0384999998 -0.911800027 -0.408800006
vn 0.0244999994 -0.917400002 -0.397199988
vn 0.0302000009 -0.913399994 -0.405999988
vn 0.00389999989 -0.293099999 -0.956099987
vn -0.00289999996 -0.299499989 -0.954100013
vn -0.00289999996 -0.299499989 -0.954100013
vn 0.00389999989 -0.293099999 -0.956099987
vn 0.00100000005 -0.336199999 -0.941799998
vn 0.000600000028 -0.337399989 -0.941399992
vn 0.0384999998 -0.911800027 -0.408800006
vn 0.0445000008 -0.911899984 -0.407999992
vn 0.0195000004 -0.27700001 -0.960600019
vn 0.00949999969 -0.283699989 -0.958899975
vn 0.0195000004 -0.27700001 -0.960600019
vn 0.0186000001 -0.3125 -0.949699998
vn 0.0102000004 -0.314099997 -0.949299991
vn 0.0346999988 -0.910399973 -0.412200004
vn 0.0368999988 -0.912800014 -0.406699985
vn 0.00669999979 -0.283199996 -0.958999991
vn 0.00419999985 -0.280600011 -0.959800005
vn 0.00419999985 -0.280600011 -0.959800005
vn 0.00669999979 -0.283199996 -0.958999991
vn 0.00749999983 -0.315100014 -0.949000001
vn 0.00200000009 -0.322699994 -0.946500003
vn 0.0302000009 -0.913399994 -0.405999988
vn 0.0346999988 -0.910399973 -0.412200004
vn 0.00419999985 -0.280600011 -0.959800005
vn 0.00389999989 -0.293099999 -0.956099987
vn 0.00419999985 -0.280600011 -0.959800005
vn 0.00200000009 -0.322699994 -0.946500003
vn 0.0258000009 0.210099995 -0.977299988
vn 0.63380003 0.1021 -0.766700029
vn 0.65170002 -0.603500009 -0.459300011
vn -0.0318999998 -0.646399975 -0.762300014
vn 0.00730000017 0.226699993 -0.97390002
vn 0.0258000009 0.210099995 -0.977299988
vn -0.0318999998 -0.646399975 -0.762300014
vn -0.0252 -0.638999999 -0.76880002
vn -0.334199995 0.237000003 -0.912199974
vn -0.282700002 0.234200001 -0.930100024
vn -0.000199999995 -0.545799971 -0.837899983
vn -0.0229000002 -0.4815 -0.876100004
vn -0.282700002 0.234200001 -0.930100024
vn -0.209000006 0.257699996 -0.943300009
vn -0.00829999987 -0.576099992 -0.817300022
vn -0.000199999995 -0.545799971 -0.837899983
vn -0.0209999997 -0.605499983 -0.795599997
vn -0.00829999987 -0.576099992 -0.817300022
vn -0.209000006 0.257699996 -0.943300009
vn -0.112099998 0.247700006 -0.962300003
vn -0.0187999997 -0.628099978 -0.777899981
vn -0.0209999997 -0.605499983 -0.795599997
vn -0.112099998 0.247700006 -0.962300003
vn -0.0372000001 0.232199997 -0.971899986
vn -0.0252 -0.638999999 -0.76880002
vn -0.0187999997 -0.628099978 -0.777899981
vn -0.0372000001 0.232199997 -0.971899986
vn 0.00730000017 0.226699993 -0.97390002
vn 0.689899981 -0.495099992 -0.528100014
vn -0.00380000006 -0.326499999 -0.945200026
vn -0.0074 -0.427899987 -0.903800011
vn -0.0074 -0.427899987 -0.903800011
vn 0.000600000028 -0.337399989 -0.941399992
vn -0.000300000014 -0.41960001 -0.907700002
vn 0.674399972 -0.578000009 -0.459300011
vn 0.663299978 -0.548300028 -0.509299994
vn -0.0186000001 -0.523800015 -0.851599991
vn -0.0232999995 -0.600499988 -0.799199998
vn -0.0232999995 -0.600499988 -0.799199998
vn -0.0186000001 -0.523800015 -0.851599991
vn -0.0105999997 -0.518700004 -0.854900002
vn -0.0176999997 -0.602800012 -0.797699988
vn 0.663299978 -0.548300028 -0.509299994
vn 0.689899981 -0.495099992 -0.528100014
vn -0.0074 -0.427899987 -0.903800011
vn -0.0186000001 -0.523800015 -0.851599991
vn -0.0074 -0.427899987 -0.903800011
vn -0.000300000014 -0.41960001 -0.907700002
vn -0.0105999997 -0.518700004 -0.854900002
vn 0.0124000004 -0.381000012 -0.924499989
vn 0.0186000001 -0.3125 -0.949699998
vn 0.0174000002 -0.368699998 -0.92930001
vn 0.00700000022 -0.394300014 -0.918900013
vn 0.00749999983 -0.315100014 -0.949000001
vn 0.0102000004 -0.314099997 -0.949299991
vn 0.0124000004 -0.381000012 -0.924499989
vn -0.00139999995 -0.407999992 -0.912999988
vn 0.00200000009 -0.322699994 -0.946500003
vn 0.00749999983 -0.315100014 -0.949000001
vn 0.00700000022 -0.394300014 -0.918900013
vn 0.00200000009 -0.322699994 -0.946500003
vn -0.00139999995 -0.407999992 -0.912999988
vn 0.0013 -0.414900005 -0.909799993
vn 0.00100000005 -0.336199999 -0.941799998
vn 0.00100000005 -0.336199999 -0.941799998
vn 0.0013 -0.414900005 -0.909799993
vn -0.000300000014 -0.41960001 -0.907700002
vn 0.0136000002 -0.525200009 -0.850799978
vn 0.0126 -0.460900009 -0.887300014
vn 0.0137 -0.429899991 -0.902800024
vn 0.0102000004 -0.486799985 -0.873399973
vn 0.0126 -0.460900009 -0.887300014
vn 0.0124000004 -0.381000012 -0.924499989
vn 0.0174000002 -0.368699998 -0.92930001
vn 0.0137 -0.429899991 -0.902800024
vn 0.00600000005 -0.550100029 -0.834999979
vn 0.00630000001 -0.480500013 -0.876900017
vn 0.0126 -0.460900009 -0.887300014
vn 0.0136000002 -0.525200009 -0.850799978
vn 0.00630000001 -0.480500013 -0.876900017
vn 0.00700000022 -0.394300014 -0.918900013
vn 0.0124000004 -0.381000012 -0.924499989
vn 0.00700000022 -0.394300014 -0.918900013
vn 0.00630000001 -0.480500013 -0.876900017
vn -0.00230000005 -0.494399995 -0.869199991
vn -0.00139999995 -0.407999992 -0.912999988
vn 0.00630000001 -0.480500013 -0.876900017
vn 0.00600000005 -0.550100029 -0.834999979
vn -0.00490000006 -0.574699998 -0.818300009
vn -0.00230000005 -0.494399995 -0.869199991
vn -0.00139999995 -0.407999992 -0.912999988
vn -0.00230000005 -0.494399995 -0.869199991
vn -0.00159999996 -0.506399989 -0.862299979
vn 0.0013 -0.414900005 -0.909799993
vn -0.00230000005 -0.494399995 -0.869199991
vn -0.00490000006 -0.574699998 -0.818300009
vn -0.00870000012 -0.596499979 -0.80250001
vn -0.00159999996 -0.506399989 -0.862299979
vn 0.0013 -0.414900005 -0.909799993
vn -0.00159999996 -0.506399989 -0.862299979
vn -0.0105999997 -0.518700004 -0.854900002
vn -0.000300000014 -0.41960001 -0.907700002
vn -0.00159999996 -0.506399989 -0.862299979
vn -0.00870000012 -0.596499979 -0.80250001
vn -0.0176999997 -0.602800012 -0.797699988
vn -0.0105999997 -0.518700004 -0.854900002
vn -0.368400007 0.841300011 -0.395399988
vn -0.432999998 0.815900028 -0.382999986
vn -0.284700006 0.90259999 0.322699994
vn 0.0397999994 0.977100015 0.208900005
vn 0.0355999991 0.903500021 -0.427100003
vn -0.0263999999 0.903900027 -0.426899999
vn -0.00480000023 0.977100015 0.212400004
vn -0.0263999999 0.903900027 -0.426899999
vn -0.118500002 0.898000002 -0.423599988
vn -0.0648000017 0.973399997 0.219600007
vn -0.118500002 0.898000002 -0.423599988
vn -0.250499994 0.875899971 -0.412400007
vn 0.0414000005 -0.903500021 0.426600009
vn 0.0412000008 -0.903500021 0.426600009
vn 0.0244999994 -0.409299999 0.912
vn 0.0412000008 -0.903500021 0.426600009
vn 0.0335999988 -0.903699994 0.426800013
vn 0.0182000007 -0.403499991 0.914799988
vn -0.250499994 0.875899971 -0.412400007
vn -0.368400007 0.841300011 -0.395399988
vn -0.249899998 0.927999973 0.2764
vn 0.0335999988 -0.903699994 0.426800013
vn 0.0333999991 -0.903699994 0.426800013
vn 0.0229000002 -0.398799986 0.916700006
vn 0.958000004 -0.261400014 0.118000001
vn 0.959599972 -0.256599993 0.115699999
vn 0.692600012 0.198699996 0.693400025
vn 0.959599972 -0.256599993 0.115699999
vn 0.9648 -0.239600003 0.107699998
vn 0.703499973 0.269800007 0.657400012
vn 0.0355999991 -0.903699994 0.426699996
vn 0.0388999991 -0.903599977 0.426699996
vn 0.0183000006 -0.407799989 0.912899971
vn 0.0183000006 -0.407799989 0.912899971
vn 0.0388999991 -0.903599977 0.426699996
vn 0.0414000005 -0.903500021 0.426600009
vn -0.686800003 0.426299989 0.58859998
vn -0.967700005 0.229900002 -0.103
vn -0.961000025 0.252099991 -0.113600001
vn 0.953499973 -0.274399996 0.124200001
vn 0.958000004 -0.261400014 0.118000001
vn 0.670300007 0.140400007 0.728699982
vn -0.686800003 0.422300011 0.591600001
vn -0.961000025 0.252099991 -0.113600001
vn -0.951300025 0.280699998 -0.127100006
vn -0.6171 0.682600021 0.391299993
vn -0.796899974 0.547900021 -0.254299998
vn -0.967700005 0.229900002 -0.103
vn 0.0370000005 -0.903599977 0.426699996
vn 0.603699982 -0.722100019 0.337700009
vn 0.49090001 -0.389099985 0.779500008
vn 0.0333999991 -0.903699994 0.426800013
vn 0.0370000005 -0.903599977 0.426699996
vn 0.0322999991 -0.405200005 0.913600028
vn 0.0649000034 0.902100027 -0.426600009
vn 0.0355999991 0.903500021 -0.427100003
vn 0.0397999994 0.977100015 0.208900005
vn 0.806900024 0.532199979 -0.256099999
vn 0.0649000034 0.902100027 -0.426600009
vn 0.061900001 0.975399971 0.211400002
vn 0.722599983 0.310299993 0.617600024
vn 0.970799983 -0.219099998 0.0979000032
vn 0.806900024 0.532199979 -0.256099999
vn 0.692399979 0.692499995 0.202399999
vn -0.228599995 0.787999988 0.57160002
vn -0.476200014 0.79610002 -0.373400003
vn -0.500199974 0.783999979 -0.367500007
vn -0.94749999 0.291000009 -0.132100001
vn -0.80309999 -0.536899984 0.258300006
vn -0.684300005 -0.259299994 0.681500018
vn -0.687399983 0.410699993 0.598999977
vn -0.951300025 0.280699998 -0.127100006
vn -0.94749999 0.291000009 -0.132100001
vn 0.49090001 -0.389099985 0.779500008
vn 0.603699982 -0.722100019 0.337700009
vn 0.951900005 -0.279100001 0.126399994
vn 0.662999988 0.00240000011 0.748600006
vn 0.953499973 -0.274399996 0.124200001
vn 0.659699976 0.0434000008 0.750199974
vn -0.684300005 -0.259299994 0.681500018
vn -0.80309999 -0.536899984 0.258300006
vn 0.0310999993 -0.903800011 0.426800013
vn 0.00159999996 -0.413100004 0.910600007
vn 0.0355999991 -0.903699994 0.426699996
vn 0.00879999995 -0.410600007 0.91170001
vn -0.284700006 0.90259999 0.322699994
vn -0.432999998 0.815900028 -0.382999986
vn -0.451900005 0.807600021 -0.379000008
vn -0.287099987 0.879599988 0.379099995
vn -0.476200014 0.79610002 -0.373400003
vn -0.228599995 0.787999988 0.57160002
vn -0.368400007 0.841400027 -0.395399988
vn -0.432999998 0.815900028 -0.382999986
vn -0.282700002 0.234200001 -0.930100024
vn -0.334199995 0.237000003 -0.912199974
vn 0.0355999991 0.903500021 -0.427100003
vn -0.0263999999 0.903900027 -0.426899999
vn 0.00730000017 0.226699993 -0.97390002
vn -0.0263999999 0.903900027 -0.426899999
vn -0.118500002 0.898000002 -0.423700005
vn -0.118500002 0.898000002 -0.423700005
vn -0.250499994 0.875899971 -0.412400007
vn 0.0414000005 -0.903400004 0.426600009
vn 0.0412999988 -0.903500021 0.426600009
vn 0.0368999988 -0.912800014 -0.406699985
vn 0.0346999988 -0.910399973 -0.412200004
vn 0.0412999988 -0.903500021 0.426600009
vn 0.0335999988 -0.903699994 0.426800013
vn 0.0346999988 -0.910399973 -0.412200004
vn 0.0302000009 -0.913399994 -0.405999988
vn -0.250499994 0.875899971 -0.412400007
vn -0.368400007 0.841400027 -0.395399988
vn -0.209000006 0.257699996 -0.943300009
vn -0.282700002 0.234200001 -0.930100024
vn 0.0335999988 -0.903699994 0.426800013
vn 0.0333999991 -0.903699994 0.426800013
vn 0.0302000009 -0.913399994 -0.405999988
vn 0.0244999994 -0.917400002 -0.397199988
vn 0.958000004 -0.261400014 0.118000001
vn 0.959599972 -0.256599993 0.115699999
vn 0.689899981 -0.495099992 -0.528100014
vn 0.663299978 -0.548300028 -0.509299994
vn 0.959599972 -0.256599993 0.115699999
vn 0.9648 -0.239700004 0.107699998
vn 0.663299978 -0.548300028 -0.509299994
vn 0.674399972 -0.578000009 -0.459300011
vn 0.0355999991 -0.903699994 0.426699996
vn 0.0388999991 -0.903500021 0.426699996
vn 0.0445000008 -0.911899984 -0.407999992
vn 0.0384999998 -0.911800027 -0.408800006
vn 0.0388999991 -0.903500021 0.426699996
vn 0.0414000005 -0.903400004 0.426600009
vn 0.0368999988 -0.912800014 -0.406699985
vn -0.967700005 0.229900002 -0.103
vn -0.961000025 0.252099991 -0.113600001
vn -0.680000007 -0.0987000018 -0.726599991
vn -0.663100004 -0.066200003 -0.745500028
vn 0.953599989 -0.274399996 0.1241
vn 0.958000004 -0.261400014 0.118000001
vn 0.691500008 -0.433600008 -0.577799976
vn 0.689899981 -0.495099992 -0.528100014
vn -0.961000025 0.252099991 -0.113600001
vn -0.951300025 0.280699998 -0.127100006
vn -0.663100004 -0.066200003 -0.745500028
vn -0.653599977 -0.00860000029 -0.756799996
vn -0.796899974 0.547900021 -0.254299998
vn -0.967700005 0.229900002 -0.103
vn -0.621599972 0.179700002 -0.762399971
vn -0.680000007 -0.0987000018 -0.726599991
vn 0.0370000005 -0.903599977 0.426699996
vn 0.603699982 -0.722100019 0.337700009
vn 0.0192000009 -0.913699985 -0.405900002
vn 0.478100002 -0.809899986 -0.339599997
vn 0.0333999991 -0.903699994 0.426800013
vn 0.0370000005 -0.903599977 0.426699996
vn 0.0244999994 -0.917400002 -0.397199988
vn 0.0192000009 -0.913699985 -0.405900002
vn 0.0649000034 0.902100027 -0.426600009
vn 0.0355999991 0.903500021 -0.427100003
vn 0.0258000009 0.210099995 -0.977299988
vn 0.00730000017 0.226699993 -0.97390002
vn 0.806999981 0.532199979 -0.256099999
vn 0.0649000034 0.902100027 -0.426600009
vn 0.63380003 0.1021 -0.766700029
vn 0.0258000009 0.210099995 -0.977299988
vn 0.970799983 -0.219099998 0.0979000032
vn 0.806999981 0.532199979 -0.256099999
vn 0.63380003 0.1021 -0.766700029
vn -0.476200014 0.79610002 -0.373400003
vn -0.500199974 0.783999979 -0.367599994
vn -0.422399998 0.46419999 -0.778500021
vn -0.388599992 0.321099997 -0.863600016
vn -0.94749999 0.291000009 -0.132100001
vn -0.80309999 -0.536899984 0.258300006
vn -0.643299997 0.0120999999 -0.765500009
vn -0.644299984 -0.674700022 -0.360100001
vn -0.951300025 0.280699998 -0.127100006
vn -0.94749999 0.291000009 -0.132100001
vn -0.653599977 -0.00860000029 -0.756799996
vn -0.643299997 0.0120999999 -0.765500009
vn 0.603699982 -0.722100019 0.337700009
vn 0.951900005 -0.279100001 0.126399994
vn 0.478100002 -0.809899986 -0.339599997
vn 0.953599989 -0.274399996 0.1241
vn -0.80309999 -0.536899984 0.258300006
vn 0.0310999993 -0.903800011 0.426800013
vn -0.644299984 -0.674700022 -0.360100001
vn 0.0355999991 -0.903699994 0.426699996
vn -0.432999998 0.815900028 -0.382999986
vn -0.451900005 0.807600021 -0.378899992
vn -0.334199995 0.237000003 -0.912199974
vn -0.476200014 0.79610002 -0.373400003
vn -0.0102000004 0.486799985 0.873399973
vn 0.00120000006 0.4991 0.86650002
vn 0.0390000008 0.396299988 0.917299986
vn 0.00300000003 0.426699996 0.904399991
vn -0.343699992 0.856100023 0.385800004
vn -0.6171 0.682600021 0.391299993
vn 0.703499973 0.269800007 0.657400012
vn 0.721199989 0.311699986 0.618600011
vn 0.0273000002 0.647300005 0.761699975
vn 0.0231999997 0.600499988 0.799199998
vn 0.0216000006 0.639800012 0.76819998
vn 0.0176999997 0.602800012 0.797699988
vn -0.0136000002 0.525200009 0.850799978
vn -0.00800000038 0.548200011 0.836300015
vn 0.00120000006 0.4991 0.86650002
vn -0.0102000004 0.486799985 0.873399973
vn -0.00600000005 0.550100029 0.834999979
vn -0.000300000014 0.577700019 0.816200018
vn -0.000300000014 0.577700019 0.816200018
vn 0.0131000001 0.606999993 0.79460001
vn -0.00600000005 0.550100029 0.834999979
vn 0.00490000006 0.574699998 0.818300009
vn 0.0131000001 0.606999993 0.79460001
vn 0.0148999998 0.629000008 0.7773
vn 0.00490000006 0.574699998 0.818300009
vn 0.00870000012 0.596499979 0.80250001
vn 0.0148999998 0.629000008 0.7773
vn 0.0216000006 0.639800012 0.76819998
vn 0.00870000012 0.596499979 0.80250001
vn 0.0176999997 0.602800012 0.797699988
vn -0.0229000002 -0.4815 -0.876100004
vn -0.00120000006 -0.4991 -0.86650002
vn -0.0390000008 -0.396299988 -0.917299986
vn 0.0102000004 -0.486799985 -0.873399973
vn -0.00300000003 -0.426699996 -0.904399991
vn -0.133599997 -0.245499998 -0.960099995
vn -0.0390000008 -0.396299988 -0.917299986
vn -0.363700002 0.2579 -0.895099998
vn -0.388599992 0.321099997 -0.863600016
vn -0.00300000003 -0.426699996 -0.904399991
vn -0.621599972 0.179700002 -0.762399971
vn 0.65170002 -0.603500009 -0.459300011
vn 0.653400004 -0.602800012 -0.457899988
vn -0.0273000002 -0.647300005 -0.761699975
vn -0.0318999998 -0.646399975 -0.762300014
vn -0.0232999995 -0.600499988 -0.799199998
vn -0.0273000002 -0.647300005 -0.761699975
vn -0.0216000006 -0.639800012 -0.76819998
vn -0.0252 -0.638999999 -0.76880002
vn -0.0176999997 -0.602800012 -0.797699988
vn 0.00800000038 -0.548200011 -0.836300015
vn -0.00120000006 -0.4991 -0.86650002
vn -0.0229000002 -0.4815 -0.876100004
vn 0.0102000004 -0.486799985 -0.873399973
vn -0.00829999987 -0.576099992 -0.817300022
vn 0.000300000014 -0.577700019 -0.816200018
vn 0.00800000038 -0.548200011 -0.836300015
vn -0.000199999995 -0.545799971 -0.837899983
vn 0.00600000005 -0.550100029 -0.834999979
vn 0.0136000002 -0.525200009 -0.850799978
vn 0.00600000005 -0.550100029 -0.834999979
vn 0.000300000014 -0.577700019 -0.816200018
vn -0.0131000001 -0.606999993 -0.79460001
vn -0.00829999987 -0.576099992 -0.817300022
vn -0.0209999997 -0.605499983 -0.795599997
vn -0.00490000006 -0.574699998 -0.818300009
vn -0.0131000001 -0.606999993 -0.79460001
vn -0.0148999998 -0.629000008 -0.7773
vn -0.0209999997 -0.605499983 -0.795599997
vn -0.0187999997 -0.628099978 -0.777899981
vn -0.00870000012 -0.596499979 -0.80250001
vn -0.0148999998 -0.629000008 -0.7773
vn -0.0216000006 -0.639800012 -0.76819998
vn -0.0187999997 -0.628099978 -0.777899981
vn -0.0252 -0.638999999 -0.76880002
vn 0.9648 -0.239600003 0.107699998
vn 0.970799983 -0.219099998 0.0979000032
vn 0.703499973 0.269800007 0.657400012
vn 0.970799983 -0.219099998 0.0979000032
vn 0.722599983 0.310299993 0.617600024
vn -0.500199974 0.783999979 -0.367500007
vn -0.500199974 0.783999979 -0.367599994
vn -0.343699992 0.856100023 0.385800004
vn -0.315499991 0.834900022 0.451000005
vn -0.796899974 0.547900021 -0.254299998
vn 0.9648 -0.239700004 0.107699998
vn 0.970799983 -0.219099998 0.0979000032
vn 0.970799983 -0.219099998 0.0979000032
vn 0.653400004 -0.602800012 -0.457899988
vn 0.65170002 -0.603500009 -0.459300011
vn -0.500199974 0.783999979 -0.367599994
vn -0.500199974 0.783999979 -0.367599994
vn -0.796899974 0.547900021 -0.254299998
vn -0.388599992 0.321099997 -0.863600016
vn -0.621599972 0.179700002 -0.762399971
vn -0.0195000004 0.27700001 -0.960600019
vn 0.00879999995 -0.410600007 -0.91170001
vn 0.00159999996 -0.413100004 -0.910600007
vn -0.0285 0.274100006 -0.961300015
vn -0.684300005 -0.259299994 -0.681500018
vn -0.697300017 0.403400004 -0.592499971
vn -0.0271000005 0.307399988 -0.951200008
vn -0.0186000001 0.3125 -0.949699998
vn -0.687399983 0.410699993 -0.598999977
vn 0.133499995 0.245499998 -0.960099995
vn -0.287099987 0.879599988 -0.379099995
vn -0.284700006 0.90259999 -0.322699994
vn 0.0229000002 0.4815 -0.876100004
vn -0.315499991 0.834900022 -0.451000005
vn -0.228599995 0.787999988 -0.57160002
vn -0.0212999992 0.356400013 -0.934000015
vn -0.0174000002 0.368699998 -0.92930001
vn -0.686800003 0.422300011 -0.591600001
vn -0.00949999969 0.391099989 -0.920300007
vn 0.00300000003 0.426699996 -0.904399991
vn -0.0102000004 0.486799985 -0.873399973
vn -0.0137 0.429899991 -0.902800024
vn -0.686800003 0.426299989 -0.58859998
vn -0.6171 0.682600021 -0.391299993
vn -0.0212999992 0.356400013 -0.934000015
vn -0.0174000002 0.368699998 -0.92930001
vn -0.686800003 0.422300011 -0.591600001
vn 0.00289999996 0.299499989 -0.954100013
vn 0.00980000012 0.289099991 -0.957199991
vn 0.0322999991 -0.405200005 -0.913600028
vn 0.0229000002 -0.398799986 -0.916700006
vn -0.000600000028 0.337399989 -0.941399992
vn 0.00380000006 0.326499999 -0.945200026
vn 0.662999988 0.00240000011 -0.748600006
vn 0.49090001 -0.389099985 -0.779500008
vn 0.659699976 0.0434000008 -0.750199974
vn -0.00669999979 0.283199996 -0.958999991
vn -0.00949999969 0.283699989 -0.958899975
vn -0.0102000004 0.314099997 -0.949299991
vn -0.00749999983 0.315100014 -0.949000001
vn 0.023 -0.408199996 -0.912599981
vn 0.0183000006 -0.407799989 -0.912899971
vn -0.00389999989 0.293099999 -0.956099987
vn 0.00289999996 0.299499989 -0.954100013
vn 0.0229000002 -0.398799986 -0.916700006
vn 0.0182000007 -0.403499991 -0.914799988
vn -0.00100000005 0.336199999 -0.941799998
vn -0.000600000028 0.337399989 -0.941399992
vn -0.0195000004 0.27700001 -0.960600019
vn 0.00879999995 -0.410600007 -0.91170001
vn -0.0186000001 0.3125 -0.949699998
vn -0.00669999979 0.283199996 -0.958999991
vn -0.00419999985 0.280600011 -0.959800005
vn 0.0244999994 -0.409299999 -0.912
vn 0.023 -0.408199996 -0.912599981
vn -0.00749999983 0.315100014 -0.949000001
vn -0.00200000009 0.322699994 -0.946500003
vn -0.00419999985 0.280600011 -0.959800005
vn -0.00389999989 0.293099999 -0.956099987
vn 0.0182000007 -0.403499991 -0.914799988
vn 0.0244999994 -0.409299999 -0.912
vn -0.00200000009 0.322699994 -0.946500003
vn -0.00100000005 0.336199999 -0.941799998
vn 0.722599983 0.310299993 -0.617600024
vn 0.0318999998 0.646399975 -0.762300014
vn 0.061900001 0.975399971 -0.211400002
vn 0.692399979 0.692499995 -0.202399999
vn 0.0252 0.638999999 -0.76880002
vn 0.0397999994 0.977100015 -0.208900005
vn 0.000199999995 0.545799971 -0.837899983
vn 0.0229000002 0.4815 -0.876100004
vn -0.284700006 0.90259999 -0.322699994
vn -0.249899998 0.927999973 -0.2764
vn 0.00829999987 0.576099992 -0.817300022
vn -0.158600003 0.955900013 -0.247299999
vn -0.158600003 0.955900013 -0.247299999
vn -0.0648000017 0.973399997 -0.219600007
vn 0.0209999997 0.605499983 -0.795599997
vn 0.00829999987 0.576099992 -0.817300022
vn -0.0648000017 0.973399997 -0.219600007
vn -0.00480000023 0.977100015 -0.212400004
vn 0.0187999997 0.628099978 -0.777899981
vn 0.0209999997 0.605499983 -0.795599997
vn -0.00480000023 0.977100015 -0.212400004
vn 0.0397999994 0.977100015 -0.208900005
vn 0.0252 0.638999999 -0.76880002
vn 0.0187999997 0.628099978 -0.777899981
vn 0.0074 0.427899987 -0.903800011
vn 0.670300007 0.140400007 -0.728699982
vn 0.000300000014 0.41960001 -0.907700002
vn 0.0186000001 0.523800015 -0.851599991
vn 0.0232999995 0.600499988 -0.799199998
vn 0.703499973 0.269800007 -0.657400012
vn 0.692600012 0.198699996 -0.693400025
vn 0.0105999997 0.518700004 -0.854900002
vn 0.0176999997 0.602800012 -0.797699988
vn 0.0074 0.427899987 -0.903800011
vn 0.670300007 0.140400007 -0.728699982
vn 0.000300000014 0.41960001 -0.907700002
vn -0.0174000002 0.368699998 -0.92930001
vn -0.0124000004 0.381000012 -0.924499989
vn -0.00700000022 0.394300014 -0.918900013
vn -0.00749999983 0.315100014 -0.949000001
vn -0.00749999983 0.315100014 -0.949000001
vn -0.00700000022 0.394300014 -0.918900013
vn 0.00139999995 0.407999992 -0.912999988
vn -0.00200000009 0.322699994 -0.946500003
vn -0.0013 0.414900005 -0.909799993
vn -0.00100000005 0.336199999 -0.941799998
vn -0.00200000009 0.322699994 -0.946500003
vn 0.00139999995 0.407999992 -0.912999988
vn 0.000300000014 0.41960001 -0.907700002
vn -0.0013 0.414900005 -0.909799993
vn -0.0137 0.429899991 -0.902800024
vn -0.0102000004 0.486799985 -0.873399973
vn -0.0136000002 0.525200009 -0.850799978
vn -0.0126 0.460900009 -0.887300014
vn -0.0174000002 0.368699998 -0.92930001
vn -0.0124000004 0.381000012 -0.924499989
vn -0.00600000005 0.550100029 -0.834999979
vn -0.00630000001 0.480500013 -0.876900017
vn -0.00700000022 0.394300014 -0.918900013
vn 0.00230000005 0.494399995 -0.869199991
vn 0.00139999995 0.407999992 -0.912999988
vn -0.00700000022 0.394300014 -0.918900013
vn -0.00630000001 0.480500013 -0.876900017
vn 0.00490000006 0.574699998 -0.818300009
vn -0.00600000005 0.550100029 -0.834999979
vn 0.00159999996 0.506399989 -0.862299979
vn -0.0013 0.414900005 -0.909799993
vn 0.00139999995 0.407999992 -0.912999988
vn 0.00230000005 0.494399995 -0.869199991
vn 0.00870000012 0.596499979 -0.80250001
vn 0.00490000006 0.574699998 -0.818300009
vn 0.0105999997 0.518700004 -0.854900002
vn 0.000300000014 0.41960001 -0.907700002
vn -0.0013 0.414900005 -0.909799993
vn 0.00159999996 0.506399989 -0.862299979
vn 0.0176999997 0.602800012 -0.797699988
vn 0.00870000012 0.596499979 -0.80250001
vn 0.0461999997 -0.909699976 0.412699997
vn 0.0445000008 -0.911899984 0.407999992
vn 0.0195000004 -0.27700001 0.960600019
vn 0.0285 -0.274100006 0.961300015
vn -0.644299984 -0.674600005 0.360100001
vn 0.0461999997 -0.909699976 0.412699997
vn 0.0285 -0.274100006 0.961300015
vn -0.643299997 0.0120999999 0.765500009
vn 0.0186000001 -0.3125 0.949699998
vn 0.0271000005 -0.307399988 0.951200008
vn 0.0285 -0.274100006 0.961300015
vn 0.0195000004 -0.27700001 0.960600019
vn 0.0271000005 -0.307399988 0.951200008
vn -0.653599977 -0.00860000029 0.756799996
vn -0.643299997 0.0120999999 0.765500009
vn -0.334199995 0.237000003 0.912199974
vn -0.351700008 0.273600012 0.895200014
vn -0.133599997 -0.245499998 0.960099995
vn -0.0229000002 -0.4815 0.876100004
vn -0.351700008 0.273600012 0.895200014
vn -0.422399998 0.46419999 0.778500021
vn -0.388599992 0.32100001 0.863600016
vn -0.133599997 -0.245499998 0.960099995
vn 0.0174000002 -0.368699998 0.92930001
vn 0.0212999992 -0.356400013 0.934000015
vn 0.0271000005 -0.307399988 0.951200008
vn 0.0186000001 -0.3125 0.949699998
vn 0.0212999992 -0.356400013 0.934000015
vn -0.663100004 -0.066200003 0.745500028
vn -0.653599977 -0.00860000029 0.756799996
vn 0.0102000004 -0.486799985 0.873399973
vn -0.00300000003 -0.426699996 0.904399991
vn 0.00949999969 -0.391099989 0.920300007
vn 0.0137 -0.429899991 0.902800024
vn -0.00300000003 -0.426699996 0.904399991
vn -0.621599972 0.179700002 0.762399971
vn -0.680000007 -0.0987000018 0.726599991
vn 0.00949999969 -0.391099989 0.920300007
vn 0.0137 -0.429899991 0.902800024
vn 0.0212999992 -0.356400013 0.934000015
vn 0.0174000002 -0.368699998 0.92930001
vn 0.00949999969 -0.391099989 0.920300007
vn -0.680000007 -0.0987000018 0.726599991
vn -0.663100004 -0.066200003 0.745500028
vn 0.0212999992 -0.356400013 0.934000015
vn 0.0192000009 -0.913699985 0.405900002
vn -0.00980000012 -0.289099991 0.957199991
vn -0.00289999996 -0.299499989 0.954100013
vn 0.0244999994 -0.917400002 0.397199988
vn -0.00980000012 -0.289099991 0.957199991
vn -0.00380000006 -0.326499999 0.945200026
vn 0.000600000028 -0.337399989 0.941399992
vn -0.00289999996 -0.299499989 0.954100013
vn 0.478100002 -0.809899986 0.339599997
vn 0.684199989 -0.407900006 0.604499996
vn -0.00980000012 -0.289099991 0.957199991
vn 0.0192000009 -0.913699985 0.405900002
vn 0.684199989 -0.407900006 0.604499996
vn 0.691500008 -0.433600008 0.577799976
vn -0.00380000006 -0.326499999 0.945200026
vn 0.0102000004 -0.314099997 0.949299991
vn 0.00949999969 -0.283699989 0.958899975
vn 0.00669999979 -0.283199996 0.958999991
vn 0.00749999983 -0.315100014 0.949000001
vn 0.00949999969 -0.283699989 0.958899975
vn 0.0384999998 -0.911800027 0.408800006
vn 0.0368999988 -0.912800014 0.406599998
vn 0.00669999979 -0.283199996 0.958999991
vn 0.0244999994 -0.917400002 0.397199988
vn -0.00289999996 -0.299499989 0.954100013
vn 0.00389999989 -0.293099999 0.956099987
vn 0.0302000009 -0.913399994 0.405999988
vn -0.00289999996 -0.299499989 0.954100013
vn 0.000600000028 -0.337399989 0.941399992
vn 0.00100000005 -0.336199999 0.941799998
vn 0.00389999989 -0.293099999 0.956099987
vn 0.0384999998 -0.911800027 0.408800006
vn 0.0195000004 -0.27700001 0.960600019
vn 0.0445000008 -0.911899984 0.407999992
vn 0.00949999969 -0.283699989 0.958899975
vn 0.0102000004 -0.314099997 0.949299991
vn 0.0186000001 -0.3125 0.949699998
vn 0.0195000004 -0.27700001 0.960600019
vn 0.0346999988 -0.910399973 0.412200004
vn 0.00419999985 -0.280600011 0.959800005
vn 0.00669999979 -0.283199996 0.958999991
vn 0.0368999988 -0.912800014 0.406599998
vn 0.00419999985 -0.280600011 0.959800005
vn 0.00200000009 -0.322699994 0.946500003
vn 0.00749999983 -0.315100014 0.949000001
vn 0.00669999979 -0.283199996 0.958999991
vn 0.0302000009 -0.913399994 0.405999988
vn 0.00389999989 -0.293099999 0.956099987
vn 0.00419999985 -0.280600011 0.959800005
vn 0.0346999988 -0.910399973 0.412200004
vn 0.00200000009 -0.322699994 0.946500003
vn 0.00419999985 -0.280600011 0.959800005
vn 0.0258000009 0.210099995 0.977299988
vn -0.0318000019 -0.646399975 0.762300014
vn 0.65170002 -0.603500009 0.459300011
vn 0.63380003 0.1021 0.766700029
vn 0.00730000017 0.226699993 0.97390002
vn -0.0252 -0.638999999 0.76880002
vn -0.0318000019 -0.646399975 0.762300014
vn 0.0258000009 0.210099995 0.977299988
vn -0.334199995 0.237000003 0.912199974
vn -0.0229000002 -0.4815 0.876100004
vn -0.000199999995 -0.545799971 0.837899983
vn -0.282700002 0.234200001 0.930100024
vn -0.282700002 0.234200001 0.930100024
vn -0.000199999995 -0.545799971 0.837899983
vn -0.00829999987 -0.576099992 0.817300022
vn -0.209000006 0.257699996 0.943300009
vn -0.0209999997 -0.605499983 0.795599997
vn -0.112099998 0.247700006 0.962300003
vn -0.209000006 0.257699996 0.943300009
vn -0.00829999987 -0.576099992 0.817300022
vn -0.0187999997 -0.628099978 0.777899981
vn -0.0372000001 0.232199997 0.971899986
vn -0.112099998 0.247700006 0.962300003
vn -0.0209999997 -0.605499983 0.795599997
vn -0.0252 -0.638999999 0.76880002
vn 0.00730000017 0.226699993 0.97390002
vn -0.0372000001 0.232199997 0.971899986
vn -0.0187999997 -0.628099978 0.777899981
vn 0.689899981 -0.495099992 0.528100014
vn -0.0074 -0.427899987 0.903800011
vn -0.00380000006 -0.326499999 0.945200026
vn -0.0074 -0.427899987 0.903800011
vn -0.000300000014 -0.41960001 0.907700002
vn 0.000600000028 -0.337399989 0.941399992
vn 0.674399972 -0.578000009 0.459300011
vn -0.0232999995 -0.600499988 0.799199998
vn -0.0186000001 -0.523800015 0.851599991
vn 0.663299978 -0.548300028 0.509299994
vn -0.0232999995 -0.600499988 0.799199998
vn -0.0176999997 -0.602800012 0.797699988
vn -0.0105999997 -0.518700004 0.854900002
vn -0.0186000001 -0.523800015 0.851599991
vn 0.663299978 -0.548300028 0.509299994
vn -0.0074 -0.427899987 0.903800011
vn 0.689899981 -0.495099992 0.528100014
vn -0.0186000001 -0.523800015 0.851599991
vn -0.0105999997 -0.518700004 0.854900002
vn -0.000300000014 -0.41960001 0.907700002
vn -0.0074 -0.427899987 0.903800011
vn 0.0124000004 -0.381000012 0.924499989
vn 0.0174000002 -0.368699998 0.92930001
vn 0.0186000001 -0.3125 0.949699998
vn 0.00700000022 -0.394300014 0.918900013
vn 0.0124000004 -0.381000012 0.924499989
vn 0.0102000004 -0.314099997 0.949299991
vn 0.00749999983 -0.315100014 0.949000001
vn -0.00139999995 -0.407999992 0.912999988
vn 0.00700000022 -0.394300014 0.918900013
vn 0.00749999983 -0.315100014 0.949000001
vn 0.00200000009 -0.322699994 0.946500003
vn 0.00200000009 -0.322699994 0.946500003
vn 0.00100000005 -0.336199999 0.941799998
vn 0.0013 -0.414900005 0.909799993
vn -0.00139999995 -0.407999992 0.912999988
vn 0.00100000005 -0.336199999 0.941799998
vn -0.000300000014 -0.41960001 0.907700002
vn 0.0013 -0.414900005 0.909799993
vn 0.0136000002 -0.525200009 0.850799978
vn 0.0102000004 -0.486799985 0.873399973
vn 0.0137 -0.429899991 0.902800024
vn 0.0126 -0.460900009 0.887300014
vn 0.0126 -0.460900009 0.887300014
vn 0.0137 -0.429899991 0.902800024
vn 0.0174000002 -0.368699998 0.92930001
vn 0.0124000004 -0.381000012 0.924499989
vn 0.00600000005 -0.550100029 0.834999979
vn 0.0136000002 -0.525200009 0.850799978
vn 0.0126 -0.460900009 0.887300014
vn 0.00630000001 -0.480500013 0.876900017
vn 0.00630000001 -0.480500013 0.876900017
vn 0.0124000004 -0.381000012 0.924499989
vn 0.00700000022 -0.394300014 0.918900013
vn 0.00700000022 -0.394300014 0.918900013
vn -0.00139999995 -0.407999992 0.912999988
vn -0.00230000005 -0.494399995 0.869199991
vn 0.00630000001 -0.480500013 0.876900017
vn 0.00630000001 -0.480500013 0.876900017
vn -0.00230000005 -0.494399995 0.869199991
vn -0.00490000006 -0.574699998 0.818300009
vn 0.00600000005 -0.550100029 0.834999979
vn -0.00139999995 -0.407999992 0.912999988
vn 0.0013 -0.414900005 0.909799993
vn -0.00159999996 -0.506399989 0.862299979
vn -0.00230000005 -0.494399995 0.869199991
vn -0.00230000005 -0.494399995 0.869199991
vn -0.00159999996 -0.506399989 0.862299979
vn -0.00870000012 -0.596499979 0.80250001
vn -0.00490000006 -0.574699998 0.818300009
vn 0.0013 -0.414900005 0.909799993
vn -0.000300000014 -0.41960001 0.907700002
vn -0.0105999997 -0.518700004 0.854900002
vn -0.00159999996 -0.506399989 0.862299979
vn -0.00159999996 -0.506399989 0.862299979
vn -0.0105999997 -0.518700004 0.854900002
vn -0.0176999997 -0.602800012 0.797699988
vn -0.00870000012 -0.596499979 0.80250001
vn -0.284700006 0.90259999 -0.322699994
vn -0.432999998 0.815900028 0.382999986
vn -0.368400007 0.841300011 0.395399988
vn 0.0397999994 0.977100015 -0.208900005
vn -0.0263999999 0.903900027 0.426899999
vn 0.0355999991 0.903500021 0.427100003
vn -0.00480000023 0.977100015 -0.212400004
vn -0.118500002 0.898000002 0.423599988
vn -0.0263999999 0.903900027 0.426899999
vn -0.0648000017 0.973399997 -0.219600007
vn -0.250499994 0.875899971 0.412400007
vn -0.118500002 0.898000002 0.423599988
vn 0.0244999994 -0.409299999 -0.912
vn 0.0412000008 -0.903500021 -0.426600009
vn 0.0414000005 -0.903500021 -0.426600009
vn 0.0182000007 -0.403499991 -0.914799988
vn 0.0335999988 -0.903699994 -0.426800013
vn 0.0412000008 -0.903500021 -0.426600009
vn -0.249899998 0.927999973 -0.2764
vn -0.368400007 0.841300011 0.395399988
vn -0.250499994 0.875899971 0.412400007
vn 0.0229000002 -0.398799986 -0.916700006
vn 0.0333999991 -0.903699994 -0.426800013
vn 0.0335999988 -0.903699994 -0.426800013
vn 0.692600012 0.198699996 -0.693400025
vn 0.959599972 -0.256599993 -0.115699999
vn 0.958000004 -0.261400014 -0.118000001
vn 0.703499973 0.269800007 -0.657400012
vn 0.9648 -0.239600003 -0.107699998
vn 0.959599972 -0.256599993 -0.115699999
vn 0.0183000006 -0.407799989 -0.912899971
vn 0.0388999991 -0.903599977 -0.426699996
vn 0.0355999991 -0.903699994 -0.426699996
vn 0.0183000006 -0.407799989 -0.912899971
vn 0.0414000005 -0.903500021 -0.426600009
vn 0.0388999991 -0.903599977 -0.426699996
vn -0.686800003 0.426299989 -0.58859998
vn -0.961000025 0.252099991 0.113600001
vn -0.967700005 0.229900002 0.103
vn 0.670300007 0.140400007 -0.728699982
vn 0.958000004 -0.261400014 -0.118000001
vn 0.953499973 -0.274399996 -0.124200001
vn -0.686800003 0.422300011 -0.591600001
vn -0.951300025 0.280699998 0.127100006
vn -0.961000025 0.252099991 0.113600001
vn -0.6171 0.682600021 -0.391299993
vn -0.967700005 0.229900002 0.103
vn -0.796899974 0.547900021 0.254299998
vn 0.49090001 -0.389099985 -0.779500008
vn 0.603699982 -0.722100019 -0.337700009
vn 0.0370000005 -0.903599977 -0.426699996
vn 0.0322999991 -0.405200005 -0.913600028
vn 0.0370000005 -0.903599977 -0.426699996
vn 0.0333999991 -0.903699994 -0.426800013
vn 0.0397999994 0.977100015 -0.208900005
vn 0.0355999991 0.903500021 0.427100003
vn 0.0649000034 0.902100027 0.426600009
vn 0.061900001 0.975399971 -0.211400002
vn 0.0649000034 0.902100027 0.426600009
vn 0.806900024 0.532199979 0.256099999
vn 0.722599983 0.310299993 -0.617600024
vn 0.692399979 0.692499995 -0.202399999
vn 0.806900024 0.532199979 0.256099999
vn 0.970799983 -0.219099998 -0.0979000032
vn -0.228599995 0.787999988 -0.57160002
vn -0.500199974 0.783999979 0.367599994
vn -0.476200014 0.79610002 0.373400003
vn -0.684300005 -0.259299994 -0.681500018
vn -0.80309999 -0.536899984 -0.258300006
vn -0.94749999 0.291000009 0.132100001
vn -0.687399983 0.410699993 -0.598999977
vn -0.94749999 0.291000009 0.132100001
vn -0.951300025 0.280699998 0.127100006
vn 0.49090001 -0.389099985 -0.779500008
vn 0.662999988 0.00240000011 -0.748600006
vn 0.951900005 -0.279100001 -0.126399994
vn 0.603699982 -0.722100019 -0.337700009
vn 0.659699976 0.0434000008 -0.750199974
vn 0.953499973 -0.274399996 -0.124200001
vn -0.684300005 -0.259299994 -0.681500018
vn 0.00159999996 -0.413100004 -0.910600007
vn 0.0310999993 -0.903800011 -0.426800013
vn -0.80309999 -0.536899984 -0.258300006
vn 0.00879999995 -0.410600007 -0.91170001
vn 0.0355999991 -0.903699994 -0.426699996
vn -0.284700006 0.90259999 -0.322699994
vn -0.287099987 0.879599988 -0.379099995
vn -0.451900005 0.807600021 0.379000008
vn -0.432999998 0.815900028 0.382999986
vn -0.228599995 0.787999988 -0.57160002
vn -0.476200014 0.79610002 0.373400003
vn -0.432999998 0.815900028 0.382999986
vn -0.368400007 0.841400027 0.395399988
vn -0.334199995 0.237000003 0.912199974
vn -0.282700002 0.234200001 0.930100024
vn -0.0263999999 0.903900027 0.426899999
vn 0.0355999991 0.903500021 0.427100003
vn 0.00730000017 0.226699993 0.97390002
vn -0.118500002 0.898000002 0.423700005
vn -0.0263999999 0.903900027 0.426899999
vn -0.250499994 0.875899971 0.412400007
vn -0.118500002 0.898000002 0.423700005
vn 0.0412999988 -0.903500021 -0.426600009
vn 0.0414000005 -0.903400004 -0.426600009
vn 0.0346999988 -0.910399973 0.412200004
vn 0.0368999988 -0.912800014 0.406599998
vn 0.0335999988 -0.903699994 -0.426800013
vn 0.0412999988 -0.903500021 -0.426600009
vn 0.0302000009 -0.913399994 0.405999988
vn 0.0346999988 -0.910399973 0.412200004
vn -0.368400007 0.841400027 0.395399988
vn -0.250499994 0.875899971 0.412400007
vn -0.282700002 0.234200001 0.930100024
vn -0.209000006 0.257699996 0.943300009
vn 0.0333999991 -0.903699994 -0.426800013
vn 0.0335999988 -0.903699994 -0.426800013
vn 0.0244999994 -0.917400002 0.397199988
vn 0.0302000009 -0.913399994 0.405999988
vn 0.959500015 -0.256599993 -0.115699999
vn 0.958000004 -0.261400014 -0.118000001
vn 0.663299978 -0.548300028 0.509299994
vn 0.689899981 -0.495099992 0.528100014
vn 0.9648 -0.239700004 -0.107699998
vn 0.959500015 -0.256599993 -0.115699999
vn 0.674399972 -0.578000009 0.459300011
vn 0.663299978 -0.548300028 0.509299994
vn 0.0388999991 -0.903500021 -0.426699996
vn 0.0355999991 -0.903699994 -0.426800013
vn 0.0384999998 -0.911800027 0.408800006
vn 0.0445000008 -0.911899984 0.407999992
vn 0.0414000005 -0.903400004 -0.426600009
vn 0.0388999991 -0.903500021 -0.426699996
vn 0.0368999988 -0.912800014 0.406599998
vn -0.961000025 0.252099991 0.113600001
vn -0.967700005 0.229900002 0.103
vn -0.663100004 -0.066200003 0.745500028
vn -0.680000007 -0.0987000018 0.726599991
vn 0.958000004 -0.261400014 -0.118000001
vn 0.953599989 -0.274399996 -0.1241
vn 0.689899981 -0.495099992 0.528100014
vn 0.691500008 -0.433600008 0.577799976
vn -0.951300025 0.280699998 0.127100006
vn -0.961000025 0.252099991 0.113600001
vn -0.653599977 -0.00860000029 0.756799996
vn -0.663100004 -0.066200003 0.745500028
vn -0.967700005 0.229900002 0.103
vn -0.796899974 0.547900021 0.254299998
vn -0.680000007 -0.0987000018 0.726599991
vn -0.621599972 0.179700002 0.762399971
vn 0.603699982 -0.722100019 -0.337700009
vn 0.0370000005 -0.903599977 -0.426699996
vn 0.478100002 -0.809899986 0.339599997
vn 0.0192000009 -0.913699985 0.405900002
vn 0.0370000005 -0.903599977 -0.426699996
vn 0.0333999991 -0.903699994 -0.426800013
vn 0.0192000009 -0.913699985 0.405900002
vn 0.0244999994 -0.917400002 0.397199988
vn 0.0355999991 0.903500021 0.427100003
vn 0.0649000034 0.902100027 0.426600009
vn 0.00730000017 0.226699993 0.97390002
vn 0.0258000009 0.210099995 0.977299988
vn 0.0649000034 0.902100027 0.426600009
vn 0.806900024 0.532199979 0.256099999
vn 0.0258000009 0.210099995 0.977299988
vn 0.63380003 0.1021 0.766700029
vn 0.806900024 0.532199979 0.256099999
vn 0.970799983 -0.219099998 -0.0979000032
vn 0.63380003 0.1021 0.766700029
vn -0.500199974 0.783999979 0.367599994
vn -0.476200014 0.79610002 0.373400003
vn -0.388599992 0.32100001 0.863600016
vn -0.422399998 0.46419999 0.778500021
vn -0.80309999 -0.536899984 -0.258300006
vn -0.94749999 0.291000009 0.132100001
vn -0.644299984 -0.674600005 0.360100001
vn -0.643299997 0.0120999999 0.765500009
vn -0.94749999 0.291000009 0.132100001
vn -0.951300025 0.280699998 0.127100006
vn -0.643299997 0.0120999999 0.765500009
vn -0.653599977 -0.00860000029 0.756799996
vn 0.951900005 -0.279100001 -0.126399994
vn 0.603699982 -0.722100019 -0.337700009
vn 0.478100002 -0.809899986 0.339599997
vn 0.953599989 -0.274399996 -0.1241
vn 0.0310999993 -0.903800011 -0.426800013
vn -0.80309999 -0.536899984 -0.258300006
vn -0.644299984 -0.674600005 0.360100001
vn 0.0355999991 -0.903699994 -0.426800013
vn -0.451900005 0.807600021 0.378899992
vn -0.432999998 0.815900028 0.382999986
vn -0.334199995 0.237000003 0.912199974
vn -0.476200014 0.79610002 0.373400003
vn -0.0102000004 0.486799985 -0.873399973
vn 0.00300000003 0.426699996 -0.904399991
vn 0.0390000008 0.396299988 -0.917299986
vn 0.00120000006 0.4991 -0.86650002
vn -0.6171 0.682600021 -0.391299993
vn -0.343699992 0.856100023 -0.385800004
vn 0.703499973 0.269800007 -0.657400012
vn 0.0232999995 0.600499988 -0.799199998
vn 0.0273000002 0.647300005 -0.761699975
vn 0.721199989 0.311699986 -0.618600011
vn 0.0176999997 0.602800012 -0.797699988
vn 0.0216000006 0.639800012 -0.76819998
vn -0.0136000002 0.525200009 -0.850799978
vn -0.0102000004 0.486799985 -0.873399973
vn 0.00120000006 0.4991 -0.86650002
vn -0.00800000038 0.548200011 -0.836300015
vn -0.00600000005 0.550100029 -0.834999979
vn -0.000300000014 0.577700019 -0.816200018
vn 0.0131000001 0.606999993 -0.79460001
vn -0.000300000014 0.577700019 -0.816200018
vn 0.00490000006 0.574699998 -0.818300009
vn -0.00600000005 0.550100029 -0.834999979
vn 0.0148999998 0.629000008 -0.7773
vn 0.0131000001 0.606999993 -0.79460001
vn 0.00870000012 0.596499979 -0.80250001
vn 0.00490000006 0.574699998 -0.818300009
vn 0.0216000006 0.639800012 -0.76819998
vn 0.0148999998 0.629000008 -0.7773
vn 0.0176999997 0.602800012 -0.797699988
vn 0.00870000012 0.596499979 -0.80250001
vn -0.0229000002 -0.4815 0.876100004
vn -0.0390000008 -0.396299988 0.917299986
vn -0.00120000006 -0.4991 0.86650002
vn -0.00300000003 -0.426699996 0.904399991
vn 0.0102000004 -0.486799985 0.873399973
vn -0.133599997 -0.245499998 0.960099995
vn -0.388599992 0.32100001 0.863600016
vn -0.363700002 0.2579 0.895099998
vn -0.0390000008 -0.396299988 0.917299986
vn -0.621599972 0.179700002 0.762399971
vn -0.00300000003 -0.426699996 0.904399991
vn 0.65170002 -0.603500009 0.459300011
vn -0.0318000019 -0.646399975 0.762300014
vn -0.0273000002 -0.647300005 0.761699975
vn 0.653400004 -0.602800012 0.457899988
vn -0.0232999995 -0.600499988 0.799199998
vn -0.0252 -0.638999999 0.76880002
vn -0.0216000006 -0.639800012 0.76819998
vn -0.0273000002 -0.647300005 0.761699975
vn -0.0176999997 -0.602800012 0.797699988
vn -0.0229000002 -0.4815 0.876100004
vn -0.00120000006 -0.4991 0.86650002
vn 0.00800000038 -0.548200011 0.836300015
vn 0.0102000004 -0.486799985 0.873399973
vn -0.00829999987 -0.576099992 0.817300022
vn -0.000199999995 -0.545799971 0.837899983
vn 0.00800000038 -0.548200011 0.836300015
vn 0.000300000014 -0.577700019 0.816200018
vn 0.0136000002 -0.525200009 0.850799978
vn 0.00600000005 -0.550100029 0.834999979
vn 0.00600000005 -0.550100029 0.834999979
vn -0.0131000001 -0.606999993 0.79460001
vn 0.000300000014 -0.577700019 0.816200018
vn -0.0209999997 -0.605499983 0.795599997
vn -0.00829999987 -0.576099992 0.817300022
vn -0.00490000006 -0.574699998 0.818300009
vn -0.0148999998 -0.629000008 0.7773
vn -0.0131000001 -0.606999993 0.79460001
vn -0.0187999997 -0.628099978 0.777899981
vn -0.0209999997 -0.605499983 0.795599997
vn -0.00870000012 -0.596499979 0.80250001
vn -0.0216000006 -0.639800012 0.76819998
vn -0.0148999998 -0.629000008 0.7773
vn -0.0252 -0.638999999 0.76880002
vn -0.0187999997 -0.628099978 0.777899981
vn 0.9648 -0.239600003 -0.107699998
vn 0.703499973 0.269800007 -0.657400012
vn 0.970799983 -0.219099998 -0.0979000032
vn 0.722599983 0.310299993 -0.617600024
vn 0.970799983 -0.219099998 -0.0979000032
vn -0.500199974 0.783999979 0.367599994
vn -0.315499991 0.834900022 -0.451000005
vn -0.343699992 0.856100023 -0.385800004
vn -0.500199974 0.783999979 0.367500007
vn -0.796899974 0.547900021 0.254299998
vn 0.9648 -0.239700004 -0.107699998
vn 0.970799983 -0.219099998 -0.0979000032
vn 0.970799983 -0.219099998 -0.0979000032
vn 0.653400004 -0.602800012 0.457899988
vn 0.65170002 -0.603500009 0.459300011
vn -0.500199974 0.783999979 0.367599994
vn -0.500199974 0.783999979 0.367599994
vn -0.796899974 0.547900021 0.254299998
vn -0.388599992 0.32100001 0.863600016
vn -0.621599972 0.179700002 0.762399971
f 1/1/1 2/2/2 3/3/3
f 1/1/1 3/3/3 4/4/4
f 2/2/2 5/5/5 6/6/6
f 2/2/2 6/6/6 3/3/3
f 2/2/2 1/1/1 7/7/7
f 2/2/2 7/7/7 8/8/8
f 5/5/5 2/2/2 8/8/8
f 5/5/5 8/8/8 9/9/9
f 10/10/10 11/11/11 12/12/12
f 10/10/10 12/12/12 13/13/13
f 14/14/14 10/10/10 13/13/13
f 14/14/14 13/13/13 15/15/15
f 8/8/8 7/7/7 16/16/16
f 8/8/8 16/16/16 17/17/17
f 9/9/9 8/8/8 17/17/17
f 9/9/9 17/17/17 18/18/18
f 19/19/19 20/20/20 21/21/21
f 19/19/19 21/21/21 22/22/22
f 23/23/23 19/19/19 22/22/22
f 23/23/23 22/22/22 24/24/24
f 25/25/25 26/26/26 20/20/20
f 25/25/25 20/20/20 19/19/19
f 27/27/27 25/25/25 19/19/19
f 27/27/27 19/19/19 23/23/23
f 28/28/28 29/29/29 30/30/30
f 28/28/28 30/30/30 31/31/31
f 32/32/32 28/28/28 31/31/31
f 32/32/32 31/31/31 33/33/33
f 31/31/31 30/30/30 34/34/34
f 31/31/31 34/34/34 35/35/35
f 33/33/33 31/31/31 35/35/35
f 33/33/33 35/35/35 36/36/36
f 37/37/37 38/38/38 39/39/39
f 37/37/37 39/39/39 40/40/40
f 41/41/41 37/37/37 40/40/40
f 41/41/41 40/40/40 42/42/42
f 43/43/43 44/44/44 45/45/45
f 43/43/43 45/45/45 46/46/46
f 47/47/47 43/43/43 46/46/46
f 47/47/47 46/46/46 48/48/48
f 49/49/49 50/50/50 42/42/42
f 49/49/49 42/42/42 40/40/40
f 51/51/51 49/49/49 40/40/40
f 51/51/51 40/40/40 39/39/39
f 52/52/52 53/53/53 54/54/54
f 52/52/52 54/54/54 55/55/55
f 56/56/56 52/52/52 55/55/55
f 56/56/56 55/55/55 57/57/57
f 58/58/58 59/59/59 60/60/60
f 58/58/58 60/60/60 61/61/61
f 62/62/62 58/58/58 61/61/61
f 62/62/62 61/61/61 63/63/63
f 64/64/64 65/65/65 66/66/66
f 64/64/64 66/66/66 67/67/67
f 67/67/67 66/66/66 68/68/68
f 67/67/67 68/68/68 69/69/69
f 70/70/70 71/71/71 72/72/72
f 70/70/70 72/72/72 73/73/73
f 74/74/74 75/75/75 71/71/71
f 74/74/74 71/71/71 70/70/70
f 76/76/76 77/77/77 78/78/78
f 76/76/76 78/78/78 79/79/79
f 80/80/80 81/81/81 82/82/82
f 80/80/80 82/82/82 83/83/83
f 84/84/84 85/85/85 86/86/86
f 84/84/84 86/86/86 87/87/87
f 33/33/33 36/36/36 88/88/88
f 33/33/33 88/88/88 89/89/89
f 32/32/32 33/33/33 89/89/89
f 32/32/32 89/89/89 90/90/90
f 91/91/91 92/92/92 93/93/93
f 91/91/91 93/93/93 94/94/94
f 95/95/95 91/91/91 94/94/94
f 95/95/95 94/94/94 96/96/96
f 97/97/97 98/98/98 92/92/92
f 97/97/97 92/92/92 91/91/91
f 99/99/99 97/97/97 91/91/91
f 99/99/99 91/91/91 95/95/95
f 51/51/51 39/39/39 100/100/100
f 51/51/51 100/100/100 101/101/101
f 39/39/39 102/102/102 103/103/103
f 39/39/39 103/103/103 100/100/100
f 104/104/104 105/105/105 106/106/106
f 104/104/104 106/106/106 107/107/107
f 108/108/108 109/109/109 110/110/110
f 108/108/108 110/110/110 111/111/111
f 112/112/112 113/113/113 47/47/47
f 112/112/112 47/47/47 48/48/48
f 114/114/114 115/115/115 116/116/116
f 114/114/114 116/116/116 117/117/117
f 118/118/118 119/119/119 115/115/115
f 118/118/118 115/115/115 114/114/114
f 115/115/115 120/120/120 121/121/121
f 115/115/115 121/121/121 116/116/116
f 119/119/119 122/122/122 120/120/120
f 119/119/119 120/120/120 115/115/115
f 123/123/123 124/124/124 125/125/125
f 123/123/123 125/125/125 126/126/126
f 127/127/127 128/128/128 124/124/124
f 127/127/127 124/124/124 123/123/123
f 129/129/129 130/130/130 131/131/131
f 129/129/129 131/131/131 132/132/132
f 133/133/133 134/134/134 130/130/130
f 133/133/133 130/130/130 129/129/129
f 135/135/135 136/136/136 137/137/137
f 135/135/135 137/137/137 138/138/138
f 139/139/139 140/140/140 136/136/136
f 139/139/139 136/136/136 135/135/135
f 141/141/141 142/142/142 143/143/143
f 141/141/141 143/143/143 144/144/144
f 145/145/145 146/146/146 147/147/147
f 145/145/145 147/147/147 148/148/148
f 149/149/149 150/150/150 151/151/151
f 149/149/149 151/151/151 152/152/152
f 153/153/153 142/142/142 154/154/154
f 153/153/153 154/154/154 155/155/155
f 156/156/156 157/157/157 158/158/158
f 156/156/156 158/158/158 159/159/159
f 160/160/160 161/161/161 162/162/162
f 160/160/160 162/162/162 163/163/163
f 164/164/164 165/165/165 166/166/166
f 164/164/164 166/166/166 167/167/167
f 168/168/168 152/152/152 169/169/169
f 168/168/168 169/169/169 170/170/170
f 171/171/171 172/172/172 173/173/173
f 171/171/171 173/173/173 174/174/174
f 175/175/175 176/176/176 177/177/177
f 175/175/175 177/177/177 178/178/178
f 179/179/179 180/180/180 181/181/181
f 179/179/179 181/181/181 176/176/176
f 182/182/182 183/183/183 184/184/184
f 182/182/182 184/184/184 185/185/185
f 186/186/186 187/187/187 188/188/188
f 186/186/186 188/188/188 189/189/189
f 190/190/190 191/191/191 192/192/192
f 190/190/190 192/192/192 193/193/193
f 194/194/194 195/195/195 196/196/196
f 194/194/194 196/196/196 197/197/197
f 198/198/198 189/189/189 199/199/199
f 198/198/198 199/199/199 200/200/200
f 201/201/201 202/202/202 203/203/203
f 201/201/201 203/203/203 204/204/204
f 205/205/205 206/206/206 207/207/207
f 205/205/205 207/207/207 208/208/208
f 209/209/209 210/210/210 211/211/211
f 209/209/209 211/211/211 212/212/212
f 213/213/213 214/214/214 215/215/215
f 213/213/213 215/215/215 216/216/216
f 217/217/217 218/218/218 219/219/219
f 217/217/217 219/219/219 204/204/204
f 220/220/220 221/221/221 222/222/222
f 220/220/220 222/222/222 223/223/223
f 224/224/224 225/225/225 226/226/226
f 224/224/224 226/226/226 227/227/227
f 228/228/228 229/229/229 230/230/230
f 228/228/228 230/230/230 231/231/231
f 232/232/232 233/233/233 234/234/234
f 232/232/232 234/234/234 235/235/235
f 214/214/214 236/236/236 237/237/237
f 214/214/214 237/237/237 215/215/215
f 238/238/238 239/239/239 240/240/240
f 238/238/238 240/240/240 241/241/241
f 242/242/242 243/243/243 244/244/244
f 242/242/242 244/244/244 245/245/245
f 246/246/246 247/247/247 248/248/248
f 246/246/246 248/248/248 249/249/249
f 250/250/250 251/251/251 252/252/252
f 250/250/250 252/252/252 253/253/253
f 254/254/254 255/255/255 256/256/256
f 254/254/254 256/256/256 257/257/257
f 258/258/258 259/259/259 260/260/260
f 258/258/258 260/260/260 261/261/261
f 262/262/262 263/263/263 264/264/264
f 262/262/262 264/264/264 265/265/265
f 266/266/266 200/200/200 267/267/267
f 266/266/266 267/267/267 268/268/268
f 269/269/269 193/193/193 270/270/270
f 269/269/269 270/270/270 271/271/271
f 272/272/272 273/273/273 274/274/274
f 272/272/272 274/274/274 275/275/275
f 276/276/276 277/277/277 278/278/278
f 276/276/276 278/278/278 279/279/279
f 280/280/280 281/281/281 282/282/282
f 280/280/280 282/282/282 277/277/277
f 283/283/283 284/284/284 285/285/285
f 283/283/283 285/285/285 286/286/286
f 287/287/287 223/223/223 288/288/288
f 287/287/287 288/288/288 289/289/289
f 290/290/290 291/291/291 292/292/292
f 290/290/290 292/292/292 293/293/293
f 294/294/294 295/295/295 296/296/296
f 294/294/294 296/296/296 297/297/297
f 298/298/298 299/299/299 300/300/300
f 298/298/298 300/300/300 301/301/301
f 302/302/302 303/303/303 304/304/304
f 302/302/302 304/304/304 216/216/216
f 305/305/305 306/306/306 307/307/307
f 305/305/305 307/307/307 308/308/308
f 309/309/309 310/310/310 311/311/311
f 309/309/309 311/311/311 312/312/312
f 313/313/313 314/314/314 315/315/315
f 313/313/313 315/315/315 316/316/316
f 317/317/317 318/318/318 319/319/319
f 317/317/317 319/319/319 306/306/306
f 320/320/320 321/321/321 322/322/322
f 320/320/320 322/322/322 323/323/323
f 324/324/324 325/325/325 326/326/326
f 324/324/324 326/326/326 327/327/327
f 328/328/328 329/329/329 330/330/330
f 328/328/328 330/330/330 331/331/331
f 332/332/332 333/333/333 334/334/334
f 332/332/332 334/334/334 335/335/335
f 336/336/336 337/337/337 338/338/338
f 336/336/336 338/338/338 339/339/339
f 340/340/340 341/341/341 342/342/342
f 340/340/340 342/342/342 343/343/343
f 71/71/71 344/344/344 345/345/345
f 71/71/71 345/345/345 346/346/346
f 347/347/347 348/348/348 349/349/349
f 347/347/347 349/349/349 84/84/84
f 350/350/350 351/351/351 352/352/352
f 350/350/350 352/352/352 80/80/80
f 353/353/353 354/354/354 355/355/355
f 353/353/353 355/355/355 76/76/76
f 53/53/53 356/356/356 357/357/357
f 53/53/53 357/357/357 358/358/358
f 59/59/59 359/359/359 360/360/360
f 59/59/59 360/360/360 361/361/361
f 75/75/75 362/362/362 363/363/363
f 75/75/75 363/363/363 364/364/364
f 44/44/44 365/365/365 366/366/366
f 44/44/44 366/366/366 367/367/367
f 98/98/98 368/368/368 369/369/369
f 98/98/98 369/369/369 370/370/370
f 92/92/92 371/371/371 372/372/372
f 92/92/92 372/372/372 373/373/373
f 50/50/50 374/374/374 375/375/375
f 50/50/50 375/375/375 376/376/376
f 377/377/377 378/378/378 379/379/379
f 377/377/377 379/379/379 41/41/41
f 380/380/380 381/381/381 382/382/382
f 380/380/380 382/382/382 27/27/27
f 36/36/36 383/383/383 384/384/384
f 36/36/36 384/384/384 385/385/385
f 386/386/386 387/387/387 388/388/388
f 386/386/386 388/388/388 9/9/9
f 389/389/389 390/390/390 391/391/391
f 389/389/389 391/391/391 23/23/23
f 30/30/30 392/392/392 393/393/393
f 30/30/30 393/393/393 394/394/394
f 29/29/29 395/395/395 396/396/396
f 29/29/29 396/396/396 397/397/397
f 66/66/66 398/398/398 399/399/399
f 66/66/66 399/399/399 400/400/400
f 65/65/65 401/401/401 402/402/402
f 65/65/65 402/402/402 403/403/403
f 404/404/404 405/405/405 406/406/406
f 404/404/404 406/406/406 407/407/407
f 408/408/408 409/409/409 410/410/410
f 408/408/408 410/410/410 14/14/14
f 5/5/5 411/411/411 412/412/412
f 5/5/5 412/412/412 413/413/413
f 414/414/414 415/415/415 416/416/416
f 414/414/414 416/416/416 5/5/5
f 417/417/417 418/418/418 419/419/419
f 417/417/417 419/419/419 420/420/420
f 420/420/420 419/419/419 421/421/421
f 420/420/420 421/421/421 422/422/422
f 423/423/423 424/424/424 425/425/425
f 423/423/423 425/425/425 426/426/426
f 426/426/426 425/425/425 427/427/427
f 426/426/426 427/427/427 428/428/428
f 429/429/429 430/430/430 431/431/431
f 429/429/429 431/431/431 432/432/432
f 432/432/432 431/431/431 433/433/433
f 432/432/432 433/433/433 434/434/434
f 344/344/344 435/435/435 436/436/436
f 344/344/344 436/436/436 345/345/345
f 435/435/435 437/437/437 438/438/438
f 435/435/435 438/438/438 436/436/436
f 348/348/348 439/439/439 440/440/440
f 348/348/348 440/440/440 349/349/349
f 439/439/439 441/441/441 261/261/261
f 439/439/439 261/261/261 440/440/440
f 351/351/351 442/442/442 443/443/443
f 351/351/351 443/443/443 352/352/352
f 442/442/442 264/264/264 257/257/257
f 442/442/442 257/257/257 443/443/443
f 354/354/354 444/444/444 445/445/445
f 354/354/354 445/445/445 355/355/355
f 444/444/444 260/260/260 251/251/251
f 444/444/444 251/251/251 445/445/445
f 356/356/356 446/446/446 447/447/447
f 356/356/356 447/447/447 357/357/357
f 446/446/446 448/448/448 449/449/449
f 446/446/446 449/449/449 447/447/447
f 359/359/359 450/450/450 451/451/451
f 359/359/359 451/451/451 360/360/360
f 450/450/450 452/452/452 453/453/453
f 450/450/450 453/453/453 451/451/451
f 362/362/362 454/454/454 455/455/455
f 362/362/362 455/455/455 363/363/363
f 454/454/454 456/456/456 457/457/457
f 454/454/454 457/457/457 455/455/455
f 365/365/365 458/458/458 459/459/459
f 365/365/365 459/459/459 366/366/366
f 458/458/458 460/460/460 461/461/461
f 458/458/458 461/461/461 459/459/459
f 368/368/368 462/462/462 463/463/463
f 368/368/368 463/463/463 369/369/369
f 462/462/462 464/464/464 465/465/465
f 462/462/462 465/465/465 463/463/463
f 371/371/371 466/466/466 467/467/467
f 371/371/371 467/467/467 372/372/372
f 466/466/466 468/468/468 469/469/469
f 466/466/466 469/469/469 467/467/467
f 374/374/374 470/470/470 471/471/471
f 374/374/374 471/471/471 375/375/375
f 470/470/470 472/472/472 473/473/473
f 470/470/470 473/473/473 471/471/471
f 378/378/378 474/474/474 475/475/475
f 378/378/378 475/475/475 379/379/379
f 474/474/474 473/473/473 476/476/476
f 474/474/474 476/476/476 475/475/475
f 381/381/381 477/477/477 478/478/478
f 381/381/381 478/478/478 382/382/382
f 477/477/477 479/479/479 480/480/480
f 477/477/477 480/480/480 478/478/478
f 383/383/383 481/481/481 482/482/482
f 383/383/383 482/482/482 384/384/384
f 481/481/481 483/483/483 484/484/484
f 481/481/481 484/484/484 482/482/482
f 387/387/387 485/485/485 486/486/486
f 387/387/387 486/486/486 388/388/388
f 485/485/485 487/487/487 488/488/488
f 485/485/485 488/488/488 486/486/486
f 390/390/390 489/489/489 490/490/490
f 390/390/390 490/490/490 391/391/391
f 489/489/489 491/491/491 492/492/492
f 489/489/489 492/492/492 490/490/490
f 392/392/392 493/493/493 494/494/494
f 392/392/392 494/494/494 393/393/393
f 493/493/493 495/495/495 496/496/496
f 493/493/493 496/496/496 494/494/494
f 395/395/395 497/497/497 498/498/498
f 395/395/395 498/498/498 396/396/396
f 497/497/497 499/499/499 500/500/500
f 497/497/497 500/500/500 498/498/498
f 398/398/398 501/501/501 502/502/502
f 398/398/398 502/502/502 399/399/399
f 501/501/501 503/503/503 504/504/504
f 501/501/501 504/504/504 502/502/502
f 401/401/401 505/505/505 506/506/506
f 401/401/401 506/506/506 402/402/402
f 505/505/505 507/507/507 508/508/508
f 505/505/505 508/508/508 506/506/506
f 405/405/405 509/509/509 510/510/510
f 405/405/405 510/510/510 406/406/406
f 509/509/509 240/240/240 511/511/511
f 509/509/509 511/511/511 510/510/510
f 409/409/409 512/512/512 513/513/513
f 409/409/409 513/513/513 410/410/410
f 512/512/512 514/514/514 515/515/515
f 512/512/512 515/515/515 513/513/513
f 411/411/411 516/516/516 517/517/517
f 411/411/411 517/517/517 412/412/412
f 516/516/516 518/518/518 519/519/519
f 516/516/516 519/519/519 517/517/517
f 415/415/415 520/520/520 521/521/521
f 415/415/415 521/521/521 416/416/416
f 520/520/520 522/522/522 523/523/523
f 520/520/520 523/523/523 521/521/521
f 418/418/418 524/524/524 525/525/525
f 418/418/418 525/525/525 419/419/419
f 524/524/524 526/526/526 197/197/197
f 524/524/524 197/197/197 525/525/525
f 419/419/419 525/525/525 527/527/527
f 419/419/419 527/527/527 421/421/421
f 525/525/525 197/197/197 200/200/200
f 525/525/525 200/200/200 527/527/527
f 424/424/424 528/528/528 529/529/529
f 424/424/424 529/529/529 425/425/425
f 528/528/528 530/530/530 148/148/148
f 528/528/528 148/148/148 529/529/529
f 425/425/425 529/529/529 531/531/531
f 425/425/425 531/531/531 427/427/427
f 529/529/529 148/148/148 144/144/144
f 529/529/529 144/144/144 531/531/531
f 430/430/430 532/532/532 533/533/533
f 430/430/430 533/533/533 431/431/431
f 532/532/532 534/534/534 159/159/159
f 532/532/532 159/159/159 533/533/533
f 431/431/431 533/533/533 535/535/535
f 431/431/431 535/535/535 433/433/433
f 533/533/533 159/159/159 163/163/163
f 533/533/533 163/163/163 535/535/535
f 536/536/536 537/537/537 538/538/538
f 536/536/536 538/538/538 539/539/539
f 537/537/537 11/11/11 10/10/10
f 537/537/537 10/10/10 538/538/538
f 539/539/539 538/538/538 540/540/540
f 539/539/539 540/540/540 541/541/541
f 538/538/538 10/10/10 14/14/14
f 538/538/538 14/14/14 540/540/540
f 542/542/542 543/543/543 544/544/544
f 542/542/542 544/544/544 545/545/545
f 543/543/543 64/64/64 67/67/67
f 543/543/543 67/67/67 544/544/544
f 545/545/545 544/544/544 546/546/546
f 545/545/545 546/546/546 547/547/547
f 544/544/544 67/67/67 69/69/69
f 544/544/544 69/69/69 546/546/546
f 548/548/548 549/549/549 550/550/550
f 548/548/548 550/550/550 551/551/551
f 549/549/549 70/70/70 73/73/73
f 549/549/549 73/73/73 550/550/550
f 552/552/552 553/553/553 549/549/549
f 552/552/552 549/549/549 548/548/548
f 553/553/553 74/74/74 70/70/70
f 553/553/553 70/70/70 549/549/549
f 77/77/77 554/554/554 555/555/555
f 77/77/77 555/555/555 78/78/78
f 554/554/554 556/556/556 557/557/557
f 554/554/554 557/557/557 555/555/555
f 81/81/81 558/558/558 559/559/559
f 81/81/81 559/559/559 82/82/82
f 558/558/558 560/560/560 561/561/561
f 558/558/558 561/561/561 559/559/559
f 85/85/85 562/562/562 563/563/563
f 85/85/85 563/563/563 86/86/86
f 562/562/562 564/564/564 565/565/565
f 562/562/562 565/565/565 563/563/563
f 566/566/566 567/567/567 568/568/568
f 566/566/566 568/568/568 161/161/161
f 567/567/567 569/569/569 570/570/570
f 567/567/567 570/570/570 568/568/568
f 571/571/571 572/572/572 573/573/573
f 571/571/571 573/573/573 574/574/574
f 572/572/572 575/575/575 576/576/576
f 572/572/572 576/576/576 573/573/573
f 577/577/577 578/578/578 579/579/579
f 577/577/577 579/579/579 580/580/580
f 578/578/578 272/272/272 581/581/581
f 578/578/578 581/581/581 579/579/579
f 241/241/241 582/582/582 583/583/583
f 241/241/241 583/583/583 584/584/584
f 582/582/582 276/276/276 585/585/585
f 582/582/582 585/585/585 583/583/583
f 253/253/253 586/586/586 587/587/587
f 253/253/253 587/587/587 588/588/588
f 586/586/586 305/305/305 589/589/589
f 586/586/586 589/589/589 587/587/587
f 590/590/590 591/591/591 592/592/592
f 590/590/590 592/592/592 593/593/593
f 591/591/591 594/594/594 595/595/595
f 591/591/591 595/595/595 592/592/592
f 596/596/596 597/597/597 598/598/598
f 596/596/596 598/598/598 326/326/326
f 597/597/597 599/599/599 600/600/600
f 597/597/597 600/600/600 598/598/598
f 601/601/601 602/602/602 603/603/603
f 601/601/601 603/603/603 334/334/334
f 602/602/602 604/604/604 605/605/605
f 602/602/602 605/605/605 603/603/603
f 606/606/606 607/607/607 608/608/608
f 606/606/606 608/608/608 342/342/342
f 607/607/607 609/609/609 610/610/610
f 607/607/607 610/610/610 608/608/608
f 611/611/611 612/612/612 543/543/543
f 611/611/611 543/543/543 613/613/613
f 612/612/612 614/614/614 615/615/615
f 612/612/612 615/615/615 543/543/543
f 616/616/616 617/617/617 618/618/618
f 616/616/616 618/618/618 619/619/619
f 617/617/617 620/620/620 541/541/541
f 617/617/617 541/541/541 618/618/618
f 621/621/621 622/622/622 612/612/612
f 621/621/621 612/612/612 611/611/611
f 622/622/622 623/623/623 614/614/614
f 622/622/622 614/614/614 612/612/612
f 272/272/272 624/624/624 622/622/622
f 272/272/272 622/622/622 621/621/621
f 624/624/624 625/625/625 623/623/623
f 624/624/624 623/623/623 622/622/622
f 626/626/626 627/627/627 617/617/617
f 626/626/626 617/617/617 616/616/616
f 627/627/627 628/628/628 620/620/620
f 627/627/627 620/620/620 617/617/617
f 629/629/629 573/573/573 627/627/627
f 629/629/629 627/627/627 626/626/626
f 573/573/573 630/630/630 628/628/628
f 573/573/573 628/628/628 627/627/627
f 631/631/631 632/632/632 633/633/633
f 631/631/631 633/633/633 634/634/634
f 634/634/634 633/633/633 635/635/635
f 634/634/634 635/635/635 636/636/636
f 634/634/634 637/637/637 638/638/638
f 634/634/634 638/638/638 631/631/631
f 636/636/636 639/639/639 637/637/637
f 636/636/636 637/637/637 634/634/634
f 640/640/640 641/641/641 642/642/642
f 640/640/640 642/642/642 643/643/643
f 644/644/644 645/645/645 641/641/641
f 644/644/644 641/641/641 640/640/640
f 637/637/637 646/646/646 647/647/647
f 637/637/637 647/647/647 638/638/638
f 639/639/639 648/648/648 646/646/646
f 639/639/639 646/646/646 637/637/637
f 649/649/649 650/650/650 651/651/651
f 649/649/649 651/651/651 652/652/652
f 653/653/653 654/654/654 650/650/650
f 653/653/653 650/650/650 649/649/649
f 655/655/655 649/649/649 652/652/652
f 655/655/655 652/652/652 656/656/656
f 657/657/657 653/653/653 649/649/649
f 657/657/657 649/649/649 655/655/655
f 658/658/658 659/659/659 660/660/660
f 658/658/658 660/660/660 661/661/661
f 662/662/662 663/663/663 659/659/659
f 662/662/662 659/659/659 658/658/658
f 659/659/659 664/664/664 665/665/665
f 659/659/659 665/665/665 660/660/660
f 663/663/663 666/666/666 664/664/664
f 663/663/663 664/664/664 659/659/659
f 667/667/667 668/668/668 669/669/669
f 667/667/667 669/669/669 670/670/670
f 671/671/671 672/672/672 668/668/668
f 671/671/671 668/668/668 667/667/667
f 673/673/673 674/674/674 675/675/675
f 673/673/673 675/675/675 676/676/676
f 677/677/677 678/678/678 674/674/674
f 677/677/677 674/674/674 673/673/673
f 679/679/679 668/668/668 672/672/672
f 679/679/679 672/672/672 680/680/680
f 681/681/681 669/669/669 668/668/668
f 681/681/681 668/668/668 679/679/679
f 682/682/682 683/683/683 684/684/684
f 682/682/682 684/684/684 685/685/685
f 686/686/686 687/687/687 683/683/683
f 686/686/686 683/683/683 682/682/682
f 688/688/688 689/689/689 690/690/690
f 688/688/688 690/690/690 691/691/691
f 692/692/692 693/693/693 689/689/689
f 692/692/692 689/689/689 688/688/688
f 694/694/694 695/695/695 696/696/696
f 694/694/694 696/696/696 697/697/697
f 695/695/695 698/698/698 699/699/699
f 695/695/695 699/699/699 696/696/696
f 700/700/700 701/701/701 702/702/702
f 700/700/700 702/702/702 703/703/703
f 704/704/704 700/700/700 703/703/703
f 704/704/704 703/703/703 705/705/705
f 706/706/706 707/707/707 708/708/708
f 706/706/706 708/708/708 709/709/709
f 710/710/710 711/711/711 712/712/712
f 710/710/710 712/712/712 713/713/713
f 714/714/714 715/715/715 716/716/716
f 714/714/714 716/716/716 717/717/717
f 663/663/663 718/718/718 719/719/719
f 663/663/663 719/719/719 666/666/666
f 662/662/662 720/720/720 718/718/718
f 662/662/662 718/718/718 663/663/663
f 721/721/721 722/722/722 723/723/723
f 721/721/721 723/723/723 724/724/724
f 725/725/725 726/726/726 722/722/722
f 725/725/725 722/722/722 721/721/721
f 727/727/727 721/721/721 724/724/724
f 727/727/727 724/724/724 728/728/728
f 729/729/729 725/725/725 721/721/721
f 729/729/729 721/721/721 727/727/727
f 681/681/681 730/730/730 731/731/731
f 681/681/681 731/731/731 669/669/669
f 669/669/669 731/731/731 732/732/732
f 669/669/669 732/732/732 733/733/733
f 734/734/734 735/735/735 736/736/736
f 734/734/734 736/736/736 737/737/737
f 738/738/738 739/739/739 740/740/740
f 738/738/738 740/740/740 741/741/741
f 742/742/742 678/678/678 677/677/677
f 742/742/742 677/677/677 743/743/743
f 744/744/744 745/745/745 746/746/746
f 744/744/744 746/746/746 747/747/747
f 748/748/748 744/744/744 747/747/747
f 748/748/748 747/747/747 749/749/749
f 747/747/747 746/746/746 750/750/750
f 747/747/747 750/750/750 751/751/751
f 749/749/749 747/747/747 751/751/751
f 749/749/749 751/751/751 752/752/752
f 753/753/753 754/754/754 755/755/755
f 753/753/753 755/755/755 756/756/756
f 757/757/757 753/753/753 756/756/756
f 757/757/757 756/756/756 758/758/758
f 759/759/759 760/760/760 761/761/761
f 759/759/759 761/761/761 762/762/762
f 763/763/763 759/759/759 762/762/762
f 763/763/763 762/762/762 764/764/764
f 765/765/765 766/766/766 767/767/767
f 765/765/765 767/767/767 768/768/768
f 769/769/769 765/765/765 768/768/768
f 769/769/769 768/768/768 770/770/770
f 771/771/771 772/772/772 773/773/773
f 771/771/771 773/773/773 774/774/774
f 775/775/775 776/776/776 777/777/777
f 775/775/775 777/777/777 778/778/778
f 779/779/779 780/780/780 781/781/781
f 779/779/779 781/781/781 782/782/782
f 783/783/783 784/784/784 785/785/785
f 783/783/783 785/785/785 774/774/774
f 786/786/786 787/787/787 788/788/788
f 786/786/786 788/788/788 789/789/789
f 790/790/790 791/791/791 792/792/792
f 790/790/790 792/792/792 793/793/793
f 794/794/794 795/795/795 796/796/796
f 794/794/794 796/796/796 797/797/797
f 798/798/798 799/799/799 800/800/800
f 798/798/798 800/800/800 780/780/780
f 801/801/801 802/802/802 803/803/803
f 801/801/801 803/803/803 804/804/804
f 805/805/805 806/806/806 807/807/807
f 805/805/805 807/807/807 808/808/808
f 809/809/809 808/808/808 810/810/810
f 809/809/809 810/810/810 811/811/811
f 812/812/812 813/813/813 814/814/814
f 812/812/812 814/814/814 815/815/815
f 816/816/816 817/817/817 818/818/818
f 816/816/816 818/818/818 819/819/819
f 820/820/820 821/821/821 822/822/822
f 820/820/820 822/822/822 823/823/823
f 824/824/824 825/825/825 826/826/826
f 824/824/824 826/826/826 827/827/827
f 828/828/828 829/829/829 830/830/830
f 828/828/828 830/830/830 817/817/817
f 831/831/831 832/832/832 833/833/833
f 831/831/831 833/833/833 834/834/834
f 835/835/835 836/836/836 837/837/837
f 835/835/835 837/837/837 838/838/838
f 839/839/839 840/840/840 841/841/841
f 839/839/839 841/841/841 842/842/842
f 843/843/843 844/844/844 845/845/845
f 843/843/843 845/845/845 846/846/846
f 847/847/847 832/832/832 848/848/848
f 847/847/847 848/848/848 849/849/849
f 850/850/850 851/851/851 852/852/852
f 850/850/850 852/852/852 853/853/853
f 854/854/854 855/855/855 856/856/856
f 854/854/854 856/856/856 857/857/857
f 858/858/858 859/859/859 860/860/860
f 858/858/858 860/860/860 861/861/861
f 862/862/862 863/863/863 864/864/864
f 862/862/862 864/864/864 865/865/865
f 846/846/846 845/845/845 866/866/866
f 846/846/846 866/866/866 867/867/867
f 868/868/868 869/869/869 870/870/870
f 868/868/868 870/870/870 871/871/871
f 872/872/872 873/873/873 874/874/874
f 872/872/872 874/874/874 875/875/875
f 876/876/876 877/877/877 878/878/878
f 876/876/876 878/878/878 879/879/879
f 880/880/880 881/881/881 882/882/882
f 880/880/880 882/882/882 883/883/883
f 884/884/884 885/885/885 886/886/886
f 884/884/884 886/886/886 887/887/887
f 888/888/888 889/889/889 890/890/890
f 888/888/888 890/890/890 891/891/891
f 892/892/892 893/893/893 894/894/894
f 892/892/892 894/894/894 895/895/895
f 896/896/896 897/897/897 898/898/898
f 896/896/896 898/898/898 829/829/829
f 899/899/899 900/900/900 901/901/901
f 899/899/899 901/901/901 821/821/821
f 902/902/902 903/903/903 904/904/904
f 902/902/902 904/904/904 905/905/905
f 906/906/906 907/907/907 908/908/908
f 906/906/906 908/908/908 909/909/909
f 910/910/910 909/909/909 911/911/911
f 910/910/910 911/911/911 912/912/912
f 913/913/913 914/914/914 915/915/915
f 913/913/913 915/915/915 916/916/916
f 917/917/917 918/918/918 919/919/919
f 917/917/917 919/919/919 851/851/851
f 920/920/920 921/921/921 922/922/922
f 920/920/920 922/922/922 923/923/923
f 924/924/924 925/925/925 926/926/926
f 924/924/924 926/926/926 927/927/927
f 928/928/928 929/929/929 930/930/930
f 928/928/928 930/930/930 931/931/931
f 932/932/932 844/844/844 933/933/933
f 932/932/932 933/933/933 934/934/934
f 935/935/935 936/936/936 937/937/937
f 935/935/935 937/937/937 938/938/938
f 939/939/939 940/940/940 941/941/941
f 939/939/939 941/941/941 942/942/942
f 943/943/943 944/944/944 945/945/945
f 943/943/943 945/945/945 946/946/946
f 947/947/947 938/938/938 948/948/948
f 947/947/947 948/948/948 949/949/949
f 950/950/950 951/951/951 952/952/952
f 950/950/950 952/952/952 953/953/953
f 954/954/954 955/955/955 956/956/956
f 954/954/954 956/956/956 957/957/957
f 958/958/958 959/959/959 960/960/960
f 958/958/958 960/960/960 961/961/961
f 962/962/962 963/963/963 964/964/964
f 962/962/962 964/964/964 965/965/965
f 966/966/966 967/967/967 968/968/968
f 966/966/966 968/968/968 969/969/969
f 970/970/970 971/971/971 972/972/972
f 970/970/970 972/972/972 973/973/973
f 703/703/703 974/974/974 975/975/975
f 703/703/703 975/975/975 976/976/976
f 977/977/977 714/714/714 978/978/978
f 977/977/977 978/978/978 979/979/979
f 980/980/980 710/710/710 981/981/981
f 980/980/980 981/981/981 982/982/982
f 983/983/983 706/706/706 984/984/984
f 983/983/983 984/984/984 985/985/985
f 685/685/685 986/986/986 987/987/987
f 685/685/685 987/987/987 988/988/988
f 691/691/691 989/989/989 990/990/990
f 691/691/691 990/990/990 991/991/991
f 705/705/705 992/992/992 993/993/993
f 705/705/705 993/993/993 994/994/994
f 676/676/676 995/995/995 996/996/996
f 676/676/676 996/996/996 997/997/997
f 728/728/728 998/998/998 999/999/999
f 728/728/728 999/999/999 1000/1000/1000
f 724/724/724 1001/1001/1001 1002/1002/1002
f 724/724/724 1002/1002/1002 1003/1003/1003
f 680/680/680 1004/1004/1004 1005/1005/1005
f 680/680/680 1005/1005/1005 1006/1006/1006
f 1007/1007/1007 671/671/671 1008/1008/1008
f 1007/1007/1007 1008/1008/1008 1009/1009/1009
f 1010/1010/1010 657/657/657 1011/1011/1011
f 1010/1010/1010 1011/1011/1011 1012/1012/1012
f 666/666/666 1013/1013/1013 1014/1014/1014
f 666/666/666 1014/1014/1014 1015/1015/1015
f 1016/1016/1016 639/639/639 1017/1017/1017
f 1016/1016/1016 1017/1017/1017 1018/1018/1018
f 1019/1019/1019 653/653/653 1020/1020/1020
f 1019/1019/1019 1020/1020/1020 1021/1021/1021
f 660/660/660 1022/1022/1022 1023/1023/1023
f 660/660/660 1023/1023/1023 1024/1024/1024
f 661/661/661 1025/1025/1025 1026/1026/1026
f 661/661/661 1026/1026/1026 1027/1027/1027
f 696/696/696 1028/1028/1028 1029/1029/1029
f 696/696/696 1029/1029/1029 1030/1030/1030
f 697/697/697 1031/1031/1031 1032/1032/1032
f 697/697/697 1032/1032/1032 1033/1033/1033
f 1034/1034/1034 1035/1035/1035 1036/1036/1036
f 1034/1034/1034 1036/1036/1036 1037/1037/1037
f 1038/1038/1038 644/644/644 1039/1039/1039
f 1038/1038/1038 1039/1039/1039 1040/1040/1040
f 636/636/636 1041/1041/1041 1042/1042/1042
f 636/636/636 1042/1042/1042 1043/1043/1043
f 1044/1044/1044 636/636/636 1045/1045/1045
f 1044/1044/1044 1045/1045/1045 1046/1046/1046
f 1047/1047/1047 1048/1048/1048 1049/1049/1049
f 1047/1047/1047 1049/1049/1049 1050/1050/1050
f 1048/1048/1048 1051/1051/1051 1052/1052/1052
f 1048/1048/1048 1052/1052/1052 1049/1049/1049
f 1053/1053/1053 1054/1054/1054 1055/1055/1055
f 1053/1053/1053 1055/1055/1055 1056/1056/1056
f 1054/1054/1054 1057/1057/1057 1058/1058/1058
f 1054/1054/1054 1058/1058/1058 1055/1055/1055
f 1059/1059/1059 1060/1060/1060 1061/1061/1061
f 1059/1059/1059 1061/1061/1061 1062/1062/1062
f 1060/1060/1060 1063/1063/1063 1064/1064/1064
f 1060/1060/1060 1064/1064/1064 1061/1061/1061
f 976/976/976 975/975/975 1065/1065/1065
f 976/976/976 1065/1065/1065 1066/1066/1066
f 1066/1066/1066 1065/1065/1065 1067/1067/1067
f 1066/1066/1066 1067/1067/1067 1068/1068/1068
f 979/979/979 978/978/978 1069/1069/1069
f 979/979/979 1069/1069/1069 1070/1070/1070
f 1070/1070/1070 1069/1069/1069 889/889/889
f 1070/1070/1070 889/889/889 1071/1071/1071
f 982/982/982 981/981/981 1072/1072/1072
f 982/982/982 1072/1072/1072 1073/1073/1073
f 1073/1073/1073 1072/1072/1072 885/885/885
f 1073/1073/1073 885/885/885 894/894/894
f 985/985/985 984/984/984 1074/1074/1074
f 985/985/985 1074/1074/1074 1075/1075/1075
f 1075/1075/1075 1074/1074/1074 883/883/883
f 1075/1075/1075 883/883/883 890/890/890
f 988/988/988 987/987/987 1076/1076/1076
f 988/988/988 1076/1076/1076 1077/1077/1077
f 1077/1077/1077 1076/1076/1076 1078/1078/1078
f 1077/1077/1077 1078/1078/1078 1079/1079/1079
f 991/991/991 990/990/990 1080/1080/1080
f 991/991/991 1080/1080/1080 1081/1081/1081
f 1081/1081/1081 1080/1080/1080 1082/1082/1082
f 1081/1081/1081 1082/1082/1082 1083/1083/1083
f 994/994/994 993/993/993 1084/1084/1084
f 994/994/994 1084/1084/1084 1085/1085/1085
f 1085/1085/1085 1084/1084/1084 1086/1086/1086
f 1085/1085/1085 1086/1086/1086 1087/1087/1087
f 997/997/997 996/996/996 1088/1088/1088
f 997/997/997 1088/1088/1088 1089/1089/1089
f 1089/1089/1089 1088/1088/1088 1090/1090/1090
f 1089/1089/1089 1090/1090/1090 1091/1091/1091
f 1000/1000/1000 999/999/999 1092/1092/1092
f 1000/1000/1000 1092/1092/1092 1093/1093/1093
f 1093/1093/1093 1092/1092/1092 1094/1094/1094
f 1093/1093/1093 1094/1094/1094 1095/1095/1095
f 1003/1003/1003 1002/1002/1002 1096/1096/1096
f 1003/1003/1003 1096/1096/1096 1097/1097/1097
f 1097/1097/1097 1096/1096/1096 1098/1098/1098
f 1097/1097/1097 1098/1098/1098 1099/1099/1099
f 1006/1006/1006 1005/1005/1005 1100/1100/1100
f 1006/1006/1006 1100/1100/1100 1101/1101/1101
f 1101/1101/1101 1100/1100/1100 1102/1102/1102
f 1101/1101/1101 1102/1102/1102 1103/1103/1103
f 1009/1009/1009 1008/1008/1008 1104/1104/1104
f 1009/1009/1009 1104/1104/1104 1105/1105/1105
f 1105/1105/1105 1104/1104/1104 1106/1106/1106
f 1105/1105/1105 1106/1106/1106 1102/1102/1102
f 1012/1012/1012 1011/1011/1011 1107/1107/1107
f 1012/1012/1012 1107/1107/1107 1108/1108/1108
f 1108/1108/1108 1107/1107/1107 1109/1109/1109
f 1108/1108/1108 1109/1109/1109 1110/1110/1110
f 1015/1015/1015 1014/1014/1014 1111/1111/1111
f 1015/1015/1015 1111/1111/1111 1112/1112/1112
f 1112/1112/1112 1111/1111/1111 1113/1113/1113
f 1112/1112/1112 1113/1113/1113 1114/1114/1114
f 1018/1018/1018 1017/1017/1017 1115/1115/1115
f 1018/1018/1018 1115/1115/1115 1116/1116/1116
f 1116/1116/1116 1115/1115/1115 1117/1117/1117
f 1116/1116/1116 1117/1117/1117 1118/1118/1118
f 1021/1021/1021 1020/1020/1020 1119/1119/1119
f 1021/1021/1021 1119/1119/1119 1120/1120/1120
f 1120/1120/1120 1119/1119/1119 1121/1121/1121
f 1120/1120/1120 1121/1121/1121 1122/1122/1122
f 1024/1024/1024 1023/1023/1023 1123/1123/1123
f 1024/1024/1024 1123/1123/1123 1124/1124/1124
f 1124/1124/1124 1123/1123/1123 1125/1125/1125
f 1124/1124/1124 1125/1125/1125 1126/1126/1126
f 1027/1027/1027 1026/1026/1026 1127/1127/1127
f 1027/1027/1027 1127/1127/1127 1128/1128/1128
f 1128/1128/1128 1127/1127/1127 1129/1129/1129
f 1128/1128/1128 1129/1129/1129 1130/1130/1130
f 1030/1030/1030 1029/1029/1029 1131/1131/1131
f 1030/1030/1030 1131/1131/1131 1132/1132/1132
f 1132/1132/1132 1131/1131/1131 1133/1133/1133
f 1132/1132/1132 1133/1133/1133 1134/1134/1134
f 1033/1033/1033 1032/1032/1032 1135/1135/1135
f 1033/1033/1033 1135/1135/1135 1136/1136/1136
f 1136/1136/1136 1135/1135/1135 1137/1137/1137
f 1136/1136/1136 1137/1137/1137 1138/1138/1138
f 1037/1037/1037 1036/1036/1036 1139/1139/1139
f 1037/1037/1037 1139/1139/1139 1140/1140/1140
f 1140/1140/1140 1139/1139/1139 1141/1141/1141
f 1140/1140/1140 1141/1141/1141 870/870/870
f 1040/1040/1040 1039/1039/1039 1142/1142/1142
f 1040/1040/1040 1142/1142/1142 1143/1143/1143
f 1143/1143/1143 1142/1142/1142 1144/1144/1144
f 1143/1143/1143 1144/1144/1144 1145/1145/1145
f 1043/1043/1043 1042/1042/1042 1146/1146/1146
f 1043/1043/1043 1146/1146/1146 1147/1147/1147
f 1147/1147/1147 1146/1146/1146 1148/1148/1148
f 1147/1147/1147 1148/1148/1148 1149/1149/1149
f 1046/1046/1046 1045/1045/1045 1150/1150/1150
f 1046/1046/1046 1150/1150/1150 1151/1151/1151
f 1151/1151/1151 1150/1150/1150 1152/1152/1152
f 1151/1151/1151 1152/1152/1152 1153/1153/1153
f 1050/1050/1050 1049/1049/1049 1154/1154/1154
f 1050/1050/1050 1154/1154/1154 1155/1155/1155
f 1155/1155/1155 1154/1154/1154 825/825/825
f 1155/1155/1155 825/825/825 1156/1156/1156
f 1049/1049/1049 1052/1052/1052 1157/1157/1157
f 1049/1049/1049 1157/1157/1157 1154/1154/1154
f 1154/1154/1154 1157/1157/1157 829/829/829
f 1154/1154/1154 829/829/829 825/825/825
f 1056/1056/1056 1055/1055/1055 1158/1158/1158
f 1056/1056/1056 1158/1158/1158 1159/1159/1159
f 1159/1159/1159 1158/1158/1158 776/776/776
f 1159/1159/1159 776/776/776 1160/1160/1160
f 1055/1055/1055 1058/1058/1058 1161/1161/1161
f 1055/1055/1055 1161/1161/1161 1158/1158/1158
f 1158/1158/1158 1161/1161/1161 772/772/772
f 1158/1158/1158 772/772/772 776/776/776
f 1062/1062/1062 1061/1061/1061 1162/1162/1162
f 1062/1062/1062 1162/1162/1162 1163/1163/1163
f 1163/1163/1163 1162/1162/1162 787/787/787
f 1163/1163/1163 787/787/787 1164/1164/1164
f 1061/1061/1061 1064/1064/1064 1165/1165/1165
f 1061/1061/1061 1165/1165/1165 1162/1162/1162
f 1162/1162/1162 1165/1165/1165 791/791/791
f 1162/1162/1162 791/791/791 787/787/787
f 1166/1166/1166 1167/1167/1167 1168/1168/1168
f 1166/1166/1166 1168/1168/1168 1169/1169/1169
f 1169/1169/1169 1168/1168/1168 640/640/640
f 1169/1169/1169 640/640/640 643/643/643
f 1167/1167/1167 1170/1170/1170 1171/1171/1171
f 1167/1167/1167 1171/1171/1171 1168/1168/1168
f 1168/1168/1168 1171/1171/1171 644/644/644
f 1168/1168/1168 644/644/644 640/640/640
f 1172/1172/1172 1173/1173/1173 1174/1174/1174
f 1172/1172/1172 1174/1174/1174 1175/1175/1175
f 1175/1175/1175 1174/1174/1174 695/695/695
f 1175/1175/1175 695/695/695 694/694/694
f 1173/1173/1173 1176/1176/1176 1177/1177/1177
f 1173/1173/1173 1177/1177/1177 1174/1174/1174
f 1174/1174/1174 1177/1177/1177 698/698/698
f 1174/1174/1174 698/698/698 695/695/695
f 1178/1178/1178 1179/1179/1179 1180/1180/1180
f 1178/1178/1178 1180/1180/1180 1181/1181/1181
f 1181/1181/1181 1180/1180/1180 701/701/701
f 1181/1181/1181 701/701/701 700/700/700
f 1182/1182/1182 1178/1178/1178 1181/1181/1181
f 1182/1182/1182 1181/1181/1181 1183/1183/1183
f 1183/1183/1183 1181/1181/1181 700/700/700
f 1183/1183/1183 700/700/700 704/704/704
f 709/709/709 708/708/708 1184/1184/1184
f 709/709/709 1184/1184/1184 1185/1185/1185
f 1185/1185/1185 1184/1184/1184 1186/1186/1186
f 1185/1185/1185 1186/1186/1186 1187/1187/1187
f 713/713/713 712/712/712 1188/1188/1188
f 713/713/713 1188/1188/1188 1189/1189/1189
f 1189/1189/1189 1188/1188/1188 1190/1190/1190
f 1189/1189/1189 1190/1190/1190 1191/1191/1191
f 717/717/717 716/716/716 1192/1192/1192
f 717/717/717 1192/1192/1192 1193/1193/1193
f 1193/1193/1193 1192/1192/1192 1194/1194/1194
f 1193/1193/1193 1194/1194/1194 1195/1195/1195
f 1196/1196/1196 793/793/793 1197/1197/1197
f 1196/1196/1196 1197/1197/1197 1198/1198/1198
f 1198/1198/1198 1197/1197/1197 1199/1199/1199
f 1198/1198/1198 1199/1199/1199 1200/1200/1200
f 1201/1201/1201 1202/1202/1202 1203/1203/1203
f 1201/1201/1201 1203/1203/1203 1204/1204/1204
f 1204/1204/1204 1203/1203/1203 1205/1205/1205
f 1204/1204/1204 1205/1205/1205 1206/1206/1206
f 1207/1207/1207 1208/1208/1208 1209/1209/1209
f 1207/1207/1207 1209/1209/1209 1210/1210/1210
f 1210/1210/1210 1209/1209/1209 1211/1211/1211
f 1210/1210/1210 1211/1211/1211 902/902/902
f 869/869/869 1212/1212/1212 1213/1213/1213
f 869/869/869 1213/1213/1213 1214/1214/1214
f 1214/1214/1214 1213/1213/1213 1215/1215/1215
f 1214/1214/1214 1215/1215/1215 906/906/906
f 881/881/881 1216/1216/1216 1217/1217/1217
f 881/881/881 1217/1217/1217 1218/1218/1218
f 1218/1218/1218 1217/1217/1217 1219/1219/1219
f 1218/1218/1218 1219/1219/1219 935/935/935
f 1220/1220/1220 1221/1221/1221 1222/1222/1222
f 1220/1220/1220 1222/1222/1222 1223/1223/1223
f 1223/1223/1223 1222/1222/1222 1224/1224/1224
f 1223/1223/1223 1224/1224/1224 1225/1225/1225
f 1226/1226/1226 956/956/956 1227/1227/1227
f 1226/1226/1226 1227/1227/1227 1228/1228/1228
f 1228/1228/1228 1227/1227/1227 1229/1229/1229
f 1228/1228/1228 1229/1229/1229 1230/1230/1230
f 1231/1231/1231 964/964/964 1232/1232/1232
f 1231/1231/1231 1232/1232/1232 1233/1233/1233
f 1233/1233/1233 1232/1232/1232 1234/1234/1234
f 1233/1233/1233 1234/1234/1234 1235/1235/1235
f 1236/1236/1236 972/972/972 1237/1237/1237
f 1236/1236/1236 1237/1237/1237 1238/1238/1238
f 1238/1238/1238 1237/1237/1237 1239/1239/1239
f 1238/1238/1238 1239/1239/1239 1240/1240/1240
f 1241/1241/1241 1242/1242/1242 1175/1175/1175
f 1241/1241/1241 1175/1175/1175 1243/1243/1243
f 1243/1243/1243 1175/1175/1175 1244/1244/1244
f 1243/1243/1243 1244/1244/1244 1245/1245/1245
f 1246/1246/1246 1247/1247/1247 1248/1248/1248
f 1246/1246/1246 1248/1248/1248 1249/1249/1249
f 1249/1249/1249 1248/1248/1248 1170/1170/1170
f 1249/1249/1249 1170/1170/1170 1250/1250/1250
f 1251/1251/1251 1241/1241/1241 1243/1243/1243
f 1251/1251/1251 1243/1243/1243 1252/1252/1252
f 1252/1252/1252 1243/1243/1243 1245/1245/1245
f 1252/1252/1252 1245/1245/1245 1253/1253/1253
f 902/902/902 1251/1251/1251 1252/1252/1252
f 902/902/902 1252/1252/1252 1254/1254/1254
f 1254/1254/1254 1252/1252/1252 1253/1253/1253
f 1254/1254/1254 1253/1253/1253 1255/1255/1255
f 1256/1256/1256 1246/1246/1246 1249/1249/1249
f 1256/1256/1256 1249/1249/1249 1257/1257/1257
f 1257/1257/1257 1249/1249/1249 1250/1250/1250
f 1257/1257/1257 1250/1250/1250 1258/1258/1258
f 1259/1259/1259 1256/1256/1256 1257/1257/1257
f 1259/1259/1259 1257/1257/1257 1203/1203/1203
f 1203/1203/1203 1257/1257/1257 1258/1258/1258
f 1203/1203/1203 1258/1258/1258 1260/1260/1260
