# Generated by lxe_pbrt_scene_convert
v 0.0717179999 1.280038 1.12549102
v 0.0718970001 1.28024602 1.126598
v 0.165895 1.29499102 1.11429
v 0.165720001 1.29484403 1.11315
v 0.261940002 1.30815601 1.10287201
v 0.261759013 1.30806899 1.10169005
v 0.072186999 1.28058505 1.12839496
v 0.166178003 1.29522896 1.11613798
v 0.262232989 1.30829799 1.10478902
v 0.165618002 1.29475796 1.11248398
v 0.0716139972 1.27991605 1.124843
v 0.165552005 1.29470301 1.11205399
v 0.0715460032 1.27983701 1.12442505
v 0.261653006 1.30801797 1.100999
v 0.261584997 1.30798495 1.10055304
v -0.0176749993 1.26447594 1.13754404
v -0.0175640006 1.26462305 1.13817799
v -0.099564001 1.24942303 1.15005302
v -0.099446997 1.24957299 1.15067899
v -0.0177459996 1.26438105 1.13713396
v -0.0996399969 1.24932599 1.14964902
v -0.0173749998 1.26487505 1.13926303
v -0.0170690008 1.26528394 1.14102304
v -0.0992460027 1.24983001 1.15174997
v -0.0989189968 1.25024605 1.15348601
v 0.450848013 1.32698405 1.08298302
v 0.451072007 1.32701302 1.08427501
v 0.542020023 1.33294499 1.07702398
v 0.541785002 1.33292997 1.07568705
v 0.629132986 1.33670604 1.07109201
v 0.628908992 1.33670604 1.06972897
v 0.451435 1.32705998 1.08637094
v 0.542402029 1.332968 1.07919502
v 0.629495025 1.33670604 1.07330298
v 0.541647971 1.33292103 1.07490396
v 0.450717002 1.326967 1.08222699
v 0.541558981 1.33291602 1.07439899
v 0.450632989 1.32695603 1.08174002
v 0.628777981 1.33670604 1.06893206
v 0.628693998 1.33670604 1.06841803
v 0.357035995 1.31870997 1.09091902
v 0.357154012 1.31873906 1.09164202
v 0.261653006 1.30801797 1.100999
v 0.261759013 1.30806899 1.10169005
v 0.356959999 1.31869102 1.09045196
v 0.261584997 1.30798495 1.10055304
v 0.357354999 1.31878996 1.09287906
v 0.35768199 1.31887197 1.09488499
v 0.261940002 1.30815601 1.10287201
v 0.262232989 1.30829799 1.10478902
v 0.789992988 1.33846796 1.06157506
v 0.789929986 1.33849502 1.06079698
v 0.711061001 1.33845305 1.06429195
v 0.711163998 1.33843994 1.06508505
v 0.628777981 1.33670604 1.06893206
v 0.628908992 1.33670604 1.06972897
v 0.789889991 1.33851302 1.06029499
v 0.710994005 1.338462 1.06377995
v 0.628693998 1.33670604 1.06841803
v 0.711338997 1.33841801 1.06644106
v 0.790100992 1.33842003 1.06290495
v 0.711624026 1.33838201 1.06864095
v 0.790275991 1.33834398 1.06506205
v 0.629132986 1.33670604 1.07109201
v 0.629495025 1.33670604 1.07330298
v 0.866878986 1.33705294 1.06031501
v 0.866843998 1.33712304 1.05901897
v 0.943132997 1.33465505 1.05850399
v 0.943159997 1.33474004 1.05723798
v 0.866935015 1.33693898 1.06241703
v 0.943089008 1.334517 1.06055796
v 0.866823018 1.33716297 1.05826199
v 0.866810024 1.33719003 1.05777204
v 0.943175972 1.33478904 1.05649805
v 0.943185985 1.33482099 1.05602002
v 1.09873998 1.32769799 1.05553401
v 1.09878504 1.32774496 1.05480003
v 1.02042496 1.33170497 1.05532002
v 1.02038801 1.33165395 1.05605304
v 0.943175972 1.33478904 1.05649805
v 0.943159997 1.33474004 1.05723798
v 1.09881496 1.32777596 1.05432701
v 1.02044797 1.331738 1.054847
v 0.943185985 1.33482099 1.05602002
v 1.02032495 1.33156705 1.05730498
v 1.09866202 1.32761598 1.05678797
v 1.02022302 1.33142495 1.05933702
v 1.09853494 1.32748401 1.05882394
v 0.943132997 1.33465505 1.05850399
v 0.943089008 1.334517 1.06055796
v 1.178352 1.322631 1.05702496
v 1.17842901 1.32270396 1.05575395
v 1.25960195 1.31643903 1.05808496
v 1.25967002 1.31650496 1.05678499
v 1.17822599 1.32251298 1.05908597
v 1.25949299 1.31633198 1.06019497
v 1.17847502 1.32274604 1.05501103
v 1.17850399 1.32277405 1.05453098
v 1.259709 1.31654298 1.05602396
v 1.25973499 1.31656802 1.05553305
v 1.42610502 1.30012095 1.06134498
v 1.42612696 1.30016005 1.06053102
v 1.34270597 1.308972 1.05791295
v 1.34267497 1.30893302 1.05869806
v 1.259709 1.31654298 1.05602396
v 1.25967002 1.31650496 1.05678499
v 1.42614198 1.30018604 1.06000602
v 1.34272599 1.30899596 1.05740702
v 1.25973499 1.31656802 1.05553305
v 1.34262097 1.30886805 1.06004
v 1.42606604 1.300053 1.06273699
v 1.34253502 1.30876195 1.06221795
v 1.42600298 1.29994297 1.06499505
v 1.25960195 1.31643903 1.05808496
v 1.25949299 1.31633198 1.06019497
v 1.50859201 1.29012895 1.06602204
v 1.50862002 1.29019797 1.06457698
v 1.58885598 1.27923203 1.06974196
v 1.58888197 1.27929604 1.06824303
v 1.50854599 1.29001796 1.068367
v 1.58881402 1.27912796 1.072173
v 1.50863695 1.29023802 1.06373096
v 1.50864697 1.29026401 1.06318605
v 1.58889699 1.279333 1.06736696
v 1.588907 1.27935696 1.06680095
v 1.73965704 1.254848 1.07640302
v 1.73968899 1.25486696 1.07546997
v 1.66557205 1.26757503 1.07129097
v 1.66555095 1.26754498 1.07219601
v 1.58889699 1.279333 1.06736696
v 1.58888197 1.27929604 1.06824303
v 1.73970997 1.254879 1.07486701
v 1.66558599 1.26759398 1.07070696
v 1.588907 1.27935696 1.06680095
v 1.66551399 1.26749504 1.07374299
v 1.73960102 1.25481606 1.077999
v 1.66545498 1.26741397 1.07625306
v 1.73951101 1.25476396 1.08058798
v 1.58885598 1.27923203 1.06974196
v 1.58881402 1.27912796 1.072173
v 1.81214905 1.24109006 1.08248103
v 1.81222999 1.24110401 1.080832
v 1.88419294 1.22621298 1.08716297
v 1.88430095 1.22621298 1.08544898
v 1.81201899 1.24106801 1.08515799
v 1.88401794 1.22621095 1.08994496
v 1.81227696 1.24111199 1.07986605
v 1.812307 1.241117 1.07924402
v 1.88436401 1.22621405 1.08444703
v 1.88440502 1.22621405 1.08379996
v -0.348401994 1.20001304 1.19473398
v -0.348172009 1.19985294 1.19579303
v -0.337314993 1.20212305 1.19374204
v -0.337545991 1.20225501 1.19268095
v -0.315885007 1.206604 1.18969405
v -0.316114992 1.20668197 1.18863404
v -0.347793996 1.19959497 1.19751596
v -0.336939007 1.20190895 1.19546402
v -0.315513998 1.206478 1.19141495
v -0.337682009 1.20233297 1.19205999
v -0.348529011 1.20010602 1.194121
v -0.337769002 1.20238197 1.19166005
v -0.348605007 1.20016599 1.19373095
v -0.316249013 1.20672798 1.18801296
v -0.316334993 1.20675695 1.18761301
v -0.352304012 1.19932401 1.19487298
v -0.352201998 1.19922602 1.19546199
v -0.352542013 1.199265 1.19497001
v -0.352474988 1.19916701 1.195526
v -0.35234499 1.19938695 1.19451594
v -0.352490008 1.19932699 1.1947
v -0.351981014 1.19905698 1.19651306
v -0.351601988 1.19878304 1.19823503
v -0.352266014 1.19899702 1.19656599
v -0.351886988 1.198722 1.19828904
v -0.231960997 1.22387803 1.17303801
v -0.231741995 1.22399104 1.17409694
v -0.171036005 1.236063 1.16352296
v -0.171247005 1.23585999 1.16246104
v -0.0992460027 1.24983001 1.15174997
v -0.099446997 1.24957299 1.15067899
v -0.231387004 1.22417402 1.17581606
v -0.170692995 1.23639095 1.16524696
v -0.0989189968 1.25024605 1.15348601
v -0.17137 1.23574197 1.16183996
v -0.232088998 1.22381198 1.17241895
v -0.171450004 1.23566496 1.16143894
v -0.232171997 1.22377002 1.172019
v -0.099564001 1.24942303 1.15005302
v -0.0996399969 1.24932599 1.14964902
v -0.280716002 1.21401405 1.18130505
v -0.280584991 1.21402097 1.18192399
v -0.280800998 1.21401 1.18090498
v -0.280360013 1.21403301 1.18298304
v -0.279994994 1.21405101 1.18470204
v 0.0745550022 1.28334403 1.14305496
v 0.0746570006 1.283463 1.14368999
v 0.168590993 1.29725599 1.13187397
v 0.168491006 1.29717195 1.13121998
v 0.26473099 1.30950499 1.12111294
v 0.26462701 1.30945504 1.120435
v 0.0747229978 1.28353906 1.14409494
v 0.168654993 1.29730999 1.13229096
v 0.264797002 1.30953705 1.12154496
v 0.168318003 1.29702699 1.13009202
v 0.0743779987 1.28313696 1.141958
v 0.168035999 1.29679 1.12825203
v 0.0740889981 1.28280103 1.14016902
v 0.264447987 1.30936801 1.11926401
v 0.264156014 1.30922699 1.11735594
v -0.0147529999 1.26836801 1.15430903
v -0.0145659996 1.26861799 1.15538299
v -0.0964550003 1.25338995 1.16659296
v -0.0962560028 1.25364399 1.16765296
v -0.0150589999 1.26796198 1.15255702
v -0.0967800021 1.25297594 1.16486502
v -0.0144579997 1.26876295 1.15600598
v -0.0143879997 1.26885498 1.15640295
v -0.0961399972 1.25379205 1.16826701
v -0.0960669965 1.25388598 1.16865802
v 0.073138997 1.28169298 1.13428497
v 0.0736510009 1.28228998 1.13745797
v 0.167607993 1.29642999 1.12546301
v 0.167107999 1.29601002 1.12219799
v 0.263713002 1.30901301 1.11446202
v 0.263195008 1.30876303 1.111076
v 0.166607007 1.29558897 1.11893201
v 0.0726260021 1.28109598 1.13111103
v 0.262677014 1.30851197 1.10768795
v -0.0166049991 1.26590204 1.14368296
v -0.0160629991 1.26662302 1.14679301
v -0.0984259993 1.25087595 1.15611005
v -0.0978489965 1.25161195 1.15917802
v -0.0155210001 1.26734495 1.14990103
v -0.0972720012 1.25234699 1.16224504
v 0.454394996 1.327443 1.10347402
v 0.454522997 1.32746005 1.10421598
v 0.545650005 1.33317101 1.09767103
v 0.545515001 1.33316195 1.09690297
v 0.632580996 1.33670795 1.09212399
v 0.632452011 1.33670795 1.09134102
v 0.454605013 1.32746994 1.10468805
v 0.545736015 1.33317602 1.09816003
v 0.632661998 1.33670902 1.09262204
v 0.545282006 1.333148 1.09557796
v 0.454172999 1.32741404 1.10219395
v 0.54490298 1.33312404 1.093418
v 0.453812003 1.32736695 1.10010803
v 0.632230997 1.33670795 1.08999205
v 0.631869972 1.33670795 1.08779097
v 0.360146999 1.31949306 1.11002696
v 0.360347003 1.319543 1.11125195
v 0.264447987 1.30936801 1.11926401
v 0.26462701 1.30945504 1.120435
v 0.359822005 1.31941104 1.10803103
v 0.264156014 1.30922699 1.11735594
v 0.36046201 1.31957197 1.11196196
v 0.360536009 1.31958997 1.112414
v 0.26473099 1.30950499 1.12111294
v 0.264797002 1.30953705 1.12154496
v 0.452623993 1.327214 1.093243
v 0.453265011 1.32729697 1.09694505
v 0.544327021 1.33308804 1.09014297
v 0.543653011 1.33304596 1.08631003
v 0.63132298 1.33670795 1.08445501
v 0.630683005 1.336707 1.08055103
v 0.542979002 1.333004 1.08247495
v 0.451983005 1.32713103 1.08954
v 0.63004303 1.336707 1.07664394
v 0.358175993 1.31899595 1.09791696
v 0.358752996 1.31914198 1.10146105
v 0.262677014 1.30851197 1.10768795
v 0.263195008 1.30876303 1.111076
v 0.359328985 1.31928694 1.10500395
v 0.263713002 1.30901301 1.11446202
v 0.79084897 1.33809197 1.07213402
v 0.79053998 1.33822799 1.06832302
v 0.712055027 1.338328 1.07196605
v 0.712558985 1.33826399 1.07585394
v 0.63004303 1.336707 1.07664394
v 0.630683005 1.336707 1.08055103
v 0.713063002 1.33819997 1.07973897
v 0.791157007 1.33795702 1.07594395
v 0.71349299 1.33814597 1.083058
v 0.791420996 1.33784103 1.07919896
v 0.63132298 1.33670795 1.08445501
v 0.631869972 1.33670795 1.08779097
v 0.867220998 1.33636701 1.07302105
v 0.867120981 1.33656704 1.069309
v 0.942866981 1.33382201 1.07091904
v 0.94294399 1.33406496 1.06729198
v 0.867305994 1.33619595 1.07619298
v 0.942799985 1.33361399 1.074018
v 0.867021024 1.33676803 1.06559396
v 0.943022013 1.33430898 1.06366301
v 0.791701972 1.33771801 1.08266401
v 0.791594982 1.33776402 1.08134699
v 0.713777006 1.33810997 1.08524799
v 0.713950992 1.33808804 1.08659101
v 0.632230997 1.33670795 1.08999205
v 0.632452011 1.33670795 1.09134102
v 0.714051008 1.33807504 1.08737004
v 0.791763008 1.33769 1.08342695
v 0.714115977 1.33806705 1.087865
v 0.791803002 1.33767295 1.08391297
v 0.632580996 1.33670795 1.09212399
v 0.632661998 1.33670902 1.09262204
v 0.867416978 1.33597398 1.08031201
v 0.86739701 1.33601403 1.07956803
v 0.942713976 1.33334398 1.07804298
v 0.942728996 1.33339202 1.077317
v 0.867429972 1.33594799 1.08078599
v 0.942704022 1.33331299 1.07850599
v 0.867362976 1.33608305 1.07828498
v 0.942755997 1.33347702 1.07606304
v 1.09812105 1.32704997 1.06549704
v 1.09834397 1.32728398 1.06190002
v 1.02006805 1.33121097 1.06240904
v 1.01988804 1.33096099 1.06599998
v 0.943022013 1.33430898 1.06366301
v 0.94294399 1.33406496 1.06729198
v 1.01970696 1.33071101 1.06958902
v 1.09789801 1.32681596 1.06909204
v 1.01955295 1.33049798 1.07265604
v 1.09770703 1.32661605 1.07216299
v 0.942866981 1.33382201 1.07091904
v 0.942799985 1.33361399 1.074018
v 1.17759001 1.32191598 1.06948698
v 1.17781305 1.32212496 1.06584597
v 1.25893998 1.31579196 1.07083702
v 1.25913405 1.31598103 1.06711102
v 1.17739999 1.321738 1.07259798
v 1.258775 1.31563103 1.07402003
v 1.17803502 1.32233405 1.06220305
v 1.25932705 1.31616998 1.06338406
v 1.09750402 1.32640398 1.07543194
v 1.09758103 1.32648396 1.07418895
v 1.01945198 1.33035696 1.07467902
v 1.01938903 1.33027101 1.07591999
v 0.942755997 1.33347702 1.07606304
v 0.942728996 1.33339202 1.077317
v 1.01935303 1.33021998 1.07663798
v 1.09745896 1.32635701 1.07615197
v 1.01933002 1.33018899 1.07709599
v 1.09743094 1.32632697 1.07661104
v 0.942713976 1.33334398 1.07804298
v 1.17715394 1.32150602 1.07663906
v 1.17719805 1.32154799 1.07590902
v 1.25855994 1.31542206 1.07815397
v 1.25859904 1.31545901 1.07740796
v 1.17712498 1.32148004 1.07710397
v 1.25853598 1.31539798 1.07862997
v 1.17727494 1.32161999 1.074651
v 1.25866604 1.31552505 1.07612002
v 1.42579806 1.299582 1.07239795
v 1.42590797 1.29977703 1.06840801
v 1.34240496 1.30860102 1.06550896
v 1.34225297 1.30841303 1.06935596
v 1.25932705 1.31616998 1.06338406
v 1.25913405 1.31598103 1.06711102
v 1.34210098 1.30822504 1.07320201
v 1.42568696 1.29938805 1.07638597
v 1.34196997 1.30806506 1.07648695
v 1.42559195 1.29922199 1.07979298
v 1.25893998 1.31579196 1.07083702
v 1.258775 1.31563103 1.07402003
v 1.50831497 1.28945601 1.08019602
v 1.50839603 1.28965294 1.07605505
v 1.58860004 1.27860296 1.08443797
v 1.58867502 1.27878702 1.08014405
v 1.50824594 1.28928804 1.08373499
v 1.58853602 1.27844596 1.08810604
v 1.50847697 1.28985 1.07191205
v 1.58875 1.27897 1.07584798
v 1.42549098 1.29904604 1.08342004
v 1.42552996 1.29911304 1.08204103
v 1.34188497 1.30795896 1.078655
v 1.34183204 1.30789399 1.07998395
v 1.25866604 1.31552505 1.07612002
v 1.25859904 1.31545901 1.07740796
v 1.34180105 1.30785596 1.08075404
v 1.42546904 1.29900706 1.08421898
v 1.34178197 1.307832 1.08124495
v 1.42545497 1.29898202 1.084728
v 1.25855994 1.31542206 1.07815397
v 1.25853598 1.31539798 1.07862997
v 1.50815594 1.28907001 1.08833003
v 1.50817204 1.28910899 1.08750105
v 1.58845305 1.27824199 1.09287
v 1.58846796 1.27827895 1.09201002
v 1.50814605 1.28904498 1.08885896
v 1.58844399 1.27821898 1.093418
v 1.50820005 1.28917694 1.08606899
v 1.58849394 1.27834201 1.09052598
v 1.73921502 1.25459504 1.089077
v 1.73937404 1.254686 1.08450198
v 1.66536605 1.26729 1.08004701
v 1.66526198 1.26714599 1.08448195
v 1.58875 1.27897 1.07584798
v 1.58867502 1.27878702 1.08014405
v 1.66515803 1.26700199 1.08891499
v 1.73905599 1.25450301 1.09364998
v 1.66506898 1.26687896 1.09270203
v 1.73891902 1.254426 1.09755695
v 1.58860004 1.27860296 1.08443797
v 1.58853602 1.27844596 1.08810604
v 1.81135905 1.240955 1.09866297
v 1.81158996 1.24099398 1.09393501
v 1.88313603 1.22620499 1.10397398
v 1.88344502 1.22620702 1.09906304
v 1.81116199 1.24092102 1.10270202
v 1.88287199 1.22620296 1.10817099
v 1.81182098 1.24103403 1.08920503
v 1.88375401 1.22621 1.09414899
v 1.73877501 1.25434303 1.10171497
v 1.73882997 1.25437403 1.10013402
v 1.66501105 1.26679802 1.09520102
v 1.66497505 1.26674795 1.09673297
v 1.58849394 1.27834201 1.09052598
v 1.58846796 1.27827895 1.09201002
v 1.66495395 1.26672006 1.09762096
v 1.73874295 1.25432396 1.10263097
v 1.66494 1.26670098 1.09818697
v 1.73872197 1.25431299 1.10321403
v 1.58845305 1.27824199 1.09287
v 1.58844399 1.27821898 1.093418
v 1.81090605 1.24087703 1.10794795
v 1.81095195 1.24088502 1.10700095
v 1.88252902 1.22620106 1.113621
v 1.88259101 1.22620106 1.11263704
v 1.81087601 1.24087203 1.10855103
v 1.88248897 1.22619998 1.11424804
v 1.81103206 1.24089897 1.10536695
v 1.88269806 1.22620201 1.11093903
v -0.344711006 1.19748604 1.21156597
v -0.344572991 1.19739795 1.212165
v -0.333741009 1.200086 1.21012199
v -0.333873987 1.20016205 1.20951295
v -0.312350005 1.20539999 1.20606196
v -0.312481999 1.20544505 1.20545399
v -0.344480991 1.19734395 1.21254003
v -0.333656996 1.20003796 1.21051002
v -0.312267005 1.20537102 1.20644999
v -0.334102988 1.20029199 1.208462
v -0.344942987 1.19764304 1.21051896
v -0.334477007 1.20050597 1.20674801
v -0.345319003 1.19790006 1.20880401
v -0.312709004 1.20552194 1.20440304
v -0.313079 1.20564795 1.20269001
v -0.348746002 1.19671297 1.21124005
v -0.348508 1.19655001 1.21227801
v -0.349029988 1.19664395 1.21129405
v -0.348785996 1.19648397 1.21231794
v -0.349121988 1.19698596 1.20952499
v -0.349406987 1.19691801 1.20957899
v -0.348356009 1.19646597 1.21284604
v -0.348246008 1.19641995 1.21317899
v -0.348614991 1.19641197 1.21284401
v -0.348455012 1.19639897 1.21306705
v -0.346556008 1.19874704 1.20316303
v -0.345889002 1.19828999 1.20620501
v -0.335043997 1.20082903 1.20414996
v -0.335707992 1.20120704 1.20110905
v -0.313638985 1.20583904 1.20009398
v -0.314296007 1.20606303 1.19705606
v -0.336371005 1.20158601 1.19806695
v -0.347223014 1.19920397 1.20011902
v -0.314951986 1.20628595 1.19401598
v -0.351029992 1.19836795 1.20083904
v -0.350362003 1.19788396 1.20388305
v -0.351314992 1.19830596 1.20089304
v -0.350645989 1.19781899 1.20393705
v -0.349693 1.19739997 1.20692599
v -0.349978 1.19733298 1.20697999
v -0.228487998 1.22566795 1.18983698
v -0.228361994 1.22573304 1.19044495
v -0.167777002 1.23918796 1.17991805
v -0.167897999 1.23907197 1.17930901
v -0.0961399972 1.25379205 1.16826701
v -0.0962560028 1.25364399 1.16765296
v -0.228282005 1.22577405 1.19083202
v -0.167699993 1.23926198 1.18030703
v -0.0960669965 1.25388598 1.16865802
v -0.168107003 1.23887098 1.17825699
v -0.228705004 1.22555697 1.18878806
v -0.168448001 1.23854399 1.17654097
v -0.229057997 1.22537398 1.18707705
v -0.0964550003 1.25338995 1.16659296
v -0.0967800021 1.25297594 1.16486502
v -0.277240008 1.21419203 1.19767404
v -0.277018011 1.214203 1.19872296
v -0.277604014 1.21417296 1.19596398
v -0.276888996 1.21421003 1.19933105
v -0.276805997 1.21421397 1.19971895
v -0.230222002 1.22477496 1.18145001
v -0.229594007 1.22509801 1.184484
v -0.168964997 1.23804796 1.17394102
v -0.169569999 1.237468 1.17089701
v -0.0972720012 1.25234699 1.16224504
v -0.0978489965 1.25161195 1.15917802
v -0.170175001 1.23688805 1.16785204
v -0.230849996 1.22445095 1.17841303
v -0.0984259993 1.25087595 1.15611005
v -0.279442996 1.21407902 1.18729901
v -0.278798997 1.21411204 1.19033599
v -0.278153986 1.21414495 1.19337106
v 2.02537894 1.194116 1.09480798
v 1.9569 1.210078 1.09022403
v 1.95676601 1.21008003 1.09201705
v 2.02522111 1.19411504 1.09668601
v 1.95654905 1.21008396 1.09492695
v 2.02496409 1.19411302 1.09973204
v 1.88430095 1.22621298 1.08544898
v 1.88419294 1.22621298 1.08716297
v 1.88401794 1.22621095 1.08994496
v 2.08490801 1.179739 1.100811
v 2.08508706 1.17974806 1.09885395
v 2.131181 1.16837704 1.10403502
v 2.13137507 1.16839302 1.10201395
v 2.08461905 1.179726 1.10398602
v 2.130867 1.16835105 1.10731494
v 2.08519101 1.17975295 1.09770894
v 2.02547097 1.19411695 1.09370899
v 2.08525801 1.17975605 1.09696996
v 2.02553105 1.19411695 1.09300101
v 2.13148904 1.16840196 1.10083103
v 2.13156199 1.16840804 1.10006797
v 1.95697904 1.21007597 1.08917499
v 1.88436401 1.22621405 1.08444703
v 1.95702899 1.21007597 1.088498
v 1.88440502 1.22621405 1.08379996
v 2.17425489 1.15787399 1.10494697
v 2.15959597 1.16147006 1.10394001
v 2.15939212 1.16144896 1.10600102
v 2.17405701 1.15784895 1.10702205
v 2.15906191 1.16141605 1.10934401
v 2.17371798 1.157812 1.11039901
v 2.17968893 1.15646601 1.10741496
v 2.17986202 1.156497 1.10534894
v 2.18080711 1.15619099 1.10749304
v 2.18094206 1.156232 1.10544705
v 2.17934799 1.15642703 1.11080396
v 2.18046498 1.15615201 1.11088395
v 2.17987299 1.15653598 1.10419405
v 2.17434907 1.15789294 1.10374701
v 2.17980194 1.15657794 1.10349405
v 2.17439008 1.15790999 1.102983
v 2.18084097 1.15629494 1.10435796
v 2.18047094 1.15640402 1.10383701
v 2.15971494 1.16148198 1.10273504
v 2.15979099 1.16148996 1.10195696
v 2.02412391 1.19410503 1.10972095
v 1.95583606 1.210096 1.10446703
v 1.95545101 1.21010303 1.10960603
v 2.02367091 1.19410098 1.11510098
v 1.95512295 1.21010804 1.11399698
v 2.02328396 1.194098 1.11969805
v 1.88344502 1.22620702 1.09906304
v 1.88313603 1.22620499 1.10397398
v 1.88287199 1.22620296 1.10817099
v 2.08315897 1.17965603 1.12000406
v 2.0836699 1.17967999 1.11439705
v 2.12928009 1.16822004 1.12385905
v 2.12983608 1.16826606 1.11806703
v 2.0827229 1.17963505 1.12479603
v 2.12880611 1.16818094 1.12880802
v 2.08418202 1.17970502 1.10878599
v 2.0245769 1.19410896 1.10433805
v 2.13039207 1.16831195 1.11227202
v 1.95622003 1.21008897 1.09932601
v 1.88375401 1.22621 1.09414899
v 2.172611 1.15769005 1.12146795
v 2.15798092 1.16130698 1.12030494
v 2.15739799 1.16124797 1.12620902
v 2.172014 1.15762401 1.12742996
v 2.15689993 1.16119802 1.13125396
v 2.17150402 1.15756798 1.13252497
v 2.17762804 1.156232 1.1279
v 2.17823005 1.15630102 1.12191498
v 2.17874098 1.15595603 1.12799299
v 2.17934489 1.15602505 1.12200296
v 2.17711401 1.15617394 1.13301301
v 2.17822599 1.15589797 1.13311005
v 2.17883301 1.15636897 1.11592698
v 2.173208 1.15775502 1.115502
v 2.17994809 1.15609396 1.11601102
v 2.15856409 1.16136599 1.114398
v 2.02287292 1.19409502 1.12459099
v 1.95477402 1.210114 1.11866999
v 1.95469701 1.21011496 1.119699
v 2.02278209 1.19409394 1.125669
v 1.95464802 1.21011603 1.12035501
v 2.02272391 1.19409299 1.12635601
v 1.88259101 1.22620106 1.11263704
v 1.88252902 1.22620106 1.113621
v 1.88248897 1.22619998 1.11424804
v 2.08215594 1.17960799 1.13101804
v 2.08225799 1.17961299 1.12989497
v 2.12818909 1.16813099 1.13523495
v 2.12829995 1.16814005 1.13407397
v 2.0820899 1.17960501 1.13173401
v 2.12811804 1.16812503 1.13597405
v 2.08243489 1.17962098 1.12795699
v 2.02302909 1.19409597 1.12273097
v 2.12849212 1.16815495 1.13207197
v 1.95490694 1.21011198 1.11689305
v 1.88269806 1.22620201 1.11093903
v 2.17095304 1.157511 1.13794005
v 2.15637112 1.16114497 1.13662302
v 2.15625405 1.16113305 1.13780499
v 2.17080998 1.15750504 1.13911402
v 2.15617895 1.16112602 1.13855898
v 2.17070103 1.15750504 1.13984799
v 2.17631602 1.15613401 1.13954604
v 2.17653394 1.15612102 1.13842905
v 2.17729807 1.15589297 1.13953996
v 2.17761302 1.15585303 1.138502
v 2.17611003 1.15616095 1.14020205
v 2.17683291 1.15599203 1.139979
v 2.17677402 1.15613604 1.13638699
v 2.1711669 1.15753102 1.13588595
v 2.17788601 1.15585899 1.13648605
v 2.1565721 1.161165 1.13458204
v 0.0717179999 1.280038 -1.12549102
v 0.165720001 1.29484403 -1.11315
v 0.165895 1.29499102 -1.11429
v 0.0718970001 1.28024602 -1.126598
v 0.166178003 1.29522896 -1.11613798
v 0.072186999 1.28058505 -1.12839496
v 0.261759013 1.30806899 -1.10169005
v 0.261940002 1.30815601 -1.10287201
v 0.262232989 1.30829799 -1.10478902
v -0.0173749998 1.26487505 -1.13926303
v -0.0175640006 1.26462305 -1.13817799
v -0.0992460027 1.24983001 -1.15174997
v -0.099446997 1.24957299 -1.15067899
v -0.0170690008 1.26528394 -1.14102304
v -0.0989189968 1.25024605 -1.15348601
v -0.0176749993 1.26447594 -1.13754404
v 0.0716139972 1.27991605 -1.124843
v -0.0177459996 1.26438105 -1.13713396
v 0.0715460032 1.27983701 -1.12442505
v -0.099564001 1.24942303 -1.15005302
v -0.0996399969 1.24932599 -1.14964902
v 0.165618002 1.29475796 -1.11248398
v 0.261653006 1.30801797 -1.100999
v 0.165552005 1.29470301 -1.11205399
v 0.261584997 1.30798495 -1.10055304
v 0.450848013 1.32698405 -1.08298302
v 0.541785002 1.33292997 -1.07568705
v 0.542020023 1.33294499 -1.07702398
v 0.451072007 1.32701302 -1.08427501
v 0.542402029 1.332968 -1.07919502
v 0.451435 1.32705998 -1.08637094
v 0.628908992 1.33670604 -1.06972897
v 0.629132986 1.33670604 -1.07109201
v 0.629495025 1.33670604 -1.07330298
v 0.357354999 1.31878996 -1.09287906
v 0.357154012 1.31873906 -1.09164202
v 0.261940002 1.30815601 -1.10287201
v 0.261759013 1.30806899 -1.10169005
v 0.35768199 1.31887197 -1.09488499
v 0.262232989 1.30829799 -1.10478902
v 0.357035995 1.31870997 -1.09091902
v 0.450717002 1.326967 -1.08222699
v 0.356959999 1.31869102 -1.09045196
v 0.450632989 1.32695603 -1.08174002
v 0.261653006 1.30801797 -1.100999
v 0.261584997 1.30798495 -1.10055304
v 0.541647971 1.33292103 -1.07490396
v 0.628778994 1.33670604 -1.06893206
v 0.541558981 1.33291602 -1.07439899
v 0.628693998 1.33670604 -1.06841803
v 0.789992988 1.33846796 -1.06157506
v 0.711163998 1.33843994 -1.06508505
v 0.711061001 1.33845305 -1.06429195
v 0.789929986 1.33849502 -1.06079698
v 0.710994005 1.338462 -1.06377995
v 0.789889991 1.33851302 -1.06029499
v 0.628908992 1.33670604 -1.06972897
v 0.628778994 1.33670604 -1.06893206
v 0.628693998 1.33670604 -1.06841803
v 0.866823018 1.33716297 -1.05826104
v 0.866843998 1.33712304 -1.05901897
v 0.943175972 1.33478904 -1.05649805
v 0.943159997 1.33474004 -1.05723798
v 0.866810024 1.33719003 -1.05777204
v 0.943185985 1.33482099 -1.05602002
v 0.866878986 1.33705294 -1.06031501
v 0.790100992 1.33842099 -1.06290495
v 0.866935015 1.33693898 -1.06241703
v 0.790275991 1.33834398 -1.06506205
v 0.943132997 1.33465505 -1.05850399
v 0.943089008 1.334517 -1.06055796
v 0.711338997 1.33841801 -1.06644106
v 0.629132986 1.33670604 -1.07109201
v 0.711624026 1.33838201 -1.06864095
v 0.629495025 1.33670604 -1.07330298
v 1.09873998 1.32769799 -1.05553401
v 1.02038801 1.33165395 -1.05605197
v 1.02042496 1.33170497 -1.05532002
v 1.09878504 1.32774496 -1.05480003
v 1.02044797 1.331738 -1.054847
v 1.09881496 1.32777596 -1.05432701
v 0.943159997 1.33474004 -1.05723798
v 0.943175972 1.33478904 -1.05649805
v 0.943185985 1.33482099 -1.05602002
v 1.17847502 1.32274604 -1.05501103
v 1.17842901 1.32270396 -1.05575395
v 1.259709 1.31654298 -1.05602396
v 1.25967002 1.31650496 -1.05678499
v 1.17850399 1.32277405 -1.05453098
v 1.25973499 1.31656802 -1.05553305
v 1.178352 1.322631 -1.05702496
v 1.09866202 1.32761598 -1.05678797
v 1.17822599 1.32251298 -1.05908704
v 1.09853494 1.32748401 -1.05882394
v 1.25960195 1.31643903 -1.05808496
v 1.25949299 1.31633198 -1.06019497
v 1.02032495 1.33156705 -1.05730498
v 0.943132997 1.33465505 -1.05850399
v 1.02022302 1.33142495 -1.05933702
v 0.943089008 1.334517 -1.06055796
v 1.42610502 1.30012095 -1.06134498
v 1.34267497 1.30893302 -1.05869806
v 1.34270597 1.308972 -1.05791295
v 1.42612696 1.30016005 -1.06053102
v 1.34272599 1.30899596 -1.05740702
v 1.42614198 1.30018604 -1.06000602
v 1.25967002 1.31650496 -1.05678499
v 1.259709 1.31654298 -1.05602396
v 1.25973499 1.31656802 -1.05553305
v 1.50863695 1.29023802 -1.06373096
v 1.50862002 1.29019797 -1.06457698
v 1.58889699 1.279333 -1.06736696
v 1.58888197 1.27929604 -1.06824303
v 1.50864697 1.29026401 -1.06318605
v 1.588907 1.27935696 -1.06680095
v 1.50859201 1.29012895 -1.06602204
v 1.42606604 1.300053 -1.06273699
v 1.50854599 1.29001796 -1.068367
v 1.42600298 1.29994297 -1.06499505
v 1.58885598 1.27923203 -1.06974196
v 1.58881402 1.27912796 -1.072173
v 1.34262204 1.30886805 -1.06004
v 1.25960195 1.31643903 -1.05808496
v 1.34253502 1.30876195 -1.06221795
v 1.25949299 1.31633198 -1.06019497
v 1.73965704 1.254848 -1.07640302
v 1.66555095 1.26754606 -1.07219601
v 1.66557205 1.26757503 -1.07129097
v 1.73968899 1.25486696 -1.07546997
v 1.66558599 1.26759398 -1.07070696
v 1.73970997 1.254879 -1.07486701
v 1.58888197 1.27929604 -1.06824303
v 1.58889699 1.279333 -1.06736696
v 1.588907 1.27935696 -1.06680095
v 1.81227696 1.24111199 -1.07986605
v 1.81222999 1.24110401 -1.080832
v 1.88436401 1.22621405 -1.08444703
v 1.88430095 1.22621298 -1.08544898
v 1.812307 1.241117 -1.07924402
v 1.88440502 1.22621405 -1.08379996
v 1.81215 1.24109006 -1.08248198
v 1.73960102 1.25481606 -1.077999
v 1.81201899 1.24106801 -1.08515799
v 1.73951101 1.25476396 -1.08058798
v 1.88419294 1.22621298 -1.08716297
v 1.88401794 1.22621095 -1.08994496
v 1.66551399 1.26749504 -1.07374299
v 1.58885598 1.27923203 -1.06974196
v 1.66545498 1.26741397 -1.07625306
v 1.58881402 1.27912796 -1.072173
v -0.348401994 1.20001304 -1.19473398
v -0.337545991 1.20225501 -1.19268095
v -0.337314993 1.20212305 -1.19374204
v -0.348172009 1.19985294 -1.19579303
v -0.336939007 1.20190895 -1.19546402
v -0.347793996 1.19959497 -1.19751596
v -0.316114992 1.20668197 -1.18863404
v -0.315885007 1.206604 -1.18969405
v -0.315513998 1.206478 -1.19141495
v -0.351981014 1.19905698 -1.19651306
v -0.352201998 1.19922602 -1.19546199
v -0.352266014 1.19899702 -1.19656599
v -0.352474988 1.19916701 -1.195526
v -0.351601988 1.19878304 -1.19823503
v -0.351886988 1.198722 -1.19828904
v -0.352304012 1.19932401 -1.19487298
v -0.348529011 1.20010602 -1.194121
v -0.35234499 1.19938695 -1.19451594
v -0.348605007 1.20016599 -1.19373095
v -0.352542013 1.199265 -1.19497001
v -0.352490008 1.19932699 -1.1947
v -0.337682009 1.20233297 -1.19205999
v -0.316249013 1.20672798 -1.18801296
v -0.337769002 1.20238197 -1.19166005
v -0.316334993 1.20675695 -1.18761301
v -0.231960997 1.22387803 -1.17303801
v -0.171247005 1.23585999 -1.16246104
v -0.171036005 1.236063 -1.16352296
v -0.231741995 1.22399104 -1.17409694
v -0.170692995 1.23639095 -1.16524696
v -0.231387004 1.22417402 -1.17581606
v -0.099446997 1.24957299 -1.15067899
v -0.0992460027 1.24983001 -1.15174997
v -0.0989189968 1.25024605 -1.15348601
v -0.280360013 1.21403301 -1.18298304
v -0.280584991 1.21402097 -1.18192399
v -0.279994994 1.21405101 -1.18470204
v -0.280716002 1.21401405 -1.18130505
v -0.232088998 1.22381198 -1.17241895
v -0.280800998 1.21401 -1.18090498
v -0.232171997 1.22377002 -1.172019
v -0.17137 1.23574197 -1.16183996
v -0.099564001 1.24942303 -1.15005302
v -0.171450004 1.23566496 -1.16143894
v -0.0996399969 1.24932599 -1.14964902
v 0.0745550022 1.28334403 -1.14305401
v 0.168491006 1.29717195 -1.13121998
v 0.168590993 1.29725599 -1.13187397
v 0.0746570006 1.283463 -1.14368999
v 0.168654993 1.29730999 -1.13229096
v 0.0747229978 1.28353906 -1.14409494
v 0.26462701 1.30945504 -1.120435
v 0.26473099 1.30950499 -1.12111294
v 0.264797002 1.30953705 -1.12154496
v -0.0144579997 1.26876295 -1.15600598
v -0.0145659996 1.26861799 -1.15538299
v -0.0961399972 1.25379205 -1.16826701
v -0.0962560028 1.25364399 -1.16765296
v -0.0143879997 1.26885498 -1.15640295
v -0.0960669965 1.25388598 -1.16865802
v -0.0147529999 1.26836801 -1.15430903
v 0.0743779987 1.28313696 -1.141958
v -0.0150589999 1.26796198 -1.15255702
v 0.0740889981 1.28280103 -1.14016902
v -0.0964550003 1.25338995 -1.16659296
v -0.0967800021 1.25297594 -1.16486502
v 0.168318003 1.29702699 -1.13009202
v 0.264447987 1.30936801 -1.11926401
v 0.168035999 1.29679 -1.12825203
v 0.264156014 1.30922699 -1.11735499
v 0.073138997 1.28169298 -1.13428497
v 0.167107999 1.29601002 -1.12219799
v 0.167607993 1.29642999 -1.12546301
v 0.0736510009 1.28228998 -1.13745797
v 0.263195008 1.30876303 -1.111076
v 0.263713002 1.30901301 -1.11446202
v -0.0155210001 1.26734495 -1.14990103
v -0.0160629991 1.26662302 -1.14679301
v -0.0972720012 1.25234699 -1.16224504
v -0.0978489965 1.25161195 -1.15917802
v -0.0166049991 1.26590204 -1.14368296
v 0.0726260021 1.28109598 -1.13111103
v -0.0984259993 1.25087595 -1.15611005
v 0.166607007 1.29558897 -1.11893201
v 0.262677014 1.30851197 -1.10768795
v 0.454394996 1.327443 -1.10347402
v 0.545515001 1.33316195 -1.09690297
v 0.545650005 1.33317101 -1.09767103
v 0.454522997 1.32746005 -1.10421598
v 0.545736015 1.33317602 -1.09816003
v 0.454605013 1.32746994 -1.10468805
v 0.632452011 1.33670795 -1.09134102
v 0.632580996 1.33670795 -1.09212399
v 0.632661998 1.33670902 -1.09262204
v 0.36046201 1.31957197 -1.11196196
v 0.360347003 1.319543 -1.11125195
v 0.26473099 1.30950499 -1.12111294
v 0.26462701 1.30945504 -1.120435
v 0.360536009 1.31958997 -1.112414
v 0.264797002 1.30953705 -1.12154496
v 0.360146999 1.31949306 -1.11002696
v 0.454172999 1.32741404 -1.10219395
v 0.359822005 1.31941104 -1.10803103
v 0.453812003 1.32736695 -1.10010803
v 0.264447987 1.30936801 -1.11926401
v 0.264156014 1.30922699 -1.11735499
v 0.545282006 1.333148 -1.09557796
v 0.632230997 1.33670795 -1.08999205
v 0.544902027 1.33312404 -1.093418
v 0.631869972 1.33670795 -1.08779097
v 0.452623993 1.327214 -1.093243
v 0.543653011 1.33304596 -1.08631003
v 0.544327021 1.33308804 -1.09014297
v 0.453265011 1.32729697 -1.09694505
v 0.630683005 1.336707 -1.08055103
v 0.63132298 1.33670795 -1.08445501
v 0.359328985 1.31928694 -1.10500395
v 0.358752996 1.31914198 -1.10146105
v 0.263713002 1.30901301 -1.11446202
v 0.263195008 1.30876303 -1.111076
v 0.358175993 1.31899595 -1.09791696
v 0.451983005 1.32713103 -1.08954
v 0.262677014 1.30851197 -1.10768795
v 0.542979002 1.333004 -1.08247495
v 0.63004303 1.336707 -1.07664394
v 0.79084897 1.33809197 -1.07213402
v 0.712558985 1.33826399 -1.07585394
v 0.712055027 1.338328 -1.07196605
v 0.79053998 1.33822799 -1.06832302
v 0.630683005 1.336707 -1.08055103
v 0.63004303 1.336707 -1.07664394
v 0.867021024 1.33676803 -1.06559396
v 0.867120981 1.33656704 -1.069309
v 0.943022013 1.33430898 -1.06366301
v 0.94294399 1.33406496 -1.06729198
v 0.867220998 1.33636701 -1.07302105
v 0.791157007 1.33795595 -1.07594395
v 0.867305994 1.33619595 -1.07619298
v 0.791420996 1.33784103 -1.07919896
v 0.942866981 1.33382201 -1.07091904
v 0.942799985 1.33361399 -1.074018
v 0.713063002 1.33819997 -1.07973897
v 0.63132298 1.33670795 -1.08445501
v 0.71349299 1.33814597 -1.083058
v 0.631869972 1.33670795 -1.08779097
v 0.791701972 1.33771801 -1.08266401
v 0.713950992 1.33808804 -1.08659101
v 0.713777006 1.33810997 -1.08524799
v 0.791594982 1.33776402 -1.08134699
v 0.632452011 1.33670795 -1.09134102
v 0.632230997 1.33670795 -1.08999205
v 0.867362976 1.33608305 -1.07828498
v 0.86739701 1.33601403 -1.07956803
v 0.942755997 1.33347702 -1.07606304
v 0.942728996 1.33339202 -1.077317
v 0.867416978 1.33597398 -1.08031201
v 0.791763008 1.33769095 -1.083426
v 0.867429972 1.33594799 -1.08078599
v 0.791803002 1.33767295 -1.08391297
v 0.942713976 1.33334398 -1.07804298
v 0.942704022 1.33331299 -1.07850599
v 0.714051008 1.33807504 -1.08737004
v 0.632580996 1.33670795 -1.09212399
v 0.714115977 1.33806705 -1.087865
v 0.632661998 1.33670902 -1.09262204
v 1.09812105 1.32704997 -1.06549704
v 1.01988804 1.33096099 -1.06599998
v 1.02006805 1.33121097 -1.06240904
v 1.09834397 1.32728398 -1.06190097
v 0.94294399 1.33406496 -1.06729198
v 0.943022013 1.33430898 -1.06366301
v 1.17803502 1.32233405 -1.06220305
v 1.17781305 1.32212496 -1.06584597
v 1.25932705 1.31616998 -1.06338406
v 1.25913405 1.31598103 -1.06711102
v 1.17759001 1.32191598 -1.06948698
v 1.09789801 1.32681596 -1.06909204
v 1.17739999 1.321738 -1.07259798
v 1.09770703 1.32661605 -1.07216299
v 1.25893998 1.31579196 -1.07083702
v 1.258775 1.31563103 -1.07402003
v 1.01970696 1.33071101 -1.06958902
v 0.942866981 1.33382201 -1.07091904
v 1.01955295 1.33049798 -1.07265604
v 0.942799985 1.33361399 -1.074018
v 1.09750402 1.32640398 -1.07543194
v 1.01938903 1.33027101 -1.07591999
v 1.01945198 1.33035696 -1.07467902
v 1.09758103 1.32648396 -1.07418895
v 0.942728996 1.33339202 -1.077317
v 0.942755997 1.33347702 -1.07606304
v 1.17727494 1.32161999 -1.074651
v 1.17719805 1.32154799 -1.07590902
v 1.25866604 1.31552505 -1.07612002
v 1.25859904 1.31545901 -1.07740796
v 1.17715394 1.32150602 -1.07663906
v 1.09745896 1.32635701 -1.07615197
v 1.17712498 1.32148004 -1.07710397
v 1.09743094 1.32632697 -1.07661104
v 1.25855994 1.31542206 -1.07815397
v 1.25853598 1.31539798 -1.07862997
v 1.01935303 1.33021998 -1.07663798
v 0.942713976 1.33334398 -1.07804298
v 1.01933002 1.33018899 -1.07709599
v 1.42579806 1.299582 -1.07239795
v 1.34225297 1.30841303 -1.06935596
v 1.34240496 1.30860102 -1.06550896
v 1.42590904 1.29977703 -1.06840801
v 1.25913405 1.31598103 -1.06711102
v 1.25932705 1.31616998 -1.06338406
v 1.50847697 1.28985 -1.07191205
v 1.50839603 1.28965294 -1.07605505
v 1.58875 1.27897 -1.07584798
v 1.58867502 1.27878702 -1.08014405
v 1.50831497 1.28945601 -1.08019602
v 1.42568696 1.29938805 -1.07638597
v 1.50824594 1.28928804 -1.08373499
v 1.42559195 1.29922199 -1.07979298
v 1.58860004 1.27860296 -1.08443797
v 1.58853602 1.27844596 -1.08810604
v 1.34210098 1.30822504 -1.07320201
v 1.25893998 1.31579196 -1.07083702
v 1.34196997 1.30806506 -1.07648695
v 1.258775 1.31563103 -1.07402003
v 1.42549205 1.29904604 -1.08342004
v 1.34183204 1.30789399 -1.07998395
v 1.34188497 1.30795896 -1.078655
v 1.42552996 1.29911304 -1.08204103
v 1.25859904 1.31545901 -1.07740796
v 1.25866604 1.31552505 -1.07612002
v 1.50820005 1.28917694 -1.08606899
v 1.50817204 1.28910899 -1.08750105
v 1.58849394 1.27834201 -1.09052598
v 1.58846796 1.27827895 -1.09201002
v 1.50815594 1.28907001 -1.08833003
v 1.42546904 1.29900706 -1.08421898
v 1.50814605 1.28904498 -1.08885896
v 1.42545497 1.29898202 -1.084728
v 1.58845305 1.27824199 -1.09287
v 1.58844399 1.27821898 -1.093418
v 1.34180105 1.30785596 -1.08075404
v 1.25855994 1.31542206 -1.07815397
v 1.34178197 1.307832 -1.08124495
v 1.25853598 1.31539798 -1.07862997
v 1.73921502 1.25459504 -1.089077
v 1.66526198 1.26714599 -1.08448195
v 1.66536605 1.26729095 -1.08004701
v 1.73937404 1.254686 -1.08450198
v 1.58867502 1.27878702 -1.08014405
v 1.58875 1.27897 -1.07584798
v 1.81182098 1.24103403 -1.08920503
v 1.81158996 1.24099398 -1.09393501
v 1.88375401 1.22621 -1.09414899
v 1.88344502 1.22620702 -1.09906304
v 1.81135905 1.240955 -1.09866297
v 1.73905599 1.25450301 -1.09364998
v 1.81116199 1.24092102 -1.10270202
v 1.73891902 1.254426 -1.09755695
v 1.88313603 1.22620499 -1.10397398
v 1.88287199 1.22620296 -1.10817099
v 1.66515803 1.26700199 -1.08891499
v 1.58860004 1.27860296 -1.08443797
v 1.66506898 1.26687896 -1.09270203
v 1.58853602 1.27844596 -1.08810604
v 1.73877501 1.25434196 -1.10171497
v 1.66497505 1.26674795 -1.09673297
v 1.66501105 1.26679802 -1.09520102
v 1.73882997 1.25437403 -1.10013402
v 1.58846796 1.27827895 -1.09201002
v 1.58849394 1.27834201 -1.09052598
v 1.81103206 1.24089897 -1.10536695
v 1.81095195 1.24088502 -1.10700095
v 1.88269806 1.22620201 -1.11093903
v 1.88259101 1.22620106 -1.11263704
v 1.81090605 1.24087703 -1.10794795
v 1.73874295 1.25432396 -1.10263097
v 1.81087601 1.24087203 -1.10855103
v 1.73872197 1.25431299 -1.10321403
v 1.88252902 1.22620106 -1.113621
v 1.88248897 1.22619998 -1.11424804
v 1.66495395 1.26672006 -1.09762096
v 1.58845305 1.27824199 -1.09287
v 1.66494 1.26670098 -1.09818697
v 1.58844399 1.27821898 -1.093418
v -0.344711006 1.19748604 -1.21156704
v -0.333873987 1.20016205 -1.20951295
v -0.333741009 1.200086 -1.21012199
v -0.344572991 1.19739795 -1.21216595
v -0.333656996 1.20003796 -1.21051002
v -0.344480991 1.19734395 -1.21254003
v -0.312481999 1.20544505 -1.20545399
v -0.312350005 1.20539999 -1.20606196
v -0.312267005 1.20537102 -1.20644999
v -0.348356009 1.19646597 -1.21284604
v -0.348508 1.19655001 -1.21227801
v -0.348614991 1.19641197 -1.21284401
v -0.348785996 1.19648397 -1.21231794
v -0.348246008 1.19641995 -1.21317899
v -0.348455012 1.19639897 -1.21306705
v -0.348746002 1.19671297 -1.21124005
v -0.344942987 1.19764304 -1.21051896
v -0.349121988 1.19698596 -1.20952499
v -0.345319003 1.19790006 -1.20880401
v -0.349029988 1.19664395 -1.21129405
v -0.349406987 1.19691801 -1.20957899
v -0.334102988 1.20029199 -1.208462
v -0.312709004 1.20552194 -1.20440304
v -0.334477007 1.20050597 -1.20674801
v -0.313079 1.20564795 -1.20269001
v -0.346556008 1.19874704 -1.20316303
v -0.335707992 1.20120704 -1.20110905
v -0.335043997 1.20082903 -1.20414996
v -0.345889002 1.19828999 -1.20620501
v -0.314296007 1.20606303 -1.19705606
v -0.313638985 1.20583904 -1.20009398
v -0.349693 1.19739997 -1.20692599
v -0.350362003 1.19788396 -1.20388305
v -0.349978 1.19733298 -1.20697999
v -0.350645989 1.19781899 -1.20393705
v -0.351029992 1.19836795 -1.20083904
v -0.347223014 1.19920397 -1.20011902
v -0.351314992 1.19830596 -1.20089304
v -0.336371005 1.20158505 -1.19806695
v -0.314951986 1.20628595 -1.19401598
v -0.228487998 1.22566795 -1.18983698
v -0.167897999 1.23907197 -1.17930901
v -0.167777002 1.23918796 -1.179919
v -0.228361994 1.22573304 -1.19044495
v -0.167699993 1.23926198 -1.18030703
v -0.228282005 1.22577405 -1.19083202
v -0.0962560028 1.25364399 -1.16765296
v -0.0961399972 1.25379205 -1.16826701
v -0.0960669965 1.25388598 -1.16865802
v -0.276888996 1.21421003 -1.19933105
v -0.277018011 1.214203 -1.19872296
v -0.276805997 1.21421397 -1.19971895
v -0.277240008 1.21419203 -1.19767404
v -0.228705004 1.22555697 -1.18878806
v -0.277604014 1.21417296 -1.19596398
v -0.229057997 1.22537398 -1.18707705
v -0.168107003 1.23887098 -1.17825699
v -0.0964550003 1.25338995 -1.16659296
v -0.168448001 1.23854399 -1.17654097
v -0.0967800021 1.25297594 -1.16486502
v -0.230222002 1.22477496 -1.18145001
v -0.169569999 1.237468 -1.17089701
v -0.168964997 1.23804796 -1.17394102
v -0.229594007 1.22509801 -1.184484
v -0.0978489965 1.25161195 -1.15917802
v -0.0972720012 1.25234699 -1.16224504
v -0.278153986 1.21414495 -1.19337106
v -0.278798997 1.21411204 -1.19033599
v -0.279442996 1.21407902 -1.18729901
v -0.230849996 1.22445095 -1.17841303
v -0.170175001 1.23688805 -1.16785204
v -0.0984259993 1.25087595 -1.15611005
v 2.02537894 1.194116 -1.09480798
v 2.02522111 1.19411504 -1.09668601
v 1.95676601 1.21008003 -1.09201705
v 1.9569 1.210078 -1.09022403
v 1.88419294 1.22621298 -1.08716297
v 1.88430095 1.22621298 -1.08544898
v 2.02496505 1.19411302 -1.09973204
v 1.95654905 1.21008396 -1.09492695
v 1.88401794 1.22621095 -1.08994496
v 1.95697904 1.21007597 -1.08917499
v 2.02547097 1.19411695 -1.09370899
v 1.95702899 1.21007597 -1.088498
v 2.02553105 1.19411695 -1.09300101
v 1.88436401 1.22621405 -1.08444703
v 1.88440502 1.22621405 -1.08379996
v 2.08519101 1.17975295 -1.09770894
v 2.08508706 1.17974806 -1.09885395
v 2.13148904 1.16840196 -1.10083103
v 2.13137507 1.16839302 -1.10201395
v 2.08525801 1.17975605 -1.09696996
v 2.13156199 1.16840804 -1.10006797
v 2.08490801 1.179739 -1.100811
v 2.08461905 1.179726 -1.10398602
v 2.13118196 1.16837704 -1.10403502
v 2.130867 1.16835105 -1.10731494
v 2.17425489 1.15787399 -1.10494697
v 2.17405701 1.15784895 -1.10702205
v 2.15939212 1.16144896 -1.10600102
v 2.15959597 1.16147006 -1.10394001
v 2.17371798 1.157812 -1.11039901
v 2.15906191 1.16141605 -1.10934401
v 2.15971494 1.16148198 -1.10273504
v 2.17434907 1.15789294 -1.10374701
v 2.15979099 1.16148996 -1.10195696
v 2.17439008 1.15790999 -1.102983
v 2.17987299 1.15653598 -1.10419405
v 2.17986202 1.156497 -1.10534799
v 2.18084097 1.15629494 -1.10435796
v 2.18094206 1.156232 -1.10544705
v 2.17980194 1.15657794 -1.10349405
v 2.18047094 1.15640402 -1.10383701
v 2.17968893 1.15646601 -1.10741496
v 2.17934799 1.15642703 -1.11080396
v 2.18080711 1.15619099 -1.10749304
v 2.18046498 1.15615201 -1.11088395
v 2.02412391 1.19410503 -1.10972095
v 2.02367091 1.19410205 -1.11510098
v 1.95545101 1.21010303 -1.10960603
v 1.95583606 1.210096 -1.10446703
v 1.88313603 1.22620499 -1.10397398
v 1.88344502 1.22620702 -1.09906304
v 2.02328491 1.194098 -1.11969805
v 1.95512295 1.21010804 -1.11399698
v 1.88287199 1.22620296 -1.10817099
v 1.95622003 1.21008897 -1.09932601
v 2.0245769 1.19410896 -1.10433805
v 1.88375401 1.22621 -1.09414899
v 2.08418202 1.17970502 -1.10878599
v 2.0836699 1.17967999 -1.11439705
v 2.13039207 1.16831195 -1.11227202
v 2.12983608 1.16826606 -1.11806703
v 2.08315897 1.17965603 -1.12000406
v 2.0827229 1.17963505 -1.12479603
v 2.12928009 1.16822004 -1.12385905
v 2.12880611 1.16818094 -1.12880802
v 2.172611 1.15769005 -1.12146795
v 2.172014 1.15762401 -1.12743104
v 2.15739799 1.16124797 -1.12620902
v 2.15798092 1.16130698 -1.12030494
v 2.17150402 1.15756798 -1.13252497
v 2.15689993 1.16119802 -1.131253
v 2.15856409 1.16136599 -1.114398
v 2.173208 1.15775597 -1.115502
v 2.17883301 1.15636897 -1.11592698
v 2.17823005 1.15630102 -1.12191498
v 2.17994809 1.15609396 -1.11601102
v 2.17934489 1.15602505 -1.12200296
v 2.17762804 1.156232 -1.1279
v 2.17711401 1.15617394 -1.13301301
v 2.17874098 1.15595603 -1.12799299
v 2.17822599 1.15589797 -1.13311005
v 2.02287292 1.19409502 -1.12459099
v 2.02278209 1.19409394 -1.125669
v 1.95469701 1.21011603 -1.119699
v 1.95477402 1.210114 -1.11866999
v 1.88252902 1.22620106 -1.113621
v 1.88259101 1.22620106 -1.11263704
v 2.02272391 1.19409299 -1.12635601
v 1.95464802 1.21011603 -1.12035501
v 1.88248897 1.22619998 -1.11424804
v 1.95490694 1.21011198 -1.11689305
v 2.02302909 1.19409597 -1.12273097
v 1.88269806 1.22620201 -1.11093903
v 2.08243489 1.17962205 -1.12795699
v 2.08225799 1.17961299 -1.12989497
v 2.12849212 1.16815603 -1.13207197
v 2.12829995 1.16814005 -1.13407397
v 2.08215594 1.17960799 -1.13101804
v 2.0820899 1.17960501 -1.13173401
v 2.12818909 1.16813099 -1.13523495
v 2.12811804 1.16812503 -1.13597405
v 2.17095304 1.157511 -1.13794005
v 2.17080998 1.15750504 -1.13911402
v 2.15625405 1.16113305 -1.13780499
v 2.15636992 1.16114497 -1.13662195
v 2.17070103 1.15750504 -1.13984799
v 2.15617895 1.16112602 -1.13855898
v 2.1565721 1.161165 -1.13458204
v 2.1711669 1.15753198 -1.13588595
v 2.17677402 1.15613604 -1.13638699
v 2.17653394 1.15612102 -1.13842905
v 2.17788601 1.15585899 -1.13648605
v 2.17761302 1.15585303 -1.138502
v 2.17631602 1.15613401 -1.13954604
v 2.17611003 1.15616095 -1.14020205
v 2.17729807 1.15589297 -1.13953996
v 2.17683291 1.15599203 -1.139979
vt 0.5 0.811500013
vt 0.5 0.8398
vt 0.25 0.8398
vt 0.25 0.811500013
vt 0 0.8398
vt 0 0.811500013
vt 0.5 0.865199983
vt 0.25 0.865199983
vt 0 0.865199983
vt 0.25 0.781300008
vt 0.5 0.781300008
vt 0.25 0.75
vt 0.5 0.75
vt 0 0.781300008
vt -0 0.75
vt 0.75 0.781300008
vt 0.75 0.811500013
vt 1 0.781300008
vt 1 0.811500013
vt 0.75 0.75
vt 1 0.75
vt 0.75 0.8398
vt 0.75 0.865199983
vt 1 0.8398
vt 1 0.865199983
vt 0.811500013 0.5
vt 0.8398 0.5
vt 0.8398 0.75
vt 0.811500013 0.75
vt 0.8398 1
vt 0.811500013 1
vt 0.865199983 0.5
vt 0.865199983 0.75
vt 0.865199983 1
vt 0.781300008 0.75
vt 0.781300008 0.5
vt 0.75 0.75
vt 0.75 0.5
vt 0.781300008 1
vt 0.75 1
vt 0.781300008 0.25
vt 0.811500013 0.25
vt 0.781300008 -0
vt 0.811500013 -0
vt 0.75 0.25
vt 0.75 0
vt 0.8398 0.25
vt 0.865199983 0.25
vt 0.8398 -0
vt 0.865199983 -0
vt 0.811500013 0.5
vt 0.781300008 0.5
vt 0.781300008 0.25
vt 0.811500013 0.25
vt 0.781300008 0
vt 0.811500013 0
vt 0.75 0.5
vt 0.75 0.25
vt 0.75 0
vt 0.8398 0.25
vt 0.8398 0.5
vt 0.865199983 0.25
vt 0.865199983 0.5
vt 0.8398 0
vt 0.865199983 0
vt 0.8398 0.75
vt 0.811500013 0.75
vt 0.8398 1
vt 0.811500013 1
vt 0.865199983 0.75
vt 0.865199983 1
vt 0.781300008 0.75
vt 0.75 0.75
vt 0.781199992 1
vt 0.75 1
vt 0.5 0.811500013
vt 0.5 0.781300008
vt 0.75 0.781300008
vt 0.75 0.811500013
vt 1 0.781199992
vt 1 0.811500013
vt 0.5 0.75
vt 0.75 0.75
vt 1 0.75
vt 0.75 0.8398
vt 0.5 0.8398
vt 0.75 0.865199983
vt 0.5 0.865199983
vt 1 0.8398
vt 1 0.865199983
vt 0.25 0.8398
vt 0.25 0.811500013
vt -0 0.8398
vt -0 0.811500013
vt 0.25 0.865199983
vt -0 0.865199983
vt 0.25 0.781300008
vt 0.25 0.75
vt -0 0.781300008
vt -0 0.75
vt 0.5 0.811500013
vt 0.5 0.781199992
vt 0.75 0.781300008
vt 0.75 0.811500013
vt 1 0.781300008
vt 1 0.811500013
vt 0.5 0.75
vt 0.75 0.75
vt 1 0.75
vt 0.75 0.8398
vt 0.5 0.8398
vt 0.75 0.865199983
vt 0.5 0.865199983
vt 1 0.8398
vt 1 0.865199983
vt 0.25 0.8398
vt 0.25 0.811500013
vt -0 0.8398
vt -0 0.811500013
vt 0.25 0.865199983
vt -0 0.865199983
vt 0.25 0.781199992
vt 0.25 0.75
vt -0 0.781199992
vt -0 0.75
vt 0.5 0.811500013
vt 0.5 0.781199992
vt 0.75 0.781199992
vt 0.75 0.811500013
vt 1 0.781199992
vt 1 0.811500013
vt 0.5 0.75
vt 0.75 0.75
vt 1 0.75
vt 0.75 0.8398
vt 0.5 0.8398
vt 0.75 0.865199983
vt 0.5 0.865199983
vt 1 0.8398
vt 1 0.865199983
vt 0.25 0.8398
vt 0.25 0.811500013
vt 0 0.8398
vt 0 0.811500013
vt 0.25 0.865199983
vt 0 0.865199983
vt 0.25 0.781199992
vt 0.25 0.75
vt 0 0.781300008
vt 0 0.75
vt 0.874499977 0.811800003
vt 0.875 0.8398
vt 0.8125 0.8398
vt 0.8125 0.811500013
vt 0.75 0.8398
vt 0.75 0.811500013
vt 0.875 0.865199983
vt 0.8125 0.865199983
vt 0.75 0.865199983
vt 0.8125 0.781199992
vt 0.873000026 0.782199979
vt 0.8125 0.75
vt 0.871100008 0.751999974
vt 0.75 0.781199992
vt 0.75 0.75
vt 0.929700017 0.7852
vt 0.935500026 0.8125
vt 0.984399974 0.789099991
vt 0.996100008 0.813499987
vt 0.921899974 0.757799983
vt 0.960900009 0.769500017
vt 0.9375 0.8398
vt 0.9375 0.865199983
vt 1 0.8398
vt 1 0.865199983
vt 0.625 0.811500013
vt 0.625 0.8398
vt 0.5625 0.8398
vt 0.5625 0.811500013
vt 0.5 0.8398
vt 0.5 0.811500013
vt 0.625 0.865199983
vt 0.5625 0.865199983
vt 0.5 0.865199983
vt 0.5625 0.781199992
vt 0.625 0.781199992
vt 0.5625 0.75
vt 0.625 0.75
vt 0.5 0.781199992
vt 0.5 0.75
vt 0.6875 0.781199992
vt 0.6875 0.811500013
vt 0.6875 0.75
vt 0.6875 0.8398
vt 0.6875 0.865199983
vt 0.5 0.968800008
vt 0.5 0.984399974
vt 0.25 0.984399974
vt 0.25 0.968800008
vt -0 0.984399974
vt -0 0.968800008
vt 0.5 1
vt 0.25 1
vt 0 1
vt 0.25 0.953100026
vt 0.5 0.953100026
vt 0.25 0.9375
vt 0.5 0.9375
vt -0 0.953100026
vt -0 0.9375
vt 0.75 0.953100026
vt 0.75 0.968800008
vt 1 0.953100026
vt 1 0.968800008
vt 0.75 0.9375
vt 1 0.9375
vt 0.75 0.984399974
vt 0.75 1
vt 1 0.984399974
vt 1 1
vt 0.5 0.905300021
vt 0.5 0.921899974
vt 0.25 0.921899974
vt 0.25 0.905300021
vt -0 0.921899974
vt 0 0.905300021
vt 0.25 0.886699975
vt 0.5 0.886699975
vt 0 0.886699975
vt 0.75 0.886699975
vt 0.75 0.905300021
vt 1 0.886699975
vt 1 0.905300021
vt 0.75 0.921899974
vt 1 0.921899974
vt 0.968800008 0.5
vt 0.984399974 0.5
vt 0.984399974 0.75
vt 0.968800008 0.75
vt 0.984399974 1
vt 0.968800008 1
vt 1 0.5
vt 1 0.75
vt 1 1
vt 0.953100026 0.75
vt 0.953100026 0.5
vt 0.9375 0.75
vt 0.9375 0.5
vt 0.953100026 1
vt 0.9375 1
vt 0.953100026 0.25
vt 0.968800008 0.25
vt 0.953100026 0
vt 0.968800008 0
vt 0.9375 0.25
vt 0.9375 0
vt 0.984399974 0.25
vt 1 0.25
vt 0.984399974 0
vt 1 0
vt 0.905300021 0.5
vt 0.921899974 0.5
vt 0.921899974 0.75
vt 0.905300021 0.75
vt 0.921899974 1
vt 0.905300021 1
vt 0.886699975 0.75
vt 0.886699975 0.5
vt 0.886699975 1
vt 0.886699975 0.25
vt 0.905300021 0.25
vt 0.886699975 -0
vt 0.905300021 -0
vt 0.921899974 0.25
vt 0.921899974 0
vt 0.905300021 0.5
vt 0.886699975 0.5
vt 0.886699975 0.25
vt 0.905300021 0.25
vt 0.886699975 -0
vt 0.905300021 -0
vt 0.921899974 0.25
vt 0.921899974 0.5
vt 0.9375 0.25
vt 0.9375 0.5
vt 0.921899974 -0
vt 0.9375 -0
vt 0.921899974 0.75
vt 0.905300021 0.75
vt 0.921899974 1
vt 0.905300021 1
vt 0.9375 0.75
vt 0.9375 1
vt 0.886699975 0.75
vt 0.886699975 1
vt 0.967700005 0.499000013
vt 0.953100026 0.5
vt 0.953100026 0.25
vt 0.968800008 0.25
vt 0.953100026 -0
vt 0.968800008 -0
vt 0.984399974 0.25
vt 0.980199993 0.495799989
vt 1 0.25
vt 0.991699994 0.491699994
vt 0.984399974 -0
vt 1 0
vt 0.967800021 0.733399987
vt 0.964600027 0.745800018
vt 0.951200008 0.966799974
vt 0.960399985 0.991699994
vt 0.966799974 0.716799974
vt 0.916999996 0.916999996
vt 0.953100026 0.75
vt 0.953100026 1
vt 0.5 0.905300021
vt 0.5 0.886699975
vt 0.75 0.886699975
vt 0.75 0.905300021
vt 1 0.886699975
vt 1 0.905300021
vt 0.75 0.921899974
vt 0.5 0.921899974
vt 0.75 0.9375
vt 0.5 0.9375
vt 1 0.921899974
vt 1 0.9375
vt 0.25 0.921899974
vt 0.25 0.905300021
vt -0 0.921899974
vt -0 0.905300021
vt 0.25 0.9375
vt -0 0.9375
vt 0.25 0.886699975
vt -0 0.886699975
vt 0.499000013 0.967700005
vt 0.5 0.953100026
vt 0.75 0.953100026
vt 0.745800018 0.964600027
vt 1 0.953100026
vt 0.991699994 0.960399985
vt 0.733399987 0.967800021
vt 0.495799989 0.980199993
vt 0.716799974 0.966799974
vt 0.491699994 0.991699994
vt 0.966799974 0.951200008
vt 0.25 0.984399974
vt 0.25 0.968699992
vt -0 0.984399974
vt -0 0.968800008
vt 0.25 1
vt 0 1
vt 0.25 0.953100026
vt -0 0.953100026
vt 0.5 0.905300021
vt 0.5 0.886699975
vt 0.75 0.886699975
vt 0.75 0.905300021
vt 1 0.886699975
vt 1 0.905300021
vt 0.75 0.921899974
vt 0.5 0.921899974
vt 0.75 0.9375
vt 0.5 0.9375
vt 1 0.921899974
vt 1 0.9375
vt 0.25 0.921899974
vt 0.25 0.905300021
vt 0 0.921899974
vt 0 0.905300021
vt 0.25 0.9375
vt 0 0.9375
vt 0.25 0.886699975
vt -0 0.886699975
vt 0.5 0.968699992
vt 0.5 0.953100026
vt 0.75 0.953100026
vt 0.75 0.968800008
vt 1 0.953100026
vt 1 0.968800008
vt 0.75 0.984399974
vt 0.5 0.984399974
vt 0.75 1
vt 0.5 1
vt 1 0.984399974
vt 1 1
vt 0.25 0.984399974
vt 0.25 0.968699992
vt 0 0.984399974
vt 0 0.968699992
vt 0.25 1
vt 0 1
vt 0.25 0.953100026
vt 0 0.953100026
vt 0.5 0.905300021
vt 0.5 0.886699975
vt 0.75 0.886699975
vt 0.75 0.905300021
vt 1 0.886699975
vt 1 0.905300021
vt 0.75 0.921899974
vt 0.5 0.921899974
vt 0.75 0.9375
vt 0.5 0.9375
vt 1 0.921899974
vt 1 0.9375
vt 0.25 0.921899974
vt 0.25 0.905300021
vt 0 0.921899974
vt 0 0.905300021
vt 0.25 0.9375
vt 0 0.9375
vt 0.25 0.886699975
vt 0 0.886699975
vt 0.5 0.968800008
vt 0.5 0.953100026
vt 0.75 0.953100026
vt 0.75 0.968699992
vt 1 0.953100026
vt 1 0.968699992
vt 0.75 0.984399974
vt 0.5 0.984399974
vt 0.75 1
vt 0.5 1
vt 1 0.984399974
vt 1 1
vt 0.25 0.984399974
vt 0.25 0.968800008
vt 0 0.984399974
vt 0 0.968800008
vt 0.25 1
vt 0 1
vt 0.25 0.953100026
vt 0 0.953100026
vt 0.874499977 0.968599975
vt 0.873000026 0.983900011
vt 0.8125 0.984399974
vt 0.8125 0.968699992
vt 0.75 0.984399974
vt 0.75 0.968699992
vt 0.871100008 0.999000013
vt 0.8125 1
vt 0.75 1
vt 0.8125 0.953100026
vt 0.875 0.953100026
vt 0.8125 0.9375
vt 0.875 0.9375
vt 0.75 0.953100026
vt 0.75 0.9375
vt 0.9375 0.953100026
vt 0.935500026 0.968299985
vt 1 0.953100026
vt 0.996100008 0.967800021
vt 0.9375 0.9375
vt 1 0.9375
vt 0.929700017 0.9824
vt 0.921899974 0.996100008
vt 0.984399974 0.980499983
vt 0.960900009 0.990199983
vt 0.875 0.905300021
vt 0.875 0.921899974
vt 0.8125 0.921899974
vt 0.8125 0.905300021
vt 0.75 0.921899974
vt 0.75 0.905300021
vt 0.8125 0.886699975
vt 0.875 0.886699975
vt 0.75 0.886699975
vt 0.9375 0.886699975
vt 0.9375 0.905300021
vt 1 0.886699975
vt 1 0.905300021
vt 0.9375 0.921899974
vt 1 0.921899974
vt 0.625 0.968699992
vt 0.625 0.984399974
vt 0.5625 0.984399974
vt 0.5625 0.968699992
vt 0.5 0.984399974
vt 0.5 0.968699992
vt 0.625 1
vt 0.5625 1
vt 0.5 1
vt 0.5625 0.953100026
vt 0.625 0.953100026
vt 0.5625 0.9375
vt 0.625 0.9375
vt 0.5 0.953100026
vt 0.5 0.9375
vt 0.6875 0.953100026
vt 0.6875 0.968699992
vt 0.6875 0.9375
vt 0.6875 0.984399974
vt 0.6875 1
vt 0.625 0.905300021
vt 0.625 0.921899974
vt 0.5625 0.921899974
vt 0.5625 0.905300021
vt 0.5 0.921899974
vt 0.5 0.905300021
vt 0.5625 0.886699975
vt 0.625 0.886699975
vt 0.5 0.886699975
vt 0.6875 0.886699975
vt 0.6875 0.905300021
vt 0.6875 0.921899974
vt 0.875 0.811500013
vt 0.9375 0.811500013
vt 0.9375 0.8398
vt 0.875 0.8398
vt 0.9375 0.865199983
vt 0.875 0.865199983
vt 1 0.811500013
vt 1 0.8398
vt 1 0.865199983
vt 0.8125 0.8398
vt 0.8125 0.811500013
vt 0.75 0.8398
vt 0.75 0.811500013
vt 0.8125 0.865199983
vt 0.75 0.865199983
vt 0.8125 0.781199992
vt 0.875 0.781199992
vt 0.8125 0.75
vt 0.875 0.75
vt 0.75 0.781199992
vt 0.75 0.75
vt 0.9375 0.781199992
vt 1 0.781300008
vt 0.9375 0.75
vt 1 0.75
vt 0.625500023 0.811800003
vt 0.6875 0.811500013
vt 0.6875 0.8398
vt 0.625 0.8398
vt 0.6875 0.865199983
vt 0.625 0.865199983
vt 0.5625 0.8398
vt 0.564499974 0.8125
vt 0.5 0.8398
vt 0.503899992 0.813499987
vt 0.5625 0.865199983
vt 0.5 0.865199983
vt 0.570299983 0.7852
vt 0.626999974 0.782199979
vt 0.578100026 0.757799983
vt 0.628899992 0.751999974
vt 0.515600026 0.789099991
vt 0.539099991 0.769500017
vt 0.6875 0.781199992
vt 0.6875 0.75
vt 0.875 0.905300021
vt 0.9375 0.905300021
vt 0.9375 0.921899974
vt 0.875 0.921899974
vt 0.9375 0.9375
vt 0.875 0.9375
vt 1 0.905300021
vt 1 0.921899974
vt 1 0.9375
vt 0.8125 0.921899974
vt 0.8125 0.905300021
vt 0.75 0.921899974
vt 0.75 0.905300021
vt 0.8125 0.9375
vt 0.75 0.9375
vt 0.8125 0.886699975
vt 0.875 0.886699975
vt 0.75 0.886699975
vt 0.9375 0.886699975
vt 1 0.886699975
vt 0.625 0.905300021
vt 0.6875 0.905300021
vt 0.6875 0.921899974
vt 0.625 0.921899974
vt 0.6875 0.9375
vt 0.625 0.9375
vt 0.5625 0.921899974
vt 0.5625 0.905300021
vt 0.5 0.921899974
vt 0.5 0.905300021
vt 0.5625 0.9375
vt 0.5 0.9375
vt 0.5625 0.886699975
vt 0.625 0.886699975
vt 0.5 0.886699975
vt 0.6875 0.886699975
vt 0.875 0.968699992
vt 0.9375 0.968699992
vt 0.9375 0.984399974
vt 0.875 0.984399974
vt 0.9375 1
vt 0.875 1
vt 1 0.968800008
vt 1 0.984399974
vt 1 1
vt 0.8125 0.984399974
vt 0.8125 0.968699992
vt 0.75 0.984399974
vt 0.75 0.968699992
vt 0.8125 1
vt 0.75 1
vt 0.8125 0.953100026
vt 0.875 0.953100026
vt 0.75 0.953100026
vt 0.9375 0.953100026
vt 1 0.953100026
vt 0.625500023 0.968599975
vt 0.6875 0.968699992
vt 0.6875 0.984399974
vt 0.626999974 0.983900011
vt 0.6875 1
vt 0.628899992 0.999000013
vt 0.570299983 0.9824
vt 0.564499974 0.968299985
vt 0.515600026 0.980499983
vt 0.503899992 0.967800021
vt 0.578100026 0.996100008
vt 0.539099991 0.990199983
vt 0.5625 0.953100026
vt 0.625 0.953100026
vt 0.5 0.953100026
vt 0.6875 0.953100026
vt 0.5 0.811500013
vt 0.25 0.811500013
vt 0.25 0.8398
vt 0.5 0.8398
vt 0.25 0.865199983
vt 0.5 0.865199983
vt 0 0.811500013
vt 0 0.8398
vt 0 0.865199983
vt 0.75 0.8398
vt 0.75 0.811500013
vt 1 0.8398
vt 1 0.811500013
vt 0.75 0.865199983
vt 1 0.865199983
vt 0.75 0.781300008
vt 0.5 0.781300008
vt 0.75 0.75
vt 0.5 0.75
vt 1 0.781300008
vt 1 0.75
vt 0.25 0.781300008
vt 0 0.781300008
vt 0.25 0.75
vt -0 0.75
vt 0.811500013 0.5
vt 0.811500013 0.75
vt 0.8398 0.75
vt 0.8398 0.5
vt 0.865199983 0.75
vt 0.865199983 0.5
vt 0.811500013 1
vt 0.8398 1
vt 0.865199983 1
vt 0.8398 0.25
vt 0.811500013 0.25
vt 0.8398 -0
vt 0.811500013 -0
vt 0.865199983 0.25
vt 0.865199983 -0
vt 0.781300008 0.25
vt 0.781300008 0.5
vt 0.75 0.25
vt 0.75 0.5
vt 0.781300008 -0
vt 0.75 0
vt 0.781300008 0.75
vt 0.781300008 1
vt 0.75 0.75
vt 0.75 1
vt 0.811500013 0.5
vt 0.811500013 0.25
vt 0.781300008 0.25
vt 0.781300008 0.5
vt 0.75 0.25
vt 0.75 0.5
vt 0.811500013 0
vt 0.781300008 0
vt 0.75 0
vt 0.781300008 0.75
vt 0.811500013 0.75
vt 0.781199992 1
vt 0.811500013 1
vt 0.75 0.75
vt 0.75 1
vt 0.8398 0.75
vt 0.8398 0.5
vt 0.865199983 0.75
vt 0.865199983 0.5
vt 0.8398 1
vt 0.865199983 1
vt 0.8398 0.25
vt 0.8398 0
vt 0.865199983 0.25
vt 0.865199983 0
vt 0.5 0.811500013
vt 0.75 0.811500013
vt 0.75 0.781300008
vt 0.5 0.781300008
vt 0.75 0.75
vt 0.5 0.75
vt 1 0.811500013
vt 1 0.781199992
vt 1 0.75
vt 0.25 0.781300008
vt 0.25 0.811500013
vt -0 0.781300008
vt -0 0.811500013
vt 0.25 0.75
vt -0 0.75
vt 0.25 0.8398
vt 0.5 0.8398
vt 0.25 0.865199983
vt 0.5 0.865199983
vt -0 0.8398
vt -0 0.865199983
vt 0.75 0.8398
vt 1 0.8398
vt 0.75 0.865199983
vt 1 0.865199983
vt 0.5 0.811500013
vt 0.75 0.811500013
vt 0.75 0.781300008
vt 0.5 0.781199992
vt 0.75 0.75
vt 0.5 0.75
vt 1 0.811500013
vt 1 0.781300008
vt 1 0.75
vt 0.25 0.781199992
vt 0.25 0.811500013
vt -0 0.781199992
vt -0 0.811500013
vt 0.25 0.75
vt -0 0.75
vt 0.25 0.8398
vt 0.5 0.8398
vt 0.25 0.865199983
vt 0.5 0.865199983
vt -0 0.8398
vt -0 0.865199983
vt 0.75 0.8398
vt 1 0.8398
vt 0.75 0.865199983
vt 1 0.865199983
vt 0.5 0.811500013
vt 0.75 0.811500013
vt 0.75 0.781199992
vt 0.5 0.781199992
vt 0.75 0.75
vt 0.5 0.75
vt 1 0.811500013
vt 1 0.781199992
vt 1 0.75
vt 0.25 0.781199992
vt 0.25 0.811500013
vt 0 0.781300008
vt 0 0.811500013
vt 0.25 0.75
vt 0 0.75
vt 0.25 0.8398
vt 0.5 0.8398
vt 0.25 0.865199983
vt 0.5 0.865199983
vt 0 0.8398
vt 0 0.865199983
vt 0.75 0.8398
vt 1 0.8398
vt 0.75 0.865199983
vt 1 0.865199983
vt 0.874499977 0.811800003
vt 0.8125 0.811500013
vt 0.8125 0.8398
vt 0.875 0.8398
vt 0.8125 0.865199983
vt 0.875 0.865199983
vt 0.75 0.811500013
vt 0.75 0.8398
vt 0.75 0.865199983
vt 0.9375 0.8398
vt 0.935500026 0.8125
vt 1 0.8398
vt 0.996100008 0.813499987
vt 0.9375 0.865199983
vt 1 0.865199983
vt 0.929700017 0.7852
vt 0.873000026 0.782199979
vt 0.921899974 0.757799983
vt 0.871100008 0.751999974
vt 0.984399974 0.789099991
vt 0.960900009 0.769500017
vt 0.8125 0.781199992
vt 0.75 0.781199992
vt 0.8125 0.75
vt 0.75 0.75
vt 0.625 0.811500013
vt 0.5625 0.811500013
vt 0.5625 0.8398
vt 0.625 0.8398
vt 0.5625 0.865199983
vt 0.625 0.865199983
vt 0.5 0.811500013
vt 0.5 0.8398
vt 0.5 0.865199983
vt 0.6875 0.8398
vt 0.6875 0.811500013
vt 0.6875 0.865199983
vt 0.6875 0.781199992
vt 0.625 0.781199992
vt 0.6875 0.75
vt 0.625 0.75
vt 0.5625 0.781199992
vt 0.5 0.781199992
vt 0.5625 0.75
vt 0.5 0.75
vt 0.5 0.968800008
vt 0.25 0.968800008
vt 0.25 0.984399974
vt 0.5 0.984399974
vt 0.25 1
vt 0.5 1
vt -0 0.968800008
vt -0 0.984399974
vt 0 1
vt 0.75 0.984399974
vt 0.75 0.968800008
vt 1 0.984399974
vt 1 0.968800008
vt 0.75 1
vt 1 1
vt 0.75 0.953100026
vt 0.5 0.953100026
vt 0.75 0.9375
vt 0.5 0.9375
vt 1 0.953100026
vt 1 0.9375
vt 0.25 0.953100026
vt -0 0.953100026
vt 0.25 0.9375
vt -0 0.9375
vt 0.5 0.905300021
vt 0.25 0.905300021
vt 0.25 0.921899974
vt 0.5 0.921899974
vt 0 0.905300021
vt -0 0.921899974
vt 0.75 0.921899974
vt 0.75 0.905300021
vt 1 0.921899974
vt 1 0.905300021
vt 0.75 0.886699975
vt 0.5 0.886699975
vt 1 0.886699975
vt 0.25 0.886699975
vt 0 0.886699975
vt 0.968800008 0.5
vt 0.968800008 0.75
vt 0.984399974 0.75
vt 0.984399974 0.5
vt 1 0.75
vt 1 0.5
vt 0.968800008 1
vt 0.984399974 1
vt 1 1
vt 0.984399974 0.25
vt 0.968800008 0.25
vt 0.984399974 0
vt 0.968800008 0
vt 1 0.25
vt 1 0
vt 0.953100026 0.25
vt 0.953100026 0.5
vt 0.9375 0.25
vt 0.9375 0.5
vt 0.953100026 0
vt 0.9375 0
vt 0.953100026 0.75
vt 0.953100026 1
vt 0.9375 0.75
vt 0.9375 1
vt 0.905300021 0.5
vt 0.905300021 0.75
vt 0.921899974 0.75
vt 0.921899974 0.5
vt 0.905300021 1
vt 0.921899974 1
vt 0.921899974 0.25
vt 0.905300021 0.25
vt 0.921899974 0
vt 0.905300021 -0
vt 0.886699975 0.25
vt 0.886699975 0.5
vt 0.886699975 -0
vt 0.886699975 0.75
vt 0.886699975 1
vt 0.905300021 0.5
vt 0.905300021 0.25
vt 0.886699975 0.25
vt 0.886699975 0.5
vt 0.905300021 -0
vt 0.886699975 -0
vt 0.886699975 0.75
vt 0.905300021 0.75
vt 0.886699975 1
vt 0.905300021 1
vt 0.921899974 0.75
vt 0.921899974 0.5
vt 0.9375 0.75
vt 0.9375 0.5
vt 0.921899974 1
vt 0.9375 1
vt 0.921899974 0.25
vt 0.921899974 -0
vt 0.9375 0.25
vt 0.9375 -0
vt 0.967700005 0.499000013
vt 0.968800008 0.25
vt 0.953100026 0.25
vt 0.953100026 0.5
vt 0.968800008 -0
vt 0.953100026 -0
vt 0.953100026 0.75
vt 0.964600027 0.745800018
vt 0.953100026 1
vt 0.960399985 0.991699994
vt 0.967800021 0.733399987
vt 0.980199993 0.495799989
vt 0.966799974 0.716799974
vt 0.991699994 0.491699994
vt 0.951200008 0.966799974
vt 0.916999996 0.916999996
vt 0.984399974 0.25
vt 0.984399974 -0
vt 1 0.25
vt 1 0
vt 0.5 0.905300021
vt 0.75 0.905300021
vt 0.75 0.886699975
vt 0.5 0.886699975
vt 1 0.905300021
vt 1 0.886699975
vt 0.25 0.886699975
vt 0.25 0.905300021
vt -0 0.886699975
vt -0 0.905300021
vt 0.25 0.921899974
vt 0.5 0.921899974
vt 0.25 0.9375
vt 0.5 0.9375
vt -0 0.921899974
vt -0 0.9375
vt 0.75 0.921899974
vt 1 0.921899974
vt 0.75 0.9375
vt 1 0.9375
vt 0.499000013 0.967700005
vt 0.745800018 0.964600027
vt 0.75 0.953100026
vt 0.5 0.953100026
vt 0.991699994 0.960399985
vt 1 0.953100026
vt 0.25 0.953100026
vt 0.25 0.968800008
vt -0 0.953100026
vt -0 0.968800008
vt 0.25 0.984399974
vt 0.495799989 0.980199993
vt 0.25 1
vt 0.491699994 0.991699994
vt -0 0.984399974
vt 0 1
vt 0.733399987 0.967800021
vt 0.966799974 0.951200008
vt 0.716799974 0.966799974
vt 0.5 0.905300021
vt 0.75 0.905300021
vt 0.75 0.886699975
vt 0.5 0.886699975
vt 1 0.905300021
vt 1 0.886699975
vt 0.25 0.886699975
vt 0.25 0.905300021
vt -0 0.886699975
vt 0 0.905300021
vt 0.25 0.921899974
vt 0.5 0.921899974
vt 0.25 0.9375
vt 0.5 0.9375
vt 0 0.921899974
vt 0 0.9375
vt 0.75 0.921899974
vt 1 0.921899974
vt 0.75 0.9375
vt 1 0.9375
vt 0.5 0.968699992
vt 0.75 0.968699992
vt 0.75 0.953100026
vt 0.5 0.953100026
vt 1 0.968800008
vt 1 0.953100026
vt 0.25 0.953100026
vt 0.25 0.968699992
vt 0 0.953100026
vt 0 0.968699992
vt 0.25 0.984399974
vt 0.5 0.984399974
vt 0.25 1
vt 0.5 1
vt 0 0.984399974
vt 0 1
vt 0.75 0.984399974
vt 1 0.984399974
vt 0.75 1
vt 1 1
vt 0.5 0.905300021
vt 0.75 0.905300021
vt 0.75 0.886699975
vt 0.5 0.886699975
vt 1 0.905300021
vt 1 0.886699975
vt 0.25 0.886699975
vt 0.25 0.905300021
vt 0 0.886699975
vt 0 0.905300021
vt 0.25 0.921899974
vt 0.5 0.921899974
vt 0.25 0.9375
vt 0.5 0.9375
vt 0 0.921899974
vt 0 0.9375
vt 0.75 0.921899974
vt 1 0.921899974
vt 0.75 0.9375
vt 1 0.9375
vt 0.5 0.968699992
vt 0.75 0.968699992
vt 0.75 0.953100026
vt 0.5 0.953100026
vt 1 0.968699992
vt 1 0.953100026
vt 0.25 0.953100026
vt 0.25 0.968800008
vt 0 0.953100026
vt 0 0.968800008
vt 0.25 0.984399974
vt 0.5 0.984399974
vt 0.25 1
vt 0.5 1
vt 0 0.984399974
vt 0 1
vt 0.75 0.984399974
vt 1 0.984399974
vt 0.75 1
vt 1 1
vt 0.874499977 0.968599975
vt 0.8125 0.968699992
vt 0.8125 0.984399974
vt 0.873000026 0.983900011
vt 0.8125 1
vt 0.871100008 0.999000013
vt 0.75 0.968699992
vt 0.75 0.984399974
vt 0.75 1
vt 0.929700017 0.9824
vt 0.935500026 0.968299985
vt 0.984399974 0.980499983
vt 0.996100008 0.967800021
vt 0.921899974 0.996100008
vt 0.960900009 0.990199983
vt 0.9375 0.953100026
vt 0.875 0.953100026
vt 0.9375 0.9375
vt 0.875 0.9375
vt 1 0.953100026
vt 1 0.9375
vt 0.8125 0.953100026
vt 0.75 0.953100026
vt 0.8125 0.9375
vt 0.75 0.9375
vt 0.875 0.905300021
vt 0.8125 0.905300021
vt 0.8125 0.921899974
vt 0.875 0.921899974
vt 0.75 0.905300021
vt 0.75 0.921899974
vt 0.9375 0.921899974
vt 0.9375 0.905300021
vt 1 0.921899974
vt 1 0.905300021
vt 0.9375 0.886699975
vt 0.875 0.886699975
vt 1 0.886699975
vt 0.8125 0.886699975
vt 0.75 0.886699975
vt 0.625 0.968699992
vt 0.5625 0.968699992
vt 0.5625 0.984399974
vt 0.625 0.984399974
vt 0.5625 1
vt 0.625 1
vt 0.5 0.968699992
vt 0.5 0.984399974
vt 0.5 1
vt 0.6875 0.984399974
vt 0.6875 0.968699992
vt 0.6875 1
vt 0.6875 0.953100026
vt 0.625 0.953100026
vt 0.6875 0.9375
vt 0.625 0.9375
vt 0.5625 0.953100026
vt 0.5 0.953100026
vt 0.5625 0.9375
vt 0.5 0.9375
vt 0.625 0.905300021
vt 0.5625 0.905300021
vt 0.5625 0.921899974
vt 0.625 0.921899974
vt 0.5 0.905300021
vt 0.5 0.921899974
vt 0.6875 0.921899974
vt 0.6875 0.905300021
vt 0.6875 0.886699975
vt 0.625 0.886699975
vt 0.5625 0.886699975
vt 0.5 0.886699975
vt 0.875 0.811500013
vt 0.875 0.8398
vt 0.9375 0.8398
vt 0.9375 0.811500013
vt 1 0.8398
vt 1 0.811500013
vt 0.875 0.865199983
vt 0.9375 0.865199983
vt 1 0.865199983
vt 0.9375 0.781199992
vt 0.875 0.781199992
vt 0.9375 0.75
vt 0.875 0.75
vt 1 0.781300008
vt 1 0.75
vt 0.8125 0.781199992
vt 0.8125 0.811500013
vt 0.75 0.781199992
vt 0.75 0.811500013
vt 0.8125 0.75
vt 0.75 0.75
vt 0.8125 0.8398
vt 0.8125 0.865199983
vt 0.75 0.8398
vt 0.75 0.865199983
vt 0.625500023 0.811800003
vt 0.625 0.8398
vt 0.6875 0.8398
vt 0.6875 0.811500013
vt 0.625 0.865199983
vt 0.6875 0.865199983
vt 0.6875 0.781199992
vt 0.626999974 0.782199979
vt 0.6875 0.75
vt 0.628899992 0.751999974
vt 0.570299983 0.7852
vt 0.564499974 0.8125
vt 0.515600026 0.789099991
vt 0.503899992 0.813499987
vt 0.578100026 0.757799983
vt 0.539099991 0.769500017
vt 0.5625 0.8398
vt 0.5625 0.865199983
vt 0.5 0.8398
vt 0.5 0.865199983
vt 0.875 0.905300021
vt 0.875 0.921899974
vt 0.9375 0.921899974
vt 0.9375 0.905300021
vt 1 0.921899974
vt 1 0.905300021
vt 0.875 0.9375
vt 0.9375 0.9375
vt 1 0.9375
vt 0.9375 0.886699975
vt 0.875 0.886699975
vt 1 0.886699975
vt 0.8125 0.886699975
vt 0.8125 0.905300021
vt 0.75 0.886699975
vt 0.75 0.905300021
vt 0.8125 0.921899974
vt 0.8125 0.9375
vt 0.75 0.921899974
vt 0.75 0.9375
vt 0.625 0.905300021
vt 0.625 0.921899974
vt 0.6875 0.921899974
vt 0.6875 0.905300021
vt 0.625 0.9375
vt 0.6875 0.9375
vt 0.6875 0.886699975
vt 0.625 0.886699975
vt 0.5625 0.886699975
vt 0.5625 0.905300021
vt 0.5 0.886699975
vt 0.5 0.905300021
vt 0.5625 0.921899974
vt 0.5625 0.9375
vt 0.5 0.921899974
vt 0.5 0.9375
vt 0.875 0.968699992
vt 0.875 0.984399974
vt 0.9375 0.984399974
vt 0.9375 0.968699992
vt 1 0.984399974
vt 1 0.968800008
vt 0.875 1
vt 0.9375 1
vt 1 1
vt 0.9375 0.953100026
vt 0.875 0.953100026
vt 1 0.953100026
vt 0.8125 0.953100026
vt 0.8125 0.968699992
vt 0.75 0.953100026
vt 0.75 0.968699992
vt 0.8125 0.984399974
vt 0.8125 1
vt 0.75 0.984399974
vt 0.75 1
vt 0.625500023 0.968599975
vt 0.626999974 0.983900011
vt 0.6875 0.984399974
vt 0.6875 0.968699992
vt 0.628899992 0.999000013
vt 0.6875 1
vt 0.6875 0.953100026
vt 0.625 0.953100026
vt 0.5625 0.953100026
vt 0.564499974 0.968299985
vt 0.5 0.953100026
vt 0.503899992 0.967800021
vt 0.570299983 0.9824
vt 0.578100026 0.996100008
vt 0.515600026 0.980499983
vt 0.539099991 0.990199983
vn -0.180899993 0.972100019 -0.149200007
vn -0.180299997 0.972199976 -0.149399996
vn -0.157199994 0.982200027 -0.102600001
vn -0.157800004 0.98210001 -0.102499999
vn -0.129500002 0.989899993 -0.0579999983
vn -0.129999995 0.989799976 -0.0579000004
vn -0.179399997 0.972299993 -0.149599999
vn -0.156100005 0.9824 -0.102799997
vn -0.128600001 0.99000001 -0.0581
vn -0.158199996 0.98210001 -0.102399997
vn -0.181199998 0.972000003 -0.149200007
vn -0.158800006 0.981899977 -0.103
vn -0.181700006 0.971800029 -0.150000006
vn -0.130400002 0.989799976 -0.0577000007
vn -0.130999997 0.989700019 -0.0582999997
vn -0.198400006 0.963400006 -0.180099994
vn -0.198200002 0.963400006 -0.180099994
vn -0.208199993 0.961700022 -0.178000003
vn -0.208299994 0.961700022 -0.178000003
vn -0.198699996 0.96329999 -0.180600002
vn -0.208299994 0.961799979 -0.177499995
vn -0.197999999 0.963500023 -0.180199996
vn -0.197500005 0.96359998 -0.180299997
vn -0.208700001 0.961600006 -0.177900001
vn -0.209299996 0.961499989 -0.1778
vn -0.0773999989 0.996900022 -0.0107000005
vn -0.077200003 0.996900022 -0.0108000003
vn -0.0542000011 0.99849999 -0.00159999996
vn -0.0544000007 0.99849999 -0.00159999996
vn -0.0315999985 0.999499977 0.00639999984
vn -0.0318000019 0.999499977 0.00650000013
vn -0.0768000036 0.996999979 -0.0108000003
vn -0.0540000014 0.99849999 -0.00170000002
vn -0.0311999992 0.999499977 0.00630000001
vn -0.0544999987 0.99849999 -0.00159999996
vn -0.0775000006 0.996900022 -0.0107000005
vn -0.0551999994 0.998399973 -0.00179999997
vn -0.0781999975 0.996900022 -0.0109999999
vn -0.0318999998 0.999499977 0.00650000013
vn -0.0326999985 0.99940002 0.00609999988
vn -0.102300003 0.994400024 -0.0273000002
vn -0.1021 0.994400024 -0.0274
vn -0.130400002 0.989799976 -0.0577000007
vn -0.129999995 0.989799976 -0.0579000004
vn -0.102899998 0.994300008 -0.0277999993
vn -0.130999997 0.989700019 -0.0582999997
vn -0.1017 0.994400024 -0.0274999999
vn -0.101199999 0.994499981 -0.0275999997
vn -0.129500002 0.989899993 -0.0579999983
vn -0.128600001 0.99000001 -0.0581
vn 0.00989999995 0.999300003 0.0346000008
vn 0.00970000029 0.999300003 0.0346999988
vn -0.00999999978 0.999800026 0.0185000002
vn -0.00980000012 0.999800026 0.0185000002
vn -0.0318999998 0.999499977 0.00650000013
vn -0.0318000019 0.999499977 0.00650000013
vn 0.00939999986 0.999300003 0.0346000008
vn -0.0105999997 0.999800026 0.0181000009
vn -0.0326999985 0.99940002 0.00609999988
vn -0.00949999969 0.999800026 0.0184000004
vn 0.0102000004 0.999300003 0.0346000008
vn -0.00899999961 0.999800026 0.0183000006
vn 0.0108000003 0.999300003 0.0346000008
vn -0.0315999985 0.999499977 0.00639999984
vn -0.0311999992 0.999499977 0.00630000001
vn 0.0261000004 0.998300016 0.0518999994
vn 0.0258000009 0.998300016 0.0518000014
vn 0.0368999988 0.997200012 0.0649000034
vn 0.0366999991 0.997200012 0.0649000034
vn 0.0265999995 0.998300016 0.0518999994
vn 0.0370999984 0.997200012 0.0649000034
vn 0.0255999994 0.998300016 0.0518999994
vn 0.0254999995 0.998300016 0.0520000011
vn 0.0366000012 0.997200012 0.0649999976
vn 0.0366999991 0.997200012 0.065200001
vn 0.056499999 0.996100008 0.0672999993
vn 0.056499999 0.996100008 0.067400001
vn 0.0458000004 0.996500015 0.0697999969
vn 0.0458000004 0.996500015 0.0697000027
vn 0.0366000012 0.997200012 0.0649999976
vn 0.0366999991 0.997200012 0.0649000034
vn 0.0568000004 0.996100008 0.0672999993
vn 0.0460000001 0.996500015 0.0698999986
vn 0.0366999991 0.997200012 0.065200001
vn 0.0458000004 0.996500015 0.0697000027
vn 0.056400001 0.996100008 0.0672999993
vn 0.0458000004 0.996500015 0.0697999969
vn 0.0562000014 0.996100008 0.0672999993
vn 0.0368999988 0.997200012 0.0649000034
vn 0.0370999984 0.997200012 0.0649000034
vn 0.068599999 0.995700002 0.0612999983
vn 0.0687000006 0.995700002 0.0614
vn 0.0821999982 0.995000005 0.0557999983
vn 0.0822999999 0.995000005 0.0557999983
vn 0.068400003 0.995800018 0.0612999983
vn 0.0820999965 0.995100021 0.0557000004
vn 0.0688000023 0.995700002 0.0612999983
vn 0.0689999983 0.995700002 0.0610999987
vn 0.0824000016 0.995000005 0.0557000004
vn 0.0825000033 0.995000005 0.0555000007
vn 0.110299997 0.992600024 0.0511999987
vn 0.110299997 0.992600024 0.0513000004
vn 0.0964000002 0.993900001 0.0527999997
vn 0.0964000002 0.993900001 0.0527000017
vn 0.0824000016 0.995000005 0.0557000004
vn 0.0822999999 0.995000005 0.0557999983
vn 0.110200003 0.992600024 0.0513000004
vn 0.0964000002 0.993900001 0.0527999997
vn 0.0825000033 0.995000005 0.0555000007
vn 0.0962999985 0.993900001 0.0527000017
vn 0.110200003 0.992600024 0.0511000007
vn 0.0962999985 0.993900001 0.0527000017
vn 0.110200003 0.992600024 0.0511000007
vn 0.0821999982 0.995000005 0.0557999983
vn 0.0820999965 0.995100021 0.0557000004
vn 0.124700002 0.990999997 0.0487000011
vn 0.124799997 0.990999997 0.0487999991
vn 0.140699998 0.989099979 0.0436000004
vn 0.140799999 0.989000022 0.0436999984
vn 0.124600001 0.990999997 0.0487000011
vn 0.140400007 0.989099979 0.0436000004
vn 0.124899998 0.990999997 0.0487999991
vn 0.124700002 0.990999997 0.0487999991
vn 0.140900001 0.989000022 0.0434999987
vn 0.140799999 0.989099979 0.0434999987
vn 0.175899997 0.984000027 0.0260000005
vn 0.175999999 0.984000027 0.0262000002
vn 0.158299997 0.986699998 0.0353999995
vn 0.158199996 0.986800015 0.0355000012
vn 0.140900001 0.989000022 0.0434999987
vn 0.140799999 0.989000022 0.0436999984
vn 0.175899997 0.984000027 0.0263
vn 0.158199996 0.986800015 0.0353000015
vn 0.140799999 0.989099979 0.0434999987
vn 0.158000007 0.986800015 0.0353999995
vn 0.175699994 0.984099984 0.0260000005
vn 0.157700002 0.986800015 0.0353999995
vn 0.175400004 0.984099984 0.0261000004
vn 0.140699998 0.989099979 0.0436000004
vn 0.140400007 0.989099979 0.0436000004
vn 0.192900002 0.981000006 0.0185000002
vn 0.193000004 0.981000006 0.0185000002
vn 0.2086 0.977900028 0.0149999997
vn 0.208700001 0.977800012 0.0149999997
vn 0.192599997 0.981100023 0.0185000002
vn 0.2086 0.977900028 0.0149999997
vn 0.193100005 0.981000006 0.0186000001
vn 0.193100005 0.981000006 0.0186999999
vn 0.208700001 0.977800012 0.0149999997
vn 0.208700001 0.977800012 0.0149999997
vn -0.166999996 0.969799995 0.178000003
vn -0.169300005 0.969200015 0.178499997
vn -0.174799994 0.972599983 0.152999997
vn -0.172499999 0.973100007 0.152400002
vn -0.185200006 0.977199972 0.103600003
vn -0.182699993 0.977699995 0.103100002
vn -0.173099995 0.968400002 0.179199994
vn -0.1787 0.971800029 0.153699994
vn -0.188999996 0.976400018 0.1043
vn -0.171100006 0.973500013 0.151700005
vn -0.165600002 0.970099986 0.177200004
vn -0.170599997 0.97359997 0.151299998
vn -0.165199995 0.970300019 0.176599994
vn -0.181299999 0.978100002 0.102499999
vn -0.180700004 0.978200018 0.102300003
vn -0.163699999 0.968500018 0.1875
vn -0.165000007 0.968200028 0.188099995
vn -0.163699999 0.967999995 0.189999998
vn -0.164800003 0.967800021 0.190400004
vn -0.163299993 0.968800008 0.186199993
vn -0.163000003 0.968200028 0.189500004
vn -0.167199999 0.967700005 0.188600004
vn -0.171000004 0.966899991 0.189400002
vn -0.166899994 0.967299998 0.190799996
vn -0.170599997 0.966499984 0.191599995
vn -0.205899999 0.976800025 -0.058699999
vn -0.207599998 0.976499975 -0.0582999997
vn -0.211799994 0.967999995 -0.134100005
vn -0.210700005 0.968299985 -0.134299994
vn -0.208700001 0.961600006 -0.177900001
vn -0.208299994 0.961700022 -0.178000003
vn -0.210299999 0.975899994 -0.0577000007
vn -0.213499993 0.967700005 -0.133699998
vn -0.209299996 0.961499989 -0.1778
vn -0.210099995 0.968400002 -0.134399995
vn -0.204799995 0.976999998 -0.0590000004
vn -0.209800005 0.968599975 -0.133200005
vn -0.204300001 0.977199972 -0.0577000007
vn -0.208199993 0.961700022 -0.178000003
vn -0.208299994 0.961799979 -0.177499995
vn -0.194199994 0.980599999 0.0275999997
vn -0.195500001 0.980300009 0.0280000009
vn -0.193499997 0.980700016 0.0280000009
vn -0.197699994 0.979799986 0.0285
vn -0.201199993 0.979099989 0.0292000007
vn -0.172199994 0.973399997 -0.150900006
vn -0.171800002 0.973500013 -0.150900006
vn -0.147400007 0.98360002 -0.104199998
vn -0.147799999 0.983500004 -0.104199998
vn -0.1215 0.990800023 -0.0593000017
vn -0.121799998 0.990800023 -0.0592
vn -0.171200007 0.973699987 -0.150199994
vn -0.146799996 0.983699977 -0.103399999
vn -0.120899998 0.99089998 -0.0584999993
vn -0.148499995 0.983399987 -0.104099996
vn -0.172700003 0.97329998 -0.150800005
vn -0.149599999 0.983200014 -0.1039
vn -0.173700005 0.973200023 -0.150600001
vn -0.122400001 0.990700006 -0.0590999983
vn -0.123300001 0.99059999 -0.0590000004
vn -0.194399998 0.964100003 -0.180899993
vn -0.194199994 0.964100003 -0.180999994
vn -0.213 0.960900009 -0.176899999
vn -0.213300005 0.960799992 -0.176799998
vn -0.194900006 0.963999987 -0.180800006
vn -0.212500006 0.961000025 -0.177000001
vn -0.194000006 0.96420002 -0.180899993
vn -0.193499997 0.964399993 -0.180399999
vn -0.213499993 0.960799992 -0.176599994
vn -0.213100001 0.960799992 -0.177000001
vn -0.176499993 0.9727 -0.150099993
vn -0.174999997 0.97299999 -0.150399998
vn -0.151099995 0.983099997 -0.103699997
vn -0.152799994 0.982800007 -0.103399999
vn -0.124499999 0.990400016 -0.0588000007
vn -0.1259 0.9903 -0.058600001
vn -0.154599994 0.982599974 -0.103
vn -0.178100005 0.972500026 -0.149800003
vn -0.127399996 0.990100026 -0.0582999997
vn -0.196899995 0.963699996 -0.180399999
vn -0.196199998 0.963800013 -0.180500001
vn -0.209999993 0.961399972 -0.177599996
vn -0.210899994 0.961300015 -0.177399993
vn -0.195500001 0.96390003 -0.180700004
vn -0.211700007 0.961099982 -0.177200004
vn -0.0741000026 0.997200012 -0.0113000004
vn -0.0738999993 0.997200012 -0.0113000004
vn -0.0518000014 0.998600006 -0.00200000009
vn -0.0518999994 0.998600006 -0.00209999993
vn -0.0284000002 0.999599993 0.00590000022
vn -0.0285 0.999599993 0.00590000022
vn -0.0732000023 0.997300029 -0.0109000001
vn -0.050999999 0.998700023 -0.00170000002
vn -0.0274999999 0.999599993 0.00630000001
vn -0.0520000011 0.998600006 -0.00200000009
vn -0.0742999986 0.997200012 -0.0113000004
vn -0.0522999987 0.998600006 -0.00200000009
vn -0.0746000037 0.997099996 -0.0111999996
vn -0.0286999997 0.999499977 0.00600000005
vn -0.0291000009 0.999499977 0.00600000005
vn -0.0971999988 0.994799972 -0.0282000005
vn -0.0967999995 0.994899988 -0.0283000004
vn -0.122400001 0.990700006 -0.0590999983
vn -0.121799998 0.990800023 -0.0592
vn -0.0976999998 0.994799972 -0.0281000007
vn -0.123300001 0.99059999 -0.0590000004
vn -0.0966000035 0.994899988 -0.0284000002
vn -0.0960000008 0.995000005 -0.0277999993
vn -0.1215 0.990800023 -0.0593000017
vn -0.120899998 0.99089998 -0.0584999993
vn -0.0756999999 0.996999979 -0.0109999999
vn -0.0750999972 0.997099996 -0.0110999998
vn -0.0527000017 0.998600006 -0.00190000003
vn -0.0531000011 0.998600006 -0.00179999997
vn -0.0296 0.999499977 0.00609999988
vn -0.0302000009 0.999499977 0.00620000018
vn -0.0535999984 0.99849999 -0.00170000002
vn -0.0763000026 0.996999979 -0.0109000001
vn -0.0307 0.999499977 0.00630000001
vn -0.100400001 0.994499981 -0.0276999995
vn -0.0993999988 0.994599998 -0.0278999992
vn -0.127399996 0.990100026 -0.0582999997
vn -0.1259 0.9903 -0.058600001
vn -0.0984999985 0.994700015 -0.0280000009
vn -0.124499999 0.990400016 -0.0588000007
vn 0.0125000002 0.999300003 0.0344999991
vn 0.0115999999 0.999300003 0.0344999991
vn -0.00829999987 0.999800026 0.0183000006
vn -0.00749999983 0.999800026 0.0182000007
vn -0.0307 0.999499977 0.00630000001
vn -0.0302000009 0.999499977 0.00620000018
vn -0.00669999979 0.999800026 0.0181000009
vn 0.0133999996 0.999300003 0.0344000012
vn -0.00600000005 0.999800026 0.0179999992
vn 0.0142000001 0.999300003 0.0342999995
vn -0.0296 0.999499977 0.00609999988
vn -0.0291000009 0.999499977 0.00600000005
vn 0.0287999995 0.998199999 0.0516999997
vn 0.0280000009 0.998300016 0.0518000014
vn 0.0384000018 0.997099996 0.0649000034
vn 0.0379000008 0.997200012 0.0649000034
vn 0.0295000002 0.998199999 0.0518000014
vn 0.0386999995 0.997099996 0.0649000034
vn 0.0272000004 0.998300016 0.0518999994
vn 0.0375000015 0.997200012 0.0649000034
vn 0.0151000004 0.999300003 0.0342000015
vn 0.0147000002 0.999300003 0.0342999995
vn -0.00549999997 0.999800026 0.0178999994
vn -0.00520000001 0.999800026 0.0178999994
vn -0.0286999997 0.999499977 0.00600000005
vn -0.0285 0.999599993 0.00590000022
vn -0.00499999989 0.999800026 0.0177999996
vn 0.0153000001 0.999300003 0.0342000015
vn -0.00439999998 0.999800026 0.0181000009
vn 0.0155999996 0.999300003 0.0342999995
vn -0.0284000002 0.999599993 0.00590000022
vn -0.0274999999 0.999599993 0.00630000001
vn 0.0305000003 0.998199999 0.0516000018
vn 0.0303000007 0.998199999 0.0516999997
vn 0.0392000005 0.997099996 0.0648000017
vn 0.0392000005 0.997099996 0.0649000034
vn 0.0305000003 0.998199999 0.0516000018
vn 0.0392000005 0.997099996 0.0647
vn 0.0299999993 0.998199999 0.0518000014
vn 0.0390000008 0.997099996 0.0649000034
vn 0.0557999983 0.996200025 0.0672999993
vn 0.0560000017 0.996200025 0.0672999993
vn 0.0458000004 0.996500015 0.0697000027
vn 0.0458000004 0.996500015 0.0697000027
vn 0.0375000015 0.997200012 0.0649000034
vn 0.0379000008 0.997200012 0.0649000034
vn 0.0458000004 0.996500015 0.0697000027
vn 0.0555000007 0.996200025 0.0672999993
vn 0.0458000004 0.996500015 0.0697000027
vn 0.0553000011 0.996200025 0.0672999993
vn 0.0384000018 0.997099996 0.0649000034
vn 0.0386999995 0.997099996 0.0649000034
vn 0.067400001 0.995800018 0.0612999983
vn 0.0678000003 0.995800018 0.0612999983
vn 0.0815000013 0.995100021 0.0557000004
vn 0.0816999972 0.995100021 0.0557000004
vn 0.0671999976 0.995800018 0.0612999983
vn 0.0812999979 0.995100021 0.0557000004
vn 0.0680999979 0.995800018 0.0612999983
vn 0.0819000006 0.995100021 0.0557000004
vn 0.0549999997 0.996200025 0.0671999976
vn 0.0551000014 0.996200025 0.0671999976
vn 0.0458000004 0.996500015 0.0697000027
vn 0.0458000004 0.996500015 0.0697999969
vn 0.0390000008 0.997099996 0.0649000034
vn 0.0392000005 0.997099996 0.0649000034
vn 0.0458000004 0.996500015 0.0697000027
vn 0.0549999997 0.996200025 0.0672999993
vn 0.0456999987 0.996500015 0.0697000027
vn 0.0548 0.996200025 0.067400001
vn 0.0392000005 0.997099996 0.0648000017
vn 0.0667999983 0.995899975 0.0612000003
vn 0.0669 0.995899975 0.0612000003
vn 0.0810000002 0.995100021 0.0557000004
vn 0.0811000019 0.995100021 0.0557000004
vn 0.0666000023 0.995899975 0.0612999983
vn 0.0808999985 0.995100021 0.0557000004
vn 0.0670000017 0.995800018 0.0612000003
vn 0.0811000019 0.995100021 0.0557000004
vn 0.109999999 0.992600024 0.0511000007
vn 0.110100001 0.992600024 0.0511000007
vn 0.0961999968 0.994000018 0.0527000017
vn 0.0961000025 0.994000018 0.0527000017
vn 0.0819000006 0.995100021 0.0557000004
vn 0.0816999972 0.995100021 0.0557000004
vn 0.0960000008 0.994000018 0.0527000017
vn 0.109999999 0.992600024 0.0511000007
vn 0.0958999991 0.994000018 0.0527000017
vn 0.109899998 0.992600024 0.0511000007
vn 0.0815000013 0.995100021 0.0557000004
vn 0.0812999979 0.995100021 0.0557000004
vn 0.1241 0.991100013 0.0487999991
vn 0.124300003 0.990999997 0.0487000011
vn 0.139400005 0.989300013 0.0436000004
vn 0.139799997 0.989199996 0.0436000004
vn 0.123999998 0.991100013 0.0487000011
vn 0.1391 0.989300013 0.0436000004
vn 0.124499999 0.990999997 0.0487000011
vn 0.140100002 0.989199996 0.0436000004
vn 0.109800003 0.992600024 0.0511000007
vn 0.109800003 0.992600024 0.0511000007
vn 0.0958999991 0.994000018 0.0527000017
vn 0.0957999974 0.994000018 0.0526000001
vn 0.0811000019 0.995100021 0.0557000004
vn 0.0811000019 0.995100021 0.0557000004
vn 0.0957999974 0.994000018 0.0527000017
vn 0.109800003 0.992600024 0.0511000007
vn 0.0957999974 0.994000018 0.0527000017
vn 0.109899998 0.992600024 0.0511999987
vn 0.0810000002 0.995100021 0.0557000004
vn 0.0808999985 0.995100021 0.0557000004
vn 0.123800002 0.991100013 0.0487999991
vn 0.123800002 0.991100013 0.0487999991
vn 0.138600007 0.989300013 0.0436000004
vn 0.138699993 0.989300013 0.0436000004
vn 0.123899996 0.991100013 0.0487000011
vn 0.138799995 0.989300013 0.0434999987
vn 0.123899996 0.991100013 0.0487000011
vn 0.138899997 0.989300013 0.0436000004
vn 0.1743 0.984300017 0.0261000004
vn 0.174899995 0.984200001 0.0261000004
vn 0.157199994 0.986899972 0.0353999995
vn 0.1567 0.986999989 0.0353999995
vn 0.140100002 0.989199996 0.0436000004
vn 0.139799997 0.989199996 0.0436000004
vn 0.156100005 0.987100005 0.0353000015
vn 0.173700005 0.984399974 0.0260000005
vn 0.155599996 0.987200022 0.0353000015
vn 0.173299998 0.984499991 0.0260000005
vn 0.139400005 0.989300013 0.0436000004
vn 0.1391 0.989300013 0.0436000004
vn 0.191400006 0.981299996 0.0185000002
vn 0.1919 0.98119998 0.0185000002
vn 0.208199993 0.977999985 0.0149999997
vn 0.208299994 0.977900028 0.0149999997
vn 0.191100001 0.981400013 0.0184000004
vn 0.208100006 0.977999985 0.0148999998
vn 0.192300007 0.981100023 0.0185000002
vn 0.208399996 0.977900028 0.0149999997
vn 0.172700003 0.984600008 0.0260000005
vn 0.172900006 0.984600008 0.0260000005
vn 0.155300006 0.987200022 0.0353000015
vn 0.155100003 0.987200022 0.0353999995
vn 0.138899997 0.989300013 0.0436000004
vn 0.138699993 0.989300013 0.0436000004
vn 0.155000001 0.987299979 0.0353000015
vn 0.172600001 0.984600008 0.0260000005
vn 0.155200005 0.987200022 0.0351999998
vn 0.172800004 0.984600008 0.0258000009
vn 0.138600007 0.989300013 0.0436000004
vn 0.138799995 0.989300013 0.0434999987
vn 0.190599993 0.98150003 0.0185000002
vn 0.190699995 0.98150003 0.0185000002
vn 0.208000004 0.977999985 0.0148999998
vn 0.208000004 0.977999985 0.0149999997
vn 0.190699995 0.981400013 0.0184000004
vn 0.208100006 0.977999985 0.0147000002
vn 0.190799996 0.981400013 0.0184000004
vn 0.208000004 0.977999985 0.0149999997
vn -0.202199996 0.961799979 0.184499994
vn -0.203600004 0.961499989 0.184799999
vn -0.209299996 0.9648 0.159500003
vn -0.207900003 0.96509999 0.159199998
vn -0.219699994 0.969299972 0.110600002
vn -0.2183 0.969600022 0.110200003
vn -0.2042 0.961300015 0.184599996
vn -0.209800005 0.964600027 0.159500003
vn -0.220300004 0.969099998 0.1105
vn -0.205500007 0.965699971 0.158700004
vn -0.199900001 0.962300003 0.184100002
vn -0.201800004 0.966600001 0.158099994
vn -0.196099997 0.963199973 0.183500007
vn -0.215900004 0.970200002 0.109700002
vn -0.212200001 0.971099973 0.108999997
vn -0.197600007 0.960799992 0.194199994
vn -0.200000003 0.960300028 0.194600001
vn -0.197099999 0.960500002 0.196400002
vn -0.199499995 0.959900022 0.196799994
vn -0.193900004 0.961700022 0.193599999
vn -0.193399996 0.961399972 0.195700005
vn -0.201299995 0.959900022 0.194800004
vn -0.202000007 0.959999979 0.194000006
vn -0.2007 0.959599972 0.196899995
vn -0.201199993 0.959599972 0.196700007
vn -0.184699997 0.965900004 0.181400001
vn -0.190899998 0.96450001 0.182500005
vn -0.196500003 0.967800021 0.157100007
vn -0.190300003 0.969299972 0.155900002
vn -0.206900001 0.97240001 0.107900001
vn -0.200599998 0.973800004 0.106700003
vn -0.184 0.970600009 0.154699996
vn -0.178399995 0.967299998 0.180299997
vn -0.194299996 0.975199997 0.105400003
vn -0.176200002 0.965799987 0.190300003
vn -0.182500005 0.964399993 0.191499993
vn -0.175799996 0.965399981 0.192499995
vn -0.182099998 0.963999987 0.193700001
vn -0.188700005 0.963 0.192599997
vn -0.188199997 0.962599993 0.194800004
vn -0.231199995 0.971400023 -0.0527999997
vn -0.232299998 0.971199989 -0.0527000017
vn -0.227200001 0.96509999 -0.130400002
vn -0.226600006 0.965200007 -0.130600005
vn -0.213499993 0.960799992 -0.176599994
vn -0.213300005 0.960799992 -0.176799998
vn -0.232700005 0.971000016 -0.0542000011
vn -0.227300003 0.964900017 -0.131699994
vn -0.213100001 0.960799992 -0.177000001
vn -0.225600004 0.965399981 -0.130899996
vn -0.229599997 0.971800029 -0.0533000007
vn -0.223900005 0.965699971 -0.131200001
vn -0.226899996 0.97240001 -0.0538999997
vn -0.213 0.960900009 -0.176899999
vn -0.212500006 0.961000025 -0.177000001
vn -0.225999996 0.973500013 0.0344999991
vn -0.228100002 0.97299999 0.0351000018
vn -0.222499996 0.974300027 0.0337999985
vn -0.229499996 0.9727 0.0353000015
vn -0.230100006 0.972500026 0.0344999991
vn -0.218600005 0.97420001 -0.0557999983
vn -0.223100007 0.973200023 -0.0548
vn -0.221499994 0.966199994 -0.131799996
vn -0.218700007 0.966700017 -0.132499993
vn -0.211700007 0.961099982 -0.177200004
vn -0.210899994 0.961300015 -0.177399993
vn -0.215900004 0.967299998 -0.133100003
vn -0.214100003 0.975099981 -0.0568000004
vn -0.209999993 0.961399972 -0.177599996
vn -0.206200004 0.977999985 0.0303000007
vn -0.211899996 0.976800025 0.0315000005
vn -0.217700005 0.975499988 0.0328000002
vn 0.229100004 0.973200023 0.0203000009
vn 0.221000001 0.975099981 0.0161000006
vn 0.221000001 0.975099981 0.0161000006
vn 0.229300007 0.973100007 0.0203000009
vn 0.221100003 0.975099981 0.0161000006
vn 0.229499996 0.973100007 0.0203000009
vn 0.208700001 0.977800012 0.0149999997
vn 0.2086 0.977900028 0.0149999997
vn 0.2086 0.977900028 0.0149999997
vn 0.234599993 0.971700013 0.0254999995
vn 0.234400004 0.971800029 0.0254999995
vn 0.236399993 0.971199989 0.0297999997
vn 0.236200005 0.971199989 0.0297999997
vn 0.234799996 0.971700013 0.0254999995
vn 0.236699998 0.971099973 0.0298999995
vn 0.234300002 0.971800029 0.0254999995
vn 0.229100004 0.973200023 0.0203000009
vn 0.234300002 0.971800029 0.0254999995
vn 0.229100004 0.973200023 0.0204000007
vn 0.236100003 0.971300006 0.0297999997
vn 0.236100003 0.971300006 0.0296999998
vn 0.220899999 0.975199997 0.0161000006
vn 0.208700001 0.977800012 0.0149999997
vn 0.220899999 0.975199997 0.0161000006
vn 0.208700001 0.977800012 0.0149999997
vn 0.2359 0.971199989 0.0340999998
vn 0.236000001 0.971199989 0.0326000005
vn 0.236200005 0.971099973 0.0326000005
vn 0.236100003 0.971099973 0.0340999998
vn 0.236499995 0.971099973 0.0326999985
vn 0.236399993 0.971000016 0.0340999998
vn 0.236100003 0.971099973 0.0346999988
vn 0.2359 0.971099973 0.0346000008
vn 0.236100003 0.971099973 0.0348000005
vn 0.2359 0.971099973 0.0348000005
vn 0.236399993 0.971000016 0.0346999988
vn 0.236399993 0.971000016 0.0348999985
vn 0.235799998 0.971199989 0.0346000008
vn 0.235799998 0.971199989 0.0340000018
vn 0.235699996 0.971199989 0.0344999991
vn 0.235799998 0.971199989 0.0340000018
vn 0.235799998 0.971199989 0.0348000005
vn 0.235699996 0.971199989 0.0348000005
vn 0.2359 0.971199989 0.0326000005
vn 0.2359 0.971199989 0.0326000005
vn 0.230100006 0.972899973 0.0204000007
vn 0.221399993 0.975000024 0.0161000006
vn 0.221599996 0.975000024 0.0161000006
vn 0.230499998 0.972800016 0.0204000007
vn 0.221699998 0.974900007 0.0161000006
vn 0.230800003 0.972800016 0.0204000007
vn 0.208299994 0.977900028 0.0149999997
vn 0.208199993 0.977999985 0.0149999997
vn 0.208100006 0.977999985 0.0148999998
vn 0.236200005 0.971300006 0.0255999994
vn 0.235699996 0.971499979 0.0255999994
vn 0.238199994 0.970700026 0.0299999993
vn 0.237599999 0.970899999 0.0299999993
vn 0.236599997 0.971300006 0.0256999992
vn 0.238600001 0.970600009 0.0300999992
vn 0.235300004 0.971599996 0.0254999995
vn 0.229800001 0.97299999 0.0203000009
vn 0.237200007 0.971000016 0.0298999995
vn 0.221300006 0.975099981 0.0161000006
vn 0.208399996 0.977900028 0.0149999997
vn 0.237299994 0.970799983 0.0342000015
vn 0.237399995 0.970799983 0.0326999985
vn 0.237900004 0.970700026 0.0328000002
vn 0.237800002 0.970700026 0.0342000015
vn 0.238299996 0.970600009 0.0328000002
vn 0.238199994 0.970600009 0.0342999995
vn 0.2377 0.970700026 0.0348999985
vn 0.237299994 0.970799983 0.0348000005
vn 0.2377 0.970700026 0.0350000001
vn 0.237299994 0.970799983 0.0350000001
vn 0.238199994 0.970600009 0.0348999985
vn 0.238199994 0.970600009 0.0350000001
vn 0.2368 0.970899999 0.0348000005
vn 0.2368 0.970899999 0.0342000015
vn 0.2368 0.970899999 0.0348999985
vn 0.236900002 0.970899999 0.0326999985
vn 0.231099993 0.9727 0.0204000007
vn 0.221900001 0.974900007 0.0162000004
vn 0.222000003 0.974900007 0.0161000006
vn 0.231299996 0.9727 0.0204000007
vn 0.222100005 0.974900007 0.0159000009
vn 0.231299996 0.9727 0.0204000007
vn 0.208000004 0.977999985 0.0149999997
vn 0.208000004 0.977999985 0.0148999998
vn 0.208100006 0.977999985 0.0147000002
vn 0.237200007 0.971099973 0.0256999992
vn 0.237100005 0.971099973 0.0256999992
vn 0.239199996 0.970499992 0.0302000009
vn 0.239099994 0.970499992 0.0300999992
vn 0.237200007 0.971099973 0.0256999992
vn 0.239299998 0.970499992 0.0302000009
vn 0.236900002 0.971199989 0.0256999992
vn 0.231000006 0.9727 0.0204000007
vn 0.238900006 0.970499992 0.0300999992
vn 0.221799999 0.974900007 0.0162000004
vn 0.208000004 0.977999985 0.0149999997
vn 0.238700002 0.970499992 0.0342999995
vn 0.238800004 0.970499992 0.0329000019
vn 0.238900006 0.970499992 0.0329999998
vn 0.238800004 0.970399976 0.0344000012
vn 0.238999993 0.970399976 0.0329999998
vn 0.238900006 0.970399976 0.0344000012
vn 0.238700002 0.970399976 0.0348999985
vn 0.238700002 0.970499992 0.0348999985
vn 0.238700002 0.970399976 0.0351000018
vn 0.238700002 0.970499992 0.0351000018
vn 0.238800004 0.970399976 0.0348999985
vn 0.238700002 0.970399976 0.0351000018
vn 0.238399997 0.970499992 0.0348999985
vn 0.238499999 0.970499992 0.0342999995
vn 0.238399997 0.970499992 0.0351000018
vn 0.238600001 0.970499992 0.0329000019
vn -0.180899993 0.972100019 0.149200007
vn -0.157800004 0.98210001 0.102600001
vn -0.157199994 0.982200027 0.102600001
vn -0.180299997 0.972199976 0.149399996
vn -0.156100005 0.9824 0.102799997
vn -0.179399997 0.972299993 0.149599999
vn -0.129999995 0.989799976 0.0579000004
vn -0.129500002 0.989899993 0.0579999983
vn -0.128600001 0.99000001 0.0581
vn -0.197999999 0.963500023 0.180299997
vn -0.198300004 0.963400006 0.180099994
vn -0.208700001 0.961600006 0.177900001
vn -0.208299994 0.961700022 0.178000003
vn -0.197500005 0.96359998 0.180299997
vn -0.209199995 0.961499989 0.1778
vn -0.198400006 0.963400006 0.180000007
vn -0.181199998 0.972000003 0.149100006
vn -0.198699996 0.96329999 0.180600002
vn -0.181700006 0.971800029 0.150000006
vn -0.208199993 0.961700022 0.178000003
vn -0.208199993 0.961799979 0.177599996
vn -0.158199996 0.98210001 0.102399997
vn -0.130400002 0.989799976 0.0577000007
vn -0.158800006 0.981899977 0.103
vn -0.130999997 0.989700019 0.0582999997
vn -0.0773999989 0.996900022 0.0108000003
vn -0.0544000007 0.99849999 0.00159999996
vn -0.0542000011 0.99849999 0.00159999996
vn -0.077200003 0.996900022 0.0108000003
vn -0.0540000014 0.99849999 0.00170000002
vn -0.0768000036 0.996999979 0.0108000003
vn -0.0318000019 0.999499977 -0.00650000013
vn -0.0315999985 0.999499977 -0.00639999984
vn -0.0311999992 0.999499977 -0.00630000001
vn -0.1017 0.994400024 0.0274999999
vn -0.1021 0.994400024 0.0274
vn -0.129500002 0.989899993 0.0579999983
vn -0.129999995 0.989799976 0.0579000004
vn -0.101199999 0.994499981 0.0275999997
vn -0.128600001 0.99000001 0.0581
vn -0.102300003 0.994400024 0.0273000002
vn -0.0775000006 0.996900022 0.0107000005
vn -0.102899998 0.994300008 0.0277999993
vn -0.0781999975 0.996900022 0.0108000003
vn -0.130400002 0.989799976 0.0577000007
vn -0.130999997 0.989700019 0.0582999997
vn -0.0544999987 0.99849999 0.00159999996
vn -0.0318999998 0.999499977 -0.00650000013
vn -0.0551999994 0.998399973 0.00170000002
vn -0.0326999985 0.99940002 -0.00620000018
vn 0.00989999995 0.999300003 -0.0346000008
vn -0.00980000012 0.999800026 -0.0184000004
vn -0.00989999995 0.999800026 -0.0185000002
vn 0.00970000029 0.999300003 -0.0346999988
vn -0.0105999997 0.999800026 -0.0181000009
vn 0.00939999986 0.999300003 -0.0346000008
vn -0.0318000019 0.999499977 -0.00650000013
vn -0.0318999998 0.999499977 -0.00650000013
vn -0.0326999985 0.99940002 -0.00620000018
vn 0.0255999994 0.998300016 -0.0520000011
vn 0.0258000009 0.998300016 -0.0518000014
vn 0.0366000012 0.997200012 -0.0649999976
vn 0.0366999991 0.997200012 -0.0649000034
vn 0.0254999995 0.998300016 -0.052099999
vn 0.0366999991 0.997200012 -0.065200001
vn 0.0261000004 0.998300016 -0.0518000014
vn 0.0102000004 0.999300003 -0.0346000008
vn 0.0265999995 0.998300016 -0.0518999994
vn 0.0108000003 0.999300003 -0.0346000008
vn 0.0368999988 0.997200012 -0.0649000034
vn 0.0370999984 0.997200012 -0.0649000034
vn -0.00949999969 0.999800026 -0.0184000004
vn -0.0315999985 0.999499977 -0.00639999984
vn -0.00899999961 0.999800026 -0.0183000006
vn -0.0311999992 0.999499977 -0.00630000001
vn 0.056499999 0.996100008 -0.0672999993
vn 0.0458000004 0.996500015 -0.0697000027
vn 0.0458000004 0.996500015 -0.0697999969
vn 0.056499999 0.996100008 -0.0672999993
vn 0.0460000001 0.996500015 -0.0698999986
vn 0.0568000004 0.996100008 -0.0671999976
vn 0.0366999991 0.997200012 -0.0649000034
vn 0.0366000012 0.997200012 -0.0649999976
vn 0.0366999991 0.997200012 -0.065200001
vn 0.0688000023 0.995700002 -0.0612999983
vn 0.0687000006 0.995700002 -0.0614
vn 0.0824000016 0.995000005 -0.0557000004
vn 0.0822999999 0.995000005 -0.0557999983
vn 0.0689999983 0.995700002 -0.0610999987
vn 0.0825000033 0.995000005 -0.0555999987
vn 0.068599999 0.995700002 -0.0612999983
vn 0.056400001 0.996100008 -0.0672999993
vn 0.068400003 0.995800018 -0.0612999983
vn 0.0562000014 0.996100008 -0.0672999993
vn 0.0821999982 0.995000005 -0.0557999983
vn 0.0820999965 0.995100021 -0.0557999983
vn 0.0458000004 0.996500015 -0.0697000027
vn 0.0368999988 0.997200012 -0.0649000034
vn 0.0458000004 0.996500015 -0.0697999969
vn 0.0370999984 0.997200012 -0.0649000034
vn 0.110299997 0.992600024 -0.0511999987
vn 0.0964000002 0.993900001 -0.0527000017
vn 0.0964000002 0.993900001 -0.0527999997
vn 0.110299997 0.992600024 -0.0513000004
vn 0.0964000002 0.993900001 -0.0527999997
vn 0.110200003 0.992600024 -0.0513000004
vn 0.0822999999 0.995000005 -0.0557999983
vn 0.0824000016 0.995000005 -0.0557000004
vn 0.0825000033 0.995000005 -0.0555999987
vn 0.124899998 0.990999997 -0.0487999991
vn 0.124799997 0.990999997 -0.0487999991
vn 0.140900001 0.989000022 -0.0436000004
vn 0.140799999 0.989000022 -0.0436000004
vn 0.124700002 0.990999997 -0.0487999991
vn 0.140799999 0.989099979 -0.0434999987
vn 0.124700002 0.990999997 -0.0487000011
vn 0.110200003 0.992600024 -0.0511000007
vn 0.124600001 0.990999997 -0.0487000011
vn 0.110200003 0.992600024 -0.0511000007
vn 0.140699998 0.989099979 -0.0436000004
vn 0.140400007 0.989099979 -0.0436000004
vn 0.0962999985 0.993900001 -0.0527000017
vn 0.0821999982 0.995000005 -0.0557999983
vn 0.0962999985 0.993900001 -0.0527000017
vn 0.0820999965 0.995100021 -0.0557999983
vn 0.175899997 0.984000027 -0.0261000004
vn 0.158199996 0.986800015 -0.0355000012
vn 0.158299997 0.986699998 -0.0353999995
vn 0.175999999 0.984000027 -0.0262000002
vn 0.158199996 0.986800015 -0.0353999995
vn 0.175899997 0.984000027 -0.0263
vn 0.140799999 0.989000022 -0.0436000004
vn 0.140900001 0.989000022 -0.0436000004
vn 0.140799999 0.989099979 -0.0434999987
vn 0.193100005 0.981000006 -0.0186000001
vn 0.193000004 0.981000006 -0.0185000002
vn 0.208700001 0.977800012 -0.0149999997
vn 0.208700001 0.977800012 -0.0149999997
vn 0.193100005 0.981000006 -0.0186999999
vn 0.208700001 0.977800012 -0.0149999997
vn 0.192900002 0.981000006 -0.0185000002
vn 0.175699994 0.984099984 -0.0261000004
vn 0.192599997 0.981100023 -0.0185000002
vn 0.175400004 0.984099984 -0.0260000005
vn 0.2086 0.977900028 -0.0149999997
vn 0.2086 0.977900028 -0.0149999997
vn 0.158000007 0.986800015 -0.0353999995
vn 0.140699998 0.989099979 -0.0436000004
vn 0.157700002 0.986800015 -0.0353000015
vn 0.140400007 0.989099979 -0.0436000004
vn -0.166999996 0.969799995 -0.178000003
vn -0.172499999 0.973100007 -0.152400002
vn -0.174799994 0.972599983 -0.152999997
vn -0.169300005 0.969200015 -0.178499997
vn -0.1787 0.971800029 -0.153699994
vn -0.173099995 0.968400002 -0.179199994
vn -0.182699993 0.977699995 -0.103
vn -0.185100004 0.977199972 -0.103600003
vn -0.188999996 0.976400018 -0.1043
vn -0.167099997 0.967700005 -0.188600004
vn -0.164800003 0.968200028 -0.188099995
vn -0.166600004 0.967400014 -0.190799996
vn -0.164399996 0.967800021 -0.190400004
vn -0.170900002 0.966899991 -0.189400002
vn -0.170399994 0.966600001 -0.191599995
vn -0.163599998 0.968500018 -0.187600002
vn -0.165600002 0.970099986 -0.177300006
vn -0.163299993 0.968800008 -0.186299995
vn -0.165099993 0.970300019 -0.176799998
vn -0.163499996 0.967999995 -0.189999998
vn -0.163000003 0.968299985 -0.189300001
vn -0.171100006 0.973500013 -0.151800007
vn -0.181299999 0.978100002 -0.102499999
vn -0.170599997 0.97359997 -0.1514
vn -0.180800006 0.978100002 -0.102499999
vn -0.205799997 0.976800025 0.058699999
vn -0.210700005 0.968299985 0.134299994
vn -0.211799994 0.967999995 0.134100005
vn -0.207599998 0.976499975 0.0582999997
vn -0.213499993 0.967700005 0.133699998
vn -0.210299999 0.975899994 0.0577000007
vn -0.208299994 0.961700022 0.178000003
vn -0.208700001 0.961600006 0.177900001
vn -0.209199995 0.961499989 0.1778
vn -0.197699994 0.979799986 -0.0285
vn -0.195500001 0.980300009 -0.0280000009
vn -0.201199993 0.979099989 -0.0292000007
vn -0.194199994 0.980599999 -0.0275999997
vn -0.204799995 0.976999998 0.0590000004
vn -0.193599999 0.980700016 -0.0282000005
vn -0.204400003 0.977199972 0.0577999987
vn -0.209999993 0.968400002 0.134499997
vn -0.208199993 0.961700022 0.178000003
vn -0.209800005 0.968599975 0.133300006
vn -0.208199993 0.961799979 0.177599996
vn -0.172199994 0.973399997 0.150900006
vn -0.147799999 0.983500004 0.104199998
vn -0.147400007 0.98360002 0.104199998
vn -0.171800002 0.973500013 0.150999993
vn -0.146899998 0.983699977 0.103299998
vn -0.171200007 0.973699987 0.150199994
vn -0.121799998 0.990800023 0.0593000017
vn -0.1215 0.990800023 0.0593000017
vn -0.120899998 0.99089998 0.0584000014
vn -0.194000006 0.96420002 0.180899993
vn -0.194199994 0.964100003 0.180999994
vn -0.213499993 0.960799992 0.176599994
vn -0.213300005 0.960799992 0.176799998
vn -0.193499997 0.964399993 0.180399999
vn -0.213100001 0.960799992 0.177000001
vn -0.194399998 0.964100003 0.180899993
vn -0.172700003 0.97329998 0.150800005
vn -0.194900006 0.963999987 0.180800006
vn -0.173700005 0.973200023 0.150700003
vn -0.213 0.960900009 0.176899999
vn -0.212500006 0.961000025 0.177000001
vn -0.148499995 0.983399987 0.104099996
vn -0.122400001 0.990700006 0.0590999983
vn -0.149599999 0.983200014 0.1039
vn -0.123300001 0.99059999 0.0590999983
vn -0.176499993 0.972800016 0.150099993
vn -0.152799994 0.982800007 0.103299998
vn -0.151099995 0.983099997 0.103699997
vn -0.174999997 0.97299999 0.150399998
vn -0.1259 0.9903 0.058600001
vn -0.124499999 0.990400016 0.0588000007
vn -0.195500001 0.96390003 0.180700004
vn -0.196199998 0.963800013 0.180500001
vn -0.211700007 0.961099982 0.177200004
vn -0.210899994 0.961300015 0.177399993
vn -0.196899995 0.963699996 0.180399999
vn -0.178100005 0.972500026 0.149800003
vn -0.209999993 0.961399972 0.177599996
vn -0.154599994 0.982599974 0.103100002
vn -0.127399996 0.990100026 0.0584000014
vn -0.0741000026 0.997200012 0.0113000004
vn -0.0518999994 0.998600006 0.00209999993
vn -0.0518000014 0.998600006 0.00209999993
vn -0.0738999993 0.997200012 0.0114000002
vn -0.050999999 0.998700023 0.00170000002
vn -0.0732000023 0.997300029 0.0109999999
vn -0.0285 0.999599993 -0.00600000005
vn -0.0284000002 0.999599993 -0.00600000005
vn -0.0274999999 0.999599993 -0.00620000018
vn -0.0966000035 0.994899988 0.0284000002
vn -0.0967999995 0.994899988 0.0283000004
vn -0.1215 0.990800023 0.0593000017
vn -0.121799998 0.990800023 0.0593000017
vn -0.0960000008 0.995000005 0.0276999995
vn -0.120899998 0.99089998 0.0584000014
vn -0.0971999988 0.994799972 0.0282000005
vn -0.0742999986 0.997200012 0.0111999996
vn -0.0976999998 0.994799972 0.0282000005
vn -0.0746000037 0.997099996 0.0111999996
vn -0.122400001 0.990700006 0.0590999983
vn -0.123300001 0.99059999 0.0590999983
vn -0.0520000011 0.998600006 0.00200000009
vn -0.0286999997 0.999499977 -0.00600000005
vn -0.0522999987 0.998600006 0.00200000009
vn -0.0291000009 0.999499977 -0.00600000005
vn -0.0756999999 0.996999979 0.0109999999
vn -0.0531000011 0.998600006 0.00179999997
vn -0.0527000017 0.998600006 0.00190000003
vn -0.0750999972 0.997099996 0.0110999998
vn -0.0302000009 0.999499977 -0.00620000018
vn -0.0296 0.999499977 -0.00609999988
vn -0.0984999985 0.994700015 0.0280000009
vn -0.0993999988 0.994599998 0.0278999992
vn -0.124499999 0.990400016 0.0588000007
vn -0.1259 0.9903 0.058600001
vn -0.100400001 0.994499981 0.0276999995
vn -0.0763000026 0.996999979 0.0109000001
vn -0.127399996 0.990100026 0.0584000014
vn -0.0535999984 0.99849999 0.00179999997
vn -0.0307 0.999499977 -0.00630000001
vn 0.0125000002 0.999300003 -0.0344999991
vn -0.00749999983 0.999800026 -0.0182000007
vn -0.00829999987 0.999800026 -0.0183000006
vn 0.0115999999 0.999300003 -0.0344999991
vn -0.0302000009 0.999499977 -0.00620000018
vn -0.0307 0.999499977 -0.00630000001
vn 0.0272000004 0.998300016 -0.0518999994
vn 0.0280000009 0.998300016 -0.0518000014
vn 0.0375000015 0.997200012 -0.0649000034
vn 0.0379000008 0.997200012 -0.0649000034
vn 0.0287999995 0.998199999 -0.0518000014
vn 0.0133999996 0.999300003 -0.0344000012
vn 0.0295000002 0.998199999 -0.0518000014
vn 0.0142000001 0.999300003 -0.0342999995
vn 0.0384000018 0.997099996 -0.0649000034
vn 0.0386999995 0.997099996 -0.0649000034
vn -0.00669999979 0.999800026 -0.0181000009
vn -0.0296 0.999499977 -0.00609999988
vn -0.00600000005 0.999800026 -0.0179999992
vn -0.0291000009 0.999499977 -0.00600000005
vn 0.0151000004 0.999300003 -0.0342000015
vn -0.00520000001 0.999800026 -0.0177999996
vn -0.00549999997 0.999800026 -0.0178999994
vn 0.0147000002 0.999300003 -0.0342999995
vn -0.0285 0.999599993 -0.00600000005
vn -0.0286999997 0.999499977 -0.00600000005
vn 0.0299999993 0.998199999 -0.0518000014
vn 0.0303000007 0.998199999 -0.0516999997
vn 0.0390000008 0.997099996 -0.0649000034
vn 0.0392000005 0.997099996 -0.0649000034
vn 0.0305000003 0.998199999 -0.0516000018
vn 0.0153000001 0.999300003 -0.0342000015
vn 0.0305000003 0.998199999 -0.0516000018
vn 0.0155999996 0.999300003 -0.0344999991
vn 0.0392000005 0.997099996 -0.0649000034
vn 0.0392000005 0.997099996 -0.0648000017
vn -0.00499999989 0.999800026 -0.0178999994
vn -0.0284000002 0.999599993 -0.00600000005
vn -0.00439999998 0.999800026 -0.0183000006
vn -0.0274999999 0.999599993 -0.00620000018
vn 0.0557999983 0.996200025 -0.0672999993
vn 0.0458000004 0.996500015 -0.0697000027
vn 0.0458000004 0.996500015 -0.0697000027
vn 0.0560000017 0.996200025 -0.0672999993
vn 0.0379000008 0.997200012 -0.0649000034
vn 0.0375000015 0.997200012 -0.0649000034
vn 0.0680999979 0.995800018 -0.0612999983
vn 0.0678000003 0.995800018 -0.0612999983
vn 0.0819000006 0.995100021 -0.0557999983
vn 0.0816999972 0.995100021 -0.0557000004
vn 0.067400001 0.995800018 -0.0612999983
vn 0.0555000007 0.996200025 -0.0672999993
vn 0.0671999976 0.995800018 -0.0612000003
vn 0.0553000011 0.996200025 -0.0672999993
vn 0.0815000013 0.995100021 -0.0557000004
vn 0.0812999979 0.995100021 -0.0557000004
vn 0.0458000004 0.996500015 -0.0697000027
vn 0.0384000018 0.997099996 -0.0649000034
vn 0.0458000004 0.996500015 -0.0697999969
vn 0.0386999995 0.997099996 -0.0649000034
vn 0.0549999997 0.996200025 -0.0671999976
vn 0.0458000004 0.996500015 -0.0697000027
vn 0.0458000004 0.996500015 -0.0697000027
vn 0.0551000014 0.996200025 -0.0671999976
vn 0.0392000005 0.997099996 -0.0649000034
vn 0.0390000008 0.997099996 -0.0649000034
vn 0.0670000017 0.995800018 -0.0612000003
vn 0.0669 0.995800018 -0.0612999983
vn 0.0811000019 0.995100021 -0.0557000004
vn 0.0811000019 0.995100021 -0.0557000004
vn 0.0667999983 0.995899975 -0.0612999983
vn 0.0549999997 0.996200025 -0.0672999993
vn 0.0666000023 0.995899975 -0.0612999983
vn 0.0548 0.996200025 -0.067400001
vn 0.0810000002 0.995100021 -0.0557000004
vn 0.0808999985 0.995100021 -0.0555999987
vn 0.0458000004 0.996500015 -0.0697999969
vn 0.0392000005 0.997099996 -0.0649000034
vn 0.0456999987 0.996500015 -0.0697999969
vn 0.109999999 0.992600024 -0.0511000007
vn 0.0961000025 0.994000018 -0.0527000017
vn 0.0961999968 0.994000018 -0.0527000017
vn 0.110100001 0.992600024 -0.0511000007
vn 0.0816999972 0.995100021 -0.0557000004
vn 0.0819000006 0.995100021 -0.0557999983
vn 0.124499999 0.990999997 -0.0487000011
vn 0.124300003 0.990999997 -0.0487999991
vn 0.140100002 0.989199996 -0.0436000004
vn 0.139799997 0.989199996 -0.0436000004
vn 0.1241 0.991100013 -0.0487000011
vn 0.109999999 0.992600024 -0.0511000007
vn 0.123999998 0.991100013 -0.0487000011
vn 0.109899998 0.992600024 -0.0511000007
vn 0.139400005 0.989300013 -0.0436000004
vn 0.1391 0.989300013 -0.0436000004
vn 0.0960000008 0.994000018 -0.0527000017
vn 0.0815000013 0.995100021 -0.0557000004
vn 0.0958999991 0.994000018 -0.0527000017
vn 0.0812999979 0.995100021 -0.0557000004
vn 0.109800003 0.992600024 -0.0511000007
vn 0.0957999974 0.994000018 -0.0527000017
vn 0.0958999991 0.994000018 -0.0527000017
vn 0.109800003 0.992600024 -0.0511000007
vn 0.0811000019 0.995100021 -0.0557000004
vn 0.0811000019 0.995100021 -0.0557000004
vn 0.123899996 0.991100013 -0.0487000011
vn 0.123800002 0.991100013 -0.0487999991
vn 0.138899997 0.989300013 -0.0434999987
vn 0.138699993 0.989300013 -0.0436000004
vn 0.123800002 0.991100013 -0.0487999991
vn 0.109800003 0.992600024 -0.0511999987
vn 0.123899996 0.991100013 -0.0485999994
vn 0.109899998 0.992600024 -0.0511999987
vn 0.138600007 0.989300013 -0.0436000004
vn 0.138899997 0.989300013 -0.0434999987
vn 0.0957999974 0.994000018 -0.0527000017
vn 0.0810000002 0.995100021 -0.0557000004
vn 0.0957999974 0.994000018 -0.0527999997
vn 0.0808999985 0.995100021 -0.0555999987
vn 0.1743 0.984300017 -0.0261000004
vn 0.1567 0.986999989 -0.0353999995
vn 0.157199994 0.986899972 -0.0353999995
vn 0.174899995 0.984200001 -0.0261000004
vn 0.139799997 0.989199996 -0.0436000004
vn 0.140100002 0.989199996 -0.0436000004
vn 0.192300007 0.981100023 -0.0185000002
vn 0.1919 0.98119998 -0.0185000002
vn 0.208399996 0.977900028 -0.0149999997
vn 0.208299994 0.977900028 -0.0149999997
vn 0.191400006 0.981299996 -0.0185000002
vn 0.173700005 0.984399974 -0.0260000005
vn 0.191100001 0.981400013 -0.0184000004
vn 0.173299998 0.984499991 -0.0260000005
vn 0.208199993 0.977999985 -0.0149999997
vn 0.208100006 0.977999985 -0.0149999997
vn 0.156100005 0.987100005 -0.0353000015
vn 0.139400005 0.989300013 -0.0436000004
vn 0.155599996 0.987200022 -0.0353000015
vn 0.1391 0.989300013 -0.0436000004
vn 0.172700003 0.984600008 -0.0260000005
vn 0.155100003 0.987200022 -0.0353000015
vn 0.155300006 0.987200022 -0.0353000015
vn 0.172900006 0.984600008 -0.0260000005
vn 0.138699993 0.989300013 -0.0436000004
vn 0.138899997 0.989300013 -0.0434999987
vn 0.190799996 0.981400013 -0.0184000004
vn 0.190699995 0.98150003 -0.0184000004
vn 0.208000004 0.977999985 -0.0149999997
vn 0.208000004 0.977999985 -0.0149999997
vn 0.190599993 0.98150003 -0.0184000004
vn 0.172600001 0.984600008 -0.0260000005
vn 0.190699995 0.98150003 -0.0183000006
vn 0.172800004 0.984600008 -0.0259000007
vn 0.208000004 0.977999985 -0.0148999998
vn 0.208000004 0.977999985 -0.0148
vn 0.155000001 0.987299979 -0.0353999995
vn 0.138600007 0.989300013 -0.0436000004
vn 0.155200005 0.987200022 -0.0351999998
vn 0.138899997 0.989300013 -0.0434999987
vn -0.202199996 0.961799979 -0.184499994
vn -0.207900003 0.96509999 -0.159199998
vn -0.209199995 0.9648 -0.159500003
vn -0.203600004 0.961399972 -0.184799999
vn -0.209800005 0.964600027 -0.159500003
vn -0.2042 0.961300015 -0.184699997
vn -0.2183 0.969600022 -0.110299997
vn -0.219699994 0.969299972 -0.110600002
vn -0.220200002 0.969099998 -0.1105
vn -0.201399997 0.959900022 -0.194800004
vn -0.200000003 0.960300028 -0.194600001
vn -0.2007 0.959599972 -0.196899995
vn -0.199499995 0.959900022 -0.196799994
vn -0.202000007 0.959999979 -0.194000006
vn -0.201299995 0.959500015 -0.196799994
vn -0.197600007 0.960799992 -0.194199994
vn -0.199900001 0.962300003 -0.184100002
vn -0.193900004 0.961700022 -0.193599999
vn -0.196099997 0.963199973 -0.183500007
vn -0.197099999 0.960500002 -0.196400002
vn -0.193399996 0.961399972 -0.195700005
vn -0.205500007 0.965699971 -0.158800006
vn -0.215900004 0.970200002 -0.109700002
vn -0.201800004 0.966600001 -0.158099994
vn -0.212200001 0.971099973 -0.108999997
vn -0.184699997 0.965900004 -0.181400001
vn -0.190300003 0.969299972 -0.155900002
vn -0.196500003 0.967800021 -0.157100007
vn -0.190899998 0.96450001 -0.182500005
vn -0.200599998 0.973800004 -0.106600001
vn -0.206900001 0.97240001 -0.107900001
vn -0.188700005 0.963 -0.192599997
vn -0.182500005 0.964399993 -0.191499993
vn -0.188299999 0.962599993 -0.194800004
vn -0.182099998 0.963999987 -0.193700001
vn -0.176200002 0.965799987 -0.190300003
vn -0.178399995 0.967299998 -0.180299997
vn -0.175799996 0.965399981 -0.192499995
vn -0.184 0.970600009 -0.154699996
vn -0.194299996 0.975199997 -0.105400003
vn -0.231199995 0.971400023 0.0529000014
vn -0.226600006 0.965200007 0.130600005
vn -0.227200001 0.964999974 0.130400002
vn -0.232299998 0.971199989 0.0527000017
vn -0.227300003 0.9648 0.131799996
vn -0.232600003 0.971000016 0.0542000011
vn -0.213300005 0.960799992 0.176799998
vn -0.213499993 0.960799992 0.176599994
vn -0.213100001 0.960799992 0.177000001
vn -0.229399994 0.9727 -0.0353000015
vn -0.228100002 0.97299999 -0.0351000018
vn -0.230000004 0.972599983 -0.0344999991
vn -0.225999996 0.973500013 -0.0344999991
vn -0.229599997 0.971800029 0.0533000007
vn -0.222499996 0.974300027 -0.0337999985
vn -0.226899996 0.97240001 0.0538999997
vn -0.225600004 0.965399981 0.130899996
vn -0.213 0.960900009 0.176899999
vn -0.223900005 0.965699971 0.131200001
vn -0.212500006 0.961000025 0.177000001
vn -0.218600005 0.97420001 0.0557999983
vn -0.218700007 0.966700017 0.132499993
vn -0.221499994 0.966199994 0.131799996
vn -0.223100007 0.973200023 0.0548
vn -0.210899994 0.961300015 0.177399993
vn -0.211700007 0.961099982 0.177200004
vn -0.217700005 0.975499988 -0.0326999985
vn -0.211899996 0.976700008 -0.0315000005
vn -0.206200004 0.977999985 -0.0303000007
vn -0.214100003 0.975099981 0.0568000004
vn -0.215900004 0.967299998 0.133100003
vn -0.209999993 0.961399972 0.177599996
vn 0.229100004 0.973200023 -0.0203000009
vn 0.229300007 0.973100007 -0.0203000009
vn 0.221000001 0.975099981 -0.0161000006
vn 0.221000001 0.975099981 -0.0161000006
vn 0.2086 0.977900028 -0.0149999997
vn 0.208700001 0.977800012 -0.0149999997
vn 0.229499996 0.973100007 -0.0203000009
vn 0.221100003 0.975099981 -0.0161000006
vn 0.2086 0.977900028 -0.0149999997
vn 0.220899999 0.975199997 -0.0161000006
vn 0.229000002 0.973200023 -0.0203000009
vn 0.220899999 0.975099981 -0.0162000004
vn 0.229000002 0.973200023 -0.0205000006
vn 0.208700001 0.977800012 -0.0149999997
vn 0.208700001 0.977800012 -0.0149999997
vn 0.234300002 0.971800029 -0.0253999997
vn 0.234400004 0.971800029 -0.0254999995
vn 0.236100003 0.971300006 -0.0297999997
vn 0.236200005 0.971199989 -0.0297999997
vn 0.234300002 0.971800029 -0.0253999997
vn 0.236100003 0.971300006 -0.0296999998
vn 0.234599993 0.971700013 -0.0254999995
vn 0.234799996 0.971700013 -0.0254999995
vn 0.236399993 0.971199989 -0.0297999997
vn 0.236699998 0.971099973 -0.0298999995
vn 0.2359 0.971199989 -0.0340999998
vn 0.236100003 0.971099973 -0.0340999998
vn 0.236200005 0.971099973 -0.0326000005
vn 0.236000001 0.971199989 -0.0326000005
vn 0.236399993 0.971000016 -0.0340999998
vn 0.236499995 0.971099973 -0.0326999985
vn 0.2359 0.971199989 -0.0326000005
vn 0.235799998 0.971199989 -0.0340000018
vn 0.2359 0.971199989 -0.0326000005
vn 0.235799998 0.971199989 -0.0340000018
vn 0.235799998 0.971199989 -0.0346999988
vn 0.2359 0.971199989 -0.0346000008
vn 0.235799998 0.971199989 -0.0348000005
vn 0.235799998 0.971199989 -0.0348000005
vn 0.235699996 0.971199989 -0.0346000008
vn 0.235799998 0.971199989 -0.0348999985
vn 0.236100003 0.971099973 -0.0346999988
vn 0.236399993 0.971000016 -0.0346999988
vn 0.236100003 0.971099973 -0.0348000005
vn 0.236399993 0.971000016 -0.0348999985
vn 0.230100006 0.972899973 -0.0204000007
vn 0.230499998 0.972800016 -0.0204000007
vn 0.221599996 0.975000024 -0.0161000006
vn 0.221399993 0.975000024 -0.0161000006
vn 0.208199993 0.977999985 -0.0149999997
vn 0.208299994 0.977900028 -0.0149999997
vn 0.230800003 0.972800016 -0.0204000007
vn 0.221699998 0.974900007 -0.0161000006
vn 0.208100006 0.977999985 -0.0149999997
vn 0.221300006 0.975099981 -0.0161000006
vn 0.229800001 0.97299999 -0.0204000007
vn 0.208399996 0.977900028 -0.0149999997
vn 0.235300004 0.971599996 -0.0254999995
vn 0.235699996 0.971499979 -0.0255999994
vn 0.237100005 0.971000016 -0.0298999995
vn 0.237599999 0.970899999 -0.0299999993
vn 0.236200005 0.971300006 -0.0255999994
vn 0.236599997 0.971300006 -0.0255999994
vn 0.238199994 0.970700026 -0.0299999993
vn 0.238600001 0.970600009 -0.0300999992
vn 0.237299994 0.970799983 -0.0342000015
vn 0.237800002 0.970700026 -0.0342000015
vn 0.237900004 0.970700026 -0.0328000002
vn 0.237399995 0.970799983 -0.0328000002
vn 0.238199994 0.970600009 -0.0342999995
vn 0.238299996 0.970600009 -0.0328000002
vn 0.236900002 0.970899999 -0.0326999985
vn 0.2368 0.970899999 -0.0342000015
vn 0.2368 0.970899999 -0.0348000005
vn 0.237299994 0.970799983 -0.0348000005
vn 0.2368 0.970899999 -0.0348999985
vn 0.237299994 0.970799983 -0.0350000001
vn 0.2377 0.970700026 -0.0348999985
vn 0.238199994 0.970600009 -0.0348999985
vn 0.2377 0.970700026 -0.0350000001
vn 0.238199994 0.970600009 -0.0350000001
vn 0.231099993 0.9727 -0.0205000006
vn 0.231199995 0.9727 -0.0205000006
vn 0.222000003 0.974900007 -0.0162000004
vn 0.221900001 0.974900007 -0.0162000004
vn 0.208000004 0.977999985 -0.0148999998
vn 0.208000004 0.977999985 -0.0149999997
vn 0.231299996 0.9727 -0.0204000007
vn 0.222000003 0.974900007 -0.0161000006
vn 0.208000004 0.977999985 -0.0148
vn 0.221799999 0.974900007 -0.0161000006
vn 0.231000006 0.9727 -0.0204000007
vn 0.208000004 0.977999985 -0.0149999997
vn 0.236900002 0.971199989 -0.0256999992
vn 0.237000003 0.971099973 -0.0258000009
vn 0.238900006 0.970499992 -0.0300999992
vn 0.239099994 0.970499992 -0.0302000009
vn 0.237200007 0.971099973 -0.0258000009
vn 0.237200007 0.971099973 -0.0255999994
vn 0.239199996 0.970499992 -0.0302000009
vn 0.239199996 0.970499992 -0.0302000009
vn 0.238700002 0.970499992 -0.0342999995
vn 0.238800004 0.970499992 -0.0344000012
vn 0.238900006 0.970499992 -0.0329999998
vn 0.238800004 0.970499992 -0.0329000019
vn 0.238800004 0.970399976 -0.0344000012
vn 0.238999993 0.970499992 -0.0329999998
vn 0.238600001 0.970499992 -0.0329000019
vn 0.238499999 0.970499992 -0.0342999995
vn 0.238499999 0.970499992 -0.0348999985
vn 0.238700002 0.970499992 -0.0348999985
vn 0.238399997 0.970499992 -0.0351000018
vn 0.238700002 0.970499992 -0.0351000018
vn 0.238700002 0.970399976 -0.0348999985
vn 0.238700002 0.970399976 -0.0348999985
vn 0.238700002 0.970399976 -0.0351000018
vn 0.238700002 0.970399976 -0.0351000018
f 1/1/1 2/2/2 3/3/3
f 1/1/1 3/3/3 4/4/4
f 4/4/4 3/3/3 5/5/5
f 4/4/4 5/5/5 6/6/6
f 2/2/2 7/7/7 8/8/8
f 2/2/2 8/8/8 3/3/3
f 3/3/3 8/8/8 9/9/9
f 3/3/3 9/9/9 5/5/5
f 1/1/1 4/4/4 10/10/10
f 1/1/1 10/10/10 11/11/11
f 11/11/11 10/10/10 12/12/12
f 11/11/11 12/12/12 13/13/13
f 4/4/4 6/6/6 14/14/14
f 4/4/4 14/14/14 10/10/10
f 10/10/10 14/14/14 15/15/15
f 10/10/10 15/15/15 12/12/12
f 1/1/1 11/11/11 16/16/16
f 1/1/1 16/16/16 17/17/17
f 17/17/17 16/16/16 18/18/18
f 17/17/17 18/18/18 19/19/19
f 11/11/11 13/13/13 20/20/20
f 11/11/11 20/20/20 16/16/16
f 16/16/16 20/20/20 21/21/21
f 16/16/16 21/21/21 18/18/18
f 1/1/1 17/17/17 22/22/22
f 1/1/1 22/22/22 2/2/2
f 2/2/2 22/22/22 23/23/23
f 2/2/2 23/23/23 7/7/7
f 17/17/17 19/19/19 24/24/24
f 17/17/17 24/24/24 22/22/22
f 22/22/22 24/24/24 25/25/25
f 22/22/22 25/25/25 23/23/23
f 26/26/26 27/27/27 28/28/28
f 26/26/26 28/28/28 29/29/29
f 29/29/29 28/28/28 30/30/30
f 29/29/29 30/30/30 31/31/31
f 27/27/27 32/32/32 33/33/33
f 27/27/27 33/33/33 28/28/28
f 28/28/28 33/33/33 34/34/34
f 28/28/28 34/34/34 30/30/30
f 26/26/26 29/29/29 35/35/35
f 26/26/26 35/35/35 36/36/36
f 36/36/36 35/35/35 37/37/37
f 36/36/36 37/37/37 38/38/38
f 29/29/29 31/31/31 39/39/39
f 29/29/29 39/39/39 35/35/35
f 35/35/35 39/39/39 40/40/40
f 35/35/35 40/40/40 37/37/37
f 26/26/26 36/36/36 41/41/41
f 26/26/26 41/41/41 42/42/42
f 42/42/42 41/41/41 43/43/43
f 42/42/42 43/43/43 44/44/44
f 36/36/36 38/38/38 45/45/45
f 36/36/36 45/45/45 41/41/41
f 41/41/41 45/45/45 46/46/46
f 41/41/41 46/46/46 43/43/43
f 26/26/26 42/42/42 47/47/47
f 26/26/26 47/47/47 27/27/27
f 27/27/27 47/47/47 48/48/48
f 27/27/27 48/48/48 32/32/32
f 42/42/42 44/44/44 49/49/49
f 42/42/42 49/49/49 47/47/47
f 47/47/47 49/49/49 50/50/50
f 47/47/47 50/50/50 48/48/48
f 51/51/51 52/52/52 53/53/53
f 51/51/51 53/53/53 54/54/54
f 54/54/54 53/53/53 55/55/55
f 54/54/54 55/55/55 56/56/56
f 52/52/52 57/57/57 58/58/58
f 52/52/52 58/58/58 53/53/53
f 53/53/53 58/58/58 59/59/59
f 53/53/53 59/59/59 55/55/55
f 51/51/51 54/54/54 60/60/60
f 51/51/51 60/60/60 61/61/61
f 61/61/61 60/60/60 62/62/62
f 61/61/61 62/62/62 63/63/63
f 54/54/54 56/56/56 64/64/64
f 54/54/54 64/64/64 60/60/60
f 60/60/60 64/64/64 65/65/65
f 60/60/60 65/65/65 62/62/62
f 51/51/51 61/61/61 66/66/66
f 51/51/51 66/66/66 67/67/67
f 67/67/67 66/66/66 68/68/68
f 67/67/67 68/68/68 69/69/69
f 61/61/61 63/63/63 70/70/70
f 61/61/61 70/70/70 66/66/66
f 66/66/66 70/70/70 71/71/71
f 66/66/66 71/71/71 68/68/68
f 51/51/51 67/67/67 72/72/72
f 51/51/51 72/72/72 52/52/52
f 52/52/52 72/72/72 73/73/73
f 52/52/52 73/73/73 57/57/57
f 67/67/67 69/69/69 74/74/74
f 67/67/67 74/74/74 72/72/72
f 72/72/72 74/74/74 75/75/75
f 72/72/72 75/75/75 73/73/73
f 76/76/76 77/77/77 78/78/78
f 76/76/76 78/78/78 79/79/79
f 79/79/79 78/78/78 80/80/80
f 79/79/79 80/80/80 81/81/81
f 77/77/77 82/82/82 83/83/83
f 77/77/77 83/83/83 78/78/78
f 78/78/78 83/83/83 84/84/84
f 78/78/78 84/84/84 80/80/80
f 76/76/76 79/79/79 85/85/85
f 76/76/76 85/85/85 86/86/86
f 86/86/86 85/85/85 87/87/87
f 86/86/86 87/87/87 88/88/88
f 79/79/79 81/81/81 89/89/89
f 79/79/79 89/89/89 85/85/85
f 85/85/85 89/89/89 90/90/90
f 85/85/85 90/90/90 87/87/87
f 76/76/76 86/86/86 91/91/91
f 76/76/76 91/91/91 92/92/92
f 92/92/92 91/91/91 93/93/93
f 92/92/92 93/93/93 94/94/94
f 86/86/86 88/88/88 95/95/95
f 86/86/86 95/95/95 91/91/91
f 91/91/91 95/95/95 96/96/96
f 91/91/91 96/96/96 93/93/93
f 76/76/76 92/92/92 97/97/97
f 76/76/76 97/97/97 77/77/77
f 77/77/77 97/97/97 98/98/98
f 77/77/77 98/98/98 82/82/82
f 92/92/92 94/94/94 99/99/99
f 92/92/92 99/99/99 97/97/97
f 97/97/97 99/99/99 100/100/100
f 97/97/97 100/100/100 98/98/98
f 101/101/101 102/102/102 103/103/103
f 101/101/101 103/103/103 104/104/104
f 104/104/104 103/103/103 105/105/105
f 104/104/104 105/105/105 106/106/106
f 102/102/102 107/107/107 108/108/108
f 102/102/102 108/108/108 103/103/103
f 103/103/103 108/108/108 109/109/109
f 103/103/103 109/109/109 105/105/105
f 101/101/101 104/104/104 110/110/110
f 101/101/101 110/110/110 111/111/111
f 111/111/111 110/110/110 112/112/112
f 111/111/111 112/112/112 113/113/113
f 104/104/104 106/106/106 114/114/114
f 104/104/104 114/114/114 110/110/110
f 110/110/110 114/114/114 115/115/115
f 110/110/110 115/115/115 112/112/112
f 101/101/101 111/111/111 116/116/116
f 101/101/101 116/116/116 117/117/117
f 117/117/117 116/116/116 118/118/118
f 117/117/117 118/118/118 119/119/119
f 111/111/111 113/113/113 120/120/120
f 111/111/111 120/120/120 116/116/116
f 116/116/116 120/120/120 121/121/121
f 116/116/116 121/121/121 118/118/118
f 101/101/101 117/117/117 122/122/122
f 101/101/101 122/122/122 102/102/102
f 102/102/102 122/122/122 123/123/123
f 102/102/102 123/123/123 107/107/107
f 117/117/117 119/119/119 124/124/124
f 117/117/117 124/124/124 122/122/122
f 122/122/122 124/124/124 125/125/125
f 122/122/122 125/125/125 123/123/123
f 126/126/126 127/127/127 128/128/128
f 126/126/126 128/128/128 129/129/129
f 129/129/129 128/128/128 130/130/130
f 129/129/129 130/130/130 131/131/131
f 127/127/127 132/132/132 133/133/133
f 127/127/127 133/133/133 128/128/128
f 128/128/128 133/133/133 134/134/134
f 128/128/128 134/134/134 130/130/130
f 126/126/126 129/129/129 135/135/135
f 126/126/126 135/135/135 136/136/136
f 136/136/136 135/135/135 137/137/137
f 136/136/136 137/137/137 138/138/138
f 129/129/129 131/131/131 139/139/139
f 129/129/129 139/139/139 135/135/135
f 135/135/135 139/139/139 140/140/140
f 135/135/135 140/140/140 137/137/137
f 126/126/126 136/136/136 141/141/141
f 126/126/126 141/141/141 142/142/142
f 142/142/142 141/141/141 143/143/143
f 142/142/142 143/143/143 144/144/144
f 136/136/136 138/138/138 145/145/145
f 136/136/136 145/145/145 141/141/141
f 141/141/141 145/145/145 146/146/146
f 141/141/141 146/146/146 143/143/143
f 126/126/126 142/142/142 147/147/147
f 126/126/126 147/147/147 127/127/127
f 127/127/127 147/147/147 148/148/148
f 127/127/127 148/148/148 132/132/132
f 142/142/142 144/144/144 149/149/149
f 142/142/142 149/149/149 147/147/147
f 147/147/147 149/149/149 150/150/150
f 147/147/147 150/150/150 148/148/148
f 151/151/151 152/152/152 153/153/153
f 151/151/151 153/153/153 154/154/154
f 154/154/154 153/153/153 155/155/155
f 154/154/154 155/155/155 156/156/156
f 152/152/152 157/157/157 158/158/158
f 152/152/152 158/158/158 153/153/153
f 153/153/153 158/158/158 159/159/159
f 153/153/153 159/159/159 155/155/155
f 151/151/151 154/154/154 160/160/160
f 151/151/151 160/160/160 161/161/161
f 161/161/161 160/160/160 162/162/162
f 161/161/161 162/162/162 163/163/163
f 154/154/154 156/156/156 164/164/164
f 154/154/154 164/164/164 160/160/160
f 160/160/160 164/164/164 165/165/165
f 160/160/160 165/165/165 162/162/162
f 151/151/151 161/161/161 166/166/166
f 151/151/151 166/166/166 167/167/167
f 167/167/167 166/166/166 168/168/168
f 167/167/167 168/168/168 169/169/169
f 161/161/161 163/163/163 170/170/170
f 161/161/161 170/170/170 166/166/166
f 166/166/166 170/170/170 171/171/171
f 166/166/166 171/171/171 168/168/168
f 151/151/151 167/167/167 172/172/172
f 151/151/151 172/172/172 152/152/152
f 152/152/152 172/172/172 173/173/173
f 152/152/152 173/173/173 157/157/157
f 167/167/167 169/169/169 174/174/174
f 167/167/167 174/174/174 172/172/172
f 172/172/172 174/174/174 175/175/175
f 172/172/172 175/175/175 173/173/173
f 176/176/176 177/177/177 178/178/178
f 176/176/176 178/178/178 179/179/179
f 179/179/179 178/178/178 180/180/180
f 179/179/179 180/180/180 181/181/181
f 177/177/177 182/182/182 183/183/183
f 177/177/177 183/183/183 178/178/178
f 178/178/178 183/183/183 184/184/184
f 178/178/178 184/184/184 180/180/180
f 176/176/176 179/179/179 185/185/185
f 176/176/176 185/185/185 186/186/186
f 186/186/186 185/185/185 187/187/187
f 186/186/186 187/187/187 188/188/188
f 179/179/179 181/181/181 189/189/189
f 179/179/179 189/189/189 185/185/185
f 185/185/185 189/189/189 190/190/190
f 185/185/185 190/190/190 187/187/187
f 176/176/176 186/186/186 191/191/191
f 176/176/176 191/191/191 192/192/192
f 192/192/192 191/191/191 164/164/164
f 192/192/192 164/164/164 156/156/156
f 186/186/186 188/188/188 193/193/193
f 186/186/186 193/193/193 191/191/191
f 191/191/191 193/193/193 165/165/165
f 191/191/191 165/165/165 164/164/164
f 176/176/176 192/192/192 194/194/194
f 176/176/176 194/194/194 177/177/177
f 177/177/177 194/194/194 195/195/195
f 177/177/177 195/195/195 182/182/182
f 192/192/192 156/156/156 155/155/155
f 192/192/192 155/155/155 194/194/194
f 194/194/194 155/155/155 159/159/159
f 194/194/194 159/159/159 195/195/195
f 196/196/196 197/197/197 198/198/198
f 196/196/196 198/198/198 199/199/199
f 199/199/199 198/198/198 200/200/200
f 199/199/199 200/200/200 201/201/201
f 197/197/197 202/202/202 203/203/203
f 197/197/197 203/203/203 198/198/198
f 198/198/198 203/203/203 204/204/204
f 198/198/198 204/204/204 200/200/200
f 196/196/196 199/199/199 205/205/205
f 196/196/196 205/205/205 206/206/206
f 206/206/206 205/205/205 207/207/207
f 206/206/206 207/207/207 208/208/208
f 199/199/199 201/201/201 209/209/209
f 199/199/199 209/209/209 205/205/205
f 205/205/205 209/209/209 210/210/210
f 205/205/205 210/210/210 207/207/207
f 196/196/196 206/206/206 211/211/211
f 196/196/196 211/211/211 212/212/212
f 212/212/212 211/211/211 213/213/213
f 212/212/212 213/213/213 214/214/214
f 206/206/206 208/208/208 215/215/215
f 206/206/206 215/215/215 211/211/211
f 211/211/211 215/215/215 216/216/216
f 211/211/211 216/216/216 213/213/213
f 196/196/196 212/212/212 217/217/217
f 196/196/196 217/217/217 197/197/197
f 197/197/197 217/217/217 218/218/218
f 197/197/197 218/218/218 202/202/202
f 212/212/212 214/214/214 219/219/219
f 212/212/212 219/219/219 217/217/217
f 217/217/217 219/219/219 220/220/220
f 217/217/217 220/220/220 218/218/218
f 221/221/221 222/222/222 223/223/223
f 221/221/221 223/223/223 224/224/224
f 224/224/224 223/223/223 225/225/225
f 224/224/224 225/225/225 226/226/226
f 222/222/222 208/208/208 207/207/207
f 222/222/222 207/207/207 223/223/223
f 223/223/223 207/207/207 210/210/210
f 223/223/223 210/210/210 225/225/225
f 221/221/221 224/224/224 227/227/227
f 221/221/221 227/227/227 228/228/228
f 228/228/228 227/227/227 8/8/8
f 228/228/228 8/8/8 7/7/7
f 224/224/224 226/226/226 229/229/229
f 224/224/224 229/229/229 227/227/227
f 227/227/227 229/229/229 9/9/9
f 227/227/227 9/9/9 8/8/8
f 221/221/221 228/228/228 230/230/230
f 221/221/221 230/230/230 231/231/231
f 231/231/231 230/230/230 232/232/232
f 231/231/231 232/232/232 233/233/233
f 228/228/228 7/7/7 23/23/23
f 228/228/228 23/23/23 230/230/230
f 230/230/230 23/23/23 25/25/25
f 230/230/230 25/25/25 232/232/232
f 221/221/221 231/231/231 234/234/234
f 221/221/221 234/234/234 222/222/222
f 222/222/222 234/234/234 215/215/215
f 222/222/222 215/215/215 208/208/208
f 231/231/231 233/233/233 235/235/235
f 231/231/231 235/235/235 234/234/234
f 234/234/234 235/235/235 216/216/216
f 234/234/234 216/216/216 215/215/215
f 236/236/236 237/237/237 238/238/238
f 236/236/236 238/238/238 239/239/239
f 239/239/239 238/238/238 240/240/240
f 239/239/239 240/240/240 241/241/241
f 237/237/237 242/242/242 243/243/243
f 237/237/237 243/243/243 238/238/238
f 238/238/238 243/243/243 244/244/244
f 238/238/238 244/244/244 240/240/240
f 236/236/236 239/239/239 245/245/245
f 236/236/236 245/245/245 246/246/246
f 246/246/246 245/245/245 247/247/247
f 246/246/246 247/247/247 248/248/248
f 239/239/239 241/241/241 249/249/249
f 239/239/239 249/249/249 245/245/245
f 245/245/245 249/249/249 250/250/250
f 245/245/245 250/250/250 247/247/247
f 236/236/236 246/246/246 251/251/251
f 236/236/236 251/251/251 252/252/252
f 252/252/252 251/251/251 253/253/253
f 252/252/252 253/253/253 254/254/254
f 246/246/246 248/248/248 255/255/255
f 246/246/246 255/255/255 251/251/251
f 251/251/251 255/255/255 256/256/256
f 251/251/251 256/256/256 253/253/253
f 236/236/236 252/252/252 257/257/257
f 236/236/236 257/257/257 237/237/237
f 237/237/237 257/257/257 258/258/258
f 237/237/237 258/258/258 242/242/242
f 252/252/252 254/254/254 259/259/259
f 252/252/252 259/259/259 257/257/257
f 257/257/257 259/259/259 260/260/260
f 257/257/257 260/260/260 258/258/258
f 261/261/261 262/262/262 263/263/263
f 261/261/261 263/263/263 264/264/264
f 264/264/264 263/263/263 265/265/265
f 264/264/264 265/265/265 266/266/266
f 262/262/262 248/248/248 247/247/247
f 262/262/262 247/247/247 263/263/263
f 263/263/263 247/247/247 250/250/250
f 263/263/263 250/250/250 265/265/265
f 261/261/261 264/264/264 267/267/267
f 261/261/261 267/267/267 268/268/268
f 268/268/268 267/267/267 33/33/33
f 268/268/268 33/33/33 32/32/32
f 264/264/264 266/266/266 269/269/269
f 264/264/264 269/269/269 267/267/267
f 267/267/267 269/269/269 34/34/34
f 267/267/267 34/34/34 33/33/33
f 261/261/261 268/268/268 270/270/270
f 261/261/261 270/270/270 271/271/271
f 271/271/271 270/270/270 272/272/272
f 271/271/271 272/272/272 273/273/273
f 268/268/268 32/32/32 48/48/48
f 268/268/268 48/48/48 270/270/270
f 270/270/270 48/48/48 50/50/50
f 270/270/270 50/50/50 272/272/272
f 261/261/261 271/271/271 274/274/274
f 261/261/261 274/274/274 262/262/262
f 262/262/262 274/274/274 255/255/255
f 262/262/262 255/255/255 248/248/248
f 271/271/271 273/273/273 275/275/275
f 271/271/271 275/275/275 274/274/274
f 274/274/274 275/275/275 256/256/256
f 274/274/274 256/256/256 255/255/255
f 276/276/276 277/277/277 278/278/278
f 276/276/276 278/278/278 279/279/279
f 279/279/279 278/278/278 280/280/280
f 279/279/279 280/280/280 281/281/281
f 277/277/277 63/63/63 62/62/62
f 277/277/277 62/62/62 278/278/278
f 278/278/278 62/62/62 65/65/65
f 278/278/278 65/65/65 280/280/280
f 276/276/276 279/279/279 282/282/282
f 276/276/276 282/282/282 283/283/283
f 283/283/283 282/282/282 284/284/284
f 283/283/283 284/284/284 285/285/285
f 279/279/279 281/281/281 286/286/286
f 279/279/279 286/286/286 282/282/282
f 282/282/282 286/286/286 287/287/287
f 282/282/282 287/287/287 284/284/284
f 276/276/276 283/283/283 288/288/288
f 276/276/276 288/288/288 289/289/289
f 289/289/289 288/288/288 290/290/290
f 289/289/289 290/290/290 291/291/291
f 283/283/283 285/285/285 292/292/292
f 283/283/283 292/292/292 288/288/288
f 288/288/288 292/292/292 293/293/293
f 288/288/288 293/293/293 290/290/290
f 276/276/276 289/289/289 294/294/294
f 276/276/276 294/294/294 277/277/277
f 277/277/277 294/294/294 70/70/70
f 277/277/277 70/70/70 63/63/63
f 289/289/289 291/291/291 295/295/295
f 289/289/289 295/295/295 294/294/294
f 294/294/294 295/295/295 71/71/71
f 294/294/294 71/71/71 70/70/70
f 296/296/296 297/297/297 298/298/298
f 296/296/296 298/298/298 299/299/299
f 299/299/299 298/298/298 300/300/300
f 299/299/299 300/300/300 301/301/301
f 297/297/297 285/285/285 284/284/284
f 297/297/297 284/284/284 298/298/298
f 298/298/298 284/284/284 287/287/287
f 298/298/298 287/287/287 300/300/300
f 296/296/296 299/299/299 302/302/302
f 296/296/296 302/302/302 303/303/303
f 303/303/303 302/302/302 304/304/304
f 303/303/303 304/304/304 305/305/305
f 299/299/299 301/301/301 306/306/306
f 299/299/299 306/306/306 302/302/302
f 302/302/302 306/306/306 307/307/307
f 302/302/302 307/307/307 304/304/304
f 296/296/296 303/303/303 308/308/308
f 296/296/296 308/308/308 309/309/309
f 309/309/309 308/308/308 310/310/310
f 309/309/309 310/310/310 311/311/311
f 303/303/303 305/305/305 312/312/312
f 303/303/303 312/312/312 308/308/308
f 308/308/308 312/312/312 313/313/313
f 308/308/308 313/313/313 310/310/310
f 296/296/296 309/309/309 314/314/314
f 296/296/296 314/314/314 297/297/297
f 297/297/297 314/314/314 292/292/292
f 297/297/297 292/292/292 285/285/285
f 309/309/309 311/311/311 315/315/315
f 309/309/309 315/315/315 314/314/314
f 314/314/314 315/315/315 293/293/293
f 314/314/314 293/293/293 292/292/292
f 316/316/316 317/317/317 318/318/318
f 316/316/316 318/318/318 319/319/319
f 319/319/319 318/318/318 320/320/320
f 319/319/319 320/320/320 321/321/321
f 317/317/317 88/88/88 87/87/87
f 317/317/317 87/87/87 318/318/318
f 318/318/318 87/87/87 90/90/90
f 318/318/318 90/90/90 320/320/320
f 316/316/316 319/319/319 322/322/322
f 316/316/316 322/322/322 323/323/323
f 323/323/323 322/322/322 324/324/324
f 323/323/323 324/324/324 325/325/325
f 319/319/319 321/321/321 326/326/326
f 319/319/319 326/326/326 322/322/322
f 322/322/322 326/326/326 327/327/327
f 322/322/322 327/327/327 324/324/324
f 316/316/316 323/323/323 328/328/328
f 316/316/316 328/328/328 329/329/329
f 329/329/329 328/328/328 330/330/330
f 329/329/329 330/330/330 331/331/331
f 323/323/323 325/325/325 332/332/332
f 323/323/323 332/332/332 328/328/328
f 328/328/328 332/332/332 333/333/333
f 328/328/328 333/333/333 330/330/330
f 316/316/316 329/329/329 334/334/334
f 316/316/316 334/334/334 317/317/317
f 317/317/317 334/334/334 95/95/95
f 317/317/317 95/95/95 88/88/88
f 329/329/329 331/331/331 335/335/335
f 329/329/329 335/335/335 334/334/334
f 334/334/334 335/335/335 96/96/96
f 334/334/334 96/96/96 95/95/95
f 336/336/336 337/337/337 338/338/338
f 336/336/336 338/338/338 339/339/339
f 339/339/339 338/338/338 340/340/340
f 339/339/339 340/340/340 341/341/341
f 337/337/337 325/325/325 324/324/324
f 337/337/337 324/324/324 338/338/338
f 338/338/338 324/324/324 327/327/327
f 338/338/338 327/327/327 340/340/340
f 336/336/336 339/339/339 342/342/342
f 336/336/336 342/342/342 343/343/343
f 343/343/343 342/342/342 344/344/344
f 343/343/343 344/344/344 345/345/345
f 339/339/339 341/341/341 346/346/346
f 339/339/339 346/346/346 342/342/342
f 342/342/342 346/346/346 313/313/313
f 342/342/342 313/313/313 344/344/344
f 336/336/336 343/343/343 347/347/347
f 336/336/336 347/347/347 348/348/348
f 348/348/348 347/347/347 349/349/349
f 348/348/348 349/349/349 350/350/350
f 343/343/343 345/345/345 351/351/351
f 343/343/343 351/351/351 347/347/347
f 347/347/347 351/351/351 352/352/352
f 347/347/347 352/352/352 349/349/349
f 336/336/336 348/348/348 353/353/353
f 336/336/336 353/353/353 337/337/337
f 337/337/337 353/353/353 332/332/332
f 337/337/337 332/332/332 325/325/325
f 348/348/348 350/350/350 354/354/354
f 348/348/348 354/354/354 353/353/353
f 353/353/353 354/354/354 333/333/333
f 353/353/353 333/333/333 332/332/332
f 355/355/355 356/356/356 357/357/357
f 355/355/355 357/357/357 358/358/358
f 358/358/358 357/357/357 359/359/359
f 358/358/358 359/359/359 360/360/360
f 356/356/356 113/113/113 112/112/112
f 356/356/356 112/112/112 357/357/357
f 357/357/357 112/112/112 115/115/115
f 357/357/357 115/115/115 359/359/359
f 355/355/355 358/358/358 361/361/361
f 355/355/355 361/361/361 362/362/362
f 362/362/362 361/361/361 363/363/363
f 362/362/362 363/363/363 364/364/364
f 358/358/358 360/360/360 365/365/365
f 358/358/358 365/365/365 361/361/361
f 361/361/361 365/365/365 366/366/366
f 361/361/361 366/366/366 363/363/363
f 355/355/355 362/362/362 367/367/367
f 355/355/355 367/367/367 368/368/368
f 368/368/368 367/367/367 369/369/369
f 368/368/368 369/369/369 370/370/370
f 362/362/362 364/364/364 371/371/371
f 362/362/362 371/371/371 367/367/367
f 367/367/367 371/371/371 372/372/372
f 367/367/367 372/372/372 369/369/369
f 355/355/355 368/368/368 373/373/373
f 355/355/355 373/373/373 356/356/356
f 356/356/356 373/373/373 120/120/120
f 356/356/356 120/120/120 113/113/113
f 368/368/368 370/370/370 374/374/374
f 368/368/368 374/374/374 373/373/373
f 373/373/373 374/374/374 121/121/121
f 373/373/373 121/121/121 120/120/120
f 375/375/375 376/376/376 377/377/377
f 375/375/375 377/377/377 378/378/378
f 378/378/378 377/377/377 379/379/379
f 378/378/378 379/379/379 380/380/380
f 376/376/376 364/364/364 363/363/363
f 376/376/376 363/363/363 377/377/377
f 377/377/377 363/363/363 366/366/366
f 377/377/377 366/366/366 379/379/379
f 375/375/375 378/378/378 381/381/381
f 375/375/375 381/381/381 382/382/382
f 382/382/382 381/381/381 383/383/383
f 382/382/382 383/383/383 384/384/384
f 378/378/378 380/380/380 385/385/385
f 378/378/378 385/385/385 381/381/381
f 381/381/381 385/385/385 386/386/386
f 381/381/381 386/386/386 383/383/383
f 375/375/375 382/382/382 387/387/387
f 375/375/375 387/387/387 388/388/388
f 388/388/388 387/387/387 389/389/389
f 388/388/388 389/389/389 390/390/390
f 382/382/382 384/384/384 391/391/391
f 382/382/382 391/391/391 387/387/387
f 387/387/387 391/391/391 392/392/392
f 387/387/387 392/392/392 389/389/389
f 375/375/375 388/388/388 393/393/393
f 375/375/375 393/393/393 376/376/376
f 376/376/376 393/393/393 371/371/371
f 376/376/376 371/371/371 364/364/364
f 388/388/388 390/390/390 394/394/394
f 388/388/388 394/394/394 393/393/393
f 393/393/393 394/394/394 372/372/372
f 393/393/393 372/372/372 371/371/371
f 395/395/395 396/396/396 397/397/397
f 395/395/395 397/397/397 398/398/398
f 398/398/398 397/397/397 399/399/399
f 398/398/398 399/399/399 400/400/400
f 396/396/396 138/138/138 137/137/137
f 396/396/396 137/137/137 397/397/397
f 397/397/397 137/137/137 140/140/140
f 397/397/397 140/140/140 399/399/399
f 395/395/395 398/398/398 401/401/401
f 395/395/395 401/401/401 402/402/402
f 402/402/402 401/401/401 403/403/403
f 402/402/402 403/403/403 404/404/404
f 398/398/398 400/400/400 405/405/405
f 398/398/398 405/405/405 401/401/401
f 401/401/401 405/405/405 406/406/406
f 401/401/401 406/406/406 403/403/403
f 395/395/395 402/402/402 407/407/407
f 395/395/395 407/407/407 408/408/408
f 408/408/408 407/407/407 409/409/409
f 408/408/408 409/409/409 410/410/410
f 402/402/402 404/404/404 411/411/411
f 402/402/402 411/411/411 407/407/407
f 407/407/407 411/411/411 412/412/412
f 407/407/407 412/412/412 409/409/409
f 395/395/395 408/408/408 413/413/413
f 395/395/395 413/413/413 396/396/396
f 396/396/396 413/413/413 145/145/145
f 396/396/396 145/145/145 138/138/138
f 408/408/408 410/410/410 414/414/414
f 408/408/408 414/414/414 413/413/413
f 413/413/413 414/414/414 146/146/146
f 413/413/413 146/146/146 145/145/145
f 415/415/415 416/416/416 417/417/417
f 415/415/415 417/417/417 418/418/418
f 418/418/418 417/417/417 419/419/419
f 418/418/418 419/419/419 420/420/420
f 416/416/416 404/404/404 403/403/403
f 416/416/416 403/403/403 417/417/417
f 417/417/417 403/403/403 406/406/406
f 417/417/417 406/406/406 419/419/419
f 415/415/415 418/418/418 421/421/421
f 415/415/415 421/421/421 422/422/422
f 422/422/422 421/421/421 423/423/423
f 422/422/422 423/423/423 424/424/424
f 418/418/418 420/420/420 425/425/425
f 418/418/418 425/425/425 421/421/421
f 421/421/421 425/425/425 426/426/426
f 421/421/421 426/426/426 423/423/423
f 415/415/415 422/422/422 427/427/427
f 415/415/415 427/427/427 428/428/428
f 428/428/428 427/427/427 429/429/429
f 428/428/428 429/429/429 430/430/430
f 422/422/422 424/424/424 431/431/431
f 422/422/422 431/431/431 427/427/427
f 427/427/427 431/431/431 432/432/432
f 427/427/427 432/432/432 429/429/429
f 415/415/415 428/428/428 433/433/433
f 415/415/415 433/433/433 416/416/416
f 416/416/416 433/433/433 411/411/411
f 416/416/416 411/411/411 404/404/404
f 428/428/428 430/430/430 434/434/434
f 428/428/428 434/434/434 433/433/433
f 433/433/433 434/434/434 412/412/412
f 433/433/433 412/412/412 411/411/411
f 435/435/435 436/436/436 437/437/437
f 435/435/435 437/437/437 438/438/438
f 438/438/438 437/437/437 439/439/439
f 438/438/438 439/439/439 440/440/440
f 436/436/436 441/441/441 442/442/442
f 436/436/436 442/442/442 437/437/437
f 437/437/437 442/442/442 443/443/443
f 437/437/437 443/443/443 439/439/439
f 435/435/435 438/438/438 444/444/444
f 435/435/435 444/444/444 445/445/445
f 445/445/445 444/444/444 446/446/446
f 445/445/445 446/446/446 447/447/447
f 438/438/438 440/440/440 448/448/448
f 438/438/438 448/448/448 444/444/444
f 444/444/444 448/448/448 449/449/449
f 444/444/444 449/449/449 446/446/446
f 435/435/435 445/445/445 450/450/450
f 435/435/435 450/450/450 451/451/451
f 451/451/451 450/450/450 452/452/452
f 451/451/451 452/452/452 453/453/453
f 445/445/445 447/447/447 454/454/454
f 445/445/445 454/454/454 450/450/450
f 450/450/450 454/454/454 455/455/455
f 450/450/450 455/455/455 452/452/452
f 435/435/435 451/451/451 456/456/456
f 435/435/435 456/456/456 436/436/436
f 436/436/436 456/456/456 457/457/457
f 436/436/436 457/457/457 441/441/441
f 451/451/451 453/453/453 458/458/458
f 451/451/451 458/458/458 456/456/456
f 456/456/456 458/458/458 459/459/459
f 456/456/456 459/459/459 457/457/457
f 460/460/460 461/461/461 462/462/462
f 460/460/460 462/462/462 463/463/463
f 463/463/463 462/462/462 464/464/464
f 463/463/463 464/464/464 465/465/465
f 461/461/461 447/447/447 446/446/446
f 461/461/461 446/446/446 462/462/462
f 462/462/462 446/446/446 449/449/449
f 462/462/462 449/449/449 464/464/464
f 460/460/460 463/463/463 466/466/466
f 460/460/460 466/466/466 467/467/467
f 467/467/467 466/466/466 158/158/158
f 467/467/467 158/158/158 157/157/157
f 463/463/463 465/465/465 468/468/468
f 463/463/463 468/468/468 466/466/466
f 466/466/466 468/468/468 159/159/159
f 466/466/466 159/159/159 158/158/158
f 460/460/460 467/467/467 469/469/469
f 460/460/460 469/469/469 470/470/470
f 470/470/470 469/469/469 471/471/471
f 470/470/470 471/471/471 472/472/472
f 467/467/467 157/157/157 173/173/173
f 467/467/467 173/173/173 469/469/469
f 469/469/469 173/173/173 175/175/175
f 469/469/469 175/175/175 471/471/471
f 460/460/460 470/470/470 473/473/473
f 460/460/460 473/473/473 461/461/461
f 461/461/461 473/473/473 454/454/454
f 461/461/461 454/454/454 447/447/447
f 470/470/470 472/472/472 474/474/474
f 470/470/470 474/474/474 473/473/473
f 473/473/473 474/474/474 455/455/455
f 473/473/473 455/455/455 454/454/454
f 475/475/475 476/476/476 477/477/477
f 475/475/475 477/477/477 478/478/478
f 478/478/478 477/477/477 479/479/479
f 478/478/478 479/479/479 480/480/480
f 476/476/476 481/481/481 482/482/482
f 476/476/476 482/482/482 477/477/477
f 477/477/477 482/482/482 483/483/483
f 477/477/477 483/483/483 479/479/479
f 475/475/475 478/478/478 484/484/484
f 475/475/475 484/484/484 485/485/485
f 485/485/485 484/484/484 486/486/486
f 485/485/485 486/486/486 487/487/487
f 478/478/478 480/480/480 488/488/488
f 478/478/478 488/488/488 484/484/484
f 484/484/484 488/488/488 489/489/489
f 484/484/484 489/489/489 486/486/486
f 475/475/475 485/485/485 490/490/490
f 475/475/475 490/490/490 491/491/491
f 491/491/491 490/490/490 448/448/448
f 491/491/491 448/448/448 440/440/440
f 485/485/485 487/487/487 492/492/492
f 485/485/485 492/492/492 490/490/490
f 490/490/490 492/492/492 449/449/449
f 490/490/490 449/449/449 448/448/448
f 475/475/475 491/491/491 493/493/493
f 475/475/475 493/493/493 476/476/476
f 476/476/476 493/493/493 494/494/494
f 476/476/476 494/494/494 481/481/481
f 491/491/491 440/440/440 439/439/439
f 491/491/491 439/439/439 493/493/493
f 493/493/493 439/439/439 443/443/443
f 493/493/493 443/443/443 494/494/494
f 495/495/495 496/496/496 497/497/497
f 495/495/495 497/497/497 498/498/498
f 498/498/498 497/497/497 499/499/499
f 498/498/498 499/499/499 500/500/500
f 496/496/496 487/487/487 486/486/486
f 496/496/496 486/486/486 497/497/497
f 497/497/497 486/486/486 489/489/489
f 497/497/497 489/489/489 499/499/499
f 495/495/495 498/498/498 501/501/501
f 495/495/495 501/501/501 502/502/502
f 502/502/502 501/501/501 183/183/183
f 502/502/502 183/183/183 182/182/182
f 498/498/498 500/500/500 503/503/503
f 498/498/498 503/503/503 501/501/501
f 501/501/501 503/503/503 184/184/184
f 501/501/501 184/184/184 183/183/183
f 495/495/495 502/502/502 504/504/504
f 495/495/495 504/504/504 505/505/505
f 505/505/505 504/504/504 468/468/468
f 505/505/505 468/468/468 465/465/465
f 502/502/502 182/182/182 195/195/195
f 502/502/502 195/195/195 504/504/504
f 504/504/504 195/195/195 159/159/159
f 504/504/504 159/159/159 468/468/468
f 495/495/495 505/505/505 506/506/506
f 495/495/495 506/506/506 496/496/496
f 496/496/496 506/506/506 492/492/492
f 496/496/496 492/492/492 487/487/487
f 505/505/505 465/465/465 464/464/464
f 505/505/505 464/464/464 506/506/506
f 506/506/506 464/464/464 449/449/449
f 506/506/506 449/449/449 492/492/492
f 507/507/507 508/508/508 509/509/509
f 507/507/507 509/509/509 510/510/510
f 510/510/510 509/509/509 511/511/511
f 510/510/510 511/511/511 512/512/512
f 508/508/508 513/513/513 514/514/514
f 508/508/508 514/514/514 509/509/509
f 509/509/509 514/514/514 515/515/515
f 509/509/509 515/515/515 511/511/511
f 507/507/507 510/510/510 516/516/516
f 507/507/507 516/516/516 517/517/517
f 517/517/517 516/516/516 518/518/518
f 517/517/517 518/518/518 519/519/519
f 510/510/510 512/512/512 520/520/520
f 510/510/510 520/520/520 516/516/516
f 516/516/516 520/520/520 521/521/521
f 516/516/516 521/521/521 518/518/518
f 507/507/507 517/517/517 522/522/522
f 507/507/507 522/522/522 523/523/523
f 523/523/523 522/522/522 524/524/524
f 523/523/523 524/524/524 525/525/525
f 517/517/517 519/519/519 526/526/526
f 517/517/517 526/526/526 522/522/522
f 522/522/522 526/526/526 527/527/527
f 522/522/522 527/527/527 524/524/524
f 507/507/507 523/523/523 528/528/528
f 507/507/507 528/528/528 508/508/508
f 508/508/508 528/528/528 529/529/529
f 508/508/508 529/529/529 513/513/513
f 523/523/523 525/525/525 530/530/530
f 523/523/523 530/530/530 528/528/528
f 528/528/528 530/530/530 531/531/531
f 528/528/528 531/531/531 529/529/529
f 532/532/532 533/533/533 534/534/534
f 532/532/532 534/534/534 535/535/535
f 535/535/535 534/534/534 536/536/536
f 535/535/535 536/536/536 537/537/537
f 533/533/533 519/519/519 518/518/518
f 533/533/533 518/518/518 534/534/534
f 534/534/534 518/518/518 521/521/521
f 534/534/534 521/521/521 536/536/536
f 532/532/532 535/535/535 538/538/538
f 532/532/532 538/538/538 539/539/539
f 539/539/539 538/538/538 540/540/540
f 539/539/539 540/540/540 541/541/541
f 535/535/535 537/537/537 542/542/542
f 535/535/535 542/542/542 538/538/538
f 538/538/538 542/542/542 543/543/543
f 538/538/538 543/543/543 540/540/540
f 532/532/532 539/539/539 544/544/544
f 532/532/532 544/544/544 545/545/545
f 545/545/545 544/544/544 546/546/546
f 545/545/545 546/546/546 547/547/547
f 539/539/539 541/541/541 548/548/548
f 539/539/539 548/548/548 544/544/544
f 544/544/544 548/548/548 549/549/549
f 544/544/544 549/549/549 546/546/546
f 532/532/532 545/545/545 550/550/550
f 532/532/532 550/550/550 533/533/533
f 533/533/533 550/550/550 526/526/526
f 533/533/533 526/526/526 519/519/519
f 545/545/545 547/547/547 551/551/551
f 545/545/545 551/551/551 550/550/550
f 550/550/550 551/551/551 527/527/527
f 550/550/550 527/527/527 526/526/526
f 552/552/552 553/553/553 554/554/554
f 552/552/552 554/554/554 555/555/555
f 555/555/555 554/554/554 556/556/556
f 555/555/555 556/556/556 557/557/557
f 553/553/553 558/558/558 559/559/559
f 553/553/553 559/559/559 554/554/554
f 554/554/554 559/559/559 560/560/560
f 554/554/554 560/560/560 556/556/556
f 552/552/552 555/555/555 561/561/561
f 552/552/552 561/561/561 562/562/562
f 562/562/562 561/561/561 563/563/563
f 562/562/562 563/563/563 564/564/564
f 555/555/555 557/557/557 565/565/565
f 555/555/555 565/565/565 561/561/561
f 561/561/561 565/565/565 566/566/566
f 561/561/561 566/566/566 563/563/563
f 552/552/552 562/562/562 567/567/567
f 552/552/552 567/567/567 568/568/568
f 568/568/568 567/567/567 520/520/520
f 568/568/568 520/520/520 512/512/512
f 562/562/562 564/564/564 569/569/569
f 562/562/562 569/569/569 567/567/567
f 567/567/567 569/569/569 521/521/521
f 567/567/567 521/521/521 520/520/520
f 552/552/552 568/568/568 570/570/570
f 552/552/552 570/570/570 553/553/553
f 553/553/553 570/570/570 571/571/571
f 553/553/553 571/571/571 558/558/558
f 568/568/568 512/512/512 511/511/511
f 568/568/568 511/511/511 570/570/570
f 570/570/570 511/511/511 515/515/515
f 570/570/570 515/515/515 571/571/571
f 572/572/572 573/573/573 574/574/574
f 572/572/572 574/574/574 575/575/575
f 575/575/575 574/574/574 576/576/576
f 575/575/575 576/576/576 577/577/577
f 573/573/573 564/564/564 563/563/563
f 573/573/573 563/563/563 574/574/574
f 574/574/574 563/563/563 566/566/566
f 574/574/574 566/566/566 576/576/576
f 572/572/572 575/575/575 578/578/578
f 572/572/572 578/578/578 579/579/579
f 579/579/579 578/578/578 580/580/580
f 579/579/579 580/580/580 581/581/581
f 575/575/575 577/577/577 582/582/582
f 575/575/575 582/582/582 578/578/578
f 578/578/578 582/582/582 583/583/583
f 578/578/578 583/583/583 580/580/580
f 572/572/572 579/579/579 584/584/584
f 572/572/572 584/584/584 585/585/585
f 585/585/585 584/584/584 542/542/542
f 585/585/585 542/542/542 537/537/537
f 579/579/579 581/581/581 586/586/586
f 579/579/579 586/586/586 584/584/584
f 584/584/584 586/586/586 543/543/543
f 584/584/584 543/543/543 542/542/542
f 572/572/572 585/585/585 587/587/587
f 572/572/572 587/587/587 573/573/573
f 573/573/573 587/587/587 569/569/569
f 573/573/573 569/569/569 564/564/564
f 585/585/585 537/537/537 536/536/536
f 585/585/585 536/536/536 587/587/587
f 587/587/587 536/536/536 521/521/521
f 587/587/587 521/521/521 569/569/569
f 588/588/588 589/589/589 590/590/590
f 588/588/588 590/590/590 591/591/591
f 591/591/591 590/590/590 592/592/592
f 591/591/591 592/592/592 593/593/593
f 589/589/589 594/594/594 595/595/595
f 589/589/589 595/595/595 590/590/590
f 590/590/590 595/595/595 596/596/596
f 590/590/590 596/596/596 592/592/592
f 588/588/588 591/591/591 597/597/597
f 588/588/588 597/597/597 598/598/598
f 598/598/598 597/597/597 599/599/599
f 598/598/598 599/599/599 600/600/600
f 591/591/591 593/593/593 601/601/601
f 591/591/591 601/601/601 597/597/597
f 597/597/597 601/601/601 602/602/602
f 597/597/597 602/602/602 599/599/599
f 588/588/588 598/598/598 603/603/603
f 588/588/588 603/603/603 604/604/604
f 604/604/604 603/603/603 565/565/565
f 604/604/604 565/565/565 557/557/557
f 598/598/598 600/600/600 605/605/605
f 598/598/598 605/605/605 603/603/603
f 603/603/603 605/605/605 566/566/566
f 603/603/603 566/566/566 565/565/565
f 588/588/588 604/604/604 606/606/606
f 588/588/588 606/606/606 589/589/589
f 589/589/589 606/606/606 607/607/607
f 589/589/589 607/607/607 594/594/594
f 604/604/604 557/557/557 556/556/556
f 604/604/604 556/556/556 606/606/606
f 606/606/606 556/556/556 560/560/560
f 606/606/606 560/560/560 607/607/607
f 608/608/608 609/609/609 610/610/610
f 608/608/608 610/610/610 611/611/611
f 611/611/611 610/610/610 612/612/612
f 611/611/611 612/612/612 613/613/613
f 609/609/609 600/600/600 599/599/599
f 609/609/609 599/599/599 610/610/610
f 610/610/610 599/599/599 602/602/602
f 610/610/610 602/602/602 612/612/612
f 608/608/608 611/611/611 614/614/614
f 608/608/608 614/614/614 615/615/615
f 615/615/615 614/614/614 616/616/616
f 615/615/615 616/616/616 617/617/617
f 611/611/611 613/613/613 618/618/618
f 611/611/611 618/618/618 614/614/614
f 614/614/614 618/618/618 619/619/619
f 614/614/614 619/619/619 616/616/616
f 608/608/608 615/615/615 620/620/620
f 608/608/608 620/620/620 621/621/621
f 621/621/621 620/620/620 582/582/582
f 621/621/621 582/582/582 577/577/577
f 615/615/615 617/617/617 622/622/622
f 615/615/615 622/622/622 620/620/620
f 620/620/620 622/622/622 583/583/583
f 620/620/620 583/583/583 582/582/582
f 608/608/608 621/621/621 623/623/623
f 608/608/608 623/623/623 609/609/609
f 609/609/609 623/623/623 605/605/605
f 609/609/609 605/605/605 600/600/600
f 621/621/621 577/577/577 576/576/576
f 621/621/621 576/576/576 623/623/623
f 623/623/623 576/576/576 566/566/566
f 623/623/623 566/566/566 605/605/605
f 624/624/624 625/625/625 626/626/626
f 624/624/624 626/626/626 627/627/627
f 627/627/627 626/626/626 628/628/628
f 627/627/627 628/628/628 629/629/629
f 625/625/625 630/630/630 631/631/631
f 625/625/625 631/631/631 626/626/626
f 626/626/626 631/631/631 632/632/632
f 626/626/626 632/632/632 628/628/628
f 624/624/624 627/627/627 633/633/633
f 624/624/624 633/633/633 634/634/634
f 634/634/634 633/633/633 635/635/635
f 634/634/634 635/635/635 636/636/636
f 627/627/627 629/629/629 637/637/637
f 627/627/627 637/637/637 633/633/633
f 633/633/633 637/637/637 638/638/638
f 633/633/633 638/638/638 635/635/635
f 624/624/624 634/634/634 639/639/639
f 624/624/624 639/639/639 640/640/640
f 640/640/640 639/639/639 641/641/641
f 640/640/640 641/641/641 642/642/642
f 634/634/634 636/636/636 643/643/643
f 634/634/634 643/643/643 639/639/639
f 639/639/639 643/643/643 644/644/644
f 639/639/639 644/644/644 641/641/641
f 624/624/624 640/640/640 645/645/645
f 624/624/624 645/645/645 625/625/625
f 625/625/625 645/645/645 646/646/646
f 625/625/625 646/646/646 630/630/630
f 640/640/640 642/642/642 647/647/647
f 640/640/640 647/647/647 645/645/645
f 645/645/645 647/647/647 648/648/648
f 645/645/645 648/648/648 646/646/646
f 649/649/649 650/650/650 651/651/651
f 649/649/649 651/651/651 652/652/652
f 652/652/652 651/651/651 653/653/653
f 652/652/652 653/653/653 654/654/654
f 650/650/650 655/655/655 656/656/656
f 650/650/650 656/656/656 651/651/651
f 651/651/651 656/656/656 657/657/657
f 651/651/651 657/657/657 653/653/653
f 649/649/649 652/652/652 658/658/658
f 649/649/649 658/658/658 659/659/659
f 659/659/659 658/658/658 660/660/660
f 659/659/659 660/660/660 661/661/661
f 652/652/652 654/654/654 662/662/662
f 652/652/652 662/662/662 658/658/658
f 658/658/658 662/662/662 663/663/663
f 658/658/658 663/663/663 660/660/660
f 649/649/649 659/659/659 664/664/664
f 649/649/649 664/664/664 665/665/665
f 665/665/665 664/664/664 666/666/666
f 665/665/665 666/666/666 667/667/667
f 659/659/659 661/661/661 668/668/668
f 659/659/659 668/668/668 664/664/664
f 664/664/664 668/668/668 669/669/669
f 664/664/664 669/669/669 666/666/666
f 649/649/649 665/665/665 670/670/670
f 649/649/649 670/670/670 650/650/650
f 650/650/650 670/670/670 671/671/671
f 650/650/650 671/671/671 655/655/655
f 665/665/665 667/667/667 672/672/672
f 665/665/665 672/672/672 670/670/670
f 670/670/670 672/672/672 673/673/673
f 670/670/670 673/673/673 671/671/671
f 674/674/674 675/675/675 676/676/676
f 674/674/674 676/676/676 677/677/677
f 677/677/677 676/676/676 678/678/678
f 677/677/677 678/678/678 679/679/679
f 675/675/675 680/680/680 681/681/681
f 675/675/675 681/681/681 676/676/676
f 676/676/676 681/681/681 682/682/682
f 676/676/676 682/682/682 678/678/678
f 674/674/674 677/677/677 683/683/683
f 674/674/674 683/683/683 684/684/684
f 684/684/684 683/683/683 685/685/685
f 684/684/684 685/685/685 686/686/686
f 677/677/677 679/679/679 687/687/687
f 677/677/677 687/687/687 683/683/683
f 683/683/683 687/687/687 688/688/688
f 683/683/683 688/688/688 685/685/685
f 674/674/674 684/684/684 689/689/689
f 674/674/674 689/689/689 690/690/690
f 690/690/690 689/689/689 691/691/691
f 690/690/690 691/691/691 692/692/692
f 684/684/684 686/686/686 693/693/693
f 684/684/684 693/693/693 689/689/689
f 689/689/689 693/693/693 694/694/694
f 689/689/689 694/694/694 691/691/691
f 674/674/674 690/690/690 695/695/695
f 674/674/674 695/695/695 675/675/675
f 675/675/675 695/695/695 696/696/696
f 675/675/675 696/696/696 680/680/680
f 690/690/690 692/692/692 697/697/697
f 690/690/690 697/697/697 695/695/695
f 695/695/695 697/697/697 698/698/698
f 695/695/695 698/698/698 696/696/696
f 699/699/699 700/700/700 701/701/701
f 699/699/699 701/701/701 702/702/702
f 702/702/702 701/701/701 703/703/703
f 702/702/702 703/703/703 704/704/704
f 700/700/700 705/705/705 706/706/706
f 700/700/700 706/706/706 701/701/701
f 701/701/701 706/706/706 707/707/707
f 701/701/701 707/707/707 703/703/703
f 699/699/699 702/702/702 708/708/708
f 699/699/699 708/708/708 709/709/709
f 709/709/709 708/708/708 710/710/710
f 709/709/709 710/710/710 711/711/711
f 702/702/702 704/704/704 712/712/712
f 702/702/702 712/712/712 708/708/708
f 708/708/708 712/712/712 713/713/713
f 708/708/708 713/713/713 710/710/710
f 699/699/699 709/709/709 714/714/714
f 699/699/699 714/714/714 715/715/715
f 715/715/715 714/714/714 716/716/716
f 715/715/715 716/716/716 717/717/717
f 709/709/709 711/711/711 718/718/718
f 709/709/709 718/718/718 714/714/714
f 714/714/714 718/718/718 719/719/719
f 714/714/714 719/719/719 716/716/716
f 699/699/699 715/715/715 720/720/720
f 699/699/699 720/720/720 700/700/700
f 700/700/700 720/720/720 721/721/721
f 700/700/700 721/721/721 705/705/705
f 715/715/715 717/717/717 722/722/722
f 715/715/715 722/722/722 720/720/720
f 720/720/720 722/722/722 723/723/723
f 720/720/720 723/723/723 721/721/721
f 724/724/724 725/725/725 726/726/726
f 724/724/724 726/726/726 727/727/727
f 727/727/727 726/726/726 728/728/728
f 727/727/727 728/728/728 729/729/729
f 725/725/725 730/730/730 731/731/731
f 725/725/725 731/731/731 726/726/726
f 726/726/726 731/731/731 732/732/732
f 726/726/726 732/732/732 728/728/728
f 724/724/724 727/727/727 733/733/733
f 724/724/724 733/733/733 734/734/734
f 734/734/734 733/733/733 735/735/735
f 734/734/734 735/735/735 736/736/736
f 727/727/727 729/729/729 737/737/737
f 727/727/727 737/737/737 733/733/733
f 733/733/733 737/737/737 738/738/738
f 733/733/733 738/738/738 735/735/735
f 724/724/724 734/734/734 739/739/739
f 724/724/724 739/739/739 740/740/740
f 740/740/740 739/739/739 741/741/741
f 740/740/740 741/741/741 742/742/742
f 734/734/734 736/736/736 743/743/743
f 734/734/734 743/743/743 739/739/739
f 739/739/739 743/743/743 744/744/744
f 739/739/739 744/744/744 741/741/741
f 724/724/724 740/740/740 745/745/745
f 724/724/724 745/745/745 725/725/725
f 725/725/725 745/745/745 746/746/746
f 725/725/725 746/746/746 730/730/730
f 740/740/740 742/742/742 747/747/747
f 740/740/740 747/747/747 745/745/745
f 745/745/745 747/747/747 748/748/748
f 745/745/745 748/748/748 746/746/746
f 749/749/749 750/750/750 751/751/751
f 749/749/749 751/751/751 752/752/752
f 752/752/752 751/751/751 753/753/753
f 752/752/752 753/753/753 754/754/754
f 750/750/750 755/755/755 756/756/756
f 750/750/750 756/756/756 751/751/751
f 751/751/751 756/756/756 757/757/757
f 751/751/751 757/757/757 753/753/753
f 749/749/749 752/752/752 758/758/758
f 749/749/749 758/758/758 759/759/759
f 759/759/759 758/758/758 760/760/760
f 759/759/759 760/760/760 761/761/761
f 752/752/752 754/754/754 762/762/762
f 752/752/752 762/762/762 758/758/758
f 758/758/758 762/762/762 763/763/763
f 758/758/758 763/763/763 760/760/760
f 749/749/749 759/759/759 764/764/764
f 749/749/749 764/764/764 765/765/765
f 765/765/765 764/764/764 766/766/766
f 765/765/765 766/766/766 767/767/767
f 759/759/759 761/761/761 768/768/768
f 759/759/759 768/768/768 764/764/764
f 764/764/764 768/768/768 769/769/769
f 764/764/764 769/769/769 766/766/766
f 749/749/749 765/765/765 770/770/770
f 749/749/749 770/770/770 750/750/750
f 750/750/750 770/770/770 771/771/771
f 750/750/750 771/771/771 755/755/755
f 765/765/765 767/767/767 772/772/772
f 765/765/765 772/772/772 770/770/770
f 770/770/770 772/772/772 773/773/773
f 770/770/770 773/773/773 771/771/771
f 774/774/774 775/775/775 776/776/776
f 774/774/774 776/776/776 777/777/777
f 777/777/777 776/776/776 778/778/778
f 777/777/777 778/778/778 779/779/779
f 775/775/775 780/780/780 781/781/781
f 775/775/775 781/781/781 776/776/776
f 776/776/776 781/781/781 782/782/782
f 776/776/776 782/782/782 778/778/778
f 774/774/774 777/777/777 783/783/783
f 774/774/774 783/783/783 784/784/784
f 784/784/784 783/783/783 785/785/785
f 784/784/784 785/785/785 786/786/786
f 777/777/777 779/779/779 787/787/787
f 777/777/777 787/787/787 783/783/783
f 783/783/783 787/787/787 788/788/788
f 783/783/783 788/788/788 785/785/785
f 774/774/774 784/784/784 789/789/789
f 774/774/774 789/789/789 790/790/790
f 790/790/790 789/789/789 791/791/791
f 790/790/790 791/791/791 792/792/792
f 784/784/784 786/786/786 793/793/793
f 784/784/784 793/793/793 789/789/789
f 789/789/789 793/793/793 794/794/794
f 789/789/789 794/794/794 791/791/791
f 774/774/774 790/790/790 795/795/795
f 774/774/774 795/795/795 775/775/775
f 775/775/775 795/795/795 796/796/796
f 775/775/775 796/796/796 780/780/780
f 790/790/790 792/792/792 797/797/797
f 790/790/790 797/797/797 795/795/795
f 795/795/795 797/797/797 798/798/798
f 795/795/795 798/798/798 796/796/796
f 799/799/799 800/800/800 801/801/801
f 799/799/799 801/801/801 802/802/802
f 802/802/802 801/801/801 803/803/803
f 802/802/802 803/803/803 804/804/804
f 800/800/800 805/805/805 806/806/806
f 800/800/800 806/806/806 801/801/801
f 801/801/801 806/806/806 807/807/807
f 801/801/801 807/807/807 803/803/803
f 799/799/799 802/802/802 808/808/808
f 799/799/799 808/808/808 809/809/809
f 809/809/809 808/808/808 781/781/781
f 809/809/809 781/781/781 780/780/780
f 802/802/802 804/804/804 810/810/810
f 802/802/802 810/810/810 808/808/808
f 808/808/808 810/810/810 782/782/782
f 808/808/808 782/782/782 781/781/781
f 799/799/799 809/809/809 811/811/811
f 799/799/799 811/811/811 812/812/812
f 812/812/812 811/811/811 813/813/813
f 812/812/812 813/813/813 814/814/814
f 809/809/809 780/780/780 796/796/796
f 809/809/809 796/796/796 811/811/811
f 811/811/811 796/796/796 798/798/798
f 811/811/811 798/798/798 813/813/813
f 799/799/799 812/812/812 815/815/815
f 799/799/799 815/815/815 800/800/800
f 800/800/800 815/815/815 816/816/816
f 800/800/800 816/816/816 805/805/805
f 812/812/812 814/814/814 817/817/817
f 812/812/812 817/817/817 815/815/815
f 815/815/815 817/817/817 818/818/818
f 815/815/815 818/818/818 816/816/816
f 819/819/819 820/820/820 821/821/821
f 819/819/819 821/821/821 822/822/822
f 822/822/822 821/821/821 823/823/823
f 822/822/822 823/823/823 824/824/824
f 820/820/820 825/825/825 826/826/826
f 820/820/820 826/826/826 821/821/821
f 821/821/821 826/826/826 827/827/827
f 821/821/821 827/827/827 823/823/823
f 819/819/819 822/822/822 828/828/828
f 819/819/819 828/828/828 829/829/829
f 829/829/829 828/828/828 830/830/830
f 829/829/829 830/830/830 831/831/831
f 822/822/822 824/824/824 832/832/832
f 822/822/822 832/832/832 828/828/828
f 828/828/828 832/832/832 833/833/833
f 828/828/828 833/833/833 830/830/830
f 819/819/819 829/829/829 834/834/834
f 819/819/819 834/834/834 835/835/835
f 835/835/835 834/834/834 836/836/836
f 835/835/835 836/836/836 837/837/837
f 829/829/829 831/831/831 838/838/838
f 829/829/829 838/838/838 834/834/834
f 834/834/834 838/838/838 839/839/839
f 834/834/834 839/839/839 836/836/836
f 819/819/819 835/835/835 840/840/840
f 819/819/819 840/840/840 820/820/820
f 820/820/820 840/840/840 841/841/841
f 820/820/820 841/841/841 825/825/825
f 835/835/835 837/837/837 842/842/842
f 835/835/835 842/842/842 840/840/840
f 840/840/840 842/842/842 843/843/843
f 840/840/840 843/843/843 841/841/841
f 844/844/844 845/845/845 846/846/846
f 844/844/844 846/846/846 847/847/847
f 847/847/847 846/846/846 842/842/842
f 847/847/847 842/842/842 837/837/837
f 845/845/845 848/848/848 849/849/849
f 845/845/845 849/849/849 846/846/846
f 846/846/846 849/849/849 843/843/843
f 846/846/846 843/843/843 842/842/842
f 844/844/844 847/847/847 850/850/850
f 844/844/844 850/850/850 851/851/851
f 851/851/851 850/850/850 852/852/852
f 851/851/851 852/852/852 853/853/853
f 847/847/847 837/837/837 836/836/836
f 847/847/847 836/836/836 850/850/850
f 850/850/850 836/836/836 839/839/839
f 850/850/850 839/839/839 852/852/852
f 844/844/844 851/851/851 854/854/854
f 844/844/844 854/854/854 855/855/855
f 855/855/855 854/854/854 637/637/637
f 855/855/855 637/637/637 629/629/629
f 851/851/851 853/853/853 856/856/856
f 851/851/851 856/856/856 854/854/854
f 854/854/854 856/856/856 638/638/638
f 854/854/854 638/638/638 637/637/637
f 844/844/844 855/855/855 857/857/857
f 844/844/844 857/857/857 845/845/845
f 845/845/845 857/857/857 858/858/858
f 845/845/845 858/858/858 848/848/848
f 855/855/855 629/629/629 628/628/628
f 855/855/855 628/628/628 857/857/857
f 857/857/857 628/628/628 632/632/632
f 857/857/857 632/632/632 858/858/858
f 859/859/859 860/860/860 861/861/861
f 859/859/859 861/861/861 862/862/862
f 862/862/862 861/861/861 863/863/863
f 862/862/862 863/863/863 864/864/864
f 860/860/860 865/865/865 866/866/866
f 860/860/860 866/866/866 861/861/861
f 861/861/861 866/866/866 867/867/867
f 861/861/861 867/867/867 863/863/863
f 859/859/859 862/862/862 868/868/868
f 859/859/859 868/868/868 869/869/869
f 869/869/869 868/868/868 870/870/870
f 869/869/869 870/870/870 871/871/871
f 862/862/862 864/864/864 872/872/872
f 862/862/862 872/872/872 868/868/868
f 868/868/868 872/872/872 873/873/873
f 868/868/868 873/873/873 870/870/870
f 859/859/859 869/869/869 874/874/874
f 859/859/859 874/874/874 875/875/875
f 875/875/875 874/874/874 876/876/876
f 875/875/875 876/876/876 877/877/877
f 869/869/869 871/871/871 878/878/878
f 869/869/869 878/878/878 874/874/874
f 874/874/874 878/878/878 879/879/879
f 874/874/874 879/879/879 876/876/876
f 859/859/859 875/875/875 880/880/880
f 859/859/859 880/880/880 860/860/860
f 860/860/860 880/880/880 881/881/881
f 860/860/860 881/881/881 865/865/865
f 875/875/875 877/877/877 882/882/882
f 875/875/875 882/882/882 880/880/880
f 880/880/880 882/882/882 883/883/883
f 880/880/880 883/883/883 881/881/881
f 884/884/884 885/885/885 886/886/886
f 884/884/884 886/886/886 887/887/887
f 887/887/887 886/886/886 882/882/882
f 887/887/887 882/882/882 877/877/877
f 885/885/885 888/888/888 889/889/889
f 885/885/885 889/889/889 886/886/886
f 886/886/886 889/889/889 883/883/883
f 886/886/886 883/883/883 882/882/882
f 884/884/884 887/887/887 890/890/890
f 884/884/884 890/890/890 891/891/891
f 891/891/891 890/890/890 892/892/892
f 891/891/891 892/892/892 893/893/893
f 887/887/887 877/877/877 876/876/876
f 887/887/887 876/876/876 890/890/890
f 890/890/890 876/876/876 879/879/879
f 890/890/890 879/879/879 892/892/892
f 884/884/884 891/891/891 894/894/894
f 884/884/884 894/894/894 895/895/895
f 895/895/895 894/894/894 662/662/662
f 895/895/895 662/662/662 654/654/654
f 891/891/891 893/893/893 896/896/896
f 891/891/891 896/896/896 894/894/894
f 894/894/894 896/896/896 663/663/663
f 894/894/894 663/663/663 662/662/662
f 884/884/884 895/895/895 897/897/897
f 884/884/884 897/897/897 885/885/885
f 885/885/885 897/897/897 898/898/898
f 885/885/885 898/898/898 888/888/888
f 895/895/895 654/654/654 653/653/653
f 895/895/895 653/653/653 897/897/897
f 897/897/897 653/653/653 657/657/657
f 897/897/897 657/657/657 898/898/898
f 899/899/899 900/900/900 901/901/901
f 899/899/899 901/901/901 902/902/902
f 902/902/902 901/901/901 697/697/697
f 902/902/902 697/697/697 692/692/692
f 900/900/900 903/903/903 904/904/904
f 900/900/900 904/904/904 901/901/901
f 901/901/901 904/904/904 698/698/698
f 901/901/901 698/698/698 697/697/697
f 899/899/899 902/902/902 905/905/905
f 899/899/899 905/905/905 906/906/906
f 906/906/906 905/905/905 907/907/907
f 906/906/906 907/907/907 908/908/908
f 902/902/902 692/692/692 691/691/691
f 902/902/902 691/691/691 905/905/905
f 905/905/905 691/691/691 694/694/694
f 905/905/905 694/694/694 907/907/907
f 899/899/899 906/906/906 909/909/909
f 899/899/899 909/909/909 910/910/910
f 910/910/910 909/909/909 911/911/911
f 910/910/910 911/911/911 912/912/912
f 906/906/906 908/908/908 913/913/913
f 906/906/906 913/913/913 909/909/909
f 909/909/909 913/913/913 914/914/914
f 909/909/909 914/914/914 911/911/911
f 899/899/899 910/910/910 915/915/915
f 899/899/899 915/915/915 900/900/900
f 900/900/900 915/915/915 916/916/916
f 900/900/900 916/916/916 903/903/903
f 910/910/910 912/912/912 917/917/917
f 910/910/910 917/917/917 915/915/915
f 915/915/915 917/917/917 918/918/918
f 915/915/915 918/918/918 916/916/916
f 919/919/919 920/920/920 921/921/921
f 919/919/919 921/921/921 922/922/922
f 922/922/922 921/921/921 917/917/917
f 922/922/922 917/917/917 912/912/912
f 920/920/920 923/923/923 924/924/924
f 920/920/920 924/924/924 921/921/921
f 921/921/921 924/924/924 918/918/918
f 921/921/921 918/918/918 917/917/917
f 919/919/919 922/922/922 925/925/925
f 919/919/919 925/925/925 926/926/926
f 926/926/926 925/925/925 927/927/927
f 926/926/926 927/927/927 928/928/928
f 922/922/922 912/912/912 911/911/911
f 922/922/922 911/911/911 925/925/925
f 925/925/925 911/911/911 914/914/914
f 925/925/925 914/914/914 927/927/927
f 919/919/919 926/926/926 929/929/929
f 919/919/919 929/929/929 930/930/930
f 930/930/930 929/929/929 931/931/931
f 930/930/930 931/931/931 932/932/932
f 926/926/926 928/928/928 933/933/933
f 926/926/926 933/933/933 929/929/929
f 929/929/929 933/933/933 934/934/934
f 929/929/929 934/934/934 931/931/931
f 919/919/919 930/930/930 935/935/935
f 919/919/919 935/935/935 920/920/920
f 920/920/920 935/935/935 936/936/936
f 920/920/920 936/936/936 923/923/923
f 930/930/930 932/932/932 937/937/937
f 930/930/930 937/937/937 935/935/935
f 935/935/935 937/937/937 938/938/938
f 935/935/935 938/938/938 936/936/936
f 939/939/939 940/940/940 941/941/941
f 939/939/939 941/941/941 942/942/942
f 942/942/942 941/941/941 722/722/722
f 942/942/942 722/722/722 717/717/717
f 940/940/940 943/943/943 944/944/944
f 940/940/940 944/944/944 941/941/941
f 941/941/941 944/944/944 723/723/723
f 941/941/941 723/723/723 722/722/722
f 939/939/939 942/942/942 945/945/945
f 939/939/939 945/945/945 946/946/946
f 946/946/946 945/945/945 947/947/947
f 946/946/946 947/947/947 948/948/948
f 942/942/942 717/717/717 716/716/716
f 942/942/942 716/716/716 945/945/945
f 945/945/945 716/716/716 719/719/719
f 945/945/945 719/719/719 947/947/947
f 939/939/939 946/946/946 949/949/949
f 939/939/939 949/949/949 950/950/950
f 950/950/950 949/949/949 951/951/951
f 950/950/950 951/951/951 952/952/952
f 946/946/946 948/948/948 953/953/953
f 946/946/946 953/953/953 949/949/949
f 949/949/949 953/953/953 954/954/954
f 949/949/949 954/954/954 951/951/951
f 939/939/939 950/950/950 955/955/955
f 939/939/939 955/955/955 940/940/940
f 940/940/940 955/955/955 956/956/956
f 940/940/940 956/956/956 943/943/943
f 950/950/950 952/952/952 957/957/957
f 950/950/950 957/957/957 955/955/955
f 955/955/955 957/957/957 958/958/958
f 955/955/955 958/958/958 956/956/956
f 959/959/959 960/960/960 961/961/961
f 959/959/959 961/961/961 962/962/962
f 962/962/962 961/961/961 957/957/957
f 962/962/962 957/957/957 952/952/952
f 960/960/960 963/963/963 964/964/964
f 960/960/960 964/964/964 961/961/961
f 961/961/961 964/964/964 958/958/958
f 961/961/961 958/958/958 957/957/957
f 959/959/959 962/962/962 965/965/965
f 959/959/959 965/965/965 966/966/966
f 966/966/966 965/965/965 967/967/967
f 966/966/966 967/967/967 968/968/968
f 962/962/962 952/952/952 951/951/951
f 962/962/962 951/951/951 965/965/965
f 965/965/965 951/951/951 954/954/954
f 965/965/965 954/954/954 967/967/967
f 959/959/959 966/966/966 969/969/969
f 959/959/959 969/969/969 970/970/970
f 970/970/970 969/969/969 971/971/971
f 970/970/970 971/971/971 972/972/972
f 966/966/966 968/968/968 973/973/973
f 966/966/966 973/973/973 969/969/969
f 969/969/969 973/973/973 974/974/974
f 969/969/969 974/974/974 971/971/971
f 959/959/959 970/970/970 975/975/975
f 959/959/959 975/975/975 960/960/960
f 960/960/960 975/975/975 976/976/976
f 960/960/960 976/976/976 963/963/963
f 970/970/970 972/972/972 977/977/977
f 970/970/970 977/977/977 975/975/975
f 975/975/975 977/977/977 934/934/934
f 975/975/975 934/934/934 976/976/976
f 978/978/978 979/979/979 980/980/980
f 978/978/978 980/980/980 981/981/981
f 981/981/981 980/980/980 747/747/747
f 981/981/981 747/747/747 742/742/742
f 979/979/979 982/982/982 983/983/983
f 979/979/979 983/983/983 980/980/980
f 980/980/980 983/983/983 748/748/748
f 980/980/980 748/748/748 747/747/747
f 978/978/978 981/981/981 984/984/984
f 978/978/978 984/984/984 985/985/985
f 985/985/985 984/984/984 986/986/986
f 985/985/985 986/986/986 987/987/987
f 981/981/981 742/742/742 741/741/741
f 981/981/981 741/741/741 984/984/984
f 984/984/984 741/741/741 744/744/744
f 984/984/984 744/744/744 986/986/986
f 978/978/978 985/985/985 988/988/988
f 978/978/978 988/988/988 989/989/989
f 989/989/989 988/988/988 990/990/990
f 989/989/989 990/990/990 991/991/991
f 985/985/985 987/987/987 992/992/992
f 985/985/985 992/992/992 988/988/988
f 988/988/988 992/992/992 993/993/993
f 988/988/988 993/993/993 990/990/990
f 978/978/978 989/989/989 994/994/994
f 978/978/978 994/994/994 979/979/979
f 979/979/979 994/994/994 995/995/995
f 979/979/979 995/995/995 982/982/982
f 989/989/989 991/991/991 996/996/996
f 989/989/989 996/996/996 994/994/994
f 994/994/994 996/996/996 997/997/997
f 994/994/994 997/997/997 995/995/995
f 998/998/998 999/999/999 1000/1000/1000
f 998/998/998 1000/1000/1000 1001/1001/1001
f 1001/1001/1001 1000/1000/1000 996/996/996
f 1001/1001/1001 996/996/996 991/991/991
f 999/999/999 1002/1002/1002 1003/1003/1003
f 999/999/999 1003/1003/1003 1000/1000/1000
f 1000/1000/1000 1003/1003/1003 997/997/997
f 1000/1000/1000 997/997/997 996/996/996
f 998/998/998 1001/1001/1001 1004/1004/1004
f 998/998/998 1004/1004/1004 1005/1005/1005
f 1005/1005/1005 1004/1004/1004 1006/1006/1006
f 1005/1005/1005 1006/1006/1006 1007/1007/1007
f 1001/1001/1001 991/991/991 990/990/990
f 1001/1001/1001 990/990/990 1004/1004/1004
f 1004/1004/1004 990/990/990 993/993/993
f 1004/1004/1004 993/993/993 1006/1006/1006
f 998/998/998 1005/1005/1005 1008/1008/1008
f 998/998/998 1008/1008/1008 1009/1009/1009
f 1009/1009/1009 1008/1008/1008 1010/1010/1010
f 1009/1009/1009 1010/1010/1010 1011/1011/1011
f 1005/1005/1005 1007/1007/1007 1012/1012/1012
f 1005/1005/1005 1012/1012/1012 1008/1008/1008
f 1008/1008/1008 1012/1012/1012 1013/1013/1013
f 1008/1008/1008 1013/1013/1013 1010/1010/1010
f 998/998/998 1009/1009/1009 1014/1014/1014
f 998/998/998 1014/1014/1014 999/999/999
f 999/999/999 1014/1014/1014 1015/1015/1015
f 999/999/999 1015/1015/1015 1002/1002/1002
f 1009/1009/1009 1011/1011/1011 1016/1016/1016
f 1009/1009/1009 1016/1016/1016 1014/1014/1014
f 1014/1014/1014 1016/1016/1016 1017/1017/1017
f 1014/1014/1014 1017/1017/1017 1015/1015/1015
f 1018/1018/1018 1019/1019/1019 1020/1020/1020
f 1018/1018/1018 1020/1020/1020 1021/1021/1021
f 1021/1021/1021 1020/1020/1020 772/772/772
f 1021/1021/1021 772/772/772 767/767/767
f 1019/1019/1019 1022/1022/1022 1023/1023/1023
f 1019/1019/1019 1023/1023/1023 1020/1020/1020
f 1020/1020/1020 1023/1023/1023 773/773/773
f 1020/1020/1020 773/773/773 772/772/772
f 1018/1018/1018 1021/1021/1021 1024/1024/1024
f 1018/1018/1018 1024/1024/1024 1025/1025/1025
f 1025/1025/1025 1024/1024/1024 1026/1026/1026
f 1025/1025/1025 1026/1026/1026 1027/1027/1027
f 1021/1021/1021 767/767/767 766/766/766
f 1021/1021/1021 766/766/766 1024/1024/1024
f 1024/1024/1024 766/766/766 769/769/769
f 1024/1024/1024 769/769/769 1026/1026/1026
f 1018/1018/1018 1025/1025/1025 1028/1028/1028
f 1018/1018/1018 1028/1028/1028 1029/1029/1029
f 1029/1029/1029 1028/1028/1028 1030/1030/1030
f 1029/1029/1029 1030/1030/1030 1031/1031/1031
f 1025/1025/1025 1027/1027/1027 1032/1032/1032
f 1025/1025/1025 1032/1032/1032 1028/1028/1028
f 1028/1028/1028 1032/1032/1032 1033/1033/1033
f 1028/1028/1028 1033/1033/1033 1030/1030/1030
f 1018/1018/1018 1029/1029/1029 1034/1034/1034
f 1018/1018/1018 1034/1034/1034 1019/1019/1019
f 1019/1019/1019 1034/1034/1034 1035/1035/1035
f 1019/1019/1019 1035/1035/1035 1022/1022/1022
f 1029/1029/1029 1031/1031/1031 1036/1036/1036
f 1029/1029/1029 1036/1036/1036 1034/1034/1034
f 1034/1034/1034 1036/1036/1036 1037/1037/1037
f 1034/1034/1034 1037/1037/1037 1035/1035/1035
f 1038/1038/1038 1039/1039/1039 1040/1040/1040
f 1038/1038/1038 1040/1040/1040 1041/1041/1041
f 1041/1041/1041 1040/1040/1040 1036/1036/1036
f 1041/1041/1041 1036/1036/1036 1031/1031/1031
f 1039/1039/1039 1042/1042/1042 1043/1043/1043
f 1039/1039/1039 1043/1043/1043 1040/1040/1040
f 1040/1040/1040 1043/1043/1043 1037/1037/1037
f 1040/1040/1040 1037/1037/1037 1036/1036/1036
f 1038/1038/1038 1041/1041/1041 1044/1044/1044
f 1038/1038/1038 1044/1044/1044 1045/1045/1045
f 1045/1045/1045 1044/1044/1044 1046/1046/1046
f 1045/1045/1045 1046/1046/1046 1047/1047/1047
f 1041/1041/1041 1031/1031/1031 1030/1030/1030
f 1041/1041/1041 1030/1030/1030 1044/1044/1044
f 1044/1044/1044 1030/1030/1030 1033/1033/1033
f 1044/1044/1044 1033/1033/1033 1046/1046/1046
f 1038/1038/1038 1045/1045/1045 1048/1048/1048
f 1038/1038/1038 1048/1048/1048 1049/1049/1049
f 1049/1049/1049 1048/1048/1048 1050/1050/1050
f 1049/1049/1049 1050/1050/1050 1051/1051/1051
f 1045/1045/1045 1047/1047/1047 1052/1052/1052
f 1045/1045/1045 1052/1052/1052 1048/1048/1048
f 1048/1048/1048 1052/1052/1052 1053/1053/1053
f 1048/1048/1048 1053/1053/1053 1050/1050/1050
f 1038/1038/1038 1049/1049/1049 1054/1054/1054
f 1038/1038/1038 1054/1054/1054 1039/1039/1039
f 1039/1039/1039 1054/1054/1054 1055/1055/1055
f 1039/1039/1039 1055/1055/1055 1042/1042/1042
f 1049/1049/1049 1051/1051/1051 1056/1056/1056
f 1049/1049/1049 1056/1056/1056 1054/1054/1054
f 1054/1054/1054 1056/1056/1056 1057/1057/1057
f 1054/1054/1054 1057/1057/1057 1055/1055/1055
f 1058/1058/1058 1059/1059/1059 1060/1060/1060
f 1058/1058/1058 1060/1060/1060 1061/1061/1061
f 1061/1061/1061 1060/1060/1060 1062/1062/1062
f 1061/1061/1061 1062/1062/1062 1063/1063/1063
f 1059/1059/1059 1064/1064/1064 1065/1065/1065
f 1059/1059/1059 1065/1065/1065 1060/1060/1060
f 1060/1060/1060 1065/1065/1065 1066/1066/1066
f 1060/1060/1060 1066/1066/1066 1062/1062/1062
f 1058/1058/1058 1061/1061/1061 1067/1067/1067
f 1058/1058/1058 1067/1067/1067 1068/1068/1068
f 1068/1068/1068 1067/1067/1067 1069/1069/1069
f 1068/1068/1068 1069/1069/1069 1070/1070/1070
f 1061/1061/1061 1063/1063/1063 1071/1071/1071
f 1061/1061/1061 1071/1071/1071 1067/1067/1067
f 1067/1067/1067 1071/1071/1071 1072/1072/1072
f 1067/1067/1067 1072/1072/1072 1069/1069/1069
f 1058/1058/1058 1068/1068/1068 1073/1073/1073
f 1058/1058/1058 1073/1073/1073 1074/1074/1074
f 1074/1074/1074 1073/1073/1073 1075/1075/1075
f 1074/1074/1074 1075/1075/1075 1076/1076/1076
f 1068/1068/1068 1070/1070/1070 1077/1077/1077
f 1068/1068/1068 1077/1077/1077 1073/1073/1073
f 1073/1073/1073 1077/1077/1077 1078/1078/1078
f 1073/1073/1073 1078/1078/1078 1075/1075/1075
f 1058/1058/1058 1074/1074/1074 1079/1079/1079
f 1058/1058/1058 1079/1079/1079 1059/1059/1059
f 1059/1059/1059 1079/1079/1079 1080/1080/1080
f 1059/1059/1059 1080/1080/1080 1064/1064/1064
f 1074/1074/1074 1076/1076/1076 1081/1081/1081
f 1074/1074/1074 1081/1081/1081 1079/1079/1079
f 1079/1079/1079 1081/1081/1081 1082/1082/1082
f 1079/1079/1079 1082/1082/1082 1080/1080/1080
f 1083/1083/1083 1084/1084/1084 1085/1085/1085
f 1083/1083/1083 1085/1085/1085 1086/1086/1086
f 1086/1086/1086 1085/1085/1085 1081/1081/1081
f 1086/1086/1086 1081/1081/1081 1076/1076/1076
f 1084/1084/1084 1087/1087/1087 1088/1088/1088
f 1084/1084/1084 1088/1088/1088 1085/1085/1085
f 1085/1085/1085 1088/1088/1088 1082/1082/1082
f 1085/1085/1085 1082/1082/1082 1081/1081/1081
f 1083/1083/1083 1086/1086/1086 1089/1089/1089
f 1083/1083/1083 1089/1089/1089 1090/1090/1090
f 1090/1090/1090 1089/1089/1089 1091/1091/1091
f 1090/1090/1090 1091/1091/1091 1092/1092/1092
f 1086/1086/1086 1076/1076/1076 1075/1075/1075
f 1086/1086/1086 1075/1075/1075 1089/1089/1089
f 1089/1089/1089 1075/1075/1075 1078/1078/1078
f 1089/1089/1089 1078/1078/1078 1091/1091/1091
f 1083/1083/1083 1090/1090/1090 1093/1093/1093
f 1083/1083/1083 1093/1093/1093 1094/1094/1094
f 1094/1094/1094 1093/1093/1093 787/787/787
f 1094/1094/1094 787/787/787 779/779/779
f 1090/1090/1090 1092/1092/1092 1095/1095/1095
f 1090/1090/1090 1095/1095/1095 1093/1093/1093
f 1093/1093/1093 1095/1095/1095 788/788/788
f 1093/1093/1093 788/788/788 787/787/787
f 1083/1083/1083 1094/1094/1094 1096/1096/1096
f 1083/1083/1083 1096/1096/1096 1084/1084/1084
f 1084/1084/1084 1096/1096/1096 1097/1097/1097
f 1084/1084/1084 1097/1097/1097 1087/1087/1087
f 1094/1094/1094 779/779/779 778/778/778
f 1094/1094/1094 778/778/778 1096/1096/1096
f 1096/1096/1096 778/778/778 782/782/782
f 1096/1096/1096 782/782/782 1097/1097/1097
f 1098/1098/1098 1099/1099/1099 1100/1100/1100
f 1098/1098/1098 1100/1100/1100 1101/1101/1101
f 1101/1101/1101 1100/1100/1100 1102/1102/1102
f 1101/1101/1101 1102/1102/1102 1103/1103/1103
f 1099/1099/1099 1104/1104/1104 1105/1105/1105
f 1099/1099/1099 1105/1105/1105 1100/1100/1100
f 1100/1100/1100 1105/1105/1105 1106/1106/1106
f 1100/1100/1100 1106/1106/1106 1102/1102/1102
f 1098/1098/1098 1101/1101/1101 1107/1107/1107
f 1098/1098/1098 1107/1107/1107 1108/1108/1108
f 1108/1108/1108 1107/1107/1107 1065/1065/1065
f 1108/1108/1108 1065/1065/1065 1064/1064/1064
f 1101/1101/1101 1103/1103/1103 1109/1109/1109
f 1101/1101/1101 1109/1109/1109 1107/1107/1107
f 1107/1107/1107 1109/1109/1109 1066/1066/1066
f 1107/1107/1107 1066/1066/1066 1065/1065/1065
f 1098/1098/1098 1108/1108/1108 1110/1110/1110
f 1098/1098/1098 1110/1110/1110 1111/1111/1111
f 1111/1111/1111 1110/1110/1110 1112/1112/1112
f 1111/1111/1111 1112/1112/1112 1113/1113/1113
f 1108/1108/1108 1064/1064/1064 1080/1080/1080
f 1108/1108/1108 1080/1080/1080 1110/1110/1110
f 1110/1110/1110 1080/1080/1080 1082/1082/1082
f 1110/1110/1110 1082/1082/1082 1112/1112/1112
f 1098/1098/1098 1111/1111/1111 1114/1114/1114
f 1098/1098/1098 1114/1114/1114 1099/1099/1099
f 1099/1099/1099 1114/1114/1114 1115/1115/1115
f 1099/1099/1099 1115/1115/1115 1104/1104/1104
f 1111/1111/1111 1113/1113/1113 1116/1116/1116
f 1111/1111/1111 1116/1116/1116 1114/1114/1114
f 1114/1114/1114 1116/1116/1116 1117/1117/1117
f 1114/1114/1114 1117/1117/1117 1115/1115/1115
f 1118/1118/1118 1119/1119/1119 1120/1120/1120
f 1118/1118/1118 1120/1120/1120 1121/1121/1121
f 1121/1121/1121 1120/1120/1120 1116/1116/1116
f 1121/1121/1121 1116/1116/1116 1113/1113/1113
f 1119/1119/1119 1122/1122/1122 1123/1123/1123
f 1119/1119/1119 1123/1123/1123 1120/1120/1120
f 1120/1120/1120 1123/1123/1123 1117/1117/1117
f 1120/1120/1120 1117/1117/1117 1116/1116/1116
f 1118/1118/1118 1121/1121/1121 1124/1124/1124
f 1118/1118/1118 1124/1124/1124 1125/1125/1125
f 1125/1125/1125 1124/1124/1124 1088/1088/1088
f 1125/1125/1125 1088/1088/1088 1087/1087/1087
f 1121/1121/1121 1113/1113/1113 1112/1112/1112
f 1121/1121/1121 1112/1112/1112 1124/1124/1124
f 1124/1124/1124 1112/1112/1112 1082/1082/1082
f 1124/1124/1124 1082/1082/1082 1088/1088/1088
f 1118/1118/1118 1125/1125/1125 1126/1126/1126
f 1118/1118/1118 1126/1126/1126 1127/1127/1127
f 1127/1127/1127 1126/1126/1126 810/810/810
f 1127/1127/1127 810/810/810 804/804/804
f 1125/1125/1125 1087/1087/1087 1097/1097/1097
f 1125/1125/1125 1097/1097/1097 1126/1126/1126
f 1126/1126/1126 1097/1097/1097 782/782/782
f 1126/1126/1126 782/782/782 810/810/810
f 1118/1118/1118 1127/1127/1127 1128/1128/1128
f 1118/1118/1118 1128/1128/1128 1119/1119/1119
f 1119/1119/1119 1128/1128/1128 1129/1129/1129
f 1119/1119/1119 1129/1129/1129 1122/1122/1122
f 1127/1127/1127 804/804/804 803/803/803
f 1127/1127/1127 803/803/803 1128/1128/1128
f 1128/1128/1128 803/803/803 807/807/807
f 1128/1128/1128 807/807/807 1129/1129/1129
f 1130/1130/1130 1131/1131/1131 1132/1132/1132
f 1130/1130/1130 1132/1132/1132 1133/1133/1133
f 1133/1133/1133 1132/1132/1132 1134/1134/1134
f 1133/1133/1133 1134/1134/1134 1135/1135/1135
f 1131/1131/1131 1136/1136/1136 1137/1137/1137
f 1131/1131/1131 1137/1137/1137 1132/1132/1132
f 1132/1132/1132 1137/1137/1137 1138/1138/1138
f 1132/1132/1132 1138/1138/1138 1134/1134/1134
f 1130/1130/1130 1133/1133/1133 1139/1139/1139
f 1130/1130/1130 1139/1139/1139 1140/1140/1140
f 1140/1140/1140 1139/1139/1139 1141/1141/1141
f 1140/1140/1140 1141/1141/1141 1142/1142/1142
f 1133/1133/1133 1135/1135/1135 1143/1143/1143
f 1133/1133/1133 1143/1143/1143 1139/1139/1139
f 1139/1139/1139 1143/1143/1143 1144/1144/1144
f 1139/1139/1139 1144/1144/1144 1141/1141/1141
f 1130/1130/1130 1140/1140/1140 1145/1145/1145
f 1130/1130/1130 1145/1145/1145 1146/1146/1146
f 1146/1146/1146 1145/1145/1145 1147/1147/1147
f 1146/1146/1146 1147/1147/1147 1148/1148/1148
f 1140/1140/1140 1142/1142/1142 1149/1149/1149
f 1140/1140/1140 1149/1149/1149 1145/1145/1145
f 1145/1145/1145 1149/1149/1149 1150/1150/1150
f 1145/1145/1145 1150/1150/1150 1147/1147/1147
f 1130/1130/1130 1146/1146/1146 1151/1151/1151
f 1130/1130/1130 1151/1151/1151 1131/1131/1131
f 1131/1131/1131 1151/1151/1151 1152/1152/1152
f 1131/1131/1131 1152/1152/1152 1136/1136/1136
f 1146/1146/1146 1148/1148/1148 1153/1153/1153
f 1146/1146/1146 1153/1153/1153 1151/1151/1151
f 1151/1151/1151 1153/1153/1153 1154/1154/1154
f 1151/1151/1151 1154/1154/1154 1152/1152/1152
f 1155/1155/1155 1156/1156/1156 1157/1157/1157
f 1155/1155/1155 1157/1157/1157 1158/1158/1158
f 1158/1158/1158 1157/1157/1157 1153/1153/1153
f 1158/1158/1158 1153/1153/1153 1148/1148/1148
f 1156/1156/1156 1159/1159/1159 1160/1160/1160
f 1156/1156/1156 1160/1160/1160 1157/1157/1157
f 1157/1157/1157 1160/1160/1160 1154/1154/1154
f 1157/1157/1157 1154/1154/1154 1153/1153/1153
f 1155/1155/1155 1158/1158/1158 1161/1161/1161
f 1155/1155/1155 1161/1161/1161 1162/1162/1162
f 1162/1162/1162 1161/1161/1161 1163/1163/1163
f 1162/1162/1162 1163/1163/1163 1164/1164/1164
f 1158/1158/1158 1148/1148/1148 1147/1147/1147
f 1158/1158/1158 1147/1147/1147 1161/1161/1161
f 1161/1161/1161 1147/1147/1147 1150/1150/1150
f 1161/1161/1161 1150/1150/1150 1163/1163/1163
f 1155/1155/1155 1162/1162/1162 1165/1165/1165
f 1155/1155/1155 1165/1165/1165 1166/1166/1166
f 1166/1166/1166 1165/1165/1165 1167/1167/1167
f 1166/1166/1166 1167/1167/1167 1168/1168/1168
f 1162/1162/1162 1164/1164/1164 1169/1169/1169
f 1162/1162/1162 1169/1169/1169 1165/1165/1165
f 1165/1165/1165 1169/1169/1169 1170/1170/1170
f 1165/1165/1165 1170/1170/1170 1167/1167/1167
f 1155/1155/1155 1166/1166/1166 1171/1171/1171
f 1155/1155/1155 1171/1171/1171 1156/1156/1156
f 1156/1156/1156 1171/1171/1171 1172/1172/1172
f 1156/1156/1156 1172/1172/1172 1159/1159/1159
f 1166/1166/1166 1168/1168/1168 1173/1173/1173
f 1166/1166/1166 1173/1173/1173 1171/1171/1171
f 1171/1171/1171 1173/1173/1173 1174/1174/1174
f 1171/1171/1171 1174/1174/1174 1172/1172/1172
f 1175/1175/1175 1176/1176/1176 1177/1177/1177
f 1175/1175/1175 1177/1177/1177 1178/1178/1178
f 1178/1178/1178 1177/1177/1177 1179/1179/1179
f 1178/1178/1178 1179/1179/1179 1180/1180/1180
f 1176/1176/1176 1181/1181/1181 1182/1182/1182
f 1176/1176/1176 1182/1182/1182 1177/1177/1177
f 1177/1177/1177 1182/1182/1182 1183/1183/1183
f 1177/1177/1177 1183/1183/1183 1179/1179/1179
f 1175/1175/1175 1178/1178/1178 1184/1184/1184
f 1175/1175/1175 1184/1184/1184 1185/1185/1185
f 1185/1185/1185 1184/1184/1184 1137/1137/1137
f 1185/1185/1185 1137/1137/1137 1136/1136/1136
f 1178/1178/1178 1180/1180/1180 1186/1186/1186
f 1178/1178/1178 1186/1186/1186 1184/1184/1184
f 1184/1184/1184 1186/1186/1186 1138/1138/1138
f 1184/1184/1184 1138/1138/1138 1137/1137/1137
f 1175/1175/1175 1185/1185/1185 1187/1187/1187
f 1175/1175/1175 1187/1187/1187 1188/1188/1188
f 1188/1188/1188 1187/1187/1187 1189/1189/1189
f 1188/1188/1188 1189/1189/1189 1190/1190/1190
f 1185/1185/1185 1136/1136/1136 1152/1152/1152
f 1185/1185/1185 1152/1152/1152 1187/1187/1187
f 1187/1187/1187 1152/1152/1152 1154/1154/1154
f 1187/1187/1187 1154/1154/1154 1189/1189/1189
f 1175/1175/1175 1188/1188/1188 1191/1191/1191
f 1175/1175/1175 1191/1191/1191 1176/1176/1176
f 1176/1176/1176 1191/1191/1191 1192/1192/1192
f 1176/1176/1176 1192/1192/1192 1181/1181/1181
f 1188/1188/1188 1190/1190/1190 1193/1193/1193
f 1188/1188/1188 1193/1193/1193 1191/1191/1191
f 1191/1191/1191 1193/1193/1193 1194/1194/1194
f 1191/1191/1191 1194/1194/1194 1192/1192/1192
f 1195/1195/1195 1196/1196/1196 1197/1197/1197
f 1195/1195/1195 1197/1197/1197 1198/1198/1198
f 1198/1198/1198 1197/1197/1197 1193/1193/1193
f 1198/1198/1198 1193/1193/1193 1190/1190/1190
f 1196/1196/1196 1199/1199/1199 1200/1200/1200
f 1196/1196/1196 1200/1200/1200 1197/1197/1197
f 1197/1197/1197 1200/1200/1200 1194/1194/1194
f 1197/1197/1197 1194/1194/1194 1193/1193/1193
f 1195/1195/1195 1198/1198/1198 1201/1201/1201
f 1195/1195/1195 1201/1201/1201 1202/1202/1202
f 1202/1202/1202 1201/1201/1201 1160/1160/1160
f 1202/1202/1202 1160/1160/1160 1159/1159/1159
f 1198/1198/1198 1190/1190/1190 1189/1189/1189
f 1198/1198/1198 1189/1189/1189 1201/1201/1201
f 1201/1201/1201 1189/1189/1189 1154/1154/1154
f 1201/1201/1201 1154/1154/1154 1160/1160/1160
f 1195/1195/1195 1202/1202/1202 1203/1203/1203
f 1195/1195/1195 1203/1203/1203 1204/1204/1204
f 1204/1204/1204 1203/1203/1203 1205/1205/1205
f 1204/1204/1204 1205/1205/1205 1206/1206/1206
f 1202/1202/1202 1159/1159/1159 1172/1172/1172
f 1202/1202/1202 1172/1172/1172 1203/1203/1203
f 1203/1203/1203 1172/1172/1172 1174/1174/1174
f 1203/1203/1203 1174/1174/1174 1205/1205/1205
f 1195/1195/1195 1204/1204/1204 1207/1207/1207
f 1195/1195/1195 1207/1207/1207 1196/1196/1196
f 1196/1196/1196 1207/1207/1207 1208/1208/1208
f 1196/1196/1196 1208/1208/1208 1199/1199/1199
f 1204/1204/1204 1206/1206/1206 1209/1209/1209
f 1204/1204/1204 1209/1209/1209 1207/1207/1207
f 1207/1207/1207 1209/1209/1209 1210/1210/1210
f 1207/1207/1207 1210/1210/1210 1208/1208/1208
f 1211/1211/1211 1212/1212/1212 1213/1213/1213
f 1211/1211/1211 1213/1213/1213 1214/1214/1214
f 1214/1214/1214 1213/1213/1213 1215/1215/1215
f 1214/1214/1214 1215/1215/1215 1216/1216/1216
f 1212/1212/1212 1217/1217/1217 1218/1218/1218
f 1212/1212/1212 1218/1218/1218 1213/1213/1213
f 1213/1213/1213 1218/1218/1218 1219/1219/1219
f 1213/1213/1213 1219/1219/1219 1215/1215/1215
f 1211/1211/1211 1214/1214/1214 1220/1220/1220
f 1211/1211/1211 1220/1220/1220 1221/1221/1221
f 1221/1221/1221 1220/1220/1220 1182/1182/1182
f 1221/1221/1221 1182/1182/1182 1181/1181/1181
f 1214/1214/1214 1216/1216/1216 1222/1222/1222
f 1214/1214/1214 1222/1222/1222 1220/1220/1220
f 1220/1220/1220 1222/1222/1222 1183/1183/1183
f 1220/1220/1220 1183/1183/1183 1182/1182/1182
f 1211/1211/1211 1221/1221/1221 1223/1223/1223
f 1211/1211/1211 1223/1223/1223 1224/1224/1224
f 1224/1224/1224 1223/1223/1223 1225/1225/1225
f 1224/1224/1224 1225/1225/1225 1226/1226/1226
f 1221/1221/1221 1181/1181/1181 1192/1192/1192
f 1221/1221/1221 1192/1192/1192 1223/1223/1223
f 1223/1223/1223 1192/1192/1192 1194/1194/1194
f 1223/1223/1223 1194/1194/1194 1225/1225/1225
f 1211/1211/1211 1224/1224/1224 1227/1227/1227
f 1211/1211/1211 1227/1227/1227 1212/1212/1212
f 1212/1212/1212 1227/1227/1227 1228/1228/1228
f 1212/1212/1212 1228/1228/1228 1217/1217/1217
f 1224/1224/1224 1226/1226/1226 1229/1229/1229
f 1224/1224/1224 1229/1229/1229 1227/1227/1227
f 1227/1227/1227 1229/1229/1229 1230/1230/1230
f 1227/1227/1227 1230/1230/1230 1228/1228/1228
f 1231/1231/1231 1232/1232/1232 1233/1233/1233
f 1231/1231/1231 1233/1233/1233 1234/1234/1234
f 1234/1234/1234 1233/1233/1233 1229/1229/1229
f 1234/1234/1234 1229/1229/1229 1226/1226/1226
f 1232/1232/1232 1235/1235/1235 1236/1236/1236
f 1232/1232/1232 1236/1236/1236 1233/1233/1233
f 1233/1233/1233 1236/1236/1236 1230/1230/1230
f 1233/1233/1233 1230/1230/1230 1229/1229/1229
f 1231/1231/1231 1234/1234/1234 1237/1237/1237
f 1231/1231/1231 1237/1237/1237 1238/1238/1238
f 1238/1238/1238 1237/1237/1237 1200/1200/1200
f 1238/1238/1238 1200/1200/1200 1199/1199/1199
f 1234/1234/1234 1226/1226/1226 1225/1225/1225
f 1234/1234/1234 1225/1225/1225 1237/1237/1237
f 1237/1237/1237 1225/1225/1225 1194/1194/1194
f 1237/1237/1237 1194/1194/1194 1200/1200/1200
f 1231/1231/1231 1238/1238/1238 1239/1239/1239
f 1231/1231/1231 1239/1239/1239 1240/1240/1240
f 1240/1240/1240 1239/1239/1239 1241/1241/1241
f 1240/1240/1240 1241/1241/1241 1242/1242/1242
f 1238/1238/1238 1199/1199/1199 1208/1208/1208
f 1238/1238/1238 1208/1208/1208 1239/1239/1239
f 1239/1239/1239 1208/1208/1208 1210/1210/1210
f 1239/1239/1239 1210/1210/1210 1241/1241/1241
f 1231/1231/1231 1240/1240/1240 1243/1243/1243
f 1231/1231/1231 1243/1243/1243 1232/1232/1232
f 1232/1232/1232 1243/1243/1243 1244/1244/1244
f 1232/1232/1232 1244/1244/1244 1235/1235/1235
f 1240/1240/1240 1242/1242/1242 1245/1245/1245
f 1240/1240/1240 1245/1245/1245 1243/1243/1243
f 1243/1243/1243 1245/1245/1245 1246/1246/1246
f 1243/1243/1243 1246/1246/1246 1244/1244/1244
