# Generated by lxe_pbrt_scene_convert
v -4.2097888 -0.127307996 1.290254
v -4.16177893 -0.127223998 1.29038
v -4.16177893 -0.119813003 1.28488803
v -4.2097888 -0.119909003 1.28477097
v -4.16177893 -0.112976 1.27869797
v -4.2097888 -0.113082998 1.27859104
v -4.11073399 -0.127187997 1.290434
v -4.11073399 -0.119772002 1.28493798
v -4.11073399 -0.11293 1.27874398
v -4.25172901 -0.120116003 1.28452003
v -4.25172901 -0.127489001 1.28998399
v -4.28456211 -0.120486997 1.28406596
v -4.28456211 -0.127814993 1.28949702
v -4.25172901 -0.113312997 1.27836096
v -4.28456211 -0.113727003 1.27794695
v -4.25172901 -0.135359004 1.29470503
v -4.2097888 -0.135205999 1.29499197
v -4.25172901 -0.143652007 1.29863298
v -4.2097888 -0.143528 1.29893398
v -4.28456211 -0.135636002 1.29418802
v -4.28456211 -0.143876001 1.29809201
v -4.16177893 -0.135134995 1.29512501
v -4.11073399 -0.135104001 1.29518199
v -4.16177893 -0.143470004 1.29907405
v -4.11073399 -0.143445 1.29913294
v -4.31683683 -0.128997996 1.28772604
v -4.30525303 -0.128334001 1.28872001
v -4.30525303 -0.121080004 1.28334403
v -4.31683683 -0.121838003 1.28242004
v -4.30525303 -0.114387996 1.27728605
v -4.31683683 -0.115232997 1.27644098
v -4.32235098 -0.122707002 1.28136206
v -4.32235098 -0.129758 1.286587
v -4.3248291 -0.123631001 1.28023601
v -4.3248291 -0.130566999 1.28537703
v -4.32235098 -0.116200998 1.27547204
v -4.3248291 -0.117230996 1.27444303
v -4.32235098 -0.137284994 1.29110205
v -4.31683683 -0.136638999 1.29231
v -4.32235098 -0.145215005 1.29485905
v -4.31683683 -0.144691005 1.29612398
v -4.3248291 -0.137970999 1.28981805
v -4.3248291 -0.145772994 1.29351401
v -4.30525303 -0.136076003 1.29336405
v -4.30525303 -0.144234002 1.29722798
v -4.2097888 -0.161134005 1.30426502
v -4.16177893 -0.161103994 1.30441403
v -4.16177893 -0.152154997 1.302176
v -4.2097888 -0.152199 1.30203104
v -4.11073399 -0.161091998 1.30447698
v -4.11073399 -0.152136996 1.30223703
v -4.25172901 -0.152293995 1.30172002
v -4.25172901 -0.161197007 1.30394602
v -4.28456211 -0.152464002 1.30115902
v -4.28456211 -0.161311999 1.30337095
v -4.25172901 -0.170275003 1.30529594
v -4.2097888 -0.170242995 1.30561996
v -4.25172901 -0.179440007 1.30575204
v -4.2097888 -0.179440007 1.306077
v -4.28456211 -0.170332 1.30471301
v -4.28456211 -0.179440007 1.30516601
v -4.16177893 -0.170228004 1.30577099
v -4.11073399 -0.170221999 1.30583501
v -4.16177893 -0.179440007 1.306229
v -4.11073399 -0.179440007 1.30629301
v -4.31683683 -0.161726996 1.301283
v -4.30525303 -0.161494002 1.30245495
v -4.30525303 -0.152734995 1.300264
v -4.31683683 -0.153081998 1.29912102
v -4.32235098 -0.153479993 1.29780996
v -4.32235098 -0.161993995 1.29993999
v -4.3248291 -0.153901994 1.296417
v -4.3248291 -0.162277997 1.29851198
v -4.32235098 -0.170674995 1.30123103
v -4.31683683 -0.170541003 1.30259299
v -4.32235098 -0.179440007 1.30166698
v -4.31683683 -0.179440007 1.30303597
v -4.3248291 -0.170818001 1.29978204
v -4.3248291 -0.179440007 1.30021
v -4.30525303 -0.170423999 1.30378306
v -4.30525303 -0.179440007 1.30423105
v -4.2097888 -0.197745994 1.30426502
v -4.16177893 -0.197776005 1.30441403
v -4.16177893 -0.188651994 1.30577099
v -4.2097888 -0.188637003 1.30561996
v -4.11073399 -0.197788 1.30447698
v -4.11073399 -0.188657999 1.30583501
v -4.25172901 -0.188604996 1.30529594
v -4.25172901 -0.197683007 1.30394602
v -4.28456211 -0.188547 1.30471301
v -4.28456211 -0.197567999 1.30337095
v -4.25172901 -0.206586003 1.30172002
v -4.2097888 -0.206680998 1.30203104
v -4.25172901 -0.215228006 1.29863298
v -4.2097888 -0.215351999 1.29893398
v -4.28456211 -0.206415996 1.30115902
v -4.28456211 -0.215002999 1.29809201
v -4.16177893 -0.206724003 1.302176
v -4.11073399 -0.206743002 1.30223703
v -4.16177893 -0.215409994 1.29907405
v -4.11073399 -0.215434998 1.29913294
v -4.31683683 -0.197153002 1.301283
v -4.30525303 -0.197385997 1.30245495
v -4.30525303 -0.188455999 1.30378306
v -4.31683683 -0.188338995 1.30259299
v -4.32235098 -0.188205004 1.30123103
v -4.32235098 -0.196886003 1.29993999
v -4.3248291 -0.188061997 1.29978204
v -4.3248291 -0.196602002 1.29851198
v -4.32235098 -0.205400005 1.29780996
v -4.31683683 -0.205798 1.29912102
v -4.32235098 -0.213663995 1.29485905
v -4.31683683 -0.214187995 1.29612398
v -4.3248291 -0.204977006 1.296417
v -4.3248291 -0.213107005 1.29351401
v -4.30525303 -0.206145003 1.300264
v -4.30525303 -0.214645997 1.29722798
v -4.2097888 -0.231572002 1.290254
v -4.16177893 -0.231656 1.29038
v -4.16177893 -0.223745003 1.29512501
v -4.2097888 -0.223673999 1.29499197
v -4.11073399 -0.231691003 1.290434
v -4.11073399 -0.223775998 1.29518199
v -4.25172901 -0.223520994 1.29470503
v -4.25172901 -0.231390998 1.28998399
v -4.28456211 -0.223243997 1.29418802
v -4.28456211 -0.231065005 1.28949702
v -4.25172901 -0.238764003 1.28452003
v -4.2097888 -0.238970995 1.28477097
v -4.25172901 -0.245566994 1.27836096
v -4.2097888 -0.245796993 1.27859104
v -4.28456211 -0.238391995 1.28406596
v -4.28456211 -0.245152995 1.277946
v -4.16177893 -0.239067003 1.28488803
v -4.11073399 -0.239107996 1.28493798
v -4.16177893 -0.245903999 1.27869797
v -4.11073399 -0.245949998 1.27874398
v -4.31683683 -0.229882002 1.28772604
v -4.30525303 -0.230545998 1.28872001
v -4.30525303 -0.222803995 1.29336405
v -4.31683683 -0.222240999 1.29231
v -4.32235098 -0.221595004 1.29110205
v -4.32235098 -0.229121 1.286587
v -4.3248291 -0.220908999 1.28981805
v -4.3248291 -0.228312001 1.28537703
v -4.32235098 -0.236173004 1.28136206
v -4.31683683 -0.237041995 1.28242004
v -4.32235098 -0.242679 1.27547204
v -4.31683683 -0.243646994 1.27644098
v -4.3248291 -0.235248998 1.28023601
v -4.3248291 -0.241649002 1.27444303
v -4.30525303 -0.237800002 1.28334403
v -4.30525303 -0.244491994 1.27728605
v -4.2097888 -0.257459998 1.26436603
v -4.16177893 -0.257586002 1.264449
v -4.16177893 -0.252094001 1.27186096
v -4.2097888 -0.251976997 1.27176499
v -4.11073399 -0.257640004 1.264485
v -4.11073399 -0.252144009 1.27190197
v -4.25172901 -0.251726002 1.27155805
v -4.25172901 -0.257189989 1.26418495
v -4.28456211 -0.251271993 1.27118599
v -4.28456211 -0.256702989 1.26385903
v -4.25172901 -0.261911005 1.25631499
v -4.2097888 -0.262198001 1.25646806
v -4.25172901 -0.26583901 1.24802196
v -4.2097888 -0.266140014 1.24814606
v -4.28456211 -0.261393994 1.25603795
v -4.28456211 -0.265298009 1.24779701
v -4.16177893 -0.262331009 1.25653899
v -4.11073399 -0.262387991 1.25656998
v -4.16177893 -0.266279995 1.24820399
v -4.11073399 -0.266339004 1.24822903
v -4.31683683 -0.254931986 1.262676
v -4.30525303 -0.255926013 1.26334
v -4.30525303 -0.250550002 1.270594
v -4.31683683 -0.249625996 1.269835
v -4.32235098 -0.248567998 1.26896703
v -4.32235098 -0.253794014 1.26191497
v -4.3248291 -0.247442007 1.26804304
v -4.3248291 -0.252582997 1.26110601
v -4.32235098 -0.258307993 1.25438905
v -4.31683683 -0.259516001 1.25503397
v -4.32235098 -0.262064993 1.24645805
v -4.31683683 -0.263330013 1.24698198
v -4.3248291 -0.25702399 1.253703
v -4.3248291 -0.260720015 1.24590099
v -4.30525303 -0.26056999 1.25559795
v -4.30525303 -0.264434993 1.24743998
v -4.2097888 -0.271470994 1.23054004
v -4.16177893 -0.271620005 1.23056901
v -4.16177893 -0.269382 1.23951805
v -4.2097888 -0.269237012 1.23947406
v -4.11073399 -0.271683007 1.230582
v -4.11073399 -0.269443005 1.239537
v -4.25172901 -0.268925995 1.23938
v -4.25172901 -0.27115199 1.23047698
v -4.28456211 -0.268364996 1.23921001
v -4.28456211 -0.270577013 1.23036206
v -4.25172901 -0.272502005 1.22139895
v -4.2097888 -0.272825986 1.22143102
v -4.25172901 -0.27295801 1.21223402
v -4.2097888 -0.273283005 1.21223402
v -4.28456211 -0.271919012 1.22134101
v -4.28456211 -0.272372007 1.21223402
v -4.16177893 -0.272976995 1.22144604
v -4.11073399 -0.27304101 1.221452
v -4.16177893 -0.273434997 1.21223402
v -4.11073399 -0.273499012 1.21223402
v -4.31683683 -0.268489003 1.22994697
v -4.30525303 -0.269661009 1.23018003
v -4.30525303 -0.267470986 1.23893905
v -4.31683683 -0.266326994 1.23859203
v -4.32235098 -0.265017003 1.23819399
v -4.32235098 -0.267145991 1.22967994
v -4.3248291 -0.263622999 1.23777103
v -4.3248291 -0.265718013 1.22939599
v -4.32235098 -0.268436998 1.22099805
v -4.31683683 -0.269800007 1.22113299
v -4.32235098 -0.268873006 1.21223402
v -4.31683683 -0.270242006 1.21223402
v -4.3248291 -0.266988009 1.22085595
v -4.3248291 -0.267416 1.21223402
v -4.30525303 -0.270989001 1.22125006
v -4.30525303 -0.271436989 1.21223402
v -4.2097888 -0.271470994 1.193928
v -4.16177893 -0.271620005 1.19389796
v -4.16177893 -0.272976995 1.203022
v -4.2097888 -0.272825986 1.20303702
v -4.11073399 -0.271683007 1.19388497
v -4.11073399 -0.27304101 1.20301604
v -4.25172901 -0.272502005 1.20306897
v -4.25172901 -0.27115199 1.19399095
v -4.28456211 -0.271919012 1.20312595
v -4.28456211 -0.270577013 1.19410503
v -4.25172901 -0.268925995 1.18508804
v -4.2097888 -0.269237012 1.18499303
v -4.25172901 -0.26583901 1.17644596
v -4.2097888 -0.266140014 1.17632198
v -4.28456211 -0.268364996 1.18525803
v -4.28456211 -0.265298009 1.17666996
v -4.16177893 -0.269382 1.18494904
v -4.11073399 -0.269443005 1.18493104
v -4.16177893 -0.266279995 1.17626405
v -4.11073399 -0.266339004 1.17623901
v -4.31683683 -0.268489003 1.19452095
v -4.30525303 -0.269661009 1.19428802
v -4.30525303 -0.270989001 1.20321798
v -4.31683683 -0.269800007 1.20333505
v -4.32235098 -0.268436998 1.20346904
v -4.32235098 -0.267145991 1.19478798
v -4.3248291 -0.266988009 1.20361197
v -4.3248291 -0.265718013 1.19507205
v -4.32235098 -0.265017003 1.18627405
v -4.31683683 -0.266326994 1.18587601
v -4.32235098 -0.262064993 1.17800903
v -4.31683683 -0.263330013 1.17748499
v -4.3248291 -0.263622999 1.18669605
v -4.3248291 -0.260720015 1.17856705
v -4.30525303 -0.267470986 1.18552899
v -4.30525303 -0.264434993 1.17702794
v -4.2097888 -0.257461011 1.16010201
v -4.16177893 -0.257586002 1.16001797
v -4.16177893 -0.262331009 1.16792798
v -4.2097888 -0.262198001 1.16799998
v -4.11073399 -0.257640004 1.15998197
v -4.11073399 -0.262387991 1.16789806
v -4.25172901 -0.261911005 1.16815305
v -4.25172901 -0.257189989 1.16028297
v -4.28456211 -0.261393994 1.16842902
v -4.28456211 -0.256702989 1.16060901
v -4.25172901 -0.251726002 1.15290904
v -4.2097888 -0.251976997 1.15270305
v -4.25172901 -0.245566994 1.146106
v -4.2097888 -0.245796993 1.14587605
v -4.28456211 -0.251271993 1.15328097
v -4.28456211 -0.245152995 1.14652097
v -4.16177893 -0.252094001 1.15260696
v -4.11073399 -0.252144009 1.15256596
v -4.16177893 -0.245903999 1.145769
v -4.11073399 -0.245949998 1.14572406
v -4.31683683 -0.254931986 1.16179204
v -4.30525303 -0.255926013 1.16112804
v -4.30525303 -0.26056999 1.16886997
v -4.31683683 -0.259516001 1.169433
v -4.32235098 -0.258307993 1.17007899
v -4.32235098 -0.253794014 1.162552
v -4.3248291 -0.25702399 1.17076504
v -4.3248291 -0.252582997 1.16336095
v -4.32235098 -0.248567998 1.15550101
v -4.31683683 -0.249625996 1.15463197
v -4.32235098 -0.242679 1.14899504
v -4.31683683 -0.243646994 1.14802694
v -4.3248291 -0.247442007 1.156425
v -4.3248291 -0.241649002 1.15002501
v -4.30525303 -0.250550002 1.15387404
v -4.30525303 -0.244491994 1.14718199
v -4.2097888 -0.231572002 1.13421297
v -4.16177893 -0.231656 1.13408697
v -4.16177893 -0.239067003 1.13958001
v -4.2097888 -0.238970995 1.13969696
v -4.11073399 -0.231691003 1.13403404
v -4.11073399 -0.239107996 1.13952994
v -4.25172901 -0.238764003 1.13994801
v -4.25172901 -0.231390998 1.13448405
v -4.28456211 -0.238391995 1.14040101
v -4.28456211 -0.231065005 1.13497102
v -4.25172901 -0.223520994 1.12976301
v -4.2097888 -0.223673999 1.12947595
v -4.25172901 -0.215228006 1.12583399
v -4.2097888 -0.215351999 1.12553406
v -4.28456211 -0.223243997 1.13028002
v -4.28456211 -0.215002999 1.12637603
v -4.16177893 -0.223745003 1.12934196
v -4.11073399 -0.223775998 1.12928605
v -4.16177893 -0.215409994 1.12539399
v -4.11073399 -0.215434998 1.12533498
v -4.31683683 -0.229882002 1.136742
v -4.30525303 -0.230545998 1.13574803
v -4.30525303 -0.237800002 1.14112401
v -4.31683683 -0.237041995 1.142048
v -4.32235098 -0.236173004 1.14310598
v -4.32235098 -0.229121 1.13787997
v -4.3248291 -0.235248998 1.14423203
v -4.3248291 -0.228312001 1.13909101
v -4.32235098 -0.221595004 1.13336599
v -4.31683683 -0.222240999 1.13215804
v -4.32235098 -0.213663995 1.12960899
v -4.31683683 -0.214187995 1.12834406
v -4.3248291 -0.220908999 1.13464999
v -4.3248291 -0.213107005 1.13095403
v -4.30525303 -0.222803995 1.13110399
v -4.30525303 -0.214645997 1.12723899
v -4.2097888 -0.197745994 1.12020195
v -4.16177893 -0.197776005 1.12005401
v -4.16177893 -0.206724003 1.12229204
v -4.2097888 -0.206680998 1.122437
v -4.11073399 -0.197788 1.11999094
v -4.11073399 -0.206743002 1.12223101
v -4.25172901 -0.206586003 1.12274802
v -4.25172901 -0.197683007 1.12052095
v -4.28456211 -0.206415996 1.12330902
v -4.28456211 -0.197567999 1.12109601
v -4.25172901 -0.188604996 1.11917102
v -4.2097888 -0.188637003 1.11884797
v -4.25172901 -0.179440007 1.118716
v -4.2097888 -0.179440007 1.11838996
v -4.28456211 -0.188547 1.11975503
v -4.28456211 -0.179440007 1.11930203
v -4.16177893 -0.188651994 1.11869705
v -4.11073399 -0.188657999 1.11863303
v -4.16177893 -0.179440007 1.11823905
v -4.11073399 -0.179440007 1.11817503
v -4.31683683 -0.197153002 1.12318504
v -4.30525303 -0.197385997 1.12201297
v -4.30525303 -0.206145003 1.12420297
v -4.31683683 -0.205798 1.12534702
v -4.32235098 -0.205400005 1.12665701
v -4.32235098 -0.196886003 1.12452805
v -4.3248291 -0.204977006 1.12805104
v -4.3248291 -0.196602002 1.12595606
v -4.32235098 -0.188205004 1.12323701
v -4.31683683 -0.188338995 1.12187397
v -4.32235098 -0.179440007 1.12280095
v -4.31683683 -0.179440007 1.12143195
v -4.3248291 -0.188061997 1.124686
v -4.3248291 -0.179440007 1.12425697
v -4.30525303 -0.188455999 1.12068498
v -4.30525303 -0.179440007 1.12023604
v -4.2097888 -0.161134005 1.12020195
v -4.16177893 -0.161103994 1.12005401
v -4.16177893 -0.170228004 1.11869705
v -4.2097888 -0.170242995 1.11884797
v -4.11073399 -0.161091998 1.11999094
v -4.11073399 -0.170221999 1.11863303
v -4.25172901 -0.170275003 1.11917198
v -4.25172901 -0.161197007 1.12052095
v -4.28456211 -0.170332 1.11975503
v -4.28456211 -0.161311999 1.12109601
v -4.25172901 -0.152293995 1.12274802
v -4.2097888 -0.152199 1.122437
v -4.25172901 -0.143652007 1.12583399
v -4.2097888 -0.143528 1.12553406
v -4.28456211 -0.152464002 1.12330902
v -4.28456211 -0.143876001 1.12637603
v -4.16177893 -0.152154997 1.12229204
v -4.11073399 -0.152136996 1.12223101
v -4.16177893 -0.143470004 1.12539399
v -4.11073399 -0.143445 1.12533498
v -4.31683683 -0.161726996 1.12318504
v -4.30525303 -0.161494002 1.12201297
v -4.30525303 -0.170423999 1.12068498
v -4.31683683 -0.170541003 1.12187397
v -4.32235098 -0.170674995 1.12323701
v -4.32235098 -0.161993995 1.12452805
v -4.3248291 -0.170818001 1.124686
v -4.3248291 -0.162277997 1.12595606
v -4.32235098 -0.153479993 1.12665701
v -4.31683683 -0.153081998 1.12534702
v -4.32235098 -0.145215005 1.12960899
v -4.31683683 -0.144691005 1.12834406
v -4.3248291 -0.153901994 1.12805104
v -4.3248291 -0.145772994 1.13095403
v -4.30525303 -0.152734995 1.12420297
v -4.30525303 -0.144234002 1.12723899
v -4.2097888 -0.127307996 1.13421297
v -4.16177893 -0.127223998 1.13408804
v -4.16177893 -0.135134995 1.12934196
v -4.2097888 -0.135205999 1.12947595
v -4.11073399 -0.127187997 1.13403404
v -4.11073399 -0.135104001 1.12928605
v -4.25172901 -0.135359004 1.12976301
v -4.25172901 -0.127489001 1.13448405
v -4.28456211 -0.135636002 1.13028002
v -4.28456211 -0.127814993 1.13497102
v -4.25172901 -0.120116003 1.13994801
v -4.2097888 -0.119909003 1.13969696
v -4.25172901 -0.113312997 1.146106
v -4.2097888 -0.113082998 1.14587605
v -4.28456211 -0.120486997 1.14040101
v -4.28456211 -0.113727003 1.14652097
v -4.16177893 -0.119813003 1.13958001
v -4.11073399 -0.119772002 1.13952994
v -4.16177893 -0.112976 1.145769
v -4.11073399 -0.11293 1.14572406
v -4.31683683 -0.128997996 1.136742
v -4.30525303 -0.128334001 1.13574803
v -4.30525303 -0.136076003 1.13110399
v -4.31683683 -0.136638999 1.13215804
v -4.32235098 -0.137284994 1.13336599
v -4.32235098 -0.129758 1.13787997
v -4.3248291 -0.137970999 1.13464999
v -4.3248291 -0.130566999 1.13909101
v -4.32235098 -0.122707002 1.14310598
v -4.31683683 -0.121838003 1.14204705
v -4.32235098 -0.116200998 1.14899504
v -4.31683683 -0.115232997 1.14802694
v -4.3248291 -0.123631001 1.14423203
v -4.3248291 -0.117230996 1.15002501
v -4.30525303 -0.121080004 1.14112401
v -4.30525303 -0.114387996 1.14718199
v -4.2097888 -0.101419002 1.16010201
v -4.16177893 -0.101294003 1.16001797
v -4.16177893 -0.106785998 1.15260696
v -4.2097888 -0.106903002 1.15270305
v -4.11073399 -0.101240002 1.15998197
v -4.11073399 -0.106735997 1.15256596
v -4.25172901 -0.107153997 1.15290904
v -4.25172901 -0.101690002 1.16028297
v -4.28456211 -0.107607 1.15328097
v -4.28456211 -0.102177002 1.16060901
v -4.25172901 -0.096969001 1.16815305
v -4.2097888 -0.0966819972 1.16799998
v -4.25172901 -0.0930399969 1.17644596
v -4.2097888 -0.0927399993 1.17632198
v -4.28456211 -0.0974859968 1.16842902
v -4.28456211 -0.0935819969 1.17666996
v -4.16177893 -0.0965479985 1.16792798
v -4.11073399 -0.0964919999 1.16789806
v -4.16177893 -0.0926000029 1.17626405
v -4.11073399 -0.0925410017 1.17623901
v -4.31683683 -0.103947997 1.16179204
v -4.30525303 -0.102954 1.16112804
v -4.30525303 -0.108329996 1.15387404
v -4.31683683 -0.109254003 1.15463197
v -4.32235098 -0.110312 1.15550101
v -4.32235098 -0.105085999 1.162552
v -4.3248291 -0.111437999 1.156425
v -4.3248291 -0.106297001 1.16336095
v -4.32235098 -0.100570999 1.17007899
v -4.31683683 -0.0993639976 1.169433
v -4.32235098 -0.0968149975 1.17800903
v -4.31683683 -0.0955500007 1.17748499
v -4.3248291 -0.101856001 1.17076504
v -4.3248291 -0.0981599987 1.17856705
v -4.30525303 -0.0983100012 1.16886997
v -4.30525303 -0.0944449976 1.17702794
v -4.2097888 -0.0874079987 1.193928
v -4.16177893 -0.0872600004 1.19389796
v -4.16177893 -0.0894979984 1.18494999
v -4.2097888 -0.0896430016 1.18499303
v -4.11073399 -0.0871969983 1.19388604
v -4.11073399 -0.0894370005 1.18493104
v -4.25172901 -0.0899540037 1.18508804
v -4.25172901 -0.0877270028 1.19399095
v -4.28456211 -0.0905150026 1.18525803
v -4.28456211 -0.0883020014 1.19410598
v -4.25172901 -0.0863780007 1.20306897
v -4.2097888 -0.0860539973 1.20303702
v -4.25172901 -0.0859220028 1.21223402
v -4.2097888 -0.0855960026 1.21223402
v -4.28456211 -0.0869610012 1.20312595
v -4.28456211 -0.0865079984 1.21223402
v -4.16177893 -0.0859029964 1.203022
v -4.11073399 -0.0858390033 1.20301604
v -4.16177893 -0.0854450017 1.21223402
v -4.11073399 -0.0853810012 1.21223402
v -4.31683683 -0.0903910026 1.19452095
v -4.30525303 -0.0892189965 1.19428802
v -4.30525303 -0.0914089978 1.18552899
v -4.31683683 -0.0925529972 1.18587601
v -4.32235098 -0.093863003 1.18627405
v -4.32235098 -0.0917339996 1.19478798
v -4.3248291 -0.0952569991 1.18669605
v -4.3248291 -0.0931620002 1.19507205
v -4.32235098 -0.0904430002 1.20346904
v -4.31683683 -0.0890799984 1.20333505
v -4.32235098 -0.0900069997 1.21223402
v -4.31683683 -0.0886380002 1.21223402
v -4.3248291 -0.0918919966 1.20361197
v -4.3248291 -0.0914629996 1.21223402
v -4.30525303 -0.0878909975 1.20321798
v -4.30525303 -0.0874420032 1.21223402
v -4.2097888 -0.0874079987 1.23054004
v -4.16177893 -0.0872600004 1.23056996
v -4.16177893 -0.0859029964 1.22144604
v -4.2097888 -0.0860539973 1.22143102
v -4.11073399 -0.0871969983 1.230582
v -4.11073399 -0.0858390033 1.221452
v -4.25172901 -0.0863780007 1.22139895
v -4.25172901 -0.0877280012 1.23047698
v -4.28456211 -0.0869610012 1.22134101
v -4.28456211 -0.0883029997 1.23036206
v -4.25172901 -0.0899540037 1.23938
v -4.2097888 -0.0896430016 1.23947501
v -4.25172901 -0.0930399969 1.24802196
v -4.2097888 -0.0927399993 1.24814606
v -4.28456211 -0.0905150026 1.23921001
v -4.28456211 -0.0935819969 1.24779701
v -4.16177893 -0.0894979984 1.23951805
v -4.11073399 -0.0894370005 1.239537
v -4.16177893 -0.0926000029 1.24820399
v -4.11073399 -0.0925410017 1.24822903
v -4.31683683 -0.0903910026 1.22994697
v -4.30525303 -0.0892189965 1.23018003
v -4.30525303 -0.0878909975 1.22125006
v -4.31683683 -0.0890799984 1.22113299
v -4.32235098 -0.0904430002 1.220999
v -4.32235098 -0.0917339996 1.22967994
v -4.3248291 -0.0918919966 1.22085595
v -4.3248291 -0.0931620002 1.22939599
v -4.32235098 -0.093863003 1.23819399
v -4.31683683 -0.0925529972 1.23859203
v -4.32235098 -0.0968149975 1.24645805
v -4.31683683 -0.0955500007 1.24698198
v -4.3248291 -0.0952569991 1.23777103
v -4.3248291 -0.0981599987 1.24590099
v -4.30525303 -0.0914089978 1.23893905
v -4.30525303 -0.0944449976 1.24743998
v -4.31683683 -0.103947997 1.262676
v -4.32235098 -0.105085999 1.26191497
v -4.32235098 -0.110312 1.26896703
v -4.31683683 -0.109254003 1.269835
v -4.3248291 -0.106297001 1.26110601
v -4.3248291 -0.111437999 1.26804304
v -4.30525303 -0.108329996 1.270594
v -4.30525303 -0.102954 1.26334
v -4.28456211 -0.107607998 1.27118599
v -4.28456211 -0.102177002 1.26385903
v -4.30525303 -0.0983100012 1.25559795
v -4.31683683 -0.0993639976 1.25503397
v -4.28456211 -0.0974859968 1.25603795
v -4.32235098 -0.100571997 1.25438905
v -4.3248291 -0.101856001 1.253703
v -4.2097888 -0.101419002 1.26436603
v -4.25172901 -0.101690002 1.26418495
v -4.25172901 -0.107153997 1.27155805
v -4.2097888 -0.106903002 1.27176499
v -4.16177893 -0.106785998 1.27186096
v -4.16177893 -0.101294003 1.26444995
v -4.11073399 -0.106735997 1.27190197
v -4.11073399 -0.101240002 1.264485
v -4.16177893 -0.0965479985 1.25653899
v -4.2097888 -0.0966819972 1.25646806
v -4.11073399 -0.0964919999 1.25656998
v -4.25172901 -0.096969001 1.25631499
v -4.32196617 -0.116224997 1.25447297
v -4.32196617 -0.112387002 1.24807405
v -4.32193422 -0.112873003 1.24781406
v -4.32193422 -0.116683997 1.25416601
v -4.3218689 -0.113274001 1.24759996
v -4.3218689 -0.117062002 1.253914
v -4.32196617 -0.109192997 1.24133098
v -4.32193422 -0.109701999 1.24111998
v -4.3218689 -0.110122003 1.24094605
v -4.32193422 -0.121094003 1.26011801
v -4.32196617 -0.120668001 1.26046801
v -4.32193422 -0.126065001 1.26560903
v -4.32196617 -0.125674993 1.26599896
v -4.3218689 -0.121445999 1.25983
v -4.3218689 -0.126386002 1.265288
v -4.32197714 -0.120191 1.26085901
v -4.32197714 -0.115713 1.25481498
v -4.32197714 -0.119690001 1.261271
v -4.32197714 -0.115172997 1.25517595
v -4.32197714 -0.125239 1.26643503
v -4.32197714 -0.124779999 1.26689398
v -4.32197714 -0.111842997 1.24836397
v -4.32197714 -0.108622998 1.24156702
v -4.32197714 -0.111271001 1.24866998
v -4.32197714 -0.108024001 1.24181604
v -4.32196617 -0.254007012 1.197402
v -4.32196617 -0.252196997 1.19016302
v -4.32197714 -0.252786011 1.18998396
v -4.32197714 -0.254611999 1.197281
v -4.32197714 -0.253407001 1.18979502
v -4.32197714 -0.25524801 1.197155
v -4.32196617 -0.249687001 1.18313599
v -4.32197714 -0.250256985 1.18290102
v -4.32197714 -0.250856012 1.182652
v -4.32197714 -0.255717993 1.20472205
v -4.32196617 -0.255104989 1.20478201
v -4.32197714 -0.256092012 1.21223402
v -4.32196617 -0.255475014 1.21223402
v -4.32197714 -0.256363988 1.20465803
v -4.32197714 -0.256740004 1.21223402
v -4.32193422 -0.254556 1.20483601
v -4.32193422 -0.25346601 1.19750905
v -4.3218689 -0.254103005 1.20488095
v -4.3218689 -0.253019989 1.19759798
v -4.32193422 -0.254922986 1.21223402
v -4.3218689 -0.254469007 1.21223402
v -4.32193422 -0.25166899 1.190323
v -4.32193422 -0.249178007 1.18334794
v -4.3218689 -0.251233995 1.19045496
v -4.3218689 -0.248758003 1.18352103
v -4.32196617 -0.137200996 1.27544904
v -4.32196617 -0.131206006 1.27100599
v -4.32193422 -0.131556004 1.27057898
v -4.32193422 -0.137508005 1.27498996
v -4.3218689 -0.131843999 1.27022803
v -4.3218689 -0.137759998 1.27461195
v -4.32193422 -0.143859997 1.27880096
v -4.32196617 -0.143600002 1.27928698
v -4.32193422 -0.150554001 1.28197205
v -4.32196617 -0.150343001 1.28248096
v -4.3218689 -0.144073993 1.27839994
v -4.3218689 -0.150728002 1.28155196
v -4.32197714 -0.143308997 1.27983105
v -4.32197714 -0.136859 1.27596104
v -4.32197714 -0.143004 1.28040302
v -4.32197714 -0.136498004 1.27650106
v -4.32197714 -0.150106996 1.28305101
v -4.32197714 -0.149857998 1.28365004
v -4.32197714 -0.130814999 1.27148199
v -4.32197714 -0.130402997 1.27198398
v -4.32196617 -0.194271997 1.28680098
v -4.32196617 -0.201510996 1.28498995
v -4.32197714 -0.201690003 1.28558004
v -4.32197714 -0.194392994 1.28740501
v -4.32197714 -0.201877996 1.286201
v -4.32197714 -0.194518998 1.28804195
v -4.32196617 -0.208536997 1.28248096
v -4.32197714 -0.208773002 1.28305101
v -4.32197714 -0.209022 1.28365004
v -4.32197714 -0.186951995 1.28851199
v -4.32196617 -0.186892003 1.28789794
v -4.32197714 -0.179440007 1.288885
v -4.32196617 -0.179440007 1.28826904
v -4.32197714 -0.187015995 1.28915799
v -4.32197714 -0.179440007 1.28953397
v -4.32193422 -0.186838001 1.28734899
v -4.32193422 -0.194165006 1.28626001
v -4.3218689 -0.186793 1.28689694
v -4.3218689 -0.194076002 1.28581405
v -4.32193422 -0.179440007 1.28771698
v -4.3218689 -0.179440007 1.28726304
v -4.32193422 -0.201351002 1.28446305
v -4.32193422 -0.208325997 1.28197205
v -4.3218689 -0.201219007 1.28402805
v -4.3218689 -0.208151996 1.28155196
v -4.32196617 -0.116224997 1.16999495
v -4.32196617 -0.112387002 1.17639399
v -4.32197714 -0.111842997 1.176103
v -4.32197714 -0.115713 1.16965199
v -4.32197714 -0.111271001 1.17579699
v -4.32197714 -0.115172997 1.16929197
v -4.32196617 -0.109192997 1.18313599
v -4.32197714 -0.108622998 1.18290102
v -4.32197714 -0.108024001 1.182652
v -4.32197714 -0.120191 1.16360903
v -4.32196617 -0.120668001 1.16400003
v -4.32197714 -0.125239 1.15803301
v -4.32196617 -0.125674993 1.15846896
v -4.32197714 -0.119690001 1.16319704
v -4.32197714 -0.124779999 1.15757406
v -4.32193422 -0.121094003 1.16435003
v -4.32193422 -0.116683997 1.17030096
v -4.3218689 -0.121445999 1.16463804
v -4.3218689 -0.117062002 1.17055404
v -4.32193422 -0.126065001 1.15885901
v -4.3218689 -0.126386002 1.15918005
v -4.32193422 -0.112873003 1.17665398
v -4.32193422 -0.109701999 1.18334794
v -4.3218689 -0.113274001 1.17686796
v -4.3218689 -0.110122003 1.18352103
v -4.32196617 -0.104873002 1.197402
v -4.32196617 -0.103775002 1.20478201
v -4.32197714 -0.103161998 1.20472205
v -4.32197714 -0.104268 1.197281
v -4.32197714 -0.102516003 1.20465803
v -4.32197714 -0.103632003 1.197155
v -4.32196617 -0.103404999 1.21223402
v -4.32197714 -0.102788001 1.21223402
v -4.32197714 -0.102139004 1.21223402
v -4.32197714 -0.106092997 1.18998396
v -4.32196617 -0.106683001 1.19016302
v -4.32197714 -0.105472997 1.18979502
v -4.32193422 -0.107211001 1.190323
v -4.32193422 -0.105414003 1.19750905
v -4.3218689 -0.107646003 1.19045496
v -4.3218689 -0.105860002 1.19759798
v -4.32193422 -0.104323998 1.20483601
v -4.32193422 -0.103955999 1.21223402
v -4.3218689 -0.104777001 1.20488095
v -4.3218689 -0.104410999 1.21223402
v -4.32196617 -0.104873002 1.22706604
v -4.32196617 -0.106683001 1.23430502
v -4.32197714 -0.106092997 1.23448396
v -4.32197714 -0.104268 1.22718596
v -4.32197714 -0.105472997 1.23467195
v -4.32197714 -0.103632003 1.22731304
v -4.32197714 -0.103161998 1.21974599
v -4.32196617 -0.103775002 1.21968603
v -4.32197714 -0.102516003 1.21980906
v -4.32193422 -0.104323998 1.21963203
v -4.32193422 -0.105414003 1.22695899
v -4.3218689 -0.104777001 1.21958697
v -4.3218689 -0.105860002 1.22686994
v -4.32193422 -0.107211001 1.23414505
v -4.3218689 -0.107646003 1.23401296
v -4.32196617 -0.137200996 1.149019
v -4.32196617 -0.131206006 1.15346205
v -4.32197714 -0.130814999 1.15298498
v -4.32197714 -0.136859 1.14850605
v -4.32197714 -0.130402997 1.15248406
v -4.32197714 -0.136498004 1.14796698
v -4.32197714 -0.143308997 1.14463699
v -4.32196617 -0.143600002 1.14517999
v -4.32197714 -0.150106996 1.14141703
v -4.32196617 -0.150343001 1.14198601
v -4.32197714 -0.143004 1.14406502
v -4.32197714 -0.149857998 1.140818
v -4.32193422 -0.143859997 1.14566696
v -4.32193422 -0.137508005 1.14947701
v -4.3218689 -0.144073993 1.14606798
v -4.3218689 -0.137759998 1.14985502
v -4.32193422 -0.150554001 1.14249599
v -4.3218689 -0.150728002 1.14291596
v -4.32193422 -0.131556004 1.15388799
v -4.3218689 -0.131843999 1.15424001
v -4.32196617 -0.164608002 1.13766694
v -4.32196617 -0.157369003 1.13947701
v -4.32197714 -0.157189995 1.13888705
v -4.32197714 -0.164487004 1.13706195
v -4.32197714 -0.157001004 1.13826597
v -4.32197714 -0.164361 1.13642597
v -4.32197714 -0.171928003 1.13595605
v -4.32196617 -0.171987996 1.13656902
v -4.32197714 -0.179440007 1.13558197
v -4.32196617 -0.179440007 1.136199
v -4.32197714 -0.171864003 1.13531005
v -4.32197714 -0.179440007 1.13493299
v -4.32193422 -0.172041997 1.13711798
v -4.32193422 -0.164715007 1.13820803
v -4.3218689 -0.172086999 1.13757098
v -4.3218689 -0.164803997 1.13865399
v -4.32193422 -0.179440007 1.13674998
v -4.3218689 -0.179440007 1.137205
v -4.32193422 -0.157528996 1.14000499
v -4.3218689 -0.157661006 1.14043999
v -4.32196617 -0.194271997 1.13766694
v -4.32196617 -0.186892003 1.13656902
v -4.32197714 -0.186951995 1.13595605
v -4.32197714 -0.194392994 1.13706195
v -4.32197714 -0.187015995 1.13531005
v -4.32197714 -0.194518998 1.13642597
v -4.32197714 -0.201690003 1.138888
v -4.32196617 -0.201510996 1.13947701
v -4.32197714 -0.208773002 1.14141703
v -4.32196617 -0.208536997 1.14198697
v -4.32197714 -0.201877996 1.13826597
v -4.32197714 -0.209022 1.140818
v -4.32193422 -0.201351002 1.14000499
v -4.32193422 -0.194165006 1.13820803
v -4.3218689 -0.201219007 1.14043999
v -4.3218689 -0.194076002 1.13865399
v -4.32193422 -0.208325997 1.14249599
v -4.3218689 -0.208151996 1.14291596
v -4.32193422 -0.186838001 1.13711798
v -4.3218689 -0.186793 1.13757098
v -4.32196617 -0.221679002 1.149019
v -4.32196617 -0.215279996 1.14517999
v -4.32197714 -0.215571001 1.14463699
v -4.32197714 -0.222020999 1.14850605
v -4.32197714 -0.215875998 1.14406502
v -4.32197714 -0.222381994 1.14796698
v -4.32197714 -0.228064999 1.15298498
v -4.32196617 -0.227674007 1.15346205
v -4.32197714 -0.233640999 1.15803301
v -4.32196617 -0.233205006 1.15846896
v -4.32197714 -0.228477001 1.15248406
v -4.32197714 -0.234099999 1.15757406
v -4.32193422 -0.227323994 1.15388799
v -4.32193422 -0.221371993 1.14947701
v -4.3218689 -0.227035999 1.15424001
v -4.3218689 -0.22112 1.14985502
v -4.32193422 -0.232814997 1.15885901
v -4.3218689 -0.232493997 1.15918005
v -4.32193422 -0.215020001 1.14566696
v -4.3218689 -0.214806005 1.14606798
v -4.32196617 -0.242654994 1.16999495
v -4.32196617 -0.238212004 1.16400003
v -4.32197714 -0.238689005 1.16360903
v -4.32197714 -0.243166998 1.16965199
v -4.32197714 -0.239189997 1.16319704
v -4.32197714 -0.243707001 1.16929197
v -4.32197714 -0.247036994 1.176103
v -4.32196617 -0.246492997 1.17639399
v -4.32197714 -0.247609004 1.17579699
v -4.32193422 -0.246006995 1.17665398
v -4.32193422 -0.242195994 1.17030096
v -4.3218689 -0.245606005 1.17686796
v -4.3218689 -0.241817996 1.17055404
v -4.32193422 -0.237785995 1.16435003
v -4.3218689 -0.237434 1.16463804
v -4.32196617 -0.254007012 1.22706604
v -4.32196617 -0.255104989 1.21968496
v -4.32197714 -0.255717993 1.21974599
v -4.32197714 -0.254611999 1.22718596
v -4.32197714 -0.256363988 1.21980906
v -4.32197714 -0.25524801 1.22731304
v -4.32197714 -0.252786011 1.23448396
v -4.32196617 -0.252196997 1.23430502
v -4.32197714 -0.250256985 1.24156702
v -4.32196617 -0.249687001 1.24133098
v -4.32197714 -0.253407001 1.23467195
v -4.32197714 -0.250856012 1.24181497
v -4.32193422 -0.25166899 1.23414505
v -4.32193422 -0.25346601 1.22695899
v -4.3218689 -0.251233995 1.23401296
v -4.3218689 -0.253019989 1.22686994
v -4.32193422 -0.249178007 1.24111998
v -4.3218689 -0.248758003 1.24094605
v -4.32193422 -0.254556 1.21963096
v -4.3218689 -0.254103005 1.21958697
v -4.32196617 -0.242654994 1.25447297
v -4.32196617 -0.246492997 1.24807405
v -4.32197714 -0.247036994 1.24836397
v -4.32197714 -0.243166998 1.25481498
v -4.32197714 -0.247609004 1.24866998
v -4.32197714 -0.243707001 1.25517595
v -4.32197714 -0.238688007 1.26085901
v -4.32196617 -0.238212004 1.26046801
v -4.32197714 -0.233640999 1.26643503
v -4.32196617 -0.233205006 1.26599896
v -4.32197714 -0.239189997 1.26127005
v -4.32197714 -0.234099999 1.26689398
v -4.32193422 -0.237785995 1.26011801
v -4.32193422 -0.242195994 1.25416601
v -4.3218689 -0.237434 1.25983
v -4.3218689 -0.241817996 1.253914
v -4.32193422 -0.232814997 1.26560903
v -4.3218689 -0.232492998 1.265288
v -4.32193422 -0.246006995 1.24781406
v -4.3218689 -0.245606005 1.24759996
v -4.32196617 -0.221679002 1.27544904
v -4.32196617 -0.227674007 1.27100599
v -4.32197714 -0.228064999 1.27148199
v -4.32197714 -0.222020999 1.27596104
v -4.32197714 -0.228477001 1.27198398
v -4.32197714 -0.222381994 1.27650106
v -4.32197714 -0.215571001 1.27983105
v -4.32196617 -0.215279996 1.27928698
v -4.32197714 -0.215875998 1.28040302
v -4.32193422 -0.215020001 1.27880096
v -4.32193422 -0.221371993 1.27498996
v -4.3218689 -0.214806005 1.27839994
v -4.3218689 -0.22112 1.27461195
v -4.32193422 -0.227323994 1.27058005
v -4.3218689 -0.227035999 1.27022803
v -4.32196617 -0.164608002 1.28680098
v -4.32196617 -0.171987996 1.28789794
v -4.32197714 -0.171928003 1.28851199
v -4.32197714 -0.164487004 1.28740501
v -4.32197714 -0.171864003 1.28915799
v -4.32197714 -0.164361 1.28804195
v -4.32197714 -0.157189995 1.28558004
v -4.32196617 -0.157369003 1.28498995
v -4.32197714 -0.157001004 1.286201
v -4.32193422 -0.157528996 1.28446305
v -4.32193422 -0.164715007 1.28626001
v -4.3218689 -0.157661006 1.28402805
v -4.3218689 -0.164803997 1.28581405
v -4.32193422 -0.172041997 1.28734899
v -4.3218689 -0.172086999 1.28689694
v -4.31624317 -0.166418001 1.277704
v -4.31574917 -0.166226 1.27866495
v -4.31574917 -0.159777999 1.27705204
v -4.31624317 -0.160062 1.27611399
v -4.31574917 -0.153518006 1.27481604
v -4.31624317 -0.153892994 1.273911
v -4.31573915 -0.166007996 1.27976096
v -4.3157382 -0.159453005 1.27812195
v -4.3157382 -0.15309 1.27584898
v -4.31695795 -0.160299003 1.27533197
v -4.31695795 -0.166576996 1.27690196
v -4.31763315 -0.160482004 1.27472901
v -4.31763315 -0.166700006 1.27628398
v -4.31695795 -0.154205993 1.27315605
v -4.31763315 -0.154447004 1.27257299
v -4.31695795 -0.172977999 1.27785397
v -4.31624317 -0.172896996 1.27866697
v -4.31695795 -0.179440007 1.278175
v -4.31624317 -0.179440007 1.27899301
v -4.31763315 -0.173039004 1.27722704
v -4.31763315 -0.179440007 1.27754498
v -4.31574917 -0.172801003 1.27964199
v -4.3157382 -0.172692001 1.28075504
v -4.31574917 -0.179440007 1.27997303
v -4.3157382 -0.179440007 1.28109097
v -4.31624317 -0.142355993 1.26773703
v -4.31574917 -0.141810998 1.26855099
v -4.31574917 -0.136471003 1.26459301
v -4.31624317 -0.137091994 1.26383603
v -4.31574917 -0.131542996 1.26013303
v -4.31624317 -0.132236004 1.25943995
v -4.31573915 -0.141190007 1.26948094
v -4.3157382 -0.135760993 1.26545799
v -4.3157382 -0.130751997 1.26092303
v -4.31695795 -0.137611002 1.26320398
v -4.31695795 -0.142810002 1.26705694
v -4.31763315 -0.138010994 1.26271701
v -4.31763315 -0.14316 1.26653302
v -4.31695795 -0.132814005 1.25886202
v -4.31763315 -0.133259997 1.25841606
v -4.31695795 -0.148359001 1.27038598
v -4.31624317 -0.147973999 1.27110696
v -4.31763315 -0.148655996 1.26982999
v -4.31574917 -0.147512004 1.27197099
v -4.3157382 -0.146984994 1.27295697
v -4.31624317 -0.123939998 1.24932003
v -4.31574917 -0.123125002 1.24986506
v -4.31574917 -0.119704999 1.24416399
v -4.31624317 -0.120569997 1.24370205
v -4.31574917 -0.116860002 1.23815799
v -4.31624317 -0.117766 1.23778296
v -4.31573915 -0.122194998 1.25048602
v -4.3157382 -0.118718997 1.24469101
v -4.3157382 -0.115827002 1.238585
v -4.31695795 -0.121290997 1.24331701
v -4.31695795 -0.124619998 1.24886596
v -4.31763315 -0.121847004 1.24302006
v -4.31763315 -0.125144005 1.24851596
v -4.31695795 -0.118520997 1.23747003
v -4.31763315 -0.119103 1.23722899
v -4.31695795 -0.128472 1.25406504
v -4.31624317 -0.127839997 1.25458395
v -4.31763315 -0.128959998 1.25366604
v -4.31574917 -0.127083004 1.25520504
v -4.3157382 -0.126218006 1.25591505
v -4.31624317 -0.113972999 1.22525799
v -4.31574917 -0.113012001 1.22544897
v -4.31574917 -0.112034 1.21887398
v -4.31624317 -0.113009997 1.21877801
v -4.31574917 -0.111703999 1.21223605
v -4.31624317 -0.112683997 1.21223605
v -4.31573915 -0.111915 1.225667
v -4.3157382 -0.110921003 1.21898401
v -4.3157382 -0.110586002 1.21223605
v -4.31695795 -0.113822997 1.21869802
v -4.31695795 -0.114775002 1.22509897
v -4.31763315 -0.11445 1.21863604
v -4.31763315 -0.115392998 1.22497594
v -4.31695795 -0.113502003 1.21223605
v -4.31763315 -0.114132002 1.21223605
v -4.31695795 -0.116345003 1.23137701
v -4.31624317 -0.115562998 1.23161399
v -4.31763315 -0.116948001 1.23119402
v -4.31574917 -0.114624999 1.23189795
v -4.3157382 -0.113554999 1.23222303
v -4.31624317 -0.113972999 1.19921398
v -4.31574917 -0.113012001 1.19902301
v -4.31574917 -0.114624999 1.19257402
v -4.31624317 -0.115562998 1.19285798
v -4.31574917 -0.116860002 1.18631494
v -4.31624317 -0.117766 1.18668997
v -4.31573915 -0.111915 1.19880402
v -4.3157382 -0.113554999 1.19224894
v -4.3157382 -0.115827002 1.18588603
v -4.31695795 -0.116345003 1.19309604
v -4.31695795 -0.114775002 1.19937301
v -4.31763315 -0.116948001 1.19327903
v -4.31763315 -0.115392998 1.19949603
v -4.31695795 -0.118520997 1.18700302
v -4.31763315 -0.119103 1.18724406
v -4.31695795 -0.113822997 1.20577395
v -4.31624317 -0.113009997 1.20569396
v -4.31763315 -0.11445 1.20583606
v -4.31574917 -0.112034 1.205598
v -4.3157382 -0.110921003 1.20548797
v -4.31624317 -0.123939998 1.17515194
v -4.31574917 -0.123125002 1.17460799
v -4.31574917 -0.127083004 1.16926706
v -4.31624317 -0.127840996 1.16988897
v -4.31574917 -0.131542996 1.16434002
v -4.31624317 -0.132237002 1.16503298
v -4.31573915 -0.122194998 1.17398596
v -4.3157382 -0.126218006 1.16855705
v -4.3157382 -0.130752996 1.16354895
v -4.31695795 -0.128472 1.17040801
v -4.31695795 -0.124619998 1.17560601
v -4.31763315 -0.128959998 1.170807
v -4.31763315 -0.125144005 1.17595696
v -4.31695795 -0.132815003 1.16561103
v -4.31763315 -0.133259997 1.16605699
v -4.31695795 -0.121290997 1.18115497
v -4.31624317 -0.120569997 1.18077004
v -4.31763315 -0.121847004 1.18145299
v -4.31574917 -0.119705997 1.18030798
v -4.3157382 -0.118718997 1.17978096
v -4.31624317 -0.142355993 1.15673602
v -4.31574917 -0.141810998 1.15592098
v -4.31574917 -0.147512004 1.15250194
v -4.31624317 -0.147973999 1.15336597
v -4.31574917 -0.153518006 1.14965701
v -4.31624317 -0.153894007 1.15056205
v -4.31573915 -0.141190007 1.15499103
v -4.3157382 -0.146984994 1.15151501
v -4.3157382 -0.15309 1.14862299
v -4.31695795 -0.148359001 1.15408695
v -4.31695795 -0.142810002 1.15741599
v -4.31763315 -0.148655996 1.15464306
v -4.31763315 -0.14316 1.15794003
v -4.31695795 -0.154205993 1.151317
v -4.31763315 -0.154448003 1.15190005
v -4.31695795 -0.137611002 1.16126895
v -4.31624317 -0.137092993 1.16063702
v -4.31763315 -0.138010994 1.16175604
v -4.31574917 -0.136471003 1.15987897
v -4.3157382 -0.135760993 1.15901399
v -4.31624317 -0.166418001 1.14677
v -4.31574917 -0.166226 1.14580798
v -4.31574917 -0.172801003 1.14482999
v -4.31624317 -0.172896996 1.14580595
v -4.31574917 -0.179440007 1.14450002
v -4.31624317 -0.179440007 1.14548099
v -4.31573915 -0.166007996 1.14471102
v -4.3157382 -0.172692001 1.14371705
v -4.3157382 -0.179440007 1.14338195
v -4.31695795 -0.172977999 1.14661896
v -4.31695795 -0.166576996 1.14757097
v -4.31763315 -0.173039004 1.14724696
v -4.31763315 -0.166700006 1.14819002
v -4.31695795 -0.179440007 1.14629805
v -4.31763315 -0.179440007 1.14692903
v -4.31695795 -0.160299003 1.14914095
v -4.31624317 -0.160062 1.14835894
v -4.31763315 -0.160482004 1.14974499
v -4.31574917 -0.159777999 1.147421
v -4.3157382 -0.159453005 1.14635098
v -4.31624317 -0.192461997 1.14677
v -4.31574917 -0.192653 1.14580798
v -4.31574917 -0.199101999 1.147421
v -4.31624317 -0.198817 1.14835894
v -4.31574917 -0.205360994 1.14965606
v -4.31624317 -0.204986006 1.15056205
v -4.31573915 -0.192871004 1.14471102
v -4.3157382 -0.199425995 1.14635098
v -4.3157382 -0.205789 1.14862299
v -4.31695795 -0.198579997 1.14914095
v -4.31695795 -0.192302004 1.14757097
v -4.31763315 -0.198396996 1.14974499
v -4.31763315 -0.192178994 1.14819002
v -4.31695795 -0.204673007 1.151317
v -4.31763315 -0.204431996 1.15190005
v -4.31695795 -0.185901999 1.14661896
v -4.31624317 -0.185982004 1.14580595
v -4.31763315 -0.185839996 1.14724696
v -4.31574917 -0.186077997 1.14483094
v -4.3157382 -0.186186999 1.14371705
v -4.31624317 -0.216523007 1.15673602
v -4.31574917 -0.217068002 1.15592098
v -4.31574917 -0.222407997 1.15987897
v -4.31624317 -0.221787006 1.16063702
v -4.31574917 -0.227336004 1.16434002
v -4.31624317 -0.226642996 1.16503298
v -4.31573915 -0.217688993 1.15499103
v -4.3157382 -0.223118007 1.15901399
v -4.3157382 -0.228127003 1.16354799
v -4.31695795 -0.221267998 1.16126895
v -4.31695795 -0.216068998 1.15741599
v -4.31763315 -0.220868006 1.16175604
v -4.31763315 -0.215719 1.15794003
v -4.31695795 -0.226064995 1.16561103
v -4.31763315 -0.225619003 1.16605699
v -4.31695795 -0.210519999 1.15408695
v -4.31624317 -0.210905001 1.15336597
v -4.31763315 -0.210223004 1.15464306
v -4.31574917 -0.211366996 1.15250194
v -4.3157382 -0.211895004 1.15151501
v -4.31624317 -0.234938994 1.17515194
v -4.31574917 -0.235753998 1.17460799
v -4.31574917 -0.239173993 1.18030798
v -4.31624317 -0.238308996 1.18077004
v -4.31574917 -0.242018998 1.18631494
v -4.31624317 -0.241113007 1.18668997
v -4.31573915 -0.236683995 1.17398596
v -4.3157382 -0.240160003 1.17978096
v -4.31573915 -0.243052006 1.18588603
v -4.31695795 -0.237588003 1.18115497
v -4.31695795 -0.234259993 1.17560601
v -4.31763315 -0.237031996 1.18145299
v -4.31763315 -0.233734995 1.17595696
v -4.31695795 -0.240357995 1.18700302
v -4.31763315 -0.239776 1.18724406
v -4.31695795 -0.230407 1.17040801
v -4.31624317 -0.231039003 1.16988897
v -4.31763315 -0.229919001 1.170807
v -4.31574917 -0.231795996 1.16926706
v -4.3157382 -0.232660994 1.16855705
v -4.31624317 -0.244905993 1.19921398
v -4.31574917 -0.245866999 1.19902301
v -4.31574917 -0.246845007 1.205598
v -4.31624317 -0.245869994 1.20569396
v -4.31574917 -0.247174993 1.21223605
v -4.31624317 -0.246195003 1.21223605
v -4.31573915 -0.246963993 1.19880402
v -4.3157382 -0.247958004 1.20548797
v -4.3157382 -0.248293996 1.21223605
v -4.31695795 -0.245056003 1.20577395
v -4.31695795 -0.244103998 1.19937301
v -4.31763315 -0.244429007 1.20583606
v -4.31763315 -0.243486002 1.19949603
v -4.31695795 -0.245377004 1.21223605
v -4.31763315 -0.244746998 1.21223605
v -4.31695795 -0.242533997 1.19309604
v -4.31624317 -0.243315995 1.19285798
v -4.31763315 -0.241931006 1.19327903
v -4.31574917 -0.244253993 1.19257402
v -4.3157382 -0.245324999 1.19224894
v -4.31624317 -0.244905993 1.22525799
v -4.31574917 -0.245866999 1.22544897
v -4.31574917 -0.244253993 1.23189795
v -4.31624317 -0.243315995 1.23161399
v -4.31574917 -0.242018998 1.23815799
v -4.31624317 -0.241113007 1.23778296
v -4.31573915 -0.246963993 1.225667
v -4.3157382 -0.245324999 1.23222303
v -4.3157382 -0.243052006 1.238585
v -4.31695795 -0.242533997 1.23137701
v -4.31695795 -0.244103998 1.22509897
v -4.31763315 -0.241931006 1.23119402
v -4.31763315 -0.243486002 1.22497594
v -4.31695795 -0.240357995 1.23747003
v -4.31763315 -0.239776 1.23722899
v -4.31695795 -0.245056003 1.21869802
v -4.31624317 -0.245869994 1.21877801
v -4.31763315 -0.244429007 1.21863604
v -4.31574917 -0.246845007 1.21887398
v -4.3157382 -0.247958004 1.21898401
v -4.31624317 -0.234938994 1.24932003
v -4.31574917 -0.235753998 1.24986506
v -4.31574917 -0.231795996 1.25520504
v -4.31624317 -0.231039003 1.25458395
v -4.31574917 -0.227336004 1.26013303
v -4.31624317 -0.226642996 1.25943995
v -4.31573915 -0.236683995 1.25048602
v -4.3157382 -0.232660994 1.25591505
v -4.3157382 -0.228127003 1.26092303
v -4.31695795 -0.230407 1.25406504
v -4.31695795 -0.234259993 1.24886596
v -4.31763315 -0.229919001 1.25366497
v -4.31763315 -0.233734995 1.24851596
v -4.31695795 -0.226064995 1.25886202
v -4.31763315 -0.225619003 1.25841606
v -4.31695795 -0.237588003 1.24331701
v -4.31624317 -0.238308996 1.24370205
v -4.31763315 -0.237031996 1.24302006
v -4.31574917 -0.239173993 1.24416399
v -4.3157382 -0.240160003 1.24469101
v -4.31624317 -0.216523007 1.26773703
v -4.31574917 -0.217068002 1.26855099
v -4.31574917 -0.211366996 1.27197099
v -4.31624317 -0.210905001 1.27110696
v -4.31574917 -0.205360994 1.27481604
v -4.31624317 -0.204986006 1.273911
v -4.31573915 -0.217688993 1.26948094
v -4.3157382 -0.211895004 1.27295697
v -4.3157382 -0.205789 1.27584898
v -4.31695795 -0.210519999 1.27038598
v -4.31695795 -0.216068998 1.26705694
v -4.31763315 -0.210223004 1.26982999
v -4.31763315 -0.215719 1.26653302
v -4.31695795 -0.204673007 1.27315605
v -4.31763315 -0.204431996 1.27257299
v -4.31695795 -0.221267998 1.26320398
v -4.31624317 -0.221787006 1.26383603
v -4.31763315 -0.220868006 1.26271701
v -4.31574917 -0.222407997 1.26459301
v -4.3157382 -0.223118007 1.26545799
v -4.31624317 -0.192461997 1.277704
v -4.31574917 -0.192653 1.27866495
v -4.31574917 -0.186077997 1.27964199
v -4.31624317 -0.185982004 1.27866697
v -4.31573915 -0.192871004 1.27976096
v -4.3157382 -0.186186999 1.28075504
v -4.31695795 -0.185901999 1.27785397
v -4.31695795 -0.192302004 1.27690196
v -4.31763315 -0.185839996 1.27722704
v -4.31763315 -0.192178994 1.27628398
v -4.31695795 -0.198579997 1.27533197
v -4.31624317 -0.198817 1.27611399
v -4.31763315 -0.198396996 1.27472901
v -4.31574917 -0.199101999 1.27705204
v -4.3157382 -0.199425995 1.27812195
v -4.32151699 -0.193952993 1.13927305
v -4.32176113 -0.194013 1.13897204
v -4.32176113 -0.201124996 1.140751
v -4.32151699 -0.201036006 1.14104497
v -4.32176113 -0.208028004 1.14321601
v -4.32151699 -0.207910001 1.14349997
v -4.32104015 -0.200919002 1.14142895
v -4.32104015 -0.193874002 1.13966703
v -4.32023716 -0.200743005 1.14201105
v -4.32023716 -0.193755999 1.14026403
v -4.32104015 -0.207756996 1.14387095
v -4.32023716 -0.207524002 1.14443302
v -4.32104015 -0.186691999 1.13859904
v -4.32151699 -0.186730996 1.13819897
v -4.32104015 -0.179440007 1.13823903
v -4.32151699 -0.179440007 1.13783705
v -4.32023716 -0.186632007 1.13920403
v -4.32023716 -0.179440007 1.13884699
v -4.32176113 -0.186761007 1.13789403
v -4.32176113 -0.179440007 1.13752997
v -4.31766176 -0.193352997 1.14228702
v -4.31901407 -0.193574995 1.14117205
v -4.31901407 -0.200473994 1.14289796
v -4.31766176 -0.200143993 1.14398503
v -4.31901407 -0.207169995 1.14528894
v -4.31766176 -0.206735 1.14633906
v -4.31647301 -0.199783996 1.14517105
v -4.31647301 -0.193112001 1.143502
v -4.31647301 -0.206260994 1.14748394
v -4.31647301 -0.186307997 1.14249003
v -4.31766176 -0.186430007 1.14125705
v -4.31647301 -0.179440007 1.14214897
v -4.31766176 -0.179440007 1.14091003
v -4.31901407 -0.186541006 1.14012599
v -4.31901407 -0.179440007 1.13977301
v -4.32151699 -0.220769003 1.15038097
v -4.32176113 -0.220938995 1.15012598
v -4.32176113 -0.226830006 1.15449095
v -4.32151699 -0.226634994 1.15472806
v -4.32176113 -0.232263997 1.15941
v -4.32151699 -0.232047006 1.15962696
v -4.32104015 -0.226380005 1.15503895
v -4.32104015 -0.220546007 1.15071499
v -4.32023716 -0.225994006 1.155509
v -4.32023716 -0.220208004 1.15122104
v -4.32104015 -0.231763005 1.15991104
v -4.32023716 -0.231333002 1.16034102
v -4.32104015 -0.214318007 1.14697897
v -4.32151699 -0.214507997 1.14662504
v -4.32023716 -0.214031994 1.14751601
v -4.32176113 -0.214653 1.14635396
v -4.31766176 -0.219062001 1.15293598
v -4.31901407 -0.219693005 1.15199101
v -4.31901407 -0.225407004 1.15622497
v -4.31766176 -0.224685997 1.15710402
v -4.31901407 -0.230678007 1.16099703
v -4.31766176 -0.229874 1.16180098
v -4.31647301 -0.223900005 1.15806103
v -4.31647301 -0.218373999 1.15396595
v -4.31647301 -0.228998005 1.16267705
v -4.31647301 -0.212476 1.15042806
v -4.31766176 -0.213060006 1.14933503
v -4.31901407 -0.213595003 1.14833295
v -4.32151699 -0.241292998 1.17090499
v -4.32176113 -0.241548002 1.17073405
v -4.32176113 -0.245320007 1.17702103
v -4.32151699 -0.245049 1.17716599
v -4.32176113 -0.248457998 1.18364596
v -4.32151699 -0.248173997 1.18376398
v -4.32104015 -0.244694993 1.177356
v -4.32104015 -0.240959004 1.17112803
v -4.32023716 -0.244158 1.17764199
v -4.32023716 -0.240454003 1.17146599
v -4.32104015 -0.247803003 1.18391705
v -4.32023716 -0.247241005 1.18414998
v -4.32104015 -0.236635 1.16529405
v -4.32151699 -0.236946002 1.16503894
v -4.32023716 -0.236166 1.16568005
v -4.32176113 -0.237183005 1.16484404
v -4.31766176 -0.238738999 1.17261302
v -4.31901407 -0.239684001 1.17198098
v -4.31901407 -0.243341997 1.17807901
v -4.31766176 -0.242339998 1.17861497
v -4.31901407 -0.246386006 1.18450499
v -4.31766176 -0.245335996 1.18493998
v -4.31647301 -0.241246998 1.17919898
v -4.31647301 -0.237709001 1.17330098
v -4.31647301 -0.244191006 1.18541396
v -4.31647301 -0.233613998 1.16777503
v -4.31766176 -0.234570995 1.16698897
v -4.31901407 -0.23545 1.16626799
v -4.32151699 -0.252400994 1.197721
v -4.32176113 -0.252701998 1.19766104
v -4.32176113 -0.253780007 1.20491302
v -4.32151699 -0.253473997 1.20494294
v -4.32176113 -0.254144013 1.21223402
v -4.32151699 -0.253836989 1.21223402
v -4.32104015 -0.253075004 1.20498204
v -4.32104015 -0.252007008 1.19780004
v -4.32023716 -0.252469987 1.205042
v -4.32023716 -0.251410991 1.19791901
v -4.32104015 -0.253434986 1.21223402
v -4.32023716 -0.252828002 1.21223402
v -4.32104015 -0.250245005 1.19075501
v -4.32151699 -0.250629008 1.19063795
v -4.32023716 -0.249662995 1.19093204
v -4.32176113 -0.250923008 1.19054902
v -4.31766176 -0.249387994 1.19832206
v -4.31901407 -0.25050199 1.19809902
v -4.31901407 -0.251547992 1.20513296
v -4.31766176 -0.250416994 1.20524502
v -4.31901407 -0.251901001 1.21223497
v -4.31766176 -0.250764996 1.21223497
v -4.31647301 -0.249184996 1.20536697
v -4.31647301 -0.248172998 1.19856298
v -4.31647301 -0.249525994 1.21223497
v -4.31647301 -0.246503994 1.19189095
v -4.31766176 -0.247688994 1.19153094
v -4.31901407 -0.248777002 1.19120097
v -4.32151699 -0.252400994 1.22674704
v -4.32176113 -0.252701998 1.226807
v -4.32176113 -0.250923008 1.23391902
v -4.32151699 -0.250629008 1.23382998
v -4.32176113 -0.248457998 1.24082196
v -4.32151699 -0.248173997 1.24070501
v -4.32104015 -0.250245005 1.23371303
v -4.32104015 -0.252007008 1.22666895
v -4.32023716 -0.249662995 1.23353696
v -4.32023716 -0.251410991 1.22654998
v -4.32104015 -0.247803003 1.24055099
v -4.32023716 -0.247241005 1.24031901
v -4.32104015 -0.253075004 1.219486
v -4.32151699 -0.253473997 1.21952498
v -4.32023716 -0.252469987 1.21942604
v -4.32176113 -0.253780007 1.21955502
v -4.31766176 -0.249387994 1.22614896
v -4.31901407 -0.25050199 1.22636998
v -4.31901407 -0.248777002 1.23326898
v -4.31766176 -0.247688994 1.232939
v -4.31901407 -0.246386006 1.23996496
v -4.31766176 -0.245335996 1.23952997
v -4.31647301 -0.246503994 1.23257995
v -4.31647301 -0.248172998 1.22590804
v -4.31647301 -0.244191006 1.23905694
v -4.31647301 -0.249184996 1.21910405
v -4.31766176 -0.250416994 1.21922505
v -4.31901407 -0.251547992 1.21933603
v -4.32151699 -0.241292998 1.25356305
v -4.32176113 -0.241548002 1.25373399
v -4.32176113 -0.237183005 1.25962305
v -4.32151699 -0.236946002 1.25942898
v -4.32176113 -0.232263997 1.26505804
v -4.32151699 -0.232047006 1.26484096
v -4.32104015 -0.236635 1.25917399
v -4.32104015 -0.240959004 1.25334001
v -4.32023716 -0.236165002 1.25878894
v -4.32023716 -0.240454003 1.253003
v -4.32104015 -0.231763005 1.264557
v -4.32023716 -0.231333002 1.26412702
v -4.32104015 -0.244694993 1.24711299
v -4.32151699 -0.245049 1.24730206
v -4.32023716 -0.244158 1.24682701
v -4.32176113 -0.245320007 1.24744701
v -4.31766176 -0.238738999 1.251858
v -4.31901407 -0.239684001 1.25248802
v -4.31901407 -0.23545 1.25820196
v -4.31766176 -0.234570995 1.25748098
v -4.31901407 -0.230678007 1.26347303
v -4.31766176 -0.229874 1.26267004
v -4.31647301 -0.233613998 1.25669599
v -4.31647301 -0.237709001 1.25117004
v -4.31647301 -0.228998005 1.26179504
v -4.31647301 -0.241246998 1.24527204
v -4.31766176 -0.242339998 1.24585497
v -4.31901407 -0.243341997 1.24638999
v -4.32151699 -0.220769003 1.27408695
v -4.32176113 -0.220938995 1.27434194
v -4.32176113 -0.214653 1.27811396
v -4.32151699 -0.214507997 1.277843
v -4.32176113 -0.208028004 1.28125203
v -4.32151699 -0.207910001 1.28096795
v -4.32104015 -0.214318007 1.27748895
v -4.32104015 -0.220546007 1.27375305
v -4.32023716 -0.214031994 1.27695298
v -4.32023716 -0.220208004 1.27324796
v -4.32104015 -0.207756996 1.28059697
v -4.32023716 -0.207524002 1.28003597
v -4.32104015 -0.226380005 1.26943004
v -4.32151699 -0.226634994 1.26973999
v -4.32023716 -0.225994006 1.26896
v -4.32176113 -0.226830006 1.26997697
v -4.31766176 -0.219062001 1.27153504
v -4.31901407 -0.219693005 1.27247906
v -4.31901407 -0.213595003 1.27613699
v -4.31766176 -0.213060006 1.27513504
v -4.31901407 -0.207169995 1.279181
v -4.31766176 -0.206735 1.27813101
v -4.31647301 -0.212476 1.27404404
v -4.31647301 -0.218373999 1.27050495
v -4.31647301 -0.206260994 1.27698803
v -4.31647301 -0.223900005 1.26640999
v -4.31766176 -0.224685997 1.26736701
v -4.31901407 -0.225407004 1.26824498
v -4.32151699 -0.193952993 1.28519499
v -4.32176113 -0.194013 1.285496
v -4.32176113 -0.186761007 1.28657401
v -4.32151699 -0.186730996 1.286268
v -4.32176113 -0.179440007 1.28693795
v -4.32151699 -0.179440007 1.28663099
v -4.32104015 -0.186691999 1.285869
v -4.32104015 -0.193874002 1.28480101
v -4.32023716 -0.186632007 1.28526402
v -4.32023716 -0.193755999 1.28420496
v -4.32104015 -0.179440007 1.28622997
v -4.32023716 -0.179440007 1.285622
v -4.32104015 -0.200919002 1.28303897
v -4.32151699 -0.201036006 1.28342295
v -4.32023716 -0.200743005 1.28245795
v -4.32176113 -0.201124996 1.28371704
v -4.31766176 -0.193352997 1.282184
v -4.31901407 -0.193574995 1.28329694
v -4.31901407 -0.186541006 1.284343
v -4.31766176 -0.186430007 1.28321302
v -4.31901407 -0.179440007 1.28469706
v -4.31766176 -0.179440007 1.28356099
v -4.31647301 -0.186307997 1.28198099
v -4.31647301 -0.193112001 1.28096998
v -4.31647301 -0.179440007 1.282323
v -4.31647301 -0.199783996 1.27930105
v -4.31766176 -0.200143993 1.28048503
v -4.31901407 -0.200473994 1.28157198
v -4.32151699 -0.164927006 1.28519499
v -4.32176113 -0.164866999 1.285496
v -4.32176113 -0.157755002 1.28371704
v -4.32151699 -0.157844007 1.28342295
v -4.32176113 -0.150851995 1.28125203
v -4.32151699 -0.150968999 1.28096795
v -4.32104015 -0.157960996 1.28303897
v -4.32104015 -0.165005997 1.28480101
v -4.32023716 -0.158136994 1.28245795
v -4.32023716 -0.165123999 1.28420496
v -4.32104015 -0.151123002 1.28059697
v -4.32023716 -0.151355997 1.28003597
v -4.32104015 -0.172187999 1.285869
v -4.32151699 -0.172149003 1.28626895
v -4.32023716 -0.172248006 1.28526497
v -4.32176113 -0.172119007 1.28657401
v -4.31766176 -0.165526003 1.282184
v -4.31901407 -0.165305004 1.28329802
v -4.31901407 -0.158406004 1.28157198
v -4.31766176 -0.158736005 1.28048503
v -4.31901407 -0.151710004 1.279181
v -4.31766176 -0.152144998 1.27813101
v -4.31647301 -0.159095004 1.27930105
v -4.31647301 -0.165767998 1.28096998
v -4.31647301 -0.152619004 1.27698803
v -4.31647301 -0.172571003 1.28198099
v -4.31766176 -0.172450006 1.28321302
v -4.31901407 -0.172337994 1.284343
v -4.32151699 -0.138110995 1.27408695
v -4.32176113 -0.137940004 1.27434194
v -4.32176113 -0.132049993 1.26997697
v -4.32151699 -0.132245004 1.26973999
v -4.32176113 -0.126616001 1.26505804
v -4.32151699 -0.126833007 1.26484096
v -4.32104015 -0.132499993 1.26943004
v -4.32104015 -0.138334006 1.27375305
v -4.32023716 -0.132884994 1.26896
v -4.32023716 -0.138671994 1.27324796
v -4.32104015 -0.127116993 1.264557
v -4.32023716 -0.127546996 1.26412702
v -4.32104015 -0.144560993 1.27748895
v -4.32151699 -0.144372001 1.277843
v -4.32023716 -0.144848004 1.27695298
v -4.32176113 -0.144226998 1.27811396
v -4.31766176 -0.139816999 1.27153397
v -4.31901407 -0.139185995 1.27247906
v -4.31901407 -0.133472994 1.26824498
v -4.31766176 -0.134194002 1.26736701
v -4.31901407 -0.128202006 1.26347303
v -4.31766176 -0.129005 1.26267004
v -4.31647301 -0.134978995 1.26640999
v -4.31647301 -0.140505001 1.27050495
v -4.31647301 -0.129880995 1.26179504
v -4.31647301 -0.146403998 1.27404404
v -4.31766176 -0.145820007 1.27513504
v -4.31901407 -0.145283997 1.27613699
v -4.31766176 -0.120141 1.251858
v -4.31647301 -0.121169999 1.25117004
v -4.31647301 -0.125266001 1.25669599
v -4.31766176 -0.124307998 1.25748098
v -4.31901407 -0.123429999 1.25820196
v -4.31901407 -0.119195998 1.25248897
v -4.32023716 -0.122713998 1.25878894
v -4.32023716 -0.118426003 1.253003
v -4.31901407 -0.115538001 1.24638999
v -4.31766176 -0.11654 1.24585497
v -4.31901407 -0.112493999 1.23996496
v -4.31766176 -0.113544002 1.23952997
v -4.32023716 -0.114721 1.24682701
v -4.32023716 -0.111639 1.24031901
v -4.31647301 -0.117632002 1.24527204
v -4.31647301 -0.114688002 1.23905694
v -4.32151699 -0.117587 1.25356305
v -4.32104015 -0.117921002 1.25334001
v -4.32104015 -0.122244 1.25917399
v -4.32151699 -0.121933997 1.25942898
v -4.32176113 -0.121697001 1.259624
v -4.32176113 -0.117331997 1.25373399
v -4.32176113 -0.113559999 1.24744701
v -4.32151699 -0.113830999 1.24730206
v -4.32176113 -0.110422 1.24082196
v -4.32151699 -0.110706002 1.24070501
v -4.32104015 -0.114184998 1.24711299
v -4.32104015 -0.111077003 1.24055099
v -4.32151699 -0.106478997 1.22674704
v -4.32176113 -0.106178001 1.226807
v -4.32176113 -0.105099998 1.21955502
v -4.32151699 -0.105405003 1.21952498
v -4.32176113 -0.104736 1.21223402
v -4.32151699 -0.105043001 1.21223402
v -4.32104015 -0.105805002 1.219486
v -4.32104015 -0.106872998 1.22666895
v -4.32023716 -0.106409997 1.21942699
v -4.32023716 -0.107469 1.22654998
v -4.32104015 -0.105443999 1.21223402
v -4.32023716 -0.106051996 1.21223402
v -4.32104015 -0.108635001 1.23371303
v -4.32151699 -0.108250998 1.23382998
v -4.32023716 -0.109217003 1.23353696
v -4.32176113 -0.107956998 1.23391902
v -4.31766176 -0.109491996 1.22614896
v -4.31901407 -0.108377002 1.22636998
v -4.31901407 -0.107331 1.21933603
v -4.31766176 -0.108461998 1.21922505
v -4.31901407 -0.106977999 1.21223497
v -4.31766176 -0.108115003 1.21223497
v -4.31647301 -0.109695002 1.21910405
v -4.31647301 -0.110706002 1.22590804
v -4.31647301 -0.109352998 1.21223497
v -4.31647301 -0.112374999 1.23257995
v -4.31766176 -0.111189999 1.232939
v -4.31901407 -0.110103004 1.23326898
v -4.32151699 -0.106478997 1.197721
v -4.32176113 -0.106178001 1.19766104
v -4.32176113 -0.107956998 1.19054902
v -4.32151699 -0.108250998 1.19063795
v -4.32176113 -0.110422 1.18364596
v -4.32151699 -0.110706002 1.18376398
v -4.32104015 -0.108635001 1.19075501
v -4.32104015 -0.106872998 1.19780004
v -4.32023716 -0.109217003 1.19093204
v -4.32023716 -0.107469 1.19791901
v -4.32104015 -0.111077003 1.18391705
v -4.32023716 -0.111638002 1.18414998
v -4.32104015 -0.105805002 1.204983
v -4.32151699 -0.105405003 1.20494294
v -4.32023716 -0.106409997 1.205042
v -4.32176113 -0.105099998 1.20491302
v -4.31766176 -0.109491996 1.19832098
v -4.31901407 -0.108377002 1.19809902
v -4.31901407 -0.110103004 1.19120097
v -4.31766176 -0.111189999 1.19153094
v -4.31901407 -0.112493999 1.18450499
v -4.31766176 -0.113544002 1.18493998
v -4.31647301 -0.112374999 1.19189095
v -4.31647301 -0.110706002 1.19856298
v -4.31647301 -0.114688002 1.18541396
v -4.31647301 -0.109695002 1.20536697
v -4.31766176 -0.108461998 1.20524502
v -4.31901407 -0.107331 1.20513296
v -4.32151699 -0.117587 1.17090499
v -4.32176113 -0.117331997 1.17073405
v -4.32176113 -0.121697001 1.16484404
v -4.32151699 -0.121933997 1.16503894
v -4.32176113 -0.126616001 1.15941
v -4.32151699 -0.126833007 1.15962696
v -4.32104015 -0.122244 1.16529405
v -4.32104015 -0.117921002 1.17112803
v -4.32023716 -0.122713998 1.16568005
v -4.32023716 -0.118426003 1.17146599
v -4.32104015 -0.127116993 1.15991104
v -4.32023716 -0.127546996 1.16034102
v -4.32104015 -0.114184998 1.17735505
v -4.32151699 -0.113830999 1.17716599
v -4.32023716 -0.114721 1.17764199
v -4.32176113 -0.113559999 1.17702103
v -4.31766176 -0.120141 1.17261302
v -4.31901407 -0.119195998 1.17198098
v -4.31901407 -0.123429999 1.16626799
v -4.31766176 -0.124307998 1.16698897
v -4.31901407 -0.128202006 1.16099703
v -4.31766176 -0.129005 1.16180098
v -4.31647301 -0.125266001 1.16777503
v -4.31647301 -0.121169999 1.17330098
v -4.31647301 -0.129880995 1.16267705
v -4.31647301 -0.117632002 1.17919898
v -4.31766176 -0.11654 1.17861497
v -4.31901407 -0.115538001 1.17807901
v -4.32151699 -0.138110995 1.15038097
v -4.32176113 -0.137940004 1.15012598
v -4.32176113 -0.144226998 1.14635396
v -4.32151699 -0.144372001 1.14662504
v -4.32176113 -0.150851995 1.14321601
v -4.32151699 -0.150968999 1.14349997
v -4.32104015 -0.144560993 1.14697897
v -4.32104015 -0.138334006 1.15071499
v -4.32023716 -0.144848004 1.14751601
v -4.32023716 -0.138671994 1.15122104
v -4.32104015 -0.151123002 1.14387095
v -4.32023716 -0.151355997 1.14443302
v -4.32104015 -0.132499993 1.155038
v -4.32151699 -0.132245004 1.15472806
v -4.32023716 -0.132884994 1.155509
v -4.32176113 -0.132049993 1.15449095
v -4.31766176 -0.139816999 1.15293598
v -4.31901407 -0.139185995 1.15199101
v -4.31901407 -0.145283997 1.14833295
v -4.31766176 -0.145820007 1.14933503
v -4.31901407 -0.151710004 1.14528894
v -4.31766176 -0.152144998 1.14633906
v -4.31647301 -0.146403998 1.15042806
v -4.31647301 -0.140505001 1.15396595
v -4.31647301 -0.152619004 1.14748394
v -4.31647301 -0.134978995 1.15806103
v -4.31766176 -0.134194002 1.15710402
v -4.31901407 -0.133472994 1.15622497
v -4.32151699 -0.164927006 1.13927305
v -4.32176113 -0.164866999 1.13897204
v -4.32176113 -0.172119007 1.13789403
v -4.32151699 -0.172149003 1.13820004
v -4.32104015 -0.172187999 1.13859904
v -4.32104015 -0.165004998 1.13966703
v -4.32023716 -0.172248006 1.13920403
v -4.32023716 -0.165123999 1.14026403
v -4.32104015 -0.157960996 1.14142895
v -4.32151699 -0.157844007 1.14104497
v -4.32023716 -0.158136994 1.14201105
v -4.32176113 -0.157755002 1.140751
v -4.31766176 -0.165526003 1.14228702
v -4.31901407 -0.165305004 1.14117205
v -4.31901407 -0.172337994 1.14012599
v -4.31766176 -0.172450006 1.14125705
v -4.31647301 -0.172571003 1.14249003
v -4.31647301 -0.165767998 1.143502
v -4.31647301 -0.159095004 1.14517105
v -4.31766176 -0.158736005 1.14398503
v -4.31901407 -0.158406004 1.14289796
v -4.31632614 -0.144857004 1.26399398
v -4.31553078 -0.145396993 1.26318598
v -4.31553078 -0.150554001 1.26628006
v -4.31632614 -0.150095999 1.26713705
v -4.31553078 -0.155987993 1.26885402
v -4.31632614 -0.155616 1.26975203
v -4.31468821 -0.145969003 1.26233006
v -4.31468821 -0.151039004 1.26537097
v -4.31468821 -0.156381994 1.26790202
v -4.31702614 -0.149691999 1.267892
v -4.31702614 -0.144381002 1.26470602
v -4.31758404 -0.149370998 1.26849306
v -4.31758404 -0.144002005 1.26527297
v -4.31702614 -0.155288994 1.27054298
v -4.31758404 -0.155028 1.271173
v -4.31702614 -0.139404997 1.26101804
v -4.31632614 -0.139947996 1.26035702
v -4.31702614 -0.134815007 1.25686204
v -4.31632614 -0.135419995 1.25625706
v -4.31758404 -0.138972998 1.26154494
v -4.31758404 -0.134332001 1.25734401
v -4.31553078 -0.140564993 1.25960505
v -4.31468821 -0.141218007 1.25880897
v -4.31553078 -0.136106998 1.25557005
v -4.31468821 -0.136836007 1.25484097
v -4.31810188 -0.143570006 1.26592004
v -4.31795216 -0.143751994 1.26564705
v -4.31795216 -0.149158999 1.26889002
v -4.31810188 -0.149003997 1.26918006
v -4.31795216 -0.154855996 1.27158797
v -4.31810188 -0.154730007 1.27189195
v -4.31800508 -0.148854002 1.26946104
v -4.31800508 -0.143392995 1.26618505
v -4.31800508 -0.154607996 1.27218604
v -4.31800508 -0.138276994 1.262393
v -4.31810188 -0.138478994 1.26214695
v -4.31800508 -0.133557007 1.25811994
v -4.31810188 -0.133781999 1.25789499
v -4.31795216 -0.138687 1.26189303
v -4.31795216 -0.134013996 1.25766206
v -4.31632614 -0.127682999 1.24681997
v -4.31553078 -0.128490999 1.24627995
v -4.31553078 -0.132072002 1.25111198
v -4.31632614 -0.13132 1.25172806
v -4.31468821 -0.129346997 1.24570799
v -4.31468821 -0.132868007 1.250458
v -4.31702614 -0.130658999 1.25227106
v -4.31702614 -0.126971006 1.24729502
v -4.31758404 -0.130132005 1.25270402
v -4.31758404 -0.126404002 1.24767399
v -4.31702614 -0.123784997 1.24198401
v -4.31632614 -0.124540001 1.24158001
v -4.31702614 -0.121133998 1.23638701
v -4.31632614 -0.121924996 1.23606002
v -4.31758404 -0.123184003 1.24230599
v -4.31758404 -0.120503999 1.23664796
v -4.31553078 -0.125396997 1.24112201
v -4.31468821 -0.126305997 1.24063694
v -4.31553078 -0.122823 1.23568797
v -4.31468821 -0.123774998 1.23529398
v -4.31810188 -0.125756994 1.24810696
v -4.31795216 -0.126029998 1.24792397
v -4.31795216 -0.129784003 1.25298905
v -4.31810188 -0.129529998 1.25319803
v -4.31800508 -0.129283994 1.25339997
v -4.31800508 -0.125492007 1.24828398
v -4.31800508 -0.122216001 1.242823
v -4.31810188 -0.122497 1.24267197
v -4.31800508 -0.119491003 1.23706806
v -4.31810188 -0.119785003 1.23694694
v -4.31795216 -0.122786999 1.24251699
v -4.31795216 -0.120088004 1.23682106
v -4.31632614 -0.118387997 1.22438002
v -4.31553078 -0.119341999 1.22419
v -4.31553078 -0.120801002 1.23002505
v -4.31632614 -0.119870998 1.23030698
v -4.31468821 -0.120352 1.22398901
v -4.31468821 -0.121785998 1.22972596
v -4.31702614 -0.119052 1.23055601
v -4.31702614 -0.117549002 1.22454703
v -4.31758404 -0.118399002 1.23075402
v -4.31758404 -0.11688 1.22467995
v -4.31702614 -0.116637997 1.21842098
v -4.31632614 -0.117490001 1.21833706
v -4.31702614 -0.116329998 1.21223605
v -4.31632614 -0.117186002 1.21223605
v -4.31758404 -0.115959004 1.21848798
v -4.31758404 -0.115648001 1.21223605
v -4.31553078 -0.118456997 1.21824205
v -4.31468821 -0.119482003 1.21814096
v -4.31553078 -0.118157998 1.21223605
v -4.31468821 -0.119188003 1.21223605
v -4.31810188 -0.116116002 1.22483206
v -4.31795216 -0.116439 1.22476804
v -4.31795216 -0.117968 1.23088396
v -4.31810188 -0.117654003 1.23098004
v -4.31800508 -0.117348999 1.23107195
v -4.31800508 -0.115804002 1.22489405
v -4.31800508 -0.114867002 1.21859503
v -4.31810188 -0.115184002 1.21856403
v -4.31800508 -0.114551 1.21223605
v -4.31810188 -0.114869997 1.21223605
v -4.31795216 -0.115511999 1.21853197
v -4.31795216 -0.115198001 1.21223605
v -4.31632614 -0.118387997 1.20009196
v -4.31553078 -0.119341999 1.20028198
v -4.31553078 -0.118456997 1.20623004
v -4.31632614 -0.117490001 1.20613503
v -4.31468821 -0.120352 1.20048296
v -4.31468821 -0.119482003 1.20633101
v -4.31702614 -0.116637997 1.20605099
v -4.31702614 -0.117549002 1.19992495
v -4.31758404 -0.115959004 1.205984
v -4.31758404 -0.11688 1.19979203
v -4.31702614 -0.119052 1.19391704
v -4.31632614 -0.119870998 1.19416499
v -4.31702614 -0.121133998 1.18808496
v -4.31632614 -0.121924996 1.18841302
v -4.31758404 -0.118399002 1.19371903
v -4.31758404 -0.120503999 1.18782401
v -4.31553078 -0.120801002 1.19444704
v -4.31468821 -0.121785998 1.19474602
v -4.31553078 -0.122823 1.188784
v -4.31468821 -0.123774998 1.18917894
v -4.31810188 -0.116116002 1.19964004
v -4.31795216 -0.116439 1.19970405
v -4.31795216 -0.115511999 1.20594001
v -4.31810188 -0.115184002 1.20590794
v -4.31800508 -0.114867002 1.20587695
v -4.31800508 -0.115804002 1.19957805
v -4.31800508 -0.117348999 1.19340003
v -4.31810188 -0.117654003 1.19349301
v -4.31800508 -0.119491003 1.18740404
v -4.31810188 -0.119785003 1.18752599
v -4.31795216 -0.117968 1.19358802
v -4.31795216 -0.120089002 1.18765199
v -4.31632614 -0.127682999 1.17765296
v -4.31553078 -0.128490999 1.17819297
v -4.31553078 -0.125396997 1.18334997
v -4.31632614 -0.124540001 1.18289196
v -4.31468821 -0.129346997 1.17876506
v -4.31468821 -0.126305997 1.18383598
v -4.31702614 -0.123784997 1.18248904
v -4.31702614 -0.126971006 1.17717803
v -4.31758404 -0.123184003 1.18216705
v -4.31758404 -0.126404002 1.17679906
v -4.31702614 -0.130658999 1.17220199
v -4.31632614 -0.13132 1.17274499
v -4.31702614 -0.134815007 1.167611
v -4.31632614 -0.135419995 1.16821599
v -4.31758404 -0.130132005 1.17176902
v -4.31758404 -0.134332001 1.16712904
v -4.31553078 -0.132072002 1.17336094
v -4.31468821 -0.132868007 1.17401505
v -4.31553078 -0.136106998 1.16890299
v -4.31468821 -0.136836007 1.16963196
v -4.31810188 -0.125756994 1.17636597
v -4.31795216 -0.126029998 1.17654896
v -4.31795216 -0.122786999 1.18195498
v -4.31810188 -0.122497 1.18180001
v -4.31800508 -0.122216001 1.18165004
v -4.31800508 -0.125492007 1.17618895
v -4.31800508 -0.129283994 1.17107296
v -4.31810188 -0.129529998 1.17127502
v -4.31800508 -0.133557007 1.16635299
v -4.31810188 -0.133781999 1.16657805
v -4.31795216 -0.129784003 1.17148399
v -4.31795216 -0.134013996 1.16681099
v -4.31632614 -0.144857004 1.16047895
v -4.31553078 -0.145396993 1.16128695
v -4.31553078 -0.140564993 1.164868
v -4.31632614 -0.139948994 1.16411698
v -4.31468821 -0.145969003 1.16214395
v -4.31468821 -0.141219005 1.16566396
v -4.31702614 -0.139405996 1.16345501
v -4.31702614 -0.144381002 1.15976799
v -4.31758404 -0.138972998 1.16292799
v -4.31758404 -0.144003004 1.15920103
v -4.31702614 -0.149691999 1.156582
v -4.31632614 -0.150095999 1.157336
v -4.31702614 -0.155288994 1.15393102
v -4.31632614 -0.155616 1.15472102
v -4.31758404 -0.149370998 1.15597999
v -4.31758404 -0.155028 1.153301
v -4.31553078 -0.150554001 1.15819395
v -4.31468821 -0.151040003 1.15910196
v -4.31553078 -0.155987993 1.15561998
v -4.31468821 -0.156382993 1.15657103
v -4.31810188 -0.143570006 1.158553
v -4.31795216 -0.143753007 1.15882695
v -4.31795216 -0.138687 1.16258001
v -4.31810188 -0.138478994 1.16232598
v -4.31800508 -0.138276994 1.16208005
v -4.31800508 -0.143392995 1.158288
v -4.31800508 -0.148854002 1.15501297
v -4.31810188 -0.149003997 1.15529394
v -4.31800508 -0.154607996 1.15228701
v -4.31810188 -0.154730007 1.15258098
v -4.31795216 -0.149158999 1.15558398
v -4.31795216 -0.154855996 1.15288496
v -4.31632614 -0.167296007 1.15118504
v -4.31553078 -0.167484999 1.15213799
v -4.31553078 -0.161651 1.153597
v -4.31632614 -0.161368996 1.15266705
v -4.31468821 -0.167686 1.15314806
v -4.31468821 -0.161950007 1.15458298
v -4.31702614 -0.161120996 1.15184796
v -4.31702614 -0.167128995 1.15034497
v -4.31758404 -0.160923004 1.15119505
v -4.31758404 -0.166996002 1.14967704
v -4.31702614 -0.173254997 1.14943397
v -4.31632614 -0.173338994 1.15028596
v -4.31702614 -0.179440007 1.14912701
v -4.31632614 -0.179440007 1.14998305
v -4.31758404 -0.173188001 1.14875603
v -4.31758404 -0.179440007 1.14844501
v -4.31553078 -0.173434004 1.15125299
v -4.31468821 -0.173535004 1.15227795
v -4.31553078 -0.179440007 1.15095496
v -4.31468821 -0.179440007 1.15198505
v -4.31810188 -0.166843995 1.14891303
v -4.31795216 -0.166907996 1.14923501
v -4.31795216 -0.160791993 1.15076494
v -4.31810188 -0.160696998 1.15044999
v -4.31800508 -0.160604 1.15014601
v -4.31800508 -0.166782007 1.14860106
v -4.31800508 -0.173079997 1.14766395
v -4.31810188 -0.173112005 1.14798105
v -4.31800508 -0.179440007 1.14734805
v -4.31810188 -0.179440007 1.14766598
v -4.31795216 -0.173143998 1.14830804
v -4.31795216 -0.179440007 1.147995
v -4.31632614 -0.191582993 1.15118504
v -4.31553078 -0.191394001 1.15213799
v -4.31553078 -0.185444996 1.15125299
v -4.31632614 -0.185541004 1.15028596
v -4.31468821 -0.191192999 1.15314806
v -4.31468821 -0.185343996 1.15227795
v -4.31702614 -0.185624003 1.14943397
v -4.31702614 -0.191750005 1.15034497
v -4.31758404 -0.185690999 1.14875603
v -4.31758404 -0.191882998 1.14967704
v -4.31702614 -0.197759002 1.15184796
v -4.31632614 -0.197510004 1.15266705
v -4.31702614 -0.203590006 1.15393102
v -4.31632614 -0.203263 1.15472102
v -4.31758404 -0.197956994 1.15119505
v -4.31758404 -0.203850999 1.153301
v -4.31553078 -0.197228 1.153597
v -4.31468821 -0.196928993 1.15458298
v -4.31553078 -0.202891007 1.15561998
v -4.31468821 -0.202497005 1.15657103
v -4.31810188 -0.192035004 1.14891303
v -4.31795216 -0.191971004 1.14923501
v -4.31795216 -0.185735002 1.14830804
v -4.31810188 -0.185767993 1.14798105
v -4.31800508 -0.185799003 1.14766395
v -4.31800508 -0.192096993 1.14859998
v -4.31800508 -0.198275 1.15014505
v -4.31810188 -0.198183 1.15044999
v -4.31800508 -0.204271004 1.15228701
v -4.31810188 -0.204148993 1.15258098
v -4.31795216 -0.198087007 1.15076494
v -4.31795216 -0.204024002 1.15288496
v -4.31632614 -0.214021996 1.16047895
v -4.31553078 -0.213482007 1.16128695
v -4.31553078 -0.208324999 1.15819395
v -4.31632614 -0.208783001 1.157336
v -4.31468821 -0.212909997 1.16214395
v -4.31468821 -0.207839996 1.15910196
v -4.31702614 -0.209187001 1.156582
v -4.31702614 -0.214497998 1.15976703
v -4.31758404 -0.209508002 1.15597999
v -4.31758404 -0.214876994 1.15919995
v -4.31702614 -0.219474003 1.16345501
v -4.31632614 -0.218931004 1.16411698
v -4.31702614 -0.224065006 1.167611
v -4.31632614 -0.223459005 1.16821599
v -4.31758404 -0.219906002 1.16292799
v -4.31758404 -0.224546999 1.16712904
v -4.31553078 -0.218314007 1.164868
v -4.31468821 -0.217660993 1.16566396
v -4.31553078 -0.222772002 1.16890299
v -4.31468821 -0.222044006 1.16963196
v -4.31810188 -0.215308994 1.158553
v -4.31795216 -0.215127006 1.15882599
v -4.31795216 -0.209720001 1.15558398
v -4.31810188 -0.209875003 1.15529394
v -4.31800508 -0.210024998 1.15501297
v -4.31800508 -0.215486005 1.158288
v -4.31800508 -0.220602006 1.16208005
v -4.31810188 -0.220400006 1.16232598
v -4.31800508 -0.225323007 1.16635299
v -4.31810188 -0.225097001 1.16657805
v -4.31795216 -0.220192 1.16258001
v -4.31795216 -0.224865004 1.16681099
v -4.31632614 -0.231196001 1.17765296
v -4.31553078 -0.230388001 1.17819297
v -4.31553078 -0.226806998 1.17336094
v -4.31632614 -0.227559 1.17274499
v -4.31468821 -0.229532003 1.17876506
v -4.31468821 -0.226010993 1.17401505
v -4.31702614 -0.228220001 1.17220199
v -4.31702614 -0.231907994 1.17717695
v -4.31758404 -0.228747994 1.17176902
v -4.31758404 -0.232474998 1.17679906
v -4.31702614 -0.235093996 1.18248904
v -4.31632614 -0.234338999 1.18289196
v -4.31702614 -0.237745002 1.18808496
v -4.31632614 -0.236954004 1.18841302
v -4.31758404 -0.235695004 1.18216705
v -4.31758404 -0.238374993 1.18782401
v -4.31553078 -0.233482003 1.18334997
v -4.31468821 -0.232573003 1.18383598
v -4.31553078 -0.236056 1.188784
v -4.31468821 -0.235103995 1.18917894
v -4.31810188 -0.233122006 1.17636597
v -4.31795216 -0.232849002 1.17654896
v -4.31795216 -0.229094997 1.17148399
v -4.31810188 -0.229349002 1.17127502
v -4.31800508 -0.229596004 1.17107296
v -4.31800508 -0.233386993 1.17618895
v -4.31800508 -0.236662999 1.18165004
v -4.31810188 -0.236381993 1.18180001
v -4.31800508 -0.239389002 1.18740404
v -4.31810188 -0.239094004 1.18752599
v -4.31795216 -0.236092001 1.18195498
v -4.31795216 -0.238791004 1.18765199
v -4.31632614 -0.240491003 1.20009196
v -4.31553078 -0.239537999 1.20028198
v -4.31553078 -0.238077998 1.19444704
v -4.31632614 -0.239008993 1.19416499
v -4.31468821 -0.238527 1.20048296
v -4.31468821 -0.237093002 1.19474602
v -4.31702614 -0.239828005 1.19391704
v -4.31702614 -0.241329998 1.19992495
v -4.31758404 -0.240480006 1.19371903
v -4.31758404 -0.241999 1.19979203
v -4.31702614 -0.242240995 1.20605099
v -4.31632614 -0.241389006 1.20613503
v -4.31702614 -0.242549002 1.21223605
v -4.31632614 -0.241693005 1.21223605
v -4.31758404 -0.242919996 1.205984
v -4.31758404 -0.243230999 1.21223605
v -4.31553078 -0.240421996 1.20623004
v -4.31468821 -0.239397004 1.20633101
v -4.31553078 -0.240721002 1.21223605
v -4.31468821 -0.239691004 1.21223605
v -4.31810188 -0.242762998 1.19964004
v -4.31795216 -0.24244 1.19970405
v -4.31795216 -0.240911007 1.19358802
v -4.31810188 -0.241225004 1.19349301
v -4.31800508 -0.241530001 1.19340003
v -4.31800508 -0.243074998 1.19957805
v -4.31800508 -0.244011998 1.20587695
v -4.31810188 -0.243695006 1.20590794
v -4.31800508 -0.244328007 1.21223605
v -4.31810188 -0.244010001 1.21223605
v -4.31795216 -0.243368 1.20594001
v -4.31795216 -0.243680999 1.21223605
v -4.31632614 -0.240491003 1.22438002
v -4.31553078 -0.239537999 1.22419
v -4.31553078 -0.240421996 1.21824205
v -4.31632614 -0.241389006 1.21833706
v -4.31468821 -0.238527 1.22398901
v -4.31468821 -0.239397004 1.21814096
v -4.31702614 -0.242240995 1.21842098
v -4.31702614 -0.241329998 1.22454703
v -4.31758404 -0.242919996 1.21848798
v -4.31758404 -0.241999 1.22467995
v -4.31702614 -0.239828005 1.23055601
v -4.31632614 -0.239008993 1.23030698
v -4.31702614 -0.237745002 1.23638701
v -4.31632614 -0.236954004 1.23606002
v -4.31758404 -0.240480006 1.23075402
v -4.31758404 -0.238374993 1.23664904
v -4.31553078 -0.238077998 1.23002505
v -4.31468821 -0.237093002 1.22972596
v -4.31553078 -0.236056 1.23568797
v -4.31468821 -0.235103995 1.23529398
v -4.31810188 -0.242762998 1.22483206
v -4.31795216 -0.24244 1.22476804
v -4.31795216 -0.243368 1.21853197
v -4.31810188 -0.243695006 1.21856403
v -4.31800508 -0.244011998 1.21859503
v -4.31800508 -0.243074998 1.22489405
v -4.31800508 -0.241530001 1.23107195
v -4.31810188 -0.241225004 1.23098004
v -4.31800508 -0.239389002 1.23706806
v -4.31810188 -0.239094004 1.23694694
v -4.31795216 -0.240911007 1.23088396
v -4.31795216 -0.238791004 1.23682106
v -4.31632614 -0.231196001 1.24681997
v -4.31553078 -0.230388001 1.24627995
v -4.31553078 -0.233482003 1.24112201
v -4.31632614 -0.234338999 1.24158001
v -4.31468821 -0.229532003 1.24570799
v -4.31468821 -0.232573003 1.24063694
v -4.31702614 -0.235093996 1.24198401
v -4.31702614 -0.231907994 1.24729502
v -4.31758404 -0.235695004 1.24230599
v -4.31758404 -0.232474998 1.24767399
v -4.31702614 -0.228220001 1.25227106
v -4.31632614 -0.227559 1.25172806
v -4.31702614 -0.224064007 1.25686204
v -4.31632614 -0.223459005 1.25625706
v -4.31758404 -0.228747994 1.25270402
v -4.31758404 -0.224546999 1.25734401
v -4.31553078 -0.226806998 1.25111198
v -4.31468821 -0.226010993 1.250458
v -4.31553078 -0.222772002 1.25557005
v -4.31468821 -0.222042993 1.25484097
v -4.31810188 -0.233122006 1.24810696
v -4.31795216 -0.232849002 1.24792397
v -4.31795216 -0.236092001 1.24251699
v -4.31810188 -0.236381993 1.24267197
v -4.31800508 -0.236662999 1.242823
v -4.31800508 -0.233386993 1.24828398
v -4.31800508 -0.229596004 1.25339997
v -4.31810188 -0.229349002 1.25319803
v -4.31800508 -0.225323007 1.25811994
v -4.31810188 -0.225097001 1.25789499
v -4.31795216 -0.229094997 1.25298905
v -4.31795216 -0.224865004 1.25766301
v -4.31632614 -0.214021996 1.26399398
v -4.31553078 -0.213482007 1.26318598
v -4.31553078 -0.218314007 1.25960505
v -4.31632614 -0.218931004 1.26035595
v -4.31468821 -0.212909997 1.26233006
v -4.31468821 -0.217660993 1.25880897
v -4.31702614 -0.219474003 1.26101804
v -4.31702614 -0.214497998 1.26470602
v -4.31758404 -0.219906002 1.26154494
v -4.31758404 -0.214876994 1.26527297
v -4.31702614 -0.209187001 1.267892
v -4.31632614 -0.208783001 1.26713705
v -4.31702614 -0.203590006 1.27054298
v -4.31632614 -0.203263 1.26975203
v -4.31758404 -0.209508002 1.26849306
v -4.31758404 -0.203850999 1.271173
v -4.31553078 -0.208324999 1.26628006
v -4.31468821 -0.207839996 1.26537097
v -4.31553078 -0.202891007 1.26885402
v -4.31468821 -0.202497005 1.26790202
v -4.31810188 -0.215308994 1.26592004
v -4.31795216 -0.215127006 1.26564705
v -4.31795216 -0.220192 1.26189303
v -4.31810188 -0.220400006 1.26214695
v -4.31800508 -0.220602006 1.262393
v -4.31800508 -0.215486005 1.26618505
v -4.31800508 -0.210024998 1.26946104
v -4.31810188 -0.209875003 1.26918006
v -4.31800508 -0.204271004 1.27218604
v -4.31810188 -0.204148993 1.27189195
v -4.31795216 -0.209720001 1.26889002
v -4.31795216 -0.204024002 1.27158797
v -4.31632614 -0.191582993 1.27328897
v -4.31553078 -0.191394001 1.27233505
v -4.31553078 -0.197228 1.27087605
v -4.31632614 -0.197510004 1.271806
v -4.31468821 -0.191192999 1.27132499
v -4.31468821 -0.196928993 1.26989102
v -4.31702614 -0.197759002 1.27262497
v -4.31702614 -0.191750005 1.27412796
v -4.31758404 -0.197956994 1.273278
v -4.31758404 -0.191882998 1.27479696
v -4.31702614 -0.185624003 1.27503896
v -4.31632614 -0.185540006 1.27418697
v -4.31702614 -0.179440007 1.27534699
v -4.31632614 -0.179440007 1.27449095
v -4.31758404 -0.185690999 1.27571797
v -4.31758404 -0.179440007 1.27602899
v -4.31553078 -0.185444996 1.27321994
v -4.31468821 -0.185343996 1.27219498
v -4.31553078 -0.179440007 1.27351904
v -4.31468821 -0.179440007 1.27248895
v -4.31810188 -0.192035004 1.27556098
v -4.31795216 -0.191971004 1.27523804
v -4.31795216 -0.198087007 1.27370906
v -4.31810188 -0.198183 1.27402306
v -4.31800508 -0.198275 1.27432799
v -4.31800508 -0.192096993 1.27587295
v -4.31800508 -0.185799003 1.27681005
v -4.31810188 -0.185767993 1.27649295
v -4.31800508 -0.179440007 1.27712595
v -4.31810188 -0.179440007 1.27680695
v -4.31795216 -0.185735002 1.27616596
v -4.31795216 -0.179440007 1.27647901
v -4.31632614 -0.167296007 1.27328897
v -4.31553078 -0.167484999 1.27233505
v -4.31553078 -0.173434004 1.27321994
v -4.31632614 -0.173338994 1.27418697
v -4.31468821 -0.167686 1.27132499
v -4.31468821 -0.173535004 1.27219498
v -4.31702614 -0.173254997 1.27503896
v -4.31702614 -0.167128995 1.27412796
v -4.31758404 -0.173188001 1.27571797
v -4.31758404 -0.166996002 1.27479696
v -4.31702614 -0.161119998 1.27262497
v -4.31632614 -0.161368996 1.271806
v -4.31758404 -0.160922006 1.273278
v -4.31553078 -0.161651 1.27087605
v -4.31468821 -0.161950007 1.26989102
v -4.31810188 -0.166843995 1.27556098
v -4.31795216 -0.166907996 1.27523804
v -4.31795216 -0.173143998 1.27616596
v -4.31810188 -0.173112005 1.27649295
v -4.31800508 -0.173079997 1.27681005
v -4.31800508 -0.166782007 1.27587295
v -4.31800508 -0.160604 1.27432799
v -4.31810188 -0.160696 1.27402306
v -4.31795216 -0.160791993 1.27370906
v -4.2097888 -0.127307996 -1.28309906
v -4.2097888 -0.119909003 -1.27761495
v -4.16177893 -0.119813003 -1.27773201
v -4.16177893 -0.127223998 -1.28322506
v -4.11073399 -0.119772002 -1.27778196
v -4.11073399 -0.127187997 -1.28327799
v -4.2097888 -0.113082998 -1.27143598
v -4.16177893 -0.112976 -1.27154303
v -4.11073399 -0.11293 -1.27158797
v -4.16177893 -0.135134995 -1.28796995
v -4.2097888 -0.135205999 -1.28783596
v -4.16177893 -0.143470004 -1.29191804
v -4.2097888 -0.143528 -1.29177797
v -4.11073399 -0.135104001 -1.28802705
v -4.11073399 -0.143445 -1.291978
v -4.25172901 -0.135359004 -1.28754902
v -4.25172901 -0.127489001 -1.28282797
v -4.28456211 -0.135636002 -1.28703201
v -4.28456211 -0.127814993 -1.282341
v -4.25172901 -0.143652007 -1.29147804
v -4.28456211 -0.143876001 -1.29093599
v -4.25172901 -0.120116003 -1.27736402
v -4.25172901 -0.113312997 -1.27120602
v -4.28456211 -0.120486997 -1.27691102
v -4.28456211 -0.113727003 -1.27079105
v -4.31683683 -0.128997996 -1.28057003
v -4.31683683 -0.121838003 -1.27526498
v -4.30525303 -0.121080004 -1.27618802
v -4.30525303 -0.128334001 -1.281564
v -4.31683683 -0.115232997 -1.26928496
v -4.30525303 -0.114387996 -1.27013004
v -4.30525303 -0.136076003 -1.28620803
v -4.31683683 -0.136638999 -1.28515399
v -4.30525303 -0.144234002 -1.29007304
v -4.31683683 -0.144691005 -1.28896797
v -4.32235098 -0.137284994 -1.28394699
v -4.32235098 -0.129758 -1.27943206
v -4.3248291 -0.137970999 -1.28266203
v -4.3248291 -0.130566999 -1.27822101
v -4.32235098 -0.145215005 -1.28770304
v -4.3248291 -0.145772994 -1.286358
v -4.32235098 -0.122707002 -1.27420604
v -4.32235098 -0.116200998 -1.26831698
v -4.3248291 -0.123631001 -1.27307999
v -4.3248291 -0.117230996 -1.26728702
v -4.2097888 -0.161134005 -1.29710996
v -4.2097888 -0.152199 -1.29487503
v -4.16177893 -0.152155995 -1.29501998
v -4.16177893 -0.161103994 -1.29725802
v -4.11073399 -0.152136996 -1.29508197
v -4.11073399 -0.161091998 -1.29732096
v -4.16177893 -0.170228004 -1.29861498
v -4.2097888 -0.170242995 -1.29846394
v -4.16177893 -0.179440007 -1.29907298
v -4.2097888 -0.179440007 -1.29892194
v -4.11073399 -0.170221999 -1.29867899
v -4.11073399 -0.179440007 -1.299137
v -4.25172901 -0.170275003 -1.298141
v -4.25172901 -0.161197007 -1.29679096
v -4.28456211 -0.170332 -1.297557
v -4.28456211 -0.161311999 -1.29621601
v -4.25172901 -0.179440007 -1.29859602
v -4.28456211 -0.179440007 -1.29800999
v -4.25172901 -0.152293995 -1.29456401
v -4.28456211 -0.152464002 -1.29400301
v -4.31683683 -0.161726996 -1.29412699
v -4.31683683 -0.153081998 -1.29196501
v -4.30525303 -0.152734995 -1.29310906
v -4.30525303 -0.161494002 -1.29529905
v -4.30525303 -0.170423999 -1.29662704
v -4.31683683 -0.170541003 -1.29543805
v -4.30525303 -0.179440007 -1.29707599
v -4.31683683 -0.179440007 -1.29587996
v -4.32235098 -0.170674995 -1.29407501
v -4.32235098 -0.161993995 -1.29278398
v -4.3248291 -0.170818001 -1.29262602
v -4.3248291 -0.162277997 -1.29135597
v -4.32235098 -0.179440007 -1.29451096
v -4.3248291 -0.179440007 -1.29305506
v -4.32235098 -0.153479993 -1.29065502
v -4.3248291 -0.153901994 -1.28926098
v -4.2097888 -0.197745994 -1.29710996
v -4.2097888 -0.188637003 -1.29846394
v -4.16177893 -0.188651994 -1.29861498
v -4.16177893 -0.197776005 -1.29725802
v -4.11073399 -0.188657999 -1.29867899
v -4.11073399 -0.197788 -1.29732096
v -4.16177893 -0.206724003 -1.29501998
v -4.2097888 -0.20668 -1.29487503
v -4.16177893 -0.215409994 -1.29191804
v -4.2097888 -0.215351999 -1.29177797
v -4.11073399 -0.206743002 -1.29508197
v -4.11073399 -0.215434998 -1.291978
v -4.25172901 -0.206586003 -1.29456401
v -4.25172901 -0.197683007 -1.29679096
v -4.28456211 -0.206415996 -1.29400301
v -4.28456211 -0.197567999 -1.29621601
v -4.25172901 -0.215228006 -1.29147804
v -4.28456211 -0.215002999 -1.29093599
v -4.25172901 -0.188604996 -1.298141
v -4.28456211 -0.188547 -1.297557
v -4.31683683 -0.197153002 -1.29412699
v -4.31683683 -0.188338995 -1.29543805
v -4.30525303 -0.188455999 -1.29662704
v -4.30525303 -0.197385997 -1.29529905
v -4.30525303 -0.206145003 -1.29310906
v -4.31683683 -0.205798 -1.29196501
v -4.30525303 -0.214645997 -1.29007304
v -4.31683683 -0.214187995 -1.28896797
v -4.32235098 -0.205400005 -1.29065502
v -4.32235098 -0.196886003 -1.29278398
v -4.3248291 -0.204977006 -1.28926098
v -4.3248291 -0.196602002 -1.29135597
v -4.32235098 -0.213663995 -1.28770304
v -4.3248291 -0.213107005 -1.286358
v -4.32235098 -0.188205004 -1.29407501
v -4.3248291 -0.188061997 -1.29262602
v -4.2097888 -0.231572002 -1.28309906
v -4.2097888 -0.223673999 -1.28783596
v -4.16177893 -0.223745003 -1.28796995
v -4.16177893 -0.231656 -1.28322506
v -4.11073399 -0.223775998 -1.28802705
v -4.11073399 -0.231691003 -1.28327799
v -4.16177893 -0.239067003 -1.27773201
v -4.2097888 -0.238970995 -1.27761495
v -4.16177893 -0.245903999 -1.27154303
v -4.2097888 -0.245796993 -1.27143598
v -4.11073399 -0.239107996 -1.27778196
v -4.11073399 -0.245949998 -1.27158797
v -4.25172901 -0.238764003 -1.27736402
v -4.25172901 -0.231390998 -1.28282797
v -4.28456211 -0.238391995 -1.27691102
v -4.28456211 -0.231065005 -1.282341
v -4.25172901 -0.245566994 -1.27120495
v -4.28456211 -0.245152995 -1.27079105
v -4.25172901 -0.223520994 -1.28754902
v -4.28456211 -0.223243997 -1.28703201
v -4.31683683 -0.229882002 -1.28057003
v -4.31683683 -0.222240999 -1.28515399
v -4.30525303 -0.222803995 -1.28620803
v -4.30525303 -0.230545998 -1.281564
v -4.30525303 -0.237800002 -1.27618802
v -4.31683683 -0.237041995 -1.27526498
v -4.30525303 -0.244491994 -1.27013004
v -4.31683683 -0.243646994 -1.26928496
v -4.32235098 -0.236173004 -1.27420604
v -4.32235098 -0.229121 -1.27943206
v -4.3248291 -0.235248998 -1.27307999
v -4.3248291 -0.228312001 -1.27822101
v -4.32235098 -0.242679 -1.26831698
v -4.3248291 -0.241649002 -1.26728702
v -4.32235098 -0.221595004 -1.28394699
v -4.3248291 -0.220908999 -1.28266203
v -4.2097888 -0.257459998 -1.25721002
v -4.2097888 -0.251976997 -1.26460898
v -4.16177893 -0.252094001 -1.26470494
v -4.16177893 -0.257586002 -1.25729406
v -4.11073399 -0.252144009 -1.26474595
v -4.11073399 -0.257640004 -1.25732994
v -4.16177893 -0.262331009 -1.24938405
v -4.2097888 -0.262198001 -1.24931204
v -4.16177893 -0.266279995 -1.24104798
v -4.2097888 -0.266140014 -1.240991
v -4.11073399 -0.262387991 -1.24941397
v -4.11073399 -0.266339004 -1.24107301
v -4.25172901 -0.261911005 -1.24915898
v -4.25172901 -0.257189989 -1.25702906
v -4.28456211 -0.261393994 -1.24888301
v -4.28456211 -0.256702989 -1.25670302
v -4.25172901 -0.26583901 -1.24086595
v -4.28456211 -0.265298009 -1.24064195
v -4.25172901 -0.251726002 -1.26440299
v -4.28456211 -0.251271993 -1.26403105
v -4.31683683 -0.254931986 -1.25551999
v -4.31683683 -0.249625996 -1.26268005
v -4.30525303 -0.250550002 -1.26343799
v -4.30525303 -0.255926013 -1.25618398
v -4.30525303 -0.26056999 -1.24844205
v -4.31683683 -0.259516001 -1.24787903
v -4.30525303 -0.264434993 -1.24028397
v -4.31683683 -0.263330013 -1.23982704
v -4.32235098 -0.258307993 -1.24723303
v -4.32235098 -0.253794014 -1.25476003
v -4.3248291 -0.25702399 -1.24654698
v -4.3248291 -0.252582997 -1.25395095
v -4.32235098 -0.262064993 -1.23930299
v -4.3248291 -0.260720015 -1.23874497
v -4.32235098 -0.248567998 -1.26181102
v -4.3248291 -0.247442007 -1.26088703
v -4.2097888 -0.271470994 -1.22338402
v -4.2097888 -0.269237012 -1.232319
v -4.16177893 -0.269382 -1.23236299
v -4.16177893 -0.271620005 -1.22341394
v -4.11073399 -0.269443005 -1.23238099
v -4.11073399 -0.271683007 -1.22342598
v -4.16177893 -0.272976995 -1.21429002
v -4.2097888 -0.272825986 -1.214275
v -4.16177893 -0.273434997 -1.20507801
v -4.2097888 -0.273283005 -1.20507801
v -4.11073399 -0.27304101 -1.21429598
v -4.11073399 -0.273499012 -1.20507801
v -4.25172901 -0.272502005 -1.21424305
v -4.25172901 -0.27115199 -1.22332096
v -4.28456211 -0.271919012 -1.21418595
v -4.28456211 -0.270577013 -1.223207
v -4.25172901 -0.27295801 -1.20507801
v -4.28456211 -0.272372007 -1.20507801
v -4.25172901 -0.268925995 -1.23222399
v -4.28456211 -0.268364996 -1.232054
v -4.31683683 -0.268489003 -1.22279096
v -4.31683683 -0.266326994 -1.23143601
v -4.30525303 -0.267470986 -1.23178303
v -4.30525303 -0.269661009 -1.22302401
v -4.30525303 -0.270989001 -1.21409404
v -4.31683683 -0.269800007 -1.21397698
v -4.30525303 -0.271436989 -1.20507801
v -4.31683683 -0.270242006 -1.20507801
v -4.32235098 -0.268436998 -1.21384299
v -4.32235098 -0.267145991 -1.22252405
v -4.3248291 -0.266988009 -1.21370006
v -4.3248291 -0.265718013 -1.22223997
v -4.32235098 -0.268873006 -1.20507801
v -4.3248291 -0.267416 -1.20507801
v -4.32235098 -0.265017003 -1.23103797
v -4.3248291 -0.263622999 -1.23061597
v -4.2097888 -0.271470994 -1.18677199
v -4.2097888 -0.272825986 -1.19588101
v -4.16177893 -0.272976995 -1.19586599
v -4.16177893 -0.271620005 -1.18674195
v -4.11073399 -0.27304101 -1.19586003
v -4.11073399 -0.271683007 -1.18673003
v -4.16177893 -0.269382 -1.17779398
v -4.2097888 -0.269237012 -1.17783797
v -4.16177893 -0.266279995 -1.16910803
v -4.2097888 -0.266140014 -1.16916597
v -4.11073399 -0.269443005 -1.17777503
v -4.11073399 -0.266339004 -1.169083
v -4.25172901 -0.268925995 -1.17793202
v -4.25172901 -0.27115199 -1.18683505
v -4.28456211 -0.268364996 -1.17810202
v -4.28456211 -0.270577013 -1.18694997
v -4.25172901 -0.26583901 -1.16928995
v -4.28456211 -0.265298009 -1.16951501
v -4.25172901 -0.272502005 -1.19591296
v -4.28456211 -0.271919012 -1.19597101
v -4.31683683 -0.268489003 -1.18736506
v -4.31683683 -0.269800007 -1.19617903
v -4.30525303 -0.270989001 -1.19606197
v -4.30525303 -0.269661009 -1.187132
v -4.30525303 -0.267470986 -1.17837298
v -4.31683683 -0.266326994 -1.17872
v -4.30525303 -0.264434993 -1.16987205
v -4.31683683 -0.263330013 -1.17033005
v -4.32235098 -0.265017003 -1.17911804
v -4.32235098 -0.267145991 -1.18763196
v -4.3248291 -0.263622999 -1.17954099
v -4.3248291 -0.265718013 -1.18791699
v -4.32235098 -0.262064993 -1.17085397
v -4.3248291 -0.260720015 -1.17141104
v -4.32235098 -0.268436998 -1.19631398
v -4.3248291 -0.266988009 -1.19645596
v -4.2097888 -0.257461011 -1.152946
v -4.2097888 -0.262198001 -1.16084397
v -4.16177893 -0.262331009 -1.16077304
v -4.16177893 -0.257586002 -1.15286303
v -4.11073399 -0.262387991 -1.160743
v -4.11073399 -0.257640004 -1.15282702
v -4.16177893 -0.252094001 -1.14545095
v -4.2097888 -0.251976997 -1.14554703
v -4.16177893 -0.245903999 -1.13861406
v -4.2097888 -0.245796993 -1.13872099
v -4.11073399 -0.252144009 -1.14541101
v -4.11073399 -0.245949998 -1.138569
v -4.25172901 -0.251726002 -1.14575398
v -4.25172901 -0.257189989 -1.15312696
v -4.28456211 -0.251271993 -1.14612603
v -4.28456211 -0.256702989 -1.15345299
v -4.25172901 -0.245566994 -1.13895094
v -4.28456211 -0.245152995 -1.13936496
v -4.25172901 -0.261911005 -1.16099703
v -4.28456211 -0.261393994 -1.16127396
v -4.31683683 -0.254931986 -1.15463603
v -4.31683683 -0.259516001 -1.16227806
v -4.30525303 -0.26056999 -1.16171396
v -4.30525303 -0.255926013 -1.15397203
v -4.30525303 -0.250550002 -1.14671803
v -4.31683683 -0.249625996 -1.14747703
v -4.30525303 -0.244491994 -1.14002597
v -4.31683683 -0.243646994 -1.14087105
v -4.32235098 -0.248567998 -1.14834499
v -4.32235098 -0.253794014 -1.15539706
v -4.3248291 -0.247442007 -1.14926898
v -4.3248291 -0.252582997 -1.15620601
v -4.32235098 -0.242679 -1.14183998
v -4.3248291 -0.241649002 -1.142869
v -4.32235098 -0.258307993 -1.16292298
v -4.3248291 -0.25702399 -1.16360998
v -4.2097888 -0.231572002 -1.12705803
v -4.2097888 -0.238970995 -1.13254094
v -4.16177893 -0.239067003 -1.132424
v -4.16177893 -0.231656 -1.12693202
v -4.11073399 -0.239107996 -1.13237405
v -4.11073399 -0.231691003 -1.12687802
v -4.16177893 -0.223745003 -1.12218702
v -4.2097888 -0.223673999 -1.12232006
v -4.16177893 -0.215409994 -1.11823797
v -4.2097888 -0.215351999 -1.11837804
v -4.11073399 -0.223775998 -1.12213004
v -4.11073399 -0.215434998 -1.11817896
v -4.25172901 -0.223520994 -1.12260699
v -4.25172901 -0.231390998 -1.12732804
v -4.28456211 -0.223243997 -1.123124
v -4.28456211 -0.231065005 -1.12781596
v -4.25172901 -0.215228006 -1.11867905
v -4.28456211 -0.215002999 -1.11922002
v -4.25172901 -0.238764003 -1.13279295
v -4.28456211 -0.238391995 -1.13324594
v -4.31683683 -0.229882002 -1.12958598
v -4.31683683 -0.237041995 -1.13489199
v -4.30525303 -0.237800002 -1.133968
v -4.30525303 -0.230545998 -1.12859201
v -4.30525303 -0.222803995 -1.12394798
v -4.31683683 -0.222240999 -1.12500203
v -4.30525303 -0.214645997 -1.12008405
v -4.31683683 -0.214187995 -1.12118804
v -4.32235098 -0.221595004 -1.12620997
v -4.32235098 -0.229121 -1.13072503
v -4.3248291 -0.220908999 -1.12749398
v -4.3248291 -0.228312001 -1.131935
v -4.32235098 -0.213663995 -1.12245297
v -4.3248291 -0.213107005 -1.12379897
v -4.32235098 -0.236173004 -1.13594997
v -4.3248291 -0.235248998 -1.13707602
v -4.2097888 -0.197745994 -1.113047
v -4.2097888 -0.206680998 -1.11528099
v -4.16177893 -0.206724003 -1.11513603
v -4.16177893 -0.197776005 -1.11289799
v -4.11073399 -0.206743002 -1.11507499
v -4.11073399 -0.197788 -1.11283505
v -4.16177893 -0.188651994 -1.11154199
v -4.2097888 -0.188637003 -1.11169195
v -4.16177893 -0.179440007 -1.11108398
v -4.2097888 -0.179440007 -1.11123502
v -4.11073399 -0.188657999 -1.11147702
v -4.11073399 -0.179440007 -1.11101902
v -4.25172901 -0.188604996 -1.11201596
v -4.25172901 -0.197683007 -1.11336601
v -4.28456211 -0.188547 -1.11259902
v -4.28456211 -0.197567999 -1.11394095
v -4.25172901 -0.179440007 -1.11155999
v -4.28456211 -0.179440007 -1.11214602
v -4.25172901 -0.206586003 -1.115592
v -4.28456211 -0.206415996 -1.11615396
v -4.31683683 -0.197153002 -1.11602902
v -4.31683683 -0.205798 -1.118191
v -4.30525303 -0.206145003 -1.11704803
v -4.30525303 -0.197385997 -1.11485696
v -4.30525303 -0.188455999 -1.11352897
v -4.31683683 -0.188338995 -1.11471903
v -4.30525303 -0.179440007 -1.11308098
v -4.31683683 -0.179440007 -1.11427605
v -4.32235098 -0.188205004 -1.116081
v -4.32235098 -0.196886003 -1.11737204
v -4.3248291 -0.188061997 -1.11752999
v -4.3248291 -0.196602002 -1.11880004
v -4.32235098 -0.179440007 -1.11564505
v -4.3248291 -0.179440007 -1.11710203
v -4.32235098 -0.205400005 -1.11950195
v -4.3248291 -0.204977006 -1.12089503
v -4.2097888 -0.161134005 -1.113047
v -4.2097888 -0.170242995 -1.11169195
v -4.16177893 -0.170228004 -1.11154199
v -4.16177893 -0.161103994 -1.11289799
v -4.11073399 -0.170221999 -1.11147702
v -4.11073399 -0.161091998 -1.11283505
v -4.16177893 -0.152154997 -1.11513603
v -4.2097888 -0.152199 -1.11528099
v -4.16177893 -0.143470004 -1.11823797
v -4.2097888 -0.143528 -1.11837804
v -4.11073399 -0.152136996 -1.11507499
v -4.11073399 -0.143445 -1.11817896
v -4.25172901 -0.152293995 -1.115592
v -4.25172901 -0.161197007 -1.11336601
v -4.28456211 -0.152464002 -1.11615396
v -4.28456211 -0.161311999 -1.11394095
v -4.25172901 -0.143652007 -1.11867905
v -4.28456211 -0.143876001 -1.11922002
v -4.25172901 -0.170275003 -1.11201596
v -4.28456211 -0.170332 -1.11259902
v -4.31683683 -0.161726996 -1.11602902
v -4.31683683 -0.170541003 -1.11471903
v -4.30525303 -0.170423999 -1.11352897
v -4.30525303 -0.161494002 -1.11485696
v -4.30525303 -0.152734995 -1.11704803
v -4.31683683 -0.153081998 -1.118191
v -4.30525303 -0.144234002 -1.12008297
v -4.31683683 -0.144691005 -1.12118804
v -4.32235098 -0.153479993 -1.11950195
v -4.32235098 -0.161993995 -1.11737204
v -4.3248291 -0.153901994 -1.12089503
v -4.3248291 -0.162277997 -1.11880004
v -4.32235098 -0.145215005 -1.12245297
v -4.3248291 -0.145772994 -1.12379897
v -4.32235098 -0.170674995 -1.116081
v -4.3248291 -0.170818001 -1.11752999
v -4.2097888 -0.127307996 -1.12705803
v -4.2097888 -0.135205999 -1.12232006
v -4.16177893 -0.135134995 -1.12218702
v -4.16177893 -0.127223998 -1.12693202
v -4.11073399 -0.135104001 -1.12213004
v -4.11073399 -0.127187997 -1.12687802
v -4.16177893 -0.119813003 -1.132424
v -4.2097888 -0.119909003 -1.13254094
v -4.16177893 -0.112976 -1.13861406
v -4.2097888 -0.113082998 -1.13872099
v -4.11073399 -0.119772002 -1.13237405
v -4.11073399 -0.11293 -1.138569
v -4.25172901 -0.120114997 -1.132792
v -4.25172901 -0.127489001 -1.12732804
v -4.28456211 -0.120486997 -1.13324594
v -4.28456211 -0.127814993 -1.12781596
v -4.25172901 -0.113312997 -1.13895094
v -4.28456211 -0.113727003 -1.13936496
v -4.25172901 -0.135359004 -1.12260699
v -4.28456211 -0.135636002 -1.123124
v -4.31683683 -0.128997996 -1.12958598
v -4.31683683 -0.136638999 -1.12500203
v -4.30525303 -0.136076003 -1.12394798
v -4.30525303 -0.128334001 -1.12859201
v -4.30525303 -0.121080004 -1.133968
v -4.31683683 -0.121838003 -1.13489199
v -4.30525303 -0.114387996 -1.14002597
v -4.31683683 -0.115232997 -1.14087105
v -4.32235098 -0.122707002 -1.13594997
v -4.32235098 -0.129758 -1.13072503
v -4.3248291 -0.123631001 -1.13707602
v -4.3248291 -0.130566999 -1.131935
v -4.32235098 -0.116200998 -1.14183998
v -4.3248291 -0.117230996 -1.142869
v -4.32235098 -0.137284994 -1.12620997
v -4.3248291 -0.137970999 -1.12749398
v -4.2097888 -0.101419002 -1.152946
v -4.2097888 -0.106903002 -1.14554799
v -4.16177893 -0.106785998 -1.14545095
v -4.16177893 -0.101294003 -1.15286303
v -4.11073399 -0.106735997 -1.14541101
v -4.11073399 -0.101240002 -1.15282702
v -4.16177893 -0.0965479985 -1.16077304
v -4.2097888 -0.0966819972 -1.16084397
v -4.16177893 -0.0926000029 -1.16910803
v -4.2097888 -0.0927399993 -1.16916597
v -4.11073399 -0.0964919999 -1.160743
v -4.11073399 -0.0925410017 -1.169083
v -4.25172901 -0.096969001 -1.16099703
v -4.25172901 -0.101690002 -1.15312696
v -4.28456211 -0.0974859968 -1.16127396
v -4.28456211 -0.102177002 -1.15345299
v -4.25172901 -0.0930399969 -1.16928995
v -4.28456211 -0.0935819969 -1.16951501
v -4.25172901 -0.107153997 -1.14575398
v -4.28456211 -0.107607 -1.14612603
v -4.31683683 -0.103947997 -1.15463603
v -4.31683683 -0.109254003 -1.14747703
v -4.30525303 -0.108329996 -1.14671803
v -4.30525303 -0.102954 -1.15397203
v -4.30525303 -0.0983100012 -1.16171396
v -4.31683683 -0.0993639976 -1.16227806
v -4.30525303 -0.0944449976 -1.16987205
v -4.31683683 -0.0955500007 -1.17033005
v -4.32235098 -0.100570999 -1.16292298
v -4.32235098 -0.105085999 -1.15539706
v -4.3248291 -0.101856001 -1.16360998
v -4.3248291 -0.106297001 -1.15620601
v -4.32235098 -0.0968149975 -1.17085397
v -4.3248291 -0.0981599987 -1.17141104
v -4.32235098 -0.110312 -1.14834499
v -4.3248291 -0.111437999 -1.14926898
v -4.2097888 -0.0874079987 -1.18677199
v -4.2097888 -0.0896430016 -1.17783797
v -4.16177893 -0.0894979984 -1.17779398
v -4.16177893 -0.0872600004 -1.18674195
v -4.11073399 -0.0894370005 -1.17777503
v -4.11073399 -0.0871969983 -1.18673003
v -4.16177893 -0.0859029964 -1.19586694
v -4.2097888 -0.0860539973 -1.19588101
v -4.16177893 -0.0854450017 -1.20507801
v -4.2097888 -0.0855960026 -1.20507801
v -4.11073399 -0.0858390033 -1.19586003
v -4.11073399 -0.0853810012 -1.20507801
v -4.25172901 -0.0863780007 -1.19591296
v -4.25172901 -0.0877270028 -1.18683505
v -4.28456211 -0.0869610012 -1.19597101
v -4.28456211 -0.0883020014 -1.18694997
v -4.25172901 -0.0859220028 -1.20507801
v -4.28456211 -0.0865079984 -1.20507801
v -4.25172901 -0.0899540037 -1.17793202
v -4.28456211 -0.0905150026 -1.17810202
v -4.31683683 -0.0903910026 -1.18736506
v -4.31683683 -0.0925529972 -1.17872095
v -4.30525303 -0.0914089978 -1.17837298
v -4.30525303 -0.0892189965 -1.187132
v -4.30525303 -0.0878909975 -1.19606197
v -4.31683683 -0.0890799984 -1.19617999
v -4.30525303 -0.0874420032 -1.20507801
v -4.31683683 -0.0886380002 -1.20507801
v -4.32235098 -0.0904430002 -1.19631398
v -4.32235098 -0.0917339996 -1.18763196
v -4.3248291 -0.0918919966 -1.19645596
v -4.3248291 -0.0931620002 -1.18791699
v -4.32235098 -0.0900069997 -1.20507801
v -4.3248291 -0.0914629996 -1.20507801
v -4.32235098 -0.093863003 -1.17911804
v -4.3248291 -0.0952569991 -1.17954099
v -4.2097888 -0.0874079987 -1.22338402
v -4.2097888 -0.0860539973 -1.214275
v -4.16177893 -0.0859029964 -1.21429002
v -4.16177893 -0.0872600004 -1.22341394
v -4.11073399 -0.0858390033 -1.21429598
v -4.11073399 -0.0871969983 -1.22342598
v -4.16177893 -0.0894979984 -1.23236299
v -4.2097888 -0.0896430016 -1.232319
v -4.16177893 -0.0926000029 -1.24104798
v -4.2097888 -0.0927399993 -1.240991
v -4.11073399 -0.0894370005 -1.23238099
v -4.11073399 -0.0925410017 -1.24107301
v -4.25172901 -0.0899540037 -1.23222399
v -4.25172901 -0.0877280012 -1.22332096
v -4.28456211 -0.0905150026 -1.232054
v -4.28456211 -0.0883029997 -1.223207
v -4.25172901 -0.0930399969 -1.24086595
v -4.28456211 -0.0935819969 -1.24064195
v -4.25172901 -0.0863780007 -1.21424305
v -4.28456211 -0.0869610012 -1.21418595
v -4.31683683 -0.0903910026 -1.22279096
v -4.31683683 -0.0890799984 -1.21397698
v -4.30525303 -0.0878909975 -1.21409404
v -4.30525303 -0.0892189965 -1.22302401
v -4.30525303 -0.0914089978 -1.23178303
v -4.31683683 -0.0925529972 -1.23143601
v -4.30525303 -0.0944449976 -1.24028397
v -4.31683683 -0.0955500007 -1.23982704
v -4.32235098 -0.093863003 -1.23103905
v -4.32235098 -0.0917339996 -1.22252405
v -4.3248291 -0.0952569991 -1.23061597
v -4.3248291 -0.0931620002 -1.22223997
v -4.32235098 -0.0968149975 -1.23930299
v -4.3248291 -0.0981599987 -1.23874497
v -4.32235098 -0.0904430002 -1.21384299
v -4.3248291 -0.0918919966 -1.21370006
v -4.31683683 -0.103947997 -1.25551999
v -4.31683683 -0.109254003 -1.26268005
v -4.32235098 -0.110312 -1.26181102
v -4.32235098 -0.105085999 -1.25476003
v -4.3248291 -0.111437999 -1.26088703
v -4.3248291 -0.106297001 -1.25395095
v -4.32235098 -0.100571997 -1.24723399
v -4.31683683 -0.0993639976 -1.24787903
v -4.3248291 -0.101856001 -1.24654698
v -4.30525303 -0.0983100012 -1.24844205
v -4.30525303 -0.102954 -1.25618505
v -4.28456211 -0.0974859968 -1.24888301
v -4.28456211 -0.102177002 -1.25670397
v -4.30525303 -0.108329996 -1.26343799
v -4.28456211 -0.107607998 -1.26403105
v -4.2097888 -0.101419002 -1.25721002
v -4.2097888 -0.106903002 -1.26460898
v -4.25172901 -0.107153997 -1.26440299
v -4.25172901 -0.101690002 -1.25702906
v -4.25172901 -0.096969001 -1.24915898
v -4.2097888 -0.0966819972 -1.24931204
v -4.16177893 -0.0965479985 -1.24938405
v -4.16177893 -0.101294003 -1.25729406
v -4.11073399 -0.0964919999 -1.24941397
v -4.11073399 -0.101240002 -1.25732994
v -4.16177893 -0.106785998 -1.26470494
v -4.11073399 -0.106735997 -1.26474595
v -4.32196617 -0.116224997 -1.24731696
v -4.32193422 -0.116683997 -1.24701095
v -4.32193422 -0.112873003 -1.24065804
v -4.32196617 -0.112387002 -1.24091804
v -4.32193422 -0.109701999 -1.23396504
v -4.32196617 -0.109192997 -1.23417604
v -4.3218689 -0.117062002 -1.24675798
v -4.3218689 -0.113274001 -1.24044394
v -4.3218689 -0.110122003 -1.23379099
v -4.32197714 -0.111842997 -1.24120903
v -4.32197714 -0.115713 -1.24766004
v -4.32197714 -0.111271001 -1.24151504
v -4.32197714 -0.115172997 -1.24802005
v -4.32197714 -0.108622998 -1.23441195
v -4.32197714 -0.108024001 -1.23466003
v -4.32197714 -0.120191 -1.253703
v -4.32196617 -0.120668001 -1.25331199
v -4.32197714 -0.125239 -1.25927901
v -4.32196617 -0.125674993 -1.25884295
v -4.32197714 -0.119690001 -1.25411499
v -4.32197714 -0.124779999 -1.25973797
v -4.32193422 -0.121094003 -1.25296199
v -4.3218689 -0.121445999 -1.25267398
v -4.32193422 -0.126065001 -1.25845301
v -4.3218689 -0.126386002 -1.25813198
v -4.32196617 -0.254007012 -1.19024599
v -4.32197714 -0.254611999 -1.19012594
v -4.32197714 -0.252786011 -1.18282795
v -4.32196617 -0.252196997 -1.183007
v -4.32197714 -0.250256985 -1.17574501
v -4.32196617 -0.249687001 -1.17598104
v -4.32197714 -0.25524801 -1.18999898
v -4.32197714 -0.253407001 -1.18263996
v -4.32197714 -0.250856012 -1.17549598
v -4.32193422 -0.25166899 -1.18316698
v -4.32193422 -0.25346601 -1.19035304
v -4.3218689 -0.251233995 -1.18329895
v -4.3218689 -0.253019989 -1.19044197
v -4.32193422 -0.249178007 -1.17619205
v -4.3218689 -0.248758003 -1.17636597
v -4.32193422 -0.254556 -1.19768095
v -4.32196617 -0.255104989 -1.19762695
v -4.32193422 -0.254922986 -1.20507801
v -4.32196617 -0.255475014 -1.20507801
v -4.3218689 -0.254103005 -1.19772506
v -4.3218689 -0.254469007 -1.20507801
v -4.32197714 -0.255717993 -1.19756603
v -4.32197714 -0.256363988 -1.19750297
v -4.32197714 -0.256092012 -1.20507801
v -4.32197714 -0.256740004 -1.20507801
v -4.32196617 -0.137200996 -1.26829302
v -4.32193422 -0.137508005 -1.26783502
v -4.32193422 -0.131556004 -1.26342404
v -4.32196617 -0.131206006 -1.26384997
v -4.3218689 -0.137759998 -1.26745701
v -4.3218689 -0.131843999 -1.26307297
v -4.32197714 -0.130814999 -1.26432705
v -4.32197714 -0.136859 -1.26880598
v -4.32197714 -0.130402997 -1.26482797
v -4.32197714 -0.136498004 -1.26934505
v -4.32197714 -0.143308997 -1.27267504
v -4.32196617 -0.143600002 -1.27213204
v -4.32197714 -0.150106996 -1.275895
v -4.32196617 -0.150343001 -1.27532601
v -4.32197714 -0.143004 -1.273247
v -4.32197714 -0.149857998 -1.27649498
v -4.32193422 -0.143859997 -1.27164495
v -4.3218689 -0.144073993 -1.27124405
v -4.32193422 -0.150554001 -1.27481604
v -4.3218689 -0.150728002 -1.27439594
v -4.32196617 -0.194271997 -1.27964497
v -4.32197714 -0.194392994 -1.28024995
v -4.32197714 -0.201690003 -1.27842498
v -4.32196617 -0.201510996 -1.27783501
v -4.32197714 -0.208773002 -1.275895
v -4.32196617 -0.208536997 -1.27532494
v -4.32197714 -0.194518998 -1.28088605
v -4.32197714 -0.201877996 -1.27904606
v -4.32197714 -0.209022 -1.27649498
v -4.32193422 -0.201351002 -1.27730703
v -4.32193422 -0.194165006 -1.27910399
v -4.3218689 -0.201219007 -1.27687204
v -4.3218689 -0.194076002 -1.27865899
v -4.32193422 -0.208325997 -1.27481604
v -4.3218689 -0.208151996 -1.27439594
v -4.32193422 -0.186838001 -1.28019404
v -4.32196617 -0.186892003 -1.280743
v -4.32193422 -0.179440007 -1.28056204
v -4.32196617 -0.179440007 -1.28111303
v -4.3218689 -0.186793 -1.279742
v -4.3218689 -0.179440007 -1.28010702
v -4.32197714 -0.186951995 -1.28135598
v -4.32197714 -0.187015995 -1.28200197
v -4.32197714 -0.179440007 -1.28173006
v -4.32197714 -0.179440007 -1.28237903
v -4.32196617 -0.116224997 -1.16283906
v -4.32197714 -0.115713 -1.16249704
v -4.32197714 -0.111842997 -1.16894805
v -4.32196617 -0.112387002 -1.16923797
v -4.32197714 -0.108622998 -1.17574501
v -4.32196617 -0.109192997 -1.17598104
v -4.32197714 -0.115172997 -1.16213596
v -4.32197714 -0.111271001 -1.16864204
v -4.32197714 -0.108024001 -1.17549598
v -4.32193422 -0.112873003 -1.16949797
v -4.32193422 -0.116683997 -1.16314602
v -4.3218689 -0.113274001 -1.16971195
v -4.3218689 -0.117062002 -1.16339803
v -4.32193422 -0.109701999 -1.17619205
v -4.3218689 -0.110122003 -1.17636597
v -4.32193422 -0.121094003 -1.15719402
v -4.32196617 -0.120668001 -1.15684402
v -4.32193422 -0.126065001 -1.151703
v -4.32196617 -0.125674993 -1.15131295
v -4.3218689 -0.121445999 -1.15748298
v -4.3218689 -0.126386002 -1.15202498
v -4.32197714 -0.120191 -1.15645301
v -4.32197714 -0.119690001 -1.15604198
v -4.32197714 -0.125239 -1.150877
v -4.32197714 -0.124779999 -1.15041804
v -4.32196617 -0.104873002 -1.19024599
v -4.32197714 -0.104268 -1.19012594
v -4.32197714 -0.103161998 -1.19756603
v -4.32196617 -0.103775002 -1.19762695
v -4.32197714 -0.102788001 -1.20507801
v -4.32196617 -0.103404999 -1.20507801
v -4.32197714 -0.103632003 -1.18999898
v -4.32197714 -0.102516003 -1.19750297
v -4.32197714 -0.102139004 -1.20507801
v -4.32193422 -0.104323998 -1.19768095
v -4.32193422 -0.105414003 -1.19035399
v -4.3218689 -0.104777001 -1.19772506
v -4.3218689 -0.105860002 -1.19044197
v -4.32193422 -0.103955999 -1.20507801
v -4.3218689 -0.104410999 -1.20507801
v -4.32193422 -0.107211001 -1.18316698
v -4.32196617 -0.106683001 -1.183007
v -4.3218689 -0.107646003 -1.18329895
v -4.32197714 -0.106092997 -1.18282795
v -4.32197714 -0.105472997 -1.18263996
v -4.32196617 -0.104873002 -1.21991098
v -4.32197714 -0.104268 -1.22003102
v -4.32197714 -0.106092997 -1.22732902
v -4.32196617 -0.106683001 -1.22714996
v -4.32197714 -0.103632003 -1.22015703
v -4.32197714 -0.105472997 -1.22751701
v -4.32193422 -0.107211001 -1.22698903
v -4.32193422 -0.105414003 -1.21980298
v -4.3218689 -0.107646003 -1.22685695
v -4.3218689 -0.105860002 -1.219715
v -4.32193422 -0.104323998 -1.21247602
v -4.32196617 -0.103775002 -1.21253002
v -4.3218689 -0.104777001 -1.21243095
v -4.32197714 -0.103161998 -1.21258998
v -4.32197714 -0.102516003 -1.21265399
v -4.32196617 -0.137200996 -1.14186299
v -4.32197714 -0.136859 -1.14135098
v -4.32197714 -0.130814999 -1.14583004
v -4.32196617 -0.131206006 -1.14630604
v -4.32197714 -0.136498004 -1.14081097
v -4.32197714 -0.130402997 -1.14532804
v -4.32193422 -0.131556004 -1.14673197
v -4.32193422 -0.137508005 -1.14232194
v -4.3218689 -0.131843999 -1.147084
v -4.3218689 -0.137759998 -1.14269996
v -4.32193422 -0.143859997 -1.13851094
v -4.32196617 -0.143600002 -1.13802505
v -4.32193422 -0.150554001 -1.13533998
v -4.32196617 -0.150343001 -1.13483095
v -4.3218689 -0.144073993 -1.13891196
v -4.3218689 -0.150728002 -1.13575995
v -4.32197714 -0.143308997 -1.13748097
v -4.32197714 -0.143004 -1.13690901
v -4.32197714 -0.150106996 -1.13426101
v -4.32197714 -0.149857998 -1.13366199
v -4.32196617 -0.164608002 -1.13051105
v -4.32197714 -0.164487004 -1.12990701
v -4.32197714 -0.157189995 -1.13173199
v -4.32196617 -0.157369003 -1.13232195
v -4.32197714 -0.164361 -1.12926996
v -4.32197714 -0.157001004 -1.13111103
v -4.32193422 -0.157528996 -1.13284898
v -4.32193422 -0.164715007 -1.13105202
v -4.3218689 -0.157661006 -1.13328397
v -4.3218689 -0.164803997 -1.13149798
v -4.32193422 -0.172041997 -1.12996304
v -4.32196617 -0.171987996 -1.12941396
v -4.32193422 -0.179440007 -1.12959504
v -4.32196617 -0.179440007 -1.12904298
v -4.3218689 -0.172086999 -1.13041496
v -4.3218689 -0.179440007 -1.13004899
v -4.32197714 -0.171928003 -1.12880003
v -4.32197714 -0.171864003 -1.12815404
v -4.32197714 -0.179440007 -1.12842703
v -4.32197714 -0.179440007 -1.12777805
v -4.32196617 -0.194271997 -1.13051105
v -4.32197714 -0.194392994 -1.12990701
v -4.32197714 -0.186951995 -1.12880003
v -4.32196617 -0.186892003 -1.12941396
v -4.32197714 -0.194518998 -1.12926996
v -4.32197714 -0.187015995 -1.12815404
v -4.32193422 -0.186838001 -1.12996304
v -4.32193422 -0.194165006 -1.13105202
v -4.3218689 -0.186793 -1.13041496
v -4.3218689 -0.194076002 -1.13149798
v -4.32193422 -0.201351002 -1.13284898
v -4.32196617 -0.201510996 -1.13232195
v -4.32193422 -0.208325997 -1.13534105
v -4.32196617 -0.208536997 -1.13483095
v -4.3218689 -0.201219007 -1.13328397
v -4.3218689 -0.208151996 -1.13575995
v -4.32197714 -0.201690003 -1.13173199
v -4.32197714 -0.201877996 -1.13111103
v -4.32197714 -0.208773002 -1.13426101
v -4.32197714 -0.209022 -1.13366199
v -4.32196617 -0.221679002 -1.14186299
v -4.32197714 -0.222020999 -1.14135098
v -4.32197714 -0.215571001 -1.13748097
v -4.32196617 -0.215279996 -1.13802505
v -4.32197714 -0.222381994 -1.14081097
v -4.32197714 -0.215875998 -1.13690901
v -4.32193422 -0.215020001 -1.13851094
v -4.32193422 -0.221371993 -1.14232194
v -4.3218689 -0.214806005 -1.13891196
v -4.3218689 -0.22112 -1.14269996
v -4.32193422 -0.227323994 -1.14673305
v -4.32196617 -0.227674007 -1.14630604
v -4.32193422 -0.232814997 -1.151703
v -4.32196617 -0.233205006 -1.15131295
v -4.3218689 -0.227035999 -1.147084
v -4.3218689 -0.232493997 -1.15202498
v -4.32197714 -0.228064999 -1.14583004
v -4.32197714 -0.228477001 -1.14532804
v -4.32197714 -0.233640999 -1.150877
v -4.32197714 -0.234099999 -1.15041804
v -4.32196617 -0.242654994 -1.16283906
v -4.32197714 -0.243166998 -1.16249704
v -4.32197714 -0.238689005 -1.15645301
v -4.32196617 -0.238212004 -1.15684402
v -4.32197714 -0.243707001 -1.16213596
v -4.32197714 -0.239189997 -1.15604198
v -4.32193422 -0.237785995 -1.15719402
v -4.32193422 -0.242195994 -1.16314602
v -4.3218689 -0.237434 -1.15748298
v -4.3218689 -0.241817996 -1.16339803
v -4.32193422 -0.246006995 -1.16949797
v -4.32196617 -0.246492997 -1.16923797
v -4.3218689 -0.245606005 -1.16971195
v -4.32197714 -0.247036994 -1.16894698
v -4.32197714 -0.247609004 -1.16864204
v -4.32196617 -0.254007012 -1.21991098
v -4.32197714 -0.254611999 -1.22003102
v -4.32197714 -0.255717993 -1.21258998
v -4.32196617 -0.255104989 -1.21253002
v -4.32197714 -0.25524801 -1.22015703
v -4.32197714 -0.256363988 -1.21265399
v -4.32193422 -0.254556 -1.21247602
v -4.32193422 -0.25346601 -1.21980298
v -4.3218689 -0.254103005 -1.21243095
v -4.3218689 -0.253019989 -1.21971405
v -4.32193422 -0.25166899 -1.22698903
v -4.32196617 -0.252196997 -1.22714901
v -4.32193422 -0.249178007 -1.23396397
v -4.32196617 -0.249687001 -1.23417604
v -4.3218689 -0.251233995 -1.22685695
v -4.3218689 -0.248758003 -1.23379099
v -4.32197714 -0.252786011 -1.22732794
v -4.32197714 -0.253407001 -1.22751701
v -4.32197714 -0.250256985 -1.234411
v -4.32197714 -0.250856012 -1.23466003
v -4.32196617 -0.242654994 -1.24731696
v -4.32197714 -0.243166998 -1.24765897
v -4.32197714 -0.247036994 -1.24120903
v -4.32196617 -0.246492997 -1.24091804
v -4.32197714 -0.243707001 -1.24802005
v -4.32197714 -0.247609004 -1.24151504
v -4.32193422 -0.246006995 -1.24065804
v -4.32193422 -0.242195994 -1.24701095
v -4.3218689 -0.245606005 -1.24044394
v -4.3218689 -0.241817996 -1.24675798
v -4.32193422 -0.237785995 -1.25296199
v -4.32196617 -0.238212004 -1.25331199
v -4.32193422 -0.232814997 -1.25845301
v -4.32196617 -0.233205006 -1.25884295
v -4.3218689 -0.237434 -1.25267398
v -4.3218689 -0.232492998 -1.25813198
v -4.32197714 -0.238688007 -1.253703
v -4.32197714 -0.239189997 -1.25411499
v -4.32197714 -0.233640999 -1.25927901
v -4.32197714 -0.234099999 -1.25973797
v -4.32196617 -0.221679002 -1.26829302
v -4.32197714 -0.222020999 -1.26880598
v -4.32197714 -0.228064999 -1.26432705
v -4.32196617 -0.227674007 -1.26384997
v -4.32197714 -0.222381994 -1.26934505
v -4.32197714 -0.228477001 -1.26482797
v -4.32193422 -0.227323994 -1.26342404
v -4.32193422 -0.221371993 -1.26783502
v -4.3218689 -0.227035999 -1.26307297
v -4.3218689 -0.22112 -1.26745701
v -4.32193422 -0.215020001 -1.27164495
v -4.32196617 -0.215279996 -1.27213204
v -4.3218689 -0.214806005 -1.27124405
v -4.32197714 -0.215571001 -1.27267504
v -4.32197714 -0.215875998 -1.273247
v -4.32196617 -0.164608002 -1.27964497
v -4.32197714 -0.164487004 -1.28024995
v -4.32197714 -0.171928003 -1.28135598
v -4.32196617 -0.171987996 -1.280743
v -4.32197714 -0.164361 -1.28088605
v -4.32197714 -0.171864003 -1.28200197
v -4.32193422 -0.172041997 -1.28019404
v -4.32193422 -0.164715007 -1.27910399
v -4.3218689 -0.172086999 -1.279742
v -4.3218689 -0.164803997 -1.27865899
v -4.32193422 -0.157528996 -1.27730703
v -4.32196617 -0.157369003 -1.27783501
v -4.3218689 -0.157661006 -1.27687204
v -4.32197714 -0.157189995 -1.27842498
v -4.32197714 -0.157001004 -1.27904606
v -4.31624317 -0.166418001 -1.27054799
v -4.31624317 -0.160062 -1.26895797
v -4.31574917 -0.159777999 -1.26989603
v -4.31574917 -0.166226 -1.27150905
v -4.3157382 -0.159453005 -1.27096605
v -4.31573915 -0.166007996 -1.27260602
v -4.31624317 -0.153892994 -1.26675498
v -4.31574917 -0.153518006 -1.26766098
v -4.3157382 -0.15309 -1.26869404
v -4.31574917 -0.172801003 -1.27248704
v -4.31624317 -0.172896996 -1.27151203
v -4.31574917 -0.179440007 -1.27281702
v -4.31624317 -0.179440007 -1.271837
v -4.3157382 -0.172692001 -1.27359998
v -4.3157382 -0.179440007 -1.27393496
v -4.31695795 -0.172977999 -1.27069795
v -4.31695795 -0.166576996 -1.26974595
v -4.31763315 -0.173039004 -1.27007103
v -4.31763315 -0.166700006 -1.26912796
v -4.31695795 -0.179440007 -1.27102005
v -4.31763315 -0.179440007 -1.27038896
v -4.31695795 -0.160299003 -1.26817596
v -4.31695795 -0.154205993 -1.26600003
v -4.31763315 -0.160482004 -1.267573
v -4.31763315 -0.154447004 -1.26541805
v -4.31624317 -0.142355993 -1.26058102
v -4.31624317 -0.137091994 -1.25668001
v -4.31574917 -0.136471003 -1.25743794
v -4.31574917 -0.141810998 -1.26139605
v -4.3157382 -0.135760993 -1.25830197
v -4.31573915 -0.141190007 -1.26232505
v -4.31624317 -0.132236004 -1.25228405
v -4.31574917 -0.131542996 -1.25297701
v -4.3157382 -0.130751997 -1.25376797
v -4.31574917 -0.147512004 -1.26481497
v -4.31624317 -0.147973999 -1.26395094
v -4.3157382 -0.146984994 -1.26580095
v -4.31695795 -0.148359001 -1.26322997
v -4.31695795 -0.142810002 -1.259902
v -4.31763315 -0.148655996 -1.26267397
v -4.31763315 -0.14316 -1.259377
v -4.31695795 -0.137611002 -1.25604904
v -4.31695795 -0.132814005 -1.251706
v -4.31763315 -0.138010994 -1.25556099
v -4.31763315 -0.133259997 -1.251261
v -4.31624317 -0.123939998 -1.24216497
v -4.31624317 -0.120569997 -1.23654699
v -4.31574917 -0.119704999 -1.23700905
v -4.31574917 -0.123125002 -1.24270904
v -4.3157382 -0.118718997 -1.237535
v -4.31573915 -0.122194998 -1.24333
v -4.31624317 -0.117766 -1.23062694
v -4.31574917 -0.116860002 -1.23100197
v -4.3157382 -0.115827002 -1.23143005
v -4.31574917 -0.127083004 -1.24804997
v -4.31624317 -0.127839997 -1.24742806
v -4.3157382 -0.126218006 -1.24875903
v -4.31695795 -0.128472 -1.24690998
v -4.31695795 -0.124619998 -1.24171102
v -4.31763315 -0.128959998 -1.24651003
v -4.31763315 -0.125144005 -1.24136102
v -4.31695795 -0.121290997 -1.23616195
v -4.31695795 -0.118520997 -1.23031402
v -4.31763315 -0.121847004 -1.23586404
v -4.31763315 -0.119103 -1.23007298
v -4.31624317 -0.113972999 -1.21810305
v -4.31624317 -0.113009997 -1.21162295
v -4.31574917 -0.112034 -1.21171904
v -4.31574917 -0.113012001 -1.21829402
v -4.3157382 -0.110921003 -1.21182799
v -4.31573915 -0.111915 -1.21851206
v -4.31624317 -0.112683997 -1.20508003
v -4.31574917 -0.111703999 -1.20508003
v -4.3157382 -0.110586002 -1.20508003
v -4.31574917 -0.114624999 -1.22474301
v -4.31624317 -0.115562998 -1.22445798
v -4.3157382 -0.113554999 -1.22506702
v -4.31695795 -0.116345003 -1.22422099
v -4.31695795 -0.114775002 -1.21794295
v -4.31763315 -0.116948001 -1.224038
v -4.31763315 -0.115392998 -1.21782005
v -4.31695795 -0.113822997 -1.21154296
v -4.31695795 -0.113502003 -1.20508003
v -4.31763315 -0.11445 -1.21148098
v -4.31763315 -0.114132002 -1.20508003
v -4.31624317 -0.113972999 -1.19205797
v -4.31624317 -0.115562998 -1.18570304
v -4.31574917 -0.114624999 -1.18541801
v -4.31574917 -0.113012001 -1.19186699
v -4.3157382 -0.113554999 -1.18509305
v -4.31573915 -0.111915 -1.19164801
v -4.31624317 -0.117766 -1.17953396
v -4.31574917 -0.116860002 -1.17915905
v -4.3157382 -0.115827002 -1.17873096
v -4.31574917 -0.112034 -1.19844198
v -4.31624317 -0.113009997 -1.19853795
v -4.3157382 -0.110921003 -1.19833195
v -4.31695795 -0.113822997 -1.19861805
v -4.31695795 -0.114775002 -1.19221795
v -4.31763315 -0.11445 -1.19868004
v -4.31763315 -0.115392998 -1.19234097
v -4.31695795 -0.116345003 -1.18594003
v -4.31695795 -0.118520997 -1.179847
v -4.31763315 -0.116948001 -1.18612301
v -4.31763315 -0.119103 -1.18008804
v -4.31624317 -0.123939998 -1.167997
v -4.31624317 -0.127840996 -1.16273296
v -4.31574917 -0.127083004 -1.16211104
v -4.31574917 -0.123125002 -1.16745198
v -4.3157382 -0.126218006 -1.16140199
v -4.31573915 -0.122194998 -1.16683102
v -4.31624317 -0.132237002 -1.15787697
v -4.31574917 -0.131542996 -1.157184
v -4.3157382 -0.130752996 -1.15639305
v -4.31574917 -0.119705997 -1.17315197
v -4.31624317 -0.120569997 -1.17361498
v -4.3157382 -0.118718997 -1.17262495
v -4.31695795 -0.121290997 -1.17400002
v -4.31695795 -0.124619998 -1.16845095
v -4.31763315 -0.121847004 -1.17429698
v -4.31763315 -0.125144005 -1.16880095
v -4.31695795 -0.128472 -1.163252
v -4.31695795 -0.132815003 -1.15845501
v -4.31763315 -0.128959998 -1.16365194
v -4.31763315 -0.133259997 -1.15890098
v -4.31624317 -0.142355993 -1.14958096
v -4.31624317 -0.147973999 -1.14621103
v -4.31574917 -0.147512004 -1.14534605
v -4.31574917 -0.141810998 -1.14876604
v -4.3157382 -0.146984994 -1.14435995
v -4.31573915 -0.141190007 -1.14783502
v -4.31624317 -0.153894007 -1.14340699
v -4.31574917 -0.153518006 -1.142501
v -4.3157382 -0.15309 -1.14146698
v -4.31574917 -0.136471003 -1.15272295
v -4.31624317 -0.137092993 -1.15348101
v -4.3157382 -0.135760993 -1.15185905
v -4.31695795 -0.137611002 -1.15411305
v -4.31695795 -0.142810002 -1.15025997
v -4.31763315 -0.138010994 -1.15460002
v -4.31763315 -0.14316 -1.15078402
v -4.31695795 -0.148359001 -1.14693201
v -4.31695795 -0.154205993 -1.14416206
v -4.31763315 -0.148655996 -1.147488
v -4.31763315 -0.154448003 -1.14474404
v -4.31624317 -0.166418001 -1.13961399
v -4.31624317 -0.172896996 -1.13864994
v -4.31574917 -0.172801003 -1.13767505
v -4.31574917 -0.166226 -1.13865304
v -4.3157382 -0.172692001 -1.13656199
v -4.31573915 -0.166007996 -1.137555
v -4.31624317 -0.179440007 -1.13832498
v -4.31574917 -0.179440007 -1.13734496
v -4.3157382 -0.179440007 -1.13622606
v -4.31574917 -0.159777999 -1.14026499
v -4.31624317 -0.160062 -1.141204
v -4.3157382 -0.159453005 -1.13919497
v -4.31695795 -0.160299003 -1.14198601
v -4.31695795 -0.166576996 -1.14041603
v -4.31763315 -0.160482004 -1.14258897
v -4.31763315 -0.166700006 -1.14103401
v -4.31695795 -0.172977999 -1.13946402
v -4.31695795 -0.179440007 -1.13914299
v -4.31763315 -0.173039004 -1.14009094
v -4.31763315 -0.179440007 -1.13977301
v -4.31624317 -0.192461997 -1.13961399
v -4.31624317 -0.198817 -1.141204
v -4.31574917 -0.199101999 -1.14026499
v -4.31574917 -0.192653 -1.13865304
v -4.3157382 -0.199425995 -1.13919497
v -4.31573915 -0.192871004 -1.137555
v -4.31624317 -0.204986006 -1.14340699
v -4.31574917 -0.205360994 -1.142501
v -4.3157382 -0.205789 -1.14146698
v -4.31574917 -0.186077997 -1.13767505
v -4.31624317 -0.185982004 -1.13864994
v -4.3157382 -0.186186999 -1.13656199
v -4.31695795 -0.185901999 -1.13946402
v -4.31695795 -0.192302004 -1.14041603
v -4.31763315 -0.185839996 -1.14009094
v -4.31763315 -0.192178994 -1.14103401
v -4.31695795 -0.198579997 -1.14198601
v -4.31695795 -0.204673007 -1.14416206
v -4.31763315 -0.198396996 -1.14258897
v -4.31763315 -0.204431996 -1.14474404
v -4.31624317 -0.216523007 -1.14958096
v -4.31624317 -0.221787006 -1.15348101
v -4.31574917 -0.222407997 -1.15272295
v -4.31574917 -0.217068002 -1.14876604
v -4.3157382 -0.223118007 -1.15185905
v -4.31573915 -0.217688993 -1.14783502
v -4.31624317 -0.226642996 -1.15787697
v -4.31574917 -0.227336004 -1.157184
v -4.3157382 -0.228127003 -1.15639305
v -4.31574917 -0.211366996 -1.14534605
v -4.31624317 -0.210905001 -1.14621103
v -4.3157382 -0.211895004 -1.14435995
v -4.31695795 -0.210519999 -1.14693201
v -4.31695795 -0.216068998 -1.15025997
v -4.31763315 -0.210223004 -1.14748704
v -4.31763315 -0.215719 -1.15078402
v -4.31695795 -0.221267998 -1.15411305
v -4.31695795 -0.226064995 -1.15845501
v -4.31763315 -0.220868006 -1.15460098
v -4.31763315 -0.225619003 -1.15890098
v -4.31624317 -0.234938994 -1.167997
v -4.31624317 -0.238308996 -1.17361498
v -4.31574917 -0.239173993 -1.17315197
v -4.31574917 -0.235753998 -1.16745198
v -4.3157382 -0.240160003 -1.17262495
v -4.31573915 -0.236683995 -1.16683102
v -4.31624317 -0.241113007 -1.17953396
v -4.31574917 -0.242018998 -1.17915905
v -4.31573915 -0.243052006 -1.17873096
v -4.31574917 -0.231795996 -1.16211104
v -4.31624317 -0.231039003 -1.16273296
v -4.3157382 -0.232660994 -1.16140199
v -4.31695795 -0.230407 -1.163252
v -4.31695795 -0.234259993 -1.16845095
v -4.31763315 -0.229919001 -1.16365194
v -4.31763315 -0.233734995 -1.16880095
v -4.31695795 -0.237588003 -1.17400002
v -4.31695795 -0.240357995 -1.179847
v -4.31763315 -0.237031996 -1.17429698
v -4.31763315 -0.239776 -1.18008804
v -4.31624317 -0.244905993 -1.19205797
v -4.31624317 -0.245869994 -1.19853795
v -4.31574917 -0.246845007 -1.19844198
v -4.31574917 -0.245866999 -1.19186699
v -4.3157382 -0.247958004 -1.19833195
v -4.31573915 -0.246963993 -1.19164801
v -4.31624317 -0.246195003 -1.20508003
v -4.31574917 -0.247174993 -1.20508003
v -4.3157382 -0.248293996 -1.20508003
v -4.31574917 -0.244253993 -1.18541801
v -4.31624317 -0.243315995 -1.18570304
v -4.3157382 -0.245324999 -1.18509305
v -4.31695795 -0.242533997 -1.18594003
v -4.31695795 -0.244103998 -1.19221795
v -4.31763315 -0.241931006 -1.18612301
v -4.31763315 -0.243486002 -1.19234097
v -4.31695795 -0.245056003 -1.19861805
v -4.31695795 -0.245377004 -1.20508003
v -4.31763315 -0.244429007 -1.19868004
v -4.31763315 -0.244746998 -1.20508003
v -4.31624317 -0.244905993 -1.21810305
v -4.31624317 -0.243315995 -1.22445798
v -4.31574917 -0.244253993 -1.22474301
v -4.31574917 -0.245866999 -1.21829402
v -4.3157382 -0.245324999 -1.22506702
v -4.31573915 -0.246963993 -1.21851206
v -4.31624317 -0.241113007 -1.23062694
v -4.31574917 -0.242018998 -1.23100197
v -4.3157382 -0.243052006 -1.23143005
v -4.31574917 -0.246845007 -1.21171904
v -4.31624317 -0.245869994 -1.21162295
v -4.3157382 -0.247958004 -1.21182799
v -4.31695795 -0.245056003 -1.21154296
v -4.31695795 -0.244103998 -1.21794295
v -4.31763315 -0.244429007 -1.21148098
v -4.31763315 -0.243486002 -1.21782005
v -4.31695795 -0.242533997 -1.22422099
v -4.31695795 -0.240357995 -1.23031402
v -4.31763315 -0.241931006 -1.224038
v -4.31763315 -0.239776 -1.23007298
v -4.31624317 -0.234938994 -1.24216497
v -4.31624317 -0.231039003 -1.24742806
v -4.31574917 -0.231795996 -1.24804997
v -4.31574917 -0.235753998 -1.24270904
v -4.3157382 -0.232660994 -1.24875903
v -4.31573915 -0.236683995 -1.24333
v -4.31624317 -0.226642996 -1.25228405
v -4.31574917 -0.227336004 -1.25297701
v -4.3157382 -0.228127003 -1.25376797
v -4.31574917 -0.239173993 -1.23700905
v -4.31624317 -0.238308996 -1.23654699
v -4.3157382 -0.240160003 -1.237535
v -4.31695795 -0.237588003 -1.23616195
v -4.31695795 -0.234259993 -1.24171102
v -4.31763315 -0.237031996 -1.23586404
v -4.31763315 -0.233734995 -1.24136102
v -4.31695795 -0.230407 -1.24690998
v -4.31695795 -0.226064995 -1.251706
v -4.31763315 -0.229919001 -1.24651003
v -4.31763315 -0.225619003 -1.251261
v -4.31624317 -0.216523007 -1.26058102
v -4.31624317 -0.210905001 -1.26395094
v -4.31574917 -0.211366996 -1.26481497
v -4.31574917 -0.217068002 -1.26139605
v -4.3157382 -0.211895004 -1.26580095
v -4.31573915 -0.217688993 -1.26232505
v -4.31624317 -0.204986006 -1.26675498
v -4.31574917 -0.205360994 -1.26766098
v -4.3157382 -0.205789 -1.26869404
v -4.31574917 -0.222407997 -1.25743794
v -4.31624317 -0.221787006 -1.25668001
v -4.3157382 -0.223118007 -1.25830197
v -4.31695795 -0.221267998 -1.25604904
v -4.31695795 -0.216068998 -1.259902
v -4.31763315 -0.220868006 -1.25556099
v -4.31763315 -0.215719 -1.259377
v -4.31695795 -0.210519999 -1.26322997
v -4.31695795 -0.204673007 -1.26600003
v -4.31763315 -0.210223004 -1.26267397
v -4.31763315 -0.204431996 -1.26541805
v -4.31624317 -0.192461997 -1.27054799
v -4.31624317 -0.185982004 -1.27151203
v -4.31574917 -0.186077997 -1.27248704
v -4.31574917 -0.192653 -1.27150905
v -4.3157382 -0.186186999 -1.27359998
v -4.31573915 -0.192871004 -1.27260602
v -4.31574917 -0.199101999 -1.26989603
v -4.31624317 -0.198817 -1.26895797
v -4.3157382 -0.199425995 -1.27096605
v -4.31695795 -0.198579997 -1.26817596
v -4.31695795 -0.192302004 -1.26974595
v -4.31763315 -0.198396996 -1.267573
v -4.31763315 -0.192178994 -1.26912796
v -4.31695795 -0.185901999 -1.27069795
v -4.31763315 -0.185839996 -1.27007103
v -4.32151699 -0.193952993 -1.13211799
v -4.32151699 -0.201036006 -1.13388896
v -4.32176113 -0.201124996 -1.13359499
v -4.32176113 -0.194013 -1.13181698
v -4.32151699 -0.207910001 -1.13634396
v -4.32176113 -0.208028004 -1.13606095
v -4.32176113 -0.186761007 -1.13073802
v -4.32151699 -0.186730996 -1.13104403
v -4.32176113 -0.179440007 -1.13037395
v -4.32151699 -0.179440007 -1.13068104
v -4.32104015 -0.186691999 -1.13144398
v -4.32104015 -0.193874002 -1.13251197
v -4.32023716 -0.186632007 -1.13204896
v -4.32023716 -0.193755999 -1.13310802
v -4.32104015 -0.179440007 -1.13108301
v -4.32023716 -0.179440007 -1.13169098
v -4.32104015 -0.200919002 -1.13427401
v -4.32104015 -0.207756996 -1.13671601
v -4.32023716 -0.200743005 -1.13485599
v -4.32023716 -0.207524002 -1.13727701
v -4.31766176 -0.193352997 -1.135131
v -4.31766176 -0.200143993 -1.13682997
v -4.31901407 -0.200473994 -1.13574195
v -4.31901407 -0.193574995 -1.13401699
v -4.31766176 -0.206735 -1.13918304
v -4.31901407 -0.207169995 -1.13813305
v -4.31901407 -0.186541006 -1.13297105
v -4.31766176 -0.186430007 -1.13410199
v -4.31901407 -0.179440007 -1.132617
v -4.31766176 -0.179440007 -1.13375401
v -4.31647301 -0.186307997 -1.13533497
v -4.31647301 -0.193112001 -1.13634598
v -4.31647301 -0.179440007 -1.13499296
v -4.31647301 -0.199783996 -1.13801503
v -4.31647301 -0.206260994 -1.14032805
v -4.32151699 -0.220769003 -1.14322495
v -4.32151699 -0.226634994 -1.14757204
v -4.32176113 -0.226830006 -1.14733505
v -4.32176113 -0.220938995 -1.14296997
v -4.32151699 -0.232047006 -1.15247202
v -4.32176113 -0.232263997 -1.15225399
v -4.32176113 -0.214653 -1.13919902
v -4.32151699 -0.214507997 -1.13946998
v -4.32104015 -0.214318007 -1.13982403
v -4.32104015 -0.220546007 -1.14355898
v -4.32023716 -0.214031994 -1.14036
v -4.32023716 -0.220208004 -1.14406502
v -4.32104015 -0.226380005 -1.14788306
v -4.32104015 -0.231763005 -1.15275598
v -4.32023716 -0.225994006 -1.14835298
v -4.32023716 -0.231333002 -1.15318596
v -4.31766176 -0.219062001 -1.14577997
v -4.31766176 -0.224685997 -1.149948
v -4.31901407 -0.225407004 -1.14906895
v -4.31901407 -0.219693005 -1.144835
v -4.31766176 -0.229874 -1.15464497
v -4.31901407 -0.230678007 -1.15384102
v -4.31901407 -0.213595003 -1.14117706
v -4.31766176 -0.213060006 -1.14217997
v -4.31647301 -0.212476 -1.14327204
v -4.31647301 -0.218373999 -1.14681101
v -4.31647301 -0.223900005 -1.15090597
v -4.31647301 -0.228998005 -1.15552104
v -4.32151699 -0.241292998 -1.16374898
v -4.32151699 -0.245049 -1.17000997
v -4.32176113 -0.245320007 -1.16986597
v -4.32176113 -0.241548002 -1.16357899
v -4.32151699 -0.248173997 -1.17660797
v -4.32176113 -0.248457998 -1.17648995
v -4.32176113 -0.237183005 -1.15768898
v -4.32151699 -0.236946002 -1.157884
v -4.32104015 -0.236635 -1.15813804
v -4.32104015 -0.240959004 -1.16397297
v -4.32023716 -0.236166 -1.15852404
v -4.32023716 -0.240454003 -1.16430998
v -4.32104015 -0.244694993 -1.17019999
v -4.32104015 -0.247803003 -1.17676198
v -4.32023716 -0.244158998 -1.17048597
v -4.32023716 -0.247241005 -1.17699397
v -4.31766176 -0.238738999 -1.16545701
v -4.31766176 -0.242339998 -1.17146003
v -4.31901407 -0.243341997 -1.17092395
v -4.31901407 -0.239684001 -1.16482496
v -4.31766176 -0.245335996 -1.17778397
v -4.31901407 -0.246386006 -1.17734897
v -4.31901407 -0.23545 -1.15911198
v -4.31766176 -0.234570995 -1.15983295
v -4.31647301 -0.233613998 -1.16061902
v -4.31647301 -0.237709001 -1.16614497
v -4.31647301 -0.241246998 -1.17204404
v -4.31647301 -0.244191006 -1.17825902
v -4.32151699 -0.252400994 -1.19056499
v -4.32151699 -0.253473997 -1.19778705
v -4.32176113 -0.253780007 -1.19775701
v -4.32176113 -0.252701998 -1.19050598
v -4.32151699 -0.253836989 -1.20507801
v -4.32176113 -0.254144013 -1.20507801
v -4.32176113 -0.250923008 -1.183393
v -4.32151699 -0.250629008 -1.183483
v -4.32104015 -0.250245005 -1.183599
v -4.32104015 -0.252007008 -1.19064403
v -4.32023716 -0.249662995 -1.18377602
v -4.32023716 -0.251410991 -1.190763
v -4.32104015 -0.253075004 -1.19782698
v -4.32104015 -0.253434986 -1.20507801
v -4.32023716 -0.252469987 -1.19788694
v -4.32023716 -0.252828002 -1.20507896
v -4.31766176 -0.249387994 -1.19116604
v -4.31766176 -0.250416994 -1.198089
v -4.31901407 -0.251547992 -1.19797802
v -4.31901407 -0.25050199 -1.19094396
v -4.31766176 -0.250764996 -1.20507896
v -4.31901407 -0.251901001 -1.20507896
v -4.31901407 -0.248777002 -1.18404496
v -4.31766176 -0.247688994 -1.18437505
v -4.31647301 -0.246503994 -1.18473494
v -4.31647301 -0.248172998 -1.19140804
v -4.31647301 -0.249184996 -1.19821095
v -4.31647301 -0.249525994 -1.20508003
v -4.32151699 -0.252400994 -1.21959102
v -4.32151699 -0.250629008 -1.22667396
v -4.32176113 -0.250923008 -1.22676301
v -4.32176113 -0.252701998 -1.21965098
v -4.32151699 -0.248173997 -1.233549
v -4.32176113 -0.248457998 -1.23366594
v -4.32176113 -0.253780007 -1.21239901
v -4.32151699 -0.253473997 -1.21236897
v -4.32104015 -0.253075004 -1.21232998
v -4.32104015 -0.252007008 -1.21951306
v -4.32023716 -0.252469987 -1.21227098
v -4.32023716 -0.251410991 -1.21939397
v -4.32104015 -0.250245005 -1.22655797
v -4.32104015 -0.247803003 -1.23339498
v -4.32023716 -0.249662995 -1.22638094
v -4.32023716 -0.247241005 -1.233163
v -4.31766176 -0.249387994 -1.21899295
v -4.31766176 -0.247688994 -1.22578394
v -4.31901407 -0.248777002 -1.22611296
v -4.31901407 -0.25050199 -1.21921396
v -4.31766176 -0.245335996 -1.23237503
v -4.31901407 -0.246386006 -1.23280895
v -4.31901407 -0.251547992 -1.21218002
v -4.31766176 -0.250416994 -1.21206999
v -4.31647301 -0.249184996 -1.21194899
v -4.31647301 -0.248172998 -1.21875203
v -4.31647301 -0.246503994 -1.225425
v -4.31647301 -0.244191006 -1.23190105
v -4.32151699 -0.241292998 -1.24640703
v -4.32151699 -0.236946002 -1.25227296
v -4.32176113 -0.237183005 -1.25246799
v -4.32176113 -0.241548002 -1.24657798
v -4.32151699 -0.232047006 -1.25768495
v -4.32176113 -0.232263997 -1.25790203
v -4.32176113 -0.245320007 -1.240291
v -4.32151699 -0.245049 -1.24014604
v -4.32104015 -0.244694993 -1.23995697
v -4.32104015 -0.240959004 -1.24618399
v -4.32023716 -0.244158998 -1.23967099
v -4.32023716 -0.240454003 -1.24584699
v -4.32104015 -0.236635 -1.25201905
v -4.32104015 -0.231763005 -1.25740099
v -4.32023716 -0.236165002 -1.25163305
v -4.32023716 -0.231333002 -1.25697196
v -4.31766176 -0.238738999 -1.24470198
v -4.31766176 -0.234570995 -1.25032604
v -4.31901407 -0.23545 -1.25104594
v -4.31901407 -0.239684001 -1.24533296
v -4.31766176 -0.229874 -1.25551403
v -4.31901407 -0.230678007 -1.25631702
v -4.31901407 -0.243341997 -1.23923504
v -4.31766176 -0.242339998 -1.23870003
v -4.31647301 -0.241246998 -1.23811603
v -4.31647301 -0.237709001 -1.24401402
v -4.31647301 -0.233613998 -1.24953997
v -4.31647301 -0.228998005 -1.25463903
v -4.32151699 -0.220769003 -1.26693106
v -4.32151699 -0.214507997 -1.27068698
v -4.32176113 -0.214653 -1.27095795
v -4.32176113 -0.220938995 -1.267187
v -4.32151699 -0.207910001 -1.27381206
v -4.32176113 -0.208028004 -1.27409601
v -4.32176113 -0.226830006 -1.26282203
v -4.32151699 -0.226634994 -1.26258397
v -4.32104015 -0.226380005 -1.26227403
v -4.32104015 -0.220546007 -1.26659799
v -4.32023716 -0.225994006 -1.26180398
v -4.32023716 -0.220208004 -1.26609302
v -4.32104015 -0.214318007 -1.27033305
v -4.32104015 -0.207756996 -1.27344203
v -4.32023716 -0.214031994 -1.26979697
v -4.32023716 -0.207524002 -1.27287996
v -4.31766176 -0.219062001 -1.26437902
v -4.31766176 -0.213060006 -1.26797998
v -4.31901407 -0.213595003 -1.26898098
v -4.31901407 -0.219693005 -1.26532304
v -4.31766176 -0.206735 -1.27097595
v -4.31901407 -0.207169995 -1.27202499
v -4.31901407 -0.225407004 -1.26108897
v -4.31766176 -0.224685997 -1.26021099
v -4.31647301 -0.223900005 -1.25925398
v -4.31647301 -0.218373999 -1.26335001
v -4.31647301 -0.212476 -1.26688802
v -4.31647301 -0.206260994 -1.26983202
v -4.32151699 -0.193952993 -1.27803898
v -4.32151699 -0.186730996 -1.27911305
v -4.32176113 -0.186761007 -1.27941799
v -4.32176113 -0.194013 -1.27833998
v -4.32151699 -0.179440007 -1.27947497
v -4.32176113 -0.179440007 -1.27978301
v -4.32176113 -0.201124996 -1.27656102
v -4.32151699 -0.201036006 -1.27626705
v -4.32104015 -0.200919002 -1.27588296
v -4.32104015 -0.193874002 -1.27764499
v -4.32023716 -0.200743005 -1.27530205
v -4.32023716 -0.193755999 -1.27705002
v -4.32104015 -0.186691999 -1.27871394
v -4.32104015 -0.179440007 -1.27907395
v -4.32023716 -0.186632007 -1.27810895
v -4.32023716 -0.179440007 -1.27846706
v -4.31766176 -0.193352997 -1.27502799
v -4.31766176 -0.186430007 -1.276057
v -4.31901407 -0.186541006 -1.27718794
v -4.31901407 -0.193574995 -1.276142
v -4.31766176 -0.179440007 -1.27640498
v -4.31901407 -0.179440007 -1.27754104
v -4.31901407 -0.200473994 -1.27441597
v -4.31766176 -0.200143993 -1.27332997
v -4.31647301 -0.199783996 -1.27214503
v -4.31647301 -0.193112001 -1.27381396
v -4.31647301 -0.186307997 -1.27482605
v -4.31647301 -0.179440007 -1.27516699
v -4.32151699 -0.164927006 -1.27803898
v -4.32151699 -0.157844007 -1.27626705
v -4.32176113 -0.157755002 -1.27656102
v -4.32176113 -0.164866999 -1.27833998
v -4.32151699 -0.150968999 -1.27381206
v -4.32176113 -0.150851995 -1.27409601
v -4.32176113 -0.172119007 -1.27941895
v -4.32151699 -0.172149003 -1.27911305
v -4.32104015 -0.172187999 -1.27871299
v -4.32104015 -0.165004998 -1.27764499
v -4.32023716 -0.172248006 -1.27810895
v -4.32023716 -0.165123999 -1.27705002
v -4.32104015 -0.157960996 -1.27588296
v -4.32104015 -0.151123002 -1.27344203
v -4.32023716 -0.158136994 -1.27530205
v -4.32023716 -0.151355997 -1.27287996
v -4.31766176 -0.165526003 -1.27502799
v -4.31766176 -0.158736005 -1.27332997
v -4.31901407 -0.158406004 -1.27441597
v -4.31901407 -0.165305004 -1.276142
v -4.31766176 -0.152144998 -1.27097595
v -4.31901407 -0.151710004 -1.27202499
v -4.31901407 -0.172337994 -1.27718794
v -4.31766176 -0.172450006 -1.27605796
v -4.31647301 -0.172571003 -1.27482605
v -4.31647301 -0.165767998 -1.27381396
v -4.31647301 -0.159095004 -1.27214503
v -4.31647301 -0.152619004 -1.26983202
v -4.32151699 -0.138110995 -1.26693106
v -4.32151699 -0.132245004 -1.26258397
v -4.32176113 -0.132049993 -1.26282203
v -4.32176113 -0.137940004 -1.267187
v -4.32151699 -0.126833007 -1.25768495
v -4.32176113 -0.126616001 -1.25790203
v -4.32176113 -0.144226998 -1.27095795
v -4.32151699 -0.144372001 -1.27068698
v -4.32104015 -0.144560993 -1.27033305
v -4.32104015 -0.138334006 -1.26659799
v -4.32023716 -0.144848004 -1.26979697
v -4.32023716 -0.138671994 -1.26609302
v -4.32104015 -0.132499993 -1.26227403
v -4.32104015 -0.127116993 -1.25740099
v -4.32023716 -0.132884994 -1.26180398
v -4.32023716 -0.127546996 -1.25697196
v -4.31766176 -0.139816999 -1.26437902
v -4.31766176 -0.134194002 -1.26021099
v -4.31901407 -0.133472994 -1.26108897
v -4.31901407 -0.139185995 -1.26532304
v -4.31766176 -0.129005 -1.25551403
v -4.31901407 -0.128202006 -1.25631702
v -4.31901407 -0.145283997 -1.26898098
v -4.31766176 -0.145820007 -1.26797998
v -4.31647301 -0.146403998 -1.26688802
v -4.31647301 -0.140505001 -1.26335001
v -4.31647301 -0.134978995 -1.25925398
v -4.31647301 -0.129880995 -1.25463903
v -4.31766176 -0.120141 -1.24470198
v -4.31766176 -0.124307998 -1.25032604
v -4.31647301 -0.125266001 -1.24953997
v -4.31647301 -0.121169999 -1.24401402
v -4.31647301 -0.117632002 -1.23811603
v -4.31766176 -0.11654 -1.23870003
v -4.31647301 -0.114688002 -1.23190105
v -4.31766176 -0.113544002 -1.23237503
v -4.31901407 -0.115538001 -1.23923504
v -4.31901407 -0.119195998 -1.24533296
v -4.32023716 -0.114721 -1.23967099
v -4.32023716 -0.118426003 -1.24584699
v -4.31901407 -0.112493999 -1.23280895
v -4.32023716 -0.111639 -1.233163
v -4.31901407 -0.123429999 -1.25104594
v -4.32023716 -0.122713998 -1.25163305
v -4.32151699 -0.117587 -1.24640703
v -4.32151699 -0.121933997 -1.25227296
v -4.32104015 -0.122244 -1.25201905
v -4.32104015 -0.117921002 -1.24618399
v -4.32104015 -0.114184998 -1.23995697
v -4.32151699 -0.113830999 -1.24014604
v -4.32104015 -0.111077003 -1.23339498
v -4.32151699 -0.110706002 -1.233549
v -4.32176113 -0.113559999 -1.240291
v -4.32176113 -0.117331997 -1.24657798
v -4.32176113 -0.110422 -1.23366594
v -4.32176113 -0.121697001 -1.25246799
v -4.32151699 -0.106478997 -1.21959102
v -4.32151699 -0.105405003 -1.21236897
v -4.32176113 -0.105099998 -1.21239901
v -4.32176113 -0.106178001 -1.21965098
v -4.32151699 -0.105043001 -1.20507801
v -4.32176113 -0.104736 -1.20507801
v -4.32176113 -0.107956998 -1.22676301
v -4.32151699 -0.108250998 -1.22667396
v -4.32104015 -0.108635001 -1.22655797
v -4.32104015 -0.106872998 -1.21951306
v -4.32023716 -0.109217003 -1.22638202
v -4.32023716 -0.107469 -1.21939504
v -4.32104015 -0.105805002 -1.21232998
v -4.32104015 -0.105443999 -1.20507896
v -4.32023716 -0.106409997 -1.21227098
v -4.32023716 -0.106051996 -1.20507896
v -4.31766176 -0.109491996 -1.21899295
v -4.31766176 -0.108461998 -1.21206999
v -4.31901407 -0.107331 -1.21218002
v -4.31901407 -0.108377002 -1.21921396
v -4.31766176 -0.108115003 -1.20507896
v -4.31901407 -0.106977999 -1.20507896
v -4.31901407 -0.110103004 -1.22611296
v -4.31766176 -0.111189999 -1.22578394
v -4.31647301 -0.112374999 -1.22542405
v -4.31647301 -0.110706002 -1.21875203
v -4.31647301 -0.109695002 -1.21194899
v -4.31647301 -0.109352998 -1.20508003
v -4.32151699 -0.106478997 -1.19056499
v -4.32151699 -0.108250998 -1.183483
v -4.32176113 -0.107956998 -1.183393
v -4.32176113 -0.106178001 -1.19050598
v -4.32151699 -0.110706002 -1.17660797
v -4.32176113 -0.110422 -1.17648995
v -4.32176113 -0.105099998 -1.19775701
v -4.32151699 -0.105405003 -1.19778705
v -4.32104015 -0.105805002 -1.19782698
v -4.32104015 -0.106872998 -1.19064403
v -4.32023716 -0.106409997 -1.19788694
v -4.32023716 -0.107469 -1.190763
v -4.32104015 -0.108635001 -1.183599
v -4.32104015 -0.111077003 -1.17676198
v -4.32023716 -0.109217003 -1.18377602
v -4.32023716 -0.111638002 -1.17699397
v -4.31766176 -0.109491996 -1.19116604
v -4.31766176 -0.111189999 -1.18437505
v -4.31901407 -0.110103004 -1.18404496
v -4.31901407 -0.108377002 -1.19094396
v -4.31766176 -0.113544002 -1.17778397
v -4.31901407 -0.112493999 -1.17734897
v -4.31901407 -0.107331 -1.19797802
v -4.31766176 -0.108461998 -1.198089
v -4.31647301 -0.109695002 -1.19821095
v -4.31647301 -0.110706002 -1.19140804
v -4.31647301 -0.112374999 -1.18473494
v -4.31647301 -0.114688002 -1.17825902
v -4.32151699 -0.117587 -1.16374898
v -4.32151699 -0.121933997 -1.157884
v -4.32176113 -0.121697001 -1.15768898
v -4.32176113 -0.117331997 -1.16357899
v -4.32151699 -0.126833007 -1.15247202
v -4.32176113 -0.126616001 -1.15225399
v -4.32176113 -0.113559999 -1.16986597
v -4.32151699 -0.113830999 -1.17000997
v -4.32104015 -0.114184998 -1.17019999
v -4.32104015 -0.117921002 -1.16397297
v -4.32023716 -0.114721 -1.17048597
v -4.32023716 -0.118426003 -1.16430998
v -4.32104015 -0.122244 -1.15813899
v -4.32104015 -0.127116993 -1.15275598
v -4.32023716 -0.122713998 -1.15852404
v -4.32023716 -0.127546996 -1.15318596
v -4.31766176 -0.120141 -1.16545701
v -4.31766176 -0.124307998 -1.15983295
v -4.31901407 -0.123429999 -1.15911198
v -4.31901407 -0.119195998 -1.16482496
v -4.31766176 -0.129005 -1.15464497
v -4.31901407 -0.128202006 -1.15384102
v -4.31901407 -0.115538001 -1.17092299
v -4.31766176 -0.11654 -1.17145896
v -4.31647301 -0.117632002 -1.17204404
v -4.31647301 -0.121169999 -1.16614497
v -4.31647301 -0.125266001 -1.16061902
v -4.31647301 -0.129880995 -1.15552104
v -4.32151699 -0.138110995 -1.14322495
v -4.32151699 -0.144372001 -1.13946998
v -4.32176113 -0.144226998 -1.13919902
v -4.32176113 -0.137940004 -1.14296997
v -4.32151699 -0.150968999 -1.13634396
v -4.32176113 -0.150851995 -1.13606095
v -4.32176113 -0.132049993 -1.14733505
v -4.32151699 -0.132245004 -1.14757204
v -4.32104015 -0.132499993 -1.14788306
v -4.32104015 -0.138334006 -1.14355898
v -4.32023716 -0.132884994 -1.14835298
v -4.32023716 -0.138671994 -1.14406502
v -4.32104015 -0.144560993 -1.13982403
v -4.32104015 -0.151123002 -1.13671601
v -4.32023716 -0.144848004 -1.14036
v -4.32023716 -0.151355997 -1.13727701
v -4.31766176 -0.139816999 -1.14577997
v -4.31766176 -0.145820007 -1.14217997
v -4.31901407 -0.145283997 -1.14117706
v -4.31901407 -0.139185995 -1.144835
v -4.31766176 -0.152144998 -1.13918304
v -4.31901407 -0.151710004 -1.13813305
v -4.31901407 -0.133472994 -1.14906895
v -4.31766176 -0.134194002 -1.149948
v -4.31647301 -0.134978995 -1.15090597
v -4.31647301 -0.140505001 -1.14681101
v -4.31647301 -0.146403998 -1.14327204
v -4.31647301 -0.152619004 -1.14032805
v -4.32151699 -0.164927006 -1.13211799
v -4.32151699 -0.172149003 -1.13104403
v -4.32176113 -0.172119007 -1.13073802
v -4.32176113 -0.164866999 -1.13181698
v -4.32176113 -0.157755002 -1.13359499
v -4.32151699 -0.157844007 -1.13388896
v -4.32104015 -0.157960996 -1.13427401
v -4.32104015 -0.165004998 -1.13251197
v -4.32023716 -0.158136994 -1.13485599
v -4.32023716 -0.165123999 -1.13310802
v -4.32104015 -0.172187999 -1.13144398
v -4.32023716 -0.172248006 -1.13204896
v -4.31766176 -0.165526003 -1.135131
v -4.31766176 -0.172450006 -1.13410199
v -4.31901407 -0.172337994 -1.13297105
v -4.31901407 -0.165305004 -1.13401699
v -4.31901407 -0.158406004 -1.13574195
v -4.31766176 -0.158736005 -1.13682997
v -4.31647301 -0.159095004 -1.13801503
v -4.31647301 -0.165767998 -1.13634598
v -4.31647301 -0.172571003 -1.13533497
v -4.31632519 -0.144857004 -1.25683796
v -4.31632519 -0.150095999 -1.25998104
v -4.31553078 -0.150554001 -1.25912404
v -4.31553078 -0.145396993 -1.25602996
v -4.31468821 -0.151039004 -1.25821602
v -4.31468821 -0.145969003 -1.25517404
v -4.31632519 -0.155616 -1.26259601
v -4.31553078 -0.155987993 -1.26169801
v -4.31468821 -0.156381994 -1.26074696
v -4.31553078 -0.140564993 -1.25244904
v -4.31632519 -0.139947996 -1.25320101
v -4.31553078 -0.136106998 -1.24841404
v -4.31632519 -0.135419995 -1.24910104
v -4.31468821 -0.141218007 -1.25165296
v -4.31468821 -0.136836007 -1.24768603
v -4.31702614 -0.139404997 -1.25386202
v -4.31702614 -0.144381002 -1.25755
v -4.31758404 -0.138972998 -1.25438905
v -4.31758404 -0.144002005 -1.25811696
v -4.31702614 -0.134815007 -1.24970698
v -4.31758404 -0.134332001 -1.25018895
v -4.31702614 -0.149691999 -1.26073599
v -4.31702614 -0.155288994 -1.26338696
v -4.31758404 -0.149370998 -1.261338
v -4.31758404 -0.155028 -1.26401699
v -4.31810188 -0.143570006 -1.25876498
v -4.31810188 -0.149003997 -1.26202404
v -4.31795216 -0.149158999 -1.26173401
v -4.31795216 -0.143751994 -1.25849104
v -4.31810188 -0.154730007 -1.26473701
v -4.31795216 -0.154855996 -1.26443303
v -4.31795216 -0.138687 -1.25473702
v -4.31810188 -0.138478994 -1.25499105
v -4.31795216 -0.134013996 -1.250507
v -4.31810188 -0.133781999 -1.25073898
v -4.31800508 -0.138276994 -1.25523698
v -4.31800508 -0.143392995 -1.25902903
v -4.31800508 -0.133557007 -1.25096405
v -4.31800508 -0.148854002 -1.26230502
v -4.31800508 -0.154607996 -1.26503098
v -4.31632519 -0.127682999 -1.23966396
v -4.31632519 -0.13132 -1.24457204
v -4.31553078 -0.132072002 -1.24395597
v -4.31553078 -0.128490999 -1.23912394
v -4.31468821 -0.132868007 -1.24330199
v -4.31468821 -0.129346997 -1.23855197
v -4.31553078 -0.125396997 -1.23396695
v -4.31632519 -0.124540001 -1.23442495
v -4.31553078 -0.122823 -1.22853196
v -4.31632519 -0.121924996 -1.22890401
v -4.31468821 -0.126305997 -1.23348105
v -4.31468821 -0.123774998 -1.22813797
v -4.31702614 -0.123784997 -1.234828
v -4.31702614 -0.126971006 -1.24013996
v -4.31758404 -0.123184003 -1.23514998
v -4.31758404 -0.126404002 -1.24051797
v -4.31702614 -0.121133998 -1.22923195
v -4.31758404 -0.120503999 -1.22949302
v -4.31702614 -0.130658999 -1.245116
v -4.31758404 -0.130132005 -1.24554801
v -4.31810188 -0.125756994 -1.24095094
v -4.31810188 -0.129529998 -1.24604201
v -4.31795216 -0.129784003 -1.24583399
v -4.31795216 -0.126029998 -1.24076796
v -4.31795216 -0.122786999 -1.23536205
v -4.31810188 -0.122497 -1.23551702
v -4.31795216 -0.120088004 -1.22966504
v -4.31810188 -0.119785003 -1.22979105
v -4.31800508 -0.122216001 -1.23566699
v -4.31800508 -0.125492007 -1.24112797
v -4.31800508 -0.119491003 -1.229913
v -4.31800508 -0.129283994 -1.24624395
v -4.31632519 -0.118387997 -1.217224
v -4.31632519 -0.119870998 -1.22315097
v -4.31553078 -0.120801002 -1.22286904
v -4.31553078 -0.119341999 -1.21703506
v -4.31468821 -0.121785998 -1.22256994
v -4.31468821 -0.120352 -1.21683395
v -4.31553078 -0.118456997 -1.21108603
v -4.31632519 -0.117490001 -1.21118104
v -4.31553078 -0.118157998 -1.20508003
v -4.31632519 -0.117186002 -1.20508003
v -4.31468821 -0.119482003 -1.21098495
v -4.31468821 -0.119188003 -1.20508003
v -4.31702614 -0.116637997 -1.21126497
v -4.31702614 -0.117549002 -1.21739101
v -4.31758404 -0.115959004 -1.21133196
v -4.31758404 -0.11688 -1.21752405
v -4.31702614 -0.116329998 -1.20508003
v -4.31758404 -0.115648001 -1.20508003
v -4.31702614 -0.119052 -1.2234
v -4.31758404 -0.118399002 -1.223598
v -4.31810188 -0.116116002 -1.217677
v -4.31810188 -0.117654003 -1.22382402
v -4.31795216 -0.117968 -1.22372901
v -4.31795216 -0.116439 -1.21761203
v -4.31795216 -0.115511999 -1.21137595
v -4.31810188 -0.115184002 -1.21140802
v -4.31795216 -0.115198001 -1.20508003
v -4.31810188 -0.114869997 -1.20508003
v -4.31800508 -0.114867002 -1.21143997
v -4.31800508 -0.115804002 -1.21773899
v -4.31800508 -0.114551 -1.20508003
v -4.31800508 -0.117348999 -1.22391605
v -4.31632519 -0.118387997 -1.19293594
v -4.31632519 -0.117490001 -1.19897902
v -4.31553078 -0.118456997 -1.19907498
v -4.31553078 -0.119341999 -1.19312596
v -4.31468821 -0.119482003 -1.19917595
v -4.31468821 -0.120352 -1.19332695
v -4.31553078 -0.120801002 -1.18729198
v -4.31632519 -0.119870998 -1.18701005
v -4.31553078 -0.122823 -1.18162894
v -4.31632519 -0.121924996 -1.18125701
v -4.31468821 -0.121785998 -1.18759096
v -4.31468821 -0.123774998 -1.18202305
v -4.31702614 -0.119052 -1.18676102
v -4.31702614 -0.117549002 -1.19277
v -4.31758404 -0.118399002 -1.18656301
v -4.31758404 -0.11688 -1.19263601
v -4.31702614 -0.121133998 -1.18092895
v -4.31758404 -0.120503999 -1.180668
v -4.31702614 -0.116637997 -1.19889498
v -4.31758404 -0.115959004 -1.19882905
v -4.31810188 -0.116116002 -1.19248402
v -4.31810188 -0.115184002 -1.19875205
v -4.31795216 -0.115511999 -1.19878495
v -4.31795216 -0.116439 -1.19254899
v -4.31795216 -0.117968 -1.186432
v -4.31810188 -0.117654003 -1.18633699
v -4.31795216 -0.120089002 -1.18049598
v -4.31810188 -0.119785003 -1.18036997
v -4.31800508 -0.117348999 -1.18624496
v -4.31800508 -0.115804002 -1.19242203
v -4.31800508 -0.119491003 -1.18024802
v -4.31800508 -0.114867002 -1.19872105
v -4.31632519 -0.127682999 -1.17049801
v -4.31632519 -0.124540001 -1.17573595
v -4.31553078 -0.125396997 -1.17619503
v -4.31553078 -0.128490999 -1.17103696
v -4.31468821 -0.126305997 -1.17667997
v -4.31468821 -0.129346997 -1.17161
v -4.31553078 -0.132072002 -1.166206
v -4.31632519 -0.13132 -1.16558897
v -4.31553078 -0.136106998 -1.16174805
v -4.31632519 -0.135419995 -1.16105998
v -4.31468821 -0.132868007 -1.16685903
v -4.31468821 -0.136836007 -1.16247594
v -4.31702614 -0.130658999 -1.16504598
v -4.31702614 -0.126971006 -1.17002201
v -4.31758404 -0.130132005 -1.16461301
v -4.31758404 -0.126404002 -1.16964304
v -4.31702614 -0.134815007 -1.16045499
v -4.31758404 -0.134332001 -1.15997303
v -4.31702614 -0.123784997 -1.17533302
v -4.31758404 -0.123184003 -1.17501104
v -4.31810188 -0.125756994 -1.16920996
v -4.31810188 -0.122497 -1.17464399
v -4.31795216 -0.122786999 -1.17479897
v -4.31795216 -0.126029998 -1.16939294
v -4.31795216 -0.129784003 -1.16432798
v -4.31810188 -0.129529998 -1.16411901
v -4.31795216 -0.134013996 -1.15965497
v -4.31810188 -0.133781999 -1.15942299
v -4.31800508 -0.129283994 -1.16391802
v -4.31800508 -0.125492007 -1.169034
v -4.31800508 -0.133557007 -1.15919697
v -4.31800508 -0.122216001 -1.17449498
v -4.31632519 -0.144857004 -1.15332305
v -4.31632519 -0.139948994 -1.15696096
v -4.31553078 -0.140564993 -1.15771198
v -4.31553078 -0.145396993 -1.15413201
v -4.31468821 -0.141219005 -1.15850794
v -4.31468821 -0.145969003 -1.15498805
v -4.31553078 -0.150554001 -1.15103805
v -4.31632519 -0.150095999 -1.15018106
v -4.31553078 -0.155987993 -1.14846396
v -4.31632519 -0.155616 -1.14756596
v -4.31468821 -0.151040003 -1.15194595
v -4.31468821 -0.156382993 -1.14941502
v -4.31702614 -0.149691999 -1.14942598
v -4.31702614 -0.144381002 -1.15261197
v -4.31758404 -0.149370998 -1.14882505
v -4.31758404 -0.144003004 -1.15204501
v -4.31702614 -0.155288994 -1.14677501
v -4.31758404 -0.155028 -1.14614499
v -4.31702614 -0.139405996 -1.156299
v -4.31758404 -0.138972998 -1.15577197
v -4.31810188 -0.143570006 -1.15139794
v -4.31810188 -0.138478994 -1.15516996
v -4.31795216 -0.138687 -1.155424
v -4.31795216 -0.143753007 -1.15167105
v -4.31795216 -0.149158999 -1.14842796
v -4.31810188 -0.149003997 -1.14813805
v -4.31795216 -0.154855996 -1.14572895
v -4.31810188 -0.154730007 -1.14542496
v -4.31800508 -0.148854002 -1.14785695
v -4.31800508 -0.143392995 -1.15113294
v -4.31800508 -0.154607996 -1.14513099
v -4.31800508 -0.138276994 -1.15492404
v -4.31632519 -0.167296007 -1.14402902
v -4.31632519 -0.161368996 -1.14551103
v -4.31553078 -0.161651 -1.14644206
v -4.31553078 -0.167484999 -1.14498198
v -4.31468821 -0.161950007 -1.14742696
v -4.31468821 -0.167686 -1.14599299
v -4.31553078 -0.173434004 -1.14409804
v -4.31632519 -0.173338994 -1.14313102
v -4.31553078 -0.179440007 -1.14379895
v -4.31632519 -0.179440007 -1.14282703
v -4.31468821 -0.173535004 -1.145123
v -4.31468821 -0.179440007 -1.14482903
v -4.31702614 -0.173254997 -1.14227903
v -4.31702614 -0.167128995 -1.14319003
v -4.31758404 -0.173188001 -1.14160001
v -4.31758404 -0.166996002 -1.14252102
v -4.31702614 -0.179440007 -1.14197099
v -4.31758404 -0.179440007 -1.141289
v -4.31702614 -0.161120996 -1.14469194
v -4.31758404 -0.160923004 -1.14403999
v -4.31810188 -0.166843995 -1.14175701
v -4.31810188 -0.160696998 -1.14329505
v -4.31795216 -0.160791993 -1.14360905
v -4.31795216 -0.166907996 -1.14207995
v -4.31795216 -0.173143998 -1.14115202
v -4.31810188 -0.173112005 -1.14082503
v -4.31795216 -0.179440007 -1.14083898
v -4.31810188 -0.179440007 -1.14050996
v -4.31800508 -0.173079997 -1.14050806
v -4.31800508 -0.166782007 -1.14144504
v -4.31800508 -0.179440007 -1.14019203
v -4.31800508 -0.160604 -1.14298999
v -4.31632519 -0.191582993 -1.14402902
v -4.31632519 -0.185541004 -1.14313102
v -4.31553078 -0.185444996 -1.14409804
v -4.31553078 -0.191394001 -1.14498198
v -4.31468821 -0.185343996 -1.145123
v -4.31468821 -0.191192999 -1.14599299
v -4.31553078 -0.197228 -1.14644098
v -4.31632519 -0.197510004 -1.14551103
v -4.31553078 -0.202891007 -1.14846396
v -4.31632519 -0.203263 -1.14756596
v -4.31468821 -0.196928993 -1.14742696
v -4.31468821 -0.202497005 -1.14941502
v -4.31702614 -0.197759002 -1.14469194
v -4.31702614 -0.191750005 -1.14319003
v -4.31758404 -0.197956994 -1.14403999
v -4.31758404 -0.191882998 -1.14252102
v -4.31702614 -0.203590006 -1.14677501
v -4.31758404 -0.203850999 -1.14614499
v -4.31702614 -0.185624003 -1.14227903
v -4.31758404 -0.185690999 -1.14160001
v -4.31810188 -0.192035004 -1.14175701
v -4.31810188 -0.185767993 -1.14082503
v -4.31795216 -0.185735002 -1.14115202
v -4.31795216 -0.191971004 -1.14207995
v -4.31795216 -0.198087007 -1.14360905
v -4.31810188 -0.198183 -1.14329505
v -4.31795216 -0.204024002 -1.14572895
v -4.31810188 -0.204148993 -1.14542603
v -4.31800508 -0.198275 -1.14298999
v -4.31800508 -0.192096993 -1.14144504
v -4.31800508 -0.204271004 -1.14513099
v -4.31800508 -0.185799003 -1.14050806
v -4.31632519 -0.214021996 -1.15332401
v -4.31632519 -0.208783001 -1.15018106
v -4.31553078 -0.208324999 -1.15103805
v -4.31553078 -0.213482007 -1.15413201
v -4.31468821 -0.207839996 -1.15194595
v -4.31468821 -0.212909997 -1.15498805
v -4.31553078 -0.218314007 -1.15771198
v -4.31632519 -0.218931004 -1.15696096
v -4.31553078 -0.222772002 -1.16174805
v -4.31632519 -0.223459005 -1.16105998
v -4.31468821 -0.217660993 -1.15850794
v -4.31468821 -0.222044006 -1.16247594
v -4.31702614 -0.219474003 -1.156299
v -4.31702614 -0.214497998 -1.15261197
v -4.31758404 -0.219906002 -1.15577197
v -4.31758404 -0.214876994 -1.15204501
v -4.31702614 -0.224065006 -1.16045499
v -4.31758404 -0.224546999 -1.15997303
v -4.31702614 -0.209187001 -1.14942598
v -4.31758404 -0.209508002 -1.14882505
v -4.31810188 -0.215308994 -1.15139794
v -4.31810188 -0.209875003 -1.14813805
v -4.31795216 -0.209720001 -1.14842796
v -4.31795216 -0.215127006 -1.15167105
v -4.31795216 -0.220192 -1.15542495
v -4.31810188 -0.220400006 -1.15516996
v -4.31795216 -0.224865004 -1.15965497
v -4.31810188 -0.225097001 -1.15942299
v -4.31800508 -0.220602006 -1.15492404
v -4.31800508 -0.215486005 -1.15113294
v -4.31800508 -0.225323007 -1.15919697
v -4.31800508 -0.210024998 -1.14785695
v -4.31632519 -0.231196001 -1.17049694
v -4.31632519 -0.227559 -1.16558897
v -4.31553078 -0.226806998 -1.166206
v -4.31553078 -0.230388001 -1.17103696
v -4.31468821 -0.226010993 -1.16685903
v -4.31468821 -0.229532003 -1.17161
v -4.31553078 -0.233482003 -1.17619503
v -4.31632519 -0.234338999 -1.17573595
v -4.31553078 -0.236056 -1.18162894
v -4.31632519 -0.236954004 -1.18125701
v -4.31468821 -0.232573003 -1.17667997
v -4.31468821 -0.235103995 -1.18202305
v -4.31702614 -0.235093996 -1.17533302
v -4.31702614 -0.231907994 -1.17002201
v -4.31758404 -0.235695004 -1.17501104
v -4.31758404 -0.232474998 -1.16964304
v -4.31702614 -0.237745002 -1.18092895
v -4.31758404 -0.238374993 -1.180668
v -4.31702614 -0.228220001 -1.16504598
v -4.31758404 -0.228747994 -1.16461301
v -4.31810188 -0.233122006 -1.16920996
v -4.31810188 -0.229349002 -1.16411901
v -4.31795216 -0.229094997 -1.16432798
v -4.31795216 -0.232849002 -1.16939294
v -4.31795216 -0.236092001 -1.17479897
v -4.31810188 -0.236381993 -1.17464399
v -4.31795216 -0.238791004 -1.18049598
v -4.31810188 -0.239094004 -1.18036997
v -4.31800508 -0.236662999 -1.17449498
v -4.31800508 -0.233386993 -1.169034
v -4.31800508 -0.239389002 -1.18024802
v -4.31800508 -0.229596004 -1.16391802
v -4.31632519 -0.240491003 -1.19293594
v -4.31632519 -0.239008993 -1.18701005
v -4.31553078 -0.238077998 -1.18729198
v -4.31553078 -0.239537999 -1.19312596
v -4.31468821 -0.237093002 -1.18759096
v -4.31468821 -0.238527 -1.19332695
v -4.31553078 -0.240421996 -1.19907498
v -4.31632519 -0.241389006 -1.19897902
v -4.31553078 -0.240721002 -1.20508003
v -4.31632519 -0.241693005 -1.20508003
v -4.31468821 -0.239397004 -1.19917595
v -4.31468821 -0.239691004 -1.20508003
v -4.31702614 -0.242240995 -1.19889498
v -4.31702614 -0.241329998 -1.19277
v -4.31758404 -0.242919996 -1.19882905
v -4.31758404 -0.241999 -1.19263601
v -4.31702614 -0.242549002 -1.20508003
v -4.31758404 -0.243230999 -1.20508003
v -4.31702614 -0.239828005 -1.18676102
v -4.31758404 -0.240480006 -1.18656301
v -4.31810188 -0.242762998 -1.19248402
v -4.31810188 -0.241225004 -1.18633699
v -4.31795216 -0.240911007 -1.18643296
v -4.31795216 -0.24244 -1.19254899
v -4.31795216 -0.243368 -1.19878495
v -4.31810188 -0.243695006 -1.19875205
v -4.31795216 -0.243680999 -1.20508003
v -4.31810188 -0.244010001 -1.20508003
v -4.31800508 -0.244011998 -1.19872105
v -4.31800508 -0.243074998 -1.19242203
v -4.31800508 -0.244328007 -1.20508003
v -4.31800508 -0.241530001 -1.18624496
v -4.31632519 -0.240491003 -1.217224
v -4.31632519 -0.241389006 -1.21118104
v -4.31553078 -0.240421996 -1.21108603
v -4.31553078 -0.239537999 -1.21703506
v -4.31468821 -0.239397004 -1.21098495
v -4.31468821 -0.238527 -1.21683395
v -4.31553078 -0.238077998 -1.22286904
v -4.31632519 -0.239008993 -1.22315097
v -4.31553078 -0.236056 -1.22853196
v -4.31632519 -0.236954004 -1.22890401
v -4.31468821 -0.237093002 -1.22256994
v -4.31468821 -0.235103995 -1.22813797
v -4.31702614 -0.239828005 -1.2234
v -4.31702614 -0.241329998 -1.21739101
v -4.31758404 -0.240480006 -1.223598
v -4.31758404 -0.241999 -1.21752501
v -4.31702614 -0.237745002 -1.22923195
v -4.31758404 -0.238374993 -1.22949302
v -4.31702614 -0.242240995 -1.21126497
v -4.31758404 -0.242919996 -1.21133196
v -4.31810188 -0.242762998 -1.217677
v -4.31810188 -0.243695006 -1.21140802
v -4.31795216 -0.243368 -1.21137595
v -4.31795216 -0.24244 -1.21761203
v -4.31795216 -0.240911007 -1.22372901
v -4.31810188 -0.241225004 -1.22382402
v -4.31795216 -0.238791004 -1.22966504
v -4.31810188 -0.239094004 -1.22979105
v -4.31800508 -0.241530001 -1.22391605
v -4.31800508 -0.243074998 -1.21773899
v -4.31800508 -0.239389002 -1.229913
v -4.31800508 -0.244011998 -1.21143997
v -4.31632519 -0.231196001 -1.23966396
v -4.31632519 -0.234338999 -1.23442495
v -4.31553078 -0.233482003 -1.23396695
v -4.31553078 -0.230388001 -1.23912394
v -4.31468821 -0.232573003 -1.23348105
v -4.31468821 -0.229532003 -1.23855197
v -4.31553078 -0.226806998 -1.24395597
v -4.31632519 -0.227559 -1.244573
v -4.31553078 -0.222772002 -1.24841404
v -4.31632519 -0.223459005 -1.24910104
v -4.31468821 -0.226010993 -1.24330199
v -4.31468821 -0.222042993 -1.24768603
v -4.31702614 -0.228220001 -1.245116
v -4.31702614 -0.231907994 -1.24013996
v -4.31758404 -0.228747994 -1.24554801
v -4.31758404 -0.232474998 -1.24051797
v -4.31702614 -0.224064007 -1.24970603
v -4.31758404 -0.224546999 -1.25018895
v -4.31702614 -0.235093996 -1.234828
v -4.31758404 -0.235695004 -1.23514998
v -4.31810188 -0.233122006 -1.24095094
v -4.31810188 -0.236381993 -1.23551702
v -4.31795216 -0.236092001 -1.23536205
v -4.31795216 -0.232849002 -1.24076796
v -4.31795216 -0.229094997 -1.24583399
v -4.31810188 -0.229349002 -1.24604201
v -4.31795216 -0.224865004 -1.250507
v -4.31810188 -0.225097001 -1.25073898
v -4.31800508 -0.229596004 -1.24624395
v -4.31800508 -0.233386993 -1.24112797
v -4.31800508 -0.225323007 -1.25096405
v -4.31800508 -0.236662999 -1.23566699
v -4.31632519 -0.214021996 -1.25683796
v -4.31632519 -0.218931004 -1.25320101
v -4.31553078 -0.218314007 -1.25244904
v -4.31553078 -0.213482007 -1.25602996
v -4.31468821 -0.217660993 -1.25165296
v -4.31468821 -0.212909997 -1.25517404
v -4.31553078 -0.208324999 -1.25912404
v -4.31632519 -0.208783001 -1.25998104
v -4.31553078 -0.202891007 -1.26169801
v -4.31632519 -0.203263 -1.26259601
v -4.31468821 -0.207839996 -1.25821602
v -4.31468821 -0.202497005 -1.26074696
v -4.31702614 -0.209187001 -1.26073599
v -4.31702614 -0.214497998 -1.25755
v -4.31758404 -0.209508002 -1.261338
v -4.31758404 -0.214876994 -1.25811696
v -4.31702614 -0.203590006 -1.26338696
v -4.31758404 -0.203850999 -1.26401699
v -4.31702614 -0.219474003 -1.25386202
v -4.31758404 -0.219906002 -1.25438905
v -4.31810188 -0.215308994 -1.25876498
v -4.31810188 -0.220400006 -1.25499105
v -4.31795216 -0.220192 -1.25473702
v -4.31795216 -0.215127006 -1.25849104
v -4.31795216 -0.209720001 -1.26173401
v -4.31810188 -0.209875003 -1.26202404
v -4.31795216 -0.204024002 -1.26443303
v -4.31810188 -0.204148993 -1.26473701
v -4.31800508 -0.210024998 -1.26230502
v -4.31800508 -0.215486005 -1.25902903
v -4.31800508 -0.204271004 -1.26503098
v -4.31800508 -0.220602006 -1.25523806
v -4.31632519 -0.191582993 -1.26613295
v -4.31632519 -0.197510004 -1.26465094
v -4.31553078 -0.197228 -1.26372099
v -4.31553078 -0.191394001 -1.26517999
v -4.31468821 -0.196928993 -1.26273501
v -4.31468821 -0.191192999 -1.26417005
v -4.31553078 -0.185444996 -1.26606405
v -4.31632519 -0.185540006 -1.26703203
v -4.31553078 -0.179440007 -1.26636302
v -4.31632519 -0.179440007 -1.26733506
v -4.31468821 -0.185343996 -1.26503897
v -4.31468821 -0.179440007 -1.26533306
v -4.31702614 -0.185624003 -1.26788402
v -4.31702614 -0.191750005 -1.26697195
v -4.31758404 -0.185690999 -1.26856196
v -4.31758404 -0.191882998 -1.26764095
v -4.31702614 -0.179440007 -1.26819098
v -4.31758404 -0.179440007 -1.26887298
v -4.31702614 -0.197759002 -1.26547003
v -4.31758404 -0.197956994 -1.26612198
v -4.31810188 -0.192035004 -1.26840496
v -4.31810188 -0.198183 -1.266868
v -4.31795216 -0.198087007 -1.26655304
v -4.31795216 -0.191971004 -1.26808298
v -4.31795216 -0.185735002 -1.26900995
v -4.31810188 -0.185767993 -1.26933706
v -4.31795216 -0.179440007 -1.26932299
v -4.31810188 -0.179440007 -1.26965201
v -4.31800508 -0.185799003 -1.26965404
v -4.31800508 -0.192096993 -1.26871705
v -4.31800508 -0.179440007 -1.26997006
v -4.31800508 -0.198275 -1.26717198
v -4.31632519 -0.167296007 -1.26613295
v -4.31632519 -0.173338994 -1.26703203
v -4.31553078 -0.173434004 -1.26606405
v -4.31553078 -0.167484999 -1.26517999
v -4.31468821 -0.173535004 -1.26503897
v -4.31468821 -0.167686 -1.26417005
v -4.31553078 -0.161651 -1.26372099
v -4.31632519 -0.161368996 -1.26465094
v -4.31468821 -0.161950007 -1.26273501
v -4.31702614 -0.161119998 -1.26547003
v -4.31702614 -0.167128995 -1.26697195
v -4.31758404 -0.160922006 -1.26612198
v -4.31758404 -0.166996002 -1.26764095
v -4.31702614 -0.173254997 -1.26788402
v -4.31758404 -0.173188001 -1.26856196
v -4.31810188 -0.166843995 -1.26840496
v -4.31810188 -0.173112005 -1.26933706
v -4.31795216 -0.173143998 -1.26900995
v -4.31795216 -0.166907996 -1.26808298
v -4.31795216 -0.160791993 -1.26655304
v -4.31810188 -0.160696 -1.266868
v -4.31800508 -0.160604 -1.26717198
v -4.31800508 -0.166782007 -1.26871705
v -4.31800508 -0.173079997 -1.26965404
vn -0.00540000014 0.555599988 0.831399977
vn -0.00219999999 0.555599988 0.831399977
vn -0.00219999999 0.634000003 0.773299992
vn -0.00540000014 0.634000003 0.773299992
vn -0.00219999999 0.707099974 0.707099974
vn -0.00540000014 0.707099974 0.707099974
vn -0.0013 0.555599988 0.831399977
vn -0.0013 0.634000003 0.773299992
vn -0.0013 0.707099974 0.707099974
vn -0.0127999997 0.634000003 0.773199975
vn -0.0127999997 0.555499971 0.831399977
vn -0.0315000005 0.633700013 0.772899985
vn -0.0315000005 0.555299997 0.83099997
vn -0.0127999997 0.707000017 0.707000017
vn -0.0315000005 0.706700027 0.706700027
vn -0.0127999997 0.471799999 0.881600022
vn -0.00540000014 0.471799999 0.881699979
vn -0.0127999997 0.382600009 0.923799992
vn -0.00540000014 0.382699996 0.923900008
vn -0.0315000005 0.471599996 0.881299973
vn -0.0315000005 0.382499993 0.923399985
vn -0.00219999999 0.471799999 0.881699979
vn -0.0013 0.471799999 0.881699979
vn -0.00219999999 0.382699996 0.923900008
vn -0.0013 0.382699996 0.923900008
vn -0.171800002 0.547299981 0.819100022
vn -0.0737999976 0.55400002 0.829200029
vn -0.0737999976 0.632300019 0.771200001
vn -0.171800002 0.624599993 0.761799991
vn -0.0737999976 0.705200016 0.705200016
vn -0.171800002 0.69660002 0.69660002
vn -0.376199991 0.587499976 0.716499984
vn -0.376199991 0.514699996 0.770399988
vn -0.506699979 0.546599984 0.666700006
vn -0.506699979 0.478899986 0.716799974
vn -0.376199991 0.655200005 0.655099988
vn -0.506699979 0.609600008 0.609600008
vn -0.376199991 0.437099993 0.816900015
vn -0.171800002 0.4648 0.868600011
vn -0.376199991 0.354499996 0.856000006
vn -0.171800002 0.377000004 0.910099983
vn -0.506699979 0.406800002 0.760100007
vn -0.506699979 0.329899997 0.796500027
vn -0.0737999976 0.470499992 0.879299998
vn -0.0737999976 0.381599993 0.921400011
vn -0.00540000014 0.195099995 0.980700016
vn -0.00219999999 0.195099995 0.980799973
vn -0.00219999999 0.289799988 0.957099974
vn -0.00540000014 0.289799988 0.957099974
vn -0.0013 0.195099995 0.980799973
vn -0.0013 0.289799988 0.957099974
vn -0.0127999997 0.289799988 0.957000017
vn -0.0127999997 0.194999993 0.980700016
vn -0.0315000005 0.289700001 0.95660001
vn -0.0315000005 0.194999993 0.980300009
vn -0.0127999997 0.0984999985 0.995100021
vn -0.00540000014 0.0984999985 0.995100021
vn -0.0127999997 0 0.999899983
vn -0.00540000014 0 1
vn -0.0315000005 0.0983999968 0.994599998
vn -0.0315000005 0 0.999499977
vn -0.00219999999 0.0984999985 0.995100021
vn -0.0013 0.0984999985 0.995100021
vn -0.00219999999 0 1
vn -0.0013 0 1
vn -0.171800002 0.192200005 0.966199994
vn -0.0737999976 0.194600001 0.978100002
vn -0.0737999976 0.289000005 0.95450002
vn -0.171800002 0.28549999 0.942799985
vn -0.376199991 0.2685 0.886699975
vn -0.376199991 0.180800006 0.908699989
vn -0.506699979 0.249799997 0.825100005
vn -0.506699979 0.168200001 0.845499992
vn -0.376199991 0.0913000032 0.921999991
vn -0.171800002 0.0970000029 0.980300009
vn -0.376199991 0 0.926500022
vn -0.171800002 0 0.985099971
vn -0.506699979 0.0848999992 0.857900023
vn -0.506699979 0 0.862100005
vn -0.0737999976 0.0982000008 0.992399991
vn -0.0737999976 0 0.997300029
vn -0.00540000014 -0.195099995 0.980700016
vn -0.00219999999 -0.195099995 0.980799973
vn -0.00219999999 -0.0984999985 0.995100021
vn -0.00540000014 -0.0984999985 0.995100021
vn -0.0013 -0.195099995 0.980799973
vn -0.0013 -0.0984999985 0.995100021
vn -0.0127999997 -0.0984999985 0.995100021
vn -0.0127999997 -0.194999993 0.980700016
vn -0.0315000005 -0.0983999968 0.994599998
vn -0.0315000005 -0.194999993 0.980300009
vn -0.0127999997 -0.289799988 0.957000017
vn -0.00540000014 -0.289799988 0.957099974
vn -0.0127999997 -0.382600009 0.923799992
vn -0.00540000014 -0.382699996 0.923900008
vn -0.0315000005 -0.289700001 0.95660001
vn -0.0315000005 -0.382499993 0.923399985
vn -0.00219999999 -0.289799988 0.957099974
vn -0.0013 -0.289799988 0.957099974
vn -0.00219999999 -0.382699996 0.923900008
vn -0.0013 -0.382699996 0.923900008
vn -0.171800002 -0.192200005 0.966199994
vn -0.0737999976 -0.194600001 0.978100002
vn -0.0737999976 -0.0982000008 0.992399991
vn -0.171800002 -0.0970000029 0.980300009
vn -0.376199991 -0.0913000032 0.921999991
vn -0.376199991 -0.180800006 0.908699989
vn -0.506699979 -0.0848999992 0.857900023
vn -0.506699979 -0.168200001 0.845499992
vn -0.376199991 -0.2685 0.886699975
vn -0.171800002 -0.28549999 0.942799985
vn -0.376199991 -0.354499996 0.856000006
vn -0.171800002 -0.377000004 0.910099983
vn -0.506699979 -0.249899998 0.825100005
vn -0.506699979 -0.329899997 0.796500027
vn -0.0737999976 -0.289000005 0.95450002
vn -0.0737999976 -0.381599993 0.921400011
vn -0.00540000014 -0.555599988 0.831399977
vn -0.00219999999 -0.555599988 0.831399977
vn -0.00219999999 -0.471799999 0.881699979
vn -0.00540000014 -0.471799999 0.881699979
vn -0.0013 -0.555599988 0.831399977
vn -0.0013 -0.471799999 0.881699979
vn -0.0127999997 -0.471799999 0.881600022
vn -0.0127999997 -0.555499971 0.831399977
vn -0.0315000005 -0.471599996 0.881299973
vn -0.0315000005 -0.555299997 0.83099997
vn -0.0127999997 -0.634000003 0.773199975
vn -0.00540000014 -0.634000003 0.773299992
vn -0.0127999997 -0.707000017 0.707000017
vn -0.00540000014 -0.707099974 0.707099974
vn -0.0315000005 -0.633700013 0.772899985
vn -0.0315000005 -0.706700027 0.706700027
vn -0.00219999999 -0.634000003 0.773299992
vn -0.0013 -0.634000003 0.773299992
vn -0.00219999999 -0.707099974 0.707099974
vn -0.0013 -0.707099974 0.707099974
vn -0.171800002 -0.547299981 0.819100022
vn -0.0737999976 -0.55400002 0.829200029
vn -0.0737999976 -0.470499992 0.879299998
vn -0.171800002 -0.4648 0.868600011
vn -0.376199991 -0.437099993 0.816900015
vn -0.376199991 -0.514699996 0.770399988
vn -0.506699979 -0.406699985 0.760100007
vn -0.506699979 -0.478899986 0.716799974
vn -0.376199991 -0.587400019 0.716499984
vn -0.171800002 -0.624599993 0.761799991
vn -0.376199991 -0.655200005 0.655099988
vn -0.171800002 -0.69660002 0.69660002
vn -0.506699979 -0.546599984 0.666700006
vn -0.506699979 -0.609600008 0.609600008
vn -0.0737999976 -0.632300019 0.771200001
vn -0.0737999976 -0.705200016 0.705200016
vn -0.00540000014 -0.831399977 0.555599988
vn -0.00219999999 -0.831399977 0.555599988
vn -0.00219999999 -0.773299992 0.634000003
vn -0.00540000014 -0.773299992 0.634000003
vn -0.0013 -0.831399977 0.555599988
vn -0.0013 -0.773299992 0.634000003
vn -0.0127999997 -0.773199975 0.634000003
vn -0.0127999997 -0.831399977 0.555499971
vn -0.0315000005 -0.772899985 0.633700013
vn -0.0315000005 -0.83099997 0.555299997
vn -0.0127999997 -0.881600022 0.471799999
vn -0.00540000014 -0.881699979 0.471799999
vn -0.0127999997 -0.923799992 0.382600009
vn -0.00540000014 -0.923900008 0.382699996
vn -0.0315000005 -0.881299973 0.471599996
vn -0.0315000005 -0.923399985 0.382499993
vn -0.00219999999 -0.881699979 0.471799999
vn -0.0013 -0.881699979 0.471799999
vn -0.00219999999 -0.923900008 0.382699996
vn -0.0013 -0.923900008 0.382699996
vn -0.171800002 -0.819100022 0.547299981
vn -0.0737999976 -0.829200029 0.55400002
vn -0.0737999976 -0.771200001 0.632300019
vn -0.171800002 -0.761799991 0.624599993
vn -0.376199991 -0.716499984 0.587400019
vn -0.376199991 -0.770399988 0.514699996
vn -0.506699979 -0.666700006 0.546599984
vn -0.506699979 -0.716799974 0.479000002
vn -0.376199991 -0.816900015 0.437099993
vn -0.171800002 -0.868600011 0.4648
vn -0.376199991 -0.856000006 0.354499996
vn -0.171800002 -0.910099983 0.377000004
vn -0.506699979 -0.760100007 0.406800002
vn -0.506699979 -0.796500027 0.329899997
vn -0.0737999976 -0.879299998 0.470499992
vn -0.0737999976 -0.921400011 0.381599993
vn -0.00540000014 -0.980700016 0.195099995
vn -0.00219999999 -0.980799973 0.195099995
vn -0.00219999999 -0.957099974 0.289799988
vn -0.00540000014 -0.957099974 0.289799988
vn -0.0013 -0.980799973 0.195099995
vn -0.0013 -0.957099974 0.289799988
vn -0.0127999997 -0.957000017 0.289799988
vn -0.0127999997 -0.980700016 0.194999993
vn -0.0315000005 -0.95660001 0.289700001
vn -0.0315000005 -0.980300009 0.194999993
vn -0.0127999997 -0.995000005 0.0984999985
vn -0.00540000014 -0.995100021 0.0984999985
vn -0.0127999997 -0.999899983 0
vn -0.00540000014 -1 0
vn -0.0315000005 -0.994599998 0.0983999968
vn -0.0315000005 -0.999499977 0
vn -0.00219999999 -0.995100021 0.0984999985
vn -0.0013 -0.995100021 0.0984999985
vn -0.00219999999 -1 0
vn -0.0013 -1 0
vn -0.171800002 -0.966199994 0.192200005
vn -0.0737999976 -0.978100002 0.194600001
vn -0.0737999976 -0.954400003 0.289000005
vn -0.171800002 -0.942799985 0.28549999
vn -0.376199991 -0.886699975 0.2685
vn -0.376199991 -0.908699989 0.180700004
vn -0.506699979 -0.825100005 0.249799997
vn -0.506699979 -0.845499992 0.168200001
vn -0.376199991 -0.921999991 0.0913000032
vn -0.171800002 -0.980300009 0.0970000029
vn -0.376199991 -0.926500022 0
vn -0.171800002 -0.985099971 0
vn -0.506699979 -0.857900023 0.0848999992
vn -0.506699979 -0.862100005 0
vn -0.0737999976 -0.992399991 0.0982000008
vn -0.0737999976 -0.997300029 0
vn -0.00540000014 -0.980700016 -0.195099995
vn -0.00219999999 -0.980799973 -0.195099995
vn -0.00219999999 -0.995100021 -0.0984999985
vn -0.00540000014 -0.995100021 -0.0984999985
vn -0.0013 -0.980799973 -0.195099995
vn -0.0013 -0.995100021 -0.0984999985
vn -0.0127999997 -0.995000005 -0.0984999985
vn -0.0127999997 -0.980700016 -0.194999993
vn -0.0315000005 -0.994599998 -0.0983999968
vn -0.0315000005 -0.980300009 -0.194999993
vn -0.0127999997 -0.957000017 -0.289799988
vn -0.00540000014 -0.957099974 -0.289799988
vn -0.0127999997 -0.923799992 -0.382600009
vn -0.00540000014 -0.923900008 -0.382699996
vn -0.0315000005 -0.95660001 -0.289700001
vn -0.0315000005 -0.923399985 -0.382499993
vn -0.00219999999 -0.957099974 -0.289799988
vn -0.0013 -0.957099974 -0.289799988
vn -0.00219999999 -0.923900008 -0.382699996
vn -0.0013 -0.923900008 -0.382699996
vn -0.171800002 -0.966199994 -0.192200005
vn -0.0737999976 -0.978100002 -0.194600001
vn -0.0737999976 -0.992399991 -0.0982000008
vn -0.171800002 -0.980300009 -0.0970000029
vn -0.376199991 -0.921999991 -0.0913000032
vn -0.376199991 -0.908699989 -0.180700004
vn -0.506699979 -0.857900023 -0.0848999992
vn -0.506699979 -0.845499992 -0.168200001
vn -0.376199991 -0.886699975 -0.2685
vn -0.171800002 -0.942799985 -0.28549999
vn -0.376199991 -0.856000006 -0.354600012
vn -0.171800002 -0.910099983 -0.377000004
vn -0.506699979 -0.825100005 -0.249899998
vn -0.506699979 -0.796500027 -0.329899997
vn -0.0737999976 -0.95450002 -0.289000005
vn -0.0737999976 -0.921400011 -0.381599993
vn -0.00540000014 -0.831399977 -0.555599988
vn -0.00219999999 -0.831399977 -0.555599988
vn -0.00219999999 -0.881699979 -0.471799999
vn -0.00540000014 -0.881699979 -0.471799999
vn -0.0013 -0.831399977 -0.555599988
vn -0.0013 -0.881699979 -0.471799999
vn -0.0127999997 -0.881600022 -0.471799999
vn -0.0127999997 -0.831399977 -0.555499971
vn -0.0315000005 -0.881299973 -0.471599996
vn -0.0315000005 -0.83099997 -0.555299997
vn -0.0127999997 -0.773199975 -0.634000003
vn -0.00540000014 -0.773299992 -0.634000003
vn -0.0127999997 -0.707000017 -0.707000017
vn -0.00540000014 -0.707099974 -0.707099974
vn -0.0315000005 -0.772899985 -0.633700013
vn -0.0315000005 -0.706700027 -0.706700027
vn -0.00219999999 -0.773299992 -0.634000003
vn -0.0013 -0.773299992 -0.634000003
vn -0.00219999999 -0.707099974 -0.707099974
vn -0.0013 -0.707099974 -0.707099974
vn -0.171800002 -0.819100022 -0.547299981
vn -0.0737999976 -0.829200029 -0.55400002
vn -0.0737999976 -0.879299998 -0.470499992
vn -0.171800002 -0.868600011 -0.4648
vn -0.376199991 -0.816900015 -0.437099993
vn -0.376199991 -0.770399988 -0.514699996
vn -0.506699979 -0.760100007 -0.406800002
vn -0.506699979 -0.716799974 -0.479000002
vn -0.376199991 -0.716499984 -0.587400019
vn -0.171800002 -0.761799991 -0.624599993
vn -0.376199991 -0.655099988 -0.655099988
vn -0.171800002 -0.69660002 -0.69660002
vn -0.506699979 -0.666700006 -0.546599984
vn -0.506699979 -0.609600008 -0.609600008
vn -0.0737999976 -0.771200001 -0.632300019
vn -0.0737999976 -0.705200016 -0.705200016
vn -0.00540000014 -0.555599988 -0.831399977
vn -0.00219999999 -0.555599988 -0.831399977
vn -0.00219999999 -0.634000003 -0.773299992
vn -0.00540000014 -0.634000003 -0.773299992
vn -0.0013 -0.555599988 -0.831399977
vn -0.0013 -0.634000003 -0.773299992
vn -0.0127999997 -0.634000003 -0.773199975
vn -0.0127999997 -0.555499971 -0.831399977
vn -0.0315000005 -0.633700013 -0.772899985
vn -0.0315000005 -0.555299997 -0.83099997
vn -0.0127999997 -0.471799999 -0.881600022
vn -0.00540000014 -0.471799999 -0.881699979
vn -0.0127999997 -0.382600009 -0.923799992
vn -0.00540000014 -0.382699996 -0.923900008
vn -0.0315000005 -0.471599996 -0.881299973
vn -0.0315000005 -0.382499993 -0.923399985
vn -0.00219999999 -0.471799999 -0.881699979
vn -0.0013 -0.471799999 -0.881699979
vn -0.00219999999 -0.382699996 -0.923900008
vn -0.0013 -0.382699996 -0.923900008
vn -0.171800002 -0.547299981 -0.819100022
vn -0.0737999976 -0.55400002 -0.829200029
vn -0.0737999976 -0.632300019 -0.771200001
vn -0.171800002 -0.624599993 -0.761799991
vn -0.376199991 -0.587400019 -0.716499984
vn -0.376199991 -0.514800012 -0.770399988
vn -0.506699979 -0.546599984 -0.666700006
vn -0.506699979 -0.479000002 -0.716799974
vn -0.376199991 -0.437099993 -0.816900015
vn -0.171800002 -0.4648 -0.868600011
vn -0.376199991 -0.354600012 -0.856000006
vn -0.171800002 -0.377000004 -0.910099983
vn -0.506699979 -0.406800002 -0.760100007
vn -0.506699979 -0.329899997 -0.796500027
vn -0.0737999976 -0.470499992 -0.879299998
vn -0.0737999976 -0.381599993 -0.921400011
vn -0.00540000014 -0.195099995 -0.980700016
vn -0.00219999999 -0.195099995 -0.980799973
vn -0.00219999999 -0.289799988 -0.957099974
vn -0.00540000014 -0.289799988 -0.957099974
vn -0.0013 -0.195099995 -0.980799973
vn -0.0013 -0.289799988 -0.957099974
vn -0.0127999997 -0.289799988 -0.957000017
vn -0.0127999997 -0.195099995 -0.980700016
vn -0.0315000005 -0.289700001 -0.95660001
vn -0.0315000005 -0.194999993 -0.980300009
vn -0.0127999997 -0.0984999985 -0.995000005
vn -0.00540000014 -0.0984999985 -0.995100021
vn -0.0127999997 0 -0.999899983
vn -0.00540000014 0 -1
vn -0.0315000005 -0.0983999968 -0.994599998
vn -0.0315000005 0 -0.999499977
vn -0.00219999999 -0.0984999985 -0.995100021
vn -0.0013 -0.0984999985 -0.995100021
vn -0.00219999999 0 -1
vn -0.0013 0 -1
vn -0.171900004 -0.192200005 -0.966199994
vn -0.0737999976 -0.194600001 -0.978100002
vn -0.0737999976 -0.289000005 -0.95450002
vn -0.171900004 -0.28549999 -0.942799985
vn -0.376199991 -0.2685 -0.886699975
vn -0.376199991 -0.180700004 -0.908699989
vn -0.506699979 -0.249799997 -0.825100005
vn -0.506699979 -0.168200001 -0.845499992
vn -0.376199991 -0.0913000032 -0.921999991
vn -0.171900004 -0.0970000029 -0.980300009
vn -0.376199991 0 -0.926500022
vn -0.171900004 0 -0.985099971
vn -0.506699979 -0.0848999992 -0.857900023
vn -0.506699979 0 -0.862100005
vn -0.0737999976 -0.0982000008 -0.992399991
vn -0.0737999976 0 -0.997300029
vn -0.00540000014 0.195099995 -0.980700016
vn -0.00219999999 0.195099995 -0.980799973
vn -0.00219999999 0.0984999985 -0.995100021
vn -0.00540000014 0.0984999985 -0.995100021
vn -0.0013 0.195099995 -0.980799973
vn -0.0013 0.0984999985 -0.995100021
vn -0.0127999997 0.0984999985 -0.995000005
vn -0.0127999997 0.194999993 -0.980700016
vn -0.0315000005 0.0983999968 -0.994599998
vn -0.0315000005 0.194999993 -0.980300009
vn -0.0127999997 0.289799988 -0.957000017
vn -0.00540000014 0.289799988 -0.957099974
vn -0.0127999997 0.382600009 -0.923799992
vn -0.00540000014 0.382699996 -0.923900008
vn -0.0315000005 0.289700001 -0.95660001
vn -0.0315000005 0.382499993 -0.923399985
vn -0.00219999999 0.289799988 -0.957099974
vn -0.0013 0.289799988 -0.957099974
vn -0.00219999999 0.382699996 -0.923900008
vn -0.0013 0.382699996 -0.923900008
vn -0.171800002 0.192200005 -0.966199994
vn -0.0737999976 0.194600001 -0.978100002
vn -0.0737999976 0.0982000008 -0.992399991
vn -0.171800002 0.0970000029 -0.980300009
vn -0.376199991 0.0913000032 -0.921999991
vn -0.376199991 0.180800006 -0.908699989
vn -0.506699979 0.0848999992 -0.857900023
vn -0.506699979 0.168200001 -0.845499992
vn -0.376199991 0.2685 -0.886699975
vn -0.171800002 0.28549999 -0.942799985
vn -0.376199991 0.354600012 -0.856000006
vn -0.171800002 0.377000004 -0.910099983
vn -0.506699979 0.249799997 -0.825100005
vn -0.506699979 0.329899997 -0.796500027
vn -0.0737999976 0.289000005 -0.95450002
vn -0.0737999976 0.381599993 -0.921400011
vn -0.00540000014 0.555599988 -0.831399977
vn -0.00219999999 0.555599988 -0.831399977
vn -0.00219999999 0.471799999 -0.881699979
vn -0.00540000014 0.471799999 -0.881699979
vn -0.0013 0.555599988 -0.831399977
vn -0.0013 0.471799999 -0.881699979
vn -0.0127999997 0.471799999 -0.881600022
vn -0.0127999997 0.555499971 -0.831399977
vn -0.0315000005 0.471599996 -0.881299973
vn -0.0315000005 0.555299997 -0.83099997
vn -0.0127999997 0.634000003 -0.773199975
vn -0.00540000014 0.634000003 -0.773299992
vn -0.0127999997 0.707000017 -0.707000017
vn -0.00540000014 0.707099974 -0.707099974
vn -0.0315000005 0.633700013 -0.772899985
vn -0.0315000005 0.706700027 -0.706700027
vn -0.00219999999 0.634000003 -0.773299992
vn -0.0013 0.634000003 -0.773299992
vn -0.00219999999 0.707099974 -0.707099974
vn -0.0013 0.707099974 -0.707099974
vn -0.171800002 0.547299981 -0.819100022
vn -0.0737999976 0.55400002 -0.829200029
vn -0.0737999976 0.470499992 -0.879299998
vn -0.171800002 0.4648 -0.868600011
vn -0.376199991 0.437099993 -0.816900015
vn -0.376199991 0.514699996 -0.770399988
vn -0.506699979 0.406800002 -0.760100007
vn -0.506699979 0.479000002 -0.716799974
vn -0.376199991 0.587499976 -0.716499984
vn -0.171800002 0.624599993 -0.761799991
vn -0.376199991 0.655200005 -0.655099988
vn -0.171800002 0.69660002 -0.69660002
vn -0.506699979 0.546599984 -0.666700006
vn -0.506699979 0.609600008 -0.609499991
vn -0.0737999976 0.632300019 -0.771200001
vn -0.0737999976 0.705200016 -0.705200016
vn -0.00540000014 0.831399977 -0.555599988
vn -0.00219999999 0.831399977 -0.555599988
vn -0.00219999999 0.773299992 -0.634000003
vn -0.00540000014 0.773299992 -0.634000003
vn -0.0013 0.831399977 -0.555599988
vn -0.0013 0.773299992 -0.634000003
vn -0.0127999997 0.773199975 -0.634000003
vn -0.0127999997 0.831399977 -0.555499971
vn -0.0315000005 0.772899985 -0.633700013
vn -0.0315000005 0.83099997 -0.555299997
vn -0.0127999997 0.881600022 -0.471799999
vn -0.00540000014 0.881699979 -0.471799999
vn -0.0127999997 0.923799992 -0.382600009
vn -0.00540000014 0.923900008 -0.382699996
vn -0.0315000005 0.881299973 -0.471599996
vn -0.0315000005 0.923399985 -0.382499993
vn -0.00219999999 0.881699979 -0.471799999
vn -0.0013 0.881699979 -0.471799999
vn -0.00219999999 0.923900008 -0.382699996
vn -0.0013 0.923900008 -0.382699996
vn -0.171800002 0.819100022 -0.547299981
vn -0.0737999976 0.829200029 -0.55400002
vn -0.0737999976 0.771200001 -0.632300019
vn -0.171800002 0.761799991 -0.624599993
vn -0.376199991 0.716499984 -0.587400019
vn -0.376199991 0.770399988 -0.514699996
vn -0.506699979 0.666700006 -0.546599984
vn -0.506699979 0.716799974 -0.479000002
vn -0.376199991 0.816900015 -0.437099993
vn -0.171800002 0.868600011 -0.4648
vn -0.376199991 0.856000006 -0.354600012
vn -0.171800002 0.910099983 -0.377000004
vn -0.506699979 0.760100007 -0.406800002
vn -0.506699979 0.796400011 -0.329899997
vn -0.0737999976 0.879299998 -0.470499992
vn -0.0737999976 0.921400011 -0.381599993
vn -0.00540000014 0.980700016 -0.195099995
vn -0.00219999999 0.980799973 -0.195099995
vn -0.00219999999 0.957099974 -0.289799988
vn -0.00540000014 0.957099974 -0.289799988
vn -0.0013 0.980799973 -0.195099995
vn -0.0013 0.957099974 -0.289799988
vn -0.0127999997 0.957000017 -0.289799988
vn -0.0127999997 0.980700016 -0.194999993
vn -0.0315000005 0.95660001 -0.289700001
vn -0.0315000005 0.980300009 -0.194999993
vn -0.0127999997 0.995100021 -0.0984999985
vn -0.00540000014 0.995100021 -0.0984999985
vn -0.0127999997 0.999899983 0
vn -0.00540000014 1 0
vn -0.0315000005 0.994599998 -0.0983999968
vn -0.0315000005 0.999499977 0
vn -0.00219999999 0.995100021 -0.0984999985
vn -0.0013 0.995100021 -0.0984999985
vn -0.00219999999 1 0
vn -0.0013 1 0
vn -0.171800002 0.966199994 -0.192200005
vn -0.0737999976 0.978100002 -0.194600001
vn -0.0737999976 0.95450002 -0.289000005
vn -0.171800002 0.942799985 -0.28549999
vn -0.376199991 0.886699975 -0.2685
vn -0.376199991 0.908699989 -0.180700004
vn -0.506699979 0.825100005 -0.249899998
vn -0.506699979 0.845499992 -0.168200001
vn -0.376199991 0.921999991 -0.0913000032
vn -0.171800002 0.980300009 -0.0970000029
vn -0.376199991 0.926500022 0
vn -0.171800002 0.985099971 0
vn -0.506699979 0.857900023 -0.0848999992
vn -0.506699979 0.862100005 0
vn -0.0737999976 0.992399991 -0.0982000008
vn -0.0737999976 0.997300029 0
vn -0.00540000014 0.980700016 0.195099995
vn -0.00219999999 0.980799973 0.195099995
vn -0.00219999999 0.995100021 0.0984999985
vn -0.00540000014 0.995100021 0.0984999985
vn -0.0013 0.980799973 0.195099995
vn -0.0013 0.995100021 0.0984999985
vn -0.0127999997 0.995000005 0.0984999985
vn -0.0127999997 0.980700016 0.195099995
vn -0.0315000005 0.994599998 0.0983999968
vn -0.0315000005 0.980300009 0.194999993
vn -0.0127999997 0.957000017 0.289799988
vn -0.00540000014 0.957099974 0.289799988
vn -0.0127999997 0.923799992 0.382600009
vn -0.00540000014 0.923900008 0.382699996
vn -0.0315000005 0.95660001 0.289700001
vn -0.0315000005 0.923399985 0.382499993
vn -0.00219999999 0.957099974 0.289799988
vn -0.0013 0.957099974 0.289799988
vn -0.00219999999 0.923900008 0.382699996
vn -0.0013 0.923900008 0.382699996
vn -0.171800002 0.966199994 0.192200005
vn -0.0737999976 0.978100002 0.194600001
vn -0.0737999976 0.992399991 0.0982000008
vn -0.171800002 0.980300009 0.0970000029
vn -0.376199991 0.921999991 0.0913000032
vn -0.376199991 0.908699989 0.180700004
vn -0.506699979 0.857900023 0.0848999992
vn -0.506699979 0.845499992 0.168200001
vn -0.376199991 0.886699975 0.2685
vn -0.171800002 0.942799985 0.28549999
vn -0.376199991 0.856000006 0.354499996
vn -0.171800002 0.910099983 0.377000004
vn -0.506699979 0.825100005 0.249799997
vn -0.506699979 0.796500027 0.329899997
vn -0.0737999976 0.954400003 0.289000005
vn -0.0737999976 0.921400011 0.381599993
vn -0.171800002 0.819100022 0.547299981
vn -0.376199991 0.770399988 0.514800012
vn -0.376199991 0.716499984 0.587400019
vn -0.171800002 0.761799991 0.624599993
vn -0.506699979 0.716799974 0.479000002
vn -0.506699979 0.666700006 0.546599984
vn -0.0737999976 0.771200001 0.632300019
vn -0.0737999976 0.829200029 0.55400002
vn -0.0315000005 0.772899985 0.633700013
vn -0.0315000005 0.83099997 0.555299997
vn -0.0737999976 0.879299998 0.470499992
vn -0.171800002 0.868600011 0.4648
vn -0.0315000005 0.881299973 0.471599996
vn -0.376199991 0.816900015 0.437099993
vn -0.506699979 0.760100007 0.406800002
vn -0.00540000014 0.831399977 0.555599988
vn -0.0127999997 0.831399977 0.555499971
vn -0.0127999997 0.773199975 0.634000003
vn -0.00540000014 0.773299992 0.634000003
vn -0.00219999999 0.773299992 0.634000003
vn -0.00219999999 0.831399977 0.555599988
vn -0.0013 0.773299992 0.634000003
vn -0.0013 0.831399977 0.555599988
vn -0.00219999999 0.881699979 0.471799999
vn -0.00540000014 0.881699979 0.471799999
vn -0.0013 0.881699979 0.471799999
vn -0.0127999997 0.881600022 0.471799999
vn -0.999300003 -0.0308999997 -0.0207000002
vn -0.999300003 -0.0326999985 -0.0175000001
vn -0.995100021 -0.0870999992 -0.0465999991
vn -0.995100021 -0.0820999965 -0.0549000017
vn -0.973999977 -0.199499995 -0.106799997
vn -0.973999977 -0.1884 -0.125799999
vn -0.999300003 -0.0342000015 -0.0142000001
vn -0.995100021 -0.0913000032 -0.0377999991
vn -0.974099994 -0.209000006 -0.0865999982
vn -0.995100021 -0.0763999969 -0.0626000017
vn -0.999300003 -0.0286999997 -0.0236000009
vn -0.995100021 -0.0698999986 -0.0697999969
vn -0.999300003 -0.0262000002 -0.0263
vn -0.973999977 -0.1752 -0.1435
vn -0.973999977 -0.1602 -0.159999996
vn -0.999899983 -0.00630000001 -0.00520000001
vn -0.999899983 -0.00700000022 -0.0046000001
vn -1 0 0
vn -1 -0.000199999995 0
vn -0.999899983 -0.0055999998 -0.00579999993
vn -1 0.000300000014 0
vn -0.999899983 -0.00730000017 -0.00389999989
vn -0.999899983 -0.00749999983 -0.00310000009
vn -1 -9.99999975e-05 0
vn -1 -9.99999975e-05 0
vn -0.999300003 0.0366000012 0.00719999988
vn -0.999300003 0.0353999995 0.0108000003
vn -0.999899983 0.00789999962 0.00240000011
vn -0.999899983 0.00810000021 0.00159999996
vn -1 0 0
vn -1 -9.99999975e-05 0
vn -0.999300003 0.0342000015 0.0142000001
vn -0.999899983 0.00749999983 0.00310000009
vn -1 0 0
vn -0.999899983 0.00789999962 0.00079999998
vn -0.999300003 0.0370000005 0.0037
vn -0.999899983 0.00779999979 0
vn -0.999300003 0.0370999984 0
vn -1 -9.99999975e-05 0
vn -1 -0.00039999999 0
vn -0.995100021 0.0982000008 0.00970000029
vn -0.995100021 0.0970000029 0.0193000007
vn -0.97420001 0.224800006 0.0222999994
vn -0.974099994 0.221799999 0.0441999994
vn -0.995100021 0.0983999968 0
vn -0.97420001 0.225799993 0
vn -0.995100021 0.0944999978 0.0285999998
vn -0.995100021 0.0913999975 0.0377999991
vn -0.973999977 0.216700003 0.0656000003
vn -0.973999977 0.209199995 0.0865999982
vn -0.999300003 -0.0205000006 -0.0308999997
vn -0.999300003 -0.0234999992 -0.0286999997
vn -0.995100021 -0.0627000034 -0.0763999969
vn -0.995100021 -0.0549999997 -0.0820999965
vn -0.973999977 -0.143700004 -0.175099999
vn -0.973999977 -0.125699997 -0.188199997
vn -0.995100021 -0.0467000008 -0.0870999992
vn -0.999300003 -0.0175000001 -0.0328000002
vn -0.995100021 -0.0377000012 -0.0912000015
vn -0.999300003 -0.0142000001 -0.0344000012
vn -0.973999977 -0.106799997 -0.199599996
vn -0.973999977 -0.0865999982 -0.209099993
vn -0.999899983 -0.00380000006 -0.00730000017
vn -0.999899983 -0.00449999981 -0.00680000009
vn -1 0 0
vn -1 -9.99999975e-05 0
vn -0.999899983 -0.00319999992 -0.00760000013
vn -1 0 0
vn -0.999899983 -0.00510000018 -0.00630000001
vn -1 0 0
vn -0.999300003 0.00719999988 -0.0364999995
vn -0.999300003 0.0107000005 -0.0355999991
vn -0.999899983 0.00230000005 -0.00789999962
vn -0.999899983 0.00159999996 -0.00810000021
vn -1 0 0
vn -1 0 0
vn -0.999300003 0.0142999999 -0.0344000012
vn -0.999899983 0.00310000009 -0.00760000013
vn -1 0 0
vn -0.999899983 0.00079999998 -0.00820000004
vn -0.999300003 0.0037 -0.0370000005
vn -0.999899983 0 -0.00820000004
vn -0.999300003 0 -0.0372000001
vn -1 0 0
vn -1 0 0
vn -0.995100021 0.00970000029 -0.0983000025
vn -0.995100021 0.0193000007 -0.0969000012
vn -0.973999977 0.0222999994 -0.225299999
vn -0.973999977 0.0443000011 -0.222100005
vn -0.995100021 0 -0.0988000035
vn -0.973999977 0 -0.226400003
vn -0.995100021 0.0285999998 -0.0944999978
vn -0.995100021 0.0377999991 -0.0912000015
vn -0.973999977 0.0656000003 -0.216700003
vn -0.973999977 0.0865999982 -0.209099993
vn -0.999300003 -0.0309999995 0.0207000002
vn -0.999300003 -0.0329000019 0.0175000001
vn -0.999899983 -0.00730000017 0.00389999989
vn -0.999899983 -0.00689999992 0.0046000001
vn -1 0 0
vn -1 0 0
vn -0.999300003 -0.0342000015 0.0142000001
vn -0.999899983 -0.0074 0.00310000009
vn -1 0 0
vn -0.999899983 -0.00630000001 0.00520000001
vn -0.999300003 -0.0286999997 0.0236000009
vn -0.999899983 -0.0055999998 0.00579999993
vn -0.999300003 -0.0262000002 0.0263
vn -1 0 0
vn -1 0.000199999995 0
vn -0.995100021 -0.0764999986 0.0626000017
vn -0.995100021 -0.0821999982 0.0549000017
vn -0.973999977 -0.175300002 0.1435
vn -0.973999977 -0.188199997 0.125699997
vn -0.995100021 -0.0698999986 0.0697999969
vn -0.973999977 -0.160500005 0.159999996
vn -0.995100021 -0.0872000009 0.0465999991
vn -0.995100021 -0.0914999992 0.0377999991
vn -0.973999977 -0.199499995 0.106799997
vn -0.974099994 -0.209000006 0.0865999982
vn -0.999300003 -0.0366000012 0.00719999988
vn -0.999300003 -0.0368999988 0.0037
vn -0.999899983 -0.00800000038 0.00079999998
vn -0.999899983 -0.00810000021 0.00159999996
vn -1 0 0
vn -1 0 0
vn -0.999300003 -0.0368999988 0
vn -0.999899983 -0.00800000038 0
vn -1 0 0
vn -0.999899983 -0.00779999979 0.00240000011
vn -0.999300003 -0.0355999991 0.0108000003
vn -1 0 0
vn -0.995100021 -0.0945999995 0.0285999998
vn -0.995100021 -0.0970000029 0.0193000007
vn -0.973999977 -0.216700003 0.0656000003
vn -0.973999977 -0.222100005 0.0441999994
vn -0.995100021 -0.0982000008 0.00970000029
vn -0.995100021 -0.0983000025 0
vn -0.973999977 -0.225199997 0.0222999994
vn -0.974099994 -0.226099998 0
vn -0.999300003 -0.0366000012 -0.00719999988
vn -0.999300003 -0.0353999995 -0.0108000003
vn -0.999899983 -0.00769999996 -0.00240000011
vn -0.999899983 -0.00779999979 -0.00159999996
vn -1 0 0
vn -1 0.000199999995 0
vn -0.999899983 -0.00800000038 -0.00079999998
vn -0.999300003 -0.0370000005 -0.0037
vn -1 0.000199999995 0
vn -0.995100021 -0.0982000008 -0.00970000029
vn -0.995100021 -0.0970000029 -0.0193000007
vn -0.974099994 -0.225099996 -0.0222999994
vn -0.973999977 -0.222100005 -0.0441999994
vn -0.995100021 -0.0944999978 -0.0285999998
vn -0.973999977 -0.216700003 -0.0656000003
vn -0.999300003 -0.0206000004 0.0308999997
vn -0.999300003 -0.0236000009 0.0286999997
vn -0.999899983 -0.00529999984 0.00630000001
vn -0.999899983 -0.00469999993 0.00680000009
vn -1 0 0
vn -1 -9.99999975e-05 0
vn -0.999899983 -0.00389999989 0.00730000017
vn -0.999300003 -0.0175000001 0.0328000002
vn -0.999899983 -0.00310000009 0.00760000013
vn -0.999300003 -0.0142000001 0.0344000012
vn -1 0 0
vn -1 0 0
vn -0.995100021 -0.0467000008 0.0870999992
vn -0.995100021 -0.0549000017 0.0820999965
vn -0.973999977 -0.107000001 0.199499995
vn -0.973999977 -0.126000002 0.188199997
vn -0.995100021 -0.0379000008 0.0912000015
vn -0.973999977 -0.0864999965 0.209099993
vn -0.995100021 -0.0627000034 0.0763999969
vn -0.973999977 -0.143800005 0.175099999
vn -0.999300003 -0.00719999988 0.0364999995
vn -0.999300003 -0.0107000005 0.0355999991
vn -0.999899983 -0.00219999999 0.00789999962
vn -0.999899983 -0.00159999996 0.00810000021
vn -1 9.99999975e-05 0
vn -1 0 0
vn -0.999899983 -0.00079999998 0.00820000004
vn -0.999300003 -0.0037 0.0370000005
vn -0.999899983 0 0.00820000004
vn -0.999300003 0 0.0372000001
vn -1 0 0
vn -1 0 0
vn -0.995100021 -0.00970000029 0.0983000025
vn -0.995100021 -0.0193000007 0.0969000012
vn -0.973999977 -0.0222999994 0.225199997
vn -0.973999977 -0.0441000015 0.222000003
vn -0.995100021 0 0.0988000035
vn -0.974099994 0 0.226300001
vn -0.995100021 -0.0285999998 0.0944999978
vn -0.973999977 -0.0654999986 0.216600001
vn -0.999300003 0.00719999988 0.0364999995
vn -0.999300003 0.0037 0.0370000005
vn -0.999899983 0.00079999998 0.00820000004
vn -0.999899983 0.00150000001 0.00810000021
vn -1 0 0
vn -1 -9.99999975e-05 0
vn -0.999899983 0.00230000005 0.00789999962
vn -0.999300003 0.0107000005 0.0355999991
vn -0.999899983 0.00310000009 0.00760000013
vn -0.999300003 0.0142000001 0.0344000012
vn -1 -9.99999975e-05 0
vn -1 0 0
vn -0.995100021 0.0286999997 0.0944999978
vn -0.995100021 0.0193000007 0.0969000012
vn -0.973999977 0.0656000003 0.216600001
vn -0.973999977 0.0441000015 0.222000003
vn -0.995100021 0.0377999991 0.0912000015
vn -0.973999977 0.0865999982 0.209099993
vn -0.995100021 0.00970000029 0.0983000025
vn -0.973999977 0.0222999994 0.225199997
vn -0.999300003 0.0206000004 0.0308999997
vn -0.999300003 0.0175000001 0.0328000002
vn -0.999899983 0.00380000006 0.00730000017
vn -0.999899983 0.0046000001 0.00680000009
vn -1 9.99999975e-05 0
vn -1 9.99999975e-05 0
vn -0.999899983 0.00529999984 0.00630000001
vn -0.999300003 0.0234999992 0.0286999997
vn -0.999899983 0.00579999993 0.00579999993
vn -0.999300003 0.0261000004 0.0263
vn -1 0 0
vn -1 -9.99999975e-05 0
vn -0.995100021 0.0627000034 0.0763999969
vn -0.995100021 0.0549999997 0.0820999965
vn -0.973999977 0.143900007 0.174999997
vn -0.973999977 0.126000002 0.188199997
vn -0.995100021 0.0697000027 0.0697999969
vn -0.973999977 0.160400003 0.159999996
vn -0.995100021 0.0467000008 0.0870999992
vn -0.973999977 0.106899999 0.199599996
vn -0.999300003 0.0308999997 0.0207000002
vn -0.999300003 0.0285999998 0.0236000009
vn -0.999899983 0.00630000001 0.00520000001
vn -0.999899983 0.00700000022 0.0046000001
vn -1 0 0
vn -1 0 0
vn -0.999899983 0.00730000017 0.00389999989
vn -0.999300003 0.0328000002 0.0175000001
vn -1 0 0
vn -0.995100021 0.0870999992 0.0465999991
vn -0.995100021 0.0820000023 0.0549000017
vn -0.973999977 0.199699998 0.106799997
vn -0.974099994 0.188099995 0.125699997
vn -0.995100021 0.0763000026 0.0626000017
vn -0.973999977 0.175099999 0.1435
vn -0.999300003 0.0366000012 -0.00719999988
vn -0.999300003 0.0370999984 -0.0037
vn -0.999899983 0.00800000038 -0.00079999998
vn -0.999899983 0.00810000021 -0.00159999996
vn -1 -0.00039999999 0
vn -1 0 0
vn -0.999899983 0.00779999979 -0.00240000011
vn -0.999300003 0.0355999991 -0.0108000003
vn -0.999899983 0.00749999983 -0.00310000009
vn -0.999300003 0.0342999995 -0.0142000001
vn -1 0 0
vn -1 0 0
vn -0.995100021 0.0944999978 -0.0285999998
vn -0.995100021 0.0969000012 -0.0193000007
vn -0.973999977 0.216700003 -0.0656000003
vn -0.973999977 0.222299993 -0.0441999994
vn -0.995100021 0.0913999975 -0.0377999991
vn -0.973999977 0.209099993 -0.0865999982
vn -0.995100021 0.0982000008 -0.00970000029
vn -0.973999977 0.225299999 -0.0222999994
vn -0.999300003 0.0308999997 -0.0207000002
vn -0.999300003 0.0328000002 -0.0175000001
vn -0.999899983 0.00730000017 -0.00389999989
vn -0.999899983 0.00689999992 -0.0046000001
vn -1 0 0
vn -1 0 0
vn -0.999899983 0.00639999984 -0.00520000001
vn -0.999300003 0.0286999997 -0.0236000009
vn -0.999899983 0.00579999993 -0.00579999993
vn -0.999300003 0.0263 -0.0263
vn -1 0.000199999995 0
vn -1 9.99999975e-05 0
vn -0.995100021 0.0763999969 -0.0626000017
vn -0.995100021 0.0819000006 -0.0549000017
vn -0.973999977 0.174999997 -0.1435
vn -0.973999977 0.188299999 -0.125799999
vn -0.995100021 0.0698999986 -0.0697999969
vn -0.973999977 0.160099998 -0.159999996
vn -0.995100021 0.0870999992 -0.0465999991
vn -0.973999977 0.199699998 -0.106799997
vn -0.999300003 0.0207000002 -0.0308999997
vn -0.999300003 0.0234999992 -0.0286999997
vn -0.999899983 0.00529999984 -0.00630000001
vn -0.999899983 0.0046000001 -0.00680000009
vn -1 0.000199999995 0
vn -1 9.99999975e-05 0
vn -0.999899983 0.00389999989 -0.00730000017
vn -0.999300003 0.0176999997 -0.0328000002
vn -1 -9.99999975e-05 0
vn -0.995100021 0.0467999987 -0.0870999992
vn -0.995100021 0.0549999997 -0.0820999965
vn -0.973999977 0.106899999 -0.199599996
vn -0.973999977 0.1259 -0.188199997
vn -0.995100021 0.0626000017 -0.0763999969
vn -0.973999977 0.143600002 -0.174999997
vn -0.999300003 -0.00719999988 -0.0364999995
vn -0.999300003 -0.00359999994 -0.0370000005
vn -0.999899983 -0.00079999998 -0.00820000004
vn -0.999899983 -0.00159999996 -0.00810000021
vn -1 0 0
vn -1 0 0
vn -0.999899983 -0.00240000011 -0.00789999962
vn -0.999300003 -0.0108000003 -0.0355999991
vn -1 0 0
vn -0.995100021 -0.0285999998 -0.0944999978
vn -0.995100021 -0.0193000007 -0.0969000012
vn -0.973999977 -0.0656000003 -0.216700003
vn -0.973999977 -0.0441999994 -0.222000003
vn -0.995100021 -0.00970000029 -0.0983000025
vn -0.973999977 -0.0222999994 -0.225299999
vn -0.83099997 0.108499996 0.545599997
vn -0.97329998 0.0447000004 0.224999994
vn -0.97329998 0.066399999 0.219600007
vn -0.83099997 0.161200002 0.532400012
vn -0.97329998 0.0878000036 0.211999997
vn -0.831099987 0.212799996 0.513800025
vn -0.963100016 -0.0524000004 -0.263700008
vn -0.963100016 -0.0778999999 -0.257400006
vn -0.963100016 -0.102899998 -0.248500004
vn -0.719299972 0.201299995 0.664900005
vn -0.719299972 0.135499999 0.681400001
vn -0.715499997 0.202399999 0.668600023
vn -0.715600014 0.136199996 0.685100019
vn -0.719299972 0.265799999 0.641799986
vn -0.715499997 0.26730001 0.645399988
vn -0.719299972 0.068400003 0.691299975
vn -0.83099997 0.0548 0.553499997
vn -0.719299972 0 0.694700003
vn -0.83099997 0 0.556200027
vn -0.715600014 0.0688000023 0.695100009
vn -0.715600014 0 0.698499978
vn -0.97329998 0.0226000007 0.228400007
vn -0.963100016 -0.0264999997 -0.2676
vn -0.97329998 0 0.229499996
vn -0.963100016 0 -0.268999994
vn -0.83099997 0.308999985 0.462500006
vn -0.97329998 0.127399996 0.190799996
vn -0.97329998 0.145500004 0.177499995
vn -0.83099997 0.352600008 0.430200011
vn -0.97329998 0.162300006 0.162300006
vn -0.83099997 0.39320001 0.393299997
vn -0.963100016 -0.149399996 -0.2236
vn -0.963100016 -0.170499995 -0.208000004
vn -0.963100016 -0.190200001 -0.190200001
vn -0.719299972 0.440499991 0.537199974
vn -0.719299972 0.386000007 0.577600002
vn -0.715499997 0.442900002 0.540199995
vn -0.715499997 0.388000011 0.580900013
vn -0.719299972 0.491299987 0.4912
vn -0.715499997 0.493999988 0.493900001
vn -0.719200015 0.327800006 0.612500012
vn -0.83099997 0.262400001 0.490399987
vn -0.715499997 0.32949999 0.615999997
vn -0.97329998 0.1083 0.202399999
vn -0.963199973 -0.126900002 -0.237100005
vn -0.83099997 0.462500006 0.308999985
vn -0.97329998 0.190799996 0.127399996
vn -0.97329998 0.202399999 0.108199999
vn -0.83099997 0.490399987 0.262400001
vn -0.97329998 0.211999997 0.0878000036
vn -0.83099997 0.513800025 0.212799996
vn -0.963199973 -0.223499998 -0.149399996
vn -0.963199973 -0.237000003 -0.126900002
vn -0.963199973 -0.248400003 -0.102899998
vn -0.719299972 0.612500012 0.327699989
vn -0.719200015 0.577700019 0.385899991
vn -0.715499997 0.615999997 0.329600006
vn -0.715499997 0.580900013 0.388099998
vn -0.719399989 0.641700029 0.265799999
vn -0.715399981 0.645500004 0.26730001
vn -0.719200015 0.537299991 0.440400004
vn -0.83099997 0.430099994 0.352600008
vn -0.715499997 0.540300012 0.442900002
vn -0.97329998 0.177499995 0.145500004
vn -0.963199973 -0.207900003 -0.170399994
vn -0.83099997 0.54549998 0.108499996
vn -0.97329998 0.224999994 0.0447000004
vn -0.97329998 0.228300005 0.0226000007
vn -0.83099997 0.553499997 0.0548
vn -0.97329998 0.229399994 0
vn -0.831099987 0.556100011 0
vn -0.963199973 -0.263599992 -0.0524000004
vn -0.963199973 -0.267399997 -0.0264999997
vn -0.963100016 -0.268900007 0
vn -0.719299972 0.691299975 0.068400003
vn -0.719299972 0.681400001 0.135499999
vn -0.715499997 0.695200026 0.0688000023
vn -0.715499997 0.685100019 0.136299998
vn -0.719399989 0.694599986 0
vn -0.715499997 0.698599994 0
vn -0.719299972 0.664799988 0.201299995
vn -0.83099997 0.532299995 0.161200002
vn -0.715399981 0.66869998 0.202399999
vn -0.97329998 0.219600007 0.0665000007
vn -0.963199973 -0.257299989 -0.0778999999
vn -0.831099987 0.54549998 -0.108499996
vn -0.97329998 0.224999994 -0.0447000004
vn -0.97329998 0.219600007 -0.0665000007
vn -0.83099997 0.532299995 -0.161200002
vn -0.97329998 0.211999997 -0.0878000036
vn -0.831099987 0.513800025 -0.212799996
vn -0.963199973 -0.263599992 0.0524000004
vn -0.963199973 -0.257200003 0.0778999999
vn -0.963199973 -0.248400003 0.102899998
vn -0.719299972 0.664900005 -0.201299995
vn -0.719299972 0.681400001 -0.135499999
vn -0.715600014 0.668500006 -0.202500001
vn -0.715499997 0.685199976 -0.136299998
vn -0.719399989 0.641700029 -0.265799999
vn -0.715600014 0.645299971 -0.26730001
vn -0.719399989 0.691200018 -0.068400003
vn -0.831099987 0.55339998 -0.0548
vn -0.715499997 0.695200026 -0.0688000023
vn -0.97329998 0.228300005 -0.0226000007
vn -0.963199973 -0.267500013 0.0264999997
vn -0.83099997 0.462399989 -0.308999985
vn -0.97329998 0.190699995 -0.127399996
vn -0.97329998 0.177499995 -0.145500004
vn -0.83099997 0.430099994 -0.352600008
vn -0.97329998 0.162300006 -0.162200004
vn -0.831099987 0.393099993 -0.39320001
vn -0.963199973 -0.223499998 0.149299994
vn -0.963199973 -0.207800001 0.170399994
vn -0.963199973 -0.189999998 0.190099999
vn -0.719299972 0.537199974 -0.440400004
vn -0.719299972 0.577600002 -0.385899991
vn -0.715600014 0.540099978 -0.442900002
vn -0.715499997 0.580799997 -0.388099998
vn -0.719399989 0.491100013 -0.4912
vn -0.715600014 0.493900001 -0.493999988
vn -0.719299972 0.612500012 -0.327699989
vn -0.83099997 0.490399987 -0.262400001
vn -0.715499997 0.615999997 -0.329600006
vn -0.97329998 0.202299997 -0.108199999
vn -0.963199973 -0.237000003 0.126900002
vn -0.83099997 0.308999985 -0.462399989
vn -0.97329998 0.127399996 -0.190699995
vn -0.97329998 0.108199999 -0.202299997
vn -0.83099997 0.262400001 -0.4903
vn -0.97329998 0.0878000036 -0.211999997
vn -0.831099987 0.212799996 -0.513800025
vn -0.963199973 -0.149299994 0.223499998
vn -0.963199973 -0.126800001 0.236900002
vn -0.963199973 -0.102799997 0.248400003
vn -0.719299972 0.327899992 -0.612500012
vn -0.719299972 0.385899991 -0.577600002
vn -0.715499997 0.32949999 -0.61589998
vn -0.715499997 0.388000011 -0.580900013
vn -0.719299972 0.265899986 -0.641700029
vn -0.715499997 0.267399997 -0.645299971
vn -0.719299972 0.440400004 -0.537199974
vn -0.831099987 0.352499992 -0.430099994
vn -0.715499997 0.442900002 -0.540199995
vn -0.97329998 0.145500004 -0.177399993
vn -0.963199973 -0.170399994 0.207900003
vn -0.83099997 0.108499996 -0.54549998
vn -0.97329998 0.0447999984 -0.224999994
vn -0.97329998 0.0226000007 -0.228300005
vn -0.83099997 0.0548 -0.55339998
vn -0.97329998 0 -0.229399994
vn -0.831099987 0 -0.556100011
vn -0.963199973 -0.0524000004 0.263599992
vn -0.963199973 -0.0264999997 0.267399997
vn -0.963199973 0 0.26879999
vn -0.719299972 0.068400003 -0.691200018
vn -0.719299972 0.135499999 -0.681299984
vn -0.715499997 0.0688000023 -0.695200026
vn -0.715499997 0.136199996 -0.685100019
vn -0.719399989 0 -0.694599986
vn -0.715499997 0 -0.698499978
vn -0.719299972 0.201299995 -0.664799988
vn -0.83099997 0.161200002 -0.532299995
vn -0.715499997 0.202500001 -0.668600023
vn -0.97329998 0.0665000007 -0.219600007
vn -0.963199973 -0.0777999982 0.257200003
vn -0.83099997 -0.108499996 -0.54549998
vn -0.97329998 -0.0447000004 -0.224999994
vn -0.97329998 -0.0665000007 -0.219600007
vn -0.83099997 -0.161200002 -0.532299995
vn -0.97329998 -0.0878000036 -0.211999997
vn -0.831099987 -0.212799996 -0.513700008
vn -0.963199973 0.0524000004 0.263599992
vn -0.963199973 0.0778999999 0.257200003
vn -0.963199973 0.102799997 0.248400003
vn -0.719299972 -0.201299995 -0.664799988
vn -0.719299972 -0.135499999 -0.681299984
vn -0.715499997 -0.202399999 -0.668600023
vn -0.715499997 -0.136299998 -0.685199976
vn -0.719299972 -0.265799999 -0.641700029
vn -0.715499997 -0.26730001 -0.645399988
vn -0.719299972 -0.068400003 -0.691299975
vn -0.83099997 -0.0548 -0.553499997
vn -0.715499997 -0.0688000023 -0.695200026
vn -0.97329998 -0.0226000007 -0.228300005
vn -0.963199973 0.0264999997 0.267399997
vn -0.83099997 -0.308999985 -0.462399989
vn -0.97329998 -0.127399996 -0.190699995
vn -0.97329998 -0.145500004 -0.177399993
vn -0.831099987 -0.352499992 -0.430099994
vn -0.97329998 -0.162200004 -0.162200004
vn -0.831099987 -0.393099993 -0.39320001
vn -0.963199973 0.149399996 0.223499998
vn -0.963199973 0.170399994 0.207900003
vn -0.963199973 0.190099999 0.190099999
vn -0.719299972 -0.440400004 -0.537199974
vn -0.719299972 -0.385899991 -0.577600002
vn -0.715499997 -0.442900002 -0.540199995
vn -0.715499997 -0.388099998 -0.580900013
vn -0.719399989 -0.4912 -0.4912
vn -0.715499997 -0.493900001 -0.493999988
vn -0.719299972 -0.327800006 -0.612399995
vn -0.831099987 -0.262400001 -0.4903
vn -0.715499997 -0.329600006 -0.61589998
vn -0.97329998 -0.108199999 -0.202299997
vn -0.963199973 0.126699999 0.236900002
vn -0.83099997 -0.462399989 -0.308999985
vn -0.97329998 -0.190699995 -0.127399996
vn -0.973399997 -0.202099994 -0.108199999
vn -0.83099997 -0.490399987 -0.262400001
vn -0.973399997 -0.211799994 -0.0877000019
vn -0.831099987 -0.513800025 -0.212799996
vn -0.963199973 0.223499998 0.149299994
vn -0.963199973 0.237100005 0.126800001
vn -0.963100016 0.248500004 0.102899998
vn -0.719299972 -0.612500012 -0.327699989
vn -0.719299972 -0.577600002 -0.386000007
vn -0.715499997 -0.61589998 -0.329600006
vn -0.715499997 -0.580799997 -0.388099998
vn -0.719399989 -0.641700029 -0.265799999
vn -0.715600014 -0.645299971 -0.26730001
vn -0.719399989 -0.537100017 -0.440400004
vn -0.83099997 -0.430099994 -0.352600008
vn -0.715499997 -0.540199995 -0.442900002
vn -0.97329998 -0.177499995 -0.145500004
vn -0.963199973 0.207800001 0.170399994
vn -0.83099997 -0.54549998 -0.108499996
vn -0.97329998 -0.224999994 -0.0447000004
vn -0.97329998 -0.228300005 -0.0226000007
vn -0.83099997 -0.553499997 -0.0548
vn -0.97329998 -0.229399994 0
vn -0.83099997 -0.556100011 0
vn -0.963199973 0.263599992 0.0524000004
vn -0.963199973 0.267500013 0.0264999997
vn -0.963100016 0.268999994 0
vn -0.719299972 -0.691299975 -0.068400003
vn -0.719299972 -0.681299984 -0.135499999
vn -0.715499997 -0.695200026 -0.0688000023
vn -0.715399981 -0.685299993 -0.136299998
vn -0.719399989 -0.694599986 0
vn -0.715600014 -0.698499978 0
vn -0.719299972 -0.664799988 -0.201299995
vn -0.83099997 -0.532299995 -0.161200002
vn -0.715499997 -0.668600023 -0.202500001
vn -0.97329998 -0.219500005 -0.0665000007
vn -0.963199973 0.257299989 0.0778999999
vn -0.83099997 -0.54549998 0.108499996
vn -0.97329998 -0.224999994 0.0447000004
vn -0.97329998 -0.219600007 0.0665000007
vn -0.83099997 -0.532299995 0.161200002
vn -0.97329998 -0.211999997 0.0878000036
vn -0.83099997 -0.513800025 0.212799996
vn -0.963199973 0.263599992 -0.0524000004
vn -0.963199973 0.257299989 -0.0778999999
vn -0.963100016 0.248500004 -0.102899998
vn -0.719299972 -0.664799988 0.201299995
vn -0.719299972 -0.681299984 0.135499999
vn -0.715499997 -0.668600023 0.202399999
vn -0.715499997 -0.685100019 0.136299998
vn -0.719299972 -0.641799986 0.265799999
vn -0.715399981 -0.645500004 0.26730001
vn -0.719299972 -0.691299975 0.068400003
vn -0.83099997 -0.553499997 0.0548
vn -0.715499997 -0.695200026 0.0688000023
vn -0.97329998 -0.228300005 0.0226000007
vn -0.963199973 0.267500013 -0.0264999997
vn -0.83099997 -0.462500006 0.308999985
vn -0.97329998 -0.190799996 0.127399996
vn -0.97329998 -0.177499995 0.145500004
vn -0.83099997 -0.430099994 0.352600008
vn -0.97329998 -0.162300006 0.162300006
vn -0.83099997 -0.393299997 0.393299997
vn -0.963199973 0.223499998 -0.149399996
vn -0.963199973 0.207900003 -0.170399994
vn -0.963100016 0.190300003 -0.190200001
vn -0.719299972 -0.537199974 0.440400004
vn -0.719299972 -0.577600002 0.385899991
vn -0.715399981 -0.540300012 0.442900002
vn -0.715399981 -0.58099997 0.388099998
vn -0.719299972 -0.4912 0.4912
vn -0.715499997 -0.493900001 0.493999988
vn -0.719299972 -0.612500012 0.327699989
vn -0.83099997 -0.490399987 0.262400001
vn -0.715499997 -0.615999997 0.32949999
vn -0.97329998 -0.202299997 0.108199999
vn -0.963199973 0.237000003 -0.126900002
vn -0.83099997 -0.308999985 0.462500006
vn -0.97329998 -0.127399996 0.190699995
vn -0.97329998 -0.1083 0.202399999
vn -0.83099997 -0.262400001 0.490399987
vn -0.97329998 -0.0878000036 0.211999997
vn -0.83099997 -0.212799996 0.513800025
vn -0.963100016 0.149399996 -0.2236
vn -0.963199973 0.126900002 -0.237000003
vn -0.963100016 0.102899998 -0.248500004
vn -0.719299972 -0.327800006 0.612500012
vn -0.719299972 -0.385899991 0.577600002
vn -0.715499997 -0.32949999 0.615999997
vn -0.715499997 -0.388000011 0.580900013
vn -0.719299972 -0.265899986 0.641799986
vn -0.715499997 -0.26730001 0.645399988
vn -0.719299972 -0.440499991 0.537199974
vn -0.83099997 -0.352699995 0.430099994
vn -0.715499997 -0.442799985 0.540300012
vn -0.97329998 -0.145500004 0.177399993
vn -0.963100016 0.170499995 -0.208000004
vn -0.83099997 -0.108499996 0.54549998
vn -0.97329998 -0.0447000004 0.224999994
vn -0.97329998 -0.0226000007 0.228400007
vn -0.83099997 -0.0548 0.553499997
vn -0.963100016 0.0524999984 -0.263700008
vn -0.963100016 0.0264999997 -0.2676
vn -0.719299972 -0.068400003 0.691299975
vn -0.719299972 -0.135499999 0.681400001
vn -0.715499997 -0.0688000023 0.695200026
vn -0.715499997 -0.136299998 0.685199976
vn -0.719299972 -0.201299995 0.664900005
vn -0.83099997 -0.161200002 0.532400012
vn -0.715499997 -0.202500001 0.668600023
vn -0.97329998 -0.0665000007 0.219600007
vn -0.963100016 0.0778999999 -0.257400006
vn -0.718200028 0.135700002 0.682399988
vn -0.881500006 0.0921000019 0.463
vn -0.881600022 0.136700004 0.451799989
vn -0.718299985 0.201700002 0.665899992
vn -0.881600022 0.180500001 0.43599999
vn -0.718400002 0.266200006 0.642700016
vn -0.624599993 0.226400003 0.747399986
vn -0.62470001 0.152400002 0.765799999
vn -0.603799999 0.231000006 0.762899995
vn -0.603799999 0.155499995 0.781799972
vn -0.62470001 0.298799992 0.721499979
vn -0.603900015 0.305000007 0.736400008
vn -0.62470001 0.0768999979 0.77700001
vn -0.718299985 0.0684999973 0.692300022
vn -0.62470001 0 0.780799985
vn -0.718299985 0 0.69569999
vn -0.603799999 0.0785000026 0.793200016
vn -0.603900015 0 0.797100008
vn -0.881500006 0.0465000011 0.469799995
vn -0.881600022 0 0.471899986
vn -0.682600021 0.1426 0.716700017
vn -0.623399973 0.152500004 0.766799986
vn -0.62349999 0.226600006 0.748300016
vn -0.682600021 0.211799994 0.699400008
vn -0.62349999 0.299199998 0.722299993
vn -0.682600021 0.279599994 0.675100029
vn -0.793600023 0.176300004 0.582300007
vn -0.793600023 0.118699998 0.596700013
vn -0.793500006 0.232800007 0.56220001
vn -0.793600023 0.0599000007 0.605499983
vn -0.682600021 0.0719999969 0.727199972
vn -0.793500006 0 0.608500004
vn -0.682600021 0 0.730799973
vn -0.62349999 0.0769999996 0.777999997
vn -0.62349999 0 0.781799972
vn -0.718299985 0.386500001 0.578499973
vn -0.881500006 0.262300014 0.392500013
vn -0.881500006 0.299400002 0.364899993
vn -0.718400002 0.441100001 0.537899971
vn -0.881600022 0.333900005 0.333700001
vn -0.718400002 0.49180001 0.491899997
vn -0.624599993 0.495099992 0.603900015
vn -0.624599993 0.433899999 0.649299979
vn -0.603799999 0.505400002 0.616400003
vn -0.603799999 0.442799985 0.662800014
vn -0.624599993 0.552200019 0.552200019
vn -0.603799999 0.563600004 0.563600004
vn -0.624599993 0.368400007 0.688499987
vn -0.718299985 0.328200012 0.613399982
vn -0.603799999 0.376100004 0.702799976
vn -0.881600022 0.222800002 0.416200012
vn -0.682600021 0.405900002 0.607599974
vn -0.62349999 0.434300005 0.650099993
vn -0.62349999 0.495700002 0.604600012
vn -0.682600021 0.46329999 0.565100014
vn -0.62349999 0.5528 0.5528
vn -0.682600021 0.516700029 0.516700029
vn -0.793500006 0.385800004 0.470499992
vn -0.793600023 0.338 0.505900025
vn -0.793500006 0.430299997 0.430299997
vn -0.793600023 0.287 0.536499977
vn -0.682600021 0.344700009 0.644299984
vn -0.62349999 0.368800014 0.689300001
vn -0.718299985 0.578400016 0.386500001
vn -0.881600022 0.39230001 0.262300014
vn -0.881600022 0.416000009 0.2227
vn -0.718400002 0.613200009 0.328299999
vn -0.881600022 0.435900003 0.180600002
vn -0.718299985 0.642700016 0.266200006
vn -0.624599993 0.688499987 0.368400007
vn -0.624499977 0.649399996 0.433800012
vn -0.603699982 0.702799976 0.376100004
vn -0.603699982 0.662800014 0.442900002
vn -0.62470001 0.721400023 0.298900008
vn -0.603799999 0.736400008 0.305000007
vn -0.624599993 0.603900015 0.495099992
vn -0.718299985 0.537899971 0.441100001
vn -0.603799999 0.616400003 0.505400002
vn -0.881600022 0.36500001 0.299199998
vn -0.682600021 0.607599974 0.405999988
vn -0.623399973 0.650099993 0.434399992
vn -0.623399973 0.689400017 0.368900001
vn -0.682600021 0.644299984 0.344799995
vn -0.623399973 0.722299993 0.299199998
vn -0.682600021 0.675199986 0.279599994
vn -0.793600023 0.53640002 0.287099987
vn -0.793600023 0.505800009 0.338
vn -0.793600023 0.562099993 0.232800007
vn -0.793600023 0.470499992 0.385800004
vn -0.682600021 0.565100014 0.46329999
vn -0.62349999 0.604600012 0.495700002
vn -0.718299985 0.682399988 0.135700002
vn -0.881699979 0.462700009 0.0921000019
vn -0.881699979 0.469500005 0.0465000011
vn -0.718299985 0.692300022 0.0684999973
vn -0.881600022 0.472000003 0
vn -0.718299985 0.69569999 0
vn -0.624499977 0.777199984 0.0768999979
vn -0.624499977 0.765999973 0.1523
vn -0.603699982 0.793299973 0.0785000026
vn -0.603699982 0.781799972 0.155499995
vn -0.624499977 0.781000018 0
vn -0.603699982 0.797200024 0
vn -0.624599993 0.747399986 0.226300001
vn -0.718200028 0.665899992 0.2016
vn -0.603799999 0.762899995 0.231000006
vn -0.881600022 0.451700002 0.136800006
vn -0.682500005 0.716799974 0.1426
vn -0.623399973 0.766900003 0.152500004
vn -0.623399973 0.778100014 0.0769999996
vn -0.682500005 0.727299988 0.0719999969
vn -0.623399973 0.781899989 0
vn -0.682500005 0.73089999 0
vn -0.793500006 0.605499983 0.0599000007
vn -0.793600023 0.596700013 0.118699998
vn -0.79339999 0.60860002 0
vn -0.793600023 0.582400024 0.176300004
vn -0.682600021 0.699400008 0.211799994
vn -0.623399973 0.748300016 0.226600006
vn -0.718200028 0.682500005 -0.135700002
vn -0.881399989 0.46329999 -0.0921000019
vn -0.881500006 0.451900005 -0.136800006
vn -0.718100011 0.666000009 -0.2016
vn -0.881600022 0.43599999 -0.180600002
vn -0.718299985 0.642799973 -0.266200006
vn -0.624499977 0.747500002 -0.226400003
vn -0.624499977 0.765999973 -0.1523
vn -0.603699982 0.763000011 -0.231000006
vn -0.603699982 0.781899989 -0.155499995
vn -0.624599993 0.721499979 -0.298900008
vn -0.603699982 0.736500025 -0.305099994
vn -0.624599993 0.777100027 -0.0768999979
vn -0.718299985 0.692300022 -0.0684999973
vn -0.603699982 0.793299973 -0.0785000026
vn -0.881500006 0.469900012 -0.0465000011
vn -0.682500005 0.716799974 -0.1426
vn -0.623300016 0.766900003 -0.152500004
vn -0.623300016 0.748399973 -0.226600006
vn -0.682500005 0.699500024 -0.211799994
vn -0.623300016 0.722500026 -0.299199998
vn -0.682500005 0.675300002 -0.279700011
vn -0.793500006 0.582499981 -0.176300004
vn -0.793500006 0.596800029 -0.118699998
vn -0.79339999 0.562300026 -0.232899994
vn -0.793500006 0.605599999 -0.0599000007
vn -0.682500005 0.727299988 -0.0719999969
vn -0.623300016 0.778100014 -0.0769999996
vn -0.718200028 0.578499973 -0.386599988
vn -0.881399989 0.392699987 -0.262300014
vn -0.881500006 0.365099996 -0.299299985
vn -0.718100011 0.538200021 -0.441199988
vn -0.881600022 0.333799988 -0.333799988
vn -0.718200028 0.492000014 -0.492000014
vn -0.62440002 0.603999972 -0.495200008
vn -0.62440002 0.649399996 -0.433899999
vn -0.603600025 0.61650002 -0.505500019
vn -0.603600025 0.662899971 -0.442900002
vn -0.62440002 0.552299976 -0.552299976
vn -0.603600025 0.56370002 -0.563799977
vn -0.624499977 0.688600004 -0.368499994
vn -0.718200028 0.613499999 -0.328299999
vn -0.603699982 0.702899992 -0.376100004
vn -0.881500006 0.416299999 -0.2227
vn -0.682500005 0.60769999 -0.406100005
vn -0.623300016 0.650200009 -0.434399992
vn -0.623300016 0.604700029 -0.495799989
vn -0.682500005 0.565199971 -0.463400006
vn -0.623300016 0.552999973 -0.552900016
vn -0.682399988 0.516799986 -0.516799986
vn -0.79339999 0.470699996 -0.385800004
vn -0.793500006 0.505999982 -0.338099986
vn -0.79339999 0.430500001 -0.430400014
vn -0.793500006 0.536499977 -0.287099987
vn -0.682500005 0.644400001 -0.344900012
vn -0.623199999 0.689499974 -0.368900001
vn -0.718100011 0.386700004 -0.578599989
vn -0.881600022 0.262100011 -0.3926
vn -0.881500006 0.222599998 -0.416299999
vn -0.718100011 0.328399986 -0.613600016
vn -0.881600022 0.180600002 -0.436100006
vn -0.718100011 0.266299993 -0.64289999
vn -0.624300003 0.368600011 -0.68870002
vn -0.624300003 0.434100002 -0.649399996
vn -0.603600025 0.376100004 -0.703000009
vn -0.603500009 0.442900002 -0.662999988
vn -0.62440002 0.298900008 -0.721700013
vn -0.603600025 0.305099994 -0.736599982
vn -0.624300003 0.495299995 -0.603999972
vn -0.718200028 0.441100001 -0.538100004
vn -0.603500009 0.505500019 -0.61650002
vn -0.881500006 0.299299985 -0.36500001
vn -0.682399988 0.406100005 -0.607800007
vn -0.623199999 0.434500009 -0.650200009
vn -0.623199999 0.368999988 -0.689499974
vn -0.682399988 0.344900012 -0.644500017
vn -0.623199999 0.299299985 -0.722500026
vn -0.682399988 0.279700011 -0.675300002
vn -0.79339999 0.287200004 -0.536599994
vn -0.793500006 0.338099986 -0.505999982
vn -0.793299973 0.232999995 -0.562399983
vn -0.79339999 0.385899991 -0.470699996
vn -0.682399988 0.463400006 -0.565199971
vn -0.623199999 0.495799989 -0.604700029
vn -0.718100011 0.135800004 -0.682500005
vn -0.881399989 0.0922000036 -0.463099986
vn -0.881500006 0.0465000011 -0.469799995
vn -0.718200028 0.0684999973 -0.692499995
vn -0.881600022 0 -0.472000003
vn -0.718200028 0 -0.695800006
vn -0.62440002 0.0768999979 -0.7773
vn -0.62440002 0.152400002 -0.766099989
vn -0.603500009 0.0785000026 -0.793500006
vn -0.603500009 0.155499995 -0.782000005
vn -0.62440002 0 -0.781099975
vn -0.603500009 0 -0.797399998
vn -0.62440002 0.226400003 -0.747600019
vn -0.718200028 0.201700002 -0.666000009
vn -0.603500009 0.231099993 -0.763100028
vn -0.881500006 0.136899993 -0.451900005
vn -0.682299972 0.1426 -0.717000008
vn -0.623099983 0.152600005 -0.767099977
vn -0.623099983 0.0769999996 -0.778299987
vn -0.682299972 0.0719999969 -0.727500021
vn -0.623199999 0 -0.782100022
vn -0.682299972 0 -0.731000006
vn -0.79339999 0.0599999987 -0.605799973
vn -0.79339999 0.118699998 -0.597000003
vn -0.793299973 0 -0.608799994
vn -0.79339999 0.176400006 -0.582599998
vn -0.682299972 0.211899996 -0.699599981
vn -0.623199999 0.226600006 -0.74849999
vn -0.718100011 -0.135800004 -0.682500005
vn -0.881500006 -0.0921000019 -0.463099986
vn -0.881500006 -0.136899993 -0.451900005
vn -0.718100011 -0.201800004 -0.666000009
vn -0.881500006 -0.180800006 -0.436100006
vn -0.718100011 -0.266400009 -0.64289999
vn -0.62440002 -0.226400003 -0.747600019
vn -0.624300003 -0.152400002 -0.766099989
vn -0.603500009 -0.231099993 -0.763100028
vn -0.603500009 -0.155499995 -0.782000005
vn -0.624300003 -0.298900008 -0.721700013
vn -0.603500009 -0.305099994 -0.736599982
vn -0.624300003 -0.0768999979 -0.777400017
vn -0.718100011 -0.0684999973 -0.692499995
vn -0.603500009 -0.0785000026 -0.793500006
vn -0.881500006 -0.0465000011 -0.469799995
vn -0.682299972 -0.1426 -0.717000008
vn -0.623099983 -0.152600005 -0.767099977
vn -0.623099983 -0.226699993 -0.74849999
vn -0.682299972 -0.211899996 -0.699599981
vn -0.623199999 -0.299299985 -0.722500026
vn -0.682399988 -0.279700011 -0.675300002
vn -0.79339999 -0.176400006 -0.582599998
vn -0.79339999 -0.118699998 -0.597000003
vn -0.793299973 -0.232999995 -0.562399983
vn -0.79339999 -0.0599999987 -0.605799973
vn -0.682299972 -0.0719999969 -0.727500021
vn -0.623199999 -0.0769999996 -0.778299987
vn -0.718100011 -0.386599988 -0.578700006
vn -0.881500006 -0.262199998 -0.392699987
vn -0.881500006 -0.299400002 -0.365099996
vn -0.718200028 -0.441199988 -0.538100004
vn -0.881600022 -0.333799988 -0.333799988
vn -0.718200028 -0.492000014 -0.492000014
vn -0.62440002 -0.495200008 -0.603999972
vn -0.62440002 -0.433899999 -0.649500012
vn -0.603600025 -0.505500019 -0.616599977
vn -0.603500009 -0.442999989 -0.662999988
vn -0.62440002 -0.552200019 -0.552299976
vn -0.603600025 -0.56370002 -0.563799977
vn -0.624300003 -0.368499994 -0.68870002
vn -0.718100011 -0.328299999 -0.613600016
vn -0.603500009 -0.376199991 -0.703000009
vn -0.881500006 -0.2227 -0.416299999
vn -0.682299972 -0.406100005 -0.607800007
vn -0.623199999 -0.434500009 -0.650300026
vn -0.623199999 -0.495799989 -0.604799986
vn -0.682399988 -0.463499993 -0.565299988
vn -0.623199999 -0.552999973 -0.552900016
vn -0.682399988 -0.516900003 -0.516900003
vn -0.79339999 -0.385899991 -0.470699996
vn -0.79339999 -0.338200003 -0.506099999
vn -0.793299973 -0.430500001 -0.430400014
vn -0.79339999 -0.287200004 -0.53670001
vn -0.682299972 -0.344900012 -0.644500017
vn -0.623199999 -0.368999988 -0.689499974
vn -0.682399988 -0.607800007 -0.406100005
vn -0.793500006 -0.505999982 -0.338099986
vn -0.79339999 -0.470699996 -0.385899991
vn -0.682399988 -0.565199971 -0.463400006
vn -0.623199999 -0.604700029 -0.495799989
vn -0.623199999 -0.650200009 -0.434500009
vn -0.603600025 -0.616599977 -0.505500019
vn -0.603600025 -0.662899971 -0.442900002
vn -0.623300016 -0.689400017 -0.368999988
vn -0.682399988 -0.644400001 -0.344900012
vn -0.623300016 -0.72240001 -0.299199998
vn -0.682500005 -0.675300002 -0.279700011
vn -0.603600025 -0.702899992 -0.376199991
vn -0.603600025 -0.736500025 -0.305099994
vn -0.793500006 -0.536599994 -0.287200004
vn -0.79339999 -0.562300026 -0.232899994
vn -0.718200028 -0.578499973 -0.386599988
vn -0.624300003 -0.649600029 -0.433899999
vn -0.624300003 -0.604099989 -0.495200008
vn -0.718200028 -0.537999988 -0.441199988
vn -0.881600022 -0.36500001 -0.299299985
vn -0.881500006 -0.392500013 -0.262300014
vn -0.881600022 -0.416099995 -0.222800002
vn -0.718200028 -0.613499999 -0.328299999
vn -0.881600022 -0.43599999 -0.180600002
vn -0.718200028 -0.642799973 -0.266200006
vn -0.62440002 -0.68870002 -0.368499994
vn -0.624499977 -0.721499979 -0.298900008
vn -0.718299985 -0.682299972 -0.135800004
vn -0.881500006 -0.463099986 -0.0921000019
vn -0.881600022 -0.469700009 -0.0465000011
vn -0.718400002 -0.692200005 -0.0684999973
vn -0.881600022 -0.472000003 0
vn -0.718500018 -0.695500016 0
vn -0.624599993 -0.777100027 -0.0768999979
vn -0.624499977 -0.765999973 -0.152400002
vn -0.603600025 -0.79339999 -0.0785000026
vn -0.603600025 -0.781899989 -0.155499995
vn -0.624599993 -0.780900002 0
vn -0.603699982 -0.797200024 0
vn -0.624499977 -0.747500002 -0.226400003
vn -0.718200028 -0.665899992 -0.201700002
vn -0.603600025 -0.763100028 -0.231099993
vn -0.881500006 -0.451900005 -0.136800006
vn -0.682500005 -0.716799974 -0.1426
vn -0.623300016 -0.766900003 -0.152600005
vn -0.623300016 -0.778199971 -0.0769999996
vn -0.682500005 -0.727299988 -0.0719999969
vn -0.623300016 -0.781899989 0
vn -0.682500005 -0.73089999 0
vn -0.793500006 -0.605599999 -0.0599000007
vn -0.793500006 -0.596899986 -0.118699998
vn -0.793500006 -0.60860002 0
vn -0.79339999 -0.582499981 -0.176400006
vn -0.682399988 -0.699500024 -0.211799994
vn -0.623300016 -0.748399973 -0.226600006
vn -0.718100011 -0.682600021 0.135700002
vn -0.881399989 -0.463200003 0.0921000019
vn -0.881500006 -0.451900005 0.136800006
vn -0.718200028 -0.666000009 0.2016
vn -0.881699979 -0.435799986 0.180600002
vn -0.718200028 -0.642799973 0.266200006
vn -0.624599993 -0.747399986 0.226300001
vn -0.624499977 -0.765999973 0.1523
vn -0.603699982 -0.763000011 0.231000006
vn -0.603699982 -0.781899989 0.155499995
vn -0.624599993 -0.721499979 0.298799992
vn -0.603699982 -0.736500025 0.305099994
vn -0.624499977 -0.777199984 0.0768999979
vn -0.718299985 -0.692399979 0.0684999973
vn -0.603699982 -0.79339999 0.0785000026
vn -0.881500006 -0.469900012 0.0465000011
vn -0.682500005 -0.716799974 0.1426
vn -0.623300016 -0.766900003 0.152500004
vn -0.623399973 -0.748300016 0.226600006
vn -0.682500005 -0.699500024 0.211799994
vn -0.623399973 -0.722299993 0.299199998
vn -0.682500005 -0.675199986 0.279700011
vn -0.793500006 -0.582400024 0.176300004
vn -0.793500006 -0.596800029 0.118699998
vn -0.793500006 -0.562300026 0.232899994
vn -0.793500006 -0.605599999 0.0599000007
vn -0.682500005 -0.727299988 0.0719999969
vn -0.623300016 -0.778100014 0.0769999996
vn -0.718299985 -0.578400016 0.386599988
vn -0.881600022 -0.392399997 0.262300014
vn -0.881500006 -0.365200013 0.299199998
vn -0.718299985 -0.537999988 0.441100001
vn -0.881500006 -0.334100008 0.333700001
vn -0.718299985 -0.492000014 0.491899997
vn -0.624599993 -0.603900015 0.495099992
vn -0.624499977 -0.649399996 0.433899999
vn -0.603699982 -0.616400003 0.505400002
vn -0.603699982 -0.662800014 0.442900002
vn -0.62470001 -0.552100003 0.552200019
vn -0.603799999 -0.563600004 0.563600004
vn -0.624499977 -0.688600004 0.368400007
vn -0.718299985 -0.613399982 0.328299999
vn -0.603699982 -0.702799976 0.376100004
vn -0.881600022 -0.416000009 0.222800002
vn -0.682500005 -0.607599974 0.405999988
vn -0.623399973 -0.650099993 0.434399992
vn -0.623399973 -0.604600012 0.495700002
vn -0.682600021 -0.565100014 0.463400006
vn -0.62349999 -0.5528 0.5528
vn -0.682600021 -0.516700029 0.516700029
vn -0.793500006 -0.470600009 0.385800004
vn -0.793600023 -0.505900025 0.338
vn -0.793500006 -0.430299997 0.430299997
vn -0.793500006 -0.536499977 0.287099987
vn -0.682500005 -0.644299984 0.344799995
vn -0.623399973 -0.689400017 0.368900001
vn -0.718299985 -0.386500001 0.578499973
vn -0.881500006 -0.262199998 0.392500013
vn -0.881600022 -0.2227 0.416200012
vn -0.718299985 -0.328200012 0.613399982
vn -0.881600022 -0.180500001 0.43599999
vn -0.718400002 -0.266200006 0.642700016
vn -0.624599993 -0.368400007 0.688499987
vn -0.624599993 -0.433899999 0.649299979
vn -0.603699982 -0.376100004 0.702799976
vn -0.603699982 -0.442900002 0.662800014
vn -0.624599993 -0.298799992 0.721499979
vn -0.603799999 -0.305099994 0.736400008
vn -0.624599993 -0.495000005 0.603900015
vn -0.718299985 -0.441100001 0.537999988
vn -0.603799999 -0.505299985 0.616400003
vn -0.881500006 -0.299400002 0.36500001
vn -0.682600021 -0.405999988 0.607599974
vn -0.62349999 -0.434300005 0.650099993
vn -0.62349999 -0.368900001 0.689300001
vn -0.682600021 -0.344799995 0.644299984
vn -0.62349999 -0.299199998 0.722299993
vn -0.682600021 -0.279599994 0.675100029
vn -0.793600023 -0.287099987 0.536499977
vn -0.793600023 -0.338 0.505900025
vn -0.793500006 -0.232899994 0.56220001
vn -0.793500006 -0.385800004 0.470600009
vn -0.682600021 -0.46329999 0.565100014
vn -0.62349999 -0.495700002 0.604600012
vn -0.718200028 -0.135700002 0.682399988
vn -0.881500006 -0.0921000019 0.463
vn -0.881600022 -0.0465000011 0.469700009
vn -0.718299985 -0.0684999973 0.692300022
vn -0.62470001 -0.0768999979 0.777100027
vn -0.624599993 -0.1523 0.765900016
vn -0.603799999 -0.0785000026 0.793200016
vn -0.603799999 -0.155499995 0.781799972
vn -0.624599993 -0.226400003 0.747399986
vn -0.718299985 -0.201700002 0.665899992
vn -0.603799999 -0.231000006 0.762799978
vn -0.881600022 -0.136700004 0.451799989
vn -0.682600021 -0.1426 0.716700017
vn -0.623399973 -0.152500004 0.766799986
vn -0.62349999 -0.0769999996 0.777999997
vn -0.682600021 -0.0719999969 0.727199972
vn -0.793600023 -0.0599000007 0.605499983
vn -0.793600023 -0.118699998 0.596700013
vn -0.793600023 -0.176300004 0.582300007
vn -0.682600021 -0.211799994 0.699400008
vn -0.623399973 -0.226600006 0.748300016
vn -0.773999989 -0.351799995 -0.52640003
vn -0.773800015 -0.351900011 -0.526600003
vn -0.773800015 -0.298900008 -0.558399975
vn -0.773999989 -0.298799992 -0.558200002
vn -0.773899972 -0.242400005 -0.585099995
vn -0.773999989 -0.242300004 -0.584900022
vn -0.773800015 -0.351900011 -0.526600003
vn -0.773800015 -0.298900008 -0.558399975
vn -0.773800015 -0.242400005 -0.585200012
vn -0.773999989 -0.298700005 -0.558200002
vn -0.773999989 -0.351700008 -0.52640003
vn -0.773899972 -0.298799992 -0.558300018
vn -0.773899972 -0.351799995 -0.526600003
vn -0.773999989 -0.242300004 -0.584900022
vn -0.773899972 -0.242300004 -0.584999979
vn -0.773999989 -0.4014 -0.489600003
vn -0.773999989 -0.401499987 -0.489600003
vn -0.773999989 -0.447699994 -0.447600007
vn -0.773999989 -0.44780001 -0.447600007
vn -0.773899972 -0.4014 -0.48969999
vn -0.773999989 -0.447699994 -0.44780001
vn -0.773899972 -0.401499987 -0.48969999
vn -0.773800015 -0.401600003 -0.489800006
vn -0.773899972 -0.44780001 -0.44780001
vn -0.773800015 -0.44780001 -0.447899997
vn -0.99849999 -0.0300999992 -0.0452000014
vn -0.850899994 -0.291700006 -0.436800003
vn -0.850899994 -0.247700006 -0.463200003
vn -0.99849999 -0.0253999997 -0.0478999987
vn -0.850899994 -0.200900003 -0.485199988
vn -0.99849999 -0.0206000004 -0.0500000007
vn -0.869400024 0.232999995 0.435600013
vn -0.869499981 0.274300009 0.410699993
vn -0.869400024 0.188999996 0.456499994
vn -0.869499981 0.313199997 0.381999999
vn -0.99849999 -0.0344000012 -0.0419999994
vn -0.869400024 0.349299997 0.349299997
vn -0.99849999 -0.0381999984 -0.0383000001
vn -0.850899994 -0.333000004 -0.406300008
vn -0.850899994 -0.371399999 -0.371399999
vn -0.773999989 -0.52640003 -0.351799995
vn -0.773899972 -0.526499987 -0.351900011
vn -0.773899972 -0.489800006 -0.401499987
vn -0.773999989 -0.489600003 -0.4014
vn -0.773800015 -0.526600003 -0.351900011
vn -0.773800015 -0.489800006 -0.401600003
vn -0.773999989 -0.489600003 -0.4014
vn -0.773999989 -0.52640003 -0.351700008
vn -0.773899972 -0.48969999 -0.401499987
vn -0.773899972 -0.52640003 -0.351799995
vn -0.773999989 -0.558200002 -0.298700005
vn -0.773899972 -0.558300018 -0.298700005
vn -0.773999989 -0.584999979 -0.242300004
vn -0.773899972 -0.584999979 -0.242300004
vn -0.773999989 -0.558200002 -0.298799992
vn -0.773899972 -0.584999979 -0.242300004
vn -0.773899972 -0.558399975 -0.298799992
vn -0.773899972 -0.558399975 -0.298799992
vn -0.773899972 -0.585099995 -0.242300004
vn -0.773899972 -0.585099995 -0.242400005
vn -0.99849999 -0.0452999994 -0.0302000009
vn -0.850799978 -0.43689999 -0.291900009
vn -0.850899994 -0.406300008 -0.333099991
vn -0.99849999 -0.0419000015 -0.0344999991
vn -0.869400024 0.382099986 0.313199997
vn -0.869400024 0.41080001 0.274399996
vn -0.869499981 0.435499996 0.233099997
vn -0.99849999 -0.0480999984 -0.0255999994
vn -0.869400024 0.456499994 0.188999996
vn -0.99849999 -0.0502999984 -0.0207000002
vn -0.850899994 -0.463200003 -0.247899994
vn -0.850899994 -0.485399991 -0.201000005
vn -0.773999989 -0.620999992 -0.123499997
vn -0.773800015 -0.621200025 -0.123499997
vn -0.773899972 -0.606100023 -0.183500007
vn -0.773999989 -0.60589999 -0.183500007
vn -0.773800015 -0.621200025 -0.123499997
vn -0.773800015 -0.60619998 -0.183500007
vn -0.773999989 -0.60589999 -0.183500007
vn -0.774100006 -0.620899975 -0.123499997
vn -0.773899972 -0.606100023 -0.183500007
vn -0.773899972 -0.621100008 -0.123499997
vn -0.773999989 -0.630100012 -0.0623000003
vn -0.773999989 -0.630100012 -0.0623000003
vn -0.773999989 -0.633099973 0
vn -0.773999989 -0.63319999 0
vn -0.773899972 -0.630200028 -0.0623000003
vn -0.773999989 -0.633099973 0
vn -0.773800015 -0.630299985 -0.0623999983
vn -0.773800015 -0.630299985 -0.0623999983
vn -0.773800015 -0.633400023 0
vn -0.773800015 -0.633400023 0
vn -0.99849999 -0.0533000007 -0.0105999997
vn -0.850899994 -0.515299976 -0.102499999
vn -0.850799978 -0.502900004 -0.152199998
vn -0.99849999 -0.0522000007 -0.0156999994
vn -0.869400024 0.472900003 0.143099993
vn -0.869499981 0.484400004 0.0962999985
vn -0.869499981 0.49149999 0.0485999994
vn -0.99849999 -0.0542000011 -0.00529999984
vn -0.869499981 0.493900001 0
vn -0.99849999 -0.0546000004 0
vn -0.850899994 -0.522800028 -0.0516999997
vn -0.850899994 -0.525300026 0
vn -0.773999989 -0.620999992 0.123499997
vn -0.773800015 -0.621200025 0.123499997
vn -0.773800015 -0.630299985 0.0623000003
vn -0.773899972 -0.630100012 0.0623000003
vn -0.773800015 -0.621200025 0.123599999
vn -0.773699999 -0.630400002 0.0623999983
vn -0.774100006 -0.629999995 0.0623000003
vn -0.773999989 -0.620999992 0.123499997
vn -0.773899972 -0.630200028 0.0623000003
vn -0.773899972 -0.621100008 0.123499997
vn -0.773999989 -0.606000006 0.183500007
vn -0.773999989 -0.606000006 0.183500007
vn -0.773999989 -0.584900022 0.242300004
vn -0.774100006 -0.584900022 0.242300004
vn -0.773999989 -0.60589999 0.183500007
vn -0.773999989 -0.584999979 0.242300004
vn -0.773899972 -0.606100023 0.183500007
vn -0.773800015 -0.60619998 0.183500007
vn -0.773899972 -0.585099995 0.242300004
vn -0.773800015 -0.585099995 0.242400005
vn -0.99849999 -0.0533000007 0.0105999997
vn -0.850799978 -0.515399992 0.102499999
vn -0.850799978 -0.522800028 0.0516999997
vn -0.99849999 -0.0540999994 0.00529999984
vn -0.869400024 0.491600007 -0.0485999994
vn -0.869400024 0.484600008 -0.0962999985
vn -0.869499981 0.4727 -0.143199995
vn -0.99849999 -0.052099999 0.0156999994
vn -0.869400024 0.456400007 -0.189099997
vn -0.99849999 -0.0500000007 0.0207000002
vn -0.850899994 -0.502799988 0.1523
vn -0.851000011 -0.485199988 0.201000005
vn -0.773999989 -0.526499987 0.351799995
vn -0.773800015 -0.52670002 0.351799995
vn -0.773899972 -0.558399975 0.298799992
vn -0.773999989 -0.558200002 0.298700005
vn -0.773800015 -0.52670002 0.351900011
vn -0.773800015 -0.558399975 0.298799992
vn -0.773999989 -0.558200002 0.298700005
vn -0.773999989 -0.52640003 0.351799995
vn -0.773899972 -0.558300018 0.298700005
vn -0.773899972 -0.526499987 0.351799995
vn -0.773999989 -0.489600003 0.4014
vn -0.773999989 -0.489600003 0.4014
vn -0.773999989 -0.447699994 0.447699994
vn -0.773999989 -0.447699994 0.447699994
vn -0.773899972 -0.48969999 0.401499987
vn -0.773999989 -0.447600007 0.44780001
vn -0.773800015 -0.489800006 0.401499987
vn -0.773800015 -0.489800006 0.401600003
vn -0.773899972 -0.44780001 0.44780001
vn -0.773800015 -0.44780001 0.447899997
vn -0.99849999 -0.0450000018 0.0302000009
vn -0.850799978 -0.436800003 0.291900009
vn -0.850899994 -0.463099986 0.247899994
vn -0.99849999 -0.0478999987 0.0255999994
vn -0.869400024 0.435600013 -0.233099997
vn -0.869400024 0.410899997 -0.274399996
vn -0.869400024 0.382099986 -0.313199997
vn -0.99849999 -0.0419000015 0.0344999991
vn -0.869400024 0.349400014 -0.349299997
vn -0.99849999 -0.0383000001 0.0383000001
vn -0.850799978 -0.406300008 0.333099991
vn -0.850899994 -0.371499985 0.371499985
vn -0.773999989 -0.351700008 0.52640003
vn -0.773800015 -0.351799995 0.526600003
vn -0.773800015 -0.401600003 0.489800006
vn -0.773999989 -0.4014 0.489600003
vn -0.773800015 -0.351900011 0.52670002
vn -0.773800015 -0.401600003 0.489899993
vn -0.773999989 -0.401499987 0.489600003
vn -0.773999989 -0.351799995 0.52640003
vn -0.773999989 -0.4014 0.48969999
vn -0.773899972 -0.351799995 0.526499987
vn -0.773999989 -0.298700005 0.558200002
vn -0.773999989 -0.298700005 0.558200002
vn -0.773999989 -0.242300004 0.584900022
vn -0.773999989 -0.242300004 0.584999979
vn -0.773899972 -0.298799992 0.558300018
vn -0.773899972 -0.242300004 0.584999979
vn -0.773800015 -0.298799992 0.558399975
vn -0.773800015 -0.298900008 0.558499992
vn -0.773899972 -0.242400005 0.585099995
vn -0.773800015 -0.242400005 0.585200012
vn -0.99849999 -0.0300999992 0.0452999994
vn -0.850799978 -0.291900009 0.43689999
vn -0.850799978 -0.333099991 0.406300008
vn -0.99849999 -0.0344999991 0.0421000011
vn -0.869400024 0.313300014 -0.381999999
vn -0.869400024 0.274500012 -0.410699993
vn -0.869400024 0.233199999 -0.435499996
vn -0.99849999 -0.0252999999 0.0478999987
vn -0.869400024 0.189199999 -0.456400007
vn -0.99849999 -0.0205000006 0.0500999987
vn -0.850899994 -0.247799993 0.463200003
vn -0.850899994 -0.201000005 0.485300004
vn -0.773899972 -0.123499997 0.621100008
vn -0.773899972 -0.123499997 0.621200025
vn -0.773899972 -0.183500007 0.606100023
vn -0.773899972 -0.183500007 0.606000006
vn -0.773800015 -0.123599999 0.621200025
vn -0.773800015 -0.183500007 0.60619998
vn -0.773999989 -0.183500007 0.60589999
vn -0.773999989 -0.123499997 0.620999992
vn -0.773899972 -0.183500007 0.606000006
vn -0.773999989 -0.123499997 0.620999992
vn -0.773999989 -0.0623000003 0.630100012
vn -0.773999989 -0.0623000003 0.630100012
vn -0.773999989 0 0.633099973
vn -0.773999989 0 0.633099973
vn -0.773999989 -0.0623000003 0.630100012
vn -0.773999989 0 0.63319999
vn -0.773899972 -0.0623999983 0.630299985
vn -0.773800015 -0.0623999983 0.630299985
vn -0.773899972 0 0.633300006
vn -0.773800015 0 0.633400023
vn -0.99849999 -0.0105999997 0.0533999987
vn -0.850899994 -0.102499999 0.515299976
vn -0.850899994 -0.152199998 0.502799988
vn -0.99849999 -0.0156999994 0.0520000011
vn -0.869400024 0.143199995 -0.472799987
vn -0.869499981 0.0962999985 -0.484499991
vn -0.869400024 0.0485999994 -0.491600007
vn -0.99849999 -0.00520000001 0.0540999994
vn -0.869400024 0 -0.494100004
vn -0.99849999 0 0.0540999994
vn -0.850899994 -0.0516999997 0.522700012
vn -0.850899994 0 0.525200009
vn -0.773999989 0.123499997 0.620999992
vn -0.773899972 0.123499997 0.621200025
vn -0.773899972 0.0623000003 0.630299985
vn -0.773999989 0.0623000003 0.630100012
vn -0.773800015 0.123599999 0.621200025
vn -0.773800015 0.0623999983 0.630299985
vn -0.773999989 0.0623000003 0.630100012
vn -0.773999989 0.123499997 0.620999992
vn -0.773899972 0.0623999983 0.630100012
vn -0.773899972 0.123499997 0.621100008
vn -0.773999989 0.183500007 0.60589999
vn -0.773999989 0.183500007 0.60589999
vn -0.773999989 0.242200002 0.584900022
vn -0.773999989 0.242300004 0.584900022
vn -0.773899972 0.183400005 0.606100023
vn -0.773899972 0.242300004 0.584999979
vn -0.773899972 0.183500007 0.606100023
vn -0.773800015 0.183599994 0.60619998
vn -0.773899972 0.242400005 0.585099995
vn -0.773800015 0.242400005 0.585200012
vn -0.99849999 0.0105999997 0.0533999987
vn -0.850899994 0.102499999 0.515200019
vn -0.850899994 0.0516999997 0.522700012
vn -0.99849999 0.00529999984 0.0540999994
vn -0.869400024 -0.0485999994 -0.491600007
vn -0.869400024 -0.0962999985 -0.484499991
vn -0.869400024 -0.143199995 -0.472799987
vn -0.99849999 0.0156999994 0.052099999
vn -0.869400024 -0.189199999 -0.456400007
vn -0.99849999 0.0207000002 0.0500999987
vn -0.850899994 0.1523 0.502799988
vn -0.850899994 0.201100007 0.485300004
vn -0.773999989 0.351700008 0.52640003
vn -0.773899972 0.351799995 0.526600003
vn -0.773899972 0.298799992 0.558399975
vn -0.773999989 0.298700005 0.558200002
vn -0.773800015 0.351900011 0.52670002
vn -0.773800015 0.298900008 0.558499992
vn -0.773999989 0.298700005 0.558200002
vn -0.773999989 0.351700008 0.52640003
vn -0.773899972 0.298700005 0.558300018
vn -0.773899972 0.351700008 0.526600003
vn -0.773999989 0.4014 0.489600003
vn -0.773999989 0.4014 0.489600003
vn -0.773999989 0.447699994 0.447600007
vn -0.773999989 0.447699994 0.447600007
vn -0.773899972 0.401600003 0.48969999
vn -0.773899972 0.44780001 0.447699994
vn -0.773899972 0.401499987 0.489800006
vn -0.773800015 0.401600003 0.489899993
vn -0.773899972 0.44780001 0.44780001
vn -0.773899972 0.44780001 0.447899997
vn -0.99849999 0.0302000009 0.0452999994
vn -0.850899994 0.291700006 0.43689999
vn -0.850899994 0.247799993 0.463200003
vn -0.99849999 0.0255999994 0.0480000004
vn -0.869400024 -0.233099997 -0.435499996
vn -0.869499981 -0.274399996 -0.410699993
vn -0.869499981 -0.312900007 -0.382099986
vn -0.99849999 0.0344000012 0.0421000011
vn -0.869499981 -0.34920001 -0.349400014
vn -0.99849999 0.0381999984 0.0384000018
vn -0.850899994 0.332899988 0.406300008
vn -0.850899994 0.371399999 0.371399999
vn -0.773999989 0.526499987 0.351799995
vn -0.773800015 0.52670002 0.351799995
vn -0.773899972 0.489800006 0.401499987
vn -0.773999989 0.489600003 0.4014
vn -0.773800015 0.52670002 0.351900011
vn -0.773899972 0.489800006 0.401600003
vn -0.773999989 0.489600003 0.4014
vn -0.773999989 0.52640003 0.351799995
vn -0.773999989 0.489600003 0.401499987
vn -0.773999989 0.52640003 0.351799995
vn -0.773999989 0.558200002 0.298700005
vn -0.773999989 0.558200002 0.298700005
vn -0.773999989 0.584999979 0.242300004
vn -0.774100006 0.584900022 0.242300004
vn -0.773899972 0.558300018 0.298799992
vn -0.773899972 0.585099995 0.242300004
vn -0.773899972 0.558399975 0.298799992
vn -0.773800015 0.558499992 0.298799992
vn -0.773899972 0.584999979 0.242300004
vn -0.773800015 0.585200012 0.242300004
vn -0.99849999 0.0452000014 0.0302000009
vn -0.850899994 0.436699986 0.291900009
vn -0.850799978 0.406300008 0.333099991
vn -0.99849999 0.0419999994 0.0344999991
vn -0.869400024 -0.382099986 -0.313199997
vn -0.869499981 -0.410699993 -0.274500012
vn -0.869499981 -0.435299993 -0.233099997
vn -0.99849999 0.0480999984 0.0255999994
vn -0.869300008 -0.45660001 -0.189099997
vn -0.99849999 0.0500000007 0.0207000002
vn -0.850899994 0.463200003 0.247899994
vn -0.850799978 0.485500008 0.201000005
vn -0.773999989 0.620999992 0.123499997
vn -0.773800015 0.621200025 0.123499997
vn -0.773899972 0.60619998 0.183500007
vn -0.773999989 0.606000006 0.183500007
vn -0.773800015 0.621200025 0.123599999
vn -0.773800015 0.60619998 0.183500007
vn -0.773999989 0.606000006 0.183500007
vn -0.773999989 0.620999992 0.123499997
vn -0.773899972 0.60619998 0.183500007
vn -0.773899972 0.621100008 0.123499997
vn -0.773999989 0.630100012 0.0623000003
vn -0.773999989 0.630100012 0.0623000003
vn -0.773999989 0.633099973 0
vn -0.773999989 0.633099973 0
vn -0.773899972 0.630200028 0.0623000003
vn -0.773899972 0.63319999 0
vn -0.773800015 0.630299985 0.0623000003
vn -0.773800015 0.630400002 0.0623999983
vn -0.773800015 0.633400023 0
vn -0.773800015 0.633400023 0
vn -0.99849999 0.0537 0.0105999997
vn -0.850799978 0.515399992 0.102499999
vn -0.850899994 0.502699971 0.1523
vn -0.99849999 0.0516999997 0.0157999992
vn -0.869400024 -0.472900003 -0.143099993
vn -0.869499981 -0.484400004 -0.0962999985
vn -0.869499981 -0.49149999 -0.0485999994
vn -0.99849999 0.0544000007 0.00529999984
vn -0.869499981 -0.493999988 0
vn -0.99849999 0.0544000007 0
vn -0.850799978 0.523000002 0.0516999997
vn -0.850899994 0.525300026 0
vn -0.773999989 0.620999992 -0.123499997
vn -0.773800015 0.621200025 -0.123499997
vn -0.773800015 0.630299985 -0.0623000003
vn -0.773999989 0.630100012 -0.0623000003
vn -0.773800015 0.621200025 -0.123499997
vn -0.773800015 0.630299985 -0.0623999983
vn -0.773999989 0.629999995 -0.0623000003
vn -0.774100006 0.620899975 -0.123499997
vn -0.773899972 0.630100012 -0.0623000003
vn -0.773899972 0.621100008 -0.123499997
vn -0.773999989 0.606000006 -0.183500007
vn -0.773999989 0.60589999 -0.183500007
vn -0.773999989 0.584900022 -0.242300004
vn -0.773999989 0.584900022 -0.242300004
vn -0.773899972 0.606100023 -0.183500007
vn -0.773899972 0.585200012 -0.242300004
vn -0.773899972 0.606100023 -0.183500007
vn -0.773800015 0.60619998 -0.183500007
vn -0.773899972 0.585099995 -0.242300004
vn -0.773899972 0.585099995 -0.242300004
vn -0.99849999 0.0533000007 -0.0105999997
vn -0.850899994 0.515200019 -0.102499999
vn -0.850899994 0.522800028 -0.0516999997
vn -0.99849999 0.0542000011 -0.00529999984
vn -0.869499981 -0.49149999 0.0485999994
vn -0.869499981 -0.484400004 0.0962999985
vn -0.869400024 -0.472799987 0.143099993
vn -0.99849999 0.052099999 -0.0157999992
vn -0.869400024 -0.456400007 0.188999996
vn -0.99849999 0.0500999987 -0.0208000001
vn -0.850899994 0.502799988 -0.1523
vn -0.850899994 0.485199988 -0.201000005
vn -0.773999989 0.52640003 -0.351799995
vn -0.773800015 0.526600003 -0.351799995
vn -0.773899972 0.558399975 -0.298799992
vn -0.773999989 0.558200002 -0.298700005
vn -0.773800015 0.526600003 -0.351900011
vn -0.773899972 0.558399975 -0.298799992
vn -0.773999989 0.558200002 -0.298700005
vn -0.774100006 0.52640003 -0.351700008
vn -0.773899972 0.558399975 -0.298700005
vn -0.773899972 0.526499987 -0.351799995
vn -0.774100006 0.489499986 -0.4014
vn -0.773999989 0.489600003 -0.4014
vn -0.774100006 0.447600007 -0.447600007
vn -0.773999989 0.44780001 -0.447699994
vn -0.773899972 0.48969999 -0.401499987
vn -0.773999989 0.447600007 -0.447699994
vn -0.773800015 0.489800006 -0.401499987
vn -0.773800015 0.489899993 -0.401499987
vn -0.773899972 0.447899997 -0.44780001
vn -0.773800015 0.447899997 -0.44780001
vn -0.99849999 0.0452999994 -0.0302000009
vn -0.850799978 0.43689999 -0.291900009
vn -0.850899994 0.463099986 -0.247899994
vn -0.99849999 0.0482000001 -0.0255999994
vn -0.869599998 -0.435299993 0.233099997
vn -0.869400024 -0.41080001 0.274399996
vn -0.869400024 -0.382200003 0.313199997
vn -0.99849999 0.0421000011 -0.0344999991
vn -0.869400024 -0.349299997 0.349400014
vn -0.99849999 0.0384000018 -0.0384000018
vn -0.850799978 0.406300008 -0.333099991
vn -0.850899994 0.371300012 -0.371499985
vn -0.773999989 0.351700008 -0.52640003
vn -0.773800015 0.351900011 -0.526600003
vn -0.773899972 0.401499987 -0.489800006
vn -0.773999989 0.4014 -0.489600003
vn -0.773800015 0.351900011 -0.526600003
vn -0.773800015 0.401600003 -0.489800006
vn -0.773999989 0.4014 -0.489600003
vn -0.773999989 0.351700008 -0.52640003
vn -0.773999989 0.4014 -0.48969999
vn -0.773899972 0.351799995 -0.526499987
vn -0.773999989 0.298700005 -0.558200002
vn -0.773999989 0.298700005 -0.558300018
vn -0.773999989 0.242300004 -0.584900022
vn -0.773999989 0.242300004 -0.584999979
vn -0.773899972 0.298799992 -0.558300018
vn -0.773999989 0.242300004 -0.584900022
vn -0.773800015 0.298900008 -0.558399975
vn -0.773800015 0.298900008 -0.558399975
vn -0.773899972 0.242300004 -0.585099995
vn -0.773800015 0.242400005 -0.585200012
vn -0.99849999 0.0302000009 -0.0452999994
vn -0.850899994 0.291900009 -0.436800003
vn -0.850899994 0.333000004 -0.406300008
vn -0.99849999 0.0342999995 -0.0421000011
vn -0.869400024 -0.313199997 0.382099986
vn -0.869400024 -0.274500012 0.410699993
vn -0.869400024 -0.232999995 0.435600013
vn -0.99849999 0.0254999995 -0.0478999987
vn -0.869400024 -0.189099997 0.456499994
vn -0.99849999 0.0206000004 -0.0500000007
vn -0.850899994 0.247799993 -0.463099986
vn -0.851000011 0.201000005 -0.485199988
vn -0.773999989 0.123499997 -0.620999992
vn -0.773800015 0.123499997 -0.621200025
vn -0.773899972 0.183500007 -0.60619998
vn -0.773999989 0.183500007 -0.606000006
vn -0.773800015 0.123499997 -0.621200025
vn -0.773800015 0.183500007 -0.60619998
vn -0.773999989 0.183500007 -0.60589999
vn -0.773999989 0.123499997 -0.620899975
vn -0.773999989 0.183500007 -0.606000006
vn -0.773999989 0.123499997 -0.620999992
vn -0.773999989 0.0623000003 -0.630100012
vn -0.773999989 0.0623000003 -0.630100012
vn -0.773999989 0 -0.633099973
vn -0.773999989 0 -0.633099973
vn -0.773999989 0.0623000003 -0.630100012
vn -0.773899972 0 -0.63319999
vn -0.773899972 0.0623000003 -0.630200028
vn -0.773800015 0.0623000003 -0.630299985
vn -0.773899972 0 -0.633300006
vn -0.773899972 0 -0.633300006
vn -0.99849999 0.0105999997 -0.0533999987
vn -0.850899994 0.102499999 -0.515200019
vn -0.850899994 0.152199998 -0.502699971
vn -0.99849999 0.0156999994 -0.0518999994
vn -0.869400024 -0.143199995 0.472799987
vn -0.869400024 -0.0964000002 0.484499991
vn -0.869499981 -0.0485999994 0.491600007
vn -0.99849999 0.00529999984 -0.0540999994
vn -0.869400024 0 0.493999988
vn -0.99849999 0 -0.0542000011
vn -0.850899994 0.0516999997 -0.522800028
vn -0.850899994 0 -0.525300026
vn -0.773999989 -0.123499997 -0.620999992
vn -0.773800015 -0.123499997 -0.621200025
vn -0.773899972 -0.0623999983 -0.630299985
vn -0.773999989 -0.0623999983 -0.630100012
vn -0.773800015 -0.123599999 -0.621200025
vn -0.773800015 -0.0623999983 -0.630299985
vn -0.773999989 -0.0623000003 -0.630100012
vn -0.773999989 -0.123499997 -0.620999992
vn -0.773899972 -0.0623999983 -0.630100012
vn -0.773999989 -0.123499997 -0.620999992
vn -0.773999989 -0.183400005 -0.60589999
vn -0.773999989 -0.183500007 -0.606000006
vn -0.773999989 -0.183400005 -0.606000006
vn -0.773899972 -0.183500007 -0.606100023
vn -0.773800015 -0.183599994 -0.60619998
vn -0.99849999 -0.0104999999 -0.0533000007
vn -0.850899994 -0.102499999 -0.515200019
vn -0.850899994 -0.0516999997 -0.522800028
vn -0.99849999 -0.00520000001 -0.0540999994
vn -0.869499981 0.0487000011 0.49149999
vn -0.869400024 0.0962999985 0.484499991
vn -0.869400024 0.143099993 0.472799987
vn -0.99849999 -0.0156999994 -0.0518999994
vn -0.850899994 -0.152099997 -0.502699971
vn -0.00540000014 0.555599988 -0.831399977
vn -0.00540000014 0.634000003 -0.773299992
vn -0.00219999999 0.634000003 -0.773299992
vn -0.00219999999 0.555599988 -0.831399977
vn -0.0013 0.634000003 -0.773299992
vn -0.0013 0.555599988 -0.831399977
vn -0.00540000014 0.707099974 -0.707099974
vn -0.00219999999 0.707099974 -0.707099974
vn -0.0013 0.707099974 -0.707099974
vn -0.00219999999 0.471799999 -0.881699979
vn -0.00540000014 0.471799999 -0.881699979
vn -0.00219999999 0.382699996 -0.923900008
vn -0.00540000014 0.382699996 -0.923900008
vn -0.0013 0.471799999 -0.881699979
vn -0.0013 0.382699996 -0.923900008
vn -0.0127999997 0.471799999 -0.881600022
vn -0.0127999997 0.555499971 -0.831399977
vn -0.0315000005 0.471599996 -0.881299973
vn -0.0315000005 0.555299997 -0.83099997
vn -0.0127999997 0.382600009 -0.923799992
vn -0.0315000005 0.382499993 -0.923399985
vn -0.0127999997 0.634000003 -0.773199975
vn -0.0127999997 0.707000017 -0.707000017
vn -0.0315000005 0.633700013 -0.772899985
vn -0.0315000005 0.706700027 -0.706700027
vn -0.171800002 0.547299981 -0.819100022
vn -0.171800002 0.624599993 -0.761799991
vn -0.0737999976 0.632300019 -0.771200001
vn -0.0737999976 0.55400002 -0.829200029
vn -0.171800002 0.69660002 -0.69660002
vn -0.0737999976 0.705200016 -0.705200016
vn -0.0737999976 0.470499992 -0.879299998
vn -0.171800002 0.4648 -0.868600011
vn -0.0737999976 0.381599993 -0.921400011
vn -0.171900004 0.377000004 -0.910099983
vn -0.376199991 0.437099993 -0.816900015
vn -0.376199991 0.514699996 -0.770399988
vn -0.506699979 0.406699985 -0.760100007
vn -0.506699979 0.478899986 -0.716799974
vn -0.376199991 0.354499996 -0.856000006
vn -0.506699979 0.329899997 -0.796500027
vn -0.376199991 0.587499976 -0.716499984
vn -0.376199991 0.655200005 -0.655099988
vn -0.506699979 0.546599984 -0.666700006
vn -0.506699979 0.609600008 -0.609600008
vn -0.00540000014 0.195099995 -0.980700016
vn -0.00540000014 0.289799988 -0.957099974
vn -0.00219999999 0.289799988 -0.957099974
vn -0.00219999999 0.195099995 -0.980799973
vn -0.0013 0.289799988 -0.957099974
vn -0.0013 0.195099995 -0.980799973
vn -0.00219999999 0.0984999985 -0.995100021
vn -0.00540000014 0.0984999985 -0.995100021
vn -0.00219999999 0 -1
vn -0.00540000014 0 -1
vn -0.0013 0.0984999985 -0.995100021
vn -0.0013 0 -1
vn -0.0127999997 0.0984999985 -0.995100021
vn -0.0127999997 0.194999993 -0.980700016
vn -0.0315000005 0.0983999968 -0.994599998
vn -0.0315000005 0.194999993 -0.980300009
vn -0.0127999997 0 -0.999899983
vn -0.0315000005 0 -0.999499977
vn -0.0127999997 0.289799988 -0.957000017
vn -0.0315000005 0.289700001 -0.95660001
vn -0.171800002 0.192200005 -0.966199994
vn -0.171900004 0.28549999 -0.942799985
vn -0.0737999976 0.289000005 -0.954400003
vn -0.0737999976 0.194600001 -0.978100002
vn -0.0737999976 0.0982000008 -0.992399991
vn -0.171800002 0.0970000029 -0.980300009
vn -0.0737999976 0 -0.997300029
vn -0.171800002 0 -0.985099971
vn -0.376199991 0.0913000032 -0.921999991
vn -0.376199991 0.180800006 -0.908699989
vn -0.506699979 0.0848999992 -0.857900023
vn -0.506699979 0.168200001 -0.845499992
vn -0.376199991 0 -0.926500022
vn -0.506699979 0 -0.862100005
vn -0.376199991 0.2685 -0.886699975
vn -0.506699979 0.249899998 -0.825100005
vn -0.00540000014 -0.195099995 -0.980700016
vn -0.00540000014 -0.0984999985 -0.995100021
vn -0.00219999999 -0.0984999985 -0.995100021
vn -0.00219999999 -0.195099995 -0.980799973
vn -0.0013 -0.0984999985 -0.995100021
vn -0.0013 -0.195099995 -0.980799973
vn -0.00219999999 -0.289799988 -0.957099974
vn -0.00540000014 -0.289799988 -0.957099974
vn -0.00219999999 -0.382699996 -0.923900008
vn -0.00540000014 -0.382699996 -0.923900008
vn -0.0013 -0.289799988 -0.957099974
vn -0.0013 -0.382699996 -0.923900008
vn -0.0127999997 -0.289799988 -0.957000017
vn -0.0127999997 -0.194999993 -0.980700016
vn -0.0315000005 -0.289700001 -0.95660001
vn -0.0315000005 -0.194999993 -0.980300009
vn -0.0127999997 -0.382600009 -0.923799992
vn -0.0315000005 -0.382499993 -0.923399985
vn -0.0127999997 -0.0984999985 -0.995100021
vn -0.0315000005 -0.0983999968 -0.994599998
vn -0.171800002 -0.192200005 -0.966199994
vn -0.171800002 -0.0970000029 -0.980300009
vn -0.0737999976 -0.0982000008 -0.992399991
vn -0.0737999976 -0.194600001 -0.978100002
vn -0.0737999976 -0.289000005 -0.95450002
vn -0.171800002 -0.28549999 -0.942799985
vn -0.0737999976 -0.381599993 -0.921400011
vn -0.171800002 -0.377000004 -0.910099983
vn -0.376199991 -0.2685 -0.886799991
vn -0.376199991 -0.180800006 -0.908699989
vn -0.506699979 -0.249799997 -0.825100005
vn -0.506699979 -0.168200001 -0.845499992
vn -0.376199991 -0.354499996 -0.856000006
vn -0.506699979 -0.329899997 -0.796500027
vn -0.376199991 -0.0913000032 -0.921999991
vn -0.506699979 -0.0848999992 -0.857900023
vn -0.00540000014 -0.555599988 -0.831399977
vn -0.00540000014 -0.471799999 -0.881699979
vn -0.00219999999 -0.471799999 -0.881699979
vn -0.00219999999 -0.555599988 -0.831399977
vn -0.0013 -0.471799999 -0.881699979
vn -0.0013 -0.555599988 -0.831399977
vn -0.00219999999 -0.634000003 -0.773299992
vn -0.00540000014 -0.634000003 -0.773299992
vn -0.00219999999 -0.707099974 -0.707099974
vn -0.00540000014 -0.707099974 -0.707099974
vn -0.0013 -0.634000003 -0.773299992
vn -0.0013 -0.707099974 -0.707099974
vn -0.0127999997 -0.634000003 -0.773199975
vn -0.0127999997 -0.555499971 -0.831399977
vn -0.0315000005 -0.633700013 -0.772899985
vn -0.0315000005 -0.555299997 -0.83099997
vn -0.0127999997 -0.707000017 -0.707000017
vn -0.0315000005 -0.706700027 -0.706700027
vn -0.0127999997 -0.471799999 -0.881600022
vn -0.0315000005 -0.471599996 -0.881299973
vn -0.171800002 -0.547299981 -0.819100022
vn -0.171800002 -0.4648 -0.868600011
vn -0.0737999976 -0.470499992 -0.879299998
vn -0.0737999976 -0.55400002 -0.829200029
vn -0.0737999976 -0.632300019 -0.771200001
vn -0.171800002 -0.624599993 -0.761799991
vn -0.0737999976 -0.705200016 -0.705200016
vn -0.171800002 -0.69660002 -0.69660002
vn -0.376199991 -0.587400019 -0.716499984
vn -0.376199991 -0.514699996 -0.770399988
vn -0.506699979 -0.546599984 -0.666700006
vn -0.506699979 -0.478899986 -0.716799974
vn -0.376199991 -0.655200005 -0.655099988
vn -0.506699979 -0.609600008 -0.609600008
vn -0.376199991 -0.437099993 -0.816900015
vn -0.506699979 -0.406800002 -0.760100007
vn -0.00540000014 -0.831399977 -0.555599988
vn -0.00540000014 -0.773299992 -0.634000003
vn -0.00219999999 -0.773299992 -0.634000003
vn -0.00219999999 -0.831399977 -0.555599988
vn -0.0013 -0.773299992 -0.634000003
vn -0.0013 -0.831399977 -0.555599988
vn -0.00219999999 -0.881699979 -0.471799999
vn -0.00540000014 -0.881699979 -0.471799999
vn -0.00219999999 -0.923900008 -0.382699996
vn -0.00540000014 -0.923900008 -0.382699996
vn -0.0013 -0.881699979 -0.471799999
vn -0.0013 -0.923900008 -0.382699996
vn -0.0127999997 -0.881600022 -0.471799999
vn -0.0127999997 -0.831399977 -0.555499971
vn -0.0315000005 -0.881299973 -0.471599996
vn -0.0315000005 -0.83099997 -0.555299997
vn -0.0127999997 -0.923799992 -0.382600009
vn -0.0315000005 -0.923399985 -0.382499993
vn -0.0127999997 -0.773199975 -0.634000003
vn -0.0315000005 -0.772899985 -0.633700013
vn -0.171800002 -0.819100022 -0.547299981
vn -0.171800002 -0.761799991 -0.624599993
vn -0.0737999976 -0.771200001 -0.632300019
vn -0.0737999976 -0.829200029 -0.55400002
vn -0.0737999976 -0.879299998 -0.470499992
vn -0.171900004 -0.868600011 -0.4648
vn -0.0737999976 -0.921400011 -0.381599993
vn -0.171800002 -0.910099983 -0.377000004
vn -0.376199991 -0.816900015 -0.437099993
vn -0.376199991 -0.770399988 -0.514699996
vn -0.506699979 -0.760200024 -0.406699985
vn -0.506600022 -0.716899991 -0.478899986
vn -0.376199991 -0.856000006 -0.354600012
vn -0.506699979 -0.796500027 -0.329899997
vn -0.376199991 -0.716499984 -0.587400019
vn -0.506600022 -0.666700006 -0.546599984
vn -0.00540000014 -0.980700016 -0.195099995
vn -0.00540000014 -0.957099974 -0.289799988
vn -0.00219999999 -0.957099974 -0.289799988
vn -0.00219999999 -0.980799973 -0.195099995
vn -0.0013 -0.957099974 -0.289799988
vn -0.0013 -0.980799973 -0.195099995
vn -0.00219999999 -0.995100021 -0.0984999985
vn -0.00540000014 -0.995100021 -0.0984999985
vn -0.00219999999 -1 0
vn -0.00540000014 -1 0
vn -0.0013 -0.995100021 -0.0984999985
vn -0.0013 -1 0
vn -0.0127999997 -0.995100021 -0.0984999985
vn -0.0127999997 -0.980700016 -0.194999993
vn -0.0315000005 -0.994599998 -0.0983999968
vn -0.0315000005 -0.980300009 -0.194999993
vn -0.0127999997 -0.999899983 0
vn -0.0315000005 -0.999499977 0
vn -0.0127999997 -0.957000017 -0.289799988
vn -0.0315000005 -0.95660001 -0.289700001
vn -0.171800002 -0.966199994 -0.192200005
vn -0.171800002 -0.942799985 -0.28549999
vn -0.0737999976 -0.954400003 -0.289000005
vn -0.0737999976 -0.978100002 -0.194600001
vn -0.0737999976 -0.992399991 -0.0982000008
vn -0.171800002 -0.980300009 -0.0970000029
vn -0.0737999976 -0.997300029 0
vn -0.171800002 -0.985099971 0
vn -0.376199991 -0.921999991 -0.0913000032
vn -0.376199991 -0.908699989 -0.180700004
vn -0.506699979 -0.857900023 -0.0848999992
vn -0.506699979 -0.845499992 -0.168200001
vn -0.376199991 -0.926500022 0
vn -0.506799996 -0.862100005 0
vn -0.376199991 -0.886699975 -0.2685
vn -0.506699979 -0.825100005 -0.249799997
vn -0.00540000014 -0.980700016 0.195099995
vn -0.00540000014 -0.995100021 0.0984999985
vn -0.00219999999 -0.995100021 0.0984999985
vn -0.00219999999 -0.980799973 0.195099995
vn -0.0013 -0.995100021 0.0984999985
vn -0.0013 -0.980799973 0.195099995
vn -0.00219999999 -0.957099974 0.289799988
vn -0.00540000014 -0.957099974 0.289799988
vn -0.00219999999 -0.923900008 0.382699996
vn -0.00540000014 -0.923900008 0.382699996
vn -0.0013 -0.957099974 0.289799988
vn -0.0013 -0.923900008 0.382699996
vn -0.0127999997 -0.957000017 0.289799988
vn -0.0127999997 -0.980700016 0.195099995
vn -0.0315000005 -0.95660001 0.289700001
vn -0.0315000005 -0.980300009 0.194999993
vn -0.0127999997 -0.923799992 0.382600009
vn -0.0315000005 -0.923399985 0.382499993
vn -0.0127999997 -0.995100021 0.0984999985
vn -0.0315000005 -0.994599998 0.0983999968
vn -0.171800002 -0.966199994 0.192200005
vn -0.171800002 -0.980300009 0.0970000029
vn -0.0737999976 -0.992399991 0.0982000008
vn -0.0737999976 -0.978100002 0.194600001
vn -0.0737999976 -0.95450002 0.289000005
vn -0.171800002 -0.942799985 0.28549999
vn -0.0737999976 -0.921400011 0.381599993
vn -0.171800002 -0.910099983 0.377000004
vn -0.376199991 -0.886699975 0.2685
vn -0.376199991 -0.908699989 0.180700004
vn -0.506699979 -0.825100005 0.249899998
vn -0.506699979 -0.845499992 0.168200001
vn -0.376199991 -0.856000006 0.354600012
vn -0.506699979 -0.796400011 0.329899997
vn -0.376199991 -0.921999991 0.0913000032
vn -0.506699979 -0.857900023 0.0848999992
vn -0.00540000014 -0.831399977 0.555599988
vn -0.00540000014 -0.881699979 0.471799999
vn -0.00219999999 -0.881699979 0.471799999
vn -0.00219999999 -0.831399977 0.555599988
vn -0.0013 -0.881699979 0.471799999
vn -0.0013 -0.831399977 0.555599988
vn -0.00219999999 -0.773299992 0.634000003
vn -0.00540000014 -0.773299992 0.634000003
vn -0.00219999999 -0.707099974 0.707099974
vn -0.00540000014 -0.707099974 0.707099974
vn -0.0013 -0.773299992 0.634000003
vn -0.0013 -0.707099974 0.707099974
vn -0.0127999997 -0.773199975 0.634000003
vn -0.0127999997 -0.831399977 0.555499971
vn -0.0315000005 -0.772899985 0.633700013
vn -0.0315000005 -0.83099997 0.555299997
vn -0.0127999997 -0.707000017 0.707000017
vn -0.0315000005 -0.706700027 0.706700027
vn -0.0127999997 -0.881600022 0.471799999
vn -0.0315000005 -0.881299973 0.471599996
vn -0.171800002 -0.819100022 0.547299981
vn -0.171800002 -0.868600011 0.4648
vn -0.0737999976 -0.879299998 0.470499992
vn -0.0737999976 -0.829200029 0.55400002
vn -0.0737999976 -0.771200001 0.632300019
vn -0.171800002 -0.761799991 0.624599993
vn -0.0737999976 -0.705200016 0.705200016
vn -0.171800002 -0.69660002 0.69660002
vn -0.376199991 -0.716499984 0.587400019
vn -0.376199991 -0.770399988 0.514800012
vn -0.506699979 -0.666700006 0.546599984
vn -0.506699979 -0.716799974 0.479000002
vn -0.376199991 -0.655200005 0.655099988
vn -0.506699979 -0.609600008 0.609600008
vn -0.376199991 -0.816900015 0.437099993
vn -0.506699979 -0.760100007 0.406800002
vn -0.00540000014 -0.555499971 0.831399977
vn -0.00540000014 -0.634000003 0.773299992
vn -0.00219999999 -0.634000003 0.773299992
vn -0.00219999999 -0.555599988 0.831399977
vn -0.0013 -0.634000003 0.773299992
vn -0.0013 -0.555599988 0.831399977
vn -0.00219999999 -0.471799999 0.881699979
vn -0.00540000014 -0.471799999 0.881699979
vn -0.00219999999 -0.382699996 0.923900008
vn -0.00540000014 -0.382699996 0.923900008
vn -0.0013 -0.471799999 0.881699979
vn -0.0013 -0.382699996 0.923900008
vn -0.0127999997 -0.471799999 0.881600022
vn -0.0127999997 -0.555499971 0.831399977
vn -0.0315000005 -0.471599996 0.881299973
vn -0.0315000005 -0.555299997 0.83099997
vn -0.0127999997 -0.382600009 0.923799992
vn -0.0315000005 -0.382499993 0.923399985
vn -0.0127999997 -0.634000003 0.773199975
vn -0.0315000005 -0.633700013 0.772899985
vn -0.171800002 -0.547299981 0.819100022
vn -0.171800002 -0.624599993 0.761799991
vn -0.0737999976 -0.632300019 0.771200001
vn -0.0737999976 -0.55400002 0.829200029
vn -0.0737999976 -0.470499992 0.879299998
vn -0.171800002 -0.4648 0.868600011
vn -0.0737999976 -0.381599993 0.921400011
vn -0.171800002 -0.377000004 0.910099983
vn -0.376199991 -0.437099993 0.816900015
vn -0.376199991 -0.514800012 0.770399988
vn -0.506699979 -0.406800002 0.760100007
vn -0.506699979 -0.479000002 0.716799974
vn -0.376199991 -0.354600012 0.856000006
vn -0.506699979 -0.329899997 0.796500027
vn -0.376199991 -0.587400019 0.716499984
vn -0.506699979 -0.546599984 0.666700006
vn -0.00540000014 -0.195099995 0.980700016
vn -0.00540000014 -0.289799988 0.957099974
vn -0.00219999999 -0.289799988 0.957099974
vn -0.00219999999 -0.195099995 0.980799973
vn -0.0013 -0.289799988 0.957099974
vn -0.0013 -0.195099995 0.980799973
vn -0.00219999999 -0.0984999985 0.995100021
vn -0.00540000014 -0.0984999985 0.995100021
vn -0.00219999999 0 1
vn -0.00540000014 0 1
vn -0.0013 -0.0984999985 0.995100021
vn -0.0013 0 1
vn -0.0127999997 -0.0984999985 0.995000005
vn -0.0127999997 -0.194999993 0.980700016
vn -0.0315000005 -0.0983999968 0.994599998
vn -0.0315000005 -0.194999993 0.980300009
vn -0.0127999997 0 0.999899983
vn -0.0315000005 0 0.999499977
vn -0.0127999997 -0.289799988 0.957000017
vn -0.0315000005 -0.289700001 0.95660001
vn -0.171800002 -0.192200005 0.966199994
vn -0.171800002 -0.28549999 0.942799985
vn -0.0737999976 -0.289000005 0.95450002
vn -0.0737999976 -0.194600001 0.978100002
vn -0.0737999976 -0.0982000008 0.992399991
vn -0.171800002 -0.0970000029 0.980300009
vn -0.0737999976 0 0.997300029
vn -0.171900004 0 0.985099971
vn -0.376199991 -0.0913000032 0.921999991
vn -0.376199991 -0.180800006 0.908699989
vn -0.506699979 -0.0848999992 0.857900023
vn -0.506699979 -0.168200001 0.845499992
vn -0.376199991 0 0.926500022
vn -0.506699979 0 0.862100005
vn -0.376199991 -0.2685 0.886699975
vn -0.506699979 -0.249799997 0.825100005
vn -0.00540000014 0.195099995 0.980700016
vn -0.00540000014 0.0984999985 0.995100021
vn -0.00219999999 0.0984999985 0.995100021
vn -0.00219999999 0.195099995 0.980799973
vn -0.0013 0.0984999985 0.995100021
vn -0.0013 0.195099995 0.980799973
vn -0.00219999999 0.289799988 0.957099974
vn -0.00540000014 0.289799988 0.957099974
vn -0.00219999999 0.382699996 0.923900008
vn -0.00540000014 0.382699996 0.923900008
vn -0.0013 0.289799988 0.957099974
vn -0.0013 0.382699996 0.923900008
vn -0.0127999997 0.289799988 0.957000017
vn -0.0127999997 0.195099995 0.980700016
vn -0.0315000005 0.289700001 0.95660001
vn -0.0315000005 0.194999993 0.980300009
vn -0.0127999997 0.382600009 0.923799992
vn -0.0315000005 0.382499993 0.923399985
vn -0.0127999997 0.0984999985 0.995100021
vn -0.0315000005 0.0983999968 0.994599998
vn -0.171800002 0.192200005 0.966199994
vn -0.171900004 0.0970000029 0.980300009
vn -0.0737999976 0.0982000008 0.992399991
vn -0.0737999976 0.194600001 0.978100002
vn -0.0737999976 0.289000005 0.95450002
vn -0.171900004 0.28549999 0.942799985
vn -0.0737999976 0.381599993 0.921400011
vn -0.171900004 0.377000004 0.910099983
vn -0.376199991 0.2685 0.886799991
vn -0.376199991 0.180700004 0.908699989
vn -0.506699979 0.249799997 0.825100005
vn -0.506699979 0.168200001 0.845499992
vn -0.376199991 0.354600012 0.856000006
vn -0.506699979 0.329899997 0.796500027
vn -0.376199991 0.0913000032 0.921999991
vn -0.506699979 0.0848999992 0.857900023
vn -0.00540000014 0.555599988 0.831399977
vn -0.00540000014 0.471799999 0.881699979
vn -0.00219999999 0.471799999 0.881699979
vn -0.00219999999 0.555599988 0.831399977
vn -0.0013 0.471799999 0.881699979
vn -0.0013 0.555599988 0.831399977
vn -0.00219999999 0.634000003 0.773299992
vn -0.00540000014 0.634000003 0.773299992
vn -0.00219999999 0.707099974 0.707099974
vn -0.00540000014 0.707099974 0.707099974
vn -0.0013 0.634000003 0.773299992
vn -0.0013 0.707099974 0.707099974
vn -0.0127999997 0.634000003 0.773199975
vn -0.0127999997 0.555499971 0.831399977
vn -0.0315000005 0.633700013 0.772899985
vn -0.0315000005 0.555299997 0.83099997
vn -0.0127999997 0.707000017 0.707000017
vn -0.0315000005 0.706700027 0.706700027
vn -0.0127999997 0.471799999 0.881600022
vn -0.0315000005 0.471599996 0.881299973
vn -0.171800002 0.547299981 0.819100022
vn -0.171800002 0.4648 0.868600011
vn -0.0737999976 0.470499992 0.879299998
vn -0.0737999976 0.55400002 0.829200029
vn -0.0737999976 0.632300019 0.771200001
vn -0.171800002 0.624599993 0.761799991
vn -0.0737999976 0.705200016 0.705200016
vn -0.171800002 0.69660002 0.69660002
vn -0.376199991 0.587400019 0.716499984
vn -0.376199991 0.514699996 0.770399988
vn -0.506699979 0.546599984 0.666700006
vn -0.506699979 0.478899986 0.716799974
vn -0.376199991 0.655099988 0.655099988
vn -0.506699979 0.609600008 0.609600008
vn -0.376199991 0.437099993 0.816900015
vn -0.506699979 0.406800002 0.760100007
vn -0.00540000014 0.831399977 0.555599988
vn -0.00540000014 0.773299992 0.634000003
vn -0.00219999999 0.773299992 0.634000003
vn -0.00219999999 0.831399977 0.555599988
vn -0.0013 0.773299992 0.634000003
vn -0.0013 0.831399977 0.555599988
vn -0.00219999999 0.881699979 0.471799999
vn -0.00540000014 0.881699979 0.471799999
vn -0.00219999999 0.923900008 0.382699996
vn -0.00540000014 0.923900008 0.382699996
vn -0.0013 0.881699979 0.471799999
vn -0.0013 0.923900008 0.382699996
vn -0.0127999997 0.881600022 0.471799999
vn -0.0127999997 0.831399977 0.555499971
vn -0.0315000005 0.881299973 0.471599996
vn -0.0315000005 0.83099997 0.555299997
vn -0.0127999997 0.923799992 0.382600009
vn -0.0315000005 0.923399985 0.382499993
vn -0.0127999997 0.773199975 0.634000003
vn -0.0315000005 0.772899985 0.633700013
vn -0.171800002 0.819100022 0.547299981
vn -0.171800002 0.761799991 0.624599993
vn -0.0737999976 0.771200001 0.632300019
vn -0.0737999976 0.829200029 0.55400002
vn -0.0737999976 0.879299998 0.470499992
vn -0.171800002 0.868600011 0.4648
vn -0.0737999976 0.921400011 0.381599993
vn -0.171900004 0.910099983 0.377000004
vn -0.376199991 0.816900015 0.437099993
vn -0.376199991 0.770399988 0.514699996
vn -0.506699979 0.760100007 0.406800002
vn -0.506699979 0.716799974 0.478899986
vn -0.376199991 0.856000006 0.354600012
vn -0.506699979 0.796500027 0.329899997
vn -0.376199991 0.716499984 0.587400019
vn -0.506699979 0.666700006 0.546599984
vn -0.00540000014 0.980700016 0.195099995
vn -0.00540000014 0.957099974 0.289799988
vn -0.00219999999 0.957099974 0.289799988
vn -0.00219999999 0.980799973 0.195099995
vn -0.0013 0.957099974 0.289799988
vn -0.0013 0.980799973 0.195099995
vn -0.00219999999 0.995100021 0.0984999985
vn -0.00540000014 0.995100021 0.0984999985
vn -0.00219999999 1 0
vn -0.00540000014 1 0
vn -0.0013 0.995100021 0.0984999985
vn -0.0013 1 0
vn -0.0127999997 0.995100021 0.0984999985
vn -0.0127999997 0.980700016 0.194999993
vn -0.0315000005 0.994599998 0.0983999968
vn -0.0315000005 0.980300009 0.194999993
vn -0.0127999997 0.999899983 0
vn -0.0315000005 0.999499977 0
vn -0.0127999997 0.957000017 0.289799988
vn -0.0315000005 0.95660001 0.289700001
vn -0.171800002 0.966199994 0.192200005
vn -0.171800002 0.942799985 0.28549999
vn -0.0737999976 0.95450002 0.289000005
vn -0.0737999976 0.978100002 0.194600001
vn -0.0737999976 0.992399991 0.0982000008
vn -0.171800002 0.980300009 0.0970000029
vn -0.0737999976 0.997300029 0
vn -0.171800002 0.985099971 0
vn -0.376199991 0.921999991 0.0913000032
vn -0.376199991 0.908699989 0.180700004
vn -0.506699979 0.857900023 0.0848999992
vn -0.506699979 0.845499992 0.168200001
vn -0.376199991 0.926500022 0
vn -0.506699979 0.862100005 0
vn -0.376199991 0.886699975 0.2685
vn -0.506699979 0.825100005 0.249899998
vn -0.00540000014 0.980700016 -0.195099995
vn -0.00540000014 0.995100021 -0.0984999985
vn -0.00219999999 0.995100021 -0.0984999985
vn -0.00219999999 0.980799973 -0.195099995
vn -0.0013 0.995100021 -0.0984999985
vn -0.0013 0.980799973 -0.195099995
vn -0.00219999999 0.957099974 -0.289799988
vn -0.00540000014 0.957099974 -0.289799988
vn -0.00219999999 0.923900008 -0.382699996
vn -0.00540000014 0.923900008 -0.382699996
vn -0.0013 0.957099974 -0.289799988
vn -0.0013 0.923900008 -0.382699996
vn -0.0127999997 0.957000017 -0.289799988
vn -0.0127999997 0.980700016 -0.195099995
vn -0.0315000005 0.95660001 -0.289700001
vn -0.0315000005 0.980300009 -0.194999993
vn -0.0127999997 0.923799992 -0.382600009
vn -0.0315000005 0.923399985 -0.382499993
vn -0.0127999997 0.995000005 -0.0984999985
vn -0.0315000005 0.994599998 -0.0983999968
vn -0.171800002 0.966199994 -0.192200005
vn -0.171800002 0.980300009 -0.0970000029
vn -0.0737999976 0.992399991 -0.0982000008
vn -0.0737999976 0.978100002 -0.194600001
vn -0.0737999976 0.95450002 -0.289000005
vn -0.171800002 0.942799985 -0.28549999
vn -0.0737999976 0.921400011 -0.381599993
vn -0.171800002 0.910099983 -0.377000004
vn -0.376199991 0.886699975 -0.2685
vn -0.376199991 0.908699989 -0.180700004
vn -0.506699979 0.825100005 -0.249799997
vn -0.506699979 0.845499992 -0.168200001
vn -0.376199991 0.856000006 -0.354499996
vn -0.506699979 0.796500027 -0.329899997
vn -0.376199991 0.921999991 -0.0913000032
vn -0.506699979 0.857900023 -0.0848999992
vn -0.171800002 0.819100022 -0.547299981
vn -0.171800002 0.761799991 -0.624599993
vn -0.376199991 0.716499984 -0.587400019
vn -0.376199991 0.770399988 -0.514800012
vn -0.506699979 0.666700006 -0.546599984
vn -0.506699979 0.716799974 -0.479000002
vn -0.376199991 0.816900015 -0.437099993
vn -0.171800002 0.868600011 -0.4648
vn -0.506699979 0.760100007 -0.406800002
vn -0.0737999976 0.879299998 -0.470499992
vn -0.0737999976 0.829200029 -0.55400002
vn -0.0315000005 0.881299973 -0.471599996
vn -0.0315000005 0.83099997 -0.555299997
vn -0.0737999976 0.771200001 -0.632300019
vn -0.0315000005 0.772899985 -0.633700013
vn -0.00540000014 0.831399977 -0.555599988
vn -0.00540000014 0.773299992 -0.634000003
vn -0.0127999997 0.773199975 -0.634000003
vn -0.0127999997 0.831399977 -0.555499971
vn -0.0127999997 0.881600022 -0.471799999
vn -0.00540000014 0.881699979 -0.471799999
vn -0.00219999999 0.881699979 -0.471799999
vn -0.00219999999 0.831399977 -0.555599988
vn -0.0013 0.881699979 -0.471799999
vn -0.0013 0.831399977 -0.555599988
vn -0.00219999999 0.773299992 -0.634000003
vn -0.0013 0.773299992 -0.634000003
vn -0.999300003 -0.0308999997 0.0207000002
vn -0.995100021 -0.0821999982 0.0549000017
vn -0.995100021 -0.0872000009 0.0465999991
vn -0.999300003 -0.0326999985 0.0175000001
vn -0.995100021 -0.0913000032 0.0377999991
vn -0.999300003 -0.0344999991 0.0142000001
vn -0.973999977 -0.188299999 0.125799999
vn -0.973999977 -0.199699998 0.106799997
vn -0.974099994 -0.208900005 0.0865999982
vn -0.999899983 -0.00719999988 0.00389999989
vn -0.999899983 -0.00689999992 0.0046000001
vn -1 0 0
vn -1 -9.99999975e-05 0
vn -0.999899983 -0.00760000013 0.00310000009
vn -1 0.000199999995 0
vn -0.999899983 -0.00630000001 0.00520000001
vn -0.999300003 -0.0287999995 0.0236000009
vn -0.999899983 -0.0057000001 0.00579999993
vn -0.999300003 -0.0262000002 0.0263
vn -1 9.99999975e-05 0
vn -1 9.99999975e-05 0
vn -0.995100021 -0.0763999969 0.0626000017
vn -0.973999977 -0.175099999 0.1435
vn -0.995100021 -0.0697999969 0.0697999969
vn -0.973999977 -0.1602 0.159999996
vn -0.999300003 0.0364999995 -0.00719999988
vn -0.999899983 0.00810000021 -0.00159999996
vn -0.999899983 0.00779999979 -0.00240000011
vn -0.999300003 0.0355000012 -0.0108000003
vn -0.999899983 0.00749999983 -0.00310000009
vn -0.999300003 0.0342000015 -0.0142000001
vn -1 0 0
vn -1 0.000199999995 0
vn -1 -9.99999975e-05 0
vn -0.995100021 0.0945999995 -0.0285999998
vn -0.995100021 0.0966999978 -0.0193000007
vn -0.974099994 0.216499999 -0.0656000003
vn -0.974099994 0.221699998 -0.0441999994
vn -0.995100021 0.0913999975 -0.0377999991
vn -0.974099994 0.209000006 -0.0865999982
vn -0.995100021 0.0979000032 -0.00970000029
vn -0.999300003 0.0368999988 -0.0037
vn -0.995100021 0.0984999985 0
vn -0.999300003 0.0370999984 0
vn -0.97420001 0.224600002 -0.0222999994
vn -0.974099994 0.225999996 0
vn -0.999899983 0.00800000038 -0.00079999998
vn -1 0 0
vn -0.999899983 0.00779999979 0
vn -1 -0.00039999999 0
vn -0.999300003 -0.0206000004 0.0308999997
vn -0.995100021 -0.0549999997 0.0820999965
vn -0.995100021 -0.0625 0.0763999969
vn -0.999300003 -0.0234999992 0.0286999997
vn -0.973999977 -0.1259 0.188199997
vn -0.973999977 -0.143600002 0.174999997
vn -0.999899983 -0.00529999984 0.00630000001
vn -0.999899983 -0.0046000001 0.00680000009
vn -1 -0.000199999995 0
vn -1 -9.99999975e-05 0
vn -0.999899983 -0.00389999989 0.00730000017
vn -0.999300003 -0.0175999999 0.0328000002
vn -0.999899983 -0.00310000009 0.00760000013
vn -0.999300003 -0.0142000001 0.0344000012
vn -1 9.99999975e-05 0
vn -1 0 0
vn -0.995100021 -0.0467999987 0.0870999992
vn -0.973999977 -0.106899999 0.199599996
vn -0.995100021 -0.0377999991 0.0912000015
vn -0.973999977 -0.0865999982 0.209099993
vn -0.999300003 0.00719999988 0.0364999995
vn -0.999899983 0.00159999996 0.00810000021
vn -0.999899983 0.00230000005 0.00789999962
vn -0.999300003 0.0107000005 0.0355999991
vn -0.999899983 0.00310000009 0.00760000013
vn -0.999300003 0.0142000001 0.0344000012
vn -1 9.99999975e-05 0
vn -1 0 0
vn -1 -9.99999975e-05 0
vn -0.995100021 0.0285999998 0.0944999978
vn -0.995100021 0.0193000007 0.0969000012
vn -0.973999977 0.0656000003 0.216700003
vn -0.973999977 0.0441000015 0.222100005
vn -0.995100021 0.0377000012 0.0912000015
vn -0.973999977 0.0865999982 0.209099993
vn -0.995100021 0.00970000029 0.0983000025
vn -0.999300003 0.00359999994 0.0370000005
vn -0.995100021 0 0.0988000035
vn -0.999300003 0 0.0372000001
vn -0.973999977 0.0222999994 0.225299999
vn -0.973999977 0 0.226400003
vn -0.999899983 0.00079999998 0.00820000004
vn -1 0 0
vn -0.999899983 0 0.00820000004
vn -1 0 0
vn -0.999300003 -0.0308999997 -0.0207000002
vn -0.999899983 -0.00700000022 -0.0046000001
vn -0.999899983 -0.00730000017 -0.00389999989
vn -0.999300003 -0.0328000002 -0.0175000001
vn -0.999899983 -0.00749999983 -0.00310000009
vn -0.999300003 -0.0342000015 -0.0142000001
vn -1 0 0
vn -1 0 0
vn -1 0 0
vn -0.995100021 -0.0870999992 -0.0465999991
vn -0.995100021 -0.0819000006 -0.0549000017
vn -0.973999977 -0.199499995 -0.106799997
vn -0.973999977 -0.188299999 -0.125799999
vn -0.995100021 -0.0913999975 -0.0377999991
vn -0.973999977 -0.209299996 -0.0865999982
vn -0.995100021 -0.0760999992 -0.0626000017
vn -0.999300003 -0.0286999997 -0.0236000009
vn -0.995100021 -0.0697000027 -0.0697999969
vn -0.999300003 -0.0263 -0.0263
vn -0.973999977 -0.175099999 -0.1435
vn -0.973999977 -0.1602 -0.159999996
vn -0.999899983 -0.00639999984 -0.00520000001
vn -1 0 0
vn -0.999899983 -0.00579999993 -0.00579999993
vn -1 0.000199999995 0
vn -0.999300003 -0.0364000015 -0.00719999988
vn -0.999899983 -0.00789999962 -0.00159999996
vn -0.999899983 -0.00800000038 -0.00079999998
vn -0.999300003 -0.0370000005 -0.0037
vn -0.999899983 -0.00810000021 0
vn -0.999300003 -0.0372000001 0
vn -1 9.99999975e-05 0
vn -1 9.99999975e-05 0
vn -1 0 0
vn -0.995100021 -0.0982000008 -0.00970000029
vn -0.995100021 -0.0970000029 -0.0193000007
vn -0.974099994 -0.224999994 -0.0222999994
vn -0.973999977 -0.222100005 -0.0441999994
vn -0.995100021 -0.0987000018 0
vn -0.974099994 -0.225899994 0
vn -0.995100021 -0.0948000029 -0.0285999998
vn -0.999300003 -0.0353999995 -0.0108000003
vn -0.973999977 -0.216999993 -0.0656000003
vn -0.999899983 -0.00769999996 -0.00240000011
vn -1 0 0
vn -0.999300003 -0.0366999991 0.00719999988
vn -0.999899983 -0.00779999979 0.00159999996
vn -0.999899983 -0.00779999979 0.00240000011
vn -0.999300003 -0.0357000008 0.0108000003
vn -1 0.000300000014 0
vn -1 0 0
vn -0.995100021 -0.0948000029 0.0285999998
vn -0.995100021 -0.0969000012 0.0193000007
vn -0.973999977 -0.216700003 0.0656000003
vn -0.973999977 -0.222200006 0.0441999994
vn -0.995100021 -0.0980999991 0.00970000029
vn -0.999300003 -0.0372000001 0.0037
vn -0.974099994 -0.225099996 0.0222999994
vn -0.999899983 -0.00800000038 0.00079999998
vn -1 0.00039999999 0
vn -0.999300003 -0.0207000002 -0.0308999997
vn -0.999899983 -0.0046000001 -0.00680000009
vn -0.999899983 -0.00520000001 -0.00630000001
vn -0.999300003 -0.0234999992 -0.0286999997
vn -1 -9.99999975e-05 0
vn -1 9.99999975e-05 0
vn -0.995100021 -0.0627000034 -0.0763999969
vn -0.995100021 -0.0549999997 -0.0820999965
vn -0.973999977 -0.143900007 -0.174999997
vn -0.973999977 -0.126000002 -0.188199997
vn -0.995100021 -0.0465999991 -0.0870999992
vn -0.999300003 -0.0175000001 -0.0328000002
vn -0.995100021 -0.0377999991 -0.0912000015
vn -0.999300003 -0.0142000001 -0.0344000012
vn -0.973999977 -0.106799997 -0.199599996
vn -0.973999977 -0.0865999982 -0.209099993
vn -0.999899983 -0.00389999989 -0.00730000017
vn -1 -9.99999975e-05 0
vn -0.999899983 -0.00319999992 -0.00760000013
vn -1 0 0
vn -0.999300003 -0.00719999988 -0.0364999995
vn -0.999899983 -0.00150000001 -0.00810000021
vn -0.999899983 -0.00230000005 -0.00789999962
vn -0.999300003 -0.0107000005 -0.0355999991
vn -1 0 0
vn -1 9.99999975e-05 0
vn -0.995100021 -0.0285999998 -0.0944999978
vn -0.995100021 -0.0193000007 -0.0969000012
vn -0.973999977 -0.0656000003 -0.216600001
vn -0.973999977 -0.0441000015 -0.222000003
vn -0.995100021 -0.00970000029 -0.0983000025
vn -0.999300003 -0.0037 -0.0370000005
vn -0.995100021 0 -0.0988000035
vn -0.999300003 0 -0.0372000001
vn -0.973999977 -0.0222999994 -0.225199997
vn -0.974099994 0 -0.226199999
vn -0.999899983 -0.00079999998 -0.00820000004
vn -1 0 0
vn -0.999899983 0 -0.00820000004
vn -1 0 0
vn -0.999300003 0.00719999988 -0.0364999995
vn -0.999899983 0.00159999996 -0.00810000021
vn -0.999899983 0.00079999998 -0.00820000004
vn -0.999300003 0.0037 -0.0370000005
vn -1 0 0
vn -1 0 0
vn -0.995100021 0.00970000029 -0.0983000025
vn -0.995100021 0.0193000007 -0.0969000012
vn -0.973999977 0.0222999994 -0.225199997
vn -0.973999977 0.0441000015 -0.222000003
vn -0.995100021 0.0286999997 -0.0944999978
vn -0.999300003 0.0107000005 -0.0355999991
vn -0.995100021 0.0377999991 -0.0912000015
vn -0.999300003 0.0141000003 -0.0344000012
vn -0.974099994 0.0654999986 -0.216600001
vn -0.973999977 0.0865999982 -0.209099993
vn -0.999899983 0.00219999999 -0.00789999962
vn -1 -9.99999975e-05 0
vn -0.999899983 0.00300000003 -0.00760000013
vn -1 -9.99999975e-05 0
vn -0.999300003 0.0206000004 -0.0308999997
vn -0.999899983 0.0046000001 -0.00680000009
vn -0.999899983 0.00380000006 -0.00730000017
vn -0.999300003 0.0175000001 -0.0328000002
vn -1 9.99999975e-05 0
vn -1 -9.99999975e-05 0
vn -0.995100021 0.0465999991 -0.0870999992
vn -0.995100021 0.0549000017 -0.0820999965
vn -0.973999977 0.106799997 -0.199599996
vn -0.973999977 0.125799999 -0.188199997
vn -0.995100021 0.0627999976 -0.0763999969
vn -0.999300003 0.0233999994 -0.0286999997
vn -0.995100021 0.0697999969 -0.0697999969
vn -0.999300003 0.0263 -0.0263
vn -0.973999977 0.143900007 -0.175099999
vn -0.973999977 0.160300002 -0.159999996
vn -0.999899983 0.00529999984 -0.00630000001
vn -1 0.000199999995 0
vn -0.999899983 0.00579999993 -0.00579999993
vn -1 9.99999975e-05 0
vn -0.999300003 0.0309999995 -0.0207000002
vn -0.999899983 0.00689999992 -0.0046000001
vn -0.999899983 0.00630000001 -0.00520000001
vn -0.999300003 0.0289999992 -0.0236000009
vn -1 0 0
vn -1 0 0
vn -0.995100021 0.0763999969 -0.0626000017
vn -0.995100021 0.0821999982 -0.0549000017
vn -0.973999977 0.174999997 -0.1435
vn -0.973999977 0.188299999 -0.125799999
vn -0.995100021 0.0870999992 -0.0465999991
vn -0.999300003 0.0326999985 -0.0175000001
vn -0.973999977 0.199499995 -0.106799997
vn -0.999899983 0.00719999988 -0.00389999989
vn -1 0 0
vn -0.999300003 0.0364999995 0.00719999988
vn -0.999899983 0.00789999962 0.00159999996
vn -0.999899983 0.00789999962 0.00079999998
vn -0.999300003 0.0370000005 0.0037
vn -1 -9.99999975e-05 0
vn -1 -0.000500000024 0
vn -0.995100021 0.0982000008 0.00970000029
vn -0.995100021 0.0970000029 0.0193000007
vn -0.973999977 0.225400001 0.0222999994
vn -0.973999977 0.222299993 0.0441999994
vn -0.995100021 0.0947000012 0.0285999998
vn -0.999300003 0.0353999995 0.0108000003
vn -0.995100021 0.0913000032 0.0377999991
vn -0.999300003 0.0340999998 0.0142000001
vn -0.973999977 0.216900006 0.0656000003
vn -0.973999977 0.209099993 0.0865999982
vn -0.999899983 0.00779999979 0.00240000011
vn -1 0.000199999995 0
vn -0.999899983 0.00760000013 0.00310000009
vn -1 0.000199999995 0
vn -0.999300003 0.0308999997 0.0207000002
vn -0.999899983 0.00680000009 0.0046000001
vn -0.999899983 0.00719999988 0.00389999989
vn -0.999300003 0.0326999985 0.0175000001
vn -1 0 0
vn -1 0 0
vn -0.995100021 0.0870999992 0.0465999991
vn -0.995100021 0.0820000023 0.0549000017
vn -0.973999977 0.199699998 0.106799997
vn -0.973999977 0.188199997 0.125799999
vn -0.995100021 0.0763000026 0.0626000017
vn -0.999300003 0.0286999997 0.0236000009
vn -0.995100021 0.0697999969 0.0697999969
vn -0.999300003 0.0261000004 0.0263
vn -0.973999977 0.174899995 0.1435
vn -0.973999977 0.160300002 0.159999996
vn -0.999899983 0.00630000001 0.00520000001
vn -1 0 0
vn -0.999899983 0.0057000001 0.00579999993
vn -1 -9.99999975e-05 0
vn -0.999300003 0.0207000002 0.0308999997
vn -0.999899983 0.0046000001 0.00680000009
vn -0.999899983 0.00510000018 0.00630000001
vn -0.999300003 0.0232999995 0.0286999997
vn -1 9.99999975e-05 0
vn -1 0 0
vn -0.995100021 0.0626000017 0.0763999969
vn -0.995100021 0.0549999997 0.0820999965
vn -0.973999977 0.143700004 0.175099999
vn -0.973999977 0.125699997 0.188199997
vn -0.995100021 0.0467000008 0.0870999992
vn -0.999300003 0.0175999999 0.0328000002
vn -0.973999977 0.106700003 0.199599996
vn -0.999899983 0.00389999989 0.00730000017
vn -1 0 0
vn -0.999300003 -0.00719999988 0.0364999995
vn -0.999899983 -0.00159999996 0.00810000021
vn -0.999899983 -0.00079999998 0.00820000004
vn -0.999300003 -0.0037 0.0370000005
vn -1 0 0
vn -1 0 0
vn -0.995100021 -0.00970000029 0.0983000025
vn -0.995100021 -0.0193000007 0.0969000012
vn -0.973999977 -0.0222999994 0.225299999
vn -0.973999977 -0.0441999994 0.222100005
vn -0.995100021 -0.0285999998 0.0944999978
vn -0.999300003 -0.0107000005 0.0355999991
vn -0.973999977 -0.0656000003 0.216700003
vn -0.999899983 -0.00230000005 0.00789999962
vn -1 0 0
vn -0.83099997 0.108499996 -0.545599997
vn -0.83099997 0.161200002 -0.532400012
vn -0.97329998 0.0665000007 -0.219600007
vn -0.97329998 0.0447000004 -0.224999994
vn -0.963100016 -0.0778999999 0.257400006
vn -0.963100016 -0.0524999984 0.263700008
vn -0.83099997 0.212799996 -0.513800025
vn -0.97329998 0.0878000036 -0.211999997
vn -0.963100016 -0.102899998 0.248500004
vn -0.97329998 0.0226000007 -0.228400007
vn -0.83099997 0.0548 -0.553499997
vn -0.97329998 0 -0.229499996
vn -0.83099997 0 -0.556200027
vn -0.963100016 -0.0264999997 0.2676
vn -0.963100016 0 0.268999994
vn -0.719299972 0.068400003 -0.691299975
vn -0.719299972 0.135499999 -0.681400001
vn -0.715499997 0.0688000023 -0.695200026
vn -0.715499997 0.136299998 -0.685100019
vn -0.719299972 0 -0.694700003
vn -0.715399981 0 -0.698700011
vn -0.719299972 0.201299995 -0.664799988
vn -0.719299972 0.265899986 -0.641799986
vn -0.715499997 0.202500001 -0.668600023
vn -0.715499997 0.26730001 -0.645299971
vn -0.83099997 0.308999985 -0.462500006
vn -0.83099997 0.352600008 -0.430099994
vn -0.97329998 0.145500004 -0.177499995
vn -0.97329998 0.127399996 -0.190799996
vn -0.963100016 -0.170499995 0.208000004
vn -0.963100016 -0.149399996 0.2236
vn -0.83099997 0.393299997 -0.393299997
vn -0.97329998 0.162300006 -0.162300006
vn -0.963100016 -0.190200001 0.190200001
vn -0.97329998 0.1083 -0.202399999
vn -0.83099997 0.262400001 -0.490399987
vn -0.963199973 -0.126900002 0.237100005
vn -0.719299972 0.327800006 -0.612500012
vn -0.719299972 0.385899991 -0.577700019
vn -0.715499997 0.32949999 -0.61589998
vn -0.715499997 0.388000011 -0.580900013
vn -0.719299972 0.440499991 -0.537199974
vn -0.719299972 0.491299987 -0.4912
vn -0.715499997 0.442900002 -0.540199995
vn -0.715499997 0.493999988 -0.493900001
vn -0.83099997 0.462500006 -0.308999985
vn -0.83099997 0.490399987 -0.262400001
vn -0.97329998 0.202299997 -0.108199999
vn -0.97329998 0.190799996 -0.127399996
vn -0.963199973 -0.237000003 0.126900002
vn -0.963199973 -0.223499998 0.149399996
vn -0.83099997 0.513800025 -0.212799996
vn -0.97329998 0.211999997 -0.0878000036
vn -0.963100016 -0.248500004 0.102899998
vn -0.97329998 0.177499995 -0.145500004
vn -0.83099997 0.430099994 -0.352600008
vn -0.963199973 -0.207900003 0.170399994
vn -0.719299972 0.537199974 -0.440400004
vn -0.719299972 0.577600002 -0.385899991
vn -0.715399981 0.540300012 -0.442900002
vn -0.715399981 0.58099997 -0.388099998
vn -0.719299972 0.612500012 -0.327699989
vn -0.719299972 0.641799986 -0.265799999
vn -0.715399981 0.615999997 -0.32949999
vn -0.715399981 0.645500004 -0.26730001
vn -0.83099997 0.54549998 -0.108499996
vn -0.83099997 0.553499997 -0.0548
vn -0.97329998 0.228300005 -0.0226000007
vn -0.97329998 0.224999994 -0.0447000004
vn -0.963199973 -0.2676 0.0264999997
vn -0.963199973 -0.263700008 0.0524000004
vn -0.83099997 0.556100011 0
vn -0.97329998 0.229399994 0
vn -0.963100016 -0.268999994 0
vn -0.97329998 0.219600007 -0.0665000007
vn -0.83099997 0.532299995 -0.161200002
vn -0.963199973 -0.257299989 0.0778999999
vn -0.719299972 0.664799988 -0.201299995
vn -0.719299972 0.681299984 -0.135499999
vn -0.715499997 0.668600023 -0.202399999
vn -0.715499997 0.685199976 -0.136299998
vn -0.719299972 0.691299975 -0.068400003
vn -0.719399989 0.694599986 0
vn -0.715499997 0.695200026 -0.0688000023
vn -0.715600014 0.698499978 0
vn -0.83099997 0.54549998 0.108499996
vn -0.83099997 0.532299995 0.161200002
vn -0.97329998 0.219600007 0.0665000007
vn -0.97329998 0.224999994 0.0447000004
vn -0.963199973 -0.257299989 -0.0778999999
vn -0.963199973 -0.263599992 -0.0524000004
vn -0.831099987 0.513800025 0.212799996
vn -0.97329998 0.211999997 0.0878000036
vn -0.963100016 -0.248500004 -0.102899998
vn -0.97329998 0.228300005 0.0226000007
vn -0.83099997 0.553499997 0.0548
vn -0.963199973 -0.2676 -0.0264999997
vn -0.719299972 0.691299975 0.068400003
vn -0.719299972 0.681299984 0.135499999
vn -0.715499997 0.695200026 0.0688000023
vn -0.715399981 0.685299993 0.136299998
vn -0.719299972 0.664799988 0.201299995
vn -0.719399989 0.641700029 0.265799999
vn -0.715499997 0.668600023 0.202500001
vn -0.715600014 0.645299971 0.26730001
vn -0.83099997 0.462399989 0.308999985
vn -0.831099987 0.430000007 0.352600008
vn -0.97329998 0.177399993 0.145500004
vn -0.97329998 0.190699995 0.127399996
vn -0.963199973 -0.207800001 -0.170399994
vn -0.963199973 -0.223499998 -0.149299994
vn -0.831099987 0.393099993 0.39320001
vn -0.97329998 0.162200004 0.162200004
vn -0.963199973 -0.190099999 -0.190099999
vn -0.97329998 0.202299997 0.108199999
vn -0.83099997 0.490399987 0.262400001
vn -0.963199973 -0.237000003 -0.126800001
vn -0.719299972 0.612500012 0.327699989
vn -0.719299972 0.577600002 0.385899991
vn -0.715499997 0.61589998 0.329600006
vn -0.715499997 0.580900013 0.388099998
vn -0.719299972 0.537199974 0.440400004
vn -0.719299972 0.4912 0.4912
vn -0.715499997 0.540199995 0.442900002
vn -0.715499997 0.493900001 0.493999988
vn -0.83099997 0.308999985 0.462399989
vn -0.83099997 0.262400001 0.4903
vn -0.97329998 0.108199999 0.202299997
vn -0.97329998 0.127399996 0.190699995
vn -0.963199973 -0.126800001 -0.237000003
vn -0.963199973 -0.149399996 -0.223499998
vn -0.831099987 0.212799996 0.513700008
vn -0.97329998 0.0878000036 0.211999997
vn -0.963199973 -0.102899998 -0.248400003
vn -0.97329998 0.145500004 0.177399993
vn -0.831099987 0.352499992 0.430099994
vn -0.963199973 -0.170399994 -0.207900003
vn -0.719299972 0.440400004 0.537199974
vn -0.719299972 0.385899991 0.577600002
vn -0.715499997 0.442900002 0.540199995
vn -0.715499997 0.388099998 0.580900013
vn -0.719299972 0.327800006 0.612399995
vn -0.719299972 0.265799999 0.641799986
vn -0.715499997 0.329600006 0.61589998
vn -0.715499997 0.26730001 0.645399988
vn -0.83099997 0.108499996 0.54549998
vn -0.83099997 0.0548 0.553499997
vn -0.97329998 0.0226000007 0.228300005
vn -0.97329998 0.0447000004 0.224999994
vn -0.963199973 -0.0264999997 -0.267399997
vn -0.963199973 -0.0524000004 -0.263599992
vn -0.831099987 0 0.556100011
vn -0.97329998 0 0.229399994
vn -0.963199973 0 -0.26879999
vn -0.97329998 0.066399999 0.219600007
vn -0.83099997 0.1611 0.532299995
vn -0.963199973 -0.0778999999 -0.257200003
vn -0.719299972 0.201299995 0.664900005
vn -0.719299972 0.135499999 0.681299984
vn -0.715499997 0.202399999 0.668600023
vn -0.715499997 0.136199996 0.685100019
vn -0.719299972 0.068400003 0.691299975
vn -0.719399989 0 0.694599986
vn -0.715499997 0.0687000006 0.695200026
vn -0.715499997 0 0.698499978
vn -0.83099997 -0.108499996 0.54549998
vn -0.83099997 -0.161200002 0.532299995
vn -0.97329998 -0.0665000007 0.219600007
vn -0.97329998 -0.0447999984 0.224999994
vn -0.963199973 0.0777999982 -0.257200003
vn -0.963199973 0.0524000004 -0.263599992
vn -0.831099987 -0.212799996 0.513700008
vn -0.97329998 -0.0878999978 0.211999997
vn -0.963199973 0.102799997 -0.248400003
vn -0.97329998 -0.0226000007 0.228300005
vn -0.831099987 -0.0548 0.55339998
vn -0.963199973 0.0264999997 -0.267399997
vn -0.719299972 -0.068400003 0.691299975
vn -0.719299972 -0.135499999 0.681299984
vn -0.715499997 -0.0688000023 0.695200026
vn -0.715499997 -0.136199996 0.685199976
vn -0.719299972 -0.201299995 0.664799988
vn -0.719299972 -0.265899986 0.641700029
vn -0.715499997 -0.202500001 0.668600023
vn -0.715499997 -0.267399997 0.645299971
vn -0.83099997 -0.308999985 0.462399989
vn -0.831099987 -0.352600008 0.430099994
vn -0.97329998 -0.145400003 0.177399993
vn -0.97329998 -0.127399996 0.190699995
vn -0.963199973 0.170399994 -0.207900003
vn -0.963199973 0.149399996 -0.223499998
vn -0.831099987 -0.393099993 0.39320001
vn -0.97329998 -0.162200004 0.162200004
vn -0.963199973 0.189999998 -0.190099999
vn -0.97329998 -0.1083 0.202299997
vn -0.83099997 -0.262400001 0.4903
vn -0.963199973 0.126800001 -0.237000003
vn -0.719299972 -0.327800006 0.612500012
vn -0.719299972 -0.385899991 0.577600002
vn -0.715499997 -0.32949999 0.615999997
vn -0.715600014 -0.388000011 0.580900013
vn -0.719399989 -0.440400004 0.537199974
vn -0.719299972 -0.4912 0.4912
vn -0.715499997 -0.442900002 0.540199995
vn -0.715499997 -0.493900001 0.493900001
vn -0.83099997 -0.462399989 0.308999985
vn -0.83099997 -0.490399987 0.262400001
vn -0.973399997 -0.202199996 0.108199999
vn -0.97329998 -0.190699995 0.127399996
vn -0.963199973 0.237100005 -0.126800001
vn -0.963199973 0.223499998 -0.149299994
vn -0.831099987 -0.513800025 0.212799996
vn -0.973399997 -0.211799994 0.0877000019
vn -0.963100016 0.248500004 -0.102899998
vn -0.97329998 -0.177399993 0.145500004
vn -0.831099987 -0.430000007 0.352600008
vn -0.963199973 0.207800001 -0.170399994
vn -0.719299972 -0.537199974 0.440400004
vn -0.719299972 -0.577600002 0.385899991
vn -0.715499997 -0.540199995 0.442900002
vn -0.715499997 -0.580799997 0.388099998
vn -0.719299972 -0.612500012 0.327699989
vn -0.719399989 -0.641700029 0.265799999
vn -0.715499997 -0.615999997 0.329600006
vn -0.715600014 -0.645299971 0.26730001
vn -0.831099987 -0.545400023 0.108499996
vn -0.831099987 -0.55339998 0.0548
vn -0.97329998 -0.228200004 0.0226000007
vn -0.97329998 -0.224999994 0.0447000004
vn -0.963199973 0.267500013 -0.0264999997
vn -0.963199973 0.263599992 -0.0524000004
vn -0.831099987 -0.556100011 0
vn -0.97329998 -0.229399994 0
vn -0.963199973 0.268900007 0
vn -0.97329998 -0.219600007 0.0665000007
vn -0.83099997 -0.532299995 0.161200002
vn -0.963199973 0.257200003 -0.0778999999
vn -0.719299972 -0.664900005 0.201299995
vn -0.719299972 -0.681400001 0.135499999
vn -0.715600014 -0.668500006 0.202500001
vn -0.715499997 -0.685199976 0.136299998
vn -0.719399989 -0.691200018 0.068400003
vn -0.719399989 -0.694599986 0
vn -0.715499997 -0.695200026 0.0688000023
vn -0.715499997 -0.698599994 0
vn -0.83099997 -0.54549998 -0.108499996
vn -0.83099997 -0.532299995 -0.161200002
vn -0.97329998 -0.219600007 -0.0665000007
vn -0.97329998 -0.224999994 -0.0447000004
vn -0.963199973 0.257299989 0.0778999999
vn -0.963199973 0.263599992 0.0524000004
vn -0.83099997 -0.513800025 -0.212799996
vn -0.97329998 -0.211999997 -0.0878000036
vn -0.963199973 0.248400003 0.102899998
vn -0.97329998 -0.228300005 -0.0226000007
vn -0.83099997 -0.553499997 -0.0548
vn -0.963199973 0.267399997 0.0264999997
vn -0.719299972 -0.691299975 -0.068400003
vn -0.719299972 -0.681400001 -0.135499999
vn -0.715499997 -0.695200026 -0.0688000023
vn -0.715499997 -0.685100019 -0.136299998
vn -0.719299972 -0.664799988 -0.201299995
vn -0.719399989 -0.641700029 -0.265799999
vn -0.715399981 -0.66869998 -0.202399999
vn -0.715399981 -0.645500004 -0.26730001
vn -0.83099997 -0.462500006 -0.308999985
vn -0.83099997 -0.430099994 -0.352600008
vn -0.97329998 -0.177499995 -0.145500004
vn -0.97329998 -0.190799996 -0.127399996
vn -0.963199973 0.207900003 0.170399994
vn -0.963199973 0.223499998 0.149399996
vn -0.83099997 -0.39320001 -0.393299997
vn -0.97329998 -0.162300006 -0.162300006
vn -0.963100016 0.190200001 0.190200001
vn -0.97329998 -0.202399999 -0.108199999
vn -0.83099997 -0.490399987 -0.262400001
vn -0.963199973 0.237000003 0.126900002
vn -0.719299972 -0.612500012 -0.327699989
vn -0.719299972 -0.577600002 -0.385899991
vn -0.715399981 -0.615999997 -0.32949999
vn -0.715399981 -0.58099997 -0.388099998
vn -0.719299972 -0.537199974 -0.440400004
vn -0.719299972 -0.4912 -0.4912
vn -0.715399981 -0.540300012 -0.442900002
vn -0.715499997 -0.493999988 -0.493999988
vn -0.83099997 -0.308999985 -0.462500006
vn -0.83099997 -0.262400001 -0.490399987
vn -0.97329998 -0.1083 -0.202399999
vn -0.97329998 -0.127399996 -0.190799996
vn -0.963199973 0.126900002 0.237100005
vn -0.963199973 0.149399996 0.223499998
vn -0.83099997 -0.212699994 -0.513800025
vn -0.97329998 -0.0878000036 -0.211999997
vn -0.963100016 0.102899998 0.248500004
vn -0.97329998 -0.145500004 -0.177499995
vn -0.83099997 -0.352600008 -0.430099994
vn -0.963100016 0.170499995 0.208000004
vn -0.719299972 -0.440400004 -0.537199974
vn -0.719299972 -0.385899991 -0.577600002
vn -0.715499997 -0.442900002 -0.540199995
vn -0.715499997 -0.388000011 -0.580900013
vn -0.719299972 -0.327800006 -0.612500012
vn -0.719299972 -0.265899986 -0.641799986
vn -0.715499997 -0.32949999 -0.61589998
vn -0.715499997 -0.26730001 -0.645399988
vn -0.83099997 -0.108499996 -0.545599997
vn -0.83099997 -0.0548 -0.553499997
vn -0.97329998 -0.0226000007 -0.228400007
vn -0.97329998 -0.0447000004 -0.224999994
vn -0.963100016 0.0264999997 0.2676
vn -0.963100016 0.0524999984 0.263799995
vn -0.97329998 -0.066399999 -0.219600007
vn -0.83099997 -0.161200002 -0.532400012
vn -0.963100016 0.0778999999 0.257400006
vn -0.719299972 -0.201299995 -0.664900005
vn -0.719299972 -0.135499999 -0.681400001
vn -0.715600014 -0.202500001 -0.668500006
vn -0.715600014 -0.136199996 -0.685100019
vn -0.719299972 -0.068400003 -0.691299975
vn -0.715499997 -0.0688000023 -0.695200026
vn -0.718200028 0.135700002 -0.682500005
vn -0.718299985 0.201700002 -0.665899992
vn -0.881600022 0.136700004 -0.451799989
vn -0.881500006 0.0921000019 -0.463
vn -0.718299985 0.266200006 -0.642700016
vn -0.881600022 0.180500001 -0.43599999
vn -0.881600022 0.0465000011 -0.469700009
vn -0.718299985 0.0684999973 -0.692300022
vn -0.881600022 0 -0.471899986
vn -0.718400002 0 -0.695599973
vn -0.624599993 0.0768999979 -0.777100027
vn -0.624599993 0.1523 -0.765900016
vn -0.603900015 0.0785000026 -0.793200016
vn -0.603799999 0.155499995 -0.781799972
vn -0.62470001 0 -0.780799985
vn -0.603799999 0 -0.797100008
vn -0.62470001 0.226300001 -0.747399986
vn -0.62470001 0.298799992 -0.721499979
vn -0.603799999 0.231000006 -0.762899995
vn -0.603799999 0.305000007 -0.736400008
vn -0.682600021 0.1426 -0.716700017
vn -0.682600021 0.211799994 -0.699400008
vn -0.62349999 0.226500005 -0.748300016
vn -0.62349999 0.152500004 -0.766799986
vn -0.682600021 0.279599994 -0.675100029
vn -0.62349999 0.299100012 -0.722299993
vn -0.62349999 0.0769999996 -0.777999997
vn -0.682600021 0.0719999969 -0.727199972
vn -0.62349999 0 -0.781799972
vn -0.682600021 0 -0.730799973
vn -0.793600023 0.0599000007 -0.605499983
vn -0.793600023 0.118699998 -0.596700013
vn -0.793500006 0 -0.608500004
vn -0.793600023 0.176300004 -0.582300007
vn -0.793500006 0.232899994 -0.56220001
vn -0.718299985 0.386599988 -0.578400016
vn -0.718299985 0.441100001 -0.537999988
vn -0.881500006 0.299400002 -0.36500001
vn -0.881600022 0.262199998 -0.392500013
vn -0.718299985 0.492000014 -0.491899997
vn -0.881500006 0.334100008 -0.333700001
vn -0.881600022 0.222599998 -0.416200012
vn -0.718299985 0.328299999 -0.613399982
vn -0.624599993 0.368400007 -0.688499987
vn -0.624599993 0.433899999 -0.649299979
vn -0.603799999 0.375999987 -0.702799976
vn -0.603799999 0.442799985 -0.662800014
vn -0.624599993 0.495000005 -0.603900015
vn -0.62470001 0.552100003 -0.552200019
vn -0.603799999 0.505299985 -0.616400003
vn -0.603900015 0.563600004 -0.563600004
vn -0.682600021 0.405999988 -0.607599974
vn -0.682600021 0.46329999 -0.565100014
vn -0.62349999 0.495700002 -0.604600012
vn -0.62349999 0.434300005 -0.649999976
vn -0.682600021 0.516700029 -0.516700029
vn -0.62349999 0.5528 -0.5528
vn -0.62349999 0.368800014 -0.689300001
vn -0.682600021 0.344799995 -0.644299984
vn -0.793600023 0.287099987 -0.536499977
vn -0.793600023 0.338 -0.505900025
vn -0.793600023 0.385800004 -0.470499992
vn -0.793500006 0.430299997 -0.430299997
vn -0.718299985 0.578400016 -0.386500001
vn -0.718299985 0.613399982 -0.328299999
vn -0.881600022 0.416099995 -0.2227
vn -0.881600022 0.392399997 -0.262199998
vn -0.718299985 0.642799973 -0.266200006
vn -0.881699979 0.435799986 -0.180600002
vn -0.881500006 0.365200013 -0.299199998
vn -0.718299985 0.538100004 -0.441100001
vn -0.624599993 0.603900015 -0.495099992
vn -0.624599993 0.649299979 -0.433899999
vn -0.603799999 0.616400003 -0.505400002
vn -0.603799999 0.662800014 -0.442900002
vn -0.624599993 0.688499987 -0.368499994
vn -0.624599993 0.721499979 -0.298799992
vn -0.603799999 0.702799976 -0.376100004
vn -0.603799999 0.736400008 -0.305000007
vn -0.682600021 0.607599974 -0.405999988
vn -0.682500005 0.644400001 -0.344799995
vn -0.62349999 0.689300001 -0.368900001
vn -0.62349999 0.649999976 -0.434399992
vn -0.682500005 0.675199986 -0.279599994
vn -0.62349999 0.722299993 -0.299199998
vn -0.62349999 0.604600012 -0.495700002
vn -0.682600021 0.565100014 -0.46329999
vn -0.793600023 0.470499992 -0.385800004
vn -0.793600023 0.505800009 -0.338
vn -0.793600023 0.536499977 -0.287099987
vn -0.793500006 0.56220001 -0.232800007
vn -0.718299985 0.682399988 -0.135700002
vn -0.718299985 0.692300022 -0.0684999973
vn -0.881600022 0.469599992 -0.0465000011
vn -0.881600022 0.462900013 -0.0921000019
vn -0.718400002 0.695599973 0
vn -0.881600022 0.471899986 0
vn -0.881600022 0.451599985 -0.136800006
vn -0.718299985 0.665899992 -0.2016
vn -0.624599993 0.747399986 -0.226400003
vn -0.624599993 0.765999973 -0.1523
vn -0.603799999 0.762899995 -0.231000006
vn -0.603699982 0.781799972 -0.155499995
vn -0.624499977 0.777199984 -0.0768999979
vn -0.624599993 0.780900002 0
vn -0.603699982 0.793299973 -0.0785000026
vn -0.603699982 0.797200024 0
vn -0.682500005 0.716799974 -0.1426
vn -0.682500005 0.727299988 -0.0719999969
vn -0.623399973 0.778100014 -0.0769999996
vn -0.623399973 0.766900003 -0.152500004
vn -0.682500005 0.73089999 0
vn -0.623399973 0.781899989 0
vn -0.623399973 0.748300016 -0.226600006
vn -0.682500005 0.699500024 -0.211799994
vn -0.793500006 0.582400024 -0.176300004
vn -0.793600023 0.596800029 -0.118699998
vn -0.793500006 0.605499983 -0.0599000007
vn -0.793500006 0.60860002 0
vn -0.718400002 0.682299972 0.135700002
vn -0.718299985 0.665799975 0.2016
vn -0.881600022 0.451700002 0.136800006
vn -0.881500006 0.463099986 0.0921000019
vn -0.718299985 0.642799973 0.266200006
vn -0.881699979 0.435799986 0.180600002
vn -0.881600022 0.469700009 0.0465000011
vn -0.718500018 0.692099988 0.0684999973
vn -0.624599993 0.777199984 0.0768999979
vn -0.624599993 0.765900016 0.152400002
vn -0.603699982 0.793299973 0.0785000026
vn -0.603699982 0.781899989 0.155499995
vn -0.624499977 0.747500002 0.226400003
vn -0.624499977 0.721499979 0.298900008
vn -0.603699982 0.763000011 0.231000006
vn -0.603699982 0.736500025 0.305099994
vn -0.682500005 0.716799974 0.1426
vn -0.682500005 0.699500024 0.211799994
vn -0.623300016 0.748399973 0.226600006
vn -0.623300016 0.766900003 0.152500004
vn -0.682500005 0.675199986 0.279700011
vn -0.623300016 0.72240001 0.299199998
vn -0.623300016 0.778100014 0.0769999996
vn -0.682500005 0.727299988 0.0719999969
vn -0.793500006 0.605499983 0.0599000007
vn -0.793500006 0.596800029 0.118699998
vn -0.793500006 0.582499981 0.176300004
vn -0.79339999 0.562300026 0.232899994
vn -0.718200028 0.578499973 0.386500001
vn -0.718200028 0.538100004 0.441199988
vn -0.881600022 0.364899993 0.299299985
vn -0.881500006 0.3926 0.262300014
vn -0.718299985 0.491899997 0.492000014
vn -0.881600022 0.333799988 0.333799988
vn -0.881500006 0.416299999 0.2227
vn -0.718200028 0.613499999 0.328299999
vn -0.624499977 0.688600004 0.368499994
vn -0.624300003 0.649500012 0.433899999
vn -0.603699982 0.702899992 0.376199991
vn -0.603600025 0.662899971 0.442900002
vn -0.62440002 0.603999972 0.495200008
vn -0.624499977 0.552100003 0.552299976
vn -0.603600025 0.61650002 0.505500019
vn -0.603600025 0.56370002 0.56370002
vn -0.682399988 0.60769999 0.405999988
vn -0.682399988 0.565199971 0.463400006
vn -0.623300016 0.604700029 0.495799989
vn -0.623300016 0.650200009 0.434399992
vn -0.682399988 0.516900003 0.516799986
vn -0.623300016 0.552900016 0.552900016
vn -0.623300016 0.689400017 0.368900001
vn -0.682500005 0.644400001 0.344900012
vn -0.793500006 0.536499977 0.287099987
vn -0.793500006 0.505999982 0.338099986
vn -0.79339999 0.470699996 0.385800004
vn -0.79339999 0.430500001 0.430400014
vn -0.718100011 0.386599988 0.578599989
vn -0.718100011 0.328399986 0.613499999
vn -0.881600022 0.222599998 0.416200012
vn -0.881600022 0.262100011 0.3926
vn -0.718100011 0.266400009 0.64289999
vn -0.881500006 0.180800006 0.436100006
vn -0.881500006 0.299400002 0.365099996
vn -0.718200028 0.441100001 0.538100004
vn -0.624499977 0.495099992 0.603999972
vn -0.62440002 0.433999985 0.649399996
vn -0.603500009 0.505500019 0.616599977
vn -0.603500009 0.442900002 0.662999988
vn -0.62440002 0.368600011 0.68870002
vn -0.62440002 0.298900008 0.721599996
vn -0.603600025 0.376100004 0.703000009
vn -0.603500009 0.305099994 0.736599982
vn -0.682399988 0.406100005 0.607800007
vn -0.682399988 0.344900012 0.644500017
vn -0.623199999 0.368999988 0.689499974
vn -0.623199999 0.434500009 0.650200009
vn -0.682399988 0.279700011 0.675300002
vn -0.623199999 0.299299985 0.722500026
vn -0.623199999 0.495799989 0.604700029
vn -0.682399988 0.463400006 0.565299988
vn -0.79339999 0.385899991 0.470699996
vn -0.793500006 0.338099986 0.506099999
vn -0.79339999 0.287200004 0.53670001
vn -0.793299973 0.232899994 0.562399983
vn -0.718100011 0.135800004 0.682500005
vn -0.718100011 0.0684999973 0.692499995
vn -0.881500006 0.0465000011 0.469900012
vn -0.881500006 0.0921000019 0.463099986
vn -0.718200028 0 0.695800006
vn -0.881600022 0 0.472000003
vn -0.881500006 0.136899993 0.451900005
vn -0.718100011 0.201800004 0.666000009
vn -0.624300003 0.226400003 0.747600019
vn -0.624300003 0.152400002 0.766099989
vn -0.603500009 0.231099993 0.763100028
vn -0.603500009 0.155499995 0.782000005
vn -0.624300003 0.0768999979 0.777400017
vn -0.624300003 0 0.781099975
vn -0.603500009 0.0785000026 0.793500006
vn -0.603500009 0 0.797299981
vn -0.682299972 0.1426 0.717000008
vn -0.682299972 0.0719999969 0.727500021
vn -0.623199999 0.0769999996 0.778299987
vn -0.623199999 0.152600005 0.767099977
vn -0.682299972 0 0.731000006
vn -0.623199999 0 0.782100022
vn -0.623199999 0.226699993 0.74849999
vn -0.682399988 0.211899996 0.699599981
vn -0.79339999 0.176400006 0.582599998
vn -0.79339999 0.118699998 0.597000003
vn -0.79339999 0.0599999987 0.605799973
vn -0.793299973 0 0.608799994
vn -0.718100011 -0.135800004 0.682500005
vn -0.718100011 -0.201700002 0.666100025
vn -0.881500006 -0.136899993 0.451900005
vn -0.881500006 -0.0922000036 0.463099986
vn -0.718100011 -0.266299993 0.64289999
vn -0.881600022 -0.180600002 0.436100006
vn -0.881600022 -0.0465000011 0.469700009
vn -0.718200028 -0.0684999973 0.692399979
vn -0.624300003 -0.0769999996 0.7773
vn -0.624300003 -0.152400002 0.766099989
vn -0.603500009 -0.0785000026 0.793500006
vn -0.603500009 -0.155499995 0.782000005
vn -0.62440002 -0.226400003 0.747600019
vn -0.624300003 -0.298900008 0.721700013
vn -0.603500009 -0.231099993 0.763100028
vn -0.603500009 -0.305099994 0.736599982
vn -0.682299972 -0.1426 0.717000008
vn -0.682299972 -0.211899996 0.699599981
vn -0.623199999 -0.226600006 0.74849999
vn -0.623099983 -0.152600005 0.767099977
vn -0.682299972 -0.279700011 0.675300002
vn -0.623199999 -0.299299985 0.722500026
vn -0.623099983 -0.0769999996 0.778299987
vn -0.682299972 -0.0719999969 0.727500021
vn -0.79339999 -0.0599999987 0.605799973
vn -0.79339999 -0.118699998 0.597000003
vn -0.79339999 -0.176400006 0.582599998
vn -0.793299973 -0.232999995 0.562399983
vn -0.718100011 -0.386599988 0.578599989
vn -0.718200028 -0.441100001 0.538100004
vn -0.881500006 -0.299400002 0.365099996
vn -0.881600022 -0.262199998 0.3926
vn -0.718200028 -0.492000014 0.492000014
vn -0.881500006 -0.333999991 0.333799988
vn -0.881600022 -0.222599998 0.416200012
vn -0.718100011 -0.328399986 0.613499999
vn -0.624300003 -0.368699998 0.68870002
vn -0.624300003 -0.433999985 0.649399996
vn -0.603500009 -0.376199991 0.703000009
vn -0.603500009 -0.442999989 0.662899971
vn -0.62440002 -0.495200008 0.604099989
vn -0.624499977 -0.552200019 0.552399993
vn -0.603500009 -0.505500019 0.616599977
vn -0.603600025 -0.56370002 0.563799977
vn -0.682299972 -0.406100005 0.607800007
vn -0.682399988 -0.463499993 0.565299988
vn -0.623199999 -0.495799989 0.604799986
vn -0.623199999 -0.434500009 0.650200009
vn -0.682399988 -0.516900003 0.516900003
vn -0.623199999 -0.552999973 0.552900016
vn -0.623199999 -0.368999988 0.689499974
vn -0.682299972 -0.344900012 0.644500017
vn -0.79339999 -0.287200004 0.53670001
vn -0.79339999 -0.338099986 0.506099999
vn -0.79339999 -0.385899991 0.470699996
vn -0.793299973 -0.430500001 0.430400014
vn -0.682399988 -0.60769999 0.406100005
vn -0.682399988 -0.565199971 0.463499993
vn -0.79339999 -0.470699996 0.385899991
vn -0.793500006 -0.505999982 0.338099986
vn -0.793500006 -0.536599994 0.287200004
vn -0.682399988 -0.644400001 0.344900012
vn -0.79339999 -0.562399983 0.232899994
vn -0.682399988 -0.675300002 0.279700011
vn -0.623199999 -0.689499974 0.368900001
vn -0.623199999 -0.650200009 0.434399992
vn -0.603600025 -0.702899992 0.376199991
vn -0.603500009 -0.662999988 0.442900002
vn -0.623300016 -0.72240001 0.299199998
vn -0.603699982 -0.736500025 0.305099994
vn -0.623300016 -0.604700029 0.495799989
vn -0.603600025 -0.61650002 0.505500019
vn -0.718100011 -0.578599989 0.386599988
vn -0.718200028 -0.538100004 0.441199988
vn -0.62440002 -0.603999972 0.495200008
vn -0.624300003 -0.649500012 0.433899999
vn -0.62440002 -0.68870002 0.368499994
vn -0.718100011 -0.613600016 0.328299999
vn -0.624499977 -0.721499979 0.298900008
vn -0.718100011 -0.64289999 0.266200006
vn -0.881500006 -0.416200012 0.2227
vn -0.881500006 -0.3926 0.262300014
vn -0.881600022 -0.43599999 0.180600002
vn -0.881500006 -0.365099996 0.299400002
vn -0.718200028 -0.682399988 0.135700002
vn -0.718100011 -0.692499995 0.0684999973
vn -0.881399989 -0.469999999 0.0465000011
vn -0.881299973 -0.46329999 0.0921000019
vn -0.717999995 -0.69599998 0
vn -0.881600022 -0.472000003 0
vn -0.881500006 -0.451900005 0.136800006
vn -0.718200028 -0.666000009 0.201700002
vn -0.624499977 -0.747500002 0.226400003
vn -0.62440002 -0.765999973 0.152400002
vn -0.603600025 -0.763000011 0.231099993
vn -0.603600025 -0.781899989 0.155499995
vn -0.62440002 -0.777199984 0.0768999979
vn -0.62440002 -0.781099975 0
vn -0.603699982 -0.793299973 0.0785000026
vn -0.603699982 -0.797200024 0
vn -0.682500005 -0.716799974 0.1426
vn -0.682500005 -0.727299988 0.0719999969
vn -0.623300016 -0.778100014 0.0769999996
vn -0.623300016 -0.766900003 0.152500004
vn -0.682500005 -0.73089999 0
vn -0.623300016 -0.781899989 0
vn -0.623300016 -0.748399973 0.226600006
vn -0.682399988 -0.699500024 0.211799994
vn -0.79339999 -0.582499981 0.176400006
vn -0.793500006 -0.596800029 0.118699998
vn -0.793500006 -0.605599999 0.0599000007
vn -0.79339999 -0.608699977 0
vn -0.718100011 -0.682600021 -0.135700002
vn -0.718100011 -0.666000009 -0.2016
vn -0.881399989 -0.451999992 -0.136800006
vn -0.881500006 -0.463099986 -0.0921000019
vn -0.718200028 -0.642799973 -0.266200006
vn -0.881600022 -0.436100006 -0.180600002
vn -0.881500006 -0.469799995 -0.0465000011
vn -0.717999995 -0.692600012 -0.0684999973
vn -0.62440002 -0.7773 -0.0768999979
vn -0.624499977 -0.765999973 -0.1523
vn -0.603699982 -0.79339999 -0.0785000026
vn -0.603699982 -0.781899989 -0.155499995
vn -0.624599993 -0.747399986 -0.226400003
vn -0.624599993 -0.721499979 -0.298799992
vn -0.603699982 -0.762899995 -0.231000006
vn -0.603699982 -0.736500025 -0.305099994
vn -0.682500005 -0.716799974 -0.1426
vn -0.682500005 -0.699500024 -0.211799994
vn -0.623399973 -0.748300016 -0.226600006
vn -0.623399973 -0.766900003 -0.152500004
vn -0.682500005 -0.675199986 -0.279700011
vn -0.623399973 -0.72240001 -0.299199998
vn -0.623300016 -0.778100014 -0.0769999996
vn -0.682500005 -0.727299988 -0.0719999969
vn -0.793500006 -0.605599999 -0.0599000007
vn -0.793600023 -0.596800029 -0.118699998
vn -0.793500006 -0.582400024 -0.176300004
vn -0.793500006 -0.56220001 -0.232899994
vn -0.718299985 -0.578400016 -0.386599988
vn -0.718299985 -0.537999988 -0.441100001
vn -0.881500006 -0.365200013 -0.299199998
vn -0.881500006 -0.3926 -0.262300014
vn -0.718400002 -0.49180001 -0.491899997
vn -0.881600022 -0.333900005 -0.333700001
vn -0.881600022 -0.416099995 -0.2227
vn -0.718299985 -0.613399982 -0.328299999
vn -0.624499977 -0.688600004 -0.368400007
vn -0.624499977 -0.649399996 -0.433899999
vn -0.603699982 -0.702899992 -0.376100004
vn -0.603699982 -0.662899971 -0.442900002
vn -0.624599993 -0.603900015 -0.495099992
vn -0.624599993 -0.552200019 -0.552200019
vn -0.603699982 -0.61650002 -0.505400002
vn -0.603799999 -0.563600004 -0.563600004
vn -0.682500005 -0.607599974 -0.405999988
vn -0.682600021 -0.565100014 -0.46329999
vn -0.623399973 -0.604600012 -0.495700002
vn -0.623399973 -0.650099993 -0.434399992
vn -0.682600021 -0.516799986 -0.516700029
vn -0.62349999 -0.5528 -0.5528
vn -0.623399973 -0.689400017 -0.368900001
vn -0.682500005 -0.644400001 -0.344799995
vn -0.793500006 -0.536499977 -0.287099987
vn -0.793600023 -0.505900025 -0.338
vn -0.793500006 -0.470600009 -0.385800004
vn -0.793500006 -0.430299997 -0.430299997
vn -0.718299985 -0.386500001 -0.578400016
vn -0.718299985 -0.328200012 -0.613399982
vn -0.881600022 -0.222800002 -0.416099995
vn -0.881500006 -0.262300014 -0.392500013
vn -0.718400002 -0.266200006 -0.642700016
vn -0.881600022 -0.180600002 -0.43599999
vn -0.881500006 -0.299400002 -0.36500001
vn -0.718299985 -0.441100001 -0.537899971
vn -0.624599993 -0.495099992 -0.603900015
vn -0.624599993 -0.433899999 -0.649299979
vn -0.603699982 -0.505400002 -0.616400003
vn -0.603799999 -0.442900002 -0.662800014
vn -0.624599993 -0.368400007 -0.688600004
vn -0.624599993 -0.298799992 -0.721499979
vn -0.603799999 -0.376100004 -0.702799976
vn -0.603799999 -0.305099994 -0.736400008
vn -0.682600021 -0.405999988 -0.607599974
vn -0.682600021 -0.344799995 -0.644299984
vn -0.62349999 -0.368900001 -0.689300001
vn -0.623399973 -0.434300005 -0.650099993
vn -0.682600021 -0.279599994 -0.675100029
vn -0.62349999 -0.299199998 -0.722299993
vn -0.62349999 -0.495700002 -0.604600012
vn -0.682600021 -0.46329999 -0.565100014
vn -0.793500006 -0.385800004 -0.470600009
vn -0.793600023 -0.338 -0.505900025
vn -0.793600023 -0.287 -0.536499977
vn -0.793500006 -0.232800007 -0.56220001
vn -0.718200028 -0.135800004 -0.682399988
vn -0.718299985 -0.0684999973 -0.692300022
vn -0.881500006 -0.0465000011 -0.469799995
vn -0.881500006 -0.0921000019 -0.463099986
vn -0.881600022 -0.136700004 -0.451799989
vn -0.718299985 -0.201700002 -0.665899992
vn -0.62470001 -0.226400003 -0.747300029
vn -0.62470001 -0.152400002 -0.765900016
vn -0.603799999 -0.231000006 -0.762899995
vn -0.603799999 -0.155499995 -0.781799972
vn -0.62470001 -0.0768999979 -0.77700001
vn -0.603799999 -0.0785000026 -0.793200016
vn -0.682600021 -0.1426 -0.716700017
vn -0.682600021 -0.0719999969 -0.727199972
vn -0.62349999 -0.0769999996 -0.777999997
vn -0.62349999 -0.152500004 -0.766799986
vn -0.62349999 -0.226600006 -0.748300016
vn -0.682600021 -0.211799994 -0.699400008
vn -0.793600023 -0.176300004 -0.582300007
vn -0.793600023 -0.118699998 -0.596700013
vn -0.793600023 -0.0599000007 -0.605499983
vn -0.774100006 -0.351700008 0.52640003
vn -0.774100006 -0.298700005 0.558200002
vn -0.773999989 -0.298799992 0.558200002
vn -0.773999989 -0.351799995 0.52640003
vn -0.773699999 -0.298999995 0.558499992
vn -0.773699999 -0.351999998 0.526600003
vn -0.774100006 -0.242300004 0.584900022
vn -0.774100006 -0.242300004 0.584900022
vn -0.773800015 -0.242400005 0.585200012
vn -0.773999989 -0.4014 0.489600003
vn -0.773999989 -0.4014 0.489499986
vn -0.774100006 -0.447600007 0.447600007
vn -0.774100006 -0.447699994 0.447600007
vn -0.773800015 -0.401600003 0.489800006
vn -0.773800015 -0.447899997 0.44780001
vn -0.773699999 -0.40169999 0.489800006
vn -0.773699999 -0.351999998 0.52670002
vn -0.773800015 -0.401499987 0.489800006
vn -0.773800015 -0.351900011 0.526600003
vn -0.773800015 -0.447899997 0.44780001
vn -0.773899972 -0.44780001 0.447899997
vn -0.773800015 -0.298900008 0.558499992
vn -0.773800015 -0.242400005 0.585200012
vn -0.773800015 -0.298900008 0.558399975
vn -0.773899972 -0.242400005 0.585099995
vn -0.99849999 -0.0300999992 0.0452000014
vn -0.99849999 -0.0254999995 0.0478999987
vn -0.850899994 -0.247799993 0.463099986
vn -0.850899994 -0.291900009 0.436800003
vn -0.99849999 -0.0206000004 0.0500000007
vn -0.850899994 -0.201000005 0.485199988
vn -0.850899994 -0.333000004 0.406300008
vn -0.99849999 -0.0342999995 0.0419999994
vn -0.851000011 -0.371199995 0.371499985
vn -0.99849999 -0.0381999984 0.0383000001
vn -0.869400024 0.313300014 -0.381999999
vn -0.869400024 0.274500012 -0.41080001
vn -0.869400024 0.349299997 -0.349299997
vn -0.869400024 0.232999995 -0.435600013
vn -0.869400024 0.188999996 -0.456400007
vn -0.774100006 -0.52640003 0.351700008
vn -0.774100006 -0.489499986 0.401300013
vn -0.773999989 -0.489600003 0.4014
vn -0.773999989 -0.52640003 0.351799995
vn -0.773800015 -0.489899993 0.401600003
vn -0.773800015 -0.52670002 0.351900011
vn -0.774100006 -0.558200002 0.298700005
vn -0.774100006 -0.558200002 0.298700005
vn -0.774100006 -0.584900022 0.242300004
vn -0.774100006 -0.584900022 0.242300004
vn -0.773899972 -0.558399975 0.298799992
vn -0.773899972 -0.585099995 0.242400005
vn -0.773800015 -0.558499992 0.298799992
vn -0.773800015 -0.52670002 0.351900011
vn -0.773899972 -0.558399975 0.298799992
vn -0.773899972 -0.526499987 0.351900011
vn -0.773800015 -0.585200012 0.242400005
vn -0.773800015 -0.585099995 0.242300004
vn -0.773800015 -0.489800006 0.401600003
vn -0.773899972 -0.48969999 0.401600003
vn -0.99849999 -0.0454000011 0.0302000009
vn -0.99849999 -0.0421000011 0.0344999991
vn -0.850899994 -0.406300008 0.333099991
vn -0.850799978 -0.437000006 0.291900009
vn -0.850899994 -0.463099986 0.247899994
vn -0.99849999 -0.0482000001 0.0255999994
vn -0.850899994 -0.485300004 0.201000005
vn -0.99849999 -0.0504000001 0.0207000002
vn -0.869599998 0.435299993 -0.233099997
vn -0.869400024 0.41080001 -0.274399996
vn -0.869400024 0.456400007 -0.188999996
vn -0.869400024 0.382099986 -0.313199997
vn -0.774100006 -0.620899975 0.123499997
vn -0.774100006 -0.60589999 0.183400005
vn -0.774100006 -0.60589999 0.183500007
vn -0.773999989 -0.620899975 0.123499997
vn -0.773800015 -0.60619998 0.183500007
vn -0.773800015 -0.621200025 0.123499997
vn -0.773999989 -0.629999995 0.0623000003
vn -0.773999989 -0.629999995 0.0623000003
vn -0.773999989 -0.633099973 0
vn -0.773999989 -0.633099973 0
vn -0.773800015 -0.630299985 0.0623999983
vn -0.773800015 -0.633400023 0
vn -0.773800015 -0.630299985 0.0623999983
vn -0.773800015 -0.621200025 0.123599999
vn -0.773800015 -0.630400002 0.0623000003
vn -0.773800015 -0.621200025 0.123499997
vn -0.773800015 -0.633400023 0
vn -0.773800015 -0.633400023 0
vn -0.773800015 -0.60619998 0.183599994
vn -0.773899972 -0.606100023 0.183599994
vn -0.99849999 -0.0533000007 0.0105999997
vn -0.99849999 -0.0522000007 0.0156999994
vn -0.850799978 -0.502900004 0.152199998
vn -0.850899994 -0.515200019 0.102499999
vn -0.850799978 -0.522899985 0.0516999997
vn -0.99849999 -0.0542000011 0.00529999984
vn -0.850899994 -0.525300026 0
vn -0.99849999 -0.0544000007 0
vn -0.869499981 0.491600007 -0.0485999994
vn -0.869499981 0.484499991 -0.0962999985
vn -0.869499981 0.493999988 0
vn -0.869400024 0.472900003 -0.143099993
vn -0.773999989 -0.620999992 -0.123499997
vn -0.773999989 -0.629999995 -0.0623000003
vn -0.773999989 -0.630100012 -0.0623000003
vn -0.773999989 -0.620999992 -0.123499997
vn -0.773800015 -0.630400002 -0.0623999983
vn -0.773800015 -0.621200025 -0.123599999
vn -0.773999989 -0.60589999 -0.183500007
vn -0.774100006 -0.60589999 -0.183400005
vn -0.774100006 -0.584900022 -0.242300004
vn -0.774100006 -0.584900022 -0.242200002
vn -0.773800015 -0.60619998 -0.183500007
vn -0.773899972 -0.585099995 -0.242400005
vn -0.773800015 -0.60619998 -0.183599994
vn -0.773800015 -0.621200025 -0.123599999
vn -0.773899972 -0.606100023 -0.183500007
vn -0.773800015 -0.621200025 -0.123599999
vn -0.773800015 -0.585200012 -0.242400005
vn -0.773800015 -0.585099995 -0.242300004
vn -0.773800015 -0.630299985 -0.0623999983
vn -0.773800015 -0.630299985 -0.0623999983
vn -0.99849999 -0.0537 -0.0105999997
vn -0.99849999 -0.0544000007 -0.00529999984
vn -0.850799978 -0.523000002 -0.0516999997
vn -0.850799978 -0.515399992 -0.102499999
vn -0.850899994 -0.502699971 -0.1523
vn -0.99849999 -0.0520000011 -0.0156999994
vn -0.851000011 -0.485199988 -0.201000005
vn -0.99849999 -0.0500000007 -0.0207000002
vn -0.869400024 0.472799987 0.143199995
vn -0.869499981 0.484400004 0.0962999985
vn -0.869499981 0.45629999 0.189099997
vn -0.869499981 0.49149999 0.0485999994
vn -0.774100006 -0.526300013 -0.351700008
vn -0.774100006 -0.558200002 -0.298700005
vn -0.774100006 -0.558099985 -0.298700005
vn -0.773999989 -0.52640003 -0.351700008
vn -0.773800015 -0.558399975 -0.298799992
vn -0.773800015 -0.52670002 -0.351900011
vn -0.773999989 -0.489600003 -0.4014
vn -0.774100006 -0.489499986 -0.401300013
vn -0.774100006 -0.447600007 -0.447600007
vn -0.774100006 -0.447600007 -0.447600007
vn -0.773800015 -0.489800006 -0.401600003
vn -0.773800015 -0.44780001 -0.447899997
vn -0.773800015 -0.489800006 -0.401600003
vn -0.773800015 -0.52670002 -0.351900011
vn -0.773800015 -0.489800006 -0.401600003
vn -0.773800015 -0.526600003 -0.351900011
vn -0.773800015 -0.44780001 -0.447899997
vn -0.773800015 -0.448000014 -0.44780001
vn -0.773800015 -0.558499992 -0.298799992
vn -0.773800015 -0.558499992 -0.298799992
vn -0.99849999 -0.0450999998 -0.0302000009
vn -0.99849999 -0.0478999987 -0.0255999994
vn -0.850899994 -0.463099986 -0.247899994
vn -0.850899994 -0.436800003 -0.291900009
vn -0.850899994 -0.406300008 -0.333099991
vn -0.99849999 -0.0419999994 -0.0344999991
vn -0.850899994 -0.371300012 -0.371499985
vn -0.99849999 -0.0381999984 -0.0384000018
vn -0.869400024 0.382200003 0.313199997
vn -0.869400024 0.410899997 0.274500012
vn -0.869499981 0.34920001 0.349400014
vn -0.869499981 0.435400009 0.233099997
vn -0.774100006 -0.351700008 -0.52640003
vn -0.774100006 -0.401300013 -0.489499986
vn -0.774100006 -0.401300013 -0.489600003
vn -0.774100006 -0.351599991 -0.52640003
vn -0.773800015 -0.401600003 -0.489899993
vn -0.773800015 -0.351900011 -0.52670002
vn -0.773999989 -0.298700005 -0.558200002
vn -0.774100006 -0.298700005 -0.558200002
vn -0.774100006 -0.242300004 -0.584900022
vn -0.774100006 -0.242300004 -0.584800005
vn -0.773800015 -0.298900008 -0.558499992
vn -0.773800015 -0.242400005 -0.585200012
vn -0.773800015 -0.298900008 -0.558499992
vn -0.773699999 -0.351999998 -0.52670002
vn -0.773800015 -0.298799992 -0.558499992
vn -0.773800015 -0.351900011 -0.52670002
vn -0.773800015 -0.242400005 -0.585200012
vn -0.773800015 -0.242300004 -0.585200012
vn -0.773800015 -0.40169999 -0.489800006
vn -0.773699999 -0.40169999 -0.489800006
vn -0.99849999 -0.0302000009 -0.0452999994
vn -0.99849999 -0.0344000012 -0.0421000011
vn -0.850899994 -0.332899988 -0.406300008
vn -0.850899994 -0.291700006 -0.43689999
vn -0.850899994 -0.247799993 -0.463200003
vn -0.99849999 -0.0253999997 -0.0478999987
vn -0.850899994 -0.200900003 -0.485300004
vn -0.99849999 -0.0206000004 -0.0500999987
vn -0.869400024 0.233199999 0.435499996
vn -0.869499981 0.274399996 0.410699993
vn -0.869400024 0.188999996 0.456400007
vn -0.869499981 0.312900007 0.382099986
vn -0.774100006 -0.123499997 -0.620899975
vn -0.774100006 -0.183400005 -0.60589999
vn -0.773999989 -0.183500007 -0.60589999
vn -0.773999989 -0.123499997 -0.620899975
vn -0.773800015 -0.183599994 -0.60619998
vn -0.773800015 -0.123599999 -0.621200025
vn -0.773999989 -0.0623000003 -0.629999995
vn -0.774100006 -0.0623000003 -0.629999995
vn -0.774100006 0 -0.633099973
vn -0.774100006 0 -0.633000016
vn -0.773800015 -0.0623999983 -0.630299985
vn -0.773800015 0 -0.633400023
vn -0.773800015 -0.0623999983 -0.630400002
vn -0.773800015 -0.123599999 -0.621299982
vn -0.773800015 -0.0623000003 -0.630299985
vn -0.773800015 -0.123599999 -0.621200025
vn -0.773800015 0 -0.633400023
vn -0.773899972 0 -0.633300006
vn -0.773800015 -0.183500007 -0.606299996
vn -0.773800015 -0.183500007 -0.606299996
vn -0.99849999 -0.0105999997 -0.0533999987
vn -0.99849999 -0.0156999994 -0.0520000011
vn -0.850899994 -0.152199998 -0.502799988
vn -0.850899994 -0.102499999 -0.515299976
vn -0.850899994 -0.0516999997 -0.522700012
vn -0.99849999 -0.00529999984 -0.0540000014
vn -0.851000011 0 -0.525200009
vn -0.99849999 0 -0.0540999994
vn -0.869400024 0.0485999994 0.491600007
vn -0.869499981 0.0962999985 0.484499991
vn -0.869400024 0 0.494100004
vn -0.869499981 0.143000007 0.472799987
vn -0.773999989 0.123499997 -0.620999992
vn -0.774100006 0.0623000003 -0.629999995
vn -0.773999989 0.0623000003 -0.629999995
vn -0.773999989 0.123499997 -0.620999992
vn -0.773800015 0.0623999983 -0.630299985
vn -0.773800015 0.123599999 -0.621200025
vn -0.773999989 0.183500007 -0.60589999
vn -0.773999989 0.183400005 -0.60589999
vn -0.773999989 0.242300004 -0.584900022
vn -0.774100006 0.242200002 -0.584900022
vn -0.773899972 0.183500007 -0.60619998
vn -0.773800015 0.242400005 -0.585200012
vn -0.773800015 0.183500007 -0.60619998
vn -0.773800015 0.123599999 -0.621200025
vn -0.773899972 0.183500007 -0.60619998
vn -0.773899972 0.123499997 -0.621200025
vn -0.773800015 0.242400005 -0.585200012
vn -0.773800015 0.242400005 -0.585099995
vn -0.773800015 0.0623999983 -0.630299985
vn -0.773800015 0.0623000003 -0.630299985
vn -0.99849999 0.0105999997 -0.0533999987
vn -0.99849999 0.00529999984 -0.0540000014
vn -0.850899994 0.0516999997 -0.522700012
vn -0.850899994 0.102499999 -0.515299976
vn -0.850899994 0.1523 -0.502799988
vn -0.99849999 0.0157999992 -0.0520000011
vn -0.850899994 0.201000005 -0.485300004
vn -0.99849999 0.0206000004 -0.0500999987
vn -0.869400024 -0.143199995 0.472799987
vn -0.869499981 -0.0962999985 0.484499991
vn -0.869400024 -0.189199999 0.456400007
vn -0.869400024 -0.0485999994 0.491600007
vn -0.773999989 0.351799995 -0.52640003
vn -0.773999989 0.298700005 -0.558200002
vn -0.773999989 0.298700005 -0.558200002
vn -0.773999989 0.351799995 -0.52640003
vn -0.773800015 0.298900008 -0.558499992
vn -0.773800015 0.351900011 -0.52670002
vn -0.773999989 0.4014 -0.489600003
vn -0.774100006 0.4014 -0.489499986
vn -0.774100006 0.447600007 -0.447600007
vn -0.774100006 0.447600007 -0.447600007
vn -0.773800015 0.401600003 -0.489899993
vn -0.773800015 0.44780001 -0.447899997
vn -0.773800015 0.401600003 -0.489899993
vn -0.773800015 0.351900011 -0.52670002
vn -0.773899972 0.4014 -0.489899993
vn -0.773800015 0.351900011 -0.52670002
vn -0.773800015 0.44780001 -0.447899997
vn -0.773899972 0.447699994 -0.447899997
vn -0.773800015 0.298900008 -0.558499992
vn -0.773800015 0.298900008 -0.558499992
vn -0.99849999 0.0300999992 -0.0452999994
vn -0.99849999 0.0252999999 -0.0478999987
vn -0.850899994 0.247799993 -0.463200003
vn -0.850799978 0.291999996 -0.43689999
vn -0.850799978 0.333200008 -0.406300008
vn -0.99849999 0.0348000005 -0.0421000011
vn -0.850899994 0.371499985 -0.371399999
vn -0.99849999 0.0388000011 -0.0384000018
vn -0.869499981 -0.31310001 0.381999999
vn -0.869400024 -0.274500012 0.410699993
vn -0.869499981 -0.349099994 0.349299997
vn -0.869400024 -0.233199999 0.435499996
vn -0.774100006 0.52640003 -0.351700008
vn -0.774100006 0.489499986 -0.401300013
vn -0.773999989 0.489600003 -0.4014
vn -0.773999989 0.52640003 -0.351700008
vn -0.773800015 0.489800006 -0.401600003
vn -0.773800015 0.52670002 -0.351799995
vn -0.773999989 0.558200002 -0.298700005
vn -0.774100006 0.558200002 -0.298700005
vn -0.774100006 0.584800005 -0.242300004
vn -0.774100006 0.584800005 -0.242300004
vn -0.773800015 0.558399975 -0.298799992
vn -0.773800015 0.585099995 -0.242300004
vn -0.773800015 0.558399975 -0.298900008
vn -0.773699999 0.52670002 -0.351900011
vn -0.773800015 0.558499992 -0.298799992
vn -0.773800015 0.52670002 -0.351900011
vn -0.773899972 0.585099995 -0.242400005
vn -0.773899972 0.585099995 -0.242400005
vn -0.773800015 0.489899993 -0.401600003
vn -0.773800015 0.489800006 -0.401600003
vn -0.99849999 0.0450000018 -0.0302000009
vn -0.99849999 0.0421000011 -0.0344999991
vn -0.850799978 0.406300008 -0.333099991
vn -0.850899994 0.436800003 -0.291799992
vn -0.850799978 0.46329999 -0.247799993
vn -0.99849999 0.0480000004 -0.0255999994
vn -0.850899994 0.485399991 -0.201000005
vn -0.99849999 0.0500999987 -0.0207000002
vn -0.869400024 -0.435499996 0.233099997
vn -0.869400024 -0.410899997 0.274500012
vn -0.869400024 -0.456499994 0.189099997
vn -0.869400024 -0.382099986 0.313199997
vn -0.773999989 0.620899975 -0.123499997
vn -0.774100006 0.60589999 -0.183500007
vn -0.774100006 0.60589999 -0.183500007
vn -0.773999989 0.620999992 -0.123499997
vn -0.773800015 0.60619998 -0.183500007
vn -0.773800015 0.621200025 -0.123599999
vn -0.773999989 0.630100012 -0.0623000003
vn -0.773999989 0.629999995 -0.0623000003
vn -0.773999989 0.633099973 0
vn -0.773999989 0.633099973 0
vn -0.773699999 0.630400002 -0.0623999983
vn -0.773800015 0.633400023 0
vn -0.773699999 0.630400002 -0.0623999983
vn -0.773800015 0.621200025 -0.123599999
vn -0.773800015 0.630299985 -0.0623999983
vn -0.773800015 0.621200025 -0.123599999
vn -0.773800015 0.633400023 0
vn -0.773899972 0.633300006 0
vn -0.773800015 0.60619998 -0.183599994
vn -0.773899972 0.606000006 -0.183599994
vn -0.99849999 0.0535000004 -0.0105999997
vn -0.99849999 0.0520000011 -0.0156999994
vn -0.850899994 0.502799988 -0.1523
vn -0.850700021 0.515500009 -0.102499999
vn -0.850799978 0.522899985 -0.0516999997
vn -0.99849999 0.054299999 -0.00529999984
vn -0.850899994 0.525300026 0
vn -0.99849999 0.0546000004 0
vn -0.869400024 -0.491600007 0.0485999994
vn -0.869400024 -0.484600008 0.0962999985
vn -0.869499981 -0.493900001 0
vn -0.869400024 -0.472799987 0.143199995
vn -0.773999989 0.620899975 0.123499997
vn -0.773999989 0.630100012 0.0623000003
vn -0.774100006 0.629999995 0.0623000003
vn -0.774100006 0.620899975 0.123499997
vn -0.773800015 0.630299985 0.0623999983
vn -0.773800015 0.621200025 0.123499997
vn -0.773999989 0.60589999 0.183500007
vn -0.774100006 0.60589999 0.183500007
vn -0.774100006 0.584900022 0.242300004
vn -0.774100006 0.584900022 0.242200002
vn -0.773800015 0.60619998 0.183500007
vn -0.773899972 0.585099995 0.242400005
vn -0.773800015 0.60619998 0.183599994
vn -0.773800015 0.621299982 0.123599999
vn -0.773800015 0.60619998 0.183500007
vn -0.773800015 0.621299982 0.123499997
vn -0.773800015 0.585099995 0.242400005
vn -0.773800015 0.585200012 0.242300004
vn -0.773699999 0.630400002 0.0623999983
vn -0.773800015 0.630299985 0.0623999983
vn -0.99849999 0.0533000007 0.0105999997
vn -0.99849999 0.0542000011 0.00529999984
vn -0.850899994 0.522800028 0.0516999997
vn -0.850899994 0.515299976 0.102499999
vn -0.850799978 0.502900004 0.152199998
vn -0.99849999 0.052099999 0.0156999994
vn -0.850899994 0.485399991 0.201000005
vn -0.99849999 0.0500999987 0.0207000002
vn -0.869400024 -0.472900003 -0.143099993
vn -0.869499981 -0.484400004 -0.0962999985
vn -0.869400024 -0.456499994 -0.188999996
vn -0.869499981 -0.49149999 -0.0485999994
vn -0.774100006 0.52640003 0.351700008
vn -0.774100006 0.558099985 0.298700005
vn -0.774100006 0.558099985 0.298700005
vn -0.774100006 0.526300013 0.351700008
vn -0.773899972 0.558399975 0.298799992
vn -0.773800015 0.526600003 0.351900011
vn -0.774100006 0.489600003 0.4014
vn -0.774100006 0.489499986 0.4014
vn -0.774100006 0.447600007 0.447600007
vn -0.774100006 0.447600007 0.447600007
vn -0.773800015 0.489800006 0.401600003
vn -0.773800015 0.447899997 0.447899997
vn -0.773800015 0.489800006 0.401600003
vn -0.773800015 0.52670002 0.351900011
vn -0.773800015 0.489800006 0.401600003
vn -0.773800015 0.526600003 0.351900011
vn -0.773800015 0.447899997 0.447899997
vn -0.773800015 0.447899997 0.447899997
vn -0.773800015 0.558499992 0.298799992
vn -0.773800015 0.558399975 0.298799992
vn -0.99849999 0.0454999991 0.0302000009
vn -0.99849999 0.0480000004 0.0255999994
vn -0.850899994 0.463200003 0.247899994
vn -0.850799978 0.436800003 0.291900009
vn -0.850799978 0.406399995 0.333099991
vn -0.99849999 0.0423999988 0.0344999991
vn -0.850899994 0.371399999 0.371499985
vn -0.99849999 0.0383000001 0.0384000018
vn -0.869400024 -0.382099986 -0.313199997
vn -0.869499981 -0.410699993 -0.274399996
vn -0.869400024 -0.349400014 -0.349299997
vn -0.869400024 -0.435600013 -0.232999995
vn -0.774100006 0.351700008 0.52640003
vn -0.773999989 0.4014 0.489499986
vn -0.773999989 0.4014 0.489600003
vn -0.773999989 0.351799995 0.52640003
vn -0.773800015 0.401600003 0.489899993
vn -0.773800015 0.351900011 0.52670002
vn -0.773999989 0.298700005 0.558200002
vn -0.773999989 0.298700005 0.558200002
vn -0.774100006 0.242300004 0.584900022
vn -0.774100006 0.242300004 0.584900022
vn -0.773800015 0.298900008 0.558399975
vn -0.773800015 0.242400005 0.585200012
vn -0.773699999 0.298900008 0.558499992
vn -0.773699999 0.351999998 0.52670002
vn -0.773800015 0.298900008 0.558499992
vn -0.773800015 0.351900011 0.52670002
vn -0.773800015 0.242400005 0.585200012
vn -0.773800015 0.242400005 0.585099995
vn -0.773699999 0.401800007 0.489800006
vn -0.773800015 0.401600003 0.489800006
vn -0.99849999 0.0300999992 0.0452000014
vn -0.99849999 0.0342999995 0.0421000011
vn -0.850899994 0.333000004 0.406300008
vn -0.850799978 0.291900009 0.436800003
vn -0.850899994 0.247799993 0.463099986
vn -0.99849999 0.0253999997 0.0478999987
vn -0.850899994 0.200900003 0.485199988
vn -0.99849999 0.0206000004 0.0500000007
vn -0.869400024 -0.233099997 -0.435600013
vn -0.869400024 -0.274599999 -0.410699993
vn -0.869400024 -0.188999996 -0.456499994
vn -0.869400024 -0.313199997 -0.381999999
vn -0.773999989 0.123499997 0.620899975
vn -0.774100006 0.183500007 0.60589999
vn -0.773999989 0.183500007 0.60589999
vn -0.773999989 0.123499997 0.620999992
vn -0.773800015 0.183599994 0.60619998
vn -0.773800015 0.123599999 0.621200025
vn -0.773999989 0.0623000003 0.629999995
vn -0.774100006 0.0623000003 0.629999995
vn -0.774100006 0 0.633000016
vn -0.774100006 0 0.633000016
vn -0.773800015 0.0623999983 0.630299985
vn -0.773899972 0 0.633300006
vn -0.773800015 0.0623999983 0.630299985
vn -0.773800015 0.123599999 0.621200025
vn -0.773899972 0.0623999983 0.630200028
vn -0.773899972 0.123499997 0.621100008
vn -0.773800015 0 0.633400023
vn -0.773899972 0 0.633400023
vn -0.773800015 0.183500007 0.60619998
vn -0.773899972 0.183400005 0.60619998
vn -0.99849999 0.0104999999 0.0533000007
vn -0.99849999 0.0156999994 0.0518999994
vn -0.850899994 0.152099997 0.502699971
vn -0.850899994 0.102399997 0.515200019
vn -0.850899994 0.0516999997 0.522800028
vn -0.99849999 0.00520000001 0.0540999994
vn -0.850899994 0 0.525300026
vn -0.99849999 0 0.054299999
vn -0.869400024 -0.0487000011 -0.491600007
vn -0.869400024 -0.0962999985 -0.484499991
vn -0.869400024 0 -0.494100004
vn -0.869400024 -0.143099993 -0.472799987
vn -0.774100006 -0.123499997 0.620899975
vn -0.774100006 -0.0623000003 0.629999995
vn -0.773999989 -0.0623000003 0.629999995
vn -0.773999989 -0.123499997 0.620999992
vn -0.773800015 -0.0623000003 0.630299985
vn -0.773800015 -0.123499997 0.621200025
vn -0.773999989 -0.183500007 0.60589999
vn -0.774100006 -0.183500007 0.60589999
vn -0.773800015 -0.183500007 0.60619998
vn -0.773800015 -0.183500007 0.60619998
vn -0.773800015 -0.123599999 0.621299982
vn -0.773899972 -0.183500007 0.60619998
vn -0.773800015 -0.123499997 0.621200025
vn -0.773800015 -0.0623999983 0.630299985
vn -0.773800015 -0.0623999983 0.630299985
vn -0.99849999 -0.0105999997 0.0533000007
vn -0.99849999 -0.00529999984 0.0540999994
vn -0.850899994 -0.0516999997 0.522800028
vn -0.850899994 -0.102499999 0.515200019
vn -0.850899994 -0.152199998 0.502799988
vn -0.99849999 -0.0156999994 0.0520000011
vn -0.869400024 0.143199995 -0.472799987
vn -0.869400024 0.0964000002 -0.484499991
vn -0.869400024 0.0485999994 -0.491600007
f 1//1 2//2 3//3
f 1//1 3//3 4//4
f 4//4 3//3 5//5
f 4//4 5//5 6//6
f 2//2 7//7 8//8
f 2//2 8//8 3//3
f 3//3 8//8 9//9
f 3//3 9//9 5//5
f 1//1 4//4 10//10
f 1//1 10//10 11//11
f 11//11 10//10 12//12
f 11//11 12//12 13//13
f 4//4 6//6 14//14
f 4//4 14//14 10//10
f 10//10 14//14 15//15
f 10//10 15//15 12//12
f 1//1 11//11 16//16
f 1//1 16//16 17//17
f 17//17 16//16 18//18
f 17//17 18//18 19//19
f 11//11 13//13 20//20
f 11//11 20//20 16//16
f 16//16 20//20 21//21
f 16//16 21//21 18//18
f 1//1 17//17 22//22
f 1//1 22//22 2//2
f 2//2 22//22 23//23
f 2//2 23//23 7//7
f 17//17 19//19 24//24
f 17//17 24//24 22//22
f 22//22 24//24 25//25
f 22//22 25//25 23//23
f 26//26 27//27 28//28
f 26//26 28//28 29//29
f 29//29 28//28 30//30
f 29//29 30//30 31//31
f 27//27 13//13 12//12
f 27//27 12//12 28//28
f 28//28 12//12 15//15
f 28//28 15//15 30//30
f 26//26 29//29 32//32
f 26//26 32//32 33//33
f 33//33 32//32 34//34
f 33//33 34//34 35//35
f 29//29 31//31 36//36
f 29//29 36//36 32//32
f 32//32 36//36 37//37
f 32//32 37//37 34//34
f 26//26 33//33 38//38
f 26//26 38//38 39//39
f 39//39 38//38 40//40
f 39//39 40//40 41//41
f 33//33 35//35 42//42
f 33//33 42//42 38//38
f 38//38 42//42 43//43
f 38//38 43//43 40//40
f 26//26 39//39 44//44
f 26//26 44//44 27//27
f 27//27 44//44 20//20
f 27//27 20//20 13//13
f 39//39 41//41 45//45
f 39//39 45//45 44//44
f 44//44 45//45 21//21
f 44//44 21//21 20//20
f 46//46 47//47 48//48
f 46//46 48//48 49//49
f 49//49 48//48 24//24
f 49//49 24//24 19//19
f 47//47 50//50 51//51
f 47//47 51//51 48//48
f 48//48 51//51 25//25
f 48//48 25//25 24//24
f 46//46 49//49 52//52
f 46//46 52//52 53//53
f 53//53 52//52 54//54
f 53//53 54//54 55//55
f 49//49 19//19 18//18
f 49//49 18//18 52//52
f 52//52 18//18 21//21
f 52//52 21//21 54//54
f 46//46 53//53 56//56
f 46//46 56//56 57//57
f 57//57 56//56 58//58
f 57//57 58//58 59//59
f 53//53 55//55 60//60
f 53//53 60//60 56//56
f 56//56 60//60 61//61
f 56//56 61//61 58//58
f 46//46 57//57 62//62
f 46//46 62//62 47//47
f 47//47 62//62 63//63
f 47//47 63//63 50//50
f 57//57 59//59 64//64
f 57//57 64//64 62//62
f 62//62 64//64 65//65
f 62//62 65//65 63//63
f 66//66 67//67 68//68
f 66//66 68//68 69//69
f 69//69 68//68 45//45
f 69//69 45//45 41//41
f 67//67 55//55 54//54
f 67//67 54//54 68//68
f 68//68 54//54 21//21
f 68//68 21//21 45//45
f 66//66 69//69 70//70
f 66//66 70//70 71//71
f 71//71 70//70 72//72
f 71//71 72//72 73//73
f 69//69 41//41 40//40
f 69//69 40//40 70//70
f 70//70 40//40 43//43
f 70//70 43//43 72//72
f 66//66 71//71 74//74
f 66//66 74//74 75//75
f 75//75 74//74 76//76
f 75//75 76//76 77//77
f 71//71 73//73 78//78
f 71//71 78//78 74//74
f 74//74 78//78 79//79
f 74//74 79//79 76//76
f 66//66 75//75 80//80
f 66//66 80//80 67//67
f 67//67 80//80 60//60
f 67//67 60//60 55//55
f 75//75 77//77 81//81
f 75//75 81//81 80//80
f 80//80 81//81 61//61
f 80//80 61//61 60//60
f 82//82 83//83 84//84
f 82//82 84//84 85//85
f 85//85 84//84 64//64
f 85//85 64//64 59//59
f 83//83 86//86 87//87
f 83//83 87//87 84//84
f 84//84 87//87 65//65
f 84//84 65//65 64//64
f 82//82 85//85 88//88
f 82//82 88//88 89//89
f 89//89 88//88 90//90
f 89//89 90//90 91//91
f 85//85 59//59 58//58
f 85//85 58//58 88//88
f 88//88 58//58 61//61
f 88//88 61//61 90//90
f 82//82 89//89 92//92
f 82//82 92//92 93//93
f 93//93 92//92 94//94
f 93//93 94//94 95//95
f 89//89 91//91 96//96
f 89//89 96//96 92//92
f 92//92 96//96 97//97
f 92//92 97//97 94//94
f 82//82 93//93 98//98
f 82//82 98//98 83//83
f 83//83 98//98 99//99
f 83//83 99//99 86//86
f 93//93 95//95 100//100
f 93//93 100//100 98//98
f 98//98 100//100 101//101
f 98//98 101//101 99//99
f 102//102 103//103 104//104
f 102//102 104//104 105//105
f 105//105 104//104 81//81
f 105//105 81//81 77//77
f 103//103 91//91 90//90
f 103//103 90//90 104//104
f 104//104 90//90 61//61
f 104//104 61//61 81//81
f 102//102 105//105 106//106
f 102//102 106//106 107//107
f 107//107 106//106 108//108
f 107//107 108//108 109//109
f 105//105 77//77 76//76
f 105//105 76//76 106//106
f 106//106 76//76 79//79
f 106//106 79//79 108//108
f 102//102 107//107 110//110
f 102//102 110//110 111//111
f 111//111 110//110 112//112
f 111//111 112//112 113//113
f 107//107 109//109 114//114
f 107//107 114//114 110//110
f 110//110 114//114 115//115
f 110//110 115//115 112//112
f 102//102 111//111 116//116
f 102//102 116//116 103//103
f 103//103 116//116 96//96
f 103//103 96//96 91//91
f 111//111 113//113 117//117
f 111//111 117//117 116//116
f 116//116 117//117 97//97
f 116//116 97//97 96//96
f 118//118 119//119 120//120
f 118//118 120//120 121//121
f 121//121 120//120 100//100
f 121//121 100//100 95//95
f 119//119 122//122 123//123
f 119//119 123//123 120//120
f 120//120 123//123 101//101
f 120//120 101//101 100//100
f 118//118 121//121 124//124
f 118//118 124//124 125//125
f 125//125 124//124 126//126
f 125//125 126//126 127//127
f 121//121 95//95 94//94
f 121//121 94//94 124//124
f 124//124 94//94 97//97
f 124//124 97//97 126//126
f 118//118 125//125 128//128
f 118//118 128//128 129//129
f 129//129 128//128 130//130
f 129//129 130//130 131//131
f 125//125 127//127 132//132
f 125//125 132//132 128//128
f 128//128 132//132 133//133
f 128//128 133//133 130//130
f 118//118 129//129 134//134
f 118//118 134//134 119//119
f 119//119 134//134 135//135
f 119//119 135//135 122//122
f 129//129 131//131 136//136
f 129//129 136//136 134//134
f 134//134 136//136 137//137
f 134//134 137//137 135//135
f 138//138 139//139 140//140
f 138//138 140//140 141//141
f 141//141 140//140 117//117
f 141//141 117//117 113//113
f 139//139 127//127 126//126
f 139//139 126//126 140//140
f 140//140 126//126 97//97
f 140//140 97//97 117//117
f 138//138 141//141 142//142
f 138//138 142//142 143//143
f 143//143 142//142 144//144
f 143//143 144//144 145//145
f 141//141 113//113 112//112
f 141//141 112//112 142//142
f 142//142 112//112 115//115
f 142//142 115//115 144//144
f 138//138 143//143 146//146
f 138//138 146//146 147//147
f 147//147 146//146 148//148
f 147//147 148//148 149//149
f 143//143 145//145 150//150
f 143//143 150//150 146//146
f 146//146 150//150 151//151
f 146//146 151//151 148//148
f 138//138 147//147 152//152
f 138//138 152//152 139//139
f 139//139 152//152 132//132
f 139//139 132//132 127//127
f 147//147 149//149 153//153
f 147//147 153//153 152//152
f 152//152 153//153 133//133
f 152//152 133//133 132//132
f 154//154 155//155 156//156
f 154//154 156//156 157//157
f 157//157 156//156 136//136
f 157//157 136//136 131//131
f 155//155 158//158 159//159
f 155//155 159//159 156//156
f 156//156 159//159 137//137
f 156//156 137//137 136//136
f 154//154 157//157 160//160
f 154//154 160//160 161//161
f 161//161 160//160 162//162
f 161//161 162//162 163//163
f 157//157 131//131 130//130
f 157//157 130//130 160//160
f 160//160 130//130 133//133
f 160//160 133//133 162//162
f 154//154 161//161 164//164
f 154//154 164//164 165//165
f 165//165 164//164 166//166
f 165//165 166//166 167//167
f 161//161 163//163 168//168
f 161//161 168//168 164//164
f 164//164 168//168 169//169
f 164//164 169//169 166//166
f 154//154 165//165 170//170
f 154//154 170//170 155//155
f 155//155 170//170 171//171
f 155//155 171//171 158//158
f 165//165 167//167 172//172
f 165//165 172//172 170//170
f 170//170 172//172 173//173
f 170//170 173//173 171//171
f 174//174 175//175 176//176
f 174//174 176//176 177//177
f 177//177 176//176 153//153
f 177//177 153//153 149//149
f 175//175 163//163 162//162
f 175//175 162//162 176//176
f 176//176 162//162 133//133
f 176//176 133//133 153//153
f 174//174 177//177 178//178
f 174//174 178//178 179//179
f 179//179 178//178 180//180
f 179//179 180//180 181//181
f 177//177 149//149 148//148
f 177//177 148//148 178//178
f 178//178 148//148 151//151
f 178//178 151//151 180//180
f 174//174 179//179 182//182
f 174//174 182//182 183//183
f 183//183 182//182 184//184
f 183//183 184//184 185//185
f 179//179 181//181 186//186
f 179//179 186//186 182//182
f 182//182 186//186 187//187
f 182//182 187//187 184//184
f 174//174 183//183 188//188
f 174//174 188//188 175//175
f 175//175 188//188 168//168
f 175//175 168//168 163//163
f 183//183 185//185 189//189
f 183//183 189//189 188//188
f 188//188 189//189 169//169
f 188//188 169//169 168//168
f 190//190 191//191 192//192
f 190//190 192//192 193//193
f 193//193 192//192 172//172
f 193//193 172//172 167//167
f 191//191 194//194 195//195
f 191//191 195//195 192//192
f 192//192 195//195 173//173
f 192//192 173//173 172//172
f 190//190 193//193 196//196
f 190//190 196//196 197//197
f 197//197 196//196 198//198
f 197//197 198//198 199//199
f 193//193 167//167 166//166
f 193//193 166//166 196//196
f 196//196 166//166 169//169
f 196//196 169//169 198//198
f 190//190 197//197 200//200
f 190//190 200//200 201//201
f 201//201 200//200 202//202
f 201//201 202//202 203//203
f 197//197 199//199 204//204
f 197//197 204//204 200//200
f 200//200 204//204 205//205
f 200//200 205//205 202//202
f 190//190 201//201 206//206
f 190//190 206//206 191//191
f 191//191 206//206 207//207
f 191//191 207//207 194//194
f 201//201 203//203 208//208
f 201//201 208//208 206//206
f 206//206 208//208 209//209
f 206//206 209//209 207//207
f 210//210 211//211 212//212
f 210//210 212//212 213//213
f 213//213 212//212 189//189
f 213//213 189//189 185//185
f 211//211 199//199 198//198
f 211//211 198//198 212//212
f 212//212 198//198 169//169
f 212//212 169//169 189//189
f 210//210 213//213 214//214
f 210//210 214//214 215//215
f 215//215 214//214 216//216
f 215//215 216//216 217//217
f 213//213 185//185 184//184
f 213//213 184//184 214//214
f 214//214 184//184 187//187
f 214//214 187//187 216//216
f 210//210 215//215 218//218
f 210//210 218//218 219//219
f 219//219 218//218 220//220
f 219//219 220//220 221//221
f 215//215 217//217 222//222
f 215//215 222//222 218//218
f 218//218 222//222 223//223
f 218//218 223//223 220//220
f 210//210 219//219 224//224
f 210//210 224//224 211//211
f 211//211 224//224 204//204
f 211//211 204//204 199//199
f 219//219 221//221 225//225
f 219//219 225//225 224//224
f 224//224 225//225 205//205
f 224//224 205//205 204//204
f 226//226 227//227 228//228
f 226//226 228//228 229//229
f 229//229 228//228 208//208
f 229//229 208//208 203//203
f 227//227 230//230 231//231
f 227//227 231//231 228//228
f 228//228 231//231 209//209
f 228//228 209//209 208//208
f 226//226 229//229 232//232
f 226//226 232//232 233//233
f 233//233 232//232 234//234
f 233//233 234//234 235//235
f 229//229 203//203 202//202
f 229//229 202//202 232//232
f 232//232 202//202 205//205
f 232//232 205//205 234//234
f 226//226 233//233 236//236
f 226//226 236//236 237//237
f 237//237 236//236 238//238
f 237//237 238//238 239//239
f 233//233 235//235 240//240
f 233//233 240//240 236//236
f 236//236 240//240 241//241
f 236//236 241//241 238//238
f 226//226 237//237 242//242
f 226//226 242//242 227//227
f 227//227 242//242 243//243
f 227//227 243//243 230//230
f 237//237 239//239 244//244
f 237//237 244//244 242//242
f 242//242 244//244 245//245
f 242//242 245//245 243//243
f 246//246 247//247 248//248
f 246//246 248//248 249//249
f 249//249 248//248 225//225
f 249//249 225//225 221//221
f 247//247 235//235 234//234
f 247//247 234//234 248//248
f 248//248 234//234 205//205
f 248//248 205//205 225//225
f 246//246 249//249 250//250
f 246//246 250//250 251//251
f 251//251 250//250 252//252
f 251//251 252//252 253//253
f 249//249 221//221 220//220
f 249//249 220//220 250//250
f 250//250 220//220 223//223
f 250//250 223//223 252//252
f 246//246 251//251 254//254
f 246//246 254//254 255//255
f 255//255 254//254 256//256
f 255//255 256//256 257//257
f 251//251 253//253 258//258
f 251//251 258//258 254//254
f 254//254 258//258 259//259
f 254//254 259//259 256//256
f 246//246 255//255 260//260
f 246//246 260//260 247//247
f 247//247 260//260 240//240
f 247//247 240//240 235//235
f 255//255 257//257 261//261
f 255//255 261//261 260//260
f 260//260 261//261 241//241
f 260//260 241//241 240//240
f 262//262 263//263 264//264
f 262//262 264//264 265//265
f 265//265 264//264 244//244
f 265//265 244//244 239//239
f 263//263 266//266 267//267
f 263//263 267//267 264//264
f 264//264 267//267 245//245
f 264//264 245//245 244//244
f 262//262 265//265 268//268
f 262//262 268//268 269//269
f 269//269 268//268 270//270
f 269//269 270//270 271//271
f 265//265 239//239 238//238
f 265//265 238//238 268//268
f 268//268 238//238 241//241
f 268//268 241//241 270//270
f 262//262 269//269 272//272
f 262//262 272//272 273//273
f 273//273 272//272 274//274
f 273//273 274//274 275//275
f 269//269 271//271 276//276
f 269//269 276//276 272//272
f 272//272 276//276 277//277
f 272//272 277//277 274//274
f 262//262 273//273 278//278
f 262//262 278//278 263//263
f 263//263 278//278 279//279
f 263//263 279//279 266//266
f 273//273 275//275 280//280
f 273//273 280//280 278//278
f 278//278 280//280 281//281
f 278//278 281//281 279//279
f 282//282 283//283 284//284
f 282//282 284//284 285//285
f 285//285 284//284 261//261
f 285//285 261//261 257//257
f 283//283 271//271 270//270
f 283//283 270//270 284//284
f 284//284 270//270 241//241
f 284//284 241//241 261//261
f 282//282 285//285 286//286
f 282//282 286//286 287//287
f 287//287 286//286 288//288
f 287//287 288//288 289//289
f 285//285 257//257 256//256
f 285//285 256//256 286//286
f 286//286 256//256 259//259
f 286//286 259//259 288//288
f 282//282 287//287 290//290
f 282//282 290//290 291//291
f 291//291 290//290 292//292
f 291//291 292//292 293//293
f 287//287 289//289 294//294
f 287//287 294//294 290//290
f 290//290 294//294 295//295
f 290//290 295//295 292//292
f 282//282 291//291 296//296
f 282//282 296//296 283//283
f 283//283 296//296 276//276
f 283//283 276//276 271//271
f 291//291 293//293 297//297
f 291//291 297//297 296//296
f 296//296 297//297 277//277
f 296//296 277//277 276//276
f 298//298 299//299 300//300
f 298//298 300//300 301//301
f 301//301 300//300 280//280
f 301//301 280//280 275//275
f 299//299 302//302 303//303
f 299//299 303//303 300//300
f 300//300 303//303 281//281
f 300//300 281//281 280//280
f 298//298 301//301 304//304
f 298//298 304//304 305//305
f 305//305 304//304 306//306
f 305//305 306//306 307//307
f 301//301 275//275 274//274
f 301//301 274//274 304//304
f 304//304 274//274 277//277
f 304//304 277//277 306//306
f 298//298 305//305 308//308
f 298//298 308//308 309//309
f 309//309 308//308 310//310
f 309//309 310//310 311//311
f 305//305 307//307 312//312
f 305//305 312//312 308//308
f 308//308 312//312 313//313
f 308//308 313//313 310//310
f 298//298 309//309 314//314
f 298//298 314//314 299//299
f 299//299 314//314 315//315
f 299//299 315//315 302//302
f 309//309 311//311 316//316
f 309//309 316//316 314//314
f 314//314 316//316 317//317
f 314//314 317//317 315//315
f 318//318 319//319 320//320
f 318//318 320//320 321//321
f 321//321 320//320 297//297
f 321//321 297//297 293//293
f 319//319 307//307 306//306
f 319//319 306//306 320//320
f 320//320 306//306 277//277
f 320//320 277//277 297//297
f 318//318 321//321 322//322
f 318//318 322//322 323//323
f 323//323 322//322 324//324
f 323//323 324//324 325//325
f 321//321 293//293 292//292
f 321//321 292//292 322//322
f 322//322 292//292 295//295
f 322//322 295//295 324//324
f 318//318 323//323 326//326
f 318//318 326//326 327//327
f 327//327 326//326 328//328
f 327//327 328//328 329//329
f 323//323 325//325 330//330
f 323//323 330//330 326//326
f 326//326 330//330 331//331
f 326//326 331//331 328//328
f 318//318 327//327 332//332
f 318//318 332//332 319//319
f 319//319 332//332 312//312
f 319//319 312//312 307//307
f 327//327 329//329 333//333
f 327//327 333//333 332//332
f 332//332 333//333 313//313
f 332//332 313//313 312//312
f 334//334 335//335 336//336
f 334//334 336//336 337//337
f 337//337 336//336 316//316
f 337//337 316//316 311//311
f 335//335 338//338 339//339
f 335//335 339//339 336//336
f 336//336 339//339 317//317
f 336//336 317//317 316//316
f 334//334 337//337 340//340
f 334//334 340//340 341//341
f 341//341 340//340 342//342
f 341//341 342//342 343//343
f 337//337 311//311 310//310
f 337//337 310//310 340//340
f 340//340 310//310 313//313
f 340//340 313//313 342//342
f 334//334 341//341 344//344
f 334//334 344//344 345//345
f 345//345 344//344 346//346
f 345//345 346//346 347//347
f 341//341 343//343 348//348
f 341//341 348//348 344//344
f 344//344 348//348 349//349
f 344//344 349//349 346//346
f 334//334 345//345 350//350
f 334//334 350//350 335//335
f 335//335 350//350 351//351
f 335//335 351//351 338//338
f 345//345 347//347 352//352
f 345//345 352//352 350//350
f 350//350 352//352 353//353
f 350//350 353//353 351//351
f 354//354 355//355 356//356
f 354//354 356//356 357//357
f 357//357 356//356 333//333
f 357//357 333//333 329//329
f 355//355 343//343 342//342
f 355//355 342//342 356//356
f 356//356 342//342 313//313
f 356//356 313//313 333//333
f 354//354 357//357 358//358
f 354//354 358//358 359//359
f 359//359 358//358 360//360
f 359//359 360//360 361//361
f 357//357 329//329 328//328
f 357//357 328//328 358//358
f 358//358 328//328 331//331
f 358//358 331//331 360//360
f 354//354 359//359 362//362
f 354//354 362//362 363//363
f 363//363 362//362 364//364
f 363//363 364//364 365//365
f 359//359 361//361 366//366
f 359//359 366//366 362//362
f 362//362 366//366 367//367
f 362//362 367//367 364//364
f 354//354 363//363 368//368
f 354//354 368//368 355//355
f 355//355 368//368 348//348
f 355//355 348//348 343//343
f 363//363 365//365 369//369
f 363//363 369//369 368//368
f 368//368 369//369 349//349
f 368//368 349//349 348//348
f 370//370 371//371 372//372
f 370//370 372//372 373//373
f 373//373 372//372 352//352
f 373//373 352//352 347//347
f 371//371 374//374 375//375
f 371//371 375//375 372//372
f 372//372 375//375 353//353
f 372//372 353//353 352//352
f 370//370 373//373 376//376
f 370//370 376//376 377//377
f 377//377 376//376 378//378
f 377//377 378//378 379//379
f 373//373 347//347 346//346
f 373//373 346//346 376//376
f 376//376 346//346 349//349
f 376//376 349//349 378//378
f 370//370 377//377 380//380
f 370//370 380//380 381//381
f 381//381 380//380 382//382
f 381//381 382//382 383//383
f 377//377 379//379 384//384
f 377//377 384//384 380//380
f 380//380 384//384 385//385
f 380//380 385//385 382//382
f 370//370 381//381 386//386
f 370//370 386//386 371//371
f 371//371 386//386 387//387
f 371//371 387//387 374//374
f 381//381 383//383 388//388
f 381//381 388//388 386//386
f 386//386 388//388 389//389
f 386//386 389//389 387//387
f 390//390 391//391 392//392
f 390//390 392//392 393//393
f 393//393 392//392 369//369
f 393//393 369//369 365//365
f 391//391 379//379 378//378
f 391//391 378//378 392//392
f 392//392 378//378 349//349
f 392//392 349//349 369//369
f 390//390 393//393 394//394
f 390//390 394//394 395//395
f 395//395 394//394 396//396
f 395//395 396//396 397//397
f 393//393 365//365 364//364
f 393//393 364//364 394//394
f 394//394 364//364 367//367
f 394//394 367//367 396//396
f 390//390 395//395 398//398
f 390//390 398//398 399//399
f 399//399 398//398 400//400
f 399//399 400//400 401//401
f 395//395 397//397 402//402
f 395//395 402//402 398//398
f 398//398 402//402 403//403
f 398//398 403//403 400//400
f 390//390 399//399 404//404
f 390//390 404//404 391//391
f 391//391 404//404 384//384
f 391//391 384//384 379//379
f 399//399 401//401 405//405
f 399//399 405//405 404//404
f 404//404 405//405 385//385
f 404//404 385//385 384//384
f 406//406 407//407 408//408
f 406//406 408//408 409//409
f 409//409 408//408 388//388
f 409//409 388//388 383//383
f 407//407 410//410 411//411
f 407//407 411//411 408//408
f 408//408 411//411 389//389
f 408//408 389//389 388//388
f 406//406 409//409 412//412
f 406//406 412//412 413//413
f 413//413 412//412 414//414
f 413//413 414//414 415//415
f 409//409 383//383 382//382
f 409//409 382//382 412//412
f 412//412 382//382 385//385
f 412//412 385//385 414//414
f 406//406 413//413 416//416
f 406//406 416//416 417//417
f 417//417 416//416 418//418
f 417//417 418//418 419//419
f 413//413 415//415 420//420
f 413//413 420//420 416//416
f 416//416 420//420 421//421
f 416//416 421//421 418//418
f 406//406 417//417 422//422
f 406//406 422//422 407//407
f 407//407 422//422 423//423
f 407//407 423//423 410//410
f 417//417 419//419 424//424
f 417//417 424//424 422//422
f 422//422 424//424 425//425
f 422//422 425//425 423//423
f 426//426 427//427 428//428
f 426//426 428//428 429//429
f 429//429 428//428 405//405
f 429//429 405//405 401//401
f 427//427 415//415 414//414
f 427//427 414//414 428//428
f 428//428 414//414 385//385
f 428//428 385//385 405//405
f 426//426 429//429 430//430
f 426//426 430//430 431//431
f 431//431 430//430 432//432
f 431//431 432//432 433//433
f 429//429 401//401 400//400
f 429//429 400//400 430//430
f 430//430 400//400 403//403
f 430//430 403//403 432//432
f 426//426 431//431 434//434
f 426//426 434//434 435//435
f 435//435 434//434 436//436
f 435//435 436//436 437//437
f 431//431 433//433 438//438
f 431//431 438//438 434//434
f 434//434 438//438 439//439
f 434//434 439//439 436//436
f 426//426 435//435 440//440
f 426//426 440//440 427//427
f 427//427 440//440 420//420
f 427//427 420//420 415//415
f 435//435 437//437 441//441
f 435//435 441//441 440//440
f 440//440 441//441 421//421
f 440//440 421//421 420//420
f 442//442 443//443 444//444
f 442//442 444//444 445//445
f 445//445 444//444 424//424
f 445//445 424//424 419//419
f 443//443 446//446 447//447
f 443//443 447//447 444//444
f 444//444 447//447 425//425
f 444//444 425//425 424//424
f 442//442 445//445 448//448
f 442//442 448//448 449//449
f 449//449 448//448 450//450
f 449//449 450//450 451//451
f 445//445 419//419 418//418
f 445//445 418//418 448//448
f 448//448 418//418 421//421
f 448//448 421//421 450//450
f 442//442 449//449 452//452
f 442//442 452//452 453//453
f 453//453 452//452 454//454
f 453//453 454//454 455//455
f 449//449 451//451 456//456
f 449//449 456//456 452//452
f 452//452 456//456 457//457
f 452//452 457//457 454//454
f 442//442 453//453 458//458
f 442//442 458//458 443//443
f 443//443 458//458 459//459
f 443//443 459//459 446//446
f 453//453 455//455 460//460
f 453//453 460//460 458//458
f 458//458 460//460 461//461
f 458//458 461//461 459//459
f 462//462 463//463 464//464
f 462//462 464//464 465//465
f 465//465 464//464 441//441
f 465//465 441//441 437//437
f 463//463 451//451 450//450
f 463//463 450//450 464//464
f 464//464 450//450 421//421
f 464//464 421//421 441//441
f 462//462 465//465 466//466
f 462//462 466//466 467//467
f 467//467 466//466 468//468
f 467//467 468//468 469//469
f 465//465 437//437 436//436
f 465//465 436//436 466//466
f 466//466 436//436 439//439
f 466//466 439//439 468//468
f 462//462 467//467 470//470
f 462//462 470//470 471//471
f 471//471 470//470 472//472
f 471//471 472//472 473//473
f 467//467 469//469 474//474
f 467//467 474//474 470//470
f 470//470 474//474 475//475
f 470//470 475//475 472//472
f 462//462 471//471 476//476
f 462//462 476//476 463//463
f 463//463 476//476 456//456
f 463//463 456//456 451//451
f 471//471 473//473 477//477
f 471//471 477//477 476//476
f 476//476 477//477 457//457
f 476//476 457//457 456//456
f 478//478 479//479 480//480
f 478//478 480//480 481//481
f 481//481 480//480 460//460
f 481//481 460//460 455//455
f 479//479 482//482 483//483
f 479//479 483//483 480//480
f 480//480 483//483 461//461
f 480//480 461//461 460//460
f 478//478 481//481 484//484
f 478//478 484//484 485//485
f 485//485 484//484 486//486
f 485//485 486//486 487//487
f 481//481 455//455 454//454
f 481//481 454//454 484//484
f 484//484 454//454 457//457
f 484//484 457//457 486//486
f 478//478 485//485 488//488
f 478//478 488//488 489//489
f 489//489 488//488 490//490
f 489//489 490//490 491//491
f 485//485 487//487 492//492
f 485//485 492//492 488//488
f 488//488 492//492 493//493
f 488//488 493//493 490//490
f 478//478 489//489 494//494
f 478//478 494//494 479//479
f 479//479 494//494 495//495
f 479//479 495//495 482//482
f 489//489 491//491 496//496
f 489//489 496//496 494//494
f 494//494 496//496 497//497
f 494//494 497//497 495//495
f 498//498 499//499 500//500
f 498//498 500//500 501//501
f 501//501 500//500 477//477
f 501//501 477//477 473//473
f 499//499 487//487 486//486
f 499//499 486//486 500//500
f 500//500 486//486 457//457
f 500//500 457//457 477//477
f 498//498 501//501 502//502
f 498//498 502//502 503//503
f 503//503 502//502 504//504
f 503//503 504//504 505//505
f 501//501 473//473 472//472
f 501//501 472//472 502//502
f 502//502 472//472 475//475
f 502//502 475//475 504//504
f 498//498 503//503 506//506
f 498//498 506//506 507//507
f 507//507 506//506 508//508
f 507//507 508//508 509//509
f 503//503 505//505 510//510
f 503//503 510//510 506//506
f 506//506 510//510 511//511
f 506//506 511//511 508//508
f 498//498 507//507 512//512
f 498//498 512//512 499//499
f 499//499 512//512 492//492
f 499//499 492//492 487//487
f 507//507 509//509 513//513
f 507//507 513//513 512//512
f 512//512 513//513 493//493
f 512//512 493//493 492//492
f 514//514 515//515 516//516
f 514//514 516//516 517//517
f 517//517 516//516 496//496
f 517//517 496//496 491//491
f 515//515 518//518 519//519
f 515//515 519//519 516//516
f 516//516 519//519 497//497
f 516//516 497//497 496//496
f 514//514 517//517 520//520
f 514//514 520//520 521//521
f 521//521 520//520 522//522
f 521//521 522//522 523//523
f 517//517 491//491 490//490
f 517//517 490//490 520//520
f 520//520 490//490 493//493
f 520//520 493//493 522//522
f 514//514 521//521 524//524
f 514//514 524//524 525//525
f 525//525 524//524 526//526
f 525//525 526//526 527//527
f 521//521 523//523 528//528
f 521//521 528//528 524//524
f 524//524 528//528 529//529
f 524//524 529//529 526//526
f 514//514 525//525 530//530
f 514//514 530//530 515//515
f 515//515 530//530 531//531
f 515//515 531//531 518//518
f 525//525 527//527 532//532
f 525//525 532//532 530//530
f 530//530 532//532 533//533
f 530//530 533//533 531//531
f 534//534 535//535 536//536
f 534//534 536//536 537//537
f 537//537 536//536 513//513
f 537//537 513//513 509//509
f 535//535 523//523 522//522
f 535//535 522//522 536//536
f 536//536 522//522 493//493
f 536//536 493//493 513//513
f 534//534 537//537 538//538
f 534//534 538//538 539//539
f 539//539 538//538 540//540
f 539//539 540//540 541//541
f 537//537 509//509 508//508
f 537//537 508//508 538//538
f 538//538 508//508 511//511
f 538//538 511//511 540//540
f 534//534 539//539 542//542
f 534//534 542//542 543//543
f 543//543 542//542 544//544
f 543//543 544//544 545//545
f 539//539 541//541 546//546
f 539//539 546//546 542//542
f 542//542 546//546 547//547
f 542//542 547//547 544//544
f 534//534 543//543 548//548
f 534//534 548//548 535//535
f 535//535 548//548 528//528
f 535//535 528//528 523//523
f 543//543 545//545 549//549
f 543//543 549//549 548//548
f 548//548 549//549 529//529
f 548//548 529//529 528//528
f 550//550 551//551 552//552
f 550//550 552//552 553//553
f 553//553 552//552 36//36
f 553//553 36//36 31//31
f 551//551 554//554 555//555
f 551//551 555//555 552//552
f 552//552 555//555 37//37
f 552//552 37//37 36//36
f 550//550 553//553 556//556
f 550//550 556//556 557//557
f 557//557 556//556 558//558
f 557//557 558//558 559//559
f 553//553 31//31 30//30
f 553//553 30//30 556//556
f 556//556 30//30 15//15
f 556//556 15//15 558//558
f 550//550 557//557 560//560
f 550//550 560//560 561//561
f 561//561 560//560 549//549
f 561//561 549//549 545//545
f 557//557 559//559 562//562
f 557//557 562//562 560//560
f 560//560 562//562 529//529
f 560//560 529//529 549//549
f 550//550 561//561 563//563
f 550//550 563//563 551//551
f 551//551 563//563 564//564
f 551//551 564//564 554//554
f 561//561 545//545 544//544
f 561//561 544//544 563//563
f 563//563 544//544 547//547
f 563//563 547//547 564//564
f 565//565 566//566 567//567
f 565//565 567//567 568//568
f 568//568 567//567 14//14
f 568//568 14//14 6//6
f 566//566 559//559 558//558
f 566//566 558//558 567//567
f 567//567 558//558 15//15
f 567//567 15//15 14//14
f 565//565 568//568 569//569
f 565//565 569//569 570//570
f 570//570 569//569 571//571
f 570//570 571//571 572//572
f 568//568 6//6 5//5
f 568//568 5//5 569//569
f 569//569 5//5 9//9
f 569//569 9//9 571//571
f 565//565 570//570 573//573
f 565//565 573//573 574//574
f 574//574 573//573 532//532
f 574//574 532//532 527//527
f 570//570 572//572 575//575
f 570//570 575//575 573//573
f 573//573 575//575 533//533
f 573//573 533//533 532//532
f 565//565 574//574 576//576
f 565//565 576//576 566//566
f 566//566 576//576 562//562
f 566//566 562//562 559//559
f 574//574 527//527 526//526
f 574//574 526//526 576//576
f 576//576 526//526 529//529
f 576//576 529//529 562//562
f 577//577 578//578 579//579
f 577//577 579//579 580//580
f 580//580 579//579 581//581
f 580//580 581//581 582//582
f 578//578 583//583 584//584
f 578//578 584//584 579//579
f 579//579 584//584 585//585
f 579//579 585//585 581//581
f 577//577 580//580 586//586
f 577//577 586//586 587//587
f 587//587 586//586 588//588
f 587//587 588//588 589//589
f 580//580 582//582 590//590
f 580//580 590//590 586//586
f 586//586 590//590 591//591
f 586//586 591//591 588//588
f 577//577 587//587 592//592
f 577//577 592//592 593//593
f 593//593 592//592 594//594
f 593//593 594//594 595//595
f 587//587 589//589 596//596
f 587//587 596//596 592//592
f 592//592 596//596 597//597
f 592//592 597//597 594//594
f 577//577 593//593 598//598
f 577//577 598//598 578//578
f 578//578 598//598 599//599
f 578//578 599//599 583//583
f 593//593 595//595 600//600
f 593//593 600//600 598//598
f 598//598 600//600 601//601
f 598//598 601//601 599//599
f 602//602 603//603 604//604
f 602//602 604//604 605//605
f 605//605 604//604 606//606
f 605//605 606//606 607//607
f 603//603 608//608 609//609
f 603//603 609//609 604//604
f 604//604 609//609 610//610
f 604//604 610//610 606//606
f 602//602 605//605 611//611
f 602//602 611//611 612//612
f 612//612 611//611 613//613
f 612//612 613//613 614//614
f 605//605 607//607 615//615
f 605//605 615//615 611//611
f 611//611 615//615 616//616
f 611//611 616//616 613//613
f 602//602 612//612 617//617
f 602//602 617//617 618//618
f 618//618 617//617 619//619
f 618//618 619//619 620//620
f 612//612 614//614 621//621
f 612//612 621//621 617//617
f 617//617 621//621 622//622
f 617//617 622//622 619//619
f 602//602 618//618 623//623
f 602//602 623//623 603//603
f 603//603 623//623 624//624
f 603//603 624//624 608//608
f 618//618 620//620 625//625
f 618//618 625//625 623//623
f 623//623 625//625 626//626
f 623//623 626//626 624//624
f 627//627 628//628 629//629
f 627//627 629//629 630//630
f 630//630 629//629 631//631
f 630//630 631//631 632//632
f 628//628 589//589 588//588
f 628//628 588//588 629//629
f 629//629 588//588 591//591
f 629//629 591//591 631//631
f 627//627 630//630 633//633
f 627//627 633//633 634//634
f 634//634 633//633 635//635
f 634//634 635//635 636//636
f 630//630 632//632 637//637
f 630//630 637//637 633//633
f 633//633 637//637 638//638
f 633//633 638//638 635//635
f 627//627 634//634 639//639
f 627//627 639//639 640//640
f 640//640 639//639 641//641
f 640//640 641//641 642//642
f 634//634 636//636 643//643
f 634//634 643//643 639//639
f 639//639 643//643 644//644
f 639//639 644//644 641//641
f 627//627 640//640 645//645
f 627//627 645//645 628//628
f 628//628 645//645 596//596
f 628//628 596//596 589//589
f 640//640 642//642 646//646
f 640//640 646//646 645//645
f 645//645 646//646 597//597
f 645//645 597//597 596//596
f 647//647 648//648 649//649
f 647//647 649//649 650//650
f 650//650 649//649 651//651
f 650//650 651//651 652//652
f 648//648 653//653 654//654
f 648//648 654//654 649//649
f 649//649 654//654 655//655
f 649//649 655//655 651//651
f 647//647 650//650 656//656
f 647//647 656//656 657//657
f 657//657 656//656 658//658
f 657//657 658//658 659//659
f 650//650 652//652 660//660
f 650//650 660//660 656//656
f 656//656 660//660 661//661
f 656//656 661//661 658//658
f 647//647 657//657 662//662
f 647//647 662//662 663//663
f 663//663 662//662 664//664
f 663//663 664//664 665//665
f 657//657 659//659 666//666
f 657//657 666//666 662//662
f 662//662 666//666 667//667
f 662//662 667//667 664//664
f 647//647 663//663 668//668
f 647//647 668//668 648//648
f 648//648 668//668 669//669
f 648//648 669//669 653//653
f 663//663 665//665 670//670
f 663//663 670//670 668//668
f 668//668 670//670 671//671
f 668//668 671//671 669//669
f 672//672 673//673 674//674
f 672//672 674//674 675//675
f 675//675 674//674 676//676
f 675//675 676//676 677//677
f 673//673 678//678 679//679
f 673//673 679//679 674//674
f 674//674 679//679 680//680
f 674//674 680//680 676//676
f 672//672 675//675 681//681
f 672//672 681//681 682//682
f 682//682 681//681 683//683
f 682//682 683//683 684//684
f 675//675 677//677 685//685
f 675//675 685//685 681//681
f 681//681 685//685 686//686
f 681//681 686//686 683//683
f 672//672 682//682 687//687
f 672//672 687//687 688//688
f 688//688 687//687 689//689
f 688//688 689//689 690//690
f 682//682 684//684 691//691
f 682//682 691//691 687//687
f 687//687 691//691 692//692
f 687//687 692//692 689//689
f 672//672 688//688 693//693
f 672//672 693//693 673//673
f 673//673 693//693 694//694
f 673//673 694//694 678//678
f 688//688 690//690 695//695
f 688//688 695//695 693//693
f 693//693 695//695 696//696
f 693//693 696//696 694//694
f 697//697 698//698 699//699
f 697//697 699//699 700//700
f 700//700 699//699 701//701
f 700//700 701//701 702//702
f 698//698 703//703 704//704
f 698//698 704//704 699//699
f 699//699 704//704 705//705
f 699//699 705//705 701//701
f 697//697 700//700 706//706
f 697//697 706//706 707//707
f 707//707 706//706 679//679
f 707//707 679//679 678//678
f 700//700 702//702 708//708
f 700//700 708//708 706//706
f 706//706 708//708 680//680
f 706//706 680//680 679//679
f 697//697 707//707 709//709
f 697//697 709//709 710//710
f 710//710 709//709 711//711
f 710//710 711//711 712//712
f 707//707 678//678 694//694
f 707//707 694//694 709//709
f 709//709 694//694 696//696
f 709//709 696//696 711//711
f 697//697 710//710 713//713
f 697//697 713//713 698//698
f 698//698 713//713 714//714
f 698//698 714//714 703//703
f 710//710 712//712 715//715
f 710//710 715//715 713//713
f 713//713 715//715 716//716
f 713//713 716//716 714//714
f 717//717 718//718 719//719
f 717//717 719//719 720//720
f 720//720 719//719 721//721
f 720//720 721//721 722//722
f 718//718 583//583 599//599
f 718//718 599//599 719//719
f 719//719 599//599 601//601
f 719//719 601//601 721//721
f 717//717 720//720 723//723
f 717//717 723//723 724//724
f 724//724 723//723 704//704
f 724//724 704//704 703//703
f 720//720 722//722 725//725
f 720//720 725//725 723//723
f 723//723 725//725 705//705
f 723//723 705//705 704//704
f 717//717 724//724 726//726
f 717//717 726//726 727//727
f 727//727 726//726 728//728
f 727//727 728//728 729//729
f 724//724 703//703 714//714
f 724//724 714//714 726//726
f 726//726 714//714 716//716
f 726//726 716//716 728//728
f 717//717 727//727 730//730
f 717//717 730//730 718//718
f 718//718 730//730 584//584
f 718//718 584//584 583//583
f 727//727 729//729 731//731
f 727//727 731//731 730//730
f 730//730 731//731 585//585
f 730//730 585//585 584//584
f 732//732 733//733 734//734
f 732//732 734//734 735//735
f 735//735 734//734 736//736
f 735//735 736//736 737//737
f 733//733 684//684 683//683
f 733//733 683//683 734//734
f 734//734 683//683 686//686
f 734//734 686//686 736//736
f 732//732 735//735 738//738
f 732//732 738//738 739//739
f 739//739 738//738 740//740
f 739//739 740//740 741//741
f 735//735 737//737 742//742
f 735//735 742//742 738//738
f 738//738 742//742 743//743
f 738//738 743//743 740//740
f 732//732 739//739 744//744
f 732//732 744//744 745//745
f 745//745 744//744 746//746
f 745//745 746//746 747//747
f 739//739 741//741 748//748
f 739//739 748//748 744//744
f 744//744 748//748 749//749
f 744//744 749//749 746//746
f 732//732 745//745 750//750
f 732//732 750//750 733//733
f 733//733 750//750 691//691
f 733//733 691//691 684//684
f 745//745 747//747 751//751
f 745//745 751//751 750//750
f 750//750 751//751 692//692
f 750//750 692//692 691//691
f 752//752 753//753 754//754
f 752//752 754//754 755//755
f 755//755 754//754 756//756
f 755//755 756//756 757//757
f 753//753 741//741 740//740
f 753//753 740//740 754//754
f 754//754 740//740 743//743
f 754//754 743//743 756//756
f 752//752 755//755 758//758
f 752//752 758//758 759//759
f 759//759 758//758 760//760
f 759//759 760//760 761//761
f 755//755 757//757 762//762
f 755//755 762//762 758//758
f 758//758 762//762 763//763
f 758//758 763//763 760//760
f 752//752 759//759 764//764
f 752//752 764//764 765//765
f 765//765 764//764 766//766
f 765//765 766//766 767//767
f 759//759 761//761 768//768
f 759//759 768//768 764//764
f 764//764 768//768 769//769
f 764//764 769//769 766//766
f 752//752 765//765 770//770
f 752//752 770//770 753//753
f 753//753 770//770 748//748
f 753//753 748//748 741//741
f 765//765 767//767 771//771
f 765//765 771//771 770//770
f 770//770 771//771 749//749
f 770//770 749//749 748//748
f 772//772 773//773 774//774
f 772//772 774//774 775//775
f 775//775 774//774 776//776
f 775//775 776//776 777//777
f 773//773 761//761 760//760
f 773//773 760//760 774//774
f 774//774 760//760 763//763
f 774//774 763//763 776//776
f 772//772 775//775 778//778
f 772//772 778//778 779//779
f 779//779 778//778 780//780
f 779//779 780//780 781//781
f 775//775 777//777 782//782
f 775//775 782//782 778//778
f 778//778 782//782 783//783
f 778//778 783//783 780//780
f 772//772 779//779 784//784
f 772//772 784//784 785//785
f 785//785 784//784 786//786
f 785//785 786//786 787//787
f 779//779 781//781 788//788
f 779//779 788//788 784//784
f 784//784 788//788 789//789
f 784//784 789//789 786//786
f 772//772 785//785 790//790
f 772//772 790//790 773//773
f 773//773 790//790 768//768
f 773//773 768//768 761//761
f 785//785 787//787 791//791
f 785//785 791//791 790//790
f 790//790 791//791 769//769
f 790//790 769//769 768//768
f 792//792 793//793 794//794
f 792//792 794//794 795//795
f 795//795 794//794 796//796
f 795//795 796//796 797//797
f 793//793 781//781 780//780
f 793//793 780//780 794//794
f 794//794 780//780 783//783
f 794//794 783//783 796//796
f 792//792 795//795 798//798
f 792//792 798//798 799//799
f 799//799 798//798 800//800
f 799//799 800//800 801//801
f 795//795 797//797 802//802
f 795//795 802//802 798//798
f 798//798 802//802 803//803
f 798//798 803//803 800//800
f 792//792 799//799 804//804
f 792//792 804//804 805//805
f 805//805 804//804 806//806
f 805//805 806//806 807//807
f 799//799 801//801 808//808
f 799//799 808//808 804//804
f 804//804 808//808 809//809
f 804//804 809//809 806//806
f 792//792 805//805 810//810
f 792//792 810//810 793//793
f 793//793 810//810 788//788
f 793//793 788//788 781//781
f 805//805 807//807 811//811
f 805//805 811//811 810//810
f 810//810 811//811 789//789
f 810//810 789//789 788//788
f 812//812 813//813 814//814
f 812//812 814//814 815//815
f 815//815 814//814 816//816
f 815//815 816//816 817//817
f 813//813 801//801 800//800
f 813//813 800//800 814//814
f 814//814 800//800 803//803
f 814//814 803//803 816//816
f 812//812 815//815 818//818
f 812//812 818//818 819//819
f 819//819 818//818 609//609
f 819//819 609//609 608//608
f 815//815 817//817 820//820
f 815//815 820//820 818//818
f 818//818 820//820 610//610
f 818//818 610//610 609//609
f 812//812 819//819 821//821
f 812//812 821//821 822//822
f 822//822 821//821 823//823
f 822//822 823//823 824//824
f 819//819 608//608 624//624
f 819//819 624//624 821//821
f 821//821 624//624 626//626
f 821//821 626//626 823//823
f 812//812 822//822 825//825
f 812//812 825//825 813//813
f 813//813 825//825 808//808
f 813//813 808//808 801//801
f 822//822 824//824 826//826
f 822//822 826//826 825//825
f 825//825 826//826 809//809
f 825//825 809//809 808//808
f 827//827 828//828 829//829
f 827//827 829//829 830//830
f 830//830 829//829 831//831
f 830//830 831//831 832//832
f 828//828 614//614 613//613
f 828//828 613//613 829//829
f 829//829 613//613 616//616
f 829//829 616//616 831//831
f 827//827 830//830 833//833
f 827//827 833//833 834//834
f 834//834 833//833 835//835
f 834//834 835//835 836//836
f 830//830 832//832 837//837
f 830//830 837//837 833//833
f 833//833 837//837 838//838
f 833//833 838//838 835//835
f 827//827 834//834 839//839
f 827//827 839//839 840//840
f 840//840 839//839 841//841
f 840//840 841//841 842//842
f 834//834 836//836 843//843
f 834//834 843//843 839//839
f 839//839 843//843 844//844
f 839//839 844//844 841//841
f 827//827 840//840 845//845
f 827//827 845//845 828//828
f 828//828 845//845 621//621
f 828//828 621//621 614//614
f 840//840 842//842 846//846
f 840//840 846//846 845//845
f 845//845 846//846 622//622
f 845//845 622//622 621//621
f 847//847 848//848 849//849
f 847//847 849//849 850//850
f 850//850 849//849 851//851
f 850//850 851//851 852//852
f 848//848 836//836 835//835
f 848//848 835//835 849//849
f 849//849 835//835 838//838
f 849//849 838//838 851//851
f 847//847 850//850 853//853
f 847//847 853//853 854//854
f 854//854 853//853 855//855
f 854//854 855//855 856//856
f 850//850 852//852 857//857
f 850//850 857//857 853//853
f 853//853 857//857 858//858
f 853//853 858//858 855//855
f 847//847 854//854 859//859
f 847//847 859//859 860//860
f 860//860 859//859 861//861
f 860//860 861//861 862//862
f 854//854 856//856 863//863
f 854//854 863//863 859//859
f 859//859 863//863 864//864
f 859//859 864//864 861//861
f 847//847 860//860 865//865
f 847//847 865//865 848//848
f 848//848 865//865 843//843
f 848//848 843//843 836//836
f 860//860 862//862 866//866
f 860//860 866//866 865//865
f 865//865 866//866 844//844
f 865//865 844//844 843//843
f 867//867 868//868 869//869
f 867//867 869//869 870//870
f 870//870 869//869 871//871
f 870//870 871//871 872//872
f 868//868 856//856 855//855
f 868//868 855//855 869//869
f 869//869 855//855 858//858
f 869//869 858//858 871//871
f 867//867 870//870 873//873
f 867//867 873//873 874//874
f 874//874 873//873 654//654
f 874//874 654//654 653//653
f 870//870 872//872 875//875
f 870//870 875//875 873//873
f 873//873 875//875 655//655
f 873//873 655//655 654//654
f 867//867 874//874 876//876
f 867//867 876//876 877//877
f 877//877 876//876 878//878
f 877//877 878//878 879//879
f 874//874 653//653 669//669
f 874//874 669//669 876//876
f 876//876 669//669 671//671
f 876//876 671//671 878//878
f 867//867 877//877 880//880
f 867//867 880//880 868//868
f 868//868 880//880 863//863
f 868//868 863//863 856//856
f 877//877 879//879 881//881
f 877//877 881//881 880//880
f 880//880 881//881 864//864
f 880//880 864//864 863//863
f 882//882 883//883 884//884
f 882//882 884//884 885//885
f 885//885 884//884 886//886
f 885//885 886//886 887//887
f 883//883 659//659 658//658
f 883//883 658//658 884//884
f 884//884 658//658 661//661
f 884//884 661//661 886//886
f 882//882 885//885 888//888
f 882//882 888//888 889//889
f 889//889 888//888 643//643
f 889//889 643//643 636//636
f 885//885 887//887 890//890
f 885//885 890//890 888//888
f 888//888 890//890 644//644
f 888//888 644//644 643//643
f 882//882 889//889 891//891
f 882//882 891//891 892//892
f 892//892 891//891 893//893
f 892//892 893//893 894//894
f 889//889 636//636 635//635
f 889//889 635//635 891//891
f 891//891 635//635 638//638
f 891//891 638//638 893//893
f 882//882 892//892 895//895
f 882//882 895//895 883//883
f 883//883 895//895 666//666
f 883//883 666//666 659//659
f 892//892 894//894 896//896
f 892//892 896//896 895//895
f 895//895 896//896 667//667
f 895//895 667//667 666//666
f 897//897 898//898 899//899
f 897//897 899//899 900//900
f 900//900 899//899 901//901
f 900//900 901//901 902//902
f 898//898 903//903 904//904
f 898//898 904//904 899//899
f 899//899 904//904 905//905
f 899//899 905//905 901//901
f 897//897 900//900 906//906
f 897//897 906//906 907//907
f 907//907 906//906 908//908
f 907//907 908//908 909//909
f 900//900 902//902 910//910
f 900//900 910//910 906//906
f 906//906 910//910 911//911
f 906//906 911//911 908//908
f 897//897 907//907 912//912
f 897//897 912//912 913//913
f 913//913 912//912 914//914
f 913//913 914//914 915//915
f 907//907 909//909 916//916
f 907//907 916//916 912//912
f 912//912 916//916 917//917
f 912//912 917//917 914//914
f 897//897 913//913 918//918
f 897//897 918//918 898//898
f 898//898 918//918 919//919
f 898//898 919//919 903//903
f 913//913 915//915 920//920
f 913//913 920//920 918//918
f 918//918 920//920 921//921
f 918//918 921//921 919//919
f 922//922 923//923 924//924
f 922//922 924//924 925//925
f 925//925 924//924 926//926
f 925//925 926//926 927//927
f 923//923 928//928 929//929
f 923//923 929//929 924//924
f 924//924 929//929 930//930
f 924//924 930//930 926//926
f 922//922 925//925 931//931
f 922//922 931//931 932//932
f 932//932 931//931 933//933
f 932//932 933//933 934//934
f 925//925 927//927 935//935
f 925//925 935//935 931//931
f 931//931 935//935 936//936
f 931//931 936//936 933//933
f 922//922 932//932 937//937
f 922//922 937//937 938//938
f 938//938 937//937 910//910
f 938//938 910//910 902//902
f 932//932 934//934 939//939
f 932//932 939//939 937//937
f 937//937 939//939 911//911
f 937//937 911//911 910//910
f 922//922 938//938 940//940
f 922//922 940//940 923//923
f 923//923 940//940 941//941
f 923//923 941//941 928//928
f 938//938 902//902 901//901
f 938//938 901//901 940//940
f 940//940 901//901 905//905
f 940//940 905//905 941//941
f 942//942 943//943 944//944
f 942//942 944//944 945//945
f 945//945 944//944 946//946
f 945//945 946//946 947//947
f 943//943 948//948 949//949
f 943//943 949//949 944//944
f 944//944 949//949 950//950
f 944//944 950//950 946//946
f 942//942 945//945 951//951
f 942//942 951//951 952//952
f 952//952 951//951 953//953
f 952//952 953//953 954//954
f 945//945 947//947 955//955
f 945//945 955//955 951//951
f 951//951 955//955 956//956
f 951//951 956//956 953//953
f 942//942 952//952 957//957
f 942//942 957//957 958//958
f 958//958 957//957 935//935
f 958//958 935//935 927//927
f 952//952 954//954 959//959
f 952//952 959//959 957//957
f 957//957 959//959 936//936
f 957//957 936//936 935//935
f 942//942 958//958 960//960
f 942//942 960//960 943//943
f 943//943 960//960 961//961
f 943//943 961//961 948//948
f 958//958 927//927 926//926
f 958//958 926//926 960//960
f 960//960 926//926 930//930
f 960//960 930//930 961//961
f 962//962 963//963 964//964
f 962//962 964//964 965//965
f 965//965 964//964 966//966
f 965//965 966//966 967//967
f 963//963 968//968 969//969
f 963//963 969//969 964//964
f 964//964 969//969 970//970
f 964//964 970//970 966//966
f 962//962 965//965 971//971
f 962//962 971//971 972//972
f 972//972 971//971 973//973
f 972//972 973//973 974//974
f 965//965 967//967 975//975
f 965//965 975//975 971//971
f 971//971 975//975 976//976
f 971//971 976//976 973//973
f 962//962 972//972 977//977
f 962//962 977//977 978//978
f 978//978 977//977 955//955
f 978//978 955//955 947//947
f 972//972 974//974 979//979
f 972//972 979//979 977//977
f 977//977 979//979 956//956
f 977//977 956//956 955//955
f 962//962 978//978 980//980
f 962//962 980//980 963//963
f 963//963 980//980 981//981
f 963//963 981//981 968//968
f 978//978 947//947 946//946
f 978//978 946//946 980//980
f 980//980 946//946 950//950
f 980//980 950//950 981//981
f 982//982 983//983 984//984
f 982//982 984//984 985//985
f 985//985 984//984 986//986
f 985//985 986//986 987//987
f 983//983 988//988 989//989
f 983//983 989//989 984//984
f 984//984 989//989 990//990
f 984//984 990//990 986//986
f 982//982 985//985 991//991
f 982//982 991//991 992//992
f 992//992 991//991 993//993
f 992//992 993//993 994//994
f 985//985 987//987 995//995
f 985//985 995//995 991//991
f 991//991 995//995 996//996
f 991//991 996//996 993//993
f 982//982 992//992 997//997
f 982//982 997//997 998//998
f 998//998 997//997 975//975
f 998//998 975//975 967//967
f 992//992 994//994 999//999
f 992//992 999//999 997//997
f 997//997 999//999 976//976
f 997//997 976//976 975//975
f 982//982 998//998 1000//1000
f 982//982 1000//1000 983//983
f 983//983 1000//1000 1001//1001
f 983//983 1001//1001 988//988
f 998//998 967//967 966//966
f 998//998 966//966 1000//1000
f 1000//1000 966//966 970//970
f 1000//1000 970//970 1001//1001
f 1002//1002 1003//1003 1004//1004
f 1002//1002 1004//1004 1005//1005
f 1005//1005 1004//1004 1006//1006
f 1005//1005 1006//1006 1007//1007
f 1003//1003 1008//1008 1009//1009
f 1003//1003 1009//1009 1004//1004
f 1004//1004 1009//1009 1010//1010
f 1004//1004 1010//1010 1006//1006
f 1002//1002 1005//1005 1011//1011
f 1002//1002 1011//1011 1012//1012
f 1012//1012 1011//1011 1013//1013
f 1012//1012 1013//1013 1014//1014
f 1005//1005 1007//1007 1015//1015
f 1005//1005 1015//1015 1011//1011
f 1011//1011 1015//1015 1016//1016
f 1011//1011 1016//1016 1013//1013
f 1002//1002 1012//1012 1017//1017
f 1002//1002 1017//1017 1018//1018
f 1018//1018 1017//1017 995//995
f 1018//1018 995//995 987//987
f 1012//1012 1014//1014 1019//1019
f 1012//1012 1019//1019 1017//1017
f 1017//1017 1019//1019 996//996
f 1017//1017 996//996 995//995
f 1002//1002 1018//1018 1020//1020
f 1002//1002 1020//1020 1003//1003
f 1003//1003 1020//1020 1021//1021
f 1003//1003 1021//1021 1008//1008
f 1018//1018 987//987 986//986
f 1018//1018 986//986 1020//1020
f 1020//1020 986//986 990//990
f 1020//1020 990//990 1021//1021
f 1022//1022 1023//1023 1024//1024
f 1022//1022 1024//1024 1025//1025
f 1025//1025 1024//1024 1026//1026
f 1025//1025 1026//1026 1027//1027
f 1023//1023 1028//1028 1029//1029
f 1023//1023 1029//1029 1024//1024
f 1024//1024 1029//1029 1030//1030
f 1024//1024 1030//1030 1026//1026
f 1022//1022 1025//1025 1031//1031
f 1022//1022 1031//1031 1032//1032
f 1032//1032 1031//1031 1033//1033
f 1032//1032 1033//1033 1034//1034
f 1025//1025 1027//1027 1035//1035
f 1025//1025 1035//1035 1031//1031
f 1031//1031 1035//1035 1036//1036
f 1031//1031 1036//1036 1033//1033
f 1022//1022 1032//1032 1037//1037
f 1022//1022 1037//1037 1038//1038
f 1038//1038 1037//1037 1015//1015
f 1038//1038 1015//1015 1007//1007
f 1032//1032 1034//1034 1039//1039
f 1032//1032 1039//1039 1037//1037
f 1037//1037 1039//1039 1016//1016
f 1037//1037 1016//1016 1015//1015
f 1022//1022 1038//1038 1040//1040
f 1022//1022 1040//1040 1023//1023
f 1023//1023 1040//1040 1041//1041
f 1023//1023 1041//1041 1028//1028
f 1038//1038 1007//1007 1006//1006
f 1038//1038 1006//1006 1040//1040
f 1040//1040 1006//1006 1010//1010
f 1040//1040 1010//1010 1041//1041
f 1042//1042 1043//1043 1044//1044
f 1042//1042 1044//1044 1045//1045
f 1045//1045 1044//1044 1046//1046
f 1045//1045 1046//1046 1047//1047
f 1043//1043 1048//1048 1049//1049
f 1043//1043 1049//1049 1044//1044
f 1044//1044 1049//1049 1050//1050
f 1044//1044 1050//1050 1046//1046
f 1042//1042 1045//1045 1051//1051
f 1042//1042 1051//1051 1052//1052
f 1052//1052 1051//1051 1053//1053
f 1052//1052 1053//1053 1054//1054
f 1045//1045 1047//1047 1055//1055
f 1045//1045 1055//1055 1051//1051
f 1051//1051 1055//1055 1056//1056
f 1051//1051 1056//1056 1053//1053
f 1042//1042 1052//1052 1057//1057
f 1042//1042 1057//1057 1058//1058
f 1058//1058 1057//1057 1035//1035
f 1058//1058 1035//1035 1027//1027
f 1052//1052 1054//1054 1059//1059
f 1052//1052 1059//1059 1057//1057
f 1057//1057 1059//1059 1036//1036
f 1057//1057 1036//1036 1035//1035
f 1042//1042 1058//1058 1060//1060
f 1042//1042 1060//1060 1043//1043
f 1043//1043 1060//1060 1061//1061
f 1043//1043 1061//1061 1048//1048
f 1058//1058 1027//1027 1026//1026
f 1058//1058 1026//1026 1060//1060
f 1060//1060 1026//1026 1030//1030
f 1060//1060 1030//1030 1061//1061
f 1062//1062 1063//1063 1064//1064
f 1062//1062 1064//1064 1065//1065
f 1065//1065 1064//1064 1066//1066
f 1065//1065 1066//1066 1067//1067
f 1063//1063 1068//1068 1069//1069
f 1063//1063 1069//1069 1064//1064
f 1064//1064 1069//1069 1070//1070
f 1064//1064 1070//1070 1066//1066
f 1062//1062 1065//1065 1071//1071
f 1062//1062 1071//1071 1072//1072
f 1072//1072 1071//1071 1073//1073
f 1072//1072 1073//1073 1074//1074
f 1065//1065 1067//1067 1075//1075
f 1065//1065 1075//1075 1071//1071
f 1071//1071 1075//1075 1076//1076
f 1071//1071 1076//1076 1073//1073
f 1062//1062 1072//1072 1077//1077
f 1062//1062 1077//1077 1078//1078
f 1078//1078 1077//1077 1055//1055
f 1078//1078 1055//1055 1047//1047
f 1072//1072 1074//1074 1079//1079
f 1072//1072 1079//1079 1077//1077
f 1077//1077 1079//1079 1056//1056
f 1077//1077 1056//1056 1055//1055
f 1062//1062 1078//1078 1080//1080
f 1062//1062 1080//1080 1063//1063
f 1063//1063 1080//1080 1081//1081
f 1063//1063 1081//1081 1068//1068
f 1078//1078 1047//1047 1046//1046
f 1078//1078 1046//1046 1080//1080
f 1080//1080 1046//1046 1050//1050
f 1080//1080 1050//1050 1081//1081
f 1082//1082 1083//1083 1084//1084
f 1082//1082 1084//1084 1085//1085
f 1085//1085 1084//1084 1086//1086
f 1085//1085 1086//1086 1087//1087
f 1083//1083 1088//1088 1089//1089
f 1083//1083 1089//1089 1084//1084
f 1084//1084 1089//1089 1090//1090
f 1084//1084 1090//1090 1086//1086
f 1082//1082 1085//1085 1091//1091
f 1082//1082 1091//1091 1092//1092
f 1092//1092 1091//1091 1093//1093
f 1092//1092 1093//1093 1094//1094
f 1085//1085 1087//1087 1095//1095
f 1085//1085 1095//1095 1091//1091
f 1091//1091 1095//1095 1096//1096
f 1091//1091 1096//1096 1093//1093
f 1082//1082 1092//1092 1097//1097
f 1082//1082 1097//1097 1098//1098
f 1098//1098 1097//1097 1075//1075
f 1098//1098 1075//1075 1067//1067
f 1092//1092 1094//1094 1099//1099
f 1092//1092 1099//1099 1097//1097
f 1097//1097 1099//1099 1076//1076
f 1097//1097 1076//1076 1075//1075
f 1082//1082 1098//1098 1100//1100
f 1082//1082 1100//1100 1083//1083
f 1083//1083 1100//1100 1101//1101
f 1083//1083 1101//1101 1088//1088
f 1098//1098 1067//1067 1066//1066
f 1098//1098 1066//1066 1100//1100
f 1100//1100 1066//1066 1070//1070
f 1100//1100 1070//1070 1101//1101
f 1102//1102 1103//1103 1104//1104
f 1102//1102 1104//1104 1105//1105
f 1105//1105 1104//1104 1106//1106
f 1105//1105 1106//1106 1107//1107
f 1103//1103 1108//1108 1109//1109
f 1103//1103 1109//1109 1104//1104
f 1104//1104 1109//1109 1110//1110
f 1104//1104 1110//1110 1106//1106
f 1102//1102 1105//1105 1111//1111
f 1102//1102 1111//1111 1112//1112
f 1112//1112 1111//1111 1113//1113
f 1112//1112 1113//1113 1114//1114
f 1105//1105 1107//1107 1115//1115
f 1105//1105 1115//1115 1111//1111
f 1111//1111 1115//1115 1116//1116
f 1111//1111 1116//1116 1113//1113
f 1102//1102 1112//1112 1117//1117
f 1102//1102 1117//1117 1118//1118
f 1118//1118 1117//1117 1095//1095
f 1118//1118 1095//1095 1087//1087
f 1112//1112 1114//1114 1119//1119
f 1112//1112 1119//1119 1117//1117
f 1117//1117 1119//1119 1096//1096
f 1117//1117 1096//1096 1095//1095
f 1102//1102 1118//1118 1120//1120
f 1102//1102 1120//1120 1103//1103
f 1103//1103 1120//1120 1121//1121
f 1103//1103 1121//1121 1108//1108
f 1118//1118 1087//1087 1086//1086
f 1118//1118 1086//1086 1120//1120
f 1120//1120 1086//1086 1090//1090
f 1120//1120 1090//1090 1121//1121
f 1122//1122 1123//1123 1124//1124
f 1122//1122 1124//1124 1125//1125
f 1125//1125 1124//1124 1126//1126
f 1125//1125 1126//1126 1127//1127
f 1123//1123 1128//1128 1129//1129
f 1123//1123 1129//1129 1124//1124
f 1124//1124 1129//1129 1130//1130
f 1124//1124 1130//1130 1126//1126
f 1122//1122 1125//1125 1131//1131
f 1122//1122 1131//1131 1132//1132
f 1132//1132 1131//1131 1133//1133
f 1132//1132 1133//1133 1134//1134
f 1125//1125 1127//1127 1135//1135
f 1125//1125 1135//1135 1131//1131
f 1131//1131 1135//1135 1136//1136
f 1131//1131 1136//1136 1133//1133
f 1122//1122 1132//1132 1137//1137
f 1122//1122 1137//1137 1138//1138
f 1138//1138 1137//1137 1115//1115
f 1138//1138 1115//1115 1107//1107
f 1132//1132 1134//1134 1139//1139
f 1132//1132 1139//1139 1137//1137
f 1137//1137 1139//1139 1116//1116
f 1137//1137 1116//1116 1115//1115
f 1122//1122 1138//1138 1140//1140
f 1122//1122 1140//1140 1123//1123
f 1123//1123 1140//1140 1141//1141
f 1123//1123 1141//1141 1128//1128
f 1138//1138 1107//1107 1106//1106
f 1138//1138 1106//1106 1140//1140
f 1140//1140 1106//1106 1110//1110
f 1140//1140 1110//1110 1141//1141
f 1142//1142 1143//1143 1144//1144
f 1142//1142 1144//1144 1145//1145
f 1145//1145 1144//1144 1146//1146
f 1145//1145 1146//1146 1147//1147
f 1143//1143 1148//1148 1149//1149
f 1143//1143 1149//1149 1144//1144
f 1144//1144 1149//1149 1150//1150
f 1144//1144 1150//1150 1146//1146
f 1142//1142 1145//1145 1151//1151
f 1142//1142 1151//1151 1152//1152
f 1152//1152 1151//1151 1153//1153
f 1152//1152 1153//1153 1154//1154
f 1145//1145 1147//1147 1155//1155
f 1145//1145 1155//1155 1151//1151
f 1151//1151 1155//1155 1156//1156
f 1151//1151 1156//1156 1153//1153
f 1142//1142 1152//1152 1157//1157
f 1142//1142 1157//1157 1158//1158
f 1158//1158 1157//1157 1135//1135
f 1158//1158 1135//1135 1127//1127
f 1152//1152 1154//1154 1159//1159
f 1152//1152 1159//1159 1157//1157
f 1157//1157 1159//1159 1136//1136
f 1157//1157 1136//1136 1135//1135
f 1142//1142 1158//1158 1160//1160
f 1142//1142 1160//1160 1143//1143
f 1143//1143 1160//1160 1161//1161
f 1143//1143 1161//1161 1148//1148
f 1158//1158 1127//1127 1126//1126
f 1158//1158 1126//1126 1160//1160
f 1160//1160 1126//1126 1130//1130
f 1160//1160 1130//1130 1161//1161
f 1162//1162 1163//1163 1164//1164
f 1162//1162 1164//1164 1165//1165
f 1165//1165 1164//1164 1166//1166
f 1165//1165 1166//1166 1167//1167
f 1163//1163 1168//1168 1169//1169
f 1163//1163 1169//1169 1164//1164
f 1164//1164 1169//1169 1170//1170
f 1164//1164 1170//1170 1166//1166
f 1162//1162 1165//1165 1171//1171
f 1162//1162 1171//1171 1172//1172
f 1172//1172 1171//1171 1173//1173
f 1172//1172 1173//1173 1174//1174
f 1165//1165 1167//1167 1175//1175
f 1165//1165 1175//1175 1171//1171
f 1171//1171 1175//1175 1176//1176
f 1171//1171 1176//1176 1173//1173
f 1162//1162 1172//1172 1177//1177
f 1162//1162 1177//1177 1178//1178
f 1178//1178 1177//1177 1155//1155
f 1178//1178 1155//1155 1147//1147
f 1172//1172 1174//1174 1179//1179
f 1172//1172 1179//1179 1177//1177
f 1177//1177 1179//1179 1156//1156
f 1177//1177 1156//1156 1155//1155
f 1162//1162 1178//1178 1180//1180
f 1162//1162 1180//1180 1163//1163
f 1163//1163 1180//1180 1181//1181
f 1163//1163 1181//1181 1168//1168
f 1178//1178 1147//1147 1146//1146
f 1178//1178 1146//1146 1180//1180
f 1180//1180 1146//1146 1150//1150
f 1180//1180 1150//1150 1181//1181
f 1182//1182 1183//1183 1184//1184
f 1182//1182 1184//1184 1185//1185
f 1185//1185 1184//1184 1186//1186
f 1185//1185 1186//1186 1187//1187
f 1183//1183 1188//1188 1189//1189
f 1183//1183 1189//1189 1184//1184
f 1184//1184 1189//1189 1190//1190
f 1184//1184 1190//1190 1186//1186
f 1182//1182 1185//1185 1191//1191
f 1182//1182 1191//1191 1192//1192
f 1192//1192 1191//1191 1193//1193
f 1192//1192 1193//1193 1194//1194
f 1185//1185 1187//1187 1195//1195
f 1185//1185 1195//1195 1191//1191
f 1191//1191 1195//1195 1196//1196
f 1191//1191 1196//1196 1193//1193
f 1182//1182 1192//1192 1197//1197
f 1182//1182 1197//1197 1198//1198
f 1198//1198 1197//1197 1175//1175
f 1198//1198 1175//1175 1167//1167
f 1192//1192 1194//1194 1199//1199
f 1192//1192 1199//1199 1197//1197
f 1197//1197 1199//1199 1176//1176
f 1197//1197 1176//1176 1175//1175
f 1182//1182 1198//1198 1200//1200
f 1182//1182 1200//1200 1183//1183
f 1183//1183 1200//1200 1201//1201
f 1183//1183 1201//1201 1188//1188
f 1198//1198 1167//1167 1166//1166
f 1198//1198 1166//1166 1200//1200
f 1200//1200 1166//1166 1170//1170
f 1200//1200 1170//1170 1201//1201
f 1202//1202 1203//1203 1204//1204
f 1202//1202 1204//1204 1205//1205
f 1205//1205 1204//1204 920//920
f 1205//1205 920//920 915//915
f 1203//1203 1206//1206 1207//1207
f 1203//1203 1207//1207 1204//1204
f 1204//1204 1207//1207 921//921
f 1204//1204 921//921 920//920
f 1202//1202 1205//1205 1208//1208
f 1202//1202 1208//1208 1209//1209
f 1209//1209 1208//1208 1210//1210
f 1209//1209 1210//1210 1211//1211
f 1205//1205 915//915 914//914
f 1205//1205 914//914 1208//1208
f 1208//1208 914//914 917//917
f 1208//1208 917//917 1210//1210
f 1202//1202 1209//1209 1212//1212
f 1202//1202 1212//1212 1213//1213
f 1213//1213 1212//1212 1195//1195
f 1213//1213 1195//1195 1187//1187
f 1209//1209 1211//1211 1214//1214
f 1209//1209 1214//1214 1212//1212
f 1212//1212 1214//1214 1196//1196
f 1212//1212 1196//1196 1195//1195
f 1202//1202 1213//1213 1215//1215
f 1202//1202 1215//1215 1203//1203
f 1203//1203 1215//1215 1216//1216
f 1203//1203 1216//1216 1206//1206
f 1213//1213 1187//1187 1186//1186
f 1213//1213 1186//1186 1215//1215
f 1215//1215 1186//1186 1190//1190
f 1215//1215 1190//1190 1216//1216
f 1217//1217 1218//1218 1219//1219
f 1217//1217 1219//1219 1220//1220
f 1220//1220 1219//1219 1221//1221
f 1220//1220 1221//1221 1222//1222
f 1218//1218 787//787 786//786
f 1218//1218 786//786 1219//1219
f 1219//1219 786//786 789//789
f 1219//1219 789//789 1221//1221
f 1217//1217 1220//1220 1223//1223
f 1217//1217 1223//1223 1224//1224
f 1224//1224 1223//1223 1225//1225
f 1224//1224 1225//1225 1226//1226
f 1220//1220 1222//1222 1227//1227
f 1220//1220 1227//1227 1223//1223
f 1223//1223 1227//1227 1228//1228
f 1223//1223 1228//1228 1225//1225
f 1217//1217 1224//1224 1229//1229
f 1217//1217 1229//1229 1230//1230
f 1230//1230 1229//1229 1231//1231
f 1230//1230 1231//1231 1232//1232
f 1224//1224 1226//1226 1233//1233
f 1224//1224 1233//1233 1229//1229
f 1229//1229 1233//1233 1234//1234
f 1229//1229 1234//1234 1231//1231
f 1217//1217 1230//1230 1235//1235
f 1217//1217 1235//1235 1218//1218
f 1218//1218 1235//1235 791//791
f 1218//1218 791//791 787//787
f 1230//1230 1232//1232 1236//1236
f 1230//1230 1236//1236 1235//1235
f 1235//1235 1236//1236 769//769
f 1235//1235 769//769 791//791
f 1237//1237 1238//1238 1239//1239
f 1237//1237 1239//1239 1240//1240
f 1240//1240 1239//1239 1241//1241
f 1240//1240 1241//1241 1242//1242
f 1238//1238 1226//1226 1225//1225
f 1238//1238 1225//1225 1239//1239
f 1239//1239 1225//1225 1228//1228
f 1239//1239 1228//1228 1241//1241
f 1237//1237 1240//1240 1243//1243
f 1237//1237 1243//1243 1244//1244
f 1244//1244 1243//1243 1069//1069
f 1244//1244 1069//1069 1068//1068
f 1240//1240 1242//1242 1245//1245
f 1240//1240 1245//1245 1243//1243
f 1243//1243 1245//1245 1070//1070
f 1243//1243 1070//1070 1069//1069
f 1237//1237 1244//1244 1246//1246
f 1237//1237 1246//1246 1247//1247
f 1247//1247 1246//1246 1248//1248
f 1247//1247 1248//1248 1249//1249
f 1244//1244 1068//1068 1081//1081
f 1244//1244 1081//1081 1246//1246
f 1246//1246 1081//1081 1050//1050
f 1246//1246 1050//1050 1248//1248
f 1237//1237 1247//1247 1250//1250
f 1237//1237 1250//1250 1238//1238
f 1238//1238 1250//1250 1233//1233
f 1238//1238 1233//1233 1226//1226
f 1247//1247 1249//1249 1251//1251
f 1247//1247 1251//1251 1250//1250
f 1250//1250 1251//1251 1234//1234
f 1250//1250 1234//1234 1233//1233
f 1252//1252 1253//1253 1254//1254
f 1252//1252 1254//1254 1255//1255
f 1255//1255 1254//1254 1256//1256
f 1255//1255 1256//1256 1257//1257
f 1253//1253 807//807 806//806
f 1253//1253 806//806 1254//1254
f 1254//1254 806//806 809//809
f 1254//1254 809//809 1256//1256
f 1252//1252 1255//1255 1258//1258
f 1252//1252 1258//1258 1259//1259
f 1259//1259 1258//1258 1260//1260
f 1259//1259 1260//1260 1261//1261
f 1255//1255 1257//1257 1262//1262
f 1255//1255 1262//1262 1258//1258
f 1258//1258 1262//1262 1263//1263
f 1258//1258 1263//1263 1260//1260
f 1252//1252 1259//1259 1264//1264
f 1252//1252 1264//1264 1265//1265
f 1265//1265 1264//1264 1227//1227
f 1265//1265 1227//1227 1222//1222
f 1259//1259 1261//1261 1266//1266
f 1259//1259 1266//1266 1264//1264
f 1264//1264 1266//1266 1228//1228
f 1264//1264 1228//1228 1227//1227
f 1252//1252 1265//1265 1267//1267
f 1252//1252 1267//1267 1253//1253
f 1253//1253 1267//1267 811//811
f 1253//1253 811//811 807//807
f 1265//1265 1222//1222 1221//1221
f 1265//1265 1221//1221 1267//1267
f 1267//1267 1221//1221 789//789
f 1267//1267 789//789 811//811
f 1268//1268 1269//1269 1270//1270
f 1268//1268 1270//1270 1271//1271
f 1271//1271 1270//1270 1272//1272
f 1271//1271 1272//1272 1273//1273
f 1269//1269 1261//1261 1260//1260
f 1269//1269 1260//1260 1270//1270
f 1270//1270 1260//1260 1263//1263
f 1270//1270 1263//1263 1272//1272
f 1268//1268 1271//1271 1274//1274
f 1268//1268 1274//1274 1275//1275
f 1275//1275 1274//1274 1089//1089
f 1275//1275 1089//1089 1088//1088
f 1271//1271 1273//1273 1276//1276
f 1271//1271 1276//1276 1274//1274
f 1274//1274 1276//1276 1090//1090
f 1274//1274 1090//1090 1089//1089
f 1268//1268 1275//1275 1277//1277
f 1268//1268 1277//1277 1278//1278
f 1278//1278 1277//1277 1245//1245
f 1278//1278 1245//1245 1242//1242
f 1275//1275 1088//1088 1101//1101
f 1275//1275 1101//1101 1277//1277
f 1277//1277 1101//1101 1070//1070
f 1277//1277 1070//1070 1245//1245
f 1268//1268 1278//1278 1279//1279
f 1268//1268 1279//1279 1269//1269
f 1269//1269 1279//1279 1266//1266
f 1269//1269 1266//1266 1261//1261
f 1278//1278 1242//1242 1241//1241
f 1278//1278 1241//1241 1279//1279
f 1279//1279 1241//1241 1228//1228
f 1279//1279 1228//1228 1266//1266
f 1280//1280 1281//1281 1282//1282
f 1280//1280 1282//1282 1283//1283
f 1283//1283 1282//1282 1284//1284
f 1283//1283 1284//1284 1285//1285
f 1281//1281 824//824 823//823
f 1281//1281 823//823 1282//1282
f 1282//1282 823//823 626//626
f 1282//1282 626//626 1284//1284
f 1280//1280 1283//1283 1286//1286
f 1280//1280 1286//1286 1287//1287
f 1287//1287 1286//1286 1288//1288
f 1287//1287 1288//1288 1289//1289
f 1283//1283 1285//1285 1290//1290
f 1283//1283 1290//1290 1286//1286
f 1286//1286 1290//1290 1291//1291
f 1286//1286 1291//1291 1288//1288
f 1280//1280 1287//1287 1292//1292
f 1280//1280 1292//1292 1293//1293
f 1293//1293 1292//1292 1262//1262
f 1293//1293 1262//1262 1257//1257
f 1287//1287 1289//1289 1294//1294
f 1287//1287 1294//1294 1292//1292
f 1292//1292 1294//1294 1263//1263
f 1292//1292 1263//1263 1262//1262
f 1280//1280 1293//1293 1295//1295
f 1280//1280 1295//1295 1281//1281
f 1281//1281 1295//1295 826//826
f 1281//1281 826//826 824//824
f 1293//1293 1257//1257 1256//1256
f 1293//1293 1256//1256 1295//1295
f 1295//1295 1256//1256 809//809
f 1295//1295 809//809 826//826
f 1296//1296 1297//1297 1298//1298
f 1296//1296 1298//1298 1299//1299
f 1299//1299 1298//1298 1300//1300
f 1299//1299 1300//1300 1301//1301
f 1297//1297 1289//1289 1288//1288
f 1297//1297 1288//1288 1298//1298
f 1298//1298 1288//1288 1291//1291
f 1298//1298 1291//1291 1300//1300
f 1296//1296 1299//1299 1302//1302
f 1296//1296 1302//1302 1303//1303
f 1303//1303 1302//1302 1109//1109
f 1303//1303 1109//1109 1108//1108
f 1299//1299 1301//1301 1304//1304
f 1299//1299 1304//1304 1302//1302
f 1302//1302 1304//1304 1110//1110
f 1302//1302 1110//1110 1109//1109
f 1296//1296 1303//1303 1305//1305
f 1296//1296 1305//1305 1306//1306
f 1306//1306 1305//1305 1276//1276
f 1306//1306 1276//1276 1273//1273
f 1303//1303 1108//1108 1121//1121
f 1303//1303 1121//1121 1305//1305
f 1305//1305 1121//1121 1090//1090
f 1305//1305 1090//1090 1276//1276
f 1296//1296 1306//1306 1307//1307
f 1296//1296 1307//1307 1297//1297
f 1297//1297 1307//1307 1294//1294
f 1297//1297 1294//1294 1289//1289
f 1306//1306 1273//1273 1272//1272
f 1306//1306 1272//1272 1307//1307
f 1307//1307 1272//1272 1263//1263
f 1307//1307 1263//1263 1294//1294
f 1308//1308 1309//1309 1310//1310
f 1308//1308 1310//1310 1311//1311
f 1311//1311 1310//1310 1312//1312
f 1311//1311 1312//1312 1313//1313
f 1309//1309 620//620 619//619
f 1309//1309 619//619 1310//1310
f 1310//1310 619//619 622//622
f 1310//1310 622//622 1312//1312
f 1308//1308 1311//1311 1314//1314
f 1308//1308 1314//1314 1315//1315
f 1315//1315 1314//1314 1316//1316
f 1315//1315 1316//1316 1317//1317
f 1311//1311 1313//1313 1318//1318
f 1311//1311 1318//1318 1314//1314
f 1314//1314 1318//1318 1319//1319
f 1314//1314 1319//1319 1316//1316
f 1308//1308 1315//1315 1320//1320
f 1308//1308 1320//1320 1321//1321
f 1321//1321 1320//1320 1290//1290
f 1321//1321 1290//1290 1285//1285
f 1315//1315 1317//1317 1322//1322
f 1315//1315 1322//1322 1320//1320
f 1320//1320 1322//1322 1291//1291
f 1320//1320 1291//1291 1290//1290
f 1308//1308 1321//1321 1323//1323
f 1308//1308 1323//1323 1309//1309
f 1309//1309 1323//1323 625//625
f 1309//1309 625//625 620//620
f 1321//1321 1285//1285 1284//1284
f 1321//1321 1284//1284 1323//1323
f 1323//1323 1284//1284 626//626
f 1323//1323 626//626 625//625
f 1324//1324 1325//1325 1326//1326
f 1324//1324 1326//1326 1327//1327
f 1327//1327 1326//1326 1328//1328
f 1327//1327 1328//1328 1329//1329
f 1325//1325 1317//1317 1316//1316
f 1325//1325 1316//1316 1326//1326
f 1326//1326 1316//1316 1319//1319
f 1326//1326 1319//1319 1328//1328
f 1324//1324 1327//1327 1330//1330
f 1324//1324 1330//1330 1331//1331
f 1331//1331 1330//1330 1129//1129
f 1331//1331 1129//1129 1128//1128
f 1327//1327 1329//1329 1332//1332
f 1327//1327 1332//1332 1330//1330
f 1330//1330 1332//1332 1130//1130
f 1330//1330 1130//1130 1129//1129
f 1324//1324 1331//1331 1333//1333
f 1324//1324 1333//1333 1334//1334
f 1334//1334 1333//1333 1304//1304
f 1334//1334 1304//1304 1301//1301
f 1331//1331 1128//1128 1141//1141
f 1331//1331 1141//1141 1333//1333
f 1333//1333 1141//1141 1110//1110
f 1333//1333 1110//1110 1304//1304
f 1324//1324 1334//1334 1335//1335
f 1324//1324 1335//1335 1325//1325
f 1325//1325 1335//1335 1322//1322
f 1325//1325 1322//1322 1317//1317
f 1334//1334 1301//1301 1300//1300
f 1334//1334 1300//1300 1335//1335
f 1335//1335 1300//1300 1291//1291
f 1335//1335 1291//1291 1322//1322
f 1336//1336 1337//1337 1338//1338
f 1336//1336 1338//1338 1339//1339
f 1339//1339 1338//1338 1340//1340
f 1339//1339 1340//1340 1341//1341
f 1337//1337 842//842 841//841
f 1337//1337 841//841 1338//1338
f 1338//1338 841//841 844//844
f 1338//1338 844//844 1340//1340
f 1336//1336 1339//1339 1342//1342
f 1336//1336 1342//1342 1343//1343
f 1343//1343 1342//1342 1344//1344
f 1343//1343 1344//1344 1345//1345
f 1339//1339 1341//1341 1346//1346
f 1339//1339 1346//1346 1342//1342
f 1342//1342 1346//1346 1347//1347
f 1342//1342 1347//1347 1344//1344
f 1336//1336 1343//1343 1348//1348
f 1336//1336 1348//1348 1349//1349
f 1349//1349 1348//1348 1318//1318
f 1349//1349 1318//1318 1313//1313
f 1343//1343 1345//1345 1350//1350
f 1343//1343 1350//1350 1348//1348
f 1348//1348 1350//1350 1319//1319
f 1348//1348 1319//1319 1318//1318
f 1336//1336 1349//1349 1351//1351
f 1336//1336 1351//1351 1337//1337
f 1337//1337 1351//1351 846//846
f 1337//1337 846//846 842//842
f 1349//1349 1313//1313 1312//1312
f 1349//1349 1312//1312 1351//1351
f 1351//1351 1312//1312 622//622
f 1351//1351 622//622 846//846
f 1352//1352 1353//1353 1354//1354
f 1352//1352 1354//1354 1355//1355
f 1355//1355 1354//1354 1356//1356
f 1355//1355 1356//1356 1357//1357
f 1353//1353 1345//1345 1344//1344
f 1353//1353 1344//1344 1354//1354
f 1354//1354 1344//1344 1347//1347
f 1354//1354 1347//1347 1356//1356
f 1352//1352 1355//1355 1358//1358
f 1352//1352 1358//1358 1359//1359
f 1359//1359 1358//1358 1149//1149
f 1359//1359 1149//1149 1148//1148
f 1355//1355 1357//1357 1360//1360
f 1355//1355 1360//1360 1358//1358
f 1358//1358 1360//1360 1150//1150
f 1358//1358 1150//1150 1149//1149
f 1352//1352 1359//1359 1361//1361
f 1352//1352 1361//1361 1362//1362
f 1362//1362 1361//1361 1332//1332
f 1362//1362 1332//1332 1329//1329
f 1359//1359 1148//1148 1161//1161
f 1359//1359 1161//1161 1361//1361
f 1361//1361 1161//1161 1130//1130
f 1361//1361 1130//1130 1332//1332
f 1352//1352 1362//1362 1363//1363
f 1352//1352 1363//1363 1353//1353
f 1353//1353 1363//1363 1350//1350
f 1353//1353 1350//1350 1345//1345
f 1362//1362 1329//1329 1328//1328
f 1362//1362 1328//1328 1363//1363
f 1363//1363 1328//1328 1319//1319
f 1363//1363 1319//1319 1350//1350
f 1364//1364 1365//1365 1366//1366
f 1364//1364 1366//1366 1367//1367
f 1367//1367 1366//1366 1368//1368
f 1367//1367 1368//1368 1369//1369
f 1365//1365 862//862 861//861
f 1365//1365 861//861 1366//1366
f 1366//1366 861//861 864//864
f 1366//1366 864//864 1368//1368
f 1364//1364 1367//1367 1370//1370
f 1364//1364 1370//1370 1371//1371
f 1371//1371 1370//1370 1372//1372
f 1371//1371 1372//1372 1373//1373
f 1367//1367 1369//1369 1374//1374
f 1367//1367 1374//1374 1370//1370
f 1370//1370 1374//1374 1375//1375
f 1370//1370 1375//1375 1372//1372
f 1364//1364 1371//1371 1376//1376
f 1364//1364 1376//1376 1377//1377
f 1377//1377 1376//1376 1346//1346
f 1377//1377 1346//1346 1341//1341
f 1371//1371 1373//1373 1378//1378
f 1371//1371 1378//1378 1376//1376
f 1376//1376 1378//1378 1347//1347
f 1376//1376 1347//1347 1346//1346
f 1364//1364 1377//1377 1379//1379
f 1364//1364 1379//1379 1365//1365
f 1365//1365 1379//1379 866//866
f 1365//1365 866//866 862//862
f 1377//1377 1341//1341 1340//1340
f 1377//1377 1340//1340 1379//1379
f 1379//1379 1340//1340 844//844
f 1379//1379 844//844 866//866
f 1380//1380 1381//1381 1382//1382
f 1380//1380 1382//1382 1383//1383
f 1383//1383 1382//1382 1384//1384
f 1383//1383 1384//1384 1385//1385
f 1381//1381 1373//1373 1372//1372
f 1381//1381 1372//1372 1382//1382
f 1382//1382 1372//1372 1375//1375
f 1382//1382 1375//1375 1384//1384
f 1380//1380 1383//1383 1386//1386
f 1380//1380 1386//1386 1387//1387
f 1387//1387 1386//1386 1169//1169
f 1387//1387 1169//1169 1168//1168
f 1383//1383 1385//1385 1388//1388
f 1383//1383 1388//1388 1386//1386
f 1386//1386 1388//1388 1170//1170
f 1386//1386 1170//1170 1169//1169
f 1380//1380 1387//1387 1389//1389
f 1380//1380 1389//1389 1390//1390
f 1390//1390 1389//1389 1360//1360
f 1390//1390 1360//1360 1357//1357
f 1387//1387 1168//1168 1181//1181
f 1387//1387 1181//1181 1389//1389
f 1389//1389 1181//1181 1150//1150
f 1389//1389 1150//1150 1360//1360
f 1380//1380 1390//1390 1391//1391
f 1380//1380 1391//1391 1381//1381
f 1381//1381 1391//1391 1378//1378
f 1381//1381 1378//1378 1373//1373
f 1390//1390 1357//1357 1356//1356
f 1390//1390 1356//1356 1391//1391
f 1391//1391 1356//1356 1347//1347
f 1391//1391 1347//1347 1378//1378
f 1392//1392 1393//1393 1394//1394
f 1392//1392 1394//1394 1395//1395
f 1395//1395 1394//1394 1396//1396
f 1395//1395 1396//1396 1397//1397
f 1393//1393 879//879 878//878
f 1393//1393 878//878 1394//1394
f 1394//1394 878//878 671//671
f 1394//1394 671//671 1396//1396
f 1392//1392 1395//1395 1398//1398
f 1392//1392 1398//1398 1399//1399
f 1399//1399 1398//1398 1400//1400
f 1399//1399 1400//1400 1401//1401
f 1395//1395 1397//1397 1402//1402
f 1395//1395 1402//1402 1398//1398
f 1398//1398 1402//1402 1403//1403
f 1398//1398 1403//1403 1400//1400
f 1392//1392 1399//1399 1404//1404
f 1392//1392 1404//1404 1405//1405
f 1405//1405 1404//1404 1374//1374
f 1405//1405 1374//1374 1369//1369
f 1399//1399 1401//1401 1406//1406
f 1399//1399 1406//1406 1404//1404
f 1404//1404 1406//1406 1375//1375
f 1404//1404 1375//1375 1374//1374
f 1392//1392 1405//1405 1407//1407
f 1392//1392 1407//1407 1393//1393
f 1393//1393 1407//1407 881//881
f 1393//1393 881//881 879//879
f 1405//1405 1369//1369 1368//1368
f 1405//1405 1368//1368 1407//1407
f 1407//1407 1368//1368 864//864
f 1407//1407 864//864 881//881
f 1408//1408 1409//1409 1410//1410
f 1408//1408 1410//1410 1411//1411
f 1411//1411 1410//1410 1412//1412
f 1411//1411 1412//1412 1413//1413
f 1409//1409 1401//1401 1400//1400
f 1409//1409 1400//1400 1410//1410
f 1410//1410 1400//1400 1403//1403
f 1410//1410 1403//1403 1412//1412
f 1408//1408 1411//1411 1414//1414
f 1408//1408 1414//1414 1415//1415
f 1415//1415 1414//1414 1189//1189
f 1415//1415 1189//1189 1188//1188
f 1411//1411 1413//1413 1416//1416
f 1411//1411 1416//1416 1414//1414
f 1414//1414 1416//1416 1190//1190
f 1414//1414 1190//1190 1189//1189
f 1408//1408 1415//1415 1417//1417
f 1408//1408 1417//1417 1418//1418
f 1418//1418 1417//1417 1388//1388
f 1418//1418 1388//1388 1385//1385
f 1415//1415 1188//1188 1201//1201
f 1415//1415 1201//1201 1417//1417
f 1417//1417 1201//1201 1170//1170
f 1417//1417 1170//1170 1388//1388
f 1408//1408 1418//1418 1419//1419
f 1408//1408 1419//1419 1409//1409
f 1409//1409 1419//1419 1406//1406
f 1409//1409 1406//1406 1401//1401
f 1418//1418 1385//1385 1384//1384
f 1418//1418 1384//1384 1419//1419
f 1419//1419 1384//1384 1375//1375
f 1419//1419 1375//1375 1406//1406
f 1420//1420 1421//1421 1422//1422
f 1420//1420 1422//1422 1423//1423
f 1423//1423 1422//1422 1424//1424
f 1423//1423 1424//1424 1425//1425
f 1421//1421 665//665 664//664
f 1421//1421 664//664 1422//1422
f 1422//1422 664//664 667//667
f 1422//1422 667//667 1424//1424
f 1420//1420 1423//1423 1426//1426
f 1420//1420 1426//1426 1427//1427
f 1427//1427 1426//1426 1428//1428
f 1427//1427 1428//1428 1429//1429
f 1423//1423 1425//1425 1430//1430
f 1423//1423 1430//1430 1426//1426
f 1426//1426 1430//1430 1431//1431
f 1426//1426 1431//1431 1428//1428
f 1420//1420 1427//1427 1432//1432
f 1420//1420 1432//1432 1433//1433
f 1433//1433 1432//1432 1402//1402
f 1433//1433 1402//1402 1397//1397
f 1427//1427 1429//1429 1434//1434
f 1427//1427 1434//1434 1432//1432
f 1432//1432 1434//1434 1403//1403
f 1432//1432 1403//1403 1402//1402
f 1420//1420 1433//1433 1435//1435
f 1420//1420 1435//1435 1421//1421
f 1421//1421 1435//1435 670//670
f 1421//1421 670//670 665//665
f 1433//1433 1397//1397 1396//1396
f 1433//1433 1396//1396 1435//1435
f 1435//1435 1396//1396 671//671
f 1435//1435 671//671 670//670
f 1436//1436 1437//1437 1438//1438
f 1436//1436 1438//1438 1439//1439
f 1439//1439 1438//1438 1440//1440
f 1439//1439 1440//1440 1441//1441
f 1437//1437 1429//1429 1428//1428
f 1437//1437 1428//1428 1438//1438
f 1438//1438 1428//1428 1431//1431
f 1438//1438 1431//1431 1440//1440
f 1436//1436 1439//1439 1442//1442
f 1436//1436 1442//1442 1443//1443
f 1443//1443 1442//1442 1207//1207
f 1443//1443 1207//1207 1206//1206
f 1439//1439 1441//1441 1444//1444
f 1439//1439 1444//1444 1442//1442
f 1442//1442 1444//1444 921//921
f 1442//1442 921//921 1207//1207
f 1436//1436 1443//1443 1445//1445
f 1436//1436 1445//1445 1446//1446
f 1446//1446 1445//1445 1416//1416
f 1446//1446 1416//1416 1413//1413
f 1443//1443 1206//1206 1216//1216
f 1443//1443 1216//1216 1445//1445
f 1445//1445 1216//1216 1190//1190
f 1445//1445 1190//1190 1416//1416
f 1436//1436 1446//1446 1447//1447
f 1436//1436 1447//1447 1437//1437
f 1437//1437 1447//1447 1434//1434
f 1437//1437 1434//1434 1429//1429
f 1446//1446 1413//1413 1412//1412
f 1446//1446 1412//1412 1447//1447
f 1447//1447 1412//1412 1403//1403
f 1447//1447 1403//1403 1434//1434
f 1448//1448 1449//1449 1450//1450
f 1448//1448 1450//1450 1451//1451
f 1451//1451 1450//1450 1452//1452
f 1451//1451 1452//1452 1453//1453
f 1449//1449 894//894 893//893
f 1449//1449 893//893 1450//1450
f 1450//1450 893//893 638//638
f 1450//1450 638//638 1452//1452
f 1448//1448 1451//1451 1454//1454
f 1448//1448 1454//1454 1455//1455
f 1455//1455 1454//1454 1456//1456
f 1455//1455 1456//1456 1457//1457
f 1451//1451 1453//1453 1458//1458
f 1451//1451 1458//1458 1454//1454
f 1454//1454 1458//1458 1459//1459
f 1454//1454 1459//1459 1456//1456
f 1448//1448 1455//1455 1460//1460
f 1448//1448 1460//1460 1461//1461
f 1461//1461 1460//1460 1430//1430
f 1461//1461 1430//1430 1425//1425
f 1455//1455 1457//1457 1462//1462
f 1455//1455 1462//1462 1460//1460
f 1460//1460 1462//1462 1431//1431
f 1460//1460 1431//1431 1430//1430
f 1448//1448 1461//1461 1463//1463
f 1448//1448 1463//1463 1449//1449
f 1449//1449 1463//1463 896//896
f 1449//1449 896//896 894//894
f 1461//1461 1425//1425 1424//1424
f 1461//1461 1424//1424 1463//1463
f 1463//1463 1424//1424 667//667
f 1463//1463 667//667 896//896
f 1464//1464 1465//1465 1466//1466
f 1464//1464 1466//1466 1467//1467
f 1467//1467 1466//1466 1468//1468
f 1467//1467 1468//1468 1469//1469
f 1465//1465 1457//1457 1456//1456
f 1465//1465 1456//1456 1466//1466
f 1466//1466 1456//1456 1459//1459
f 1466//1466 1459//1459 1468//1468
f 1464//1464 1467//1467 1470//1470
f 1464//1464 1470//1470 1471//1471
f 1471//1471 1470//1470 904//904
f 1471//1471 904//904 903//903
f 1467//1467 1469//1469 1472//1472
f 1467//1467 1472//1472 1470//1470
f 1470//1470 1472//1472 905//905
f 1470//1470 905//905 904//904
f 1464//1464 1471//1471 1473//1473
f 1464//1464 1473//1473 1474//1474
f 1474//1474 1473//1473 1444//1444
f 1474//1474 1444//1444 1441//1441
f 1471//1471 903//903 919//919
f 1471//1471 919//919 1473//1473
f 1473//1473 919//919 921//921
f 1473//1473 921//921 1444//1444
f 1464//1464 1474//1474 1475//1475
f 1464//1464 1475//1475 1465//1465
f 1465//1465 1475//1475 1462//1462
f 1465//1465 1462//1462 1457//1457
f 1474//1474 1441//1441 1440//1440
f 1474//1474 1440//1440 1475//1475
f 1475//1475 1440//1440 1431//1431
f 1475//1475 1431//1431 1462//1462
f 1476//1476 1477//1477 1478//1478
f 1476//1476 1478//1478 1479//1479
f 1479//1479 1478//1478 1480//1480
f 1479//1479 1480//1480 1481//1481
f 1477//1477 632//632 631//631
f 1477//1477 631//631 1478//1478
f 1478//1478 631//631 591//591
f 1478//1478 591//591 1480//1480
f 1476//1476 1479//1479 1482//1482
f 1476//1476 1482//1482 1483//1483
f 1483//1483 1482//1482 1484//1484
f 1483//1483 1484//1484 1485//1485
f 1479//1479 1481//1481 1486//1486
f 1479//1479 1486//1486 1482//1482
f 1482//1482 1486//1486 1487//1487
f 1482//1482 1487//1487 1484//1484
f 1476//1476 1483//1483 1488//1488
f 1476//1476 1488//1488 1489//1489
f 1489//1489 1488//1488 1458//1458
f 1489//1489 1458//1458 1453//1453
f 1483//1483 1485//1485 1490//1490
f 1483//1483 1490//1490 1488//1488
f 1488//1488 1490//1490 1459//1459
f 1488//1488 1459//1459 1458//1458
f 1476//1476 1489//1489 1491//1491
f 1476//1476 1491//1491 1477//1477
f 1477//1477 1491//1491 637//637
f 1477//1477 637//637 632//632
f 1489//1489 1453//1453 1452//1452
f 1489//1489 1452//1452 1491//1491
f 1491//1491 1452//1452 638//638
f 1491//1491 638//638 637//637
f 1492//1492 1493//1493 1494//1494
f 1492//1492 1494//1494 1495//1495
f 1495//1495 1494//1494 1496//1496
f 1495//1495 1496//1496 1497//1497
f 1493//1493 1485//1485 1484//1484
f 1493//1493 1484//1484 1494//1494
f 1494//1494 1484//1484 1487//1487
f 1494//1494 1487//1487 1496//1496
f 1492//1492 1495//1495 1498//1498
f 1492//1492 1498//1498 1499//1499
f 1499//1499 1498//1498 929//929
f 1499//1499 929//929 928//928
f 1495//1495 1497//1497 1500//1500
f 1495//1495 1500//1500 1498//1498
f 1498//1498 1500//1500 930//930
f 1498//1498 930//930 929//929
f 1492//1492 1499//1499 1501//1501
f 1492//1492 1501//1501 1502//1502
f 1502//1502 1501//1501 1472//1472
f 1502//1502 1472//1472 1469//1469
f 1499//1499 928//928 941//941
f 1499//1499 941//941 1501//1501
f 1501//1501 941//941 905//905
f 1501//1501 905//905 1472//1472
f 1492//1492 1502//1502 1503//1503
f 1492//1492 1503//1503 1493//1493
f 1493//1493 1503//1503 1490//1490
f 1493//1493 1490//1490 1485//1485
f 1502//1502 1469//1469 1468//1468
f 1502//1502 1468//1468 1503//1503
f 1503//1503 1468//1468 1459//1459
f 1503//1503 1459//1459 1490//1490
f 1504//1504 1505//1505 1506//1506
f 1504//1504 1506//1506 1507//1507
f 1507//1507 1506//1506 1500//1500
f 1507//1507 1500//1500 1497//1497
f 1505//1505 948//948 961//961
f 1505//1505 961//961 1506//1506
f 1506//1506 961//961 930//930
f 1506//1506 930//930 1500//1500
f 1504//1504 1507//1507 1508//1508
f 1504//1504 1508//1508 1509//1509
f 1509//1509 1508//1508 1510//1510
f 1509//1509 1510//1510 1511//1511
f 1507//1507 1497//1497 1496//1496
f 1507//1507 1496//1496 1508//1508
f 1508//1508 1496//1496 1487//1487
f 1508//1508 1487//1487 1510//1510
f 1504//1504 1509//1509 1512//1512
f 1504//1504 1512//1512 1513//1513
f 1513//1513 1512//1512 1514//1514
f 1513//1513 1514//1514 1515//1515
f 1509//1509 1511//1511 1516//1516
f 1509//1509 1516//1516 1512//1512
f 1512//1512 1516//1516 1517//1517
f 1512//1512 1517//1517 1514//1514
f 1504//1504 1513//1513 1518//1518
f 1504//1504 1518//1518 1505//1505
f 1505//1505 1518//1518 949//949
f 1505//1505 949//949 948//948
f 1513//1513 1515//1515 1519//1519
f 1513//1513 1519//1519 1518//1518
f 1518//1518 1519//1519 950//950
f 1518//1518 950//950 949//949
f 1520//1520 1521//1521 1522//1522
f 1520//1520 1522//1522 1523//1523
f 1523//1523 1522//1522 1486//1486
f 1523//1523 1486//1486 1481//1481
f 1521//1521 1511//1511 1510//1510
f 1521//1521 1510//1510 1522//1522
f 1522//1522 1510//1510 1487//1487
f 1522//1522 1487//1487 1486//1486
f 1520//1520 1523//1523 1524//1524
f 1520//1520 1524//1524 1525//1525
f 1525//1525 1524//1524 590//590
f 1525//1525 590//590 582//582
f 1523//1523 1481//1481 1480//1480
f 1523//1523 1480//1480 1524//1524
f 1524//1524 1480//1480 591//591
f 1524//1524 591//591 590//590
f 1520//1520 1525//1525 1526//1526
f 1520//1520 1526//1526 1527//1527
f 1527//1527 1526//1526 1528//1528
f 1527//1527 1528//1528 1529//1529
f 1525//1525 582//582 581//581
f 1525//1525 581//581 1526//1526
f 1526//1526 581//581 585//585
f 1526//1526 585//585 1528//1528
f 1520//1520 1527//1527 1530//1530
f 1520//1520 1530//1530 1521//1521
f 1521//1521 1530//1530 1516//1516
f 1521//1521 1516//1516 1511//1511
f 1527//1527 1529//1529 1531//1531
f 1527//1527 1531//1531 1530//1530
f 1530//1530 1531//1531 1517//1517
f 1530//1530 1517//1517 1516//1516
f 1532//1532 1533//1533 1534//1534
f 1532//1532 1534//1534 1535//1535
f 1535//1535 1534//1534 1536//1536
f 1535//1535 1536//1536 1537//1537
f 1533//1533 729//729 728//728
f 1533//1533 728//728 1534//1534
f 1534//1534 728//728 716//716
f 1534//1534 716//716 1536//1536
f 1532//1532 1535//1535 1538//1538
f 1532//1532 1538//1538 1539//1539
f 1539//1539 1538//1538 1540//1540
f 1539//1539 1540//1540 1541//1541
f 1535//1535 1537//1537 1542//1542
f 1535//1535 1542//1542 1538//1538
f 1538//1538 1542//1542 1543//1543
f 1538//1538 1543//1543 1540//1540
f 1532//1532 1539//1539 1544//1544
f 1532//1532 1544//1544 1545//1545
f 1545//1545 1544//1544 1531//1531
f 1545//1545 1531//1531 1529//1529
f 1539//1539 1541//1541 1546//1546
f 1539//1539 1546//1546 1544//1544
f 1544//1544 1546//1546 1517//1517
f 1544//1544 1517//1517 1531//1531
f 1532//1532 1545//1545 1547//1547
f 1532//1532 1547//1547 1533//1533
f 1533//1533 1547//1547 731//731
f 1533//1533 731//731 729//729
f 1545//1545 1529//1529 1528//1528
f 1545//1545 1528//1528 1547//1547
f 1547//1547 1528//1528 585//585
f 1547//1547 585//585 731//731
f 1548//1548 1549//1549 1550//1550
f 1548//1548 1550//1550 1551//1551
f 1551//1551 1550//1550 1552//1552
f 1551//1551 1552//1552 1553//1553
f 1549//1549 1541//1541 1540//1540
f 1549//1549 1540//1540 1550//1550
f 1550//1550 1540//1540 1543//1543
f 1550//1550 1543//1543 1552//1552
f 1548//1548 1551//1551 1554//1554
f 1548//1548 1554//1554 1555//1555
f 1555//1555 1554//1554 969//969
f 1555//1555 969//969 968//968
f 1551//1551 1553//1553 1556//1556
f 1551//1551 1556//1556 1554//1554
f 1554//1554 1556//1556 970//970
f 1554//1554 970//970 969//969
f 1548//1548 1555//1555 1557//1557
f 1548//1548 1557//1557 1558//1558
f 1558//1558 1557//1557 1519//1519
f 1558//1558 1519//1519 1515//1515
f 1555//1555 968//968 981//981
f 1555//1555 981//981 1557//1557
f 1557//1557 981//981 950//950
f 1557//1557 950//950 1519//1519
f 1548//1548 1558//1558 1559//1559
f 1548//1548 1559//1559 1549//1549
f 1549//1549 1559//1559 1546//1546
f 1549//1549 1546//1546 1541//1541
f 1558//1558 1515//1515 1514//1514
f 1558//1558 1514//1514 1559//1559
f 1559//1559 1514//1514 1517//1517
f 1559//1559 1517//1517 1546//1546
f 1560//1560 1561//1561 1562//1562
f 1560//1560 1562//1562 1563//1563
f 1563//1563 1562//1562 1564//1564
f 1563//1563 1564//1564 1565//1565
f 1561//1561 712//712 711//711
f 1561//1561 711//711 1562//1562
f 1562//1562 711//711 696//696
f 1562//1562 696//696 1564//1564
f 1560//1560 1563//1563 1566//1566
f 1560//1560 1566//1566 1567//1567
f 1567//1567 1566//1566 1568//1568
f 1567//1567 1568//1568 1569//1569
f 1563//1563 1565//1565 1570//1570
f 1563//1563 1570//1570 1566//1566
f 1566//1566 1570//1570 1571//1571
f 1566//1566 1571//1571 1568//1568
f 1560//1560 1567//1567 1572//1572
f 1560//1560 1572//1572 1573//1573
f 1573//1573 1572//1572 1542//1542
f 1573//1573 1542//1542 1537//1537
f 1567//1567 1569//1569 1574//1574
f 1567//1567 1574//1574 1572//1572
f 1572//1572 1574//1574 1543//1543
f 1572//1572 1543//1543 1542//1542
f 1560//1560 1573//1573 1575//1575
f 1560//1560 1575//1575 1561//1561
f 1561//1561 1575//1575 715//715
f 1561//1561 715//715 712//712
f 1573//1573 1537//1537 1536//1536
f 1573//1573 1536//1536 1575//1575
f 1575//1575 1536//1536 716//716
f 1575//1575 716//716 715//715
f 1576//1576 1577//1577 1578//1578
f 1576//1576 1578//1578 1579//1579
f 1579//1579 1578//1578 1580//1580
f 1579//1579 1580//1580 1581//1581
f 1577//1577 1569//1569 1568//1568
f 1577//1577 1568//1568 1578//1578
f 1578//1578 1568//1568 1571//1571
f 1578//1578 1571//1571 1580//1580
f 1576//1576 1579//1579 1582//1582
f 1576//1576 1582//1582 1583//1583
f 1583//1583 1582//1582 989//989
f 1583//1583 989//989 988//988
f 1579//1579 1581//1581 1584//1584
f 1579//1579 1584//1584 1582//1582
f 1582//1582 1584//1584 990//990
f 1582//1582 990//990 989//989
f 1576//1576 1583//1583 1585//1585
f 1576//1576 1585//1585 1586//1586
f 1586//1586 1585//1585 1556//1556
f 1586//1586 1556//1556 1553//1553
f 1583//1583 988//988 1001//1001
f 1583//1583 1001//1001 1585//1585
f 1585//1585 1001//1001 970//970
f 1585//1585 970//970 1556//1556
f 1576//1576 1586//1586 1587//1587
f 1576//1576 1587//1587 1577//1577
f 1577//1577 1587//1587 1574//1574
f 1577//1577 1574//1574 1569//1569
f 1586//1586 1553//1553 1552//1552
f 1586//1586 1552//1552 1587//1587
f 1587//1587 1552//1552 1543//1543
f 1587//1587 1543//1543 1574//1574
f 1588//1588 1589//1589 1590//1590
f 1588//1588 1590//1590 1591//1591
f 1591//1591 1590//1590 1592//1592
f 1591//1591 1592//1592 1593//1593
f 1589//1589 690//690 689//689
f 1589//1589 689//689 1590//1590
f 1590//1590 689//689 692//692
f 1590//1590 692//692 1592//1592
f 1588//1588 1591//1591 1594//1594
f 1588//1588 1594//1594 1595//1595
f 1595//1595 1594//1594 1596//1596
f 1595//1595 1596//1596 1597//1597
f 1591//1591 1593//1593 1598//1598
f 1591//1591 1598//1598 1594//1594
f 1594//1594 1598//1598 1599//1599
f 1594//1594 1599//1599 1596//1596
f 1588//1588 1595//1595 1600//1600
f 1588//1588 1600//1600 1601//1601
f 1601//1601 1600//1600 1570//1570
f 1601//1601 1570//1570 1565//1565
f 1595//1595 1597//1597 1602//1602
f 1595//1595 1602//1602 1600//1600
f 1600//1600 1602//1602 1571//1571
f 1600//1600 1571//1571 1570//1570
f 1588//1588 1601//1601 1603//1603
f 1588//1588 1603//1603 1589//1589
f 1589//1589 1603//1603 695//695
f 1589//1589 695//695 690//690
f 1601//1601 1565//1565 1564//1564
f 1601//1601 1564//1564 1603//1603
f 1603//1603 1564//1564 696//696
f 1603//1603 696//696 695//695
f 1604//1604 1605//1605 1606//1606
f 1604//1604 1606//1606 1607//1607
f 1607//1607 1606//1606 1608//1608
f 1607//1607 1608//1608 1609//1609
f 1605//1605 1597//1597 1596//1596
f 1605//1605 1596//1596 1606//1606
f 1606//1606 1596//1596 1599//1599
f 1606//1606 1599//1599 1608//1608
f 1604//1604 1607//1607 1610//1610
f 1604//1604 1610//1610 1611//1611
f 1611//1611 1610//1610 1009//1009
f 1611//1611 1009//1009 1008//1008
f 1607//1607 1609//1609 1612//1612
f 1607//1607 1612//1612 1610//1610
f 1610//1610 1612//1612 1010//1010
f 1610//1610 1010//1010 1009//1009
f 1604//1604 1611//1611 1613//1613
f 1604//1604 1613//1613 1614//1614
f 1614//1614 1613//1613 1584//1584
f 1614//1614 1584//1584 1581//1581
f 1611//1611 1008//1008 1021//1021
f 1611//1611 1021//1021 1613//1613
f 1613//1613 1021//1021 990//990
f 1613//1613 990//990 1584//1584
f 1604//1604 1614//1614 1615//1615
f 1604//1604 1615//1615 1605//1605
f 1605//1605 1615//1615 1602//1602
f 1605//1605 1602//1602 1597//1597
f 1614//1614 1581//1581 1580//1580
f 1614//1614 1580//1580 1615//1615
f 1615//1615 1580//1580 1571//1571
f 1615//1615 1571//1571 1602//1602
f 1616//1616 1617//1617 1618//1618
f 1616//1616 1618//1618 1619//1619
f 1619//1619 1618//1618 1620//1620
f 1619//1619 1620//1620 1621//1621
f 1617//1617 747//747 746//746
f 1617//1617 746//746 1618//1618
f 1618//1618 746//746 749//749
f 1618//1618 749//749 1620//1620
f 1616//1616 1619//1619 1622//1622
f 1616//1616 1622//1622 1623//1623
f 1623//1623 1622//1622 1624//1624
f 1623//1623 1624//1624 1625//1625
f 1619//1619 1621//1621 1626//1626
f 1619//1619 1626//1626 1622//1622
f 1622//1622 1626//1626 1627//1627
f 1622//1622 1627//1627 1624//1624
f 1616//1616 1623//1623 1628//1628
f 1616//1616 1628//1628 1629//1629
f 1629//1629 1628//1628 1598//1598
f 1629//1629 1598//1598 1593//1593
f 1623//1623 1625//1625 1630//1630
f 1623//1623 1630//1630 1628//1628
f 1628//1628 1630//1630 1599//1599
f 1628//1628 1599//1599 1598//1598
f 1616//1616 1629//1629 1631//1631
f 1616//1616 1631//1631 1617//1617
f 1617//1617 1631//1631 751//751
f 1617//1617 751//751 747//747
f 1629//1629 1593//1593 1592//1592
f 1629//1629 1592//1592 1631//1631
f 1631//1631 1592//1592 692//692
f 1631//1631 692//692 751//751
f 1632//1632 1633//1633 1634//1634
f 1632//1632 1634//1634 1635//1635
f 1635//1635 1634//1634 1636//1636
f 1635//1635 1636//1636 1637//1637
f 1633//1633 1625//1625 1624//1624
f 1633//1633 1624//1624 1634//1634
f 1634//1634 1624//1624 1627//1627
f 1634//1634 1627//1627 1636//1636
f 1632//1632 1635//1635 1638//1638
f 1632//1632 1638//1638 1639//1639
f 1639//1639 1638//1638 1029//1029
f 1639//1639 1029//1029 1028//1028
f 1635//1635 1637//1637 1640//1640
f 1635//1635 1640//1640 1638//1638
f 1638//1638 1640//1640 1030//1030
f 1638//1638 1030//1030 1029//1029
f 1632//1632 1639//1639 1641//1641
f 1632//1632 1641//1641 1642//1642
f 1642//1642 1641//1641 1612//1612
f 1642//1642 1612//1612 1609//1609
f 1639//1639 1028//1028 1041//1041
f 1639//1639 1041//1041 1641//1641
f 1641//1641 1041//1041 1010//1010
f 1641//1641 1010//1010 1612//1612
f 1632//1632 1642//1642 1643//1643
f 1632//1632 1643//1643 1633//1633
f 1633//1633 1643//1643 1630//1630
f 1633//1633 1630//1630 1625//1625
f 1642//1642 1609//1609 1608//1608
f 1642//1642 1608//1608 1643//1643
f 1643//1643 1608//1608 1599//1599
f 1643//1643 1599//1599 1630//1630
f 1644//1644 1645//1645 1646//1646
f 1644//1644 1646//1646 1647//1647
f 1647//1647 1646//1646 1236//1236
f 1647//1647 1236//1236 1232//1232
f 1645//1645 767//767 766//766
f 1645//1645 766//766 1646//1646
f 1646//1646 766//766 769//769
f 1646//1646 769//769 1236//1236
f 1644//1644 1647//1647 1648//1648
f 1644//1644 1648//1648 1649//1649
f 1649//1649 1648//1648 1650//1650
f 1649//1649 1650//1650 1651//1651
f 1647//1647 1232//1232 1231//1231
f 1647//1647 1231//1231 1648//1648
f 1648//1648 1231//1231 1234//1234
f 1648//1648 1234//1234 1650//1650
f 1644//1644 1649//1649 1652//1652
f 1644//1644 1652//1652 1653//1653
f 1653//1653 1652//1652 1626//1626
f 1653//1653 1626//1626 1621//1621
f 1649//1649 1651//1651 1654//1654
f 1649//1649 1654//1654 1652//1652
f 1652//1652 1654//1654 1627//1627
f 1652//1652 1627//1627 1626//1626
f 1644//1644 1653//1653 1655//1655
f 1644//1644 1655//1655 1645//1645
f 1645//1645 1655//1655 771//771
f 1645//1645 771//771 767//767
f 1653//1653 1621//1621 1620//1620
f 1653//1653 1620//1620 1655//1655
f 1655//1655 1620//1620 749//749
f 1655//1655 749//749 771//771
f 1656//1656 1657//1657 1658//1658
f 1656//1656 1658//1658 1659//1659
f 1659//1659 1658//1658 1251//1251
f 1659//1659 1251//1251 1249//1249
f 1657//1657 1651//1651 1650//1650
f 1657//1657 1650//1650 1658//1658
f 1658//1658 1650//1650 1234//1234
f 1658//1658 1234//1234 1251//1251
f 1656//1656 1659//1659 1660//1660
f 1656//1656 1660//1660 1661//1661
f 1661//1661 1660//1660 1049//1049
f 1661//1661 1049//1049 1048//1048
f 1659//1659 1249//1249 1248//1248
f 1659//1659 1248//1248 1660//1660
f 1660//1660 1248//1248 1050//1050
f 1660//1660 1050//1050 1049//1049
f 1656//1656 1661//1661 1662//1662
f 1656//1656 1662//1662 1663//1663
f 1663//1663 1662//1662 1640//1640
f 1663//1663 1640//1640 1637//1637
f 1661//1661 1048//1048 1061//1061
f 1661//1661 1061//1061 1662//1662
f 1662//1662 1061//1061 1030//1030
f 1662//1662 1030//1030 1640//1640
f 1656//1656 1663//1663 1664//1664
f 1656//1656 1664//1664 1657//1657
f 1657//1657 1664//1664 1654//1654
f 1657//1657 1654//1654 1651//1651
f 1663//1663 1637//1637 1636//1636
f 1663//1663 1636//1636 1664//1664
f 1664//1664 1636//1636 1627//1627
f 1664//1664 1627//1627 1654//1654
f 1665//1665 1666//1666 1667//1667
f 1665//1665 1667//1667 1668//1668
f 1668//1668 1667//1667 1669//1669
f 1668//1668 1669//1669 1670//1670
f 1666//1666 1671//1671 1672//1672
f 1666//1666 1672//1672 1667//1667
f 1667//1667 1672//1672 1673//1673
f 1667//1667 1673//1673 1669//1669
f 1665//1665 1668//1668 1674//1674
f 1665//1665 1674//1674 1675//1675
f 1675//1675 1674//1674 1676//1676
f 1675//1675 1676//1676 1677//1677
f 1668//1668 1670//1670 1678//1678
f 1668//1668 1678//1678 1674//1674
f 1674//1674 1678//1678 1679//1679
f 1674//1674 1679//1679 1676//1676
f 1665//1665 1675//1675 1680//1680
f 1665//1665 1680//1680 1681//1681
f 1681//1681 1680//1680 1682//1682
f 1681//1681 1682//1682 1683//1683
f 1675//1675 1677//1677 1684//1684
f 1675//1675 1684//1684 1680//1680
f 1680//1680 1684//1684 1685//1685
f 1680//1680 1685//1685 1682//1682
f 1665//1665 1681//1681 1686//1686
f 1665//1665 1686//1686 1666//1666
f 1666//1666 1686//1686 1687//1687
f 1666//1666 1687//1687 1671//1671
f 1681//1681 1683//1683 1688//1688
f 1681//1681 1688//1688 1686//1686
f 1686//1686 1688//1688 1689//1689
f 1686//1686 1689//1689 1687//1687
f 1690//1690 1691//1691 1692//1692
f 1690//1690 1692//1692 1693//1693
f 1693//1693 1692//1692 1694//1694
f 1693//1693 1694//1694 1695//1695
f 1691//1691 1677//1677 1676//1676
f 1691//1691 1676//1676 1692//1692
f 1692//1692 1676//1676 1679//1679
f 1692//1692 1679//1679 1694//1694
f 1690//1690 1693//1693 1696//1696
f 1690//1690 1696//1696 1697//1697
f 1697//1697 1696//1696 939//939
f 1697//1697 939//939 934//934
f 1693//1693 1695//1695 1698//1698
f 1693//1693 1698//1698 1696//1696
f 1696//1696 1698//1698 911//911
f 1696//1696 911//911 939//939
f 1690//1690 1697//1697 1699//1699
f 1690//1690 1699//1699 1700//1700
f 1700//1700 1699//1699 1701//1701
f 1700//1700 1701//1701 1702//1702
f 1697//1697 934//934 933//933
f 1697//1697 933//933 1699//1699
f 1699//1699 933//933 936//936
f 1699//1699 936//936 1701//1701
f 1690//1690 1700//1700 1703//1703
f 1690//1690 1703//1703 1691//1691
f 1691//1691 1703//1703 1684//1684
f 1691//1691 1684//1684 1677//1677
f 1700//1700 1702//1702 1704//1704
f 1700//1700 1704//1704 1703//1703
f 1703//1703 1704//1704 1685//1685
f 1703//1703 1685//1685 1684//1684
f 1705//1705 1706//1706 1707//1707
f 1705//1705 1707//1707 1708//1708
f 1708//1708 1707//1707 1688//1688
f 1708//1708 1688//1688 1683//1683
f 1706//1706 1709//1709 1710//1710
f 1706//1706 1710//1710 1707//1707
f 1707//1707 1710//1710 1689//1689
f 1707//1707 1689//1689 1688//1688
f 1705//1705 1708//1708 1711//1711
f 1705//1705 1711//1711 1712//1712
f 1712//1712 1711//1711 1713//1713
f 1712//1712 1713//1713 1714//1714
f 1708//1708 1683//1683 1682//1682
f 1708//1708 1682//1682 1711//1711
f 1711//1711 1682//1682 1685//1685
f 1711//1711 1685//1685 1713//1713
f 1705//1705 1712//1712 1715//1715
f 1705//1705 1715//1715 1716//1716
f 1716//1716 1715//1715 1717//1717
f 1716//1716 1717//1717 1718//1718
f 1712//1712 1714//1714 1719//1719
f 1712//1712 1719//1719 1715//1715
f 1715//1715 1719//1719 1720//1720
f 1715//1715 1720//1720 1717//1717
f 1705//1705 1716//1716 1721//1721
f 1705//1705 1721//1721 1706//1706
f 1706//1706 1721//1721 1722//1722
f 1706//1706 1722//1722 1709//1709
f 1716//1716 1718//1718 1723//1723
f 1716//1716 1723//1723 1721//1721
f 1721//1721 1723//1723 1724//1724
f 1721//1721 1724//1724 1722//1722
f 1725//1725 1726//1726 1727//1727
f 1725//1725 1727//1727 1728//1728
f 1728//1728 1727//1727 1704//1704
f 1728//1728 1704//1704 1702//1702
f 1726//1726 1714//1714 1713//1713
f 1726//1726 1713//1713 1727//1727
f 1727//1727 1713//1713 1685//1685
f 1727//1727 1685//1685 1704//1704
f 1725//1725 1728//1728 1729//1729
f 1725//1725 1729//1729 1730//1730
f 1730//1730 1729//1729 959//959
f 1730//1730 959//959 954//954
f 1728//1728 1702//1702 1701//1701
f 1728//1728 1701//1701 1729//1729
f 1729//1729 1701//1701 936//936
f 1729//1729 936//936 959//959
f 1725//1725 1730//1730 1731//1731
f 1725//1725 1731//1731 1732//1732
f 1732//1732 1731//1731 1733//1733
f 1732//1732 1733//1733 1734//1734
f 1730//1730 954//954 953//953
f 1730//1730 953//953 1731//1731
f 1731//1731 953//953 956//956
f 1731//1731 956//956 1733//1733
f 1725//1725 1732//1732 1735//1735
f 1725//1725 1735//1735 1726//1726
f 1726//1726 1735//1735 1719//1719
f 1726//1726 1719//1719 1714//1714
f 1732//1732 1734//1734 1736//1736
f 1732//1732 1736//1736 1735//1735
f 1735//1735 1736//1736 1720//1720
f 1735//1735 1720//1720 1719//1719
f 1737//1737 1738//1738 1739//1739
f 1737//1737 1739//1739 1740//1740
f 1740//1740 1739//1739 1723//1723
f 1740//1740 1723//1723 1718//1718
f 1738//1738 1741//1741 1742//1742
f 1738//1738 1742//1742 1739//1739
f 1739//1739 1742//1742 1724//1724
f 1739//1739 1724//1724 1723//1723
f 1737//1737 1740//1740 1743//1743
f 1737//1737 1743//1743 1744//1744
f 1744//1744 1743//1743 1745//1745
f 1744//1744 1745//1745 1746//1746
f 1740//1740 1718//1718 1717//1717
f 1740//1740 1717//1717 1743//1743
f 1743//1743 1717//1717 1720//1720
f 1743//1743 1720//1720 1745//1745
f 1737//1737 1744//1744 1747//1747
f 1737//1737 1747//1747 1748//1748
f 1748//1748 1747//1747 1749//1749
f 1748//1748 1749//1749 1750//1750
f 1744//1744 1746//1746 1751//1751
f 1744//1744 1751//1751 1747//1747
f 1747//1747 1751//1751 1752//1752
f 1747//1747 1752//1752 1749//1749
f 1737//1737 1748//1748 1753//1753
f 1737//1737 1753//1753 1738//1738
f 1738//1738 1753//1753 1754//1754
f 1738//1738 1754//1754 1741//1741
f 1748//1748 1750//1750 1755//1755
f 1748//1748 1755//1755 1753//1753
f 1753//1753 1755//1755 1756//1756
f 1753//1753 1756//1756 1754//1754
f 1757//1757 1758//1758 1759//1759
f 1757//1757 1759//1759 1760//1760
f 1760//1760 1759//1759 1736//1736
f 1760//1760 1736//1736 1734//1734
f 1758//1758 1746//1746 1745//1745
f 1758//1758 1745//1745 1759//1759
f 1759//1759 1745//1745 1720//1720
f 1759//1759 1720//1720 1736//1736
f 1757//1757 1760//1760 1761//1761
f 1757//1757 1761//1761 1762//1762
f 1762//1762 1761//1761 979//979
f 1762//1762 979//979 974//974
f 1760//1760 1734//1734 1733//1733
f 1760//1760 1733//1733 1761//1761
f 1761//1761 1733//1733 956//956
f 1761//1761 956//956 979//979
f 1757//1757 1762//1762 1763//1763
f 1757//1757 1763//1763 1764//1764
f 1764//1764 1763//1763 1765//1765
f 1764//1764 1765//1765 1766//1766
f 1762//1762 974//974 973//973
f 1762//1762 973//973 1763//1763
f 1763//1763 973//973 976//976
f 1763//1763 976//976 1765//1765
f 1757//1757 1764//1764 1767//1767
f 1757//1757 1767//1767 1758//1758
f 1758//1758 1767//1767 1751//1751
f 1758//1758 1751//1751 1746//1746
f 1764//1764 1766//1766 1768//1768
f 1764//1764 1768//1768 1767//1767
f 1767//1767 1768//1768 1752//1752
f 1767//1767 1752//1752 1751//1751
f 1769//1769 1770//1770 1771//1771
f 1769//1769 1771//1771 1772//1772
f 1772//1772 1771//1771 1755//1755
f 1772//1772 1755//1755 1750//1750
f 1770//1770 1773//1773 1774//1774
f 1770//1770 1774//1774 1771//1771
f 1771//1771 1774//1774 1756//1756
f 1771//1771 1756//1756 1755//1755
f 1769//1769 1772//1772 1775//1775
f 1769//1769 1775//1775 1776//1776
f 1776//1776 1775//1775 1777//1777
f 1776//1776 1777//1777 1778//1778
f 1772//1772 1750//1750 1749//1749
f 1772//1772 1749//1749 1775//1775
f 1775//1775 1749//1749 1752//1752
f 1775//1775 1752//1752 1777//1777
f 1769//1769 1776//1776 1779//1779
f 1769//1769 1779//1779 1780//1780
f 1780//1780 1779//1779 1781//1781
f 1780//1780 1781//1781 1782//1782
f 1776//1776 1778//1778 1783//1783
f 1776//1776 1783//1783 1779//1779
f 1779//1779 1783//1783 1784//1784
f 1779//1779 1784//1784 1781//1781
f 1769//1769 1780//1780 1785//1785
f 1769//1769 1785//1785 1770//1770
f 1770//1770 1785//1785 1786//1786
f 1770//1770 1786//1786 1773//1773
f 1780//1780 1782//1782 1787//1787
f 1780//1780 1787//1787 1785//1785
f 1785//1785 1787//1787 1788//1788
f 1785//1785 1788//1788 1786//1786
f 1789//1789 1790//1790 1791//1791
f 1789//1789 1791//1791 1792//1792
f 1792//1792 1791//1791 1768//1768
f 1792//1792 1768//1768 1766//1766
f 1790//1790 1778//1778 1777//1777
f 1790//1790 1777//1777 1791//1791
f 1791//1791 1777//1777 1752//1752
f 1791//1791 1752//1752 1768//1768
f 1789//1789 1792//1792 1793//1793
f 1789//1789 1793//1793 1794//1794
f 1794//1794 1793//1793 999//999
f 1794//1794 999//999 994//994
f 1792//1792 1766//1766 1765//1765
f 1792//1792 1765//1765 1793//1793
f 1793//1793 1765//1765 976//976
f 1793//1793 976//976 999//999
f 1789//1789 1794//1794 1795//1795
f 1789//1789 1795//1795 1796//1796
f 1796//1796 1795//1795 1797//1797
f 1796//1796 1797//1797 1798//1798
f 1794//1794 994//994 993//993
f 1794//1794 993//993 1795//1795
f 1795//1795 993//993 996//996
f 1795//1795 996//996 1797//1797
f 1789//1789 1796//1796 1799//1799
f 1789//1789 1799//1799 1790//1790
f 1790//1790 1799//1799 1783//1783
f 1790//1790 1783//1783 1778//1778
f 1796//1796 1798//1798 1800//1800
f 1796//1796 1800//1800 1799//1799
f 1799//1799 1800//1800 1784//1784
f 1799//1799 1784//1784 1783//1783
f 1801//1801 1802//1802 1803//1803
f 1801//1801 1803//1803 1804//1804
f 1804//1804 1803//1803 1787//1787
f 1804//1804 1787//1787 1782//1782
f 1802//1802 1805//1805 1806//1806
f 1802//1802 1806//1806 1803//1803
f 1803//1803 1806//1806 1788//1788
f 1803//1803 1788//1788 1787//1787
f 1801//1801 1804//1804 1807//1807
f 1801//1801 1807//1807 1808//1808
f 1808//1808 1807//1807 1809//1809
f 1808//1808 1809//1809 1810//1810
f 1804//1804 1782//1782 1781//1781
f 1804//1804 1781//1781 1807//1807
f 1807//1807 1781//1781 1784//1784
f 1807//1807 1784//1784 1809//1809
f 1801//1801 1808//1808 1811//1811
f 1801//1801 1811//1811 1812//1812
f 1812//1812 1811//1811 1813//1813
f 1812//1812 1813//1813 1814//1814
f 1808//1808 1810//1810 1815//1815
f 1808//1808 1815//1815 1811//1811
f 1811//1811 1815//1815 1816//1816
f 1811//1811 1816//1816 1813//1813
f 1801//1801 1812//1812 1817//1817
f 1801//1801 1817//1817 1802//1802
f 1802//1802 1817//1817 1818//1818
f 1802//1802 1818//1818 1805//1805
f 1812//1812 1814//1814 1819//1819
f 1812//1812 1819//1819 1817//1817
f 1817//1817 1819//1819 1820//1820
f 1817//1817 1820//1820 1818//1818
f 1821//1821 1822//1822 1823//1823
f 1821//1821 1823//1823 1824//1824
f 1824//1824 1823//1823 1800//1800
f 1824//1824 1800//1800 1798//1798
f 1822//1822 1810//1810 1809//1809
f 1822//1822 1809//1809 1823//1823
f 1823//1823 1809//1809 1784//1784
f 1823//1823 1784//1784 1800//1800
f 1821//1821 1824//1824 1825//1825
f 1821//1821 1825//1825 1826//1826
f 1826//1826 1825//1825 1019//1019
f 1826//1826 1019//1019 1014//1014
f 1824//1824 1798//1798 1797//1797
f 1824//1824 1797//1797 1825//1825
f 1825//1825 1797//1797 996//996
f 1825//1825 996//996 1019//1019
f 1821//1821 1826//1826 1827//1827
f 1821//1821 1827//1827 1828//1828
f 1828//1828 1827//1827 1829//1829
f 1828//1828 1829//1829 1830//1830
f 1826//1826 1014//1014 1013//1013
f 1826//1826 1013//1013 1827//1827
f 1827//1827 1013//1013 1016//1016
f 1827//1827 1016//1016 1829//1829
f 1821//1821 1828//1828 1831//1831
f 1821//1821 1831//1831 1822//1822
f 1822//1822 1831//1831 1815//1815
f 1822//1822 1815//1815 1810//1810
f 1828//1828 1830//1830 1832//1832
f 1828//1828 1832//1832 1831//1831
f 1831//1831 1832//1832 1816//1816
f 1831//1831 1816//1816 1815//1815
f 1833//1833 1834//1834 1835//1835
f 1833//1833 1835//1835 1836//1836
f 1836//1836 1835//1835 1819//1819
f 1836//1836 1819//1819 1814//1814
f 1834//1834 1837//1837 1838//1838
f 1834//1834 1838//1838 1835//1835
f 1835//1835 1838//1838 1820//1820
f 1835//1835 1820//1820 1819//1819
f 1833//1833 1836//1836 1839//1839
f 1833//1833 1839//1839 1840//1840
f 1840//1840 1839//1839 1841//1841
f 1840//1840 1841//1841 1842//1842
f 1836//1836 1814//1814 1813//1813
f 1836//1836 1813//1813 1839//1839
f 1839//1839 1813//1813 1816//1816
f 1839//1839 1816//1816 1841//1841
f 1833//1833 1840//1840 1843//1843
f 1833//1833 1843//1843 1844//1844
f 1844//1844 1843//1843 1845//1845
f 1844//1844 1845//1845 1846//1846
f 1840//1840 1842//1842 1847//1847
f 1840//1840 1847//1847 1843//1843
f 1843//1843 1847//1847 1848//1848
f 1843//1843 1848//1848 1845//1845
f 1833//1833 1844//1844 1849//1849
f 1833//1833 1849//1849 1834//1834
f 1834//1834 1849//1849 1850//1850
f 1834//1834 1850//1850 1837//1837
f 1844//1844 1846//1846 1851//1851
f 1844//1844 1851//1851 1849//1849
f 1849//1849 1851//1851 1852//1852
f 1849//1849 1852//1852 1850//1850
f 1853//1853 1854//1854 1855//1855
f 1853//1853 1855//1855 1856//1856
f 1856//1856 1855//1855 1832//1832
f 1856//1856 1832//1832 1830//1830
f 1854//1854 1842//1842 1841//1841
f 1854//1854 1841//1841 1855//1855
f 1855//1855 1841//1841 1816//1816
f 1855//1855 1816//1816 1832//1832
f 1853//1853 1856//1856 1857//1857
f 1853//1853 1857//1857 1858//1858
f 1858//1858 1857//1857 1039//1039
f 1858//1858 1039//1039 1034//1034
f 1856//1856 1830//1830 1829//1829
f 1856//1856 1829//1829 1857//1857
f 1857//1857 1829//1829 1016//1016
f 1857//1857 1016//1016 1039//1039
f 1853//1853 1858//1858 1859//1859
f 1853//1853 1859//1859 1860//1860
f 1860//1860 1859//1859 1861//1861
f 1860//1860 1861//1861 1862//1862
f 1858//1858 1034//1034 1033//1033
f 1858//1858 1033//1033 1859//1859
f 1859//1859 1033//1033 1036//1036
f 1859//1859 1036//1036 1861//1861
f 1853//1853 1860//1860 1863//1863
f 1853//1853 1863//1863 1854//1854
f 1854//1854 1863//1863 1847//1847
f 1854//1854 1847//1847 1842//1842
f 1860//1860 1862//1862 1864//1864
f 1860//1860 1864//1864 1863//1863
f 1863//1863 1864//1864 1848//1848
f 1863//1863 1848//1848 1847//1847
f 1865//1865 1866//1866 1867//1867
f 1865//1865 1867//1867 1868//1868
f 1868//1868 1867//1867 1851//1851
f 1868//1868 1851//1851 1846//1846
f 1866//1866 1869//1869 1870//1870
f 1866//1866 1870//1870 1867//1867
f 1867//1867 1870//1870 1852//1852
f 1867//1867 1852//1852 1851//1851
f 1865//1865 1868//1868 1871//1871
f 1865//1865 1871//1871 1872//1872
f 1872//1872 1871//1871 1873//1873
f 1872//1872 1873//1873 1874//1874
f 1868//1868 1846//1846 1845//1845
f 1868//1868 1845//1845 1871//1871
f 1871//1871 1845//1845 1848//1848
f 1871//1871 1848//1848 1873//1873
f 1865//1865 1872//1872 1875//1875
f 1865//1865 1875//1875 1876//1876
f 1876//1876 1875//1875 1877//1877
f 1876//1876 1877//1877 1878//1878
f 1872//1872 1874//1874 1879//1879
f 1872//1872 1879//1879 1875//1875
f 1875//1875 1879//1879 1880//1880
f 1875//1875 1880//1880 1877//1877
f 1865//1865 1876//1876 1881//1881
f 1865//1865 1881//1881 1866//1866
f 1866//1866 1881//1881 1882//1882
f 1866//1866 1882//1882 1869//1869
f 1876//1876 1878//1878 1883//1883
f 1876//1876 1883//1883 1881//1881
f 1881//1881 1883//1883 1884//1884
f 1881//1881 1884//1884 1882//1882
f 1885//1885 1886//1886 1887//1887
f 1885//1885 1887//1887 1888//1888
f 1888//1888 1887//1887 1864//1864
f 1888//1888 1864//1864 1862//1862
f 1886//1886 1874//1874 1873//1873
f 1886//1886 1873//1873 1887//1887
f 1887//1887 1873//1873 1848//1848
f 1887//1887 1848//1848 1864//1864
f 1885//1885 1888//1888 1889//1889
f 1885//1885 1889//1889 1890//1890
f 1890//1890 1889//1889 1059//1059
f 1890//1890 1059//1059 1054//1054
f 1888//1888 1862//1862 1861//1861
f 1888//1888 1861//1861 1889//1889
f 1889//1889 1861//1861 1036//1036
f 1889//1889 1036//1036 1059//1059
f 1885//1885 1890//1890 1891//1891
f 1885//1885 1891//1891 1892//1892
f 1892//1892 1891//1891 1893//1893
f 1892//1892 1893//1893 1894//1894
f 1890//1890 1054//1054 1053//1053
f 1890//1890 1053//1053 1891//1891
f 1891//1891 1053//1053 1056//1056
f 1891//1891 1056//1056 1893//1893
f 1885//1885 1892//1892 1895//1895
f 1885//1885 1895//1895 1886//1886
f 1886//1886 1895//1895 1879//1879
f 1886//1886 1879//1879 1874//1874
f 1892//1892 1894//1894 1896//1896
f 1892//1892 1896//1896 1895//1895
f 1895//1895 1896//1896 1880//1880
f 1895//1895 1880//1880 1879//1879
f 1897//1897 1898//1898 1899//1899
f 1897//1897 1899//1899 1900//1900
f 1900//1900 1899//1899 1883//1883
f 1900//1900 1883//1883 1878//1878
f 1898//1898 1901//1901 1902//1902
f 1898//1898 1902//1902 1899//1899
f 1899//1899 1902//1902 1884//1884
f 1899//1899 1884//1884 1883//1883
f 1897//1897 1900//1900 1903//1903
f 1897//1897 1903//1903 1904//1904
f 1904//1904 1903//1903 1905//1905
f 1904//1904 1905//1905 1906//1906
f 1900//1900 1878//1878 1877//1877
f 1900//1900 1877//1877 1903//1903
f 1903//1903 1877//1877 1880//1880
f 1903//1903 1880//1880 1905//1905
f 1897//1897 1904//1904 1907//1907
f 1897//1897 1907//1907 1908//1908
f 1908//1908 1907//1907 1909//1909
f 1908//1908 1909//1909 1910//1910
f 1904//1904 1906//1906 1911//1911
f 1904//1904 1911//1911 1907//1907
f 1907//1907 1911//1911 1912//1912
f 1907//1907 1912//1912 1909//1909
f 1897//1897 1908//1908 1913//1913
f 1897//1897 1913//1913 1898//1898
f 1898//1898 1913//1913 1914//1914
f 1898//1898 1914//1914 1901//1901
f 1908//1908 1910//1910 1915//1915
f 1908//1908 1915//1915 1913//1913
f 1913//1913 1915//1915 1916//1916
f 1913//1913 1916//1916 1914//1914
f 1917//1917 1918//1918 1919//1919
f 1917//1917 1919//1919 1920//1920
f 1920//1920 1919//1919 1896//1896
f 1920//1920 1896//1896 1894//1894
f 1918//1918 1906//1906 1905//1905
f 1918//1918 1905//1905 1919//1919
f 1919//1919 1905//1905 1880//1880
f 1919//1919 1880//1880 1896//1896
f 1917//1917 1920//1920 1921//1921
f 1917//1917 1921//1921 1922//1922
f 1922//1922 1921//1921 1079//1079
f 1922//1922 1079//1079 1074//1074
f 1920//1920 1894//1894 1893//1893
f 1920//1920 1893//1893 1921//1921
f 1921//1921 1893//1893 1056//1056
f 1921//1921 1056//1056 1079//1079
f 1917//1917 1922//1922 1923//1923
f 1917//1917 1923//1923 1924//1924
f 1924//1924 1923//1923 1925//1925
f 1924//1924 1925//1925 1926//1926
f 1922//1922 1074//1074 1073//1073
f 1922//1922 1073//1073 1923//1923
f 1923//1923 1073//1073 1076//1076
f 1923//1923 1076//1076 1925//1925
f 1917//1917 1924//1924 1927//1927
f 1917//1917 1927//1927 1918//1918
f 1918//1918 1927//1927 1911//1911
f 1918//1918 1911//1911 1906//1906
f 1924//1924 1926//1926 1928//1928
f 1924//1924 1928//1928 1927//1927
f 1927//1927 1928//1928 1912//1912
f 1927//1927 1912//1912 1911//1911
f 1929//1929 1930//1930 1931//1931
f 1929//1929 1931//1931 1932//1932
f 1932//1932 1931//1931 1915//1915
f 1932//1932 1915//1915 1910//1910
f 1930//1930 1933//1933 1934//1934
f 1930//1930 1934//1934 1931//1931
f 1931//1931 1934//1934 1916//1916
f 1931//1931 1916//1916 1915//1915
f 1929//1929 1932//1932 1935//1935
f 1929//1929 1935//1935 1936//1936
f 1936//1936 1935//1935 1937//1937
f 1936//1936 1937//1937 1938//1938
f 1932//1932 1910//1910 1909//1909
f 1932//1932 1909//1909 1935//1935
f 1935//1935 1909//1909 1912//1912
f 1935//1935 1912//1912 1937//1937
f 1929//1929 1936//1936 1939//1939
f 1929//1929 1939//1939 1940//1940
f 1940//1940 1939//1939 1941//1941
f 1940//1940 1941//1941 1942//1942
f 1936//1936 1938//1938 1943//1943
f 1936//1936 1943//1943 1939//1939
f 1939//1939 1943//1943 1944//1944
f 1939//1939 1944//1944 1941//1941
f 1929//1929 1940//1940 1945//1945
f 1929//1929 1945//1945 1930//1930
f 1930//1930 1945//1945 1946//1946
f 1930//1930 1946//1946 1933//1933
f 1940//1940 1942//1942 1947//1947
f 1940//1940 1947//1947 1945//1945
f 1945//1945 1947//1947 1948//1948
f 1945//1945 1948//1948 1946//1946
f 1949//1949 1950//1950 1951//1951
f 1949//1949 1951//1951 1952//1952
f 1952//1952 1951//1951 1928//1928
f 1952//1952 1928//1928 1926//1926
f 1950//1950 1938//1938 1937//1937
f 1950//1950 1937//1937 1951//1951
f 1951//1951 1937//1937 1912//1912
f 1951//1951 1912//1912 1928//1928
f 1949//1949 1952//1952 1953//1953
f 1949//1949 1953//1953 1954//1954
f 1954//1954 1953//1953 1099//1099
f 1954//1954 1099//1099 1094//1094
f 1952//1952 1926//1926 1925//1925
f 1952//1952 1925//1925 1953//1953
f 1953//1953 1925//1925 1076//1076
f 1953//1953 1076//1076 1099//1099
f 1949//1949 1954//1954 1955//1955
f 1949//1949 1955//1955 1956//1956
f 1956//1956 1955//1955 1957//1957
f 1956//1956 1957//1957 1958//1958
f 1954//1954 1094//1094 1093//1093
f 1954//1954 1093//1093 1955//1955
f 1955//1955 1093//1093 1096//1096
f 1955//1955 1096//1096 1957//1957
f 1949//1949 1956//1956 1959//1959
f 1949//1949 1959//1959 1950//1950
f 1950//1950 1959//1959 1943//1943
f 1950//1950 1943//1943 1938//1938
f 1956//1956 1958//1958 1960//1960
f 1956//1956 1960//1960 1959//1959
f 1959//1959 1960//1960 1944//1944
f 1959//1959 1944//1944 1943//1943
f 1961//1961 1962//1962 1963//1963
f 1961//1961 1963//1963 1964//1964
f 1964//1964 1963//1963 1947//1947
f 1964//1964 1947//1947 1942//1942
f 1962//1962 1965//1965 1966//1966
f 1962//1962 1966//1966 1963//1963
f 1963//1963 1966//1966 1948//1948
f 1963//1963 1948//1948 1947//1947
f 1961//1961 1964//1964 1967//1967
f 1961//1961 1967//1967 1968//1968
f 1968//1968 1967//1967 1969//1969
f 1968//1968 1969//1969 1970//1970
f 1964//1964 1942//1942 1941//1941
f 1964//1964 1941//1941 1967//1967
f 1967//1967 1941//1941 1944//1944
f 1967//1967 1944//1944 1969//1969
f 1961//1961 1968//1968 1971//1971
f 1961//1961 1971//1971 1972//1972
f 1972//1972 1971//1971 1973//1973
f 1972//1972 1973//1973 1974//1974
f 1968//1968 1970//1970 1975//1975
f 1968//1968 1975//1975 1971//1971
f 1971//1971 1975//1975 1976//1976
f 1971//1971 1976//1976 1973//1973
f 1961//1961 1972//1972 1977//1977
f 1961//1961 1977//1977 1962//1962
f 1962//1962 1977//1977 1978//1978
f 1962//1962 1978//1978 1965//1965
f 1972//1972 1974//1974 1979//1979
f 1972//1972 1979//1979 1977//1977
f 1977//1977 1979//1979 1980//1980
f 1977//1977 1980//1980 1978//1978
f 1981//1981 1982//1982 1983//1983
f 1981//1981 1983//1983 1984//1984
f 1984//1984 1983//1983 1960//1960
f 1984//1984 1960//1960 1958//1958
f 1982//1982 1970//1970 1969//1969
f 1982//1982 1969//1969 1983//1983
f 1983//1983 1969//1969 1944//1944
f 1983//1983 1944//1944 1960//1960
f 1981//1981 1984//1984 1985//1985
f 1981//1981 1985//1985 1986//1986
f 1986//1986 1985//1985 1119//1119
f 1986//1986 1119//1119 1114//1114
f 1984//1984 1958//1958 1957//1957
f 1984//1984 1957//1957 1985//1985
f 1985//1985 1957//1957 1096//1096
f 1985//1985 1096//1096 1119//1119
f 1981//1981 1986//1986 1987//1987
f 1981//1981 1987//1987 1988//1988
f 1988//1988 1987//1987 1989//1989
f 1988//1988 1989//1989 1990//1990
f 1986//1986 1114//1114 1113//1113
f 1986//1986 1113//1113 1987//1987
f 1987//1987 1113//1113 1116//1116
f 1987//1987 1116//1116 1989//1989
f 1981//1981 1988//1988 1991//1991
f 1981//1981 1991//1991 1982//1982
f 1982//1982 1991//1991 1975//1975
f 1982//1982 1975//1975 1970//1970
f 1988//1988 1990//1990 1992//1992
f 1988//1988 1992//1992 1991//1991
f 1991//1991 1992//1992 1976//1976
f 1991//1991 1976//1976 1975//1975
f 1993//1993 1994//1994 1995//1995
f 1993//1993 1995//1995 1996//1996
f 1996//1996 1995//1995 1979//1979
f 1996//1996 1979//1979 1974//1974
f 1994//1994 1997//1997 1998//1998
f 1994//1994 1998//1998 1995//1995
f 1995//1995 1998//1998 1980//1980
f 1995//1995 1980//1980 1979//1979
f 1993//1993 1996//1996 1999//1999
f 1993//1993 1999//1999 2000//2000
f 2000//2000 1999//1999 2001//2001
f 2000//2000 2001//2001 2002//2002
f 1996//1996 1974//1974 1973//1973
f 1996//1996 1973//1973 1999//1999
f 1999//1999 1973//1973 1976//1976
f 1999//1999 1976//1976 2001//2001
f 1993//1993 2000//2000 2003//2003
f 1993//1993 2003//2003 2004//2004
f 2004//2004 2003//2003 2005//2005
f 2004//2004 2005//2005 2006//2006
f 2000//2000 2002//2002 2007//2007
f 2000//2000 2007//2007 2003//2003
f 2003//2003 2007//2007 2008//2008
f 2003//2003 2008//2008 2005//2005
f 1993//1993 2004//2004 2009//2009
f 1993//1993 2009//2009 1994//1994
f 1994//1994 2009//2009 2010//2010
f 1994//1994 2010//2010 1997//1997
f 2004//2004 2006//2006 2011//2011
f 2004//2004 2011//2011 2009//2009
f 2009//2009 2011//2011 2012//2012
f 2009//2009 2012//2012 2010//2010
f 2013//2013 2014//2014 2015//2015
f 2013//2013 2015//2015 2016//2016
f 2016//2016 2015//2015 1992//1992
f 2016//2016 1992//1992 1990//1990
f 2014//2014 2002//2002 2001//2001
f 2014//2014 2001//2001 2015//2015
f 2015//2015 2001//2001 1976//1976
f 2015//2015 1976//1976 1992//1992
f 2013//2013 2016//2016 2017//2017
f 2013//2013 2017//2017 2018//2018
f 2018//2018 2017//2017 1139//1139
f 2018//2018 1139//1139 1134//1134
f 2016//2016 1990//1990 1989//1989
f 2016//2016 1989//1989 2017//2017
f 2017//2017 1989//1989 1116//1116
f 2017//2017 1116//1116 1139//1139
f 2013//2013 2018//2018 2019//2019
f 2013//2013 2019//2019 2020//2020
f 2020//2020 2019//2019 2021//2021
f 2020//2020 2021//2021 2022//2022
f 2018//2018 1134//1134 1133//1133
f 2018//2018 1133//1133 2019//2019
f 2019//2019 1133//1133 1136//1136
f 2019//2019 1136//1136 2021//2021
f 2013//2013 2020//2020 2023//2023
f 2013//2013 2023//2023 2014//2014
f 2014//2014 2023//2023 2007//2007
f 2014//2014 2007//2007 2002//2002
f 2020//2020 2022//2022 2024//2024
f 2020//2020 2024//2024 2023//2023
f 2023//2023 2024//2024 2008//2008
f 2023//2023 2008//2008 2007//2007
f 2025//2025 2026//2026 2027//2027
f 2025//2025 2027//2027 2028//2028
f 2028//2028 2027//2027 2011//2011
f 2028//2028 2011//2011 2006//2006
f 2026//2026 2029//2029 2030//2030
f 2026//2026 2030//2030 2027//2027
f 2027//2027 2030//2030 2012//2012
f 2027//2027 2012//2012 2011//2011
f 2025//2025 2028//2028 2031//2031
f 2025//2025 2031//2031 2032//2032
f 2032//2032 2031//2031 2033//2033
f 2032//2032 2033//2033 2034//2034
f 2028//2028 2006//2006 2005//2005
f 2028//2028 2005//2005 2031//2031
f 2031//2031 2005//2005 2008//2008
f 2031//2031 2008//2008 2033//2033
f 2025//2025 2032//2032 2035//2035
f 2025//2025 2035//2035 2036//2036
f 2036//2036 2035//2035 2037//2037
f 2036//2036 2037//2037 2038//2038
f 2032//2032 2034//2034 2039//2039
f 2032//2032 2039//2039 2035//2035
f 2035//2035 2039//2039 2040//2040
f 2035//2035 2040//2040 2037//2037
f 2025//2025 2036//2036 2041//2041
f 2025//2025 2041//2041 2026//2026
f 2026//2026 2041//2041 2042//2042
f 2026//2026 2042//2042 2029//2029
f 2036//2036 2038//2038 2043//2043
f 2036//2036 2043//2043 2041//2041
f 2041//2041 2043//2043 2044//2044
f 2041//2041 2044//2044 2042//2042
f 2045//2045 2046//2046 2047//2047
f 2045//2045 2047//2047 2048//2048
f 2048//2048 2047//2047 2024//2024
f 2048//2048 2024//2024 2022//2022
f 2046//2046 2034//2034 2033//2033
f 2046//2046 2033//2033 2047//2047
f 2047//2047 2033//2033 2008//2008
f 2047//2047 2008//2008 2024//2024
f 2045//2045 2048//2048 2049//2049
f 2045//2045 2049//2049 2050//2050
f 2050//2050 2049//2049 1159//1159
f 2050//2050 1159//1159 1154//1154
f 2048//2048 2022//2022 2021//2021
f 2048//2048 2021//2021 2049//2049
f 2049//2049 2021//2021 1136//1136
f 2049//2049 1136//1136 1159//1159
f 2045//2045 2050//2050 2051//2051
f 2045//2045 2051//2051 2052//2052
f 2052//2052 2051//2051 2053//2053
f 2052//2052 2053//2053 2054//2054
f 2050//2050 1154//1154 1153//1153
f 2050//2050 1153//1153 2051//2051
f 2051//2051 1153//1153 1156//1156
f 2051//2051 1156//1156 2053//2053
f 2045//2045 2052//2052 2055//2055
f 2045//2045 2055//2055 2046//2046
f 2046//2046 2055//2055 2039//2039
f 2046//2046 2039//2039 2034//2034
f 2052//2052 2054//2054 2056//2056
f 2052//2052 2056//2056 2055//2055
f 2055//2055 2056//2056 2040//2040
f 2055//2055 2040//2040 2039//2039
f 2057//2057 2058//2058 2059//2059
f 2057//2057 2059//2059 2060//2060
f 2060//2060 2059//2059 2043//2043
f 2060//2060 2043//2043 2038//2038
f 2058//2058 2061//2061 2062//2062
f 2058//2058 2062//2062 2059//2059
f 2059//2059 2062//2062 2044//2044
f 2059//2059 2044//2044 2043//2043
f 2057//2057 2060//2060 2063//2063
f 2057//2057 2063//2063 2064//2064
f 2064//2064 2063//2063 2065//2065
f 2064//2064 2065//2065 2066//2066
f 2060//2060 2038//2038 2037//2037
f 2060//2060 2037//2037 2063//2063
f 2063//2063 2037//2037 2040//2040
f 2063//2063 2040//2040 2065//2065
f 2057//2057 2064//2064 2067//2067
f 2057//2057 2067//2067 2068//2068
f 2068//2068 2067//2067 2069//2069
f 2068//2068 2069//2069 2070//2070
f 2064//2064 2066//2066 2071//2071
f 2064//2064 2071//2071 2067//2067
f 2067//2067 2071//2071 2072//2072
f 2067//2067 2072//2072 2069//2069
f 2057//2057 2068//2068 2073//2073
f 2057//2057 2073//2073 2058//2058
f 2058//2058 2073//2073 2074//2074
f 2058//2058 2074//2074 2061//2061
f 2068//2068 2070//2070 2075//2075
f 2068//2068 2075//2075 2073//2073
f 2073//2073 2075//2075 2076//2076
f 2073//2073 2076//2076 2074//2074
f 2077//2077 2078//2078 2079//2079
f 2077//2077 2079//2079 2080//2080
f 2080//2080 2079//2079 2056//2056
f 2080//2080 2056//2056 2054//2054
f 2078//2078 2066//2066 2065//2065
f 2078//2078 2065//2065 2079//2079
f 2079//2079 2065//2065 2040//2040
f 2079//2079 2040//2040 2056//2056
f 2077//2077 2080//2080 2081//2081
f 2077//2077 2081//2081 2082//2082
f 2082//2082 2081//2081 1179//1179
f 2082//2082 1179//1179 1174//1174
f 2080//2080 2054//2054 2053//2053
f 2080//2080 2053//2053 2081//2081
f 2081//2081 2053//2053 1156//1156
f 2081//2081 1156//1156 1179//1179
f 2077//2077 2082//2082 2083//2083
f 2077//2077 2083//2083 2084//2084
f 2084//2084 2083//2083 2085//2085
f 2084//2084 2085//2085 2086//2086
f 2082//2082 1174//1174 1173//1173
f 2082//2082 1173//1173 2083//2083
f 2083//2083 1173//1173 1176//1176
f 2083//2083 1176//1176 2085//2085
f 2077//2077 2084//2084 2087//2087
f 2077//2077 2087//2087 2078//2078
f 2078//2078 2087//2087 2071//2071
f 2078//2078 2071//2071 2066//2066
f 2084//2084 2086//2086 2088//2088
f 2084//2084 2088//2088 2087//2087
f 2087//2087 2088//2088 2072//2072
f 2087//2087 2072//2072 2071//2071
f 2089//2089 2090//2090 2091//2091
f 2089//2089 2091//2091 2092//2092
f 2092//2092 2091//2091 2075//2075
f 2092//2092 2075//2075 2070//2070
f 2090//2090 2093//2093 2094//2094
f 2090//2090 2094//2094 2091//2091
f 2091//2091 2094//2094 2076//2076
f 2091//2091 2076//2076 2075//2075
f 2089//2089 2092//2092 2095//2095
f 2089//2089 2095//2095 2096//2096
f 2096//2096 2095//2095 2097//2097
f 2096//2096 2097//2097 2098//2098
f 2092//2092 2070//2070 2069//2069
f 2092//2092 2069//2069 2095//2095
f 2095//2095 2069//2069 2072//2072
f 2095//2095 2072//2072 2097//2097
f 2089//2089 2096//2096 2099//2099
f 2089//2089 2099//2099 2100//2100
f 2100//2100 2099//2099 2101//2101
f 2100//2100 2101//2101 2102//2102
f 2096//2096 2098//2098 2103//2103
f 2096//2096 2103//2103 2099//2099
f 2099//2099 2103//2103 2104//2104
f 2099//2099 2104//2104 2101//2101
f 2089//2089 2100//2100 2105//2105
f 2089//2089 2105//2105 2090//2090
f 2090//2090 2105//2105 2106//2106
f 2090//2090 2106//2106 2093//2093
f 2100//2100 2102//2102 2107//2107
f 2100//2100 2107//2107 2105//2105
f 2105//2105 2107//2107 2108//2108
f 2105//2105 2108//2108 2106//2106
f 2109//2109 2110//2110 2111//2111
f 2109//2109 2111//2111 2112//2112
f 2112//2112 2111//2111 2088//2088
f 2112//2112 2088//2088 2086//2086
f 2110//2110 2098//2098 2097//2097
f 2110//2110 2097//2097 2111//2111
f 2111//2111 2097//2097 2072//2072
f 2111//2111 2072//2072 2088//2088
f 2109//2109 2112//2112 2113//2113
f 2109//2109 2113//2113 2114//2114
f 2114//2114 2113//2113 1199//1199
f 2114//2114 1199//1199 1194//1194
f 2112//2112 2086//2086 2085//2085
f 2112//2112 2085//2085 2113//2113
f 2113//2113 2085//2085 1176//1176
f 2113//2113 1176//1176 1199//1199
f 2109//2109 2114//2114 2115//2115
f 2109//2109 2115//2115 2116//2116
f 2116//2116 2115//2115 2117//2117
f 2116//2116 2117//2117 2118//2118
f 2114//2114 1194//1194 1193//1193
f 2114//2114 1193//1193 2115//2115
f 2115//2115 1193//1193 1196//1196
f 2115//2115 1196//1196 2117//2117
f 2109//2109 2116//2116 2119//2119
f 2109//2109 2119//2119 2110//2110
f 2110//2110 2119//2119 2103//2103
f 2110//2110 2103//2103 2098//2098
f 2116//2116 2118//2118 2120//2120
f 2116//2116 2120//2120 2119//2119
f 2119//2119 2120//2120 2104//2104
f 2119//2119 2104//2104 2103//2103
f 2121//2121 2122//2122 2123//2123
f 2121//2121 2123//2123 2124//2124
f 2124//2124 2123//2123 2107//2107
f 2124//2124 2107//2107 2102//2102
f 2122//2122 2125//2125 2126//2126
f 2122//2122 2126//2126 2123//2123
f 2123//2123 2126//2126 2108//2108
f 2123//2123 2108//2108 2107//2107
f 2121//2121 2124//2124 2127//2127
f 2121//2121 2127//2127 2128//2128
f 2128//2128 2127//2127 2129//2129
f 2128//2128 2129//2129 2130//2130
f 2124//2124 2102//2102 2101//2101
f 2124//2124 2101//2101 2127//2127
f 2127//2127 2101//2101 2104//2104
f 2127//2127 2104//2104 2129//2129
f 2121//2121 2128//2128 2131//2131
f 2121//2121 2131//2131 2132//2132
f 2132//2132 2131//2131 2133//2133
f 2132//2132 2133//2133 2134//2134
f 2128//2128 2130//2130 2135//2135
f 2128//2128 2135//2135 2131//2131
f 2131//2131 2135//2135 2136//2136
f 2131//2131 2136//2136 2133//2133
f 2121//2121 2132//2132 2137//2137
f 2121//2121 2137//2137 2122//2122
f 2122//2122 2137//2137 2138//2138
f 2122//2122 2138//2138 2125//2125
f 2132//2132 2134//2134 2139//2139
f 2132//2132 2139//2139 2137//2137
f 2137//2137 2139//2139 2140//2140
f 2137//2137 2140//2140 2138//2138
f 2141//2141 2142//2142 2143//2143
f 2141//2141 2143//2143 2144//2144
f 2144//2144 2143//2143 2120//2120
f 2144//2144 2120//2120 2118//2118
f 2142//2142 2130//2130 2129//2129
f 2142//2142 2129//2129 2143//2143
f 2143//2143 2129//2129 2104//2104
f 2143//2143 2104//2104 2120//2120
f 2141//2141 2144//2144 2145//2145
f 2141//2141 2145//2145 2146//2146
f 2146//2146 2145//2145 1214//1214
f 2146//2146 1214//1214 1211//1211
f 2144//2144 2118//2118 2117//2117
f 2144//2144 2117//2117 2145//2145
f 2145//2145 2117//2117 1196//1196
f 2145//2145 1196//1196 1214//1214
f 2141//2141 2146//2146 2147//2147
f 2141//2141 2147//2147 2148//2148
f 2148//2148 2147//2147 2149//2149
f 2148//2148 2149//2149 2150//2150
f 2146//2146 1211//1211 1210//1210
f 2146//2146 1210//1210 2147//2147
f 2147//2147 1210//1210 917//917
f 2147//2147 917//917 2149//2149
f 2141//2141 2148//2148 2151//2151
f 2141//2141 2151//2151 2142//2142
f 2142//2142 2151//2151 2135//2135
f 2142//2142 2135//2135 2130//2130
f 2148//2148 2150//2150 2152//2152
f 2148//2148 2152//2152 2151//2151
f 2151//2151 2152//2152 2136//2136
f 2151//2151 2136//2136 2135//2135
f 2153//2153 2154//2154 2155//2155
f 2153//2153 2155//2155 2156//2156
f 2156//2156 2155//2155 2139//2139
f 2156//2156 2139//2139 2134//2134
f 2154//2154 2157//2157 2158//2158
f 2154//2154 2158//2158 2155//2155
f 2155//2155 2158//2158 2140//2140
f 2155//2155 2140//2140 2139//2139
f 2153//2153 2156//2156 2159//2159
f 2153//2153 2159//2159 2160//2160
f 2160//2160 2159//2159 2161//2161
f 2160//2160 2161//2161 2162//2162
f 2156//2156 2134//2134 2133//2133
f 2156//2156 2133//2133 2159//2159
f 2159//2159 2133//2133 2136//2136
f 2159//2159 2136//2136 2161//2161
f 2153//2153 2160//2160 2163//2163
f 2153//2153 2163//2163 2164//2164
f 2164//2164 2163//2163 1678//1678
f 2164//2164 1678//1678 1670//1670
f 2160//2160 2162//2162 2165//2165
f 2160//2160 2165//2165 2163//2163
f 2163//2163 2165//2165 1679//1679
f 2163//2163 1679//1679 1678//1678
f 2153//2153 2164//2164 2166//2166
f 2153//2153 2166//2166 2154//2154
f 2154//2154 2166//2166 2167//2167
f 2154//2154 2167//2167 2157//2157
f 2164//2164 1670//1670 1669//1669
f 2164//2164 1669//1669 2166//2166
f 2166//2166 1669//1669 1673//1673
f 2166//2166 1673//1673 2167//2167
f 2168//2168 2169//2169 2170//2170
f 2168//2168 2170//2170 2171//2171
f 2171//2171 2170//2170 2152//2152
f 2171//2171 2152//2152 2150//2150
f 2169//2169 2162//2162 2161//2161
f 2169//2169 2161//2161 2170//2170
f 2170//2170 2161//2161 2136//2136
f 2170//2170 2136//2136 2152//2152
f 2168//2168 2171//2171 2172//2172
f 2168//2168 2172//2172 2173//2173
f 2173//2173 2172//2172 916//916
f 2173//2173 916//916 909//909
f 2171//2171 2150//2150 2149//2149
f 2171//2171 2149//2149 2172//2172
f 2172//2172 2149//2149 917//917
f 2172//2172 917//917 916//916
f 2168//2168 2173//2173 2174//2174
f 2168//2168 2174//2174 2175//2175
f 2175//2175 2174//2174 1698//1698
f 2175//2175 1698//1698 1695//1695
f 2173//2173 909//909 908//908
f 2173//2173 908//908 2174//2174
f 2174//2174 908//908 911//911
f 2174//2174 911//911 1698//1698
f 2168//2168 2175//2175 2176//2176
f 2168//2168 2176//2176 2169//2169
f 2169//2169 2176//2176 2165//2165
f 2169//2169 2165//2165 2162//2162
f 2175//2175 1695//1695 1694//1694
f 2175//2175 1694//1694 2176//2176
f 2176//2176 1694//1694 1679//1679
f 2176//2176 1679//1679 2165//2165
f 2177//2177 2178//2178 2179//2179
f 2177//2177 2179//2179 2180//2180
f 2180//2180 2179//2179 2181//2181
f 2180//2180 2181//2181 2182//2182
f 2178//2178 2183//2183 2184//2184
f 2178//2178 2184//2184 2179//2179
f 2179//2179 2184//2184 2185//2185
f 2179//2179 2185//2185 2181//2181
f 2177//2177 2180//2180 2186//2186
f 2177//2177 2186//2186 2187//2187
f 2187//2187 2186//2186 2188//2188
f 2187//2187 2188//2188 2189//2189
f 2180//2180 2182//2182 2190//2190
f 2180//2180 2190//2190 2186//2186
f 2186//2186 2190//2190 2191//2191
f 2186//2186 2191//2191 2188//2188
f 2177//2177 2187//2187 2192//2192
f 2177//2177 2192//2192 2193//2193
f 2193//2193 2192//2192 2194//2194
f 2193//2193 2194//2194 2195//2195
f 2187//2187 2189//2189 2196//2196
f 2187//2187 2196//2196 2192//2192
f 2192//2192 2196//2196 2197//2197
f 2192//2192 2197//2197 2194//2194
f 2177//2177 2193//2193 2198//2198
f 2177//2177 2198//2198 2178//2178
f 2178//2178 2198//2198 2199//2199
f 2178//2178 2199//2199 2183//2183
f 2193//2193 2195//2195 2200//2200
f 2193//2193 2200//2200 2198//2198
f 2198//2198 2200//2200 2201//2201
f 2198//2198 2201//2201 2199//2199
f 2202//2202 2203//2203 2204//2204
f 2202//2202 2204//2204 2205//2205
f 2205//2205 2204//2204 2200//2200
f 2205//2205 2200//2200 2195//2195
f 2203//2203 2206//2206 2207//2207
f 2203//2203 2207//2207 2204//2204
f 2204//2204 2207//2207 2201//2201
f 2204//2204 2201//2201 2200//2200
f 2202//2202 2205//2205 2208//2208
f 2202//2202 2208//2208 2209//2209
f 2209//2209 2208//2208 2210//2210
f 2209//2209 2210//2210 2211//2211
f 2205//2205 2195//2195 2194//2194
f 2205//2205 2194//2194 2208//2208
f 2208//2208 2194//2194 2197//2197
f 2208//2208 2197//2197 2210//2210
f 2202//2202 2209//2209 2212//2212
f 2202//2202 2212//2212 2213//2213
f 2213//2213 2212//2212 2214//2214
f 2213//2213 2214//2214 2215//2215
f 2209//2209 2211//2211 2216//2216
f 2209//2209 2216//2216 2212//2212
f 2212//2212 2216//2216 2217//2217
f 2212//2212 2217//2217 2214//2214
f 2202//2202 2213//2213 2218//2218
f 2202//2202 2218//2218 2203//2203
f 2203//2203 2218//2218 2219//2219
f 2203//2203 2219//2219 2206//2206
f 2213//2213 2215//2215 2220//2220
f 2213//2213 2220//2220 2218//2218
f 2218//2218 2220//2220 2221//2221
f 2218//2218 2221//2221 2219//2219
f 2222//2222 2223//2223 2224//2224
f 2222//2222 2224//2224 2225//2225
f 2225//2225 2224//2224 2226//2226
f 2225//2225 2226//2226 2227//2227
f 2223//2223 2189//2189 2188//2188
f 2223//2223 2188//2188 2224//2224
f 2224//2224 2188//2188 2191//2191
f 2224//2224 2191//2191 2226//2226
f 2222//2222 2225//2225 2228//2228
f 2222//2222 2228//2228 2229//2229
f 2229//2229 2228//2228 2230//2230
f 2229//2229 2230//2230 2231//2231
f 2225//2225 2227//2227 2232//2232
f 2225//2225 2232//2232 2228//2228
f 2228//2228 2232//2232 2233//2233
f 2228//2228 2233//2233 2230//2230
f 2222//2222 2229//2229 2234//2234
f 2222//2222 2234//2234 2235//2235
f 2235//2235 2234//2234 2236//2236
f 2235//2235 2236//2236 2237//2237
f 2229//2229 2231//2231 2238//2238
f 2229//2229 2238//2238 2234//2234
f 2234//2234 2238//2238 2239//2239
f 2234//2234 2239//2239 2236//2236
f 2222//2222 2235//2235 2240//2240
f 2222//2222 2240//2240 2223//2223
f 2223//2223 2240//2240 2196//2196
f 2223//2223 2196//2196 2189//2189
f 2235//2235 2237//2237 2241//2241
f 2235//2235 2241//2241 2240//2240
f 2240//2240 2241//2241 2197//2197
f 2240//2240 2197//2197 2196//2196
f 2242//2242 2243//2243 2244//2244
f 2242//2242 2244//2244 2245//2245
f 2245//2245 2244//2244 2241//2241
f 2245//2245 2241//2241 2237//2237
f 2243//2243 2211//2211 2210//2210
f 2243//2243 2210//2210 2244//2244
f 2244//2244 2210//2210 2197//2197
f 2244//2244 2197//2197 2241//2241
f 2242//2242 2245//2245 2246//2246
f 2242//2242 2246//2246 2247//2247
f 2247//2247 2246//2246 2248//2248
f 2247//2247 2248//2248 2249//2249
f 2245//2245 2237//2237 2236//2236
f 2245//2245 2236//2236 2246//2246
f 2246//2246 2236//2236 2239//2239
f 2246//2246 2239//2239 2248//2248
f 2242//2242 2247//2247 2250//2250
f 2242//2242 2250//2250 2251//2251
f 2251//2251 2250//2250 2252//2252
f 2251//2251 2252//2252 2253//2253
f 2247//2247 2249//2249 2254//2254
f 2247//2247 2254//2254 2250//2250
f 2250//2250 2254//2254 2255//2255
f 2250//2250 2255//2255 2252//2252
f 2242//2242 2251//2251 2256//2256
f 2242//2242 2256//2256 2243//2243
f 2243//2243 2256//2256 2216//2216
f 2243//2243 2216//2216 2211//2211
f 2251//2251 2253//2253 2257//2257
f 2251//2251 2257//2257 2256//2256
f 2256//2256 2257//2257 2217//2217
f 2256//2256 2217//2217 2216//2216
f 2258//2258 2259//2259 2260//2260
f 2258//2258 2260//2260 2261//2261
f 2261//2261 2260//2260 2262//2262
f 2261//2261 2262//2262 2263//2263
f 2259//2259 2231//2231 2230//2230
f 2259//2259 2230//2230 2260//2260
f 2260//2260 2230//2230 2233//2233
f 2260//2260 2233//2233 2262//2262
f 2258//2258 2261//2261 2264//2264
f 2258//2258 2264//2264 2265//2265
f 2265//2265 2264//2264 2266//2266
f 2265//2265 2266//2266 2267//2267
f 2261//2261 2263//2263 2268//2268
f 2261//2261 2268//2268 2264//2264
f 2264//2264 2268//2268 2269//2269
f 2264//2264 2269//2269 2266//2266
f 2258//2258 2265//2265 2270//2270
f 2258//2258 2270//2270 2271//2271
f 2271//2271 2270//2270 2272//2272
f 2271//2271 2272//2272 2273//2273
f 2265//2265 2267//2267 2274//2274
f 2265//2265 2274//2274 2270//2270
f 2270//2270 2274//2274 2275//2275
f 2270//2270 2275//2275 2272//2272
f 2258//2258 2271//2271 2276//2276
f 2258//2258 2276//2276 2259//2259
f 2259//2259 2276//2276 2238//2238
f 2259//2259 2238//2238 2231//2231
f 2271//2271 2273//2273 2277//2277
f 2271//2271 2277//2277 2276//2276
f 2276//2276 2277//2277 2239//2239
f 2276//2276 2239//2239 2238//2238
f 2278//2278 2279//2279 2280//2280
f 2278//2278 2280//2280 2281//2281
f 2281//2281 2280//2280 2277//2277
f 2281//2281 2277//2277 2273//2273
f 2279//2279 2249//2249 2248//2248
f 2279//2279 2248//2248 2280//2280
f 2280//2280 2248//2248 2239//2239
f 2280//2280 2239//2239 2277//2277
f 2278//2278 2281//2281 2282//2282
f 2278//2278 2282//2282 2283//2283
f 2283//2283 2282//2282 2284//2284
f 2283//2283 2284//2284 2285//2285
f 2281//2281 2273//2273 2272//2272
f 2281//2281 2272//2272 2282//2282
f 2282//2282 2272//2272 2275//2275
f 2282//2282 2275//2275 2284//2284
f 2278//2278 2283//2283 2286//2286
f 2278//2278 2286//2286 2287//2287
f 2287//2287 2286//2286 2288//2288
f 2287//2287 2288//2288 2289//2289
f 2283//2283 2285//2285 2290//2290
f 2283//2283 2290//2290 2286//2286
f 2286//2286 2290//2290 2291//2291
f 2286//2286 2291//2291 2288//2288
f 2278//2278 2287//2287 2292//2292
f 2278//2278 2292//2292 2279//2279
f 2279//2279 2292//2292 2254//2254
f 2279//2279 2254//2254 2249//2249
f 2287//2287 2289//2289 2293//2293
f 2287//2287 2293//2293 2292//2292
f 2292//2292 2293//2293 2255//2255
f 2292//2292 2255//2255 2254//2254
f 2294//2294 2295//2295 2296//2296
f 2294//2294 2296//2296 2297//2297
f 2297//2297 2296//2296 2298//2298
f 2297//2297 2298//2298 2299//2299
f 2295//2295 2267//2267 2266//2266
f 2295//2295 2266//2266 2296//2296
f 2296//2296 2266//2266 2269//2269
f 2296//2296 2269//2269 2298//2298
f 2294//2294 2297//2297 2300//2300
f 2294//2294 2300//2300 2301//2301
f 2301//2301 2300//2300 2302//2302
f 2301//2301 2302//2302 2303//2303
f 2297//2297 2299//2299 2304//2304
f 2297//2297 2304//2304 2300//2300
f 2300//2300 2304//2304 2305//2305
f 2300//2300 2305//2305 2302//2302
f 2294//2294 2301//2301 2306//2306
f 2294//2294 2306//2306 2307//2307
f 2307//2307 2306//2306 2308//2308
f 2307//2307 2308//2308 2309//2309
f 2301//2301 2303//2303 2310//2310
f 2301//2301 2310//2310 2306//2306
f 2306//2306 2310//2310 2311//2311
f 2306//2306 2311//2311 2308//2308
f 2294//2294 2307//2307 2312//2312
f 2294//2294 2312//2312 2295//2295
f 2295//2295 2312//2312 2274//2274
f 2295//2295 2274//2274 2267//2267
f 2307//2307 2309//2309 2313//2313
f 2307//2307 2313//2313 2312//2312
f 2312//2312 2313//2313 2275//2275
f 2312//2312 2275//2275 2274//2274
f 2314//2314 2315//2315 2316//2316
f 2314//2314 2316//2316 2317//2317
f 2317//2317 2316//2316 2313//2313
f 2317//2317 2313//2313 2309//2309
f 2315//2315 2285//2285 2284//2284
f 2315//2315 2284//2284 2316//2316
f 2316//2316 2284//2284 2275//2275
f 2316//2316 2275//2275 2313//2313
f 2314//2314 2317//2317 2318//2318
f 2314//2314 2318//2318 2319//2319
f 2319//2319 2318//2318 2320//2320
f 2319//2319 2320//2320 2321//2321
f 2317//2317 2309//2309 2308//2308
f 2317//2317 2308//2308 2318//2318
f 2318//2318 2308//2308 2311//2311
f 2318//2318 2311//2311 2320//2320
f 2314//2314 2319//2319 2322//2322
f 2314//2314 2322//2322 2323//2323
f 2323//2323 2322//2322 2324//2324
f 2323//2323 2324//2324 2325//2325
f 2319//2319 2321//2321 2326//2326
f 2319//2319 2326//2326 2322//2322
f 2322//2322 2326//2326 2327//2327
f 2322//2322 2327//2327 2324//2324
f 2314//2314 2323//2323 2328//2328
f 2314//2314 2328//2328 2315//2315
f 2315//2315 2328//2328 2290//2290
f 2315//2315 2290//2290 2285//2285
f 2323//2323 2325//2325 2329//2329
f 2323//2323 2329//2329 2328//2328
f 2328//2328 2329//2329 2291//2291
f 2328//2328 2291//2291 2290//2290
f 2330//2330 2331//2331 2332//2332
f 2330//2330 2332//2332 2333//2333
f 2333//2333 2332//2332 2334//2334
f 2333//2333 2334//2334 2335//2335
f 2331//2331 2303//2303 2302//2302
f 2331//2331 2302//2302 2332//2332
f 2332//2332 2302//2302 2305//2305
f 2332//2332 2305//2305 2334//2334
f 2330//2330 2333//2333 2336//2336
f 2330//2330 2336//2336 2337//2337
f 2337//2337 2336//2336 2338//2338
f 2337//2337 2338//2338 2339//2339
f 2333//2333 2335//2335 2340//2340
f 2333//2333 2340//2340 2336//2336
f 2336//2336 2340//2340 2341//2341
f 2336//2336 2341//2341 2338//2338
f 2330//2330 2337//2337 2342//2342
f 2330//2330 2342//2342 2343//2343
f 2343//2343 2342//2342 2344//2344
f 2343//2343 2344//2344 2345//2345
f 2337//2337 2339//2339 2346//2346
f 2337//2337 2346//2346 2342//2342
f 2342//2342 2346//2346 2347//2347
f 2342//2342 2347//2347 2344//2344
f 2330//2330 2343//2343 2348//2348
f 2330//2330 2348//2348 2331//2331
f 2331//2331 2348//2348 2310//2310
f 2331//2331 2310//2310 2303//2303
f 2343//2343 2345//2345 2349//2349
f 2343//2343 2349//2349 2348//2348
f 2348//2348 2349//2349 2311//2311
f 2348//2348 2311//2311 2310//2310
f 2350//2350 2351//2351 2352//2352
f 2350//2350 2352//2352 2353//2353
f 2353//2353 2352//2352 2349//2349
f 2353//2353 2349//2349 2345//2345
f 2351//2351 2321//2321 2320//2320
f 2351//2351 2320//2320 2352//2352
f 2352//2352 2320//2320 2311//2311
f 2352//2352 2311//2311 2349//2349
f 2350//2350 2353//2353 2354//2354
f 2350//2350 2354//2354 2355//2355
f 2355//2355 2354//2354 2356//2356
f 2355//2355 2356//2356 2357//2357
f 2353//2353 2345//2345 2344//2344
f 2353//2353 2344//2344 2354//2354
f 2354//2354 2344//2344 2347//2347
f 2354//2354 2347//2347 2356//2356
f 2350//2350 2355//2355 2358//2358
f 2350//2350 2358//2358 2359//2359
f 2359//2359 2358//2358 2360//2360
f 2359//2359 2360//2360 2361//2361
f 2355//2355 2357//2357 2362//2362
f 2355//2355 2362//2362 2358//2358
f 2358//2358 2362//2362 2363//2363
f 2358//2358 2363//2363 2360//2360
f 2350//2350 2359//2359 2364//2364
f 2350//2350 2364//2364 2351//2351
f 2351//2351 2364//2364 2326//2326
f 2351//2351 2326//2326 2321//2321
f 2359//2359 2361//2361 2365//2365
f 2359//2359 2365//2365 2364//2364
f 2364//2364 2365//2365 2327//2327
f 2364//2364 2327//2327 2326//2326
f 2366//2366 2367//2367 2368//2368
f 2366//2366 2368//2368 2369//2369
f 2369//2369 2368//2368 2370//2370
f 2369//2369 2370//2370 2371//2371
f 2367//2367 2339//2339 2338//2338
f 2367//2367 2338//2338 2368//2368
f 2368//2368 2338//2338 2341//2341
f 2368//2368 2341//2341 2370//2370
f 2366//2366 2369//2369 2372//2372
f 2366//2366 2372//2372 2373//2373
f 2373//2373 2372//2372 2374//2374
f 2373//2373 2374//2374 2375//2375
f 2369//2369 2371//2371 2376//2376
f 2369//2369 2376//2376 2372//2372
f 2372//2372 2376//2376 2377//2377
f 2372//2372 2377//2377 2374//2374
f 2366//2366 2373//2373 2378//2378
f 2366//2366 2378//2378 2379//2379
f 2379//2379 2378//2378 2380//2380
f 2379//2379 2380//2380 2381//2381
f 2373//2373 2375//2375 2382//2382
f 2373//2373 2382//2382 2378//2378
f 2378//2378 2382//2382 2383//2383
f 2378//2378 2383//2383 2380//2380
f 2366//2366 2379//2379 2384//2384
f 2366//2366 2384//2384 2367//2367
f 2367//2367 2384//2384 2346//2346
f 2367//2367 2346//2346 2339//2339
f 2379//2379 2381//2381 2385//2385
f 2379//2379 2385//2385 2384//2384
f 2384//2384 2385//2385 2347//2347
f 2384//2384 2347//2347 2346//2346
f 2386//2386 2387//2387 2388//2388
f 2386//2386 2388//2388 2389//2389
f 2389//2389 2388//2388 2385//2385
f 2389//2389 2385//2385 2381//2381
f 2387//2387 2357//2357 2356//2356
f 2387//2387 2356//2356 2388//2388
f 2388//2388 2356//2356 2347//2347
f 2388//2388 2347//2347 2385//2385
f 2386//2386 2389//2389 2390//2390
f 2386//2386 2390//2390 2391//2391
f 2391//2391 2390//2390 2392//2392
f 2391//2391 2392//2392 2393//2393
f 2389//2389 2381//2381 2380//2380
f 2389//2389 2380//2380 2390//2390
f 2390//2390 2380//2380 2383//2383
f 2390//2390 2383//2383 2392//2392
f 2386//2386 2391//2391 2394//2394
f 2386//2386 2394//2394 2395//2395
f 2395//2395 2394//2394 2396//2396
f 2395//2395 2396//2396 2397//2397
f 2391//2391 2393//2393 2398//2398
f 2391//2391 2398//2398 2394//2394
f 2394//2394 2398//2398 2399//2399
f 2394//2394 2399//2399 2396//2396
f 2386//2386 2395//2395 2400//2400
f 2386//2386 2400//2400 2387//2387
f 2387//2387 2400//2400 2362//2362
f 2387//2387 2362//2362 2357//2357
f 2395//2395 2397//2397 2401//2401
f 2395//2395 2401//2401 2400//2400
f 2400//2400 2401//2401 2363//2363
f 2400//2400 2363//2363 2362//2362
f 2402//2402 2403//2403 2404//2404
f 2402//2402 2404//2404 2405//2405
f 2405//2405 2404//2404 2406//2406
f 2405//2405 2406//2406 2407//2407
f 2403//2403 2375//2375 2374//2374
f 2403//2403 2374//2374 2404//2404
f 2404//2404 2374//2374 2377//2377
f 2404//2404 2377//2377 2406//2406
f 2402//2402 2405//2405 2408//2408
f 2402//2402 2408//2408 2409//2409
f 2409//2409 2408//2408 2410//2410
f 2409//2409 2410//2410 2411//2411
f 2405//2405 2407//2407 2412//2412
f 2405//2405 2412//2412 2408//2408
f 2408//2408 2412//2412 2413//2413
f 2408//2408 2413//2413 2410//2410
f 2402//2402 2409//2409 2414//2414
f 2402//2402 2414//2414 2415//2415
f 2415//2415 2414//2414 2416//2416
f 2415//2415 2416//2416 2417//2417
f 2409//2409 2411//2411 2418//2418
f 2409//2409 2418//2418 2414//2414
f 2414//2414 2418//2418 2419//2419
f 2414//2414 2419//2419 2416//2416
f 2402//2402 2415//2415 2420//2420
f 2402//2402 2420//2420 2403//2403
f 2403//2403 2420//2420 2382//2382
f 2403//2403 2382//2382 2375//2375
f 2415//2415 2417//2417 2421//2421
f 2415//2415 2421//2421 2420//2420
f 2420//2420 2421//2421 2383//2383
f 2420//2420 2383//2383 2382//2382
f 2422//2422 2423//2423 2424//2424
f 2422//2422 2424//2424 2425//2425
f 2425//2425 2424//2424 2421//2421
f 2425//2425 2421//2421 2417//2417
f 2423//2423 2393//2393 2392//2392
f 2423//2423 2392//2392 2424//2424
f 2424//2424 2392//2392 2383//2383
f 2424//2424 2383//2383 2421//2421
f 2422//2422 2425//2425 2426//2426
f 2422//2422 2426//2426 2427//2427
f 2427//2427 2426//2426 2428//2428
f 2427//2427 2428//2428 2429//2429
f 2425//2425 2417//2417 2416//2416
f 2425//2425 2416//2416 2426//2426
f 2426//2426 2416//2416 2419//2419
f 2426//2426 2419//2419 2428//2428
f 2422//2422 2427//2427 2430//2430
f 2422//2422 2430//2430 2431//2431
f 2431//2431 2430//2430 2432//2432
f 2431//2431 2432//2432 2433//2433
f 2427//2427 2429//2429 2434//2434
f 2427//2427 2434//2434 2430//2430
f 2430//2430 2434//2434 2435//2435
f 2430//2430 2435//2435 2432//2432
f 2422//2422 2431//2431 2436//2436
f 2422//2422 2436//2436 2423//2423
f 2423//2423 2436//2436 2398//2398
f 2423//2423 2398//2398 2393//2393
f 2431//2431 2433//2433 2437//2437
f 2431//2431 2437//2437 2436//2436
f 2436//2436 2437//2437 2399//2399
f 2436//2436 2399//2399 2398//2398
f 2438//2438 2439//2439 2440//2440
f 2438//2438 2440//2440 2441//2441
f 2441//2441 2440//2440 2442//2442
f 2441//2441 2442//2442 2443//2443
f 2439//2439 2411//2411 2410//2410
f 2439//2439 2410//2410 2440//2440
f 2440//2440 2410//2410 2413//2413
f 2440//2440 2413//2413 2442//2442
f 2438//2438 2441//2441 2444//2444
f 2438//2438 2444//2444 2445//2445
f 2445//2445 2444//2444 2446//2446
f 2445//2445 2446//2446 2447//2447
f 2441//2441 2443//2443 2448//2448
f 2441//2441 2448//2448 2444//2444
f 2444//2444 2448//2448 2449//2449
f 2444//2444 2449//2449 2446//2446
f 2438//2438 2445//2445 2450//2450
f 2438//2438 2450//2450 2451//2451
f 2451//2451 2450//2450 2452//2452
f 2451//2451 2452//2452 2453//2453
f 2445//2445 2447//2447 2454//2454
f 2445//2445 2454//2454 2450//2450
f 2450//2450 2454//2454 2455//2455
f 2450//2450 2455//2455 2452//2452
f 2438//2438 2451//2451 2456//2456
f 2438//2438 2456//2456 2439//2439
f 2439//2439 2456//2456 2418//2418
f 2439//2439 2418//2418 2411//2411
f 2451//2451 2453//2453 2457//2457
f 2451//2451 2457//2457 2456//2456
f 2456//2456 2457//2457 2419//2419
f 2456//2456 2419//2419 2418//2418
f 2458//2458 2459//2459 2460//2460
f 2458//2458 2460//2460 2461//2461
f 2461//2461 2460//2460 2457//2457
f 2461//2461 2457//2457 2453//2453
f 2459//2459 2429//2429 2428//2428
f 2459//2459 2428//2428 2460//2460
f 2460//2460 2428//2428 2419//2419
f 2460//2460 2419//2419 2457//2457
f 2458//2458 2461//2461 2462//2462
f 2458//2458 2462//2462 2463//2463
f 2463//2463 2462//2462 2464//2464
f 2463//2463 2464//2464 2465//2465
f 2461//2461 2453//2453 2452//2452
f 2461//2461 2452//2452 2462//2462
f 2462//2462 2452//2452 2455//2455
f 2462//2462 2455//2455 2464//2464
f 2458//2458 2463//2463 2466//2466
f 2458//2458 2466//2466 2467//2467
f 2467//2467 2466//2466 2468//2468
f 2467//2467 2468//2468 2469//2469
f 2463//2463 2465//2465 2470//2470
f 2463//2463 2470//2470 2466//2466
f 2466//2466 2470//2470 2471//2471
f 2466//2466 2471//2471 2468//2468
f 2458//2458 2467//2467 2472//2472
f 2458//2458 2472//2472 2459//2459
f 2459//2459 2472//2472 2434//2434
f 2459//2459 2434//2434 2429//2429
f 2467//2467 2469//2469 2473//2473
f 2467//2467 2473//2473 2472//2472
f 2472//2472 2473//2473 2435//2435
f 2472//2472 2435//2435 2434//2434
f 2474//2474 2475//2475 2476//2476
f 2474//2474 2476//2476 2477//2477
f 2477//2477 2476//2476 2478//2478
f 2477//2477 2478//2478 2479//2479
f 2475//2475 2447//2447 2446//2446
f 2475//2475 2446//2446 2476//2476
f 2476//2476 2446//2446 2449//2449
f 2476//2476 2449//2449 2478//2478
f 2474//2474 2477//2477 2480//2480
f 2474//2474 2480//2480 2481//2481
f 2481//2481 2480//2480 2482//2482
f 2481//2481 2482//2482 2483//2483
f 2477//2477 2479//2479 2484//2484
f 2477//2477 2484//2484 2480//2480
f 2480//2480 2484//2484 2485//2485
f 2480//2480 2485//2485 2482//2482
f 2474//2474 2481//2481 2486//2486
f 2474//2474 2486//2486 2487//2487
f 2487//2487 2486//2486 2488//2488
f 2487//2487 2488//2488 2489//2489
f 2481//2481 2483//2483 2490//2490
f 2481//2481 2490//2490 2486//2486
f 2486//2486 2490//2490 2491//2491
f 2486//2486 2491//2491 2488//2488
f 2474//2474 2487//2487 2492//2492
f 2474//2474 2492//2492 2475//2475
f 2475//2475 2492//2492 2454//2454
f 2475//2475 2454//2454 2447//2447
f 2487//2487 2489//2489 2493//2493
f 2487//2487 2493//2493 2492//2492
f 2492//2492 2493//2493 2455//2455
f 2492//2492 2455//2455 2454//2454
f 2494//2494 2495//2495 2496//2496
f 2494//2494 2496//2496 2497//2497
f 2497//2497 2496//2496 2493//2493
f 2497//2497 2493//2493 2489//2489
f 2495//2495 2465//2465 2464//2464
f 2495//2495 2464//2464 2496//2496
f 2496//2496 2464//2464 2455//2455
f 2496//2496 2455//2455 2493//2493
f 2494//2494 2497//2497 2498//2498
f 2494//2494 2498//2498 2499//2499
f 2499//2499 2498//2498 2500//2500
f 2499//2499 2500//2500 2501//2501
f 2497//2497 2489//2489 2488//2488
f 2497//2497 2488//2488 2498//2498
f 2498//2498 2488//2488 2491//2491
f 2498//2498 2491//2491 2500//2500
f 2494//2494 2499//2499 2502//2502
f 2494//2494 2502//2502 2503//2503
f 2503//2503 2502//2502 2504//2504
f 2503//2503 2504//2504 2505//2505
f 2499//2499 2501//2501 2506//2506
f 2499//2499 2506//2506 2502//2502
f 2502//2502 2506//2506 2507//2507
f 2502//2502 2507//2507 2504//2504
f 2494//2494 2503//2503 2508//2508
f 2494//2494 2508//2508 2495//2495
f 2495//2495 2508//2508 2470//2470
f 2495//2495 2470//2470 2465//2465
f 2503//2503 2505//2505 2509//2509
f 2503//2503 2509//2509 2508//2508
f 2508//2508 2509//2509 2471//2471
f 2508//2508 2471//2471 2470//2470
f 2510//2510 2511//2511 2512//2512
f 2510//2510 2512//2512 2513//2513
f 2513//2513 2512//2512 2514//2514
f 2513//2513 2514//2514 2515//2515
f 2511//2511 2483//2483 2482//2482
f 2511//2511 2482//2482 2512//2512
f 2512//2512 2482//2482 2485//2485
f 2512//2512 2485//2485 2514//2514
f 2510//2510 2513//2513 2516//2516
f 2510//2510 2516//2516 2517//2517
f 2517//2517 2516//2516 2518//2518
f 2517//2517 2518//2518 2519//2519
f 2513//2513 2515//2515 2520//2520
f 2513//2513 2520//2520 2516//2516
f 2516//2516 2520//2520 2521//2521
f 2516//2516 2521//2521 2518//2518
f 2510//2510 2517//2517 2522//2522
f 2510//2510 2522//2522 2523//2523
f 2523//2523 2522//2522 2524//2524
f 2523//2523 2524//2524 2525//2525
f 2517//2517 2519//2519 2526//2526
f 2517//2517 2526//2526 2522//2522
f 2522//2522 2526//2526 2527//2527
f 2522//2522 2527//2527 2524//2524
f 2510//2510 2523//2523 2528//2528
f 2510//2510 2528//2528 2511//2511
f 2511//2511 2528//2528 2490//2490
f 2511//2511 2490//2490 2483//2483
f 2523//2523 2525//2525 2529//2529
f 2523//2523 2529//2529 2528//2528
f 2528//2528 2529//2529 2491//2491
f 2528//2528 2491//2491 2490//2490
f 2530//2530 2531//2531 2532//2532
f 2530//2530 2532//2532 2533//2533
f 2533//2533 2532//2532 2529//2529
f 2533//2533 2529//2529 2525//2525
f 2531//2531 2501//2501 2500//2500
f 2531//2531 2500//2500 2532//2532
f 2532//2532 2500//2500 2491//2491
f 2532//2532 2491//2491 2529//2529
f 2530//2530 2533//2533 2534//2534
f 2530//2530 2534//2534 2535//2535
f 2535//2535 2534//2534 2536//2536
f 2535//2535 2536//2536 2537//2537
f 2533//2533 2525//2525 2524//2524
f 2533//2533 2524//2524 2534//2534
f 2534//2534 2524//2524 2527//2527
f 2534//2534 2527//2527 2536//2536
f 2530//2530 2535//2535 2538//2538
f 2530//2530 2538//2538 2539//2539
f 2539//2539 2538//2538 2540//2540
f 2539//2539 2540//2540 2541//2541
f 2535//2535 2537//2537 2542//2542
f 2535//2535 2542//2542 2538//2538
f 2538//2538 2542//2542 2543//2543
f 2538//2538 2543//2543 2540//2540
f 2530//2530 2539//2539 2544//2544
f 2530//2530 2544//2544 2531//2531
f 2531//2531 2544//2544 2506//2506
f 2531//2531 2506//2506 2501//2501
f 2539//2539 2541//2541 2545//2545
f 2539//2539 2545//2545 2544//2544
f 2544//2544 2545//2545 2507//2507
f 2544//2544 2507//2507 2506//2506
f 2546//2546 2547//2547 2548//2548
f 2546//2546 2548//2548 2549//2549
f 2549//2549 2548//2548 2550//2550
f 2549//2549 2550//2550 2551//2551
f 2547//2547 2519//2519 2518//2518
f 2547//2547 2518//2518 2548//2548
f 2548//2548 2518//2518 2521//2521
f 2548//2548 2521//2521 2550//2550
f 2546//2546 2549//2549 2552//2552
f 2546//2546 2552//2552 2553//2553
f 2553//2553 2552//2552 2554//2554
f 2553//2553 2554//2554 2555//2555
f 2549//2549 2551//2551 2556//2556
f 2549//2549 2556//2556 2552//2552
f 2552//2552 2556//2556 2557//2557
f 2552//2552 2557//2557 2554//2554
f 2546//2546 2553//2553 2558//2558
f 2546//2546 2558//2558 2559//2559
f 2559//2559 2558//2558 2560//2560
f 2559//2559 2560//2560 2561//2561
f 2553//2553 2555//2555 2562//2562
f 2553//2553 2562//2562 2558//2558
f 2558//2558 2562//2562 2563//2563
f 2558//2558 2563//2563 2560//2560
f 2546//2546 2559//2559 2564//2564
f 2546//2546 2564//2564 2547//2547
f 2547//2547 2564//2564 2526//2526
f 2547//2547 2526//2526 2519//2519
f 2559//2559 2561//2561 2565//2565
f 2559//2559 2565//2565 2564//2564
f 2564//2564 2565//2565 2527//2527
f 2564//2564 2527//2527 2526//2526
f 2566//2566 2567//2567 2568//2568
f 2566//2566 2568//2568 2569//2569
f 2569//2569 2568//2568 2565//2565
f 2569//2569 2565//2565 2561//2561
f 2567//2567 2537//2537 2536//2536
f 2567//2567 2536//2536 2568//2568
f 2568//2568 2536//2536 2527//2527
f 2568//2568 2527//2527 2565//2565
f 2566//2566 2569//2569 2570//2570
f 2566//2566 2570//2570 2571//2571
f 2571//2571 2570//2570 2572//2572
f 2571//2571 2572//2572 2573//2573
f 2569//2569 2561//2561 2560//2560
f 2569//2569 2560//2560 2570//2570
f 2570//2570 2560//2560 2563//2563
f 2570//2570 2563//2563 2572//2572
f 2566//2566 2571//2571 2574//2574
f 2566//2566 2574//2574 2575//2575
f 2575//2575 2574//2574 2576//2576
f 2575//2575 2576//2576 2577//2577
f 2571//2571 2573//2573 2578//2578
f 2571//2571 2578//2578 2574//2574
f 2574//2574 2578//2578 2579//2579
f 2574//2574 2579//2579 2576//2576
f 2566//2566 2575//2575 2580//2580
f 2566//2566 2580//2580 2567//2567
f 2567//2567 2580//2580 2542//2542
f 2567//2567 2542//2542 2537//2537
f 2575//2575 2577//2577 2581//2581
f 2575//2575 2581//2581 2580//2580
f 2580//2580 2581//2581 2543//2543
f 2580//2580 2543//2543 2542//2542
f 2582//2582 2583//2583 2584//2584
f 2582//2582 2584//2584 2585//2585
f 2585//2585 2584//2584 2586//2586
f 2585//2585 2586//2586 2587//2587
f 2583//2583 2555//2555 2554//2554
f 2583//2583 2554//2554 2584//2584
f 2584//2584 2554//2554 2557//2557
f 2584//2584 2557//2557 2586//2586
f 2582//2582 2585//2585 2588//2588
f 2582//2582 2588//2588 2589//2589
f 2589//2589 2588//2588 2590//2590
f 2589//2589 2590//2590 2591//2591
f 2585//2585 2587//2587 2592//2592
f 2585//2585 2592//2592 2588//2588
f 2588//2588 2592//2592 2593//2593
f 2588//2588 2593//2593 2590//2590
f 2582//2582 2589//2589 2594//2594
f 2582//2582 2594//2594 2595//2595
f 2595//2595 2594//2594 2596//2596
f 2595//2595 2596//2596 2597//2597
f 2589//2589 2591//2591 2598//2598
f 2589//2589 2598//2598 2594//2594
f 2594//2594 2598//2598 2599//2599
f 2594//2594 2599//2599 2596//2596
f 2582//2582 2595//2595 2600//2600
f 2582//2582 2600//2600 2583//2583
f 2583//2583 2600//2600 2562//2562
f 2583//2583 2562//2562 2555//2555
f 2595//2595 2597//2597 2601//2601
f 2595//2595 2601//2601 2600//2600
f 2600//2600 2601//2601 2563//2563
f 2600//2600 2563//2563 2562//2562
f 2602//2602 2603//2603 2604//2604
f 2602//2602 2604//2604 2605//2605
f 2605//2605 2604//2604 2601//2601
f 2605//2605 2601//2601 2597//2597
f 2603//2603 2573//2573 2572//2572
f 2603//2603 2572//2572 2604//2604
f 2604//2604 2572//2572 2563//2563
f 2604//2604 2563//2563 2601//2601
f 2602//2602 2605//2605 2606//2606
f 2602//2602 2606//2606 2607//2607
f 2607//2607 2606//2606 2608//2608
f 2607//2607 2608//2608 2609//2609
f 2605//2605 2597//2597 2596//2596
f 2605//2605 2596//2596 2606//2606
f 2606//2606 2596//2596 2599//2599
f 2606//2606 2599//2599 2608//2608
f 2602//2602 2607//2607 2610//2610
f 2602//2602 2610//2610 2611//2611
f 2611//2611 2610//2610 2612//2612
f 2611//2611 2612//2612 2613//2613
f 2607//2607 2609//2609 2614//2614
f 2607//2607 2614//2614 2610//2610
f 2610//2610 2614//2614 2615//2615
f 2610//2610 2615//2615 2612//2612
f 2602//2602 2611//2611 2616//2616
f 2602//2602 2616//2616 2603//2603
f 2603//2603 2616//2616 2578//2578
f 2603//2603 2578//2578 2573//2573
f 2611//2611 2613//2613 2617//2617
f 2611//2611 2617//2617 2616//2616
f 2616//2616 2617//2617 2579//2579
f 2616//2616 2579//2579 2578//2578
f 2618//2618 2619//2619 2620//2620
f 2618//2618 2620//2620 2621//2621
f 2621//2621 2620//2620 2622//2622
f 2621//2621 2622//2622 2623//2623
f 2619//2619 2591//2591 2590//2590
f 2619//2619 2590//2590 2620//2620
f 2620//2620 2590//2590 2593//2593
f 2620//2620 2593//2593 2622//2622
f 2618//2618 2621//2621 2624//2624
f 2618//2618 2624//2624 2625//2625
f 2625//2625 2624//2624 2626//2626
f 2625//2625 2626//2626 2627//2627
f 2621//2621 2623//2623 2628//2628
f 2621//2621 2628//2628 2624//2624
f 2624//2624 2628//2628 2629//2629
f 2624//2624 2629//2629 2626//2626
f 2618//2618 2625//2625 2630//2630
f 2618//2618 2630//2630 2631//2631
f 2631//2631 2630//2630 2632//2632
f 2631//2631 2632//2632 2633//2633
f 2625//2625 2627//2627 2634//2634
f 2625//2625 2634//2634 2630//2630
f 2630//2630 2634//2634 2635//2635
f 2630//2630 2635//2635 2632//2632
f 2618//2618 2631//2631 2636//2636
f 2618//2618 2636//2636 2619//2619
f 2619//2619 2636//2636 2598//2598
f 2619//2619 2598//2598 2591//2591
f 2631//2631 2633//2633 2637//2637
f 2631//2631 2637//2637 2636//2636
f 2636//2636 2637//2637 2599//2599
f 2636//2636 2599//2599 2598//2598
f 2638//2638 2639//2639 2640//2640
f 2638//2638 2640//2640 2641//2641
f 2641//2641 2640//2640 2637//2637
f 2641//2641 2637//2637 2633//2633
f 2639//2639 2609//2609 2608//2608
f 2639//2639 2608//2608 2640//2640
f 2640//2640 2608//2608 2599//2599
f 2640//2640 2599//2599 2637//2637
f 2638//2638 2641//2641 2642//2642
f 2638//2638 2642//2642 2643//2643
f 2643//2643 2642//2642 2644//2644
f 2643//2643 2644//2644 2645//2645
f 2641//2641 2633//2633 2632//2632
f 2641//2641 2632//2632 2642//2642
f 2642//2642 2632//2632 2635//2635
f 2642//2642 2635//2635 2644//2644
f 2638//2638 2643//2643 2646//2646
f 2638//2638 2646//2646 2647//2647
f 2647//2647 2646//2646 2648//2648
f 2647//2647 2648//2648 2649//2649
f 2643//2643 2645//2645 2650//2650
f 2643//2643 2650//2650 2646//2646
f 2646//2646 2650//2650 2651//2651
f 2646//2646 2651//2651 2648//2648
f 2638//2638 2647//2647 2652//2652
f 2638//2638 2652//2652 2639//2639
f 2639//2639 2652//2652 2614//2614
f 2639//2639 2614//2614 2609//2609
f 2647//2647 2649//2649 2653//2653
f 2647//2647 2653//2653 2652//2652
f 2652//2652 2653//2653 2615//2615
f 2652//2652 2615//2615 2614//2614
f 2654//2654 2655//2655 2656//2656
f 2654//2654 2656//2656 2657//2657
f 2657//2657 2656//2656 2658//2658
f 2657//2657 2658//2658 2659//2659
f 2655//2655 2627//2627 2626//2626
f 2655//2655 2626//2626 2656//2656
f 2656//2656 2626//2626 2629//2629
f 2656//2656 2629//2629 2658//2658
f 2654//2654 2657//2657 2660//2660
f 2654//2654 2660//2660 2661//2661
f 2661//2661 2660//2660 2662//2662
f 2661//2661 2662//2662 2663//2663
f 2657//2657 2659//2659 2664//2664
f 2657//2657 2664//2664 2660//2660
f 2660//2660 2664//2664 2665//2665
f 2660//2660 2665//2665 2662//2662
f 2654//2654 2661//2661 2666//2666
f 2654//2654 2666//2666 2667//2667
f 2667//2667 2666//2666 2668//2668
f 2667//2667 2668//2668 2669//2669
f 2661//2661 2663//2663 2670//2670
f 2661//2661 2670//2670 2666//2666
f 2666//2666 2670//2670 2671//2671
f 2666//2666 2671//2671 2668//2668
f 2654//2654 2667//2667 2672//2672
f 2654//2654 2672//2672 2655//2655
f 2655//2655 2672//2672 2634//2634
f 2655//2655 2634//2634 2627//2627
f 2667//2667 2669//2669 2673//2673
f 2667//2667 2673//2673 2672//2672
f 2672//2672 2673//2673 2635//2635
f 2672//2672 2635//2635 2634//2634
f 2674//2674 2675//2675 2676//2676
f 2674//2674 2676//2676 2677//2677
f 2677//2677 2676//2676 2673//2673
f 2677//2677 2673//2673 2669//2669
f 2675//2675 2645//2645 2644//2644
f 2675//2675 2644//2644 2676//2676
f 2676//2676 2644//2644 2635//2635
f 2676//2676 2635//2635 2673//2673
f 2674//2674 2677//2677 2678//2678
f 2674//2674 2678//2678 2679//2679
f 2679//2679 2678//2678 2680//2680
f 2679//2679 2680//2680 2681//2681
f 2677//2677 2669//2669 2668//2668
f 2677//2677 2668//2668 2678//2678
f 2678//2678 2668//2668 2671//2671
f 2678//2678 2671//2671 2680//2680
f 2674//2674 2679//2679 2682//2682
f 2674//2674 2682//2682 2683//2683
f 2683//2683 2682//2682 2684//2684
f 2683//2683 2684//2684 2685//2685
f 2679//2679 2681//2681 2686//2686
f 2679//2679 2686//2686 2682//2682
f 2682//2682 2686//2686 2687//2687
f 2682//2682 2687//2687 2684//2684
f 2674//2674 2683//2683 2688//2688
f 2674//2674 2688//2688 2675//2675
f 2675//2675 2688//2688 2650//2650
f 2675//2675 2650//2650 2645//2645
f 2683//2683 2685//2685 2689//2689
f 2683//2683 2689//2689 2688//2688
f 2688//2688 2689//2689 2651//2651
f 2688//2688 2651//2651 2650//2650
f 2690//2690 2691//2691 2692//2692
f 2690//2690 2692//2692 2693//2693
f 2693//2693 2692//2692 2694//2694
f 2693//2693 2694//2694 2695//2695
f 2691//2691 2663//2663 2662//2662
f 2691//2691 2662//2662 2692//2692
f 2692//2692 2662//2662 2665//2665
f 2692//2692 2665//2665 2694//2694
f 2690//2690 2693//2693 2696//2696
f 2690//2690 2696//2696 2697//2697
f 2697//2697 2696//2696 2698//2698
f 2697//2697 2698//2698 2699//2699
f 2693//2693 2695//2695 2700//2700
f 2693//2693 2700//2700 2696//2696
f 2696//2696 2700//2700 2701//2701
f 2696//2696 2701//2701 2698//2698
f 2690//2690 2697//2697 2702//2702
f 2690//2690 2702//2702 2703//2703
f 2703//2703 2702//2702 2704//2704
f 2703//2703 2704//2704 2705//2705
f 2697//2697 2699//2699 2706//2706
f 2697//2697 2706//2706 2702//2702
f 2702//2702 2706//2706 2707//2707
f 2702//2702 2707//2707 2704//2704
f 2690//2690 2703//2703 2708//2708
f 2690//2690 2708//2708 2691//2691
f 2691//2691 2708//2708 2670//2670
f 2691//2691 2670//2670 2663//2663
f 2703//2703 2705//2705 2709//2709
f 2703//2703 2709//2709 2708//2708
f 2708//2708 2709//2709 2671//2671
f 2708//2708 2671//2671 2670//2670
f 2710//2710 2711//2711 2712//2712
f 2710//2710 2712//2712 2713//2713
f 2713//2713 2712//2712 2709//2709
f 2713//2713 2709//2709 2705//2705
f 2711//2711 2681//2681 2680//2680
f 2711//2711 2680//2680 2712//2712
f 2712//2712 2680//2680 2671//2671
f 2712//2712 2671//2671 2709//2709
f 2710//2710 2713//2713 2714//2714
f 2710//2710 2714//2714 2715//2715
f 2715//2715 2714//2714 2716//2716
f 2715//2715 2716//2716 2717//2717
f 2713//2713 2705//2705 2704//2704
f 2713//2713 2704//2704 2714//2714
f 2714//2714 2704//2704 2707//2707
f 2714//2714 2707//2707 2716//2716
f 2710//2710 2715//2715 2718//2718
f 2710//2710 2718//2718 2719//2719
f 2719//2719 2718//2718 2720//2720
f 2719//2719 2720//2720 2721//2721
f 2715//2715 2717//2717 2722//2722
f 2715//2715 2722//2722 2718//2718
f 2718//2718 2722//2722 2723//2723
f 2718//2718 2723//2723 2720//2720
f 2710//2710 2719//2719 2724//2724
f 2710//2710 2724//2724 2711//2711
f 2711//2711 2724//2724 2686//2686
f 2711//2711 2686//2686 2681//2681
f 2719//2719 2721//2721 2725//2725
f 2719//2719 2725//2725 2724//2724
f 2724//2724 2725//2725 2687//2687
f 2724//2724 2687//2687 2686//2686
f 2726//2726 2727//2727 2728//2728
f 2726//2726 2728//2728 2729//2729
f 2729//2729 2728//2728 2730//2730
f 2729//2729 2730//2730 2731//2731
f 2727//2727 2206//2206 2219//2219
f 2727//2727 2219//2219 2728//2728
f 2728//2728 2219//2219 2221//2221
f 2728//2728 2221//2221 2730//2730
f 2726//2726 2729//2729 2732//2732
f 2726//2726 2732//2732 2733//2733
f 2733//2733 2732//2732 2722//2722
f 2733//2733 2722//2722 2717//2717
f 2729//2729 2731//2731 2734//2734
f 2729//2729 2734//2734 2732//2732
f 2732//2732 2734//2734 2723//2723
f 2732//2732 2723//2723 2722//2722
f 2726//2726 2733//2733 2735//2735
f 2726//2726 2735//2735 2736//2736
f 2736//2736 2735//2735 2737//2737
f 2736//2736 2737//2737 2738//2738
f 2733//2733 2717//2717 2716//2716
f 2733//2733 2716//2716 2735//2735
f 2735//2735 2716//2716 2707//2707
f 2735//2735 2707//2707 2737//2737
f 2726//2726 2736//2736 2739//2739
f 2726//2726 2739//2739 2727//2727
f 2727//2727 2739//2739 2207//2207
f 2727//2727 2207//2207 2206//2206
f 2736//2736 2738//2738 2740//2740
f 2736//2736 2740//2740 2739//2739
f 2739//2739 2740//2740 2201//2201
f 2739//2739 2201//2201 2207//2207
f 2741//2741 2742//2742 2743//2743
f 2741//2741 2743//2743 2744//2744
f 2744//2744 2743//2743 2740//2740
f 2744//2744 2740//2740 2738//2738
f 2742//2742 2183//2183 2199//2199
f 2742//2742 2199//2199 2743//2743
f 2743//2743 2199//2199 2201//2201
f 2743//2743 2201//2201 2740//2740
f 2741//2741 2744//2744 2745//2745
f 2741//2741 2745//2745 2746//2746
f 2746//2746 2745//2745 2706//2706
f 2746//2746 2706//2706 2699//2699
f 2744//2744 2738//2738 2737//2737
f 2744//2744 2737//2737 2745//2745
f 2745//2745 2737//2737 2707//2707
f 2745//2745 2707//2707 2706//2706
f 2741//2741 2746//2746 2747//2747
f 2741//2741 2747//2747 2748//2748
f 2748//2748 2747//2747 2749//2749
f 2748//2748 2749//2749 2750//2750
f 2746//2746 2699//2699 2698//2698
f 2746//2746 2698//2698 2747//2747
f 2747//2747 2698//2698 2701//2701
f 2747//2747 2701//2701 2749//2749
f 2741//2741 2748//2748 2751//2751
f 2741//2741 2751//2751 2742//2742
f 2742//2742 2751//2751 2184//2184
f 2742//2742 2184//2184 2183//2183
f 2748//2748 2750//2750 2752//2752
f 2748//2748 2752//2752 2751//2751
f 2751//2751 2752//2752 2185//2185
f 2751//2751 2185//2185 2184//2184
f 2753//2753 2754//2754 2755//2755
f 2753//2753 2755//2755 2756//2756
f 2756//2756 2755//2755 2757//2757
f 2756//2756 2757//2757 2758//2758
f 2754//2754 2759//2759 2760//2760
f 2754//2754 2760//2760 2755//2755
f 2755//2755 2760//2760 2761//2761
f 2755//2755 2761//2761 2757//2757
f 2753//2753 2756//2756 2762//2762
f 2753//2753 2762//2762 2763//2763
f 2763//2763 2762//2762 2764//2764
f 2763//2763 2764//2764 2765//2765
f 2756//2756 2758//2758 2766//2766
f 2756//2756 2766//2766 2762//2762
f 2762//2762 2766//2766 2767//2767
f 2762//2762 2767//2767 2764//2764
f 2753//2753 2763//2763 2768//2768
f 2753//2753 2768//2768 2769//2769
f 2769//2769 2768//2768 2770//2770
f 2769//2769 2770//2770 2771//2771
f 2763//2763 2765//2765 2772//2772
f 2763//2763 2772//2772 2768//2768
f 2768//2768 2772//2772 2773//2773
f 2768//2768 2773//2773 2770//2770
f 2753//2753 2769//2769 2774//2774
f 2753//2753 2774//2774 2754//2754
f 2754//2754 2774//2774 2775//2775
f 2754//2754 2775//2775 2759//2759
f 2769//2769 2771//2771 2776//2776
f 2769//2769 2776//2776 2774//2774
f 2774//2774 2776//2776 2777//2777
f 2774//2774 2777//2777 2775//2775
f 2778//2778 2779//2779 2780//2780
f 2778//2778 2780//2780 2781//2781
f 2781//2781 2780//2780 2782//2782
f 2781//2781 2782//2782 2783//2783
f 2779//2779 2784//2784 2785//2785
f 2779//2779 2785//2785 2780//2780
f 2780//2780 2785//2785 2786//2786
f 2780//2780 2786//2786 2782//2782
f 2778//2778 2781//2781 2787//2787
f 2778//2778 2787//2787 2788//2788
f 2788//2788 2787//2787 2789//2789
f 2788//2788 2789//2789 2790//2790
f 2781//2781 2783//2783 2791//2791
f 2781//2781 2791//2791 2787//2787
f 2787//2787 2791//2791 2792//2792
f 2787//2787 2792//2792 2789//2789
f 2778//2778 2788//2788 2793//2793
f 2778//2778 2793//2793 2794//2794
f 2794//2794 2793//2793 2795//2795
f 2794//2794 2795//2795 2796//2796
f 2788//2788 2790//2790 2797//2797
f 2788//2788 2797//2797 2793//2793
f 2793//2793 2797//2797 2798//2798
f 2793//2793 2798//2798 2795//2795
f 2778//2778 2794//2794 2799//2799
f 2778//2778 2799//2799 2779//2779
f 2779//2779 2799//2799 2800//2800
f 2779//2779 2800//2800 2784//2784
f 2794//2794 2796//2796 2801//2801
f 2794//2794 2801//2801 2799//2799
f 2799//2799 2801//2801 2802//2802
f 2799//2799 2802//2802 2800//2800
f 2803//2803 2804//2804 2805//2805
f 2803//2803 2805//2805 2806//2806
f 2806//2806 2805//2805 2776//2776
f 2806//2806 2776//2776 2771//2771
f 2804//2804 2807//2807 2808//2808
f 2804//2804 2808//2808 2805//2805
f 2805//2805 2808//2808 2777//2777
f 2805//2805 2777//2777 2776//2776
f 2803//2803 2806//2806 2809//2809
f 2803//2803 2809//2809 2810//2810
f 2810//2810 2809//2809 2811//2811
f 2810//2810 2811//2811 2812//2812
f 2806//2806 2771//2771 2770//2770
f 2806//2806 2770//2770 2809//2809
f 2809//2809 2770//2770 2773//2773
f 2809//2809 2773//2773 2811//2811
f 2803//2803 2810//2810 2813//2813
f 2803//2803 2813//2813 2814//2814
f 2814//2814 2813//2813 2815//2815
f 2814//2814 2815//2815 2816//2816
f 2810//2810 2812//2812 2817//2817
f 2810//2810 2817//2817 2813//2813
f 2813//2813 2817//2817 2818//2818
f 2813//2813 2818//2818 2815//2815
f 2803//2803 2814//2814 2819//2819
f 2803//2803 2819//2819 2804//2804
f 2804//2804 2819//2819 2820//2820
f 2804//2804 2820//2820 2807//2807
f 2814//2814 2816//2816 2821//2821
f 2814//2814 2821//2821 2819//2819
f 2819//2819 2821//2821 2822//2822
f 2819//2819 2822//2822 2820//2820
f 2823//2823 2824//2824 2825//2825
f 2823//2823 2825//2825 2826//2826
f 2826//2826 2825//2825 2827//2827
f 2826//2826 2827//2827 2828//2828
f 2824//2824 2829//2829 2830//2830
f 2824//2824 2830//2830 2825//2825
f 2825//2825 2830//2830 2831//2831
f 2825//2825 2831//2831 2827//2827
f 2823//2823 2826//2826 2832//2832
f 2823//2823 2832//2832 2833//2833
f 2833//2833 2832//2832 2834//2834
f 2833//2833 2834//2834 2835//2835
f 2826//2826 2828//2828 2836//2836
f 2826//2826 2836//2836 2832//2832
f 2832//2832 2836//2836 2837//2837
f 2832//2832 2837//2837 2834//2834
f 2823//2823 2833//2833 2838//2838
f 2823//2823 2838//2838 2839//2839
f 2839//2839 2838//2838 2840//2840
f 2839//2839 2840//2840 2841//2841
f 2833//2833 2835//2835 2842//2842
f 2833//2833 2842//2842 2838//2838
f 2838//2838 2842//2842 2843//2843
f 2838//2838 2843//2843 2840//2840
f 2823//2823 2839//2839 2844//2844
f 2823//2823 2844//2844 2824//2824
f 2824//2824 2844//2844 2845//2845
f 2824//2824 2845//2845 2829//2829
f 2839//2839 2841//2841 2846//2846
f 2839//2839 2846//2846 2844//2844
f 2844//2844 2846//2846 2847//2847
f 2844//2844 2847//2847 2845//2845
f 2848//2848 2849//2849 2850//2850
f 2848//2848 2850//2850 2851//2851
f 2851//2851 2850//2850 2852//2852
f 2851//2851 2852//2852 2853//2853
f 2849//2849 2854//2854 2855//2855
f 2849//2849 2855//2855 2850//2850
f 2850//2850 2855//2855 2856//2856
f 2850//2850 2856//2856 2852//2852
f 2848//2848 2851//2851 2857//2857
f 2848//2848 2857//2857 2858//2858
f 2858//2858 2857//2857 2859//2859
f 2858//2858 2859//2859 2860//2860
f 2851//2851 2853//2853 2861//2861
f 2851//2851 2861//2861 2857//2857
f 2857//2857 2861//2861 2862//2862
f 2857//2857 2862//2862 2859//2859
f 2848//2848 2858//2858 2863//2863
f 2848//2848 2863//2863 2864//2864
f 2864//2864 2863//2863 2865//2865
f 2864//2864 2865//2865 2866//2866
f 2858//2858 2860//2860 2867//2867
f 2858//2858 2867//2867 2863//2863
f 2863//2863 2867//2867 2868//2868
f 2863//2863 2868//2868 2865//2865
f 2848//2848 2864//2864 2869//2869
f 2848//2848 2869//2869 2849//2849
f 2849//2849 2869//2869 2870//2870
f 2849//2849 2870//2870 2854//2854
f 2864//2864 2866//2866 2871//2871
f 2864//2864 2871//2871 2869//2869
f 2869//2869 2871//2871 2872//2872
f 2869//2869 2872//2872 2870//2870
f 2873//2873 2874//2874 2875//2875
f 2873//2873 2875//2875 2876//2876
f 2876//2876 2875//2875 2877//2877
f 2876//2876 2877//2877 2878//2878
f 2874//2874 2879//2879 2880//2880
f 2874//2874 2880//2880 2875//2875
f 2875//2875 2880//2880 2881//2881
f 2875//2875 2881//2881 2877//2877
f 2873//2873 2876//2876 2882//2882
f 2873//2873 2882//2882 2883//2883
f 2883//2883 2882//2882 2884//2884
f 2883//2883 2884//2884 2885//2885
f 2876//2876 2878//2878 2886//2886
f 2876//2876 2886//2886 2882//2882
f 2882//2882 2886//2886 2887//2887
f 2882//2882 2887//2887 2884//2884
f 2873//2873 2883//2883 2888//2888
f 2873//2873 2888//2888 2889//2889
f 2889//2889 2888//2888 2861//2861
f 2889//2889 2861//2861 2853//2853
f 2883//2883 2885//2885 2890//2890
f 2883//2883 2890//2890 2888//2888
f 2888//2888 2890//2890 2862//2862
f 2888//2888 2862//2862 2861//2861
f 2873//2873 2889//2889 2891//2891
f 2873//2873 2891//2891 2874//2874
f 2874//2874 2891//2891 2892//2892
f 2874//2874 2892//2892 2879//2879
f 2889//2889 2853//2853 2852//2852
f 2889//2889 2852//2852 2891//2891
f 2891//2891 2852//2852 2856//2856
f 2891//2891 2856//2856 2892//2892
f 2893//2893 2894//2894 2895//2895
f 2893//2893 2895//2895 2896//2896
f 2896//2896 2895//2895 2766//2766
f 2896//2896 2766//2766 2758//2758
f 2894//2894 2897//2897 2898//2898
f 2894//2894 2898//2898 2895//2895
f 2895//2895 2898//2898 2767//2767
f 2895//2895 2767//2767 2766//2766
f 2893//2893 2896//2896 2899//2899
f 2893//2893 2899//2899 2900//2900
f 2900//2900 2899//2899 2901//2901
f 2900//2900 2901//2901 2902//2902
f 2896//2896 2758//2758 2757//2757
f 2896//2896 2757//2757 2899//2899
f 2899//2899 2757//2757 2761//2761
f 2899//2899 2761//2761 2901//2901
f 2893//2893 2900//2900 2903//2903
f 2893//2893 2903//2903 2904//2904
f 2904//2904 2903//2903 2886//2886
f 2904//2904 2886//2886 2878//2878
f 2900//2900 2902//2902 2905//2905
f 2900//2900 2905//2905 2903//2903
f 2903//2903 2905//2905 2887//2887
f 2903//2903 2887//2887 2886//2886
f 2893//2893 2904//2904 2906//2906
f 2893//2893 2906//2906 2894//2894
f 2894//2894 2906//2906 2907//2907
f 2894//2894 2907//2907 2897//2897
f 2904//2904 2878//2878 2877//2877
f 2904//2904 2877//2877 2906//2906
f 2906//2906 2877//2877 2881//2881
f 2906//2906 2881//2881 2907//2907
f 2908//2908 2909//2909 2910//2910
f 2908//2908 2910//2910 2911//2911
f 2911//2911 2910//2910 2871//2871
f 2911//2911 2871//2871 2866//2866
f 2909//2909 2912//2912 2913//2913
f 2909//2909 2913//2913 2910//2910
f 2910//2910 2913//2913 2872//2872
f 2910//2910 2872//2872 2871//2871
f 2908//2908 2911//2911 2914//2914
f 2908//2908 2914//2914 2915//2915
f 2915//2915 2914//2914 2916//2916
f 2915//2915 2916//2916 2917//2917
f 2911//2911 2866//2866 2865//2865
f 2911//2911 2865//2865 2914//2914
f 2914//2914 2865//2865 2868//2868
f 2914//2914 2868//2868 2916//2916
f 2908//2908 2915//2915 2918//2918
f 2908//2908 2918//2918 2919//2919
f 2919//2919 2918//2918 2920//2920
f 2919//2919 2920//2920 2921//2921
f 2915//2915 2917//2917 2922//2922
f 2915//2915 2922//2922 2918//2918
f 2918//2918 2922//2922 2923//2923
f 2918//2918 2923//2923 2920//2920
f 2908//2908 2919//2919 2924//2924
f 2908//2908 2924//2924 2909//2909
f 2909//2909 2924//2924 2925//2925
f 2909//2909 2925//2925 2912//2912
f 2919//2919 2921//2921 2926//2926
f 2919//2919 2926//2926 2924//2924
f 2924//2924 2926//2926 2927//2927
f 2924//2924 2927//2927 2925//2925
f 2928//2928 2929//2929 2930//2930
f 2928//2928 2930//2930 2931//2931
f 2931//2931 2930//2930 2926//2926
f 2931//2931 2926//2926 2921//2921
f 2929//2929 2932//2932 2933//2933
f 2929//2929 2933//2933 2930//2930
f 2930//2930 2933//2933 2927//2927
f 2930//2930 2927//2927 2926//2926
f 2928//2928 2931//2931 2934//2934
f 2928//2928 2934//2934 2935//2935
f 2935//2935 2934//2934 2936//2936
f 2935//2935 2936//2936 2937//2937
f 2931//2931 2921//2921 2920//2920
f 2931//2931 2920//2920 2934//2934
f 2934//2934 2920//2920 2923//2923
f 2934//2934 2923//2923 2936//2936
f 2928//2928 2935//2935 2938//2938
f 2928//2928 2938//2938 2939//2939
f 2939//2939 2938//2938 2940//2940
f 2939//2939 2940//2940 2941//2941
f 2935//2935 2937//2937 2942//2942
f 2935//2935 2942//2942 2938//2938
f 2938//2938 2942//2942 2943//2943
f 2938//2938 2943//2943 2940//2940
f 2928//2928 2939//2939 2944//2944
f 2928//2928 2944//2944 2929//2929
f 2929//2929 2944//2944 2945//2945
f 2929//2929 2945//2945 2932//2932
f 2939//2939 2941//2941 2946//2946
f 2939//2939 2946//2946 2944//2944
f 2944//2944 2946//2946 2947//2947
f 2944//2944 2947//2947 2945//2945
f 2948//2948 2949//2949 2950//2950
f 2948//2948 2950//2950 2951//2951
f 2951//2951 2950//2950 2946//2946
f 2951//2951 2946//2946 2941//2941
f 2949//2949 2952//2952 2953//2953
f 2949//2949 2953//2953 2950//2950
f 2950//2950 2953//2953 2947//2947
f 2950//2950 2947//2947 2946//2946
f 2948//2948 2951//2951 2954//2954
f 2948//2948 2954//2954 2955//2955
f 2955//2955 2954//2954 2956//2956
f 2955//2955 2956//2956 2957//2957
f 2951//2951 2941//2941 2940//2940
f 2951//2951 2940//2940 2954//2954
f 2954//2954 2940//2940 2943//2943
f 2954//2954 2943//2943 2956//2956
f 2948//2948 2955//2955 2958//2958
f 2948//2948 2958//2958 2959//2959
f 2959//2959 2958//2958 2960//2960
f 2959//2959 2960//2960 2961//2961
f 2955//2955 2957//2957 2962//2962
f 2955//2955 2962//2962 2958//2958
f 2958//2958 2962//2962 2963//2963
f 2958//2958 2963//2963 2960//2960
f 2948//2948 2959//2959 2964//2964
f 2948//2948 2964//2964 2949//2949
f 2949//2949 2964//2964 2965//2965
f 2949//2949 2965//2965 2952//2952
f 2959//2959 2961//2961 2966//2966
f 2959//2959 2966//2966 2964//2964
f 2964//2964 2966//2966 2967//2967
f 2964//2964 2967//2967 2965//2965
f 2968//2968 2969//2969 2970//2970
f 2968//2968 2970//2970 2971//2971
f 2971//2971 2970//2970 2966//2966
f 2971//2971 2966//2966 2961//2961
f 2969//2969 2972//2972 2973//2973
f 2969//2969 2973//2973 2970//2970
f 2970//2970 2973//2973 2967//2967
f 2970//2970 2967//2967 2966//2966
f 2968//2968 2971//2971 2974//2974
f 2968//2968 2974//2974 2975//2975
f 2975//2975 2974//2974 2976//2976
f 2975//2975 2976//2976 2977//2977
f 2971//2971 2961//2961 2960//2960
f 2971//2971 2960//2960 2974//2974
f 2974//2974 2960//2960 2963//2963
f 2974//2974 2963//2963 2976//2976
f 2968//2968 2975//2975 2978//2978
f 2968//2968 2978//2978 2979//2979
f 2979//2979 2978//2978 2980//2980
f 2979//2979 2980//2980 2981//2981
f 2975//2975 2977//2977 2982//2982
f 2975//2975 2982//2982 2978//2978
f 2978//2978 2982//2982 2983//2983
f 2978//2978 2983//2983 2980//2980
f 2968//2968 2979//2979 2984//2984
f 2968//2968 2984//2984 2969//2969
f 2969//2969 2984//2984 2985//2985
f 2969//2969 2985//2985 2972//2972
f 2979//2979 2981//2981 2986//2986
f 2979//2979 2986//2986 2984//2984
f 2984//2984 2986//2986 2987//2987
f 2984//2984 2987//2987 2985//2985
f 2988//2988 2989//2989 2990//2990
f 2988//2988 2990//2990 2991//2991
f 2991//2991 2990//2990 2986//2986
f 2991//2991 2986//2986 2981//2981
f 2989//2989 2992//2992 2993//2993
f 2989//2989 2993//2993 2990//2990
f 2990//2990 2993//2993 2987//2987
f 2990//2990 2987//2987 2986//2986
f 2988//2988 2991//2991 2994//2994
f 2988//2988 2994//2994 2995//2995
f 2995//2995 2994//2994 2996//2996
f 2995//2995 2996//2996 2997//2997
f 2991//2991 2981//2981 2980//2980
f 2991//2991 2980//2980 2994//2994
f 2994//2994 2980//2980 2983//2983
f 2994//2994 2983//2983 2996//2996
f 2988//2988 2995//2995 2998//2998
f 2988//2988 2998//2998 2999//2999
f 2999//2999 2998//2998 2791//2791
f 2999//2999 2791//2791 2783//2783
f 2995//2995 2997//2997 3000//3000
f 2995//2995 3000//3000 2998//2998
f 2998//2998 3000//3000 2792//2792
f 2998//2998 2792//2792 2791//2791
f 2988//2988 2999//2999 3001//3001
f 2988//2988 3001//3001 2989//2989
f 2989//2989 3001//3001 3002//3002
f 2989//2989 3002//3002 2992//2992
f 2999//2999 2783//2783 2782//2782
f 2999//2999 2782//2782 3001//3001
f 3001//3001 2782//2782 2786//2786
f 3001//3001 2786//2786 3002//3002
f 3003//3003 3004//3004 3005//3005
f 3003//3003 3005//3005 3006//3006
f 3006//3006 3005//3005 2801//2801
f 3006//3006 2801//2801 2796//2796
f 3004//3004 3007//3007 3008//3008
f 3004//3004 3008//3008 3005//3005
f 3005//3005 3008//3008 2802//2802
f 3005//3005 2802//2802 2801//2801
f 3003//3003 3006//3006 3009//3009
f 3003//3003 3009//3009 3010//3010
f 3010//3010 3009//3009 3011//3011
f 3010//3010 3011//3011 3012//3012
f 3006//3006 2796//2796 2795//2795
f 3006//3006 2795//2795 3009//3009
f 3009//3009 2795//2795 2798//2798
f 3009//3009 2798//2798 3011//3011
f 3003//3003 3010//3010 3013//3013
f 3003//3003 3013//3013 3014//3014
f 3014//3014 3013//3013 3015//3015
f 3014//3014 3015//3015 3016//3016
f 3010//3010 3012//3012 3017//3017
f 3010//3010 3017//3017 3013//3013
f 3013//3013 3017//3017 3018//3018
f 3013//3013 3018//3018 3015//3015
f 3003//3003 3014//3014 3019//3019
f 3003//3003 3019//3019 3004//3004
f 3004//3004 3019//3019 3020//3020
f 3004//3004 3020//3020 3007//3007
f 3014//3014 3016//3016 3021//3021
f 3014//3014 3021//3021 3019//3019
f 3019//3019 3021//3021 3022//3022
f 3019//3019 3022//3022 3020//3020
f 3023//3023 3024//3024 3025//3025
f 3023//3023 3025//3025 3026//3026
f 3026//3026 3025//3025 3021//3021
f 3026//3026 3021//3021 3016//3016
f 3024//3024 3027//3027 3028//3028
f 3024//3024 3028//3028 3025//3025
f 3025//3025 3028//3028 3022//3022
f 3025//3025 3022//3022 3021//3021
f 3023//3023 3026//3026 3029//3029
f 3023//3023 3029//3029 3030//3030
f 3030//3030 3029//3029 3031//3031
f 3030//3030 3031//3031 3032//3032
f 3026//3026 3016//3016 3015//3015
f 3026//3026 3015//3015 3029//3029
f 3029//3029 3015//3015 3018//3018
f 3029//3029 3018//3018 3031//3031
f 3023//3023 3030//3030 3033//3033
f 3023//3023 3033//3033 3034//3034
f 3034//3034 3033//3033 3035//3035
f 3034//3034 3035//3035 3036//3036
f 3030//3030 3032//3032 3037//3037
f 3030//3030 3037//3037 3033//3033
f 3033//3033 3037//3037 3038//3038
f 3033//3033 3038//3038 3035//3035
f 3023//3023 3034//3034 3039//3039
f 3023//3023 3039//3039 3024//3024
f 3024//3024 3039//3039 3040//3040
f 3024//3024 3040//3040 3027//3027
f 3034//3034 3036//3036 3041//3041
f 3034//3034 3041//3041 3039//3039
f 3039//3039 3041//3041 3042//3042
f 3039//3039 3042//3042 3040//3040
f 3043//3043 3044//3044 3045//3045
f 3043//3043 3045//3045 3046//3046
f 3046//3046 3045//3045 3041//3041
f 3046//3046 3041//3041 3036//3036
f 3044//3044 3047//3047 3048//3048
f 3044//3044 3048//3048 3045//3045
f 3045//3045 3048//3048 3042//3042
f 3045//3045 3042//3042 3041//3041
f 3043//3043 3046//3046 3049//3049
f 3043//3043 3049//3049 3050//3050
f 3050//3050 3049//3049 3051//3051
f 3050//3050 3051//3051 3052//3052
f 3046//3046 3036//3036 3035//3035
f 3046//3046 3035//3035 3049//3049
f 3049//3049 3035//3035 3038//3038
f 3049//3049 3038//3038 3051//3051
f 3043//3043 3050//3050 3053//3053
f 3043//3043 3053//3053 3054//3054
f 3054//3054 3053//3053 2836//2836
f 3054//3054 2836//2836 2828//2828
f 3050//3050 3052//3052 3055//3055
f 3050//3050 3055//3055 3053//3053
f 3053//3053 3055//3055 2837//2837
f 3053//3053 2837//2837 2836//2836
f 3043//3043 3054//3054 3056//3056
f 3043//3043 3056//3056 3044//3044
f 3044//3044 3056//3056 3057//3057
f 3044//3044 3057//3057 3047//3047
f 3054//3054 2828//2828 2827//2827
f 3054//3054 2827//2827 3056//3056
f 3056//3056 2827//2827 2831//2831
f 3056//3056 2831//2831 3057//3057
f 3058//3058 3059//3059 3060//3060
f 3058//3058 3060//3060 3061//3061
f 3061//3061 3060//3060 2846//2846
f 3061//3061 2846//2846 2841//2841
f 3059//3059 3062//3062 3063//3063
f 3059//3059 3063//3063 3060//3060
f 3060//3060 3063//3063 2847//2847
f 3060//3060 2847//2847 2846//2846
f 3058//3058 3061//3061 3064//3064
f 3058//3058 3064//3064 3065//3065
f 3065//3065 3064//3064 3066//3066
f 3065//3065 3066//3066 3067//3067
f 3061//3061 2841//2841 2840//2840
f 3061//3061 2840//2840 3064//3064
f 3064//3064 2840//2840 2843//2843
f 3064//3064 2843//2843 3066//3066
f 3058//3058 3065//3065 3068//3068
f 3058//3058 3068//3068 3069//3069
f 3069//3069 3068//3068 2821//2821
f 3069//3069 2821//2821 2816//2816
f 3065//3065 3067//3067 3070//3070
f 3065//3065 3070//3070 3068//3068
f 3068//3068 3070//3070 2822//2822
f 3068//3068 2822//2822 2821//2821
f 3058//3058 3069//3069 3071//3071
f 3058//3058 3071//3071 3059//3059
f 3059//3059 3071//3071 3072//3072
f 3059//3059 3072//3072 3062//3062
f 3069//3069 2816//2816 2815//2815
f 3069//3069 2815//2815 3071//3071
f 3071//3071 2815//2815 2818//2818
f 3071//3071 2818//2818 3072//3072
f 3073//3073 3074//3074 3075//3075
f 3073//3073 3075//3075 3076//3076
f 3076//3076 3075//3075 3077//3077
f 3076//3076 3077//3077 3078//3078
f 3074//3074 3079//3079 3080//3080
f 3074//3074 3080//3080 3075//3075
f 3075//3075 3080//3080 3081//3081
f 3075//3075 3081//3081 3077//3077
f 3073//3073 3076//3076 3082//3082
f 3073//3073 3082//3082 3083//3083
f 3083//3083 3082//3082 3084//3084
f 3083//3083 3084//3084 3085//3085
f 3076//3076 3078//3078 3086//3086
f 3076//3076 3086//3086 3082//3082
f 3082//3082 3086//3086 3087//3087
f 3082//3082 3087//3087 3084//3084
f 3073//3073 3083//3083 3088//3088
f 3073//3073 3088//3088 3089//3089
f 3089//3089 3088//3088 3090//3090
f 3089//3089 3090//3090 3091//3091
f 3083//3083 3085//3085 3092//3092
f 3083//3083 3092//3092 3088//3088
f 3088//3088 3092//3092 3093//3093
f 3088//3088 3093//3093 3090//3090
f 3073//3073 3089//3089 3094//3094
f 3073//3073 3094//3094 3074//3074
f 3074//3074 3094//3094 3095//3095
f 3074//3074 3095//3095 3079//3079
f 3089//3089 3091//3091 3096//3096
f 3089//3089 3096//3096 3094//3094
f 3094//3094 3096//3096 3097//3097
f 3094//3094 3097//3097 3095//3095
f 3098//3098 3099//3099 3100//3100
f 3098//3098 3100//3100 3101//3101
f 3101//3101 3100//3100 3102//3102
f 3101//3101 3102//3102 3103//3103
f 3099//3099 3104//3104 3105//3105
f 3099//3099 3105//3105 3100//3100
f 3100//3100 3105//3105 3106//3106
f 3100//3100 3106//3106 3102//3102
f 3098//3098 3101//3101 3107//3107
f 3098//3098 3107//3107 3108//3108
f 3108//3108 3107//3107 3080//3080
f 3108//3108 3080//3080 3079//3079
f 3101//3101 3103//3103 3109//3109
f 3101//3101 3109//3109 3107//3107
f 3107//3107 3109//3109 3081//3081
f 3107//3107 3081//3081 3080//3080
f 3098//3098 3108//3108 3110//3110
f 3098//3098 3110//3110 3111//3111
f 3111//3111 3110//3110 3112//3112
f 3111//3111 3112//3112 3113//3113
f 3108//3108 3079//3079 3095//3095
f 3108//3108 3095//3095 3110//3110
f 3110//3110 3095//3095 3097//3097
f 3110//3110 3097//3097 3112//3112
f 3098//3098 3111//3111 3114//3114
f 3098//3098 3114//3114 3099//3099
f 3099//3099 3114//3114 3115//3115
f 3099//3099 3115//3115 3104//3104
f 3111//3111 3113//3113 3116//3116
f 3111//3111 3116//3116 3114//3114
f 3114//3114 3116//3116 3117//3117
f 3114//3114 3117//3117 3115//3115
f 3118//3118 3119//3119 3120//3120
f 3118//3118 3120//3120 3121//3121
f 3121//3121 3120//3120 3122//3122
f 3121//3121 3122//3122 3123//3123
f 3119//3119 3124//3124 3125//3125
f 3119//3119 3125//3125 3120//3120
f 3120//3120 3125//3125 3126//3126
f 3120//3120 3126//3126 3122//3122
f 3118//3118 3121//3121 3127//3127
f 3118//3118 3127//3127 3128//3128
f 3128//3128 3127//3127 3105//3105
f 3128//3128 3105//3105 3104//3104
f 3121//3121 3123//3123 3129//3129
f 3121//3121 3129//3129 3127//3127
f 3127//3127 3129//3129 3106//3106
f 3127//3127 3106//3106 3105//3105
f 3118//3118 3128//3128 3130//3130
f 3118//3118 3130//3130 3131//3131
f 3131//3131 3130//3130 3132//3132
f 3131//3131 3132//3132 3133//3133
f 3128//3128 3104//3104 3115//3115
f 3128//3128 3115//3115 3130//3130
f 3130//3130 3115//3115 3117//3117
f 3130//3130 3117//3117 3132//3132
f 3118//3118 3131//3131 3134//3134
f 3118//3118 3134//3134 3119//3119
f 3119//3119 3134//3134 3135//3135
f 3119//3119 3135//3135 3124//3124
f 3131//3131 3133//3133 3136//3136
f 3131//3131 3136//3136 3134//3134
f 3134//3134 3136//3136 3137//3137
f 3134//3134 3137//3137 3135//3135
f 3138//3138 3139//3139 3140//3140
f 3138//3138 3140//3140 3141//3141
f 3141//3141 3140//3140 3142//3142
f 3141//3141 3142//3142 3143//3143
f 3139//3139 3144//3144 3145//3145
f 3139//3139 3145//3145 3140//3140
f 3140//3140 3145//3145 3146//3146
f 3140//3140 3146//3146 3142//3142
f 3138//3138 3141//3141 3147//3147
f 3138//3138 3147//3147 3148//3148
f 3148//3148 3147//3147 3125//3125
f 3148//3148 3125//3125 3124//3124
f 3141//3141 3143//3143 3149//3149
f 3141//3141 3149//3149 3147//3147
f 3147//3147 3149//3149 3126//3126
f 3147//3147 3126//3126 3125//3125
f 3138//3138 3148//3148 3150//3150
f 3138//3138 3150//3150 3151//3151
f 3151//3151 3150//3150 3152//3152
f 3151//3151 3152//3152 3153//3153
f 3148//3148 3124//3124 3135//3135
f 3148//3148 3135//3135 3150//3150
f 3150//3150 3135//3135 3137//3137
f 3150//3150 3137//3137 3152//3152
f 3138//3138 3151//3151 3154//3154
f 3138//3138 3154//3154 3139//3139
f 3139//3139 3154//3154 3155//3155
f 3139//3139 3155//3155 3144//3144
f 3151//3151 3153//3153 3156//3156
f 3151//3151 3156//3156 3154//3154
f 3154//3154 3156//3156 3157//3157
f 3154//3154 3157//3157 3155//3155
f 3158//3158 3159//3159 3160//3160
f 3158//3158 3160//3160 3161//3161
f 3161//3161 3160//3160 3162//3162
f 3161//3161 3162//3162 3163//3163
f 3159//3159 3164//3164 3165//3165
f 3159//3159 3165//3165 3160//3160
f 3160//3160 3165//3165 3166//3166
f 3160//3160 3166//3166 3162//3162
f 3158//3158 3161//3161 3167//3167
f 3158//3158 3167//3167 3168//3168
f 3168//3168 3167//3167 3145//3145
f 3168//3168 3145//3145 3144//3144
f 3161//3161 3163//3163 3169//3169
f 3161//3161 3169//3169 3167//3167
f 3167//3167 3169//3169 3146//3146
f 3167//3167 3146//3146 3145//3145
f 3158//3158 3168//3168 3170//3170
f 3158//3158 3170//3170 3171//3171
f 3171//3171 3170//3170 3172//3172
f 3171//3171 3172//3172 3173//3173
f 3168//3168 3144//3144 3155//3155
f 3168//3168 3155//3155 3170//3170
f 3170//3170 3155//3155 3157//3157
f 3170//3170 3157//3157 3172//3172
f 3158//3158 3171//3171 3174//3174
f 3158//3158 3174//3174 3159//3159
f 3159//3159 3174//3174 3175//3175
f 3159//3159 3175//3175 3164//3164
f 3171//3171 3173//3173 3176//3176
f 3171//3171 3176//3176 3174//3174
f 3174//3174 3176//3176 3177//3177
f 3174//3174 3177//3177 3175//3175
f 3178//3178 3179//3179 3180//3180
f 3178//3178 3180//3180 3181//3181
f 3181//3181 3180//3180 3182//3182
f 3181//3181 3182//3182 3183//3183
f 3179//3179 3184//3184 3185//3185
f 3179//3179 3185//3185 3180//3180
f 3180//3180 3185//3185 3186//3186
f 3180//3180 3186//3186 3182//3182
f 3178//3178 3181//3181 3187//3187
f 3178//3178 3187//3187 3188//3188
f 3188//3188 3187//3187 3165//3165
f 3188//3188 3165//3165 3164//3164
f 3181//3181 3183//3183 3189//3189
f 3181//3181 3189//3189 3187//3187
f 3187//3187 3189//3189 3166//3166
f 3187//3187 3166//3166 3165//3165
f 3178//3178 3188//3188 3190//3190
f 3178//3178 3190//3190 3191//3191
f 3191//3191 3190//3190 3192//3192
f 3191//3191 3192//3192 3193//3193
f 3188//3188 3164//3164 3175//3175
f 3188//3188 3175//3175 3190//3190
f 3190//3190 3175//3175 3177//3177
f 3190//3190 3177//3177 3192//3192
f 3178//3178 3191//3191 3194//3194
f 3178//3178 3194//3194 3179//3179
f 3179//3179 3194//3194 3195//3195
f 3179//3179 3195//3195 3184//3184
f 3191//3191 3193//3193 3196//3196
f 3191//3191 3196//3196 3194//3194
f 3194//3194 3196//3196 3197//3197
f 3194//3194 3197//3197 3195//3195
f 3198//3198 3199//3199 3200//3200
f 3198//3198 3200//3200 3201//3201
f 3201//3201 3200//3200 3202//3202
f 3201//3201 3202//3202 3203//3203
f 3199//3199 3204//3204 3205//3205
f 3199//3199 3205//3205 3200//3200
f 3200//3200 3205//3205 3206//3206
f 3200//3200 3206//3206 3202//3202
f 3198//3198 3201//3201 3207//3207
f 3198//3198 3207//3207 3208//3208
f 3208//3208 3207//3207 3185//3185
f 3208//3208 3185//3185 3184//3184
f 3201//3201 3203//3203 3209//3209
f 3201//3201 3209//3209 3207//3207
f 3207//3207 3209//3209 3186//3186
f 3207//3207 3186//3186 3185//3185
f 3198//3198 3208//3208 3210//3210
f 3198//3198 3210//3210 3211//3211
f 3211//3211 3210//3210 3212//3212
f 3211//3211 3212//3212 3213//3213
f 3208//3208 3184//3184 3195//3195
f 3208//3208 3195//3195 3210//3210
f 3210//3210 3195//3195 3197//3197
f 3210//3210 3197//3197 3212//3212
f 3198//3198 3211//3211 3214//3214
f 3198//3198 3214//3214 3199//3199
f 3199//3199 3214//3214 3215//3215
f 3199//3199 3215//3215 3204//3204
f 3211//3211 3213//3213 3216//3216
f 3211//3211 3216//3216 3214//3214
f 3214//3214 3216//3216 3217//3217
f 3214//3214 3217//3217 3215//3215
f 3218//3218 3219//3219 3220//3220
f 3218//3218 3220//3220 3221//3221
f 3221//3221 3220//3220 3222//3222
f 3221//3221 3222//3222 3223//3223
f 3219//3219 3224//3224 3225//3225
f 3219//3219 3225//3225 3220//3220
f 3220//3220 3225//3225 3226//3226
f 3220//3220 3226//3226 3222//3222
f 3218//3218 3221//3221 3227//3227
f 3218//3218 3227//3227 3228//3228
f 3228//3228 3227//3227 3205//3205
f 3228//3228 3205//3205 3204//3204
f 3221//3221 3223//3223 3229//3229
f 3221//3221 3229//3229 3227//3227
f 3227//3227 3229//3229 3206//3206
f 3227//3227 3206//3206 3205//3205
f 3218//3218 3228//3228 3230//3230
f 3218//3218 3230//3230 3231//3231
f 3231//3231 3230//3230 3232//3232
f 3231//3231 3232//3232 3233//3233
f 3228//3228 3204//3204 3215//3215
f 3228//3228 3215//3215 3230//3230
f 3230//3230 3215//3215 3217//3217
f 3230//3230 3217//3217 3232//3232
f 3218//3218 3231//3231 3234//3234
f 3218//3218 3234//3234 3219//3219
f 3219//3219 3234//3234 3235//3235
f 3219//3219 3235//3235 3224//3224
f 3231//3231 3233//3233 3236//3236
f 3231//3231 3236//3236 3234//3234
f 3234//3234 3236//3236 3237//3237
f 3234//3234 3237//3237 3235//3235
f 3238//3238 3239//3239 3240//3240
f 3238//3238 3240//3240 3241//3241
f 3241//3241 3240//3240 3242//3242
f 3241//3241 3242//3242 3243//3243
f 3239//3239 3244//3244 3245//3245
f 3239//3239 3245//3245 3240//3240
f 3240//3240 3245//3245 3246//3246
f 3240//3240 3246//3246 3242//3242
f 3238//3238 3241//3241 3247//3247
f 3238//3238 3247//3247 3248//3248
f 3248//3248 3247//3247 3225//3225
f 3248//3248 3225//3225 3224//3224
f 3241//3241 3243//3243 3249//3249
f 3241//3241 3249//3249 3247//3247
f 3247//3247 3249//3249 3226//3226
f 3247//3247 3226//3226 3225//3225
f 3238//3238 3248//3248 3250//3250
f 3238//3238 3250//3250 3251//3251
f 3251//3251 3250//3250 3252//3252
f 3251//3251 3252//3252 3253//3253
f 3248//3248 3224//3224 3235//3235
f 3248//3248 3235//3235 3250//3250
f 3250//3250 3235//3235 3237//3237
f 3250//3250 3237//3237 3252//3252
f 3238//3238 3251//3251 3254//3254
f 3238//3238 3254//3254 3239//3239
f 3239//3239 3254//3254 3255//3255
f 3239//3239 3255//3255 3244//3244
f 3251//3251 3253//3253 3256//3256
f 3251//3251 3256//3256 3254//3254
f 3254//3254 3256//3256 3257//3257
f 3254//3254 3257//3257 3255//3255
f 3258//3258 3259//3259 3260//3260
f 3258//3258 3260//3260 3261//3261
f 3261//3261 3260//3260 3262//3262
f 3261//3261 3262//3262 3263//3263
f 3259//3259 3264//3264 3265//3265
f 3259//3259 3265//3265 3260//3260
f 3260//3260 3265//3265 3266//3266
f 3260//3260 3266//3266 3262//3262
f 3258//3258 3261//3261 3267//3267
f 3258//3258 3267//3267 3268//3268
f 3268//3268 3267//3267 3245//3245
f 3268//3268 3245//3245 3244//3244
f 3261//3261 3263//3263 3269//3269
f 3261//3261 3269//3269 3267//3267
f 3267//3267 3269//3269 3246//3246
f 3267//3267 3246//3246 3245//3245
f 3258//3258 3268//3268 3270//3270
f 3258//3258 3270//3270 3271//3271
f 3271//3271 3270//3270 3272//3272
f 3271//3271 3272//3272 3273//3273
f 3268//3268 3244//3244 3255//3255
f 3268//3268 3255//3255 3270//3270
f 3270//3270 3255//3255 3257//3257
f 3270//3270 3257//3257 3272//3272
f 3258//3258 3271//3271 3274//3274
f 3258//3258 3274//3274 3259//3259
f 3259//3259 3274//3274 3275//3275
f 3259//3259 3275//3275 3264//3264
f 3271//3271 3273//3273 3276//3276
f 3271//3271 3276//3276 3274//3274
f 3274//3274 3276//3276 3277//3277
f 3274//3274 3277//3277 3275//3275
f 3278//3278 3279//3279 3280//3280
f 3278//3278 3280//3280 3281//3281
f 3281//3281 3280//3280 3282//3282
f 3281//3281 3282//3282 3283//3283
f 3279//3279 3284//3284 3285//3285
f 3279//3279 3285//3285 3280//3280
f 3280//3280 3285//3285 3286//3286
f 3280//3280 3286//3286 3282//3282
f 3278//3278 3281//3281 3287//3287
f 3278//3278 3287//3287 3288//3288
f 3288//3288 3287//3287 3265//3265
f 3288//3288 3265//3265 3264//3264
f 3281//3281 3283//3283 3289//3289
f 3281//3281 3289//3289 3287//3287
f 3287//3287 3289//3289 3266//3266
f 3287//3287 3266//3266 3265//3265
f 3278//3278 3288//3288 3290//3290
f 3278//3278 3290//3290 3291//3291
f 3291//3291 3290//3290 3292//3292
f 3291//3291 3292//3292 3293//3293
f 3288//3288 3264//3264 3275//3275
f 3288//3288 3275//3275 3290//3290
f 3290//3290 3275//3275 3277//3277
f 3290//3290 3277//3277 3292//3292
f 3278//3278 3291//3291 3294//3294
f 3278//3278 3294//3294 3279//3279
f 3279//3279 3294//3294 3295//3295
f 3279//3279 3295//3295 3284//3284
f 3291//3291 3293//3293 3296//3296
f 3291//3291 3296//3296 3294//3294
f 3294//3294 3296//3296 3297//3297
f 3294//3294 3297//3297 3295//3295
f 3298//3298 3299//3299 3300//3300
f 3298//3298 3300//3300 3301//3301
f 3301//3301 3300//3300 3302//3302
f 3301//3301 3302//3302 3303//3303
f 3299//3299 3304//3304 3305//3305
f 3299//3299 3305//3305 3300//3300
f 3300//3300 3305//3305 3306//3306
f 3300//3300 3306//3306 3302//3302
f 3298//3298 3301//3301 3307//3307
f 3298//3298 3307//3307 3308//3308
f 3308//3308 3307//3307 3285//3285
f 3308//3308 3285//3285 3284//3284
f 3301//3301 3303//3303 3309//3309
f 3301//3301 3309//3309 3307//3307
f 3307//3307 3309//3309 3286//3286
f 3307//3307 3286//3286 3285//3285
f 3298//3298 3308//3308 3310//3310
f 3298//3298 3310//3310 3311//3311
f 3311//3311 3310//3310 3312//3312
f 3311//3311 3312//3312 3313//3313
f 3308//3308 3284//3284 3295//3295
f 3308//3308 3295//3295 3310//3310
f 3310//3310 3295//3295 3297//3297
f 3310//3310 3297//3297 3312//3312
f 3298//3298 3311//3311 3314//3314
f 3298//3298 3314//3314 3299//3299
f 3299//3299 3314//3314 3315//3315
f 3299//3299 3315//3315 3304//3304
f 3311//3311 3313//3313 3316//3316
f 3311//3311 3316//3316 3314//3314
f 3314//3314 3316//3316 3317//3317
f 3314//3314 3317//3317 3315//3315
f 3318//3318 3319//3319 3320//3320
f 3318//3318 3320//3320 3321//3321
f 3321//3321 3320//3320 3322//3322
f 3321//3321 3322//3322 3323//3323
f 3319//3319 3324//3324 3325//3325
f 3319//3319 3325//3325 3320//3320
f 3320//3320 3325//3325 3326//3326
f 3320//3320 3326//3326 3322//3322
f 3318//3318 3321//3321 3327//3327
f 3318//3318 3327//3327 3328//3328
f 3328//3328 3327//3327 3305//3305
f 3328//3328 3305//3305 3304//3304
f 3321//3321 3323//3323 3329//3329
f 3321//3321 3329//3329 3327//3327
f 3327//3327 3329//3329 3306//3306
f 3327//3327 3306//3306 3305//3305
f 3318//3318 3328//3328 3330//3330
f 3318//3318 3330//3330 3331//3331
f 3331//3331 3330//3330 3332//3332
f 3331//3331 3332//3332 3333//3333
f 3328//3328 3304//3304 3315//3315
f 3328//3328 3315//3315 3330//3330
f 3330//3330 3315//3315 3317//3317
f 3330//3330 3317//3317 3332//3332
f 3318//3318 3331//3331 3334//3334
f 3318//3318 3334//3334 3319//3319
f 3319//3319 3334//3334 3335//3335
f 3319//3319 3335//3335 3324//3324
f 3331//3331 3333//3333 3336//3336
f 3331//3331 3336//3336 3334//3334
f 3334//3334 3336//3336 3337//3337
f 3334//3334 3337//3337 3335//3335
f 3338//3338 3339//3339 3340//3340
f 3338//3338 3340//3340 3341//3341
f 3341//3341 3340//3340 3342//3342
f 3341//3341 3342//3342 3343//3343
f 3339//3339 3344//3344 3345//3345
f 3339//3339 3345//3345 3340//3340
f 3340//3340 3345//3345 3346//3346
f 3340//3340 3346//3346 3342//3342
f 3338//3338 3341//3341 3347//3347
f 3338//3338 3347//3347 3348//3348
f 3348//3348 3347//3347 3325//3325
f 3348//3348 3325//3325 3324//3324
f 3341//3341 3343//3343 3349//3349
f 3341//3341 3349//3349 3347//3347
f 3347//3347 3349//3349 3326//3326
f 3347//3347 3326//3326 3325//3325
f 3338//3338 3348//3348 3350//3350
f 3338//3338 3350//3350 3351//3351
f 3351//3351 3350//3350 3352//3352
f 3351//3351 3352//3352 3353//3353
f 3348//3348 3324//3324 3335//3335
f 3348//3348 3335//3335 3350//3350
f 3350//3350 3335//3335 3337//3337
f 3350//3350 3337//3337 3352//3352
f 3338//3338 3351//3351 3354//3354
f 3338//3338 3354//3354 3339//3339
f 3339//3339 3354//3354 3355//3355
f 3339//3339 3355//3355 3344//3344
f 3351//3351 3353//3353 3356//3356
f 3351//3351 3356//3356 3354//3354
f 3354//3354 3356//3356 3357//3357
f 3354//3354 3357//3357 3355//3355
f 3358//3358 3359//3359 3360//3360
f 3358//3358 3360//3360 3361//3361
f 3361//3361 3360//3360 3362//3362
f 3361//3361 3362//3362 3363//3363
f 3359//3359 3364//3364 3365//3365
f 3359//3359 3365//3365 3360//3360
f 3360//3360 3365//3365 3366//3366
f 3360//3360 3366//3366 3362//3362
f 3358//3358 3361//3361 3367//3367
f 3358//3358 3367//3367 3368//3368
f 3368//3368 3367//3367 3345//3345
f 3368//3368 3345//3345 3344//3344
f 3361//3361 3363//3363 3369//3369
f 3361//3361 3369//3369 3367//3367
f 3367//3367 3369//3369 3346//3346
f 3367//3367 3346//3346 3345//3345
f 3358//3358 3368//3368 3370//3370
f 3358//3358 3370//3370 3371//3371
f 3371//3371 3370//3370 3372//3372
f 3371//3371 3372//3372 3373//3373
f 3368//3368 3344//3344 3355//3355
f 3368//3368 3355//3355 3370//3370
f 3370//3370 3355//3355 3357//3357
f 3370//3370 3357//3357 3372//3372
f 3358//3358 3371//3371 3374//3374
f 3358//3358 3374//3374 3359//3359
f 3359//3359 3374//3374 3375//3375
f 3359//3359 3375//3375 3364//3364
f 3371//3371 3373//3373 3376//3376
f 3371//3371 3376//3376 3374//3374
f 3374//3374 3376//3376 3377//3377
f 3374//3374 3377//3377 3375//3375
f 3378//3378 3379//3379 3380//3380
f 3378//3378 3380//3380 3381//3381
f 3381//3381 3380//3380 3382//3382
f 3381//3381 3382//3382 3383//3383
f 3379//3379 3085//3085 3084//3084
f 3379//3379 3084//3084 3380//3380
f 3380//3380 3084//3084 3087//3087
f 3380//3380 3087//3087 3382//3382
f 3378//3378 3381//3381 3384//3384
f 3378//3378 3384//3384 3385//3385
f 3385//3385 3384//3384 3365//3365
f 3385//3385 3365//3365 3364//3364
f 3381//3381 3383//3383 3386//3386
f 3381//3381 3386//3386 3384//3384
f 3384//3384 3386//3386 3366//3366
f 3384//3384 3366//3366 3365//3365
f 3378//3378 3385//3385 3387//3387
f 3378//3378 3387//3387 3388//3388
f 3388//3388 3387//3387 3389//3389
f 3388//3388 3389//3389 3390//3390
f 3385//3385 3364//3364 3375//3375
f 3385//3385 3375//3375 3387//3387
f 3387//3387 3375//3375 3377//3377
f 3387//3387 3377//3377 3389//3389
f 3378//3378 3388//3388 3391//3391
f 3378//3378 3391//3391 3379//3379
f 3379//3379 3391//3391 3092//3092
f 3379//3379 3092//3092 3085//3085
f 3388//3388 3390//3390 3392//3392
f 3388//3388 3392//3392 3391//3391
f 3391//3391 3392//3392 3093//3093
f 3391//3391 3093//3093 3092//3092
f 3393//3393 3394//3394 3395//3395
f 3393//3393 3395//3395 3396//3396
f 3396//3396 3395//3395 2962//2962
f 3396//3396 2962//2962 2957//2957
f 3394//3394 3397//3397 3398//3398
f 3394//3394 3398//3398 3395//3395
f 3395//3395 3398//3398 2963//2963
f 3395//3395 2963//2963 2962//2962
f 3393//3393 3396//3396 3399//3399
f 3393//3393 3399//3399 3400//3400
f 3400//3400 3399//3399 3401//3401
f 3400//3400 3401//3401 3402//3402
f 3396//3396 2957//2957 2956//2956
f 3396//3396 2956//2956 3399//3399
f 3399//3399 2956//2956 2943//2943
f 3399//3399 2943//2943 3401//3401
f 3393//3393 3400//3400 3403//3403
f 3393//3393 3403//3403 3404//3404
f 3404//3404 3403//3403 3405//3405
f 3404//3404 3405//3405 3406//3406
f 3400//3400 3402//3402 3407//3407
f 3400//3400 3407//3407 3403//3403
f 3403//3403 3407//3407 3408//3408
f 3403//3403 3408//3408 3405//3405
f 3393//3393 3404//3404 3409//3409
f 3393//3393 3409//3409 3394//3394
f 3394//3394 3409//3409 3410//3410
f 3394//3394 3410//3410 3397//3397
f 3404//3404 3406//3406 3411//3411
f 3404//3404 3411//3411 3409//3409
f 3409//3409 3411//3411 3412//3412
f 3409//3409 3412//3412 3410//3410
f 3413//3413 3414//3414 3415//3415
f 3413//3413 3415//3415 3416//3416
f 3416//3416 3415//3415 3411//3411
f 3416//3416 3411//3411 3406//3406
f 3414//3414 3417//3417 3418//3418
f 3414//3414 3418//3418 3415//3415
f 3415//3415 3418//3418 3412//3412
f 3415//3415 3412//3412 3411//3411
f 3413//3413 3416//3416 3419//3419
f 3413//3413 3419//3419 3420//3420
f 3420//3420 3419//3419 3421//3421
f 3420//3420 3421//3421 3422//3422
f 3416//3416 3406//3406 3405//3405
f 3416//3416 3405//3405 3419//3419
f 3419//3419 3405//3405 3408//3408
f 3419//3419 3408//3408 3421//3421
f 3413//3413 3420//3420 3423//3423
f 3413//3413 3423//3423 3424//3424
f 3424//3424 3423//3423 3249//3249
f 3424//3424 3249//3249 3243//3243
f 3420//3420 3422//3422 3425//3425
f 3420//3420 3425//3425 3423//3423
f 3423//3423 3425//3425 3226//3226
f 3423//3423 3226//3226 3249//3249
f 3413//3413 3424//3424 3426//3426
f 3413//3413 3426//3426 3414//3414
f 3414//3414 3426//3426 3427//3427
f 3414//3414 3427//3427 3417//3417
f 3424//3424 3243//3243 3242//3242
f 3424//3424 3242//3242 3426//3426
f 3426//3426 3242//3242 3246//3246
f 3426//3426 3246//3246 3427//3427
f 3428//3428 3429//3429 3430//3430
f 3428//3428 3430//3430 3431//3431
f 3431//3431 3430//3430 2982//2982
f 3431//3431 2982//2982 2977//2977
f 3429//3429 3432//3432 3433//3433
f 3429//3429 3433//3433 3430//3430
f 3430//3430 3433//3433 2983//2983
f 3430//3430 2983//2983 2982//2982
f 3428//3428 3431//3431 3434//3434
f 3428//3428 3434//3434 3435//3435
f 3435//3435 3434//3434 3398//3398
f 3435//3435 3398//3398 3397//3397
f 3431//3431 2977//2977 2976//2976
f 3431//3431 2976//2976 3434//3434
f 3434//3434 2976//2976 2963//2963
f 3434//3434 2963//2963 3398//3398
f 3428//3428 3435//3435 3436//3436
f 3428//3428 3436//3436 3437//3437
f 3437//3437 3436//3436 3438//3438
f 3437//3437 3438//3438 3439//3439
f 3435//3435 3397//3397 3410//3410
f 3435//3435 3410//3410 3436//3436
f 3436//3436 3410//3410 3412//3412
f 3436//3436 3412//3412 3438//3438
f 3428//3428 3437//3437 3440//3440
f 3428//3428 3440//3440 3429//3429
f 3429//3429 3440//3440 3441//3441
f 3429//3429 3441//3441 3432//3432
f 3437//3437 3439//3439 3442//3442
f 3437//3437 3442//3442 3440//3440
f 3440//3440 3442//3442 3443//3443
f 3440//3440 3443//3443 3441//3441
f 3444//3444 3445//3445 3446//3446
f 3444//3444 3446//3446 3447//3447
f 3447//3447 3446//3446 3442//3442
f 3447//3447 3442//3442 3439//3439
f 3445//3445 3448//3448 3449//3449
f 3445//3445 3449//3449 3446//3446
f 3446//3446 3449//3449 3443//3443
f 3446//3446 3443//3443 3442//3442
f 3444//3444 3447//3447 3450//3450
f 3444//3444 3450//3450 3451//3451
f 3451//3451 3450//3450 3418//3418
f 3451//3451 3418//3418 3417//3417
f 3447//3447 3439//3439 3438//3438
f 3447//3447 3438//3438 3450//3450
f 3450//3450 3438//3438 3412//3412
f 3450//3450 3412//3412 3418//3418
f 3444//3444 3451//3451 3452//3452
f 3444//3444 3452//3452 3453//3453
f 3453//3453 3452//3452 3269//3269
f 3453//3453 3269//3269 3263//3263
f 3451//3451 3417//3417 3427//3427
f 3451//3451 3427//3427 3452//3452
f 3452//3452 3427//3427 3246//3246
f 3452//3452 3246//3246 3269//3269
f 3444//3444 3453//3453 3454//3454
f 3444//3444 3454//3454 3445//3445
f 3445//3445 3454//3454 3455//3455
f 3445//3445 3455//3455 3448//3448
f 3453//3453 3263//3263 3262//3262
f 3453//3453 3262//3262 3454//3454
f 3454//3454 3262//3262 3266//3266
f 3454//3454 3266//3266 3455//3455
f 3456//3456 3457//3457 3458//3458
f 3456//3456 3458//3458 3459//3459
f 3459//3459 3458//3458 3000//3000
f 3459//3459 3000//3000 2997//2997
f 3457//3457 3460//3460 3461//3461
f 3457//3457 3461//3461 3458//3458
f 3458//3458 3461//3461 2792//2792
f 3458//3458 2792//2792 3000//3000
f 3456//3456 3459//3459 3462//3462
f 3456//3456 3462//3462 3463//3463
f 3463//3463 3462//3462 3433//3433
f 3463//3463 3433//3433 3432//3432
f 3459//3459 2997//2997 2996//2996
f 3459//3459 2996//2996 3462//3462
f 3462//3462 2996//2996 2983//2983
f 3462//3462 2983//2983 3433//3433
f 3456//3456 3463//3463 3464//3464
f 3456//3456 3464//3464 3465//3465
f 3465//3465 3464//3464 3466//3466
f 3465//3465 3466//3466 3467//3467
f 3463//3463 3432//3432 3441//3441
f 3463//3463 3441//3441 3464//3464
f 3464//3464 3441//3441 3443//3443
f 3464//3464 3443//3443 3466//3466
f 3456//3456 3465//3465 3468//3468
f 3456//3456 3468//3468 3457//3457
f 3457//3457 3468//3468 3469//3469
f 3457//3457 3469//3469 3460//3460
f 3465//3465 3467//3467 3470//3470
f 3465//3465 3470//3470 3468//3468
f 3468//3468 3470//3470 3471//3471
f 3468//3468 3471//3471 3469//3469
f 3472//3472 3473//3473 3474//3474
f 3472//3472 3474//3474 3475//3475
f 3475//3475 3474//3474 3470//3470
f 3475//3475 3470//3470 3467//3467
f 3473//3473 3476//3476 3477//3477
f 3473//3473 3477//3477 3474//3474
f 3474//3474 3477//3477 3471//3471
f 3474//3474 3471//3471 3470//3470
f 3472//3472 3475//3475 3478//3478
f 3472//3472 3478//3478 3479//3479
f 3479//3479 3478//3478 3449//3449
f 3479//3479 3449//3449 3448//3448
f 3475//3475 3467//3467 3466//3466
f 3475//3475 3466//3466 3478//3478
f 3478//3478 3466//3466 3443//3443
f 3478//3478 3443//3443 3449//3449
f 3472//3472 3479//3479 3480//3480
f 3472//3472 3480//3480 3481//3481
f 3481//3481 3480//3480 3289//3289
f 3481//3481 3289//3289 3283//3283
f 3479//3479 3448//3448 3455//3455
f 3479//3479 3455//3455 3480//3480
f 3480//3480 3455//3455 3266//3266
f 3480//3480 3266//3266 3289//3289
f 3472//3472 3481//3481 3482//3482
f 3472//3472 3482//3482 3473//3473
f 3473//3473 3482//3482 3483//3483
f 3473//3473 3483//3483 3476//3476
f 3481//3481 3283//3283 3282//3282
f 3481//3481 3282//3282 3482//3482
f 3482//3482 3282//3282 3286//3286
f 3482//3482 3286//3286 3483//3483
f 3484//3484 3485//3485 3486//3486
f 3484//3484 3486//3486 3487//3487
f 3487//3487 3486//3486 2797//2797
f 3487//3487 2797//2797 2790//2790
f 3485//3485 3488//3488 3489//3489
f 3485//3485 3489//3489 3486//3486
f 3486//3486 3489//3489 2798//2798
f 3486//3486 2798//2798 2797//2797
f 3484//3484 3487//3487 3490//3490
f 3484//3484 3490//3490 3491//3491
f 3491//3491 3490//3490 3461//3461
f 3491//3491 3461//3461 3460//3460
f 3487//3487 2790//2790 2789//2789
f 3487//3487 2789//2789 3490//3490
f 3490//3490 2789//2789 2792//2792
f 3490//3490 2792//2792 3461//3461
f 3484//3484 3491//3491 3492//3492
f 3484//3484 3492//3492 3493//3493
f 3493//3493 3492//3492 3494//3494
f 3493//3493 3494//3494 3495//3495
f 3491//3491 3460//3460 3469//3469
f 3491//3491 3469//3469 3492//3492
f 3492//3492 3469//3469 3471//3471
f 3492//3492 3471//3471 3494//3494
f 3484//3484 3493//3493 3496//3496
f 3484//3484 3496//3496 3485//3485
f 3485//3485 3496//3496 3497//3497
f 3485//3485 3497//3497 3488//3488
f 3493//3493 3495//3495 3498//3498
f 3493//3493 3498//3498 3496//3496
f 3496//3496 3498//3498 3499//3499
f 3496//3496 3499//3499 3497//3497
f 3500//3500 3501//3501 3502//3502
f 3500//3500 3502//3502 3503//3503
f 3503//3503 3502//3502 3498//3498
f 3503//3503 3498//3498 3495//3495
f 3501//3501 3504//3504 3505//3505
f 3501//3501 3505//3505 3502//3502
f 3502//3502 3505//3505 3499//3499
f 3502//3502 3499//3499 3498//3498
f 3500//3500 3503//3503 3506//3506
f 3500//3500 3506//3506 3507//3507
f 3507//3507 3506//3506 3477//3477
f 3507//3507 3477//3477 3476//3476
f 3503//3503 3495//3495 3494//3494
f 3503//3503 3494//3494 3506//3506
f 3506//3506 3494//3494 3471//3471
f 3506//3506 3471//3471 3477//3477
f 3500//3500 3507//3507 3508//3508
f 3500//3500 3508//3508 3509//3509
f 3509//3509 3508//3508 3309//3309
f 3509//3509 3309//3309 3303//3303
f 3507//3507 3476//3476 3483//3483
f 3507//3507 3483//3483 3508//3508
f 3508//3508 3483//3483 3286//3286
f 3508//3508 3286//3286 3309//3309
f 3500//3500 3509//3509 3510//3510
f 3500//3500 3510//3510 3501//3501
f 3501//3501 3510//3510 3511//3511
f 3501//3501 3511//3511 3504//3504
f 3509//3509 3303//3303 3302//3302
f 3509//3509 3302//3302 3510//3510
f 3510//3510 3302//3302 3306//3306
f 3510//3510 3306//3306 3511//3511
f 3512//3512 3513//3513 3514//3514
f 3512//3512 3514//3514 3515//3515
f 3515//3515 3514//3514 3017//3017
f 3515//3515 3017//3017 3012//3012
f 3513//3513 3516//3516 3517//3517
f 3513//3513 3517//3517 3514//3514
f 3514//3514 3517//3517 3018//3018
f 3514//3514 3018//3018 3017//3017
f 3512//3512 3515//3515 3518//3518
f 3512//3512 3518//3518 3519//3519
f 3519//3519 3518//3518 3489//3489
f 3519//3519 3489//3489 3488//3488
f 3515//3515 3012//3012 3011//3011
f 3515//3515 3011//3011 3518//3518
f 3518//3518 3011//3011 2798//2798
f 3518//3518 2798//2798 3489//3489
f 3512//3512 3519//3519 3520//3520
f 3512//3512 3520//3520 3521//3521
f 3521//3521 3520//3520 3522//3522
f 3521//3521 3522//3522 3523//3523
f 3519//3519 3488//3488 3497//3497
f 3519//3519 3497//3497 3520//3520
f 3520//3520 3497//3497 3499//3499
f 3520//3520 3499//3499 3522//3522
f 3512//3512 3521//3521 3524//3524
f 3512//3512 3524//3524 3513//3513
f 3513//3513 3524//3524 3525//3525
f 3513//3513 3525//3525 3516//3516
f 3521//3521 3523//3523 3526//3526
f 3521//3521 3526//3526 3524//3524
f 3524//3524 3526//3526 3527//3527
f 3524//3524 3527//3527 3525//3525
f 3528//3528 3529//3529 3530//3530
f 3528//3528 3530//3530 3531//3531
f 3531//3531 3530//3530 3526//3526
f 3531//3531 3526//3526 3523//3523
f 3529//3529 3532//3532 3533//3533
f 3529//3529 3533//3533 3530//3530
f 3530//3530 3533//3533 3527//3527
f 3530//3530 3527//3527 3526//3526
f 3528//3528 3531//3531 3534//3534
f 3528//3528 3534//3534 3535//3535
f 3535//3535 3534//3534 3505//3505
f 3535//3535 3505//3505 3504//3504
f 3531//3531 3523//3523 3522//3522
f 3531//3531 3522//3522 3534//3534
f 3534//3534 3522//3522 3499//3499
f 3534//3534 3499//3499 3505//3505
f 3528//3528 3535//3535 3536//3536
f 3528//3528 3536//3536 3537//3537
f 3537//3537 3536//3536 3329//3329
f 3537//3537 3329//3329 3323//3323
f 3535//3535 3504//3504 3511//3511
f 3535//3535 3511//3511 3536//3536
f 3536//3536 3511//3511 3306//3306
f 3536//3536 3306//3306 3329//3329
f 3528//3528 3537//3537 3538//3538
f 3528//3528 3538//3538 3529//3529
f 3529//3529 3538//3538 3539//3539
f 3529//3529 3539//3539 3532//3532
f 3537//3537 3323//3323 3322//3322
f 3537//3537 3322//3322 3538//3538
f 3538//3538 3322//3322 3326//3326
f 3538//3538 3326//3326 3539//3539
f 3540//3540 3541//3541 3542//3542
f 3540//3540 3542//3542 3543//3543
f 3543//3543 3542//3542 3037//3037
f 3543//3543 3037//3037 3032//3032
f 3541//3541 3544//3544 3545//3545
f 3541//3541 3545//3545 3542//3542
f 3542//3542 3545//3545 3038//3038
f 3542//3542 3038//3038 3037//3037
f 3540//3540 3543//3543 3546//3546
f 3540//3540 3546//3546 3547//3547
f 3547//3547 3546//3546 3517//3517
f 3547//3547 3517//3517 3516//3516
f 3543//3543 3032//3032 3031//3031
f 3543//3543 3031//3031 3546//3546
f 3546//3546 3031//3031 3018//3018
f 3546//3546 3018//3018 3517//3517
f 3540//3540 3547//3547 3548//3548
f 3540//3540 3548//3548 3549//3549
f 3549//3549 3548//3548 3550//3550
f 3549//3549 3550//3550 3551//3551
f 3547//3547 3516//3516 3525//3525
f 3547//3547 3525//3525 3548//3548
f 3548//3548 3525//3525 3527//3527
f 3548//3548 3527//3527 3550//3550
f 3540//3540 3549//3549 3552//3552
f 3540//3540 3552//3552 3541//3541
f 3541//3541 3552//3552 3553//3553
f 3541//3541 3553//3553 3544//3544
f 3549//3549 3551//3551 3554//3554
f 3549//3549 3554//3554 3552//3552
f 3552//3552 3554//3554 3555//3555
f 3552//3552 3555//3555 3553//3553
f 3556//3556 3557//3557 3558//3558
f 3556//3556 3558//3558 3559//3559
f 3559//3559 3558//3558 3554//3554
f 3559//3559 3554//3554 3551//3551
f 3557//3557 3560//3560 3561//3561
f 3557//3557 3561//3561 3558//3558
f 3558//3558 3561//3561 3555//3555
f 3558//3558 3555//3555 3554//3554
f 3556//3556 3559//3559 3562//3562
f 3556//3556 3562//3562 3563//3563
f 3563//3563 3562//3562 3533//3533
f 3563//3563 3533//3533 3532//3532
f 3559//3559 3551//3551 3550//3550
f 3559//3559 3550//3550 3562//3562
f 3562//3562 3550//3550 3527//3527
f 3562//3562 3527//3527 3533//3533
f 3556//3556 3563//3563 3564//3564
f 3556//3556 3564//3564 3565//3565
f 3565//3565 3564//3564 3349//3349
f 3565//3565 3349//3349 3343//3343
f 3563//3563 3532//3532 3539//3539
f 3563//3563 3539//3539 3564//3564
f 3564//3564 3539//3539 3326//3326
f 3564//3564 3326//3326 3349//3349
f 3556//3556 3565//3565 3566//3566
f 3556//3556 3566//3566 3557//3557
f 3557//3557 3566//3566 3567//3567
f 3557//3557 3567//3567 3560//3560
f 3565//3565 3343//3343 3342//3342
f 3565//3565 3342//3342 3566//3566
f 3566//3566 3342//3342 3346//3346
f 3566//3566 3346//3346 3567//3567
f 3568//3568 3569//3569 3570//3570
f 3568//3568 3570//3570 3571//3571
f 3571//3571 3570//3570 3055//3055
f 3571//3571 3055//3055 3052//3052
f 3569//3569 3572//3572 3573//3573
f 3569//3569 3573//3573 3570//3570
f 3570//3570 3573//3573 2837//2837
f 3570//3570 2837//2837 3055//3055
f 3568//3568 3571//3571 3574//3574
f 3568//3568 3574//3574 3575//3575
f 3575//3575 3574//3574 3545//3545
f 3575//3575 3545//3545 3544//3544
f 3571//3571 3052//3052 3051//3051
f 3571//3571 3051//3051 3574//3574
f 3574//3574 3051//3051 3038//3038
f 3574//3574 3038//3038 3545//3545
f 3568//3568 3575//3575 3576//3576
f 3568//3568 3576//3576 3577//3577
f 3577//3577 3576//3576 3578//3578
f 3577//3577 3578//3578 3579//3579
f 3575//3575 3544//3544 3553//3553
f 3575//3575 3553//3553 3576//3576
f 3576//3576 3553//3553 3555//3555
f 3576//3576 3555//3555 3578//3578
f 3568//3568 3577//3577 3580//3580
f 3568//3568 3580//3580 3569//3569
f 3569//3569 3580//3580 3581//3581
f 3569//3569 3581//3581 3572//3572
f 3577//3577 3579//3579 3582//3582
f 3577//3577 3582//3582 3580//3580
f 3580//3580 3582//3582 3583//3583
f 3580//3580 3583//3583 3581//3581
f 3584//3584 3585//3585 3586//3586
f 3584//3584 3586//3586 3587//3587
f 3587//3587 3586//3586 3582//3582
f 3587//3587 3582//3582 3579//3579
f 3585//3585 3588//3588 3589//3589
f 3585//3585 3589//3589 3586//3586
f 3586//3586 3589//3589 3583//3583
f 3586//3586 3583//3583 3582//3582
f 3584//3584 3587//3587 3590//3590
f 3584//3584 3590//3590 3591//3591
f 3591//3591 3590//3590 3561//3561
f 3591//3591 3561//3561 3560//3560
f 3587//3587 3579//3579 3578//3578
f 3587//3587 3578//3578 3590//3590
f 3590//3590 3578//3578 3555//3555
f 3590//3590 3555//3555 3561//3561
f 3584//3584 3591//3591 3592//3592
f 3584//3584 3592//3592 3593//3593
f 3593//3593 3592//3592 3369//3369
f 3593//3593 3369//3369 3363//3363
f 3591//3591 3560//3560 3567//3567
f 3591//3591 3567//3567 3592//3592
f 3592//3592 3567//3567 3346//3346
f 3592//3592 3346//3346 3369//3369
f 3584//3584 3593//3593 3594//3594
f 3584//3584 3594//3594 3585//3585
f 3585//3585 3594//3594 3595//3595
f 3585//3585 3595//3595 3588//3588
f 3593//3593 3363//3363 3362//3362
f 3593//3593 3362//3362 3594//3594
f 3594//3594 3362//3362 3366//3366
f 3594//3594 3366//3366 3595//3595
f 3596//3596 3597//3597 3598//3598
f 3596//3596 3598//3598 3599//3599
f 3599//3599 3598//3598 2842//2842
f 3599//3599 2842//2842 2835//2835
f 3597//3597 3600//3600 3601//3601
f 3597//3597 3601//3601 3598//3598
f 3598//3598 3601//3601 2843//2843
f 3598//3598 2843//2843 2842//2842
f 3596//3596 3599//3599 3602//3602
f 3596//3596 3602//3602 3603//3603
f 3603//3603 3602//3602 3573//3573
f 3603//3603 3573//3573 3572//3572
f 3599//3599 2835//2835 2834//2834
f 3599//3599 2834//2834 3602//3602
f 3602//3602 2834//2834 2837//2837
f 3602//3602 2837//2837 3573//3573
f 3596//3596 3603//3603 3604//3604
f 3596//3596 3604//3604 3605//3605
f 3605//3605 3604//3604 3606//3606
f 3605//3605 3606//3606 3607//3607
f 3603//3603 3572//3572 3581//3581
f 3603//3603 3581//3581 3604//3604
f 3604//3604 3581//3581 3583//3583
f 3604//3604 3583//3583 3606//3606
f 3596//3596 3605//3605 3608//3608
f 3596//3596 3608//3608 3597//3597
f 3597//3597 3608//3608 3609//3609
f 3597//3597 3609//3609 3600//3600
f 3605//3605 3607//3607 3610//3610
f 3605//3605 3610//3610 3608//3608
f 3608//3608 3610//3610 3611//3611
f 3608//3608 3611//3611 3609//3609
f 3612//3612 3613//3613 3614//3614
f 3612//3612 3614//3614 3615//3615
f 3615//3615 3614//3614 3610//3610
f 3615//3615 3610//3610 3607//3607
f 3613//3613 3616//3616 3617//3617
f 3613//3613 3617//3617 3614//3614
f 3614//3614 3617//3617 3611//3611
f 3614//3614 3611//3611 3610//3610
f 3612//3612 3615//3615 3618//3618
f 3612//3612 3618//3618 3619//3619
f 3619//3619 3618//3618 3589//3589
f 3619//3619 3589//3589 3588//3588
f 3615//3615 3607//3607 3606//3606
f 3615//3615 3606//3606 3618//3618
f 3618//3618 3606//3606 3583//3583
f 3618//3618 3583//3583 3589//3589
f 3612//3612 3619//3619 3620//3620
f 3612//3612 3620//3620 3621//3621
f 3621//3621 3620//3620 3386//3386
f 3621//3621 3386//3386 3383//3383
f 3619//3619 3588//3588 3595//3595
f 3619//3619 3595//3595 3620//3620
f 3620//3620 3595//3595 3366//3366
f 3620//3620 3366//3366 3386//3386
f 3612//3612 3621//3621 3622//3622
f 3612//3612 3622//3622 3613//3613
f 3613//3613 3622//3622 3623//3623
f 3613//3613 3623//3623 3616//3616
f 3621//3621 3383//3383 3382//3382
f 3621//3621 3382//3382 3622//3622
f 3622//3622 3382//3382 3087//3087
f 3622//3622 3087//3087 3623//3623
f 3624//3624 3625//3625 3626//3626
f 3624//3624 3626//3626 3627//3627
f 3627//3627 3626//3626 3070//3070
f 3627//3627 3070//3070 3067//3067
f 3625//3625 3628//3628 3629//3629
f 3625//3625 3629//3629 3626//3626
f 3626//3626 3629//3629 2822//2822
f 3626//3626 2822//2822 3070//3070
f 3624//3624 3627//3627 3630//3630
f 3624//3624 3630//3630 3631//3631
f 3631//3631 3630//3630 3601//3601
f 3631//3631 3601//3601 3600//3600
f 3627//3627 3067//3067 3066//3066
f 3627//3627 3066//3066 3630//3630
f 3630//3630 3066//3066 2843//2843
f 3630//3630 2843//2843 3601//3601
f 3624//3624 3631//3631 3632//3632
f 3624//3624 3632//3632 3633//3633
f 3633//3633 3632//3632 3634//3634
f 3633//3633 3634//3634 3635//3635
f 3631//3631 3600//3600 3609//3609
f 3631//3631 3609//3609 3632//3632
f 3632//3632 3609//3609 3611//3611
f 3632//3632 3611//3611 3634//3634
f 3624//3624 3633//3633 3636//3636
f 3624//3624 3636//3636 3625//3625
f 3625//3625 3636//3636 3637//3637
f 3625//3625 3637//3637 3628//3628
f 3633//3633 3635//3635 3638//3638
f 3633//3633 3638//3638 3636//3636
f 3636//3636 3638//3638 3639//3639
f 3636//3636 3639//3639 3637//3637
f 3640//3640 3641//3641 3642//3642
f 3640//3640 3642//3642 3643//3643
f 3643//3643 3642//3642 3638//3638
f 3643//3643 3638//3638 3635//3635
f 3641//3641 3644//3644 3645//3645
f 3641//3641 3645//3645 3642//3642
f 3642//3642 3645//3645 3639//3639
f 3642//3642 3639//3639 3638//3638
f 3640//3640 3643//3643 3646//3646
f 3640//3640 3646//3646 3647//3647
f 3647//3647 3646//3646 3617//3617
f 3647//3647 3617//3617 3616//3616
f 3643//3643 3635//3635 3634//3634
f 3643//3643 3634//3634 3646//3646
f 3646//3646 3634//3634 3611//3611
f 3646//3646 3611//3611 3617//3617
f 3640//3640 3647//3647 3648//3648
f 3640//3640 3648//3648 3649//3649
f 3649//3649 3648//3648 3086//3086
f 3649//3649 3086//3086 3078//3078
f 3647//3647 3616//3616 3623//3623
f 3647//3647 3623//3623 3648//3648
f 3648//3648 3623//3623 3087//3087
f 3648//3648 3087//3087 3086//3086
f 3640//3640 3649//3649 3650//3650
f 3640//3640 3650//3650 3641//3641
f 3641//3641 3650//3650 3651//3651
f 3641//3641 3651//3651 3644//3644
f 3649//3649 3078//3078 3077//3077
f 3649//3649 3077//3077 3650//3650
f 3650//3650 3077//3077 3081//3081
f 3650//3650 3081//3081 3651//3651
f 3652//3652 3653//3653 3654//3654
f 3652//3652 3654//3654 3655//3655
f 3655//3655 3654//3654 2808//2808
f 3655//3655 2808//2808 2807//2807
f 3653//3653 3656//3656 3657//3657
f 3653//3653 3657//3657 3654//3654
f 3654//3654 3657//3657 2777//2777
f 3654//3654 2777//2777 2808//2808
f 3652//3652 3655//3655 3658//3658
f 3652//3652 3658//3658 3659//3659
f 3659//3659 3658//3658 3629//3629
f 3659//3659 3629//3629 3628//3628
f 3655//3655 2807//2807 2820//2820
f 3655//3655 2820//2820 3658//3658
f 3658//3658 2820//2820 2822//2822
f 3658//3658 2822//2822 3629//3629
f 3652//3652 3659//3659 3660//3660
f 3652//3652 3660//3660 3661//3661
f 3661//3661 3660//3660 3662//3662
f 3661//3661 3662//3662 3663//3663
f 3659//3659 3628//3628 3637//3637
f 3659//3659 3637//3637 3660//3660
f 3660//3660 3637//3637 3639//3639
f 3660//3660 3639//3639 3662//3662
f 3652//3652 3661//3661 3664//3664
f 3652//3652 3664//3664 3653//3653
f 3653//3653 3664//3664 3665//3665
f 3653//3653 3665//3665 3656//3656
f 3661//3661 3663//3663 3666//3666
f 3661//3661 3666//3666 3664//3664
f 3664//3664 3666//3666 3667//3667
f 3664//3664 3667//3667 3665//3665
f 3668//3668 3669//3669 3670//3670
f 3668//3668 3670//3670 3671//3671
f 3671//3671 3670//3670 3666//3666
f 3671//3671 3666//3666 3663//3663
f 3669//3669 3672//3672 3673//3673
f 3669//3669 3673//3673 3670//3670
f 3670//3670 3673//3673 3667//3667
f 3670//3670 3667//3667 3666//3666
f 3668//3668 3671//3671 3674//3674
f 3668//3668 3674//3674 3675//3675
f 3675//3675 3674//3674 3645//3645
f 3675//3675 3645//3645 3644//3644
f 3671//3671 3663//3663 3662//3662
f 3671//3671 3662//3662 3674//3674
f 3674//3674 3662//3662 3639//3639
f 3674//3674 3639//3639 3645//3645
f 3668//3668 3675//3675 3676//3676
f 3668//3668 3676//3676 3677//3677
f 3677//3677 3676//3676 3109//3109
f 3677//3677 3109//3109 3103//3103
f 3675//3675 3644//3644 3651//3651
f 3675//3675 3651//3651 3676//3676
f 3676//3676 3651//3651 3081//3081
f 3676//3676 3081//3081 3109//3109
f 3668//3668 3677//3677 3678//3678
f 3668//3668 3678//3678 3669//3669
f 3669//3669 3678//3678 3679//3679
f 3669//3669 3679//3679 3672//3672
f 3677//3677 3103//3103 3102//3102
f 3677//3677 3102//3102 3678//3678
f 3678//3678 3102//3102 3106//3106
f 3678//3678 3106//3106 3679//3679
f 3680//3680 3681//3681 3682//3682
f 3680//3680 3682//3682 3683//3683
f 3683//3683 3682//3682 3129//3129
f 3683//3683 3129//3129 3123//3123
f 3681//3681 3672//3672 3679//3679
f 3681//3681 3679//3679 3682//3682
f 3682//3682 3679//3679 3106//3106
f 3682//3682 3106//3106 3129//3129
f 3680//3680 3683//3683 3684//3684
f 3680//3680 3684//3684 3685//3685
f 3685//3685 3684//3684 3686//3686
f 3685//3685 3686//3686 3687//3687
f 3683//3683 3123//3123 3122//3122
f 3683//3683 3122//3122 3684//3684
f 3684//3684 3122//3122 3126//3126
f 3684//3684 3126//3126 3686//3686
f 3680//3680 3685//3685 3688//3688
f 3680//3680 3688//3688 3689//3689
f 3689//3689 3688//3688 3690//3690
f 3689//3689 3690//3690 3691//3691
f 3685//3685 3687//3687 3692//3692
f 3685//3685 3692//3692 3688//3688
f 3688//3688 3692//3692 3693//3693
f 3688//3688 3693//3693 3690//3690
f 3680//3680 3689//3689 3694//3694
f 3680//3680 3694//3694 3681//3681
f 3681//3681 3694//3694 3673//3673
f 3681//3681 3673//3673 3672//3672
f 3689//3689 3691//3691 3695//3695
f 3689//3689 3695//3695 3694//3694
f 3694//3694 3695//3695 3667//3667
f 3694//3694 3667//3667 3673//3673
f 3696//3696 3697//3697 3698//3698
f 3696//3696 3698//3698 3699//3699
f 3699//3699 3698//3698 3695//3695
f 3699//3699 3695//3695 3691//3691
f 3697//3697 3656//3656 3665//3665
f 3697//3697 3665//3665 3698//3698
f 3698//3698 3665//3665 3667//3667
f 3698//3698 3667//3667 3695//3695
f 3696//3696 3699//3699 3700//3700
f 3696//3696 3700//3700 3701//3701
f 3701//3701 3700//3700 3702//3702
f 3701//3701 3702//3702 3703//3703
f 3699//3699 3691//3691 3690//3690
f 3699//3699 3690//3690 3700//3700
f 3700//3700 3690//3690 3693//3693
f 3700//3700 3693//3693 3702//3702
f 3696//3696 3701//3701 3704//3704
f 3696//3696 3704//3704 3705//3705
f 3705//3705 3704//3704 2760//2760
f 3705//3705 2760//2760 2759//2759
f 3701//3701 3703//3703 3706//3706
f 3701//3701 3706//3706 3704//3704
f 3704//3704 3706//3706 2761//2761
f 3704//3704 2761//2761 2760//2760
f 3696//3696 3705//3705 3707//3707
f 3696//3696 3707//3707 3697//3697
f 3697//3697 3707//3707 3657//3657
f 3697//3697 3657//3657 3656//3656
f 3705//3705 2759//2759 2775//2775
f 3705//3705 2775//2775 3707//3707
f 3707//3707 2775//2775 2777//2777
f 3707//3707 2777//2777 3657//3657
f 3708//3708 3709//3709 3710//3710
f 3708//3708 3710//3710 3711//3711
f 3711//3711 3710//3710 2905//2905
f 3711//3711 2905//2905 2902//2902
f 3709//3709 3712//3712 3713//3713
f 3709//3709 3713//3713 3710//3710
f 3710//3710 3713//3713 2887//2887
f 3710//3710 2887//2887 2905//2905
f 3708//3708 3711//3711 3714//3714
f 3708//3708 3714//3714 3715//3715
f 3715//3715 3714//3714 3706//3706
f 3715//3715 3706//3706 3703//3703
f 3711//3711 2902//2902 2901//2901
f 3711//3711 2901//2901 3714//3714
f 3714//3714 2901//2901 2761//2761
f 3714//3714 2761//2761 3706//3706
f 3708//3708 3715//3715 3716//3716
f 3708//3708 3716//3716 3717//3717
f 3717//3717 3716//3716 3718//3718
f 3717//3717 3718//3718 3719//3719
f 3715//3715 3703//3703 3702//3702
f 3715//3715 3702//3702 3716//3716
f 3716//3716 3702//3702 3693//3693
f 3716//3716 3693//3693 3718//3718
f 3708//3708 3717//3717 3720//3720
f 3708//3708 3720//3720 3709//3709
f 3709//3709 3720//3720 3721//3721
f 3709//3709 3721//3721 3712//3712
f 3717//3717 3719//3719 3722//3722
f 3717//3717 3722//3722 3720//3720
f 3720//3720 3722//3722 3723//3723
f 3720//3720 3723//3723 3721//3721
f 3724//3724 3725//3725 3726//3726
f 3724//3724 3726//3726 3727//3727
f 3727//3727 3726//3726 3722//3722
f 3727//3727 3722//3722 3719//3719
f 3725//3725 3728//3728 3729//3729
f 3725//3725 3729//3729 3726//3726
f 3726//3726 3729//3729 3723//3723
f 3726//3726 3723//3723 3722//3722
f 3724//3724 3727//3727 3730//3730
f 3724//3724 3730//3730 3731//3731
f 3731//3731 3730//3730 3692//3692
f 3731//3731 3692//3692 3687//3687
f 3727//3727 3719//3719 3718//3718
f 3727//3727 3718//3718 3730//3730
f 3730//3730 3718//3718 3693//3693
f 3730//3730 3693//3693 3692//3692
f 3724//3724 3731//3731 3732//3732
f 3724//3724 3732//3732 3733//3733
f 3733//3733 3732//3732 3149//3149
f 3733//3733 3149//3149 3143//3143
f 3731//3731 3687//3687 3686//3686
f 3731//3731 3686//3686 3732//3732
f 3732//3732 3686//3686 3126//3126
f 3732//3732 3126//3126 3149//3149
f 3724//3724 3733//3733 3734//3734
f 3724//3724 3734//3734 3725//3725
f 3725//3725 3734//3734 3735//3735
f 3725//3725 3735//3735 3728//3728
f 3733//3733 3143//3143 3142//3142
f 3733//3733 3142//3142 3734//3734
f 3734//3734 3142//3142 3146//3146
f 3734//3734 3146//3146 3735//3735
f 3736//3736 3737//3737 3738//3738
f 3736//3736 3738//3738 3739//3739
f 3739//3739 3738//3738 2890//2890
f 3739//3739 2890//2890 2885//2885
f 3737//3737 3740//3740 3741//3741
f 3737//3737 3741//3741 3738//3738
f 3738//3738 3741//3741 2862//2862
f 3738//3738 2862//2862 2890//2890
f 3736//3736 3739//3739 3742//3742
f 3736//3736 3742//3742 3743//3743
f 3743//3743 3742//3742 3713//3713
f 3743//3743 3713//3713 3712//3712
f 3739//3739 2885//2885 2884//2884
f 3739//3739 2884//2884 3742//3742
f 3742//3742 2884//2884 2887//2887
f 3742//3742 2887//2887 3713//3713
f 3736//3736 3743//3743 3744//3744
f 3736//3736 3744//3744 3745//3745
f 3745//3745 3744//3744 3746//3746
f 3745//3745 3746//3746 3747//3747
f 3743//3743 3712//3712 3721//3721
f 3743//3743 3721//3721 3744//3744
f 3744//3744 3721//3721 3723//3723
f 3744//3744 3723//3723 3746//3746
f 3736//3736 3745//3745 3748//3748
f 3736//3736 3748//3748 3737//3737
f 3737//3737 3748//3748 3749//3749
f 3737//3737 3749//3749 3740//3740
f 3745//3745 3747//3747 3750//3750
f 3745//3745 3750//3750 3748//3748
f 3748//3748 3750//3750 3751//3751
f 3748//3748 3751//3751 3749//3749
f 3752//3752 3753//3753 3754//3754
f 3752//3752 3754//3754 3755//3755
f 3755//3755 3754//3754 3750//3750
f 3755//3755 3750//3750 3747//3747
f 3753//3753 3756//3756 3757//3757
f 3753//3753 3757//3757 3754//3754
f 3754//3754 3757//3757 3751//3751
f 3754//3754 3751//3751 3750//3750
f 3752//3752 3755//3755 3758//3758
f 3752//3752 3758//3758 3759//3759
f 3759//3759 3758//3758 3729//3729
f 3759//3759 3729//3729 3728//3728
f 3755//3755 3747//3747 3746//3746
f 3755//3755 3746//3746 3758//3758
f 3758//3758 3746//3746 3723//3723
f 3758//3758 3723//3723 3729//3729
f 3752//3752 3759//3759 3760//3760
f 3752//3752 3760//3760 3761//3761
f 3761//3761 3760//3760 3169//3169
f 3761//3761 3169//3169 3163//3163
f 3759//3759 3728//3728 3735//3735
f 3759//3759 3735//3735 3760//3760
f 3760//3760 3735//3735 3146//3146
f 3760//3760 3146//3146 3169//3169
f 3752//3752 3761//3761 3762//3762
f 3752//3752 3762//3762 3753//3753
f 3753//3753 3762//3762 3763//3763
f 3753//3753 3763//3763 3756//3756
f 3761//3761 3163//3163 3162//3162
f 3761//3761 3162//3162 3762//3762
f 3762//3762 3162//3162 3166//3166
f 3762//3762 3166//3166 3763//3763
f 3764//3764 3765//3765 3766//3766
f 3764//3764 3766//3766 3767//3767
f 3767//3767 3766//3766 2867//2867
f 3767//3767 2867//2867 2860//2860
f 3765//3765 3768//3768 3769//3769
f 3765//3765 3769//3769 3766//3766
f 3766//3766 3769//3769 2868//2868
f 3766//3766 2868//2868 2867//2867
f 3764//3764 3767//3767 3770//3770
f 3764//3764 3770//3770 3771//3771
f 3771//3771 3770//3770 3741//3741
f 3771//3771 3741//3741 3740//3740
f 3767//3767 2860//2860 2859//2859
f 3767//3767 2859//2859 3770//3770
f 3770//3770 2859//2859 2862//2862
f 3770//3770 2862//2862 3741//3741
f 3764//3764 3771//3771 3772//3772
f 3764//3764 3772//3772 3773//3773
f 3773//3773 3772//3772 3774//3774
f 3773//3773 3774//3774 3775//3775
f 3771//3771 3740//3740 3749//3749
f 3771//3771 3749//3749 3772//3772
f 3772//3772 3749//3749 3751//3751
f 3772//3772 3751//3751 3774//3774
f 3764//3764 3773//3773 3776//3776
f 3764//3764 3776//3776 3765//3765
f 3765//3765 3776//3776 3777//3777
f 3765//3765 3777//3777 3768//3768
f 3773//3773 3775//3775 3778//3778
f 3773//3773 3778//3778 3776//3776
f 3776//3776 3778//3778 3779//3779
f 3776//3776 3779//3779 3777//3777
f 3780//3780 3781//3781 3782//3782
f 3780//3780 3782//3782 3783//3783
f 3783//3783 3782//3782 3778//3778
f 3783//3783 3778//3778 3775//3775
f 3781//3781 3784//3784 3785//3785
f 3781//3781 3785//3785 3782//3782
f 3782//3782 3785//3785 3779//3779
f 3782//3782 3779//3779 3778//3778
f 3780//3780 3783//3783 3786//3786
f 3780//3780 3786//3786 3787//3787
f 3787//3787 3786//3786 3757//3757
f 3787//3787 3757//3757 3756//3756
f 3783//3783 3775//3775 3774//3774
f 3783//3783 3774//3774 3786//3786
f 3786//3786 3774//3774 3751//3751
f 3786//3786 3751//3751 3757//3757
f 3780//3780 3787//3787 3788//3788
f 3780//3780 3788//3788 3789//3789
f 3789//3789 3788//3788 3189//3189
f 3789//3789 3189//3189 3183//3183
f 3787//3787 3756//3756 3763//3763
f 3787//3787 3763//3763 3788//3788
f 3788//3788 3763//3763 3166//3166
f 3788//3788 3166//3166 3189//3189
f 3780//3780 3789//3789 3790//3790
f 3780//3780 3790//3790 3781//3781
f 3781//3781 3790//3790 3791//3791
f 3781//3781 3791//3791 3784//3784
f 3789//3789 3183//3183 3182//3182
f 3789//3789 3182//3182 3790//3790
f 3790//3790 3182//3182 3186//3186
f 3790//3790 3186//3186 3791//3791
f 3792//3792 3793//3793 3794//3794
f 3792//3792 3794//3794 3795//3795
f 3795//3795 3794//3794 2922//2922
f 3795//3795 2922//2922 2917//2917
f 3793//3793 3796//3796 3797//3797
f 3793//3793 3797//3797 3794//3794
f 3794//3794 3797//3797 2923//2923
f 3794//3794 2923//2923 2922//2922
f 3792//3792 3795//3795 3798//3798
f 3792//3792 3798//3798 3799//3799
f 3799//3799 3798//3798 3769//3769
f 3799//3799 3769//3769 3768//3768
f 3795//3795 2917//2917 2916//2916
f 3795//3795 2916//2916 3798//3798
f 3798//3798 2916//2916 2868//2868
f 3798//3798 2868//2868 3769//3769
f 3792//3792 3799//3799 3800//3800
f 3792//3792 3800//3800 3801//3801
f 3801//3801 3800//3800 3802//3802
f 3801//3801 3802//3802 3803//3803
f 3799//3799 3768//3768 3777//3777
f 3799//3799 3777//3777 3800//3800
f 3800//3800 3777//3777 3779//3779
f 3800//3800 3779//3779 3802//3802
f 3792//3792 3801//3801 3804//3804
f 3792//3792 3804//3804 3793//3793
f 3793//3793 3804//3804 3805//3805
f 3793//3793 3805//3805 3796//3796
f 3801//3801 3803//3803 3806//3806
f 3801//3801 3806//3806 3804//3804
f 3804//3804 3806//3806 3807//3807
f 3804//3804 3807//3807 3805//3805
f 3808//3808 3809//3809 3810//3810
f 3808//3808 3810//3810 3811//3811
f 3811//3811 3810//3810 3806//3806
f 3811//3811 3806//3806 3803//3803
f 3809//3809 3812//3812 3813//3813
f 3809//3809 3813//3813 3810//3810
f 3810//3810 3813//3813 3807//3807
f 3810//3810 3807//3807 3806//3806
f 3808//3808 3811//3811 3814//3814
f 3808//3808 3814//3814 3815//3815
f 3815//3815 3814//3814 3785//3785
f 3815//3815 3785//3785 3784//3784
f 3811//3811 3803//3803 3802//3802
f 3811//3811 3802//3802 3814//3814
f 3814//3814 3802//3802 3779//3779
f 3814//3814 3779//3779 3785//3785
f 3808//3808 3815//3815 3816//3816
f 3808//3808 3816//3816 3817//3817
f 3817//3817 3816//3816 3209//3209
f 3817//3817 3209//3209 3203//3203
f 3815//3815 3784//3784 3791//3791
f 3815//3815 3791//3791 3816//3816
f 3816//3816 3791//3791 3186//3186
f 3816//3816 3186//3186 3209//3209
f 3808//3808 3817//3817 3818//3818
f 3808//3808 3818//3818 3809//3809
f 3809//3809 3818//3818 3819//3819
f 3809//3809 3819//3819 3812//3812
f 3817//3817 3203//3203 3202//3202
f 3817//3817 3202//3202 3818//3818
f 3818//3818 3202//3202 3206//3206
f 3818//3818 3206//3206 3819//3819
f 3820//3820 3821//3821 3822//3822
f 3820//3820 3822//3822 3823//3823
f 3823//3823 3822//3822 2942//2942
f 3823//3823 2942//2942 2937//2937
f 3821//3821 3402//3402 3401//3401
f 3821//3821 3401//3401 3822//3822
f 3822//3822 3401//3401 2943//2943
f 3822//3822 2943//2943 2942//2942
f 3820//3820 3823//3823 3824//3824
f 3820//3820 3824//3824 3825//3825
f 3825//3825 3824//3824 3797//3797
f 3825//3825 3797//3797 3796//3796
f 3823//3823 2937//2937 2936//2936
f 3823//3823 2936//2936 3824//3824
f 3824//3824 2936//2936 2923//2923
f 3824//3824 2923//2923 3797//3797
f 3820//3820 3825//3825 3826//3826
f 3820//3820 3826//3826 3827//3827
f 3827//3827 3826//3826 3828//3828
f 3827//3827 3828//3828 3829//3829
f 3825//3825 3796//3796 3805//3805
f 3825//3825 3805//3805 3826//3826
f 3826//3826 3805//3805 3807//3807
f 3826//3826 3807//3807 3828//3828
f 3820//3820 3827//3827 3830//3830
f 3820//3820 3830//3830 3821//3821
f 3821//3821 3830//3830 3407//3407
f 3821//3821 3407//3407 3402//3402
f 3827//3827 3829//3829 3831//3831
f 3827//3827 3831//3831 3830//3830
f 3830//3830 3831//3831 3408//3408
f 3830//3830 3408//3408 3407//3407
f 3832//3832 3833//3833 3834//3834
f 3832//3832 3834//3834 3835//3835
f 3835//3835 3834//3834 3831//3831
f 3835//3835 3831//3831 3829//3829
f 3833//3833 3422//3422 3421//3421
f 3833//3833 3421//3421 3834//3834
f 3834//3834 3421//3421 3408//3408
f 3834//3834 3408//3408 3831//3831
f 3832//3832 3835//3835 3836//3836
f 3832//3832 3836//3836 3837//3837
f 3837//3837 3836//3836 3813//3813
f 3837//3837 3813//3813 3812//3812
f 3835//3835 3829//3829 3828//3828
f 3835//3835 3828//3828 3836//3836
f 3836//3836 3828//3828 3807//3807
f 3836//3836 3807//3807 3813//3813
f 3832//3832 3837//3837 3838//3838
f 3832//3832 3838//3838 3839//3839
f 3839//3839 3838//3838 3229//3229
f 3839//3839 3229//3229 3223//3223
f 3837//3837 3812//3812 3819//3819
f 3837//3837 3819//3819 3838//3838
f 3838//3838 3819//3819 3206//3206
f 3838//3838 3206//3206 3229//3229
f 3832//3832 3839//3839 3840//3840
f 3832//3832 3840//3840 3833//3833
f 3833//3833 3840//3840 3425//3425
f 3833//3833 3425//3425 3422//3422
f 3839//3839 3223//3223 3222//3222
f 3839//3839 3222//3222 3840//3840
f 3840//3840 3222//3222 3226//3226
f 3840//3840 3226//3226 3425//3425
f 3841//3841 3842//3842 3843//3843
f 3841//3841 3843//3843 3844//3844
f 3844//3844 3843//3843 3845//3845
f 3844//3844 3845//3845 3846//3846
f 3842//3842 3847//3847 3848//3848
f 3842//3842 3848//3848 3843//3843
f 3843//3843 3848//3848 3849//3849
f 3843//3843 3849//3849 3845//3845
f 3841//3841 3844//3844 3850//3850
f 3841//3841 3850//3850 3851//3851
f 3851//3851 3850//3850 3852//3852
f 3851//3851 3852//3852 3853//3853
f 3844//3844 3846//3846 3854//3854
f 3844//3844 3854//3854 3850//3850
f 3850//3850 3854//3854 3855//3855
f 3850//3850 3855//3855 3852//3852
f 3841//3841 3851//3851 3856//3856
f 3841//3841 3856//3856 3857//3857
f 3857//3857 3856//3856 3858//3858
f 3857//3857 3858//3858 3859//3859
f 3851//3851 3853//3853 3860//3860
f 3851//3851 3860//3860 3856//3856
f 3856//3856 3860//3860 3861//3861
f 3856//3856 3861//3861 3858//3858
f 3841//3841 3857//3857 3862//3862
f 3841//3841 3862//3862 3842//3842
f 3842//3842 3862//3862 3863//3863
f 3842//3842 3863//3863 3847//3847
f 3857//3857 3859//3859 3864//3864
f 3857//3857 3864//3864 3862//3862
f 3862//3862 3864//3864 3865//3865
f 3862//3862 3865//3865 3863//3863
f 3866//3866 3867//3867 3868//3868
f 3866//3866 3868//3868 3869//3869
f 3869//3869 3868//3868 3864//3864
f 3869//3869 3864//3864 3859//3859
f 3867//3867 3870//3870 3871//3871
f 3867//3867 3871//3871 3868//3868
f 3868//3868 3871//3871 3865//3865
f 3868//3868 3865//3865 3864//3864
f 3866//3866 3869//3869 3872//3872
f 3866//3866 3872//3872 3873//3873
f 3873//3873 3872//3872 3874//3874
f 3873//3873 3874//3874 3875//3875
f 3869//3869 3859//3859 3858//3858
f 3869//3869 3858//3858 3872//3872
f 3872//3872 3858//3858 3861//3861
f 3872//3872 3861//3861 3874//3874
f 3866//3866 3873//3873 3876//3876
f 3866//3866 3876//3876 3877//3877
f 3877//3877 3876//3876 3116//3116
f 3877//3877 3116//3116 3113//3113
f 3873//3873 3875//3875 3878//3878
f 3873//3873 3878//3878 3876//3876
f 3876//3876 3878//3878 3117//3117
f 3876//3876 3117//3117 3116//3116
f 3866//3866 3877//3877 3879//3879
f 3866//3866 3879//3879 3867//3867
f 3867//3867 3879//3879 3880//3880
f 3867//3867 3880//3880 3870//3870
f 3877//3877 3113//3113 3112//3112
f 3877//3877 3112//3112 3879//3879
f 3879//3879 3112//3112 3097//3097
f 3879//3879 3097//3097 3880//3880
f 3881//3881 3882//3882 3883//3883
f 3881//3881 3883//3883 3884//3884
f 3884//3884 3883//3883 3885//3885
f 3884//3884 3885//3885 3886//3886
f 3882//3882 3853//3853 3852//3852
f 3882//3882 3852//3852 3883//3883
f 3883//3883 3852//3852 3855//3855
f 3883//3883 3855//3855 3885//3885
f 3881//3881 3884//3884 3887//3887
f 3881//3881 3887//3887 3888//3888
f 3888//3888 3887//3887 3889//3889
f 3888//3888 3889//3889 3890//3890
f 3884//3884 3886//3886 3891//3891
f 3884//3884 3891//3891 3887//3887
f 3887//3887 3891//3891 3892//3892
f 3887//3887 3892//3892 3889//3889
f 3881//3881 3888//3888 3893//3893
f 3881//3881 3893//3893 3894//3894
f 3894//3894 3893//3893 3895//3895
f 3894//3894 3895//3895 3896//3896
f 3888//3888 3890//3890 3897//3897
f 3888//3888 3897//3897 3893//3893
f 3893//3893 3897//3897 3898//3898
f 3893//3893 3898//3898 3895//3895
f 3881//3881 3894//3894 3899//3899
f 3881//3881 3899//3899 3882//3882
f 3882//3882 3899//3899 3860//3860
f 3882//3882 3860//3860 3853//3853
f 3894//3894 3896//3896 3900//3900
f 3894//3894 3900//3900 3899//3899
f 3899//3899 3900//3900 3861//3861
f 3899//3899 3861//3861 3860//3860
f 3901//3901 3902//3902 3903//3903
f 3901//3901 3903//3903 3904//3904
f 3904//3904 3903//3903 3900//3900
f 3904//3904 3900//3900 3896//3896
f 3902//3902 3875//3875 3874//3874
f 3902//3902 3874//3874 3903//3903
f 3903//3903 3874//3874 3861//3861
f 3903//3903 3861//3861 3900//3900
f 3901//3901 3904//3904 3905//3905
f 3901//3901 3905//3905 3906//3906
f 3906//3906 3905//3905 3907//3907
f 3906//3906 3907//3907 3908//3908
f 3904//3904 3896//3896 3895//3895
f 3904//3904 3895//3895 3905//3905
f 3905//3905 3895//3895 3898//3898
f 3905//3905 3898//3898 3907//3907
f 3901//3901 3906//3906 3909//3909
f 3901//3901 3909//3909 3910//3910
f 3910//3910 3909//3909 3136//3136
f 3910//3910 3136//3136 3133//3133
f 3906//3906 3908//3908 3911//3911
f 3906//3906 3911//3911 3909//3909
f 3909//3909 3911//3911 3137//3137
f 3909//3909 3137//3137 3136//3136
f 3901//3901 3910//3910 3912//3912
f 3901//3901 3912//3912 3902//3902
f 3902//3902 3912//3912 3878//3878
f 3902//3902 3878//3878 3875//3875
f 3910//3910 3133//3133 3132//3132
f 3910//3910 3132//3132 3912//3912
f 3912//3912 3132//3132 3117//3117
f 3912//3912 3117//3117 3878//3878
f 3913//3913 3914//3914 3915//3915
f 3913//3913 3915//3915 3916//3916
f 3916//3916 3915//3915 3917//3917
f 3916//3916 3917//3917 3918//3918
f 3914//3914 3890//3890 3889//3889
f 3914//3914 3889//3889 3915//3915
f 3915//3915 3889//3889 3892//3892
f 3915//3915 3892//3892 3917//3917
f 3913//3913 3916//3916 3919//3919
f 3913//3913 3919//3919 3920//3920
f 3920//3920 3919//3919 3921//3921
f 3920//3920 3921//3921 3922//3922
f 3916//3916 3918//3918 3923//3923
f 3916//3916 3923//3923 3919//3919
f 3919//3919 3923//3923 3924//3924
f 3919//3919 3924//3924 3921//3921
f 3913//3913 3920//3920 3925//3925
f 3913//3913 3925//3925 3926//3926
f 3926//3926 3925//3925 3927//3927
f 3926//3926 3927//3927 3928//3928
f 3920//3920 3922//3922 3929//3929
f 3920//3920 3929//3929 3925//3925
f 3925//3925 3929//3929 3930//3930
f 3925//3925 3930//3930 3927//3927
f 3913//3913 3926//3926 3931//3931
f 3913//3913 3931//3931 3914//3914
f 3914//3914 3931//3931 3897//3897
f 3914//3914 3897//3897 3890//3890
f 3926//3926 3928//3928 3932//3932
f 3926//3926 3932//3932 3931//3931
f 3931//3931 3932//3932 3898//3898
f 3931//3931 3898//3898 3897//3897
f 3933//3933 3934//3934 3935//3935
f 3933//3933 3935//3935 3936//3936
f 3936//3936 3935//3935 3932//3932
f 3936//3936 3932//3932 3928//3928
f 3934//3934 3908//3908 3907//3907
f 3934//3934 3907//3907 3935//3935
f 3935//3935 3907//3907 3898//3898
f 3935//3935 3898//3898 3932//3932
f 3933//3933 3936//3936 3937//3937
f 3933//3933 3937//3937 3938//3938
f 3938//3938 3937//3937 3939//3939
f 3938//3938 3939//3939 3940//3940
f 3936//3936 3928//3928 3927//3927
f 3936//3936 3927//3927 3937//3937
f 3937//3937 3927//3927 3930//3930
f 3937//3937 3930//3930 3939//3939
f 3933//3933 3938//3938 3941//3941
f 3933//3933 3941//3941 3942//3942
f 3942//3942 3941//3941 3156//3156
f 3942//3942 3156//3156 3153//3153
f 3938//3938 3940//3940 3943//3943
f 3938//3938 3943//3943 3941//3941
f 3941//3941 3943//3943 3157//3157
f 3941//3941 3157//3157 3156//3156
f 3933//3933 3942//3942 3944//3944
f 3933//3933 3944//3944 3934//3934
f 3934//3934 3944//3944 3911//3911
f 3934//3934 3911//3911 3908//3908
f 3942//3942 3153//3153 3152//3152
f 3942//3942 3152//3152 3944//3944
f 3944//3944 3152//3152 3137//3137
f 3944//3944 3137//3137 3911//3911
f 3945//3945 3946//3946 3947//3947
f 3945//3945 3947//3947 3948//3948
f 3948//3948 3947//3947 3949//3949
f 3948//3948 3949//3949 3950//3950
f 3946//3946 3922//3922 3921//3921
f 3946//3946 3921//3921 3947//3947
f 3947//3947 3921//3921 3924//3924
f 3947//3947 3924//3924 3949//3949
f 3945//3945 3948//3948 3951//3951
f 3945//3945 3951//3951 3952//3952
f 3952//3952 3951//3951 3953//3953
f 3952//3952 3953//3953 3954//3954
f 3948//3948 3950//3950 3955//3955
f 3948//3948 3955//3955 3951//3951
f 3951//3951 3955//3955 3956//3956
f 3951//3951 3956//3956 3953//3953
f 3945//3945 3952//3952 3957//3957
f 3945//3945 3957//3957 3958//3958
f 3958//3958 3957//3957 3959//3959
f 3958//3958 3959//3959 3960//3960
f 3952//3952 3954//3954 3961//3961
f 3952//3952 3961//3961 3957//3957
f 3957//3957 3961//3961 3962//3962
f 3957//3957 3962//3962 3959//3959
f 3945//3945 3958//3958 3963//3963
f 3945//3945 3963//3963 3946//3946
f 3946//3946 3963//3963 3929//3929
f 3946//3946 3929//3929 3922//3922
f 3958//3958 3960//3960 3964//3964
f 3958//3958 3964//3964 3963//3963
f 3963//3963 3964//3964 3930//3930
f 3963//3963 3930//3930 3929//3929
f 3965//3965 3966//3966 3967//3967
f 3965//3965 3967//3967 3968//3968
f 3968//3968 3967//3967 3964//3964
f 3968//3968 3964//3964 3960//3960
f 3966//3966 3940//3940 3939//3939
f 3966//3966 3939//3939 3967//3967
f 3967//3967 3939//3939 3930//3930
f 3967//3967 3930//3930 3964//3964
f 3965//3965 3968//3968 3969//3969
f 3965//3965 3969//3969 3970//3970
f 3970//3970 3969//3969 3971//3971
f 3970//3970 3971//3971 3972//3972
f 3968//3968 3960//3960 3959//3959
f 3968//3968 3959//3959 3969//3969
f 3969//3969 3959//3959 3962//3962
f 3969//3969 3962//3962 3971//3971
f 3965//3965 3970//3970 3973//3973
f 3965//3965 3973//3973 3974//3974
f 3974//3974 3973//3973 3176//3176
f 3974//3974 3176//3176 3173//3173
f 3970//3970 3972//3972 3975//3975
f 3970//3970 3975//3975 3973//3973
f 3973//3973 3975//3975 3177//3177
f 3973//3973 3177//3177 3176//3176
f 3965//3965 3974//3974 3976//3976
f 3965//3965 3976//3976 3966//3966
f 3966//3966 3976//3976 3943//3943
f 3966//3966 3943//3943 3940//3940
f 3974//3974 3173//3173 3172//3172
f 3974//3974 3172//3172 3976//3976
f 3976//3976 3172//3172 3157//3157
f 3976//3976 3157//3157 3943//3943
f 3977//3977 3978//3978 3979//3979
f 3977//3977 3979//3979 3980//3980
f 3980//3980 3979//3979 3981//3981
f 3980//3980 3981//3981 3982//3982
f 3978//3978 3954//3954 3953//3953
f 3978//3978 3953//3953 3979//3979
f 3979//3979 3953//3953 3956//3956
f 3979//3979 3956//3956 3981//3981
f 3977//3977 3980//3980 3983//3983
f 3977//3977 3983//3983 3984//3984
f 3984//3984 3983//3983 3985//3985
f 3984//3984 3985//3985 3986//3986
f 3980//3980 3982//3982 3987//3987
f 3980//3980 3987//3987 3983//3983
f 3983//3983 3987//3987 3988//3988
f 3983//3983 3988//3988 3985//3985
f 3977//3977 3984//3984 3989//3989
f 3977//3977 3989//3989 3990//3990
f 3990//3990 3989//3989 3991//3991
f 3990//3990 3991//3991 3992//3992
f 3984//3984 3986//3986 3993//3993
f 3984//3984 3993//3993 3989//3989
f 3989//3989 3993//3993 3994//3994
f 3989//3989 3994//3994 3991//3991
f 3977//3977 3990//3990 3995//3995
f 3977//3977 3995//3995 3978//3978
f 3978//3978 3995//3995 3961//3961
f 3978//3978 3961//3961 3954//3954
f 3990//3990 3992//3992 3996//3996
f 3990//3990 3996//3996 3995//3995
f 3995//3995 3996//3996 3962//3962
f 3995//3995 3962//3962 3961//3961
f 3997//3997 3998//3998 3999//3999
f 3997//3997 3999//3999 4000//4000
f 4000//4000 3999//3999 3996//3996
f 4000//4000 3996//3996 3992//3992
f 3998//3998 3972//3972 3971//3971
f 3998//3998 3971//3971 3999//3999
f 3999//3999 3971//3971 3962//3962
f 3999//3999 3962//3962 3996//3996
f 3997//3997 4000//4000 4001//4001
f 3997//3997 4001//4001 4002//4002
f 4002//4002 4001//4001 4003//4003
f 4002//4002 4003//4003 4004//4004
f 4000//4000 3992//3992 3991//3991
f 4000//4000 3991//3991 4001//4001
f 4001//4001 3991//3991 3994//3994
f 4001//4001 3994//3994 4003//4003
f 3997//3997 4002//4002 4005//4005
f 3997//3997 4005//4005 4006//4006
f 4006//4006 4005//4005 3196//3196
f 4006//4006 3196//3196 3193//3193
f 4002//4002 4004//4004 4007//4007
f 4002//4002 4007//4007 4005//4005
f 4005//4005 4007//4007 3197//3197
f 4005//4005 3197//3197 3196//3196
f 3997//3997 4006//4006 4008//4008
f 3997//3997 4008//4008 3998//3998
f 3998//3998 4008//4008 3975//3975
f 3998//3998 3975//3975 3972//3972
f 4006//4006 3193//3193 3192//3192
f 4006//4006 3192//3192 4008//4008
f 4008//4008 3192//3192 3177//3177
f 4008//4008 3177//3177 3975//3975
f 4009//4009 4010//4010 4011//4011
f 4009//4009 4011//4011 4012//4012
f 4012//4012 4011//4011 4013//4013
f 4012//4012 4013//4013 4014//4014
f 4010//4010 3986//3986 3985//3985
f 4010//4010 3985//3985 4011//4011
f 4011//4011 3985//3985 3988//3988
f 4011//4011 3988//3988 4013//4013
f 4009//4009 4012//4012 4015//4015
f 4009//4009 4015//4015 4016//4016
f 4016//4016 4015//4015 4017//4017
f 4016//4016 4017//4017 4018//4018
f 4012//4012 4014//4014 4019//4019
f 4012//4012 4019//4019 4015//4015
f 4015//4015 4019//4019 4020//4020
f 4015//4015 4020//4020 4017//4017
f 4009//4009 4016//4016 4021//4021
f 4009//4009 4021//4021 4022//4022
f 4022//4022 4021//4021 4023//4023
f 4022//4022 4023//4023 4024//4024
f 4016//4016 4018//4018 4025//4025
f 4016//4016 4025//4025 4021//4021
f 4021//4021 4025//4025 4026//4026
f 4021//4021 4026//4026 4023//4023
f 4009//4009 4022//4022 4027//4027
f 4009//4009 4027//4027 4010//4010
f 4010//4010 4027//4027 3993//3993
f 4010//4010 3993//3993 3986//3986
f 4022//4022 4024//4024 4028//4028
f 4022//4022 4028//4028 4027//4027
f 4027//4027 4028//4028 3994//3994
f 4027//4027 3994//3994 3993//3993
f 4029//4029 4030//4030 4031//4031
f 4029//4029 4031//4031 4032//4032
f 4032//4032 4031//4031 4028//4028
f 4032//4032 4028//4028 4024//4024
f 4030//4030 4004//4004 4003//4003
f 4030//4030 4003//4003 4031//4031
f 4031//4031 4003//4003 3994//3994
f 4031//4031 3994//3994 4028//4028
f 4029//4029 4032//4032 4033//4033
f 4029//4029 4033//4033 4034//4034
f 4034//4034 4033//4033 4035//4035
f 4034//4034 4035//4035 4036//4036
f 4032//4032 4024//4024 4023//4023
f 4032//4032 4023//4023 4033//4033
f 4033//4033 4023//4023 4026//4026
f 4033//4033 4026//4026 4035//4035
f 4029//4029 4034//4034 4037//4037
f 4029//4029 4037//4037 4038//4038
f 4038//4038 4037//4037 3216//3216
f 4038//4038 3216//3216 3213//3213
f 4034//4034 4036//4036 4039//4039
f 4034//4034 4039//4039 4037//4037
f 4037//4037 4039//4039 3217//3217
f 4037//4037 3217//3217 3216//3216
f 4029//4029 4038//4038 4040//4040
f 4029//4029 4040//4040 4030//4030
f 4030//4030 4040//4040 4007//4007
f 4030//4030 4007//4007 4004//4004
f 4038//4038 3213//3213 3212//3212
f 4038//4038 3212//3212 4040//4040
f 4040//4040 3212//3212 3197//3197
f 4040//4040 3197//3197 4007//4007
f 4041//4041 4042//4042 4043//4043
f 4041//4041 4043//4043 4044//4044
f 4044//4044 4043//4043 4045//4045
f 4044//4044 4045//4045 4046//4046
f 4042//4042 4018//4018 4017//4017
f 4042//4042 4017//4017 4043//4043
f 4043//4043 4017//4017 4020//4020
f 4043//4043 4020//4020 4045//4045
f 4041//4041 4044//4044 4047//4047
f 4041//4041 4047//4047 4048//4048
f 4048//4048 4047//4047 4049//4049
f 4048//4048 4049//4049 4050//4050
f 4044//4044 4046//4046 4051//4051
f 4044//4044 4051//4051 4047//4047
f 4047//4047 4051//4051 4052//4052
f 4047//4047 4052//4052 4049//4049
f 4041//4041 4048//4048 4053//4053
f 4041//4041 4053//4053 4054//4054
f 4054//4054 4053//4053 4055//4055
f 4054//4054 4055//4055 4056//4056
f 4048//4048 4050//4050 4057//4057
f 4048//4048 4057//4057 4053//4053
f 4053//4053 4057//4057 4058//4058
f 4053//4053 4058//4058 4055//4055
f 4041//4041 4054//4054 4059//4059
f 4041//4041 4059//4059 4042//4042
f 4042//4042 4059//4059 4025//4025
f 4042//4042 4025//4025 4018//4018
f 4054//4054 4056//4056 4060//4060
f 4054//4054 4060//4060 4059//4059
f 4059//4059 4060//4060 4026//4026
f 4059//4059 4026//4026 4025//4025
f 4061//4061 4062//4062 4063//4063
f 4061//4061 4063//4063 4064//4064
f 4064//4064 4063//4063 4060//4060
f 4064//4064 4060//4060 4056//4056
f 4062//4062 4036//4036 4035//4035
f 4062//4062 4035//4035 4063//4063
f 4063//4063 4035//4035 4026//4026
f 4063//4063 4026//4026 4060//4060
f 4061//4061 4064//4064 4065//4065
f 4061//4061 4065//4065 4066//4066
f 4066//4066 4065//4065 4067//4067
f 4066//4066 4067//4067 4068//4068
f 4064//4064 4056//4056 4055//4055
f 4064//4064 4055//4055 4065//4065
f 4065//4065 4055//4055 4058//4058
f 4065//4065 4058//4058 4067//4067
f 4061//4061 4066//4066 4069//4069
f 4061//4061 4069//4069 4070//4070
f 4070//4070 4069//4069 3236//3236
f 4070//4070 3236//3236 3233//3233
f 4066//4066 4068//4068 4071//4071
f 4066//4066 4071//4071 4069//4069
f 4069//4069 4071//4071 3237//3237
f 4069//4069 3237//3237 3236//3236
f 4061//4061 4070//4070 4072//4072
f 4061//4061 4072//4072 4062//4062
f 4062//4062 4072//4072 4039//4039
f 4062//4062 4039//4039 4036//4036
f 4070//4070 3233//3233 3232//3232
f 4070//4070 3232//3232 4072//4072
f 4072//4072 3232//3232 3217//3217
f 4072//4072 3217//3217 4039//4039
f 4073//4073 4074//4074 4075//4075
f 4073//4073 4075//4075 4076//4076
f 4076//4076 4075//4075 4077//4077
f 4076//4076 4077//4077 4078//4078
f 4074//4074 4050//4050 4049//4049
f 4074//4074 4049//4049 4075//4075
f 4075//4075 4049//4049 4052//4052
f 4075//4075 4052//4052 4077//4077
f 4073//4073 4076//4076 4079//4079
f 4073//4073 4079//4079 4080//4080
f 4080//4080 4079//4079 4081//4081
f 4080//4080 4081//4081 4082//4082
f 4076//4076 4078//4078 4083//4083
f 4076//4076 4083//4083 4079//4079
f 4079//4079 4083//4083 4084//4084
f 4079//4079 4084//4084 4081//4081
f 4073//4073 4080//4080 4085//4085
f 4073//4073 4085//4085 4086//4086
f 4086//4086 4085//4085 4087//4087
f 4086//4086 4087//4087 4088//4088
f 4080//4080 4082//4082 4089//4089
f 4080//4080 4089//4089 4085//4085
f 4085//4085 4089//4089 4090//4090
f 4085//4085 4090//4090 4087//4087
f 4073//4073 4086//4086 4091//4091
f 4073//4073 4091//4091 4074//4074
f 4074//4074 4091//4091 4057//4057
f 4074//4074 4057//4057 4050//4050
f 4086//4086 4088//4088 4092//4092
f 4086//4086 4092//4092 4091//4091
f 4091//4091 4092//4092 4058//4058
f 4091//4091 4058//4058 4057//4057
f 4093//4093 4094//4094 4095//4095
f 4093//4093 4095//4095 4096//4096
f 4096//4096 4095//4095 4092//4092
f 4096//4096 4092//4092 4088//4088
f 4094//4094 4068//4068 4067//4067
f 4094//4094 4067//4067 4095//4095
f 4095//4095 4067//4067 4058//4058
f 4095//4095 4058//4058 4092//4092
f 4093//4093 4096//4096 4097//4097
f 4093//4093 4097//4097 4098//4098
f 4098//4098 4097//4097 4099//4099
f 4098//4098 4099//4099 4100//4100
f 4096//4096 4088//4088 4087//4087
f 4096//4096 4087//4087 4097//4097
f 4097//4097 4087//4087 4090//4090
f 4097//4097 4090//4090 4099//4099
f 4093//4093 4098//4098 4101//4101
f 4093//4093 4101//4101 4102//4102
f 4102//4102 4101//4101 3256//3256
f 4102//4102 3256//3256 3253//3253
f 4098//4098 4100//4100 4103//4103
f 4098//4098 4103//4103 4101//4101
f 4101//4101 4103//4103 3257//3257
f 4101//4101 3257//3257 3256//3256
f 4093//4093 4102//4102 4104//4104
f 4093//4093 4104//4104 4094//4094
f 4094//4094 4104//4104 4071//4071
f 4094//4094 4071//4071 4068//4068
f 4102//4102 3253//3253 3252//3252
f 4102//4102 3252//3252 4104//4104
f 4104//4104 3252//3252 3237//3237
f 4104//4104 3237//3237 4071//4071
f 4105//4105 4106//4106 4107//4107
f 4105//4105 4107//4107 4108//4108
f 4108//4108 4107//4107 4109//4109
f 4108//4108 4109//4109 4110//4110
f 4106//4106 4082//4082 4081//4081
f 4106//4106 4081//4081 4107//4107
f 4107//4107 4081//4081 4084//4084
f 4107//4107 4084//4084 4109//4109
f 4105//4105 4108//4108 4111//4111
f 4105//4105 4111//4111 4112//4112
f 4112//4112 4111//4111 4113//4113
f 4112//4112 4113//4113 4114//4114
f 4108//4108 4110//4110 4115//4115
f 4108//4108 4115//4115 4111//4111
f 4111//4111 4115//4115 4116//4116
f 4111//4111 4116//4116 4113//4113
f 4105//4105 4112//4112 4117//4117
f 4105//4105 4117//4117 4118//4118
f 4118//4118 4117//4117 4119//4119
f 4118//4118 4119//4119 4120//4120
f 4112//4112 4114//4114 4121//4121
f 4112//4112 4121//4121 4117//4117
f 4117//4117 4121//4121 4122//4122
f 4117//4117 4122//4122 4119//4119
f 4105//4105 4118//4118 4123//4123
f 4105//4105 4123//4123 4106//4106
f 4106//4106 4123//4123 4089//4089
f 4106//4106 4089//4089 4082//4082
f 4118//4118 4120//4120 4124//4124
f 4118//4118 4124//4124 4123//4123
f 4123//4123 4124//4124 4090//4090
f 4123//4123 4090//4090 4089//4089
f 4125//4125 4126//4126 4127//4127
f 4125//4125 4127//4127 4128//4128
f 4128//4128 4127//4127 4124//4124
f 4128//4128 4124//4124 4120//4120
f 4126//4126 4100//4100 4099//4099
f 4126//4126 4099//4099 4127//4127
f 4127//4127 4099//4099 4090//4090
f 4127//4127 4090//4090 4124//4124
f 4125//4125 4128//4128 4129//4129
f 4125//4125 4129//4129 4130//4130
f 4130//4130 4129//4129 4131//4131
f 4130//4130 4131//4131 4132//4132
f 4128//4128 4120//4120 4119//4119
f 4128//4128 4119//4119 4129//4129
f 4129//4129 4119//4119 4122//4122
f 4129//4129 4122//4122 4131//4131
f 4125//4125 4130//4130 4133//4133
f 4125//4125 4133//4133 4134//4134
f 4134//4134 4133//4133 3276//3276
f 4134//4134 3276//3276 3273//3273
f 4130//4130 4132//4132 4135//4135
f 4130//4130 4135//4135 4133//4133
f 4133//4133 4135//4135 3277//3277
f 4133//4133 3277//3277 3276//3276
f 4125//4125 4134//4134 4136//4136
f 4125//4125 4136//4136 4126//4126
f 4126//4126 4136//4136 4103//4103
f 4126//4126 4103//4103 4100//4100
f 4134//4134 3273//3273 3272//3272
f 4134//4134 3272//3272 4136//4136
f 4136//4136 3272//3272 3257//3257
f 4136//4136 3257//3257 4103//4103
f 4137//4137 4138//4138 4139//4139
f 4137//4137 4139//4139 4140//4140
f 4140//4140 4139//4139 4141//4141
f 4140//4140 4141//4141 4142//4142
f 4138//4138 4114//4114 4113//4113
f 4138//4138 4113//4113 4139//4139
f 4139//4139 4113//4113 4116//4116
f 4139//4139 4116//4116 4141//4141
f 4137//4137 4140//4140 4143//4143
f 4137//4137 4143//4143 4144//4144
f 4144//4144 4143//4143 4145//4145
f 4144//4144 4145//4145 4146//4146
f 4140//4140 4142//4142 4147//4147
f 4140//4140 4147//4147 4143//4143
f 4143//4143 4147//4147 4148//4148
f 4143//4143 4148//4148 4145//4145
f 4137//4137 4144//4144 4149//4149
f 4137//4137 4149//4149 4150//4150
f 4150//4150 4149//4149 4151//4151
f 4150//4150 4151//4151 4152//4152
f 4144//4144 4146//4146 4153//4153
f 4144//4144 4153//4153 4149//4149
f 4149//4149 4153//4153 4154//4154
f 4149//4149 4154//4154 4151//4151
f 4137//4137 4150//4150 4155//4155
f 4137//4137 4155//4155 4138//4138
f 4138//4138 4155//4155 4121//4121
f 4138//4138 4121//4121 4114//4114
f 4150//4150 4152//4152 4156//4156
f 4150//4150 4156//4156 4155//4155
f 4155//4155 4156//4156 4122//4122
f 4155//4155 4122//4122 4121//4121
f 4157//4157 4158//4158 4159//4159
f 4157//4157 4159//4159 4160//4160
f 4160//4160 4159//4159 4156//4156
f 4160//4160 4156//4156 4152//4152
f 4158//4158 4132//4132 4131//4131
f 4158//4158 4131//4131 4159//4159
f 4159//4159 4131//4131 4122//4122
f 4159//4159 4122//4122 4156//4156
f 4157//4157 4160//4160 4161//4161
f 4157//4157 4161//4161 4162//4162
f 4162//4162 4161//4161 4163//4163
f 4162//4162 4163//4163 4164//4164
f 4160//4160 4152//4152 4151//4151
f 4160//4160 4151//4151 4161//4161
f 4161//4161 4151//4151 4154//4154
f 4161//4161 4154//4154 4163//4163
f 4157//4157 4162//4162 4165//4165
f 4157//4157 4165//4165 4166//4166
f 4166//4166 4165//4165 3296//3296
f 4166//4166 3296//3296 3293//3293
f 4162//4162 4164//4164 4167//4167
f 4162//4162 4167//4167 4165//4165
f 4165//4165 4167//4167 3297//3297
f 4165//4165 3297//3297 3296//3296
f 4157//4157 4166//4166 4168//4168
f 4157//4157 4168//4168 4158//4158
f 4158//4158 4168//4168 4135//4135
f 4158//4158 4135//4135 4132//4132
f 4166//4166 3293//3293 3292//3292
f 4166//4166 3292//3292 4168//4168
f 4168//4168 3292//3292 3277//3277
f 4168//4168 3277//3277 4135//4135
f 4169//4169 4170//4170 4171//4171
f 4169//4169 4171//4171 4172//4172
f 4172//4172 4171//4171 4173//4173
f 4172//4172 4173//4173 4174//4174
f 4170//4170 4146//4146 4145//4145
f 4170//4170 4145//4145 4171//4171
f 4171//4171 4145//4145 4148//4148
f 4171//4171 4148//4148 4173//4173
f 4169//4169 4172//4172 4175//4175
f 4169//4169 4175//4175 4176//4176
f 4176//4176 4175//4175 4177//4177
f 4176//4176 4177//4177 4178//4178
f 4172//4172 4174//4174 4179//4179
f 4172//4172 4179//4179 4175//4175
f 4175//4175 4179//4179 4180//4180
f 4175//4175 4180//4180 4177//4177
f 4169//4169 4176//4176 4181//4181
f 4169//4169 4181//4181 4182//4182
f 4182//4182 4181//4181 4183//4183
f 4182//4182 4183//4183 4184//4184
f 4176//4176 4178//4178 4185//4185
f 4176//4176 4185//4185 4181//4181
f 4181//4181 4185//4185 4186//4186
f 4181//4181 4186//4186 4183//4183
f 4169//4169 4182//4182 4187//4187
f 4169//4169 4187//4187 4170//4170
f 4170//4170 4187//4187 4153//4153
f 4170//4170 4153//4153 4146//4146
f 4182//4182 4184//4184 4188//4188
f 4182//4182 4188//4188 4187//4187
f 4187//4187 4188//4188 4154//4154
f 4187//4187 4154//4154 4153//4153
f 4189//4189 4190//4190 4191//4191
f 4189//4189 4191//4191 4192//4192
f 4192//4192 4191//4191 4188//4188
f 4192//4192 4188//4188 4184//4184
f 4190//4190 4164//4164 4163//4163
f 4190//4190 4163//4163 4191//4191
f 4191//4191 4163//4163 4154//4154
f 4191//4191 4154//4154 4188//4188
f 4189//4189 4192//4192 4193//4193
f 4189//4189 4193//4193 4194//4194
f 4194//4194 4193//4193 4195//4195
f 4194//4194 4195//4195 4196//4196
f 4192//4192 4184//4184 4183//4183
f 4192//4192 4183//4183 4193//4193
f 4193//4193 4183//4183 4186//4186
f 4193//4193 4186//4186 4195//4195
f 4189//4189 4194//4194 4197//4197
f 4189//4189 4197//4197 4198//4198
f 4198//4198 4197//4197 3316//3316
f 4198//4198 3316//3316 3313//3313
f 4194//4194 4196//4196 4199//4199
f 4194//4194 4199//4199 4197//4197
f 4197//4197 4199//4199 3317//3317
f 4197//4197 3317//3317 3316//3316
f 4189//4189 4198//4198 4200//4200
f 4189//4189 4200//4200 4190//4190
f 4190//4190 4200//4200 4167//4167
f 4190//4190 4167//4167 4164//4164
f 4198//4198 3313//3313 3312//3312
f 4198//4198 3312//3312 4200//4200
f 4200//4200 3312//3312 3297//3297
f 4200//4200 3297//3297 4167//4167
f 4201//4201 4202//4202 4203//4203
f 4201//4201 4203//4203 4204//4204
f 4204//4204 4203//4203 4205//4205
f 4204//4204 4205//4205 4206//4206
f 4202//4202 4178//4178 4177//4177
f 4202//4202 4177//4177 4203//4203
f 4203//4203 4177//4177 4180//4180
f 4203//4203 4180//4180 4205//4205
f 4201//4201 4204//4204 4207//4207
f 4201//4201 4207//4207 4208//4208
f 4208//4208 4207//4207 4209//4209
f 4208//4208 4209//4209 4210//4210
f 4204//4204 4206//4206 4211//4211
f 4204//4204 4211//4211 4207//4207
f 4207//4207 4211//4211 4212//4212
f 4207//4207 4212//4212 4209//4209
f 4201//4201 4208//4208 4213//4213
f 4201//4201 4213//4213 4214//4214
f 4214//4214 4213//4213 4215//4215
f 4214//4214 4215//4215 4216//4216
f 4208//4208 4210//4210 4217//4217
f 4208//4208 4217//4217 4213//4213
f 4213//4213 4217//4217 4218//4218
f 4213//4213 4218//4218 4215//4215
f 4201//4201 4214//4214 4219//4219
f 4201//4201 4219//4219 4202//4202
f 4202//4202 4219//4219 4185//4185
f 4202//4202 4185//4185 4178//4178
f 4214//4214 4216//4216 4220//4220
f 4214//4214 4220//4220 4219//4219
f 4219//4219 4220//4220 4186//4186
f 4219//4219 4186//4186 4185//4185
f 4221//4221 4222//4222 4223//4223
f 4221//4221 4223//4223 4224//4224
f 4224//4224 4223//4223 4220//4220
f 4224//4224 4220//4220 4216//4216
f 4222//4222 4196//4196 4195//4195
f 4222//4222 4195//4195 4223//4223
f 4223//4223 4195//4195 4186//4186
f 4223//4223 4186//4186 4220//4220
f 4221//4221 4224//4224 4225//4225
f 4221//4221 4225//4225 4226//4226
f 4226//4226 4225//4225 4227//4227
f 4226//4226 4227//4227 4228//4228
f 4224//4224 4216//4216 4215//4215
f 4224//4224 4215//4215 4225//4225
f 4225//4225 4215//4215 4218//4218
f 4225//4225 4218//4218 4227//4227
f 4221//4221 4226//4226 4229//4229
f 4221//4221 4229//4229 4230//4230
f 4230//4230 4229//4229 3336//3336
f 4230//4230 3336//3336 3333//3333
f 4226//4226 4228//4228 4231//4231
f 4226//4226 4231//4231 4229//4229
f 4229//4229 4231//4231 3337//3337
f 4229//4229 3337//3337 3336//3336
f 4221//4221 4230//4230 4232//4232
f 4221//4221 4232//4232 4222//4222
f 4222//4222 4232//4232 4199//4199
f 4222//4222 4199//4199 4196//4196
f 4230//4230 3333//3333 3332//3332
f 4230//4230 3332//3332 4232//4232
f 4232//4232 3332//3332 3317//3317
f 4232//4232 3317//3317 4199//4199
f 4233//4233 4234//4234 4235//4235
f 4233//4233 4235//4235 4236//4236
f 4236//4236 4235//4235 4237//4237
f 4236//4236 4237//4237 4238//4238
f 4234//4234 4210//4210 4209//4209
f 4234//4234 4209//4209 4235//4235
f 4235//4235 4209//4209 4212//4212
f 4235//4235 4212//4212 4237//4237
f 4233//4233 4236//4236 4239//4239
f 4233//4233 4239//4239 4240//4240
f 4240//4240 4239//4239 4241//4241
f 4240//4240 4241//4241 4242//4242
f 4236//4236 4238//4238 4243//4243
f 4236//4236 4243//4243 4239//4239
f 4239//4239 4243//4243 4244//4244
f 4239//4239 4244//4244 4241//4241
f 4233//4233 4240//4240 4245//4245
f 4233//4233 4245//4245 4246//4246
f 4246//4246 4245//4245 4247//4247
f 4246//4246 4247//4247 4248//4248
f 4240//4240 4242//4242 4249//4249
f 4240//4240 4249//4249 4245//4245
f 4245//4245 4249//4249 4250//4250
f 4245//4245 4250//4250 4247//4247
f 4233//4233 4246//4246 4251//4251
f 4233//4233 4251//4251 4234//4234
f 4234//4234 4251//4251 4217//4217
f 4234//4234 4217//4217 4210//4210
f 4246//4246 4248//4248 4252//4252
f 4246//4246 4252//4252 4251//4251
f 4251//4251 4252//4252 4218//4218
f 4251//4251 4218//4218 4217//4217
f 4253//4253 4254//4254 4255//4255
f 4253//4253 4255//4255 4256//4256
f 4256//4256 4255//4255 4252//4252
f 4256//4256 4252//4252 4248//4248
f 4254//4254 4228//4228 4227//4227
f 4254//4254 4227//4227 4255//4255
f 4255//4255 4227//4227 4218//4218
f 4255//4255 4218//4218 4252//4252
f 4253//4253 4256//4256 4257//4257
f 4253//4253 4257//4257 4258//4258
f 4258//4258 4257//4257 4259//4259
f 4258//4258 4259//4259 4260//4260
f 4256//4256 4248//4248 4247//4247
f 4256//4256 4247//4247 4257//4257
f 4257//4257 4247//4247 4250//4250
f 4257//4257 4250//4250 4259//4259
f 4253//4253 4258//4258 4261//4261
f 4253//4253 4261//4261 4262//4262
f 4262//4262 4261//4261 3356//3356
f 4262//4262 3356//3356 3353//3353
f 4258//4258 4260//4260 4263//4263
f 4258//4258 4263//4263 4261//4261
f 4261//4261 4263//4263 3357//3357
f 4261//4261 3357//3357 3356//3356
f 4253//4253 4262//4262 4264//4264
f 4253//4253 4264//4264 4254//4254
f 4254//4254 4264//4264 4231//4231
f 4254//4254 4231//4231 4228//4228
f 4262//4262 3353//3353 3352//3352
f 4262//4262 3352//3352 4264//4264
f 4264//4264 3352//3352 3337//3337
f 4264//4264 3337//3337 4231//4231
f 4265//4265 4266//4266 4267//4267
f 4265//4265 4267//4267 4268//4268
f 4268//4268 4267//4267 4269//4269
f 4268//4268 4269//4269 4270//4270
f 4266//4266 4242//4242 4241//4241
f 4266//4266 4241//4241 4267//4267
f 4267//4267 4241//4241 4244//4244
f 4267//4267 4244//4244 4269//4269
f 4265//4265 4268//4268 4271//4271
f 4265//4265 4271//4271 4272//4272
f 4272//4272 4271//4271 4273//4273
f 4272//4272 4273//4273 4274//4274
f 4268//4268 4270//4270 4275//4275
f 4268//4268 4275//4275 4271//4271
f 4271//4271 4275//4275 4276//4276
f 4271//4271 4276//4276 4273//4273
f 4265//4265 4272//4272 4277//4277
f 4265//4265 4277//4277 4278//4278
f 4278//4278 4277//4277 4279//4279
f 4278//4278 4279//4279 4280//4280
f 4272//4272 4274//4274 4281//4281
f 4272//4272 4281//4281 4277//4277
f 4277//4277 4281//4281 4282//4282
f 4277//4277 4282//4282 4279//4279
f 4265//4265 4278//4278 4283//4283
f 4265//4265 4283//4283 4266//4266
f 4266//4266 4283//4283 4249//4249
f 4266//4266 4249//4249 4242//4242
f 4278//4278 4280//4280 4284//4284
f 4278//4278 4284//4284 4283//4283
f 4283//4283 4284//4284 4250//4250
f 4283//4283 4250//4250 4249//4249
f 4285//4285 4286//4286 4287//4287
f 4285//4285 4287//4287 4288//4288
f 4288//4288 4287//4287 4284//4284
f 4288//4288 4284//4284 4280//4280
f 4286//4286 4260//4260 4259//4259
f 4286//4286 4259//4259 4287//4287
f 4287//4287 4259//4259 4250//4250
f 4287//4287 4250//4250 4284//4284
f 4285//4285 4288//4288 4289//4289
f 4285//4285 4289//4289 4290//4290
f 4290//4290 4289//4289 4291//4291
f 4290//4290 4291//4291 4292//4292
f 4288//4288 4280//4280 4279//4279
f 4288//4288 4279//4279 4289//4289
f 4289//4289 4279//4279 4282//4282
f 4289//4289 4282//4282 4291//4291
f 4285//4285 4290//4290 4293//4293
f 4285//4285 4293//4293 4294//4294
f 4294//4294 4293//4293 3376//3376
f 4294//4294 3376//3376 3373//3373
f 4290//4290 4292//4292 4295//4295
f 4290//4290 4295//4295 4293//4293
f 4293//4293 4295//4295 3377//3377
f 4293//4293 3377//3377 3376//3376
f 4285//4285 4294//4294 4296//4296
f 4285//4285 4296//4296 4286//4286
f 4286//4286 4296//4296 4263//4263
f 4286//4286 4263//4263 4260//4260
f 4294//4294 3373//3373 3372//3372
f 4294//4294 3372//3372 4296//4296
f 4296//4296 3372//3372 3357//3357
f 4296//4296 3357//3357 4263//4263
f 4297//4297 4298//4298 4299//4299
f 4297//4297 4299//4299 4300//4300
f 4300//4300 4299//4299 4301//4301
f 4300//4300 4301//4301 4302//4302
f 4298//4298 4274//4274 4273//4273
f 4298//4298 4273//4273 4299//4299
f 4299//4299 4273//4273 4276//4276
f 4299//4299 4276//4276 4301//4301
f 4297//4297 4300//4300 4303//4303
f 4297//4297 4303//4303 4304//4304
f 4304//4304 4303//4303 4305//4305
f 4304//4304 4305//4305 4306//4306
f 4300//4300 4302//4302 4307//4307
f 4300//4300 4307//4307 4303//4303
f 4303//4303 4307//4307 4308//4308
f 4303//4303 4308//4308 4305//4305
f 4297//4297 4304//4304 4309//4309
f 4297//4297 4309//4309 4310//4310
f 4310//4310 4309//4309 4311//4311
f 4310//4310 4311//4311 4312//4312
f 4304//4304 4306//4306 4313//4313
f 4304//4304 4313//4313 4309//4309
f 4309//4309 4313//4313 4314//4314
f 4309//4309 4314//4314 4311//4311
f 4297//4297 4310//4310 4315//4315
f 4297//4297 4315//4315 4298//4298
f 4298//4298 4315//4315 4281//4281
f 4298//4298 4281//4281 4274//4274
f 4310//4310 4312//4312 4316//4316
f 4310//4310 4316//4316 4315//4315
f 4315//4315 4316//4316 4282//4282
f 4315//4315 4282//4282 4281//4281
f 4317//4317 4318//4318 4319//4319
f 4317//4317 4319//4319 4320//4320
f 4320//4320 4319//4319 4316//4316
f 4320//4320 4316//4316 4312//4312
f 4318//4318 4292//4292 4291//4291
f 4318//4318 4291//4291 4319//4319
f 4319//4319 4291//4291 4282//4282
f 4319//4319 4282//4282 4316//4316
f 4317//4317 4320//4320 4321//4321
f 4317//4317 4321//4321 4322//4322
f 4322//4322 4321//4321 4323//4323
f 4322//4322 4323//4323 4324//4324
f 4320//4320 4312//4312 4311//4311
f 4320//4320 4311//4311 4321//4321
f 4321//4321 4311//4311 4314//4314
f 4321//4321 4314//4314 4323//4323
f 4317//4317 4322//4322 4325//4325
f 4317//4317 4325//4325 4326//4326
f 4326//4326 4325//4325 3392//3392
f 4326//4326 3392//3392 3390//3390
f 4322//4322 4324//4324 4327//4327
f 4322//4322 4327//4327 4325//4325
f 4325//4325 4327//4327 3093//3093
f 4325//4325 3093//3093 3392//3392
f 4317//4317 4326//4326 4328//4328
f 4317//4317 4328//4328 4318//4318
f 4318//4318 4328//4328 4295//4295
f 4318//4318 4295//4295 4292//4292
f 4326//4326 3390//3390 3389//3389
f 4326//4326 3389//3389 4328//4328
f 4328//4328 3389//3389 3377//3377
f 4328//4328 3377//3377 4295//4295
f 4329//4329 4330//4330 4331//4331
f 4329//4329 4331//4331 4332//4332
f 4332//4332 4331//4331 4333//4333
f 4332//4332 4333//4333 4334//4334
f 4330//4330 4306//4306 4305//4305
f 4330//4330 4305//4305 4331//4331
f 4331//4331 4305//4305 4308//4308
f 4331//4331 4308//4308 4333//4333
f 4329//4329 4332//4332 4335//4335
f 4329//4329 4335//4335 4336//4336
f 4336//4336 4335//4335 3848//3848
f 4336//4336 3848//3848 3847//3847
f 4332//4332 4334//4334 4337//4337
f 4332//4332 4337//4337 4335//4335
f 4335//4335 4337//4337 3849//3849
f 4335//4335 3849//3849 3848//3848
f 4329//4329 4336//4336 4338//4338
f 4329//4329 4338//4338 4339//4339
f 4339//4339 4338//4338 4340//4340
f 4339//4339 4340//4340 4341//4341
f 4336//4336 3847//3847 3863//3863
f 4336//4336 3863//3863 4338//4338
f 4338//4338 3863//3863 3865//3865
f 4338//4338 3865//3865 4340//4340
f 4329//4329 4339//4339 4342//4342
f 4329//4329 4342//4342 4330//4330
f 4330//4330 4342//4342 4313//4313
f 4330//4330 4313//4313 4306//4306
f 4339//4339 4341//4341 4343//4343
f 4339//4339 4343//4343 4342//4342
f 4342//4342 4343//4343 4314//4314
f 4342//4342 4314//4314 4313//4313
f 4344//4344 4345//4345 4346//4346
f 4344//4344 4346//4346 4347//4347
f 4347//4347 4346//4346 4343//4343
f 4347//4347 4343//4343 4341//4341
f 4345//4345 4324//4324 4323//4323
f 4345//4345 4323//4323 4346//4346
f 4346//4346 4323//4323 4314//4314
f 4346//4346 4314//4314 4343//4343
f 4344//4344 4347//4347 4348//4348
f 4344//4344 4348//4348 4349//4349
f 4349//4349 4348//4348 3871//3871
f 4349//4349 3871//3871 3870//3870
f 4347//4347 4341//4341 4340//4340
f 4347//4347 4340//4340 4348//4348
f 4348//4348 4340//4340 3865//3865
f 4348//4348 3865//3865 3871//3871
f 4344//4344 4349//4349 4350//4350
f 4344//4344 4350//4350 4351//4351
f 4351//4351 4350//4350 3096//3096
f 4351//4351 3096//3096 3091//3091
f 4349//4349 3870//3870 3880//3880
f 4349//4349 3880//3880 4350//4350
f 4350//4350 3880//3880 3097//3097
f 4350//4350 3097//3097 3096//3096
f 4344//4344 4351//4351 4352//4352
f 4344//4344 4352//4352 4345//4345
f 4345//4345 4352//4352 4327//4327
f 4345//4345 4327//4327 4324//4324
f 4351//4351 3091//3091 3090//3090
f 4351//4351 3090//3090 4352//4352
f 4352//4352 3090//3090 3093//3093
f 4352//4352 3093//3093 4327//4327
