# Generated by lxe_pbrt_scene_convert
v 4.76700687 0.0293850005 0.0952659994
v 4.76948786 0.029081 0.0952460021
v 4.76848984 0.0289549995 0.140628994
v 4.76601887 0.0292489994 0.140662998
v 4.76742077 0.0288280006 0.183321998
v 4.76496983 0.0291099995 0.183374003
v 4.7716279 0.0291690007 0.0952330008
v 4.77062321 0.0290530007 0.140605003
v 4.76953602 0.0289340001 0.183284998
v 4.76361513 0.0298590008 0.140700996
v 4.76459408 0.0300060008 0.0952899978
v 4.76168394 0.0307100005 0.140737996
v 4.76265621 0.0308669992 0.0953129977
v 4.76258707 0.0297100004 0.183431
v 4.760674 0.0305519998 0.183485001
v 4.76533318 0.0301200002 0.0480920002
v 4.76774883 0.0294909999 0.0480809994
v 4.76564312 0.0301690008 0
v 4.76805782 0.0295359995 -0
v 4.76339388 0.0309880003 0.048103001
v 4.76370382 0.0310389996 0
v 4.7702322 0.0291779991 0.0480710007
v 4.77237415 0.029259 0.0480649993
v 4.77054024 0.0292189997 0
v 4.77268219 0.0292969998 0
v 4.76321507 0.0289089996 0.258947015
v 4.76243877 0.0288299993 0.293583989
v 4.76020193 0.0294129997 0.293724
v 4.76091814 0.0294950008 0.259056002
v 4.75841093 0.0302409995 0.293846995
v 4.75907707 0.0303259995 0.259153992
v 4.7616868 0.0287549999 0.327306002
v 4.75951576 0.0293359999 0.327477008
v 4.75778103 0.0301629994 0.32762599
v 4.76170015 0.0295909997 0.222588003
v 4.76404715 0.0289999992 0.222506002
v 4.76258707 0.0297100004 0.183431
v 4.76496983 0.0291099995 0.183374003
v 4.75981808 0.0304269996 0.222662002
v 4.760674 0.0305519998 0.183485001
v 4.7664609 0.0287250001 0.222431004
v 4.76557922 0.0286389999 0.258845001
v 4.7685461 0.0288379993 0.222375005
v 4.76762199 0.0287570003 0.258765996
v 4.76742077 0.0288280006 0.183321998
v 4.76953602 0.0289340001 0.183284998
v 4.7647438 0.0285640005 0.293451995
v 4.76392412 0.0284909997 0.327142
v 4.76673698 0.0286839996 0.293348014
v 4.76586199 0.0286120009 0.327012986
v 4.7599349 0.0285960007 0.39497
v 4.76203203 0.0283300001 0.394744992
v 4.76055002 0.0282480009 0.429266006
v 4.75851393 0.0285139997 0.429515988
v 4.75843716 0.028167 0.464670002
v 4.75644779 0.0284330007 0.464942008
v 4.76385307 0.0284509994 0.394564986
v 4.76232004 0.0283679999 0.429064006
v 4.76016903 0.0282869991 0.464450985
v 4.75654507 0.0290959999 0.429773003
v 4.75790501 0.0291770007 0.395200998
v 4.75497818 0.0299249999 0.429993987
v 4.7562871 0.0300050005 0.395399988
v 4.75452518 0.0290159993 0.465220004
v 4.75299597 0.0298449993 0.465458989
v 4.75882292 0.0292569995 0.361202002
v 4.76092196 0.0286769997 0.361001015
v 4.75951576 0.0293359999 0.327477008
v 4.7616868 0.0287549999 0.327306002
v 4.75714684 0.0300840009 0.361377001
v 4.75778103 0.0301629994 0.32762599
v 4.76308918 0.0284119993 0.360805988
v 4.76496696 0.0285340007 0.360650003
v 4.76392412 0.0284909997 0.327142
v 4.74995899 0.0282770004 0.539014995
v 4.75352478 0.0283550005 0.501549006
v 4.75548983 0.0280900002 0.501262009
v 4.75191498 0.028012 0.538717985
v 4.75719976 0.0282099992 0.501030982
v 4.75361586 0.0281339996 0.538478017
v 4.75644779 0.0284330007 0.464942008
v 4.75843716 0.028167 0.464670002
v 4.76016903 0.0282869991 0.464450985
v 4.74791908 0.0279319994 0.576713026
v 4.74596405 0.0281959996 0.577017009
v 4.74371004 0.0278440006 0.614921987
v 4.74175119 0.0281099994 0.615230978
v 4.74962091 0.0280530006 0.576466978
v 4.74541616 0.0279639997 0.614672005
v 4.74407578 0.0287769996 0.577327013
v 4.74807215 0.0288580004 0.539318979
v 4.74257708 0.0296039991 0.577593029
v 4.74657202 0.029685 0.539578974
v 4.7398591 0.0286929999 0.615545988
v 4.73835611 0.0295209996 0.615815997
v 4.75162792 0.0289370008 0.501842022
v 4.75452518 0.0290159993 0.465220004
v 4.75012016 0.0297650006 0.502093971
v 4.75299597 0.0298449993 0.465458989
v 4.73299217 0.0279200003 0.692203999
v 4.73495007 0.0276430007 0.691884995
v 4.72974205 0.0275439993 0.732389987
v 4.72780323 0.0278229993 0.732713997
v 4.72354603 0.027454 0.775409997
v 4.72164488 0.0277319998 0.775741994
v 4.7366538 0.0277549997 0.691626012
v 4.73143101 0.0276529994 0.732125998
v 4.72520399 0.0275640003 0.775141001
v 4.72593212 0.0284189992 0.733044982
v 4.73110294 0.0285119992 0.692529023
v 4.72444582 0.0292579997 0.733327985
v 4.72960091 0.0293489993 0.692807019
v 4.71981192 0.0283259992 0.776078999
v 4.71835804 0.0291649997 0.776368022
v 4.73564005 0.0286040008 0.653654993
v 4.737535 0.0280169994 0.653334975
v 4.7398591 0.0286929999 0.615545988
v 4.74175119 0.0281099994 0.615230978
v 4.7341342 0.0294359997 0.653928995
v 4.73835611 0.0295209996 0.615815997
v 4.73949623 0.0277459994 0.653020978
v 4.74120378 0.0278619993 0.652765989
v 4.74371004 0.0278440006 0.614921987
v 4.70578194 0.0275740009 0.871125996
v 4.70753622 0.0273170006 0.870777011
v 4.69837904 0.0272620004 0.921428025
v 4.69672203 0.0275030006 0.921787977
v 4.68889284 0.0272119995 0.972926021
v 4.68733788 0.0274340007 0.973297
v 4.70907021 0.0274439994 0.870492995
v 4.69983292 0.0274030007 0.921135008
v 4.69026184 0.0273679998 0.972625017
v 4.69513083 0.0280600004 0.922154009
v 4.70409584 0.0281479992 0.871482015
v 4.69387913 0.0288679991 0.92246598
v 4.70276403 0.0289689992 0.871785998
v 4.6858511 0.0279740002 0.973673999
v 4.6846838 0.0287660006 0.97399497
v 4.71242809 0.0282359999 0.822507977
v 4.71419811 0.0276490003 0.822161973
v 4.71981192 0.0283259992 0.776078999
v 4.72164488 0.0277319998 0.775741994
v 4.71102715 0.0290680006 0.82280302
v 4.71835804 0.0291649997 0.776368022
v 4.71603489 0.0273790006 0.821821988
v 4.71763802 0.0274960008 0.821546018
v 4.72354603 0.027454 0.775409997
v 4.72520399 0.0275640003 0.775141001
v 4.75555086 0.0349679999 0.395684987
v 4.75560808 0.0352320001 0.395689994
v 4.75641012 0.0353120007 0.361642987
v 4.7563529 0.0350469984 0.36163801
v 4.75698423 0.0353909992 0.327865988
v 4.75692701 0.0351260006 0.327859998
v 4.755651 0.0354299992 0.395693988
v 4.75645304 0.0355099998 0.36164701
v 4.75702715 0.0355889983 0.327870011
v 4.75626898 0.0346480012 0.361629009
v 4.75546598 0.034568999 0.395677
v 4.75614119 0.0340479985 0.361616999
v 4.75533819 0.033969 0.395664006
v 4.75684309 0.0347269997 0.327852011
v 4.75671482 0.0341279991 0.32784
v 4.75420809 0.0344889984 0.43029201
v 4.75429201 0.0348879993 0.430301011
v 4.75226498 0.0344090015 0.465775013
v 4.75234985 0.0348079987 0.465783
v 4.75407982 0.0338900015 0.43028
v 4.75213718 0.0338100009 0.465761989
v 4.75434923 0.0351530015 0.430305988
v 4.75439215 0.0353510007 0.430310011
v 4.75240612 0.0350730009 0.465788007
v 4.75244904 0.0352710001 0.465792
v 4.75511408 0.0320780016 0.395606995
v 4.75515318 0.0331019983 0.395646989
v 4.75595617 0.0331810005 0.361598998
v 4.75592184 0.0321579985 0.361562014
v 4.75652981 0.033259999 0.327822
v 4.75650215 0.0322370008 0.327787995
v 4.75624895 0.0310880002 0.361492991
v 4.75542402 0.0310089998 0.395529985
v 4.75714684 0.0300840009 0.361377001
v 4.7562871 0.0300050005 0.395399988
v 4.7568469 0.0311670005 0.327726007
v 4.75414515 0.0309289992 0.430137992
v 4.75384998 0.0319989994 0.430220991
v 4.75218678 0.0308490004 0.465613008
v 4.75190401 0.0319189988 0.465701014
v 4.75497818 0.0299249999 0.429993987
v 4.75389385 0.0330229998 0.430261999
v 4.75195217 0.0329429992 0.465745002
v 4.72898197 0.0343209989 0.693171024
v 4.72903776 0.0345860012 0.693175972
v 4.73356819 0.0346690007 0.654293001
v 4.73351097 0.0344039984 0.654287994
v 4.73779202 0.0347499996 0.616177022
v 4.73773479 0.0344850011 0.616171002
v 4.72908115 0.0347840004 0.693180025
v 4.73361015 0.0348669998 0.654298007
v 4.73783398 0.0349479988 0.616181016
v 4.73342609 0.0340050012 0.654280007
v 4.72889709 0.0339220017 0.693162024
v 4.73329782 0.0334060006 0.654267013
v 4.72876883 0.033321999 0.693149984
v 4.73764992 0.0340860002 0.616163015
v 4.73752213 0.0334869996 0.616150975
v 4.72375679 0.0338339992 0.733687997
v 4.72384214 0.0342330001 0.733695984
v 4.7177 0.0337399989 0.776732981
v 4.71778584 0.0341380015 0.776741982
v 4.723629 0.0332349986 0.733676016
v 4.71757317 0.03314 0.776721001
v 4.72389793 0.0344979987 0.733702004
v 4.72394085 0.0346960016 0.733705997
v 4.7178421 0.034403 0.776746988
v 4.71788502 0.0346009992 0.776750982
v 4.72853279 0.0314310007 0.693085015
v 4.72858381 0.032455001 0.693131983
v 4.73311281 0.0325389989 0.654250026
v 4.73306322 0.0315140001 0.654202998
v 4.73733711 0.0326200016 0.616132975
v 4.73728704 0.0315960012 0.616087019
v 4.73333883 0.0304429997 0.654103994
v 4.72880793 0.0303579997 0.692984998
v 4.7341342 0.0294359997 0.653928995
v 4.72960091 0.0293489993 0.692807019
v 4.73756218 0.0305259991 0.615989029
v 4.7236619 0.0302690007 0.733507991
v 4.72339201 0.0313419998 0.733609974
v 4.71759319 0.0301750004 0.776552022
v 4.71733189 0.0312479995 0.776655018
v 4.72444582 0.0292579997 0.733327985
v 4.71835804 0.0291649997 0.776368022
v 4.72344398 0.0323669985 0.733658016
v 4.71738815 0.0322729982 0.776703
v 4.76160002 0.0358619988 0.0953769982
v 4.76165724 0.036127001 0.0953800008
v 4.762393 0.0362549983 0.0481359996
v 4.76233721 0.0359899998 0.0481350012
v 4.7627039 0.0363099985 0
v 4.76264811 0.036045 0
v 4.76170015 0.0363250002 0.0953819975
v 4.76243591 0.0364530012 0.0481370017
v 4.76274681 0.0365080014 0
v 4.7622509 0.0355920009 0.0481330007
v 4.76151514 0.0354630016 0.0953729972
v 4.76212406 0.0349919982 0.0481299981
v 4.76138783 0.034864001 0.0953669995
v 4.76256323 0.035645999 0
v 4.76243496 0.0350469984 0
v 4.76055193 0.035298001 0.140827999
v 4.76063681 0.0356959999 0.140833005
v 4.75955915 0.035131 0.183604002
v 4.75964403 0.0355300009 0.183611006
v 4.76042414 0.0346979983 0.140818998
v 4.75943089 0.034531001 0.183593005
v 4.76069403 0.0359609984 0.140836999
v 4.76073599 0.0361590013 0.140839994
v 4.75969982 0.0357949995 0.183614999
v 4.75974321 0.0359929986 0.183618993
v 4.76119518 0.0329700001 0.0953470021
v 4.76120281 0.0339969993 0.0953589976
v 4.76193905 0.0341250002 0.0481249988
v 4.7619319 0.0330969989 0.0481199995
v 4.76224995 0.0341800004 0
v 4.76224279 0.0331519991 0
v 4.76233912 0.0320160016 0.0481120013
v 4.76160097 0.0318900011 0.0953319967
v 4.76339388 0.0309880003 0.048103001
v 4.76265621 0.0308669992 0.0953129977
v 4.76265001 0.0320690013 0
v 4.7606349 0.0317279994 0.140766993
v 4.76023102 0.0328049995 0.140790001
v 4.75963402 0.0315649994 0.183525994
v 4.75923586 0.0326390006 0.183557004
v 4.76168394 0.0307100005 0.140737996
v 4.76023912 0.0338310003 0.140807003
v 4.75924587 0.0336639993 0.183577999
v 4.74595499 0.0346469991 0.539923012
v 4.74601221 0.0349120013 0.539928973
v 4.74955082 0.0349930003 0.502435982
v 4.74949503 0.0347280018 0.502430022
v 4.75240612 0.0350730009 0.465788007
v 4.75234985 0.0348079987 0.465783
v 4.74605417 0.0351100005 0.539933026
v 4.74959278 0.0351909995 0.502439976
v 4.75244904 0.0352710001 0.465792
v 4.74941015 0.0343290009 0.502421975
v 4.74587011 0.0342479981 0.539915025
v 4.74928093 0.0337300003 0.502409995
v 4.74574184 0.0336490013 0.539902985
v 4.75226498 0.0344090015 0.465775013
v 4.75213718 0.0338100009 0.465761989
v 4.74187422 0.0341669992 0.57793498
v 4.7419591 0.0345660001 0.577943981
v 4.73764992 0.0340860002 0.616163015
v 4.73773479 0.0344850011 0.616171002
v 4.74174595 0.0335679986 0.577923
v 4.74201584 0.0348309986 0.577948987
v 4.7420578 0.0350290015 0.577952981
v 4.73779202 0.0347499996 0.616177022
v 4.73783398 0.0349479988 0.616181016
v 4.74550581 0.0317579992 0.539839983
v 4.74555683 0.0327819996 0.539884984
v 4.74909592 0.0328620002 0.502391994
v 4.74904585 0.0318389982 0.502346992
v 4.75195217 0.0329429992 0.465745002
v 4.75190401 0.0319189988 0.465701014
v 4.74932289 0.0307689998 0.502255023
v 4.74577999 0.0306889992 0.539744973
v 4.75012016 0.0297650006 0.502093971
v 4.75218678 0.0308490004 0.465613008
v 4.75299597 0.0298449993 0.465458989
v 4.74178505 0.0306080002 0.577763021
v 4.74150991 0.0316770002 0.577858984
v 4.73756218 0.0305259991 0.615989029
v 4.73728704 0.0315960012 0.616087019
v 4.74257708 0.0296039991 0.577593029
v 4.73835611 0.0295209996 0.615815997
v 4.74156094 0.0327010006 0.577904999
v 4.73733711 0.0326200016 0.616132975
v 4.75811815 0.0352930017 0.259335011
v 4.75817394 0.0355580002 0.259341002
v 4.75887394 0.0356630012 0.222820997
v 4.75881815 0.035397999 0.222816005
v 4.75969982 0.0357949995 0.183614999
v 4.75964403 0.0355300009 0.183611006
v 4.75821686 0.0357559994 0.259344995
v 4.75891685 0.0358610004 0.222825006
v 4.75974321 0.0359929986 0.183618993
v 4.7587328 0.0349990018 0.222808003
v 4.7580328 0.0348940007 0.259326994
v 4.758605 0.0344000012 0.222797006
v 4.75790501 0.0342940018 0.259315014
v 4.75955915 0.035131 0.183604002
v 4.75943089 0.034531001 0.183593005
v 4.7574172 0.0348059982 0.294046998
v 4.75750208 0.0352049991 0.294055015
v 4.75684309 0.0347269997 0.327852011
v 4.75692701 0.0351260006 0.327859998
v 4.75728893 0.0342070013 0.294034004
v 4.75671482 0.0341279991 0.32784
v 4.75755787 0.0354700014 0.294059992
v 4.75760078 0.0356680006 0.294063985
v 4.75698423 0.0353909992 0.327865988
v 4.75702715 0.0355889983 0.327870011
v 4.75770283 0.0324029997 0.259268999
v 4.75771999 0.033427 0.259297997
v 4.75841999 0.0335329995 0.222780004
v 4.75840807 0.0325080007 0.222754002
v 4.75924587 0.0336639993 0.183577999
v 4.75923586 0.0326390006 0.183557004
v 4.75879717 0.031436 0.222716004
v 4.75808001 0.0313329995 0.259223014
v 4.75981808 0.0304269996 0.222662002
v 4.75907707 0.0303259995 0.259153992
v 4.75963402 0.0315649994 0.183525994
v 4.760674 0.0305519998 0.183485001
v 4.7574439 0.0312460009 0.293931007
v 4.75708199 0.0323159993 0.293985009
v 4.7568469 0.0311670005 0.327726007
v 4.75650215 0.0322370008 0.327787995
v 4.75841093 0.0302409995 0.293846995
v 4.75778103 0.0301629994 0.32762599
v 4.75710392 0.0333390012 0.294016987
v 4.75652981 0.033259999 0.327822
v 4.70238495 0.0339239985 0.871771991
v 4.70265484 0.0341870002 0.870568991
v 4.71056509 0.0342999995 0.82318902
v 4.71050787 0.034035001 0.823184013
v 4.7178421 0.034403 0.776746988
v 4.71778584 0.0341380015 0.776741982
v 4.70298004 0.0343829989 0.868963003
v 4.71060705 0.0344979987 0.823194027
v 4.71788502 0.0346009992 0.776750982
v 4.71042299 0.033636 0.823176026
v 4.70222902 0.0335259996 0.872165978
v 4.7102952 0.0330369994 0.823163986
v 4.70210218 0.032926999 0.872153997
v 4.7177 0.0337399989 0.776732981
v 4.71757317 0.03314 0.776721001
v 4.69342518 0.0334119983 0.92285502
v 4.69379282 0.0338080004 0.921252012
v 4.6843152 0.0332950018 0.97439301
v 4.68496704 0.0336889997 0.971180022
v 4.69329691 0.0328119993 0.922842979
v 4.68418694 0.0326949991 0.97438103
v 4.69469976 0.0340650007 0.916426003
v 4.69587612 0.0342530012 0.909986973
v 4.68672419 0.0339380018 0.961521029
v 4.690166 0.0341060013 0.942197025
v 4.70184898 0.0310360007 0.872085989
v 4.70191622 0.032060001 0.872135997
v 4.71011019 0.0321700014 0.823145986
v 4.71005011 0.0311450008 0.823096991
v 4.71738815 0.0322729982 0.776703
v 4.71733189 0.0312479995 0.776655018
v 4.7102952 0.0300750006 0.822991014
v 4.7020731 0.0299689993 0.871977985
v 4.71102715 0.0290680006 0.82280302
v 4.70276403 0.0289689992 0.871785998
v 4.71759319 0.0301750004 0.776552022
v 4.69323587 0.0298599992 0.922663987
v 4.69303608 0.0309229996 0.922774017
v 4.684093 0.0297490004 0.974197984
v 4.683918 0.0308079999 0.974310994
v 4.69387913 0.0288679991 0.92246598
v 4.6846838 0.0287660006 0.97399497
v 4.6931119 0.0319450013 0.922824979
v 4.68400192 0.0318280011 0.974363029
v 4.7746501 0.0333859995 0.0952600017
v 4.77470779 0.0336580016 0.0952629969
v 4.77369499 0.0335500017 0.140643999
v 4.77363682 0.0332790017 0.140640005
v 4.77259111 0.0334400013 0.183323994
v 4.77253294 0.0331690013 0.183319002
v 4.77475214 0.0338630006 0.0952650011
v 4.77373886 0.0337550007 0.140646994
v 4.77263498 0.0336450003 0.183328003
v 4.77355099 0.0328750014 0.140634
v 4.77456379 0.0329830013 0.0952560008
v 4.77342176 0.0322740003 0.140625998
v 4.774436 0.0323820002 0.095250003
v 4.77244711 0.0327650011 0.183312997
v 4.77231789 0.032164 0.183302
v 4.77531099 0.0330660008 0.0480780005
v 4.77539682 0.033468999 0.048080001
v 4.77561903 0.0331009999 0
v 4.77570391 0.0335040018 -0
v 4.7751832 0.0324640013 0.0480750017
v 4.77548981 0.0324999988 0
v 4.775455 0.0337399989 0.0480820015
v 4.77549887 0.033946 0.0480829999
v 4.77576303 0.0337760001 0
v 4.77580595 0.0339809991 0
v 4.77383709 0.0305700004 0.0952339992
v 4.77425098 0.0315160006 0.0952420011
v 4.77323818 0.0314089991 0.140614003
v 4.77282381 0.0304620005 0.140603006
v 4.77213383 0.0312989987 0.183286995
v 4.77172184 0.0303509999 0.183274999
v 4.77200985 0.0296160001 0.140597999
v 4.77301979 0.0297270007 0.0952289999
v 4.77062321 0.0290530007 0.140605003
v 4.7716279 0.0291690007 0.0952330008
v 4.77091408 0.0295020007 0.183272004
v 4.77376699 0.0298129991 0.0480640009
v 4.77458382 0.0306540001 0.0480660014
v 4.77407408 0.0298490003 0
v 4.7748909 0.0306889992 0
v 4.77237415 0.029259 0.0480649993
v 4.77499819 0.0315990001 0.0480710007
v 4.77530479 0.0316339992 0
v 4.7115612 0.0316990018 0.869892001
v 4.71184397 0.0319660008 0.868690014
v 4.70342779 0.0319209993 0.914497018
v 4.70246887 0.0316670015 0.91931802
v 4.69497299 0.0318779983 0.959541976
v 4.69311285 0.031640999 0.969190001
v 4.7121892 0.0321649984 0.867085993
v 4.70467377 0.0321029983 0.908065975
v 4.69862223 0.0320140012 0.940240026
v 4.70208311 0.0312700011 0.920919001
v 4.71140003 0.0312969983 0.870284975
v 4.70195389 0.0306679998 0.920906007
v 4.71127081 0.0306960009 0.870272994
v 4.6924262 0.0312489998 0.972398996
v 4.69229794 0.0306480005 0.972387016
v 4.72003698 0.0313379988 0.821345985
v 4.72012281 0.0317410007 0.821354985
v 4.72765493 0.0313990004 0.774948001
v 4.72774076 0.0318019986 0.774957001
v 4.71990919 0.0307369996 0.821334004
v 4.72752714 0.0307979994 0.77493602
v 4.72018099 0.0320120007 0.821359992
v 4.72022486 0.0322180018 0.821363986
v 4.72779894 0.0320740007 0.774962008
v 4.72784281 0.0322789997 0.774966002
v 4.71073294 0.0288800001 0.870263994
v 4.71108723 0.0298299994 0.870254993
v 4.70176983 0.0298030004 0.92088902
v 4.70142508 0.0288520008 0.920898974
v 4.69211292 0.0297829993 0.972369015
v 4.6917758 0.0288299993 0.972379982
v 4.70081282 0.0279920008 0.920970023
v 4.71009779 0.0280249994 0.870333016
v 4.69983292 0.0274030007 0.921135008
v 4.70907021 0.0274439994 0.870492995
v 4.6911912 0.0279660001 0.972454011
v 4.69026184 0.0273679998 0.972625017
v 4.71870804 0.0280699991 0.821390986
v 4.71936417 0.0289220009 0.821323991
v 4.72630501 0.0281339996 0.774990022
v 4.72697592 0.0289840009 0.774926007
v 4.71763802 0.0274960008 0.821546018
v 4.71972418 0.029871 0.821316004
v 4.72734308 0.0299319997 0.77491802
v 4.75619984 0.0323840007 0.538321972
v 4.75625801 0.0326550007 0.538327992
v 4.75226212 0.0325750001 0.576310992
v 4.75220394 0.0323040001 0.576304972
v 4.74806118 0.0324839987 0.614511013
v 4.74800301 0.0322129987 0.614506006
v 4.75630188 0.0328610018 0.538331985
v 4.75230598 0.0327799991 0.576314986
v 4.74810505 0.0326899998 0.61451602
v 4.75211811 0.0318999998 0.576296985
v 4.75611401 0.0319809988 0.538313985
v 4.75198984 0.0312989987 0.576285005
v 4.75598621 0.0313789994 0.538302004
v 4.74791718 0.0318100005 0.614498019
v 4.74778795 0.0312079992 0.614485025
v 4.75970602 0.0320560001 0.500874996
v 4.7597909 0.0324600004 0.500882983
v 4.76269484 0.0321319997 0.464307994
v 4.7627821 0.032536 0.46431601
v 4.7595768 0.031454999 0.500863016
v 4.76256704 0.0315309986 0.464296013
v 4.75985003 0.0327310003 0.500889003
v 4.75989389 0.0329359993 0.500892997
v 4.76283884 0.032807 0.464322001
v 4.76288414 0.033011999 0.464325994
v 4.75543118 0.0295650009 0.538289011
v 4.7558012 0.030514 0.538284004
v 4.75180483 0.0304339994 0.576267004
v 4.7514348 0.0294840001 0.576272011
v 4.74760294 0.0303429998 0.614467978
v 4.74723291 0.0293940008 0.614472985
v 4.75075006 0.0286309998 0.576328993
v 4.75474501 0.0287110005 0.538344026
v 4.74962091 0.0280530006 0.576466978
v 4.75361586 0.0281339996 0.538478017
v 4.74654722 0.0285410006 0.614531994
v 4.74541616 0.0279639997 0.614672005
v 4.75833416 0.0287870001 0.500901997
v 4.75902224 0.0296400003 0.500849009
v 4.76131487 0.0288629998 0.464329004
v 4.76200914 0.029716 0.464280009
v 4.75719976 0.0282099992 0.501030982
v 4.76016903 0.0282869991 0.464450985
v 4.75939322 0.0305899996 0.500845015
v 4.76238298 0.0306659993 0.464278013
v 4.73923922 0.0319960006 0.691452026
v 4.73929691 0.0322670005 0.691457987
v 4.7340579 0.0321619995 0.731953025
v 4.73400021 0.0318909995 0.731948018
v 4.72779894 0.0320740007 0.774962008
v 4.72774076 0.0318019986 0.774957001
v 4.73934078 0.0324730016 0.69146198
v 4.73410177 0.0323680006 0.731957018
v 4.72784281 0.0322789997 0.774966002
v 4.7339139 0.0314880013 0.731939018
v 4.73915291 0.0315929987 0.69144398
v 4.73378611 0.030886 0.731926978
v 4.73902512 0.0309909992 0.691431999
v 4.72765493 0.0313990004 0.774948001
v 4.72752714 0.0307979994 0.77493602
v 4.74370813 0.031702999 0.65258801
v 4.74379301 0.0321069993 0.65259701
v 4.74791718 0.0318100005 0.614498019
v 4.74800301 0.0322129987 0.614506006
v 4.74357891 0.0311019998 0.652576029
v 4.74385214 0.0323779993 0.652602017
v 4.74389601 0.0325829983 0.65260601
v 4.74806118 0.0324839987 0.614511013
v 4.74810505 0.0326899998 0.61451602
v 4.73847008 0.0291779991 0.691420972
v 4.7388401 0.0301259998 0.691413999
v 4.73360205 0.0300210007 0.731908977
v 4.73323202 0.029073 0.73191601
v 4.72734308 0.0299319997 0.77491802
v 4.72697592 0.0289840009 0.774926007
v 4.73255205 0.0282230005 0.731977999
v 4.73778391 0.0283269994 0.691480994
v 4.73143101 0.0276529994 0.732125998
v 4.7366538 0.0277549997 0.691626012
v 4.72630501 0.0281339996 0.774990022
v 4.72520399 0.0275640003 0.775141001
v 4.74233723 0.0284359995 0.652624011
v 4.74302387 0.0292879995 0.652565002
v 4.74654722 0.0285410006 0.614531994
v 4.74723291 0.0293940008 0.614472985
v 4.74120378 0.0278619993 0.652765989
v 4.7433939 0.0302370004 0.652558029
v 4.74760294 0.0303429998 0.614467978
v 4.76655483 0.0327010006 0.394470006
v 4.76646805 0.0322979987 0.394461989
v 4.76764011 0.0323799998 0.360570997
v 4.7677269 0.032784 0.360579014
v 4.76859522 0.0324589983 0.326959014
v 4.768682 0.0328620002 0.326968014
v 4.76633978 0.0316959992 0.394450009
v 4.76751184 0.0317789987 0.360558987
v 4.76846695 0.0318569988 0.326947004
v 4.76778507 0.033055 0.360585004
v 4.76661301 0.0329720005 0.394475996
v 4.76782894 0.033259999 0.360588998
v 4.76665592 0.0331780016 0.39447999
v 4.76873922 0.0331330001 0.326972991
v 4.76878405 0.0333390012 0.326977998
v 4.76502895 0.032887999 0.428952992
v 4.76497078 0.032616999 0.428947002
v 4.76283884 0.032807 0.464322001
v 4.7627821 0.032536 0.46431601
v 4.76507282 0.0330940001 0.428956985
v 4.76288414 0.033011999 0.464325994
v 4.764884 0.0322140008 0.428939015
v 4.76475716 0.0316120014 0.428927004
v 4.76269484 0.0321319997 0.464307994
v 4.76256704 0.0315309986 0.464296013
v 4.76577377 0.0298820008 0.394430995
v 4.76615477 0.0308309998 0.394432008
v 4.76457214 0.0307470001 0.428909004
v 4.76419497 0.0297979992 0.428909987
v 4.76238298 0.0306659993 0.464278013
v 4.76200914 0.029716 0.464280009
v 4.7634902 0.0289450008 0.428952992
v 4.7650528 0.0290280003 0.394468009
v 4.76232004 0.0283679999 0.429064006
v 4.76385307 0.0284509994 0.394564986
v 4.76131487 0.0288629998 0.464329004
v 4.76620197 0.0291109998 0.360567003
v 4.76694012 0.029964 0.360536993
v 4.76713324 0.0291889999 0.326945007
v 4.76788807 0.0300430004 0.326923013
v 4.76496696 0.0285340007 0.360650003
v 4.76732683 0.0309139993 0.360540986
v 4.76828194 0.0309919994 0.326929003
v 4.77054691 0.0330029987 0.258771002
v 4.77060509 0.0332739986 0.258776009
v 4.76967001 0.0332040004 0.293334991
v 4.76961184 0.0329330005 0.293329
v 4.76873922 0.0331330001 0.326972991
v 4.768682 0.0328620002 0.326968014
v 4.77064896 0.0334790014 0.258780003
v 4.76971388 0.0334089994 0.293339014
v 4.76878405 0.0333390012 0.326977998
v 4.769526 0.0325290002 0.293321013
v 4.77046108 0.0325989984 0.258762985
v 4.76939821 0.0319279991 0.293309003
v 4.77033281 0.031998001 0.258749992
v 4.76859522 0.0324589983 0.326959014
v 4.76846695 0.0318569988 0.326947004
v 4.7714262 0.0326760001 0.222390994
v 4.77151203 0.0330789983 0.222398996
v 4.77244711 0.0327650011 0.183312997
v 4.77253294 0.0331690013 0.183319002
v 4.77129698 0.0320740007 0.222378999
v 4.77231789 0.032164 0.183302
v 4.77157021 0.0333499983 0.222404003
v 4.77161407 0.0335559994 0.222407997
v 4.77259111 0.0334400013 0.183323994
v 4.77263498 0.0336450003 0.183328003
v 4.76974297 0.0301840007 0.258722007
v 4.7701478 0.0311329998 0.258733004
v 4.7692132 0.0310629997 0.293291003
v 4.76881409 0.0301140007 0.293282002
v 4.76828194 0.0309919994 0.326929003
v 4.76788807 0.0300430004 0.326923013
v 4.76804209 0.0292610005 0.293296009
v 4.76895714 0.0293320008 0.258729011
v 4.76673698 0.0286839996 0.293348014
v 4.76713324 0.0291889999 0.326945007
v 4.76586199 0.0286120009 0.327012986
v 4.76990509 0.0294100009 0.222351
v 4.77070379 0.0302610006 0.222350001
v 4.77091408 0.0295020007 0.183272004
v 4.77172184 0.0303509999 0.183274999
v 4.7685461 0.0288379993 0.222375005
v 4.76953602 0.0289340001 0.183284998
v 4.77111197 0.0312089995 0.222362995
v 4.77213383 0.0312989987 0.183286995
v 4.76700687 0.0293850005 -0.0952659994
v 4.76601887 0.0292489994 -0.140662998
v 4.76848984 0.0289549995 -0.140628994
v 4.76948786 0.029081 -0.0952460021
v 4.77062321 0.0290530007 -0.140605003
v 4.7716279 0.0291690007 -0.0952330008
v 4.76496983 0.0291099995 -0.183374003
v 4.76742077 0.0288280006 -0.183321998
v 4.76953602 0.0289340001 -0.183284998
v 4.7702322 0.0291779991 -0.0480710007
v 4.76774883 0.0294909999 -0.0480809994
v 4.77237415 0.029259 -0.0480649993
v 4.76533318 0.0301200002 -0.0480920002
v 4.76459408 0.0300060008 -0.0952899978
v 4.76339388 0.0309880003 -0.048103001
v 4.76265621 0.0308669992 -0.0953129977
v 4.76361513 0.0298590008 -0.140700996
v 4.76258707 0.0297100004 -0.183431
v 4.76168394 0.0307100005 -0.140737996
v 4.760674 0.0305519998 -0.183485001
v 4.76321507 0.0289089996 -0.258947015
v 4.76091719 0.0294950008 -0.259056002
v 4.76020098 0.0294129997 -0.293724
v 4.76243877 0.0288299993 -0.293583989
v 4.75951576 0.0293359999 -0.327477008
v 4.76168585 0.0287549999 -0.327306002
v 4.75907612 0.0303259995 -0.259153992
v 4.75840998 0.0302409995 -0.293846995
v 4.75778008 0.0301629994 -0.32762599
v 4.7647438 0.0285640005 -0.293451995
v 4.76557922 0.0286389999 -0.258843988
v 4.76673698 0.0286839996 -0.293348014
v 4.76762199 0.0287570003 -0.258765996
v 4.76392412 0.0284909997 -0.327142
v 4.76586199 0.0286120009 -0.327012986
v 4.7664609 0.0287250001 -0.222431004
v 4.76404715 0.0289999992 -0.222506002
v 4.76742077 0.0288280006 -0.183321998
v 4.76496983 0.0291099995 -0.183374003
v 4.7685461 0.0288379993 -0.222375005
v 4.76953602 0.0289340001 -0.183284998
v 4.76170015 0.0295909997 -0.222588003
v 4.75981808 0.0304269996 -0.222662002
v 4.76258707 0.0297100004 -0.183431
v 4.760674 0.0305519998 -0.183485001
v 4.75993395 0.0285960007 -0.39497
v 4.75851297 0.0285139997 -0.429515988
v 4.76055002 0.0282480009 -0.429266006
v 4.76203203 0.0283300001 -0.394746006
v 4.76232004 0.0283679999 -0.429064006
v 4.76385307 0.0284509994 -0.394566
v 4.75644779 0.0284330007 -0.464942008
v 4.75843716 0.028167 -0.464670002
v 4.76016903 0.0282869991 -0.464450985
v 4.76308823 0.0284119993 -0.360805988
v 4.76092196 0.0286769997 -0.361001015
v 4.76392412 0.0284909997 -0.327142
v 4.76168585 0.0287549999 -0.327306002
v 4.76496696 0.0285340007 -0.360650003
v 4.75882292 0.0292569995 -0.361202002
v 4.75790501 0.0291770007 -0.395200998
v 4.75714684 0.0300840009 -0.361377001
v 4.7562871 0.0300050005 -0.395399988
v 4.75951576 0.0293359999 -0.327477008
v 4.75778008 0.0301629994 -0.32762599
v 4.75654507 0.0290959999 -0.429773003
v 4.75452518 0.0290159993 -0.465220004
v 4.75497818 0.0299249999 -0.429993987
v 4.75299597 0.0298449993 -0.465458989
v 4.74995899 0.0282770004 -0.539014995
v 4.75191498 0.028012 -0.538717985
v 4.75548983 0.0280900002 -0.501263022
v 4.75352478 0.0283550005 -0.501549006
v 4.75843716 0.028167 -0.464670002
v 4.75644779 0.0284330007 -0.464942008
v 4.75361681 0.0281339996 -0.538478017
v 4.75719976 0.0282099992 -0.501030982
v 4.76016903 0.0282869991 -0.464450985
v 4.75162792 0.0289370008 -0.501842022
v 4.74807215 0.0288580004 -0.539318979
v 4.75012016 0.0297650006 -0.502093971
v 4.74657202 0.029685 -0.539578974
v 4.75452518 0.0290159993 -0.465220004
v 4.75299597 0.0298449993 -0.465458989
v 4.74407578 0.0287769996 -0.577327013
v 4.74596405 0.0281959996 -0.577017009
v 4.7398591 0.0286929999 -0.615545988
v 4.74175119 0.0281099994 -0.615230978
v 4.74257708 0.0296039991 -0.577593029
v 4.73835611 0.0295209996 -0.615815997
v 4.74791908 0.0279319994 -0.576713026
v 4.74962091 0.0280530006 -0.576466978
v 4.74371099 0.0278440006 -0.614921987
v 4.74541616 0.0279639997 -0.614672005
v 4.73299217 0.0279200003 -0.692203999
v 4.72780323 0.0278229993 -0.732713997
v 4.72974205 0.0275439993 -0.732389987
v 4.73495007 0.0276430007 -0.691884995
v 4.73143101 0.0276529994 -0.732125998
v 4.73665285 0.0277549997 -0.691626012
v 4.72164488 0.0277319998 -0.775741994
v 4.72354603 0.027454 -0.775409997
v 4.72520399 0.0275640003 -0.775141001
v 4.73949623 0.0277459994 -0.653020978
v 4.737535 0.0280169994 -0.653334975
v 4.74371099 0.0278440006 -0.614921987
v 4.74175119 0.0281099994 -0.615230978
v 4.74120378 0.0278619993 -0.652765989
v 4.73564005 0.0286040008 -0.653654993
v 4.73110294 0.0285119992 -0.692529023
v 4.7341342 0.0294359997 -0.653928995
v 4.72960091 0.0293489993 -0.692807019
v 4.7398591 0.0286929999 -0.615545988
v 4.73835611 0.0295209996 -0.615815997
v 4.72593212 0.0284189992 -0.733044982
v 4.71981192 0.0283259992 -0.776078999
v 4.72444582 0.0292579997 -0.733327985
v 4.71835804 0.0291649997 -0.776368022
v 4.70578194 0.0275740009 -0.871125996
v 4.69672203 0.0275030006 -0.921787977
v 4.69837904 0.0272620004 -0.921428025
v 4.70753622 0.0273170006 -0.870777011
v 4.69983292 0.0274030007 -0.921135008
v 4.70907021 0.0274439994 -0.870492995
v 4.68733788 0.0274340007 -0.973297
v 4.68889284 0.0272119995 -0.972926021
v 4.69026184 0.0273679998 -0.972625017
v 4.71603489 0.0273790006 -0.821821988
v 4.71419811 0.0276490003 -0.822161973
v 4.72354603 0.027454 -0.775409997
v 4.72164488 0.0277319998 -0.775741994
v 4.71763802 0.0274960008 -0.821546018
v 4.72520399 0.0275640003 -0.775141001
v 4.71242809 0.0282359999 -0.822507977
v 4.70409584 0.0281479992 -0.871482015
v 4.71102715 0.0290680006 -0.82280302
v 4.70276403 0.0289689992 -0.871785998
v 4.71981192 0.0283259992 -0.776078999
v 4.71835804 0.0291649997 -0.776368022
v 4.69513083 0.0280600004 -0.922154009
v 4.6858511 0.0279740002 -0.973673999
v 4.69387913 0.0288679991 -0.92246598
v 4.6846838 0.0287660006 -0.97399497
v 4.75555086 0.0349679999 -0.395684987
v 4.7563529 0.0350469984 -0.361636996
v 4.75641012 0.0353120007 -0.361642987
v 4.75560808 0.0352320001 -0.395689994
v 4.75645304 0.0355099998 -0.36164701
v 4.755651 0.0354299992 -0.395693988
v 4.75692701 0.0351260006 -0.327859998
v 4.75698423 0.0353909992 -0.327865988
v 4.75702715 0.0355889983 -0.327870011
v 4.75434923 0.0351530015 -0.430305988
v 4.75429201 0.0348879993 -0.430301011
v 4.75240707 0.0350730009 -0.465788007
v 4.75234985 0.0348079987 -0.465783
v 4.75439215 0.0353510007 -0.430310011
v 4.75244904 0.0352710001 -0.465792
v 4.75420809 0.0344889984 -0.43029201
v 4.75546598 0.034568999 -0.395677
v 4.75407887 0.0338900015 -0.43028
v 4.75533819 0.033969 -0.395664006
v 4.75226498 0.0344090015 -0.465775013
v 4.75213718 0.0338100009 -0.465761989
v 4.75626898 0.0346480012 -0.361629009
v 4.75684309 0.0347269997 -0.327852011
v 4.75614023 0.0340479985 -0.361616999
v 4.75671482 0.0341279991 -0.32784
v 4.75511408 0.0320780016 -0.395606995
v 4.75592184 0.0321579985 -0.361562014
v 4.75595522 0.0331810005 -0.361598998
v 4.75515318 0.0331019983 -0.395646989
v 4.75650215 0.0322370008 -0.327787995
v 4.75652981 0.033259999 -0.327822
v 4.75389385 0.0330229998 -0.430261999
v 4.75384998 0.0319989994 -0.430220991
v 4.75195217 0.0329429992 -0.465745002
v 4.75190401 0.0319189988 -0.465701014
v 4.75414515 0.0309289992 -0.430137992
v 4.75542402 0.0310089998 -0.395530999
v 4.75497818 0.0299249999 -0.429993987
v 4.7562871 0.0300050005 -0.395399988
v 4.75218678 0.0308490004 -0.465613008
v 4.75624895 0.0310880002 -0.361492991
v 4.7568469 0.0311670005 -0.327726007
v 4.75714684 0.0300840009 -0.361377001
v 4.72898197 0.0343209989 -0.693171024
v 4.73351097 0.0344039984 -0.654287994
v 4.73356819 0.0346690007 -0.654293001
v 4.72903919 0.0345860012 -0.693175972
v 4.73361015 0.0348669998 -0.654298007
v 4.72908115 0.0347840004 -0.693180025
v 4.73773479 0.0344850011 -0.616171002
v 4.73779202 0.0347499996 -0.616177022
v 4.73783398 0.0349479988 -0.616181016
v 4.72389889 0.0344979987 -0.733700991
v 4.72384214 0.0342330001 -0.733695984
v 4.71784306 0.034403 -0.776746988
v 4.71778584 0.0341380015 -0.776741982
v 4.72394085 0.0346960016 -0.733705997
v 4.71788502 0.0346009992 -0.776750982
v 4.72375679 0.0338339992 -0.733687997
v 4.72889709 0.0339220017 -0.693162024
v 4.723629 0.0332349986 -0.733676016
v 4.72876883 0.033321999 -0.693149984
v 4.71770096 0.0337399989 -0.776732981
v 4.71757317 0.03314 -0.776721001
v 4.73342609 0.0340050012 -0.654280007
v 4.73764992 0.0340860002 -0.616163015
v 4.73329782 0.0334060006 -0.654267013
v 4.73752213 0.0334869996 -0.616150975
v 4.72853279 0.0314310007 -0.693085015
v 4.73306322 0.0315140001 -0.654202998
v 4.73311281 0.0325389989 -0.654250026
v 4.72858381 0.032455001 -0.693131983
v 4.73728704 0.0315960012 -0.616087019
v 4.73733711 0.0326200016 -0.616132975
v 4.72344398 0.0323669985 -0.733658016
v 4.72339201 0.0313419998 -0.733609974
v 4.71738815 0.0322729982 -0.776703
v 4.71733189 0.0312479995 -0.776655018
v 4.7236619 0.0302690007 -0.733507991
v 4.72880793 0.0303579997 -0.692984998
v 4.72444582 0.0292579997 -0.733327985
v 4.72960091 0.0293489993 -0.692807019
v 4.71759319 0.0301750004 -0.776552022
v 4.71835804 0.0291649997 -0.776368022
v 4.73333883 0.0304429997 -0.654103994
v 4.73756218 0.0305259991 -0.615989029
v 4.7341342 0.0294359997 -0.653928995
v 4.76160002 0.0358619988 -0.0953769982
v 4.76233721 0.0359899998 -0.0481350012
v 4.762393 0.0362549983 -0.0481359996
v 4.76165724 0.036127001 -0.0953800008
v 4.76243591 0.0364530012 -0.0481370017
v 4.76170015 0.0363250002 -0.0953819975
v 4.76069403 0.0359609984 -0.140836999
v 4.76063681 0.0356959999 -0.140833005
v 4.75969982 0.0357949995 -0.183614999
v 4.75964403 0.0355300009 -0.183611006
v 4.76073599 0.0361590013 -0.140839994
v 4.75974321 0.0359929986 -0.183618993
v 4.76055098 0.035298001 -0.140827999
v 4.76151609 0.0354630016 -0.0953729972
v 4.76042414 0.0346979983 -0.140818998
v 4.76138783 0.034864001 -0.0953669995
v 4.75955915 0.035131 -0.183604002
v 4.75943089 0.034531001 -0.183593005
v 4.76225185 0.0355920009 -0.0481330007
v 4.76212406 0.0349919982 -0.0481299981
v 4.76119614 0.0329700001 -0.0953470021
v 4.7619319 0.0330969989 -0.0481199995
v 4.76193905 0.0341250002 -0.0481249988
v 4.76120186 0.0339969993 -0.0953589976
v 4.76023912 0.0338310003 -0.140807003
v 4.76023102 0.0328049995 -0.140790001
v 4.75924587 0.0336639993 -0.183577999
v 4.75923586 0.0326390006 -0.183557004
v 4.7606349 0.0317279994 -0.140766993
v 4.76160097 0.0318900011 -0.0953319967
v 4.76168394 0.0307100005 -0.140737996
v 4.76265621 0.0308669992 -0.0953129977
v 4.75963402 0.0315649994 -0.183525994
v 4.76233912 0.0320160016 -0.0481120013
v 4.76339388 0.0309880003 -0.048103001
v 4.74595499 0.0346469991 -0.539923012
v 4.74949503 0.0347280018 -0.502430022
v 4.74955082 0.0349930003 -0.502435982
v 4.74601221 0.0349120013 -0.539928973
v 4.74959278 0.0351909995 -0.502439976
v 4.74605417 0.0351100005 -0.539933026
v 4.75234985 0.0348079987 -0.465783
v 4.75240707 0.0350730009 -0.465788007
v 4.75244904 0.0352710001 -0.465792
v 4.74201488 0.0348309986 -0.577948987
v 4.7419591 0.0345660001 -0.577943027
v 4.73779202 0.0347499996 -0.616177022
v 4.73773479 0.0344850011 -0.616171002
v 4.7420578 0.0350290015 -0.577952981
v 4.73783398 0.0349479988 -0.616181016
v 4.74187422 0.0341669992 -0.57793498
v 4.74587011 0.0342479981 -0.539915025
v 4.74174595 0.0335679986 -0.577923
v 4.74574184 0.0336490013 -0.539902985
v 4.73764992 0.0340860002 -0.616163015
v 4.74941015 0.0343290009 -0.502421975
v 4.75226498 0.0344090015 -0.465775013
v 4.74928093 0.0337300003 -0.502409995
v 4.75213718 0.0338100009 -0.465761989
v 4.74550581 0.0317579992 -0.539839983
v 4.74904585 0.0318389982 -0.502346992
v 4.74909592 0.0328629985 -0.502391994
v 4.74555683 0.0327819996 -0.539884984
v 4.75190401 0.0319189988 -0.465701014
v 4.75195217 0.0329429992 -0.465745002
v 4.74156094 0.0327010006 -0.577904999
v 4.74150991 0.0316770002 -0.577858984
v 4.73733711 0.0326200016 -0.616132975
v 4.73728704 0.0315960012 -0.616087019
v 4.74178505 0.0306080002 -0.577763021
v 4.74577999 0.0306889992 -0.539744973
v 4.74257708 0.0296039991 -0.577593029
v 4.73756218 0.0305259991 -0.615989029
v 4.73835611 0.0295209996 -0.615815997
v 4.74932289 0.0307689998 -0.502255023
v 4.75218678 0.0308490004 -0.465613008
v 4.75012016 0.0297650006 -0.502093971
v 4.75299597 0.0298449993 -0.465458989
v 4.75811815 0.0352930017 -0.259335011
v 4.75881815 0.035397999 -0.222816005
v 4.75887394 0.0356630012 -0.222820997
v 4.75817394 0.0355580002 -0.259341002
v 4.75891685 0.0358610004 -0.222825006
v 4.75821686 0.0357559994 -0.259344995
v 4.75964403 0.0355300009 -0.183611006
v 4.75969982 0.0357949995 -0.183614999
v 4.75974321 0.0359929986 -0.183618993
v 4.75755787 0.0354700014 -0.294059992
v 4.75750208 0.0352049991 -0.294055015
v 4.75698423 0.0353909992 -0.327865988
v 4.75692701 0.0351260006 -0.327859998
v 4.75760078 0.0356680006 -0.294063985
v 4.75702715 0.0355889983 -0.327870011
v 4.7574172 0.0348059982 -0.294046998
v 4.7580328 0.0348940007 -0.259326994
v 4.75728893 0.0342070013 -0.294034004
v 4.75790501 0.0342940018 -0.259315014
v 4.75684309 0.0347269997 -0.327852011
v 4.75671482 0.0341279991 -0.32784
v 4.7587328 0.0349990018 -0.222808003
v 4.75955915 0.035131 -0.183604002
v 4.758605 0.0344000012 -0.222797006
v 4.75943089 0.034531001 -0.183593005
v 4.75770283 0.0324029997 -0.259268999
v 4.75840807 0.0325080007 -0.222754002
v 4.75841999 0.0335329995 -0.222780004
v 4.75771999 0.033427 -0.259297997
v 4.75923586 0.0326390006 -0.183557004
v 4.75924587 0.0336639993 -0.183577999
v 4.75710392 0.0333390012 -0.294016987
v 4.75708199 0.0323159993 -0.293985009
v 4.75652981 0.033259999 -0.327822
v 4.75650215 0.0322370008 -0.327787995
v 4.7574439 0.0312460009 -0.293931007
v 4.75808001 0.0313329995 -0.259223014
v 4.75840998 0.0302409995 -0.293846995
v 4.75907612 0.0303259995 -0.259153992
v 4.7568469 0.0311670005 -0.327726007
v 4.75778008 0.0301629994 -0.32762599
v 4.75879717 0.031436 -0.222716004
v 4.75963402 0.0315649994 -0.183525994
v 4.75981808 0.0304269996 -0.222662002
v 4.760674 0.0305519998 -0.183485001
v 4.7023859 0.0339239985 -0.871771991
v 4.71050787 0.034035001 -0.823184013
v 4.71056509 0.0342999995 -0.82318902
v 4.70265484 0.0341870002 -0.870568991
v 4.71060705 0.0344979987 -0.823194027
v 4.70298004 0.0343829989 -0.868963003
v 4.71778584 0.0341380015 -0.776741982
v 4.71784306 0.034403 -0.776746988
v 4.71788502 0.0346009992 -0.776750982
v 4.69469976 0.0340650007 -0.916426003
v 4.69379282 0.0338080004 -0.921252012
v 4.68672419 0.0339380018 -0.961521029
v 4.68496704 0.0336889997 -0.971180022
v 4.69587612 0.0342530012 -0.909986973
v 4.690166 0.0341060013 -0.942197025
v 4.69342518 0.0334119983 -0.92285502
v 4.70222902 0.0335259996 -0.872165978
v 4.69329691 0.0328119993 -0.922842979
v 4.70210218 0.032926999 -0.872153997
v 4.6843152 0.0332950018 -0.97439301
v 4.68418694 0.0326949991 -0.97438103
v 4.71042299 0.033636 -0.823176026
v 4.71770096 0.0337399989 -0.776732981
v 4.7102952 0.0330369994 -0.823163986
v 4.71757317 0.03314 -0.776721001
v 4.70184898 0.0310360007 -0.872085989
v 4.71005011 0.0311450008 -0.823096991
v 4.71011019 0.0321700014 -0.823145986
v 4.70191622 0.032060001 -0.872135997
v 4.71733189 0.0312479995 -0.776655018
v 4.71738815 0.0322729982 -0.776703
v 4.6931119 0.0319450013 -0.922824979
v 4.69303608 0.0309229996 -0.922774017
v 4.68400192 0.0318280011 -0.974363029
v 4.683918 0.0308079999 -0.974310994
v 4.69323587 0.0298599992 -0.922663987
v 4.7020731 0.0299689993 -0.871977985
v 4.69387913 0.0288679991 -0.92246598
v 4.70276403 0.0289689992 -0.871785998
v 4.684093 0.0297490004 -0.974197984
v 4.6846838 0.0287660006 -0.97399497
v 4.7102952 0.0300750006 -0.822991014
v 4.71759319 0.0301750004 -0.776552022
v 4.71102715 0.0290680006 -0.82280302
v 4.7746501 0.0333859995 -0.0952600017
v 4.77363682 0.0332790017 -0.140640005
v 4.77369499 0.0335500017 -0.140643999
v 4.77470779 0.0336580016 -0.0952629969
v 4.77373886 0.0337550007 -0.140646994
v 4.77475214 0.0338630006 -0.0952650011
v 4.77253294 0.0331690013 -0.183319002
v 4.77259111 0.0334400013 -0.183323994
v 4.77263498 0.0336450003 -0.183328003
v 4.775455 0.0337399989 -0.0480820015
v 4.77539682 0.033468999 -0.048080001
v 4.77549887 0.033946 -0.0480829999
v 4.77531099 0.0330660008 -0.0480780005
v 4.77456379 0.0329830013 -0.0952560008
v 4.7751832 0.0324640013 -0.0480750017
v 4.774436 0.0323820002 -0.095250003
v 4.77355099 0.0328750014 -0.140634
v 4.77244711 0.0327650011 -0.183312997
v 4.77342319 0.0322740003 -0.140625998
v 4.77231789 0.032164 -0.183302
v 4.77383709 0.0305700004 -0.0952339992
v 4.77282476 0.0304620005 -0.140603006
v 4.77323818 0.0314089991 -0.140614003
v 4.77425098 0.0315160006 -0.0952420011
v 4.77172184 0.0303509999 -0.183274999
v 4.77213287 0.0312989987 -0.183286995
v 4.77499819 0.0315990001 -0.0480710007
v 4.77458382 0.0306540001 -0.0480660014
v 4.77376699 0.0298129991 -0.0480640009
v 4.77301979 0.0297270007 -0.0952289999
v 4.77237415 0.029259 -0.0480649993
v 4.7716279 0.0291690007 -0.0952330008
v 4.77200985 0.0296160001 -0.140597999
v 4.77091408 0.0295020007 -0.183272004
v 4.77062321 0.0290530007 -0.140605003
v 4.7115612 0.0316990018 -0.869890988
v 4.70246887 0.0316670015 -0.91931802
v 4.70342779 0.0319209993 -0.914497018
v 4.71184397 0.0319660008 -0.868690014
v 4.70467377 0.0321029983 -0.908065975
v 4.7121892 0.0321649984 -0.867085993
v 4.69311285 0.031640999 -0.969190001
v 4.69497299 0.0318779983 -0.959541976
v 4.69862223 0.0320140012 -0.940240026
v 4.72018099 0.0320120007 -0.821359992
v 4.72012281 0.0317410007 -0.821354985
v 4.72779894 0.0320740007 -0.774962008
v 4.72774076 0.0318019986 -0.774957001
v 4.72022486 0.0322180018 -0.821363986
v 4.72784281 0.0322789997 -0.774966002
v 4.72003698 0.0313379988 -0.821345985
v 4.71140003 0.0312969983 -0.870284975
v 4.71990919 0.0307369996 -0.821334004
v 4.71127081 0.0306960009 -0.870272994
v 4.72765493 0.0313990004 -0.774948001
v 4.72752714 0.0307979994 -0.77493602
v 4.70208311 0.0312700011 -0.920919001
v 4.6924262 0.0312489998 -0.972398996
v 4.70195389 0.0306679998 -0.920906007
v 4.69229794 0.0306480005 -0.972387016
v 4.71073294 0.0288800001 -0.870263994
v 4.70142508 0.0288520008 -0.920898974
v 4.70176983 0.0298030004 -0.92088902
v 4.71108723 0.0298299994 -0.870254993
v 4.6917758 0.0288299993 -0.972379982
v 4.69211292 0.0297829993 -0.972369015
v 4.71972418 0.029871 -0.821316004
v 4.71936321 0.0289220009 -0.821323991
v 4.72734213 0.0299319997 -0.77491802
v 4.72697592 0.0289840009 -0.774926007
v 4.71870804 0.0280699991 -0.821389973
v 4.71009779 0.0280249994 -0.870333016
v 4.71763802 0.0274960008 -0.821546018
v 4.70907021 0.0274439994 -0.870492995
v 4.72630501 0.0281339996 -0.774990022
v 4.70081377 0.0279920008 -0.920970023
v 4.6911912 0.0279660001 -0.972454011
v 4.69983292 0.0274030007 -0.921135008
v 4.69026184 0.0273679998 -0.972625017
v 4.75619984 0.0323840007 -0.538321972
v 4.7522049 0.0323040001 -0.576304972
v 4.75226307 0.0325750001 -0.576310992
v 4.75625801 0.0326550007 -0.538327992
v 4.75230598 0.0327799991 -0.576314986
v 4.75630188 0.0328610018 -0.538331985
v 4.74800301 0.0322129987 -0.614506006
v 4.74806118 0.0324839987 -0.614511013
v 4.74810505 0.0326899998 -0.61451602
v 4.75985003 0.0327310003 -0.500889003
v 4.7597909 0.0324600004 -0.500883996
v 4.76283884 0.032807 -0.464322001
v 4.7627821 0.032536 -0.46431601
v 4.75989389 0.0329359993 -0.500892997
v 4.76288414 0.033011999 -0.464325994
v 4.75970602 0.0320560001 -0.500874996
v 4.75611401 0.0319809988 -0.538313985
v 4.7595768 0.031454999 -0.500863016
v 4.75598621 0.0313789994 -0.538302004
v 4.76269484 0.0321319997 -0.464307994
v 4.76256704 0.0315309986 -0.464296013
v 4.75211906 0.0318999998 -0.576296985
v 4.74791718 0.0318100005 -0.614498019
v 4.75198984 0.0312989987 -0.576285005
v 4.74778795 0.0312079992 -0.614485025
v 4.75543118 0.0295650009 -0.538289011
v 4.7514348 0.0294840001 -0.576272011
v 4.75180483 0.0304339994 -0.576267004
v 4.7558012 0.030514 -0.538284004
v 4.74723291 0.0293940008 -0.614472985
v 4.74760294 0.0303429998 -0.614467978
v 4.75939322 0.0305899996 -0.500845015
v 4.75902224 0.0296400003 -0.500849009
v 4.76238203 0.0306659993 -0.464278013
v 4.76200914 0.029716 -0.464280009
v 4.75833416 0.0287870001 -0.500901997
v 4.75474501 0.0287110005 -0.538344026
v 4.75719976 0.0282099992 -0.501030982
v 4.75361681 0.0281339996 -0.538478017
v 4.76131487 0.0288629998 -0.464329004
v 4.76016903 0.0282869991 -0.464450985
v 4.75075006 0.0286309998 -0.576328993
v 4.74654722 0.0285410006 -0.614531994
v 4.74962091 0.0280530006 -0.576466978
v 4.74541616 0.0279639997 -0.614672005
v 4.73923922 0.0319960006 -0.691452026
v 4.73400021 0.0318909995 -0.731948018
v 4.73405886 0.0321619995 -0.731953025
v 4.73929691 0.0322670005 -0.691457987
v 4.73410177 0.0323680006 -0.731957018
v 4.73934078 0.0324730016 -0.69146198
v 4.72774076 0.0318019986 -0.774957001
v 4.72779894 0.0320740007 -0.774962008
v 4.72784281 0.0322789997 -0.774966002
v 4.74385214 0.0323779993 -0.652602017
v 4.74379301 0.0321069993 -0.65259701
v 4.74806118 0.0324839987 -0.614511013
v 4.74800301 0.0322129987 -0.614506006
v 4.74389601 0.0325829983 -0.65260601
v 4.74810505 0.0326899998 -0.61451602
v 4.74370813 0.031702999 -0.65258801
v 4.73915291 0.0315929987 -0.69144398
v 4.74357891 0.0311019998 -0.652576029
v 4.73902416 0.0309909992 -0.691431999
v 4.74791718 0.0318100005 -0.614498019
v 4.7339139 0.0314880013 -0.731939018
v 4.72765493 0.0313990004 -0.774948001
v 4.73378611 0.030886 -0.731926978
v 4.72752714 0.0307979994 -0.77493602
v 4.73846912 0.0291779991 -0.691420972
v 4.73323298 0.029073 -0.73191601
v 4.73360205 0.0300210007 -0.731908977
v 4.7388401 0.0301259998 -0.691413999
v 4.72697592 0.0289840009 -0.774926007
v 4.72734213 0.0299319997 -0.77491802
v 4.7433939 0.0302370004 -0.652558029
v 4.74302292 0.0292879995 -0.652565002
v 4.74760294 0.0303429998 -0.614467978
v 4.74723291 0.0293940008 -0.614472985
v 4.74233723 0.0284359995 -0.652624011
v 4.73778296 0.0283269994 -0.691480994
v 4.74120378 0.0278619993 -0.652765989
v 4.73665285 0.0277549997 -0.691626012
v 4.74654722 0.0285410006 -0.614531994
v 4.73255205 0.0282230005 -0.731977999
v 4.72630501 0.0281339996 -0.774990022
v 4.73143101 0.0276529994 -0.732125998
v 4.72520399 0.0275640003 -0.775141001
v 4.76655483 0.0327010006 -0.394470006
v 4.76772594 0.032784 -0.360579014
v 4.76764107 0.0323799998 -0.360570997
v 4.766469 0.0322979987 -0.394461989
v 4.76751184 0.0317789987 -0.360558987
v 4.76633978 0.0316959992 -0.394450009
v 4.768682 0.0328620002 -0.326968014
v 4.76859522 0.0324589983 -0.326959014
v 4.76846695 0.0318569988 -0.326947004
v 4.76488495 0.0322140008 -0.428939015
v 4.76497078 0.032616999 -0.428947002
v 4.76269484 0.0321319997 -0.464307994
v 4.7627821 0.032536 -0.46431601
v 4.76475716 0.0316120014 -0.428927004
v 4.76256704 0.0315309986 -0.464296013
v 4.76502895 0.032887999 -0.428952992
v 4.76661301 0.0329720005 -0.394475996
v 4.76507282 0.0330940001 -0.428956985
v 4.76665592 0.0331780016 -0.39447999
v 4.76283884 0.032807 -0.464322001
v 4.76288414 0.033011999 -0.464325994
v 4.76778507 0.033055 -0.360585004
v 4.76873922 0.0331330001 -0.326972991
v 4.76782894 0.033259999 -0.360588998
v 4.76878405 0.0333390012 -0.326977998
v 4.76577377 0.0298820008 -0.394430995
v 4.76419401 0.0297979992 -0.428909987
v 4.76457214 0.0307470001 -0.428909004
v 4.76615477 0.0308309998 -0.394432008
v 4.76200914 0.029716 -0.464280009
v 4.76238203 0.0306659993 -0.464278013
v 4.76732683 0.0309139993 -0.360540986
v 4.76694012 0.029964 -0.360536993
v 4.76828194 0.0309919994 -0.326929003
v 4.76788807 0.0300430004 -0.326923013
v 4.76620197 0.0291109998 -0.360567003
v 4.7650528 0.0290280003 -0.394468009
v 4.76496696 0.0285340007 -0.360650003
v 4.76385307 0.0284509994 -0.394566
v 4.76713324 0.0291889999 -0.326945007
v 4.7634902 0.0289450008 -0.428952992
v 4.76131487 0.0288629998 -0.464329004
v 4.76232004 0.0283679999 -0.429064006
v 4.77054691 0.0330029987 -0.258771002
v 4.76961184 0.0329330005 -0.293329
v 4.76967001 0.0332040004 -0.293334991
v 4.77060509 0.0332739986 -0.258776009
v 4.76971388 0.0334089994 -0.293339014
v 4.77064896 0.0334790014 -0.258780003
v 4.768682 0.0328620002 -0.326968014
v 4.76873922 0.0331330001 -0.326972991
v 4.76878405 0.0333390012 -0.326977998
v 4.77157021 0.0333499983 -0.222404003
v 4.77151203 0.0330789983 -0.222398996
v 4.77259111 0.0334400013 -0.183323994
v 4.77253294 0.0331690013 -0.183319002
v 4.77161407 0.0335559994 -0.222407997
v 4.77263498 0.0336450003 -0.183328003
v 4.7714262 0.0326760001 -0.222390994
v 4.77046108 0.0325989984 -0.258762985
v 4.77129698 0.0320740007 -0.222378999
v 4.77033281 0.031998001 -0.258749992
v 4.77244711 0.0327650011 -0.183312997
v 4.77231789 0.032164 -0.183302
v 4.769526 0.0325290002 -0.293321013
v 4.76859522 0.0324589983 -0.326959014
v 4.76939821 0.0319279991 -0.293309003
v 4.76846695 0.0318569988 -0.326947004
v 4.76974392 0.0301840007 -0.258722007
v 4.76881409 0.0301140007 -0.293282002
v 4.76921415 0.0310629997 -0.293291003
v 4.7701478 0.0311329998 -0.258733004
v 4.76788807 0.0300430004 -0.326923013
v 4.76828194 0.0309919994 -0.326929003
v 4.77111197 0.0312089995 -0.222362995
v 4.77070379 0.0302610006 -0.222350001
v 4.77213287 0.0312989987 -0.183286995
v 4.77172184 0.0303509999 -0.183274999
v 4.76990509 0.0294100009 -0.222351
v 4.76895714 0.0293320008 -0.258729011
v 4.7685461 0.0288379993 -0.222375005
v 4.77091408 0.0295020007 -0.183272004
v 4.76953602 0.0289340001 -0.183284998
v 4.76804209 0.0292610005 -0.293296009
v 4.76713324 0.0291889999 -0.326945007
v 4.76673698 0.0286839996 -0.293348014
v 4.76586199 0.0286120009 -0.327012986
vt 0.5 0.5
vt 0.5 0.25
vt 0.25 0.25
vt 0.25 0.5
vt 0 0.25
vt 0 0.5
vt 0.5 0
vt 0.25 0
vt 0 0
vt 0.25 0.75
vt 0.5 0.75
vt 0.25 1
vt 0.5 1
vt 0 0.75
vt 0 1
vt 0.75 0.75
vt 0.75 0.5
vt 1 0.75
vt 1 0.5
vt 0.75 1
vt 1 1
vt 0.75 0.25
vt 0.75 0
vt 1 0.25
vt 1 0
vt 0.5 0.5
vt 0.25 0.5
vt 0.25 0.25
vt 0.5 0.25
vt 0.25 0
vt 0.5 0
vt 0 0.5
vt 0 0.25
vt 0 0
vt 0.75 0.25
vt 0.75 0.5
vt 1 0.25
vt 1 0.5
vt 0.75 0
vt 1 0
vt 0.75 0.75
vt 0.5 0.75
vt 0.75 1
vt 0.5 1
vt 1 0.75
vt 1 1
vt 0.25 0.75
vt 0 0.75
vt 0.25 1
vt 0 1
vt 0.5 0.5
vt 0.25 0.5
vt 0.25 0.25
vt 0.5 0.25
vt 0.25 0
vt 0.5 0
vt 0 0.5
vt 0 0.25
vt 0 0
vt 0.75 0.25
vt 0.75 0.5
vt 1 0.25
vt 1 0.5
vt 0.75 0
vt 1 0
vt 0.75 0.75
vt 0.5 0.75
vt 0.75 1
vt 0.5 1
vt 1 0.75
vt 1 1
vt 0.25 0.75
vt 0 0.75
vt 0.25 1
vt 0.5 0.5
vt 0.5 0.75
vt 0.75 0.75
vt 0.75 0.5
vt 1 0.75
vt 1 0.5
vt 0.5 1
vt 0.75 1
vt 1 1
vt 0.75 0.25
vt 0.5 0.25
vt 0.75 0
vt 0.5 0
vt 1 0.25
vt 1 0
vt 0.25 0.25
vt 0.25 0.5
vt 0 0.25
vt 0 0.5
vt 0.25 0
vt 0 0
vt 0.25 0.75
vt 0.25 1
vt 0 0.75
vt 0 1
vt 0.5 0.5
vt 0.5 0.25
vt 0.25 0.25
vt 0.25 0.5
vt 0 0.25
vt 0 0.5
vt 0.5 0
vt 0.25 0
vt 0 0
vt 0.25 0.75
vt 0.5 0.75
vt 0.25 1
vt 0.5 1
vt 0 0.75
vt 0 1
vt 0.75 0.75
vt 0.75 0.5
vt 1 0.75
vt 1 0.5
vt 0.75 1
vt 1 1
vt 0.75 0.25
vt 0.75 0
vt 1 0.25
vt 0.5 0.5
vt 0.25 0.5
vt 0.25 0.25
vt 0.5 0.25
vt 0.25 0
vt 0.5 0
vt 0 0.5
vt 0 0.25
vt 0 0
vt 0.75 0.25
vt 0.75 0.5
vt 1 0.25
vt 1 0.5
vt 0.75 0
vt 1 0
vt 0.75 0.75
vt 0.5 0.75
vt 0.75 1
vt 0.5 1
vt 1 0.75
vt 1 1
vt 0.25 0.75
vt 0 0.75
vt 0.25 1
vt 0 1
vt 0.5 0.25
vt 0.5 0.125
vt 0.75 0.125
vt 0.75 0.25
vt 1 0.125
vt 1 0.25
vt 0.5 0
vt 0.75 0
vt 1 0
vt 0.75 0.375
vt 0.5 0.375
vt 0.75 0.5
vt 0.5 0.5
vt 1 0.375
vt 1 0.5
vt 0.25 0.375
vt 0.25 0.25
vt 0 0.375
vt 0 0.25
vt 0.25 0.5
vt 0 0.5
vt 0.25 0.125
vt 0.25 0
vt 0 0.125
vt 0 0
vt 0.5 0.75
vt 0.5 0.625
vt 0.75 0.625
vt 0.75 0.75
vt 1 0.625
vt 1 0.75
vt 0.75 0.875
vt 0.5 0.875
vt 0.75 1
vt 0.5 1
vt 1 0.875
vt 0.25 0.875
vt 0.25 0.75
vt 0 0.875
vt 0 0.75
vt 0.25 1
vt 0.25 0.625
vt 0 0.625
vt 0.25 0.5
vt 0.125 0.5
vt 0.125 0.75
vt 0.25 0.75
vt 0.125 1
vt 0.25 1
vt 0 0.5
vt 0 0.75
vt 0 1
vt 0.375 0.75
vt 0.375 0.5
vt 0.5 0.75
vt 0.5 0.5
vt 0.375 1
vt 0.5 1
vt 0.375 0.25
vt 0.25 0.25
vt 0.375 0
vt 0.25 0
vt 0.5 0.25
vt 0.5 0
vt 0.125 0.25
vt 0 0.25
vt 0.125 0
vt 0 0
vt 0.75 0.5
vt 0.625 0.5
vt 0.625 0.75
vt 0.75 0.75
vt 0.625 1
vt 0.75 1
vt 0.875 0.75
vt 0.875 0.5
vt 1 0.75
vt 1 0.5
vt 0.875 1
vt 0.875 0.25
vt 0.75 0.25
vt 0.875 0
vt 0.75 0
vt 1 0.25
vt 1 0
vt 0.625 0.25
vt 0.625 0
vt 0.25 0.5
vt 0.125 0.5
vt 0.125 0.75
vt 0.25 0.75
vt 0.125 1
vt 0.25 1
vt 0 0.5
vt 0 0.75
vt 0 1
vt 0.375 0.75
vt 0.375 0.5
vt 0.5 0.75
vt 0.5 0.5
vt 0.375 1
vt 0.5 1
vt 0.375 0.25
vt 0.25 0.25
vt 0.375 -0
vt 0.25 -0
vt 0.5 0.25
vt 0.5 -0
vt 0.125 0.25
vt 0 0.25
vt 0.125 -0
vt 0 0
vt 0.75 0.5
vt 0.625 0.5
vt 0.625 0.75
vt 0.75 0.75
vt 0.625 1
vt 0.75 1
vt 0.875 0.75
vt 0.875 0.5
vt 1 0.75
vt 1 0.5
vt 0.875 1
vt 0.875 0.25
vt 0.75 0.25
vt 0.875 -0
vt 0.75 -0
vt 1 0.25
vt 0.625 0.25
vt 0.625 -0
vt 0.75 0.5
vt 0.875 0.5
vt 0.875 0.25
vt 0.75 0.25
vt 0.875 -0
vt 0.75 -0
vt 1 0.5
vt 1 0.25
vt 1 0
vt 0.625 0.25
vt 0.625 0.5
vt 0.5 0.25
vt 0.5 0.5
vt 0.625 -0
vt 0.5 -0
vt 0.625 0.75
vt 0.75 0.75
vt 0.625 1
vt 0.75 1
vt 0.5 0.75
vt 0.875 0.75
vt 1 0.75
vt 0.875 1
vt 1 1
vt 0.25 0.5
vt 0.375 0.5
vt 0.375 0.25
vt 0.25 0.25
vt 0.375 -0
vt 0.25 -0
vt 0.125 0.25
vt 0.125 0.5
vt 0 0.25
vt 0.125 -0
vt 0 0
vt 0.125 0.75
vt 0.25 0.75
vt 0.125 1
vt 0.25 1
vt 0 0.75
vt 0 1
vt 0.375 0.75
vt 0.375 1
vt 0.5 0.25
vt 0.5 0.125
vt 0.75 0.125
vt 0.75 0.25
vt 1 0.125
vt 1 0.25
vt 0.5 0
vt 0.75 0
vt 1 0
vt 0.75 0.375
vt 0.5 0.375
vt 0.75 0.5
vt 0.5 0.5
vt 1 0.375
vt 1 0.5
vt 0.25 0.375
vt 0.25 0.25
vt -0 0.375
vt -0 0.25
vt 0.25 0.5
vt -0 0.5
vt 0.25 0.125
vt 0.25 0
vt -0 0.125
vt 0 0
vt 0.5 0.75
vt 0.5 0.625
vt 0.75 0.625
vt 0.75 0.75
vt 1 0.625
vt 1 0.75
vt 0.75 0.875
vt 0.5 0.875
vt 0.75 1
vt 0.5 1
vt 1 0.875
vt 1 1
vt 0.25 0.875
vt 0.25 0.75
vt -0 0.875
vt -0 0.75
vt 0.25 1
vt 0 1
vt 0.25 0.625
vt -0 0.625
vt 0.501999974 0.250999987
vt 0.507799983 0.128900006
vt 0.75 0.125
vt 0.75 0.25
vt 1 0.125
vt 1 0.25
vt 0.515600026 0.00779999979
vt 0.75 0
vt 1 0
vt 0.75 0.375
vt 0.5 0.375
vt 0.75 0.5
vt 0.5 0.5
vt 1 0.375
vt 1 0.5
vt 0.25 0.375
vt 0.257800013 0.253899992
vt 0 0.375
vt 0.0155999996 0.257800013
vt 0.25 0.5
vt 0 0.5
vt 0.281199992 0.140599996
vt 0.3125 0.0311999992
vt 0.0625 0.156200007
vt 0.156200007 0.0781000033
vt 0.5 0.75
vt 0.5 0.625
vt 0.75 0.625
vt 0.75 0.75
vt 1 0.625
vt 1 0.75
vt 0.75 0.875
vt 0.5 0.875
vt 0.75 1
vt 0.5 1
vt 1 0.875
vt 0.25 0.875
vt 0.25 0.75
vt 0 0.875
vt 0 0.75
vt 0.25 1
vt 0 1
vt 0.25 0.625
vt 0 0.625
vt 0.25 0.5
vt 0.125 0.5
vt 0.125 0.75
vt 0.25 0.75
vt 0.125 1
vt 0.25 1
vt 0 0.5
vt 0 0.75
vt 0 1
vt 0.375 0.75
vt 0.375 0.5
vt 0.5 0.75
vt 0.5 0.5
vt 0.375 1
vt 0.5 1
vt 0.375 0.25
vt 0.25 0.25
vt 0.375 0
vt 0.25 0
vt 0.5 0.25
vt 0.5 0
vt 0.125 0.25
vt 0 0.25
vt 0.125 0
vt 0 0
vt 0.75 0.5
vt 0.625 0.5
vt 0.625 0.75
vt 0.75 0.75
vt 0.625 1
vt 0.75 1
vt 0.875 0.75
vt 0.875 0.5
vt 1 0.75
vt 1 0.5
vt 0.875 1
vt 0.875 0.25
vt 0.75 0.25
vt 0.875 0
vt 0.75 0
vt 1 0.25
vt 0.625 0.25
vt 0.625 0
vt 0.497999996 0.250999987
vt 0.492199987 0.128900006
vt 0.718800008 0.140599996
vt 0.742200017 0.253899992
vt 0.9375 0.156200007
vt 0.984399974 0.257800013
vt 0.484400004 0.00779999979
vt 0.6875 0.0311999992
vt 0.843800008 0.0781000033
vt 0.75 0.375
vt 0.5 0.375
vt 0.75 0.5
vt 0.5 0.5
vt 1 0.375
vt 1 0.5
vt 0.25 0.375
vt 0.25 0.25
vt 0 0.375
vt 0 0.25
vt 0.25 0.5
vt 0 0.5
vt 0.25 0.125
vt 0.25 0
vt 0 0.125
vt 0 0
vt 0.5 0.75
vt 0.5 0.625
vt 0.75 0.625
vt 0.75 0.75
vt 1 0.625
vt 1 0.75
vt 0.75 0.875
vt 0.5 0.875
vt 0.75 1
vt 0.5 1
vt 1 0.875
vt 1 1
vt 0.25 0.875
vt 0.25 0.75
vt 0 0.875
vt 0 0.75
vt 0.25 1
vt 0.25 0.625
vt 0 0.625
vt 0.75 0.5
vt 0.875 0.5
vt 0.875 0.25
vt 0.75 0.25
vt 0.875 0
vt 0.75 0
vt 1 0.5
vt 1 0.25
vt 1 0
vt 0.625 0.25
vt 0.625 0.5
vt 0.5 0.25
vt 0.5 0.5
vt 0.625 0
vt 0.5 0
vt 0.625 0.75
vt 0.75 0.75
vt 0.625 1
vt 0.75 1
vt 0.5 0.75
vt 0.5 1
vt 0.875 0.75
vt 1 0.75
vt 0.875 1
vt 1 1
vt 0.25 0.5
vt 0.375 0.5
vt 0.375 0.25
vt 0.25 0.25
vt 0.375 0
vt 0.25 0
vt 0.125 0.25
vt 0.125 0.5
vt 0 0.25
vt 0 0.5
vt 0.125 0
vt 0 0
vt 0.125 0.75
vt 0.25 0.75
vt 0.125 1
vt 0.25 1
vt 0 0.75
vt 0 1
vt 0.375 0.75
vt 0.375 1
vt 0.25 0.5
vt 0.125 0.5
vt 0.125 0.75
vt 0.25 0.75
vt 0.125 1
vt 0.25 1
vt 0 0.5
vt 0 0.75
vt 0 1
vt 0.375 0.75
vt 0.375 0.5
vt 0.5 0.75
vt 0.5 0.5
vt 0.375 1
vt 0.5 1
vt 0.375 0.25
vt 0.25 0.25
vt 0.375 0
vt 0.25 0
vt 0.5 0.25
vt 0.125 0.25
vt 0 0.25
vt 0.125 0
vt 0 0
vt 0.75 0.5
vt 0.625 0.5
vt 0.625 0.75
vt 0.75 0.75
vt 0.625 1
vt 0.75 1
vt 0.875 0.75
vt 0.875 0.5
vt 1 0.75
vt 1 0.5
vt 0.875 1
vt 1 1
vt 0.875 0.25
vt 0.75 0.25
vt 0.875 0
vt 0.75 0
vt 1 0.25
vt 0.625 0.25
vt 0.625 0
vt 0.5 0.25
vt 0.5 0.375
vt 0.25 0.375
vt 0.25 0.25
vt 0 0.375
vt 0 0.25
vt 0.5 0.5
vt 0.25 0.5
vt 0 0.5
vt 0.25 0.125
vt 0.5 0.125
vt 0.25 0
vt 0.5 0
vt 0 0.125
vt 0 0
vt 0.75 0.125
vt 0.75 0.25
vt 1 0.125
vt 1 0.25
vt 0.75 0
vt 1 0
vt 0.75 0.375
vt 0.75 0.5
vt 1 0.375
vt 1 0.5
vt 0.5 0.75
vt 0.5 0.625
vt 0.75 0.625
vt 0.75 0.75
vt 1 0.625
vt 1 0.75
vt 0.75 0.875
vt 0.5 0.875
vt 0.75 1
vt 0.5 1
vt 1 0.875
vt 0.25 0.875
vt 0.25 0.75
vt 0 0.875
vt 0 0.75
vt 0.25 1
vt 0.25 0.625
vt 0 0.625
vt 0.5 0.25
vt 0.5 0.125
vt 0.75 0.125
vt 0.75 0.25
vt 1 0.125
vt 1 0.25
vt 0.5 0
vt 0.75 0
vt 1 0
vt 0.75 0.375
vt 0.5 0.375
vt 0.75 0.5
vt 0.5 0.5
vt 1 0.375
vt 1 0.5
vt 0.25 0.375
vt 0.25 0.25
vt -0 0.375
vt -0 0.25
vt 0.25 0.5
vt -0 0.5
vt 0.25 0.125
vt 0.25 0
vt -0 0.125
vt 0 0
vt 0.5 0.75
vt 0.5 0.625
vt 0.75 0.625
vt 0.75 0.75
vt 1 0.625
vt 1 0.75
vt 0.75 0.875
vt 0.5 0.875
vt 0.75 1
vt 1 0.875
vt 1 1
vt 0.25 0.875
vt 0.25 0.75
vt -0 0.875
vt -0 0.75
vt 0.25 1
vt 0 1
vt 0.25 0.625
vt -0 0.625
vt 0.5 0.5
vt 0.25 0.5
vt 0.25 0.25
vt 0.5 0.25
vt 0.25 0
vt 0.5 0
vt 0 0.5
vt 0 0.25
vt 0 0
vt 0.75 0.25
vt 0.75 0.5
vt 0.75 0
vt 0.75 0.75
vt 0.5 0.75
vt 0.75 1
vt 0.5 1
vt 0.25 0.75
vt 0 0.75
vt 0.25 1
vt 0 1
vt 0.5 0.5
vt 0.5 0.25
vt 0.25 0.25
vt 0.25 0.5
vt 0 0.25
vt 0 0.5
vt 0.5 0
vt 0.25 0
vt 0 0
vt 0.25 0.75
vt 0.5 0.75
vt 0.25 1
vt 0.5 1
vt 0 0.75
vt 0 1
vt 0.75 0.75
vt 0.75 0.5
vt 1 0.75
vt 1 0.5
vt 0.75 1
vt 1 1
vt 0.75 0.25
vt 0.75 0
vt 1 0.25
vt 1 0
vt 0.5 0.5
vt 0.5 0.25
vt 0.25 0.25
vt 0.25 0.5
vt 0 0.25
vt 0 0.5
vt 0.5 0
vt 0.25 0
vt 0 0
vt 0.25 0.75
vt 0.5 0.75
vt 0.25 1
vt 0.5 1
vt 0 0.75
vt 0.75 0.75
vt 0.75 0.5
vt 1 0.75
vt 1 0.5
vt 0.75 1
vt 1 1
vt 0.75 0.25
vt 0.75 0
vt 1 0.25
vt 1 0
vt 0.5 0.5
vt 0.75 0.5
vt 0.75 0.75
vt 0.5 0.75
vt 0.75 1
vt 0.5 1
vt 1 0.5
vt 1 0.75
vt 1 1
vt 0.25 0.75
vt 0.25 0.5
vt 0 0.75
vt 0 0.5
vt 0.25 1
vt 0 1
vt 0.25 0.25
vt 0.5 0.25
vt 0.25 0
vt 0.5 0
vt 0 0.25
vt 0 0
vt 0.75 0.25
vt 1 0.25
vt 0.75 0
vt 1 0
vt 0.5 0.5
vt 0.25 0.5
vt 0.25 0.25
vt 0.5 0.25
vt 0.25 0
vt 0.5 0
vt 0 0.5
vt 0 0.25
vt 0 0
vt 0.75 0.25
vt 0.75 0.5
vt 1 0.25
vt 1 0.5
vt 0.75 0
vt 0.75 0.75
vt 0.5 0.75
vt 0.75 1
vt 0.5 1
vt 1 0.75
vt 1 1
vt 0.25 0.75
vt 0 0.75
vt 0.25 1
vt 0 1
vt 0.5 0.5
vt 0.5 0.25
vt 0.25 0.25
vt 0.25 0.5
vt 0 0.25
vt 0 0.5
vt 0.5 0
vt 0.25 0
vt 0 0
vt 0.25 0.75
vt 0.5 0.75
vt 0.25 1
vt 0.5 1
vt 0 0.75
vt 0 1
vt 0.75 0.75
vt 0.75 0.5
vt 1 0.75
vt 1 0.5
vt 0.75 1
vt 1 1
vt 0.75 0.25
vt 0.75 0
vt 1 0.25
vt 1 0
vt 0.5 0.25
vt 0.75 0.25
vt 0.75 0.125
vt 0.5 0.125
vt 0.75 0
vt 0.5 0
vt 1 0.25
vt 1 0.125
vt 1 0
vt 0.25 0.125
vt 0.25 0.25
vt 0 0.125
vt 0 0.25
vt 0.25 0
vt 0 0
vt 0.25 0.375
vt 0.5 0.375
vt 0.25 0.5
vt 0.5 0.5
vt 0 0.375
vt 0 0.5
vt 0.75 0.375
vt 1 0.375
vt 0.75 0.5
vt 1 0.5
vt 0.5 0.75
vt 0.75 0.75
vt 0.75 0.625
vt 0.5 0.625
vt 1 0.75
vt 1 0.625
vt 0.25 0.625
vt 0.25 0.75
vt 0 0.625
vt 0 0.75
vt 0.25 0.875
vt 0.5 0.875
vt 0.25 1
vt 0.5 1
vt 0 0.875
vt 0.75 0.875
vt 1 0.875
vt 0.75 1
vt 0.25 0.5
vt 0.25 0.75
vt 0.125 0.75
vt 0.125 0.5
vt 0 0.75
vt 0 0.5
vt 0.25 1
vt 0.125 1
vt 0 1
vt 0.125 0.25
vt 0.25 0.25
vt 0.125 0
vt 0.25 0
vt 0 0.25
vt 0 0
vt 0.375 0.25
vt 0.375 0.5
vt 0.5 0.25
vt 0.5 0.5
vt 0.375 0
vt 0.5 0
vt 0.375 0.75
vt 0.375 1
vt 0.5 0.75
vt 0.5 1
vt 0.75 0.5
vt 0.75 0.75
vt 0.625 0.75
vt 0.625 0.5
vt 0.75 1
vt 0.625 1
vt 0.625 0.25
vt 0.75 0.25
vt 0.625 0
vt 0.75 0
vt 0.875 0.25
vt 0.875 0.5
vt 1 0.25
vt 1 0.5
vt 0.875 0
vt 1 0
vt 0.875 0.75
vt 0.875 1
vt 1 0.75
vt 0.25 0.5
vt 0.25 0.75
vt 0.125 0.75
vt 0.125 0.5
vt 0 0.75
vt 0 0.5
vt 0.125 0.25
vt 0.25 0.25
vt 0.125 -0
vt 0.25 -0
vt 0 0.25
vt 0 0
vt 0.375 0.25
vt 0.375 0.5
vt 0.5 0.25
vt 0.5 0.5
vt 0.375 -0
vt 0.5 -0
vt 0.375 0.75
vt 0.5 0.75
vt 0.75 0.5
vt 0.75 0.75
vt 0.625 0.75
vt 0.625 0.5
vt 0.625 0.25
vt 0.75 0.25
vt 0.625 -0
vt 0.75 -0
vt 0.875 0.25
vt 0.875 0.5
vt 1 0.25
vt 1 0.5
vt 0.875 -0
vt 0.875 0.75
vt 1 0.75
vt 0.75 0.5
vt 0.75 0.25
vt 0.875 0.25
vt 0.875 0.5
vt 1 0.25
vt 1 0.5
vt 0.75 -0
vt 0.875 -0
vt 1 0
vt 0.875 0.75
vt 0.75 0.75
vt 0.875 1
vt 0.75 1
vt 1 0.75
vt 1 1
vt 0.625 0.75
vt 0.625 0.5
vt 0.5 0.75
vt 0.5 0.5
vt 0.625 1
vt 0.625 0.25
vt 0.625 -0
vt 0.5 0.25
vt 0.5 -0
vt 0.25 0.5
vt 0.25 0.25
vt 0.375 0.25
vt 0.375 0.5
vt 0.25 -0
vt 0.375 -0
vt 0.375 0.75
vt 0.25 0.75
vt 0.375 1
vt 0.25 1
vt 0.125 0.75
vt 0.125 0.5
vt 0 0.75
vt 0.125 1
vt 0 1
vt 0.125 0.25
vt 0.125 -0
vt 0 0.25
vt 0 0
vt 0.5 0.25
vt 0.75 0.25
vt 0.75 0.125
vt 0.5 0.125
vt 0.75 0
vt 0.5 0
vt 1 0.25
vt 1 0.125
vt 1 0
vt 0.25 0.125
vt 0.25 0.25
vt -0 0.125
vt -0 0.25
vt 0.25 0
vt 0 0
vt 0.25 0.375
vt 0.5 0.375
vt 0.25 0.5
vt 0.5 0.5
vt -0 0.375
vt -0 0.5
vt 0.75 0.375
vt 1 0.375
vt 0.75 0.5
vt 1 0.5
vt 0.5 0.75
vt 0.75 0.75
vt 0.75 0.625
vt 0.5 0.625
vt 1 0.75
vt 1 0.625
vt 0.25 0.625
vt 0.25 0.75
vt -0 0.625
vt -0 0.75
vt 0.25 0.875
vt 0.5 0.875
vt 0.25 1
vt 0.5 1
vt -0 0.875
vt 0 1
vt 0.75 0.875
vt 1 0.875
vt 0.75 1
vt 1 1
vt 0.501999974 0.250999987
vt 0.75 0.25
vt 0.75 0.125
vt 0.507799983 0.128900006
vt 0.75 0
vt 0.515600026 0.00779999979
vt 1 0.25
vt 1 0.125
vt 1 0
vt 0.281199992 0.140599996
vt 0.257800013 0.253899992
vt 0.0625 0.156200007
vt 0.0155999996 0.257800013
vt 0.3125 0.0311999992
vt 0.156200007 0.0781000033
vt 0.25 0.375
vt 0.5 0.375
vt 0.25 0.5
vt 0.5 0.5
vt 0 0.375
vt 0 0.5
vt 0.75 0.375
vt 1 0.375
vt 0.75 0.5
vt 1 0.5
vt 0.5 0.75
vt 0.75 0.75
vt 0.75 0.625
vt 0.5 0.625
vt 1 0.75
vt 1 0.625
vt 0.25 0.625
vt 0.25 0.75
vt 0 0.625
vt 0 0.75
vt 0.25 0.875
vt 0.5 0.875
vt 0.25 1
vt 0.5 1
vt 0 0.875
vt 0 1
vt 0.75 0.875
vt 1 0.875
vt 0.75 1
vt 0.25 0.5
vt 0.25 0.75
vt 0.125 0.75
vt 0.125 0.5
vt 0 0.75
vt 0 0.5
vt 0.25 1
vt 0.125 1
vt 0 1
vt 0.125 0.25
vt 0.25 0.25
vt 0 0.25
vt 0.375 0.25
vt 0.375 0.5
vt 0.5 0.25
vt 0.5 0.5
vt 0.375 0.75
vt 0.375 1
vt 0.5 0.75
vt 0.5 1
vt 0.75 0.5
vt 0.75 0.75
vt 0.625 0.75
vt 0.625 0.5
vt 0.75 1
vt 0.625 1
vt 0.625 0.25
vt 0.75 0.25
vt 0.875 0.25
vt 0.875 0.5
vt 1 0.25
vt 1 0.5
vt 0.875 0.75
vt 0.875 1
vt 1 0.75
vt 0.497999996 0.250999987
vt 0.742200017 0.253899992
vt 0.718800008 0.140599996
vt 0.492199987 0.128900006
vt 0.6875 0.0311999992
vt 0.484400004 0.00779999979
vt 0.984399974 0.257800013
vt 0.9375 0.156200007
vt 0.843800008 0.0781000033
vt 0.25 0.125
vt 0.25 0.25
vt 0 0.125
vt 0 0.25
vt 0.25 0
vt 0 0
vt 0.25 0.375
vt 0.5 0.375
vt 0.25 0.5
vt 0.5 0.5
vt 0 0.375
vt 0 0.5
vt 0.75 0.375
vt 1 0.375
vt 0.75 0.5
vt 1 0.5
vt 0.5 0.75
vt 0.75 0.75
vt 0.75 0.625
vt 0.5 0.625
vt 1 0.75
vt 1 0.625
vt 0.25 0.625
vt 0.25 0.75
vt 0 0.625
vt 0 0.75
vt 0.25 0.875
vt 0.5 0.875
vt 0.25 1
vt 0.5 1
vt 0 0.875
vt 0.75 0.875
vt 1 0.875
vt 0.75 1
vt 1 1
vt 0.75 0.5
vt 0.75 0.25
vt 0.875 0.25
vt 0.875 0.5
vt 1 0.25
vt 1 0.5
vt 0.75 0
vt 0.875 0
vt 1 0
vt 0.875 0.75
vt 0.75 0.75
vt 0.875 1
vt 0.75 1
vt 1 0.75
vt 1 1
vt 0.625 0.75
vt 0.625 0.5
vt 0.5 0.75
vt 0.5 0.5
vt 0.625 1
vt 0.5 1
vt 0.625 0.25
vt 0.625 0
vt 0.5 0.25
vt 0.5 0
vt 0.25 0.5
vt 0.25 0.25
vt 0.375 0.25
vt 0.375 0.5
vt 0.25 0
vt 0.375 0
vt 0.375 0.75
vt 0.25 0.75
vt 0.375 1
vt 0.25 1
vt 0.125 0.75
vt 0.125 0.5
vt 0 0.75
vt 0 0.5
vt 0.125 1
vt 0 1
vt 0.125 0.25
vt 0.125 0
vt 0 0.25
vt 0 0
vt 0.25 0.5
vt 0.25 0.75
vt 0.125 0.75
vt 0.125 0.5
vt 0 0.75
vt 0 0.5
vt 0.25 1
vt 0.125 1
vt 0 1
vt 0.125 0.25
vt 0.25 0.25
vt 0.125 0
vt 0.25 0
vt 0 0.25
vt 0 0
vt 0.375 0.25
vt 0.375 0.5
vt 0.5 0.25
vt 0.5 0.5
vt 0.375 0
vt 0.375 0.75
vt 0.375 1
vt 0.5 0.75
vt 0.5 1
vt 0.75 0.5
vt 0.75 0.75
vt 0.625 0.75
vt 0.625 0.5
vt 0.75 1
vt 0.625 1
vt 0.625 0.25
vt 0.75 0.25
vt 0.625 0
vt 0.75 0
vt 0.875 0.25
vt 0.875 0.5
vt 1 0.25
vt 1 0.5
vt 0.875 0
vt 0.875 0.75
vt 0.875 1
vt 1 0.75
vt 1 1
vt 0.5 0.25
vt 0.25 0.25
vt 0.25 0.375
vt 0.5 0.375
vt 0.25 0.5
vt 0.5 0.5
vt 0 0.25
vt 0 0.375
vt 0 0.5
vt 0.75 0.375
vt 0.75 0.25
vt 1 0.375
vt 1 0.25
vt 0.75 0.5
vt 1 0.5
vt 0.75 0.125
vt 0.5 0.125
vt 0.75 0
vt 0.5 0
vt 1 0.125
vt 1 0
vt 0.25 0.125
vt 0 0.125
vt 0.25 0
vt 0 0
vt 0.5 0.75
vt 0.75 0.75
vt 0.75 0.625
vt 0.5 0.625
vt 1 0.75
vt 1 0.625
vt 0.25 0.625
vt 0.25 0.75
vt 0 0.625
vt 0 0.75
vt 0.25 0.875
vt 0.5 0.875
vt 0.25 1
vt 0.5 1
vt 0 0.875
vt 0.75 0.875
vt 1 0.875
vt 0.75 1
vt 0.5 0.25
vt 0.75 0.25
vt 0.75 0.125
vt 0.5 0.125
vt 0.75 0
vt 0.5 0
vt 1 0.25
vt 1 0.125
vt 1 0
vt 0.25 0.125
vt 0.25 0.25
vt -0 0.125
vt -0 0.25
vt 0.25 0
vt 0 0
vt 0.25 0.375
vt 0.5 0.375
vt 0.25 0.5
vt 0.5 0.5
vt -0 0.375
vt -0 0.5
vt 0.75 0.375
vt 1 0.375
vt 0.75 0.5
vt 1 0.5
vt 0.5 0.75
vt 0.75 0.75
vt 0.75 0.625
vt 0.5 0.625
vt 1 0.75
vt 1 0.625
vt 0.25 0.625
vt 0.25 0.75
vt -0 0.625
vt -0 0.75
vt 0.25 0.875
vt 0.5 0.875
vt 0.25 1
vt -0 0.875
vt 0 1
vt 0.75 0.875
vt 1 0.875
vt 0.75 1
vt 1 1
vn -0.185599998 -0.982599974 -0.00600000005
vn -0.0401000008 -0.999199986 -0.00310000009
vn -0.0362999998 -0.999300003 -0.0037
vn -0.182500005 -0.983200014 -0.00730000017
vn -0.0326999985 -0.999499977 -0.00359999994
vn -0.180299997 -0.98360002 -0.00730000017
vn 0.210199997 -0.977599978 0.00179999997
vn 0.214200005 -0.976700008 0.00249999994
vn 0.218999997 -0.975700021 0.00300000003
vn -0.326299995 -0.945200026 -0.0105999997
vn -0.328500003 -0.944500029 -0.00879999995
vn -0.559300005 -0.828800023 -0.0154999997
vn -0.559899986 -0.828400016 -0.0127999997
vn -0.325599998 -0.9454 -0.0107000005
vn -0.560599983 -0.827899992 -0.0155999996
vn -0.330799997 -0.943700016 -0.00520000001
vn -0.1884 -0.98210001 -0.00359999994
vn -0.331699997 -0.943400025 0
vn -0.189500004 -0.981899977 0
vn -0.561200023 -0.827600002 -0.00769999996
vn -0.561800003 -0.827199996 0
vn -0.0430000015 -0.999100029 -0.00190000003
vn 0.207399994 -0.978200018 0.00100000005
vn -0.0441000015 -0.999000013 0
vn 0.206499994 -0.978399992 0
vn -0.181299999 -0.983399987 -0.00639999984
vn -0.184499994 -0.982800007 -0.00630000001
vn -0.338099986 -0.940999985 -0.00899999961
vn -0.331499994 -0.943400025 -0.00930000003
vn -0.581200004 -0.813600004 -0.0129000004
vn -0.571799994 -0.820299983 -0.0133999996
vn -0.189199999 -0.981899977 -0.00639999984
vn -0.346799999 -0.937900007 -0.0092000002
vn -0.592899978 -0.805199981 -0.0129000004
vn -0.327199996 -0.944899976 -0.00989999995
vn -0.179800004 -0.983699977 -0.00669999979
vn -0.325599998 -0.9454 -0.0107000005
vn -0.180299997 -0.98360002 -0.00730000017
vn -0.564700007 -0.825200021 -0.0142999999
vn -0.560599983 -0.827899992 -0.0155999996
vn -0.0299999993 -0.999499977 -0.00319999992
vn -0.0284000002 -0.999599993 -0.00289999996
vn 0.2245 -0.9745 0.00340000005
vn 0.230199993 -0.973100007 0.00380000006
vn -0.0326999985 -0.999499977 -0.00359999994
vn 0.218999997 -0.975700021 0.00300000003
vn -0.0276999995 -0.999599993 -0.00270000007
vn -0.0277999993 -0.999599993 -0.0027999999
vn 0.236200005 -0.971700013 0.00410000002
vn 0.242400005 -0.970200002 0.00430000015
vn -0.201399997 -0.979399979 -0.00930000003
vn -0.0296 -0.999499977 -0.00329999998
vn -0.0307 -0.999499977 -0.0037
vn -0.207800001 -0.978100002 -0.0125000002
vn -0.0315000005 -0.999499977 -0.00419999985
vn -0.212899998 -0.976899981 -0.0166999996
vn 0.255600005 -0.966700017 0.00769999996
vn 0.261599988 -0.96509999 0.0116999997
vn 0.266799986 -0.96359998 0.0171000008
vn -0.378399998 -0.925400019 -0.0203000009
vn -0.367900014 -0.929700017 -0.0142999999
vn -0.631799996 -0.774500012 -0.0313000008
vn -0.619199991 -0.78490001 -0.0212999992
vn -0.386900008 -0.921700001 -0.0282000005
vn -0.641799986 -0.765600026 -0.0447000004
vn -0.356900007 -0.934000015 -0.0105999997
vn -0.194999993 -0.980799973 -0.00730000017
vn -0.346799999 -0.937900007 -0.0092000002
vn -0.189199999 -0.981899977 -0.00639999984
vn -0.60589999 -0.795400023 -0.0152000003
vn -0.592899978 -0.805199981 -0.0129000004
vn -0.0285 -0.999599993 -0.00310000009
vn 0.248999998 -0.968500018 0.00520000001
vn -0.0277999993 -0.999599993 -0.0027999999
vn -0.217800006 -0.975700021 -0.0238000005
vn -0.216299996 -0.976100028 -0.0208999999
vn -0.0320000015 -0.999499977 -0.00480000023
vn -0.0320999995 -0.999499977 -0.00520000001
vn 0.269800007 -0.962599993 0.0219999999
vn 0.271299988 -0.962199986 0.0253999997
vn -0.212899998 -0.976899981 -0.0166999996
vn -0.0315000005 -0.999499977 -0.00419999985
vn 0.266799986 -0.96359998 0.0171000008
vn -0.0324999988 -0.999499977 -0.0055999998
vn -0.218600005 -0.975499988 -0.0255999994
vn -0.0337000005 -0.99940002 -0.00609999988
vn -0.219600007 -0.975199997 -0.0264999997
vn 0.271400005 -0.962100029 0.0271000005
vn 0.270099998 -0.962400019 0.0274
vn -0.396299988 -0.916999996 -0.0445999987
vn -0.395300001 -0.917599976 -0.0414000005
vn -0.6523 -0.754499972 -0.0719000027
vn -0.65140003 -0.755800009 -0.0666000023
vn -0.397100002 -0.916599989 -0.0460000001
vn -0.652800024 -0.753899992 -0.0738999993
vn -0.3926 -0.91900003 -0.0359999985
vn -0.386900008 -0.921700001 -0.0282000005
vn -0.648299992 -0.75910002 -0.0577000007
vn -0.641799986 -0.765600026 -0.0447000004
vn -0.224600002 -0.973999977 -0.0297999997
vn -0.0377999991 -0.999199986 -0.00700000022
vn -0.0394000001 -0.999199986 -0.0074
vn -0.228499994 -0.97299999 -0.0331000015
vn -0.0392000005 -0.999199986 -0.00760000013
vn -0.232899994 -0.971800029 -0.0370000005
vn 0.26820001 -0.962899983 0.0306000002
vn 0.270099998 -0.962199986 0.0350000001
vn 0.275900006 -0.960300028 0.0410999991
vn -0.407599986 -0.91140002 -0.0568999983
vn -0.402200013 -0.914099991 -0.0511999987
vn -0.66140002 -0.744499981 -0.0904000029
vn -0.656099975 -0.750199974 -0.0816000029
vn -0.415399998 -0.907400012 -0.0643000007
vn -0.6699 -0.735400021 -0.1017
vn -0.398699999 -0.915799975 -0.0474999994
vn -0.221399993 -0.974799991 -0.0275999997
vn -0.397100002 -0.916599989 -0.0460000001
vn -0.219600007 -0.975199997 -0.0264999997
vn -0.653500021 -0.753099978 -0.0759999976
vn -0.652800024 -0.753899992 -0.0738999993
vn -0.0355999991 -0.999300003 -0.00659999996
vn 0.268700004 -0.962800026 0.0280000009
vn -0.0337000005 -0.99940002 -0.00609999988
vn -0.241999999 -0.969299972 -0.0436999984
vn -0.0313000008 -0.999499977 -0.00650000013
vn -0.0237000007 -0.99970001 -0.00520000001
vn -0.246900007 -0.967999995 -0.0456999987
vn -0.0537 -0.99849999 -0.0108000003
vn -0.27610001 -0.959699988 -0.0513999984
vn 0.30219999 -0.951699972 0.0533000007
vn 0.3222 -0.944800019 0.058699999
vn 0.284000009 -0.957400024 0.052099999
vn -0.453000009 -0.887700021 -0.0821999982
vn -0.43810001 -0.895600021 -0.0775000006
vn -0.716600001 -0.685599983 -0.128099993
vn -0.698099971 -0.705600023 -0.1215
vn -0.488700002 -0.867900014 -0.0892999992
vn -0.755900025 -0.640399992 -0.136000007
vn -0.425599992 -0.902100027 -0.0715999976
vn -0.237399995 -0.970499992 -0.0408999994
vn -0.415399998 -0.907400012 -0.0643000007
vn -0.232899994 -0.971800029 -0.0370000005
vn -0.682399988 -0.722199976 -0.112899996
vn -0.6699 -0.735400021 -0.1017
vn -0.0366000012 -0.999300003 -0.00730000017
vn 0.286500007 -0.956900001 0.0474999994
vn -0.0392000005 -0.999199986 -0.00760000013
vn 0.275900006 -0.960300028 0.0410999991
vn -0.977500021 0.208900005 -0.0287999995
vn -0.977199972 0.210199997 -0.0287999995
vn -0.977599978 0.209700003 -0.0193000007
vn -0.977699995 0.209099993 -0.0193000007
vn -0.977500021 0.210299999 -0.0161000006
vn -0.977699995 0.209199995 -0.0161000006
vn -0.976999998 0.211199999 -0.0287999995
vn -0.977599978 0.2095 -0.0193000007
vn -0.977299988 0.210999995 -0.0161000006
vn -0.977699995 0.209000006 -0.0193000007
vn -0.977500021 0.208900005 -0.0287999995
vn -0.977699995 0.209199995 -0.0193000007
vn -0.977400005 0.209099993 -0.0287999995
vn -0.977800012 0.208900005 -0.0161000006
vn -0.977800012 0.209099993 -0.0161000006
vn -0.976899981 0.209099993 -0.0439999998
vn -0.976899981 0.209099993 -0.0439999998
vn -0.975600004 0.209800005 -0.064199999
vn -0.975799978 0.209099993 -0.064199999
vn -0.976800025 0.209399998 -0.0439999998
vn -0.975600004 0.209999993 -0.064199999
vn -0.976599991 0.210500002 -0.0439999998
vn -0.976300001 0.211700007 -0.0439999998
vn -0.975700021 0.2095 -0.064199999
vn -0.975499988 0.210299999 -0.064199999
vn -0.992299974 -0.120200001 -0.0303000007
vn -0.991699994 0.124600001 -0.0295000002
vn -0.992399991 0.121600002 -0.0198999997
vn -0.99119997 -0.130799994 -0.0207000002
vn -0.992799997 0.118900001 -0.0165999997
vn -0.989799976 -0.141000003 -0.0174000002
vn -0.871599972 -0.489800006 -0.0195000004
vn -0.879899979 -0.474299997 -0.0281000007
vn -0.60589999 -0.795400023 -0.0152000003
vn -0.619199991 -0.78490001 -0.0212999992
vn -0.863200009 -0.504599988 -0.0164999999
vn -0.887099981 -0.459600002 -0.0421000011
vn -0.992799997 -0.110399999 -0.0458000004
vn -0.89230001 -0.447299987 -0.0606000014
vn -0.992500007 -0.102499999 -0.066399999
vn -0.631799996 -0.774500012 -0.0313000008
vn -0.990800023 0.127599999 -0.0450000018
vn -0.989300013 0.129899994 -0.0654999986
vn -0.970700026 0.209399998 -0.117600001
vn -0.970399976 0.210800007 -0.117600001
vn -0.971400023 0.210199997 -0.109899998
vn -0.971599996 0.209600002 -0.109999999
vn -0.971899986 0.2095 -0.107100002
vn -0.971899986 0.209600002 -0.107100002
vn -0.970200002 0.211899996 -0.1175
vn -0.971499979 0.210099995 -0.109899998
vn -0.971899986 0.2095 -0.107100002
vn -0.971599996 0.209199995 -0.109999999
vn -0.970799983 0.209099993 -0.117600001
vn -0.971599996 0.209399998 -0.109999999
vn -0.970700026 0.209399998 -0.117600001
vn -0.971899986 0.209600002 -0.107100002
vn -0.971899986 0.2095 -0.107100002
vn -0.969299972 0.209199995 -0.129199997
vn -0.969399989 0.208700001 -0.129199997
vn -0.967299998 0.209399998 -0.143299997
vn -0.967400014 0.2086 -0.143399999
vn -0.969299972 0.209299996 -0.129199997
vn -0.967299998 0.209099993 -0.143299997
vn -0.968999982 0.210500002 -0.129199997
vn -0.968500018 0.212799996 -0.128999993
vn -0.967100024 0.209900007 -0.143299997
vn -0.966600001 0.212400004 -0.143199995
vn -0.988499999 -0.0913000032 -0.1206
vn -0.983900011 0.132799998 -0.119499996
vn -0.984899998 0.132300004 -0.111699998
vn -0.989199996 -0.0930999964 -0.1127
vn -0.985199988 0.132100001 -0.1087
vn -0.989499986 -0.0935000032 -0.109700002
vn -0.896000028 -0.431899995 -0.102799997
vn -0.896700025 -0.4287 -0.110200003
vn -0.653500021 -0.753099978 -0.0759999976
vn -0.656099975 -0.750199974 -0.0816000029
vn -0.896099985 -0.432399988 -0.100100003
vn -0.898500025 -0.421700001 -0.1215
vn -0.987299979 -0.0870999992 -0.132499993
vn -0.90200001 -0.40990001 -0.135600001
vn -0.985899985 -0.0798999965 -0.147100002
vn -0.66140002 -0.744499981 -0.0904000029
vn -0.6699 -0.735400021 -0.1017
vn -0.982299984 0.133900002 -0.131200001
vn -0.980000019 0.135600001 -0.145500004
vn -0.977800012 0.208700001 -0.0173000004
vn -0.977500021 0.209900007 -0.0173000004
vn -0.977699995 0.209700003 -0.0103000002
vn -0.977999985 0.208100006 -0.0104
vn -0.977800012 0.209399998 0
vn -0.978100002 0.208000004 0
vn -0.977100015 0.211799994 -0.0173000004
vn -0.977199972 0.211999997 -0.0103000002
vn -0.977500021 0.210899994 0
vn -0.977999985 0.208399996 -0.0104
vn -0.977800012 0.208800003 -0.0173000004
vn -0.977999985 0.208399996 -0.0104
vn -0.977800012 0.208499998 -0.0173000004
vn -0.978100002 0.208299994 0
vn -0.977999985 0.208700001 0
vn -0.977599978 0.209199995 -0.0208999999
vn -0.977800012 0.208700001 -0.0208999999
vn -0.977699995 0.208800003 -0.0208999999
vn -0.977699995 0.208700001 -0.0208999999
vn -0.977699995 0.209099993 -0.0208999999
vn -0.977699995 0.209000006 -0.0208999999
vn -0.977500021 0.209900007 -0.0208999999
vn -0.977100015 0.211600006 -0.0208999999
vn -0.977500021 0.209900007 -0.0208999999
vn -0.977299988 0.210700005 -0.0208000001
vn -0.984399974 -0.174899995 -0.0186999999
vn -0.993900001 0.1087 -0.0178999994
vn -0.994000018 0.108499996 -0.0107000005
vn -0.984399974 -0.175300002 -0.0111999996
vn -0.994099975 0.108400002 0
vn -0.984499991 -0.175400004 0
vn -0.836799979 -0.547399998 -0.0103000002
vn -0.836600006 -0.547599971 -0.0171000008
vn -0.561200023 -0.827600002 -0.00769999996
vn -0.559899986 -0.828400016 -0.0127999997
vn -0.837000012 -0.547100008 0
vn -0.837000012 -0.546700001 -0.0207000002
vn -0.984499991 -0.173700005 -0.0226000007
vn -0.838999987 -0.543799996 -0.0207000002
vn -0.985000014 -0.1708 -0.0225000009
vn -0.559300005 -0.828800023 -0.0154999997
vn -0.993799984 0.109099999 -0.0217000004
vn -0.993700027 0.109999999 -0.0216000006
vn -0.972899973 0.209800005 -0.0966000035
vn -0.97299999 0.209700003 -0.0966000035
vn -0.97420001 0.2095 -0.0834999979
vn -0.974399984 0.208800003 -0.0834999979
vn -0.975700021 0.2095 -0.064199999
vn -0.975799978 0.209099993 -0.064199999
vn -0.973100007 0.209399998 -0.0966000035
vn -0.97390002 0.211099997 -0.0834000036
vn -0.975499988 0.210299999 -0.064199999
vn -0.97420001 0.2095 -0.0834999979
vn -0.97299999 0.209399998 -0.0966000035
vn -0.97420001 0.209800005 -0.0834999979
vn -0.97299999 0.2095 -0.0966000035
vn -0.975600004 0.209800005 -0.064199999
vn -0.975600004 0.209999993 -0.064199999
vn -0.972100019 0.209800005 -0.1043
vn -0.972100019 0.210199997 -0.1043
vn -0.971899986 0.209600002 -0.107100002
vn -0.971899986 0.209600002 -0.107100002
vn -0.972199976 0.209600002 -0.1043
vn -0.972199976 0.209600002 -0.1043
vn -0.972299993 0.209199995 -0.1043
vn -0.971899986 0.2095 -0.107100002
vn -0.971899986 0.2095 -0.107100002
vn -0.99059999 -0.0943000019 -0.0991000012
vn -0.986400008 0.132100001 -0.0980999991
vn -0.987600029 0.131600007 -0.0848999992
vn -0.99150002 -0.0970999971 -0.0857999995
vn -0.989300013 0.129899994 -0.0654999986
vn -0.992500007 -0.102499999 -0.066399999
vn -0.895200014 -0.438600004 -0.0782999992
vn -0.896200001 -0.434199989 -0.0904000029
vn -0.648299992 -0.75910002 -0.0577000007
vn -0.89230001 -0.447299987 -0.0606000014
vn -0.641799986 -0.765600026 -0.0447000004
vn -0.896300018 -0.432599992 -0.0974999964
vn -0.989799976 -0.0935999975 -0.106899999
vn -0.896099985 -0.432399988 -0.100100003
vn -0.989499986 -0.0935000032 -0.109700002
vn -0.6523 -0.754499972 -0.0719000027
vn -0.652800024 -0.753899992 -0.0738999993
vn -0.985499978 0.132100001 -0.105999999
vn -0.985199988 0.132100001 -0.1087
vn -0.977699995 0.209299996 -0.0175000001
vn -0.977599978 0.2095 -0.0175000001
vn -0.977500021 0.209900007 -0.0189999994
vn -0.977699995 0.209099993 -0.0189999994
vn -0.977500021 0.209900007 -0.0208999999
vn -0.977699995 0.208700001 -0.0208999999
vn -0.977800012 0.208900005 -0.0175000001
vn -0.977500021 0.210099995 -0.0189999994
vn -0.977299988 0.210700005 -0.0208000001
vn -0.977800012 0.208700001 -0.0189999994
vn -0.977800012 0.208700001 -0.0175000001
vn -0.977800012 0.208900005 -0.0189999994
vn -0.977800012 0.208900005 -0.0175000001
vn -0.977699995 0.208800003 -0.0208999999
vn -0.977699995 0.209000006 -0.0208999999
vn -0.977800012 0.2086 -0.0164000001
vn -0.977699995 0.209299996 -0.0164000001
vn -0.977800012 0.208900005 -0.0161000006
vn -0.977699995 0.209199995 -0.0161000006
vn -0.977800012 0.208900005 -0.0164000001
vn -0.977800012 0.209099993 -0.0161000006
vn -0.977599978 0.209800005 -0.0164000001
vn -0.977699995 0.209399998 -0.0164000001
vn -0.977500021 0.210299999 -0.0161000006
vn -0.977299988 0.210999995 -0.0161000006
vn -0.986999989 -0.159400001 -0.0187999997
vn -0.993399978 0.113300003 -0.0179999992
vn -0.993600011 0.111500002 -0.0197000001
vn -0.985899985 -0.165999994 -0.0205000006
vn -0.993700027 0.109999999 -0.0216000006
vn -0.985000014 -0.1708 -0.0225000009
vn -0.842700005 -0.537899971 -0.0188999996
vn -0.848200023 -0.529299974 -0.0175000001
vn -0.564700007 -0.825200021 -0.0142999999
vn -0.571799994 -0.820299983 -0.0133999996
vn -0.838999987 -0.543799996 -0.0207000002
vn -0.560599983 -0.827899992 -0.0155999996
vn -0.855099976 -0.518100023 -0.0166999996
vn -0.988399982 -0.150900006 -0.0176999997
vn -0.863200009 -0.504599988 -0.0164999999
vn -0.989799976 -0.141000003 -0.0174000002
vn -0.581200004 -0.813600004 -0.0129000004
vn -0.592899978 -0.805199981 -0.0129000004
vn -0.993099988 0.115900002 -0.0170000009
vn -0.992799997 0.118900001 -0.0165999997
vn -0.959599972 0.228799999 -0.163499996
vn -0.953400016 0.254799992 -0.161699995
vn -0.962000012 0.224399999 -0.155100003
vn -0.964100003 0.215100005 -0.155599996
vn -0.967100024 0.209900007 -0.143299997
vn -0.967400014 0.2086 -0.143399999
vn -0.955200016 0.249599993 -0.158899993
vn -0.960799992 0.229900002 -0.154799998
vn -0.966600001 0.212400004 -0.143199995
vn -0.96509999 0.210199997 -0.1558
vn -0.96329999 0.212200001 -0.164499998
vn -0.965399981 0.209099993 -0.155900002
vn -0.963999987 0.209299996 -0.163900003
vn -0.967299998 0.209399998 -0.143299997
vn -0.967299998 0.209099993 -0.143299997
vn -0.963199973 0.208900005 -0.168899998
vn -0.962400019 0.213 -0.168200001
vn -0.962800026 0.210299999 -0.169699997
vn -0.963400006 0.207499996 -0.169799998
vn -0.963199973 0.2095 -0.168300003
vn -0.962899983 0.209800005 -0.169699997
vn -0.959200025 0.227799997 -0.167500004
vn -0.94630003 0.278899997 -0.163200006
vn -0.962899983 0.209700003 -0.169699997
vn -0.962700009 0.210899994 -0.169699997
vn -0.984099984 -0.056499999 -0.168200001
vn -0.975899994 0.1417 -0.166099995
vn -0.977699995 0.138300002 -0.158099994
vn -0.984600008 -0.0694999993 -0.159999996
vn -0.980000019 0.135600001 -0.145500004
vn -0.985899985 -0.0798999965 -0.147100002
vn -0.907700002 -0.39230001 -0.148499995
vn -0.915300012 -0.370599985 -0.157600001
vn -0.682399988 -0.722199976 -0.112899996
vn -0.698099971 -0.705600023 -0.1215
vn -0.90200001 -0.40990001 -0.135600001
vn -0.924000025 -0.345499992 -0.163399994
vn -0.984000027 -0.0417999998 -0.172800004
vn -0.935899973 -0.310099989 -0.166800007
vn -0.984300017 -0.0281000007 -0.1743
vn -0.716600001 -0.685599983 -0.128099993
vn -0.755900025 -0.640399992 -0.136000007
vn -0.9745 0.145500004 -0.170499995
vn -0.973999977 0.147699997 -0.171800002
vn 0.977800012 -0.208900005 0.0182000007
vn 0.977599978 -0.209800005 0.0182000007
vn 0.977400005 -0.210099995 0.023
vn 0.977599978 -0.209199995 0.023
vn 0.977299988 -0.2104 0.0249000005
vn 0.977400005 -0.209600002 0.0249000005
vn 0.977699995 -0.209399998 0.0182000007
vn 0.977400005 -0.209800005 0.023
vn 0.977299988 -0.210199997 0.0249000005
vn 0.977699995 -0.208700001 0.023
vn 0.977800012 -0.2086 0.0182000007
vn 0.977699995 -0.208800003 0.023
vn 0.977800012 -0.208900005 0.0182000007
vn 0.977500021 -0.209099993 0.0249000005
vn 0.977599978 -0.209099993 0.0249000005
vn 0.977900028 -0.208800003 0.0105999997
vn 0.977900028 -0.208900005 0.0105999997
vn 0.977999985 -0.208700001 0
vn 0.977999985 -0.208499998 0
vn 0.977800012 -0.209000006 0.0105999997
vn 0.977900028 -0.209099993 0
vn 0.977699995 -0.2095 0.0105999997
vn 0.977800012 -0.209299996 0.0105999997
vn 0.977800012 -0.209199995 0
vn 0.977800012 -0.2095 0
vn 0.830500007 -0.556800008 0.0146000003
vn 0.951799989 -0.306199998 0.0175000001
vn 0.951799989 -0.305799991 0.0221999995
vn 0.831499994 -0.555199981 0.0186000001
vn 0.952000022 -0.305000007 0.0240000002
vn 0.833299994 -0.552299976 0.0201999992
vn 0.56099999 -0.827700019 0.0113000004
vn 0.558000028 -0.82980001 0.00879999995
vn 0.214200005 -0.976700008 0.00249999994
vn 0.210199997 -0.977599978 0.00179999997
vn 0.565400004 -0.824699998 0.0125000002
vn 0.556299984 -0.83099997 0.00510000018
vn 0.829999983 -0.557600021 0.00850000046
vn 0.555800021 -0.83130002 0
vn 0.829999983 -0.557699978 0
vn 0.207399994 -0.978200018 0.00100000005
vn 0.951799989 -0.306400001 0.0102000004
vn 0.951799989 -0.306600004 0
vn 0.957400024 -0.231399998 0.172900006
vn 0.949599981 -0.262699991 0.170699999
vn 0.957000017 -0.229100004 0.177599996
vn 0.960699975 -0.212500006 0.178499997
vn 0.961300015 -0.208399996 0.180199996
vn 0.961000025 -0.209600002 0.180199996
vn 0.952799976 -0.252999991 0.167600006
vn 0.940999985 -0.291200012 0.172399998
vn 0.961199999 -0.208700001 0.180199996
vn 0.961199999 -0.2095 0.179199994
vn 0.961499989 -0.212699994 0.173999995
vn 0.961499989 -0.208800003 0.178499997
vn 0.962400019 -0.209099993 0.173299998
vn 0.961300015 -0.208299994 0.180199996
vn 0.961199999 -0.208800003 0.180199996
vn 0.963699996 -0.210500002 0.163900003
vn 0.962400019 -0.216700003 0.163599998
vn 0.966400027 -0.209199995 0.149299994
vn 0.966400027 -0.209299996 0.149299994
vn 0.963999987 -0.209299996 0.164000005
vn 0.966300011 -0.209399998 0.149299994
vn 0.960300028 -0.226400003 0.163100004
vn 0.959299982 -0.230399996 0.162799999
vn 0.966199994 -0.210299999 0.149200007
vn 0.966199994 -0.210299999 0.149100006
vn 0.870500028 -0.466699988 0.156299993
vn 0.945900023 -0.27610001 0.170200005
vn 0.94599998 -0.272300005 0.175600007
vn 0.876299977 -0.453599989 0.162300006
vn 0.945800006 -0.272100002 0.177300006
vn 0.875400007 -0.45480001 0.163800001
vn 0.682099998 -0.720300019 0.125799999
vn 0.665000021 -0.737299979 0.118799999
vn 0.3222 -0.944800019 0.058699999
vn 0.30219999 -0.951699972 0.0533000007
vn 0.670700014 -0.731100023 0.124899998
vn 0.284000009 -0.957400024 0.052099999
vn 0.65079999 -0.75120002 0.109700002
vn 0.86589998 -0.478100002 0.146699995
vn 0.640900016 -0.761399984 0.0976999998
vn 0.863300025 -0.486999989 0.132499993
vn 0.286500007 -0.956900001 0.0474999994
vn 0.946500003 -0.279799998 0.160799995
vn 0.948000014 -0.282700002 0.146200001
vn 0.972800016 -0.209900007 0.0974000022
vn 0.972800016 -0.210199997 0.0974000022
vn 0.971899986 -0.210999995 0.104099996
vn 0.972199976 -0.2095 0.104099996
vn 0.971700013 -0.210800007 0.106600001
vn 0.972000003 -0.209399998 0.106600001
vn 0.972800016 -0.209999993 0.0974000022
vn 0.971700013 -0.211899996 0.104000002
vn 0.971599996 -0.211199999 0.106600001
vn 0.972299993 -0.209299996 0.104099996
vn 0.97299999 -0.209399998 0.0974000022
vn 0.972199976 -0.209600002 0.104099996
vn 0.97299999 -0.209399998 0.0974000022
vn 0.972000003 -0.209399998 0.106600001
vn 0.971899986 -0.209999993 0.106600001
vn 0.97390002 -0.209800005 0.0860999972
vn 0.973800004 -0.210099995 0.0860999972
vn 0.975300014 -0.209700003 0.069600001
vn 0.975199997 -0.209999993 0.069600001
vn 0.973999977 -0.209600002 0.0860999972
vn 0.975300014 -0.209600002 0.069600001
vn 0.97390002 -0.209700003 0.0860999972
vn 0.974099994 -0.209199995 0.0860999972
vn 0.975300014 -0.209399998 0.069600001
vn 0.975499988 -0.208399996 0.069600001
vn 0.863399982 -0.497099996 0.0856999978
vn 0.953299999 -0.286500007 0.0952000022
vn 0.952700019 -0.286199987 0.101800002
vn 0.863200009 -0.496499985 0.0917000026
vn 0.952499986 -0.2861 0.1043
vn 0.862800002 -0.496699989 0.0938000008
vn 0.633599997 -0.770799994 0.066399999
vn 0.633400023 -0.771300018 0.061999999
vn 0.271400005 -0.962100029 0.0271000005
vn 0.271299988 -0.962199986 0.0253999997
vn 0.632700026 -0.771399975 0.0678000003
vn 0.270099998 -0.962400019 0.0274
vn 0.631699979 -0.773199975 0.0544000007
vn 0.863300025 -0.498899996 0.0754999965
vn 0.627900004 -0.777100027 0.0432000011
vn 0.862399995 -0.502600014 0.0606000014
vn 0.269800007 -0.962599993 0.0219999999
vn 0.266799986 -0.96359998 0.0171000008
vn 0.954200029 -0.287099987 0.0841000006
vn 0.9551 -0.288199991 0.0678000003
vn 0.970499992 -0.209600002 0.119099997
vn 0.970300019 -0.2104 0.119099997
vn 0.968500018 -0.210600004 0.132599995
vn 0.968800008 -0.209399998 0.132599995
vn 0.966199994 -0.210299999 0.149200007
vn 0.966400027 -0.209299996 0.149299994
vn 0.970300019 -0.210700005 0.119000003
vn 0.968400002 -0.210899994 0.132499993
vn 0.966199994 -0.210299999 0.149100006
vn 0.968800008 -0.209099993 0.132699996
vn 0.970499992 -0.209299996 0.119099997
vn 0.968699992 -0.209600002 0.132599995
vn 0.970499992 -0.209600002 0.119099997
vn 0.966400027 -0.209199995 0.149299994
vn 0.966300011 -0.209399998 0.149299994
vn 0.971599996 -0.209399998 0.109999999
vn 0.971599996 -0.209399998 0.109999999
vn 0.972000003 -0.209399998 0.106600001
vn 0.972000003 -0.209399998 0.106600001
vn 0.971499979 -0.209900007 0.109999999
vn 0.971499979 -0.209900007 0.109999999
vn 0.971499979 -0.209800005 0.109999999
vn 0.971700013 -0.210800007 0.106600001
vn 0.971599996 -0.211199999 0.106600001
vn 0.862200022 -0.495599985 0.104800001
vn 0.951200008 -0.28580001 0.116400003
vn 0.949800014 -0.284700006 0.129700005
vn 0.862299979 -0.492700011 0.1171
vn 0.948000014 -0.282700002 0.146200001
vn 0.863300025 -0.486999989 0.132499993
vn 0.634899974 -0.767799973 0.0852999985
vn 0.632399976 -0.770900011 0.0758000016
vn 0.270099998 -0.962199986 0.0350000001
vn 0.26820001 -0.962899983 0.0306000002
vn 0.640900016 -0.761399984 0.0976999998
vn 0.275900006 -0.960300028 0.0410999991
vn 0.632099986 -0.771799982 0.0697999969
vn 0.862500012 -0.496600002 0.0966999978
vn 0.632700026 -0.771399975 0.0678000003
vn 0.862800002 -0.496699989 0.0938000008
vn 0.268700004 -0.962800026 0.0280000009
vn 0.952099979 -0.2861 0.107500002
vn 0.952499986 -0.2861 0.1043
vn 0.976999998 -0.2095 0.0388000011
vn 0.977100015 -0.209399998 0.0388000011
vn 0.977299988 -0.209800005 0.0303000007
vn 0.977299988 -0.209399998 0.0303000007
vn 0.977400005 -0.209399998 0.0269000009
vn 0.977400005 -0.209299996 0.0269000009
vn 0.977100015 -0.209199995 0.0388000011
vn 0.977400005 -0.209000006 0.0303000007
vn 0.977500021 -0.209099993 0.0269000009
vn 0.977299988 -0.209700003 0.0303000007
vn 0.977100015 -0.209099993 0.0388000011
vn 0.976999998 -0.211099997 0.0303000007
vn 0.977100015 -0.209199995 0.0388999991
vn 0.977299988 -0.209900007 0.0269000009
vn 0.977100015 -0.211099997 0.0269000009
vn 0.976400018 -0.209399998 0.052099999
vn 0.976300001 -0.209800005 0.052099999
vn 0.975300014 -0.209399998 0.069600001
vn 0.975199997 -0.209999993 0.069600001
vn 0.976599991 -0.2086 0.0522000007
vn 0.975499988 -0.208399996 0.069600001
vn 0.976499975 -0.209000006 0.052099999
vn 0.976499975 -0.209199995 0.052099999
vn 0.975300014 -0.209700003 0.069600001
vn 0.975300014 -0.209600002 0.069600001
vn 0.856400013 -0.515100002 0.0329999998
vn 0.955500007 -0.292400002 0.0377000012
vn 0.955600023 -0.290199995 0.0507000014
vn 0.860000014 -0.508300006 0.0449000001
vn 0.9551 -0.288199991 0.0678000003
vn 0.862399995 -0.502600014 0.0606000014
vn 0.621299982 -0.782899976 0.0313000008
vn 0.613099992 -0.789699972 0.0223999992
vn 0.261599988 -0.96509999 0.0116999997
vn 0.255600005 -0.966700017 0.00769999996
vn 0.627900004 -0.777100027 0.0432000011
vn 0.603900015 -0.796899974 0.0166999996
vn 0.852199972 -0.522499979 0.0252999999
vn 0.594500005 -0.803900003 0.0143999998
vn 0.847800016 -0.529799998 0.0223999992
vn 0.248999998 -0.968500018 0.00520000001
vn 0.9551 -0.29460001 0.0293000005
vn 0.954400003 -0.297199994 0.0261000004
vn 0.977500021 -0.209099993 0.0256999992
vn 0.977400005 -0.209999993 0.0256999992
vn 0.977400005 -0.209800005 0.0263
vn 0.977500021 -0.209299996 0.0263
vn 0.977299988 -0.209900007 0.0269000009
vn 0.977400005 -0.209299996 0.0269000009
vn 0.977400005 -0.209999993 0.0256999992
vn 0.977299988 -0.210199997 0.0263
vn 0.977100015 -0.211099997 0.0269000009
vn 0.977500021 -0.209399998 0.0263
vn 0.977599978 -0.209000006 0.0256999992
vn 0.977400005 -0.2095 0.0263
vn 0.977400005 -0.2095 0.0256999992
vn 0.977400005 -0.209399998 0.0269000009
vn 0.977500021 -0.209099993 0.0269000009
vn 0.977599978 -0.208900005 0.0252999999
vn 0.977500021 -0.209199995 0.0252999999
vn 0.977500021 -0.209099993 0.0249000005
vn 0.977400005 -0.209600002 0.0249000005
vn 0.977400005 -0.209600002 0.0252999999
vn 0.977599978 -0.209099993 0.0249000005
vn 0.977400005 -0.210099995 0.0252
vn 0.977400005 -0.209600002 0.0252999999
vn 0.977299988 -0.2104 0.0249000005
vn 0.977299988 -0.210199997 0.0249000005
vn 0.839600027 -0.542800009 0.0211999994
vn 0.953000009 -0.301999986 0.0248000007
vn 0.953700006 -0.299699992 0.0253999997
vn 0.843500018 -0.536599994 0.0218000002
vn 0.954400003 -0.297199994 0.0261000004
vn 0.847800016 -0.529799998 0.0223999992
vn 0.586000025 -0.810199976 0.0138999997
vn 0.578199983 -0.815800011 0.0133999996
vn 0.236200005 -0.971700013 0.00410000002
vn 0.594500005 -0.803900003 0.0143999998
vn 0.242400005 -0.970200002 0.00430000015
vn 0.571200013 -0.82069999 0.0129000004
vn 0.836099982 -0.548099995 0.0207000002
vn 0.565400004 -0.824699998 0.0125000002
vn 0.833299994 -0.552299976 0.0201999992
vn 0.2245 -0.9745 0.00340000005
vn 0.218999997 -0.975700021 0.00300000003
vn 0.952400029 -0.303799987 0.0243999995
vn 0.952000022 -0.305000007 0.0240000002
vn -0.185599998 -0.982599974 0.00600000005
vn -0.182500005 -0.983200014 0.00730000017
vn -0.0362999998 -0.999300003 0.0037
vn -0.0401000008 -0.999199986 0.00310000009
vn 0.214200005 -0.976800025 -0.00249999994
vn 0.210199997 -0.977599978 -0.00179999997
vn -0.180299997 -0.98360002 0.00730000017
vn -0.0326999985 -0.999499977 0.00359999994
vn 0.218999997 -0.975700021 -0.00300000003
vn -0.0430000015 -0.999100029 0.00190000003
vn -0.1884 -0.98210001 0.00359999994
vn 0.207399994 -0.978200018 -0.00100000005
vn -0.330799997 -0.943700016 0.00520000001
vn -0.328500003 -0.944500029 0.00879999995
vn -0.561200023 -0.827600002 0.00769999996
vn -0.559899986 -0.828400016 0.0127999997
vn -0.326299995 -0.945200026 0.0105999997
vn -0.325599998 -0.9454 0.0107000005
vn -0.559300005 -0.828800023 0.0154999997
vn -0.560599983 -0.827899992 0.0155999996
vn -0.181199998 -0.983399987 0.00639999984
vn -0.331499994 -0.943400025 0.00930000003
vn -0.338099986 -0.940999985 0.00899999961
vn -0.184400007 -0.982800007 0.00630000001
vn -0.346799999 -0.937900007 0.0092000002
vn -0.189199999 -0.981899977 0.00639999984
vn -0.571799994 -0.820299983 0.0133999996
vn -0.58130002 -0.813600004 0.0129000004
vn -0.592899978 -0.805199981 0.0129000004
vn -0.0276999995 -0.999599993 0.00270000007
vn -0.0284000002 -0.999599993 0.00289999996
vn 0.236200005 -0.971700013 -0.00410000002
vn 0.230199993 -0.973100007 -0.00380000006
vn -0.0277999993 -0.999599993 0.0027999999
vn 0.242400005 -0.970200002 -0.00430000015
vn -0.0299999993 -0.999499977 0.00319999992
vn -0.179800004 -0.98360002 0.00669999979
vn -0.0326999985 -0.999499977 0.00359999994
vn -0.180299997 -0.98360002 0.00730000017
vn 0.2245 -0.9745 -0.00340000005
vn 0.218999997 -0.975700021 -0.00300000003
vn -0.327199996 -0.944899976 0.00989999995
vn -0.564700007 -0.825200021 0.0142999999
vn -0.325599998 -0.9454 0.0107000005
vn -0.560599983 -0.827899992 0.0155999996
vn -0.201499999 -0.979399979 0.00930000003
vn -0.207800001 -0.978100002 0.0125000002
vn -0.0307 -0.999499977 0.0037
vn -0.0296 -0.999499977 0.00329999998
vn 0.261599988 -0.96509999 -0.0116999997
vn 0.255600005 -0.966700017 -0.00769999996
vn -0.212899998 -0.976899981 0.0166999996
vn -0.0315000005 -0.999499977 0.00419999985
vn 0.2667 -0.96359998 -0.0171000008
vn -0.0285 -0.999599993 0.00310000009
vn -0.194999993 -0.980799973 0.00730000017
vn -0.0277999993 -0.999599993 0.0027999999
vn -0.189199999 -0.981899977 0.00639999984
vn 0.2491 -0.968400002 -0.00520000001
vn -0.356900007 -0.934000015 0.0105999997
vn -0.367900014 -0.929700017 0.0142999999
vn -0.605799973 -0.795400023 0.0152000003
vn -0.619199991 -0.78490001 0.0212999992
vn -0.346799999 -0.937900007 0.0092000002
vn -0.592899978 -0.805199981 0.0129000004
vn -0.378399998 -0.925400019 0.0203000009
vn -0.386900008 -0.921700001 0.0282000005
vn -0.631699979 -0.774500012 0.0313000008
vn -0.641700029 -0.765600026 0.0447000004
vn -0.217800006 -0.975700021 0.0238000005
vn -0.0320999995 -0.999499977 0.00520000001
vn -0.0320000015 -0.999499977 0.00480000023
vn -0.216299996 -0.976100028 0.0208999999
vn -0.0315000005 -0.999499977 0.00419999985
vn -0.212899998 -0.976899981 0.0166999996
vn 0.271299988 -0.962100029 -0.0253999997
vn 0.269800007 -0.962599993 -0.0219999999
vn 0.2667 -0.96359998 -0.0171000008
vn -0.3926 -0.91900003 0.0359999985
vn -0.395399988 -0.917599976 0.0414000005
vn -0.648299992 -0.759199977 0.0577000007
vn -0.65140003 -0.755800009 0.0666000023
vn -0.386900008 -0.921700001 0.0282000005
vn -0.641700029 -0.765600026 0.0447000004
vn -0.396400005 -0.916999996 0.0445999987
vn -0.218500003 -0.975499988 0.0255999994
vn -0.397100002 -0.916599989 0.0460000001
vn -0.219500005 -0.975199997 0.0264999997
vn -0.652400017 -0.754400015 0.0719000027
vn -0.652800024 -0.753899992 0.0738999993
vn -0.0324999988 -0.999499977 0.0055999998
vn 0.271400005 -0.962100029 -0.0271000005
vn -0.0337000005 -0.99940002 0.00609999988
vn 0.270099998 -0.962400019 -0.0274
vn -0.224600002 -0.973999977 0.0297999997
vn -0.228499994 -0.97299999 0.0331000015
vn -0.0394000001 -0.999199986 0.0074
vn -0.0377999991 -0.999199986 0.00700000022
vn 0.270099998 -0.962199986 -0.0350000001
vn 0.268299997 -0.962800026 -0.0306000002
vn -0.232800007 -0.971800029 0.0370000005
vn -0.0392000005 -0.999199986 0.00760000013
vn 0.275900006 -0.960300028 -0.0410999991
vn -0.0355999991 -0.999300003 0.00659999996
vn -0.221399993 -0.974799991 0.0275999997
vn -0.0337000005 -0.99940002 0.00609999988
vn -0.219500005 -0.975199997 0.0264999997
vn 0.26879999 -0.962800026 -0.0281000007
vn -0.398699999 -0.915799975 0.0474999994
vn -0.402200013 -0.914099991 0.0511999987
vn -0.653500021 -0.753099978 0.0759999976
vn -0.656099975 -0.750199974 0.0816000029
vn -0.397100002 -0.916599989 0.0460000001
vn -0.652800024 -0.753899992 0.0738999993
vn -0.407599986 -0.91140002 0.0568999983
vn -0.415300012 -0.907400012 0.0643000007
vn -0.66140002 -0.744499981 0.0904000029
vn -0.6699 -0.735400021 0.101800002
vn -0.241999999 -0.969299972 0.0436999984
vn -0.246900007 -0.967999995 0.0456999987
vn -0.0237000007 -0.99970001 0.00520000001
vn -0.0313000008 -0.999499977 0.00650000013
vn 0.3222 -0.944800019 -0.058699999
vn 0.302300006 -0.951699972 -0.0533000007
vn -0.27610001 -0.959699988 0.0515000001
vn -0.0537 -0.99849999 0.0108000003
vn 0.283899993 -0.957400024 -0.052099999
vn -0.0366000012 -0.999300003 0.00730000017
vn -0.237399995 -0.970499992 0.0408999994
vn -0.0392000005 -0.999199986 0.00760000013
vn -0.232800007 -0.971800029 0.0370000005
vn 0.286500007 -0.956900001 -0.0474999994
vn 0.275900006 -0.960300028 -0.0410999991
vn -0.425599992 -0.902100027 0.0715999976
vn -0.43810001 -0.895500004 0.0775000006
vn -0.682399988 -0.722199976 0.112899996
vn -0.698099971 -0.705600023 0.1215
vn -0.415300012 -0.907400012 0.0643000007
vn -0.6699 -0.735400021 0.101800002
vn -0.452899992 -0.887700021 0.0821999982
vn -0.488700002 -0.867900014 0.0892999992
vn -0.716600001 -0.685500026 0.128099993
vn -0.755800009 -0.640500009 0.136000007
vn -0.977400005 0.209299996 0.0287999995
vn -0.977599978 0.209700003 0.0193000007
vn -0.977500021 0.209999993 0.0193000007
vn -0.977199972 0.2104 0.0287999995
vn -0.977599978 0.209399998 0.0193000007
vn -0.977100015 0.210800007 0.0287999995
vn -0.977599978 0.209700003 0.0161000006
vn -0.977400005 0.210600004 0.0161000006
vn -0.977500021 0.210099995 0.0161000006
vn -0.976599991 0.2104 0.0439999998
vn -0.976800025 0.209600002 0.0439999998
vn -0.975700021 0.209199995 0.064199999
vn -0.975600004 0.209800005 0.064199999
vn -0.976700008 0.209900007 0.0441000015
vn -0.976000011 0.208000004 0.0643000007
vn -0.976800025 0.209299996 0.0439999998
vn -0.977400005 0.209399998 0.0287999995
vn -0.976800025 0.209700003 0.0439999998
vn -0.977400005 0.2095 0.0287999995
vn -0.975700021 0.209399998 0.064199999
vn -0.975600004 0.209700003 0.064199999
vn -0.977699995 0.208900005 0.0193000007
vn -0.977900028 0.208499998 0.0161000006
vn -0.977699995 0.209000006 0.0193000007
vn -0.977800012 0.208800003 0.0161000006
vn -0.992299974 -0.120200001 0.0303000007
vn -0.99119997 -0.130799994 0.0207000002
vn -0.992399991 0.121600002 0.0198999997
vn -0.99180001 0.124600001 0.0295000002
vn -0.989799976 -0.141200006 0.0174000002
vn -0.992799997 0.118799999 0.0165999997
vn -0.990800023 0.127399996 0.0449000001
vn -0.992799997 -0.110399999 0.0458000004
vn -0.989300013 0.129899994 0.0654999986
vn -0.992500007 -0.102300003 0.066399999
vn -0.887099981 -0.459600002 0.0421000011
vn -0.879800022 -0.4745 0.0281000007
vn -0.631699979 -0.774500012 0.0313000008
vn -0.619199991 -0.78490001 0.0212999992
vn -0.892400026 -0.4472 0.0606999993
vn -0.871599972 -0.489800006 0.0195000004
vn -0.863200009 -0.504700005 0.0164999999
vn -0.605799973 -0.795400023 0.0152000003
vn -0.970399976 0.210700005 0.117600001
vn -0.971400023 0.210199997 0.109899998
vn -0.971400023 0.210199997 0.109899998
vn -0.970499992 0.2104 0.117600001
vn -0.971700013 0.208900005 0.109999999
vn -0.971000016 0.208000004 0.117600001
vn -0.971899986 0.2095 0.107100002
vn -0.971800029 0.210099995 0.107100002
vn -0.971800029 0.209999993 0.107100002
vn -0.969200015 0.209600002 0.129199997
vn -0.969099998 0.210199997 0.129199997
vn -0.967299998 0.209099993 0.143299997
vn -0.967199981 0.209800005 0.143299997
vn -0.969600022 0.207699999 0.129199997
vn -0.967499971 0.208199993 0.143299997
vn -0.969299972 0.209199995 0.129199997
vn -0.970799983 0.209099993 0.117600001
vn -0.969200015 0.209399998 0.129199997
vn -0.970700026 0.209399998 0.117600001
vn -0.967199981 0.2095 0.143299997
vn -0.967199981 0.209399998 0.143299997
vn -0.971599996 0.209199995 0.109999999
vn -0.972000003 0.209199995 0.107100002
vn -0.971599996 0.209399998 0.109999999
vn -0.971899986 0.2095 0.107100002
vn -0.988499999 -0.0912000015 0.1206
vn -0.989300013 -0.0929000005 0.1127
vn -0.984899998 0.132400006 0.111699998
vn -0.983900011 0.132799998 0.119499996
vn -0.989600003 -0.0932999998 0.109700002
vn -0.985199988 0.132200003 0.1087
vn -0.982299984 0.133699998 0.131200001
vn -0.987299979 -0.0870999992 0.132499993
vn -0.980000019 0.135700002 0.145500004
vn -0.985899985 -0.0799999982 0.147100002
vn -0.898599982 -0.421600014 0.1215
vn -0.896700025 -0.428600013 0.110200003
vn -0.66140002 -0.744499981 0.0904000029
vn -0.656099975 -0.750199974 0.0816000029
vn -0.90200001 -0.409799993 0.135600001
vn -0.6699 -0.735400021 0.101800002
vn -0.896099985 -0.431800008 0.102799997
vn -0.896099985 -0.432300001 0.100100003
vn -0.653500021 -0.753099978 0.0759999976
vn -0.977800012 0.208900005 0.0173000004
vn -0.977900028 0.208700001 0.0103000002
vn -0.977699995 0.209600002 0.0103000002
vn -0.977500021 0.209999993 0.0173000004
vn -0.977699995 0.209800005 0.0103000002
vn -0.977299988 0.210999995 0.0173000004
vn -0.977400005 0.210099995 0.0208999999
vn -0.977599978 0.209199995 0.0208999999
vn -0.977400005 0.210099995 0.0208999999
vn -0.977599978 0.209299996 0.0208999999
vn -0.977100015 0.211600006 0.0208999999
vn -0.977299988 0.210800007 0.0208000001
vn -0.977599978 0.209299996 0.0208999999
vn -0.977800012 0.208700001 0.0173000004
vn -0.977800012 0.208700001 0.0208999999
vn -0.977800012 0.208800003 0.0173000004
vn -0.977699995 0.209099993 0.0208999999
vn -0.977800012 0.208700001 0.0208999999
vn -0.977999985 0.208299994 0.0104
vn -0.977900028 0.208800003 0.0104
vn -0.984399974 -0.175099999 0.0186999999
vn -0.984399974 -0.175500005 0.0111999996
vn -0.994000018 0.108499996 0.0107000005
vn -0.993900001 0.108599998 0.0178999994
vn -0.993799984 0.108999997 0.0217000004
vn -0.984499991 -0.173700005 0.0226000007
vn -0.993700027 0.109899998 0.0216000006
vn -0.985000014 -0.170699999 0.0225000009
vn -0.837100029 -0.546700001 0.0207000002
vn -0.836600006 -0.547500014 0.0171000008
vn -0.559300005 -0.828800023 0.0154999997
vn -0.559899986 -0.828400016 0.0127999997
vn -0.838999987 -0.543799996 0.0207000002
vn -0.836799979 -0.547399998 0.0103000002
vn -0.561200023 -0.827600002 0.00769999996
vn -0.972800016 0.210500002 0.0966000035
vn -0.974099994 0.209999993 0.0834999979
vn -0.974300027 0.209099993 0.0834999979
vn -0.972899973 0.209999993 0.0966000035
vn -0.974600017 0.207699999 0.0834999979
vn -0.973399997 0.207699999 0.0966000035
vn -0.975600004 0.209800005 0.064199999
vn -0.975700021 0.209199995 0.064199999
vn -0.976000011 0.208000004 0.0643000007
vn -0.972000003 0.210700005 0.1043
vn -0.972000003 0.210199997 0.1043
vn -0.971800029 0.210099995 0.107100002
vn -0.971899986 0.2095 0.107100002
vn -0.972199976 0.209600002 0.1043
vn -0.971800029 0.209999993 0.107100002
vn -0.972299993 0.209099993 0.1043
vn -0.973100007 0.209099993 0.0966000035
vn -0.972199976 0.209600002 0.1043
vn -0.97299999 0.209399998 0.0966000035
vn -0.972000003 0.209199995 0.107100002
vn -0.97420001 0.209399998 0.0834999979
vn -0.975700021 0.209399998 0.064199999
vn -0.97420001 0.209600002 0.0834999979
vn -0.975600004 0.209700003 0.064199999
vn -0.99059999 -0.0942000002 0.0991000012
vn -0.991599977 -0.0967999995 0.0857999995
vn -0.987600029 0.131500006 0.0848999992
vn -0.986400008 0.132100001 0.0980999991
vn -0.992500007 -0.102300003 0.066399999
vn -0.989300013 0.129899994 0.0654999986
vn -0.985499978 0.132100001 0.105999999
vn -0.989799976 -0.0935000032 0.106899999
vn -0.985199988 0.132200003 0.1087
vn -0.989600003 -0.0932999998 0.109700002
vn -0.896300018 -0.432599992 0.0974999964
vn -0.896200001 -0.434300005 0.0904000029
vn -0.652400017 -0.754400015 0.0719000027
vn -0.896099985 -0.432300001 0.100100003
vn -0.652800024 -0.753899992 0.0738999993
vn -0.895200014 -0.438600004 0.0782999992
vn -0.892400026 -0.4472 0.0606999993
vn -0.648299992 -0.759199977 0.0577000007
vn -0.641700029 -0.765600026 0.0447000004
vn -0.977599978 0.2095 0.0175000001
vn -0.977599978 0.209399998 0.0189999994
vn -0.977400005 0.210199997 0.0189999994
vn -0.977500021 0.209999993 0.0175000001
vn -0.977500021 0.209800005 0.0189999994
vn -0.977699995 0.209099993 0.0175000001
vn -0.977599978 0.209299996 0.0208999999
vn -0.977400005 0.210099995 0.0208999999
vn -0.977299988 0.210800007 0.0208000001
vn -0.977500021 0.210299999 0.0164000001
vn -0.977599978 0.209600002 0.0164000001
vn -0.977400005 0.210600004 0.0161000006
vn -0.977599978 0.209700003 0.0161000006
vn -0.977599978 0.209900007 0.0164000001
vn -0.977500021 0.210099995 0.0161000006
vn -0.977900028 0.208499998 0.0164000001
vn -0.977800012 0.208499998 0.0175000001
vn -0.977800012 0.208900005 0.0164000001
vn -0.977800012 0.209000006 0.0175000001
vn -0.977900028 0.208499998 0.0161000006
vn -0.977800012 0.208800003 0.0161000006
vn -0.977800012 0.208499998 0.0189999994
vn -0.977699995 0.209099993 0.0208999999
vn -0.977800012 0.208800003 0.0189999994
vn -0.977800012 0.208700001 0.0208999999
vn -0.986999989 -0.159600005 0.0187999997
vn -0.985899985 -0.166099995 0.0205000006
vn -0.993600011 0.111400001 0.0197000001
vn -0.993399978 0.113399997 0.0179999992
vn -0.985000014 -0.170699999 0.0225000009
vn -0.993700027 0.109899998 0.0216000006
vn -0.993099988 0.115999997 0.0170000009
vn -0.988399982 -0.150999993 0.0176999997
vn -0.992799997 0.118799999 0.0165999997
vn -0.989799976 -0.141200006 0.0174000002
vn -0.855099976 -0.518100023 0.0166999996
vn -0.848200023 -0.529299974 0.0175000001
vn -0.58130002 -0.813600004 0.0129000004
vn -0.571799994 -0.820299983 0.0133999996
vn -0.863200009 -0.504700005 0.0164999999
vn -0.592899978 -0.805199981 0.0129000004
vn -0.842700005 -0.537999988 0.0188999996
vn -0.838999987 -0.543799996 0.0207000002
vn -0.564700007 -0.825200021 0.0142999999
vn -0.560599983 -0.827899992 0.0155999996
vn -0.959599972 0.229100004 0.163499996
vn -0.963999987 0.215599999 0.155599996
vn -0.962199986 0.223499998 0.155200005
vn -0.953199983 0.255600005 0.161599994
vn -0.961399972 0.227200001 0.154899999
vn -0.955600023 0.247899994 0.158999994
vn -0.967199981 0.209800005 0.143299997
vn -0.967299998 0.209099993 0.143299997
vn -0.967499971 0.208199993 0.143299997
vn -0.959500015 0.226400003 0.167500004
vn -0.962300003 0.213599995 0.168200001
vn -0.962700009 0.210600004 0.169699997
vn -0.963100016 0.208499998 0.169699997
vn -0.945599973 0.281399995 0.163100004
vn -0.963199973 0.208100006 0.169799998
vn -0.963100016 0.209399998 0.168899998
vn -0.963199973 0.212500006 0.164499998
vn -0.963199973 0.209399998 0.168300003
vn -0.963999987 0.209199995 0.163900003
vn -0.962899983 0.209800005 0.169699997
vn -0.963 0.209399998 0.169699997
vn -0.96509999 0.2104 0.1558
vn -0.967199981 0.2095 0.143299997
vn -0.965300024 0.209299996 0.155900002
vn -0.967199981 0.209399998 0.143299997
vn -0.984099984 -0.056499999 0.168200001
vn -0.984600008 -0.0694999993 0.159999996
vn -0.977699995 0.138300002 0.158099994
vn -0.975899994 0.1417 0.166099995
vn -0.985899985 -0.0799999982 0.147100002
vn -0.980000019 0.135700002 0.145500004
vn -0.9745 0.145500004 0.170499995
vn -0.984000027 -0.0417000018 0.172800004
vn -0.973999977 0.147599995 0.171800002
vn -0.984300017 -0.0280000009 0.1743
vn -0.924099982 -0.345400006 0.163399994
vn -0.915300012 -0.370599985 0.157600001
vn -0.716600001 -0.685500026 0.128099993
vn -0.698099971 -0.705600023 0.1215
vn -0.93599999 -0.309899986 0.166800007
vn -0.755800009 -0.640500009 0.136000007
vn -0.907700002 -0.39230001 0.148499995
vn -0.90200001 -0.409799993 0.135600001
vn -0.682399988 -0.722199976 0.112899996
vn 0.977800012 -0.208900005 -0.0182000007
vn 0.977599978 -0.209099993 -0.023
vn 0.977500021 -0.209600002 -0.023
vn 0.977599978 -0.209399998 -0.0182000007
vn 0.977500021 -0.209399998 -0.023
vn 0.977699995 -0.209099993 -0.0182000007
vn 0.977500021 -0.209299996 -0.0249000005
vn 0.977400005 -0.209900007 -0.0249000005
vn 0.977400005 -0.209700003 -0.0249000005
vn 0.977800012 -0.209299996 -0.0105999997
vn 0.977900028 -0.208800003 -0.0105999997
vn 0.977800012 -0.209199995 -0.0105999997
vn 0.977900028 -0.208800003 -0.0105999997
vn 0.977800012 -0.208700001 -0.0182000007
vn 0.977800012 -0.209199995 -0.0105999997
vn 0.977699995 -0.209199995 -0.0182000007
vn 0.977699995 -0.208700001 -0.023
vn 0.977599978 -0.209000006 -0.0249000005
vn 0.977599978 -0.209199995 -0.023
vn 0.977400005 -0.209600002 -0.0249000005
vn 0.83069998 -0.556599975 -0.0146000003
vn 0.83160001 -0.555000007 -0.0186000001
vn 0.951699972 -0.306199998 -0.0221999995
vn 0.951699972 -0.306499988 -0.0175000001
vn 0.833500028 -0.552100003 -0.0201999992
vn 0.951900005 -0.305299997 -0.0240000002
vn 0.951799989 -0.306499988 -0.0102000004
vn 0.830200016 -0.557399988 -0.00850000046
vn 0.556400001 -0.830900013 -0.00510000018
vn 0.558099985 -0.829699993 -0.00879999995
vn 0.207399994 -0.978200018 -0.00100000005
vn 0.210199997 -0.977599978 -0.00179999997
vn 0.56099999 -0.827700019 -0.0113000004
vn 0.565400004 -0.824699998 -0.0125000002
vn 0.214200005 -0.976800025 -0.00249999994
vn 0.957199991 -0.231800005 -0.172900006
vn 0.960600019 -0.212799996 -0.178399995
vn 0.957000017 -0.229100004 -0.177599996
vn 0.949800014 -0.262199998 -0.170699999
vn 0.940999985 -0.291200012 -0.172399998
vn 0.952600002 -0.253699988 -0.167600006
vn 0.961099982 -0.209199995 -0.180199996
vn 0.961199999 -0.208700001 -0.180199996
vn 0.961199999 -0.208700001 -0.180199996
vn 0.960300028 -0.226099998 -0.163100004
vn 0.962400019 -0.216600001 -0.163599998
vn 0.966300011 -0.209800005 -0.149299994
vn 0.966199994 -0.209800005 -0.149299994
vn 0.959299982 -0.230599999 -0.162799999
vn 0.966600001 -0.208399996 -0.149200007
vn 0.963699996 -0.210600004 -0.163900003
vn 0.961499989 -0.212699994 -0.173999995
vn 0.963999987 -0.209199995 -0.164000005
vn 0.962400019 -0.208900005 -0.173299998
vn 0.966400027 -0.209199995 -0.149299994
vn 0.966199994 -0.209800005 -0.149299994
vn 0.961300015 -0.209099993 -0.179199994
vn 0.961399972 -0.207800001 -0.180199996
vn 0.961499989 -0.208700001 -0.178499997
vn 0.961300015 -0.208299994 -0.180199996
vn 0.870500028 -0.466699988 -0.156299993
vn 0.876299977 -0.453599989 -0.162300006
vn 0.94599998 -0.272199988 -0.175600007
vn 0.945900023 -0.276199996 -0.170200005
vn 0.875500023 -0.454699993 -0.163800001
vn 0.945800006 -0.271899998 -0.177300006
vn 0.946500003 -0.279900014 -0.160799995
vn 0.866100013 -0.477899998 -0.146699995
vn 0.947899997 -0.282799989 -0.146200001
vn 0.863499999 -0.486600012 -0.132599995
vn 0.650900006 -0.75120002 -0.109700002
vn 0.665000021 -0.737299979 -0.118799999
vn 0.286500007 -0.956900001 -0.0474999994
vn 0.302300006 -0.951699972 -0.0533000007
vn 0.640900016 -0.761300027 -0.0976999998
vn 0.682200015 -0.720300019 -0.125799999
vn 0.670700014 -0.731100023 -0.124899998
vn 0.3222 -0.944800019 -0.058699999
vn 0.283899993 -0.957400024 -0.052099999
vn 0.972899973 -0.2095 -0.0974000022
vn 0.972199976 -0.209800005 -0.104099996
vn 0.972100019 -0.210199997 -0.104099996
vn 0.972899973 -0.2095 -0.0974000022
vn 0.972100019 -0.210199997 -0.104099996
vn 0.972899973 -0.209399998 -0.0974000022
vn 0.971899986 -0.209999993 -0.106600001
vn 0.971700013 -0.210800007 -0.106600001
vn 0.971800029 -0.210199997 -0.106600001
vn 0.973999977 -0.209600002 -0.0860999972
vn 0.973999977 -0.209600002 -0.0860999972
vn 0.975300014 -0.209399998 -0.069600001
vn 0.975300014 -0.209399998 -0.069600001
vn 0.97390002 -0.209999993 -0.0860999972
vn 0.975300014 -0.209700003 -0.069600001
vn 0.97390002 -0.209800005 -0.0860999972
vn 0.97299999 -0.209399998 -0.0974000022
vn 0.97390002 -0.209700003 -0.0860999972
vn 0.972899973 -0.209399998 -0.0974000022
vn 0.975300014 -0.209700003 -0.069600001
vn 0.975199997 -0.209900007 -0.069600001
vn 0.972199976 -0.2095 -0.104099996
vn 0.972000003 -0.2095 -0.106600001
vn 0.972199976 -0.209800005 -0.104099996
vn 0.971800029 -0.210099995 -0.106600001
vn 0.863499999 -0.497099996 -0.0856999978
vn 0.863200009 -0.496399999 -0.0917000026
vn 0.952700019 -0.286300004 -0.101800002
vn 0.953299999 -0.286599994 -0.0952000022
vn 0.862900019 -0.496600002 -0.0938000008
vn 0.952400029 -0.28639999 -0.1043
vn 0.954200029 -0.287099987 -0.0841000006
vn 0.863399982 -0.498800009 -0.0754999965
vn 0.954999983 -0.288500011 -0.0678000003
vn 0.862500012 -0.502399981 -0.0606000014
vn 0.631699979 -0.773199975 -0.0544000007
vn 0.633400023 -0.771300018 -0.061999999
vn 0.269800007 -0.962599993 -0.0219999999
vn 0.271299988 -0.962100029 -0.0253999997
vn 0.628000021 -0.77700001 -0.0432000011
vn 0.2667 -0.96359998 -0.0171000008
vn 0.633599997 -0.770799994 -0.066399999
vn 0.6329 -0.771200001 -0.0678000003
vn 0.271400005 -0.962100029 -0.0271000005
vn 0.270099998 -0.962400019 -0.0274
vn 0.970399976 -0.210199997 -0.119099997
vn 0.968500018 -0.210500002 -0.132599995
vn 0.968699992 -0.209900007 -0.132599995
vn 0.970399976 -0.209999993 -0.119099997
vn 0.969200015 -0.207200006 -0.132699996
vn 0.970600009 -0.208900005 -0.119099997
vn 0.966199994 -0.209800005 -0.149299994
vn 0.966300011 -0.209800005 -0.149299994
vn 0.966600001 -0.208399996 -0.149200007
vn 0.971400023 -0.210199997 -0.109999999
vn 0.971599996 -0.2095 -0.109999999
vn 0.971700013 -0.210800007 -0.106600001
vn 0.971899986 -0.209999993 -0.106600001
vn 0.971400023 -0.2104 -0.109999999
vn 0.971800029 -0.210199997 -0.106600001
vn 0.971499979 -0.209800005 -0.109999999
vn 0.970499992 -0.209600002 -0.119099997
vn 0.971499979 -0.210099995 -0.109999999
vn 0.970399976 -0.209800005 -0.119099997
vn 0.972000003 -0.2095 -0.106600001
vn 0.968800008 -0.209099993 -0.132699996
vn 0.966400027 -0.209199995 -0.149299994
vn 0.968699992 -0.209800005 -0.132599995
vn 0.966199994 -0.209800005 -0.149299994
vn 0.862100005 -0.495700002 -0.104800001
vn 0.862399995 -0.492500007 -0.117200002
vn 0.949800014 -0.284700006 -0.129700005
vn 0.951200008 -0.28580001 -0.116400003
vn 0.863499999 -0.486600012 -0.132599995
vn 0.947899997 -0.282799989 -0.146200001
vn 0.952000022 -0.28639999 -0.107500002
vn 0.862500012 -0.496699989 -0.0966999978
vn 0.952400029 -0.28639999 -0.1043
vn 0.862900019 -0.496600002 -0.0938000008
vn 0.632200003 -0.771600008 -0.0697999969
vn 0.632399976 -0.770900011 -0.0758000016
vn 0.26879999 -0.962800026 -0.0281000007
vn 0.268299997 -0.962800026 -0.0306000002
vn 0.6329 -0.771200001 -0.0678000003
vn 0.63499999 -0.767799973 -0.0852999985
vn 0.640900016 -0.761300027 -0.0976999998
vn 0.270099998 -0.962199986 -0.0350000001
vn 0.275900006 -0.960300028 -0.0410999991
vn 0.976999998 -0.209700003 -0.0388000011
vn 0.977400005 -0.209199995 -0.0303000007
vn 0.977500021 -0.208499998 -0.0303000007
vn 0.977100015 -0.208900005 -0.0388000011
vn 0.977400005 -0.209299996 -0.0303000007
vn 0.977100015 -0.209299996 -0.0388000011
vn 0.977400005 -0.209600002 -0.0269000009
vn 0.977599978 -0.208900005 -0.0269000009
vn 0.977500021 -0.209000006 -0.0269000009
vn 0.976499975 -0.209099993 -0.052099999
vn 0.976300001 -0.209900007 -0.052099999
vn 0.975300014 -0.209700003 -0.069600001
vn 0.975300014 -0.209399998 -0.069600001
vn 0.976400018 -0.209399998 -0.052099999
vn 0.975199997 -0.209900007 -0.069600001
vn 0.976499975 -0.209099993 -0.052099999
vn 0.976999998 -0.2095 -0.0388000011
vn 0.976700008 -0.208000004 -0.0522000007
vn 0.977199972 -0.208499998 -0.0388999991
vn 0.975300014 -0.209399998 -0.069600001
vn 0.975300014 -0.209700003 -0.069600001
vn 0.977100015 -0.210700005 -0.0302000009
vn 0.977199972 -0.210500002 -0.0269000009
vn 0.976999998 -0.210899994 -0.0303000007
vn 0.977199972 -0.210700005 -0.0269000009
vn 0.856400013 -0.515100002 -0.0329999998
vn 0.860099971 -0.508099973 -0.0449000001
vn 0.955500007 -0.290399998 -0.0507000014
vn 0.955500007 -0.292400002 -0.0377000012
vn 0.862500012 -0.502399981 -0.0606000014
vn 0.954999983 -0.288500011 -0.0678000003
vn 0.954999983 -0.294999987 -0.0293000005
vn 0.852199972 -0.522599995 -0.0252999999
vn 0.954400003 -0.297399998 -0.0261000004
vn 0.847599983 -0.530099988 -0.0223999992
vn 0.603799999 -0.796899974 -0.0166999996
vn 0.612999976 -0.789699972 -0.0223999992
vn 0.2491 -0.968400002 -0.00520000001
vn 0.255600005 -0.966700017 -0.00769999996
vn 0.594500005 -0.803900003 -0.0143999998
vn 0.621399999 -0.782800019 -0.0313000008
vn 0.628000021 -0.77700001 -0.0432000011
vn 0.261599988 -0.96509999 -0.0116999997
vn 0.977500021 -0.209299996 -0.0256999992
vn 0.977400005 -0.209399998 -0.0263
vn 0.977299988 -0.210099995 -0.0263
vn 0.977299988 -0.210299999 -0.0256999992
vn 0.977299988 -0.209999993 -0.0263
vn 0.977199972 -0.210500002 -0.0256999992
vn 0.977400005 -0.209600002 -0.0269000009
vn 0.977199972 -0.210500002 -0.0269000009
vn 0.977199972 -0.210700005 -0.0269000009
vn 0.977299988 -0.210099995 -0.0252
vn 0.977500021 -0.209399998 -0.0252999999
vn 0.977400005 -0.209900007 -0.0249000005
vn 0.977500021 -0.209299996 -0.0249000005
vn 0.977400005 -0.209700003 -0.0252999999
vn 0.977400005 -0.209700003 -0.0249000005
vn 0.977500021 -0.209099993 -0.0252999999
vn 0.977599978 -0.209000006 -0.0256999992
vn 0.977400005 -0.209600002 -0.0252999999
vn 0.977500021 -0.209099993 -0.0256999992
vn 0.977599978 -0.209000006 -0.0249000005
vn 0.977400005 -0.209600002 -0.0249000005
vn 0.977500021 -0.209099993 -0.0263
vn 0.977599978 -0.208900005 -0.0269000009
vn 0.977500021 -0.209000006 -0.0263
vn 0.977500021 -0.209000006 -0.0269000009
vn 0.839399993 -0.542999983 -0.0211999994
vn 0.843299985 -0.536899984 -0.0218000002
vn 0.953700006 -0.299499989 -0.0253999997
vn 0.953000009 -0.301800013 -0.0248000007
vn 0.847599983 -0.530099988 -0.0223999992
vn 0.954400003 -0.297399998 -0.0261000004
vn 0.952400029 -0.303799987 -0.0243999995
vn 0.836099982 -0.548099995 -0.0207000002
vn 0.951900005 -0.305299997 -0.0240000002
vn 0.833500028 -0.552100003 -0.0201999992
vn 0.571099997 -0.82069999 -0.0129000004
vn 0.578000009 -0.815900028 -0.0133999996
vn 0.2245 -0.9745 -0.00340000005
vn 0.565400004 -0.824699998 -0.0125000002
vn 0.218999997 -0.975700021 -0.00300000003
vn 0.585900009 -0.810199976 -0.0138999997
vn 0.594500005 -0.803900003 -0.0143999998
vn 0.236200005 -0.971700013 -0.00410000002
vn 0.242400005 -0.970200002 -0.00430000015
f 1/1/1 2/2/2 3/3/3
f 1/1/1 3/3/3 4/4/4
f 4/4/4 3/3/3 5/5/5
f 4/4/4 5/5/5 6/6/6
f 2/2/2 7/7/7 8/8/8
f 2/2/2 8/8/8 3/3/3
f 3/3/3 8/8/8 9/9/9
f 3/3/3 9/9/9 5/5/5
f 1/1/1 4/4/4 10/10/10
f 1/1/1 10/10/10 11/11/11
f 11/11/11 10/10/10 12/12/12
f 11/11/11 12/12/12 13/13/13
f 4/4/4 6/6/6 14/14/14
f 4/4/4 14/14/14 10/10/10
f 10/10/10 14/14/14 15/15/15
f 10/10/10 15/15/15 12/12/12
f 1/1/1 11/11/11 16/16/16
f 1/1/1 16/16/16 17/17/17
f 17/17/17 16/16/16 18/18/18
f 17/17/17 18/18/18 19/19/19
f 11/11/11 13/13/13 20/20/20
f 11/11/11 20/20/20 16/16/16
f 16/16/16 20/20/20 21/21/21
f 16/16/16 21/21/21 18/18/18
f 1/1/1 17/17/17 22/22/22
f 1/1/1 22/22/22 2/2/2
f 2/2/2 22/22/22 23/23/23
f 2/2/2 23/23/23 7/7/7
f 17/17/17 19/19/19 24/24/24
f 17/17/17 24/24/24 22/22/22
f 22/22/22 24/24/24 25/25/25
f 22/22/22 25/25/25 23/23/23
f 26/26/26 27/27/27 28/28/28
f 26/26/26 28/28/28 29/29/29
f 29/29/29 28/28/28 30/30/30
f 29/29/29 30/30/30 31/31/31
f 27/27/27 32/32/32 33/33/33
f 27/27/27 33/33/33 28/28/28
f 28/28/28 33/33/33 34/34/34
f 28/28/28 34/34/34 30/30/30
f 26/26/26 29/29/29 35/35/35
f 26/26/26 35/35/35 36/36/36
f 36/36/36 35/35/35 37/37/37
f 36/36/36 37/37/37 38/38/38
f 29/29/29 31/31/31 39/39/39
f 29/29/29 39/39/39 35/35/35
f 35/35/35 39/39/39 40/40/40
f 35/35/35 40/40/40 37/37/37
f 26/26/26 36/36/36 41/41/41
f 26/26/26 41/41/41 42/42/42
f 42/42/42 41/41/41 43/43/43
f 42/42/42 43/43/43 44/44/44
f 36/36/36 38/38/38 45/45/45
f 36/36/36 45/45/45 41/41/41
f 41/41/41 45/45/45 46/46/46
f 41/41/41 46/46/46 43/43/43
f 26/26/26 42/42/42 47/47/47
f 26/26/26 47/47/47 27/27/27
f 27/27/27 47/47/47 48/48/48
f 27/27/27 48/48/48 32/32/32
f 42/42/42 44/44/44 49/49/49
f 42/42/42 49/49/49 47/47/47
f 47/47/47 49/49/49 50/50/50
f 47/47/47 50/50/50 48/48/48
f 51/51/51 52/52/52 53/53/53
f 51/51/51 53/53/53 54/54/54
f 54/54/54 53/53/53 55/55/55
f 54/54/54 55/55/55 56/56/56
f 52/52/52 57/57/57 58/58/58
f 52/52/52 58/58/58 53/53/53
f 53/53/53 58/58/58 59/59/59
f 53/53/53 59/59/59 55/55/55
f 51/51/51 54/54/54 60/60/60
f 51/51/51 60/60/60 61/61/61
f 61/61/61 60/60/60 62/62/62
f 61/61/61 62/62/62 63/63/63
f 54/54/54 56/56/56 64/64/64
f 54/54/54 64/64/64 60/60/60
f 60/60/60 64/64/64 65/65/65
f 60/60/60 65/65/65 62/62/62
f 51/51/51 61/61/61 66/66/66
f 51/51/51 66/66/66 67/67/67
f 67/67/67 66/66/66 68/68/68
f 67/67/67 68/68/68 69/69/69
f 61/61/61 63/63/63 70/70/70
f 61/61/61 70/70/70 66/66/66
f 66/66/66 70/70/70 71/71/71
f 66/66/66 71/71/71 68/68/68
f 51/51/51 67/67/67 72/72/72
f 51/51/51 72/72/72 52/52/52
f 52/52/52 72/72/72 73/73/73
f 52/52/52 73/73/73 57/57/57
f 67/67/67 69/69/69 74/74/74
f 67/67/67 74/74/74 72/72/72
f 72/72/72 74/74/74 50/50/50
f 72/72/72 50/50/50 73/73/73
f 75/75/75 76/76/76 77/77/77
f 75/75/75 77/77/77 78/78/78
f 78/78/78 77/77/77 79/79/79
f 78/78/78 79/79/79 80/80/80
f 76/76/76 81/81/81 82/82/82
f 76/76/76 82/82/82 77/77/77
f 77/77/77 82/82/82 83/83/83
f 77/77/77 83/83/83 79/79/79
f 75/75/75 78/78/78 84/84/84
f 75/75/75 84/84/84 85/85/85
f 85/85/85 84/84/84 86/86/86
f 85/85/85 86/86/86 87/87/87
f 78/78/78 80/80/80 88/88/88
f 78/78/78 88/88/88 84/84/84
f 84/84/84 88/88/88 89/89/89
f 84/84/84 89/89/89 86/86/86
f 75/75/75 85/85/85 90/90/90
f 75/75/75 90/90/90 91/91/91
f 91/91/91 90/90/90 92/92/92
f 91/91/91 92/92/92 93/93/93
f 85/85/85 87/87/87 94/94/94
f 85/85/85 94/94/94 90/90/90
f 90/90/90 94/94/94 95/95/95
f 90/90/90 95/95/95 92/92/92
f 75/75/75 91/91/91 96/96/96
f 75/75/75 96/96/96 76/76/76
f 76/76/76 96/96/96 97/97/97
f 76/76/76 97/97/97 81/81/81
f 91/91/91 93/93/93 98/98/98
f 91/91/91 98/98/98 96/96/96
f 96/96/96 98/98/98 99/99/99
f 96/96/96 99/99/99 97/97/97
f 100/100/100 101/101/101 102/102/102
f 100/100/100 102/102/102 103/103/103
f 103/103/103 102/102/102 104/104/104
f 103/103/103 104/104/104 105/105/105
f 101/101/101 106/106/106 107/107/107
f 101/101/101 107/107/107 102/102/102
f 102/102/102 107/107/107 108/108/108
f 102/102/102 108/108/108 104/104/104
f 100/100/100 103/103/103 109/109/109
f 100/100/100 109/109/109 110/110/110
f 110/110/110 109/109/109 111/111/111
f 110/110/110 111/111/111 112/112/112
f 103/103/103 105/105/105 113/113/113
f 103/103/103 113/113/113 109/109/109
f 109/109/109 113/113/113 114/114/114
f 109/109/109 114/114/114 111/111/111
f 100/100/100 110/110/110 115/115/115
f 100/100/100 115/115/115 116/116/116
f 116/116/116 115/115/115 117/117/117
f 116/116/116 117/117/117 118/118/118
f 110/110/110 112/112/112 119/119/119
f 110/110/110 119/119/119 115/115/115
f 115/115/115 119/119/119 120/120/120
f 115/115/115 120/120/120 117/117/117
f 100/100/100 116/116/116 121/121/121
f 100/100/100 121/121/121 101/101/101
f 101/101/101 121/121/121 122/122/122
f 101/101/101 122/122/122 106/106/106
f 116/116/116 118/118/118 123/123/123
f 116/116/116 123/123/123 121/121/121
f 121/121/121 123/123/123 89/89/89
f 121/121/121 89/89/89 122/122/122
f 124/124/124 125/125/125 126/126/126
f 124/124/124 126/126/126 127/127/127
f 127/127/127 126/126/126 128/128/128
f 127/127/127 128/128/128 129/129/129
f 125/125/125 130/130/130 131/131/131
f 125/125/125 131/131/131 126/126/126
f 126/126/126 131/131/131 132/132/132
f 126/126/126 132/132/132 128/128/128
f 124/124/124 127/127/127 133/133/133
f 124/124/124 133/133/133 134/134/134
f 134/134/134 133/133/133 135/135/135
f 134/134/134 135/135/135 136/136/136
f 127/127/127 129/129/129 137/137/137
f 127/127/127 137/137/137 133/133/133
f 133/133/133 137/137/137 138/138/138
f 133/133/133 138/138/138 135/135/135
f 124/124/124 134/134/134 139/139/139
f 124/124/124 139/139/139 140/140/140
f 140/140/140 139/139/139 141/141/141
f 140/140/140 141/141/141 142/142/142
f 134/134/134 136/136/136 143/143/143
f 134/134/134 143/143/143 139/139/139
f 139/139/139 143/143/143 144/144/144
f 139/139/139 144/144/144 141/141/141
f 124/124/124 140/140/140 145/145/145
f 124/124/124 145/145/145 125/125/125
f 125/125/125 145/145/145 146/146/146
f 125/125/125 146/146/146 130/130/130
f 140/140/140 142/142/142 147/147/147
f 140/140/140 147/147/147 145/145/145
f 145/145/145 147/147/147 148/148/148
f 145/145/145 148/148/148 146/146/146
f 149/149/149 150/150/150 151/151/151
f 149/149/149 151/151/151 152/152/152
f 152/152/152 151/151/151 153/153/153
f 152/152/152 153/153/153 154/154/154
f 150/150/150 155/155/155 156/156/156
f 150/150/150 156/156/156 151/151/151
f 151/151/151 156/156/156 157/157/157
f 151/151/151 157/157/157 153/153/153
f 149/149/149 152/152/152 158/158/158
f 149/149/149 158/158/158 159/159/159
f 159/159/159 158/158/158 160/160/160
f 159/159/159 160/160/160 161/161/161
f 152/152/152 154/154/154 162/162/162
f 152/152/152 162/162/162 158/158/158
f 158/158/158 162/162/162 163/163/163
f 158/158/158 163/163/163 160/160/160
f 149/149/149 159/159/159 164/164/164
f 149/149/149 164/164/164 165/165/165
f 165/165/165 164/164/164 166/166/166
f 165/165/165 166/166/166 167/167/167
f 159/159/159 161/161/161 168/168/168
f 159/159/159 168/168/168 164/164/164
f 164/164/164 168/168/168 169/169/169
f 164/164/164 169/169/169 166/166/166
f 149/149/149 165/165/165 170/170/170
f 149/149/149 170/170/170 150/150/150
f 150/150/150 170/170/170 171/171/171
f 150/150/150 171/171/171 155/155/155
f 165/165/165 167/167/167 172/172/172
f 165/165/165 172/172/172 170/170/170
f 170/170/170 172/172/172 173/173/173
f 170/170/170 173/173/173 171/171/171
f 174/174/174 175/175/175 176/176/176
f 174/174/174 176/176/176 177/177/177
f 177/177/177 176/176/176 178/178/178
f 177/177/177 178/178/178 179/179/179
f 175/175/175 161/161/161 160/160/160
f 175/175/175 160/160/160 176/176/176
f 176/176/176 160/160/160 163/163/163
f 176/176/176 163/163/163 178/178/178
f 174/174/174 177/177/177 180/180/180
f 174/174/174 180/180/180 181/181/181
f 181/181/181 180/180/180 182/182/182
f 181/181/181 182/182/182 183/183/183
f 177/177/177 179/179/179 184/184/184
f 177/177/177 184/184/184 180/180/180
f 180/180/180 184/184/184 71/71/71
f 180/180/180 71/71/71 182/182/182
f 174/174/174 181/181/181 185/185/185
f 174/174/174 185/185/185 186/186/186
f 186/186/186 185/185/185 187/187/187
f 186/186/186 187/187/187 188/188/188
f 181/181/181 183/183/183 189/189/189
f 181/181/181 189/189/189 185/185/185
f 185/185/185 189/189/189 99/99/99
f 185/185/185 99/99/99 187/187/187
f 174/174/174 186/186/186 190/190/190
f 174/174/174 190/190/190 175/175/175
f 175/175/175 190/190/190 168/168/168
f 175/175/175 168/168/168 161/161/161
f 186/186/186 188/188/188 191/191/191
f 186/186/186 191/191/191 190/190/190
f 190/190/190 191/191/191 169/169/169
f 190/190/190 169/169/169 168/168/168
f 192/192/192 193/193/193 194/194/194
f 192/192/192 194/194/194 195/195/195
f 195/195/195 194/194/194 196/196/196
f 195/195/195 196/196/196 197/197/197
f 193/193/193 198/198/198 199/199/199
f 193/193/193 199/199/199 194/194/194
f 194/194/194 199/199/199 200/200/200
f 194/194/194 200/200/200 196/196/196
f 192/192/192 195/195/195 201/201/201
f 192/192/192 201/201/201 202/202/202
f 202/202/202 201/201/201 203/203/203
f 202/202/202 203/203/203 204/204/204
f 195/195/195 197/197/197 205/205/205
f 195/195/195 205/205/205 201/201/201
f 201/201/201 205/205/205 206/206/206
f 201/201/201 206/206/206 203/203/203
f 192/192/192 202/202/202 207/207/207
f 192/192/192 207/207/207 208/208/208
f 208/208/208 207/207/207 209/209/209
f 208/208/208 209/209/209 210/210/210
f 202/202/202 204/204/204 211/211/211
f 202/202/202 211/211/211 207/207/207
f 207/207/207 211/211/211 212/212/212
f 207/207/207 212/212/212 209/209/209
f 192/192/192 208/208/208 213/213/213
f 192/192/192 213/213/213 193/193/193
f 193/193/193 213/213/213 214/214/214
f 193/193/193 214/214/214 198/198/198
f 208/208/208 210/210/210 215/215/215
f 208/208/208 215/215/215 213/213/213
f 213/213/213 215/215/215 216/216/216
f 213/213/213 216/216/216 214/214/214
f 217/217/217 218/218/218 219/219/219
f 217/217/217 219/219/219 220/220/220
f 220/220/220 219/219/219 221/221/221
f 220/220/220 221/221/221 222/222/222
f 218/218/218 204/204/204 203/203/203
f 218/218/218 203/203/203 219/219/219
f 219/219/219 203/203/203 206/206/206
f 219/219/219 206/206/206 221/221/221
f 217/217/217 220/220/220 223/223/223
f 217/217/217 223/223/223 224/224/224
f 224/224/224 223/223/223 225/225/225
f 224/224/224 225/225/225 226/226/226
f 220/220/220 222/222/222 227/227/227
f 220/220/220 227/227/227 223/223/223
f 223/223/223 227/227/227 120/120/120
f 223/223/223 120/120/120 225/225/225
f 217/217/217 224/224/224 228/228/228
f 217/217/217 228/228/228 229/229/229
f 229/229/229 228/228/228 230/230/230
f 229/229/229 230/230/230 231/231/231
f 224/224/224 226/226/226 232/232/232
f 224/224/224 232/232/232 228/228/228
f 228/228/228 232/232/232 233/233/233
f 228/228/228 233/233/233 230/230/230
f 217/217/217 229/229/229 234/234/234
f 217/217/217 234/234/234 218/218/218
f 218/218/218 234/234/234 211/211/211
f 218/218/218 211/211/211 204/204/204
f 229/229/229 231/231/231 235/235/235
f 229/229/229 235/235/235 234/234/234
f 234/234/234 235/235/235 212/212/212
f 234/234/234 212/212/212 211/211/211
f 236/236/236 237/237/237 238/238/238
f 236/236/236 238/238/238 239/239/239
f 239/239/239 238/238/238 240/240/240
f 239/239/239 240/240/240 241/241/241
f 237/237/237 242/242/242 243/243/243
f 237/237/237 243/243/243 238/238/238
f 238/238/238 243/243/243 244/244/244
f 238/238/238 244/244/244 240/240/240
f 236/236/236 239/239/239 245/245/245
f 236/236/236 245/245/245 246/246/246
f 246/246/246 245/245/245 247/247/247
f 246/246/246 247/247/247 248/248/248
f 239/239/239 241/241/241 249/249/249
f 239/239/239 249/249/249 245/245/245
f 245/245/245 249/249/249 250/250/250
f 245/245/245 250/250/250 247/247/247
f 236/236/236 246/246/246 251/251/251
f 236/236/236 251/251/251 252/252/252
f 252/252/252 251/251/251 253/253/253
f 252/252/252 253/253/253 254/254/254
f 246/246/246 248/248/248 255/255/255
f 246/246/246 255/255/255 251/251/251
f 251/251/251 255/255/255 256/256/256
f 251/251/251 256/256/256 253/253/253
f 236/236/236 252/252/252 257/257/257
f 236/236/236 257/257/257 237/237/237
f 237/237/237 257/257/257 258/258/258
f 237/237/237 258/258/258 242/242/242
f 252/252/252 254/254/254 259/259/259
f 252/252/252 259/259/259 257/257/257
f 257/257/257 259/259/259 260/260/260
f 257/257/257 260/260/260 258/258/258
f 261/261/261 262/262/262 263/263/263
f 261/261/261 263/263/263 264/264/264
f 264/264/264 263/263/263 265/265/265
f 264/264/264 265/265/265 266/266/266
f 262/262/262 248/248/248 247/247/247
f 262/262/262 247/247/247 263/263/263
f 263/263/263 247/247/247 250/250/250
f 263/263/263 250/250/250 265/265/265
f 261/261/261 264/264/264 267/267/267
f 261/261/261 267/267/267 268/268/268
f 268/268/268 267/267/267 269/269/269
f 268/268/268 269/269/269 270/270/270
f 264/264/264 266/266/266 271/271/271
f 264/264/264 271/271/271 267/267/267
f 267/267/267 271/271/271 21/21/21
f 267/267/267 21/21/21 269/269/269
f 261/261/261 268/268/268 272/272/272
f 261/261/261 272/272/272 273/273/273
f 273/273/273 272/272/272 274/274/274
f 273/273/273 274/274/274 275/275/275
f 268/268/268 270/270/270 276/276/276
f 268/268/268 276/276/276 272/272/272
f 272/272/272 276/276/276 40/40/40
f 272/272/272 40/40/40 274/274/274
f 261/261/261 273/273/273 277/277/277
f 261/261/261 277/277/277 262/262/262
f 262/262/262 277/277/277 255/255/255
f 262/262/262 255/255/255 248/248/248
f 273/273/273 275/275/275 278/278/278
f 273/273/273 278/278/278 277/277/277
f 277/277/277 278/278/278 256/256/256
f 277/277/277 256/256/256 255/255/255
f 279/279/279 280/280/280 281/281/281
f 279/279/279 281/281/281 282/282/282
f 282/282/282 281/281/281 283/283/283
f 282/282/282 283/283/283 284/284/284
f 280/280/280 285/285/285 286/286/286
f 280/280/280 286/286/286 281/281/281
f 281/281/281 286/286/286 287/287/287
f 281/281/281 287/287/287 283/283/283
f 279/279/279 282/282/282 288/288/288
f 279/279/279 288/288/288 289/289/289
f 289/289/289 288/288/288 290/290/290
f 289/289/289 290/290/290 291/291/291
f 282/282/282 284/284/284 292/292/292
f 282/282/282 292/292/292 288/288/288
f 288/288/288 292/292/292 293/293/293
f 288/288/288 293/293/293 290/290/290
f 279/279/279 289/289/289 294/294/294
f 279/279/279 294/294/294 295/295/295
f 295/295/295 294/294/294 296/296/296
f 295/295/295 296/296/296 297/297/297
f 289/289/289 291/291/291 298/298/298
f 289/289/289 298/298/298 294/294/294
f 294/294/294 298/298/298 206/206/206
f 294/294/294 206/206/206 296/296/296
f 279/279/279 295/295/295 299/299/299
f 279/279/279 299/299/299 280/280/280
f 280/280/280 299/299/299 300/300/300
f 280/280/280 300/300/300 285/285/285
f 295/295/295 297/297/297 301/301/301
f 295/295/295 301/301/301 299/299/299
f 299/299/299 301/301/301 302/302/302
f 299/299/299 302/302/302 300/300/300
f 303/303/303 304/304/304 305/305/305
f 303/303/303 305/305/305 306/306/306
f 306/306/306 305/305/305 307/307/307
f 306/306/306 307/307/307 308/308/308
f 304/304/304 291/291/291 290/290/290
f 304/304/304 290/290/290 305/305/305
f 305/305/305 290/290/290 293/293/293
f 305/305/305 293/293/293 307/307/307
f 303/303/303 306/306/306 309/309/309
f 303/303/303 309/309/309 310/310/310
f 310/310/310 309/309/309 311/311/311
f 310/310/310 311/311/311 93/93/93
f 306/306/306 308/308/308 312/312/312
f 306/306/306 312/312/312 309/309/309
f 309/309/309 312/312/312 313/313/313
f 309/309/309 313/313/313 311/311/311
f 303/303/303 310/310/310 314/314/314
f 303/303/303 314/314/314 315/315/315
f 315/315/315 314/314/314 316/316/316
f 315/315/315 316/316/316 317/317/317
f 310/310/310 93/93/93 318/318/318
f 310/310/310 318/318/318 314/314/314
f 314/314/314 318/318/318 319/319/319
f 314/314/314 319/319/319 316/316/316
f 303/303/303 315/315/315 320/320/320
f 303/303/303 320/320/320 304/304/304
f 304/304/304 320/320/320 298/298/298
f 304/304/304 298/298/298 291/291/291
f 315/315/315 317/317/317 321/321/321
f 315/315/315 321/321/321 320/320/320
f 320/320/320 321/321/321 206/206/206
f 320/320/320 206/206/206 298/298/298
f 322/322/322 323/323/323 324/324/324
f 322/322/322 324/324/324 325/325/325
f 325/325/325 324/324/324 326/326/326
f 325/325/325 326/326/326 327/327/327
f 323/323/323 328/328/328 329/329/329
f 323/323/323 329/329/329 324/324/324
f 324/324/324 329/329/329 330/330/330
f 324/324/324 330/330/330 326/326/326
f 322/322/322 325/325/325 331/331/331
f 322/322/322 331/331/331 332/332/332
f 332/332/332 331/331/331 333/333/333
f 332/332/332 333/333/333 334/334/334
f 325/325/325 327/327/327 335/335/335
f 325/325/325 335/335/335 331/331/331
f 331/331/331 335/335/335 336/336/336
f 331/331/331 336/336/336 333/333/333
f 322/322/322 332/332/332 337/337/337
f 322/322/322 337/337/337 338/338/338
f 338/338/338 337/337/337 339/339/339
f 338/338/338 339/339/339 340/340/340
f 332/332/332 334/334/334 341/341/341
f 332/332/332 341/341/341 337/337/337
f 337/337/337 341/341/341 342/342/342
f 337/337/337 342/342/342 339/339/339
f 322/322/322 338/338/338 343/343/343
f 322/322/322 343/343/343 323/323/323
f 323/323/323 343/343/343 344/344/344
f 323/323/323 344/344/344 328/328/328
f 338/338/338 340/340/340 345/345/345
f 338/338/338 345/345/345 343/343/343
f 343/343/343 345/345/345 346/346/346
f 343/343/343 346/346/346 344/344/344
f 347/347/347 348/348/348 349/349/349
f 347/347/347 349/349/349 350/350/350
f 350/350/350 349/349/349 351/351/351
f 350/350/350 351/351/351 352/352/352
f 348/348/348 334/334/334 333/333/333
f 348/348/348 333/333/333 349/349/349
f 349/349/349 333/333/333 336/336/336
f 349/349/349 336/336/336 351/351/351
f 347/347/347 350/350/350 353/353/353
f 347/347/347 353/353/353 354/354/354
f 354/354/354 353/353/353 355/355/355
f 354/354/354 355/355/355 356/356/356
f 350/350/350 352/352/352 357/357/357
f 350/350/350 357/357/357 353/353/353
f 353/353/353 357/357/357 358/358/358
f 353/353/353 358/358/358 355/355/355
f 347/347/347 354/354/354 359/359/359
f 347/347/347 359/359/359 360/360/360
f 360/360/360 359/359/359 361/361/361
f 360/360/360 361/361/361 362/362/362
f 354/354/354 356/356/356 363/363/363
f 354/354/354 363/363/363 359/359/359
f 359/359/359 363/363/363 364/364/364
f 359/359/359 364/364/364 361/361/361
f 347/347/347 360/360/360 365/365/365
f 347/347/347 365/365/365 348/348/348
f 348/348/348 365/365/365 341/341/341
f 348/348/348 341/341/341 334/334/334
f 360/360/360 362/362/362 366/366/366
f 360/360/360 366/366/366 365/365/365
f 365/365/365 366/366/366 342/342/342
f 365/365/365 342/342/342 341/341/341
f 367/367/367 368/368/368 369/369/369
f 367/367/367 369/369/369 370/370/370
f 370/370/370 369/369/369 371/371/371
f 370/370/370 371/371/371 372/372/372
f 368/368/368 373/373/373 374/374/374
f 368/368/368 374/374/374 369/369/369
f 369/369/369 374/374/374 375/375/375
f 369/369/369 375/375/375 371/371/371
f 367/367/367 370/370/370 376/376/376
f 367/367/367 376/376/376 377/377/377
f 377/377/377 376/376/376 378/378/378
f 377/377/377 378/378/378 379/379/379
f 370/370/370 372/372/372 380/380/380
f 370/370/370 380/380/380 376/376/376
f 376/376/376 380/380/380 381/381/381
f 376/376/376 381/381/381 378/378/378
f 367/367/367 377/377/377 382/382/382
f 367/367/367 382/382/382 383/383/383
f 383/383/383 382/382/382 384/384/384
f 383/383/383 384/384/384 385/385/385
f 377/377/377 379/379/379 386/386/386
f 377/377/377 386/386/386 382/382/382
f 382/382/382 386/386/386 387/387/387
f 382/382/382 387/387/387 384/384/384
f 367/367/367 383/383/383 388/388/388
f 367/367/367 388/388/388 368/368/368
f 368/368/368 388/388/388 389/389/389
f 368/368/368 389/389/389 373/373/373
f 383/383/383 385/385/385 390/390/390
f 383/383/383 390/390/390 388/388/388
f 388/388/388 390/390/390 391/391/391
f 388/388/388 391/391/391 389/389/389
f 392/392/392 393/393/393 394/394/394
f 392/392/392 394/394/394 395/395/395
f 395/395/395 394/394/394 396/396/396
f 395/395/395 396/396/396 397/397/397
f 393/393/393 379/379/379 378/378/378
f 393/393/393 378/378/378 394/394/394
f 394/394/394 378/378/378 381/381/381
f 394/394/394 381/381/381 396/396/396
f 392/392/392 395/395/395 398/398/398
f 392/392/392 398/398/398 399/399/399
f 399/399/399 398/398/398 400/400/400
f 399/399/399 400/400/400 401/401/401
f 395/395/395 397/397/397 402/402/402
f 395/395/395 402/402/402 398/398/398
f 398/398/398 402/402/402 144/144/144
f 398/398/398 144/144/144 400/400/400
f 392/392/392 399/399/399 403/403/403
f 392/392/392 403/403/403 404/404/404
f 404/404/404 403/403/403 405/405/405
f 404/404/404 405/405/405 406/406/406
f 399/399/399 401/401/401 407/407/407
f 399/399/399 407/407/407 403/403/403
f 403/403/403 407/407/407 408/408/408
f 403/403/403 408/408/408 405/405/405
f 392/392/392 404/404/404 409/409/409
f 392/392/392 409/409/409 393/393/393
f 393/393/393 409/409/409 386/386/386
f 393/393/393 386/386/386 379/379/379
f 404/404/404 406/406/406 410/410/410
f 404/404/404 410/410/410 409/409/409
f 409/409/409 410/410/410 387/387/387
f 409/409/409 387/387/387 386/386/386
f 411/411/411 412/412/412 413/413/413
f 411/411/411 413/413/413 414/414/414
f 414/414/414 413/413/413 415/415/415
f 414/414/414 415/415/415 416/416/416
f 412/412/412 417/417/417 418/418/418
f 412/412/412 418/418/418 413/413/413
f 413/413/413 418/418/418 419/419/419
f 413/413/413 419/419/419 415/415/415
f 411/411/411 414/414/414 420/420/420
f 411/411/411 420/420/420 421/421/421
f 421/421/421 420/420/420 422/422/422
f 421/421/421 422/422/422 423/423/423
f 414/414/414 416/416/416 424/424/424
f 414/414/414 424/424/424 420/420/420
f 420/420/420 424/424/424 425/425/425
f 420/420/420 425/425/425 422/422/422
f 411/411/411 421/421/421 426/426/426
f 411/411/411 426/426/426 427/427/427
f 427/427/427 426/426/426 428/428/428
f 427/427/427 428/428/428 429/429/429
f 421/421/421 423/423/423 430/430/430
f 421/421/421 430/430/430 426/426/426
f 426/426/426 430/430/430 431/431/431
f 426/426/426 431/431/431 428/428/428
f 411/411/411 427/427/427 432/432/432
f 411/411/411 432/432/432 412/412/412
f 412/412/412 432/432/432 433/433/433
f 412/412/412 433/433/433 417/417/417
f 427/427/427 429/429/429 434/434/434
f 427/427/427 434/434/434 432/432/432
f 432/432/432 434/434/434 435/435/435
f 432/432/432 435/435/435 433/433/433
f 436/436/436 437/437/437 438/438/438
f 436/436/436 438/438/438 439/439/439
f 439/439/439 438/438/438 440/440/440
f 439/439/439 440/440/440 441/441/441
f 437/437/437 423/423/423 422/422/422
f 437/437/437 422/422/422 438/438/438
f 438/438/438 422/422/422 425/425/425
f 438/438/438 425/425/425 440/440/440
f 436/436/436 439/439/439 442/442/442
f 436/436/436 442/442/442 443/443/443
f 443/443/443 442/442/442 444/444/444
f 443/443/443 444/444/444 445/445/445
f 439/439/439 441/441/441 446/446/446
f 439/439/439 446/446/446 442/442/442
f 442/442/442 446/446/446 46/46/46
f 442/442/442 46/46/46 444/444/444
f 436/436/436 443/443/443 447/447/447
f 436/436/436 447/447/447 448/448/448
f 448/448/448 447/447/447 449/449/449
f 448/448/448 449/449/449 450/450/450
f 443/443/443 445/445/445 451/451/451
f 443/443/443 451/451/451 447/447/447
f 447/447/447 451/451/451 25/25/25
f 447/447/447 25/25/25 449/449/449
f 436/436/436 448/448/448 452/452/452
f 436/436/436 452/452/452 437/437/437
f 437/437/437 452/452/452 430/430/430
f 437/437/437 430/430/430 423/423/423
f 448/448/448 450/450/450 453/453/453
f 448/448/448 453/453/453 452/452/452
f 452/452/452 453/453/453 431/431/431
f 452/452/452 431/431/431 430/430/430
f 454/454/454 455/455/455 456/456/456
f 454/454/454 456/456/456 457/457/457
f 457/457/457 456/456/456 458/458/458
f 457/457/457 458/458/458 459/459/459
f 455/455/455 460/460/460 461/461/461
f 455/455/455 461/461/461 456/456/456
f 456/456/456 461/461/461 462/462/462
f 456/456/456 462/462/462 458/458/458
f 454/454/454 457/457/457 463/463/463
f 454/454/454 463/463/463 464/464/464
f 464/464/464 463/463/463 465/465/465
f 464/464/464 465/465/465 466/466/466
f 457/457/457 459/459/459 467/467/467
f 457/457/457 467/467/467 463/463/463
f 463/463/463 467/467/467 468/468/468
f 463/463/463 468/468/468 465/465/465
f 454/454/454 464/464/464 469/469/469
f 454/454/454 469/469/469 470/470/470
f 470/470/470 469/469/469 471/471/471
f 470/470/470 471/471/471 472/472/472
f 464/464/464 466/466/466 473/473/473
f 464/464/464 473/473/473 469/469/469
f 469/469/469 473/473/473 474/474/474
f 469/469/469 474/474/474 471/471/471
f 454/454/454 470/470/470 475/475/475
f 454/454/454 475/475/475 455/455/455
f 455/455/455 475/475/475 476/476/476
f 455/455/455 476/476/476 460/460/460
f 470/470/470 472/472/472 477/477/477
f 470/470/470 477/477/477 475/475/475
f 475/475/475 477/477/477 478/478/478
f 475/475/475 478/478/478 476/476/476
f 479/479/479 480/480/480 481/481/481
f 479/479/479 481/481/481 482/482/482
f 482/482/482 481/481/481 483/483/483
f 482/482/482 483/483/483 484/484/484
f 480/480/480 466/466/466 465/465/465
f 480/480/480 465/465/465 481/481/481
f 481/481/481 465/465/465 468/468/468
f 481/481/481 468/468/468 483/483/483
f 479/479/479 482/482/482 485/485/485
f 479/479/479 485/485/485 486/486/486
f 486/486/486 485/485/485 487/487/487
f 486/486/486 487/487/487 488/488/488
f 482/482/482 484/484/484 489/489/489
f 482/482/482 489/489/489 485/485/485
f 485/485/485 489/489/489 490/490/490
f 485/485/485 490/490/490 487/487/487
f 479/479/479 486/486/486 491/491/491
f 479/479/479 491/491/491 492/492/492
f 492/492/492 491/491/491 493/493/493
f 492/492/492 493/493/493 494/494/494
f 486/486/486 488/488/488 495/495/495
f 486/486/486 495/495/495 491/491/491
f 491/491/491 495/495/495 148/148/148
f 491/491/491 148/148/148 493/493/493
f 479/479/479 492/492/492 496/496/496
f 479/479/479 496/496/496 480/480/480
f 480/480/480 496/496/496 473/473/473
f 480/480/480 473/473/473 466/466/466
f 492/492/492 494/494/494 497/497/497
f 492/492/492 497/497/497 496/496/496
f 496/496/496 497/497/497 474/474/474
f 496/496/496 474/474/474 473/473/473
f 498/498/498 499/499/499 500/500/500
f 498/498/498 500/500/500 501/501/501
f 501/501/501 500/500/500 502/502/502
f 501/501/501 502/502/502 503/503/503
f 499/499/499 504/504/504 505/505/505
f 499/499/499 505/505/505 500/500/500
f 500/500/500 505/505/505 506/506/506
f 500/500/500 506/506/506 502/502/502
f 498/498/498 501/501/501 507/507/507
f 498/498/498 507/507/507 508/508/508
f 508/508/508 507/507/507 509/509/509
f 508/508/508 509/509/509 510/510/510
f 501/501/501 503/503/503 511/511/511
f 501/501/501 511/511/511 507/507/507
f 507/507/507 511/511/511 512/512/512
f 507/507/507 512/512/512 509/509/509
f 498/498/498 508/508/508 513/513/513
f 498/498/498 513/513/513 514/514/514
f 514/514/514 513/513/513 515/515/515
f 514/514/514 515/515/515 516/516/516
f 508/508/508 510/510/510 517/517/517
f 508/508/508 517/517/517 513/513/513
f 513/513/513 517/517/517 518/518/518
f 513/513/513 518/518/518 515/515/515
f 498/498/498 514/514/514 519/519/519
f 498/498/498 519/519/519 499/499/499
f 499/499/499 519/519/519 520/520/520
f 499/499/499 520/520/520 504/504/504
f 514/514/514 516/516/516 521/521/521
f 514/514/514 521/521/521 519/519/519
f 519/519/519 521/521/521 522/522/522
f 519/519/519 522/522/522 520/520/520
f 523/523/523 524/524/524 525/525/525
f 523/523/523 525/525/525 526/526/526
f 526/526/526 525/525/525 527/527/527
f 526/526/526 527/527/527 528/528/528
f 524/524/524 510/510/510 509/509/509
f 524/524/524 509/509/509 525/525/525
f 525/525/525 509/509/509 512/512/512
f 525/525/525 512/512/512 527/527/527
f 523/523/523 526/526/526 529/529/529
f 523/523/523 529/529/529 530/530/530
f 530/530/530 529/529/529 531/531/531
f 530/530/530 531/531/531 532/532/532
f 526/526/526 528/528/528 533/533/533
f 526/526/526 533/533/533 529/529/529
f 529/529/529 533/533/533 534/534/534
f 529/529/529 534/534/534 531/531/531
f 523/523/523 530/530/530 535/535/535
f 523/523/523 535/535/535 536/536/536
f 536/536/536 535/535/535 537/537/537
f 536/536/536 537/537/537 538/538/538
f 530/530/530 532/532/532 539/539/539
f 530/530/530 539/539/539 535/535/535
f 535/535/535 539/539/539 540/540/540
f 535/535/535 540/540/540 537/537/537
f 523/523/523 536/536/536 541/541/541
f 523/523/523 541/541/541 524/524/524
f 524/524/524 541/541/541 517/517/517
f 524/524/524 517/517/517 510/510/510
f 536/536/536 538/538/538 542/542/542
f 536/536/536 542/542/542 541/541/541
f 541/541/541 542/542/542 518/518/518
f 541/541/541 518/518/518 517/517/517
f 543/543/543 544/544/544 545/545/545
f 543/543/543 545/545/545 546/546/546
f 546/546/546 545/545/545 547/547/547
f 546/546/546 547/547/547 548/548/548
f 544/544/544 549/549/549 550/550/550
f 544/544/544 550/550/550 545/545/545
f 545/545/545 550/550/550 551/551/551
f 545/545/545 551/551/551 547/547/547
f 543/543/543 546/546/546 552/552/552
f 543/543/543 552/552/552 553/553/553
f 553/553/553 552/552/552 554/554/554
f 553/553/553 554/554/554 555/555/555
f 546/546/546 548/548/548 556/556/556
f 546/546/546 556/556/556 552/552/552
f 552/552/552 556/556/556 557/557/557
f 552/552/552 557/557/557 554/554/554
f 543/543/543 553/553/553 558/558/558
f 543/543/543 558/558/558 559/559/559
f 559/559/559 558/558/558 560/560/560
f 559/559/559 560/560/560 561/561/561
f 553/553/553 555/555/555 562/562/562
f 553/553/553 562/562/562 558/558/558
f 558/558/558 562/562/562 512/512/512
f 558/558/558 512/512/512 560/560/560
f 543/543/543 559/559/559 563/563/563
f 543/543/543 563/563/563 544/544/544
f 544/544/544 563/563/563 564/564/564
f 544/544/544 564/564/564 549/549/549
f 559/559/559 561/561/561 565/565/565
f 559/559/559 565/565/565 563/563/563
f 563/563/563 565/565/565 566/566/566
f 563/563/563 566/566/566 564/564/564
f 567/567/567 568/568/568 569/569/569
f 567/567/567 569/569/569 570/570/570
f 570/570/570 569/569/569 571/571/571
f 570/570/570 571/571/571 572/572/572
f 568/568/568 555/555/555 554/554/554
f 568/568/568 554/554/554 569/569/569
f 569/569/569 554/554/554 557/557/557
f 569/569/569 557/557/557 571/571/571
f 567/567/567 570/570/570 573/573/573
f 567/567/567 573/573/573 574/574/574
f 574/574/574 573/573/573 575/575/575
f 574/574/574 575/575/575 576/576/576
f 570/570/570 572/572/572 577/577/577
f 570/570/570 577/577/577 573/573/573
f 573/573/573 577/577/577 578/578/578
f 573/573/573 578/578/578 575/575/575
f 567/567/567 574/574/574 579/579/579
f 567/567/567 579/579/579 580/580/580
f 580/580/580 579/579/579 581/581/581
f 580/580/580 581/581/581 582/582/582
f 574/574/574 576/576/576 583/583/583
f 574/574/574 583/583/583 579/579/579
f 579/579/579 583/583/583 89/89/89
f 579/579/579 89/89/89 581/581/581
f 567/567/567 580/580/580 584/584/584
f 567/567/567 584/584/584 568/568/568
f 568/568/568 584/584/584 562/562/562
f 568/568/568 562/562/562 555/555/555
f 580/580/580 582/582/582 585/585/585
f 580/580/580 585/585/585 584/584/584
f 584/584/584 585/585/585 512/512/512
f 584/584/584 512/512/512 562/562/562
f 586/586/586 587/587/587 588/588/588
f 586/586/586 588/588/588 589/589/589
f 589/589/589 588/588/588 590/590/590
f 589/589/589 590/590/590 591/591/591
f 587/587/587 592/592/592 593/593/593
f 587/587/587 593/593/593 588/588/588
f 588/588/588 593/593/593 594/594/594
f 588/588/588 594/594/594 590/590/590
f 586/586/586 589/589/589 595/595/595
f 586/586/586 595/595/595 596/596/596
f 596/596/596 595/595/595 597/597/597
f 596/596/596 597/597/597 598/598/598
f 589/589/589 591/591/591 599/599/599
f 589/589/589 599/599/599 595/595/595
f 595/595/595 599/599/599 600/600/600
f 595/595/595 600/600/600 597/597/597
f 586/586/586 596/596/596 601/601/601
f 586/586/586 601/601/601 602/602/602
f 602/602/602 601/601/601 603/603/603
f 602/602/602 603/603/603 604/604/604
f 596/596/596 598/598/598 605/605/605
f 596/596/596 605/605/605 601/601/601
f 601/601/601 605/605/605 606/606/606
f 601/601/601 606/606/606 603/603/603
f 586/586/586 602/602/602 607/607/607
f 586/586/586 607/607/607 587/587/587
f 587/587/587 607/607/607 608/608/608
f 587/587/587 608/608/608 592/592/592
f 602/602/602 604/604/604 609/609/609
f 602/602/602 609/609/609 607/607/607
f 607/607/607 609/609/609 610/610/610
f 607/607/607 610/610/610 608/608/608
f 611/611/611 612/612/612 613/613/613
f 611/611/611 613/613/613 614/614/614
f 614/614/614 613/613/613 615/615/615
f 614/614/614 615/615/615 616/616/616
f 612/612/612 592/592/592 608/608/608
f 612/612/612 608/608/608 613/613/613
f 613/613/613 608/608/608 610/610/610
f 613/613/613 610/610/610 615/615/615
f 611/611/611 614/614/614 617/617/617
f 611/611/611 617/617/617 618/618/618
f 618/618/618 617/617/617 619/619/619
f 618/618/618 619/619/619 620/620/620
f 614/614/614 616/616/616 621/621/621
f 614/614/614 621/621/621 617/617/617
f 617/617/617 621/621/621 83/83/83
f 617/617/617 83/83/83 619/619/619
f 611/611/611 618/618/618 622/622/622
f 611/611/611 622/622/622 623/623/623
f 623/623/623 622/622/622 624/624/624
f 623/623/623 624/624/624 625/625/625
f 618/618/618 620/620/620 626/626/626
f 618/618/618 626/626/626 622/622/622
f 622/622/622 626/626/626 50/50/50
f 622/622/622 50/50/50 624/624/624
f 611/611/611 623/623/623 627/627/627
f 611/611/611 627/627/627 612/612/612
f 612/612/612 627/627/627 593/593/593
f 612/612/612 593/593/593 592/592/592
f 623/623/623 625/625/625 628/628/628
f 623/623/623 628/628/628 627/627/627
f 627/627/627 628/628/628 594/594/594
f 627/627/627 594/594/594 593/593/593
f 629/629/629 630/630/630 631/631/631
f 629/629/629 631/631/631 632/632/632
f 632/632/632 631/631/631 633/633/633
f 632/632/632 633/633/633 634/634/634
f 630/630/630 635/635/635 636/636/636
f 630/630/630 636/636/636 631/631/631
f 631/631/631 636/636/636 637/637/637
f 631/631/631 637/637/637 633/633/633
f 629/629/629 632/632/632 638/638/638
f 629/629/629 638/638/638 639/639/639
f 639/639/639 638/638/638 640/640/640
f 639/639/639 640/640/640 641/641/641
f 632/632/632 634/634/634 642/642/642
f 632/632/632 642/642/642 638/638/638
f 638/638/638 642/642/642 643/643/643
f 638/638/638 643/643/643 640/640/640
f 629/629/629 639/639/639 644/644/644
f 629/629/629 644/644/644 645/645/645
f 645/645/645 644/644/644 646/646/646
f 645/645/645 646/646/646 647/647/647
f 639/639/639 641/641/641 648/648/648
f 639/639/639 648/648/648 644/644/644
f 644/644/644 648/648/648 649/649/649
f 644/644/644 649/649/649 646/646/646
f 629/629/629 645/645/645 650/650/650
f 629/629/629 650/650/650 630/630/630
f 630/630/630 650/650/650 651/651/651
f 630/630/630 651/651/651 635/635/635
f 645/645/645 647/647/647 652/652/652
f 645/645/645 652/652/652 650/650/650
f 650/650/650 652/652/652 653/653/653
f 650/650/650 653/653/653 651/651/651
f 654/654/654 655/655/655 656/656/656
f 654/654/654 656/656/656 657/657/657
f 657/657/657 656/656/656 658/658/658
f 657/657/657 658/658/658 659/659/659
f 655/655/655 641/641/641 640/640/640
f 655/655/655 640/640/640 656/656/656
f 656/656/656 640/640/640 643/643/643
f 656/656/656 643/643/643 658/658/658
f 654/654/654 657/657/657 660/660/660
f 654/654/654 660/660/660 661/661/661
f 661/661/661 660/660/660 662/662/662
f 661/661/661 662/662/662 44/44/44
f 657/657/657 659/659/659 663/663/663
f 657/657/657 663/663/663 660/660/660
f 660/660/660 663/663/663 664/664/664
f 660/660/660 664/664/664 662/662/662
f 654/654/654 661/661/661 665/665/665
f 654/654/654 665/665/665 666/666/666
f 666/666/666 665/665/665 667/667/667
f 666/666/666 667/667/667 668/668/668
f 661/661/661 44/44/44 669/669/669
f 661/661/661 669/669/669 665/665/665
f 665/665/665 669/669/669 670/670/670
f 665/665/665 670/670/670 667/667/667
f 654/654/654 666/666/666 671/671/671
f 654/654/654 671/671/671 655/655/655
f 655/655/655 671/671/671 648/648/648
f 655/655/655 648/648/648 641/641/641
f 666/666/666 668/668/668 672/672/672
f 666/666/666 672/672/672 671/671/671
f 671/671/671 672/672/672 649/649/649
f 671/671/671 649/649/649 648/648/648
f 673/673/673 674/674/674 675/675/675
f 673/673/673 675/675/675 676/676/676
f 676/676/676 675/675/675 677/677/677
f 676/676/676 677/677/677 678/678/678
f 674/674/674 679/679/679 680/680/680
f 674/674/674 680/680/680 675/675/675
f 675/675/675 680/680/680 681/681/681
f 675/675/675 681/681/681 677/677/677
f 673/673/673 676/676/676 682/682/682
f 673/673/673 682/682/682 683/683/683
f 683/683/683 682/682/682 24/24/24
f 683/683/683 24/24/24 19/19/19
f 676/676/676 678/678/678 684/684/684
f 676/676/676 684/684/684 682/682/682
f 682/682/682 684/684/684 25/25/25
f 682/682/682 25/25/25 24/24/24
f 673/673/673 683/683/683 685/685/685
f 673/673/673 685/685/685 686/686/686
f 686/686/686 685/685/685 687/687/687
f 686/686/686 687/687/687 688/688/688
f 683/683/683 19/19/19 18/18/18
f 683/683/683 18/18/18 685/685/685
f 685/685/685 18/18/18 21/21/21
f 685/685/685 21/21/21 687/687/687
f 673/673/673 686/686/686 689/689/689
f 673/673/673 689/689/689 674/674/674
f 674/674/674 689/689/689 690/690/690
f 674/674/674 690/690/690 679/679/679
f 686/686/686 688/688/688 691/691/691
f 686/686/686 691/691/691 689/689/689
f 689/689/689 691/691/691 692/692/692
f 689/689/689 692/692/692 690/690/690
f 693/693/693 694/694/694 695/695/695
f 693/693/693 695/695/695 696/696/696
f 696/696/696 695/695/695 697/697/697
f 696/696/696 697/697/697 698/698/698
f 694/694/694 699/699/699 700/700/700
f 694/694/694 700/700/700 695/695/695
f 695/695/695 700/700/700 701/701/701
f 695/695/695 701/701/701 697/697/697
f 693/693/693 696/696/696 702/702/702
f 693/693/693 702/702/702 703/703/703
f 703/703/703 702/702/702 704/704/704
f 703/703/703 704/704/704 705/705/705
f 696/696/696 698/698/698 706/706/706
f 696/696/696 706/706/706 702/702/702
f 702/702/702 706/706/706 707/707/707
f 702/702/702 707/707/707 704/704/704
f 693/693/693 703/703/703 708/708/708
f 693/693/693 708/708/708 709/709/709
f 709/709/709 708/708/708 710/710/710
f 709/709/709 710/710/710 711/711/711
f 703/703/703 705/705/705 712/712/712
f 703/703/703 712/712/712 708/708/708
f 708/708/708 712/712/712 713/713/713
f 708/708/708 713/713/713 710/710/710
f 693/693/693 709/709/709 714/714/714
f 693/693/693 714/714/714 694/694/694
f 694/694/694 714/714/714 715/715/715
f 694/694/694 715/715/715 699/699/699
f 709/709/709 711/711/711 716/716/716
f 709/709/709 716/716/716 714/714/714
f 714/714/714 716/716/716 717/717/717
f 714/714/714 717/717/717 715/715/715
f 718/718/718 719/719/719 720/720/720
f 718/718/718 720/720/720 721/721/721
f 721/721/721 720/720/720 722/722/722
f 721/721/721 722/722/722 723/723/723
f 719/719/719 724/724/724 725/725/725
f 719/719/719 725/725/725 720/720/720
f 720/720/720 725/725/725 726/726/726
f 720/720/720 726/726/726 722/722/722
f 718/718/718 721/721/721 727/727/727
f 718/718/718 727/727/727 728/728/728
f 728/728/728 727/727/727 729/729/729
f 728/728/728 729/729/729 730/730/730
f 721/721/721 723/723/723 731/731/731
f 721/721/721 731/731/731 727/727/727
f 727/727/727 731/731/731 707/707/707
f 727/727/727 707/707/707 729/729/729
f 718/718/718 728/728/728 732/732/732
f 718/718/718 732/732/732 733/733/733
f 733/733/733 732/732/732 734/734/734
f 733/733/733 734/734/734 735/735/735
f 728/728/728 730/730/730 736/736/736
f 728/728/728 736/736/736 732/732/732
f 732/732/732 736/736/736 737/737/737
f 732/732/732 737/737/737 734/734/734
f 718/718/718 733/733/733 738/738/738
f 718/718/718 738/738/738 719/719/719
f 719/719/719 738/738/738 739/739/739
f 719/719/719 739/739/739 724/724/724
f 733/733/733 735/735/735 740/740/740
f 733/733/733 740/740/740 738/738/738
f 738/738/738 740/740/740 741/741/741
f 738/738/738 741/741/741 739/739/739
f 742/742/742 743/743/743 744/744/744
f 742/742/742 744/744/744 745/745/745
f 745/745/745 744/744/744 746/746/746
f 745/745/745 746/746/746 747/747/747
f 743/743/743 748/748/748 749/749/749
f 743/743/743 749/749/749 744/744/744
f 744/744/744 749/749/749 750/750/750
f 744/744/744 750/750/750 746/746/746
f 742/742/742 745/745/745 751/751/751
f 742/742/742 751/751/751 752/752/752
f 752/752/752 751/751/751 753/753/753
f 752/752/752 753/753/753 754/754/754
f 745/745/745 747/747/747 755/755/755
f 745/745/745 755/755/755 751/751/751
f 751/751/751 755/755/755 756/756/756
f 751/751/751 756/756/756 753/753/753
f 742/742/742 752/752/752 757/757/757
f 742/742/742 757/757/757 758/758/758
f 758/758/758 757/757/757 759/759/759
f 758/758/758 759/759/759 760/760/760
f 752/752/752 754/754/754 761/761/761
f 752/752/752 761/761/761 757/757/757
f 757/757/757 761/761/761 762/762/762
f 757/757/757 762/762/762 759/759/759
f 742/742/742 758/758/758 763/763/763
f 742/742/742 763/763/763 743/743/743
f 743/743/743 763/763/763 764/764/764
f 743/743/743 764/764/764 748/748/748
f 758/758/758 760/760/760 765/765/765
f 758/758/758 765/765/765 763/763/763
f 763/763/763 765/765/765 766/766/766
f 763/763/763 766/766/766 764/764/764
f 767/767/767 768/768/768 769/769/769
f 767/767/767 769/769/769 770/770/770
f 770/770/770 769/769/769 771/771/771
f 770/770/770 771/771/771 772/772/772
f 768/768/768 773/773/773 774/774/774
f 768/768/768 774/774/774 769/769/769
f 769/769/769 774/774/774 775/775/775
f 769/769/769 775/775/775 771/771/771
f 767/767/767 770/770/770 776/776/776
f 767/767/767 776/776/776 777/777/777
f 777/777/777 776/776/776 778/778/778
f 777/777/777 778/778/778 779/779/779
f 770/770/770 772/772/772 780/780/780
f 770/770/770 780/780/780 776/776/776
f 776/776/776 780/780/780 766/766/766
f 776/776/776 766/766/766 778/778/778
f 767/767/767 777/777/777 781/781/781
f 767/767/767 781/781/781 782/782/782
f 782/782/782 781/781/781 783/783/783
f 782/782/782 783/783/783 784/784/784
f 777/777/777 779/779/779 785/785/785
f 777/777/777 785/785/785 781/781/781
f 781/781/781 785/785/785 786/786/786
f 781/781/781 786/786/786 783/783/783
f 767/767/767 782/782/782 787/787/787
f 767/767/767 787/787/787 768/768/768
f 768/768/768 787/787/787 788/788/788
f 768/768/768 788/788/788 773/773/773
f 782/782/782 784/784/784 789/789/789
f 782/782/782 789/789/789 787/787/787
f 787/787/787 789/789/789 790/790/790
f 787/787/787 790/790/790 788/788/788
f 791/791/791 792/792/792 793/793/793
f 791/791/791 793/793/793 794/794/794
f 794/794/794 793/793/793 795/795/795
f 794/794/794 795/795/795 796/796/796
f 792/792/792 797/797/797 798/798/798
f 792/792/792 798/798/798 793/793/793
f 793/793/793 798/798/798 799/799/799
f 793/793/793 799/799/799 795/795/795
f 791/791/791 794/794/794 800/800/800
f 791/791/791 800/800/800 801/801/801
f 801/801/801 800/800/800 802/802/802
f 801/801/801 802/802/802 803/803/803
f 794/794/794 796/796/796 804/804/804
f 794/794/794 804/804/804 800/800/800
f 800/800/800 804/804/804 805/805/805
f 800/800/800 805/805/805 802/802/802
f 791/791/791 801/801/801 806/806/806
f 791/791/791 806/806/806 807/807/807
f 807/807/807 806/806/806 808/808/808
f 807/807/807 808/808/808 809/809/809
f 801/801/801 803/803/803 810/810/810
f 801/801/801 810/810/810 806/806/806
f 806/806/806 810/810/810 811/811/811
f 806/806/806 811/811/811 808/808/808
f 791/791/791 807/807/807 812/812/812
f 791/791/791 812/812/812 792/792/792
f 792/792/792 812/812/812 813/813/813
f 792/792/792 813/813/813 797/797/797
f 807/807/807 809/809/809 814/814/814
f 807/807/807 814/814/814 812/812/812
f 812/812/812 814/814/814 815/815/815
f 812/812/812 815/815/815 813/813/813
f 816/816/816 817/817/817 818/818/818
f 816/816/816 818/818/818 819/819/819
f 819/819/819 818/818/818 820/820/820
f 819/819/819 820/820/820 821/821/821
f 817/817/817 822/822/822 823/823/823
f 817/817/817 823/823/823 818/818/818
f 818/818/818 823/823/823 824/824/824
f 818/818/818 824/824/824 820/820/820
f 816/816/816 819/819/819 825/825/825
f 816/816/816 825/825/825 826/826/826
f 826/826/826 825/825/825 827/827/827
f 826/826/826 827/827/827 828/828/828
f 819/819/819 821/821/821 829/829/829
f 819/819/819 829/829/829 825/825/825
f 825/825/825 829/829/829 830/830/830
f 825/825/825 830/830/830 827/827/827
f 816/816/816 826/826/826 831/831/831
f 816/816/816 831/831/831 832/832/832
f 832/832/832 831/831/831 833/833/833
f 832/832/832 833/833/833 834/834/834
f 826/826/826 828/828/828 835/835/835
f 826/826/826 835/835/835 831/831/831
f 831/831/831 835/835/835 836/836/836
f 831/831/831 836/836/836 833/833/833
f 816/816/816 832/832/832 837/837/837
f 816/816/816 837/837/837 817/817/817
f 817/817/817 837/837/837 838/838/838
f 817/817/817 838/838/838 822/822/822
f 832/832/832 834/834/834 839/839/839
f 832/832/832 839/839/839 837/837/837
f 837/837/837 839/839/839 840/840/840
f 837/837/837 840/840/840 838/838/838
f 841/841/841 842/842/842 843/843/843
f 841/841/841 843/843/843 844/844/844
f 844/844/844 843/843/843 839/839/839
f 844/844/844 839/839/839 834/834/834
f 842/842/842 845/845/845 846/846/846
f 842/842/842 846/846/846 843/843/843
f 843/843/843 846/846/846 840/840/840
f 843/843/843 840/840/840 839/839/839
f 841/841/841 844/844/844 847/847/847
f 841/841/841 847/847/847 848/848/848
f 848/848/848 847/847/847 849/849/849
f 848/848/848 849/849/849 850/850/850
f 844/844/844 834/834/834 833/833/833
f 844/844/844 833/833/833 847/847/847
f 847/847/847 833/833/833 836/836/836
f 847/847/847 836/836/836 849/849/849
f 841/841/841 848/848/848 851/851/851
f 841/841/841 851/851/851 852/852/852
f 852/852/852 851/851/851 853/853/853
f 852/852/852 853/853/853 854/854/854
f 848/848/848 850/850/850 855/855/855
f 848/848/848 855/855/855 851/851/851
f 851/851/851 855/855/855 756/756/756
f 851/851/851 756/756/756 853/853/853
f 841/841/841 852/852/852 856/856/856
f 841/841/841 856/856/856 842/842/842
f 842/842/842 856/856/856 857/857/857
f 842/842/842 857/857/857 845/845/845
f 852/852/852 854/854/854 858/858/858
f 852/852/852 858/858/858 856/856/856
f 856/856/856 858/858/858 737/737/737
f 856/856/856 737/737/737 857/857/857
f 859/859/859 860/860/860 861/861/861
f 859/859/859 861/861/861 862/862/862
f 862/862/862 861/861/861 863/863/863
f 862/862/862 863/863/863 864/864/864
f 860/860/860 865/865/865 866/866/866
f 860/860/860 866/866/866 861/861/861
f 861/861/861 866/866/866 867/867/867
f 861/861/861 867/867/867 863/863/863
f 859/859/859 862/862/862 868/868/868
f 859/859/859 868/868/868 869/869/869
f 869/869/869 868/868/868 870/870/870
f 869/869/869 870/870/870 871/871/871
f 862/862/862 864/864/864 872/872/872
f 862/862/862 872/872/872 868/868/868
f 868/868/868 872/872/872 873/873/873
f 868/868/868 873/873/873 870/870/870
f 859/859/859 869/869/869 874/874/874
f 859/859/859 874/874/874 875/875/875
f 875/875/875 874/874/874 876/876/876
f 875/875/875 876/876/876 877/877/877
f 869/869/869 871/871/871 878/878/878
f 869/869/869 878/878/878 874/874/874
f 874/874/874 878/878/878 879/879/879
f 874/874/874 879/879/879 876/876/876
f 859/859/859 875/875/875 880/880/880
f 859/859/859 880/880/880 860/860/860
f 860/860/860 880/880/880 881/881/881
f 860/860/860 881/881/881 865/865/865
f 875/875/875 877/877/877 882/882/882
f 875/875/875 882/882/882 880/880/880
f 880/880/880 882/882/882 883/883/883
f 880/880/880 883/883/883 881/881/881
f 884/884/884 885/885/885 886/886/886
f 884/884/884 886/886/886 887/887/887
f 887/887/887 886/886/886 882/882/882
f 887/887/887 882/882/882 877/877/877
f 885/885/885 888/888/888 889/889/889
f 885/885/885 889/889/889 886/886/886
f 886/886/886 889/889/889 883/883/883
f 886/886/886 883/883/883 882/882/882
f 884/884/884 887/887/887 890/890/890
f 884/884/884 890/890/890 891/891/891
f 891/891/891 890/890/890 892/892/892
f 891/891/891 892/892/892 893/893/893
f 887/887/887 877/877/877 876/876/876
f 887/887/887 876/876/876 890/890/890
f 890/890/890 876/876/876 879/879/879
f 890/890/890 879/879/879 892/892/892
f 884/884/884 891/891/891 894/894/894
f 884/884/884 894/894/894 895/895/895
f 895/895/895 894/894/894 896/896/896
f 895/895/895 896/896/896 897/897/897
f 891/891/891 893/893/893 898/898/898
f 891/891/891 898/898/898 894/894/894
f 894/894/894 898/898/898 899/899/899
f 894/894/894 899/899/899 896/896/896
f 884/884/884 895/895/895 900/900/900
f 884/884/884 900/900/900 885/885/885
f 885/885/885 900/900/900 901/901/901
f 885/885/885 901/901/901 888/888/888
f 895/895/895 897/897/897 902/902/902
f 895/895/895 902/902/902 900/900/900
f 900/900/900 902/902/902 786/786/786
f 900/900/900 786/786/786 901/901/901
f 903/903/903 904/904/904 905/905/905
f 903/903/903 905/905/905 906/906/906
f 906/906/906 905/905/905 907/907/907
f 906/906/906 907/907/907 908/908/908
f 904/904/904 241/241/241 240/240/240
f 904/904/904 240/240/240 905/905/905
f 905/905/905 240/240/240 244/244/244
f 905/905/905 244/244/244 907/907/907
f 903/903/903 906/906/906 909/909/909
f 903/903/903 909/909/909 910/910/910
f 910/910/910 909/909/909 911/911/911
f 910/910/910 911/911/911 912/912/912
f 906/906/906 908/908/908 913/913/913
f 906/906/906 913/913/913 909/909/909
f 909/909/909 913/913/913 914/914/914
f 909/909/909 914/914/914 911/911/911
f 903/903/903 910/910/910 915/915/915
f 903/903/903 915/915/915 916/916/916
f 916/916/916 915/915/915 917/917/917
f 916/916/916 917/917/917 918/918/918
f 910/910/910 912/912/912 919/919/919
f 910/910/910 919/919/919 915/915/915
f 915/915/915 919/919/919 920/920/920
f 915/915/915 920/920/920 917/917/917
f 903/903/903 916/916/916 921/921/921
f 903/903/903 921/921/921 904/904/904
f 904/904/904 921/921/921 249/249/249
f 904/904/904 249/249/249 241/241/241
f 916/916/916 918/918/918 922/922/922
f 916/916/916 922/922/922 921/921/921
f 921/921/921 922/922/922 250/250/250
f 921/921/921 250/250/250 249/249/249
f 923/923/923 924/924/924 925/925/925
f 923/923/923 925/925/925 926/926/926
f 926/926/926 925/925/925 922/922/922
f 926/926/926 922/922/922 918/918/918
f 924/924/924 266/266/266 265/265/265
f 924/924/924 265/265/265 925/925/925
f 925/925/925 265/265/265 250/250/250
f 925/925/925 250/250/250 922/922/922
f 923/923/923 926/926/926 927/927/927
f 923/923/923 927/927/927 928/928/928
f 928/928/928 927/927/927 929/929/929
f 928/928/928 929/929/929 930/930/930
f 926/926/926 918/918/918 917/917/917
f 926/926/926 917/917/917 927/927/927
f 927/927/927 917/917/917 920/920/920
f 927/927/927 920/920/920 929/929/929
f 923/923/923 928/928/928 931/931/931
f 923/923/923 931/931/931 932/932/932
f 932/932/932 931/931/931 933/933/933
f 932/932/932 933/933/933 934/934/934
f 928/928/928 930/930/930 935/935/935
f 928/928/928 935/935/935 931/931/931
f 931/931/931 935/935/935 717/717/717
f 931/931/931 717/717/717 933/933/933
f 923/923/923 932/932/932 936/936/936
f 923/923/923 936/936/936 924/924/924
f 924/924/924 936/936/936 271/271/271
f 924/924/924 271/271/271 266/266/266
f 932/932/932 934/934/934 937/937/937
f 932/932/932 937/937/937 936/936/936
f 936/936/936 937/937/937 21/21/21
f 936/936/936 21/21/21 271/271/271
f 938/938/938 939/939/939 940/940/940
f 938/938/938 940/940/940 941/941/941
f 941/941/941 940/940/940 942/942/942
f 941/941/941 942/942/942 943/943/943
f 939/939/939 944/944/944 945/945/945
f 939/939/939 945/945/945 940/940/940
f 940/940/940 945/945/945 946/946/946
f 940/940/940 946/946/946 942/942/942
f 938/938/938 941/941/941 947/947/947
f 938/938/938 947/947/947 948/948/948
f 948/948/948 947/947/947 949/949/949
f 948/948/948 949/949/949 950/950/950
f 941/941/941 943/943/943 951/951/951
f 941/941/941 951/951/951 947/947/947
f 947/947/947 951/951/951 952/952/952
f 947/947/947 952/952/952 949/949/949
f 938/938/938 948/948/948 953/953/953
f 938/938/938 953/953/953 954/954/954
f 954/954/954 953/953/953 955/955/955
f 954/954/954 955/955/955 956/956/956
f 948/948/948 950/950/950 957/957/957
f 948/948/948 957/957/957 953/953/953
f 953/953/953 957/957/957 883/883/883
f 953/953/953 883/883/883 955/955/955
f 938/938/938 954/954/954 958/958/958
f 938/938/938 958/958/958 939/939/939
f 939/939/939 958/958/958 959/959/959
f 939/939/939 959/959/959 944/944/944
f 954/954/954 956/956/956 960/960/960
f 954/954/954 960/960/960 958/958/958
f 958/958/958 960/960/960 961/961/961
f 958/958/958 961/961/961 959/959/959
f 962/962/962 963/963/963 964/964/964
f 962/962/962 964/964/964 965/965/965
f 965/965/965 964/964/964 960/960/960
f 965/965/965 960/960/960 956/956/956
f 963/963/963 966/966/966 967/967/967
f 963/963/963 967/967/967 964/964/964
f 964/964/964 967/967/967 961/961/961
f 964/964/964 961/961/961 960/960/960
f 962/962/962 965/965/965 968/968/968
f 962/962/962 968/968/968 969/969/969
f 969/969/969 968/968/968 970/970/970
f 969/969/969 970/970/970 971/971/971
f 965/965/965 956/956/956 955/955/955
f 965/965/965 955/955/955 968/968/968
f 968/968/968 955/955/955 883/883/883
f 968/968/968 883/883/883 970/970/970
f 962/962/962 969/969/969 972/972/972
f 962/962/962 972/972/972 973/973/973
f 973/973/973 972/972/972 974/974/974
f 973/973/973 974/974/974 754/754/754
f 969/969/969 971/971/971 975/975/975
f 969/969/969 975/975/975 972/972/972
f 972/972/972 975/975/975 976/976/976
f 972/972/972 976/976/976 974/974/974
f 962/962/962 973/973/973 977/977/977
f 962/962/962 977/977/977 963/963/963
f 963/963/963 977/977/977 978/978/978
f 963/963/963 978/978/978 966/966/966
f 973/973/973 754/754/754 979/979/979
f 973/973/973 979/979/979 977/977/977
f 977/977/977 979/979/979 980/980/980
f 977/977/977 980/980/980 978/978/978
f 981/981/981 982/982/982 983/983/983
f 981/981/981 983/983/983 984/984/984
f 984/984/984 983/983/983 985/985/985
f 984/984/984 985/985/985 986/986/986
f 982/982/982 987/987/987 988/988/988
f 982/982/982 988/988/988 983/983/983
f 983/983/983 988/988/988 989/989/989
f 983/983/983 989/989/989 985/985/985
f 981/981/981 984/984/984 990/990/990
f 981/981/981 990/990/990 991/991/991
f 991/991/991 990/990/990 992/992/992
f 991/991/991 992/992/992 993/993/993
f 984/984/984 986/986/986 994/994/994
f 984/984/984 994/994/994 990/990/990
f 990/990/990 994/994/994 995/995/995
f 990/990/990 995/995/995 992/992/992
f 981/981/981 991/991/991 996/996/996
f 981/981/981 996/996/996 997/997/997
f 997/997/997 996/996/996 998/998/998
f 997/997/997 998/998/998 999/999/999
f 991/991/991 993/993/993 1000/1000/1000
f 991/991/991 1000/1000/1000 996/996/996
f 996/996/996 1000/1000/1000 1001/1001/1001
f 996/996/996 1001/1001/1001 998/998/998
f 981/981/981 997/997/997 1002/1002/1002
f 981/981/981 1002/1002/1002 982/982/982
f 982/982/982 1002/1002/1002 1003/1003/1003
f 982/982/982 1003/1003/1003 987/987/987
f 997/997/997 999/999/999 1004/1004/1004
f 997/997/997 1004/1004/1004 1002/1002/1002
f 1002/1002/1002 1004/1004/1004 1005/1005/1005
f 1002/1002/1002 1005/1005/1005 1003/1003/1003
f 1006/1006/1006 1007/1007/1007 1008/1008/1008
f 1006/1006/1006 1008/1008/1008 1009/1009/1009
f 1009/1009/1009 1008/1008/1008 1004/1004/1004
f 1009/1009/1009 1004/1004/1004 999/999/999
f 1007/1007/1007 1010/1010/1010 1011/1011/1011
f 1007/1007/1007 1011/1011/1011 1008/1008/1008
f 1008/1008/1008 1011/1011/1011 1005/1005/1005
f 1008/1008/1008 1005/1005/1005 1004/1004/1004
f 1006/1006/1006 1009/1009/1009 1012/1012/1012
f 1006/1006/1006 1012/1012/1012 1013/1013/1013
f 1013/1013/1013 1012/1012/1012 1014/1014/1014
f 1013/1013/1013 1014/1014/1014 1015/1015/1015
f 1009/1009/1009 999/999/999 998/998/998
f 1009/1009/1009 998/998/998 1012/1012/1012
f 1012/1012/1012 998/998/998 1001/1001/1001
f 1012/1012/1012 1001/1001/1001 1014/1014/1014
f 1006/1006/1006 1013/1013/1013 1016/1016/1016
f 1006/1006/1006 1016/1016/1016 1017/1017/1017
f 1017/1017/1017 1016/1016/1016 1018/1018/1018
f 1017/1017/1017 1018/1018/1018 1019/1019/1019
f 1013/1013/1013 1015/1015/1015 1020/1020/1020
f 1013/1013/1013 1020/1020/1020 1016/1016/1016
f 1016/1016/1016 1020/1020/1020 1021/1021/1021
f 1016/1016/1016 1021/1021/1021 1018/1018/1018
f 1006/1006/1006 1017/1017/1017 1022/1022/1022
f 1006/1006/1006 1022/1022/1022 1007/1007/1007
f 1007/1007/1007 1022/1022/1022 1023/1023/1023
f 1007/1007/1007 1023/1023/1023 1010/1010/1010
f 1017/1017/1017 1019/1019/1019 1024/1024/1024
f 1017/1017/1017 1024/1024/1024 1022/1022/1022
f 1022/1022/1022 1024/1024/1024 1025/1025/1025
f 1022/1022/1022 1025/1025/1025 1023/1023/1023
f 1026/1026/1026 1027/1027/1027 1028/1028/1028
f 1026/1026/1026 1028/1028/1028 1029/1029/1029
f 1029/1029/1029 1028/1028/1028 1030/1030/1030
f 1029/1029/1029 1030/1030/1030 1031/1031/1031
f 1027/1027/1027 1032/1032/1032 1033/1033/1033
f 1027/1027/1027 1033/1033/1033 1028/1028/1028
f 1028/1028/1028 1033/1033/1033 1034/1034/1034
f 1028/1028/1028 1034/1034/1034 1030/1030/1030
f 1026/1026/1026 1029/1029/1029 1035/1035/1035
f 1026/1026/1026 1035/1035/1035 1036/1036/1036
f 1036/1036/1036 1035/1035/1035 1037/1037/1037
f 1036/1036/1036 1037/1037/1037 1038/1038/1038
f 1029/1029/1029 1031/1031/1031 1039/1039/1039
f 1029/1029/1029 1039/1039/1039 1035/1035/1035
f 1035/1035/1035 1039/1039/1039 1040/1040/1040
f 1035/1035/1035 1040/1040/1040 1037/1037/1037
f 1026/1026/1026 1036/1036/1036 1041/1041/1041
f 1026/1026/1026 1041/1041/1041 1042/1042/1042
f 1042/1042/1042 1041/1041/1041 1043/1043/1043
f 1042/1042/1042 1043/1043/1043 1044/1044/1044
f 1036/1036/1036 1038/1038/1038 1045/1045/1045
f 1036/1036/1036 1045/1045/1045 1041/1041/1041
f 1041/1041/1041 1045/1045/1045 1046/1046/1046
f 1041/1041/1041 1046/1046/1046 1043/1043/1043
f 1026/1026/1026 1042/1042/1042 1047/1047/1047
f 1026/1026/1026 1047/1047/1047 1027/1027/1027
f 1027/1027/1027 1047/1047/1047 1048/1048/1048
f 1027/1027/1027 1048/1048/1048 1032/1032/1032
f 1042/1042/1042 1044/1044/1044 1049/1049/1049
f 1042/1042/1042 1049/1049/1049 1047/1047/1047
f 1047/1047/1047 1049/1049/1049 1050/1050/1050
f 1047/1047/1047 1050/1050/1050 1048/1048/1048
f 1051/1051/1051 1052/1052/1052 1053/1053/1053
f 1051/1051/1051 1053/1053/1053 1054/1054/1054
f 1054/1054/1054 1053/1053/1053 1049/1049/1049
f 1054/1054/1054 1049/1049/1049 1044/1044/1044
f 1052/1052/1052 1055/1055/1055 1056/1056/1056
f 1052/1052/1052 1056/1056/1056 1053/1053/1053
f 1053/1053/1053 1056/1056/1056 1050/1050/1050
f 1053/1053/1053 1050/1050/1050 1049/1049/1049
f 1051/1051/1051 1054/1054/1054 1057/1057/1057
f 1051/1051/1051 1057/1057/1057 1058/1058/1058
f 1058/1058/1058 1057/1057/1057 1059/1059/1059
f 1058/1058/1058 1059/1059/1059 1060/1060/1060
f 1054/1054/1054 1044/1044/1044 1043/1043/1043
f 1054/1054/1054 1043/1043/1043 1057/1057/1057
f 1057/1057/1057 1043/1043/1043 1046/1046/1046
f 1057/1057/1057 1046/1046/1046 1059/1059/1059
f 1051/1051/1051 1058/1058/1058 1061/1061/1061
f 1051/1051/1051 1061/1061/1061 1062/1062/1062
f 1062/1062/1062 1061/1061/1061 1063/1063/1063
f 1062/1062/1062 1063/1063/1063 1064/1064/1064
f 1058/1058/1058 1060/1060/1060 1065/1065/1065
f 1058/1058/1058 1065/1065/1065 1061/1061/1061
f 1061/1061/1061 1065/1065/1065 1066/1066/1066
f 1061/1061/1061 1066/1066/1066 1063/1063/1063
f 1051/1051/1051 1062/1062/1062 1067/1067/1067
f 1051/1051/1051 1067/1067/1067 1052/1052/1052
f 1052/1052/1052 1067/1067/1067 1068/1068/1068
f 1052/1052/1052 1068/1068/1068 1055/1055/1055
f 1062/1062/1062 1064/1064/1064 1069/1069/1069
f 1062/1062/1062 1069/1069/1069 1067/1067/1067
f 1067/1067/1067 1069/1069/1069 811/811/811
f 1067/1067/1067 811/811/811 1068/1068/1068
f 1070/1070/1070 1071/1071/1071 1072/1072/1072
f 1070/1070/1070 1072/1072/1072 1073/1073/1073
f 1073/1073/1073 1072/1072/1072 1074/1074/1074
f 1073/1073/1073 1074/1074/1074 1075/1075/1075
f 1071/1071/1071 1076/1076/1076 1077/1077/1077
f 1071/1071/1071 1077/1077/1077 1072/1072/1072
f 1072/1072/1072 1077/1077/1077 1078/1078/1078
f 1072/1072/1072 1078/1078/1078 1074/1074/1074
f 1070/1070/1070 1073/1073/1073 1079/1079/1079
f 1070/1070/1070 1079/1079/1079 1080/1080/1080
f 1080/1080/1080 1079/1079/1079 434/434/434
f 1080/1080/1080 434/434/434 429/429/429
f 1073/1073/1073 1075/1075/1075 1081/1081/1081
f 1073/1073/1073 1081/1081/1081 1079/1079/1079
f 1079/1079/1079 1081/1081/1081 435/435/435
f 1079/1079/1079 435/435/435 434/434/434
f 1070/1070/1070 1080/1080/1080 1082/1082/1082
f 1070/1070/1070 1082/1082/1082 1083/1083/1083
f 1083/1083/1083 1082/1082/1082 1084/1084/1084
f 1083/1083/1083 1084/1084/1084 1085/1085/1085
f 1080/1080/1080 429/429/429 428/428/428
f 1080/1080/1080 428/428/428 1082/1082/1082
f 1082/1082/1082 428/428/428 431/431/431
f 1082/1082/1082 431/431/431 1084/1084/1084
f 1070/1070/1070 1083/1083/1083 1086/1086/1086
f 1070/1070/1070 1086/1086/1086 1071/1071/1071
f 1071/1071/1071 1086/1086/1086 1087/1087/1087
f 1071/1071/1071 1087/1087/1087 1076/1076/1076
f 1083/1083/1083 1085/1085/1085 1088/1088/1088
f 1083/1083/1083 1088/1088/1088 1086/1086/1086
f 1086/1086/1086 1088/1088/1088 1089/1089/1089
f 1086/1086/1086 1089/1089/1089 1087/1087/1087
f 1090/1090/1090 1091/1091/1091 1092/1092/1092
f 1090/1090/1090 1092/1092/1092 1093/1093/1093
f 1093/1093/1093 1092/1092/1092 1088/1088/1088
f 1093/1093/1093 1088/1088/1088 1085/1085/1085
f 1091/1091/1091 1094/1094/1094 1095/1095/1095
f 1091/1091/1091 1095/1095/1095 1092/1092/1092
f 1092/1092/1092 1095/1095/1095 1089/1089/1089
f 1092/1092/1092 1089/1089/1089 1088/1088/1088
f 1090/1090/1090 1093/1093/1093 1096/1096/1096
f 1090/1090/1090 1096/1096/1096 1097/1097/1097
f 1097/1097/1097 1096/1096/1096 453/453/453
f 1097/1097/1097 453/453/453 450/450/450
f 1093/1093/1093 1085/1085/1085 1084/1084/1084
f 1093/1093/1093 1084/1084/1084 1096/1096/1096
f 1096/1096/1096 1084/1084/1084 431/431/431
f 1096/1096/1096 431/431/431 453/453/453
f 1090/1090/1090 1097/1097/1097 1098/1098/1098
f 1090/1090/1090 1098/1098/1098 1099/1099/1099
f 1099/1099/1099 1098/1098/1098 1100/1100/1100
f 1099/1099/1099 1100/1100/1100 1101/1101/1101
f 1097/1097/1097 450/450/450 449/449/449
f 1097/1097/1097 449/449/449 1098/1098/1098
f 1098/1098/1098 449/449/449 25/25/25
f 1098/1098/1098 25/25/25 1100/1100/1100
f 1090/1090/1090 1099/1099/1099 1102/1102/1102
f 1090/1090/1090 1102/1102/1102 1091/1091/1091
f 1091/1091/1091 1102/1102/1102 1103/1103/1103
f 1091/1091/1091 1103/1103/1103 1094/1094/1094
f 1099/1099/1099 1101/1101/1101 1104/1104/1104
f 1099/1099/1099 1104/1104/1104 1102/1102/1102
f 1102/1102/1102 1104/1104/1104 713/713/713
f 1102/1102/1102 713/713/713 1103/1103/1103
f 1105/1105/1105 1106/1106/1106 1107/1107/1107
f 1105/1105/1105 1107/1107/1107 1108/1108/1108
f 1108/1108/1108 1107/1107/1107 1109/1109/1109
f 1108/1108/1108 1109/1109/1109 1110/1110/1110
f 1106/1106/1106 1111/1111/1111 1112/1112/1112
f 1106/1106/1106 1112/1112/1112 1107/1107/1107
f 1107/1107/1107 1112/1112/1112 1113/1113/1113
f 1107/1107/1107 1113/1113/1113 1109/1109/1109
f 1105/1105/1105 1108/1108/1108 1114/1114/1114
f 1105/1105/1105 1114/1114/1114 1115/1115/1115
f 1115/1115/1115 1114/1114/1114 1116/1116/1116
f 1115/1115/1115 1116/1116/1116 1117/1117/1117
f 1108/1108/1108 1110/1110/1110 1118/1118/1118
f 1108/1108/1108 1118/1118/1118 1114/1114/1114
f 1114/1114/1114 1118/1118/1118 1119/1119/1119
f 1114/1114/1114 1119/1119/1119 1116/1116/1116
f 1105/1105/1105 1115/1115/1115 1120/1120/1120
f 1105/1105/1105 1120/1120/1120 1121/1121/1121
f 1121/1121/1121 1120/1120/1120 1122/1122/1122
f 1121/1121/1121 1122/1122/1122 1123/1123/1123
f 1115/1115/1115 1117/1117/1117 1124/1124/1124
f 1115/1115/1115 1124/1124/1124 1120/1120/1120
f 1120/1120/1120 1124/1124/1124 1125/1125/1125
f 1120/1120/1120 1125/1125/1125 1122/1122/1122
f 1105/1105/1105 1121/1121/1121 1126/1126/1126
f 1105/1105/1105 1126/1126/1126 1106/1106/1106
f 1106/1106/1106 1126/1126/1126 1127/1127/1127
f 1106/1106/1106 1127/1127/1127 1111/1111/1111
f 1121/1121/1121 1123/1123/1123 1128/1128/1128
f 1121/1121/1121 1128/1128/1128 1126/1126/1126
f 1126/1126/1126 1128/1128/1128 1129/1129/1129
f 1126/1126/1126 1129/1129/1129 1127/1127/1127
f 1130/1130/1130 1131/1131/1131 1132/1132/1132
f 1130/1130/1130 1132/1132/1132 1133/1133/1133
f 1133/1133/1133 1132/1132/1132 1128/1128/1128
f 1133/1133/1133 1128/1128/1128 1123/1123/1123
f 1131/1131/1131 1134/1134/1134 1135/1135/1135
f 1131/1131/1131 1135/1135/1135 1132/1132/1132
f 1132/1132/1132 1135/1135/1135 1129/1129/1129
f 1132/1132/1132 1129/1129/1129 1128/1128/1128
f 1130/1130/1130 1133/1133/1133 1136/1136/1136
f 1130/1130/1130 1136/1136/1136 1137/1137/1137
f 1137/1137/1137 1136/1136/1136 1138/1138/1138
f 1137/1137/1137 1138/1138/1138 1139/1139/1139
f 1133/1133/1133 1123/1123/1123 1122/1122/1122
f 1133/1133/1133 1122/1122/1122 1136/1136/1136
f 1136/1136/1136 1122/1122/1122 1125/1125/1125
f 1136/1136/1136 1125/1125/1125 1138/1138/1138
f 1130/1130/1130 1137/1137/1137 1140/1140/1140
f 1130/1130/1130 1140/1140/1140 1141/1141/1141
f 1141/1141/1141 1140/1140/1140 1142/1142/1142
f 1141/1141/1141 1142/1142/1142 1143/1143/1143
f 1137/1137/1137 1139/1139/1139 1144/1144/1144
f 1137/1137/1137 1144/1144/1144 1140/1140/1140
f 1140/1140/1140 1144/1144/1144 805/805/805
f 1140/1140/1140 805/805/805 1142/1142/1142
f 1130/1130/1130 1141/1141/1141 1145/1145/1145
f 1130/1130/1130 1145/1145/1145 1131/1131/1131
f 1131/1131/1131 1145/1145/1145 1146/1146/1146
f 1131/1131/1131 1146/1146/1146 1134/1134/1134
f 1141/1141/1141 1143/1143/1143 1147/1147/1147
f 1141/1141/1141 1147/1147/1147 1145/1145/1145
f 1145/1145/1145 1147/1147/1147 1148/1148/1148
f 1145/1145/1145 1148/1148/1148 1146/1146/1146
f 1149/1149/1149 1150/1150/1150 1151/1151/1151
f 1149/1149/1149 1151/1151/1151 1152/1152/1152
f 1152/1152/1152 1151/1151/1151 1153/1153/1153
f 1152/1152/1152 1153/1153/1153 1154/1154/1154
f 1150/1150/1150 1155/1155/1155 1156/1156/1156
f 1150/1150/1150 1156/1156/1156 1151/1151/1151
f 1151/1151/1151 1156/1156/1156 1157/1157/1157
f 1151/1151/1151 1157/1157/1157 1153/1153/1153
f 1149/1149/1149 1152/1152/1152 1158/1158/1158
f 1149/1149/1149 1158/1158/1158 1159/1159/1159
f 1159/1159/1159 1158/1158/1158 1160/1160/1160
f 1159/1159/1159 1160/1160/1160 1161/1161/1161
f 1152/1152/1152 1154/1154/1154 1162/1162/1162
f 1152/1152/1152 1162/1162/1162 1158/1158/1158
f 1158/1158/1158 1162/1162/1162 1163/1163/1163
f 1158/1158/1158 1163/1163/1163 1160/1160/1160
f 1149/1149/1149 1159/1159/1159 1164/1164/1164
f 1149/1149/1149 1164/1164/1164 1165/1165/1165
f 1165/1165/1165 1164/1164/1164 1166/1166/1166
f 1165/1165/1165 1166/1166/1166 1167/1167/1167
f 1159/1159/1159 1161/1161/1161 1168/1168/1168
f 1159/1159/1159 1168/1168/1168 1164/1164/1164
f 1164/1164/1164 1168/1168/1168 1169/1169/1169
f 1164/1164/1164 1169/1169/1169 1166/1166/1166
f 1149/1149/1149 1165/1165/1165 1170/1170/1170
f 1149/1149/1149 1170/1170/1170 1150/1150/1150
f 1150/1150/1150 1170/1170/1170 1171/1171/1171
f 1150/1150/1150 1171/1171/1171 1155/1155/1155
f 1165/1165/1165 1167/1167/1167 1172/1172/1172
f 1165/1165/1165 1172/1172/1172 1170/1170/1170
f 1170/1170/1170 1172/1172/1172 1173/1173/1173
f 1170/1170/1170 1173/1173/1173 1171/1171/1171
f 1174/1174/1174 1175/1175/1175 1176/1176/1176
f 1174/1174/1174 1176/1176/1176 1177/1177/1177
f 1177/1177/1177 1176/1176/1176 1172/1172/1172
f 1177/1177/1177 1172/1172/1172 1167/1167/1167
f 1175/1175/1175 1178/1178/1178 1179/1179/1179
f 1175/1175/1175 1179/1179/1179 1176/1176/1176
f 1176/1176/1176 1179/1179/1179 1173/1173/1173
f 1176/1176/1176 1173/1173/1173 1172/1172/1172
f 1174/1174/1174 1177/1177/1177 1180/1180/1180
f 1174/1174/1174 1180/1180/1180 1181/1181/1181
f 1181/1181/1181 1180/1180/1180 1182/1182/1182
f 1181/1181/1181 1182/1182/1182 1183/1183/1183
f 1177/1177/1177 1167/1167/1167 1166/1166/1166
f 1177/1177/1177 1166/1166/1166 1180/1180/1180
f 1180/1180/1180 1166/1166/1166 1169/1169/1169
f 1180/1180/1180 1169/1169/1169 1182/1182/1182
f 1174/1174/1174 1181/1181/1181 1184/1184/1184
f 1174/1174/1174 1184/1184/1184 1185/1185/1185
f 1185/1185/1185 1184/1184/1184 1186/1186/1186
f 1185/1185/1185 1186/1186/1186 1187/1187/1187
f 1181/1181/1181 1183/1183/1183 1188/1188/1188
f 1181/1181/1181 1188/1188/1188 1184/1184/1184
f 1184/1184/1184 1188/1188/1188 1189/1189/1189
f 1184/1184/1184 1189/1189/1189 1186/1186/1186
f 1174/1174/1174 1185/1185/1185 1190/1190/1190
f 1174/1174/1174 1190/1190/1190 1175/1175/1175
f 1175/1175/1175 1190/1190/1190 1191/1191/1191
f 1175/1175/1175 1191/1191/1191 1178/1178/1178
f 1185/1185/1185 1187/1187/1187 1192/1192/1192
f 1185/1185/1185 1192/1192/1192 1190/1190/1190
f 1190/1190/1190 1192/1192/1192 1193/1193/1193
f 1190/1190/1190 1193/1193/1193 1191/1191/1191
f 1194/1194/1194 1195/1195/1195 1196/1196/1196
f 1194/1194/1194 1196/1196/1196 1197/1197/1197
f 1197/1197/1197 1196/1196/1196 1198/1198/1198
f 1197/1197/1197 1198/1198/1198 1199/1199/1199
f 1195/1195/1195 1200/1200/1200 1201/1201/1201
f 1195/1195/1195 1201/1201/1201 1196/1196/1196
f 1196/1196/1196 1201/1201/1201 1202/1202/1202
f 1196/1196/1196 1202/1202/1202 1198/1198/1198
f 1194/1194/1194 1197/1197/1197 1203/1203/1203
f 1194/1194/1194 1203/1203/1203 1204/1204/1204
f 1204/1204/1204 1203/1203/1203 1205/1205/1205
f 1204/1204/1204 1205/1205/1205 1206/1206/1206
f 1197/1197/1197 1199/1199/1199 1207/1207/1207
f 1197/1197/1197 1207/1207/1207 1203/1203/1203
f 1203/1203/1203 1207/1207/1207 1208/1208/1208
f 1203/1203/1203 1208/1208/1208 1205/1205/1205
f 1194/1194/1194 1204/1204/1204 1209/1209/1209
f 1194/1194/1194 1209/1209/1209 1210/1210/1210
f 1210/1210/1210 1209/1209/1209 1211/1211/1211
f 1210/1210/1210 1211/1211/1211 1212/1212/1212
f 1204/1204/1204 1206/1206/1206 1213/1213/1213
f 1204/1204/1204 1213/1213/1213 1209/1209/1209
f 1209/1209/1209 1213/1213/1213 1173/1173/1173
f 1209/1209/1209 1173/1173/1173 1211/1211/1211
f 1194/1194/1194 1210/1210/1210 1214/1214/1214
f 1194/1194/1194 1214/1214/1214 1195/1195/1195
f 1195/1195/1195 1214/1214/1214 1215/1215/1215
f 1195/1195/1195 1215/1215/1215 1200/1200/1200
f 1210/1210/1210 1212/1212/1212 1216/1216/1216
f 1210/1210/1210 1216/1216/1216 1214/1214/1214
f 1214/1214/1214 1216/1216/1216 1217/1217/1217
f 1214/1214/1214 1217/1217/1217 1215/1215/1215
f 1218/1218/1218 1219/1219/1219 1220/1220/1220
f 1218/1218/1218 1220/1220/1220 1221/1221/1221
f 1221/1221/1221 1220/1220/1220 1216/1216/1216
f 1221/1221/1221 1216/1216/1216 1212/1212/1212
f 1219/1219/1219 1222/1222/1222 1223/1223/1223
f 1219/1219/1219 1223/1223/1223 1220/1220/1220
f 1220/1220/1220 1223/1223/1223 1217/1217/1217
f 1220/1220/1220 1217/1217/1217 1216/1216/1216
f 1218/1218/1218 1221/1221/1221 1224/1224/1224
f 1218/1218/1218 1224/1224/1224 1225/1225/1225
f 1225/1225/1225 1224/1224/1224 1226/1226/1226
f 1225/1225/1225 1226/1226/1226 1227/1227/1227
f 1221/1221/1221 1212/1212/1212 1211/1211/1211
f 1221/1221/1221 1211/1211/1211 1224/1224/1224
f 1224/1224/1224 1211/1211/1211 1173/1173/1173
f 1224/1224/1224 1173/1173/1173 1226/1226/1226
f 1218/1218/1218 1225/1225/1225 1228/1228/1228
f 1218/1218/1218 1228/1228/1228 1229/1229/1229
f 1229/1229/1229 1228/1228/1228 1230/1230/1230
f 1229/1229/1229 1230/1230/1230 1231/1231/1231
f 1225/1225/1225 1227/1227/1227 1232/1232/1232
f 1225/1225/1225 1232/1232/1232 1228/1228/1228
f 1228/1228/1228 1232/1232/1232 766/766/766
f 1228/1228/1228 766/766/766 1230/1230/1230
f 1218/1218/1218 1229/1229/1229 1233/1233/1233
f 1218/1218/1218 1233/1233/1233 1219/1219/1219
f 1219/1219/1219 1233/1233/1233 1234/1234/1234
f 1219/1219/1219 1234/1234/1234 1222/1222/1222
f 1229/1229/1229 1231/1231/1231 1235/1235/1235
f 1229/1229/1229 1235/1235/1235 1233/1233/1233
f 1233/1233/1233 1235/1235/1235 1236/1236/1236
f 1233/1233/1233 1236/1236/1236 1234/1234/1234
f 1237/1237/1237 1238/1238/1238 1239/1239/1239
f 1237/1237/1237 1239/1239/1239 1240/1240/1240
f 1240/1240/1240 1239/1239/1239 1241/1241/1241
f 1240/1240/1240 1241/1241/1241 1242/1242/1242
f 1238/1238/1238 1243/1243/1243 1244/1244/1244
f 1238/1238/1238 1244/1244/1244 1239/1239/1239
f 1239/1239/1239 1244/1244/1244 1245/1245/1245
f 1239/1239/1239 1245/1245/1245 1241/1241/1241
f 1237/1237/1237 1240/1240/1240 1246/1246/1246
f 1237/1237/1237 1246/1246/1246 1247/1247/1247
f 1247/1247/1247 1246/1246/1246 1248/1248/1248
f 1247/1247/1247 1248/1248/1248 1249/1249/1249
f 1240/1240/1240 1242/1242/1242 1250/1250/1250
f 1240/1240/1240 1250/1250/1250 1246/1246/1246
f 1246/1246/1246 1250/1250/1250 1251/1251/1251
f 1246/1246/1246 1251/1251/1251 1248/1248/1248
f 1237/1237/1237 1247/1247/1247 1252/1252/1252
f 1237/1237/1237 1252/1252/1252 1253/1253/1253
f 1253/1253/1253 1252/1252/1252 1254/1254/1254
f 1253/1253/1253 1254/1254/1254 1255/1255/1255
f 1247/1247/1247 1249/1249/1249 1256/1256/1256
f 1247/1247/1247 1256/1256/1256 1252/1252/1252
f 1252/1252/1252 1256/1256/1256 1257/1257/1257
f 1252/1252/1252 1257/1257/1257 1254/1254/1254
f 1237/1237/1237 1253/1253/1253 1258/1258/1258
f 1237/1237/1237 1258/1258/1258 1238/1238/1238
f 1238/1238/1238 1258/1258/1258 1259/1259/1259
f 1238/1238/1238 1259/1259/1259 1243/1243/1243
f 1253/1253/1253 1255/1255/1255 1260/1260/1260
f 1253/1253/1253 1260/1260/1260 1258/1258/1258
f 1258/1258/1258 1260/1260/1260 1261/1261/1261
f 1258/1258/1258 1261/1261/1261 1259/1259/1259
f 1262/1262/1262 1263/1263/1263 1264/1264/1264
f 1262/1262/1262 1264/1264/1264 1265/1265/1265
f 1265/1265/1265 1264/1264/1264 1250/1250/1250
f 1265/1265/1265 1250/1250/1250 1242/1242/1242
f 1263/1263/1263 1266/1266/1266 1267/1267/1267
f 1263/1263/1263 1267/1267/1267 1264/1264/1264
f 1264/1264/1264 1267/1267/1267 1251/1251/1251
f 1264/1264/1264 1251/1251/1251 1250/1250/1250
f 1262/1262/1262 1265/1265/1265 1268/1268/1268
f 1262/1262/1262 1268/1268/1268 1269/1269/1269
f 1269/1269/1269 1268/1268/1268 1270/1270/1270
f 1269/1269/1269 1270/1270/1270 1271/1271/1271
f 1265/1265/1265 1242/1242/1242 1241/1241/1241
f 1265/1265/1265 1241/1241/1241 1268/1268/1268
f 1268/1268/1268 1241/1241/1241 1245/1245/1245
f 1268/1268/1268 1245/1245/1245 1270/1270/1270
f 1262/1262/1262 1269/1269/1269 1272/1272/1272
f 1262/1262/1262 1272/1272/1272 1273/1273/1273
f 1273/1273/1273 1272/1272/1272 1274/1274/1274
f 1273/1273/1273 1274/1274/1274 1275/1275/1275
f 1269/1269/1269 1271/1271/1271 1276/1276/1276
f 1269/1269/1269 1276/1276/1276 1272/1272/1272
f 1272/1272/1272 1276/1276/1276 707/707/707
f 1272/1272/1272 707/707/707 1274/1274/1274
f 1262/1262/1262 1273/1273/1273 1277/1277/1277
f 1262/1262/1262 1277/1277/1277 1263/1263/1263
f 1263/1263/1263 1277/1277/1277 1278/1278/1278
f 1263/1263/1263 1278/1278/1278 1266/1266/1266
f 1273/1273/1273 1275/1275/1275 1279/1279/1279
f 1273/1273/1273 1279/1279/1279 1277/1277/1277
f 1277/1277/1277 1279/1279/1279 750/750/750
f 1277/1277/1277 750/750/750 1278/1278/1278
f 1280/1280/1280 1281/1281/1281 1282/1282/1282
f 1280/1280/1280 1282/1282/1282 1283/1283/1283
f 1283/1283/1283 1282/1282/1282 1284/1284/1284
f 1283/1283/1283 1284/1284/1284 1285/1285/1285
f 1281/1281/1281 1286/1286/1286 1287/1287/1287
f 1281/1281/1281 1287/1287/1287 1282/1282/1282
f 1282/1282/1282 1287/1287/1287 1288/1288/1288
f 1282/1282/1282 1288/1288/1288 1284/1284/1284
f 1280/1280/1280 1283/1283/1283 1289/1289/1289
f 1280/1280/1280 1289/1289/1289 1290/1290/1290
f 1290/1290/1290 1289/1289/1289 1291/1291/1291
f 1290/1290/1290 1291/1291/1291 1292/1292/1292
f 1283/1283/1283 1285/1285/1285 1293/1293/1293
f 1283/1283/1283 1293/1293/1293 1289/1289/1289
f 1289/1289/1289 1293/1293/1293 1294/1294/1294
f 1289/1289/1289 1294/1294/1294 1291/1291/1291
f 1280/1280/1280 1290/1290/1290 1295/1295/1295
f 1280/1280/1280 1295/1295/1295 1296/1296/1296
f 1296/1296/1296 1295/1295/1295 1297/1297/1297
f 1296/1296/1296 1297/1297/1297 1298/1298/1298
f 1290/1290/1290 1292/1292/1292 1299/1299/1299
f 1290/1290/1290 1299/1299/1299 1295/1295/1295
f 1295/1295/1295 1299/1299/1299 1300/1300/1300
f 1295/1295/1295 1300/1300/1300 1297/1297/1297
f 1280/1280/1280 1296/1296/1296 1301/1301/1301
f 1280/1280/1280 1301/1301/1301 1281/1281/1281
f 1281/1281/1281 1301/1301/1301 1302/1302/1302
f 1281/1281/1281 1302/1302/1302 1286/1286/1286
f 1296/1296/1296 1298/1298/1298 1303/1303/1303
f 1296/1296/1296 1303/1303/1303 1301/1301/1301
f 1301/1301/1301 1303/1303/1303 1304/1304/1304
f 1301/1301/1301 1304/1304/1304 1302/1302/1302
f 1305/1305/1305 1306/1306/1306 1307/1307/1307
f 1305/1305/1305 1307/1307/1307 1308/1308/1308
f 1308/1308/1308 1307/1307/1307 1303/1303/1303
f 1308/1308/1308 1303/1303/1303 1298/1298/1298
f 1306/1306/1306 1309/1309/1309 1310/1310/1310
f 1306/1306/1306 1310/1310/1310 1307/1307/1307
f 1307/1307/1307 1310/1310/1310 1304/1304/1304
f 1307/1307/1307 1304/1304/1304 1303/1303/1303
f 1305/1305/1305 1308/1308/1308 1311/1311/1311
f 1305/1305/1305 1311/1311/1311 1312/1312/1312
f 1312/1312/1312 1311/1311/1311 1313/1313/1313
f 1312/1312/1312 1313/1313/1313 1314/1314/1314
f 1308/1308/1308 1298/1298/1298 1297/1297/1297
f 1308/1308/1308 1297/1297/1297 1311/1311/1311
f 1311/1311/1311 1297/1297/1297 1300/1300/1300
f 1311/1311/1311 1300/1300/1300 1313/1313/1313
f 1305/1305/1305 1312/1312/1312 1315/1315/1315
f 1305/1305/1305 1315/1315/1315 1316/1316/1316
f 1316/1316/1316 1315/1315/1315 1317/1317/1317
f 1316/1316/1316 1317/1317/1317 705/705/705
f 1312/1312/1312 1314/1314/1314 1318/1318/1318
f 1312/1312/1312 1318/1318/1318 1315/1315/1315
f 1315/1315/1315 1318/1318/1318 1319/1319/1319
f 1315/1315/1315 1319/1319/1319 1317/1317/1317
f 1305/1305/1305 1316/1316/1316 1320/1320/1320
f 1305/1305/1305 1320/1320/1320 1306/1306/1306
f 1306/1306/1306 1320/1320/1320 1321/1321/1321
f 1306/1306/1306 1321/1321/1321 1309/1309/1309
f 1316/1316/1316 705/705/705 1322/1322/1322
f 1316/1316/1316 1322/1322/1322 1320/1320/1320
f 1320/1320/1320 1322/1322/1322 1323/1323/1323
f 1320/1320/1320 1323/1323/1323 1321/1321/1321
