# Generated by lxe_pbrt_scene_convert
v -3.98817706 -0.139488995 1.554052
v -3.98817706 -0.130532995 1.54741502
v -4.03817987 -0.130542994 1.54740405
v -4.03817987 -0.139496997 1.55403996
v -4.07667494 -0.130560994 1.54738104
v -4.07667494 -0.139513001 1.55401599
v -3.98817706 -0.122271001 1.53993499
v -4.03817987 -0.122281 1.53992498
v -4.07667494 -0.122302003 1.539904
v -4.03817987 -0.149055004 1.55977297
v -3.98817611 -0.149048001 1.55978596
v -4.03817987 -0.159125999 1.56454396
v -3.98817706 -0.159119993 1.56455696
v -4.07667494 -0.149067998 1.55974698
v -4.07667494 -0.159136996 1.56451702
v -3.93050098 -0.149046004 1.55979002
v -3.93050098 -0.139486 1.55405605
v -3.86898804 -0.149046004 1.55979002
v -3.86898804 -0.139486 1.55405605
v -3.93050098 -0.159117997 1.56456196
v -3.86898804 -0.159117997 1.56456196
v -3.93050098 -0.13053 1.54741895
v -3.93050098 -0.122267 1.53993905
v -3.86898804 -0.13053 1.54741895
v -3.86898804 -0.122267 1.53993905
v -3.98817706 -0.180429995 1.57100999
v -3.98817706 -0.169615999 1.56830597
v -4.03817987 -0.169620007 1.56829202
v -4.03817987 -0.180433005 1.57099605
v -4.07667494 -0.169628993 1.56826401
v -4.07667494 -0.180438995 1.57096696
v -4.03817987 -0.191457003 1.57263505
v -3.98817611 -0.191456005 1.57264996
v -4.03817987 -0.202586994 1.57318902
v -3.98817706 -0.202586994 1.57320297
v -4.07667494 -0.191459998 1.57260597
v -4.07667494 -0.202586994 1.57316005
v -3.93050098 -0.191455007 1.57265496
v -3.93050098 -0.180428997 1.571015
v -3.86898804 -0.191455007 1.57265496
v -3.86898804 -0.180428997 1.571015
v -3.93050098 -0.202586994 1.57320797
v -3.86898804 -0.202586994 1.57320797
v -3.93050098 -0.169615 1.56831002
v -3.86898804 -0.169615 1.56831002
v -3.98817706 -0.224744007 1.57100999
v -3.98817706 -0.213718995 1.57264996
v -4.03817987 -0.213716999 1.57263505
v -4.03817987 -0.224740997 1.57099605
v -4.07667494 -0.213714004 1.57260597
v -4.07667494 -0.224736005 1.57096696
v -4.03817987 -0.235553995 1.56829202
v -3.98817611 -0.235558003 1.56830597
v -4.03817987 -0.246048003 1.56454396
v -3.98817706 -0.246053994 1.56455696
v -4.07667494 -0.235544994 1.56826401
v -4.07667494 -0.246037006 1.56451702
v -3.93050098 -0.235559002 1.56831002
v -3.93050098 -0.224745005 1.571015
v -3.86898804 -0.235559002 1.56831002
v -3.86898804 -0.224745005 1.571015
v -3.93050098 -0.246056005 1.56456196
v -3.86898804 -0.246056005 1.56456196
v -3.93050098 -0.213718995 1.57265496
v -3.86898804 -0.213718995 1.57265496
v -3.98817706 -0.265684992 1.554052
v -3.98817706 -0.256125987 1.55978596
v -4.03817987 -0.256119013 1.55977297
v -4.03817987 -0.265677005 1.55403996
v -4.07667494 -0.256105989 1.55974698
v -4.07667494 -0.265661001 1.55401599
v -4.03817987 -0.274632007 1.54740405
v -3.98817611 -0.274641007 1.54741502
v -4.03817987 -0.282893002 1.53992498
v -3.98817706 -0.282902986 1.53993499
v -4.07667494 -0.274612993 1.54738104
v -4.07667494 -0.282873005 1.539904
v -3.93050098 -0.274643987 1.54741895
v -3.93050098 -0.265688002 1.55405605
v -3.86898804 -0.274643987 1.54741895
v -3.86898804 -0.265688002 1.55405605
v -3.93050098 -0.282907009 1.53993905
v -3.86898804 -0.282907009 1.53993905
v -3.93050098 -0.256128997 1.55979002
v -3.86898804 -0.256128997 1.55979002
v -3.98817706 -0.297019988 1.522717
v -3.98817706 -0.290383011 1.53167295
v -4.03817987 -0.290372014 1.53166294
v -4.03817987 -0.297008008 1.52270901
v -4.07667494 -0.290349007 1.53164506
v -4.07667494 -0.296983987 1.52269304
v -4.03817987 -0.302740991 1.51315105
v -3.98817611 -0.302754015 1.51315796
v -4.03817987 -0.307511985 1.50308001
v -3.98817706 -0.307525009 1.50308597
v -4.07667494 -0.302715987 1.51313806
v -4.07667494 -0.307485014 1.50306904
v -3.93050098 -0.302758992 1.51315999
v -3.93050098 -0.297024012 1.52271998
v -3.86898804 -0.302758992 1.51315999
v -3.86898804 -0.297024012 1.52271998
v -3.93050098 -0.307529986 1.503088
v -3.86898804 -0.307529986 1.503088
v -3.93050098 -0.290387005 1.53167605
v -3.86898804 -0.290387005 1.53167605
v -3.98817706 -0.313977987 1.481776
v -3.98817706 -0.311273992 1.49258995
v -4.03817987 -0.311260015 1.49258494
v -4.03817987 -0.313964009 1.48177302
v -4.07667494 -0.311232001 1.49257696
v -4.07667494 -0.313935995 1.48176706
v -4.03817987 -0.315604001 1.47074902
v -3.98817611 -0.315618008 1.47074997
v -4.03817987 -0.316157013 1.45961905
v -3.98817706 -0.316172004 1.45961905
v -4.07667494 -0.315575004 1.47074604
v -4.07667494 -0.316127986 1.45961905
v -3.93050098 -0.315622985 1.47075105
v -3.93050098 -0.313982993 1.48177695
v -3.86898804 -0.315622985 1.47075105
v -3.86898804 -0.313982993 1.48177695
v -3.93050098 -0.316175997 1.45961905
v -3.86898804 -0.316175997 1.45961905
v -3.93050098 -0.311278999 1.49259102
v -3.86898804 -0.311278999 1.49259102
v -3.98817706 -0.313977987 1.43746197
v -3.98817706 -0.315618008 1.44848704
v -4.03817987 -0.315604001 1.44848895
v -4.03817987 -0.313964009 1.43746495
v -4.07667494 -0.315575004 1.44849205
v -4.07667494 -0.313935995 1.43746996
v -4.03817987 -0.311260015 1.42665195
v -3.98817611 -0.311273992 1.42664802
v -4.03817987 -0.307511985 1.41615796
v -3.98817706 -0.307525009 1.416152
v -4.07667494 -0.311232001 1.42666101
v -4.07667494 -0.307485014 1.41616905
v -3.93050098 -0.311278999 1.42664695
v -3.93050098 -0.313982993 1.43746102
v -3.86898804 -0.311278999 1.42664599
v -3.86898804 -0.313982993 1.43746102
v -3.93050098 -0.307529986 1.41614997
v -3.86898804 -0.307529986 1.41614997
v -3.93050098 -0.315622985 1.44848704
v -3.86898804 -0.315622985 1.44848704
v -3.98817706 -0.297019988 1.39652097
v -3.98817706 -0.302754015 1.40608001
v -4.03817987 -0.302740991 1.40608704
v -4.03817987 -0.297008008 1.39652896
v -4.07667494 -0.302715987 1.40610003
v -4.07667494 -0.296983987 1.39654505
v -4.03817987 -0.290372014 1.38757396
v -3.98817611 -0.290383011 1.38756502
v -4.03817987 -0.282893002 1.37931299
v -3.98817706 -0.282902986 1.37930202
v -4.07667494 -0.290349007 1.38759303
v -4.07667494 -0.282873005 1.37933302
v -3.93050098 -0.290387005 1.38756204
v -3.93050098 -0.297024012 1.39651799
v -3.86898804 -0.290387005 1.38756204
v -3.86898804 -0.297024012 1.39651799
v -3.93050098 -0.282907009 1.37929904
v -3.86898804 -0.282907009 1.37929904
v -3.93050098 -0.302758992 1.40607703
v -3.86898804 -0.302758992 1.40607703
v -3.98817706 -0.265684992 1.36518598
v -3.98817706 -0.274641007 1.37182295
v -4.03817987 -0.274632007 1.37183404
v -4.03817987 -0.265677005 1.36519802
v -4.07667494 -0.274612993 1.37185597
v -4.07667494 -0.265661001 1.36522198
v -4.03817987 -0.256119996 1.359465
v -3.98817611 -0.256125987 1.35945201
v -4.03817987 -0.246048003 1.35469401
v -3.98817706 -0.246053994 1.35467994
v -4.07667494 -0.256105989 1.35949004
v -4.07667494 -0.246037006 1.35472095
v -3.93050098 -0.256128997 1.359447
v -3.93050098 -0.265688002 1.36518204
v -3.86898804 -0.256128997 1.359447
v -3.86898804 -0.265688002 1.36518204
v -3.93050098 -0.246056005 1.35467601
v -3.86898804 -0.246056005 1.35467601
v -3.93050098 -0.274643987 1.37181902
v -3.86898804 -0.274643987 1.37181902
v -3.98817706 -0.224744007 1.34822798
v -3.98817706 -0.235558003 1.350932
v -4.03817987 -0.235553995 1.35094595
v -4.03817987 -0.224740997 1.34824204
v -4.07667494 -0.235544994 1.35097396
v -4.07667494 -0.224736005 1.34827006
v -4.03817987 -0.213716999 1.34660196
v -3.98817611 -0.213718995 1.34658802
v -4.03817987 -0.202586994 1.34604895
v -3.98817706 -0.202586994 1.34603405
v -4.07667494 -0.213714004 1.34663105
v -4.07667494 -0.202586994 1.34607804
v -3.93050098 -0.213718995 1.34658301
v -3.93050098 -0.224745005 1.34822297
v -3.86898804 -0.213718995 1.34658301
v -3.86898804 -0.224745005 1.34822297
v -3.93050098 -0.202586994 1.34602904
v -3.86898804 -0.202586994 1.34602904
v -3.93050098 -0.235559002 1.350927
v -3.86898804 -0.235559002 1.350927
v -3.98817706 -0.180429995 1.34822798
v -3.98817706 -0.191456005 1.34658802
v -4.03817987 -0.191457003 1.34660196
v -4.03817987 -0.180433005 1.34824204
v -4.07667494 -0.191459998 1.34663105
v -4.07667494 -0.180437997 1.34827006
v -4.03817987 -0.169620007 1.35094595
v -3.98817611 -0.169615999 1.350932
v -4.03817987 -0.159125999 1.35469401
v -3.98817706 -0.159119993 1.35468102
v -4.07667494 -0.169628993 1.35097396
v -4.07667494 -0.159136996 1.35472095
v -3.93050098 -0.169615 1.350927
v -3.93050098 -0.180428997 1.34822297
v -3.86898804 -0.169615 1.350927
v -3.86898804 -0.180428997 1.34822297
v -3.93050098 -0.159117997 1.35467601
v -3.86898804 -0.159117997 1.35467601
v -3.93050098 -0.191455007 1.34658301
v -3.86898804 -0.191455007 1.34658301
v -3.98817706 -0.139488995 1.36518598
v -3.98817706 -0.149048001 1.35945201
v -4.03817987 -0.149055004 1.359465
v -4.03817987 -0.139496997 1.36519802
v -4.07667494 -0.149067998 1.35949004
v -4.07667494 -0.139513001 1.36522198
v -4.03817987 -0.130542994 1.37183404
v -3.98817611 -0.130532995 1.37182295
v -4.03817987 -0.122281 1.37931299
v -3.98817706 -0.122271001 1.37930298
v -4.07667494 -0.130560994 1.37185597
v -4.07667494 -0.122302003 1.37933302
v -3.93050098 -0.13053 1.37181902
v -3.93050098 -0.139486 1.36518204
v -3.86898804 -0.13053 1.37181902
v -3.86898804 -0.139486 1.36518204
v -3.93050098 -0.122267 1.37929904
v -3.86898804 -0.122267 1.37929904
v -3.93050098 -0.149046004 1.359447
v -3.86898804 -0.149046004 1.359447
v -3.98817706 -0.108153999 1.39652097
v -3.98817706 -0.114790998 1.38756502
v -4.03817987 -0.114802003 1.38757396
v -4.03817987 -0.108166002 1.39652896
v -4.07667494 -0.114825003 1.38759303
v -4.07667494 -0.10819 1.39654505
v -4.03817987 -0.102433003 1.40608597
v -3.98817611 -0.102420002 1.40608001
v -4.03817987 -0.0976620018 1.41615796
v -3.98817706 -0.0976490006 1.416152
v -4.07667494 -0.102458 1.40610003
v -4.07667494 -0.0976890028 1.41616905
v -3.93050098 -0.102416001 1.40607703
v -3.93050098 -0.108149998 1.39651799
v -3.86898804 -0.102416001 1.40607703
v -3.86898804 -0.108149998 1.39651799
v -3.93050098 -0.0976440012 1.41614997
v -3.86898804 -0.0976440012 1.41614997
v -3.93050098 -0.114786997 1.38756204
v -3.86898804 -0.114786997 1.38756204
v -3.98817706 -0.0911960006 1.43746197
v -3.98817706 -0.0939000025 1.42664802
v -4.03817987 -0.0939140022 1.42665195
v -4.03817987 -0.0912100002 1.43746495
v -4.07667494 -0.0939420015 1.42666101
v -4.07667494 -0.0912389979 1.43746996
v -4.03817987 -0.0895709991 1.44848895
v -3.98817611 -0.0895560011 1.44848704
v -4.03817987 -0.0890169963 1.45961905
v -3.98817706 -0.0890029967 1.45961905
v -4.07667494 -0.0895999968 1.44849205
v -4.07667494 -0.0890460014 1.45961905
v -3.93050098 -0.0895510018 1.44848704
v -3.93050098 -0.0911910012 1.43746102
v -3.86898804 -0.0895510018 1.44848704
v -3.86898804 -0.0911910012 1.43746102
v -3.93050098 -0.0889979973 1.45961905
v -3.86898804 -0.0889979973 1.45961905
v -3.93050098 -0.0938960016 1.42664695
v -3.86898804 -0.0938960016 1.42664695
v -3.98817706 -0.0911960006 1.481776
v -3.98817706 -0.0895560011 1.47074997
v -4.03817987 -0.0895709991 1.47074902
v -4.03817987 -0.0912100002 1.48177302
v -4.07667494 -0.0895999968 1.47074604
v -4.07667494 -0.0912389979 1.48176801
v -4.03817987 -0.0939140022 1.49258602
v -3.98817611 -0.0939000025 1.49258995
v -4.03817987 -0.0976620018 1.50308001
v -3.98817706 -0.0976490006 1.50308597
v -4.07667494 -0.0939420015 1.49257696
v -4.07667494 -0.0976890028 1.50306904
v -3.93050098 -0.0938960016 1.49259102
v -3.93050098 -0.0911910012 1.48177695
v -3.86898804 -0.0938960016 1.49259102
v -3.86898804 -0.0911910012 1.48177695
v -3.93050098 -0.0976440012 1.503088
v -3.86898804 -0.0976440012 1.503088
v -3.93050098 -0.0895510018 1.47075105
v -3.86898804 -0.0895510018 1.47075105
v -3.98817706 -0.108153999 1.522717
v -4.03817987 -0.108166002 1.52270901
v -4.03817987 -0.114802003 1.53166401
v -3.98817611 -0.114790998 1.53167295
v -4.07667494 -0.10819 1.52269304
v -4.07667494 -0.114825003 1.53164506
v -3.93050098 -0.114786997 1.53167605
v -3.93050098 -0.108149998 1.52271998
v -3.86898804 -0.114786997 1.53167605
v -3.86898804 -0.108149998 1.52271998
v -3.93050098 -0.102416001 1.51315999
v -3.98817706 -0.102420002 1.51315796
v -3.86898804 -0.102416001 1.51315999
v -4.03817987 -0.102433003 1.51315105
v -4.07667494 -0.102458999 1.51313806
v -4.11164522 -0.139633998 1.55383503
v -4.09982491 -0.139540002 1.55397499
v -4.09982491 -0.130592003 1.54734397
v -4.11164522 -0.130698994 1.54721403
v -4.09982491 -0.122336 1.53987002
v -4.11164522 -0.122455001 1.53975105
v -4.11614895 -0.130944997 1.54691398
v -4.11614895 -0.139849007 1.55351305
v -4.11735392 -0.131393999 1.54636598
v -4.11735392 -0.140242994 1.55292404
v -4.11614895 -0.122729003 1.53947699
v -4.11735392 -0.123230003 1.53897595
v -4.11614895 -0.149353996 1.559214
v -4.11164522 -0.149170995 1.55955601
v -4.11614895 -0.159367993 1.56395805
v -4.11164522 -0.159219995 1.56431699
v -4.11735392 -0.149687007 1.55859005
v -4.11735392 -0.159639001 1.56330395
v -4.09982491 -0.149091005 1.55970502
v -4.09982491 -0.159155995 1.56447196
v -4.12154293 -0.141611993 1.55087399
v -4.11927414 -0.140869007 1.55198598
v -4.11927414 -0.13211 1.54549396
v -4.12154293 -0.132957995 1.54446101
v -4.11927414 -0.124027997 1.53817797
v -4.12154293 -0.124973997 1.53723204
v -4.12379313 -0.133806005 1.54342794
v -4.12379313 -0.142354995 1.54976296
v -4.12565708 -0.134517998 1.54255903
v -4.12565708 -0.142978996 1.54882896
v -4.12379313 -0.125918001 1.53628802
v -4.12565708 -0.126712993 1.53549302
v -4.12379313 -0.151479006 1.55523705
v -4.12154293 -0.150849998 1.55641496
v -4.12379313 -0.161093995 1.55979097
v -4.12154293 -0.160583004 1.56102598
v -4.12565708 -0.152008995 1.55424595
v -4.12565708 -0.161523998 1.55875397
v -4.11927414 -0.150218993 1.55759501
v -4.11927414 -0.160071 1.56226206
v -4.11164522 -0.180481002 1.570755
v -4.09982491 -0.180447996 1.57091999
v -4.09982491 -0.169643 1.56821799
v -4.11164522 -0.169691995 1.56805694
v -4.11614895 -0.169804007 1.56768501
v -4.11614895 -0.180555999 1.57037401
v -4.11735392 -0.17001 1.56700802
v -4.11735392 -0.180694997 1.56967998
v -4.11614895 -0.191519007 1.57200396
v -4.11164522 -0.191480994 1.57239103
v -4.11614895 -0.202586994 1.57255495
v -4.11164522 -0.202586994 1.57294297
v -4.11735392 -0.191588998 1.57130003
v -4.11735392 -0.202586994 1.57184696
v -4.09982491 -0.191465005 1.57255805
v -4.09982491 -0.202586994 1.57311106
v -4.12154293 -0.181176007 1.56726098
v -4.11927414 -0.180914998 1.568573
v -4.11927414 -0.170337006 1.56592798
v -4.12154293 -0.170726001 1.56464803
v -4.12379313 -0.171113998 1.56336999
v -4.12379313 -0.181436002 1.56595099
v -4.12565708 -0.171440005 1.56229496
v -4.12565708 -0.181655005 1.56484997
v -4.12379313 -0.191961005 1.56751597
v -4.12154293 -0.191829994 1.56884599
v -4.12379313 -0.202586994 1.56804502
v -4.12154293 -0.202586994 1.569381
v -4.12565708 -0.192071006 1.56639898
v -4.12565708 -0.202586994 1.566921
v -4.11927414 -0.191698998 1.57017696
v -4.11927414 -0.202586994 1.570719
v -4.11164522 -0.224693 1.570755
v -4.09982491 -0.224726006 1.57091999
v -4.09982491 -0.213709995 1.57255805
v -4.11164522 -0.213692993 1.57239103
v -4.11614895 -0.213654995 1.57200503
v -4.11614895 -0.224618003 1.57037401
v -4.11735392 -0.213586003 1.57130003
v -4.11735392 -0.224480003 1.56967998
v -4.11614895 -0.235369995 1.56768501
v -4.11164522 -0.235482007 1.56805694
v -4.11614895 -0.245805994 1.56395805
v -4.11164522 -0.245954007 1.56431699
v -4.11735392 -0.235164002 1.56700802
v -4.11735392 -0.245535001 1.56330395
v -4.09982491 -0.235531002 1.56821799
v -4.09982491 -0.246019006 1.56447196
v -4.12154293 -0.223998994 1.56726098
v -4.11927414 -0.224260002 1.568573
v -4.11927414 -0.213475004 1.57017696
v -4.12154293 -0.213343993 1.56884599
v -4.12379313 -0.213212997 1.56751597
v -4.12379313 -0.223738 1.56595099
v -4.12565708 -0.213102996 1.56639898
v -4.12565708 -0.223518997 1.56484997
v -4.12379313 -0.234061003 1.56336999
v -4.12154293 -0.234448001 1.56464803
v -4.12379313 -0.244080007 1.55979097
v -4.12154293 -0.244590998 1.56102598
v -4.12565708 -0.233734995 1.56229496
v -4.12565708 -0.243650004 1.55875397
v -4.11927414 -0.234836996 1.56592798
v -4.11927414 -0.245103002 1.56226206
v -4.11164522 -0.265540987 1.55383503
v -4.09982491 -0.265634 1.55397499
v -4.09982491 -0.256083012 1.55970502
v -4.11164522 -0.256004006 1.55955601
v -4.11614895 -0.25582099 1.559214
v -4.11614895 -0.26532501 1.55351305
v -4.11735392 -0.255486995 1.55859005
v -4.11735392 -0.264932007 1.55292404
v -4.11614895 -0.274230003 1.54691398
v -4.11164522 -0.274475992 1.54721403
v -4.11614895 -0.282445014 1.53947699
v -4.11164522 -0.282718986 1.53975105
v -4.11735392 -0.273779988 1.54636598
v -4.11735392 -0.281944007 1.53897595
v -4.09982491 -0.274581999 1.54734397
v -4.09982491 -0.282837987 1.53987002
v -4.12154293 -0.263561994 1.55087399
v -4.11927414 -0.264304996 1.55198598
v -4.11927414 -0.254954994 1.55759501
v -4.12154293 -0.254325002 1.55641496
v -4.12379313 -0.253695011 1.55523705
v -4.12379313 -0.262820005 1.54976296
v -4.12565708 -0.253165007 1.55424595
v -4.12565708 -0.262196004 1.54882896
v -4.12379313 -0.27136901 1.54342794
v -4.12154293 -0.272215992 1.54446006
v -4.12379313 -0.279255986 1.53628802
v -4.12154293 -0.280200988 1.53723204
v -4.12565708 -0.27065599 1.54255903
v -4.12565708 -0.278461993 1.53549302
v -4.11927414 -0.273065001 1.54549396
v -4.11927414 -0.28114599 1.53817797
v -4.11164522 -0.296804011 1.52257204
v -4.09982491 -0.296943009 1.52266598
v -4.09982491 -0.290311992 1.53161395
v -4.11164522 -0.290181994 1.53150702
v -4.11614895 -0.289882004 1.53126097
v -4.11614895 -0.296481013 1.52235699
v -4.11735392 -0.289335012 1.53081203
v -4.11735392 -0.295892 1.521963
v -4.11614895 -0.302181989 1.51285195
v -4.11164522 -0.302525014 1.51303601
v -4.11614895 -0.306926012 1.50283802
v -4.11164522 -0.307285011 1.50298595
v -4.11735392 -0.301557988 1.512519
v -4.11735392 -0.306272 1.50256705
v -4.09982491 -0.302673012 1.51311505
v -4.09982491 -0.307440013 1.50305104
v -4.12154293 -0.293841988 1.520594
v -4.11927414 -0.294954002 1.52133703
v -4.11927414 -0.288462996 1.53009605
v -4.12154293 -0.287429005 1.529248
v -4.12379313 -0.286395997 1.52839994
v -4.12379313 -0.292730987 1.51985097
v -4.12565708 -0.285528004 1.52768803
v -4.12565708 -0.291797996 1.51922798
v -4.12379313 -0.298204988 1.51072705
v -4.12154293 -0.299383014 1.511356
v -4.12379313 -0.302760005 1.50111198
v -4.12154293 -0.303994 1.50162303
v -4.12565708 -0.297214001 1.51019704
v -4.12565708 -0.30172199 1.500682
v -4.11927414 -0.300563008 1.51198697
v -4.11927414 -0.305229992 1.50213504
v -4.11164522 -0.313722998 1.48172498
v -4.09982491 -0.313888013 1.481758
v -4.09982491 -0.311185986 1.49256301
v -4.11164522 -0.311024994 1.49251401
v -4.11614895 -0.310653001 1.49240196
v -4.11614895 -0.313342988 1.48164999
v -4.11735392 -0.309976012 1.49219596
v -4.11735392 -0.312647998 1.481511
v -4.11614895 -0.314972997 1.47068703
v -4.11164522 -0.315358996 1.47072506
v -4.11614895 -0.315522999 1.45961905
v -4.11164522 -0.315910995 1.45961905
v -4.11735392 -0.314267993 1.47061706
v -4.11735392 -0.314815015 1.45961905
v -4.09982491 -0.315526009 1.47074103
v -4.09982491 -0.316078991 1.45961905
v -4.12154293 -0.310229987 1.48102999
v -4.11927414 -0.311542004 1.48129106
v -4.11927414 -0.308896005 1.49186802
v -4.12154293 -0.307615995 1.49147999
v -4.12379313 -0.306338012 1.49109197
v -4.12379313 -0.308919996 1.48076999
v -4.12565708 -0.305263013 1.49076605
v -4.12565708 -0.307817996 1.480551
v -4.12379313 -0.310485005 1.470245
v -4.12154293 -0.31181401 1.47037601
v -4.12379313 -0.311013013 1.45961905
v -4.12154293 -0.312348992 1.45961905
v -4.12565708 -0.309367001 1.47013497
v -4.12565708 -0.309890002 1.45961905
v -4.11927414 -0.313145012 1.47050703
v -4.11927414 -0.313686997 1.45961905
v -4.11164522 -0.313722998 1.43751299
v -4.09982491 -0.313888013 1.43747997
v -4.09982491 -0.315526009 1.44849598
v -4.11164522 -0.315358996 1.44851303
v -4.11614895 -0.314972997 1.44855106
v -4.11614895 -0.313342988 1.43758798
v -4.11735392 -0.314267993 1.44861996
v -4.11735392 -0.312647998 1.43772602
v -4.11614895 -0.310653001 1.42683601
v -4.11164522 -0.311024994 1.426723
v -4.11614895 -0.306926012 1.41639996
v -4.11164522 -0.307285011 1.41625202
v -4.11735392 -0.309976012 1.42704201
v -4.11735392 -0.306272 1.41667104
v -4.09982491 -0.311185986 1.42667496
v -4.09982491 -0.307440013 1.41618705
v -4.12154293 -0.310229987 1.43820703
v -4.11927414 -0.311542004 1.43794596
v -4.11927414 -0.313145012 1.44873095
v -4.12154293 -0.31181401 1.44886196
v -4.12379313 -0.310485005 1.44899297
v -4.12379313 -0.308919996 1.43846798
v -4.12565708 -0.309367001 1.449103
v -4.12565708 -0.307817996 1.43868697
v -4.12379313 -0.306338012 1.42814505
v -4.12154293 -0.307615995 1.42775798
v -4.12379313 -0.302760005 1.41812599
v -4.12154293 -0.303994 1.41761506
v -4.12565708 -0.305263013 1.42847097
v -4.12565708 -0.30172199 1.41855597
v -4.11927414 -0.308896005 1.427369
v -4.11927414 -0.305229992 1.41710305
v -4.11164522 -0.296804011 1.39666498
v -4.09982491 -0.296943009 1.39657199
v -4.09982491 -0.302673012 1.40612304
v -4.11164522 -0.302525014 1.40620196
v -4.11614895 -0.302181989 1.40638494
v -4.11614895 -0.296481013 1.39688098
v -4.11735392 -0.301557988 1.40671897
v -4.11735392 -0.295892 1.39727402
v -4.11614895 -0.289882004 1.38797605
v -4.11164522 -0.290181994 1.38773
v -4.11614895 -0.282445014 1.37976098
v -4.11164522 -0.282718986 1.37948704
v -4.11735392 -0.289335012 1.38842595
v -4.11735392 -0.281944007 1.38026202
v -4.09982491 -0.290311992 1.38762403
v -4.09982491 -0.282837987 1.37936795
v -4.12154293 -0.293841988 1.39864397
v -4.11927414 -0.294954002 1.39790106
v -4.11927414 -0.300563008 1.407251
v -4.12154293 -0.299383014 1.40788102
v -4.12379313 -0.298204988 1.40851104
v -4.12379313 -0.292730987 1.39938605
v -4.12565708 -0.297215015 1.40904105
v -4.12565708 -0.291797996 1.40000999
v -4.12379313 -0.286395997 1.39083695
v -4.12154293 -0.287429005 1.38998997
v -4.12379313 -0.279255986 1.38294995
v -4.12154293 -0.280200988 1.38200498
v -4.12565708 -0.285528004 1.39154994
v -4.12565708 -0.278461993 1.383744
v -4.11927414 -0.288462996 1.38914096
v -4.11927414 -0.28114599 1.38106
v -4.11164522 -0.265540987 1.36540198
v -4.09982491 -0.265634 1.36526203
v -4.09982491 -0.274581999 1.371894
v -4.11164522 -0.274475992 1.37202406
v -4.11614895 -0.274230003 1.37232399
v -4.11614895 -0.26532501 1.36572504
v -4.11735392 -0.273779988 1.37287104
v -4.11735392 -0.264932007 1.36631405
v -4.11614895 -0.25582099 1.36002398
v -4.11164522 -0.256004006 1.35968101
v -4.11614895 -0.245805994 1.35528004
v -4.11164522 -0.245954007 1.35492098
v -4.11735392 -0.255486995 1.36064804
v -4.11735392 -0.245535001 1.35593402
v -4.09982491 -0.256083012 1.35953295
v -4.09982491 -0.246019006 1.35476601
v -4.12154293 -0.263561994 1.36836398
v -4.11927414 -0.264304996 1.36725199
v -4.11927414 -0.273065001 1.37374306
v -4.12154293 -0.272215992 1.37477696
v -4.12379313 -0.27136901 1.37581003
v -4.12379313 -0.262820005 1.36947501
v -4.12565708 -0.27065599 1.37667799
v -4.12565708 -0.262196004 1.37040901
v -4.12379313 -0.253695011 1.36400104
v -4.12154293 -0.254325002 1.36282301
v -4.12379313 -0.244080007 1.35944605
v -4.12154293 -0.244590998 1.35821199
v -4.12565708 -0.253165007 1.36499202
v -4.12565708 -0.243650004 1.360484
v -4.11927414 -0.254954994 1.36164296
v -4.11927414 -0.245103002 1.35697603
v -4.11164522 -0.224693 1.34848297
v -4.09982491 -0.224726006 1.34831798
v -4.09982491 -0.235531002 1.35101998
v -4.11164522 -0.235482007 1.35118103
v -4.11614895 -0.235369995 1.35155201
v -4.11614895 -0.224618003 1.34886301
v -4.11735392 -0.235164002 1.35222995
v -4.11735392 -0.224480003 1.349558
v -4.11614895 -0.213654995 1.34723306
v -4.11164522 -0.213692993 1.34684706
v -4.11614895 -0.202586994 1.34668303
v -4.11164522 -0.202586994 1.346295
v -4.11735392 -0.213586003 1.34793794
v -4.11735392 -0.202586994 1.34739101
v -4.09982491 -0.213709995 1.34668005
v -4.09982491 -0.202586994 1.34612703
v -4.12154293 -0.223998994 1.35197604
v -4.11927414 -0.224260002 1.35066402
v -4.11927414 -0.234836996 1.35330999
v -4.12154293 -0.234448001 1.35459006
v -4.12379313 -0.234061003 1.35586798
v -4.12379313 -0.223738 1.35328698
v -4.12565708 -0.233734995 1.35694301
v -4.12565708 -0.223518997 1.354388
v -4.12379313 -0.213212997 1.35172105
v -4.12154293 -0.213343993 1.35039198
v -4.12379313 -0.202586994 1.35119295
v -4.12154293 -0.202586994 1.34985697
v -4.12565708 -0.213102996 1.35283899
v -4.12565708 -0.202586994 1.35231602
v -4.11927414 -0.213475004 1.34906101
v -4.11927414 -0.202586994 1.34851897
v -4.11164522 -0.180481002 1.34848297
v -4.09982491 -0.180447996 1.34831798
v -4.09982491 -0.191465005 1.34668005
v -4.11164522 -0.191480994 1.34684706
v -4.11614895 -0.191519007 1.34723306
v -4.11614895 -0.180555999 1.34886301
v -4.11735392 -0.191588998 1.34793794
v -4.11735392 -0.180694997 1.349558
v -4.11614895 -0.169804007 1.35155201
v -4.11164522 -0.169691995 1.35118103
v -4.11614895 -0.159367993 1.35527897
v -4.11164522 -0.159219995 1.35492098
v -4.11735392 -0.17001 1.35222995
v -4.11735392 -0.159639001 1.35593402
v -4.09982491 -0.169643 1.35101998
v -4.09982491 -0.159154996 1.35476601
v -4.12154293 -0.181176007 1.35197604
v -4.11927414 -0.180914998 1.35066402
v -4.11927414 -0.191698998 1.34906101
v -4.12154293 -0.191829994 1.35039198
v -4.12379313 -0.191961005 1.35172105
v -4.12379313 -0.181436002 1.35328603
v -4.12565708 -0.192071006 1.35283899
v -4.12565708 -0.181655005 1.354388
v -4.12379313 -0.171113998 1.35586798
v -4.12154293 -0.170726001 1.35459006
v -4.12379313 -0.161093995 1.35944605
v -4.12154293 -0.160583004 1.35821199
v -4.12565708 -0.171440005 1.35694301
v -4.12565708 -0.161523998 1.360484
v -4.11927414 -0.170337006 1.35330999
v -4.11927414 -0.160071 1.35697603
v -4.11164522 -0.139633998 1.36540198
v -4.09982491 -0.139540002 1.36526203
v -4.09982491 -0.149091005 1.35953295
v -4.11164522 -0.149170995 1.35968101
v -4.11614895 -0.149352998 1.36002302
v -4.11614895 -0.139849007 1.36572504
v -4.11735392 -0.149687007 1.36064804
v -4.11735392 -0.140242994 1.36631298
v -4.11614895 -0.130944997 1.37232399
v -4.11164522 -0.130698994 1.37202406
v -4.11614895 -0.122729003 1.37976098
v -4.11164522 -0.122455001 1.37948704
v -4.11735392 -0.131393999 1.37287104
v -4.11735392 -0.123230003 1.38026202
v -4.09982491 -0.130592003 1.371894
v -4.09982491 -0.122336 1.37936795
v -4.12154293 -0.141611993 1.36836398
v -4.11927414 -0.140869007 1.36725199
v -4.11927414 -0.150218993 1.36164296
v -4.12154293 -0.150849998 1.36282301
v -4.12379313 -0.151479006 1.36400104
v -4.12379313 -0.142354995 1.36947501
v -4.12565708 -0.152008995 1.36499202
v -4.12565708 -0.142978996 1.37040806
v -4.12379313 -0.133806005 1.37581003
v -4.12154293 -0.132957995 1.37477696
v -4.12379313 -0.125918001 1.38294995
v -4.12154293 -0.124973997 1.38200498
v -4.12565708 -0.134517998 1.37667799
v -4.12565708 -0.126712993 1.383744
v -4.11927414 -0.13211 1.37374306
v -4.11927414 -0.124027997 1.38105905
v -4.11164522 -0.108370997 1.39666498
v -4.09982491 -0.108231001 1.39657199
v -4.09982491 -0.114862002 1.38762403
v -4.11164522 -0.114992 1.38773
v -4.11614895 -0.115291998 1.38797605
v -4.11614895 -0.108693004 1.39688098
v -4.11735392 -0.115838997 1.38842595
v -4.11735392 -0.109282002 1.39727402
v -4.11614895 -0.102991998 1.40638494
v -4.11164522 -0.102650002 1.40620196
v -4.11614895 -0.0982479975 1.41639996
v -4.11164522 -0.0978889987 1.41625202
v -4.11735392 -0.103615999 1.40671897
v -4.11735392 -0.098902002 1.41667104
v -4.09982491 -0.102500997 1.40612304
v -4.09982491 -0.0977339968 1.41618705
v -4.12154293 -0.111331999 1.39864397
v -4.11927414 -0.11022 1.39790106
v -4.11927414 -0.116711996 1.38914096
v -4.12154293 -0.117746003 1.38998997
v -4.12379313 -0.118777998 1.39083695
v -4.12379313 -0.112443 1.39938605
v -4.12565708 -0.119647004 1.39154994
v -4.12565708 -0.113376997 1.40000999
v -4.12379313 -0.106968999 1.40851104
v -4.12154293 -0.105791003 1.40788102
v -4.12379313 -0.102413997 1.41812599
v -4.12154293 -0.101180002 1.41761506
v -4.12565708 -0.107960001 1.40904105
v -4.12565708 -0.103451997 1.41855597
v -4.11927414 -0.104611002 1.407251
v -4.11927414 -0.0999440029 1.41710305
v -4.11164522 -0.0914509967 1.43751299
v -4.09982491 -0.0912860036 1.43747997
v -4.09982491 -0.0939889997 1.42667496
v -4.11164522 -0.0941490009 1.42672396
v -4.11614895 -0.094521001 1.42683601
v -4.11614895 -0.091831997 1.43758798
v -4.11735392 -0.095197998 1.42704201
v -4.11735392 -0.0925260037 1.43772602
v -4.11614895 -0.0902009979 1.44855106
v -4.11164522 -0.0898149982 1.44851303
v -4.11614895 -0.0896510035 1.45961905
v -4.11164522 -0.0892629996 1.45961905
v -4.11735392 -0.0909060016 1.44861996
v -4.11735392 -0.0903590024 1.45961905
v -4.09982491 -0.0896480009 1.44849598
v -4.09982491 -0.0890949965 1.45961905
v -4.12154293 -0.0949440002 1.43820703
v -4.11927414 -0.0936330035 1.43794596
v -4.11927414 -0.0962779969 1.427369
v -4.12154293 -0.0975579992 1.42775798
v -4.12379313 -0.0988359973 1.42814505
v -4.12379313 -0.096254997 1.43846798
v -4.12565708 -0.0999109969 1.42847097
v -4.12565708 -0.0973559991 1.43868697
v -4.12379313 -0.0946889967 1.44899297
v -4.12154293 -0.0933599994 1.44886196
v -4.12379313 -0.0941609964 1.45961905
v -4.12154293 -0.092825003 1.45961905
v -4.12565708 -0.095807001 1.449103
v -4.12565708 -0.095284 1.45961905
v -4.11927414 -0.0920289978 1.44873095
v -4.11927414 -0.0914869979 1.45961905
v -4.11164522 -0.0914509967 1.48172498
v -4.09982491 -0.0912860036 1.481758
v -4.09982491 -0.0896480009 1.47074199
v -4.11164522 -0.0898149982 1.47072506
v -4.11614895 -0.0902009979 1.47068703
v -4.11614895 -0.091831997 1.48164999
v -4.11735392 -0.0909060016 1.47061801
v -4.11735392 -0.0925260037 1.481511
v -4.11614895 -0.094521001 1.49240196
v -4.11164522 -0.0941490009 1.49251401
v -4.11614895 -0.0982479975 1.50283802
v -4.11164522 -0.0978889987 1.50298595
v -4.11735392 -0.095197998 1.49219596
v -4.11735392 -0.098902002 1.50256705
v -4.09982491 -0.0939889997 1.49256301
v -4.09982491 -0.0977339968 1.50305104
v -4.12154293 -0.0949440002 1.48102999
v -4.11927414 -0.0936330035 1.48129106
v -4.11927414 -0.0920289978 1.47050703
v -4.12154293 -0.0933599994 1.47037601
v -4.12379313 -0.0946889967 1.470245
v -4.12379313 -0.096254997 1.48076999
v -4.12565708 -0.095807001 1.47013497
v -4.12565708 -0.0973559991 1.480551
v -4.12379313 -0.0988359973 1.49109304
v -4.12154293 -0.0975579992 1.49147999
v -4.12379313 -0.102415003 1.50111198
v -4.12154293 -0.101180002 1.50162303
v -4.12565708 -0.0999109969 1.490767
v -4.12565708 -0.103451997 1.500682
v -4.11927414 -0.0962779969 1.49186802
v -4.11927414 -0.0999440029 1.50213504
v -4.12154293 -0.111331999 1.520594
v -4.12379313 -0.112443 1.51985097
v -4.12379313 -0.118777998 1.52839994
v -4.12154293 -0.117746003 1.529248
v -4.12565708 -0.113376997 1.51922798
v -4.12565708 -0.119647004 1.52768803
v -4.11927414 -0.116711996 1.53009701
v -4.11927414 -0.11022 1.52133703
v -4.11735392 -0.115840003 1.53081203
v -4.11735392 -0.109282002 1.52196395
v -4.11927414 -0.104611002 1.51198697
v -4.12154293 -0.105791003 1.511356
v -4.11735392 -0.103615999 1.512519
v -4.12379313 -0.106968999 1.51072705
v -4.12565708 -0.107960001 1.51019704
v -4.11164522 -0.108370997 1.52257204
v -4.11614895 -0.108693004 1.52235699
v -4.11614895 -0.115291998 1.53126097
v -4.11164522 -0.114992 1.53150702
v -4.09982491 -0.114862002 1.53161395
v -4.09982491 -0.108231001 1.52266598
v -4.09982491 -0.102500997 1.51311505
v -4.11164522 -0.102650002 1.51303601
v -4.11614895 -0.102991998 1.51285303
v -4.12731504 -0.143580005 1.54793
v -4.12676811 -0.143367007 1.54824805
v -4.12676811 -0.134962007 1.54201901
v -4.127316 -0.135205001 1.54172301
v -4.12676811 -0.127206996 1.53499806
v -4.12731504 -0.127478004 1.53472805
v -4.12748623 -0.135313004 1.54159105
v -4.12748623 -0.143674001 1.54778802
v -4.12746906 -0.135353997 1.54154205
v -4.12746906 -0.143710002 1.54773402
v -4.12748623 -0.127598003 1.53460801
v -4.12746906 -0.127644002 1.53456199
v -4.12748623 -0.152599007 1.55314195
v -4.127316 -0.152519003 1.55329204
v -4.12748623 -0.162002996 1.55759597
v -4.12731504 -0.161937997 1.55775404
v -4.12746906 -0.152630001 1.55308497
v -4.12746906 -0.162028 1.55753696
v -4.12676811 -0.152338997 1.55362904
v -4.12676811 -0.161791995 1.55810702
v -4.12731504 -0.181866005 1.56378901
v -4.12676811 -0.181792006 1.56416297
v -4.12676811 -0.171643004 1.561625
v -4.127316 -0.171754003 1.56125903
v -4.12748623 -0.171802998 1.56109595
v -4.12748623 -0.181899995 1.563622
v -4.12746906 -0.171821997 1.56103504
v -4.12746906 -0.181912005 1.56355798
v -4.12748623 -0.192194 1.56515205
v -4.127316 -0.192176998 1.56532204
v -4.12748623 -0.202586994 1.56566894
v -4.12731504 -0.202586994 1.56584001
v -4.12746906 -0.192200005 1.56508803
v -4.12746906 -0.202586994 1.56560504
v -4.12676811 -0.192139998 1.56570196
v -4.12676811 -0.202586994 1.56622195
v -4.12731504 -0.223307997 1.56378901
v -4.12676811 -0.223381996 1.56416297
v -4.12676811 -0.213034004 1.56570196
v -4.127316 -0.212997004 1.56532204
v -4.12748623 -0.212980002 1.56515205
v -4.12748623 -0.223275006 1.563622
v -4.12746906 -0.212973997 1.56508803
v -4.12746906 -0.223261997 1.56355798
v -4.12748623 -0.233371004 1.56109595
v -4.127316 -0.233419999 1.56125998
v -4.12748623 -0.243171006 1.55759597
v -4.12731504 -0.243236005 1.55775404
v -4.12746906 -0.233352005 1.56103504
v -4.12746906 -0.243146002 1.55753696
v -4.12676811 -0.233530998 1.561625
v -4.12676811 -0.243382007 1.55810702
v -4.12731504 -0.261595011 1.54793
v -4.12676811 -0.261806995 1.54824698
v -4.12676811 -0.252835989 1.55362904
v -4.127316 -0.252654999 1.55329204
v -4.12748623 -0.25257501 1.55314195
v -4.12748623 -0.261500001 1.54778802
v -4.12746906 -0.252544999 1.55308497
v -4.12746906 -0.261464 1.54773402
v -4.12748623 -0.269861996 1.54159105
v -4.127316 -0.26997 1.54172301
v -4.12748623 -0.277575999 1.53460801
v -4.12731504 -0.277696013 1.53472805
v -4.12746906 -0.269820988 1.54154205
v -4.12746906 -0.277530015 1.53456199
v -4.12676811 -0.270211995 1.54201806
v -4.12676811 -0.277967006 1.53499806
v -4.12731504 -0.290897995 1.51862597
v -4.12676811 -0.291215986 1.518839
v -4.12676811 -0.284987003 1.52724397
v -4.127316 -0.284691006 1.52700102
v -4.12748623 -0.284559995 1.52689302
v -4.12748623 -0.290755987 1.51853204
v -4.12746906 -0.284509987 1.52685201
v -4.12746906 -0.290702999 1.51849604
v -4.12748623 -0.296110004 1.50960696
v -4.127316 -0.296259999 1.50968695
v -4.12748623 -0.300565004 1.50020301
v -4.12731504 -0.300722003 1.50026798
v -4.12746906 -0.296052992 1.50957596
v -4.12746906 -0.300505012 1.50017798
v -4.12676811 -0.296597004 1.50986695
v -4.12676811 -0.301075011 1.50041401
v -4.12731504 -0.306757003 1.48033905
v -4.12676811 -0.307132006 1.48041403
v -4.12676811 -0.304592997 1.49056304
v -4.127316 -0.304228008 1.49045205
v -4.12748623 -0.304064989 1.49040306
v -4.12748623 -0.306589991 1.48030603
v -4.12746906 -0.304003 1.49038398
v -4.12746906 -0.306526989 1.48029399
v -4.12748623 -0.308120996 1.47001195
v -4.127316 -0.308290005 1.470029
v -4.12748623 -0.308636993 1.45961905
v -4.12731504 -0.308807999 1.45961905
v -4.12746906 -0.30805701 1.47000599
v -4.12746906 -0.308573008 1.45961905
v -4.12676811 -0.308670014 1.47006595
v -4.12676811 -0.309190005 1.45961905
v -4.12731504 -0.306757003 1.43889797
v -4.12676811 -0.307132006 1.43882406
v -4.12676811 -0.308670014 1.44917202
v -4.127316 -0.308290005 1.44920897
v -4.12748623 -0.308120996 1.44922602
v -4.12748623 -0.306589991 1.43893099
v -4.12746906 -0.30805701 1.44923198
v -4.12746906 -0.306526989 1.43894398
v -4.12748623 -0.304064989 1.42883503
v -4.127316 -0.304228008 1.42878604
v -4.12748623 -0.300565004 1.41903496
v -4.12731504 -0.300722003 1.41896999
v -4.12746906 -0.304003 1.42885399
v -4.12746906 -0.300505012 1.41905999
v -4.12676811 -0.304592997 1.42867506
v -4.12676811 -0.301075011 1.41882396
v -4.12731504 -0.290897995 1.40061104
v -4.12676811 -0.291215986 1.40039897
v -4.12676811 -0.296597004 1.40937102
v -4.127316 -0.296259999 1.40955102
v -4.12748623 -0.296110004 1.40963101
v -4.12748623 -0.290755987 1.40070605
v -4.12746906 -0.296052992 1.40966105
v -4.12746906 -0.290702999 1.40074205
v -4.12748623 -0.284559995 1.392344
v -4.127316 -0.284691006 1.39223599
v -4.12748623 -0.277575999 1.38462996
v -4.12731504 -0.277696997 1.38450897
v -4.12746906 -0.284509987 1.39238501
v -4.12746906 -0.277530015 1.38467598
v -4.12676811 -0.284987003 1.391994
v -4.12676811 -0.277967006 1.38423896
v -4.12731504 -0.261595011 1.37130797
v -4.12676811 -0.261806995 1.37099004
v -4.12676811 -0.270211995 1.37721896
v -4.127316 -0.26997 1.37751496
v -4.12748623 -0.269861996 1.37764597
v -4.12748623 -0.261500001 1.37144995
v -4.12746906 -0.269820988 1.37769604
v -4.12746906 -0.261464 1.371503
v -4.12748623 -0.25257501 1.36609602
v -4.127316 -0.252654999 1.36594605
v -4.12748623 -0.243171006 1.36164105
v -4.12731504 -0.243236005 1.36148405
v -4.12746906 -0.252544999 1.366153
v -4.12746906 -0.243146002 1.36170101
v -4.12676811 -0.252835989 1.36560905
v -4.12676811 -0.243382007 1.36113095
v -4.12731504 -0.223307997 1.35544896
v -4.12676811 -0.223381996 1.35507405
v -4.12676811 -0.233530998 1.35761297
v -4.127316 -0.233419999 1.35797799
v -4.12748623 -0.233371004 1.35814095
v -4.12748623 -0.223275006 1.35561597
v -4.12746906 -0.233352005 1.35820305
v -4.12746906 -0.223261997 1.35567999
v -4.12748623 -0.212980002 1.35408497
v -4.127316 -0.212997004 1.35391605
v -4.12748623 -0.202586994 1.35356903
v -4.12731504 -0.202586994 1.35339797
v -4.12746906 -0.212973997 1.35415006
v -4.12746906 -0.202586994 1.35363305
v -4.12676811 -0.213034004 1.35353601
v -4.12676811 -0.202586994 1.35301602
v -4.12731504 -0.181866005 1.35544896
v -4.12676811 -0.181792006 1.35507405
v -4.12676811 -0.192139998 1.35353601
v -4.127316 -0.192176998 1.35391605
v -4.12748623 -0.192194 1.35408497
v -4.12748623 -0.181899995 1.35561597
v -4.12746906 -0.192200005 1.35415006
v -4.12746906 -0.181912005 1.35567999
v -4.12748623 -0.171802998 1.35814095
v -4.127316 -0.171754003 1.35797799
v -4.12748623 -0.162002996 1.36164105
v -4.12731504 -0.161937997 1.36148405
v -4.12746906 -0.171821997 1.35820305
v -4.12746906 -0.162028 1.36170101
v -4.12676811 -0.171643004 1.35761297
v -4.12676811 -0.161791995 1.36113095
v -4.12731504 -0.143580005 1.37130797
v -4.12676811 -0.143367007 1.37099004
v -4.12676811 -0.152338997 1.36560905
v -4.127316 -0.152519003 1.36594605
v -4.12748623 -0.152599007 1.36609602
v -4.12748623 -0.143674001 1.37144995
v -4.12746906 -0.152629003 1.366153
v -4.12746906 -0.143710002 1.371503
v -4.12748623 -0.135313004 1.37764597
v -4.127316 -0.135205001 1.37751496
v -4.12748623 -0.127598003 1.38462996
v -4.12731504 -0.127478004 1.38450897
v -4.12746906 -0.135353997 1.37769604
v -4.12746906 -0.127644002 1.38467598
v -4.12676811 -0.134962007 1.37721896
v -4.12676811 -0.127206996 1.38423896
v -4.12731504 -0.114275999 1.40061104
v -4.12676811 -0.113958001 1.40039897
v -4.12676811 -0.120186999 1.391994
v -4.127316 -0.120483004 1.39223599
v -4.12748623 -0.120614998 1.392344
v -4.12748623 -0.114418 1.40070605
v -4.12746906 -0.120664001 1.39238501
v -4.12746906 -0.114471003 1.40074205
v -4.12748623 -0.109063998 1.40963101
v -4.127316 -0.108914003 1.40955102
v -4.12748623 -0.104608998 1.41903496
v -4.12731504 -0.104451999 1.41896999
v -4.12746906 -0.109121002 1.40966105
v -4.12746906 -0.104668997 1.41905999
v -4.12676811 -0.108576998 1.40936995
v -4.12676811 -0.104098998 1.41882396
v -4.12731504 -0.098416999 1.43889797
v -4.12676811 -0.0980430022 1.43882406
v -4.12676811 -0.100580998 1.42867506
v -4.127316 -0.100946002 1.42878604
v -4.12748623 -0.101108998 1.42883503
v -4.12748623 -0.0985839963 1.43893099
v -4.12746906 -0.101171002 1.42885399
v -4.12746906 -0.0986479968 1.43894398
v -4.12748623 -0.0970539972 1.44922602
v -4.127316 -0.0968839973 1.44920897
v -4.12748623 -0.0965370014 1.45961905
v -4.12731504 -0.0963660032 1.45961905
v -4.12746906 -0.0971179977 1.44923198
v -4.12746906 -0.0966010019 1.45961905
v -4.12676811 -0.0965040028 1.44917202
v -4.12676811 -0.095983997 1.45961905
v -4.12731504 -0.098416999 1.48034
v -4.12676811 -0.0980430022 1.48041403
v -4.12676811 -0.0965040028 1.47006595
v -4.127316 -0.0968839973 1.470029
v -4.12748623 -0.0970539972 1.47001195
v -4.12748623 -0.0985839963 1.48030698
v -4.12746906 -0.0971179977 1.47000599
v -4.12746906 -0.0986479968 1.48029399
v -4.12748623 -0.101109996 1.49040306
v -4.127316 -0.100947 1.490453
v -4.12748623 -0.104608998 1.50020301
v -4.12731504 -0.104451999 1.50026798
v -4.12746906 -0.101171002 1.49038398
v -4.12746906 -0.104668997 1.50017798
v -4.12676811 -0.100580998 1.49056304
v -4.12676811 -0.104098998 1.50041401
v -4.12731504 -0.114275999 1.51862597
v -4.12676811 -0.113959 1.518839
v -4.12676811 -0.108576998 1.50986695
v -4.127316 -0.108914003 1.50968695
v -4.12748623 -0.109063998 1.50960696
v -4.12748623 -0.114418 1.51853204
v -4.12746906 -0.109121002 1.50957704
v -4.12746906 -0.114471003 1.51849604
v -4.12748623 -0.120614998 1.52689302
v -4.127316 -0.120483004 1.52700102
v -4.12746906 -0.120664001 1.52685201
v -4.12676811 -0.120186999 1.52724397
v -4.12287283 -0.150729001 1.53723001
v -4.12287283 -0.143369004 1.531775
v -4.12381411 -0.143369004 1.531775
v -4.12381411 -0.150729001 1.53723001
v -4.12409306 -0.143369004 1.531775
v -4.12409306 -0.150729001 1.53723001
v -4.12287283 -0.136577994 1.52562797
v -4.12381411 -0.136577994 1.52562797
v -4.12409306 -0.136577994 1.52562797
v -4.12381411 -0.158584997 1.54194295
v -4.12287283 -0.158584997 1.54194295
v -4.12381411 -0.166862994 1.54586399
v -4.12287283 -0.166862994 1.54586399
v -4.12409306 -0.158584997 1.54194295
v -4.12409306 -0.166862994 1.54586399
v -4.12060785 -0.158584997 1.54194295
v -4.12060785 -0.150729001 1.53723001
v -4.1163559 -0.158584997 1.54194295
v -4.1163559 -0.150729001 1.53723001
v -4.12060785 -0.166862994 1.54586399
v -4.1163559 -0.166862994 1.54586399
v -4.12060785 -0.143369004 1.531775
v -4.12060785 -0.136577994 1.52562797
v -4.1163559 -0.143369004 1.531775
v -4.1163559 -0.136577994 1.52562797
v -4.10057116 -0.150729001 1.53723001
v -4.10057116 -0.143369004 1.531775
v -4.10945702 -0.143369004 1.531775
v -4.10945702 -0.150729001 1.53723001
v -4.10057116 -0.136577994 1.52562797
v -4.10945702 -0.136577994 1.52562797
v -4.10945702 -0.158584997 1.54194295
v -4.10057116 -0.158584997 1.54194295
v -4.10945702 -0.166862994 1.54586399
v -4.10057116 -0.166862994 1.54586399
v -4.09036112 -0.158584997 1.54194295
v -4.09036112 -0.150729001 1.53723001
v -4.0794878 -0.158584997 1.54194295
v -4.0794878 -0.150729001 1.53723001
v -4.09036112 -0.166862994 1.54586399
v -4.0794878 -0.166862994 1.54586399
v -4.09036112 -0.143369004 1.531775
v -4.09036112 -0.136577994 1.52562797
v -4.0794878 -0.143369004 1.531775
v -4.0794878 -0.136577994 1.52562797
v -4.12287283 -0.184377 1.55116701
v -4.12287283 -0.175490007 1.54894495
v -4.12381411 -0.175490007 1.54894495
v -4.12381411 -0.184377 1.55116701
v -4.12409306 -0.175490007 1.54894495
v -4.12409306 -0.184377 1.55116701
v -4.12381411 -0.193439007 1.55251503
v -4.12287283 -0.193439007 1.55251503
v -4.12381411 -0.202586994 1.55297005
v -4.12287283 -0.202586994 1.55297005
v -4.12409306 -0.193439007 1.55251503
v -4.12409306 -0.202586994 1.55297005
v -4.12060785 -0.193439007 1.55251503
v -4.12060785 -0.184377 1.55116701
v -4.1163559 -0.193439007 1.55251503
v -4.1163559 -0.184377 1.55116701
v -4.12060785 -0.202586994 1.55297005
v -4.1163559 -0.202586994 1.55297005
v -4.12060785 -0.175490007 1.54894495
v -4.1163559 -0.175490007 1.54894495
v -4.10057116 -0.184377 1.55116701
v -4.10057116 -0.175490007 1.54894495
v -4.10945702 -0.175490007 1.54894495
v -4.10945702 -0.184377 1.55116701
v -4.10945702 -0.193439007 1.55251503
v -4.10057116 -0.193439007 1.55251503
v -4.10945702 -0.202586994 1.55297005
v -4.10057116 -0.202586994 1.55297005
v -4.09036112 -0.193439007 1.55251503
v -4.09036112 -0.184377 1.55116701
v -4.0794878 -0.193439007 1.55251503
v -4.0794878 -0.184377 1.55116701
v -4.09036112 -0.202586994 1.55297005
v -4.0794878 -0.202586994 1.55297005
v -4.09036112 -0.175490007 1.54894495
v -4.0794878 -0.175490007 1.54894495
v -4.12287283 -0.220797002 1.55116701
v -4.12287283 -0.211735994 1.55251503
v -4.12381411 -0.211735994 1.55251503
v -4.12381411 -0.220797002 1.55116701
v -4.12409306 -0.211735994 1.55251503
v -4.12409306 -0.220797002 1.55116701
v -4.12381411 -0.229684994 1.54894495
v -4.12287283 -0.229684994 1.54894495
v -4.12381411 -0.238310993 1.54586399
v -4.12287283 -0.238310993 1.54586399
v -4.12409306 -0.229684994 1.54894495
v -4.12409306 -0.238310993 1.54586399
v -4.12060785 -0.229684994 1.54894495
v -4.12060785 -0.220797002 1.55116701
v -4.1163559 -0.229684994 1.54894495
v -4.1163559 -0.220797002 1.55116701
v -4.12060785 -0.238310993 1.54586399
v -4.1163559 -0.238310993 1.54586399
v -4.12060785 -0.211735994 1.55251503
v -4.1163559 -0.211735994 1.55251503
v -4.10057116 -0.220797002 1.55116701
v -4.10057116 -0.211735994 1.55251503
v -4.10945702 -0.211735994 1.55251503
v -4.10945702 -0.220797002 1.55116701
v -4.10945702 -0.229684994 1.54894495
v -4.10057116 -0.229684994 1.54894495
v -4.10945702 -0.238310993 1.54586399
v -4.10057116 -0.238310993 1.54586399
v -4.09036112 -0.229684994 1.54894495
v -4.09036112 -0.220797002 1.55116701
v -4.0794878 -0.229684994 1.54894495
v -4.0794878 -0.220797002 1.55116701
v -4.09036112 -0.238310993 1.54586399
v -4.0794878 -0.238310993 1.54586399
v -4.09036112 -0.211735994 1.55251503
v -4.0794878 -0.211735994 1.55251503
v -4.12287283 -0.254444987 1.53723001
v -4.12287283 -0.246589005 1.54194295
v -4.12381411 -0.246589005 1.54194295
v -4.12381411 -0.254444987 1.53723001
v -4.12409306 -0.246589005 1.54194295
v -4.12409306 -0.254444987 1.53723001
v -4.12381411 -0.261806011 1.531775
v -4.12287283 -0.261806011 1.531775
v -4.12381411 -0.268595994 1.52562797
v -4.12287283 -0.268595994 1.52562797
v -4.12409306 -0.261806011 1.531775
v -4.12409306 -0.268595994 1.52562797
v -4.12060785 -0.261806011 1.531775
v -4.12060785 -0.254444987 1.53723001
v -4.1163559 -0.261806011 1.531775
v -4.1163559 -0.254444987 1.53723001
v -4.12060785 -0.268595994 1.52562797
v -4.1163559 -0.268595994 1.52562797
v -4.12060785 -0.246589005 1.54194295
v -4.1163559 -0.246589005 1.54194295
v -4.10057116 -0.254444987 1.53723001
v -4.10057116 -0.246589005 1.54194295
v -4.10945702 -0.246589005 1.54194295
v -4.10945702 -0.254444987 1.53723001
v -4.10945702 -0.261806011 1.531775
v -4.10057116 -0.261806011 1.531775
v -4.10945702 -0.268595994 1.52562797
v -4.10057116 -0.268595994 1.52562797
v -4.09036112 -0.261806011 1.531775
v -4.09036112 -0.254444987 1.53723001
v -4.0794878 -0.261806011 1.531775
v -4.0794878 -0.254444987 1.53723001
v -4.09036112 -0.268595994 1.52562797
v -4.0794878 -0.268595994 1.52562797
v -4.09036112 -0.246589005 1.54194295
v -4.0794878 -0.246589005 1.54194295
v -4.12287283 -0.280198008 1.51147699
v -4.12287283 -0.274744004 1.51883698
v -4.12381411 -0.274744004 1.51883698
v -4.12381411 -0.280198008 1.51147699
v -4.12409306 -0.274744004 1.51883698
v -4.12409306 -0.280198008 1.51147699
v -4.12381411 -0.284911007 1.50362098
v -4.12287283 -0.284911007 1.50362098
v -4.12381411 -0.288832009 1.49534297
v -4.12287283 -0.288832009 1.49534297
v -4.12409306 -0.284911007 1.50362098
v -4.12409306 -0.288832009 1.49534297
v -4.12060785 -0.284911007 1.50362098
v -4.12060785 -0.280198008 1.51147699
v -4.1163559 -0.284911007 1.50362098
v -4.1163559 -0.280198008 1.51147699
v -4.12060785 -0.288832009 1.49534297
v -4.1163559 -0.288832009 1.49534297
v -4.12060785 -0.274744004 1.51883698
v -4.1163559 -0.274744004 1.51883698
v -4.10057116 -0.280198008 1.51147699
v -4.10057116 -0.274744004 1.51883698
v -4.10945702 -0.274744004 1.51883698
v -4.10945702 -0.280198008 1.51147699
v -4.10945702 -0.284911007 1.50362098
v -4.10057116 -0.284911007 1.50362098
v -4.10945702 -0.288832009 1.49534297
v -4.10057116 -0.288832009 1.49534297
v -4.09036112 -0.284911007 1.50362098
v -4.09036112 -0.280198008 1.51147699
v -4.0794878 -0.284911007 1.50362098
v -4.0794878 -0.280198008 1.51147699
v -4.09036112 -0.288832009 1.49534297
v -4.0794878 -0.288832009 1.49534297
v -4.09036112 -0.274744004 1.51883698
v -4.0794878 -0.274744004 1.51883698
v -4.12287283 -0.294135988 1.47782898
v -4.12287283 -0.291913003 1.48671603
v -4.12381411 -0.291913003 1.48671603
v -4.12381411 -0.294135988 1.47782898
v -4.12409306 -0.291913003 1.48671699
v -4.12409306 -0.294135988 1.47782898
v -4.12381411 -0.295482993 1.46876705
v -4.12287283 -0.295482993 1.46876705
v -4.12381411 -0.295937985 1.45961905
v -4.12287283 -0.295937985 1.45961905
v -4.12409306 -0.295482993 1.46876705
v -4.12409306 -0.295937985 1.45961905
v -4.12060785 -0.295482993 1.46876705
v -4.12060785 -0.294135988 1.47782898
v -4.1163559 -0.295482993 1.46876705
v -4.1163559 -0.294135988 1.47782898
v -4.12060785 -0.295937985 1.45961905
v -4.1163559 -0.295937985 1.45961905
v -4.12060785 -0.291913003 1.48671603
v -4.1163559 -0.291913003 1.48671603
v -4.10057116 -0.294135988 1.47782898
v -4.10057116 -0.291913003 1.48671699
v -4.10945702 -0.291913003 1.48671603
v -4.10945702 -0.294135988 1.47782898
v -4.10945702 -0.295482993 1.46876705
v -4.10057116 -0.295482993 1.46876705
v -4.10945702 -0.295937985 1.45961905
v -4.10057116 -0.295937985 1.45961905
v -4.09036112 -0.295482993 1.46876705
v -4.09036112 -0.294135988 1.47782898
v -4.0794878 -0.295482993 1.46876705
v -4.0794878 -0.294135988 1.47782898
v -4.09036112 -0.295937985 1.45961905
v -4.0794878 -0.295937985 1.45961905
v -4.09036112 -0.291913003 1.48671699
v -4.0794878 -0.291913003 1.48671699
v -4.12287283 -0.294135988 1.44140899
v -4.12287283 -0.295482993 1.45046997
v -4.12381411 -0.295482993 1.45046997
v -4.12381411 -0.294135988 1.44140899
v -4.12409306 -0.295482993 1.45046997
v -4.12409306 -0.294135988 1.44140899
v -4.12381411 -0.291913003 1.43252099
v -4.12287283 -0.291913003 1.43252099
v -4.12381411 -0.288832009 1.423895
v -4.12287283 -0.288832009 1.423895
v -4.12409306 -0.291913003 1.43252099
v -4.12409306 -0.288832009 1.423895
v -4.12060785 -0.291913003 1.43252099
v -4.12060785 -0.294135988 1.44140899
v -4.1163559 -0.291913003 1.43252099
v -4.1163559 -0.294135988 1.44140899
v -4.12060785 -0.288832009 1.423895
v -4.1163559 -0.288832009 1.423895
v -4.12060785 -0.295482993 1.45046997
v -4.1163559 -0.295482993 1.45046997
v -4.10057116 -0.294135988 1.44140899
v -4.10057116 -0.295482993 1.45046997
v -4.10945702 -0.295482993 1.45046997
v -4.10945702 -0.294135988 1.44140899
v -4.10945702 -0.291913003 1.43252099
v -4.10057116 -0.291913003 1.43252099
v -4.10945702 -0.288832009 1.423895
v -4.10057116 -0.288832009 1.423895
v -4.09036112 -0.291913003 1.43252099
v -4.09036112 -0.294135988 1.44140899
v -4.0794878 -0.291913003 1.43252099
v -4.0794878 -0.294135988 1.44140899
v -4.09036112 -0.288832009 1.423895
v -4.0794878 -0.288832009 1.423895
v -4.09036112 -0.295482993 1.45046997
v -4.0794878 -0.295482993 1.45046997
v -4.12287283 -0.280198008 1.40776098
v -4.12287283 -0.284911007 1.41561699
v -4.12381411 -0.284911007 1.41561699
v -4.12381411 -0.280198008 1.40776098
v -4.12409306 -0.284911007 1.41561699
v -4.12409306 -0.280198008 1.40776098
v -4.12381411 -0.274744004 1.40040004
v -4.12287283 -0.274744004 1.40040004
v -4.12381411 -0.268595994 1.39361
v -4.12287283 -0.268595994 1.39361
v -4.12409306 -0.274744004 1.40040004
v -4.12409306 -0.268595994 1.39361
v -4.12060785 -0.274744004 1.40040004
v -4.12060785 -0.280198008 1.40776098
v -4.1163559 -0.274744004 1.40040004
v -4.1163559 -0.280198008 1.40776098
v -4.12060785 -0.268595994 1.39361
v -4.1163559 -0.268595994 1.39361
v -4.12060785 -0.284911007 1.41561699
v -4.1163559 -0.284911007 1.41561699
v -4.10057116 -0.280198008 1.40776098
v -4.10057116 -0.284911007 1.41561699
v -4.10945702 -0.284911007 1.41561699
v -4.10945702 -0.280198008 1.40776098
v -4.10945702 -0.274744004 1.40040004
v -4.10057116 -0.274744004 1.40040004
v -4.10945702 -0.268595994 1.39361
v -4.10057116 -0.268595994 1.39361
v -4.09036112 -0.274744004 1.40040004
v -4.09036112 -0.280198008 1.40776098
v -4.0794878 -0.274744004 1.40040004
v -4.0794878 -0.280198008 1.40776098
v -4.09036112 -0.268595994 1.39361
v -4.0794878 -0.268595994 1.39361
v -4.09036112 -0.284911007 1.41561699
v -4.0794878 -0.284911007 1.41561699
v -4.12287283 -0.254444987 1.38200796
v -4.12287283 -0.261806011 1.38746202
v -4.12381411 -0.261806011 1.38746202
v -4.12381411 -0.254444987 1.38200796
v -4.12409306 -0.261806011 1.38746202
v -4.12409306 -0.254444987 1.38200796
v -4.12381411 -0.246589005 1.37729502
v -4.12287283 -0.246589005 1.37729502
v -4.12381411 -0.238310993 1.37337399
v -4.12287283 -0.238310993 1.37337399
v -4.12409306 -0.246589005 1.37729502
v -4.12409306 -0.238310993 1.37337399
v -4.12060785 -0.246589005 1.37729502
v -4.12060785 -0.254444987 1.38200796
v -4.1163559 -0.246589005 1.37729502
v -4.1163559 -0.254444987 1.38200796
v -4.12060785 -0.238310993 1.37337399
v -4.1163559 -0.238310993 1.37337399
v -4.12060785 -0.261806011 1.38746202
v -4.1163559 -0.261806011 1.38746202
v -4.10057116 -0.254444987 1.38200796
v -4.10057116 -0.261806011 1.38746202
v -4.10945702 -0.261806011 1.38746202
v -4.10945702 -0.254444987 1.38200796
v -4.10945702 -0.246589005 1.37729502
v -4.10057116 -0.246589005 1.37729502
v -4.10945702 -0.238310993 1.37337399
v -4.10057116 -0.238310993 1.37337399
v -4.09036112 -0.246589005 1.37729502
v -4.09036112 -0.254444987 1.38200796
v -4.0794878 -0.246589005 1.37729502
v -4.0794878 -0.254444987 1.38200796
v -4.09036112 -0.238310993 1.37337399
v -4.0794878 -0.238310993 1.37337399
v -4.09036112 -0.261806011 1.38746202
v -4.0794878 -0.261806011 1.38746202
v -4.12287283 -0.220797002 1.36807001
v -4.12287283 -0.229684994 1.37029302
v -4.12381411 -0.229684994 1.37029302
v -4.12381411 -0.220797002 1.36807001
v -4.12409306 -0.229684994 1.37029302
v -4.12409306 -0.220797002 1.36807001
v -4.12381411 -0.211735994 1.36672294
v -4.12287283 -0.211735994 1.36672294
v -4.12381411 -0.202586994 1.36626804
v -4.12287283 -0.202586994 1.36626804
v -4.12409306 -0.211735994 1.36672294
v -4.12409306 -0.202586994 1.36626804
v -4.12060785 -0.211735994 1.36672294
v -4.12060785 -0.220797002 1.36807001
v -4.1163559 -0.211735994 1.36672294
v -4.1163559 -0.220797002 1.36807001
v -4.12060785 -0.202586994 1.36626804
v -4.1163559 -0.202586994 1.36626804
v -4.12060785 -0.229684994 1.37029302
v -4.1163559 -0.229684994 1.37029302
v -4.10057116 -0.220797002 1.36807001
v -4.10057116 -0.229684994 1.37029302
v -4.10945702 -0.229684994 1.37029302
v -4.10945702 -0.220797002 1.36807001
v -4.10945702 -0.211735994 1.36672294
v -4.10057116 -0.211735994 1.36672294
v -4.10945702 -0.202586994 1.36626804
v -4.10057116 -0.202586994 1.36626804
v -4.09036112 -0.211735994 1.36672294
v -4.09036112 -0.220797002 1.36807001
v -4.0794878 -0.211735994 1.36672294
v -4.0794878 -0.220797002 1.36807001
v -4.09036112 -0.202586994 1.36626804
v -4.0794878 -0.202586994 1.36626804
v -4.09036112 -0.229684994 1.37029302
v -4.0794878 -0.229684994 1.37029302
v -4.12287283 -0.184377 1.36807001
v -4.12287283 -0.193439007 1.36672294
v -4.12381411 -0.193439007 1.36672294
v -4.12381411 -0.184377 1.36807001
v -4.12409306 -0.193439007 1.36672294
v -4.12409306 -0.184377 1.36807001
v -4.12381411 -0.175490007 1.37029302
v -4.12287283 -0.175490007 1.37029302
v -4.12381411 -0.166862994 1.37337399
v -4.12287283 -0.166862994 1.37337399
v -4.12409306 -0.175490007 1.37029302
v -4.12409306 -0.166862994 1.37337399
v -4.12060785 -0.175490007 1.37029302
v -4.12060785 -0.184377 1.36807001
v -4.1163559 -0.175490007 1.37029302
v -4.1163559 -0.184377 1.36807001
v -4.12060785 -0.166862994 1.37337399
v -4.1163559 -0.166862994 1.37337399
v -4.12060785 -0.193439007 1.36672294
v -4.1163559 -0.193439007 1.36672294
v -4.10057116 -0.184377 1.36807001
v -4.10057116 -0.193439007 1.36672294
v -4.10945702 -0.193439007 1.36672294
v -4.10945702 -0.184377 1.36807001
v -4.10945702 -0.175490007 1.37029302
v -4.10057116 -0.175490007 1.37029302
v -4.10945702 -0.166862994 1.37337399
v -4.10057116 -0.166862994 1.37337399
v -4.09036112 -0.175490007 1.37029302
v -4.09036112 -0.184377 1.36807001
v -4.0794878 -0.175490007 1.37029302
v -4.0794878 -0.184377 1.36807001
v -4.09036112 -0.166862994 1.37337399
v -4.0794878 -0.166862994 1.37337399
v -4.09036112 -0.193439007 1.36672294
v -4.0794878 -0.193439007 1.36672294
v -4.12287283 -0.150729001 1.38200796
v -4.12287283 -0.158584997 1.37729502
v -4.12381411 -0.158584997 1.37729502
v -4.12381411 -0.150729001 1.38200796
v -4.12409306 -0.158584997 1.37729502
v -4.12409306 -0.150729001 1.38200796
v -4.12381411 -0.143369004 1.38746202
v -4.12287283 -0.143369004 1.38746202
v -4.12381411 -0.136577994 1.39361
v -4.12287283 -0.136577994 1.39361
v -4.12409306 -0.143369004 1.38746202
v -4.12409306 -0.136577994 1.39361
v -4.12060785 -0.143369004 1.38746202
v -4.12060785 -0.150729001 1.38200796
v -4.1163559 -0.143369004 1.38746202
v -4.1163559 -0.150729001 1.38200796
v -4.12060785 -0.136577994 1.39361
v -4.1163559 -0.136577994 1.39361
v -4.12060785 -0.158584997 1.37729502
v -4.1163559 -0.158584997 1.37729502
v -4.10057116 -0.150729001 1.38200796
v -4.10057116 -0.158584997 1.37729502
v -4.10945702 -0.158584997 1.37729502
v -4.10945702 -0.150729001 1.38200796
v -4.10945702 -0.143369004 1.38746202
v -4.10057116 -0.143369004 1.38746202
v -4.10945702 -0.136577994 1.39361
v -4.10057116 -0.136577994 1.39361
v -4.09036112 -0.143369004 1.38746202
v -4.09036112 -0.150729001 1.38200796
v -4.0794878 -0.143369004 1.38746202
v -4.0794878 -0.150729001 1.38200796
v -4.09036112 -0.136577994 1.39361
v -4.0794878 -0.136577994 1.39361
v -4.09036112 -0.158584997 1.37729502
v -4.0794878 -0.158584997 1.37729502
v -4.12287283 -0.124976002 1.40776098
v -4.12287283 -0.130430996 1.40040004
v -4.12381411 -0.130430996 1.40040004
v -4.12381411 -0.124976002 1.40776098
v -4.12409306 -0.130430996 1.40040004
v -4.12409306 -0.124976002 1.40776098
v -4.12381411 -0.120263003 1.41561699
v -4.12287283 -0.120263003 1.41561699
v -4.12381411 -0.116342001 1.423895
v -4.12287283 -0.116342001 1.423895
v -4.12409306 -0.120263003 1.41561699
v -4.12409306 -0.116342001 1.423895
v -4.12060785 -0.120263003 1.41561699
v -4.12060785 -0.124976002 1.40776098
v -4.1163559 -0.120263003 1.41561699
v -4.1163559 -0.124976002 1.40776098
v -4.12060785 -0.116342001 1.423895
v -4.1163559 -0.116342001 1.423895
v -4.12060785 -0.130430996 1.40040004
v -4.1163559 -0.130430996 1.40040004
v -4.10057116 -0.124976002 1.40776098
v -4.10057116 -0.130430996 1.40040004
v -4.10945702 -0.130430996 1.40040004
v -4.10945702 -0.124976002 1.40776098
v -4.10945702 -0.120263003 1.41561699
v -4.10057116 -0.120263003 1.41561699
v -4.10945702 -0.116342001 1.423895
v -4.10057116 -0.116342001 1.423895
v -4.09036112 -0.120263003 1.41561699
v -4.09036112 -0.124976002 1.40776098
v -4.0794878 -0.120263003 1.41561699
v -4.0794878 -0.124976002 1.40776098
v -4.09036112 -0.116342001 1.423895
v -4.0794878 -0.116342001 1.423895
v -4.09036112 -0.130430996 1.40040004
v -4.0794878 -0.130430996 1.40040004
v -4.12287283 -0.111038998 1.44140899
v -4.12287283 -0.113260999 1.43252099
v -4.12381411 -0.113260999 1.43252099
v -4.12381411 -0.111038998 1.44140899
v -4.12409306 -0.113260999 1.43252099
v -4.12409306 -0.111038998 1.44140899
v -4.12381411 -0.109691001 1.45046997
v -4.12287283 -0.109691001 1.45046997
v -4.12381411 -0.109236002 1.45961905
v -4.12287283 -0.109236002 1.45961905
v -4.12409306 -0.109691001 1.45046997
v -4.12409306 -0.109236002 1.45961905
v -4.12060785 -0.109691001 1.45046997
v -4.12060785 -0.111038998 1.44140899
v -4.1163559 -0.109691001 1.45046997
v -4.1163559 -0.111038998 1.44140899
v -4.12060785 -0.109236002 1.45961905
v -4.1163559 -0.109236002 1.45961905
v -4.12060785 -0.113260999 1.43252099
v -4.1163559 -0.113260999 1.43252099
v -4.10057116 -0.111038998 1.44140899
v -4.10057116 -0.113260999 1.43252099
v -4.10945702 -0.113260999 1.43252099
v -4.10945702 -0.111038998 1.44140899
v -4.10945702 -0.109691001 1.45046997
v -4.10057116 -0.109691001 1.45046997
v -4.10945702 -0.109236002 1.45961905
v -4.10057116 -0.109236002 1.45961905
v -4.09036112 -0.109691001 1.45046997
v -4.09036112 -0.111038998 1.44140899
v -4.0794878 -0.109691001 1.45046997
v -4.0794878 -0.111038998 1.44140899
v -4.09036112 -0.109236002 1.45961905
v -4.0794878 -0.109236002 1.45961905
v -4.09036112 -0.113260999 1.43252099
v -4.0794878 -0.113260999 1.43252099
v -4.12287283 -0.111038998 1.47782898
v -4.12287283 -0.109691001 1.468768
v -4.12381411 -0.109691001 1.468768
v -4.12381411 -0.111038998 1.47782898
v -4.12409306 -0.109691001 1.46876705
v -4.12409306 -0.111038998 1.47782898
v -4.12381411 -0.113260999 1.48671699
v -4.12287283 -0.113260999 1.48671699
v -4.12381411 -0.116342001 1.49534297
v -4.12287283 -0.116342001 1.49534297
v -4.12409306 -0.113260999 1.48671699
v -4.12409306 -0.116342001 1.49534297
v -4.12060785 -0.113260999 1.48671699
v -4.12060785 -0.111038998 1.47782898
v -4.1163559 -0.113260999 1.48671699
v -4.1163559 -0.111038998 1.47782898
v -4.12060785 -0.116342001 1.49534297
v -4.1163559 -0.116342001 1.49534297
v -4.12060785 -0.109691001 1.468768
v -4.1163559 -0.109691001 1.468768
v -4.10057116 -0.111038998 1.47782898
v -4.10057116 -0.109691001 1.468768
v -4.10945702 -0.109691001 1.468768
v -4.10945702 -0.111038998 1.47782898
v -4.10945702 -0.113260999 1.48671699
v -4.10057116 -0.113260999 1.48671699
v -4.10945702 -0.116342001 1.49534297
v -4.10057116 -0.116342001 1.49534297
v -4.09036112 -0.113260999 1.48671699
v -4.09036112 -0.111038998 1.47782898
v -4.0794878 -0.113260999 1.48671699
v -4.0794878 -0.111038998 1.47782898
v -4.09036112 -0.116342001 1.49534297
v -4.0794878 -0.116342001 1.49534297
v -4.09036112 -0.109691001 1.468768
v -4.0794878 -0.109691001 1.46876705
v -4.12287283 -0.124976002 1.51147699
v -4.12287283 -0.120263003 1.50362098
v -4.12381411 -0.120263003 1.50362098
v -4.12381411 -0.124976002 1.51147699
v -4.12409306 -0.120263003 1.50362098
v -4.12409306 -0.124976002 1.51147699
v -4.12381411 -0.130430996 1.51883698
v -4.12287283 -0.130430996 1.51883698
v -4.12409306 -0.130430996 1.51883698
v -4.12060785 -0.130430996 1.51883698
v -4.12060785 -0.124976002 1.51147699
v -4.1163559 -0.130430996 1.51883698
v -4.1163559 -0.124976002 1.51147699
v -4.12060785 -0.120263003 1.50362098
v -4.1163559 -0.120263003 1.50362098
v -4.10057116 -0.124976002 1.51147699
v -4.10057116 -0.120263003 1.50362098
v -4.10945702 -0.120263003 1.50362098
v -4.10945702 -0.124976002 1.51147699
v -4.10945702 -0.130430996 1.51883698
v -4.10057116 -0.130430996 1.51883698
v -4.09036112 -0.130430996 1.51883698
v -4.09036112 -0.124976002 1.51147699
v -4.0794878 -0.130430996 1.51883698
v -4.0794878 -0.124976002 1.51147699
v -4.09036112 -0.120263003 1.50362098
v -4.0794878 -0.120263003 1.50362098
v -3.98817706 -0.139488995 -1.554052
v -4.03817987 -0.139496997 -1.55403996
v -4.03817987 -0.130542994 -1.54740405
v -3.98817611 -0.130532995 -1.54741502
v -4.03817987 -0.122281 -1.53992498
v -3.98817706 -0.122271001 -1.53993499
v -4.07667494 -0.139513001 -1.55401599
v -4.07667494 -0.130560994 -1.54738104
v -4.07667494 -0.122302003 -1.539904
v -3.93050098 -0.13053 -1.54741895
v -3.93050098 -0.139486 -1.55405605
v -3.86898804 -0.13053 -1.54741895
v -3.86898804 -0.139486 -1.55405605
v -3.93050098 -0.122267 -1.53993905
v -3.86898804 -0.122267 -1.53993905
v -3.93050098 -0.149046004 -1.55979002
v -3.98817706 -0.149048001 -1.55978596
v -3.93050098 -0.159117997 -1.56456196
v -3.98817706 -0.159119993 -1.56455696
v -3.86898804 -0.149046004 -1.55979002
v -3.86898804 -0.159117997 -1.56456196
v -4.03817987 -0.149055004 -1.55977297
v -4.07667494 -0.149067998 -1.55974698
v -4.03817987 -0.159125999 -1.56454396
v -4.07667494 -0.159136996 -1.56451702
v -3.98817706 -0.180429995 -1.57100999
v -4.03817987 -0.180433005 -1.57099605
v -4.03817987 -0.169620007 -1.56829202
v -3.98817611 -0.169615999 -1.56830597
v -4.07667494 -0.180438995 -1.57096696
v -4.07667494 -0.169628993 -1.56826401
v -3.93050098 -0.169615 -1.56831002
v -3.93050098 -0.180428997 -1.571015
v -3.86898804 -0.169615 -1.56831002
v -3.86898804 -0.180428997 -1.571015
v -3.93050098 -0.191455007 -1.57265496
v -3.98817706 -0.191456005 -1.57264996
v -3.93050098 -0.202586994 -1.57320797
v -3.98817706 -0.202586994 -1.57320297
v -3.86898804 -0.191455007 -1.57265496
v -3.86898804 -0.202586994 -1.57320797
v -4.03817987 -0.191457003 -1.57263505
v -4.07667494 -0.191459998 -1.57260597
v -4.03817987 -0.202586994 -1.57318902
v -4.07667494 -0.202586994 -1.57316005
v -3.98817706 -0.224744007 -1.57100999
v -4.03817987 -0.224740997 -1.57099605
v -4.03817987 -0.213716999 -1.57263505
v -3.98817611 -0.213718995 -1.57264996
v -4.07667494 -0.224736005 -1.57096696
v -4.07667494 -0.213714004 -1.57260597
v -3.93050098 -0.213718995 -1.57265496
v -3.93050098 -0.224745005 -1.571015
v -3.86898804 -0.213718995 -1.57265496
v -3.86898804 -0.224745005 -1.571015
v -3.93050098 -0.235559002 -1.56831002
v -3.98817706 -0.235558003 -1.56830597
v -3.93050098 -0.246056005 -1.56456196
v -3.98817706 -0.246053994 -1.56455696
v -3.86898804 -0.235559002 -1.56831002
v -3.86898804 -0.246056005 -1.56456196
v -4.03817987 -0.235553995 -1.56829202
v -4.07667494 -0.235544994 -1.56826401
v -4.03817987 -0.246048003 -1.56454396
v -4.07667494 -0.246037006 -1.56451702
v -3.98817706 -0.265684992 -1.554052
v -4.03817987 -0.265677005 -1.55403996
v -4.03817987 -0.256119013 -1.55977297
v -3.98817611 -0.256125987 -1.55978596
v -4.07667494 -0.265661001 -1.55401599
v -4.07667494 -0.256105989 -1.55974698
v -3.93050098 -0.256128997 -1.55979002
v -3.93050098 -0.265688002 -1.55405605
v -3.86898804 -0.256128997 -1.55979002
v -3.86898804 -0.265688002 -1.55405605
v -3.93050098 -0.274643987 -1.54741895
v -3.98817706 -0.274641007 -1.54741502
v -3.93050098 -0.282907009 -1.53993905
v -3.98817706 -0.282902986 -1.53993499
v -3.86898804 -0.274643987 -1.54741895
v -3.86898804 -0.282907009 -1.53993905
v -4.03817987 -0.274632007 -1.54740405
v -4.07667494 -0.274612993 -1.54738104
v -4.03817987 -0.282893002 -1.53992498
v -4.07667494 -0.282873005 -1.539904
v -3.98817706 -0.297019988 -1.522717
v -4.03817987 -0.297008008 -1.52270901
v -4.03817987 -0.290372014 -1.53166294
v -3.98817611 -0.290383011 -1.53167295
v -4.07667494 -0.296983987 -1.52269304
v -4.07667494 -0.290349007 -1.53164506
v -3.93050098 -0.290387005 -1.53167605
v -3.93050098 -0.297024012 -1.52271998
v -3.86898804 -0.290387005 -1.53167605
v -3.86898804 -0.297024012 -1.52271998
v -3.93050098 -0.302758992 -1.51315999
v -3.98817706 -0.302754015 -1.51315796
v -3.93050098 -0.307529986 -1.503088
v -3.98817706 -0.307525009 -1.50308597
v -3.86898804 -0.302758992 -1.51315999
v -3.86898804 -0.307529986 -1.503088
v -4.03817987 -0.302740991 -1.51315105
v -4.07667494 -0.302715987 -1.51313806
v -4.03817987 -0.307511985 -1.50308001
v -4.07667494 -0.307485014 -1.50306904
v -3.98817706 -0.313977987 -1.481776
v -4.03817987 -0.313964009 -1.48177302
v -4.03817987 -0.311260015 -1.49258494
v -3.98817611 -0.311273992 -1.49258995
v -4.07667494 -0.313935995 -1.48176706
v -4.07667494 -0.311232001 -1.49257696
v -3.93050098 -0.311278999 -1.49259102
v -3.93050098 -0.313982993 -1.48177695
v -3.86898804 -0.311278999 -1.49259102
v -3.86898804 -0.313982993 -1.48177695
v -3.93050098 -0.315622985 -1.47075105
v -3.98817706 -0.315618008 -1.47074997
v -3.93050098 -0.316175997 -1.45961905
v -3.98817706 -0.316172004 -1.45961905
v -3.86898804 -0.315622985 -1.47075105
v -3.86898804 -0.316175997 -1.45961905
v -4.03817987 -0.315604001 -1.47074902
v -4.07667494 -0.315575004 -1.47074604
v -4.03817987 -0.316157013 -1.45961905
v -4.07667494 -0.316127986 -1.45961905
v -3.98817706 -0.313977987 -1.43746197
v -4.03817987 -0.313964009 -1.437464
v -4.03817987 -0.315604001 -1.44848895
v -3.98817611 -0.315618008 -1.44848704
v -4.07667494 -0.313935995 -1.43746996
v -4.07667494 -0.315575004 -1.44849205
v -3.93050098 -0.315622985 -1.44848704
v -3.93050098 -0.313982993 -1.43746102
v -3.86898804 -0.315622985 -1.44848704
v -3.86898804 -0.313982993 -1.43746102
v -3.93050098 -0.311278999 -1.42664599
v -3.98817706 -0.311273992 -1.42664802
v -3.93050098 -0.307529986 -1.41614997
v -3.98817706 -0.307525009 -1.416152
v -3.86898804 -0.311278999 -1.42664599
v -3.86898804 -0.307529986 -1.41614997
v -4.03817987 -0.311260015 -1.42665195
v -4.07667494 -0.311232001 -1.42666101
v -4.03817987 -0.307511985 -1.41615796
v -4.07667494 -0.307485014 -1.41616905
v -3.98817706 -0.297019988 -1.39652097
v -4.03817987 -0.297008008 -1.39652896
v -4.03817987 -0.302740991 -1.40608597
v -3.98817611 -0.302754015 -1.40608001
v -4.07667494 -0.296983987 -1.39654505
v -4.07667494 -0.302715987 -1.40610003
v -3.93050098 -0.302758992 -1.40607703
v -3.93050098 -0.297024012 -1.39651799
v -3.86898804 -0.302758992 -1.40607703
v -3.86898804 -0.297024012 -1.39651799
v -3.93050098 -0.290387005 -1.38756204
v -3.98817706 -0.290383011 -1.38756502
v -3.93050098 -0.282907009 -1.37929904
v -3.98817706 -0.282902986 -1.37930202
v -3.86898804 -0.290387005 -1.38756204
v -3.86898804 -0.282907009 -1.37929904
v -4.03817987 -0.290372014 -1.38757396
v -4.07667494 -0.290349007 -1.38759303
v -4.03817987 -0.282893002 -1.37931299
v -4.07667494 -0.282873005 -1.37933302
v -3.98817706 -0.265684992 -1.36518598
v -4.03817987 -0.265677005 -1.36519802
v -4.03817987 -0.274632007 -1.37183404
v -3.98817611 -0.274641007 -1.37182295
v -4.07667494 -0.265661001 -1.36522198
v -4.07667494 -0.274612993 -1.37185597
v -3.93050098 -0.274643987 -1.37181902
v -3.93050098 -0.265688002 -1.36518204
v -3.86898804 -0.274643987 -1.37181902
v -3.86898804 -0.265688002 -1.36518204
v -3.93050098 -0.256128997 -1.359447
v -3.98817706 -0.256125987 -1.35945201
v -3.93050098 -0.246056005 -1.35467601
v -3.98817706 -0.246053994 -1.35467994
v -3.86898804 -0.256128997 -1.359447
v -3.86898804 -0.246056005 -1.35467601
v -4.03817987 -0.256119996 -1.359465
v -4.07667494 -0.256105989 -1.35949004
v -4.03817987 -0.246048003 -1.35469401
v -4.07667494 -0.246037006 -1.35472095
v -3.98817706 -0.224744007 -1.34822798
v -4.03817987 -0.224740997 -1.34824204
v -4.03817987 -0.235553995 -1.35094595
v -3.98817611 -0.235558003 -1.350932
v -4.07667494 -0.224736005 -1.34827006
v -4.07667494 -0.235544994 -1.35097396
v -3.93050098 -0.235559002 -1.350927
v -3.93050098 -0.224745005 -1.34822297
v -3.86898804 -0.235559002 -1.350927
v -3.86898804 -0.224745005 -1.34822297
v -3.93050098 -0.213718995 -1.34658301
v -3.98817706 -0.213718995 -1.34658802
v -3.93050098 -0.202586994 -1.34603
v -3.98817706 -0.202586994 -1.34603405
v -3.86898804 -0.213718995 -1.34658301
v -3.86898804 -0.202586994 -1.34602904
v -4.03817987 -0.213716999 -1.34660196
v -4.07667494 -0.213714004 -1.34663105
v -4.03817987 -0.202586994 -1.34604895
v -4.07667494 -0.202586994 -1.34607804
v -3.98817706 -0.180429995 -1.34822798
v -4.03817987 -0.180433005 -1.34824204
v -4.03817987 -0.191457003 -1.34660196
v -3.98817611 -0.191456005 -1.34658802
v -4.07667494 -0.180437997 -1.34827006
v -4.07667494 -0.191459998 -1.34663105
v -3.93050098 -0.191455007 -1.34658301
v -3.93050098 -0.180428997 -1.34822297
v -3.86898804 -0.191455007 -1.34658301
v -3.86898804 -0.180428997 -1.34822297
v -3.93050098 -0.169615 -1.350927
v -3.98817706 -0.169615999 -1.350932
v -3.93050098 -0.159117997 -1.35467601
v -3.98817706 -0.159119993 -1.35468102
v -3.86898804 -0.169615 -1.350927
v -3.86898804 -0.159117997 -1.35467601
v -4.03817987 -0.169620007 -1.35094595
v -4.07667494 -0.169628993 -1.35097396
v -4.03817987 -0.159125999 -1.35469401
v -4.07667494 -0.159136996 -1.35472095
v -3.98817706 -0.139488995 -1.36518598
v -4.03817987 -0.139496997 -1.36519802
v -4.03817987 -0.149055004 -1.359465
v -3.98817611 -0.149048001 -1.35945201
v -4.07667494 -0.139513001 -1.36522198
v -4.07667494 -0.149067998 -1.35949004
v -3.93050098 -0.149046004 -1.359447
v -3.93050098 -0.139486 -1.36518204
v -3.86898804 -0.149046004 -1.359447
v -3.86898804 -0.139486 -1.36518204
v -3.93050098 -0.13053 -1.37181902
v -3.98817706 -0.130532995 -1.37182295
v -3.93050098 -0.122267 -1.37929904
v -3.98817706 -0.122271001 -1.37930298
v -3.86898804 -0.13053 -1.37181902
v -3.86898804 -0.122267 -1.37929904
v -4.03817987 -0.130542994 -1.37183404
v -4.07667494 -0.130560994 -1.37185597
v -4.03817987 -0.122281 -1.37931299
v -4.07667494 -0.122302003 -1.37933302
v -3.98817706 -0.108153999 -1.39652097
v -4.03817987 -0.108166002 -1.39652896
v -4.03817987 -0.114802003 -1.38757396
v -3.98817611 -0.114790998 -1.38756502
v -4.07667494 -0.10819 -1.39654505
v -4.07667494 -0.114825003 -1.38759303
v -3.93050098 -0.114786997 -1.38756204
v -3.93050098 -0.108149998 -1.39651799
v -3.86898804 -0.114786997 -1.38756204
v -3.86898804 -0.108149998 -1.39651799
v -3.93050098 -0.102416001 -1.40607703
v -3.98817706 -0.102420002 -1.40608001
v -3.93050098 -0.0976440012 -1.41614997
v -3.98817706 -0.0976490006 -1.416152
v -3.86898804 -0.102416001 -1.40607703
v -3.86898804 -0.0976440012 -1.41614997
v -4.03817987 -0.102433003 -1.40608704
v -4.07667494 -0.102458 -1.40610003
v -4.03817987 -0.0976620018 -1.41615701
v -4.07667494 -0.0976890028 -1.41616905
v -3.98817706 -0.0911960006 -1.43746197
v -4.03817987 -0.0912100002 -1.43746495
v -4.03817987 -0.0939140022 -1.42665195
v -3.98817611 -0.0939000025 -1.42664802
v -4.07667494 -0.0912389979 -1.43746996
v -4.07667494 -0.0939420015 -1.42666101
v -3.93050098 -0.0938960016 -1.42664695
v -3.93050098 -0.0911910012 -1.43746102
v -3.86898804 -0.0938960016 -1.42664695
v -3.86898804 -0.0911910012 -1.43746102
v -3.93050098 -0.0895510018 -1.44848704
v -3.98817706 -0.0895560011 -1.44848704
v -3.93050098 -0.0889979973 -1.45961905
v -3.98817706 -0.0890029967 -1.45961905
v -3.86898804 -0.0895510018 -1.44848704
v -3.86898804 -0.0889979973 -1.45961905
v -4.03817987 -0.0895709991 -1.44848895
v -4.07667494 -0.0895999968 -1.44849205
v -4.03817987 -0.0890169963 -1.45961905
v -4.07667494 -0.0890460014 -1.45961905
v -3.98817706 -0.0911960006 -1.481776
v -4.03817987 -0.0912100002 -1.48177302
v -4.03817987 -0.0895709991 -1.47074902
v -3.98817611 -0.0895560011 -1.47074997
v -4.07667494 -0.0912389979 -1.48176801
v -4.07667494 -0.0895999968 -1.47074604
v -3.93050098 -0.0895510018 -1.47075105
v -3.93050098 -0.0911910012 -1.48177695
v -3.86898804 -0.0895510018 -1.47075105
v -3.86898804 -0.0911910012 -1.48177695
v -3.93050098 -0.0938960016 -1.49259102
v -3.98817706 -0.0939000025 -1.49258995
v -3.93050098 -0.0976440012 -1.503088
v -3.98817706 -0.0976490006 -1.50308597
v -3.86898804 -0.0938960016 -1.49259102
v -3.86898804 -0.0976440012 -1.503088
v -4.03817987 -0.0939140022 -1.49258602
v -4.07667494 -0.0939420015 -1.49257696
v -4.03817987 -0.0976620018 -1.50308001
v -4.07667494 -0.0976890028 -1.50306904
v -3.98817706 -0.108153999 -1.522717
v -3.98817706 -0.114790998 -1.53167295
v -4.03817987 -0.114802003 -1.53166294
v -4.03817987 -0.108166002 -1.52270901
v -4.07667494 -0.114825003 -1.53164506
v -4.07667494 -0.10819 -1.52269304
v -4.03817987 -0.102433003 -1.51315105
v -3.98817611 -0.102420002 -1.51315796
v -4.07667494 -0.102458999 -1.51313806
v -3.93050098 -0.102416001 -1.51315999
v -3.93050098 -0.108149998 -1.52271998
v -3.86898804 -0.102416001 -1.51315999
v -3.86898804 -0.108149998 -1.52271998
v -3.93050098 -0.114786997 -1.53167605
v -3.86898804 -0.114786997 -1.53167605
v -4.11164522 -0.139633998 -1.55383503
v -4.11164522 -0.130698994 -1.54721403
v -4.09982491 -0.130592003 -1.54734397
v -4.09982491 -0.139540002 -1.55397499
v -4.11164522 -0.122455001 -1.53975105
v -4.09982491 -0.122336 -1.53987002
v -4.09982491 -0.149091005 -1.55970502
v -4.11164522 -0.149170995 -1.55955601
v -4.09982491 -0.159155995 -1.56447196
v -4.11164522 -0.159219995 -1.56431699
v -4.11614895 -0.149353996 -1.559214
v -4.11614895 -0.139849007 -1.55351305
v -4.11735392 -0.149687007 -1.55859005
v -4.11735392 -0.140242994 -1.55292404
v -4.11614895 -0.159367993 -1.56395805
v -4.11735392 -0.159639001 -1.56330395
v -4.11614895 -0.130944997 -1.54691398
v -4.11614895 -0.122729003 -1.53947699
v -4.11735392 -0.131393999 -1.54636598
v -4.11735392 -0.123230003 -1.53897595
v -4.12154293 -0.141611993 -1.55087399
v -4.12154293 -0.132957995 -1.54446006
v -4.11927414 -0.13211 -1.54549396
v -4.11927414 -0.140869007 -1.55198598
v -4.12154293 -0.124973997 -1.53723204
v -4.11927414 -0.124027997 -1.53817797
v -4.11927414 -0.150218993 -1.55759501
v -4.12154293 -0.150849998 -1.55641496
v -4.11927414 -0.160071 -1.56226206
v -4.12154293 -0.160583004 -1.56102598
v -4.12379313 -0.151479006 -1.55523705
v -4.12379313 -0.142354995 -1.54976296
v -4.12565708 -0.152008995 -1.55424595
v -4.12565708 -0.142978996 -1.54882896
v -4.12379313 -0.161093995 -1.55979097
v -4.12565708 -0.161523998 -1.55875397
v -4.12379313 -0.133806005 -1.54342794
v -4.12379313 -0.125918001 -1.53628802
v -4.12565708 -0.134517998 -1.54255903
v -4.12565708 -0.126712993 -1.53549302
v -4.11164522 -0.180481002 -1.570755
v -4.11164522 -0.169691995 -1.56805694
v -4.09982491 -0.169643 -1.56821799
v -4.09982491 -0.180447996 -1.57091999
v -4.09982491 -0.191465005 -1.57255805
v -4.11164522 -0.191480994 -1.57239103
v -4.09982491 -0.202586994 -1.57311106
v -4.11164522 -0.202586994 -1.57294297
v -4.11614895 -0.191519007 -1.57200503
v -4.11614895 -0.180555999 -1.57037401
v -4.11735392 -0.191588998 -1.57130003
v -4.11735392 -0.180694997 -1.56967998
v -4.11614895 -0.202586994 -1.57255495
v -4.11735392 -0.202586994 -1.57184696
v -4.11614895 -0.169804007 -1.56768501
v -4.11735392 -0.17001 -1.56700802
v -4.12154293 -0.181176007 -1.56726098
v -4.12154293 -0.170726001 -1.56464803
v -4.11927414 -0.170337006 -1.56592798
v -4.11927414 -0.180914998 -1.568573
v -4.11927414 -0.191698998 -1.57017696
v -4.12154293 -0.191829994 -1.56884599
v -4.11927414 -0.202586994 -1.570719
v -4.12154293 -0.202586994 -1.569381
v -4.12379313 -0.191961005 -1.56751597
v -4.12379313 -0.181436002 -1.56595099
v -4.12565708 -0.192071006 -1.56639898
v -4.12565708 -0.181655005 -1.56484997
v -4.12379313 -0.202586994 -1.56804502
v -4.12565708 -0.202586994 -1.566921
v -4.12379313 -0.171113998 -1.56336999
v -4.12565708 -0.171440005 -1.56229496
v -4.11164522 -0.224693 -1.570755
v -4.11164522 -0.213692993 -1.57239103
v -4.09982491 -0.213709995 -1.57255805
v -4.09982491 -0.224726006 -1.57091999
v -4.09982491 -0.235531002 -1.56821799
v -4.11164522 -0.235482007 -1.56805694
v -4.09982491 -0.246019006 -1.56447196
v -4.11164522 -0.245954007 -1.56431699
v -4.11614895 -0.235369995 -1.56768501
v -4.11614895 -0.224618003 -1.57037401
v -4.11735392 -0.235164002 -1.56700802
v -4.11735392 -0.224480003 -1.56967998
v -4.11614895 -0.245805994 -1.56395805
v -4.11735392 -0.245535001 -1.56330395
v -4.11614895 -0.213654995 -1.57200396
v -4.11735392 -0.213586003 -1.57130003
v -4.12154293 -0.223998994 -1.56726205
v -4.12154293 -0.213343993 -1.56884599
v -4.11927414 -0.213475004 -1.57017696
v -4.11927414 -0.224260002 -1.568573
v -4.11927414 -0.234836996 -1.56592798
v -4.12154293 -0.234448001 -1.56464803
v -4.11927414 -0.245103002 -1.56226206
v -4.12154293 -0.244590998 -1.56102598
v -4.12379313 -0.234061003 -1.56336999
v -4.12379313 -0.223738 -1.56595099
v -4.12565708 -0.233734995 -1.56229496
v -4.12565708 -0.223518997 -1.56484997
v -4.12379313 -0.244080007 -1.55979097
v -4.12565708 -0.243650004 -1.55875397
v -4.12379313 -0.213212997 -1.56751597
v -4.12565708 -0.213102996 -1.56639898
v -4.11164522 -0.265540987 -1.55383503
v -4.11164522 -0.256004006 -1.55955601
v -4.09982491 -0.256083012 -1.55970502
v -4.09982491 -0.265634 -1.55397499
v -4.09982491 -0.274581999 -1.54734397
v -4.11164522 -0.274475992 -1.54721403
v -4.09982491 -0.282837987 -1.53987002
v -4.11164522 -0.282718986 -1.53975105
v -4.11614895 -0.274230003 -1.54691398
v -4.11614895 -0.26532501 -1.55351305
v -4.11735392 -0.273779988 -1.54636598
v -4.11735392 -0.264932007 -1.55292404
v -4.11614895 -0.282445014 -1.53947699
v -4.11735392 -0.281944007 -1.53897595
v -4.11614895 -0.25582099 -1.559214
v -4.11735392 -0.255486995 -1.55859005
v -4.12154293 -0.263561994 -1.55087399
v -4.12154293 -0.254325002 -1.55641496
v -4.11927414 -0.254954994 -1.55759501
v -4.11927414 -0.264304996 -1.55198598
v -4.11927414 -0.273065001 -1.54549396
v -4.12154293 -0.272215992 -1.54446101
v -4.11927414 -0.28114599 -1.53817797
v -4.12154293 -0.280200988 -1.53723204
v -4.12379313 -0.27136901 -1.54342794
v -4.12379313 -0.262820005 -1.54976296
v -4.12565708 -0.27065599 -1.54255903
v -4.12565708 -0.262196004 -1.54882896
v -4.12379313 -0.279255986 -1.53628802
v -4.12565708 -0.278461993 -1.53549302
v -4.12379313 -0.253695011 -1.55523705
v -4.12565708 -0.253165007 -1.55424595
v -4.11164522 -0.296804011 -1.52257204
v -4.11164522 -0.290181994 -1.53150702
v -4.09982491 -0.290311992 -1.53161395
v -4.09982491 -0.296943009 -1.52266598
v -4.09982491 -0.302673012 -1.51311505
v -4.11164522 -0.302525014 -1.51303601
v -4.09982491 -0.307440013 -1.50305104
v -4.11164522 -0.307285011 -1.50298595
v -4.11614895 -0.302181989 -1.51285195
v -4.11614895 -0.296481013 -1.52235699
v -4.11735392 -0.301557988 -1.512519
v -4.11735392 -0.295892 -1.521963
v -4.11614895 -0.306926012 -1.50283802
v -4.11735392 -0.306272 -1.50256705
v -4.11614895 -0.289882004 -1.53126097
v -4.11735392 -0.289335012 -1.53081203
v -4.12154293 -0.293841988 -1.520594
v -4.12154293 -0.287429005 -1.529248
v -4.11927414 -0.288462996 -1.53009605
v -4.11927414 -0.294954002 -1.52133703
v -4.11927414 -0.300563008 -1.51198697
v -4.12154293 -0.299383014 -1.511356
v -4.11927414 -0.305229992 -1.50213504
v -4.12154293 -0.303994 -1.50162303
v -4.12379313 -0.298204988 -1.51072705
v -4.12379313 -0.292730987 -1.51985097
v -4.12565708 -0.297214001 -1.51019704
v -4.12565708 -0.291797996 -1.51922798
v -4.12379313 -0.302760005 -1.50111198
v -4.12565708 -0.30172199 -1.500682
v -4.12379313 -0.286395997 -1.52839994
v -4.12565708 -0.285528004 -1.52768803
v -4.11164522 -0.313722998 -1.48172498
v -4.11164522 -0.311024994 -1.49251401
v -4.09982491 -0.311185986 -1.49256301
v -4.09982491 -0.313888013 -1.481758
v -4.09982491 -0.315526009 -1.47074103
v -4.11164522 -0.315358996 -1.47072506
v -4.09982491 -0.316078991 -1.45961905
v -4.11164522 -0.315910995 -1.45961905
v -4.11614895 -0.314972997 -1.47068703
v -4.11614895 -0.313342988 -1.48164904
v -4.11735392 -0.314267993 -1.47061706
v -4.11735392 -0.312647998 -1.481511
v -4.11614895 -0.315522999 -1.45961905
v -4.11735392 -0.314815015 -1.45961905
v -4.11614895 -0.310653001 -1.49240196
v -4.11735392 -0.309976012 -1.49219596
v -4.12154293 -0.310229987 -1.48102999
v -4.12154293 -0.307615995 -1.49147999
v -4.11927414 -0.308896005 -1.49186802
v -4.11927414 -0.311542004 -1.48129106
v -4.11927414 -0.313145012 -1.47050703
v -4.12154293 -0.31181401 -1.47037601
v -4.11927414 -0.313686997 -1.45961905
v -4.12154293 -0.312348992 -1.45961905
v -4.12379313 -0.310485005 -1.470245
v -4.12379313 -0.308919996 -1.48076999
v -4.12565708 -0.309367001 -1.47013497
v -4.12565708 -0.307817996 -1.480551
v -4.12379313 -0.311013013 -1.45961905
v -4.12565708 -0.309890002 -1.45961905
v -4.12379313 -0.306338012 -1.49109197
v -4.12565708 -0.305263013 -1.49076605
v -4.11164522 -0.313722998 -1.43751299
v -4.11164522 -0.315358996 -1.44851303
v -4.09982491 -0.315526009 -1.44849598
v -4.09982491 -0.313888013 -1.43747997
v -4.09982491 -0.311185986 -1.42667496
v -4.11164522 -0.311024994 -1.42672396
v -4.09982491 -0.307440013 -1.41618705
v -4.11164522 -0.307285011 -1.41625202
v -4.11614895 -0.310653001 -1.42683601
v -4.11614895 -0.313342988 -1.43758798
v -4.11735392 -0.309976012 -1.42704201
v -4.11735392 -0.312647998 -1.43772602
v -4.11614895 -0.306926012 -1.41639996
v -4.11735392 -0.306272 -1.41667104
v -4.11614895 -0.314972997 -1.44855106
v -4.11735392 -0.314267993 -1.44861996
v -4.12154293 -0.310229987 -1.43820703
v -4.12154293 -0.31181401 -1.44886196
v -4.11927414 -0.313145012 -1.44873095
v -4.11927414 -0.311542004 -1.43794596
v -4.11927414 -0.308896005 -1.427369
v -4.12154293 -0.307615995 -1.42775798
v -4.11927414 -0.305229992 -1.41710305
v -4.12154293 -0.303994 -1.41761506
v -4.12379313 -0.306338012 -1.42814505
v -4.12379313 -0.308919996 -1.43846798
v -4.12565708 -0.305263013 -1.42847097
v -4.12565708 -0.307817996 -1.43868697
v -4.12379313 -0.302760005 -1.41812599
v -4.12565708 -0.30172199 -1.41855597
v -4.12379313 -0.310485005 -1.44899297
v -4.12565708 -0.309367001 -1.449103
v -4.11164522 -0.296804011 -1.39666498
v -4.11164522 -0.302525014 -1.40620196
v -4.09982491 -0.302673012 -1.40612304
v -4.09982491 -0.296943009 -1.39657199
v -4.09982491 -0.290311992 -1.38762403
v -4.11164522 -0.290181994 -1.38773
v -4.09982491 -0.282837987 -1.37936795
v -4.11164522 -0.282718986 -1.37948704
v -4.11614895 -0.289882004 -1.38797605
v -4.11614895 -0.296481013 -1.39688098
v -4.11735392 -0.289335012 -1.38842595
v -4.11735392 -0.295892 -1.39727402
v -4.11614895 -0.282445014 -1.37976098
v -4.11735392 -0.281944007 -1.38026202
v -4.11614895 -0.302181989 -1.40638494
v -4.11735392 -0.301557988 -1.40671897
v -4.12154293 -0.293841988 -1.39864397
v -4.12154293 -0.299383014 -1.40788102
v -4.11927414 -0.300563008 -1.407251
v -4.11927414 -0.294954002 -1.39790106
v -4.11927414 -0.288462996 -1.38914096
v -4.12154293 -0.287429005 -1.38998997
v -4.11927414 -0.28114599 -1.38106
v -4.12154293 -0.280200988 -1.38200498
v -4.12379313 -0.286395997 -1.39083695
v -4.12379313 -0.292730987 -1.39938605
v -4.12565708 -0.285528004 -1.39154994
v -4.12565708 -0.291797996 -1.40000999
v -4.12379313 -0.279255986 -1.38294995
v -4.12565708 -0.278461993 -1.383744
v -4.12379313 -0.298204988 -1.40851104
v -4.12565708 -0.297215015 -1.40904105
v -4.11164522 -0.265540987 -1.36540198
v -4.11164522 -0.274475992 -1.37202406
v -4.09982491 -0.274581999 -1.371894
v -4.09982491 -0.265634 -1.36526299
v -4.09982491 -0.256083012 -1.35953295
v -4.11164522 -0.256004006 -1.35968196
v -4.09982491 -0.246019006 -1.35476601
v -4.11164522 -0.245954007 -1.35492098
v -4.11614895 -0.25582099 -1.36002398
v -4.11614895 -0.26532501 -1.36572504
v -4.11735392 -0.255486995 -1.36064804
v -4.11735392 -0.264932007 -1.36631405
v -4.11614895 -0.245805994 -1.35528004
v -4.11735392 -0.245535001 -1.35593402
v -4.11614895 -0.274230003 -1.37232399
v -4.11735392 -0.273779988 -1.37287104
v -4.12154293 -0.263561994 -1.36836398
v -4.12154293 -0.272215992 -1.37477696
v -4.11927414 -0.273065001 -1.37374401
v -4.11927414 -0.264304996 -1.36725199
v -4.11927414 -0.254954994 -1.36164296
v -4.12154293 -0.254325002 -1.36282301
v -4.11927414 -0.245103002 -1.35697603
v -4.12154293 -0.244590998 -1.35821199
v -4.12379313 -0.253695011 -1.36400104
v -4.12379313 -0.262820005 -1.36947501
v -4.12565708 -0.253165007 -1.36499202
v -4.12565708 -0.262196004 -1.37040901
v -4.12379313 -0.244080007 -1.35944605
v -4.12565708 -0.243650004 -1.360484
v -4.12379313 -0.27136901 -1.37581003
v -4.12565708 -0.27065599 -1.37667799
v -4.11164522 -0.224693 -1.34848297
v -4.11164522 -0.235482007 -1.35118103
v -4.09982491 -0.235531002 -1.35101998
v -4.09982491 -0.224726006 -1.34831798
v -4.09982491 -0.213709995 -1.34668005
v -4.11164522 -0.213692993 -1.34684706
v -4.09982491 -0.202586994 -1.34612703
v -4.11164522 -0.202586994 -1.346295
v -4.11614895 -0.213654995 -1.34723306
v -4.11614895 -0.224618003 -1.34886301
v -4.11735392 -0.213586003 -1.34793794
v -4.11735392 -0.224480003 -1.349558
v -4.11614895 -0.202586994 -1.34668303
v -4.11735392 -0.202586994 -1.34739101
v -4.11614895 -0.235369995 -1.35155201
v -4.11735392 -0.235164002 -1.35222995
v -4.12154293 -0.223998994 -1.35197604
v -4.12154293 -0.234448001 -1.35459006
v -4.11927414 -0.234836996 -1.35330999
v -4.11927414 -0.224260002 -1.35066402
v -4.11927414 -0.213475004 -1.34906101
v -4.12154293 -0.213343993 -1.35039198
v -4.11927414 -0.202586994 -1.34851897
v -4.12154293 -0.202586994 -1.34985697
v -4.12379313 -0.213212997 -1.35172105
v -4.12379313 -0.223738 -1.35328603
v -4.12565708 -0.213102996 -1.35283899
v -4.12565708 -0.223518997 -1.354388
v -4.12379313 -0.202586994 -1.35119295
v -4.12565708 -0.202586994 -1.35231602
v -4.12379313 -0.234061003 -1.35586798
v -4.12565708 -0.233734995 -1.35694301
v -4.11164522 -0.180481002 -1.34848297
v -4.11164522 -0.191480994 -1.34684706
v -4.09982491 -0.191465005 -1.34668005
v -4.09982491 -0.180447996 -1.34831798
v -4.09982491 -0.169643 -1.35101998
v -4.11164522 -0.169691995 -1.35118103
v -4.09982491 -0.159154996 -1.35476601
v -4.11164522 -0.159219995 -1.35492098
v -4.11614895 -0.169804007 -1.35155201
v -4.11614895 -0.180555999 -1.34886301
v -4.11735392 -0.17001 -1.35222995
v -4.11735392 -0.180694997 -1.349558
v -4.11614895 -0.159367993 -1.35528004
v -4.11735392 -0.159639001 -1.35593402
v -4.11614895 -0.191519007 -1.34723306
v -4.11735392 -0.191588998 -1.34793794
v -4.12154293 -0.181176007 -1.35197604
v -4.12154293 -0.191829994 -1.35039198
v -4.11927414 -0.191698998 -1.34906101
v -4.11927414 -0.180914998 -1.35066402
v -4.11927414 -0.170337006 -1.35330999
v -4.12154293 -0.170726001 -1.35459006
v -4.11927414 -0.160071 -1.35697603
v -4.12154293 -0.160583004 -1.35821199
v -4.12379313 -0.171113998 -1.35586798
v -4.12379313 -0.181436002 -1.35328698
v -4.12565708 -0.171440005 -1.35694301
v -4.12565708 -0.181655005 -1.354388
v -4.12379313 -0.161093995 -1.35944605
v -4.12565708 -0.161523998 -1.360484
v -4.12379313 -0.191961005 -1.35172105
v -4.12565708 -0.192071006 -1.35283899
v -4.11164522 -0.139633998 -1.36540198
v -4.11164522 -0.149170995 -1.35968101
v -4.09982491 -0.149091005 -1.35953295
v -4.09982491 -0.139540002 -1.36526203
v -4.09982491 -0.130592003 -1.371894
v -4.11164522 -0.130698994 -1.37202406
v -4.09982491 -0.122336 -1.37936795
v -4.11164522 -0.122455001 -1.37948704
v -4.11614895 -0.130944997 -1.37232399
v -4.11614895 -0.139849007 -1.36572504
v -4.11735392 -0.131393999 -1.37287104
v -4.11735392 -0.140242994 -1.36631405
v -4.11614895 -0.122729003 -1.37976098
v -4.11735392 -0.123230003 -1.38026202
v -4.11614895 -0.149352998 -1.36002302
v -4.11735392 -0.149687007 -1.36064804
v -4.12154293 -0.141611993 -1.36836398
v -4.12154293 -0.150849998 -1.36282301
v -4.11927414 -0.150218993 -1.36164296
v -4.11927414 -0.140869007 -1.36725199
v -4.11927414 -0.13211 -1.37374306
v -4.12154293 -0.132957995 -1.37477696
v -4.11927414 -0.124027997 -1.38105905
v -4.12154293 -0.124973997 -1.38200498
v -4.12379313 -0.133806005 -1.37581003
v -4.12379313 -0.142354995 -1.36947405
v -4.12565708 -0.134517998 -1.37667799
v -4.12565708 -0.142978996 -1.37040806
v -4.12379313 -0.125918001 -1.38294995
v -4.12565708 -0.126712993 -1.383744
v -4.12379313 -0.151479006 -1.36400104
v -4.12565708 -0.152008995 -1.36499202
v -4.11164522 -0.108370997 -1.39666498
v -4.11164522 -0.114992 -1.38773
v -4.09982491 -0.114862002 -1.38762403
v -4.09982491 -0.108231001 -1.39657199
v -4.09982491 -0.102500997 -1.40612304
v -4.11164522 -0.102650002 -1.40620196
v -4.09982491 -0.0977339968 -1.41618705
v -4.11164522 -0.0978889987 -1.41625202
v -4.11614895 -0.102991998 -1.40638494
v -4.11614895 -0.108693004 -1.39688098
v -4.11735392 -0.103615999 -1.40671897
v -4.11735392 -0.109282002 -1.39727402
v -4.11614895 -0.0982479975 -1.41639996
v -4.11735392 -0.098902002 -1.41667104
v -4.11614895 -0.115291998 -1.38797605
v -4.11735392 -0.115838997 -1.38842595
v -4.12154293 -0.111331999 -1.39864397
v -4.12154293 -0.117746003 -1.38998997
v -4.11927414 -0.116711996 -1.38914096
v -4.11927414 -0.11022 -1.39790106
v -4.11927414 -0.104611002 -1.407251
v -4.12154293 -0.105791003 -1.40788102
v -4.11927414 -0.0999440029 -1.41710305
v -4.12154293 -0.101180002 -1.41761506
v -4.12379313 -0.106968999 -1.40851104
v -4.12379313 -0.112443 -1.39938605
v -4.12565708 -0.107960001 -1.40904105
v -4.12565708 -0.113376997 -1.40000999
v -4.12379313 -0.102413997 -1.41812599
v -4.12565708 -0.103451997 -1.41855597
v -4.12379313 -0.118777998 -1.39083695
v -4.12565708 -0.119647004 -1.39154994
v -4.11164522 -0.0914509967 -1.43751299
v -4.11164522 -0.0941490009 -1.426723
v -4.09982491 -0.0939889997 -1.42667496
v -4.09982491 -0.0912860036 -1.43747997
v -4.09982491 -0.0896480009 -1.44849598
v -4.11164522 -0.0898149982 -1.44851303
v -4.09982491 -0.0890949965 -1.45961905
v -4.11164522 -0.0892629996 -1.45961905
v -4.11614895 -0.0902009979 -1.44855106
v -4.11614895 -0.091831997 -1.43758798
v -4.11735392 -0.0909060016 -1.44861996
v -4.11735392 -0.0925260037 -1.43772602
v -4.11614895 -0.0896510035 -1.45961905
v -4.11735392 -0.0903590024 -1.45961905
v -4.11614895 -0.094521001 -1.42683601
v -4.11735392 -0.095197998 -1.42704201
v -4.12154293 -0.0949440002 -1.43820798
v -4.12154293 -0.0975579992 -1.42775798
v -4.11927414 -0.0962779969 -1.427369
v -4.11927414 -0.0936330035 -1.43794703
v -4.11927414 -0.0920289978 -1.44873095
v -4.12154293 -0.0933599994 -1.44886196
v -4.11927414 -0.0914869979 -1.45961905
v -4.12154293 -0.092825003 -1.45961905
v -4.12379313 -0.0946889967 -1.44899297
v -4.12379313 -0.096254997 -1.43846798
v -4.12565708 -0.095807001 -1.449103
v -4.12565708 -0.0973559991 -1.43868697
v -4.12379313 -0.0941609964 -1.45961905
v -4.12565708 -0.095284 -1.45961905
v -4.12379313 -0.0988359973 -1.42814505
v -4.12565708 -0.0999109969 -1.42847204
v -4.11164522 -0.0914509967 -1.48172498
v -4.11164522 -0.0898149982 -1.47072506
v -4.09982491 -0.0896480009 -1.47074199
v -4.09982491 -0.0912860036 -1.481758
v -4.09982491 -0.0939889997 -1.49256301
v -4.11164522 -0.0941490009 -1.49251401
v -4.09982491 -0.0977339968 -1.50305104
v -4.11164522 -0.0978889987 -1.50298595
v -4.11614895 -0.094521001 -1.49240196
v -4.11614895 -0.091831997 -1.48164999
v -4.11735392 -0.095197998 -1.49219596
v -4.11735392 -0.0925260037 -1.481511
v -4.11614895 -0.0982479975 -1.50283802
v -4.11735392 -0.098902002 -1.50256705
v -4.11614895 -0.0902009979 -1.47068703
v -4.11735392 -0.0909060016 -1.47061801
v -4.12154293 -0.0949440002 -1.48102999
v -4.12154293 -0.0933599994 -1.47037601
v -4.11927414 -0.0920289978 -1.47050703
v -4.11927414 -0.0936330035 -1.48129106
v -4.11927414 -0.0962779969 -1.49186802
v -4.12154293 -0.0975579992 -1.49147999
v -4.11927414 -0.0999440029 -1.50213504
v -4.12154293 -0.101180002 -1.50162303
v -4.12379313 -0.0988359973 -1.49109197
v -4.12379313 -0.096254997 -1.48076999
v -4.12565708 -0.0999109969 -1.49076605
v -4.12565708 -0.0973559991 -1.480551
v -4.12379313 -0.102415003 -1.50111198
v -4.12565708 -0.103451997 -1.500682
v -4.12379313 -0.0946889967 -1.470245
v -4.12565708 -0.095807001 -1.47013497
v -4.12154293 -0.111331999 -1.520594
v -4.12154293 -0.117746003 -1.529248
v -4.12379313 -0.118777998 -1.52839994
v -4.12379313 -0.112443 -1.51985097
v -4.12565708 -0.119647004 -1.52768803
v -4.12565708 -0.113376997 -1.51922798
v -4.12379313 -0.106968999 -1.51072705
v -4.12154293 -0.105791003 -1.51135695
v -4.12565708 -0.107960001 -1.51019704
v -4.11927414 -0.104611002 -1.51198697
v -4.11927414 -0.11022 -1.52133703
v -4.11735392 -0.103615999 -1.512519
v -4.11735392 -0.109282002 -1.52196395
v -4.11927414 -0.116711996 -1.53009701
v -4.11735392 -0.115840003 -1.53081203
v -4.11164522 -0.108370997 -1.52257204
v -4.11164522 -0.114992 -1.53150702
v -4.11614895 -0.115291998 -1.53126097
v -4.11614895 -0.108693004 -1.52235699
v -4.11614895 -0.102991998 -1.51285303
v -4.11164522 -0.102650002 -1.51303601
v -4.09982491 -0.102500997 -1.51311505
v -4.09982491 -0.108231001 -1.52266598
v -4.09982491 -0.114862002 -1.53161395
v -4.12731504 -0.143580005 -1.54793
v -4.127316 -0.135205001 -1.54172301
v -4.12676811 -0.134962007 -1.54201806
v -4.12676811 -0.143367007 -1.54824698
v -4.12731504 -0.127478004 -1.53472805
v -4.12676811 -0.127206996 -1.53499806
v -4.12676811 -0.152338997 -1.55362904
v -4.127316 -0.152519003 -1.55329204
v -4.12676811 -0.161791995 -1.55810702
v -4.12731504 -0.161937997 -1.55775404
v -4.12748623 -0.152599007 -1.55314195
v -4.12748623 -0.143674001 -1.54778802
v -4.12746906 -0.152630001 -1.55308497
v -4.12746906 -0.143710002 -1.54773402
v -4.12748623 -0.162002996 -1.55759597
v -4.12746906 -0.162028 -1.55753696
v -4.12748623 -0.135313004 -1.54159105
v -4.12748623 -0.127598003 -1.53460801
v -4.12746906 -0.135353997 -1.54154205
v -4.12746906 -0.127644002 -1.53456199
v -4.12731504 -0.181866005 -1.56378901
v -4.127316 -0.171754003 -1.56125998
v -4.12676811 -0.171643004 -1.561625
v -4.12676811 -0.181792006 -1.56416297
v -4.12676811 -0.192139998 -1.56570196
v -4.127316 -0.192176998 -1.56532204
v -4.12676811 -0.202586994 -1.56622195
v -4.12731504 -0.202586994 -1.56584001
v -4.12748623 -0.192194 -1.56515205
v -4.12748623 -0.181899995 -1.563622
v -4.12746906 -0.192200005 -1.56508803
v -4.12746906 -0.181912005 -1.56355798
v -4.12748623 -0.202586994 -1.56566894
v -4.12746906 -0.202586994 -1.56560504
v -4.12748623 -0.171802998 -1.56109595
v -4.12746906 -0.171821997 -1.56103504
v -4.12731504 -0.223307997 -1.56378901
v -4.127316 -0.212997004 -1.56532204
v -4.12676811 -0.213034004 -1.56570196
v -4.12676811 -0.223381996 -1.56416297
v -4.12676811 -0.233530998 -1.561625
v -4.127316 -0.233419999 -1.56125903
v -4.12676811 -0.243382007 -1.55810702
v -4.12731504 -0.243236005 -1.55775404
v -4.12748623 -0.233371004 -1.56109595
v -4.12748623 -0.223275006 -1.563622
v -4.12746906 -0.233352005 -1.56103504
v -4.12746906 -0.223261997 -1.56355798
v -4.12748623 -0.243171006 -1.55759597
v -4.12746906 -0.243146002 -1.55753696
v -4.12748623 -0.212980002 -1.56515205
v -4.12746906 -0.212973997 -1.56508803
v -4.12731504 -0.261595011 -1.54793
v -4.127316 -0.252654999 -1.55329204
v -4.12676811 -0.252835006 -1.55362904
v -4.12676811 -0.261806995 -1.54824805
v -4.12676811 -0.270211995 -1.54201901
v -4.127316 -0.26997 -1.54172301
v -4.12676811 -0.277967006 -1.53499806
v -4.12731504 -0.277696013 -1.53472805
v -4.12748623 -0.269861996 -1.54159105
v -4.12748623 -0.261500001 -1.54778802
v -4.12746906 -0.269820988 -1.54154205
v -4.12746906 -0.261464 -1.54773402
v -4.12748623 -0.277575999 -1.53460801
v -4.12746906 -0.277530015 -1.53456199
v -4.12748623 -0.25257501 -1.55314195
v -4.12746906 -0.252544999 -1.55308497
v -4.12731504 -0.290897995 -1.51862597
v -4.127316 -0.284691006 -1.52700102
v -4.12676811 -0.284987003 -1.52724397
v -4.12676811 -0.291215986 -1.518839
v -4.12676811 -0.296597004 -1.50986695
v -4.127316 -0.296259999 -1.50968695
v -4.12676811 -0.301075011 -1.50041401
v -4.12731504 -0.300722003 -1.50026798
v -4.12748623 -0.296110004 -1.50960696
v -4.12748623 -0.290755987 -1.51853204
v -4.12746906 -0.296052992 -1.50957596
v -4.12746906 -0.290702999 -1.51849604
v -4.12748623 -0.300565004 -1.50020301
v -4.12746906 -0.300505012 -1.50017798
v -4.12748623 -0.284559995 -1.52689302
v -4.12746906 -0.284509987 -1.52685201
v -4.12731504 -0.306757003 -1.48033905
v -4.127316 -0.304228008 -1.49045205
v -4.12676811 -0.304592997 -1.49056304
v -4.12676811 -0.307132006 -1.48041403
v -4.12676811 -0.308670014 -1.47006595
v -4.127316 -0.308290005 -1.470029
v -4.12676811 -0.309190005 -1.45961905
v -4.12731504 -0.308807999 -1.45961905
v -4.12748623 -0.308120996 -1.47001195
v -4.12748623 -0.306589991 -1.48030603
v -4.12746906 -0.30805701 -1.47000599
v -4.12746906 -0.306526989 -1.48029399
v -4.12748623 -0.308636993 -1.45961905
v -4.12746906 -0.308573008 -1.45961905
v -4.12748623 -0.304064989 -1.49040306
v -4.12746906 -0.304003 -1.49038398
v -4.12731504 -0.306757003 -1.43889797
v -4.127316 -0.308290005 -1.44920897
v -4.12676811 -0.308670014 -1.44917202
v -4.12676811 -0.307132006 -1.43882406
v -4.12676811 -0.304592997 -1.42867506
v -4.127316 -0.304228008 -1.42878604
v -4.12676811 -0.301075011 -1.41882396
v -4.12731504 -0.300722003 -1.41896999
v -4.12748623 -0.304064989 -1.42883503
v -4.12748623 -0.306589991 -1.43893099
v -4.12746906 -0.304003 -1.42885399
v -4.12746906 -0.306526989 -1.43894398
v -4.12748623 -0.300565004 -1.41903496
v -4.12746906 -0.300505012 -1.41905999
v -4.12748623 -0.308120996 -1.44922602
v -4.12746906 -0.30805701 -1.44923198
v -4.12731504 -0.290897995 -1.40061104
v -4.127316 -0.296259999 -1.40955102
v -4.12676811 -0.296597004 -1.40936995
v -4.12676811 -0.291215986 -1.40039897
v -4.12676811 -0.284987003 -1.391994
v -4.127316 -0.284691006 -1.39223599
v -4.12676811 -0.277967006 -1.38423896
v -4.12731504 -0.277696997 -1.38450897
v -4.12748623 -0.284559995 -1.392344
v -4.12748623 -0.290755987 -1.40070605
v -4.12746906 -0.284509987 -1.39238501
v -4.12746906 -0.290702999 -1.40074205
v -4.12748623 -0.277575999 -1.38462996
v -4.12746906 -0.277530015 -1.38467598
v -4.12748623 -0.296110004 -1.40963101
v -4.12746906 -0.296052992 -1.40966105
v -4.12731504 -0.261595011 -1.37130797
v -4.127316 -0.26997 -1.37751496
v -4.12676811 -0.270211995 -1.37721896
v -4.12676811 -0.261806995 -1.37099004
v -4.12676811 -0.252835989 -1.36560905
v -4.127316 -0.252654999 -1.36594605
v -4.12676811 -0.243382007 -1.36113095
v -4.12731504 -0.243236005 -1.36148405
v -4.12748623 -0.25257501 -1.36609602
v -4.12748623 -0.261500001 -1.37144995
v -4.12746906 -0.252544999 -1.366153
v -4.12746906 -0.261464 -1.371503
v -4.12748623 -0.243171006 -1.36164105
v -4.12746906 -0.243146002 -1.36170101
v -4.12748623 -0.269861996 -1.37764597
v -4.12746906 -0.269820988 -1.37769604
v -4.12731504 -0.223307997 -1.35544896
v -4.127316 -0.233419999 -1.35797799
v -4.12676811 -0.233530998 -1.35761297
v -4.12676811 -0.223381996 -1.35507405
v -4.12676811 -0.213034004 -1.35353601
v -4.127316 -0.212997004 -1.35391605
v -4.12676811 -0.202586994 -1.35301602
v -4.12731504 -0.202586994 -1.35339797
v -4.12748623 -0.212980002 -1.35408497
v -4.12748623 -0.223275006 -1.35561597
v -4.12746906 -0.212973997 -1.35415006
v -4.12746906 -0.223261997 -1.35567999
v -4.12748623 -0.202586994 -1.35356903
v -4.12746906 -0.202586994 -1.35363305
v -4.12748623 -0.233371004 -1.35814095
v -4.12746906 -0.233352005 -1.35820305
v -4.12731504 -0.181866005 -1.35544896
v -4.127316 -0.192176998 -1.35391605
v -4.12676811 -0.192139998 -1.35353601
v -4.12676811 -0.181792006 -1.35507405
v -4.12676811 -0.171643004 -1.35761297
v -4.127316 -0.171754003 -1.35797799
v -4.12676811 -0.161791995 -1.36113095
v -4.12731504 -0.161937997 -1.36148405
v -4.12748623 -0.171802998 -1.35814095
v -4.12748623 -0.181899995 -1.35561597
v -4.12746906 -0.171821997 -1.35820305
v -4.12746906 -0.181912005 -1.35567999
v -4.12748623 -0.162002996 -1.36164105
v -4.12746906 -0.162028 -1.36170101
v -4.12748623 -0.192194 -1.35408497
v -4.12746906 -0.192200005 -1.35415006
v -4.12731504 -0.143580005 -1.37130797
v -4.127316 -0.152519003 -1.36594605
v -4.12676811 -0.152338997 -1.36560905
v -4.12676811 -0.143367007 -1.37099004
v -4.12676811 -0.134962007 -1.37721896
v -4.127316 -0.135205001 -1.37751496
v -4.12676811 -0.127206996 -1.38423896
v -4.12731504 -0.127478004 -1.38450897
v -4.12748623 -0.135313004 -1.37764597
v -4.12748623 -0.143674001 -1.37144995
v -4.12746906 -0.135353997 -1.37769604
v -4.12746906 -0.143710002 -1.371503
v -4.12748623 -0.127598003 -1.38462996
v -4.12746906 -0.127644002 -1.38467598
v -4.12748623 -0.152599007 -1.36609602
v -4.12746906 -0.152629003 -1.366153
v -4.12731504 -0.114275999 -1.40061104
v -4.127316 -0.120483004 -1.39223599
v -4.12676811 -0.120186999 -1.391994
v -4.12676811 -0.113958001 -1.40039897
v -4.12676811 -0.108576998 -1.40937102
v -4.127316 -0.108914003 -1.40955102
v -4.12676811 -0.104098998 -1.41882396
v -4.12731504 -0.104451999 -1.41896999
v -4.12748623 -0.109063998 -1.40963101
v -4.12748623 -0.114418 -1.40070605
v -4.12746906 -0.109121002 -1.40966105
v -4.12746906 -0.114471003 -1.40074205
v -4.12748623 -0.104608998 -1.41903496
v -4.12746906 -0.104668997 -1.41905999
v -4.12748623 -0.120614998 -1.392344
v -4.12746906 -0.120664001 -1.39238501
v -4.12731504 -0.098416999 -1.43889797
v -4.127316 -0.100946002 -1.42878604
v -4.12676811 -0.100580998 -1.42867506
v -4.12676811 -0.0980430022 -1.43882406
v -4.12676811 -0.0965040028 -1.44917202
v -4.127316 -0.0968839973 -1.44920897
v -4.12676811 -0.095983997 -1.45961905
v -4.12731504 -0.0963660032 -1.45961905
v -4.12748623 -0.0970539972 -1.44922602
v -4.12748623 -0.0985839963 -1.43893099
v -4.12746906 -0.0971179977 -1.44923198
v -4.12746906 -0.0986479968 -1.43894398
v -4.12748623 -0.0965370014 -1.45961905
v -4.12746906 -0.0966010019 -1.45961905
v -4.12748623 -0.101109996 -1.42883503
v -4.12746906 -0.101171002 -1.42885399
v -4.12731504 -0.098416999 -1.48034
v -4.127316 -0.0968839973 -1.470029
v -4.12676811 -0.0965040028 -1.47006595
v -4.12676811 -0.0980430022 -1.48041403
v -4.12676811 -0.100580998 -1.49056304
v -4.127316 -0.100947 -1.49045205
v -4.12676811 -0.104098998 -1.50041401
v -4.12731504 -0.104451999 -1.50026798
v -4.12748623 -0.101109996 -1.49040306
v -4.12748623 -0.0985839963 -1.48030603
v -4.12746906 -0.101171002 -1.49038398
v -4.12746906 -0.0986479968 -1.48029399
v -4.12748623 -0.104608998 -1.50020301
v -4.12746906 -0.104668997 -1.50017798
v -4.12748623 -0.0970539972 -1.47001195
v -4.12746906 -0.0971179977 -1.47000599
v -4.12731504 -0.114275999 -1.51862597
v -4.127316 -0.108914003 -1.50968695
v -4.12676811 -0.108576998 -1.50986695
v -4.12676811 -0.113959 -1.518839
v -4.12676811 -0.120186999 -1.52724397
v -4.127316 -0.120483004 -1.52700102
v -4.12748623 -0.120614998 -1.52689302
v -4.12748623 -0.114418 -1.51853204
v -4.12746906 -0.120664001 -1.52685201
v -4.12746906 -0.114471003 -1.51849604
v -4.12748623 -0.109063998 -1.50960696
v -4.12746906 -0.109121002 -1.50957704
v -4.12287283 -0.150729001 -1.53723001
v -4.12381411 -0.150729001 -1.53723001
v -4.12381411 -0.143369004 -1.531775
v -4.12287283 -0.143369004 -1.531775
v -4.12381411 -0.136577994 -1.52562797
v -4.12287283 -0.136577994 -1.52562797
v -4.12409306 -0.150729001 -1.53723001
v -4.12409306 -0.143369004 -1.531775
v -4.12409306 -0.136577994 -1.52562797
v -4.12060785 -0.143369004 -1.531775
v -4.12060785 -0.150729001 -1.53723001
v -4.1163559 -0.143369004 -1.531775
v -4.1163559 -0.150729001 -1.53723001
v -4.12060785 -0.136577994 -1.52562797
v -4.1163559 -0.136577994 -1.52562797
v -4.12060785 -0.158584997 -1.54194295
v -4.12287283 -0.158584997 -1.54194295
v -4.12060785 -0.166862994 -1.54586399
v -4.12287283 -0.166862994 -1.54586399
v -4.1163559 -0.158584997 -1.54194295
v -4.1163559 -0.166862994 -1.54586399
v -4.12381411 -0.158584997 -1.54194295
v -4.12409306 -0.158584997 -1.54194295
v -4.12381411 -0.166862994 -1.54586399
v -4.12409306 -0.166862994 -1.54586399
v -4.10057116 -0.150729001 -1.53723001
v -4.10945702 -0.150729001 -1.53723001
v -4.10945702 -0.143369004 -1.531775
v -4.10057116 -0.143369004 -1.531775
v -4.10945702 -0.136577994 -1.52562797
v -4.10057116 -0.136577994 -1.52562797
v -4.09036112 -0.143369004 -1.531775
v -4.09036112 -0.150729001 -1.53723001
v -4.0794878 -0.143369004 -1.531775
v -4.0794878 -0.150729001 -1.53723001
v -4.09036112 -0.136577994 -1.52562797
v -4.0794878 -0.136577994 -1.52562797
v -4.09036112 -0.158584997 -1.54194295
v -4.10057116 -0.158584997 -1.54194295
v -4.09036112 -0.166862994 -1.54586399
v -4.10057116 -0.166862994 -1.54586399
v -4.0794878 -0.158584997 -1.54194295
v -4.0794878 -0.166862994 -1.54586399
v -4.10945702 -0.158584997 -1.54194295
v -4.10945702 -0.166862994 -1.54586399
v -4.12287283 -0.184377 -1.55116701
v -4.12381411 -0.184377 -1.55116701
v -4.12381411 -0.175490007 -1.54894495
v -4.12287283 -0.175490007 -1.54894495
v -4.12409306 -0.184377 -1.55116701
v -4.12409306 -0.175490007 -1.54894495
v -4.12060785 -0.175490007 -1.54894495
v -4.12060785 -0.184377 -1.55116701
v -4.1163559 -0.175490007 -1.54894495
v -4.1163559 -0.184377 -1.55116701
v -4.12060785 -0.193439007 -1.55251503
v -4.12287283 -0.193439007 -1.55251503
v -4.12060785 -0.202586994 -1.55297005
v -4.12287283 -0.202586994 -1.55297005
v -4.1163559 -0.193439007 -1.55251503
v -4.1163559 -0.202586994 -1.55297005
v -4.12381411 -0.193439007 -1.55251503
v -4.12409306 -0.193439007 -1.55251503
v -4.12381411 -0.202586994 -1.55297005
v -4.12409306 -0.202586994 -1.55297005
v -4.10057116 -0.184377 -1.55116701
v -4.10945702 -0.184377 -1.55116701
v -4.10945702 -0.175490007 -1.54894495
v -4.10057116 -0.175490007 -1.54894495
v -4.09036112 -0.175490007 -1.54894495
v -4.09036112 -0.184377 -1.55116701
v -4.0794878 -0.175490007 -1.54894495
v -4.0794878 -0.184377 -1.55116701
v -4.09036112 -0.193439007 -1.55251503
v -4.10057116 -0.193439007 -1.55251503
v -4.09036112 -0.202586994 -1.55297005
v -4.10057116 -0.202586994 -1.55297005
v -4.0794878 -0.193439007 -1.55251503
v -4.0794878 -0.202586994 -1.55297005
v -4.10945702 -0.193439007 -1.55251503
v -4.10945702 -0.202586994 -1.55297005
v -4.12287283 -0.220797002 -1.55116701
v -4.12381411 -0.220797002 -1.55116701
v -4.12381411 -0.211735994 -1.55251503
v -4.12287283 -0.211735994 -1.55251503
v -4.12409306 -0.220797002 -1.55116701
v -4.12409306 -0.211735994 -1.55251503
v -4.12060785 -0.211735994 -1.55251503
v -4.12060785 -0.220797002 -1.55116701
v -4.1163559 -0.211735994 -1.55251503
v -4.1163559 -0.220797002 -1.55116701
v -4.12060785 -0.229684994 -1.54894495
v -4.12287283 -0.229684994 -1.54894495
v -4.12060785 -0.238310993 -1.54586399
v -4.12287283 -0.238310993 -1.54586399
v -4.1163559 -0.229684994 -1.54894495
v -4.1163559 -0.238310993 -1.54586399
v -4.12381411 -0.229684994 -1.54894495
v -4.12409306 -0.229684994 -1.54894495
v -4.12381411 -0.238310993 -1.54586399
v -4.12409306 -0.238310993 -1.54586399
v -4.10057116 -0.220797002 -1.55116701
v -4.10945702 -0.220797002 -1.55116701
v -4.10945702 -0.211735994 -1.55251503
v -4.10057116 -0.211735994 -1.55251503
v -4.09036112 -0.211735994 -1.55251503
v -4.09036112 -0.220797002 -1.55116701
v -4.0794878 -0.211735994 -1.55251503
v -4.0794878 -0.220797002 -1.55116701
v -4.09036112 -0.229684994 -1.54894495
v -4.10057116 -0.229684994 -1.54894495
v -4.09036112 -0.238310993 -1.54586399
v -4.10057116 -0.238310993 -1.54586399
v -4.0794878 -0.229684994 -1.54894495
v -4.0794878 -0.238310993 -1.54586399
v -4.10945702 -0.229684994 -1.54894495
v -4.10945702 -0.238310993 -1.54586399
v -4.12287283 -0.254444987 -1.53723001
v -4.12381411 -0.254444987 -1.53723001
v -4.12381411 -0.246589005 -1.54194295
v -4.12287283 -0.246589005 -1.54194295
v -4.12409306 -0.254444987 -1.53723001
v -4.12409306 -0.246589005 -1.54194295
v -4.12060785 -0.246589005 -1.54194295
v -4.12060785 -0.254444987 -1.53723001
v -4.1163559 -0.246589005 -1.54194295
v -4.1163559 -0.254444987 -1.53723001
v -4.12060785 -0.261806011 -1.531775
v -4.12287283 -0.261806011 -1.531775
v -4.12060785 -0.268595994 -1.52562797
v -4.12287283 -0.268595994 -1.52562797
v -4.1163559 -0.261806011 -1.531775
v -4.1163559 -0.268595994 -1.52562797
v -4.12381411 -0.261806011 -1.531775
v -4.12409306 -0.261806011 -1.531775
v -4.12381411 -0.268595994 -1.52562797
v -4.12409306 -0.268595994 -1.52562797
v -4.10057116 -0.254444987 -1.53723001
v -4.10945702 -0.254444987 -1.53723001
v -4.10945702 -0.246589005 -1.54194295
v -4.10057116 -0.246589005 -1.54194295
v -4.09036112 -0.246589005 -1.54194295
v -4.09036112 -0.254444987 -1.53723001
v -4.0794878 -0.246589005 -1.54194295
v -4.0794878 -0.254444987 -1.53723001
v -4.09036112 -0.261806011 -1.531775
v -4.10057116 -0.261806011 -1.531775
v -4.09036112 -0.268595994 -1.52562797
v -4.10057116 -0.268595994 -1.52562797
v -4.0794878 -0.261806011 -1.531775
v -4.0794878 -0.268595994 -1.52562797
v -4.10945702 -0.261806011 -1.531775
v -4.10945702 -0.268595994 -1.52562797
v -4.12287283 -0.280198008 -1.51147699
v -4.12381411 -0.280198008 -1.51147699
v -4.12381411 -0.274744004 -1.51883698
v -4.12287283 -0.274744004 -1.51883698
v -4.12409306 -0.280198008 -1.51147699
v -4.12409306 -0.274744004 -1.51883698
v -4.12060785 -0.274744004 -1.51883698
v -4.12060785 -0.280198008 -1.51147699
v -4.1163559 -0.274744004 -1.51883698
v -4.1163559 -0.280198008 -1.51147699
v -4.12060785 -0.284911007 -1.50362098
v -4.12287283 -0.284911007 -1.50362098
v -4.12060785 -0.288832009 -1.49534297
v -4.12287283 -0.288832009 -1.49534297
v -4.1163559 -0.284911007 -1.50362098
v -4.1163559 -0.288832009 -1.49534297
v -4.12381411 -0.284911007 -1.50362098
v -4.12409306 -0.284911007 -1.50362098
v -4.12381411 -0.288832009 -1.49534297
v -4.12409306 -0.288832009 -1.49534297
v -4.10057116 -0.280198008 -1.51147699
v -4.10945702 -0.280198008 -1.51147699
v -4.10945702 -0.274744004 -1.51883698
v -4.10057116 -0.274744004 -1.51883698
v -4.09036112 -0.274744004 -1.51883698
v -4.09036112 -0.280198008 -1.51147699
v -4.0794878 -0.274744004 -1.51883698
v -4.0794878 -0.280198008 -1.51147699
v -4.09036112 -0.284911007 -1.50362098
v -4.10057116 -0.284911007 -1.50362098
v -4.09036112 -0.288832009 -1.49534297
v -4.10057116 -0.288832009 -1.49534297
v -4.0794878 -0.284911007 -1.50362098
v -4.0794878 -0.288832009 -1.49534297
v -4.10945702 -0.284911007 -1.50362098
v -4.10945702 -0.288832009 -1.49534297
v -4.12287283 -0.294135988 -1.47782898
v -4.12381411 -0.294135988 -1.47782898
v -4.12381411 -0.291913003 -1.48671699
v -4.12287283 -0.291913003 -1.48671699
v -4.12409306 -0.294135988 -1.47782898
v -4.12409306 -0.291913003 -1.48671699
v -4.12060785 -0.291913003 -1.48671603
v -4.12060785 -0.294135988 -1.47782898
v -4.1163559 -0.291913003 -1.48671603
v -4.1163559 -0.294135988 -1.47782898
v -4.12060785 -0.295482993 -1.46876705
v -4.12287283 -0.295482993 -1.46876705
v -4.12060785 -0.295937985 -1.45961905
v -4.12287283 -0.295937985 -1.45961905
v -4.1163559 -0.295482993 -1.46876705
v -4.1163559 -0.295937985 -1.45961905
v -4.12381411 -0.295482993 -1.46876705
v -4.12409306 -0.295482993 -1.46876705
v -4.12381411 -0.295937985 -1.45961905
v -4.12409306 -0.295937985 -1.45961905
v -4.10057116 -0.294135988 -1.47782898
v -4.10945702 -0.294135988 -1.47782898
v -4.10945702 -0.291913003 -1.48671603
v -4.10057116 -0.291913003 -1.48671603
v -4.09036112 -0.291913003 -1.48671603
v -4.09036112 -0.294135988 -1.47782898
v -4.0794878 -0.291913003 -1.48671699
v -4.0794878 -0.294135988 -1.47782898
v -4.09036112 -0.295482993 -1.46876705
v -4.10057116 -0.295482993 -1.46876705
v -4.09036112 -0.295937985 -1.45961905
v -4.10057116 -0.295937985 -1.45961905
v -4.0794878 -0.295482993 -1.46876705
v -4.0794878 -0.295937985 -1.45961905
v -4.10945702 -0.295482993 -1.46876705
v -4.10945702 -0.295937985 -1.45961905
v -4.12287283 -0.294135988 -1.44140899
v -4.12381411 -0.294135988 -1.44140899
v -4.12381411 -0.295482993 -1.45046997
v -4.12287283 -0.295482993 -1.45046997
v -4.12409306 -0.294135988 -1.44140899
v -4.12409306 -0.295482993 -1.45046997
v -4.12060785 -0.295482993 -1.45046997
v -4.12060785 -0.294135988 -1.44140899
v -4.1163559 -0.295482993 -1.45046997
v -4.1163559 -0.294135988 -1.44140899
v -4.12060785 -0.291913003 -1.43252099
v -4.12287283 -0.291913003 -1.43252099
v -4.12060785 -0.288832009 -1.423895
v -4.12287283 -0.288832009 -1.423895
v -4.1163559 -0.291913003 -1.43252099
v -4.1163559 -0.288832009 -1.423895
v -4.12381411 -0.291913003 -1.43252099
v -4.12409306 -0.291913003 -1.43252099
v -4.12381411 -0.288832009 -1.423895
v -4.12409306 -0.288832009 -1.423895
v -4.10057116 -0.294135988 -1.44140899
v -4.10945702 -0.294135988 -1.44140899
v -4.10945702 -0.295482993 -1.45046997
v -4.10057116 -0.295482993 -1.45046997
v -4.09036112 -0.295482993 -1.45046997
v -4.09036112 -0.294135988 -1.44140899
v -4.0794878 -0.295482993 -1.45046997
v -4.0794878 -0.294135988 -1.44140899
v -4.09036112 -0.291913003 -1.43252099
v -4.10057116 -0.291913003 -1.43252099
v -4.09036112 -0.288832009 -1.423895
v -4.10057116 -0.288832009 -1.423895
v -4.0794878 -0.291913003 -1.43252099
v -4.0794878 -0.288832009 -1.423895
v -4.10945702 -0.291913003 -1.43252099
v -4.10945702 -0.288832009 -1.423895
v -4.12287283 -0.280198008 -1.40776098
v -4.12381411 -0.280198008 -1.40776098
v -4.12381411 -0.284911007 -1.41561699
v -4.12287283 -0.284911007 -1.41561699
v -4.12409306 -0.280198008 -1.40776098
v -4.12409306 -0.284911007 -1.41561699
v -4.12060785 -0.284911007 -1.41561699
v -4.12060785 -0.280198008 -1.40776098
v -4.1163559 -0.284911007 -1.41561699
v -4.1163559 -0.280198008 -1.40776098
v -4.12060785 -0.274744004 -1.40040004
v -4.12287283 -0.274744004 -1.40040004
v -4.12060785 -0.268595994 -1.39361
v -4.12287283 -0.268595994 -1.39361
v -4.1163559 -0.274744004 -1.40040004
v -4.1163559 -0.268595994 -1.39361
v -4.12381411 -0.274744004 -1.40040004
v -4.12409306 -0.274744004 -1.40040004
v -4.12381411 -0.268595994 -1.39361
v -4.12409306 -0.268595994 -1.39361
v -4.10057116 -0.280198008 -1.40776098
v -4.10945702 -0.280198008 -1.40776098
v -4.10945702 -0.284911007 -1.41561699
v -4.10057116 -0.284911007 -1.41561699
v -4.09036112 -0.284911007 -1.41561699
v -4.09036112 -0.280198008 -1.40776098
v -4.0794878 -0.284911007 -1.41561699
v -4.0794878 -0.280198008 -1.40776098
v -4.09036112 -0.274744004 -1.40040004
v -4.10057116 -0.274744004 -1.40040004
v -4.09036112 -0.268595994 -1.39361
v -4.10057116 -0.268595994 -1.39361
v -4.0794878 -0.274744004 -1.40040004
v -4.0794878 -0.268595994 -1.39361
v -4.10945702 -0.274744004 -1.40040004
v -4.10945702 -0.268595994 -1.39361
v -4.12287283 -0.254444987 -1.38200796
v -4.12381411 -0.254444987 -1.38200796
v -4.12381411 -0.261806011 -1.38746202
v -4.12287283 -0.261806011 -1.38746202
v -4.12409306 -0.254444987 -1.38200796
v -4.12409306 -0.261806011 -1.38746202
v -4.12060785 -0.261806011 -1.38746202
v -4.12060785 -0.254444987 -1.38200796
v -4.1163559 -0.261806011 -1.38746202
v -4.1163559 -0.254444987 -1.38200796
v -4.12060785 -0.246589005 -1.37729502
v -4.12287283 -0.246589005 -1.37729502
v -4.12060785 -0.238310993 -1.37337399
v -4.12287283 -0.238310993 -1.37337399
v -4.1163559 -0.246589005 -1.37729502
v -4.1163559 -0.238310993 -1.37337399
v -4.12381411 -0.246589005 -1.37729502
v -4.12409306 -0.246589005 -1.37729502
v -4.12381411 -0.238310993 -1.37337399
v -4.12409306 -0.238310993 -1.37337399
v -4.10057116 -0.254444987 -1.38200796
v -4.10945702 -0.254444987 -1.38200796
v -4.10945702 -0.261806011 -1.38746202
v -4.10057116 -0.261806011 -1.38746202
v -4.09036112 -0.261806011 -1.38746202
v -4.09036112 -0.254444987 -1.38200796
v -4.0794878 -0.261806011 -1.38746202
v -4.0794878 -0.254444987 -1.38200796
v -4.09036112 -0.246589005 -1.37729502
v -4.10057116 -0.246589005 -1.37729502
v -4.09036112 -0.238310993 -1.37337399
v -4.10057116 -0.238310993 -1.37337399
v -4.0794878 -0.246589005 -1.37729502
v -4.0794878 -0.238310993 -1.37337399
v -4.10945702 -0.246589005 -1.37729502
v -4.10945702 -0.238310993 -1.37337399
v -4.12287283 -0.220797002 -1.36807001
v -4.12381411 -0.220797002 -1.36807001
v -4.12381411 -0.229684994 -1.37029302
v -4.12287283 -0.229684994 -1.37029302
v -4.12409306 -0.220797002 -1.36807001
v -4.12409306 -0.229684994 -1.37029302
v -4.12060785 -0.229684994 -1.37029302
v -4.12060785 -0.220797002 -1.36807001
v -4.1163559 -0.229684994 -1.37029302
v -4.1163559 -0.220797002 -1.36807001
v -4.12060785 -0.211735994 -1.36672294
v -4.12287283 -0.211735994 -1.36672294
v -4.12060785 -0.202586994 -1.36626804
v -4.12287283 -0.202586994 -1.36626804
v -4.1163559 -0.211735994 -1.36672294
v -4.1163559 -0.202586994 -1.36626804
v -4.12381411 -0.211735994 -1.36672294
v -4.12409306 -0.211735994 -1.36672294
v -4.12381411 -0.202586994 -1.36626804
v -4.12409306 -0.202586994 -1.36626804
v -4.10057116 -0.220797002 -1.36807001
v -4.10945702 -0.220797002 -1.36807001
v -4.10945702 -0.229684994 -1.37029302
v -4.10057116 -0.229684994 -1.37029302
v -4.09036112 -0.229684994 -1.37029302
v -4.09036112 -0.220797002 -1.36807001
v -4.0794878 -0.229684994 -1.37029302
v -4.0794878 -0.220797002 -1.36807001
v -4.09036112 -0.211735994 -1.36672294
v -4.10057116 -0.211735994 -1.36672294
v -4.09036112 -0.202586994 -1.36626804
v -4.10057116 -0.202586994 -1.36626804
v -4.0794878 -0.211735994 -1.36672294
v -4.0794878 -0.202586994 -1.36626804
v -4.10945702 -0.211735994 -1.36672294
v -4.10945702 -0.202586994 -1.36626804
v -4.12287283 -0.184377 -1.36807001
v -4.12381411 -0.184377 -1.36807001
v -4.12381411 -0.193439007 -1.36672294
v -4.12287283 -0.193439007 -1.36672294
v -4.12409306 -0.184377 -1.36807001
v -4.12409306 -0.193439007 -1.36672294
v -4.12060785 -0.193439007 -1.36672294
v -4.12060785 -0.184377 -1.36807001
v -4.1163559 -0.193439007 -1.36672294
v -4.1163559 -0.184377 -1.36807001
v -4.12060785 -0.175490007 -1.37029302
v -4.12287283 -0.175490007 -1.37029302
v -4.12060785 -0.166862994 -1.37337399
v -4.12287283 -0.166862994 -1.37337399
v -4.1163559 -0.175490007 -1.37029302
v -4.1163559 -0.166862994 -1.37337399
v -4.12381411 -0.175490007 -1.37029302
v -4.12409306 -0.175490007 -1.37029302
v -4.12381411 -0.166862994 -1.37337399
v -4.12409306 -0.166862994 -1.37337399
v -4.10057116 -0.184377 -1.36807001
v -4.10945702 -0.184377 -1.36807001
v -4.10945702 -0.193439007 -1.36672294
v -4.10057116 -0.193439007 -1.36672294
v -4.09036112 -0.193439007 -1.36672294
v -4.09036112 -0.184377 -1.36807001
v -4.0794878 -0.193439007 -1.36672294
v -4.0794878 -0.184377 -1.36807001
v -4.09036112 -0.175490007 -1.37029302
v -4.10057116 -0.175490007 -1.37029302
v -4.09036112 -0.166862994 -1.37337399
v -4.10057116 -0.166862994 -1.37337399
v -4.0794878 -0.175490007 -1.37029302
v -4.0794878 -0.166862994 -1.37337399
v -4.10945702 -0.175490007 -1.37029302
v -4.10945702 -0.166862994 -1.37337399
v -4.12287283 -0.150729001 -1.38200796
v -4.12381411 -0.150729001 -1.38200796
v -4.12381411 -0.158584997 -1.37729502
v -4.12287283 -0.158584997 -1.37729502
v -4.12409306 -0.150729001 -1.38200796
v -4.12409306 -0.158584997 -1.37729502
v -4.12060785 -0.158584997 -1.37729502
v -4.12060785 -0.150729001 -1.38200796
v -4.1163559 -0.158584997 -1.37729502
v -4.1163559 -0.150729001 -1.38200796
v -4.12060785 -0.143369004 -1.38746202
v -4.12287283 -0.143369004 -1.38746202
v -4.12060785 -0.136577994 -1.39361
v -4.12287283 -0.136577994 -1.39361
v -4.1163559 -0.143369004 -1.38746202
v -4.1163559 -0.136577994 -1.39361
v -4.12381411 -0.143369004 -1.38746202
v -4.12409306 -0.143369004 -1.38746202
v -4.12381411 -0.136577994 -1.39361
v -4.12409306 -0.136577994 -1.39361
v -4.10057116 -0.150729001 -1.38200796
v -4.10945702 -0.150729001 -1.38200796
v -4.10945702 -0.158584997 -1.37729502
v -4.10057116 -0.158584997 -1.37729502
v -4.09036112 -0.158584997 -1.37729502
v -4.09036112 -0.150729001 -1.38200796
v -4.0794878 -0.158584997 -1.37729502
v -4.0794878 -0.150729001 -1.38200796
v -4.09036112 -0.143369004 -1.38746202
v -4.10057116 -0.143369004 -1.38746202
v -4.09036112 -0.136577994 -1.39361
v -4.10057116 -0.136577994 -1.39361
v -4.0794878 -0.143369004 -1.38746202
v -4.0794878 -0.136577994 -1.39361
v -4.10945702 -0.143369004 -1.38746202
v -4.10945702 -0.136577994 -1.39361
v -4.12287283 -0.124976002 -1.40776098
v -4.12381411 -0.124976002 -1.40776098
v -4.12381411 -0.130430996 -1.40040004
v -4.12287283 -0.130430996 -1.40040004
v -4.12409306 -0.124976002 -1.40776098
v -4.12409306 -0.130430996 -1.40040004
v -4.12060785 -0.130430996 -1.40040004
v -4.12060785 -0.124976002 -1.40776098
v -4.1163559 -0.130430996 -1.40040004
v -4.1163559 -0.124976002 -1.40776098
v -4.12060785 -0.120263003 -1.41561699
v -4.12287283 -0.120263003 -1.41561699
v -4.12060785 -0.116342001 -1.423895
v -4.12287283 -0.116342001 -1.423895
v -4.1163559 -0.120263003 -1.41561699
v -4.1163559 -0.116342001 -1.423895
v -4.12381411 -0.120263003 -1.41561699
v -4.12409306 -0.120263003 -1.41561699
v -4.12381411 -0.116342001 -1.423895
v -4.12409306 -0.116342001 -1.423895
v -4.10057116 -0.124976002 -1.40776098
v -4.10945702 -0.124976002 -1.40776098
v -4.10945702 -0.130430996 -1.40040004
v -4.10057116 -0.130430996 -1.40040004
v -4.09036112 -0.130430996 -1.40040004
v -4.09036112 -0.124976002 -1.40776098
v -4.0794878 -0.130430996 -1.40040004
v -4.0794878 -0.124976002 -1.40776098
v -4.09036112 -0.120263003 -1.41561699
v -4.10057116 -0.120263003 -1.41561699
v -4.09036112 -0.116342001 -1.423895
v -4.10057116 -0.116342001 -1.423895
v -4.0794878 -0.120263003 -1.41561699
v -4.0794878 -0.116342001 -1.423895
v -4.10945702 -0.120263003 -1.41561699
v -4.10945702 -0.116342001 -1.423895
v -4.12287283 -0.111038998 -1.44140899
v -4.12381411 -0.111038998 -1.44140899
v -4.12381411 -0.113260999 -1.43252099
v -4.12287283 -0.113260999 -1.43252099
v -4.12409306 -0.111038998 -1.44140899
v -4.12409306 -0.113260999 -1.43252099
v -4.12060785 -0.113260999 -1.43252099
v -4.12060785 -0.111038998 -1.44140899
v -4.1163559 -0.113260999 -1.43252099
v -4.1163559 -0.111038998 -1.44140899
v -4.12060785 -0.109691001 -1.45046997
v -4.12287283 -0.109691001 -1.45046997
v -4.12060785 -0.109236002 -1.45961905
v -4.12287283 -0.109236002 -1.45961905
v -4.1163559 -0.109691001 -1.45046997
v -4.1163559 -0.109236002 -1.45961905
v -4.12381411 -0.109691001 -1.45046997
v -4.12409306 -0.109691001 -1.45046997
v -4.12381411 -0.109236002 -1.45961905
v -4.12409306 -0.109236002 -1.45961905
v -4.10057116 -0.111038998 -1.44140899
v -4.10945702 -0.111038998 -1.44140899
v -4.10945702 -0.113260999 -1.43252099
v -4.10057116 -0.113260999 -1.43252099
v -4.09036112 -0.113260999 -1.43252099
v -4.09036112 -0.111038998 -1.44140899
v -4.0794878 -0.113260999 -1.43252099
v -4.0794878 -0.111038998 -1.44140899
v -4.09036112 -0.109691001 -1.45046997
v -4.10057116 -0.109691001 -1.45046997
v -4.09036112 -0.109236002 -1.45961905
v -4.10057116 -0.109236002 -1.45961905
v -4.0794878 -0.109691001 -1.45046997
v -4.0794878 -0.109236002 -1.45961905
v -4.10945702 -0.109691001 -1.45046997
v -4.10945702 -0.109236002 -1.45961905
v -4.12287283 -0.111038998 -1.47782898
v -4.12381411 -0.111038998 -1.47782898
v -4.12381411 -0.109691001 -1.468768
v -4.12287283 -0.109691001 -1.468768
v -4.12409306 -0.111038998 -1.47782898
v -4.12409306 -0.109691001 -1.46876705
v -4.12060785 -0.109691001 -1.468768
v -4.12060785 -0.111038998 -1.47782898
v -4.1163559 -0.109691001 -1.468768
v -4.1163559 -0.111038998 -1.47782898
v -4.12060785 -0.113260999 -1.48671699
v -4.12287283 -0.113260999 -1.48671699
v -4.12060785 -0.116342001 -1.49534297
v -4.12287283 -0.116342001 -1.49534297
v -4.1163559 -0.113260999 -1.48671699
v -4.1163559 -0.116342001 -1.49534297
v -4.12381411 -0.113260999 -1.48671699
v -4.12409306 -0.113260999 -1.48671699
v -4.12381411 -0.116342001 -1.49534297
v -4.12409306 -0.116342001 -1.49534297
v -4.10057116 -0.111038998 -1.47782898
v -4.10945702 -0.111038998 -1.47782898
v -4.10945702 -0.109691001 -1.468768
v -4.10057116 -0.109691001 -1.468768
v -4.09036112 -0.109691001 -1.468768
v -4.09036112 -0.111038998 -1.47782898
v -4.0794878 -0.109691001 -1.46876705
v -4.0794878 -0.111038998 -1.47782898
v -4.09036112 -0.113260999 -1.48671699
v -4.10057116 -0.113260999 -1.48671699
v -4.09036112 -0.116342001 -1.49534297
v -4.10057116 -0.116342001 -1.49534297
v -4.0794878 -0.113260999 -1.48671699
v -4.0794878 -0.116342001 -1.49534297
v -4.10945702 -0.113260999 -1.48671699
v -4.10945702 -0.116342001 -1.49534297
v -4.12287283 -0.124976002 -1.51147699
v -4.12381411 -0.124976002 -1.51147699
v -4.12381411 -0.120263003 -1.50362098
v -4.12287283 -0.120263003 -1.50362098
v -4.12409306 -0.124976002 -1.51147699
v -4.12409306 -0.120263003 -1.50362098
v -4.12060785 -0.120263003 -1.50362098
v -4.12060785 -0.124976002 -1.51147699
v -4.1163559 -0.120263003 -1.50362098
v -4.1163559 -0.124976002 -1.51147699
v -4.12060785 -0.130430996 -1.51883698
v -4.12287283 -0.130430996 -1.51883698
v -4.1163559 -0.130430996 -1.51883698
v -4.12381411 -0.130430996 -1.51883698
v -4.12409306 -0.130430996 -1.51883698
v -4.10057116 -0.124976002 -1.51147699
v -4.10945702 -0.124976002 -1.51147699
v -4.10945702 -0.120263003 -1.50362098
v -4.10057116 -0.120263003 -1.50362098
v -4.09036112 -0.120263003 -1.50362098
v -4.09036112 -0.124976002 -1.51147699
v -4.0794878 -0.120263003 -1.50362098
v -4.0794878 -0.124976002 -1.51147699
v -4.09036112 -0.130430996 -1.51883698
v -4.10057116 -0.130430996 -1.51883698
v -4.0794878 -0.130430996 -1.51883698
v -4.10945702 -0.130430996 -1.51883698
vn -0.000199999995 0.555599988 0.831399977
vn -0.000199999995 0.634000003 0.773299992
vn -0.000500000024 0.634000003 0.773299992
vn -0.000500000024 0.555599988 0.831399977
vn -0.00139999995 0.634000003 0.773299992
vn -0.00139999995 0.555599988 0.831399977
vn -0.000199999995 0.707099974 0.707099974
vn -0.000500000024 0.707099974 0.707099974
vn -0.00139999995 0.707099974 0.707099974
vn -0.000500000024 0.471799999 0.881699979
vn -0.000199999995 0.471799999 0.881699979
vn -0.000500000024 0.382699996 0.923900008
vn -0.000199999995 0.382699996 0.923900008
vn -0.00139999995 0.471799999 0.881699979
vn -0.00139999995 0.382699996 0.923900008
vn -0 0.471799999 0.881699979
vn -0 0.555599988 0.831399977
vn -0 0.471799999 0.881699979
vn -0 0.555599988 0.831399977
vn -0 0.382699996 0.923900008
vn -0 0.382699996 0.923900008
vn -0 0.634000003 0.773299992
vn -0 0.707099974 0.707099974
vn -0 0.634000003 0.773299992
vn -0 0.707099974 0.707099974
vn -0.000199999995 0.195099995 0.980799973
vn -0.000199999995 0.289799988 0.957099974
vn -0.000500000024 0.289799988 0.957099974
vn -0.000500000024 0.195099995 0.980799973
vn -0.00139999995 0.289799988 0.957099974
vn -0.00139999995 0.195099995 0.980799973
vn -0.000500000024 0.0984999985 0.995100021
vn -0.000199999995 0.0984999985 0.995100021
vn -0.000500000024 0 1
vn -0.000199999995 0 1
vn -0.00139999995 0.0984999985 0.995100021
vn -0.00139999995 0 1
vn -0 0.0984999985 0.995100021
vn -0 0.195099995 0.980799973
vn -0 0.0984999985 0.995100021
vn -0 0.195099995 0.980799973
vn -0 0 1
vn -0 0 1
vn -0 0.289799988 0.957099974
vn -0 0.289799988 0.957099974
vn -0.000199999995 -0.195099995 0.980799973
vn -0.000199999995 -0.0984999985 0.995100021
vn -0.000500000024 -0.0984999985 0.995100021
vn -0.000500000024 -0.195099995 0.980799973
vn -0.00139999995 -0.0984999985 0.995100021
vn -0.00139999995 -0.195099995 0.980799973
vn -0.000500000024 -0.289799988 0.957099974
vn -0.000199999995 -0.289799988 0.957099974
vn -0.000500000024 -0.382699996 0.923900008
vn -0.000199999995 -0.382699996 0.923900008
vn -0.00139999995 -0.289799988 0.957099974
vn -0.00139999995 -0.382699996 0.923900008
vn -0 -0.289799988 0.957099974
vn -0 -0.195099995 0.980799973
vn -0 -0.289799988 0.957099974
vn -0 -0.195099995 0.980799973
vn -0 -0.382699996 0.923900008
vn -0 -0.382699996 0.923900008
vn -0 -0.0984999985 0.995100021
vn -0 -0.0984999985 0.995100021
vn -0.000199999995 -0.555599988 0.831399977
vn -0.000199999995 -0.471799999 0.881699979
vn -0.000500000024 -0.471799999 0.881699979
vn -0.000500000024 -0.555599988 0.831399977
vn -0.00139999995 -0.471799999 0.881699979
vn -0.00139999995 -0.555599988 0.831399977
vn -0.000500000024 -0.634000003 0.773299992
vn -0.000199999995 -0.634000003 0.773299992
vn -0.000500000024 -0.707099974 0.707099974
vn -0.000199999995 -0.707099974 0.707099974
vn -0.00139999995 -0.634000003 0.773299992
vn -0.00139999995 -0.707099974 0.707099974
vn -0 -0.634000003 0.773299992
vn -0 -0.555599988 0.831399977
vn -0 -0.634000003 0.773299992
vn -0 -0.555599988 0.831399977
vn -0 -0.707099974 0.707099974
vn -0 -0.707099974 0.707099974
vn -0 -0.471799999 0.881699979
vn -0 -0.471799999 0.881699979
vn -0.000199999995 -0.831399977 0.555599988
vn -0.000199999995 -0.773299992 0.634000003
vn -0.000500000024 -0.773299992 0.634000003
vn -0.000500000024 -0.831399977 0.555599988
vn -0.00139999995 -0.773299992 0.634000003
vn -0.00139999995 -0.831399977 0.555599988
vn -0.000500000024 -0.881699979 0.471799999
vn -0.000199999995 -0.881699979 0.471799999
vn -0.000500000024 -0.923900008 0.382699996
vn -0.000199999995 -0.923900008 0.382699996
vn -0.00139999995 -0.881699979 0.471799999
vn -0.00139999995 -0.923900008 0.382699996
vn -0 -0.881699979 0.471799999
vn -0 -0.831399977 0.555599988
vn -0 -0.881699979 0.471799999
vn -0 -0.831399977 0.555599988
vn -0 -0.923900008 0.382699996
vn -0 -0.923900008 0.382699996
vn -0 -0.773299992 0.634000003
vn -0 -0.773299992 0.634000003
vn -0.000199999995 -0.980799973 0.195099995
vn -0.000199999995 -0.957099974 0.289799988
vn -0.000500000024 -0.957099974 0.289799988
vn -0.000500000024 -0.980799973 0.195099995
vn -0.00139999995 -0.957099974 0.289799988
vn -0.00139999995 -0.980799973 0.195099995
vn -0.000500000024 -0.995100021 0.0984999985
vn -0.000199999995 -0.995100021 0.0984999985
vn -0.000500000024 -1 0
vn -0.000199999995 -1 0
vn -0.00139999995 -0.995100021 0.0984999985
vn -0.00139999995 -1 0
vn -0 -0.995100021 0.0984999985
vn -0 -0.980799973 0.195099995
vn -0 -0.995100021 0.0984999985
vn -0 -0.980799973 0.195099995
vn -0 -1 0
vn -0 -1 0
vn -0 -0.957099974 0.289799988
vn -0 -0.957099974 0.289799988
vn -0.000199999995 -0.980799973 -0.195099995
vn -0.000199999995 -0.995100021 -0.0984999985
vn -0.000500000024 -0.995100021 -0.0984999985
vn -0.000500000024 -0.980799973 -0.195099995
vn -0.00139999995 -0.995100021 -0.0984999985
vn -0.00139999995 -0.980799973 -0.195099995
vn -0.000500000024 -0.957099974 -0.289799988
vn -0.000199999995 -0.957099974 -0.289799988
vn -0.000500000024 -0.923900008 -0.382699996
vn -0.000199999995 -0.923900008 -0.382699996
vn -0.00139999995 -0.957099974 -0.289799988
vn -0.00139999995 -0.923900008 -0.382699996
vn -0 -0.957099974 -0.289799988
vn -0 -0.980799973 -0.195099995
vn -0 -0.957099974 -0.289799988
vn -0 -0.980799973 -0.195099995
vn -0 -0.923900008 -0.382699996
vn -0 -0.923900008 -0.382699996
vn -0 -0.995100021 -0.0984999985
vn -0 -0.995100021 -0.0984999985
vn -0.000199999995 -0.831399977 -0.555599988
vn -0.000199999995 -0.881699979 -0.471799999
vn -0.000500000024 -0.881699979 -0.471799999
vn -0.000500000024 -0.831399977 -0.555599988
vn -0.00139999995 -0.881699979 -0.471799999
vn -0.00139999995 -0.831399977 -0.555599988
vn -0.000500000024 -0.773299992 -0.634000003
vn -0.000199999995 -0.773299992 -0.634000003
vn -0.000500000024 -0.707099974 -0.707099974
vn -0.000199999995 -0.707099974 -0.707099974
vn -0.00139999995 -0.773299992 -0.634000003
vn -0.00139999995 -0.707099974 -0.707099974
vn -0 -0.773299992 -0.634000003
vn -0 -0.831399977 -0.555599988
vn -0 -0.773299992 -0.634000003
vn -0 -0.831399977 -0.555599988
vn -0 -0.707099974 -0.707099974
vn -0 -0.707099974 -0.707099974
vn -0 -0.881699979 -0.471799999
vn -0 -0.881699979 -0.471799999
vn -0.000199999995 -0.555599988 -0.831399977
vn -0.000199999995 -0.634000003 -0.773299992
vn -0.000500000024 -0.634000003 -0.773299992
vn -0.000500000024 -0.555599988 -0.831399977
vn -0.00139999995 -0.634000003 -0.773299992
vn -0.00139999995 -0.555599988 -0.831399977
vn -0.000500000024 -0.471799999 -0.881699979
vn -0.000199999995 -0.471799999 -0.881699979
vn -0.000500000024 -0.382699996 -0.923900008
vn -0.000199999995 -0.382699996 -0.923900008
vn -0.00139999995 -0.471799999 -0.881699979
vn -0.00139999995 -0.382699996 -0.923900008
vn -0 -0.471799999 -0.881699979
vn -0 -0.555599988 -0.831399977
vn -0 -0.471799999 -0.881699979
vn -0 -0.555599988 -0.831399977
vn -0 -0.382699996 -0.923900008
vn -0 -0.382699996 -0.923900008
vn -0 -0.634000003 -0.773299992
vn -0 -0.634000003 -0.773299992
vn -0.000199999995 -0.195099995 -0.980799973
vn -0.000199999995 -0.289799988 -0.957099974
vn -0.000500000024 -0.289799988 -0.957099974
vn -0.000500000024 -0.195099995 -0.980799973
vn -0.00139999995 -0.289799988 -0.957099974
vn -0.00139999995 -0.195099995 -0.980799973
vn -0.000500000024 -0.0984999985 -0.995100021
vn -0.000199999995 -0.0984999985 -0.995100021
vn -0.000500000024 0 -1
vn -0.000199999995 0 -1
vn -0.00139999995 -0.0984999985 -0.995100021
vn -0.00139999995 0 -1
vn -0 -0.0984999985 -0.995100021
vn -0 -0.195099995 -0.980799973
vn -0 -0.0984999985 -0.995100021
vn -0 -0.195099995 -0.980799973
vn -0 0 -1
vn -0 0 -1
vn -0 -0.289799988 -0.957099974
vn -0 -0.289799988 -0.957099974
vn -0.000199999995 0.195099995 -0.980799973
vn -0.000199999995 0.0984999985 -0.995100021
vn -0.000500000024 0.0984999985 -0.995100021
vn -0.000500000024 0.195099995 -0.980799973
vn -0.00139999995 0.0984999985 -0.995100021
vn -0.00139999995 0.195099995 -0.980799973
vn -0.000500000024 0.289799988 -0.957099974
vn -0.000199999995 0.289799988 -0.957099974
vn -0.000500000024 0.382699996 -0.923900008
vn -0.000199999995 0.382699996 -0.923900008
vn -0.00139999995 0.289799988 -0.957099974
vn -0.00139999995 0.382699996 -0.923900008
vn -0 0.289799988 -0.957099974
vn -0 0.195099995 -0.980799973
vn -0 0.289799988 -0.957099974
vn -0 0.195099995 -0.980799973
vn -0 0.382699996 -0.923900008
vn -0 0.382699996 -0.923900008
vn -0 0.0984999985 -0.995100021
vn -0 0.0984999985 -0.995100021
vn -0.000199999995 0.555599988 -0.831399977
vn -0.000199999995 0.471799999 -0.881699979
vn -0.000500000024 0.471799999 -0.881699979
vn -0.000500000024 0.555599988 -0.831399977
vn -0.00139999995 0.471799999 -0.881699979
vn -0.00139999995 0.555599988 -0.831399977
vn -0.000500000024 0.634000003 -0.773299992
vn -0.000199999995 0.634000003 -0.773299992
vn -0.000500000024 0.707099974 -0.707099974
vn -0.000199999995 0.707099974 -0.707099974
vn -0.00139999995 0.634000003 -0.773299992
vn -0.00139999995 0.707099974 -0.707099974
vn -0 0.634000003 -0.773299992
vn -0 0.555599988 -0.831399977
vn -0 0.634000003 -0.773299992
vn -0 0.555599988 -0.831399977
vn -0 0.707099974 -0.707099974
vn -0 0.707099974 -0.707099974
vn -0 0.471799999 -0.881699979
vn -0 0.471799999 -0.881699979
vn -0.000199999995 0.831399977 -0.555599988
vn -0.000199999995 0.773299992 -0.634000003
vn -0.000500000024 0.773299992 -0.634000003
vn -0.000500000024 0.831399977 -0.555599988
vn -0.00139999995 0.773299992 -0.634000003
vn -0.00139999995 0.831399977 -0.555599988
vn -0.000500000024 0.881699979 -0.471799999
vn -0.000199999995 0.881699979 -0.471799999
vn -0.000500000024 0.923900008 -0.382699996
vn -0.000199999995 0.923900008 -0.382699996
vn -0.00139999995 0.881699979 -0.471799999
vn -0.00139999995 0.923900008 -0.382699996
vn -0 0.881699979 -0.471799999
vn -0 0.831399977 -0.555599988
vn -0 0.881699979 -0.471799999
vn -0 0.831399977 -0.555599988
vn -0 0.923900008 -0.382699996
vn -0 0.923900008 -0.382699996
vn -0 0.773299992 -0.634000003
vn -0 0.773299992 -0.634000003
vn -0.000199999995 0.980799973 -0.195099995
vn -0.000199999995 0.957099974 -0.289799988
vn -0.000500000024 0.957099974 -0.289799988
vn -0.000500000024 0.980799973 -0.195099995
vn -0.00139999995 0.957099974 -0.289799988
vn -0.00139999995 0.980799973 -0.195099995
vn -0.000500000024 0.995100021 -0.0984999985
vn -0.000199999995 0.995100021 -0.0984999985
vn -0.000500000024 1 0
vn -0.000199999995 1 0
vn -0.00139999995 0.995100021 -0.0984999985
vn -0.00139999995 1 0
vn -0 0.995100021 -0.0984999985
vn -0 0.980799973 -0.195099995
vn -0 0.995100021 -0.0984999985
vn -0 0.980799973 -0.195099995
vn -0 1 0
vn -0 1 0
vn -0 0.957099974 -0.289799988
vn -0 0.957099974 -0.289799988
vn -0.000199999995 0.980799973 0.195099995
vn -0.000199999995 0.995100021 0.0984999985
vn -0.000500000024 0.995100021 0.0984999985
vn -0.000500000024 0.980799973 0.195099995
vn -0.00139999995 0.995100021 0.0984999985
vn -0.00139999995 0.980799973 0.195099995
vn -0.000500000024 0.957099974 0.289799988
vn -0.000199999995 0.957099974 0.289799988
vn -0.000500000024 0.923900008 0.382699996
vn -0.000199999995 0.923900008 0.382699996
vn -0.00139999995 0.957099974 0.289799988
vn -0.00139999995 0.923900008 0.382699996
vn -0 0.957099974 0.289799988
vn -0 0.980799973 0.195099995
vn -0 0.957099974 0.289799988
vn -0 0.980799973 0.195099995
vn -0 0.923900008 0.382699996
vn -0 0.923900008 0.382699996
vn -0 0.995100021 0.0984999985
vn -0 0.995100021 0.0984999985
vn -0.000199999995 0.831399977 0.555599988
vn -0.000500000024 0.831399977 0.555599988
vn -0.000500000024 0.773299992 0.634000003
vn -0.000199999995 0.773299992 0.634000003
vn -0.00139999995 0.831399977 0.555599988
vn -0.00139999995 0.773299992 0.634000003
vn -0 0.773299992 0.634000003
vn -0 0.831399977 0.555599988
vn -0 0.773299992 0.634000003
vn -0 0.831399977 0.555599988
vn -0 0.881699979 0.471799999
vn -0.000199999995 0.881699979 0.471799999
vn -0 0.881699979 0.471799999
vn -0.000500000024 0.881699979 0.471799999
vn -0.00139999995 0.881699979 0.471799999
vn -0.0500000007 0.554899991 0.83039999
vn -0.00810000021 0.555499971 0.831399977
vn -0.00810000021 0.634000003 0.773299992
vn -0.0500000007 0.63319999 0.772300005
vn -0.00810000021 0.707099974 0.707099974
vn -0.0500000007 0.706200004 0.706200004
vn -0.301699996 0.604499996 0.737299979
vn -0.301699996 0.529699981 0.792699993
vn -0.506600022 0.546599984 0.666700006
vn -0.506600022 0.479000002 0.716799974
vn -0.301699996 0.674199998 0.674099982
vn -0.506600022 0.609600008 0.609600008
vn -0.301699996 0.449800014 0.840600014
vn -0.0500000007 0.471199989 0.880599976
vn -0.301699996 0.364800006 0.880800009
vn -0.0500000007 0.382200003 0.922699988
vn -0.506600022 0.406800002 0.760200024
vn -0.506600022 0.329899997 0.796500027
vn -0.00810000021 0.471799999 0.881600022
vn -0.00810000021 0.382699996 0.923799992
vn -0.509199977 0.478100002 0.715600014
vn -0.507200003 0.478799999 0.716499984
vn -0.507200003 0.546400011 0.666400015
vn -0.509199977 0.545700014 0.665499985
vn -0.507300019 0.609300017 0.609399974
vn -0.509199977 0.60860002 0.608500004
vn -0.513300002 0.544099987 0.663600028
vn -0.513300002 0.476799995 0.71359998
vn -0.524299979 0.539900005 0.658399999
vn -0.524299979 0.47299999 0.708000004
vn -0.513300002 0.606899977 0.60680002
vn -0.524299979 0.602100015 0.601999998
vn -0.513300002 0.404900014 0.756600022
vn -0.509199977 0.405999988 0.75880003
vn -0.513400018 0.328399986 0.792800009
vn -0.509199977 0.329299986 0.795099974
vn -0.524299979 0.40169999 0.750800014
vn -0.524399996 0.325800002 0.786599994
vn -0.507200003 0.406599998 0.759800017
vn -0.507200003 0.32980001 0.796199977
vn -0.0500000007 0.194800004 0.979600012
vn -0.00810000021 0.195099995 0.980700016
vn -0.00810000021 0.289799988 0.957000017
vn -0.0500000007 0.289400011 0.955900013
vn -0.301699996 0.276300013 0.912400007
vn -0.301699996 0.186000004 0.935100019
vn -0.506600022 0.249899998 0.825100005
vn -0.506600022 0.168200001 0.845600009
vn -0.301699996 0.0939000025 0.948700011
vn -0.0500000007 0.0983999968 0.993900001
vn -0.301800013 0 0.953400016
vn -0.0500000007 0 0.998700023
vn -0.506600022 0.0848999992 0.857900023
vn -0.506699979 0 0.862100005
vn -0.00810000021 0.0984999985 0.995100021
vn -0.00810000021 0 0.999899983
vn -0.509199977 0.167899996 0.844099998
vn -0.507200003 0.168099999 0.845200002
vn -0.507200003 0.249699995 0.824800014
vn -0.509199977 0.249400005 0.823700011
vn -0.513300002 0.248699993 0.82130003
vn -0.513300002 0.167400002 0.841700017
vn -0.524299979 0.246800005 0.814899981
vn -0.524299979 0.166099995 0.835099995
vn -0.513300002 0.0844999999 0.853999972
vn -0.509199977 0.0847000033 0.856400013
vn -0.513300002 0 0.858200014
vn -0.509199977 0 0.860599995
vn -0.524299979 0.0838999972 0.84740001
vn -0.524299979 0 0.851499975
vn -0.507200003 0.0848999992 0.857599974
vn -0.507300019 0 0.861800015
vn -0.0500000007 -0.194800004 0.979600012
vn -0.00810000021 -0.195099995 0.980700016
vn -0.00810000021 -0.0984999985 0.995100021
vn -0.0500000007 -0.0983999968 0.993900001
vn -0.301800013 -0.0939000025 0.948700011
vn -0.301699996 -0.186000004 0.935100019
vn -0.506600022 -0.0848999992 0.857900023
vn -0.506600022 -0.168200001 0.845600009
vn -0.301699996 -0.276300013 0.912400007
vn -0.0500000007 -0.289400011 0.955900013
vn -0.301699996 -0.364800006 0.880800009
vn -0.0500000007 -0.382200003 0.922699988
vn -0.506600022 -0.249899998 0.825100005
vn -0.506600022 -0.329899997 0.796500027
vn -0.00810000021 -0.289799988 0.957000017
vn -0.00810000021 -0.382600009 0.923799992
vn -0.509199977 -0.167899996 0.844099998
vn -0.507200003 -0.168099999 0.845200002
vn -0.507200003 -0.0848999992 0.857599974
vn -0.509199977 -0.0847000033 0.856400013
vn -0.513300002 -0.0844999999 0.853999972
vn -0.513300002 -0.167400002 0.841700017
vn -0.524299979 -0.0838999972 0.84740001
vn -0.524299979 -0.166099995 0.835099995
vn -0.513300002 -0.248699993 0.82130003
vn -0.509199977 -0.249400005 0.823700011
vn -0.513400018 -0.328399986 0.792800009
vn -0.509199977 -0.329299986 0.795099974
vn -0.524299979 -0.246700004 0.814899981
vn -0.524399996 -0.325800002 0.786599994
vn -0.507200003 -0.249699995 0.824800014
vn -0.507300019 -0.32980001 0.796199977
vn -0.0500000007 -0.554899991 0.83039999
vn -0.00810000021 -0.555499971 0.831399977
vn -0.00810000021 -0.471799999 0.881600022
vn -0.0500000007 -0.471199989 0.880599976
vn -0.301699996 -0.449800014 0.840600014
vn -0.301699996 -0.529600024 0.792699993
vn -0.506600022 -0.406800002 0.760200024
vn -0.506600022 -0.479000002 0.716799974
vn -0.301699996 -0.604399979 0.737200022
vn -0.0500000007 -0.63319999 0.772300005
vn -0.301699996 -0.674199998 0.674099982
vn -0.0500000007 -0.706200004 0.706200004
vn -0.506600022 -0.546599984 0.666700006
vn -0.506600022 -0.609600008 0.609600008
vn -0.00810000021 -0.634000003 0.773299992
vn -0.00810000021 -0.707099974 0.707099974
vn -0.509199977 -0.478100002 0.715600014
vn -0.507200003 -0.478799999 0.716499984
vn -0.507200003 -0.406599998 0.759800017
vn -0.509199977 -0.406100005 0.75880003
vn -0.513300002 -0.404900014 0.756600022
vn -0.513300002 -0.476799995 0.71359998
vn -0.524299979 -0.40169999 0.750800014
vn -0.524299979 -0.473100007 0.708000004
vn -0.513300002 -0.544099987 0.663699985
vn -0.509199977 -0.545599997 0.665499985
vn -0.513300002 -0.60680002 0.60680002
vn -0.509199977 -0.608500004 0.60860002
vn -0.524399996 -0.539900005 0.658399999
vn -0.524399996 -0.602100015 0.602100015
vn -0.507200003 -0.546299994 0.666400015
vn -0.507300019 -0.609300017 0.609399974
vn -0.0500000007 -0.83039999 0.554899991
vn -0.00810000021 -0.831399977 0.555499971
vn -0.00810000021 -0.773299992 0.634000003
vn -0.0500000007 -0.772300005 0.63319999
vn -0.301699996 -0.737299979 0.604399979
vn -0.301800013 -0.792699993 0.529699981
vn -0.506600022 -0.666700006 0.546599984
vn -0.506600022 -0.716799974 0.479000002
vn -0.301800013 -0.840600014 0.449800014
vn -0.0500000007 -0.880599976 0.471199989
vn -0.301699996 -0.880800009 0.364800006
vn -0.0500000007 -0.922699988 0.382200003
vn -0.506699979 -0.760100007 0.406800002
vn -0.506699979 -0.796500027 0.329899997
vn -0.00810000021 -0.881600022 0.471799999
vn -0.00810000021 -0.923799992 0.382600009
vn -0.50910002 -0.715600014 0.478100002
vn -0.507200003 -0.716600001 0.478799999
vn -0.507200003 -0.666400015 0.546400011
vn -0.50910002 -0.665600002 0.545599997
vn -0.513300002 -0.663699985 0.544099987
vn -0.513300002 -0.71359998 0.476799995
vn -0.524399996 -0.658399999 0.539900005
vn -0.524299979 -0.708000004 0.473100007
vn -0.513300002 -0.756600022 0.404900014
vn -0.509199977 -0.75880003 0.405999988
vn -0.513300002 -0.792900026 0.328399986
vn -0.509199977 -0.795099974 0.329299986
vn -0.524299979 -0.750800014 0.40169999
vn -0.524299979 -0.78670001 0.325800002
vn -0.507200003 -0.759800017 0.406599998
vn -0.507200003 -0.796199977 0.32980001
vn -0.0500000007 -0.979600012 0.194800004
vn -0.00810000021 -0.980700016 0.195099995
vn -0.00810000021 -0.957000017 0.289799988
vn -0.0500000007 -0.955900013 0.289400011
vn -0.301699996 -0.912500024 0.276300013
vn -0.301699996 -0.935100019 0.186000004
vn -0.506600022 -0.825100005 0.249899998
vn -0.506600022 -0.845600009 0.168200001
vn -0.301699996 -0.948700011 0.0939000025
vn -0.0500000007 -0.993900001 0.0983999968
vn -0.301800013 -0.953400016 0
vn -0.0500000007 -0.998700023 0
vn -0.506600022 -0.857900023 0.0848999992
vn -0.506699979 -0.862100005 0
vn -0.00810000021 -0.995100021 0.0984999985
vn -0.00810000021 -0.999899983 0
vn -0.509199977 -0.844099998 0.167899996
vn -0.507200003 -0.845200002 0.168099999
vn -0.507200003 -0.824800014 0.249799997
vn -0.509199977 -0.823700011 0.249400005
vn -0.513300002 -0.82130003 0.248699993
vn -0.513300002 -0.841700017 0.167400002
vn -0.524299979 -0.814999998 0.246800005
vn -0.524299979 -0.835099995 0.166099995
vn -0.513300002 -0.853999972 0.0844999999
vn -0.509199977 -0.85650003 0.0847000033
vn -0.513400018 -0.858099997 0
vn -0.509199977 -0.860599995 0
vn -0.524299979 -0.847299993 0.0838999972
vn -0.524299979 -0.851499975 0
vn -0.507200003 -0.857599974 0.0848999992
vn -0.507300019 -0.861800015 0
vn -0.0500000007 -0.979600012 -0.194800004
vn -0.00810000021 -0.980700016 -0.195099995
vn -0.00810000021 -0.995100021 -0.0984999985
vn -0.0500000007 -0.993900001 -0.0983999968
vn -0.301699996 -0.948700011 -0.0939000025
vn -0.301699996 -0.935100019 -0.186000004
vn -0.506600022 -0.857900023 -0.0848999992
vn -0.506600022 -0.845600009 -0.168200001
vn -0.301699996 -0.912400007 -0.276300013
vn -0.0500000007 -0.955900013 -0.289400011
vn -0.301699996 -0.880800009 -0.364800006
vn -0.0500000007 -0.922699988 -0.382200003
vn -0.506600022 -0.825100005 -0.249899998
vn -0.506699979 -0.796500027 -0.329899997
vn -0.00810000021 -0.957000017 -0.289799988
vn -0.00810000021 -0.923799992 -0.382699996
vn -0.509199977 -0.844099998 -0.167899996
vn -0.507200003 -0.845200002 -0.168099999
vn -0.507200003 -0.857599974 -0.0848999992
vn -0.509199977 -0.856400013 -0.0847000033
vn -0.513300002 -0.853999972 -0.0844999999
vn -0.513300002 -0.841700017 -0.167400002
vn -0.524399996 -0.847299993 -0.0838999972
vn -0.524299979 -0.835099995 -0.166099995
vn -0.513300002 -0.82130003 -0.248699993
vn -0.509199977 -0.823700011 -0.249400005
vn -0.513300002 -0.792900026 -0.328399986
vn -0.509199977 -0.795099974 -0.329299986
vn -0.524299979 -0.814899981 -0.246800005
vn -0.524399996 -0.78670001 -0.325800002
vn -0.507200003 -0.824800014 -0.249799997
vn -0.507300019 -0.79610002 -0.32980001
vn -0.0500000007 -0.83039999 -0.554899991
vn -0.00810000021 -0.831399977 -0.555499971
vn -0.00810000021 -0.881600022 -0.471799999
vn -0.0500000007 -0.880599976 -0.471199989
vn -0.301699996 -0.840600014 -0.449800014
vn -0.301800013 -0.792699993 -0.529699981
vn -0.506699979 -0.760100007 -0.406800002
vn -0.506699979 -0.716799974 -0.479000002
vn -0.301699996 -0.737200022 -0.604499996
vn -0.0500000007 -0.772300005 -0.63319999
vn -0.301699996 -0.674199998 -0.674099982
vn -0.0500000007 -0.706200004 -0.706200004
vn -0.506699979 -0.666700006 -0.546599984
vn -0.506699979 -0.609600008 -0.609600008
vn -0.00810000021 -0.773299992 -0.634000003
vn -0.00810000021 -0.707099974 -0.707099974
vn -0.509199977 -0.715600014 -0.478100002
vn -0.507200003 -0.716499984 -0.478799999
vn -0.507200003 -0.759800017 -0.406599998
vn -0.509199977 -0.75880003 -0.405999988
vn -0.513300002 -0.756600022 -0.404900014
vn -0.513300002 -0.71359998 -0.476799995
vn -0.524299979 -0.750800014 -0.40169999
vn -0.524399996 -0.707899988 -0.473100007
vn -0.513300002 -0.663699985 -0.544099987
vn -0.509199977 -0.665499985 -0.545599997
vn -0.513300002 -0.606899977 -0.60680002
vn -0.509199977 -0.608500004 -0.608500004
vn -0.524299979 -0.658399999 -0.539799988
vn -0.524299979 -0.602100015 -0.602100015
vn -0.507200003 -0.666400015 -0.546400011
vn -0.507300019 -0.609300017 -0.609399974
vn -0.0500000007 -0.554899991 -0.83039999
vn -0.00810000021 -0.555499971 -0.831399977
vn -0.00810000021 -0.634000003 -0.773299992
vn -0.0500000007 -0.63319999 -0.772300005
vn -0.301699996 -0.604399979 -0.737299979
vn -0.301699996 -0.529600024 -0.792699993
vn -0.506600022 -0.546599984 -0.666700006
vn -0.506600022 -0.479000002 -0.716799974
vn -0.301699996 -0.449800014 -0.840600014
vn -0.0500000007 -0.471199989 -0.880599976
vn -0.301699996 -0.364800006 -0.880800009
vn -0.0500000007 -0.382200003 -0.922699988
vn -0.506600022 -0.406800002 -0.760100007
vn -0.506600022 -0.329899997 -0.796500027
vn -0.00810000021 -0.471799999 -0.881600022
vn -0.00810000021 -0.382600009 -0.923799992
vn -0.509199977 -0.478100002 -0.715600014
vn -0.507200003 -0.478799999 -0.716499984
vn -0.507300019 -0.546400011 -0.666400015
vn -0.509199977 -0.545599997 -0.665499985
vn -0.513300002 -0.544099987 -0.663600028
vn -0.513300002 -0.476799995 -0.71359998
vn -0.524299979 -0.539900005 -0.658399999
vn -0.524299979 -0.473100007 -0.708000004
vn -0.513300002 -0.404900014 -0.756600022
vn -0.509199977 -0.405999988 -0.75880003
vn -0.513400018 -0.328399986 -0.792800009
vn -0.509199977 -0.329299986 -0.795099974
vn -0.524299979 -0.40169999 -0.750800014
vn -0.524399996 -0.325800002 -0.78670001
vn -0.507200003 -0.406599998 -0.759800017
vn -0.507300019 -0.32980001 -0.796199977
vn -0.0500000007 -0.194800004 -0.979600012
vn -0.00810000021 -0.195099995 -0.980700016
vn -0.00810000021 -0.289799988 -0.957000017
vn -0.0500000007 -0.289400011 -0.955900013
vn -0.301699996 -0.276300013 -0.912400007
vn -0.301699996 -0.186000004 -0.935100019
vn -0.506600022 -0.249899998 -0.825100005
vn -0.506600022 -0.168200001 -0.845600009
vn -0.301699996 -0.0939000025 -0.948700011
vn -0.0500000007 -0.0983999968 -0.993900001
vn -0.301699996 0 -0.953400016
vn -0.0500000007 0 -0.998700023
vn -0.506600022 -0.0848999992 -0.857900023
vn -0.506699979 0 -0.862100005
vn -0.00810000021 -0.0984999985 -0.995100021
vn -0.00810000021 0 -0.999899983
vn -0.509199977 -0.167899996 -0.844099998
vn -0.507200003 -0.168099999 -0.845200002
vn -0.507200003 -0.249799997 -0.824800014
vn -0.509199977 -0.249400005 -0.823700011
vn -0.513300002 -0.248699993 -0.82130003
vn -0.513300002 -0.167400002 -0.841700017
vn -0.524299979 -0.246800005 -0.814899981
vn -0.524299979 -0.166099995 -0.835099995
vn -0.513300002 -0.0844999999 -0.853999972
vn -0.509199977 -0.0847000033 -0.856400013
vn -0.513400018 0 -0.858099997
vn -0.509199977 0 -0.860599995
vn -0.524299979 -0.0838999972 -0.847299993
vn -0.524399996 0 -0.851499975
vn -0.507200003 -0.0848999992 -0.857599974
vn -0.507200003 0 -0.861800015
vn -0.0500000007 0.194800004 -0.979600012
vn -0.00810000021 0.195099995 -0.980700016
vn -0.00810000021 0.0984999985 -0.995100021
vn -0.0500000007 0.0983999968 -0.993900001
vn -0.301699996 0.0939000025 -0.948700011
vn -0.301699996 0.186000004 -0.935100019
vn -0.506600022 0.0848999992 -0.85799998
vn -0.506600022 0.168200001 -0.845600009
vn -0.301699996 0.276300013 -0.912400007
vn -0.0500000007 0.289400011 -0.955900013
vn -0.301699996 0.364800006 -0.880800009
vn -0.0500000007 0.382200003 -0.922699988
vn -0.506600022 0.249899998 -0.825200021
vn -0.506600022 0.329899997 -0.796500027
vn -0.00810000021 0.289799988 -0.957000017
vn -0.00810000021 0.382600009 -0.923799992
vn -0.509199977 0.167899996 -0.844099998
vn -0.507200003 0.168099999 -0.845200002
vn -0.507200003 0.0848999992 -0.857599974
vn -0.509199977 0.0847000033 -0.856400013
vn -0.513300002 0.0844999999 -0.853999972
vn -0.513300002 0.167400002 -0.841700017
vn -0.524399996 0.0838999972 -0.847299993
vn -0.524299979 0.166099995 -0.835099995
vn -0.513300002 0.248699993 -0.82130003
vn -0.509199977 0.249400005 -0.823700011
vn -0.513400018 0.328299999 -0.792800009
vn -0.509199977 0.329299986 -0.795099974
vn -0.524299979 0.246800005 -0.814999998
vn -0.524399996 0.325800002 -0.78670001
vn -0.507200003 0.249799997 -0.824800014
vn -0.507300019 0.32980001 -0.796199977
vn -0.0500000007 0.554899991 -0.83039999
vn -0.00810000021 0.555499971 -0.831399977
vn -0.00810000021 0.471799999 -0.881600022
vn -0.0500000007 0.471199989 -0.880599976
vn -0.301699996 0.449800014 -0.840600014
vn -0.301699996 0.529699981 -0.792699993
vn -0.506600022 0.406800002 -0.760200024
vn -0.506600022 0.479000002 -0.716799974
vn -0.301699996 0.604399979 -0.737299979
vn -0.0500000007 0.63319999 -0.772300005
vn -0.301699996 0.674099982 -0.674199998
vn -0.0500000007 0.706200004 -0.706200004
vn -0.506600022 0.546599984 -0.666700006
vn -0.506699979 0.609600008 -0.609600008
vn -0.00810000021 0.634000003 -0.773299992
vn -0.00810000021 0.707099974 -0.707099974
vn -0.509199977 0.478100002 -0.715600014
vn -0.507200003 0.478700012 -0.716499984
vn -0.507200003 0.406599998 -0.759800017
vn -0.509199977 0.405999988 -0.75880003
vn -0.513300002 0.404900014 -0.756600022
vn -0.513300002 0.476799995 -0.71359998
vn -0.524399996 0.40169999 -0.750800014
vn -0.524299979 0.473100007 -0.708000004
vn -0.513300002 0.544099987 -0.663600028
vn -0.509199977 0.545599997 -0.665499985
vn -0.513300002 0.60680002 -0.60680002
vn -0.509199977 0.60860002 -0.608500004
vn -0.524299979 0.539900005 -0.658399999
vn -0.524399996 0.602100015 -0.602100015
vn -0.507200003 0.546400011 -0.666400015
vn -0.507200003 0.609399974 -0.609399974
vn -0.0500000007 0.83039999 -0.554899991
vn -0.00810000021 0.831399977 -0.555499971
vn -0.00810000021 0.773299992 -0.634000003
vn -0.0500000007 0.772300005 -0.63319999
vn -0.301800013 0.737200022 -0.604499996
vn -0.301699996 0.792699993 -0.529699981
vn -0.506699979 0.666700006 -0.546599984
vn -0.506600022 0.716799974 -0.479000002
vn -0.301699996 0.840600014 -0.449800014
vn -0.0500000007 0.880599976 -0.471199989
vn -0.301699996 0.880800009 -0.364800006
vn -0.0500000007 0.922699988 -0.382200003
vn -0.506600022 0.760200024 -0.406800002
vn -0.506600022 0.796500027 -0.329899997
vn -0.00810000021 0.881600022 -0.471799999
vn -0.00810000021 0.923799992 -0.382600009
vn -0.509199977 0.715600014 -0.478100002
vn -0.507200003 0.716499984 -0.478799999
vn -0.507200003 0.666400015 -0.546400011
vn -0.509199977 0.665499985 -0.545599997
vn -0.513300002 0.663699985 -0.544099987
vn -0.513300002 0.71359998 -0.476799995
vn -0.524399996 0.658399999 -0.539900005
vn -0.524299979 0.708000004 -0.473100007
vn -0.513300002 0.756699979 -0.404900014
vn -0.509199977 0.75880003 -0.405999988
vn -0.513300002 0.792900026 -0.328399986
vn -0.509199977 0.795099974 -0.329299986
vn -0.524299979 0.750800014 -0.40169999
vn -0.524399996 0.786599994 -0.325800002
vn -0.507200003 0.759800017 -0.406599998
vn -0.507300019 0.796199977 -0.32980001
vn -0.0500000007 0.979600012 -0.194800004
vn -0.00810000021 0.980700016 -0.195099995
vn -0.00810000021 0.957000017 -0.289799988
vn -0.0500000007 0.955900013 -0.289400011
vn -0.301699996 0.912500024 -0.276300013
vn -0.301699996 0.935100019 -0.186000004
vn -0.506600022 0.825200021 -0.249799997
vn -0.506600022 0.845600009 -0.168200001
vn -0.301699996 0.948700011 -0.0939000025
vn -0.0500000007 0.993900001 -0.0983999968
vn -0.301699996 0.953400016 0
vn -0.0500000007 0.998700023 0
vn -0.506699979 0.857900023 -0.0848999992
vn -0.506699979 0.862100005 0
vn -0.00810000021 0.995100021 -0.0984999985
vn -0.00810000021 0.999899983 0
vn -0.509199977 0.844099998 -0.167899996
vn -0.507200003 0.845200002 -0.168099999
vn -0.507200003 0.824800014 -0.249699995
vn -0.509199977 0.823700011 -0.249400005
vn -0.513300002 0.82130003 -0.248699993
vn -0.513300002 0.841700017 -0.167400002
vn -0.524399996 0.814899981 -0.246800005
vn -0.524299979 0.835099995 -0.166099995
vn -0.513300002 0.853999972 -0.0844999999
vn -0.509199977 0.856400013 -0.0847000033
vn -0.513400018 0.858099997 0
vn -0.509199977 0.860599995 0
vn -0.524299979 0.847299993 -0.0838999972
vn -0.524299979 0.851499975 0
vn -0.507200003 0.857599974 -0.0848999992
vn -0.507200003 0.861800015 0
vn -0.0500000007 0.979600012 0.194800004
vn -0.00810000021 0.980700016 0.195099995
vn -0.00810000021 0.995100021 0.0984999985
vn -0.0500000007 0.993900001 0.0983999968
vn -0.301699996 0.948700011 0.0939000025
vn -0.301699996 0.935100019 0.186000004
vn -0.506699979 0.857900023 0.0848999992
vn -0.506600022 0.845600009 0.168200001
vn -0.301699996 0.912400007 0.276300013
vn -0.0500000007 0.955900013 0.289400011
vn -0.301699996 0.880800009 0.364800006
vn -0.0500000007 0.922699988 0.382200003
vn -0.506600022 0.825100005 0.249899998
vn -0.506699979 0.796500027 0.329899997
vn -0.00810000021 0.957000017 0.289799988
vn -0.00810000021 0.923799992 0.382600009
vn -0.509199977 0.844099998 0.167899996
vn -0.507200003 0.845200002 0.168099999
vn -0.507200003 0.857599974 0.0848999992
vn -0.509199977 0.856400013 0.0847000033
vn -0.513300002 0.853999972 0.0844999999
vn -0.513300002 0.841700017 0.167400002
vn -0.524399996 0.847299993 0.0838999972
vn -0.524299979 0.835099995 0.166099995
vn -0.513300002 0.82130003 0.248699993
vn -0.509199977 0.823700011 0.249400005
vn -0.513300002 0.792800009 0.328399986
vn -0.509199977 0.795099974 0.329299986
vn -0.524299979 0.814899981 0.246800005
vn -0.524399996 0.786599994 0.325800002
vn -0.507200003 0.824800014 0.249699995
vn -0.507300019 0.79610002 0.32980001
vn -0.509199977 0.715600014 0.478100002
vn -0.513300002 0.71359998 0.476799995
vn -0.513300002 0.663699985 0.544099987
vn -0.509199977 0.665499985 0.545599997
vn -0.524299979 0.708000004 0.473100007
vn -0.524299979 0.658500016 0.539900005
vn -0.507200003 0.666400015 0.546400011
vn -0.507200003 0.716499984 0.478799999
vn -0.506600022 0.666700006 0.546599984
vn -0.506600022 0.716799974 0.479000002
vn -0.507300019 0.759800017 0.406599998
vn -0.509199977 0.75880003 0.405999988
vn -0.506699979 0.760100007 0.406800002
vn -0.513300002 0.756600022 0.404900014
vn -0.524299979 0.750800014 0.40169999
vn -0.0500000007 0.83039999 0.554899991
vn -0.301699996 0.792699993 0.529699981
vn -0.301699996 0.737299979 0.604399979
vn -0.0500000007 0.772300005 0.63319999
vn -0.00810000021 0.773299992 0.634000003
vn -0.00810000021 0.831399977 0.555499971
vn -0.00810000021 0.881600022 0.471799999
vn -0.0500000007 0.880599976 0.471199989
vn -0.301699996 0.840600014 0.449800014
vn -0.640399992 0.426499993 0.638700008
vn -0.552399993 0.463200003 0.693000019
vn -0.552399993 0.528599977 0.644500017
vn -0.640500009 0.486600012 0.594099998
vn -0.552399993 0.58950001 0.589299977
vn -0.640399992 0.542800009 0.543299973
vn -0.961600006 0.173199996 0.212699994
vn -0.961499989 0.152199998 0.228499994
vn -0.966199994 -0.163900003 -0.199000001
vn -0.966300011 -0.142900005 -0.2139
vn -0.961600006 0.193200007 0.194600001
vn -0.966000021 -0.183300003 -0.181999996
vn -0.961499989 0.1294 0.242300004
vn -0.640399992 0.362300009 0.677200019
vn -0.961499989 0.104999997 0.254000008
vn -0.640399992 0.293599993 0.709599972
vn -0.966300011 -0.1215 -0.226999998
vn -0.966300011 -0.0982000008 -0.237900004
vn -0.55250001 0.393299997 0.734899998
vn -0.55250001 0.319000006 0.769999981
vn -0.640299976 0.149800003 0.753400028
vn -0.55250001 0.162599996 0.817499995
vn -0.55250001 0.241600007 0.797699988
vn -0.640399992 0.222399995 0.735099971
vn -0.961499989 0.0798000023 0.263099998
vn -0.961399972 0.0537 0.269699991
vn -0.966400027 -0.0738999993 -0.246199995
vn -0.966400027 -0.0498999991 -0.252200007
vn -0.961499989 0.0270000007 0.273600012
vn -0.640200019 0.0755999982 0.764400005
vn -0.961399972 0 0.275099993
vn -0.640200019 0 0.76819998
vn -0.966300011 -0.0253999997 -0.256199986
vn -0.966300011 0 -0.257400006
vn -0.55250001 0.0820999965 0.829400003
vn -0.55250001 0 0.833500028
vn -0.640299976 -0.149800003 0.753400028
vn -0.552399993 -0.162599996 0.817499995
vn -0.552399993 -0.0820999965 0.82950002
vn -0.640200019 -0.0755999982 0.764400005
vn -0.961499989 -0.0269000009 0.273499995
vn -0.961499989 -0.0535000004 0.269400001
vn -0.966300011 0.0254999995 -0.256099999
vn -0.966300011 0.0502000004 -0.252499998
vn -0.961499989 -0.0797000006 0.262899995
vn -0.640399992 -0.222399995 0.735099971
vn -0.961499989 -0.104999997 0.254000008
vn -0.640500009 -0.293599993 0.709599972
vn -0.966300011 0.074000001 -0.246299997
vn -0.966300011 0.0980999991 -0.237800002
vn -0.55250001 -0.241600007 0.797699988
vn -0.55250001 -0.319000006 0.769999981
vn -0.640299976 -0.426600009 0.638700008
vn -0.55250001 -0.463099986 0.693000019
vn -0.55250001 -0.393299997 0.734899998
vn -0.640299976 -0.362300009 0.677200019
vn -0.961499989 -0.129700005 0.242300004
vn -0.961499989 -0.152500004 0.228599995
vn -0.966300011 0.120899998 -0.226899996
vn -0.966400027 0.142700002 -0.2139
vn -0.961600006 -0.173500001 0.212699994
vn -0.640399992 -0.486699998 0.594099998
vn -0.961600006 -0.193499997 0.194600001
vn -0.640299976 -0.542999983 0.543200016
vn -0.966199994 0.163599998 -0.198899999
vn -0.966000021 0.183500007 -0.181999996
vn -0.552399993 -0.528500021 0.644500017
vn -0.552399993 -0.589399993 0.589299977
vn -0.640500009 -0.638400018 0.426800013
vn -0.552399993 -0.693099976 0.463
vn -0.552399993 -0.644699991 0.528400004
vn -0.640399992 -0.593800008 0.486999989
vn -0.961499989 -0.212200001 0.174400002
vn -0.961199999 -0.229599997 0.152600005
vn -0.966400027 0.198799998 -0.163100004
vn -0.967000008 0.210500002 -0.143000007
vn -0.961399972 -0.242699996 0.129600003
vn -0.640600026 -0.676900029 0.362500012
vn -0.961499989 -0.253600001 0.105300002
vn -0.640600026 -0.709299982 0.294
vn -0.966700017 0.224999994 -0.1215
vn -0.966400027 0.237499997 -0.0983999968
vn -0.552399993 -0.735000014 0.39320001
vn -0.552399993 -0.770099998 0.318899989
vn -0.640600026 -0.753000021 0.149900004
vn -0.552399993 -0.817600012 0.162599996
vn -0.552399993 -0.797800004 0.241600007
vn -0.640600026 -0.734799981 0.2227
vn -0.961399972 -0.263300002 0.0797000006
vn -0.961399972 -0.269800007 0.0535999984
vn -0.966700017 0.244599998 -0.0746000037
vn -0.966799974 0.250499994 -0.0502000004
vn -0.961600006 -0.273200005 0.0271000005
vn -0.640600026 -0.764100015 0.0756999999
vn -0.961499989 -0.274599999 0
vn -0.640399992 -0.768000007 0
vn -0.966400027 0.255699992 -0.0252999999
vn -0.966199994 0.2579 0
vn -0.552399993 -0.82950002 0.0820999965
vn -0.552399993 -0.833500028 0
vn -0.640600026 -0.753000021 -0.149900004
vn -0.552399993 -0.817600012 -0.162599996
vn -0.552399993 -0.82950002 -0.0820999965
vn -0.640600026 -0.764100015 -0.0756999999
vn -0.961499989 -0.273299992 -0.0271000005
vn -0.961199999 -0.270500004 -0.0535999984
vn -0.966499984 0.255299985 0.0252999999
vn -0.967199981 0.248899996 0.0502999984
vn -0.961199999 -0.264200002 -0.0795999989
vn -0.640600026 -0.734799981 -0.2227
vn -0.961300015 -0.254400015 -0.1052
vn -0.640600026 -0.709299982 -0.294
vn -0.967199981 0.242799997 0.0746999979
vn -0.966700017 0.236000001 0.0987000018
vn -0.552399993 -0.797800004 -0.241600007
vn -0.55250001 -0.770099998 -0.318899989
vn -0.640500009 -0.638300002 -0.426899999
vn -0.552399993 -0.693099976 -0.463
vn -0.552399993 -0.734899998 -0.39320001
vn -0.640600026 -0.676900029 -0.362500012
vn -0.961099982 -0.243599996 -0.129600003
vn -0.961099982 -0.230100006 -0.152600005
vn -0.967100024 0.223299995 0.121600002
vn -0.967299998 0.209199995 0.143000007
vn -0.961399972 -0.212699994 -0.174400002
vn -0.640500009 -0.593599975 -0.487100005
vn -0.961499989 -0.193700001 -0.194800004
vn -0.640299976 -0.542999983 -0.543200016
vn -0.966600001 0.197400004 0.163000003
vn -0.966199994 0.182999998 0.181600004
vn -0.552399993 -0.644699991 -0.528400004
vn -0.55250001 -0.589399993 -0.589299977
vn -0.640299976 -0.426600009 -0.638700008
vn -0.552399993 -0.463099986 -0.693000019
vn -0.55250001 -0.528500021 -0.644500017
vn -0.640200019 -0.486999989 -0.594099998
vn -0.961499989 -0.173800007 -0.213
vn -0.961499989 -0.152400002 -0.228499994
vn -0.966199994 0.163699999 0.198799998
vn -0.966199994 0.143199995 0.214100003
vn -0.961600006 -0.129299998 -0.241999999
vn -0.640399992 -0.362199992 -0.677200019
vn -0.961499989 -0.104699999 -0.254000008
vn -0.640399992 -0.293599993 -0.709599972
vn -0.966199994 0.121399999 0.227300003
vn -0.966300011 0.0983999968 0.2377
vn -0.552399993 -0.393299997 -0.734899998
vn -0.552399993 -0.319099993 -0.769999981
vn -0.640200019 -0.149800003 -0.753400028
vn -0.552399993 -0.162599996 -0.817499995
vn -0.552399993 -0.241600007 -0.797699988
vn -0.640299976 -0.222399995 -0.735199988
vn -0.961499989 -0.0790000036 -0.263200015
vn -0.961499989 -0.0533000007 -0.269699991
vn -0.966300011 0.0750999972 0.246000007
vn -0.966300011 0.0505999997 0.252200007
vn -0.961399972 -0.0270000007 -0.273699999
vn -0.640200019 -0.0755999982 -0.764400005
vn -0.961300015 0 -0.275299996
vn -0.640200019 0 -0.76819998
vn -0.966400027 0.0252 0.255899996
vn -0.966400027 0 0.256999999
vn -0.55250001 -0.0820999965 -0.829400003
vn -0.552600026 0 -0.833500028
vn -0.640200019 0.149700001 -0.753400028
vn -0.55250001 0.162599996 -0.817499995
vn -0.55250001 0.0820999965 -0.829400003
vn -0.640200019 0.0755999982 -0.764400005
vn -0.961399972 0.0270000007 -0.273799986
vn -0.961499989 0.053199999 -0.269699991
vn -0.966400027 -0.0252999999 0.255699992
vn -0.966300011 -0.0507000014 0.252099991
vn -0.961499989 0.0791999996 -0.263099998
vn -0.640299976 0.222399995 -0.735199988
vn -0.961499989 0.104800001 -0.254000008
vn -0.640500009 0.29370001 -0.709599972
vn -0.966300011 -0.0749000013 0.246199995
vn -0.966300011 -0.0984999985 0.237800002
vn -0.552399993 0.241600007 -0.797699988
vn -0.552399993 0.319099993 -0.769999981
vn -0.640500009 0.426499993 -0.638599992
vn -0.552399993 0.463200003 -0.693000019
vn -0.552399993 0.393400013 -0.734899998
vn -0.640399992 0.362300009 -0.677200019
vn -0.961600006 0.128800005 -0.241999999
vn -0.961700022 0.151600003 -0.228200004
vn -0.966099977 -0.122400001 0.227200001
vn -0.966099977 -0.144099995 0.214200005
vn -0.961499989 0.173999995 -0.212300003
vn -0.640600026 0.486600012 -0.593999982
vn -0.961499989 0.194100007 -0.194499999
vn -0.640399992 0.542999983 -0.543200016
vn -0.966400027 -0.162300006 0.199300006
vn -0.966300011 -0.182099998 0.181999996
vn -0.552399993 0.528500021 -0.644500017
vn -0.552399993 0.589399993 -0.589299977
vn -0.640500009 0.638400018 -0.426800013
vn -0.552399993 0.693099976 -0.463
vn -0.552399993 0.644699991 -0.528400004
vn -0.640399992 0.593800008 -0.486999989
vn -0.961499989 0.212200001 -0.1743
vn -0.961199999 0.229699999 -0.152600005
vn -0.966400027 -0.198799998 0.163100004
vn -0.967100024 -0.2104 0.143000007
vn -0.961300015 0.243000001 -0.129800007
vn -0.640399992 0.676999986 -0.362500012
vn -0.961499989 0.253699988 -0.105400003
vn -0.640500009 0.709500015 -0.294
vn -0.966799974 -0.224800006 0.121299997
vn -0.966400027 -0.237499997 0.0983999968
vn -0.552399993 0.734899998 -0.39320001
vn -0.552399993 0.770099998 -0.318899989
vn -0.640600026 0.753099978 -0.149900004
vn -0.552399993 0.817600012 -0.162599996
vn -0.552399993 0.797800004 -0.241500005
vn -0.640500009 0.734899998 -0.2227
vn -0.961399972 0.263399988 -0.0797000006
vn -0.961399972 0.269800007 -0.0535999984
vn -0.966700017 -0.2447 0.0746000037
vn -0.966799974 -0.25060001 0.0502000004
vn -0.961499989 0.273200005 -0.0271000005
vn -0.640600026 0.764100015 -0.0756999999
vn -0.961499989 0.274599999 0
vn -0.640399992 0.768000007 0
vn -0.966400027 -0.255699992 0.0252999999
vn -0.966199994 -0.257699996 0
vn -0.552399993 0.82950002 -0.0820999965
vn -0.552399993 0.833500028 0
vn -0.640600026 0.753000021 0.149900004
vn -0.552399993 0.817600012 0.162599996
vn -0.552399993 0.82950002 0.0820999965
vn -0.640600026 0.764100015 0.0756999999
vn -0.961499989 0.273299992 0.0271000005
vn -0.961199999 0.270399988 0.0535999984
vn -0.966499984 -0.255299985 -0.0252999999
vn -0.967199981 -0.248899996 -0.0502999984
vn -0.961099982 0.264400005 0.0795999989
vn -0.640600026 0.734899998 0.2227
vn -0.961300015 0.254700005 0.105300002
vn -0.640500009 0.709399998 0.294
vn -0.967299998 -0.242500007 -0.0746000037
vn -0.966899991 -0.235499993 -0.0984999985
vn -0.552399993 0.797800004 0.241500005
vn -0.552399993 0.770099998 0.318899989
vn -0.640500009 0.638400018 0.426800013
vn -0.552399993 0.693099976 0.463
vn -0.552399993 0.734899998 0.39320001
vn -0.640600026 0.676900029 0.362500012
vn -0.961099982 0.243799999 0.129700005
vn -0.961300015 0.229300007 0.152600005
vn -0.967199981 -0.222900003 -0.121299997
vn -0.966899991 -0.211500004 -0.142900005
vn -0.961700022 0.211600006 0.1743
vn -0.640399992 0.593800008 0.486999989
vn -0.966099977 -0.200100005 -0.163200006
vn -0.552399993 0.644699991 0.528400004
vn 0 0.555499971 0.831499994
vn -9.99999975e-05 0.634000003 0.773299992
vn 0.000199999995 0.634000003 0.773299992
vn 9.99999975e-05 0.555599988 0.831399977
vn 0.000500000024 0.633899987 0.773400009
vn 0.000199999995 0.555700004 0.831399977
vn -0 0.707099974 0.707099974
vn 0.000199999995 0.707099974 0.707099974
vn 0.000500000024 0.707000017 0.707199991
vn 0 0.471899986 0.881600022
vn -0 0.471799999 0.881699979
vn -0 0.382699996 0.923900008
vn 0 0.382600009 0.923900008
vn 0 0.47209999 0.881500006
vn 0 0.382800013 0.923799992
vn -0 0.471799999 0.881699979
vn -0 0.555599988 0.831399977
vn -0 0.471799999 0.881699979
vn -0 0.555599988 0.831399977
vn -0 0.382699996 0.923900008
vn -0 0.382699996 0.923900008
vn -0 0.634000003 0.773299992
vn -0 0.707099974 0.707099974
vn -0 0.634000003 0.773299992
vn -0 0.707099974 0.707099974
vn -0 0.555599988 0.831399977
vn -0 0.634000003 0.773299992
vn -0 0.634000003 0.773299992
vn -0 0.555599988 0.831399977
vn -0 0.707099974 0.707099974
vn -0 0.707099974 0.707099974
vn -0 0.471799999 0.881699979
vn -0 0.471799999 0.881699979
vn -0 0.382699996 0.923900008
vn -0 0.382699996 0.923900008
vn -0 0.471799999 0.881699979
vn -0 0.555599988 0.831399977
vn -0 0.471799999 0.881699979
vn -0 0.555599988 0.831399977
vn -0 0.382699996 0.923900008
vn -0 0.382699996 0.923900008
vn -0 0.634000003 0.773299992
vn -0 0.707099974 0.707099974
vn -0 0.634000003 0.773299992
vn -0 0.707099974 0.707099974
vn -0 0.195099995 0.980799973
vn -0 0.289799988 0.957099974
vn 0 0.289700001 0.957099974
vn -0.000199999995 0.194999993 0.980799973
vn 0 0.289600015 0.957199991
vn -0.000300000014 0.194900006 0.980799973
vn -0.000199999995 0.0984999985 0.995100021
vn -0 0.0984999985 0.995100021
vn -0 0 1
vn -0 0 1
vn -0.000300000014 0.0983999968 0.995100021
vn -0 0 1
vn -0 0.0984999985 0.995100021
vn -0 0.195099995 0.980799973
vn -0 0.0984999985 0.995100021
vn -0 0.195099995 0.980799973
vn -0 0 1
vn -0 0 1
vn -0 0.289799988 0.957099974
vn -0 0.289799988 0.957099974
vn -0 0.195099995 0.980799973
vn -0 0.289799988 0.957099974
vn -0 0.289799988 0.957099974
vn -0 0.195099995 0.980799973
vn -0 0.0984999985 0.995100021
vn -0 0.0984999985 0.995100021
vn -0 0 1
vn -0 0 1
vn -0 0.0984999985 0.995100021
vn -0 0.195099995 0.980799973
vn -0 0.0984999985 0.995100021
vn -0 0.195099995 0.980799973
vn -0 0 1
vn -0 0 1
vn -0 0.289799988 0.957099974
vn -0 0.289799988 0.957099974
vn -0 -0.195099995 0.980799973
vn -0 -0.0984999985 0.995100021
vn -0.000199999995 -0.0984999985 0.995100021
vn -0.000199999995 -0.195099995 0.980799973
vn -0.000300000014 -0.0984999985 0.995100021
vn -0.000500000024 -0.194999993 0.980799973
vn -9.99999975e-05 -0.289799988 0.957099974
vn -0 -0.289799988 0.957099974
vn 0 -0.382800013 0.923799992
vn 0 -0.382600009 0.923900008
vn -0.000199999995 -0.289700001 0.957099974
vn -0 -0.3829 0.923799992
vn -0 -0.289799988 0.957099974
vn -0 -0.195099995 0.980799973
vn -0 -0.289799988 0.957099974
vn -0 -0.195099995 0.980799973
vn -0 -0.382699996 0.923900008
vn -0 -0.382699996 0.923900008
vn -0 -0.0984999985 0.995100021
vn -0 -0.0984999985 0.995100021
vn -0 -0.195099995 0.980799973
vn -0 -0.0984999985 0.995100021
vn -0 -0.0984999985 0.995100021
vn -0 -0.195099995 0.980799973
vn -0 -0.289799988 0.957099974
vn -0 -0.289799988 0.957099974
vn -0 -0.382699996 0.923900008
vn -0 -0.382699996 0.923900008
vn -0 -0.289799988 0.957099974
vn -0 -0.195099995 0.980799973
vn -0 -0.289799988 0.957099974
vn -0 -0.195099995 0.980799973
vn -0 -0.382699996 0.923900008
vn -0 -0.382699996 0.923900008
vn -0 -0.0984999985 0.995100021
vn -0 -0.0984999985 0.995100021
vn 0 -0.555499971 0.831499994
vn -0 -0.471799999 0.881699979
vn 0 -0.471899986 0.881600022
vn -0 -0.555599988 0.831399977
vn 0 -0.47209999 0.881500006
vn 0 -0.555700004 0.831399977
vn -0 -0.634000003 0.773299992
vn -0 -0.634000003 0.773299992
vn 0 -0.707000017 0.707099974
vn -0 -0.707099974 0.707099974
vn 0 -0.633899987 0.773400009
vn 0 -0.707000017 0.707199991
vn -0 -0.634000003 0.773299992
vn -0 -0.555599988 0.831399977
vn -0 -0.634000003 0.773299992
vn -0 -0.555599988 0.831399977
vn -0 -0.707099974 0.707099974
vn -0 -0.707099974 0.707099974
vn -0 -0.471799999 0.881699979
vn -0 -0.471799999 0.881699979
vn -0 -0.555599988 0.831399977
vn -0 -0.471799999 0.881699979
vn -0 -0.471799999 0.881699979
vn -0 -0.555599988 0.831399977
vn -0 -0.634000003 0.773299992
vn -0 -0.634000003 0.773299992
vn -0 -0.707099974 0.707099974
vn -0 -0.707099974 0.707099974
vn -0 -0.634000003 0.773299992
vn -0 -0.555599988 0.831399977
vn -0 -0.634000003 0.773299992
vn -0 -0.555599988 0.831399977
vn -0 -0.707099974 0.707099974
vn -0 -0.707099974 0.707099974
vn -0 -0.471799999 0.881699979
vn -0 -0.471799999 0.881699979
vn -0 -0.831399977 0.555599988
vn -0 -0.773299992 0.634000003
vn -0 -0.773299992 0.634000003
vn -0 -0.831399977 0.555599988
vn 0 -0.773299992 0.63410002
vn 0 -0.831399977 0.555700004
vn -0 -0.881699979 0.471799999
vn -0 -0.881699979 0.471799999
vn 0 -0.923900008 0.382600009
vn 0 -0.923900008 0.382600009
vn 0 -0.881600022 0.471799999
vn 9.99999975e-05 -0.923900008 0.382600009
vn -0 -0.881699979 0.471799999
vn -0 -0.831399977 0.555599988
vn -0 -0.881699979 0.471799999
vn -0 -0.831399977 0.555599988
vn -0 -0.923900008 0.382699996
vn -0 -0.923900008 0.382699996
vn -0 -0.773299992 0.634000003
vn -0 -0.773299992 0.634000003
vn -0 -0.831399977 0.555599988
vn -0 -0.773299992 0.634000003
vn -0 -0.773299992 0.634000003
vn -0 -0.831399977 0.555599988
vn -0 -0.881699979 0.471799999
vn -0 -0.881699979 0.471799999
vn -0 -0.923900008 0.382699996
vn -0 -0.923900008 0.382699996
vn -0 -0.881699979 0.471799999
vn -0 -0.831399977 0.555599988
vn -0 -0.881699979 0.471799999
vn -0 -0.831399977 0.555599988
vn -0 -0.923900008 0.382699996
vn -0 -0.923900008 0.382699996
vn -0 -0.773299992 0.634000003
vn -0 -0.773299992 0.634000003
vn -0 -0.980799973 0.195099995
vn -0 -0.957099974 0.289799988
vn 9.99999975e-05 -0.957099974 0.289799988
vn -0 -0.980799973 0.195099995
vn 9.99999975e-05 -0.957000017 0.289900005
vn -0 -0.980799973 0.195099995
vn -0 -0.995100021 0.0984999985
vn -0 -0.995100021 0.0984999985
vn -0 -1 0
vn -0 -1 0
vn 0 -0.995100021 0.0983999968
vn -0 -1 0
vn -0 -0.995100021 0.0984999985
vn -0 -0.980799973 0.195099995
vn -0 -0.995100021 0.0984999985
vn -0 -0.980799973 0.195099995
vn -0 -1 0
vn -0 -1 0
vn -0 -0.957099974 0.289799988
vn -0 -0.957099974 0.289799988
vn -0 -0.980799973 0.195099995
vn -0 -0.957099974 0.289799988
vn -0 -0.957099974 0.289799988
vn -0 -0.980799973 0.195099995
vn -0 -0.995100021 0.0984999985
vn -0 -0.995100021 0.0984999985
vn -0 -1 0
vn -0 -1 0
vn -0 -0.995100021 0.0984999985
vn -0 -0.980799973 0.195099995
vn -0 -0.995100021 0.0984999985
vn -0 -0.980799973 0.195099995
vn -0 -1 0
vn -0 -1 0
vn -0 -0.957099974 0.289799988
vn -0 -0.957099974 0.289799988
vn -0 -0.980799973 -0.195099995
vn -0 -0.995100021 -0.0984999985
vn -0 -0.995100021 -0.0984999985
vn -0 -0.980799973 -0.195099995
vn -0 -0.995100021 -0.0983999968
vn -9.99999975e-05 -0.980799973 -0.195099995
vn -9.99999975e-05 -0.957099974 -0.289799988
vn -0 -0.957099974 -0.289799988
vn -0 -0.923900008 -0.382600009
vn -0 -0.923900008 -0.382600009
vn -9.99999975e-05 -0.957099974 -0.289900005
vn -9.99999975e-05 -0.923900008 -0.382600009
vn -0 -0.957099974 -0.289799988
vn -0 -0.980799973 -0.195099995
vn -0 -0.957099974 -0.289799988
vn -0 -0.980799973 -0.195099995
vn -0 -0.923900008 -0.382699996
vn -0 -0.923900008 -0.382699996
vn -0 -0.995100021 -0.0984999985
vn -0 -0.995100021 -0.0984999985
vn -0 -0.980799973 -0.195099995
vn -0 -0.995100021 -0.0984999985
vn -0 -0.995100021 -0.0984999985
vn -0 -0.980799973 -0.195099995
vn -0 -0.957099974 -0.289799988
vn -0 -0.957099974 -0.289799988
vn -0 -0.923900008 -0.382699996
vn -0 -0.923900008 -0.382699996
vn -0 -0.957099974 -0.289799988
vn -0 -0.980799973 -0.195099995
vn -0 -0.957099974 -0.289799988
vn -0 -0.980799973 -0.195099995
vn -0 -0.923900008 -0.382699996
vn -0 -0.923900008 -0.382699996
vn -0 -0.995100021 -0.0984999985
vn -0 -0.995100021 -0.0984999985
vn -0 -0.831399977 -0.555599988
vn -0 -0.881699979 -0.471799999
vn -0 -0.881699979 -0.471799999
vn -0.000199999995 -0.831399977 -0.555599988
vn -9.99999975e-05 -0.881600022 -0.471799999
vn -0.000300000014 -0.831399977 -0.555700004
vn -0.000199999995 -0.773299992 -0.634000003
vn -0 -0.773299992 -0.634000003
vn -9.99999975e-05 -0.707000017 -0.707099974
vn -0 -0.707099974 -0.707099974
vn -0.00039999999 -0.773199975 -0.63410002
vn -0.000199999995 -0.707000017 -0.707199991
vn -0 -0.773299992 -0.634000003
vn -0 -0.831399977 -0.555599988
vn -0 -0.773299992 -0.634000003
vn -0 -0.831399977 -0.555599988
vn -0 -0.707099974 -0.707099974
vn -0 -0.707099974 -0.707099974
vn -0 -0.881699979 -0.471799999
vn -0 -0.881699979 -0.471799999
vn -0 -0.831399977 -0.555599988
vn -0 -0.881699979 -0.471799999
vn -0 -0.881699979 -0.471799999
vn -0 -0.831399977 -0.555599988
vn -0 -0.773299992 -0.634000003
vn -0 -0.773299992 -0.634000003
vn -0 -0.707099974 -0.707099974
vn -0 -0.707099974 -0.707099974
vn -0 -0.773299992 -0.634000003
vn -0 -0.831399977 -0.555599988
vn -0 -0.773299992 -0.634000003
vn -0 -0.831399977 -0.555599988
vn -0 -0.707099974 -0.707099974
vn -0 -0.707099974 -0.707099974
vn -0 -0.881699979 -0.471799999
vn -0 -0.881699979 -0.471799999
vn 0 -0.555499971 -0.831499994
vn -0 -0.634000003 -0.773299992
vn -9.99999975e-05 -0.634000003 -0.773299992
vn -9.99999975e-05 -0.555599988 -0.831399977
vn -0.000199999995 -0.633899987 -0.773400009
vn -0.000199999995 -0.555700004 -0.831399977
vn 0 -0.471899986 -0.881600022
vn -0 -0.471799999 -0.881699979
vn -0 -0.382699996 -0.923900008
vn 0 -0.382600009 -0.923900008
vn 0 -0.47209999 -0.881500006
vn 0 -0.382800013 -0.923799992
vn -0 -0.471799999 -0.881699979
vn -0 -0.555599988 -0.831399977
vn -0 -0.471799999 -0.881699979
vn -0 -0.555599988 -0.831399977
vn -0 -0.382699996 -0.923900008
vn -0 -0.382699996 -0.923900008
vn -0 -0.634000003 -0.773299992
vn -0 -0.634000003 -0.773299992
vn -0 -0.555599988 -0.831399977
vn -0 -0.634000003 -0.773299992
vn -0 -0.634000003 -0.773299992
vn -0 -0.555599988 -0.831399977
vn -0 -0.471799999 -0.881699979
vn -0 -0.471799999 -0.881699979
vn -0 -0.382699996 -0.923900008
vn -0 -0.382699996 -0.923900008
vn -0 -0.471799999 -0.881699979
vn -0 -0.555599988 -0.831399977
vn -0 -0.471799999 -0.881699979
vn -0 -0.555599988 -0.831399977
vn -0 -0.382699996 -0.923900008
vn -0 -0.382699996 -0.923900008
vn -0 -0.634000003 -0.773299992
vn -0 -0.634000003 -0.773299992
vn -0 -0.195099995 -0.980799973
vn -0 -0.289799988 -0.957099974
vn 0 -0.289700001 -0.957099974
vn 0.000199999995 -0.194999993 -0.980799973
vn 0 -0.289600015 -0.957199991
vn 0.000500000024 -0.194999993 -0.980799973
vn 0.00039999999 -0.0984999985 -0.995100021
vn -0 -0.0984999985 -0.995100021
vn 0.000300000014 0 -1
vn -0 0 -1
vn 0.000899999985 -0.0984999985 -0.995100021
vn 0.000500000024 0 -1
vn -0 -0.0984999985 -0.995100021
vn -0 -0.195099995 -0.980799973
vn -0 -0.0984999985 -0.995100021
vn -0 -0.195099995 -0.980799973
vn -0 0 -1
vn -0 0 -1
vn -0 -0.289799988 -0.957099974
vn -0 -0.289799988 -0.957099974
vn -0 -0.195099995 -0.980799973
vn -0 -0.289799988 -0.957099974
vn -0 -0.289799988 -0.957099974
vn -0 -0.195099995 -0.980799973
vn -0 -0.0984999985 -0.995100021
vn -0 -0.0984999985 -0.995100021
vn -0 0 -1
vn -0 0 -1
vn -0 -0.0984999985 -0.995100021
vn -0 -0.195099995 -0.980799973
vn -0 -0.0984999985 -0.995100021
vn -0 -0.195099995 -0.980799973
vn -0 0 -1
vn -0 0 -1
vn -0 -0.289799988 -0.957099974
vn -0 -0.289799988 -0.957099974
vn -0 0.195099995 -0.980799973
vn -0 0.0984999985 -0.995100021
vn 0.000300000014 0.0984999985 -0.995100021
vn 0.000199999995 0.195099995 -0.980799973
vn 0.000500000024 0.0984999985 -0.995100021
vn 0.000300000014 0.195099995 -0.980799973
vn 0 0.289700001 -0.957099974
vn -0 0.289799988 -0.957099974
vn 9.99999975e-05 0.382699996 -0.923900008
vn 0 0.382600009 -0.923900008
vn 0.000199999995 0.289700001 -0.957099974
vn 0.000199999995 0.382800013 -0.923799992
vn -0 0.289799988 -0.957099974
vn -0 0.195099995 -0.980799973
vn -0 0.289799988 -0.957099974
vn -0 0.195099995 -0.980799973
vn -0 0.382699996 -0.923900008
vn -0 0.382699996 -0.923900008
vn -0 0.0984999985 -0.995100021
vn -0 0.0984999985 -0.995100021
vn -0 0.195099995 -0.980799973
vn -0 0.0984999985 -0.995100021
vn -0 0.0984999985 -0.995100021
vn -0 0.195099995 -0.980799973
vn -0 0.289799988 -0.957099974
vn -0 0.289799988 -0.957099974
vn -0 0.382699996 -0.923900008
vn -0 0.382699996 -0.923900008
vn -0 0.289799988 -0.957099974
vn -0 0.195099995 -0.980799973
vn -0 0.289799988 -0.957099974
vn -0 0.195099995 -0.980799973
vn -0 0.382699996 -0.923900008
vn -0 0.382699996 -0.923900008
vn -0 0.0984999985 -0.995100021
vn -0 0.0984999985 -0.995100021
vn 0 0.555499971 -0.831499994
vn -0 0.471799999 -0.881699979
vn 0 0.471899986 -0.881600022
vn -0 0.555599988 -0.831399977
vn 0 0.47209999 -0.881500006
vn 0 0.555700004 -0.831399977
vn -9.99999975e-05 0.634000003 -0.773299992
vn -0 0.634000003 -0.773299992
vn -0.000199999995 0.707099974 -0.707099974
vn -0 0.707099974 -0.707099974
vn -0.000199999995 0.633899987 -0.773400009
vn -0.000300000014 0.707000017 -0.707199991
vn -0 0.634000003 -0.773299992
vn -0 0.555599988 -0.831399977
vn -0 0.634000003 -0.773299992
vn -0 0.555599988 -0.831399977
vn -0 0.707099974 -0.707099974
vn -0 0.707099974 -0.707099974
vn -0 0.471799999 -0.881699979
vn -0 0.471799999 -0.881699979
vn -0 0.555599988 -0.831399977
vn -0 0.471799999 -0.881699979
vn -0 0.471799999 -0.881699979
vn -0 0.555599988 -0.831399977
vn -0 0.634000003 -0.773299992
vn -0 0.634000003 -0.773299992
vn -0 0.707099974 -0.707099974
vn -0 0.707099974 -0.707099974
vn -0 0.634000003 -0.773299992
vn -0 0.555599988 -0.831399977
vn -0 0.634000003 -0.773299992
vn -0 0.555599988 -0.831399977
vn -0 0.707099974 -0.707099974
vn -0 0.707099974 -0.707099974
vn -0 0.471799999 -0.881699979
vn -0 0.471799999 -0.881699979
vn -0 0.831399977 -0.555599988
vn -0 0.773299992 -0.634000003
vn -9.99999975e-05 0.773299992 -0.63410002
vn -9.99999975e-05 0.831399977 -0.555700004
vn -0.000199999995 0.773299992 -0.63410002
vn -0.000199999995 0.831399977 -0.555700004
vn -0 0.881699979 -0.471799999
vn -0 0.881699979 -0.471799999
vn 0 0.923900008 -0.382600009
vn 0 0.923900008 -0.382600009
vn 9.99999975e-05 0.881600022 -0.471899986
vn 0.000199999995 0.923900008 -0.382600009
vn -0 0.881699979 -0.471799999
vn -0 0.831399977 -0.555599988
vn -0 0.881699979 -0.471799999
vn -0 0.831399977 -0.555599988
vn -0 0.923900008 -0.382699996
vn -0 0.923900008 -0.382699996
vn -0 0.773299992 -0.634000003
vn -0 0.773299992 -0.634000003
vn -0 0.831399977 -0.555599988
vn -0 0.773299992 -0.634000003
vn -0 0.773299992 -0.634000003
vn -0 0.831399977 -0.555599988
vn -0 0.881699979 -0.471799999
vn -0 0.881699979 -0.471799999
vn -0 0.923900008 -0.382699996
vn -0 0.923900008 -0.382699996
vn -0 0.881699979 -0.471799999
vn -0 0.831399977 -0.555599988
vn -0 0.881699979 -0.471799999
vn -0 0.831399977 -0.555599988
vn -0 0.923900008 -0.382699996
vn -0 0.923900008 -0.382699996
vn -0 0.773299992 -0.634000003
vn -0 0.773299992 -0.634000003
vn -0 0.980799973 -0.195099995
vn -0 0.957099974 -0.289799988
vn -0 0.957099974 -0.289799988
vn -0 0.980799973 -0.195099995
vn 0 0.957000017 -0.289900005
vn -0 0.980799973 -0.195099995
vn -0 0.995100021 -0.0984999985
vn -0 0.995100021 -0.0984999985
vn -0 1 0
vn -0 1 0
vn 0 0.995100021 -0.0983999968
vn -0 1 0
vn -0 0.995100021 -0.0984999985
vn -0 0.980799973 -0.195099995
vn -0 0.995100021 -0.0984999985
vn -0 0.980799973 -0.195099995
vn -0 1 0
vn -0 1 0
vn -0 0.957099974 -0.289799988
vn -0 0.957099974 -0.289799988
vn -0 0.980799973 -0.195099995
vn -0 0.957099974 -0.289799988
vn -0 0.957099974 -0.289799988
vn -0 0.980799973 -0.195099995
vn -0 0.995100021 -0.0984999985
vn -0 0.995100021 -0.0984999985
vn -0 1 0
vn -0 1 0
vn -0 0.995100021 -0.0984999985
vn -0 0.980799973 -0.195099995
vn -0 0.995100021 -0.0984999985
vn -0 0.980799973 -0.195099995
vn -0 1 0
vn -0 1 0
vn -0 0.957099974 -0.289799988
vn -0 0.957099974 -0.289799988
vn -0 0.980799973 0.195099995
vn -0 0.995100021 0.0984999985
vn -0 0.995100021 0.0984999985
vn -9.99999975e-05 0.980799973 0.195099995
vn -0 0.995100021 0.0983999968
vn -9.99999975e-05 0.980799973 0.195099995
vn -0 0.957099974 0.289799988
vn -0 0.957099974 0.289799988
vn 9.99999975e-05 0.923900008 0.382600009
vn 0 0.923900008 0.382600009
vn 0 0.957099974 0.289900005
vn 0.000199999995 0.923900008 0.382600009
vn -0 0.957099974 0.289799988
vn -0 0.980799973 0.195099995
vn -0 0.957099974 0.289799988
vn -0 0.980799973 0.195099995
vn -0 0.923900008 0.382699996
vn -0 0.923900008 0.382699996
vn -0 0.995100021 0.0984999985
vn -0 0.995100021 0.0984999985
vn -0 0.980799973 0.195099995
vn -0 0.995100021 0.0984999985
vn -0 0.995100021 0.0984999985
vn -0 0.980799973 0.195099995
vn -0 0.957099974 0.289799988
vn -0 0.957099974 0.289799988
vn -0 0.923900008 0.382699996
vn -0 0.923900008 0.382699996
vn -0 0.957099974 0.289799988
vn -0 0.980799973 0.195099995
vn -0 0.957099974 0.289799988
vn -0 0.980799973 0.195099995
vn -0 0.923900008 0.382699996
vn -0 0.923900008 0.382699996
vn -0 0.995100021 0.0984999985
vn -0 0.995100021 0.0984999985
vn -0 0.831399977 0.555599988
vn -0 0.881699979 0.471799999
vn -0 0.881699979 0.471799999
vn -0 0.831399977 0.555599988
vn 9.99999975e-05 0.881600022 0.471799999
vn 0 0.831399977 0.555700004
vn 9.99999975e-05 0.773299992 0.634000003
vn -0 0.773299992 0.634000003
vn 0.000199999995 0.773299992 0.634000003
vn -0 0.773299992 0.634000003
vn -0 0.831399977 0.555599988
vn -0 0.773299992 0.634000003
vn -0 0.831399977 0.555599988
vn -0 0.881699979 0.471799999
vn -0 0.881699979 0.471799999
vn -0 0.831399977 0.555599988
vn -0 0.881699979 0.471799999
vn -0 0.881699979 0.471799999
vn -0 0.831399977 0.555599988
vn -0 0.773299992 0.634000003
vn -0 0.773299992 0.634000003
vn -0 0.773299992 0.634000003
vn -0 0.831399977 0.555599988
vn -0 0.773299992 0.634000003
vn -0 0.831399977 0.555599988
vn -0 0.881699979 0.471799999
vn -0 0.881699979 0.471799999
vn -0.000199999995 0.555599988 -0.831399977
vn -0.000500000024 0.555599988 -0.831399977
vn -0.000500000024 0.634000003 -0.773299992
vn -0.000199999995 0.634000003 -0.773299992
vn -0.000500000024 0.707099974 -0.707099974
vn -0.000199999995 0.707099974 -0.707099974
vn -0.00139999995 0.555599988 -0.831399977
vn -0.00139999995 0.634000003 -0.773299992
vn -0.00139999995 0.707099974 -0.707099974
vn -0 0.634000003 -0.773299992
vn -0 0.555599988 -0.831399977
vn -0 0.634000003 -0.773299992
vn -0 0.555599988 -0.831399977
vn -0 0.707099974 -0.707099974
vn -0 0.707099974 -0.707099974
vn -0 0.471799999 -0.881699979
vn -0.000199999995 0.471799999 -0.881699979
vn -0 0.382699996 -0.923900008
vn -0.000199999995 0.382699996 -0.923900008
vn -0 0.471799999 -0.881699979
vn -0 0.382699996 -0.923900008
vn -0.000500000024 0.471799999 -0.881699979
vn -0.00139999995 0.471799999 -0.881699979
vn -0.000500000024 0.382699996 -0.923900008
vn -0.00139999995 0.382699996 -0.923900008
vn -0.000199999995 0.195099995 -0.980799973
vn -0.000500000024 0.195099995 -0.980799973
vn -0.000500000024 0.289799988 -0.957099974
vn -0.000199999995 0.289799988 -0.957099974
vn -0.00139999995 0.195099995 -0.980799973
vn -0.00139999995 0.289799988 -0.957099974
vn -0 0.289799988 -0.957099974
vn -0 0.195099995 -0.980799973
vn -0 0.289799988 -0.957099974
vn -0 0.195099995 -0.980799973
vn -0 0.0984999985 -0.995100021
vn -0.000199999995 0.0984999985 -0.995100021
vn -0 0 -1
vn -0.000199999995 0 -1
vn -0 0.0984999985 -0.995100021
vn -0 0 -1
vn -0.000500000024 0.0984999985 -0.995100021
vn -0.00139999995 0.0984999985 -0.995100021
vn -0.000500000024 0 -1
vn -0.00139999995 0 -1
vn -0.000199999995 -0.195099995 -0.980799973
vn -0.000500000024 -0.195099995 -0.980799973
vn -0.000500000024 -0.0984999985 -0.995100021
vn -0.000199999995 -0.0984999985 -0.995100021
vn -0.00139999995 -0.195099995 -0.980799973
vn -0.00139999995 -0.0984999985 -0.995100021
vn -0 -0.0984999985 -0.995100021
vn -0 -0.195099995 -0.980799973
vn -0 -0.0984999985 -0.995100021
vn -0 -0.195099995 -0.980799973
vn -0 -0.289799988 -0.957099974
vn -0.000199999995 -0.289799988 -0.957099974
vn -0 -0.382699996 -0.923900008
vn -0.000199999995 -0.382699996 -0.923900008
vn -0 -0.289799988 -0.957099974
vn -0 -0.382699996 -0.923900008
vn -0.000500000024 -0.289799988 -0.957099974
vn -0.00139999995 -0.289799988 -0.957099974
vn -0.000500000024 -0.382699996 -0.923900008
vn -0.00139999995 -0.382699996 -0.923900008
vn -0.000199999995 -0.555599988 -0.831399977
vn -0.000500000024 -0.555599988 -0.831399977
vn -0.000500000024 -0.471799999 -0.881699979
vn -0.000199999995 -0.471799999 -0.881699979
vn -0.00139999995 -0.555599988 -0.831399977
vn -0.00139999995 -0.471799999 -0.881699979
vn -0 -0.471799999 -0.881699979
vn -0 -0.555599988 -0.831399977
vn -0 -0.471799999 -0.881699979
vn -0 -0.555599988 -0.831399977
vn -0 -0.634000003 -0.773299992
vn -0.000199999995 -0.634000003 -0.773299992
vn -0 -0.707099974 -0.707099974
vn -0.000199999995 -0.707099974 -0.707099974
vn -0 -0.634000003 -0.773299992
vn -0 -0.707099974 -0.707099974
vn -0.000500000024 -0.634000003 -0.773299992
vn -0.00139999995 -0.634000003 -0.773299992
vn -0.000500000024 -0.707099974 -0.707099974
vn -0.00139999995 -0.707099974 -0.707099974
vn -0.000199999995 -0.831399977 -0.555599988
vn -0.000500000024 -0.831399977 -0.555599988
vn -0.000500000024 -0.773299992 -0.634000003
vn -0.000199999995 -0.773299992 -0.634000003
vn -0.00139999995 -0.831399977 -0.555599988
vn -0.00139999995 -0.773299992 -0.634000003
vn -0 -0.773299992 -0.634000003
vn -0 -0.831399977 -0.555599988
vn -0 -0.773299992 -0.634000003
vn -0 -0.831399977 -0.555599988
vn -0 -0.881699979 -0.471799999
vn -0.000199999995 -0.881699979 -0.471799999
vn -0 -0.923900008 -0.382699996
vn -0.000199999995 -0.923900008 -0.382699996
vn -0 -0.881699979 -0.471799999
vn -0 -0.923900008 -0.382699996
vn -0.000500000024 -0.881699979 -0.471799999
vn -0.00139999995 -0.881699979 -0.471799999
vn -0.000500000024 -0.923900008 -0.382699996
vn -0.00139999995 -0.923900008 -0.382699996
vn -0.000199999995 -0.980799973 -0.195099995
vn -0.000500000024 -0.980799973 -0.195099995
vn -0.000500000024 -0.957099974 -0.289799988
vn -0.000199999995 -0.957099974 -0.289799988
vn -0.00139999995 -0.980799973 -0.195099995
vn -0.00139999995 -0.957099974 -0.289799988
vn -0 -0.957099974 -0.289799988
vn -0 -0.980799973 -0.195099995
vn -0 -0.957099974 -0.289799988
vn -0 -0.980799973 -0.195099995
vn -0 -0.995100021 -0.0984999985
vn -0.000199999995 -0.995100021 -0.0984999985
vn -0 -1 0
vn -0.000199999995 -1 0
vn -0 -0.995100021 -0.0984999985
vn -0 -1 0
vn -0.000500000024 -0.995100021 -0.0984999985
vn -0.00139999995 -0.995100021 -0.0984999985
vn -0.000500000024 -1 0
vn -0.00139999995 -1 0
vn -0.000199999995 -0.980799973 0.195099995
vn -0.000500000024 -0.980799973 0.195099995
vn -0.000500000024 -0.995100021 0.0984999985
vn -0.000199999995 -0.995100021 0.0984999985
vn -0.00139999995 -0.980799973 0.195099995
vn -0.00139999995 -0.995100021 0.0984999985
vn -0 -0.995100021 0.0984999985
vn -0 -0.980799973 0.195099995
vn -0 -0.995100021 0.0984999985
vn -0 -0.980799973 0.195099995
vn -0 -0.957099974 0.289799988
vn -0.000199999995 -0.957099974 0.289799988
vn -0 -0.923900008 0.382699996
vn -0.000199999995 -0.923900008 0.382699996
vn -0 -0.957099974 0.289799988
vn -0 -0.923900008 0.382699996
vn -0.000500000024 -0.957099974 0.289799988
vn -0.00139999995 -0.957099974 0.289799988
vn -0.000500000024 -0.923900008 0.382699996
vn -0.00139999995 -0.923900008 0.382699996
vn -0.000199999995 -0.831399977 0.555599988
vn -0.000500000024 -0.831399977 0.555599988
vn -0.000500000024 -0.881699979 0.471799999
vn -0.000199999995 -0.881699979 0.471799999
vn -0.00139999995 -0.831399977 0.555599988
vn -0.00139999995 -0.881699979 0.471799999
vn -0 -0.881699979 0.471799999
vn -0 -0.831399977 0.555599988
vn -0 -0.881699979 0.471799999
vn -0 -0.831399977 0.555599988
vn -0 -0.773299992 0.634000003
vn -0.000199999995 -0.773299992 0.634000003
vn -0 -0.707099974 0.707099974
vn -0.000199999995 -0.707099974 0.707099974
vn -0 -0.773299992 0.634000003
vn -0 -0.707099974 0.707099974
vn -0.000500000024 -0.773299992 0.634000003
vn -0.00139999995 -0.773299992 0.634000003
vn -0.000500000024 -0.707099974 0.707099974
vn -0.00139999995 -0.707099974 0.707099974
vn -0.000199999995 -0.555599988 0.831399977
vn -0.000500000024 -0.555599988 0.831399977
vn -0.000500000024 -0.634000003 0.773299992
vn -0.000199999995 -0.634000003 0.773299992
vn -0.00139999995 -0.555599988 0.831399977
vn -0.00139999995 -0.634000003 0.773299992
vn -0 -0.634000003 0.773299992
vn -0 -0.555599988 0.831399977
vn -0 -0.634000003 0.773299992
vn -0 -0.555599988 0.831399977
vn -0 -0.471799999 0.881699979
vn -0.000199999995 -0.471799999 0.881699979
vn -0 -0.382699996 0.923900008
vn -0.000199999995 -0.382699996 0.923900008
vn -0 -0.471799999 0.881699979
vn -0 -0.382699996 0.923900008
vn -0.000500000024 -0.471799999 0.881699979
vn -0.00139999995 -0.471799999 0.881699979
vn -0.000500000024 -0.382699996 0.923900008
vn -0.00139999995 -0.382699996 0.923900008
vn -0.000199999995 -0.195099995 0.980799973
vn -0.000500000024 -0.195099995 0.980799973
vn -0.000500000024 -0.289799988 0.957099974
vn -0.000199999995 -0.289799988 0.957099974
vn -0.00139999995 -0.195099995 0.980799973
vn -0.00139999995 -0.289799988 0.957099974
vn -0 -0.289799988 0.957099974
vn -0 -0.195099995 0.980799973
vn -0 -0.289799988 0.957099974
vn -0 -0.195099995 0.980799973
vn -0 -0.0984999985 0.995100021
vn -0.000199999995 -0.0984999985 0.995100021
vn -0 0 1
vn -0.000199999995 0 1
vn -0 -0.0984999985 0.995100021
vn -0 0 1
vn -0.000500000024 -0.0984999985 0.995100021
vn -0.00139999995 -0.0984999985 0.995100021
vn -0.000500000024 0 1
vn -0.00139999995 0 1
vn -0.000199999995 0.195099995 0.980799973
vn -0.000500000024 0.195099995 0.980799973
vn -0.000500000024 0.0984999985 0.995100021
vn -0.000199999995 0.0984999985 0.995100021
vn -0.00139999995 0.195099995 0.980799973
vn -0.00139999995 0.0984999985 0.995100021
vn -0 0.0984999985 0.995100021
vn -0 0.195099995 0.980799973
vn -0 0.0984999985 0.995100021
vn -0 0.195099995 0.980799973
vn -0 0.289799988 0.957099974
vn -0.000199999995 0.289799988 0.957099974
vn -0 0.382699996 0.923900008
vn -0.000199999995 0.382699996 0.923900008
vn -0 0.289799988 0.957099974
vn -0 0.382699996 0.923900008
vn -0.000500000024 0.289799988 0.957099974
vn -0.00139999995 0.289799988 0.957099974
vn -0.000500000024 0.382699996 0.923900008
vn -0.00139999995 0.382699996 0.923900008
vn -0.000199999995 0.555599988 0.831399977
vn -0.000500000024 0.555599988 0.831399977
vn -0.000500000024 0.471799999 0.881699979
vn -0.000199999995 0.471799999 0.881699979
vn -0.00139999995 0.555599988 0.831399977
vn -0.00139999995 0.471799999 0.881699979
vn -0 0.471799999 0.881699979
vn -0 0.555599988 0.831399977
vn -0 0.471799999 0.881699979
vn -0 0.555599988 0.831399977
vn -0 0.634000003 0.773299992
vn -0.000199999995 0.634000003 0.773299992
vn -0 0.707099974 0.707099974
vn -0.000199999995 0.707099974 0.707099974
vn -0 0.634000003 0.773299992
vn -0 0.707099974 0.707099974
vn -0.000500000024 0.634000003 0.773299992
vn -0.00139999995 0.634000003 0.773299992
vn -0.000500000024 0.707099974 0.707099974
vn -0.00139999995 0.707099974 0.707099974
vn -0.000199999995 0.831399977 0.555599988
vn -0.000500000024 0.831399977 0.555599988
vn -0.000500000024 0.773299992 0.634000003
vn -0.000199999995 0.773299992 0.634000003
vn -0.00139999995 0.831399977 0.555599988
vn -0.00139999995 0.773299992 0.634000003
vn -0 0.773299992 0.634000003
vn -0 0.831399977 0.555599988
vn -0 0.773299992 0.634000003
vn -0 0.831399977 0.555599988
vn -0 0.881699979 0.471799999
vn -0.000199999995 0.881699979 0.471799999
vn -0 0.923900008 0.382699996
vn -0.000199999995 0.923900008 0.382699996
vn -0 0.881699979 0.471799999
vn -0 0.923900008 0.382699996
vn -0.000500000024 0.881699979 0.471799999
vn -0.00139999995 0.881699979 0.471799999
vn -0.000500000024 0.923900008 0.382699996
vn -0.00139999995 0.923900008 0.382699996
vn -0.000199999995 0.980799973 0.195099995
vn -0.000500000024 0.980799973 0.195099995
vn -0.000500000024 0.957099974 0.289799988
vn -0.000199999995 0.957099974 0.289799988
vn -0.00139999995 0.980799973 0.195099995
vn -0.00139999995 0.957099974 0.289799988
vn -0 0.957099974 0.289799988
vn -0 0.980799973 0.195099995
vn -0 0.957099974 0.289799988
vn -0 0.980799973 0.195099995
vn -0 0.995100021 0.0984999985
vn -0.000199999995 0.995100021 0.0984999985
vn -0 1 0
vn -0.000199999995 1 0
vn -0 0.995100021 0.0984999985
vn -0 1 0
vn -0.000500000024 0.995100021 0.0984999985
vn -0.00139999995 0.995100021 0.0984999985
vn -0.000500000024 1 0
vn -0.00139999995 1 0
vn -0.000199999995 0.980799973 -0.195099995
vn -0.000500000024 0.980799973 -0.195099995
vn -0.000500000024 0.995100021 -0.0984999985
vn -0.000199999995 0.995100021 -0.0984999985
vn -0.00139999995 0.980799973 -0.195099995
vn -0.00139999995 0.995100021 -0.0984999985
vn -0 0.995100021 -0.0984999985
vn -0 0.980799973 -0.195099995
vn -0 0.995100021 -0.0984999985
vn -0 0.980799973 -0.195099995
vn -0 0.957099974 -0.289799988
vn -0.000199999995 0.957099974 -0.289799988
vn -0 0.923900008 -0.382699996
vn -0.000199999995 0.923900008 -0.382699996
vn -0 0.957099974 -0.289799988
vn -0 0.923900008 -0.382699996
vn -0.000500000024 0.957099974 -0.289799988
vn -0.00139999995 0.957099974 -0.289799988
vn -0.000500000024 0.923900008 -0.382699996
vn -0.00139999995 0.923900008 -0.382699996
vn -0.000199999995 0.831399977 -0.555599988
vn -0.000199999995 0.773299992 -0.634000003
vn -0.000500000024 0.773299992 -0.634000003
vn -0.000500000024 0.831399977 -0.555599988
vn -0.00139999995 0.773299992 -0.634000003
vn -0.00139999995 0.831399977 -0.555599988
vn -0.000500000024 0.881699979 -0.471799999
vn -0.000199999995 0.881699979 -0.471799999
vn -0.00139999995 0.881699979 -0.471799999
vn -0 0.881699979 -0.471799999
vn -0 0.831399977 -0.555599988
vn -0 0.881699979 -0.471799999
vn -0 0.831399977 -0.555599988
vn -0 0.773299992 -0.634000003
vn -0 0.773299992 -0.634000003
vn -0.0500000007 0.554899991 -0.83039999
vn -0.0500000007 0.63319999 -0.772300005
vn -0.00810000021 0.634000003 -0.773299992
vn -0.00810000021 0.555499971 -0.831399977
vn -0.0500000007 0.706200004 -0.706200004
vn -0.00810000021 0.707099974 -0.707099974
vn -0.00810000021 0.471799999 -0.881600022
vn -0.0500000007 0.471199989 -0.880599976
vn -0.00810000021 0.382600009 -0.923799992
vn -0.0500000007 0.382200003 -0.922699988
vn -0.301699996 0.449800014 -0.840600014
vn -0.301699996 0.529600024 -0.792699993
vn -0.506600022 0.406800002 -0.760200024
vn -0.506600022 0.479000002 -0.716799974
vn -0.301699996 0.364800006 -0.880800009
vn -0.506600022 0.329899997 -0.796500027
vn -0.301699996 0.604399979 -0.737299979
vn -0.301699996 0.674099982 -0.674199998
vn -0.506600022 0.546599984 -0.666700006
vn -0.506699979 0.609600008 -0.609600008
vn -0.50910002 0.478199989 -0.715600014
vn -0.509199977 0.545700014 -0.665499985
vn -0.507200003 0.546400011 -0.666400015
vn -0.507200003 0.478799999 -0.716499984
vn -0.509199977 0.60860002 -0.608500004
vn -0.507300019 0.609300017 -0.609399974
vn -0.507200003 0.406599998 -0.759800017
vn -0.509199977 0.406100005 -0.75880003
vn -0.507200003 0.32980001 -0.796199977
vn -0.509199977 0.329299986 -0.795099974
vn -0.513300002 0.404900014 -0.756600022
vn -0.513300002 0.476799995 -0.71359998
vn -0.524299979 0.40169999 -0.750800014
vn -0.524299979 0.473100007 -0.708000004
vn -0.513400018 0.328399986 -0.792800009
vn -0.524399996 0.325800002 -0.786599994
vn -0.513300002 0.544099987 -0.663600028
vn -0.513300002 0.60680002 -0.60680002
vn -0.524399996 0.539900005 -0.658399999
vn -0.524399996 0.602100015 -0.602100015
vn -0.0500000007 0.194800004 -0.979600012
vn -0.0500000007 0.289400011 -0.955900013
vn -0.00810000021 0.289799988 -0.957000017
vn -0.00810000021 0.195099995 -0.980700016
vn -0.00810000021 0.0984999985 -0.995100021
vn -0.0500000007 0.0983999968 -0.993900001
vn -0.00810000021 0 -0.999899983
vn -0.0500000007 0 -0.998700023
vn -0.301800013 0.0939000025 -0.948700011
vn -0.301699996 0.186000004 -0.935100019
vn -0.506600022 0.0848999992 -0.857900023
vn -0.506600022 0.168200001 -0.845600009
vn -0.301699996 0 -0.953400016
vn -0.506699979 0 -0.862100005
vn -0.301699996 0.276300013 -0.912500024
vn -0.506600022 0.249899998 -0.825100005
vn -0.509199977 0.167899996 -0.844099998
vn -0.509199977 0.249400005 -0.823700011
vn -0.507300019 0.249699995 -0.824800014
vn -0.507200003 0.168099999 -0.845200002
vn -0.507200003 0.0848999992 -0.857599974
vn -0.509199977 0.0847000033 -0.856400013
vn -0.507300019 0 -0.861800015
vn -0.509199977 0 -0.860599995
vn -0.513300002 0.0844999999 -0.853999972
vn -0.513300002 0.167400002 -0.841700017
vn -0.524299979 0.0838999972 -0.847299993
vn -0.524299979 0.166099995 -0.835099995
vn -0.513300002 0 -0.858200014
vn -0.524299979 0 -0.851499975
vn -0.513300002 0.248699993 -0.82130003
vn -0.524299979 0.246700004 -0.814899981
vn -0.0500000007 -0.194800004 -0.979600012
vn -0.0500000007 -0.0983999968 -0.993900001
vn -0.00810000021 -0.0984999985 -0.995100021
vn -0.00810000021 -0.195099995 -0.980700016
vn -0.00810000021 -0.289799988 -0.957000017
vn -0.0500000007 -0.289400011 -0.955900013
vn -0.00810000021 -0.382600009 -0.923799992
vn -0.0500000007 -0.382200003 -0.922699988
vn -0.301699996 -0.276300013 -0.912400007
vn -0.301699996 -0.186000004 -0.935100019
vn -0.506600022 -0.249899998 -0.825100005
vn -0.506600022 -0.168200001 -0.845600009
vn -0.301699996 -0.364800006 -0.880800009
vn -0.506600022 -0.329899997 -0.796500027
vn -0.301800013 -0.0939000025 -0.948700011
vn -0.506699979 -0.0848999992 -0.857900023
vn -0.509199977 -0.167899996 -0.844099998
vn -0.509199977 -0.0847000033 -0.856400013
vn -0.507200003 -0.0848999992 -0.857599974
vn -0.507200003 -0.168099999 -0.845200002
vn -0.507200003 -0.249699995 -0.824800014
vn -0.509199977 -0.249400005 -0.823700011
vn -0.507300019 -0.32980001 -0.796199977
vn -0.509199977 -0.329299986 -0.795099974
vn -0.513300002 -0.248699993 -0.82130003
vn -0.513300002 -0.167400002 -0.841700017
vn -0.524299979 -0.246800005 -0.814899981
vn -0.524299979 -0.166099995 -0.835099995
vn -0.513400018 -0.328399986 -0.792800009
vn -0.524399996 -0.325800002 -0.786599994
vn -0.513300002 -0.0844999999 -0.853999972
vn -0.524299979 -0.0838999972 -0.84740001
vn -0.0500000007 -0.554899991 -0.83039999
vn -0.0500000007 -0.471199989 -0.880599976
vn -0.00810000021 -0.471799999 -0.881600022
vn -0.00810000021 -0.555499971 -0.831399977
vn -0.00810000021 -0.634000003 -0.773299992
vn -0.0500000007 -0.63319999 -0.772300005
vn -0.00810000021 -0.707099974 -0.707099974
vn -0.0500000007 -0.706200004 -0.706200004
vn -0.301699996 -0.604399979 -0.737299979
vn -0.301699996 -0.529699981 -0.792699993
vn -0.506600022 -0.546599984 -0.666700006
vn -0.506600022 -0.479000002 -0.716799974
vn -0.301699996 -0.674099982 -0.674199998
vn -0.506699979 -0.609600008 -0.609600008
vn -0.301699996 -0.449800014 -0.840600014
vn -0.506600022 -0.406800002 -0.760200024
vn -0.509199977 -0.478100002 -0.715600014
vn -0.509199977 -0.405999988 -0.75880003
vn -0.507200003 -0.406599998 -0.759800017
vn -0.507200003 -0.478799999 -0.716499984
vn -0.507200003 -0.546400011 -0.666400015
vn -0.509199977 -0.545599997 -0.665499985
vn -0.507200003 -0.609399974 -0.609399974
vn -0.509199977 -0.60860002 -0.608500004
vn -0.513300002 -0.544099987 -0.663600028
vn -0.513300002 -0.476799995 -0.71359998
vn -0.524299979 -0.539900005 -0.658399999
vn -0.524299979 -0.47299999 -0.708000004
vn -0.513300002 -0.606899977 -0.60680002
vn -0.524399996 -0.602100015 -0.601999998
vn -0.513300002 -0.404900014 -0.756600022
vn -0.524299979 -0.40169999 -0.750800014
vn -0.0500000007 -0.83039999 -0.554899991
vn -0.0500000007 -0.772300005 -0.63319999
vn -0.00810000021 -0.773299992 -0.634000003
vn -0.00810000021 -0.831399977 -0.555499971
vn -0.00810000021 -0.881600022 -0.471799999
vn -0.0500000007 -0.880599976 -0.471199989
vn -0.00810000021 -0.923799992 -0.382600009
vn -0.0500000007 -0.922699988 -0.382200003
vn -0.301800013 -0.840600014 -0.449800014
vn -0.301800013 -0.792699993 -0.529699981
vn -0.506699979 -0.760100007 -0.406800002
vn -0.506600022 -0.716799974 -0.479000002
vn -0.301699996 -0.880800009 -0.364800006
vn -0.506699979 -0.796500027 -0.329899997
vn -0.301699996 -0.737200022 -0.604499996
vn -0.506600022 -0.666700006 -0.546599984
vn -0.509199977 -0.715600014 -0.478100002
vn -0.509199977 -0.665499985 -0.545599997
vn -0.507200003 -0.666400015 -0.546400011
vn -0.507200003 -0.716499984 -0.478799999
vn -0.507200003 -0.759800017 -0.406599998
vn -0.509199977 -0.75880003 -0.405999988
vn -0.507300019 -0.796199977 -0.32980001
vn -0.509199977 -0.795099974 -0.329299986
vn -0.513300002 -0.756600022 -0.404900014
vn -0.513300002 -0.71359998 -0.476799995
vn -0.524399996 -0.750800014 -0.40169999
vn -0.524399996 -0.707899988 -0.473100007
vn -0.513300002 -0.792900026 -0.328399986
vn -0.524399996 -0.786599994 -0.325800002
vn -0.513300002 -0.663699985 -0.544099987
vn -0.524399996 -0.658399999 -0.539799988
vn -0.0500000007 -0.979600012 -0.194800004
vn -0.0500000007 -0.955900013 -0.289400011
vn -0.00810000021 -0.957000017 -0.289799988
vn -0.00810000021 -0.980700016 -0.195099995
vn -0.00810000021 -0.995100021 -0.0984999985
vn -0.0500000007 -0.993900001 -0.0983999968
vn -0.00810000021 -0.999899983 0
vn -0.0500000007 -0.998700023 0
vn -0.301699996 -0.948700011 -0.0939000025
vn -0.301699996 -0.935100019 -0.186000004
vn -0.506600022 -0.857900023 -0.0848999992
vn -0.506600022 -0.845600009 -0.168200001
vn -0.301699996 -0.953400016 0
vn -0.506699979 -0.862100005 0
vn -0.301699996 -0.912400007 -0.276300013
vn -0.506600022 -0.825100005 -0.249899998
vn -0.509199977 -0.844099998 -0.167899996
vn -0.509199977 -0.823700011 -0.249400005
vn -0.507200003 -0.824800014 -0.249799997
vn -0.507200003 -0.845200002 -0.168099999
vn -0.507200003 -0.857599974 -0.0848999992
vn -0.509199977 -0.856400013 -0.0847000033
vn -0.507300019 -0.861800015 0
vn -0.509199977 -0.860599995 0
vn -0.513300002 -0.853999972 -0.0844999999
vn -0.513300002 -0.841700017 -0.167400002
vn -0.524399996 -0.847299993 -0.0838999972
vn -0.524399996 -0.835099995 -0.166099995
vn -0.513400018 -0.858099997 0
vn -0.524299979 -0.851499975 0
vn -0.513300002 -0.82130003 -0.248699993
vn -0.524399996 -0.814899981 -0.246800005
vn -0.0500000007 -0.979600012 0.194800004
vn -0.0500000007 -0.993900001 0.0983999968
vn -0.00810000021 -0.995100021 0.0984999985
vn -0.00810000021 -0.980700016 0.195099995
vn -0.00810000021 -0.957000017 0.289799988
vn -0.0500000007 -0.955900013 0.289400011
vn -0.00810000021 -0.923799992 0.382600009
vn -0.0500000007 -0.922699988 0.382200003
vn -0.301699996 -0.912400007 0.276300013
vn -0.301699996 -0.935100019 0.186000004
vn -0.506600022 -0.825100005 0.249899998
vn -0.506600022 -0.845600009 0.168200001
vn -0.301699996 -0.880800009 0.364800006
vn -0.506699979 -0.796500027 0.329899997
vn -0.301699996 -0.948700011 0.0939000025
vn -0.506600022 -0.857900023 0.0848999992
vn -0.509199977 -0.844099998 0.167899996
vn -0.509199977 -0.856400013 0.0847000033
vn -0.507200003 -0.857599974 0.0848999992
vn -0.507200003 -0.845200002 0.168099999
vn -0.507200003 -0.824800014 0.249699995
vn -0.509199977 -0.823700011 0.249400005
vn -0.507300019 -0.796199977 0.32980001
vn -0.509199977 -0.795099974 0.329299986
vn -0.513300002 -0.82130003 0.248699993
vn -0.513300002 -0.841700017 0.167400002
vn -0.524399996 -0.814899981 0.246800005
vn -0.524299979 -0.835099995 0.166099995
vn -0.513300002 -0.792900026 0.328399986
vn -0.524399996 -0.786599994 0.325800002
vn -0.513300002 -0.853999972 0.0844999999
vn -0.524299979 -0.847299993 0.0838999972
vn -0.0500000007 -0.83039999 0.554899991
vn -0.0500000007 -0.880599976 0.471199989
vn -0.00810000021 -0.881600022 0.471799999
vn -0.00810000021 -0.831399977 0.555499971
vn -0.00810000021 -0.773299992 0.634000003
vn -0.0500000007 -0.772300005 0.63319999
vn -0.00810000021 -0.707099974 0.707099974
vn -0.0500000007 -0.706200004 0.706200004
vn -0.301800013 -0.737200022 0.604499996
vn -0.301699996 -0.792699993 0.529699981
vn -0.506699979 -0.666700006 0.546599984
vn -0.506600022 -0.716799974 0.479000002
vn -0.301699996 -0.674099982 0.674199998
vn -0.506699979 -0.609600008 0.609600008
vn -0.301699996 -0.840600014 0.449800014
vn -0.506600022 -0.760200024 0.406800002
vn -0.509199977 -0.715600014 0.478100002
vn -0.509199977 -0.75880003 0.405999988
vn -0.507200003 -0.759800017 0.406599998
vn -0.507200003 -0.716499984 0.478799999
vn -0.507200003 -0.666400015 0.546400011
vn -0.509199977 -0.665499985 0.545599997
vn -0.507300019 -0.609300017 0.609399974
vn -0.509199977 -0.60860002 0.608500004
vn -0.513300002 -0.663699985 0.544099987
vn -0.513300002 -0.71359998 0.476799995
vn -0.524399996 -0.658399999 0.539900005
vn -0.524299979 -0.708000004 0.473100007
vn -0.513300002 -0.606899977 0.60680002
vn -0.524299979 -0.602100015 0.602100015
vn -0.513300002 -0.756699979 0.404900014
vn -0.524299979 -0.750800014 0.40169999
vn -0.0500000007 -0.554899991 0.83039999
vn -0.0500000007 -0.63319999 0.772300005
vn -0.00810000021 -0.634000003 0.773299992
vn -0.00810000021 -0.555499971 0.831399977
vn -0.00810000021 -0.471799999 0.881600022
vn -0.0500000007 -0.471199989 0.880599976
vn -0.00810000021 -0.382600009 0.923799992
vn -0.0500000007 -0.382200003 0.922699988
vn -0.301699996 -0.449800014 0.840600014
vn -0.301699996 -0.529699981 0.792699993
vn -0.506600022 -0.406800002 0.760200024
vn -0.506600022 -0.479000002 0.716799974
vn -0.301699996 -0.364800006 0.880800009
vn -0.506699979 -0.329899997 0.796500027
vn -0.301699996 -0.604399979 0.737299979
vn -0.506600022 -0.546599984 0.666700006
vn -0.50910002 -0.478100002 0.715600014
vn -0.509199977 -0.545700014 0.665499985
vn -0.507200003 -0.546400011 0.666400015
vn -0.507200003 -0.478799999 0.716499984
vn -0.507200003 -0.406599998 0.759800017
vn -0.509199977 -0.405999988 0.75880003
vn -0.507300019 -0.32980001 0.796199977
vn -0.509199977 -0.329299986 0.795099974
vn -0.513300002 -0.404900014 0.756600022
vn -0.513300002 -0.476799995 0.713500023
vn -0.524399996 -0.40169999 0.750800014
vn -0.524299979 -0.473100007 0.708000004
vn -0.513400018 -0.328299999 0.792800009
vn -0.524399996 -0.325800002 0.78670001
vn -0.513300002 -0.544099987 0.663600028
vn -0.524299979 -0.539900005 0.658500016
vn -0.0500000007 -0.194800004 0.979600012
vn -0.0500000007 -0.289400011 0.955900013
vn -0.00810000021 -0.289799988 0.957000017
vn -0.00810000021 -0.195099995 0.980700016
vn -0.00810000021 -0.0984999985 0.995100021
vn -0.0500000007 -0.0983999968 0.993900001
vn -0.00810000021 0 0.999899983
vn -0.0500000007 0 0.998700023
vn -0.301699996 -0.0939000025 0.948700011
vn -0.301699996 -0.186000004 0.935100019
vn -0.506600022 -0.0848999992 0.857900023
vn -0.506600022 -0.168200001 0.845600009
vn -0.301699996 0 0.953400016
vn -0.506699979 0 0.862100005
vn -0.301699996 -0.276300013 0.912500024
vn -0.506699979 -0.249899998 0.825100005
vn -0.509199977 -0.167899996 0.844099998
vn -0.509199977 -0.249400005 0.823700011
vn -0.507200003 -0.249799997 0.824800014
vn -0.507200003 -0.168099999 0.845200002
vn -0.507200003 -0.0848999992 0.857599974
vn -0.509199977 -0.0847000033 0.856400013
vn -0.507200003 0 0.861800015
vn -0.509199977 0 0.860599995
vn -0.513300002 -0.0844999999 0.853999972
vn -0.513300002 -0.167400002 0.841700017
vn -0.524399996 -0.0838999972 0.847299993
vn -0.524299979 -0.166099995 0.835099995
vn -0.513400018 0 0.858099997
vn -0.524399996 0 0.851499975
vn -0.513300002 -0.248699993 0.82130003
vn -0.524299979 -0.246800005 0.814899981
vn -0.0500000007 0.194800004 0.979600012
vn -0.0500000007 0.0983999968 0.993900001
vn -0.00810000021 0.0984999985 0.995100021
vn -0.00810000021 0.195099995 0.980700016
vn -0.00810000021 0.289799988 0.957000017
vn -0.0500000007 0.289400011 0.955900013
vn -0.00810000021 0.382600009 0.923799992
vn -0.0500000007 0.382200003 0.922699988
vn -0.301699996 0.276300013 0.912400007
vn -0.301699996 0.186000004 0.935100019
vn -0.506600022 0.249899998 0.825100005
vn -0.506600022 0.168200001 0.845600009
vn -0.301699996 0.364800006 0.880800009
vn -0.506699979 0.329899997 0.796500027
vn -0.301699996 0.0939000025 0.948700011
vn -0.506600022 0.0848999992 0.857900023
vn -0.509199977 0.167899996 0.844099998
vn -0.509199977 0.0847000033 0.856400013
vn -0.507200003 0.0848999992 0.857599974
vn -0.507200003 0.168099999 0.845200002
vn -0.507200003 0.249799997 0.824800014
vn -0.509199977 0.249400005 0.823700011
vn -0.507200003 0.32980001 0.796199977
vn -0.509199977 0.329299986 0.795099974
vn -0.513300002 0.248699993 0.82130003
vn -0.513300002 0.167400002 0.841700017
vn -0.524299979 0.246800005 0.814899981
vn -0.524299979 0.166099995 0.835099995
vn -0.513400018 0.328299999 0.792800009
vn -0.524399996 0.325800002 0.786599994
vn -0.513300002 0.0844999999 0.853999972
vn -0.524299979 0.0838999972 0.847299993
vn -0.0500000007 0.554899991 0.83039999
vn -0.0500000007 0.471199989 0.880599976
vn -0.00810000021 0.471799999 0.881600022
vn -0.00810000021 0.555499971 0.831399977
vn -0.00810000021 0.634000003 0.773299992
vn -0.0500000007 0.63319999 0.772300005
vn -0.00810000021 0.707099974 0.707099974
vn -0.0500000007 0.706200004 0.706200004
vn -0.301699996 0.604399979 0.737299979
vn -0.301699996 0.529699981 0.792699993
vn -0.506600022 0.546599984 0.666700006
vn -0.506600022 0.479000002 0.716799974
vn -0.301699996 0.674199998 0.674099982
vn -0.506600022 0.609600008 0.609600008
vn -0.301699996 0.449800014 0.840600014
vn -0.506600022 0.406800002 0.760200024
vn -0.509199977 0.478100002 0.715600014
vn -0.509199977 0.405999988 0.75880003
vn -0.507200003 0.406599998 0.759800017
vn -0.507200003 0.478799999 0.716499984
vn -0.507200003 0.546400011 0.666400015
vn -0.509199977 0.545599997 0.665499985
vn -0.507300019 0.609300017 0.609399974
vn -0.509199977 0.60860002 0.608500004
vn -0.513300002 0.544099987 0.663600028
vn -0.513300002 0.476799995 0.71359998
vn -0.524299979 0.539900005 0.658399999
vn -0.524299979 0.473100007 0.708000004
vn -0.513300002 0.606899977 0.60680002
vn -0.524299979 0.602100015 0.601999998
vn -0.513300002 0.404900014 0.756699979
vn -0.524399996 0.40169999 0.750699997
vn -0.0500000007 0.83039999 0.554899991
vn -0.0500000007 0.772300005 0.63319999
vn -0.00810000021 0.773299992 0.634000003
vn -0.00810000021 0.831399977 0.555499971
vn -0.00810000021 0.881600022 0.471799999
vn -0.0500000007 0.880599976 0.471199989
vn -0.00810000021 0.923799992 0.382699996
vn -0.0500000007 0.922699988 0.382200003
vn -0.301699996 0.840600014 0.449800014
vn -0.301699996 0.792699993 0.529699981
vn -0.506699979 0.760100007 0.406800002
vn -0.506600022 0.716799974 0.479000002
vn -0.301699996 0.880800009 0.364800006
vn -0.506699979 0.796500027 0.329899997
vn -0.301699996 0.737200022 0.604499996
vn -0.506600022 0.666700006 0.546599984
vn -0.509199977 0.715600014 0.478100002
vn -0.509199977 0.665499985 0.545599997
vn -0.507200003 0.666400015 0.546400011
vn -0.507200003 0.716499984 0.478799999
vn -0.507300019 0.759800017 0.406599998
vn -0.509199977 0.75880003 0.405999988
vn -0.507300019 0.79610002 0.32980001
vn -0.509199977 0.795099974 0.329299986
vn -0.513300002 0.756600022 0.404900014
vn -0.513300002 0.71359998 0.476799995
vn -0.524399996 0.750699997 0.40169999
vn -0.524399996 0.707899988 0.473100007
vn -0.513300002 0.792900026 0.328399986
vn -0.524399996 0.786599994 0.325800002
vn -0.513300002 0.663699985 0.544099987
vn -0.524399996 0.658399999 0.539799988
vn -0.0500000007 0.979600012 0.194800004
vn -0.0500000007 0.955900013 0.289400011
vn -0.00810000021 0.957000017 0.289799988
vn -0.00810000021 0.980700016 0.195099995
vn -0.00810000021 0.995100021 0.0984999985
vn -0.0500000007 0.993900001 0.0983999968
vn -0.00810000021 0.999899983 0
vn -0.0500000007 0.998700023 0
vn -0.301699996 0.948700011 0.0939000025
vn -0.301699996 0.935100019 0.186000004
vn -0.506600022 0.857900023 0.0848999992
vn -0.506600022 0.845600009 0.168200001
vn -0.301699996 0.953400016 0
vn -0.506699979 0.862100005 0
vn -0.301699996 0.912400007 0.276300013
vn -0.506699979 0.825100005 0.249899998
vn -0.509199977 0.844099998 0.167899996
vn -0.509199977 0.823700011 0.249400005
vn -0.507200003 0.824800014 0.249799997
vn -0.507200003 0.845200002 0.168099999
vn -0.507200003 0.857599974 0.0848999992
vn -0.509199977 0.856400013 0.0847000033
vn -0.507200003 0.861800015 0
vn -0.509199977 0.860599995 0
vn -0.513300002 0.853999972 0.0844999999
vn -0.513300002 0.841700017 0.167400002
vn -0.524399996 0.847299993 0.0838999972
vn -0.524299979 0.835099995 0.166099995
vn -0.513400018 0.858099997 0
vn -0.524299979 0.851499975 0
vn -0.513300002 0.82130003 0.248699993
vn -0.524299979 0.814899981 0.246800005
vn -0.0500000007 0.979600012 -0.194800004
vn -0.0500000007 0.993900001 -0.0983999968
vn -0.00810000021 0.995100021 -0.0984999985
vn -0.00810000021 0.980700016 -0.195099995
vn -0.00810000021 0.957000017 -0.289799988
vn -0.0500000007 0.955900013 -0.289400011
vn -0.00810000021 0.923799992 -0.382699996
vn -0.0500000007 0.922699988 -0.382200003
vn -0.301699996 0.912500024 -0.276300013
vn -0.301699996 0.935100019 -0.186000004
vn -0.506600022 0.825200021 -0.249899998
vn -0.506600022 0.845600009 -0.168200001
vn -0.301699996 0.880800009 -0.364800006
vn -0.506699979 0.796500027 -0.329899997
vn -0.301699996 0.948700011 -0.0939000025
vn -0.506699979 0.857900023 -0.0848999992
vn -0.509199977 0.844099998 -0.167899996
vn -0.509199977 0.856400013 -0.0847000033
vn -0.507200003 0.857599974 -0.0848999992
vn -0.507200003 0.845200002 -0.168099999
vn -0.507200003 0.824800014 -0.249699995
vn -0.509199977 0.823700011 -0.249400005
vn -0.507300019 0.79610002 -0.32980001
vn -0.509199977 0.795099974 -0.329299986
vn -0.513300002 0.82130003 -0.248699993
vn -0.513300002 0.841700017 -0.167400002
vn -0.524299979 0.814899981 -0.246800005
vn -0.524299979 0.835099995 -0.166099995
vn -0.513300002 0.792900026 -0.328399986
vn -0.524399996 0.78670001 -0.325800002
vn -0.513300002 0.853999972 -0.0844999999
vn -0.524299979 0.847299993 -0.0838999972
vn -0.509199977 0.715600014 -0.478100002
vn -0.509199977 0.665499985 -0.545599997
vn -0.513300002 0.663699985 -0.544099987
vn -0.513300002 0.71359998 -0.476799995
vn -0.524399996 0.658399999 -0.539900005
vn -0.524299979 0.708000004 -0.473100007
vn -0.513300002 0.756600022 -0.404900014
vn -0.509199977 0.75880003 -0.405999988
vn -0.524299979 0.750800014 -0.40169999
vn -0.507200003 0.759800017 -0.406599998
vn -0.507200003 0.716600001 -0.478799999
vn -0.506600022 0.760100007 -0.406800002
vn -0.506600022 0.716799974 -0.479000002
vn -0.507200003 0.666400015 -0.546400011
vn -0.506600022 0.666700006 -0.546599984
vn -0.0500000007 0.83039999 -0.554899991
vn -0.0500000007 0.772300005 -0.63319999
vn -0.301699996 0.737299979 -0.604499996
vn -0.301699996 0.792699993 -0.529699981
vn -0.301699996 0.840600014 -0.449800014
vn -0.0500000007 0.880599976 -0.471199989
vn -0.00810000021 0.881600022 -0.471799999
vn -0.00810000021 0.831399977 -0.555499971
vn -0.00810000021 0.773299992 -0.634000003
vn -0.640399992 0.426600009 -0.638700008
vn -0.640399992 0.486699998 -0.594099998
vn -0.552399993 0.528500021 -0.644500017
vn -0.552399993 0.463099986 -0.693000019
vn -0.640399992 0.542999983 -0.543200016
vn -0.55250001 0.589399993 -0.589299977
vn -0.55250001 0.393299997 -0.734899998
vn -0.640399992 0.362300009 -0.677200019
vn -0.55250001 0.319000006 -0.769999981
vn -0.640500009 0.293599993 -0.709599972
vn -0.961499989 0.129700005 -0.242200002
vn -0.961499989 0.152500004 -0.228599995
vn -0.966300011 -0.120899998 0.226999998
vn -0.966400027 -0.142700002 0.213799998
vn -0.961499989 0.104900002 -0.253899992
vn -0.966300011 -0.0980999991 0.238000005
vn -0.961600006 0.173500001 -0.212699994
vn -0.961600006 0.193499997 -0.194600001
vn -0.966199994 -0.163699999 0.199000001
vn -0.966000021 -0.183400005 0.181899995
vn -0.640299976 0.149800003 -0.753300011
vn -0.640399992 0.222399995 -0.735099971
vn -0.552399993 0.241600007 -0.797800004
vn -0.552399993 0.162599996 -0.817600012
vn -0.552399993 0.0820999965 -0.82950002
vn -0.640299976 0.0755999982 -0.764400005
vn -0.552399993 0 -0.833500028
vn -0.640100002 0 -0.76819998
vn -0.961499989 0.0269000009 -0.273600012
vn -0.961499989 0.0535000004 -0.269400001
vn -0.966400027 -0.0254999995 0.255800009
vn -0.966300011 -0.0502000004 0.252299994
vn -0.961399972 0 -0.275299996
vn -0.966300011 0 0.257200003
vn -0.961499989 0.0795999989 -0.262899995
vn -0.966300011 -0.0741000026 0.246399999
vn -0.640299976 -0.149800003 -0.753300011
vn -0.640200019 -0.0755999982 -0.764400005
vn -0.55250001 -0.0820999965 -0.829400003
vn -0.55250001 -0.162599996 -0.817499995
vn -0.55250001 -0.241600007 -0.797699988
vn -0.640299976 -0.222499996 -0.735099971
vn -0.55250001 -0.318899989 -0.769999981
vn -0.640500009 -0.293599993 -0.709599972
vn -0.961399972 -0.0798999965 -0.263099998
vn -0.961499989 -0.0537 -0.269400001
vn -0.966400027 0.0738999993 0.246199995
vn -0.966300011 0.0500000007 0.252499998
vn -0.961499989 -0.104999997 -0.254000008
vn -0.966300011 0.0982000008 0.237900004
vn -0.961499989 -0.0269000009 -0.273499995
vn -0.966199994 0.0254999995 0.256399989
vn -0.640399992 -0.426499993 -0.638700008
vn -0.640399992 -0.362300009 -0.677200019
vn -0.55250001 -0.393299997 -0.734799981
vn -0.552399993 -0.463200003 -0.693000019
vn -0.552399993 -0.528599977 -0.644500017
vn -0.640500009 -0.486699998 -0.593999982
vn -0.55250001 -0.589399993 -0.589299977
vn -0.640399992 -0.542999983 -0.543200016
vn -0.961600006 -0.173299998 -0.212599993
vn -0.961499989 -0.1523 -0.228599995
vn -0.966199994 0.163900003 0.199000001
vn -0.966400027 0.142800003 0.213799998
vn -0.961600006 -0.193299994 -0.194600001
vn -0.966000021 0.183599994 0.181999996
vn -0.961499989 -0.1294 -0.242300004
vn -0.966300011 0.1215 0.226999998
vn -0.640600026 -0.638300002 -0.426899999
vn -0.640500009 -0.593599975 -0.487100005
vn -0.552399993 -0.644599974 -0.528400004
vn -0.552399993 -0.693099976 -0.463
vn -0.552399993 -0.734899998 -0.39320001
vn -0.640600026 -0.676900029 -0.362500012
vn -0.552399993 -0.770099998 -0.318899989
vn -0.640500009 -0.709399998 -0.294
vn -0.961099982 -0.243599996 -0.129600003
vn -0.961099982 -0.230000004 -0.152500004
vn -0.967199981 0.223100007 0.1215
vn -0.967299998 0.209399998 0.143199995
vn -0.961199999 -0.254700005 -0.105300002
vn -0.966899991 0.235400006 0.0984999985
vn -0.961499989 -0.212500006 -0.174400002
vn -0.966499984 0.197899997 0.163200006
vn -0.640600026 -0.753000021 -0.149900004
vn -0.640500009 -0.734899998 -0.2227
vn -0.552399993 -0.797800004 -0.241500005
vn -0.552399993 -0.817600012 -0.162599996
vn -0.552399993 -0.82950002 -0.0820999965
vn -0.640600026 -0.764100015 -0.0756999999
vn -0.552399993 -0.833599985 0
vn -0.640399992 -0.768000007 0
vn -0.961499989 -0.273400009 -0.0271000005
vn -0.961199999 -0.270500004 -0.0535999984
vn -0.966499984 0.255299985 0.0252999999
vn -0.967199981 0.248799995 0.0502000004
vn -0.961499989 -0.274599999 0
vn -0.966199994 0.2579 0
vn -0.961099982 -0.264400005 -0.0795999989
vn -0.967299998 0.242400005 0.0746000037
vn -0.640600026 -0.753099978 0.149900004
vn -0.640600026 -0.764100015 0.0756999999
vn -0.552399993 -0.82950002 0.0820999965
vn -0.552399993 -0.817600012 0.162599996
vn -0.552399993 -0.797800004 0.241500005
vn -0.640500009 -0.734899998 0.2227
vn -0.552399993 -0.770099998 0.318899989
vn -0.640500009 -0.709399998 0.294
vn -0.961399972 -0.263300002 0.0797000006
vn -0.961399972 -0.269800007 0.0535999984
vn -0.966700017 0.2447 -0.0746000037
vn -0.966799974 0.25060001 -0.0502000004
vn -0.961499989 -0.253699988 0.105400003
vn -0.966400027 0.237499997 -0.0983999968
vn -0.961600006 -0.273099989 0.0271000005
vn -0.966400027 0.255800009 -0.0252999999
vn -0.640500009 -0.638400018 0.426800013
vn -0.640399992 -0.677100003 0.362500012
vn -0.552399993 -0.734899998 0.39320001
vn -0.552399993 -0.693099976 0.463
vn -0.552399993 -0.644699991 0.528400004
vn -0.640500009 -0.593800008 0.486999989
vn -0.552399993 -0.589399993 0.589299977
vn -0.640399992 -0.542999983 0.543099999
vn -0.961499989 -0.212099999 0.1743
vn -0.961199999 -0.229800001 0.152600005
vn -0.966400027 0.198799998 -0.163100004
vn -0.967100024 0.210299999 -0.142900005
vn -0.961499989 -0.194000006 0.194399998
vn -0.966199994 0.1822 -0.181999996
vn -0.961300015 -0.243000001 0.129800007
vn -0.966799974 0.224800006 -0.121299997
vn -0.640500009 -0.426499993 0.638599992
vn -0.640500009 -0.486699998 0.593999982
vn -0.552399993 -0.528500021 0.644599974
vn -0.552399993 -0.463099986 0.693000019
vn -0.552399993 -0.393400013 0.734899998
vn -0.640500009 -0.362199992 0.677200019
vn -0.552399993 -0.319000006 0.769999981
vn -0.640399992 -0.29370001 0.709599972
vn -0.961700022 -0.128600001 0.2421
vn -0.961700022 -0.151600003 0.228200004
vn -0.966099977 0.122400001 -0.227200001
vn -0.966099977 0.144099995 -0.214200005
vn -0.961499989 -0.104800001 0.254000008
vn -0.966300011 0.0984999985 -0.237800002
vn -0.961499989 -0.174199998 0.212300003
vn -0.966400027 0.162300006 -0.199200004
vn -0.640200019 -0.149700001 0.753400028
vn -0.640299976 -0.222399995 0.735199988
vn -0.552399993 -0.241600007 0.797699988
vn -0.552399993 -0.162599996 0.817499995
vn -0.55250001 -0.0820999965 0.82950002
vn -0.640200019 -0.0755999982 0.764500022
vn -0.55250001 0 0.833500028
vn -0.640200019 0 0.76819998
vn -0.961399972 -0.0270000007 0.273699999
vn -0.961499989 -0.053199999 0.269699991
vn -0.966400027 0.0252999999 -0.255800009
vn -0.966300011 0.0505999997 -0.252099991
vn -0.961399972 0 0.275200009
vn -0.966400027 0 -0.256999999
vn -0.961499989 -0.0791999996 0.263200015
vn -0.966300011 0.0747999996 -0.246000007
vn -0.640200019 0.149800003 0.753400028
vn -0.640200019 0.0755999982 0.764500022
vn -0.55250001 0.0820999965 0.829400003
vn -0.552399993 0.162599996 0.817499995
vn -0.552399993 0.241600007 0.797699988
vn -0.640299976 0.222399995 0.735199988
vn -0.552399993 0.319099993 0.769999981
vn -0.640399992 0.293599993 0.709599972
vn -0.961499989 0.0790000036 0.263099998
vn -0.961499989 0.0533000007 0.269699991
vn -0.966300011 -0.0751999989 -0.246199995
vn -0.966300011 -0.0505999997 -0.252200007
vn -0.961499989 0.104699999 0.254000008
vn -0.966300011 -0.0983999968 -0.2377
vn -0.961399972 0.0271000005 0.273799986
vn -0.966400027 -0.0252 -0.255699992
vn -0.640399992 0.426499993 0.638700008
vn -0.640399992 0.362300009 0.677200019
vn -0.552399993 0.393400013 0.734899998
vn -0.552399993 0.463099986 0.693000019
vn -0.552399993 0.528599977 0.644500017
vn -0.640399992 0.486699998 0.594099998
vn -0.552399993 0.58950001 0.589299977
vn -0.640399992 0.542900026 0.543099999
vn -0.961600006 0.173299998 0.212699994
vn -0.961600006 0.152099997 0.228400007
vn -0.966199994 -0.163800001 -0.198899999
vn -0.966199994 -0.143199995 -0.214100003
vn -0.961600006 0.193399996 0.194499999
vn -0.966099977 -0.183200002 -0.181899995
vn -0.961600006 0.129299998 0.241999999
vn -0.966199994 -0.121399999 -0.227300003
vn -0.640600026 0.638300002 0.426899999
vn -0.640600026 0.593599975 0.487100005
vn -0.552399993 0.644699991 0.528400004
vn -0.552399993 0.693099976 0.463
vn -0.552399993 0.734899998 0.393299997
vn -0.640600026 0.676900029 0.362500012
vn -0.552399993 0.770099998 0.318899989
vn -0.640600026 0.709299982 0.294
vn -0.961199999 0.243599996 0.129600003
vn -0.961099982 0.230100006 0.152500004
vn -0.967100024 -0.223299995 -0.121600002
vn -0.967299998 -0.209299996 -0.143099993
vn -0.961300015 0.254500002 0.105300002
vn -0.966799974 -0.235799998 -0.0986000001
vn -0.961499989 0.212500006 0.1743
vn -0.966600001 -0.197600007 -0.163200006
vn -0.640600026 0.753000021 0.149900004
vn -0.640600026 0.734899998 0.2227
vn -0.552399993 0.797800004 0.241600007
vn -0.552399993 0.817600012 0.162599996
vn -0.552399993 0.82950002 0.0820999965
vn -0.640600026 0.764100015 0.0756999999
vn -0.552399993 0.833599985 0
vn -0.640399992 0.768000007 0
vn -0.961499989 0.273299992 0.0271000005
vn -0.961199999 0.270399988 0.0535999984
vn -0.966499984 -0.255299985 -0.0253999997
vn -0.967199981 -0.248999998 -0.0502999984
vn -0.961600006 0.274500012 0
vn -0.966099977 -0.258100003 0
vn -0.961099982 0.264200002 0.0795999989
vn -0.967199981 -0.242699996 -0.0746000037
vn -0.640600026 0.753000021 -0.149900004
vn -0.640399992 0.764299989 -0.0756999999
vn -0.552399993 0.82950002 -0.0820999965
vn -0.552399993 0.817600012 -0.162599996
vn -0.552399993 0.797800004 -0.241600007
vn -0.640699983 0.734700024 -0.222800002
vn -0.552399993 0.770099998 -0.318899989
vn -0.640600026 0.709299982 -0.294
vn -0.961499989 0.263000011 -0.0797000006
vn -0.961499989 0.269600004 -0.0535999984
vn -0.966700017 -0.2447 0.0746000037
vn -0.966700017 -0.250800014 0.0502999984
vn -0.961499989 0.253600001 -0.105300002
vn -0.966300011 -0.237599999 0.0984999985
vn -0.961600006 0.273099989 -0.0271000005
vn -0.966199994 -0.256199986 0.0252999999
vn -0.640500009 0.638400018 -0.426800013
vn -0.640500009 0.676900029 -0.362500012
vn -0.552399993 0.734899998 -0.39320001
vn -0.552399993 0.693099976 -0.463
vn -0.552399993 0.644599974 -0.528400004
vn -0.640399992 0.593800008 -0.486999989
vn -0.961499989 0.212200001 -0.174400002
vn -0.961099982 0.229900002 -0.152700007
vn -0.966400027 -0.198799998 0.163100004
vn -0.967199981 -0.210099995 0.142900005
vn -0.961300015 0.243000001 -0.129700005
vn -0.966799974 -0.224600002 0.121299997
vn 0 0.555499971 -0.831499994
vn -0 0.555599988 -0.831399977
vn -0 0.634000003 -0.773299992
vn -0 0.634000003 -0.773299992
vn 9.99999975e-05 0.707000017 -0.707099974
vn -0 0.707099974 -0.707099974
vn 0 0.555700004 -0.831399977
vn 0 0.633899987 -0.773400009
vn 0.000199999995 0.707000017 -0.707199991
vn -0 0.634000003 -0.773299992
vn -0 0.555599988 -0.831399977
vn -0 0.634000003 -0.773299992
vn -0 0.555599988 -0.831399977
vn -0 0.707099974 -0.707099974
vn -0 0.707099974 -0.707099974
vn -0 0.471799999 -0.881699979
vn -0 0.471799999 -0.881699979
vn -0 0.382699996 -0.923900008
vn 0 0.382600009 -0.923900008
vn -0 0.471799999 -0.881699979
vn -0 0.382699996 -0.923900008
vn 0 0.471899986 -0.881600022
vn 0 0.47209999 -0.881500006
vn 0 0.382800013 -0.923799992
vn 0 0.3829 -0.923799992
vn -0 0.555599988 -0.831399977
vn -0 0.555599988 -0.831399977
vn -0 0.634000003 -0.773299992
vn -0 0.634000003 -0.773299992
vn -0 0.707099974 -0.707099974
vn -0 0.707099974 -0.707099974
vn -0 0.634000003 -0.773299992
vn -0 0.555599988 -0.831399977
vn -0 0.634000003 -0.773299992
vn -0 0.555599988 -0.831399977
vn -0 0.707099974 -0.707099974
vn -0 0.707099974 -0.707099974
vn -0 0.471799999 -0.881699979
vn -0 0.471799999 -0.881699979
vn -0 0.382699996 -0.923900008
vn -0 0.382699996 -0.923900008
vn -0 0.471799999 -0.881699979
vn -0 0.382699996 -0.923900008
vn -0 0.471799999 -0.881699979
vn -0 0.382699996 -0.923900008
vn -0 0.195099995 -0.980799973
vn -0.000199999995 0.195099995 -0.980799973
vn -9.99999975e-05 0.289799988 -0.957099974
vn -0 0.289799988 -0.957099974
vn -0.000500000024 0.194999993 -0.980799973
vn -0.000199999995 0.289700001 -0.957099974
vn -0 0.289799988 -0.957099974
vn -0 0.195099995 -0.980799973
vn -0 0.289799988 -0.957099974
vn -0 0.195099995 -0.980799973
vn -0 0.0984999985 -0.995100021
vn -0 0.0984999985 -0.995100021
vn -0 0 -1
vn -0 0 -1
vn -0 0.0984999985 -0.995100021
vn -0 0 -1
vn -0.000199999995 0.0984999985 -0.995100021
vn -0.000300000014 0.0984999985 -0.995100021
vn -0 0 -1
vn -0 0 -1
vn -0 0.195099995 -0.980799973
vn -0 0.195099995 -0.980799973
vn -0 0.289799988 -0.957099974
vn -0 0.289799988 -0.957099974
vn -0 0.289799988 -0.957099974
vn -0 0.195099995 -0.980799973
vn -0 0.289799988 -0.957099974
vn -0 0.195099995 -0.980799973
vn -0 0.0984999985 -0.995100021
vn -0 0.0984999985 -0.995100021
vn -0 0 -1
vn -0 0 -1
vn -0 0.0984999985 -0.995100021
vn -0 0 -1
vn -0 0.0984999985 -0.995100021
vn -0 0 -1
vn -0 -0.195099995 -0.980799973
vn -0.000199999995 -0.194999993 -0.980799973
vn -0.000199999995 -0.0984999985 -0.995100021
vn -0 -0.0984999985 -0.995100021
vn -0.000300000014 -0.194900006 -0.980799973
vn -0.000300000014 -0.0983999968 -0.995100021
vn -0 -0.0984999985 -0.995100021
vn -0 -0.195099995 -0.980799973
vn -0 -0.0984999985 -0.995100021
vn -0 -0.195099995 -0.980799973
vn -0 -0.289799988 -0.957099974
vn -0 -0.289799988 -0.957099974
vn -0 -0.382699996 -0.923900008
vn 0 -0.382600009 -0.923900008
vn -0 -0.289799988 -0.957099974
vn -0 -0.382699996 -0.923900008
vn 0 -0.289700001 -0.957099974
vn 0 -0.289600015 -0.957199991
vn -0 -0.382699996 -0.923900008
vn 0 -0.382800013 -0.923799992
vn -0 -0.195099995 -0.980799973
vn -0 -0.195099995 -0.980799973
vn -0 -0.0984999985 -0.995100021
vn -0 -0.0984999985 -0.995100021
vn -0 -0.0984999985 -0.995100021
vn -0 -0.195099995 -0.980799973
vn -0 -0.0984999985 -0.995100021
vn -0 -0.195099995 -0.980799973
vn -0 -0.289799988 -0.957099974
vn -0 -0.289799988 -0.957099974
vn -0 -0.382699996 -0.923900008
vn -0 -0.382699996 -0.923900008
vn -0 -0.289799988 -0.957099974
vn -0 -0.382699996 -0.923900008
vn -0 -0.289799988 -0.957099974
vn -0 -0.382699996 -0.923900008
vn 0 -0.555499971 -0.831499994
vn 9.99999975e-05 -0.555599988 -0.831399977
vn 0 -0.471899986 -0.881600022
vn -0 -0.471799999 -0.881699979
vn 0.000199999995 -0.555700004 -0.831399977
vn 0 -0.47209999 -0.881500006
vn -0 -0.471799999 -0.881699979
vn -0 -0.555599988 -0.831399977
vn -0 -0.471799999 -0.881699979
vn -0 -0.555599988 -0.831399977
vn -0 -0.634000003 -0.773299992
vn -0 -0.634000003 -0.773299992
vn -0 -0.707099974 -0.707099974
vn -0 -0.707099974 -0.707099974
vn -0 -0.634000003 -0.773299992
vn -0 -0.707099974 -0.707099974
vn 0.000300000014 -0.634000003 -0.773299992
vn 0.000500000024 -0.633899987 -0.773400009
vn 0.000199999995 -0.707099974 -0.707099974
vn 0.000300000014 -0.707000017 -0.707199991
vn -0 -0.555599988 -0.831399977
vn -0 -0.555599988 -0.831399977
vn -0 -0.471799999 -0.881699979
vn -0 -0.471799999 -0.881699979
vn -0 -0.471799999 -0.881699979
vn -0 -0.555599988 -0.831399977
vn -0 -0.471799999 -0.881699979
vn -0 -0.555599988 -0.831399977
vn -0 -0.634000003 -0.773299992
vn -0 -0.634000003 -0.773299992
vn -0 -0.707099974 -0.707099974
vn -0 -0.707099974 -0.707099974
vn -0 -0.634000003 -0.773299992
vn -0 -0.707099974 -0.707099974
vn -0 -0.634000003 -0.773299992
vn -0 -0.707099974 -0.707099974
vn -0 -0.831399977 -0.555599988
vn 9.99999975e-05 -0.831399977 -0.555599988
vn -0 -0.773299992 -0.634000003
vn -0 -0.773299992 -0.634000003
vn 0.000199999995 -0.831399977 -0.555700004
vn 0 -0.773299992 -0.63410002
vn -0 -0.773299992 -0.634000003
vn -0 -0.831399977 -0.555599988
vn -0 -0.773299992 -0.634000003
vn -0 -0.831399977 -0.555599988
vn -0 -0.881699979 -0.471799999
vn -0 -0.881699979 -0.471799999
vn -0 -0.923900008 -0.382699996
vn -0 -0.923900008 -0.382600009
vn -0 -0.881699979 -0.471799999
vn -0 -0.923900008 -0.382699996
vn 9.99999975e-05 -0.881699979 -0.471799999
vn 0.000199999995 -0.881600022 -0.471899986
vn -0 -0.923900008 -0.382600009
vn 9.99999975e-05 -0.923900008 -0.382600009
vn -0 -0.831399977 -0.555599988
vn -0 -0.831399977 -0.555599988
vn -0 -0.773299992 -0.634000003
vn -0 -0.773299992 -0.634000003
vn -0 -0.773299992 -0.634000003
vn -0 -0.831399977 -0.555599988
vn -0 -0.773299992 -0.634000003
vn -0 -0.831399977 -0.555599988
vn -0 -0.881699979 -0.471799999
vn -0 -0.881699979 -0.471799999
vn -0 -0.923900008 -0.382699996
vn -0 -0.923900008 -0.382699996
vn -0 -0.881699979 -0.471799999
vn -0 -0.923900008 -0.382699996
vn -0 -0.881699979 -0.471799999
vn -0 -0.923900008 -0.382699996
vn -0 -0.980799973 -0.195099995
vn -0 -0.980799973 -0.195099995
vn -0 -0.957099974 -0.289799988
vn -0 -0.957099974 -0.289799988
vn -0 -0.980799973 -0.195099995
vn 0 -0.957000017 -0.289900005
vn -0 -0.957099974 -0.289799988
vn -0 -0.980799973 -0.195099995
vn -0 -0.957099974 -0.289799988
vn -0 -0.980799973 -0.195099995
vn -0 -0.995100021 -0.0984999985
vn -0 -0.995100021 -0.0984999985
vn -0 -1 0
vn -0 -1 0
vn -0 -0.995100021 -0.0984999985
vn -0 -1 0
vn -0 -0.995100021 -0.0984999985
vn -0 -0.995100021 -0.0983999968
vn -0 -1 0
vn -0 -1 0
vn -0 -0.980799973 -0.195099995
vn -0 -0.980799973 -0.195099995
vn -0 -0.957099974 -0.289799988
vn -0 -0.957099974 -0.289799988
vn -0 -0.957099974 -0.289799988
vn -0 -0.980799973 -0.195099995
vn -0 -0.957099974 -0.289799988
vn -0 -0.980799973 -0.195099995
vn -0 -0.995100021 -0.0984999985
vn -0 -0.995100021 -0.0984999985
vn -0 -1 0
vn -0 -1 0
vn -0 -0.995100021 -0.0984999985
vn -0 -1 0
vn -0 -0.995100021 -0.0984999985
vn -0 -1 0
vn -0 -0.980799973 0.195099995
vn -0 -0.980799973 0.195099995
vn -0 -0.995100021 0.0984999985
vn -0 -0.995100021 0.0984999985
vn -0 -0.980799973 0.195099995
vn 0 -0.995100021 0.0983999968
vn -0 -0.995100021 0.0984999985
vn -0 -0.980799973 0.195099995
vn -0 -0.995100021 0.0984999985
vn -0 -0.980799973 0.195099995
vn -0 -0.957099974 0.289799988
vn -0 -0.957099974 0.289799988
vn -0 -0.923900008 0.382699996
vn 0 -0.923900008 0.382600009
vn -0 -0.957099974 0.289799988
vn -0 -0.923900008 0.382699996
vn -0 -0.957099974 0.289799988
vn 0 -0.957000017 0.289900005
vn 0 -0.923900008 0.382600009
vn 0 -0.923900008 0.382600009
vn -0 -0.980799973 0.195099995
vn -0 -0.980799973 0.195099995
vn -0 -0.995100021 0.0984999985
vn -0 -0.995100021 0.0984999985
vn -0 -0.995100021 0.0984999985
vn -0 -0.980799973 0.195099995
vn -0 -0.995100021 0.0984999985
vn -0 -0.980799973 0.195099995
vn -0 -0.957099974 0.289799988
vn -0 -0.957099974 0.289799988
vn -0 -0.923900008 0.382699996
vn -0 -0.923900008 0.382699996
vn -0 -0.957099974 0.289799988
vn -0 -0.923900008 0.382699996
vn -0 -0.957099974 0.289799988
vn -0 -0.923900008 0.382699996
vn -0 -0.831399977 0.555599988
vn -9.99999975e-05 -0.831399977 0.555700004
vn -0 -0.881699979 0.471799999
vn -0 -0.881699979 0.471799999
vn -0.000199999995 -0.831399977 0.555700004
vn -9.99999975e-05 -0.881600022 0.471799999
vn -0 -0.881699979 0.471799999
vn -0 -0.831399977 0.555599988
vn -0 -0.881699979 0.471799999
vn -0 -0.831399977 0.555599988
vn -0 -0.773299992 0.634000003
vn -0 -0.773299992 0.634000003
vn -0 -0.707099974 0.707099974
vn -0 -0.707099974 0.707099974
vn -0 -0.773299992 0.634000003
vn -0 -0.707099974 0.707099974
vn 0 -0.773299992 0.63410002
vn 0 -0.773299992 0.63410002
vn 9.99999975e-05 -0.707000017 0.707099974
vn 0.000199999995 -0.707000017 0.707199991
vn -0 -0.831399977 0.555599988
vn -0 -0.831399977 0.555599988
vn -0 -0.881699979 0.471799999
vn -0 -0.881699979 0.471799999
vn -0 -0.881699979 0.471799999
vn -0 -0.831399977 0.555599988
vn -0 -0.881699979 0.471799999
vn -0 -0.831399977 0.555599988
vn -0 -0.773299992 0.634000003
vn -0 -0.773299992 0.634000003
vn -0 -0.707099974 0.707099974
vn -0 -0.707099974 0.707099974
vn -0 -0.773299992 0.634000003
vn -0 -0.707099974 0.707099974
vn -0 -0.773299992 0.634000003
vn -0 -0.707099974 0.707099974
vn 0 -0.555499971 0.831499994
vn -0 -0.555599988 0.831399977
vn -0 -0.634000003 0.773299992
vn -0 -0.634000003 0.773299992
vn 0 -0.555700004 0.831399977
vn 0 -0.633899987 0.773400009
vn -0 -0.634000003 0.773299992
vn -0 -0.555599988 0.831399977
vn -0 -0.634000003 0.773299992
vn -0 -0.555599988 0.831399977
vn -0 -0.471799999 0.881699979
vn -0 -0.471799999 0.881699979
vn -0 -0.382699996 0.923900008
vn 0 -0.382600009 0.923900008
vn -0 -0.471799999 0.881699979
vn -0 -0.382699996 0.923900008
vn 0 -0.471899986 0.881600022
vn 0 -0.47209999 0.881500006
vn 9.99999975e-05 -0.382699996 0.923900008
vn 0.000199999995 -0.382800013 0.923799992
vn -0 -0.555599988 0.831399977
vn -0 -0.555599988 0.831399977
vn -0 -0.634000003 0.773299992
vn -0 -0.634000003 0.773299992
vn -0 -0.634000003 0.773299992
vn -0 -0.555599988 0.831399977
vn -0 -0.634000003 0.773299992
vn -0 -0.555599988 0.831399977
vn -0 -0.471799999 0.881699979
vn -0 -0.471799999 0.881699979
vn -0 -0.382699996 0.923900008
vn -0 -0.382699996 0.923900008
vn -0 -0.471799999 0.881699979
vn -0 -0.382699996 0.923900008
vn -0 -0.471799999 0.881699979
vn -0 -0.382699996 0.923900008
vn -0 -0.195099995 0.980799973
vn 0.000199999995 -0.195099995 0.980799973
vn 9.99999975e-05 -0.289700001 0.957099974
vn -0 -0.289799988 0.957099974
vn 0.00039999999 -0.195099995 0.980799973
vn 0.000199999995 -0.289700001 0.957099974
vn -0 -0.289799988 0.957099974
vn -0 -0.195099995 0.980799973
vn -0 -0.289799988 0.957099974
vn -0 -0.195099995 0.980799973
vn -0 -0.0984999985 0.995100021
vn 9.99999975e-05 -0.0984999985 0.995100021
vn -0 0 1
vn -0 0 1
vn -0 -0.0984999985 0.995100021
vn -0 0 1
vn 0.000199999995 -0.0984999985 0.995100021
vn 0.000300000014 -0.0984999985 0.995100021
vn 9.99999975e-05 0 1
vn 0.000199999995 0 1
vn -0 -0.195099995 0.980799973
vn -0 -0.195099995 0.980799973
vn -0 -0.289799988 0.957099974
vn -0 -0.289799988 0.957099974
vn -0 -0.289799988 0.957099974
vn -0 -0.195099995 0.980799973
vn -0 -0.289799988 0.957099974
vn -0 -0.195099995 0.980799973
vn -0 -0.0984999985 0.995100021
vn -0 -0.0984999985 0.995100021
vn -0 0 1
vn -0 0 1
vn -0 -0.0984999985 0.995100021
vn -0 0 1
vn -0 -0.0984999985 0.995100021
vn -0 0 1
vn -0 0.195099995 0.980799973
vn 0.000199999995 0.194999993 0.980799973
vn 0.000300000014 0.0984999985 0.995100021
vn -0 0.0984999985 0.995100021
vn 0.000500000024 0.194999993 0.980799973
vn 0.000699999975 0.0984999985 0.995100021
vn -0 0.0984999985 0.995100021
vn -0 0.195099995 0.980799973
vn -0 0.0984999985 0.995100021
vn -0 0.195099995 0.980799973
vn -0 0.289799988 0.957099974
vn -0 0.289799988 0.957099974
vn -0 0.382699996 0.923900008
vn 0 0.382600009 0.923900008
vn -0 0.289799988 0.957099974
vn -0 0.382699996 0.923900008
vn 0 0.289700001 0.957099974
vn 0 0.289600015 0.957199991
vn -0 0.382699996 0.923900008
vn 0 0.382800013 0.923799992
vn -0 0.195099995 0.980799973
vn -0 0.195099995 0.980799973
vn -0 0.0984999985 0.995100021
vn -0 0.0984999985 0.995100021
vn -0 0.0984999985 0.995100021
vn -0 0.195099995 0.980799973
vn -0 0.0984999985 0.995100021
vn -0 0.195099995 0.980799973
vn -0 0.289799988 0.957099974
vn -0 0.289799988 0.957099974
vn -0 0.382699996 0.923900008
vn -0 0.382699996 0.923900008
vn -0 0.289799988 0.957099974
vn -0 0.382699996 0.923900008
vn -0 0.289799988 0.957099974
vn -0 0.382699996 0.923900008
vn 0 0.555499971 0.831499994
vn -0 0.555599988 0.831399977
vn 0 0.471899986 0.881600022
vn -0 0.471799999 0.881699979
vn 0 0.555700004 0.831399977
vn 0 0.47209999 0.881500006
vn -0 0.471799999 0.881699979
vn -0 0.555599988 0.831399977
vn -0 0.471799999 0.881699979
vn -0 0.555599988 0.831399977
vn -0 0.634000003 0.773299992
vn -0 0.634000003 0.773299992
vn -0 0.707099974 0.707099974
vn -0 0.707099974 0.707099974
vn -0 0.634000003 0.773299992
vn -0 0.707099974 0.707099974
vn -9.99999975e-05 0.634000003 0.773299992
vn -0.000199999995 0.633899987 0.773400009
vn -0.000199999995 0.707000017 0.707099974
vn -0.000500000024 0.707000017 0.707199991
vn -0 0.555599988 0.831399977
vn -0 0.555599988 0.831399977
vn -0 0.471799999 0.881699979
vn -0 0.471799999 0.881699979
vn -0 0.471799999 0.881699979
vn -0 0.555599988 0.831399977
vn -0 0.471799999 0.881699979
vn -0 0.555599988 0.831399977
vn -0 0.634000003 0.773299992
vn -0 0.634000003 0.773299992
vn -0 0.707099974 0.707099974
vn -0 0.707099974 0.707099974
vn -0 0.634000003 0.773299992
vn -0 0.707099974 0.707099974
vn -0 0.634000003 0.773299992
vn -0 0.707099974 0.707099974
vn -0 0.831399977 0.555599988
vn -9.99999975e-05 0.831399977 0.555599988
vn -0.000300000014 0.773299992 0.634000003
vn -0 0.773299992 0.634000003
vn -0.000199999995 0.831399977 0.555700004
vn -0.000600000028 0.773199975 0.63410002
vn -0 0.773299992 0.634000003
vn -0 0.831399977 0.555599988
vn -0 0.773299992 0.634000003
vn -0 0.831399977 0.555599988
vn -0 0.881699979 0.471799999
vn -0 0.881699979 0.471799999
vn -0 0.923900008 0.382699996
vn 0 0.923900008 0.382600009
vn -0 0.881699979 0.471799999
vn -0 0.923900008 0.382699996
vn -0 0.881699979 0.471799999
vn 9.99999975e-05 0.881600022 0.471799999
vn 0 0.923900008 0.382600009
vn 9.99999975e-05 0.923900008 0.382600009
vn -0 0.831399977 0.555599988
vn -0 0.831399977 0.555599988
vn -0 0.773299992 0.634000003
vn -0 0.773299992 0.634000003
vn -0 0.773299992 0.634000003
vn -0 0.831399977 0.555599988
vn -0 0.773299992 0.634000003
vn -0 0.831399977 0.555599988
vn -0 0.881699979 0.471799999
vn -0 0.881699979 0.471799999
vn -0 0.923900008 0.382699996
vn -0 0.923900008 0.382699996
vn -0 0.881699979 0.471799999
vn -0 0.923900008 0.382699996
vn -0 0.881699979 0.471799999
vn -0 0.923900008 0.382699996
vn -0 0.980799973 0.195099995
vn -0 0.980799973 0.195099995
vn -0 0.957099974 0.289799988
vn -0 0.957099974 0.289799988
vn -0 0.980799973 0.195099995
vn 0 0.957000017 0.289900005
vn -0 0.957099974 0.289799988
vn -0 0.980799973 0.195099995
vn -0 0.957099974 0.289799988
vn -0 0.980799973 0.195099995
vn -0 0.995100021 0.0984999985
vn -0 0.995100021 0.0984999985
vn -0 1 0
vn -0 1 0
vn -0 0.995100021 0.0984999985
vn -0 1 0
vn -0 0.995100021 0.0984999985
vn -0 0.995100021 0.0984999985
vn -0 1 0
vn -0 1 0
vn -0 0.980799973 0.195099995
vn -0 0.980799973 0.195099995
vn -0 0.957099974 0.289799988
vn -0 0.957099974 0.289799988
vn -0 0.957099974 0.289799988
vn -0 0.980799973 0.195099995
vn -0 0.957099974 0.289799988
vn -0 0.980799973 0.195099995
vn -0 0.995100021 0.0984999985
vn -0 0.995100021 0.0984999985
vn -0 1 0
vn -0 1 0
vn -0 0.995100021 0.0984999985
vn -0 1 0
vn -0 0.995100021 0.0984999985
vn -0 1 0
vn -0 0.980799973 -0.195099995
vn -0 0.980799973 -0.195099995
vn -0 0.995100021 -0.0984999985
vn -0 0.995100021 -0.0984999985
vn -0 0.980799973 -0.195099995
vn 0 0.995100021 -0.0983999968
vn -0 0.995100021 -0.0984999985
vn -0 0.980799973 -0.195099995
vn -0 0.995100021 -0.0984999985
vn -0 0.980799973 -0.195099995
vn -0 0.957099974 -0.289799988
vn -0 0.957099974 -0.289799988
vn -0 0.923900008 -0.382699996
vn 0 0.923900008 -0.382600009
vn -0 0.957099974 -0.289799988
vn -0 0.923900008 -0.382699996
vn -0 0.957099974 -0.289799988
vn 9.99999975e-05 0.957000017 -0.289900005
vn 9.99999975e-05 0.923900008 -0.382600009
vn 0.000199999995 0.923900008 -0.382600009
vn -0 0.980799973 -0.195099995
vn -0 0.980799973 -0.195099995
vn -0 0.995100021 -0.0984999985
vn -0 0.995100021 -0.0984999985
vn -0 0.995100021 -0.0984999985
vn -0 0.980799973 -0.195099995
vn -0 0.995100021 -0.0984999985
vn -0 0.980799973 -0.195099995
vn -0 0.957099974 -0.289799988
vn -0 0.957099974 -0.289799988
vn -0 0.923900008 -0.382699996
vn -0 0.923900008 -0.382699996
vn -0 0.957099974 -0.289799988
vn -0 0.923900008 -0.382699996
vn -0 0.957099974 -0.289799988
vn -0 0.923900008 -0.382699996
vn -0 0.831399977 -0.555599988
vn 9.99999975e-05 0.831399977 -0.555599988
vn 9.99999975e-05 0.881699979 -0.471799999
vn -0 0.881699979 -0.471799999
vn 0.000199999995 0.831399977 -0.555700004
vn 9.99999975e-05 0.881600022 -0.471899986
vn -0 0.881699979 -0.471799999
vn -0 0.831399977 -0.555599988
vn -0 0.881699979 -0.471799999
vn -0 0.831399977 -0.555599988
vn -0 0.773299992 -0.634000003
vn -0 0.773299992 -0.634000003
vn -0 0.773299992 -0.634000003
vn 0.000199999995 0.773299992 -0.634000003
vn 0.000300000014 0.773199975 -0.63410002
vn -0 0.831399977 -0.555599988
vn -0 0.831399977 -0.555599988
vn -0 0.881699979 -0.471799999
vn -0 0.881699979 -0.471799999
vn -0 0.881699979 -0.471799999
vn -0 0.831399977 -0.555599988
vn -0 0.881699979 -0.471799999
vn -0 0.831399977 -0.555599988
vn -0 0.773299992 -0.634000003
vn -0 0.773299992 -0.634000003
vn -0 0.773299992 -0.634000003
vn -0 0.773299992 -0.634000003
f 1//1 2//2 3//3
f 1//1 3//3 4//4
f 4//4 3//3 5//5
f 4//4 5//5 6//6
f 2//2 7//7 8//8
f 2//2 8//8 3//3
f 3//3 8//8 9//9
f 3//3 9//9 5//5
f 1//1 4//4 10//10
f 1//1 10//10 11//11
f 11//11 10//10 12//12
f 11//11 12//12 13//13
f 4//4 6//6 14//14
f 4//4 14//14 10//10
f 10//10 14//14 15//15
f 10//10 15//15 12//12
f 1//1 11//11 16//16
f 1//1 16//16 17//17
f 17//17 16//16 18//18
f 17//17 18//18 19//19
f 11//11 13//13 20//20
f 11//11 20//20 16//16
f 16//16 20//20 21//21
f 16//16 21//21 18//18
f 1//1 17//17 22//22
f 1//1 22//22 2//2
f 2//2 22//22 23//23
f 2//2 23//23 7//7
f 17//17 19//19 24//24
f 17//17 24//24 22//22
f 22//22 24//24 25//25
f 22//22 25//25 23//23
f 26//26 27//27 28//28
f 26//26 28//28 29//29
f 29//29 28//28 30//30
f 29//29 30//30 31//31
f 27//27 13//13 12//12
f 27//27 12//12 28//28
f 28//28 12//12 15//15
f 28//28 15//15 30//30
f 26//26 29//29 32//32
f 26//26 32//32 33//33
f 33//33 32//32 34//34
f 33//33 34//34 35//35
f 29//29 31//31 36//36
f 29//29 36//36 32//32
f 32//32 36//36 37//37
f 32//32 37//37 34//34
f 26//26 33//33 38//38
f 26//26 38//38 39//39
f 39//39 38//38 40//40
f 39//39 40//40 41//41
f 33//33 35//35 42//42
f 33//33 42//42 38//38
f 38//38 42//42 43//43
f 38//38 43//43 40//40
f 26//26 39//39 44//44
f 26//26 44//44 27//27
f 27//27 44//44 20//20
f 27//27 20//20 13//13
f 39//39 41//41 45//45
f 39//39 45//45 44//44
f 44//44 45//45 21//21
f 44//44 21//21 20//20
f 46//46 47//47 48//48
f 46//46 48//48 49//49
f 49//49 48//48 50//50
f 49//49 50//50 51//51
f 47//47 35//35 34//34
f 47//47 34//34 48//48
f 48//48 34//34 37//37
f 48//48 37//37 50//50
f 46//46 49//49 52//52
f 46//46 52//52 53//53
f 53//53 52//52 54//54
f 53//53 54//54 55//55
f 49//49 51//51 56//56
f 49//49 56//56 52//52
f 52//52 56//56 57//57
f 52//52 57//57 54//54
f 46//46 53//53 58//58
f 46//46 58//58 59//59
f 59//59 58//58 60//60
f 59//59 60//60 61//61
f 53//53 55//55 62//62
f 53//53 62//62 58//58
f 58//58 62//62 63//63
f 58//58 63//63 60//60
f 46//46 59//59 64//64
f 46//46 64//64 47//47
f 47//47 64//64 42//42
f 47//47 42//42 35//35
f 59//59 61//61 65//65
f 59//59 65//65 64//64
f 64//64 65//65 43//43
f 64//64 43//43 42//42
f 66//66 67//67 68//68
f 66//66 68//68 69//69
f 69//69 68//68 70//70
f 69//69 70//70 71//71
f 67//67 55//55 54//54
f 67//67 54//54 68//68
f 68//68 54//54 57//57
f 68//68 57//57 70//70
f 66//66 69//69 72//72
f 66//66 72//72 73//73
f 73//73 72//72 74//74
f 73//73 74//74 75//75
f 69//69 71//71 76//76
f 69//69 76//76 72//72
f 72//72 76//76 77//77
f 72//72 77//77 74//74
f 66//66 73//73 78//78
f 66//66 78//78 79//79
f 79//79 78//78 80//80
f 79//79 80//80 81//81
f 73//73 75//75 82//82
f 73//73 82//82 78//78
f 78//78 82//82 83//83
f 78//78 83//83 80//80
f 66//66 79//79 84//84
f 66//66 84//84 67//67
f 67//67 84//84 62//62
f 67//67 62//62 55//55
f 79//79 81//81 85//85
f 79//79 85//85 84//84
f 84//84 85//85 63//63
f 84//84 63//63 62//62
f 86//86 87//87 88//88
f 86//86 88//88 89//89
f 89//89 88//88 90//90
f 89//89 90//90 91//91
f 87//87 75//75 74//74
f 87//87 74//74 88//88
f 88//88 74//74 77//77
f 88//88 77//77 90//90
f 86//86 89//89 92//92
f 86//86 92//92 93//93
f 93//93 92//92 94//94
f 93//93 94//94 95//95
f 89//89 91//91 96//96
f 89//89 96//96 92//92
f 92//92 96//96 97//97
f 92//92 97//97 94//94
f 86//86 93//93 98//98
f 86//86 98//98 99//99
f 99//99 98//98 100//100
f 99//99 100//100 101//101
f 93//93 95//95 102//102
f 93//93 102//102 98//98
f 98//98 102//102 103//103
f 98//98 103//103 100//100
f 86//86 99//99 104//104
f 86//86 104//104 87//87
f 87//87 104//104 82//82
f 87//87 82//82 75//75
f 99//99 101//101 105//105
f 99//99 105//105 104//104
f 104//104 105//105 83//83
f 104//104 83//83 82//82
f 106//106 107//107 108//108
f 106//106 108//108 109//109
f 109//109 108//108 110//110
f 109//109 110//110 111//111
f 107//107 95//95 94//94
f 107//107 94//94 108//108
f 108//108 94//94 97//97
f 108//108 97//97 110//110
f 106//106 109//109 112//112
f 106//106 112//112 113//113
f 113//113 112//112 114//114
f 113//113 114//114 115//115
f 109//109 111//111 116//116
f 109//109 116//116 112//112
f 112//112 116//116 117//117
f 112//112 117//117 114//114
f 106//106 113//113 118//118
f 106//106 118//118 119//119
f 119//119 118//118 120//120
f 119//119 120//120 121//121
f 113//113 115//115 122//122
f 113//113 122//122 118//118
f 118//118 122//122 123//123
f 118//118 123//123 120//120
f 106//106 119//119 124//124
f 106//106 124//124 107//107
f 107//107 124//124 102//102
f 107//107 102//102 95//95
f 119//119 121//121 125//125
f 119//119 125//125 124//124
f 124//124 125//125 103//103
f 124//124 103//103 102//102
f 126//126 127//127 128//128
f 126//126 128//128 129//129
f 129//129 128//128 130//130
f 129//129 130//130 131//131
f 127//127 115//115 114//114
f 127//127 114//114 128//128
f 128//128 114//114 117//117
f 128//128 117//117 130//130
f 126//126 129//129 132//132
f 126//126 132//132 133//133
f 133//133 132//132 134//134
f 133//133 134//134 135//135
f 129//129 131//131 136//136
f 129//129 136//136 132//132
f 132//132 136//136 137//137
f 132//132 137//137 134//134
f 126//126 133//133 138//138
f 126//126 138//138 139//139
f 139//139 138//138 140//140
f 139//139 140//140 141//141
f 133//133 135//135 142//142
f 133//133 142//142 138//138
f 138//138 142//142 143//143
f 138//138 143//143 140//140
f 126//126 139//139 144//144
f 126//126 144//144 127//127
f 127//127 144//144 122//122
f 127//127 122//122 115//115
f 139//139 141//141 145//145
f 139//139 145//145 144//144
f 144//144 145//145 123//123
f 144//144 123//123 122//122
f 146//146 147//147 148//148
f 146//146 148//148 149//149
f 149//149 148//148 150//150
f 149//149 150//150 151//151
f 147//147 135//135 134//134
f 147//147 134//134 148//148
f 148//148 134//134 137//137
f 148//148 137//137 150//150
f 146//146 149//149 152//152
f 146//146 152//152 153//153
f 153//153 152//152 154//154
f 153//153 154//154 155//155
f 149//149 151//151 156//156
f 149//149 156//156 152//152
f 152//152 156//156 157//157
f 152//152 157//157 154//154
f 146//146 153//153 158//158
f 146//146 158//158 159//159
f 159//159 158//158 160//160
f 159//159 160//160 161//161
f 153//153 155//155 162//162
f 153//153 162//162 158//158
f 158//158 162//162 163//163
f 158//158 163//163 160//160
f 146//146 159//159 164//164
f 146//146 164//164 147//147
f 147//147 164//164 142//142
f 147//147 142//142 135//135
f 159//159 161//161 165//165
f 159//159 165//165 164//164
f 164//164 165//165 143//143
f 164//164 143//143 142//142
f 166//166 167//167 168//168
f 166//166 168//168 169//169
f 169//169 168//168 170//170
f 169//169 170//170 171//171
f 167//167 155//155 154//154
f 167//167 154//154 168//168
f 168//168 154//154 157//157
f 168//168 157//157 170//170
f 166//166 169//169 172//172
f 166//166 172//172 173//173
f 173//173 172//172 174//174
f 173//173 174//174 175//175
f 169//169 171//171 176//176
f 169//169 176//176 172//172
f 172//172 176//176 177//177
f 172//172 177//177 174//174
f 166//166 173//173 178//178
f 166//166 178//178 179//179
f 179//179 178//178 180//180
f 179//179 180//180 181//181
f 173//173 175//175 182//182
f 173//173 182//182 178//178
f 178//178 182//182 183//183
f 178//178 183//183 180//180
f 166//166 179//179 184//184
f 166//166 184//184 167//167
f 167//167 184//184 162//162
f 167//167 162//162 155//155
f 179//179 181//181 185//185
f 179//179 185//185 184//184
f 184//184 185//185 163//163
f 184//184 163//163 162//162
f 186//186 187//187 188//188
f 186//186 188//188 189//189
f 189//189 188//188 190//190
f 189//189 190//190 191//191
f 187//187 175//175 174//174
f 187//187 174//174 188//188
f 188//188 174//174 177//177
f 188//188 177//177 190//190
f 186//186 189//189 192//192
f 186//186 192//192 193//193
f 193//193 192//192 194//194
f 193//193 194//194 195//195
f 189//189 191//191 196//196
f 189//189 196//196 192//192
f 192//192 196//196 197//197
f 192//192 197//197 194//194
f 186//186 193//193 198//198
f 186//186 198//198 199//199
f 199//199 198//198 200//200
f 199//199 200//200 201//201
f 193//193 195//195 202//202
f 193//193 202//202 198//198
f 198//198 202//202 203//203
f 198//198 203//203 200//200
f 186//186 199//199 204//204
f 186//186 204//204 187//187
f 187//187 204//204 182//182
f 187//187 182//182 175//175
f 199//199 201//201 205//205
f 199//199 205//205 204//204
f 204//204 205//205 183//183
f 204//204 183//183 182//182
f 206//206 207//207 208//208
f 206//206 208//208 209//209
f 209//209 208//208 210//210
f 209//209 210//210 211//211
f 207//207 195//195 194//194
f 207//207 194//194 208//208
f 208//208 194//194 197//197
f 208//208 197//197 210//210
f 206//206 209//209 212//212
f 206//206 212//212 213//213
f 213//213 212//212 214//214
f 213//213 214//214 215//215
f 209//209 211//211 216//216
f 209//209 216//216 212//212
f 212//212 216//216 217//217
f 212//212 217//217 214//214
f 206//206 213//213 218//218
f 206//206 218//218 219//219
f 219//219 218//218 220//220
f 219//219 220//220 221//221
f 213//213 215//215 222//222
f 213//213 222//222 218//218
f 218//218 222//222 223//223
f 218//218 223//223 220//220
f 206//206 219//219 224//224
f 206//206 224//224 207//207
f 207//207 224//224 202//202
f 207//207 202//202 195//195
f 219//219 221//221 225//225
f 219//219 225//225 224//224
f 224//224 225//225 203//203
f 224//224 203//203 202//202
f 226//226 227//227 228//228
f 226//226 228//228 229//229
f 229//229 228//228 230//230
f 229//229 230//230 231//231
f 227//227 215//215 214//214
f 227//227 214//214 228//228
f 228//228 214//214 217//217
f 228//228 217//217 230//230
f 226//226 229//229 232//232
f 226//226 232//232 233//233
f 233//233 232//232 234//234
f 233//233 234//234 235//235
f 229//229 231//231 236//236
f 229//229 236//236 232//232
f 232//232 236//236 237//237
f 232//232 237//237 234//234
f 226//226 233//233 238//238
f 226//226 238//238 239//239
f 239//239 238//238 240//240
f 239//239 240//240 241//241
f 233//233 235//235 242//242
f 233//233 242//242 238//238
f 238//238 242//242 243//243
f 238//238 243//243 240//240
f 226//226 239//239 244//244
f 226//226 244//244 227//227
f 227//227 244//244 222//222
f 227//227 222//222 215//215
f 239//239 241//241 245//245
f 239//239 245//245 244//244
f 244//244 245//245 223//223
f 244//244 223//223 222//222
f 246//246 247//247 248//248
f 246//246 248//248 249//249
f 249//249 248//248 250//250
f 249//249 250//250 251//251
f 247//247 235//235 234//234
f 247//247 234//234 248//248
f 248//248 234//234 237//237
f 248//248 237//237 250//250
f 246//246 249//249 252//252
f 246//246 252//252 253//253
f 253//253 252//252 254//254
f 253//253 254//254 255//255
f 249//249 251//251 256//256
f 249//249 256//256 252//252
f 252//252 256//256 257//257
f 252//252 257//257 254//254
f 246//246 253//253 258//258
f 246//246 258//258 259//259
f 259//259 258//258 260//260
f 259//259 260//260 261//261
f 253//253 255//255 262//262
f 253//253 262//262 258//258
f 258//258 262//262 263//263
f 258//258 263//263 260//260
f 246//246 259//259 264//264
f 246//246 264//264 247//247
f 247//247 264//264 242//242
f 247//247 242//242 235//235
f 259//259 261//261 265//265
f 259//259 265//265 264//264
f 264//264 265//265 243//243
f 264//264 243//243 242//242
f 266//266 267//267 268//268
f 266//266 268//268 269//269
f 269//269 268//268 270//270
f 269//269 270//270 271//271
f 267//267 255//255 254//254
f 267//267 254//254 268//268
f 268//268 254//254 257//257
f 268//268 257//257 270//270
f 266//266 269//269 272//272
f 266//266 272//272 273//273
f 273//273 272//272 274//274
f 273//273 274//274 275//275
f 269//269 271//271 276//276
f 269//269 276//276 272//272
f 272//272 276//276 277//277
f 272//272 277//277 274//274
f 266//266 273//273 278//278
f 266//266 278//278 279//279
f 279//279 278//278 280//280
f 279//279 280//280 281//281
f 273//273 275//275 282//282
f 273//273 282//282 278//278
f 278//278 282//282 283//283
f 278//278 283//283 280//280
f 266//266 279//279 284//284
f 266//266 284//284 267//267
f 267//267 284//284 262//262
f 267//267 262//262 255//255
f 279//279 281//281 285//285
f 279//279 285//285 284//284
f 284//284 285//285 263//263
f 284//284 263//263 262//262
f 286//286 287//287 288//288
f 286//286 288//288 289//289
f 289//289 288//288 290//290
f 289//289 290//290 291//291
f 287//287 275//275 274//274
f 287//287 274//274 288//288
f 288//288 274//274 277//277
f 288//288 277//277 290//290
f 286//286 289//289 292//292
f 286//286 292//292 293//293
f 293//293 292//292 294//294
f 293//293 294//294 295//295
f 289//289 291//291 296//296
f 289//289 296//296 292//292
f 292//292 296//296 297//297
f 292//292 297//297 294//294
f 286//286 293//293 298//298
f 286//286 298//298 299//299
f 299//299 298//298 300//300
f 299//299 300//300 301//301
f 293//293 295//295 302//302
f 293//293 302//302 298//298
f 298//298 302//302 303//303
f 298//298 303//303 300//300
f 286//286 299//299 304//304
f 286//286 304//304 287//287
f 287//287 304//304 282//282
f 287//287 282//282 275//275
f 299//299 301//301 305//305
f 299//299 305//305 304//304
f 304//304 305//305 283//283
f 304//304 283//283 282//282
f 306//306 307//307 308//308
f 306//306 308//308 309//309
f 309//309 308//308 8//8
f 309//309 8//8 7//7
f 307//307 310//310 311//311
f 307//307 311//311 308//308
f 308//308 311//311 9//9
f 308//308 9//9 8//8
f 306//306 309//309 312//312
f 306//306 312//312 313//313
f 313//313 312//312 314//314
f 313//313 314//314 315//315
f 309//309 7//7 23//23
f 309//309 23//23 312//312
f 312//312 23//23 25//25
f 312//312 25//25 314//314
f 306//306 313//313 316//316
f 306//306 316//316 317//317
f 317//317 316//316 302//302
f 317//317 302//302 295//295
f 313//313 315//315 318//318
f 313//313 318//318 316//316
f 316//316 318//318 303//303
f 316//316 303//303 302//302
f 306//306 317//317 319//319
f 306//306 319//319 307//307
f 307//307 319//319 320//320
f 307//307 320//320 310//310
f 317//317 295//295 294//294
f 317//317 294//294 319//319
f 319//319 294//294 297//297
f 319//319 297//297 320//320
f 321//321 322//322 323//323
f 321//321 323//323 324//324
f 324//324 323//323 325//325
f 324//324 325//325 326//326
f 322//322 6//6 5//5
f 322//322 5//5 323//323
f 323//323 5//5 9//9
f 323//323 9//9 325//325
f 321//321 324//324 327//327
f 321//321 327//327 328//328
f 328//328 327//327 329//329
f 328//328 329//329 330//330
f 324//324 326//326 331//331
f 324//324 331//331 327//327
f 327//327 331//331 332//332
f 327//327 332//332 329//329
f 321//321 328//328 333//333
f 321//321 333//333 334//334
f 334//334 333//333 335//335
f 334//334 335//335 336//336
f 328//328 330//330 337//337
f 328//328 337//337 333//333
f 333//333 337//337 338//338
f 333//333 338//338 335//335
f 321//321 334//334 339//339
f 321//321 339//339 322//322
f 322//322 339//339 14//14
f 322//322 14//14 6//6
f 334//334 336//336 340//340
f 334//334 340//340 339//339
f 339//339 340//340 15//15
f 339//339 15//15 14//14
f 341//341 342//342 343//343
f 341//341 343//343 344//344
f 344//344 343//343 345//345
f 344//344 345//345 346//346
f 342//342 330//330 329//329
f 342//342 329//329 343//343
f 343//343 329//329 332//332
f 343//343 332//332 345//345
f 341//341 344//344 347//347
f 341//341 347//347 348//348
f 348//348 347//347 349//349
f 348//348 349//349 350//350
f 344//344 346//346 351//351
f 344//344 351//351 347//347
f 347//347 351//351 352//352
f 347//347 352//352 349//349
f 341//341 348//348 353//353
f 341//341 353//353 354//354
f 354//354 353//353 355//355
f 354//354 355//355 356//356
f 348//348 350//350 357//357
f 348//348 357//357 353//353
f 353//353 357//357 358//358
f 353//353 358//358 355//355
f 341//341 354//354 359//359
f 341//341 359//359 342//342
f 342//342 359//359 337//337
f 342//342 337//337 330//330
f 354//354 356//356 360//360
f 354//354 360//360 359//359
f 359//359 360//360 338//338
f 359//359 338//338 337//337
f 361//361 362//362 363//363
f 361//361 363//363 364//364
f 364//364 363//363 340//340
f 364//364 340//340 336//336
f 362//362 31//31 30//30
f 362//362 30//30 363//363
f 363//363 30//30 15//15
f 363//363 15//15 340//340
f 361//361 364//364 365//365
f 361//361 365//365 366//366
f 366//366 365//365 367//367
f 366//366 367//367 368//368
f 364//364 336//336 335//335
f 364//364 335//335 365//365
f 365//365 335//335 338//338
f 365//365 338//338 367//367
f 361//361 366//366 369//369
f 361//361 369//369 370//370
f 370//370 369//369 371//371
f 370//370 371//371 372//372
f 366//366 368//368 373//373
f 366//366 373//373 369//369
f 369//369 373//373 374//374
f 369//369 374//374 371//371
f 361//361 370//370 375//375
f 361//361 375//375 362//362
f 362//362 375//375 36//36
f 362//362 36//36 31//31
f 370//370 372//372 376//376
f 370//370 376//376 375//375
f 375//375 376//376 37//37
f 375//375 37//37 36//36
f 377//377 378//378 379//379
f 377//377 379//379 380//380
f 380//380 379//379 360//360
f 380//380 360//360 356//356
f 378//378 368//368 367//367
f 378//378 367//367 379//379
f 379//379 367//367 338//338
f 379//379 338//338 360//360
f 377//377 380//380 381//381
f 377//377 381//381 382//382
f 382//382 381//381 383//383
f 382//382 383//383 384//384
f 380//380 356//356 355//355
f 380//380 355//355 381//381
f 381//381 355//355 358//358
f 381//381 358//358 383//383
f 377//377 382//382 385//385
f 377//377 385//385 386//386
f 386//386 385//385 387//387
f 386//386 387//387 388//388
f 382//382 384//384 389//389
f 382//382 389//389 385//385
f 385//385 389//389 390//390
f 385//385 390//390 387//387
f 377//377 386//386 391//391
f 377//377 391//391 378//378
f 378//378 391//391 373//373
f 378//378 373//373 368//368
f 386//386 388//388 392//392
f 386//386 392//392 391//391
f 391//391 392//392 374//374
f 391//391 374//374 373//373
f 393//393 394//394 395//395
f 393//393 395//395 396//396
f 396//396 395//395 376//376
f 396//396 376//376 372//372
f 394//394 51//51 50//50
f 394//394 50//50 395//395
f 395//395 50//50 37//37
f 395//395 37//37 376//376
f 393//393 396//396 397//397
f 393//393 397//397 398//398
f 398//398 397//397 399//399
f 398//398 399//399 400//400
f 396//396 372//372 371//371
f 396//396 371//371 397//397
f 397//397 371//371 374//374
f 397//397 374//374 399//399
f 393//393 398//398 401//401
f 393//393 401//401 402//402
f 402//402 401//401 403//403
f 402//402 403//403 404//404
f 398//398 400//400 405//405
f 398//398 405//405 401//401
f 401//401 405//405 406//406
f 401//401 406//406 403//403
f 393//393 402//402 407//407
f 393//393 407//407 394//394
f 394//394 407//407 56//56
f 394//394 56//56 51//51
f 402//402 404//404 408//408
f 402//402 408//408 407//407
f 407//407 408//408 57//57
f 407//407 57//57 56//56
f 409//409 410//410 411//411
f 409//409 411//411 412//412
f 412//412 411//411 392//392
f 412//412 392//392 388//388
f 410//410 400//400 399//399
f 410//410 399//399 411//411
f 411//411 399//399 374//374
f 411//411 374//374 392//392
f 409//409 412//412 413//413
f 409//409 413//413 414//414
f 414//414 413//413 415//415
f 414//414 415//415 416//416
f 412//412 388//388 387//387
f 412//412 387//387 413//413
f 413//413 387//387 390//390
f 413//413 390//390 415//415
f 409//409 414//414 417//417
f 409//409 417//417 418//418
f 418//418 417//417 419//419
f 418//418 419//419 420//420
f 414//414 416//416 421//421
f 414//414 421//421 417//417
f 417//417 421//421 422//422
f 417//417 422//422 419//419
f 409//409 418//418 423//423
f 409//409 423//423 410//410
f 410//410 423//423 405//405
f 410//410 405//405 400//400
f 418//418 420//420 424//424
f 418//418 424//424 423//423
f 423//423 424//424 406//406
f 423//423 406//406 405//405
f 425//425 426//426 427//427
f 425//425 427//427 428//428
f 428//428 427//427 408//408
f 428//428 408//408 404//404
f 426//426 71//71 70//70
f 426//426 70//70 427//427
f 427//427 70//70 57//57
f 427//427 57//57 408//408
f 425//425 428//428 429//429
f 425//425 429//429 430//430
f 430//430 429//429 431//431
f 430//430 431//431 432//432
f 428//428 404//404 403//403
f 428//428 403//403 429//429
f 429//429 403//403 406//406
f 429//429 406//406 431//431
f 425//425 430//430 433//433
f 425//425 433//433 434//434
f 434//434 433//433 435//435
f 434//434 435//435 436//436
f 430//430 432//432 437//437
f 430//430 437//437 433//433
f 433//433 437//437 438//438
f 433//433 438//438 435//435
f 425//425 434//434 439//439
f 425//425 439//439 426//426
f 426//426 439//439 76//76
f 426//426 76//76 71//71
f 434//434 436//436 440//440
f 434//434 440//440 439//439
f 439//439 440//440 77//77
f 439//439 77//77 76//76
f 441//441 442//442 443//443
f 441//441 443//443 444//444
f 444//444 443//443 424//424
f 444//444 424//424 420//420
f 442//442 432//432 431//431
f 442//442 431//431 443//443
f 443//443 431//431 406//406
f 443//443 406//406 424//424
f 441//441 444//444 445//445
f 441//441 445//445 446//446
f 446//446 445//445 447//447
f 446//446 447//447 448//448
f 444//444 420//420 419//419
f 444//444 419//419 445//445
f 445//445 419//419 422//422
f 445//445 422//422 447//447
f 441//441 446//446 449//449
f 441//441 449//449 450//450
f 450//450 449//449 451//451
f 450//450 451//451 452//452
f 446//446 448//448 453//453
f 446//446 453//453 449//449
f 449//449 453//453 454//454
f 449//449 454//454 451//451
f 441//441 450//450 455//455
f 441//441 455//455 442//442
f 442//442 455//455 437//437
f 442//442 437//437 432//432
f 450//450 452//452 456//456
f 450//450 456//456 455//455
f 455//455 456//456 438//438
f 455//455 438//438 437//437
f 457//457 458//458 459//459
f 457//457 459//459 460//460
f 460//460 459//459 440//440
f 460//460 440//440 436//436
f 458//458 91//91 90//90
f 458//458 90//90 459//459
f 459//459 90//90 77//77
f 459//459 77//77 440//440
f 457//457 460//460 461//461
f 457//457 461//461 462//462
f 462//462 461//461 463//463
f 462//462 463//463 464//464
f 460//460 436//436 435//435
f 460//460 435//435 461//461
f 461//461 435//435 438//438
f 461//461 438//438 463//463
f 457//457 462//462 465//465
f 457//457 465//465 466//466
f 466//466 465//465 467//467
f 466//466 467//467 468//468
f 462//462 464//464 469//469
f 462//462 469//469 465//465
f 465//465 469//469 470//470
f 465//465 470//470 467//467
f 457//457 466//466 471//471
f 457//457 471//471 458//458
f 458//458 471//471 96//96
f 458//458 96//96 91//91
f 466//466 468//468 472//472
f 466//466 472//472 471//471
f 471//471 472//472 97//97
f 471//471 97//97 96//96
f 473//473 474//474 475//475
f 473//473 475//475 476//476
f 476//476 475//475 456//456
f 476//476 456//456 452//452
f 474//474 464//464 463//463
f 474//474 463//463 475//475
f 475//475 463//463 438//438
f 475//475 438//438 456//456
f 473//473 476//476 477//477
f 473//473 477//477 478//478
f 478//478 477//477 479//479
f 478//478 479//479 480//480
f 476//476 452//452 451//451
f 476//476 451//451 477//477
f 477//477 451//451 454//454
f 477//477 454//454 479//479
f 473//473 478//478 481//481
f 473//473 481//481 482//482
f 482//482 481//481 483//483
f 482//482 483//483 484//484
f 478//478 480//480 485//485
f 478//478 485//485 481//481
f 481//481 485//485 486//486
f 481//481 486//486 483//483
f 473//473 482//482 487//487
f 473//473 487//487 474//474
f 474//474 487//487 469//469
f 474//474 469//469 464//464
f 482//482 484//484 488//488
f 482//482 488//488 487//487
f 487//487 488//488 470//470
f 487//487 470//470 469//469
f 489//489 490//490 491//491
f 489//489 491//491 492//492
f 492//492 491//491 472//472
f 492//492 472//472 468//468
f 490//490 111//111 110//110
f 490//490 110//110 491//491
f 491//491 110//110 97//97
f 491//491 97//97 472//472
f 489//489 492//492 493//493
f 489//489 493//493 494//494
f 494//494 493//493 495//495
f 494//494 495//495 496//496
f 492//492 468//468 467//467
f 492//492 467//467 493//493
f 493//493 467//467 470//470
f 493//493 470//470 495//495
f 489//489 494//494 497//497
f 489//489 497//497 498//498
f 498//498 497//497 499//499
f 498//498 499//499 500//500
f 494//494 496//496 501//501
f 494//494 501//501 497//497
f 497//497 501//501 502//502
f 497//497 502//502 499//499
f 489//489 498//498 503//503
f 489//489 503//503 490//490
f 490//490 503//503 116//116
f 490//490 116//116 111//111
f 498//498 500//500 504//504
f 498//498 504//504 503//503
f 503//503 504//504 117//117
f 503//503 117//117 116//116
f 505//505 506//506 507//507
f 505//505 507//507 508//508
f 508//508 507//507 488//488
f 508//508 488//488 484//484
f 506//506 496//496 495//495
f 506//506 495//495 507//507
f 507//507 495//495 470//470
f 507//507 470//470 488//488
f 505//505 508//508 509//509
f 505//505 509//509 510//510
f 510//510 509//509 511//511
f 510//510 511//511 512//512
f 508//508 484//484 483//483
f 508//508 483//483 509//509
f 509//509 483//483 486//486
f 509//509 486//486 511//511
f 505//505 510//510 513//513
f 505//505 513//513 514//514
f 514//514 513//513 515//515
f 514//514 515//515 516//516
f 510//510 512//512 517//517
f 510//510 517//517 513//513
f 513//513 517//517 518//518
f 513//513 518//518 515//515
f 505//505 514//514 519//519
f 505//505 519//519 506//506
f 506//506 519//519 501//501
f 506//506 501//501 496//496
f 514//514 516//516 520//520
f 514//514 520//520 519//519
f 519//519 520//520 502//502
f 519//519 502//502 501//501
f 521//521 522//522 523//523
f 521//521 523//523 524//524
f 524//524 523//523 504//504
f 524//524 504//504 500//500
f 522//522 131//131 130//130
f 522//522 130//130 523//523
f 523//523 130//130 117//117
f 523//523 117//117 504//504
f 521//521 524//524 525//525
f 521//521 525//525 526//526
f 526//526 525//525 527//527
f 526//526 527//527 528//528
f 524//524 500//500 499//499
f 524//524 499//499 525//525
f 525//525 499//499 502//502
f 525//525 502//502 527//527
f 521//521 526//526 529//529
f 521//521 529//529 530//530
f 530//530 529//529 531//531
f 530//530 531//531 532//532
f 526//526 528//528 533//533
f 526//526 533//533 529//529
f 529//529 533//533 534//534
f 529//529 534//534 531//531
f 521//521 530//530 535//535
f 521//521 535//535 522//522
f 522//522 535//535 136//136
f 522//522 136//136 131//131
f 530//530 532//532 536//536
f 530//530 536//536 535//535
f 535//535 536//536 137//137
f 535//535 137//137 136//136
f 537//537 538//538 539//539
f 537//537 539//539 540//540
f 540//540 539//539 520//520
f 540//540 520//520 516//516
f 538//538 528//528 527//527
f 538//538 527//527 539//539
f 539//539 527//527 502//502
f 539//539 502//502 520//520
f 537//537 540//540 541//541
f 537//537 541//541 542//542
f 542//542 541//541 543//543
f 542//542 543//543 544//544
f 540//540 516//516 515//515
f 540//540 515//515 541//541
f 541//541 515//515 518//518
f 541//541 518//518 543//543
f 537//537 542//542 545//545
f 537//537 545//545 546//546
f 546//546 545//545 547//547
f 546//546 547//547 548//548
f 542//542 544//544 549//549
f 542//542 549//549 545//545
f 545//545 549//549 550//550
f 545//545 550//550 547//547
f 537//537 546//546 551//551
f 537//537 551//551 538//538
f 538//538 551//551 533//533
f 538//538 533//533 528//528
f 546//546 548//548 552//552
f 546//546 552//552 551//551
f 551//551 552//552 534//534
f 551//551 534//534 533//533
f 553//553 554//554 555//555
f 553//553 555//555 556//556
f 556//556 555//555 536//536
f 556//556 536//536 532//532
f 554//554 151//151 150//150
f 554//554 150//150 555//555
f 555//555 150//150 137//137
f 555//555 137//137 536//536
f 553//553 556//556 557//557
f 553//553 557//557 558//558
f 558//558 557//557 559//559
f 558//558 559//559 560//560
f 556//556 532//532 531//531
f 556//556 531//531 557//557
f 557//557 531//531 534//534
f 557//557 534//534 559//559
f 553//553 558//558 561//561
f 553//553 561//561 562//562
f 562//562 561//561 563//563
f 562//562 563//563 564//564
f 558//558 560//560 565//565
f 558//558 565//565 561//561
f 561//561 565//565 566//566
f 561//561 566//566 563//563
f 553//553 562//562 567//567
f 553//553 567//567 554//554
f 554//554 567//567 156//156
f 554//554 156//156 151//151
f 562//562 564//564 568//568
f 562//562 568//568 567//567
f 567//567 568//568 157//157
f 567//567 157//157 156//156
f 569//569 570//570 571//571
f 569//569 571//571 572//572
f 572//572 571//571 552//552
f 572//572 552//552 548//548
f 570//570 560//560 559//559
f 570//570 559//559 571//571
f 571//571 559//559 534//534
f 571//571 534//534 552//552
f 569//569 572//572 573//573
f 569//569 573//573 574//574
f 574//574 573//573 575//575
f 574//574 575//575 576//576
f 572//572 548//548 547//547
f 572//572 547//547 573//573
f 573//573 547//547 550//550
f 573//573 550//550 575//575
f 569//569 574//574 577//577
f 569//569 577//577 578//578
f 578//578 577//577 579//579
f 578//578 579//579 580//580
f 574//574 576//576 581//581
f 574//574 581//581 577//577
f 577//577 581//581 582//582
f 577//577 582//582 579//579
f 569//569 578//578 583//583
f 569//569 583//583 570//570
f 570//570 583//583 565//565
f 570//570 565//565 560//560
f 578//578 580//580 584//584
f 578//578 584//584 583//583
f 583//583 584//584 566//566
f 583//583 566//566 565//565
f 585//585 586//586 587//587
f 585//585 587//587 588//588
f 588//588 587//587 568//568
f 588//588 568//568 564//564
f 586//586 171//171 170//170
f 586//586 170//170 587//587
f 587//587 170//170 157//157
f 587//587 157//157 568//568
f 585//585 588//588 589//589
f 585//585 589//589 590//590
f 590//590 589//589 591//591
f 590//590 591//591 592//592
f 588//588 564//564 563//563
f 588//588 563//563 589//589
f 589//589 563//563 566//566
f 589//589 566//566 591//591
f 585//585 590//590 593//593
f 585//585 593//593 594//594
f 594//594 593//593 595//595
f 594//594 595//595 596//596
f 590//590 592//592 597//597
f 590//590 597//597 593//593
f 593//593 597//597 598//598
f 593//593 598//598 595//595
f 585//585 594//594 599//599
f 585//585 599//599 586//586
f 586//586 599//599 176//176
f 586//586 176//176 171//171
f 594//594 596//596 600//600
f 594//594 600//600 599//599
f 599//599 600//600 177//177
f 599//599 177//177 176//176
f 601//601 602//602 603//603
f 601//601 603//603 604//604
f 604//604 603//603 584//584
f 604//604 584//584 580//580
f 602//602 592//592 591//591
f 602//602 591//591 603//603
f 603//603 591//591 566//566
f 603//603 566//566 584//584
f 601//601 604//604 605//605
f 601//601 605//605 606//606
f 606//606 605//605 607//607
f 606//606 607//607 608//608
f 604//604 580//580 579//579
f 604//604 579//579 605//605
f 605//605 579//579 582//582
f 605//605 582//582 607//607
f 601//601 606//606 609//609
f 601//601 609//609 610//610
f 610//610 609//609 611//611
f 610//610 611//611 612//612
f 606//606 608//608 613//613
f 606//606 613//613 609//609
f 609//609 613//613 614//614
f 609//609 614//614 611//611
f 601//601 610//610 615//615
f 601//601 615//615 602//602
f 602//602 615//615 597//597
f 602//602 597//597 592//592
f 610//610 612//612 616//616
f 610//610 616//616 615//615
f 615//615 616//616 598//598
f 615//615 598//598 597//597
f 617//617 618//618 619//619
f 617//617 619//619 620//620
f 620//620 619//619 600//600
f 620//620 600//600 596//596
f 618//618 191//191 190//190
f 618//618 190//190 619//619
f 619//619 190//190 177//177
f 619//619 177//177 600//600
f 617//617 620//620 621//621
f 617//617 621//621 622//622
f 622//622 621//621 623//623
f 622//622 623//623 624//624
f 620//620 596//596 595//595
f 620//620 595//595 621//621
f 621//621 595//595 598//598
f 621//621 598//598 623//623
f 617//617 622//622 625//625
f 617//617 625//625 626//626
f 626//626 625//625 627//627
f 626//626 627//627 628//628
f 622//622 624//624 629//629
f 622//622 629//629 625//625
f 625//625 629//629 630//630
f 625//625 630//630 627//627
f 617//617 626//626 631//631
f 617//617 631//631 618//618
f 618//618 631//631 196//196
f 618//618 196//196 191//191
f 626//626 628//628 632//632
f 626//626 632//632 631//631
f 631//631 632//632 197//197
f 631//631 197//197 196//196
f 633//633 634//634 635//635
f 633//633 635//635 636//636
f 636//636 635//635 616//616
f 636//636 616//616 612//612
f 634//634 624//624 623//623
f 634//634 623//623 635//635
f 635//635 623//623 598//598
f 635//635 598//598 616//616
f 633//633 636//636 637//637
f 633//633 637//637 638//638
f 638//638 637//637 639//639
f 638//638 639//639 640//640
f 636//636 612//612 611//611
f 636//636 611//611 637//637
f 637//637 611//611 614//614
f 637//637 614//614 639//639
f 633//633 638//638 641//641
f 633//633 641//641 642//642
f 642//642 641//641 643//643
f 642//642 643//643 644//644
f 638//638 640//640 645//645
f 638//638 645//645 641//641
f 641//641 645//645 646//646
f 641//641 646//646 643//643
f 633//633 642//642 647//647
f 633//633 647//647 634//634
f 634//634 647//647 629//629
f 634//634 629//629 624//624
f 642//642 644//644 648//648
f 642//642 648//648 647//647
f 647//647 648//648 630//630
f 647//647 630//630 629//629
f 649//649 650//650 651//651
f 649//649 651//651 652//652
f 652//652 651//651 632//632
f 652//652 632//632 628//628
f 650//650 211//211 210//210
f 650//650 210//210 651//651
f 651//651 210//210 197//197
f 651//651 197//197 632//632
f 649//649 652//652 653//653
f 649//649 653//653 654//654
f 654//654 653//653 655//655
f 654//654 655//655 656//656
f 652//652 628//628 627//627
f 652//652 627//627 653//653
f 653//653 627//627 630//630
f 653//653 630//630 655//655
f 649//649 654//654 657//657
f 649//649 657//657 658//658
f 658//658 657//657 659//659
f 658//658 659//659 660//660
f 654//654 656//656 661//661
f 654//654 661//661 657//657
f 657//657 661//661 662//662
f 657//657 662//662 659//659
f 649//649 658//658 663//663
f 649//649 663//663 650//650
f 650//650 663//663 216//216
f 650//650 216//216 211//211
f 658//658 660//660 664//664
f 658//658 664//664 663//663
f 663//663 664//664 217//217
f 663//663 217//217 216//216
f 665//665 666//666 667//667
f 665//665 667//667 668//668
f 668//668 667//667 648//648
f 668//668 648//648 644//644
f 666//666 656//656 655//655
f 666//666 655//655 667//667
f 667//667 655//655 630//630
f 667//667 630//630 648//648
f 665//665 668//668 669//669
f 665//665 669//669 670//670
f 670//670 669//669 671//671
f 670//670 671//671 672//672
f 668//668 644//644 643//643
f 668//668 643//643 669//669
f 669//669 643//643 646//646
f 669//669 646//646 671//671
f 665//665 670//670 673//673
f 665//665 673//673 674//674
f 674//674 673//673 675//675
f 674//674 675//675 676//676
f 670//670 672//672 677//677
f 670//670 677//677 673//673
f 673//673 677//677 678//678
f 673//673 678//678 675//675
f 665//665 674//674 679//679
f 665//665 679//679 666//666
f 666//666 679//679 661//661
f 666//666 661//661 656//656
f 674//674 676//676 680//680
f 674//674 680//680 679//679
f 679//679 680//680 662//662
f 679//679 662//662 661//661
f 681//681 682//682 683//683
f 681//681 683//683 684//684
f 684//684 683//683 664//664
f 684//684 664//664 660//660
f 682//682 231//231 230//230
f 682//682 230//230 683//683
f 683//683 230//230 217//217
f 683//683 217//217 664//664
f 681//681 684//684 685//685
f 681//681 685//685 686//686
f 686//686 685//685 687//687
f 686//686 687//687 688//688
f 684//684 660//660 659//659
f 684//684 659//659 685//685
f 685//685 659//659 662//662
f 685//685 662//662 687//687
f 681//681 686//686 689//689
f 681//681 689//689 690//690
f 690//690 689//689 691//691
f 690//690 691//691 692//692
f 686//686 688//688 693//693
f 686//686 693//693 689//689
f 689//689 693//693 694//694
f 689//689 694//694 691//691
f 681//681 690//690 695//695
f 681//681 695//695 682//682
f 682//682 695//695 236//236
f 682//682 236//236 231//231
f 690//690 692//692 696//696
f 690//690 696//696 695//695
f 695//695 696//696 237//237
f 695//695 237//237 236//236
f 697//697 698//698 699//699
f 697//697 699//699 700//700
f 700//700 699//699 680//680
f 700//700 680//680 676//676
f 698//698 688//688 687//687
f 698//698 687//687 699//699
f 699//699 687//687 662//662
f 699//699 662//662 680//680
f 697//697 700//700 701//701
f 697//697 701//701 702//702
f 702//702 701//701 703//703
f 702//702 703//703 704//704
f 700//700 676//676 675//675
f 700//700 675//675 701//701
f 701//701 675//675 678//678
f 701//701 678//678 703//703
f 697//697 702//702 705//705
f 697//697 705//705 706//706
f 706//706 705//705 707//707
f 706//706 707//707 708//708
f 702//702 704//704 709//709
f 702//702 709//709 705//705
f 705//705 709//709 710//710
f 705//705 710//710 707//707
f 697//697 706//706 711//711
f 697//697 711//711 698//698
f 698//698 711//711 693//693
f 698//698 693//693 688//688
f 706//706 708//708 712//712
f 706//706 712//712 711//711
f 711//711 712//712 694//694
f 711//711 694//694 693//693
f 713//713 714//714 715//715
f 713//713 715//715 716//716
f 716//716 715//715 696//696
f 716//716 696//696 692//692
f 714//714 251//251 250//250
f 714//714 250//250 715//715
f 715//715 250//250 237//237
f 715//715 237//237 696//696
f 713//713 716//716 717//717
f 713//713 717//717 718//718
f 718//718 717//717 719//719
f 718//718 719//719 720//720
f 716//716 692//692 691//691
f 716//716 691//691 717//717
f 717//717 691//691 694//694
f 717//717 694//694 719//719
f 713//713 718//718 721//721
f 713//713 721//721 722//722
f 722//722 721//721 723//723
f 722//722 723//723 724//724
f 718//718 720//720 725//725
f 718//718 725//725 721//721
f 721//721 725//725 726//726
f 721//721 726//726 723//723
f 713//713 722//722 727//727
f 713//713 727//727 714//714
f 714//714 727//727 256//256
f 714//714 256//256 251//251
f 722//722 724//724 728//728
f 722//722 728//728 727//727
f 727//727 728//728 257//257
f 727//727 257//257 256//256
f 729//729 730//730 731//731
f 729//729 731//731 732//732
f 732//732 731//731 712//712
f 732//732 712//712 708//708
f 730//730 720//720 719//719
f 730//730 719//719 731//731
f 731//731 719//719 694//694
f 731//731 694//694 712//712
f 729//729 732//732 733//733
f 729//729 733//733 734//734
f 734//734 733//733 735//735
f 734//734 735//735 736//736
f 732//732 708//708 707//707
f 732//732 707//707 733//733
f 733//733 707//707 710//710
f 733//733 710//710 735//735
f 729//729 734//734 737//737
f 729//729 737//737 738//738
f 738//738 737//737 739//739
f 738//738 739//739 740//740
f 734//734 736//736 741//741
f 734//734 741//741 737//737
f 737//737 741//741 742//742
f 737//737 742//742 739//739
f 729//729 738//738 743//743
f 729//729 743//743 730//730
f 730//730 743//743 725//725
f 730//730 725//725 720//720
f 738//738 740//740 744//744
f 738//738 744//744 743//743
f 743//743 744//744 726//726
f 743//743 726//726 725//725
f 745//745 746//746 747//747
f 745//745 747//747 748//748
f 748//748 747//747 728//728
f 748//748 728//728 724//724
f 746//746 271//271 270//270
f 746//746 270//270 747//747
f 747//747 270//270 257//257
f 747//747 257//257 728//728
f 745//745 748//748 749//749
f 745//745 749//749 750//750
f 750//750 749//749 751//751
f 750//750 751//751 752//752
f 748//748 724//724 723//723
f 748//748 723//723 749//749
f 749//749 723//723 726//726
f 749//749 726//726 751//751
f 745//745 750//750 753//753
f 745//745 753//753 754//754
f 754//754 753//753 755//755
f 754//754 755//755 756//756
f 750//750 752//752 757//757
f 750//750 757//757 753//753
f 753//753 757//757 758//758
f 753//753 758//758 755//755
f 745//745 754//754 759//759
f 745//745 759//759 746//746
f 746//746 759//759 276//276
f 746//746 276//276 271//271
f 754//754 756//756 760//760
f 754//754 760//760 759//759
f 759//759 760//760 277//277
f 759//759 277//277 276//276
f 761//761 762//762 763//763
f 761//761 763//763 764//764
f 764//764 763//763 744//744
f 764//764 744//744 740//740
f 762//762 752//752 751//751
f 762//762 751//751 763//763
f 763//763 751//751 726//726
f 763//763 726//726 744//744
f 761//761 764//764 765//765
f 761//761 765//765 766//766
f 766//766 765//765 767//767
f 766//766 767//767 768//768
f 764//764 740//740 739//739
f 764//764 739//739 765//765
f 765//765 739//739 742//742
f 765//765 742//742 767//767
f 761//761 766//766 769//769
f 761//761 769//769 770//770
f 770//770 769//769 771//771
f 770//770 771//771 772//772
f 766//766 768//768 773//773
f 766//766 773//773 769//769
f 769//769 773//773 774//774
f 769//769 774//774 771//771
f 761//761 770//770 775//775
f 761//761 775//775 762//762
f 762//762 775//775 757//757
f 762//762 757//757 752//752
f 770//770 772//772 776//776
f 770//770 776//776 775//775
f 775//775 776//776 758//758
f 775//775 758//758 757//757
f 777//777 778//778 779//779
f 777//777 779//779 780//780
f 780//780 779//779 760//760
f 780//780 760//760 756//756
f 778//778 291//291 290//290
f 778//778 290//290 779//779
f 779//779 290//290 277//277
f 779//779 277//277 760//760
f 777//777 780//780 781//781
f 777//777 781//781 782//782
f 782//782 781//781 783//783
f 782//782 783//783 784//784
f 780//780 756//756 755//755
f 780//780 755//755 781//781
f 781//781 755//755 758//758
f 781//781 758//758 783//783
f 777//777 782//782 785//785
f 777//777 785//785 786//786
f 786//786 785//785 787//787
f 786//786 787//787 788//788
f 782//782 784//784 789//789
f 782//782 789//789 785//785
f 785//785 789//789 790//790
f 785//785 790//790 787//787
f 777//777 786//786 791//791
f 777//777 791//791 778//778
f 778//778 791//791 296//296
f 778//778 296//296 291//291
f 786//786 788//788 792//792
f 786//786 792//792 791//791
f 791//791 792//792 297//297
f 791//791 297//297 296//296
f 793//793 794//794 795//795
f 793//793 795//795 796//796
f 796//796 795//795 776//776
f 796//796 776//776 772//772
f 794//794 784//784 783//783
f 794//794 783//783 795//795
f 795//795 783//783 758//758
f 795//795 758//758 776//776
f 793//793 796//796 797//797
f 793//793 797//797 798//798
f 798//798 797//797 799//799
f 798//798 799//799 800//800
f 796//796 772//772 771//771
f 796//796 771//771 797//797
f 797//797 771//771 774//774
f 797//797 774//774 799//799
f 793//793 798//798 801//801
f 793//793 801//801 802//802
f 802//802 801//801 803//803
f 802//802 803//803 804//804
f 798//798 800//800 805//805
f 798//798 805//805 801//801
f 801//801 805//805 806//806
f 801//801 806//806 803//803
f 793//793 802//802 807//807
f 793//793 807//807 794//794
f 794//794 807//807 789//789
f 794//794 789//789 784//784
f 802//802 804//804 808//808
f 802//802 808//808 807//807
f 807//807 808//808 790//790
f 807//807 790//790 789//789
f 809//809 810//810 811//811
f 809//809 811//811 812//812
f 812//812 811//811 351//351
f 812//812 351//351 346//346
f 810//810 813//813 814//814
f 810//810 814//814 811//811
f 811//811 814//814 352//352
f 811//811 352//352 351//351
f 809//809 812//812 815//815
f 809//809 815//815 816//816
f 816//816 815//815 817//817
f 816//816 817//817 818//818
f 812//812 346//346 345//345
f 812//812 345//345 815//815
f 815//815 345//345 332//332
f 815//815 332//332 817//817
f 809//809 816//816 819//819
f 809//809 819//819 820//820
f 820//820 819//819 808//808
f 820//820 808//808 804//804
f 816//816 818//818 821//821
f 816//816 821//821 819//819
f 819//819 821//821 790//790
f 819//819 790//790 808//808
f 809//809 820//820 822//822
f 809//809 822//822 810//810
f 810//810 822//822 823//823
f 810//810 823//823 813//813
f 820//820 804//804 803//803
f 820//820 803//803 822//822
f 822//822 803//803 806//806
f 822//822 806//806 823//823
f 824//824 825//825 826//826
f 824//824 826//826 827//827
f 827//827 826//826 331//331
f 827//827 331//331 326//326
f 825//825 818//818 817//817
f 825//825 817//817 826//826
f 826//826 817//817 332//332
f 826//826 332//332 331//331
f 824//824 827//827 828//828
f 824//824 828//828 829//829
f 829//829 828//828 311//311
f 829//829 311//311 310//310
f 827//827 326//326 325//325
f 827//827 325//325 828//828
f 828//828 325//325 9//9
f 828//828 9//9 311//311
f 824//824 829//829 830//830
f 824//824 830//830 831//831
f 831//831 830//830 792//792
f 831//831 792//792 788//788
f 829//829 310//310 320//320
f 829//829 320//320 830//830
f 830//830 320//320 297//297
f 830//830 297//297 792//792
f 824//824 831//831 832//832
f 824//824 832//832 825//825
f 825//825 832//832 821//821
f 825//825 821//821 818//818
f 831//831 788//788 787//787
f 831//831 787//787 832//832
f 832//832 787//787 790//790
f 832//832 790//790 821//821
f 833//833 834//834 835//835
f 833//833 835//835 836//836
f 836//836 835//835 837//837
f 836//836 837//837 838//838
f 834//834 350//350 349//349
f 834//834 349//349 835//835
f 835//835 349//349 352//352
f 835//835 352//352 837//837
f 833//833 836//836 839//839
f 833//833 839//839 840//840
f 840//840 839//839 841//841
f 840//840 841//841 842//842
f 836//836 838//838 843//843
f 836//836 843//843 839//839
f 839//839 843//843 844//844
f 839//839 844//844 841//841
f 833//833 840//840 845//845
f 833//833 845//845 846//846
f 846//846 845//845 847//847
f 846//846 847//847 848//848
f 840//840 842//842 849//849
f 840//840 849//849 845//845
f 845//845 849//849 850//850
f 845//845 850//850 847//847
f 833//833 846//846 851//851
f 833//833 851//851 834//834
f 834//834 851//851 357//357
f 834//834 357//357 350//350
f 846//846 848//848 852//852
f 846//846 852//852 851//851
f 851//851 852//852 358//358
f 851//851 358//358 357//357
f 853//853 854//854 855//855
f 853//853 855//855 856//856
f 856//856 855//855 852//852
f 856//856 852//852 848//848
f 854//854 384//384 383//383
f 854//854 383//383 855//855
f 855//855 383//383 358//358
f 855//855 358//358 852//852
f 853//853 856//856 857//857
f 853//853 857//857 858//858
f 858//858 857//857 859//859
f 858//858 859//859 860//860
f 856//856 848//848 847//847
f 856//856 847//847 857//857
f 857//857 847//847 850//850
f 857//857 850//850 859//859
f 853//853 858//858 861//861
f 853//853 861//861 862//862
f 862//862 861//861 863//863
f 862//862 863//863 864//864
f 858//858 860//860 865//865
f 858//858 865//865 861//861
f 861//861 865//865 866//866
f 861//861 866//866 863//863
f 853//853 862//862 867//867
f 853//853 867//867 854//854
f 854//854 867//867 389//389
f 854//854 389//389 384//384
f 862//862 864//864 868//868
f 862//862 868//868 867//867
f 867//867 868//868 390//390
f 867//867 390//390 389//389
f 869//869 870//870 871//871
f 869//869 871//871 872//872
f 872//872 871//871 868//868
f 872//872 868//868 864//864
f 870//870 416//416 415//415
f 870//870 415//415 871//871
f 871//871 415//415 390//390
f 871//871 390//390 868//868
f 869//869 872//872 873//873
f 869//869 873//873 874//874
f 874//874 873//873 875//875
f 874//874 875//875 876//876
f 872//872 864//864 863//863
f 872//872 863//863 873//873
f 873//873 863//863 866//866
f 873//873 866//866 875//875
f 869//869 874//874 877//877
f 869//869 877//877 878//878
f 878//878 877//877 879//879
f 878//878 879//879 880//880
f 874//874 876//876 881//881
f 874//874 881//881 877//877
f 877//877 881//881 882//882
f 877//877 882//882 879//879
f 869//869 878//878 883//883
f 869//869 883//883 870//870
f 870//870 883//883 421//421
f 870//870 421//421 416//416
f 878//878 880//880 884//884
f 878//878 884//884 883//883
f 883//883 884//884 422//422
f 883//883 422//422 421//421
f 885//885 886//886 887//887
f 885//885 887//887 888//888
f 888//888 887//887 884//884
f 888//888 884//884 880//880
f 886//886 448//448 447//447
f 886//886 447//447 887//887
f 887//887 447//447 422//422
f 887//887 422//422 884//884
f 885//885 888//888 889//889
f 885//885 889//889 890//890
f 890//890 889//889 891//891
f 890//890 891//891 892//892
f 888//888 880//880 879//879
f 888//888 879//879 889//889
f 889//889 879//879 882//882
f 889//889 882//882 891//891
f 885//885 890//890 893//893
f 885//885 893//893 894//894
f 894//894 893//893 895//895
f 894//894 895//895 896//896
f 890//890 892//892 897//897
f 890//890 897//897 893//893
f 893//893 897//897 898//898
f 893//893 898//898 895//895
f 885//885 894//894 899//899
f 885//885 899//899 886//886
f 886//886 899//899 453//453
f 886//886 453//453 448//448
f 894//894 896//896 900//900
f 894//894 900//900 899//899
f 899//899 900//900 454//454
f 899//899 454//454 453//453
f 901//901 902//902 903//903
f 901//901 903//903 904//904
f 904//904 903//903 900//900
f 904//904 900//900 896//896
f 902//902 480//480 479//479
f 902//902 479//479 903//903
f 903//903 479//479 454//454
f 903//903 454//454 900//900
f 901//901 904//904 905//905
f 901//901 905//905 906//906
f 906//906 905//905 907//907
f 906//906 907//907 908//908
f 904//904 896//896 895//895
f 904//904 895//895 905//905
f 905//905 895//895 898//898
f 905//905 898//898 907//907
f 901//901 906//906 909//909
f 901//901 909//909 910//910
f 910//910 909//909 911//911
f 910//910 911//911 912//912
f 906//906 908//908 913//913
f 906//906 913//913 909//909
f 909//909 913//913 914//914
f 909//909 914//914 911//911
f 901//901 910//910 915//915
f 901//901 915//915 902//902
f 902//902 915//915 485//485
f 902//902 485//485 480//480
f 910//910 912//912 916//916
f 910//910 916//916 915//915
f 915//915 916//916 486//486
f 915//915 486//486 485//485
f 917//917 918//918 919//919
f 917//917 919//919 920//920
f 920//920 919//919 916//916
f 920//920 916//916 912//912
f 918//918 512//512 511//511
f 918//918 511//511 919//919
f 919//919 511//511 486//486
f 919//919 486//486 916//916
f 917//917 920//920 921//921
f 917//917 921//921 922//922
f 922//922 921//921 923//923
f 922//922 923//923 924//924
f 920//920 912//912 911//911
f 920//920 911//911 921//921
f 921//921 911//911 914//914
f 921//921 914//914 923//923
f 917//917 922//922 925//925
f 917//917 925//925 926//926
f 926//926 925//925 927//927
f 926//926 927//927 928//928
f 922//922 924//924 929//929
f 922//922 929//929 925//925
f 925//925 929//929 930//930
f 925//925 930//930 927//927
f 917//917 926//926 931//931
f 917//917 931//931 918//918
f 918//918 931//931 517//517
f 918//918 517//517 512//512
f 926//926 928//928 932//932
f 926//926 932//932 931//931
f 931//931 932//932 518//518
f 931//931 518//518 517//517
f 933//933 934//934 935//935
f 933//933 935//935 936//936
f 936//936 935//935 932//932
f 936//936 932//932 928//928
f 934//934 544//544 543//543
f 934//934 543//543 935//935
f 935//935 543//543 518//518
f 935//935 518//518 932//932
f 933//933 936//936 937//937
f 933//933 937//937 938//938
f 938//938 937//937 939//939
f 938//938 939//939 940//940
f 936//936 928//928 927//927
f 936//936 927//927 937//937
f 937//937 927//927 930//930
f 937//937 930//930 939//939
f 933//933 938//938 941//941
f 933//933 941//941 942//942
f 942//942 941//941 943//943
f 942//942 943//943 944//944
f 938//938 940//940 945//945
f 938//938 945//945 941//941
f 941//941 945//945 946//946
f 941//941 946//946 943//943
f 933//933 942//942 947//947
f 933//933 947//947 934//934
f 934//934 947//947 549//549
f 934//934 549//549 544//544
f 942//942 944//944 948//948
f 942//942 948//948 947//947
f 947//947 948//948 550//550
f 947//947 550//550 549//549
f 949//949 950//950 951//951
f 949//949 951//951 952//952
f 952//952 951//951 948//948
f 952//952 948//948 944//944
f 950//950 576//576 575//575
f 950//950 575//575 951//951
f 951//951 575//575 550//550
f 951//951 550//550 948//948
f 949//949 952//952 953//953
f 949//949 953//953 954//954
f 954//954 953//953 955//955
f 954//954 955//955 956//956
f 952//952 944//944 943//943
f 952//952 943//943 953//953
f 953//953 943//943 946//946
f 953//953 946//946 955//955
f 949//949 954//954 957//957
f 949//949 957//957 958//958
f 958//958 957//957 959//959
f 958//958 959//959 960//960
f 954//954 956//956 961//961
f 954//954 961//961 957//957
f 957//957 961//961 962//962
f 957//957 962//962 959//959
f 949//949 958//958 963//963
f 949//949 963//963 950//950
f 950//950 963//963 581//581
f 950//950 581//581 576//576
f 958//958 960//960 964//964
f 958//958 964//964 963//963
f 963//963 964//964 582//582
f 963//963 582//582 581//581
f 965//965 966//966 967//967
f 965//965 967//967 968//968
f 968//968 967//967 964//964
f 968//968 964//964 960//960
f 966//966 608//608 607//607
f 966//966 607//607 967//967
f 967//967 607//607 582//582
f 967//967 582//582 964//964
f 965//965 968//968 969//969
f 965//965 969//969 970//970
f 970//970 969//969 971//971
f 970//970 971//971 972//972
f 968//968 960//960 959//959
f 968//968 959//959 969//969
f 969//969 959//959 962//962
f 969//969 962//962 971//971
f 965//965 970//970 973//973
f 965//965 973//973 974//974
f 974//974 973//973 975//975
f 974//974 975//975 976//976
f 970//970 972//972 977//977
f 970//970 977//977 973//973
f 973//973 977//977 978//978
f 973//973 978//978 975//975
f 965//965 974//974 979//979
f 965//965 979//979 966//966
f 966//966 979//979 613//613
f 966//966 613//613 608//608
f 974//974 976//976 980//980
f 974//974 980//980 979//979
f 979//979 980//980 614//614
f 979//979 614//614 613//613
f 981//981 982//982 983//983
f 981//981 983//983 984//984
f 984//984 983//983 980//980
f 984//984 980//980 976//976
f 982//982 640//640 639//639
f 982//982 639//639 983//983
f 983//983 639//639 614//614
f 983//983 614//614 980//980
f 981//981 984//984 985//985
f 981//981 985//985 986//986
f 986//986 985//985 987//987
f 986//986 987//987 988//988
f 984//984 976//976 975//975
f 984//984 975//975 985//985
f 985//985 975//975 978//978
f 985//985 978//978 987//987
f 981//981 986//986 989//989
f 981//981 989//989 990//990
f 990//990 989//989 991//991
f 990//990 991//991 992//992
f 986//986 988//988 993//993
f 986//986 993//993 989//989
f 989//989 993//993 994//994
f 989//989 994//994 991//991
f 981//981 990//990 995//995
f 981//981 995//995 982//982
f 982//982 995//995 645//645
f 982//982 645//645 640//640
f 990//990 992//992 996//996
f 990//990 996//996 995//995
f 995//995 996//996 646//646
f 995//995 646//646 645//645
f 997//997 998//998 999//999
f 997//997 999//999 1000//1000
f 1000//1000 999//999 996//996
f 1000//1000 996//996 992//992
f 998//998 672//672 671//671
f 998//998 671//671 999//999
f 999//999 671//671 646//646
f 999//999 646//646 996//996
f 997//997 1000//1000 1001//1001
f 997//997 1001//1001 1002//1002
f 1002//1002 1001//1001 1003//1003
f 1002//1002 1003//1003 1004//1004
f 1000//1000 992//992 991//991
f 1000//1000 991//991 1001//1001
f 1001//1001 991//991 994//994
f 1001//1001 994//994 1003//1003
f 997//997 1002//1002 1005//1005
f 997//997 1005//1005 1006//1006
f 1006//1006 1005//1005 1007//1007
f 1006//1006 1007//1007 1008//1008
f 1002//1002 1004//1004 1009//1009
f 1002//1002 1009//1009 1005//1005
f 1005//1005 1009//1009 1010//1010
f 1005//1005 1010//1010 1007//1007
f 997//997 1006//1006 1011//1011
f 997//997 1011//1011 998//998
f 998//998 1011//1011 677//677
f 998//998 677//677 672//672
f 1006//1006 1008//1008 1012//1012
f 1006//1006 1012//1012 1011//1011
f 1011//1011 1012//1012 678//678
f 1011//1011 678//678 677//677
f 1013//1013 1014//1014 1015//1015
f 1013//1013 1015//1015 1016//1016
f 1016//1016 1015//1015 1012//1012
f 1016//1016 1012//1012 1008//1008
f 1014//1014 704//704 703//703
f 1014//1014 703//703 1015//1015
f 1015//1015 703//703 678//678
f 1015//1015 678//678 1012//1012
f 1013//1013 1016//1016 1017//1017
f 1013//1013 1017//1017 1018//1018
f 1018//1018 1017//1017 1019//1019
f 1018//1018 1019//1019 1020//1020
f 1016//1016 1008//1008 1007//1007
f 1016//1016 1007//1007 1017//1017
f 1017//1017 1007//1007 1010//1010
f 1017//1017 1010//1010 1019//1019
f 1013//1013 1018//1018 1021//1021
f 1013//1013 1021//1021 1022//1022
f 1022//1022 1021//1021 1023//1023
f 1022//1022 1023//1023 1024//1024
f 1018//1018 1020//1020 1025//1025
f 1018//1018 1025//1025 1021//1021
f 1021//1021 1025//1025 1026//1026
f 1021//1021 1026//1026 1023//1023
f 1013//1013 1022//1022 1027//1027
f 1013//1013 1027//1027 1014//1014
f 1014//1014 1027//1027 709//709
f 1014//1014 709//709 704//704
f 1022//1022 1024//1024 1028//1028
f 1022//1022 1028//1028 1027//1027
f 1027//1027 1028//1028 710//710
f 1027//1027 710//710 709//709
f 1029//1029 1030//1030 1031//1031
f 1029//1029 1031//1031 1032//1032
f 1032//1032 1031//1031 1028//1028
f 1032//1032 1028//1028 1024//1024
f 1030//1030 736//736 735//735
f 1030//1030 735//735 1031//1031
f 1031//1031 735//735 710//710
f 1031//1031 710//710 1028//1028
f 1029//1029 1032//1032 1033//1033
f 1029//1029 1033//1033 1034//1034
f 1034//1034 1033//1033 1035//1035
f 1034//1034 1035//1035 1036//1036
f 1032//1032 1024//1024 1023//1023
f 1032//1032 1023//1023 1033//1033
f 1033//1033 1023//1023 1026//1026
f 1033//1033 1026//1026 1035//1035
f 1029//1029 1034//1034 1037//1037
f 1029//1029 1037//1037 1038//1038
f 1038//1038 1037//1037 1039//1039
f 1038//1038 1039//1039 1040//1040
f 1034//1034 1036//1036 1041//1041
f 1034//1034 1041//1041 1037//1037
f 1037//1037 1041//1041 1042//1042
f 1037//1037 1042//1042 1039//1039
f 1029//1029 1038//1038 1043//1043
f 1029//1029 1043//1043 1030//1030
f 1030//1030 1043//1043 741//741
f 1030//1030 741//741 736//736
f 1038//1038 1040//1040 1044//1044
f 1038//1038 1044//1044 1043//1043
f 1043//1043 1044//1044 742//742
f 1043//1043 742//742 741//741
f 1045//1045 1046//1046 1047//1047
f 1045//1045 1047//1047 1048//1048
f 1048//1048 1047//1047 1044//1044
f 1048//1048 1044//1044 1040//1040
f 1046//1046 768//768 767//767
f 1046//1046 767//767 1047//1047
f 1047//1047 767//767 742//742
f 1047//1047 742//742 1044//1044
f 1045//1045 1048//1048 1049//1049
f 1045//1045 1049//1049 1050//1050
f 1050//1050 1049//1049 1051//1051
f 1050//1050 1051//1051 1052//1052
f 1048//1048 1040//1040 1039//1039
f 1048//1048 1039//1039 1049//1049
f 1049//1049 1039//1039 1042//1042
f 1049//1049 1042//1042 1051//1051
f 1045//1045 1050//1050 1053//1053
f 1045//1045 1053//1053 1054//1054
f 1054//1054 1053//1053 1055//1055
f 1054//1054 1055//1055 1056//1056
f 1050//1050 1052//1052 1057//1057
f 1050//1050 1057//1057 1053//1053
f 1053//1053 1057//1057 1058//1058
f 1053//1053 1058//1058 1055//1055
f 1045//1045 1054//1054 1059//1059
f 1045//1045 1059//1059 1046//1046
f 1046//1046 1059//1059 773//773
f 1046//1046 773//773 768//768
f 1054//1054 1056//1056 1060//1060
f 1054//1054 1060//1060 1059//1059
f 1059//1059 1060//1060 774//774
f 1059//1059 774//774 773//773
f 1061//1061 1062//1062 1063//1063
f 1061//1061 1063//1063 1064//1064
f 1064//1064 1063//1063 1060//1060
f 1064//1064 1060//1060 1056//1056
f 1062//1062 800//800 799//799
f 1062//1062 799//799 1063//1063
f 1063//1063 799//799 774//774
f 1063//1063 774//774 1060//1060
f 1061//1061 1064//1064 1065//1065
f 1061//1061 1065//1065 1066//1066
f 1066//1066 1065//1065 1067//1067
f 1066//1066 1067//1067 1068//1068
f 1064//1064 1056//1056 1055//1055
f 1064//1064 1055//1055 1065//1065
f 1065//1065 1055//1055 1058//1058
f 1065//1065 1058//1058 1067//1067
f 1061//1061 1066//1066 1069//1069
f 1061//1061 1069//1069 1070//1070
f 1070//1070 1069//1069 1071//1071
f 1070//1070 1071//1071 1072//1072
f 1066//1066 1068//1068 1073//1073
f 1066//1066 1073//1073 1069//1069
f 1069//1069 1073//1073 1074//1074
f 1069//1069 1074//1074 1071//1071
f 1061//1061 1070//1070 1075//1075
f 1061//1061 1075//1075 1062//1062
f 1062//1062 1075//1075 805//805
f 1062//1062 805//805 800//800
f 1070//1070 1072//1072 1076//1076
f 1070//1070 1076//1076 1075//1075
f 1075//1075 1076//1076 806//806
f 1075//1075 806//806 805//805
f 1077//1077 1078//1078 1079//1079
f 1077//1077 1079//1079 1080//1080
f 1080//1080 1079//1079 1076//1076
f 1080//1080 1076//1076 1072//1072
f 1078//1078 813//813 823//823
f 1078//1078 823//823 1079//1079
f 1079//1079 823//823 806//806
f 1079//1079 806//806 1076//1076
f 1077//1077 1080//1080 1081//1081
f 1077//1077 1081//1081 1082//1082
f 1082//1082 1081//1081 1083//1083
f 1082//1082 1083//1083 1084//1084
f 1080//1080 1072//1072 1071//1071
f 1080//1080 1071//1071 1081//1081
f 1081//1081 1071//1071 1074//1074
f 1081//1081 1074//1074 1083//1083
f 1077//1077 1082//1082 1085//1085
f 1077//1077 1085//1085 1086//1086
f 1086//1086 1085//1085 843//843
f 1086//1086 843//843 838//838
f 1082//1082 1084//1084 1087//1087
f 1082//1082 1087//1087 1085//1085
f 1085//1085 1087//1087 844//844
f 1085//1085 844//844 843//843
f 1077//1077 1086//1086 1088//1088
f 1077//1077 1088//1088 1078//1078
f 1078//1078 1088//1088 814//814
f 1078//1078 814//814 813//813
f 1086//1086 838//838 837//837
f 1086//1086 837//837 1088//1088
f 1088//1088 837//837 352//352
f 1088//1088 352//352 814//814
f 1089//1089 1090//1090 1091//1091
f 1089//1089 1091//1091 1092//1092
f 1092//1092 1091//1091 1093//1093
f 1092//1092 1093//1093 1094//1094
f 1090//1090 1095//1095 1096//1096
f 1090//1090 1096//1096 1091//1091
f 1091//1091 1096//1096 1097//1097
f 1091//1091 1097//1097 1093//1093
f 1089//1089 1092//1092 1098//1098
f 1089//1089 1098//1098 1099//1099
f 1099//1099 1098//1098 1100//1100
f 1099//1099 1100//1100 1101//1101
f 1092//1092 1094//1094 1102//1102
f 1092//1092 1102//1102 1098//1098
f 1098//1098 1102//1102 1103//1103
f 1098//1098 1103//1103 1100//1100
f 1089//1089 1099//1099 1104//1104
f 1089//1089 1104//1104 1105//1105
f 1105//1105 1104//1104 1106//1106
f 1105//1105 1106//1106 1107//1107
f 1099//1099 1101//1101 1108//1108
f 1099//1099 1108//1108 1104//1104
f 1104//1104 1108//1108 1109//1109
f 1104//1104 1109//1109 1106//1106
f 1089//1089 1105//1105 1110//1110
f 1089//1089 1110//1110 1090//1090
f 1090//1090 1110//1110 1111//1111
f 1090//1090 1111//1111 1095//1095
f 1105//1105 1107//1107 1112//1112
f 1105//1105 1112//1112 1110//1110
f 1110//1110 1112//1112 1113//1113
f 1110//1110 1113//1113 1111//1111
f 1114//1114 1115//1115 1116//1116
f 1114//1114 1116//1116 1117//1117
f 1117//1117 1116//1116 1112//1112
f 1117//1117 1112//1112 1107//1107
f 1115//1115 1118//1118 1119//1119
f 1115//1115 1119//1119 1116//1116
f 1116//1116 1119//1119 1113//1113
f 1116//1116 1113//1113 1112//1112
f 1114//1114 1117//1117 1120//1120
f 1114//1114 1120//1120 1121//1121
f 1121//1121 1120//1120 1122//1122
f 1121//1121 1122//1122 1123//1123
f 1117//1117 1107//1107 1106//1106
f 1117//1117 1106//1106 1120//1120
f 1120//1120 1106//1106 1109//1109
f 1120//1120 1109//1109 1122//1122
f 1114//1114 1121//1121 1124//1124
f 1114//1114 1124//1124 1125//1125
f 1125//1125 1124//1124 1126//1126
f 1125//1125 1126//1126 1127//1127
f 1121//1121 1123//1123 1128//1128
f 1121//1121 1128//1128 1124//1124
f 1124//1124 1128//1128 1129//1129
f 1124//1124 1129//1129 1126//1126
f 1114//1114 1125//1125 1130//1130
f 1114//1114 1130//1130 1115//1115
f 1115//1115 1130//1130 1131//1131
f 1115//1115 1131//1131 1118//1118
f 1125//1125 1127//1127 1132//1132
f 1125//1125 1132//1132 1130//1130
f 1130//1130 1132//1132 1133//1133
f 1130//1130 1133//1133 1131//1131
f 1134//1134 1135//1135 1136//1136
f 1134//1134 1136//1136 1137//1137
f 1137//1137 1136//1136 1138//1138
f 1137//1137 1138//1138 1139//1139
f 1135//1135 1101//1101 1100//1100
f 1135//1135 1100//1100 1136//1136
f 1136//1136 1100//1100 1103//1103
f 1136//1136 1103//1103 1138//1138
f 1134//1134 1137//1137 1140//1140
f 1134//1134 1140//1140 1141//1141
f 1141//1141 1140//1140 1142//1142
f 1141//1141 1142//1142 1143//1143
f 1137//1137 1139//1139 1144//1144
f 1137//1137 1144//1144 1140//1140
f 1140//1140 1144//1144 1145//1145
f 1140//1140 1145//1145 1142//1142
f 1134//1134 1141//1141 1146//1146
f 1134//1134 1146//1146 1147//1147
f 1147//1147 1146//1146 1148//1148
f 1147//1147 1148//1148 1149//1149
f 1141//1141 1143//1143 1150//1150
f 1141//1141 1150//1150 1146//1146
f 1146//1146 1150//1150 1151//1151
f 1146//1146 1151//1151 1148//1148
f 1134//1134 1147//1147 1152//1152
f 1134//1134 1152//1152 1135//1135
f 1135//1135 1152//1152 1108//1108
f 1135//1135 1108//1108 1101//1101
f 1147//1147 1149//1149 1153//1153
f 1147//1147 1153//1153 1152//1152
f 1152//1152 1153//1153 1109//1109
f 1152//1152 1109//1109 1108//1108
f 1154//1154 1155//1155 1156//1156
f 1154//1154 1156//1156 1157//1157
f 1157//1157 1156//1156 1153//1153
f 1157//1157 1153//1153 1149//1149
f 1155//1155 1123//1123 1122//1122
f 1155//1155 1122//1122 1156//1156
f 1156//1156 1122//1122 1109//1109
f 1156//1156 1109//1109 1153//1153
f 1154//1154 1157//1157 1158//1158
f 1154//1154 1158//1158 1159//1159
f 1159//1159 1158//1158 1160//1160
f 1159//1159 1160//1160 1161//1161
f 1157//1157 1149//1149 1148//1148
f 1157//1157 1148//1148 1158//1158
f 1158//1158 1148//1148 1151//1151
f 1158//1158 1151//1151 1160//1160
f 1154//1154 1159//1159 1162//1162
f 1154//1154 1162//1162 1163//1163
f 1163//1163 1162//1162 1164//1164
f 1163//1163 1164//1164 1165//1165
f 1159//1159 1161//1161 1166//1166
f 1159//1159 1166//1166 1162//1162
f 1162//1162 1166//1166 1167//1167
f 1162//1162 1167//1167 1164//1164
f 1154//1154 1163//1163 1168//1168
f 1154//1154 1168//1168 1155//1155
f 1155//1155 1168//1168 1128//1128
f 1155//1155 1128//1128 1123//1123
f 1163//1163 1165//1165 1169//1169
f 1163//1163 1169//1169 1168//1168
f 1168//1168 1169//1169 1129//1129
f 1168//1168 1129//1129 1128//1128
f 1170//1170 1171//1171 1172//1172
f 1170//1170 1172//1172 1173//1173
f 1173//1173 1172//1172 1174//1174
f 1173//1173 1174//1174 1175//1175
f 1171//1171 1143//1143 1142//1142
f 1171//1171 1142//1142 1172//1172
f 1172//1172 1142//1142 1145//1145
f 1172//1172 1145//1145 1174//1174
f 1170//1170 1173//1173 1176//1176
f 1170//1170 1176//1176 1177//1177
f 1177//1177 1176//1176 1178//1178
f 1177//1177 1178//1178 1179//1179
f 1173//1173 1175//1175 1180//1180
f 1173//1173 1180//1180 1176//1176
f 1176//1176 1180//1180 1181//1181
f 1176//1176 1181//1181 1178//1178
f 1170//1170 1177//1177 1182//1182
f 1170//1170 1182//1182 1183//1183
f 1183//1183 1182//1182 1184//1184
f 1183//1183 1184//1184 1185//1185
f 1177//1177 1179//1179 1186//1186
f 1177//1177 1186//1186 1182//1182
f 1182//1182 1186//1186 1187//1187
f 1182//1182 1187//1187 1184//1184
f 1170//1170 1183//1183 1188//1188
f 1170//1170 1188//1188 1171//1171
f 1171//1171 1188//1188 1150//1150
f 1171//1171 1150//1150 1143//1143
f 1183//1183 1185//1185 1189//1189
f 1183//1183 1189//1189 1188//1188
f 1188//1188 1189//1189 1151//1151
f 1188//1188 1151//1151 1150//1150
f 1190//1190 1191//1191 1192//1192
f 1190//1190 1192//1192 1193//1193
f 1193//1193 1192//1192 1189//1189
f 1193//1193 1189//1189 1185//1185
f 1191//1191 1161//1161 1160//1160
f 1191//1191 1160//1160 1192//1192
f 1192//1192 1160//1160 1151//1151
f 1192//1192 1151//1151 1189//1189
f 1190//1190 1193//1193 1194//1194
f 1190//1190 1194//1194 1195//1195
f 1195//1195 1194//1194 1196//1196
f 1195//1195 1196//1196 1197//1197
f 1193//1193 1185//1185 1184//1184
f 1193//1193 1184//1184 1194//1194
f 1194//1194 1184//1184 1187//1187
f 1194//1194 1187//1187 1196//1196
f 1190//1190 1195//1195 1198//1198
f 1190//1190 1198//1198 1199//1199
f 1199//1199 1198//1198 1200//1200
f 1199//1199 1200//1200 1201//1201
f 1195//1195 1197//1197 1202//1202
f 1195//1195 1202//1202 1198//1198
f 1198//1198 1202//1202 1203//1203
f 1198//1198 1203//1203 1200//1200
f 1190//1190 1199//1199 1204//1204
f 1190//1190 1204//1204 1191//1191
f 1191//1191 1204//1204 1166//1166
f 1191//1191 1166//1166 1161//1161
f 1199//1199 1201//1201 1205//1205
f 1199//1199 1205//1205 1204//1204
f 1204//1204 1205//1205 1167//1167
f 1204//1204 1167//1167 1166//1166
f 1206//1206 1207//1207 1208//1208
f 1206//1206 1208//1208 1209//1209
f 1209//1209 1208//1208 1210//1210
f 1209//1209 1210//1210 1211//1211
f 1207//1207 1179//1179 1178//1178
f 1207//1207 1178//1178 1208//1208
f 1208//1208 1178//1178 1181//1181
f 1208//1208 1181//1181 1210//1210
f 1206//1206 1209//1209 1212//1212
f 1206//1206 1212//1212 1213//1213
f 1213//1213 1212//1212 1214//1214
f 1213//1213 1214//1214 1215//1215
f 1209//1209 1211//1211 1216//1216
f 1209//1209 1216//1216 1212//1212
f 1212//1212 1216//1216 1217//1217
f 1212//1212 1217//1217 1214//1214
f 1206//1206 1213//1213 1218//1218
f 1206//1206 1218//1218 1219//1219
f 1219//1219 1218//1218 1220//1220
f 1219//1219 1220//1220 1221//1221
f 1213//1213 1215//1215 1222//1222
f 1213//1213 1222//1222 1218//1218
f 1218//1218 1222//1222 1223//1223
f 1218//1218 1223//1223 1220//1220
f 1206//1206 1219//1219 1224//1224
f 1206//1206 1224//1224 1207//1207
f 1207//1207 1224//1224 1186//1186
f 1207//1207 1186//1186 1179//1179
f 1219//1219 1221//1221 1225//1225
f 1219//1219 1225//1225 1224//1224
f 1224//1224 1225//1225 1187//1187
f 1224//1224 1187//1187 1186//1186
f 1226//1226 1227//1227 1228//1228
f 1226//1226 1228//1228 1229//1229
f 1229//1229 1228//1228 1225//1225
f 1229//1229 1225//1225 1221//1221
f 1227//1227 1197//1197 1196//1196
f 1227//1227 1196//1196 1228//1228
f 1228//1228 1196//1196 1187//1187
f 1228//1228 1187//1187 1225//1225
f 1226//1226 1229//1229 1230//1230
f 1226//1226 1230//1230 1231//1231
f 1231//1231 1230//1230 1232//1232
f 1231//1231 1232//1232 1233//1233
f 1229//1229 1221//1221 1220//1220
f 1229//1229 1220//1220 1230//1230
f 1230//1230 1220//1220 1223//1223
f 1230//1230 1223//1223 1232//1232
f 1226//1226 1231//1231 1234//1234
f 1226//1226 1234//1234 1235//1235
f 1235//1235 1234//1234 1236//1236
f 1235//1235 1236//1236 1237//1237
f 1231//1231 1233//1233 1238//1238
f 1231//1231 1238//1238 1234//1234
f 1234//1234 1238//1238 1239//1239
f 1234//1234 1239//1239 1236//1236
f 1226//1226 1235//1235 1240//1240
f 1226//1226 1240//1240 1227//1227
f 1227//1227 1240//1240 1202//1202
f 1227//1227 1202//1202 1197//1197
f 1235//1235 1237//1237 1241//1241
f 1235//1235 1241//1241 1240//1240
f 1240//1240 1241//1241 1203//1203
f 1240//1240 1203//1203 1202//1202
f 1242//1242 1243//1243 1244//1244
f 1242//1242 1244//1244 1245//1245
f 1245//1245 1244//1244 1246//1246
f 1245//1245 1246//1246 1247//1247
f 1243//1243 1215//1215 1214//1214
f 1243//1243 1214//1214 1244//1244
f 1244//1244 1214//1214 1217//1217
f 1244//1244 1217//1217 1246//1246
f 1242//1242 1245//1245 1248//1248
f 1242//1242 1248//1248 1249//1249
f 1249//1249 1248//1248 1250//1250
f 1249//1249 1250//1250 1251//1251
f 1245//1245 1247//1247 1252//1252
f 1245//1245 1252//1252 1248//1248
f 1248//1248 1252//1252 1253//1253
f 1248//1248 1253//1253 1250//1250
f 1242//1242 1249//1249 1254//1254
f 1242//1242 1254//1254 1255//1255
f 1255//1255 1254//1254 1256//1256
f 1255//1255 1256//1256 1257//1257
f 1249//1249 1251//1251 1258//1258
f 1249//1249 1258//1258 1254//1254
f 1254//1254 1258//1258 1259//1259
f 1254//1254 1259//1259 1256//1256
f 1242//1242 1255//1255 1260//1260
f 1242//1242 1260//1260 1243//1243
f 1243//1243 1260//1260 1222//1222
f 1243//1243 1222//1222 1215//1215
f 1255//1255 1257//1257 1261//1261
f 1255//1255 1261//1261 1260//1260
f 1260//1260 1261//1261 1223//1223
f 1260//1260 1223//1223 1222//1222
f 1262//1262 1263//1263 1264//1264
f 1262//1262 1264//1264 1265//1265
f 1265//1265 1264//1264 1261//1261
f 1265//1265 1261//1261 1257//1257
f 1263//1263 1233//1233 1232//1232
f 1263//1263 1232//1232 1264//1264
f 1264//1264 1232//1232 1223//1223
f 1264//1264 1223//1223 1261//1261
f 1262//1262 1265//1265 1266//1266
f 1262//1262 1266//1266 1267//1267
f 1267//1267 1266//1266 1268//1268
f 1267//1267 1268//1268 1269//1269
f 1265//1265 1257//1257 1256//1256
f 1265//1265 1256//1256 1266//1266
f 1266//1266 1256//1256 1259//1259
f 1266//1266 1259//1259 1268//1268
f 1262//1262 1267//1267 1270//1270
f 1262//1262 1270//1270 1271//1271
f 1271//1271 1270//1270 1272//1272
f 1271//1271 1272//1272 1273//1273
f 1267//1267 1269//1269 1274//1274
f 1267//1267 1274//1274 1270//1270
f 1270//1270 1274//1274 1275//1275
f 1270//1270 1275//1275 1272//1272
f 1262//1262 1271//1271 1276//1276
f 1262//1262 1276//1276 1263//1263
f 1263//1263 1276//1276 1238//1238
f 1263//1263 1238//1238 1233//1233
f 1271//1271 1273//1273 1277//1277
f 1271//1271 1277//1277 1276//1276
f 1276//1276 1277//1277 1239//1239
f 1276//1276 1239//1239 1238//1238
f 1278//1278 1279//1279 1280//1280
f 1278//1278 1280//1280 1281//1281
f 1281//1281 1280//1280 1282//1282
f 1281//1281 1282//1282 1283//1283
f 1279//1279 1251//1251 1250//1250
f 1279//1279 1250//1250 1280//1280
f 1280//1280 1250//1250 1253//1253
f 1280//1280 1253//1253 1282//1282
f 1278//1278 1281//1281 1284//1284
f 1278//1278 1284//1284 1285//1285
f 1285//1285 1284//1284 1286//1286
f 1285//1285 1286//1286 1287//1287
f 1281//1281 1283//1283 1288//1288
f 1281//1281 1288//1288 1284//1284
f 1284//1284 1288//1288 1289//1289
f 1284//1284 1289//1289 1286//1286
f 1278//1278 1285//1285 1290//1290
f 1278//1278 1290//1290 1291//1291
f 1291//1291 1290//1290 1292//1292
f 1291//1291 1292//1292 1293//1293
f 1285//1285 1287//1287 1294//1294
f 1285//1285 1294//1294 1290//1290
f 1290//1290 1294//1294 1295//1295
f 1290//1290 1295//1295 1292//1292
f 1278//1278 1291//1291 1296//1296
f 1278//1278 1296//1296 1279//1279
f 1279//1279 1296//1296 1258//1258
f 1279//1279 1258//1258 1251//1251
f 1291//1291 1293//1293 1297//1297
f 1291//1291 1297//1297 1296//1296
f 1296//1296 1297//1297 1259//1259
f 1296//1296 1259//1259 1258//1258
f 1298//1298 1299//1299 1300//1300
f 1298//1298 1300//1300 1301//1301
f 1301//1301 1300//1300 1297//1297
f 1301//1301 1297//1297 1293//1293
f 1299//1299 1269//1269 1268//1268
f 1299//1299 1268//1268 1300//1300
f 1300//1300 1268//1268 1259//1259
f 1300//1300 1259//1259 1297//1297
f 1298//1298 1301//1301 1302//1302
f 1298//1298 1302//1302 1303//1303
f 1303//1303 1302//1302 1304//1304
f 1303//1303 1304//1304 1305//1305
f 1301//1301 1293//1293 1292//1292
f 1301//1301 1292//1292 1302//1302
f 1302//1302 1292//1292 1295//1295
f 1302//1302 1295//1295 1304//1304
f 1298//1298 1303//1303 1306//1306
f 1298//1298 1306//1306 1307//1307
f 1307//1307 1306//1306 1308//1308
f 1307//1307 1308//1308 1309//1309
f 1303//1303 1305//1305 1310//1310
f 1303//1303 1310//1310 1306//1306
f 1306//1306 1310//1310 1311//1311
f 1306//1306 1311//1311 1308//1308
f 1298//1298 1307//1307 1312//1312
f 1298//1298 1312//1312 1299//1299
f 1299//1299 1312//1312 1274//1274
f 1299//1299 1274//1274 1269//1269
f 1307//1307 1309//1309 1313//1313
f 1307//1307 1313//1313 1312//1312
f 1312//1312 1313//1313 1275//1275
f 1312//1312 1275//1275 1274//1274
f 1314//1314 1315//1315 1316//1316
f 1314//1314 1316//1316 1317//1317
f 1317//1317 1316//1316 1318//1318
f 1317//1317 1318//1318 1319//1319
f 1315//1315 1287//1287 1286//1286
f 1315//1315 1286//1286 1316//1316
f 1316//1316 1286//1286 1289//1289
f 1316//1316 1289//1289 1318//1318
f 1314//1314 1317//1317 1320//1320
f 1314//1314 1320//1320 1321//1321
f 1321//1321 1320//1320 1322//1322
f 1321//1321 1322//1322 1323//1323
f 1317//1317 1319//1319 1324//1324
f 1317//1317 1324//1324 1320//1320
f 1320//1320 1324//1324 1325//1325
f 1320//1320 1325//1325 1322//1322
f 1314//1314 1321//1321 1326//1326
f 1314//1314 1326//1326 1327//1327
f 1327//1327 1326//1326 1328//1328
f 1327//1327 1328//1328 1329//1329
f 1321//1321 1323//1323 1330//1330
f 1321//1321 1330//1330 1326//1326
f 1326//1326 1330//1330 1331//1331
f 1326//1326 1331//1331 1328//1328
f 1314//1314 1327//1327 1332//1332
f 1314//1314 1332//1332 1315//1315
f 1315//1315 1332//1332 1294//1294
f 1315//1315 1294//1294 1287//1287
f 1327//1327 1329//1329 1333//1333
f 1327//1327 1333//1333 1332//1332
f 1332//1332 1333//1333 1295//1295
f 1332//1332 1295//1295 1294//1294
f 1334//1334 1335//1335 1336//1336
f 1334//1334 1336//1336 1337//1337
f 1337//1337 1336//1336 1333//1333
f 1337//1337 1333//1333 1329//1329
f 1335//1335 1305//1305 1304//1304
f 1335//1335 1304//1304 1336//1336
f 1336//1336 1304//1304 1295//1295
f 1336//1336 1295//1295 1333//1333
f 1334//1334 1337//1337 1338//1338
f 1334//1334 1338//1338 1339//1339
f 1339//1339 1338//1338 1340//1340
f 1339//1339 1340//1340 1341//1341
f 1337//1337 1329//1329 1328//1328
f 1337//1337 1328//1328 1338//1338
f 1338//1338 1328//1328 1331//1331
f 1338//1338 1331//1331 1340//1340
f 1334//1334 1339//1339 1342//1342
f 1334//1334 1342//1342 1343//1343
f 1343//1343 1342//1342 1344//1344
f 1343//1343 1344//1344 1345//1345
f 1339//1339 1341//1341 1346//1346
f 1339//1339 1346//1346 1342//1342
f 1342//1342 1346//1346 1347//1347
f 1342//1342 1347//1347 1344//1344
f 1334//1334 1343//1343 1348//1348
f 1334//1334 1348//1348 1335//1335
f 1335//1335 1348//1348 1310//1310
f 1335//1335 1310//1310 1305//1305
f 1343//1343 1345//1345 1349//1349
f 1343//1343 1349//1349 1348//1348
f 1348//1348 1349//1349 1311//1311
f 1348//1348 1311//1311 1310//1310
f 1350//1350 1351//1351 1352//1352
f 1350//1350 1352//1352 1353//1353
f 1353//1353 1352//1352 1354//1354
f 1353//1353 1354//1354 1355//1355
f 1351//1351 1323//1323 1322//1322
f 1351//1351 1322//1322 1352//1352
f 1352//1352 1322//1322 1325//1325
f 1352//1352 1325//1325 1354//1354
f 1350//1350 1353//1353 1356//1356
f 1350//1350 1356//1356 1357//1357
f 1357//1357 1356//1356 1358//1358
f 1357//1357 1358//1358 1359//1359
f 1353//1353 1355//1355 1360//1360
f 1353//1353 1360//1360 1356//1356
f 1356//1356 1360//1360 1361//1361
f 1356//1356 1361//1361 1358//1358
f 1350//1350 1357//1357 1362//1362
f 1350//1350 1362//1362 1363//1363
f 1363//1363 1362//1362 1364//1364
f 1363//1363 1364//1364 1365//1365
f 1357//1357 1359//1359 1366//1366
f 1357//1357 1366//1366 1362//1362
f 1362//1362 1366//1366 1367//1367
f 1362//1362 1367//1367 1364//1364
f 1350//1350 1363//1363 1368//1368
f 1350//1350 1368//1368 1351//1351
f 1351//1351 1368//1368 1330//1330
f 1351//1351 1330//1330 1323//1323
f 1363//1363 1365//1365 1369//1369
f 1363//1363 1369//1369 1368//1368
f 1368//1368 1369//1369 1331//1331
f 1368//1368 1331//1331 1330//1330
f 1370//1370 1371//1371 1372//1372
f 1370//1370 1372//1372 1373//1373
f 1373//1373 1372//1372 1369//1369
f 1373//1373 1369//1369 1365//1365
f 1371//1371 1341//1341 1340//1340
f 1371//1371 1340//1340 1372//1372
f 1372//1372 1340//1340 1331//1331
f 1372//1372 1331//1331 1369//1369
f 1370//1370 1373//1373 1374//1374
f 1370//1370 1374//1374 1375//1375
f 1375//1375 1374//1374 1376//1376
f 1375//1375 1376//1376 1377//1377
f 1373//1373 1365//1365 1364//1364
f 1373//1373 1364//1364 1374//1374
f 1374//1374 1364//1364 1367//1367
f 1374//1374 1367//1367 1376//1376
f 1370//1370 1375//1375 1378//1378
f 1370//1370 1378//1378 1379//1379
f 1379//1379 1378//1378 1380//1380
f 1379//1379 1380//1380 1381//1381
f 1375//1375 1377//1377 1382//1382
f 1375//1375 1382//1382 1378//1378
f 1378//1378 1382//1382 1383//1383
f 1378//1378 1383//1383 1380//1380
f 1370//1370 1379//1379 1384//1384
f 1370//1370 1384//1384 1371//1371
f 1371//1371 1384//1384 1346//1346
f 1371//1371 1346//1346 1341//1341
f 1379//1379 1381//1381 1385//1385
f 1379//1379 1385//1385 1384//1384
f 1384//1384 1385//1385 1347//1347
f 1384//1384 1347//1347 1346//1346
f 1386//1386 1387//1387 1388//1388
f 1386//1386 1388//1388 1389//1389
f 1389//1389 1388//1388 1390//1390
f 1389//1389 1390//1390 1391//1391
f 1387//1387 1359//1359 1358//1358
f 1387//1387 1358//1358 1388//1388
f 1388//1388 1358//1358 1361//1361
f 1388//1388 1361//1361 1390//1390
f 1386//1386 1389//1389 1392//1392
f 1386//1386 1392//1392 1393//1393
f 1393//1393 1392//1392 1394//1394
f 1393//1393 1394//1394 1395//1395
f 1389//1389 1391//1391 1396//1396
f 1389//1389 1396//1396 1392//1392
f 1392//1392 1396//1396 1397//1397
f 1392//1392 1397//1397 1394//1394
f 1386//1386 1393//1393 1398//1398
f 1386//1386 1398//1398 1399//1399
f 1399//1399 1398//1398 1400//1400
f 1399//1399 1400//1400 1401//1401
f 1393//1393 1395//1395 1402//1402
f 1393//1393 1402//1402 1398//1398
f 1398//1398 1402//1402 1403//1403
f 1398//1398 1403//1403 1400//1400
f 1386//1386 1399//1399 1404//1404
f 1386//1386 1404//1404 1387//1387
f 1387//1387 1404//1404 1366//1366
f 1387//1387 1366//1366 1359//1359
f 1399//1399 1401//1401 1405//1405
f 1399//1399 1405//1405 1404//1404
f 1404//1404 1405//1405 1367//1367
f 1404//1404 1367//1367 1366//1366
f 1406//1406 1407//1407 1408//1408
f 1406//1406 1408//1408 1409//1409
f 1409//1409 1408//1408 1405//1405
f 1409//1409 1405//1405 1401//1401
f 1407//1407 1377//1377 1376//1376
f 1407//1407 1376//1376 1408//1408
f 1408//1408 1376//1376 1367//1367
f 1408//1408 1367//1367 1405//1405
f 1406//1406 1409//1409 1410//1410
f 1406//1406 1410//1410 1411//1411
f 1411//1411 1410//1410 1412//1412
f 1411//1411 1412//1412 1413//1413
f 1409//1409 1401//1401 1400//1400
f 1409//1409 1400//1400 1410//1410
f 1410//1410 1400//1400 1403//1403
f 1410//1410 1403//1403 1412//1412
f 1406//1406 1411//1411 1414//1414
f 1406//1406 1414//1414 1415//1415
f 1415//1415 1414//1414 1416//1416
f 1415//1415 1416//1416 1417//1417
f 1411//1411 1413//1413 1418//1418
f 1411//1411 1418//1418 1414//1414
f 1414//1414 1418//1418 1419//1419
f 1414//1414 1419//1419 1416//1416
f 1406//1406 1415//1415 1420//1420
f 1406//1406 1420//1420 1407//1407
f 1407//1407 1420//1420 1382//1382
f 1407//1407 1382//1382 1377//1377
f 1415//1415 1417//1417 1421//1421
f 1415//1415 1421//1421 1420//1420
f 1420//1420 1421//1421 1383//1383
f 1420//1420 1383//1383 1382//1382
f 1422//1422 1423//1423 1424//1424
f 1422//1422 1424//1424 1425//1425
f 1425//1425 1424//1424 1426//1426
f 1425//1425 1426//1426 1427//1427
f 1423//1423 1395//1395 1394//1394
f 1423//1423 1394//1394 1424//1424
f 1424//1424 1394//1394 1397//1397
f 1424//1424 1397//1397 1426//1426
f 1422//1422 1425//1425 1428//1428
f 1422//1422 1428//1428 1429//1429
f 1429//1429 1428//1428 1430//1430
f 1429//1429 1430//1430 1431//1431
f 1425//1425 1427//1427 1432//1432
f 1425//1425 1432//1432 1428//1428
f 1428//1428 1432//1432 1433//1433
f 1428//1428 1433//1433 1430//1430
f 1422//1422 1429//1429 1434//1434
f 1422//1422 1434//1434 1435//1435
f 1435//1435 1434//1434 1436//1436
f 1435//1435 1436//1436 1437//1437
f 1429//1429 1431//1431 1438//1438
f 1429//1429 1438//1438 1434//1434
f 1434//1434 1438//1438 1439//1439
f 1434//1434 1439//1439 1436//1436
f 1422//1422 1435//1435 1440//1440
f 1422//1422 1440//1440 1423//1423
f 1423//1423 1440//1440 1402//1402
f 1423//1423 1402//1402 1395//1395
f 1435//1435 1437//1437 1441//1441
f 1435//1435 1441//1441 1440//1440
f 1440//1440 1441//1441 1403//1403
f 1440//1440 1403//1403 1402//1402
f 1442//1442 1443//1443 1444//1444
f 1442//1442 1444//1444 1445//1445
f 1445//1445 1444//1444 1441//1441
f 1445//1445 1441//1441 1437//1437
f 1443//1443 1413//1413 1412//1412
f 1443//1443 1412//1412 1444//1444
f 1444//1444 1412//1412 1403//1403
f 1444//1444 1403//1403 1441//1441
f 1442//1442 1445//1445 1446//1446
f 1442//1442 1446//1446 1447//1447
f 1447//1447 1446//1446 1448//1448
f 1447//1447 1448//1448 1449//1449
f 1445//1445 1437//1437 1436//1436
f 1445//1445 1436//1436 1446//1446
f 1446//1446 1436//1436 1439//1439
f 1446//1446 1439//1439 1448//1448
f 1442//1442 1447//1447 1450//1450
f 1442//1442 1450//1450 1451//1451
f 1451//1451 1450//1450 1452//1452
f 1451//1451 1452//1452 1453//1453
f 1447//1447 1449//1449 1454//1454
f 1447//1447 1454//1454 1450//1450
f 1450//1450 1454//1454 1455//1455
f 1450//1450 1455//1455 1452//1452
f 1442//1442 1451//1451 1456//1456
f 1442//1442 1456//1456 1443//1443
f 1443//1443 1456//1456 1418//1418
f 1443//1443 1418//1418 1413//1413
f 1451//1451 1453//1453 1457//1457
f 1451//1451 1457//1457 1456//1456
f 1456//1456 1457//1457 1419//1419
f 1456//1456 1419//1419 1418//1418
f 1458//1458 1459//1459 1460//1460
f 1458//1458 1460//1460 1461//1461
f 1461//1461 1460//1460 1462//1462
f 1461//1461 1462//1462 1463//1463
f 1459//1459 1431//1431 1430//1430
f 1459//1459 1430//1430 1460//1460
f 1460//1460 1430//1430 1433//1433
f 1460//1460 1433//1433 1462//1462
f 1458//1458 1461//1461 1464//1464
f 1458//1458 1464//1464 1465//1465
f 1465//1465 1464//1464 1466//1466
f 1465//1465 1466//1466 1467//1467
f 1461//1461 1463//1463 1468//1468
f 1461//1461 1468//1468 1464//1464
f 1464//1464 1468//1468 1469//1469
f 1464//1464 1469//1469 1466//1466
f 1458//1458 1465//1465 1470//1470
f 1458//1458 1470//1470 1471//1471
f 1471//1471 1470//1470 1472//1472
f 1471//1471 1472//1472 1473//1473
f 1465//1465 1467//1467 1474//1474
f 1465//1465 1474//1474 1470//1470
f 1470//1470 1474//1474 1475//1475
f 1470//1470 1475//1475 1472//1472
f 1458//1458 1471//1471 1476//1476
f 1458//1458 1476//1476 1459//1459
f 1459//1459 1476//1476 1438//1438
f 1459//1459 1438//1438 1431//1431
f 1471//1471 1473//1473 1477//1477
f 1471//1471 1477//1477 1476//1476
f 1476//1476 1477//1477 1439//1439
f 1476//1476 1439//1439 1438//1438
f 1478//1478 1479//1479 1480//1480
f 1478//1478 1480//1480 1481//1481
f 1481//1481 1480//1480 1477//1477
f 1481//1481 1477//1477 1473//1473
f 1479//1479 1449//1449 1448//1448
f 1479//1479 1448//1448 1480//1480
f 1480//1480 1448//1448 1439//1439
f 1480//1480 1439//1439 1477//1477
f 1478//1478 1481//1481 1482//1482
f 1478//1478 1482//1482 1483//1483
f 1483//1483 1482//1482 1484//1484
f 1483//1483 1484//1484 1485//1485
f 1481//1481 1473//1473 1472//1472
f 1481//1481 1472//1472 1482//1482
f 1482//1482 1472//1472 1475//1475
f 1482//1482 1475//1475 1484//1484
f 1478//1478 1483//1483 1486//1486
f 1478//1478 1486//1486 1487//1487
f 1487//1487 1486//1486 1488//1488
f 1487//1487 1488//1488 1489//1489
f 1483//1483 1485//1485 1490//1490
f 1483//1483 1490//1490 1486//1486
f 1486//1486 1490//1490 1491//1491
f 1486//1486 1491//1491 1488//1488
f 1478//1478 1487//1487 1492//1492
f 1478//1478 1492//1492 1479//1479
f 1479//1479 1492//1492 1454//1454
f 1479//1479 1454//1454 1449//1449
f 1487//1487 1489//1489 1493//1493
f 1487//1487 1493//1493 1492//1492
f 1492//1492 1493//1493 1455//1455
f 1492//1492 1455//1455 1454//1454
f 1494//1494 1495//1495 1496//1496
f 1494//1494 1496//1496 1497//1497
f 1497//1497 1496//1496 1498//1498
f 1497//1497 1498//1498 1499//1499
f 1495//1495 1467//1467 1466//1466
f 1495//1495 1466//1466 1496//1496
f 1496//1496 1466//1466 1469//1469
f 1496//1496 1469//1469 1498//1498
f 1494//1494 1497//1497 1500//1500
f 1494//1494 1500//1500 1501//1501
f 1501//1501 1500//1500 1502//1502
f 1501//1501 1502//1502 1503//1503
f 1497//1497 1499//1499 1504//1504
f 1497//1497 1504//1504 1500//1500
f 1500//1500 1504//1504 1505//1505
f 1500//1500 1505//1505 1502//1502
f 1494//1494 1501//1501 1506//1506
f 1494//1494 1506//1506 1507//1507
f 1507//1507 1506//1506 1508//1508
f 1507//1507 1508//1508 1509//1509
f 1501//1501 1503//1503 1510//1510
f 1501//1501 1510//1510 1506//1506
f 1506//1506 1510//1510 1511//1511
f 1506//1506 1511//1511 1508//1508
f 1494//1494 1507//1507 1512//1512
f 1494//1494 1512//1512 1495//1495
f 1495//1495 1512//1512 1474//1474
f 1495//1495 1474//1474 1467//1467
f 1507//1507 1509//1509 1513//1513
f 1507//1507 1513//1513 1512//1512
f 1512//1512 1513//1513 1475//1475
f 1512//1512 1475//1475 1474//1474
f 1514//1514 1515//1515 1516//1516
f 1514//1514 1516//1516 1517//1517
f 1517//1517 1516//1516 1513//1513
f 1517//1517 1513//1513 1509//1509
f 1515//1515 1485//1485 1484//1484
f 1515//1515 1484//1484 1516//1516
f 1516//1516 1484//1484 1475//1475
f 1516//1516 1475//1475 1513//1513
f 1514//1514 1517//1517 1518//1518
f 1514//1514 1518//1518 1519//1519
f 1519//1519 1518//1518 1520//1520
f 1519//1519 1520//1520 1521//1521
f 1517//1517 1509//1509 1508//1508
f 1517//1517 1508//1508 1518//1518
f 1518//1518 1508//1508 1511//1511
f 1518//1518 1511//1511 1520//1520
f 1514//1514 1519//1519 1522//1522
f 1514//1514 1522//1522 1523//1523
f 1523//1523 1522//1522 1524//1524
f 1523//1523 1524//1524 1525//1525
f 1519//1519 1521//1521 1526//1526
f 1519//1519 1526//1526 1522//1522
f 1522//1522 1526//1526 1527//1527
f 1522//1522 1527//1527 1524//1524
f 1514//1514 1523//1523 1528//1528
f 1514//1514 1528//1528 1515//1515
f 1515//1515 1528//1528 1490//1490
f 1515//1515 1490//1490 1485//1485
f 1523//1523 1525//1525 1529//1529
f 1523//1523 1529//1529 1528//1528
f 1528//1528 1529//1529 1491//1491
f 1528//1528 1491//1491 1490//1490
f 1530//1530 1531//1531 1532//1532
f 1530//1530 1532//1532 1533//1533
f 1533//1533 1532//1532 1534//1534
f 1533//1533 1534//1534 1535//1535
f 1531//1531 1503//1503 1502//1502
f 1531//1531 1502//1502 1532//1532
f 1532//1532 1502//1502 1505//1505
f 1532//1532 1505//1505 1534//1534
f 1530//1530 1533//1533 1536//1536
f 1530//1530 1536//1536 1537//1537
f 1537//1537 1536//1536 1538//1538
f 1537//1537 1538//1538 1539//1539
f 1533//1533 1535//1535 1540//1540
f 1533//1533 1540//1540 1536//1536
f 1536//1536 1540//1540 1541//1541
f 1536//1536 1541//1541 1538//1538
f 1530//1530 1537//1537 1542//1542
f 1530//1530 1542//1542 1543//1543
f 1543//1543 1542//1542 1544//1544
f 1543//1543 1544//1544 1545//1545
f 1537//1537 1539//1539 1546//1546
f 1537//1537 1546//1546 1542//1542
f 1542//1542 1546//1546 1547//1547
f 1542//1542 1547//1547 1544//1544
f 1530//1530 1543//1543 1548//1548
f 1530//1530 1548//1548 1531//1531
f 1531//1531 1548//1548 1510//1510
f 1531//1531 1510//1510 1503//1503
f 1543//1543 1545//1545 1549//1549
f 1543//1543 1549//1549 1548//1548
f 1548//1548 1549//1549 1511//1511
f 1548//1548 1511//1511 1510//1510
f 1550//1550 1551//1551 1552//1552
f 1550//1550 1552//1552 1553//1553
f 1553//1553 1552//1552 1549//1549
f 1553//1553 1549//1549 1545//1545
f 1551//1551 1521//1521 1520//1520
f 1551//1551 1520//1520 1552//1552
f 1552//1552 1520//1520 1511//1511
f 1552//1552 1511//1511 1549//1549
f 1550//1550 1553//1553 1554//1554
f 1550//1550 1554//1554 1555//1555
f 1555//1555 1554//1554 1556//1556
f 1555//1555 1556//1556 1557//1557
f 1553//1553 1545//1545 1544//1544
f 1553//1553 1544//1544 1554//1554
f 1554//1554 1544//1544 1547//1547
f 1554//1554 1547//1547 1556//1556
f 1550//1550 1555//1555 1558//1558
f 1550//1550 1558//1558 1559//1559
f 1559//1559 1558//1558 1560//1560
f 1559//1559 1560//1560 1561//1561
f 1555//1555 1557//1557 1562//1562
f 1555//1555 1562//1562 1558//1558
f 1558//1558 1562//1562 1563//1563
f 1558//1558 1563//1563 1560//1560
f 1550//1550 1559//1559 1564//1564
f 1550//1550 1564//1564 1551//1551
f 1551//1551 1564//1564 1526//1526
f 1551//1551 1526//1526 1521//1521
f 1559//1559 1561//1561 1565//1565
f 1559//1559 1565//1565 1564//1564
f 1564//1564 1565//1565 1527//1527
f 1564//1564 1527//1527 1526//1526
f 1566//1566 1567//1567 1568//1568
f 1566//1566 1568//1568 1569//1569
f 1569//1569 1568//1568 1570//1570
f 1569//1569 1570//1570 1571//1571
f 1567//1567 1539//1539 1538//1538
f 1567//1567 1538//1538 1568//1568
f 1568//1568 1538//1538 1541//1541
f 1568//1568 1541//1541 1570//1570
f 1566//1566 1569//1569 1572//1572
f 1566//1566 1572//1572 1573//1573
f 1573//1573 1572//1572 1574//1574
f 1573//1573 1574//1574 1575//1575
f 1569//1569 1571//1571 1576//1576
f 1569//1569 1576//1576 1572//1572
f 1572//1572 1576//1576 1577//1577
f 1572//1572 1577//1577 1574//1574
f 1566//1566 1573//1573 1578//1578
f 1566//1566 1578//1578 1579//1579
f 1579//1579 1578//1578 1580//1580
f 1579//1579 1580//1580 1581//1581
f 1573//1573 1575//1575 1582//1582
f 1573//1573 1582//1582 1578//1578
f 1578//1578 1582//1582 1583//1583
f 1578//1578 1583//1583 1580//1580
f 1566//1566 1579//1579 1584//1584
f 1566//1566 1584//1584 1567//1567
f 1567//1567 1584//1584 1546//1546
f 1567//1567 1546//1546 1539//1539
f 1579//1579 1581//1581 1585//1585
f 1579//1579 1585//1585 1584//1584
f 1584//1584 1585//1585 1547//1547
f 1584//1584 1547//1547 1546//1546
f 1586//1586 1587//1587 1588//1588
f 1586//1586 1588//1588 1589//1589
f 1589//1589 1588//1588 1585//1585
f 1589//1589 1585//1585 1581//1581
f 1587//1587 1557//1557 1556//1556
f 1587//1587 1556//1556 1588//1588
f 1588//1588 1556//1556 1547//1547
f 1588//1588 1547//1547 1585//1585
f 1586//1586 1589//1589 1590//1590
f 1586//1586 1590//1590 1591//1591
f 1591//1591 1590//1590 1592//1592
f 1591//1591 1592//1592 1593//1593
f 1589//1589 1581//1581 1580//1580
f 1589//1589 1580//1580 1590//1590
f 1590//1590 1580//1580 1583//1583
f 1590//1590 1583//1583 1592//1592
f 1586//1586 1591//1591 1594//1594
f 1586//1586 1594//1594 1595//1595
f 1595//1595 1594//1594 1596//1596
f 1595//1595 1596//1596 1597//1597
f 1591//1591 1593//1593 1598//1598
f 1591//1591 1598//1598 1594//1594
f 1594//1594 1598//1598 1599//1599
f 1594//1594 1599//1599 1596//1596
f 1586//1586 1595//1595 1600//1600
f 1586//1586 1600//1600 1587//1587
f 1587//1587 1600//1600 1562//1562
f 1587//1587 1562//1562 1557//1557
f 1595//1595 1597//1597 1601//1601
f 1595//1595 1601//1601 1600//1600
f 1600//1600 1601//1601 1563//1563
f 1600//1600 1563//1563 1562//1562
f 1602//1602 1603//1603 1604//1604
f 1602//1602 1604//1604 1605//1605
f 1605//1605 1604//1604 1606//1606
f 1605//1605 1606//1606 1607//1607
f 1603//1603 1575//1575 1574//1574
f 1603//1603 1574//1574 1604//1604
f 1604//1604 1574//1574 1577//1577
f 1604//1604 1577//1577 1606//1606
f 1602//1602 1605//1605 1608//1608
f 1602//1602 1608//1608 1609//1609
f 1609//1609 1608//1608 1610//1610
f 1609//1609 1610//1610 1611//1611
f 1605//1605 1607//1607 1612//1612
f 1605//1605 1612//1612 1608//1608
f 1608//1608 1612//1612 1613//1613
f 1608//1608 1613//1613 1610//1610
f 1602//1602 1609//1609 1614//1614
f 1602//1602 1614//1614 1615//1615
f 1615//1615 1614//1614 1616//1616
f 1615//1615 1616//1616 1617//1617
f 1609//1609 1611//1611 1618//1618
f 1609//1609 1618//1618 1614//1614
f 1614//1614 1618//1618 1619//1619
f 1614//1614 1619//1619 1616//1616
f 1602//1602 1615//1615 1620//1620
f 1602//1602 1620//1620 1603//1603
f 1603//1603 1620//1620 1582//1582
f 1603//1603 1582//1582 1575//1575
f 1615//1615 1617//1617 1621//1621
f 1615//1615 1621//1621 1620//1620
f 1620//1620 1621//1621 1583//1583
f 1620//1620 1583//1583 1582//1582
f 1622//1622 1623//1623 1624//1624
f 1622//1622 1624//1624 1625//1625
f 1625//1625 1624//1624 1621//1621
f 1625//1625 1621//1621 1617//1617
f 1623//1623 1593//1593 1592//1592
f 1623//1623 1592//1592 1624//1624
f 1624//1624 1592//1592 1583//1583
f 1624//1624 1583//1583 1621//1621
f 1622//1622 1625//1625 1626//1626
f 1622//1622 1626//1626 1627//1627
f 1627//1627 1626//1626 1628//1628
f 1627//1627 1628//1628 1629//1629
f 1625//1625 1617//1617 1616//1616
f 1625//1625 1616//1616 1626//1626
f 1626//1626 1616//1616 1619//1619
f 1626//1626 1619//1619 1628//1628
f 1622//1622 1627//1627 1630//1630
f 1622//1622 1630//1630 1631//1631
f 1631//1631 1630//1630 1632//1632
f 1631//1631 1632//1632 1633//1633
f 1627//1627 1629//1629 1634//1634
f 1627//1627 1634//1634 1630//1630
f 1630//1630 1634//1634 1635//1635
f 1630//1630 1635//1635 1632//1632
f 1622//1622 1631//1631 1636//1636
f 1622//1622 1636//1636 1623//1623
f 1623//1623 1636//1636 1598//1598
f 1623//1623 1598//1598 1593//1593
f 1631//1631 1633//1633 1637//1637
f 1631//1631 1637//1637 1636//1636
f 1636//1636 1637//1637 1599//1599
f 1636//1636 1599//1599 1598//1598
f 1638//1638 1639//1639 1640//1640
f 1638//1638 1640//1640 1641//1641
f 1641//1641 1640//1640 1642//1642
f 1641//1641 1642//1642 1643//1643
f 1639//1639 1611//1611 1610//1610
f 1639//1639 1610//1610 1640//1640
f 1640//1640 1610//1610 1613//1613
f 1640//1640 1613//1613 1642//1642
f 1638//1638 1641//1641 1644//1644
f 1638//1638 1644//1644 1645//1645
f 1645//1645 1644//1644 1096//1096
f 1645//1645 1096//1096 1095//1095
f 1641//1641 1643//1643 1646//1646
f 1641//1641 1646//1646 1644//1644
f 1644//1644 1646//1646 1097//1097
f 1644//1644 1097//1097 1096//1096
f 1638//1638 1645//1645 1647//1647
f 1638//1638 1647//1647 1648//1648
f 1648//1648 1647//1647 1649//1649
f 1648//1648 1649//1649 1650//1650
f 1645//1645 1095//1095 1111//1111
f 1645//1645 1111//1111 1647//1647
f 1647//1647 1111//1111 1113//1113
f 1647//1647 1113//1113 1649//1649
f 1638//1638 1648//1648 1651//1651
f 1638//1638 1651//1651 1639//1639
f 1639//1639 1651//1651 1618//1618
f 1639//1639 1618//1618 1611//1611
f 1648//1648 1650//1650 1652//1652
f 1648//1648 1652//1652 1651//1651
f 1651//1651 1652//1652 1619//1619
f 1651//1651 1619//1619 1618//1618
f 1653//1653 1654//1654 1655//1655
f 1653//1653 1655//1655 1656//1656
f 1656//1656 1655//1655 1652//1652
f 1656//1656 1652//1652 1650//1650
f 1654//1654 1629//1629 1628//1628
f 1654//1654 1628//1628 1655//1655
f 1655//1655 1628//1628 1619//1619
f 1655//1655 1619//1619 1652//1652
f 1653//1653 1656//1656 1657//1657
f 1653//1653 1657//1657 1658//1658
f 1658//1658 1657//1657 1119//1119
f 1658//1658 1119//1119 1118//1118
f 1656//1656 1650//1650 1649//1649
f 1656//1656 1649//1649 1657//1657
f 1657//1657 1649//1649 1113//1113
f 1657//1657 1113//1113 1119//1119
f 1653//1653 1658//1658 1659//1659
f 1653//1653 1659//1659 1660//1660
f 1660//1660 1659//1659 1661//1661
f 1660//1660 1661//1661 1662//1662
f 1658//1658 1118//1118 1131//1131
f 1658//1658 1131//1131 1659//1659
f 1659//1659 1131//1131 1133//1133
f 1659//1659 1133//1133 1661//1661
f 1653//1653 1660//1660 1663//1663
f 1653//1653 1663//1663 1654//1654
f 1654//1654 1663//1663 1634//1634
f 1654//1654 1634//1634 1629//1629
f 1660//1660 1662//1662 1664//1664
f 1660//1660 1664//1664 1663//1663
f 1663//1663 1664//1664 1635//1635
f 1663//1663 1635//1635 1634//1634
f 1665//1665 1666//1666 1667//1667
f 1665//1665 1667//1667 1668//1668
f 1668//1668 1667//1667 1669//1669
f 1668//1668 1669//1669 1670//1670
f 1666//1666 1671//1671 1672//1672
f 1666//1666 1672//1672 1667//1667
f 1667//1667 1672//1672 1673//1673
f 1667//1667 1673//1673 1669//1669
f 1665//1665 1668//1668 1674//1674
f 1665//1665 1674//1674 1675//1675
f 1675//1675 1674//1674 1676//1676
f 1675//1675 1676//1676 1677//1677
f 1668//1668 1670//1670 1678//1678
f 1668//1668 1678//1678 1674//1674
f 1674//1674 1678//1678 1679//1679
f 1674//1674 1679//1679 1676//1676
f 1665//1665 1675//1675 1680//1680
f 1665//1665 1680//1680 1681//1681
f 1681//1681 1680//1680 1682//1682
f 1681//1681 1682//1682 1683//1683
f 1675//1675 1677//1677 1684//1684
f 1675//1675 1684//1684 1680//1680
f 1680//1680 1684//1684 1685//1685
f 1680//1680 1685//1685 1682//1682
f 1665//1665 1681//1681 1686//1686
f 1665//1665 1686//1686 1666//1666
f 1666//1666 1686//1686 1687//1687
f 1666//1666 1687//1687 1671//1671
f 1681//1681 1683//1683 1688//1688
f 1681//1681 1688//1688 1686//1686
f 1686//1686 1688//1688 1689//1689
f 1686//1686 1689//1689 1687//1687
f 1690//1690 1691//1691 1692//1692
f 1690//1690 1692//1692 1693//1693
f 1693//1693 1692//1692 1688//1688
f 1693//1693 1688//1688 1683//1683
f 1691//1691 1694//1694 1695//1695
f 1691//1691 1695//1695 1692//1692
f 1692//1692 1695//1695 1689//1689
f 1692//1692 1689//1689 1688//1688
f 1690//1690 1693//1693 1696//1696
f 1690//1690 1696//1696 1697//1697
f 1697//1697 1696//1696 1698//1698
f 1697//1697 1698//1698 1699//1699
f 1693//1693 1683//1683 1682//1682
f 1693//1693 1682//1682 1696//1696
f 1696//1696 1682//1682 1685//1685
f 1696//1696 1685//1685 1698//1698
f 1690//1690 1697//1697 1700//1700
f 1690//1690 1700//1700 1701//1701
f 1701//1701 1700//1700 1702//1702
f 1701//1701 1702//1702 1703//1703
f 1697//1697 1699//1699 1704//1704
f 1697//1697 1704//1704 1700//1700
f 1700//1700 1704//1704 1705//1705
f 1700//1700 1705//1705 1702//1702
f 1690//1690 1701//1701 1706//1706
f 1690//1690 1706//1706 1691//1691
f 1691//1691 1706//1706 1707//1707
f 1691//1691 1707//1707 1694//1694
f 1701//1701 1703//1703 1708//1708
f 1701//1701 1708//1708 1706//1706
f 1706//1706 1708//1708 1709//1709
f 1706//1706 1709//1709 1707//1707
f 1710//1710 1711//1711 1712//1712
f 1710//1710 1712//1712 1713//1713
f 1713//1713 1712//1712 1708//1708
f 1713//1713 1708//1708 1703//1703
f 1711//1711 1714//1714 1715//1715
f 1711//1711 1715//1715 1712//1712
f 1712//1712 1715//1715 1709//1709
f 1712//1712 1709//1709 1708//1708
f 1710//1710 1713//1713 1716//1716
f 1710//1710 1716//1716 1717//1717
f 1717//1717 1716//1716 1718//1718
f 1717//1717 1718//1718 1719//1719
f 1713//1713 1703//1703 1702//1702
f 1713//1713 1702//1702 1716//1716
f 1716//1716 1702//1702 1705//1705
f 1716//1716 1705//1705 1718//1718
f 1710//1710 1717//1717 1720//1720
f 1710//1710 1720//1720 1721//1721
f 1721//1721 1720//1720 1722//1722
f 1721//1721 1722//1722 1723//1723
f 1717//1717 1719//1719 1724//1724
f 1717//1717 1724//1724 1720//1720
f 1720//1720 1724//1724 1725//1725
f 1720//1720 1725//1725 1722//1722
f 1710//1710 1721//1721 1726//1726
f 1710//1710 1726//1726 1711//1711
f 1711//1711 1726//1726 1727//1727
f 1711//1711 1727//1727 1714//1714
f 1721//1721 1723//1723 1728//1728
f 1721//1721 1728//1728 1726//1726
f 1726//1726 1728//1728 1729//1729
f 1726//1726 1729//1729 1727//1727
f 1730//1730 1731//1731 1732//1732
f 1730//1730 1732//1732 1733//1733
f 1733//1733 1732//1732 1728//1728
f 1733//1733 1728//1728 1723//1723
f 1731//1731 1734//1734 1735//1735
f 1731//1731 1735//1735 1732//1732
f 1732//1732 1735//1735 1729//1729
f 1732//1732 1729//1729 1728//1728
f 1730//1730 1733//1733 1736//1736
f 1730//1730 1736//1736 1737//1737
f 1737//1737 1736//1736 1738//1738
f 1737//1737 1738//1738 1739//1739
f 1733//1733 1723//1723 1722//1722
f 1733//1733 1722//1722 1736//1736
f 1736//1736 1722//1722 1725//1725
f 1736//1736 1725//1725 1738//1738
f 1730//1730 1737//1737 1740//1740
f 1730//1730 1740//1740 1741//1741
f 1741//1741 1740//1740 1742//1742
f 1741//1741 1742//1742 1743//1743
f 1737//1737 1739//1739 1744//1744
f 1737//1737 1744//1744 1740//1740
f 1740//1740 1744//1744 1745//1745
f 1740//1740 1745//1745 1742//1742
f 1730//1730 1741//1741 1746//1746
f 1730//1730 1746//1746 1731//1731
f 1731//1731 1746//1746 1747//1747
f 1731//1731 1747//1747 1734//1734
f 1741//1741 1743//1743 1748//1748
f 1741//1741 1748//1748 1746//1746
f 1746//1746 1748//1748 1749//1749
f 1746//1746 1749//1749 1747//1747
f 1750//1750 1751//1751 1752//1752
f 1750//1750 1752//1752 1753//1753
f 1753//1753 1752//1752 1748//1748
f 1753//1753 1748//1748 1743//1743
f 1751//1751 1754//1754 1755//1755
f 1751//1751 1755//1755 1752//1752
f 1752//1752 1755//1755 1749//1749
f 1752//1752 1749//1749 1748//1748
f 1750//1750 1753//1753 1756//1756
f 1750//1750 1756//1756 1757//1757
f 1757//1757 1756//1756 1758//1758
f 1757//1757 1758//1758 1759//1759
f 1753//1753 1743//1743 1742//1742
f 1753//1753 1742//1742 1756//1756
f 1756//1756 1742//1742 1745//1745
f 1756//1756 1745//1745 1758//1758
f 1750//1750 1757//1757 1760//1760
f 1750//1750 1760//1760 1761//1761
f 1761//1761 1760//1760 1762//1762
f 1761//1761 1762//1762 1763//1763
f 1757//1757 1759//1759 1764//1764
f 1757//1757 1764//1764 1760//1760
f 1760//1760 1764//1764 1765//1765
f 1760//1760 1765//1765 1762//1762
f 1750//1750 1761//1761 1766//1766
f 1750//1750 1766//1766 1751//1751
f 1751//1751 1766//1766 1767//1767
f 1751//1751 1767//1767 1754//1754
f 1761//1761 1763//1763 1768//1768
f 1761//1761 1768//1768 1766//1766
f 1766//1766 1768//1768 1769//1769
f 1766//1766 1769//1769 1767//1767
f 1770//1770 1771//1771 1772//1772
f 1770//1770 1772//1772 1773//1773
f 1773//1773 1772//1772 1768//1768
f 1773//1773 1768//1768 1763//1763
f 1771//1771 1774//1774 1775//1775
f 1771//1771 1775//1775 1772//1772
f 1772//1772 1775//1775 1769//1769
f 1772//1772 1769//1769 1768//1768
f 1770//1770 1773//1773 1776//1776
f 1770//1770 1776//1776 1777//1777
f 1777//1777 1776//1776 1778//1778
f 1777//1777 1778//1778 1779//1779
f 1773//1773 1763//1763 1762//1762
f 1773//1773 1762//1762 1776//1776
f 1776//1776 1762//1762 1765//1765
f 1776//1776 1765//1765 1778//1778
f 1770//1770 1777//1777 1780//1780
f 1770//1770 1780//1780 1781//1781
f 1781//1781 1780//1780 1782//1782
f 1781//1781 1782//1782 1783//1783
f 1777//1777 1779//1779 1784//1784
f 1777//1777 1784//1784 1780//1780
f 1780//1780 1784//1784 1785//1785
f 1780//1780 1785//1785 1782//1782
f 1770//1770 1781//1781 1786//1786
f 1770//1770 1786//1786 1771//1771
f 1771//1771 1786//1786 1787//1787
f 1771//1771 1787//1787 1774//1774
f 1781//1781 1783//1783 1788//1788
f 1781//1781 1788//1788 1786//1786
f 1786//1786 1788//1788 1789//1789
f 1786//1786 1789//1789 1787//1787
f 1790//1790 1791//1791 1792//1792
f 1790//1790 1792//1792 1793//1793
f 1793//1793 1792//1792 1788//1788
f 1793//1793 1788//1788 1783//1783
f 1791//1791 1794//1794 1795//1795
f 1791//1791 1795//1795 1792//1792
f 1792//1792 1795//1795 1789//1789
f 1792//1792 1789//1789 1788//1788
f 1790//1790 1793//1793 1796//1796
f 1790//1790 1796//1796 1797//1797
f 1797//1797 1796//1796 1798//1798
f 1797//1797 1798//1798 1799//1799
f 1793//1793 1783//1783 1782//1782
f 1793//1793 1782//1782 1796//1796
f 1796//1796 1782//1782 1785//1785
f 1796//1796 1785//1785 1798//1798
f 1790//1790 1797//1797 1800//1800
f 1790//1790 1800//1800 1801//1801
f 1801//1801 1800//1800 1802//1802
f 1801//1801 1802//1802 1803//1803
f 1797//1797 1799//1799 1804//1804
f 1797//1797 1804//1804 1800//1800
f 1800//1800 1804//1804 1805//1805
f 1800//1800 1805//1805 1802//1802
f 1790//1790 1801//1801 1806//1806
f 1790//1790 1806//1806 1791//1791
f 1791//1791 1806//1806 1807//1807
f 1791//1791 1807//1807 1794//1794
f 1801//1801 1803//1803 1808//1808
f 1801//1801 1808//1808 1806//1806
f 1806//1806 1808//1808 1809//1809
f 1806//1806 1809//1809 1807//1807
f 1810//1810 1811//1811 1812//1812
f 1810//1810 1812//1812 1813//1813
f 1813//1813 1812//1812 1808//1808
f 1813//1813 1808//1808 1803//1803
f 1811//1811 1814//1814 1815//1815
f 1811//1811 1815//1815 1812//1812
f 1812//1812 1815//1815 1809//1809
f 1812//1812 1809//1809 1808//1808
f 1810//1810 1813//1813 1816//1816
f 1810//1810 1816//1816 1817//1817
f 1817//1817 1816//1816 1818//1818
f 1817//1817 1818//1818 1819//1819
f 1813//1813 1803//1803 1802//1802
f 1813//1813 1802//1802 1816//1816
f 1816//1816 1802//1802 1805//1805
f 1816//1816 1805//1805 1818//1818
f 1810//1810 1817//1817 1820//1820
f 1810//1810 1820//1820 1821//1821
f 1821//1821 1820//1820 1822//1822
f 1821//1821 1822//1822 1823//1823
f 1817//1817 1819//1819 1824//1824
f 1817//1817 1824//1824 1820//1820
f 1820//1820 1824//1824 1825//1825
f 1820//1820 1825//1825 1822//1822
f 1810//1810 1821//1821 1826//1826
f 1810//1810 1826//1826 1811//1811
f 1811//1811 1826//1826 1827//1827
f 1811//1811 1827//1827 1814//1814
f 1821//1821 1823//1823 1828//1828
f 1821//1821 1828//1828 1826//1826
f 1826//1826 1828//1828 1829//1829
f 1826//1826 1829//1829 1827//1827
f 1830//1830 1831//1831 1832//1832
f 1830//1830 1832//1832 1833//1833
f 1833//1833 1832//1832 1828//1828
f 1833//1833 1828//1828 1823//1823
f 1831//1831 1834//1834 1835//1835
f 1831//1831 1835//1835 1832//1832
f 1832//1832 1835//1835 1829//1829
f 1832//1832 1829//1829 1828//1828
f 1830//1830 1833//1833 1836//1836
f 1830//1830 1836//1836 1837//1837
f 1837//1837 1836//1836 1838//1838
f 1837//1837 1838//1838 1839//1839
f 1833//1833 1823//1823 1822//1822
f 1833//1833 1822//1822 1836//1836
f 1836//1836 1822//1822 1825//1825
f 1836//1836 1825//1825 1838//1838
f 1830//1830 1837//1837 1840//1840
f 1830//1830 1840//1840 1841//1841
f 1841//1841 1840//1840 1842//1842
f 1841//1841 1842//1842 1843//1843
f 1837//1837 1839//1839 1844//1844
f 1837//1837 1844//1844 1840//1840
f 1840//1840 1844//1844 1845//1845
f 1840//1840 1845//1845 1842//1842
f 1830//1830 1841//1841 1846//1846
f 1830//1830 1846//1846 1831//1831
f 1831//1831 1846//1846 1847//1847
f 1831//1831 1847//1847 1834//1834
f 1841//1841 1843//1843 1848//1848
f 1841//1841 1848//1848 1846//1846
f 1846//1846 1848//1848 1849//1849
f 1846//1846 1849//1849 1847//1847
f 1850//1850 1851//1851 1852//1852
f 1850//1850 1852//1852 1853//1853
f 1853//1853 1852//1852 1848//1848
f 1853//1853 1848//1848 1843//1843
f 1851//1851 1854//1854 1855//1855
f 1851//1851 1855//1855 1852//1852
f 1852//1852 1855//1855 1849//1849
f 1852//1852 1849//1849 1848//1848
f 1850//1850 1853//1853 1856//1856
f 1850//1850 1856//1856 1857//1857
f 1857//1857 1856//1856 1858//1858
f 1857//1857 1858//1858 1859//1859
f 1853//1853 1843//1843 1842//1842
f 1853//1853 1842//1842 1856//1856
f 1856//1856 1842//1842 1845//1845
f 1856//1856 1845//1845 1858//1858
f 1850//1850 1857//1857 1860//1860
f 1850//1850 1860//1860 1861//1861
f 1861//1861 1860//1860 1862//1862
f 1861//1861 1862//1862 1863//1863
f 1857//1857 1859//1859 1864//1864
f 1857//1857 1864//1864 1860//1860
f 1860//1860 1864//1864 1865//1865
f 1860//1860 1865//1865 1862//1862
f 1850//1850 1861//1861 1866//1866
f 1850//1850 1866//1866 1851//1851
f 1851//1851 1866//1866 1867//1867
f 1851//1851 1867//1867 1854//1854
f 1861//1861 1863//1863 1868//1868
f 1861//1861 1868//1868 1866//1866
f 1866//1866 1868//1868 1869//1869
f 1866//1866 1869//1869 1867//1867
f 1870//1870 1871//1871 1872//1872
f 1870//1870 1872//1872 1873//1873
f 1873//1873 1872//1872 1868//1868
f 1873//1873 1868//1868 1863//1863
f 1871//1871 1874//1874 1875//1875
f 1871//1871 1875//1875 1872//1872
f 1872//1872 1875//1875 1869//1869
f 1872//1872 1869//1869 1868//1868
f 1870//1870 1873//1873 1876//1876
f 1870//1870 1876//1876 1877//1877
f 1877//1877 1876//1876 1878//1878
f 1877//1877 1878//1878 1879//1879
f 1873//1873 1863//1863 1862//1862
f 1873//1873 1862//1862 1876//1876
f 1876//1876 1862//1862 1865//1865
f 1876//1876 1865//1865 1878//1878
f 1870//1870 1877//1877 1880//1880
f 1870//1870 1880//1880 1881//1881
f 1881//1881 1880//1880 1882//1882
f 1881//1881 1882//1882 1883//1883
f 1877//1877 1879//1879 1884//1884
f 1877//1877 1884//1884 1880//1880
f 1880//1880 1884//1884 1885//1885
f 1880//1880 1885//1885 1882//1882
f 1870//1870 1881//1881 1886//1886
f 1870//1870 1886//1886 1871//1871
f 1871//1871 1886//1886 1887//1887
f 1871//1871 1887//1887 1874//1874
f 1881//1881 1883//1883 1888//1888
f 1881//1881 1888//1888 1886//1886
f 1886//1886 1888//1888 1889//1889
f 1886//1886 1889//1889 1887//1887
f 1890//1890 1891//1891 1892//1892
f 1890//1890 1892//1892 1893//1893
f 1893//1893 1892//1892 1888//1888
f 1893//1893 1888//1888 1883//1883
f 1891//1891 1894//1894 1895//1895
f 1891//1891 1895//1895 1892//1892
f 1892//1892 1895//1895 1889//1889
f 1892//1892 1889//1889 1888//1888
f 1890//1890 1893//1893 1896//1896
f 1890//1890 1896//1896 1897//1897
f 1897//1897 1896//1896 1898//1898
f 1897//1897 1898//1898 1899//1899
f 1893//1893 1883//1883 1882//1882
f 1893//1893 1882//1882 1896//1896
f 1896//1896 1882//1882 1885//1885
f 1896//1896 1885//1885 1898//1898
f 1890//1890 1897//1897 1900//1900
f 1890//1890 1900//1900 1901//1901
f 1901//1901 1900//1900 1902//1902
f 1901//1901 1902//1902 1903//1903
f 1897//1897 1899//1899 1904//1904
f 1897//1897 1904//1904 1900//1900
f 1900//1900 1904//1904 1905//1905
f 1900//1900 1905//1905 1902//1902
f 1890//1890 1901//1901 1906//1906
f 1890//1890 1906//1906 1891//1891
f 1891//1891 1906//1906 1907//1907
f 1891//1891 1907//1907 1894//1894
f 1901//1901 1903//1903 1908//1908
f 1901//1901 1908//1908 1906//1906
f 1906//1906 1908//1908 1909//1909
f 1906//1906 1909//1909 1907//1907
f 1910//1910 1911//1911 1912//1912
f 1910//1910 1912//1912 1913//1913
f 1913//1913 1912//1912 1908//1908
f 1913//1913 1908//1908 1903//1903
f 1911//1911 1914//1914 1915//1915
f 1911//1911 1915//1915 1912//1912
f 1912//1912 1915//1915 1909//1909
f 1912//1912 1909//1909 1908//1908
f 1910//1910 1913//1913 1916//1916
f 1910//1910 1916//1916 1917//1917
f 1917//1917 1916//1916 1918//1918
f 1917//1917 1918//1918 1919//1919
f 1913//1913 1903//1903 1902//1902
f 1913//1913 1902//1902 1916//1916
f 1916//1916 1902//1902 1905//1905
f 1916//1916 1905//1905 1918//1918
f 1910//1910 1917//1917 1920//1920
f 1910//1910 1920//1920 1921//1921
f 1921//1921 1920//1920 1922//1922
f 1921//1921 1922//1922 1923//1923
f 1917//1917 1919//1919 1924//1924
f 1917//1917 1924//1924 1920//1920
f 1920//1920 1924//1924 1925//1925
f 1920//1920 1925//1925 1922//1922
f 1910//1910 1921//1921 1926//1926
f 1910//1910 1926//1926 1911//1911
f 1911//1911 1926//1926 1927//1927
f 1911//1911 1927//1927 1914//1914
f 1921//1921 1923//1923 1928//1928
f 1921//1921 1928//1928 1926//1926
f 1926//1926 1928//1928 1929//1929
f 1926//1926 1929//1929 1927//1927
f 1930//1930 1931//1931 1932//1932
f 1930//1930 1932//1932 1933//1933
f 1933//1933 1932//1932 1928//1928
f 1933//1933 1928//1928 1923//1923
f 1931//1931 1934//1934 1935//1935
f 1931//1931 1935//1935 1932//1932
f 1932//1932 1935//1935 1929//1929
f 1932//1932 1929//1929 1928//1928
f 1930//1930 1933//1933 1936//1936
f 1930//1930 1936//1936 1937//1937
f 1937//1937 1936//1936 1938//1938
f 1937//1937 1938//1938 1939//1939
f 1933//1933 1923//1923 1922//1922
f 1933//1933 1922//1922 1936//1936
f 1936//1936 1922//1922 1925//1925
f 1936//1936 1925//1925 1938//1938
f 1930//1930 1937//1937 1940//1940
f 1930//1930 1940//1940 1941//1941
f 1941//1941 1940//1940 1942//1942
f 1941//1941 1942//1942 1943//1943
f 1937//1937 1939//1939 1944//1944
f 1937//1937 1944//1944 1940//1940
f 1940//1940 1944//1944 1945//1945
f 1940//1940 1945//1945 1942//1942
f 1930//1930 1941//1941 1946//1946
f 1930//1930 1946//1946 1931//1931
f 1931//1931 1946//1946 1947//1947
f 1931//1931 1947//1947 1934//1934
f 1941//1941 1943//1943 1948//1948
f 1941//1941 1948//1948 1946//1946
f 1946//1946 1948//1948 1949//1949
f 1946//1946 1949//1949 1947//1947
f 1950//1950 1951//1951 1952//1952
f 1950//1950 1952//1952 1953//1953
f 1953//1953 1952//1952 1948//1948
f 1953//1953 1948//1948 1943//1943
f 1951//1951 1954//1954 1955//1955
f 1951//1951 1955//1955 1952//1952
f 1952//1952 1955//1955 1949//1949
f 1952//1952 1949//1949 1948//1948
f 1950//1950 1953//1953 1956//1956
f 1950//1950 1956//1956 1957//1957
f 1957//1957 1956//1956 1958//1958
f 1957//1957 1958//1958 1959//1959
f 1953//1953 1943//1943 1942//1942
f 1953//1953 1942//1942 1956//1956
f 1956//1956 1942//1942 1945//1945
f 1956//1956 1945//1945 1958//1958
f 1950//1950 1957//1957 1960//1960
f 1950//1950 1960//1960 1961//1961
f 1961//1961 1960//1960 1962//1962
f 1961//1961 1962//1962 1963//1963
f 1957//1957 1959//1959 1964//1964
f 1957//1957 1964//1964 1960//1960
f 1960//1960 1964//1964 1965//1965
f 1960//1960 1965//1965 1962//1962
f 1950//1950 1961//1961 1966//1966
f 1950//1950 1966//1966 1951//1951
f 1951//1951 1966//1966 1967//1967
f 1951//1951 1967//1967 1954//1954
f 1961//1961 1963//1963 1968//1968
f 1961//1961 1968//1968 1966//1966
f 1966//1966 1968//1968 1969//1969
f 1966//1966 1969//1969 1967//1967
f 1970//1970 1971//1971 1972//1972
f 1970//1970 1972//1972 1973//1973
f 1973//1973 1972//1972 1974//1974
f 1973//1973 1974//1974 1975//1975
f 1971//1971 1670//1670 1669//1669
f 1971//1971 1669//1669 1972//1972
f 1972//1972 1669//1669 1673//1673
f 1972//1972 1673//1673 1974//1974
f 1970//1970 1973//1973 1976//1976
f 1970//1970 1976//1976 1977//1977
f 1977//1977 1976//1976 1968//1968
f 1977//1977 1968//1968 1963//1963
f 1973//1973 1975//1975 1978//1978
f 1973//1973 1978//1978 1976//1976
f 1976//1976 1978//1978 1969//1969
f 1976//1976 1969//1969 1968//1968
f 1970//1970 1977//1977 1979//1979
f 1970//1970 1979//1979 1980//1980
f 1980//1980 1979//1979 1981//1981
f 1980//1980 1981//1981 1982//1982
f 1977//1977 1963//1963 1962//1962
f 1977//1977 1962//1962 1979//1979
f 1979//1979 1962//1962 1965//1965
f 1979//1979 1965//1965 1981//1981
f 1970//1970 1980//1980 1983//1983
f 1970//1970 1983//1983 1971//1971
f 1971//1971 1983//1983 1678//1678
f 1971//1971 1678//1678 1670//1670
f 1980//1980 1982//1982 1984//1984
f 1980//1980 1984//1984 1983//1983
f 1983//1983 1984//1984 1679//1679
f 1983//1983 1679//1679 1678//1678
f 1985//1985 1986//1986 1987//1987
f 1985//1985 1987//1987 1988//1988
f 1988//1988 1987//1987 1672//1672
f 1988//1988 1672//1672 1671//1671
f 1986//1986 1989//1989 1990//1990
f 1986//1986 1990//1990 1987//1987
f 1987//1987 1990//1990 1673//1673
f 1987//1987 1673//1673 1672//1672
f 1985//1985 1988//1988 1991//1991
f 1985//1985 1991//1991 1992//1992
f 1992//1992 1991//1991 1993//1993
f 1992//1992 1993//1993 1994//1994
f 1988//1988 1671//1671 1687//1687
f 1988//1988 1687//1687 1991//1991
f 1991//1991 1687//1687 1689//1689
f 1991//1991 1689//1689 1993//1993
f 1985//1985 1992//1992 1995//1995
f 1985//1985 1995//1995 1996//1996
f 1996//1996 1995//1995 1997//1997
f 1996//1996 1997//1997 1998//1998
f 1992//1992 1994//1994 1999//1999
f 1992//1992 1999//1999 1995//1995
f 1995//1995 1999//1999 2000//2000
f 1995//1995 2000//2000 1997//1997
f 1985//1985 1996//1996 2001//2001
f 1985//1985 2001//2001 1986//1986
f 1986//1986 2001//2001 2002//2002
f 1986//1986 2002//2002 1989//1989
f 1996//1996 1998//1998 2003//2003
f 1996//1996 2003//2003 2001//2001
f 2001//2001 2003//2003 2004//2004
f 2001//2001 2004//2004 2002//2002
f 2005//2005 2006//2006 2007//2007
f 2005//2005 2007//2007 2008//2008
f 2008//2008 2007//2007 2003//2003
f 2008//2008 2003//2003 1998//1998
f 2006//2006 2009//2009 2010//2010
f 2006//2006 2010//2010 2007//2007
f 2007//2007 2010//2010 2004//2004
f 2007//2007 2004//2004 2003//2003
f 2005//2005 2008//2008 2011//2011
f 2005//2005 2011//2011 2012//2012
f 2012//2012 2011//2011 2013//2013
f 2012//2012 2013//2013 2014//2014
f 2008//2008 1998//1998 1997//1997
f 2008//2008 1997//1997 2011//2011
f 2011//2011 1997//1997 2000//2000
f 2011//2011 2000//2000 2013//2013
f 2005//2005 2012//2012 2015//2015
f 2005//2005 2015//2015 2016//2016
f 2016//2016 2015//2015 2017//2017
f 2016//2016 2017//2017 2018//2018
f 2012//2012 2014//2014 2019//2019
f 2012//2012 2019//2019 2015//2015
f 2015//2015 2019//2019 2020//2020
f 2015//2015 2020//2020 2017//2017
f 2005//2005 2016//2016 2021//2021
f 2005//2005 2021//2021 2006//2006
f 2006//2006 2021//2021 2022//2022
f 2006//2006 2022//2022 2009//2009
f 2016//2016 2018//2018 2023//2023
f 2016//2016 2023//2023 2021//2021
f 2021//2021 2023//2023 2024//2024
f 2021//2021 2024//2024 2022//2022
f 2025//2025 2026//2026 2027//2027
f 2025//2025 2027//2027 2028//2028
f 2028//2028 2027//2027 1695//1695
f 2028//2028 1695//1695 1694//1694
f 2026//2026 1994//1994 1993//1993
f 2026//2026 1993//1993 2027//2027
f 2027//2027 1993//1993 1689//1689
f 2027//2027 1689//1689 1695//1695
f 2025//2025 2028//2028 2029//2029
f 2025//2025 2029//2029 2030//2030
f 2030//2030 2029//2029 2031//2031
f 2030//2030 2031//2031 2032//2032
f 2028//2028 1694//1694 1707//1707
f 2028//2028 1707//1707 2029//2029
f 2029//2029 1707//1707 1709//1709
f 2029//2029 1709//1709 2031//2031
f 2025//2025 2030//2030 2033//2033
f 2025//2025 2033//2033 2034//2034
f 2034//2034 2033//2033 2035//2035
f 2034//2034 2035//2035 2036//2036
f 2030//2030 2032//2032 2037//2037
f 2030//2030 2037//2037 2033//2033
f 2033//2033 2037//2037 2038//2038
f 2033//2033 2038//2038 2035//2035
f 2025//2025 2034//2034 2039//2039
f 2025//2025 2039//2039 2026//2026
f 2026//2026 2039//2039 1999//1999
f 2026//2026 1999//1999 1994//1994
f 2034//2034 2036//2036 2040//2040
f 2034//2034 2040//2040 2039//2039
f 2039//2039 2040//2040 2000//2000
f 2039//2039 2000//2000 1999//1999
f 2041//2041 2042//2042 2043//2043
f 2041//2041 2043//2043 2044//2044
f 2044//2044 2043//2043 2040//2040
f 2044//2044 2040//2040 2036//2036
f 2042//2042 2014//2014 2013//2013
f 2042//2042 2013//2013 2043//2043
f 2043//2043 2013//2013 2000//2000
f 2043//2043 2000//2000 2040//2040
f 2041//2041 2044//2044 2045//2045
f 2041//2041 2045//2045 2046//2046
f 2046//2046 2045//2045 2047//2047
f 2046//2046 2047//2047 2048//2048
f 2044//2044 2036//2036 2035//2035
f 2044//2044 2035//2035 2045//2045
f 2045//2045 2035//2035 2038//2038
f 2045//2045 2038//2038 2047//2047
f 2041//2041 2046//2046 2049//2049
f 2041//2041 2049//2049 2050//2050
f 2050//2050 2049//2049 2051//2051
f 2050//2050 2051//2051 2052//2052
f 2046//2046 2048//2048 2053//2053
f 2046//2046 2053//2053 2049//2049
f 2049//2049 2053//2053 2054//2054
f 2049//2049 2054//2054 2051//2051
f 2041//2041 2050//2050 2055//2055
f 2041//2041 2055//2055 2042//2042
f 2042//2042 2055//2055 2019//2019
f 2042//2042 2019//2019 2014//2014
f 2050//2050 2052//2052 2056//2056
f 2050//2050 2056//2056 2055//2055
f 2055//2055 2056//2056 2020//2020
f 2055//2055 2020//2020 2019//2019
f 2057//2057 2058//2058 2059//2059
f 2057//2057 2059//2059 2060//2060
f 2060//2060 2059//2059 1715//1715
f 2060//2060 1715//1715 1714//1714
f 2058//2058 2032//2032 2031//2031
f 2058//2058 2031//2031 2059//2059
f 2059//2059 2031//2031 1709//1709
f 2059//2059 1709//1709 1715//1715
f 2057//2057 2060//2060 2061//2061
f 2057//2057 2061//2061 2062//2062
f 2062//2062 2061//2061 2063//2063
f 2062//2062 2063//2063 2064//2064
f 2060//2060 1714//1714 1727//1727
f 2060//2060 1727//1727 2061//2061
f 2061//2061 1727//1727 1729//1729
f 2061//2061 1729//1729 2063//2063
f 2057//2057 2062//2062 2065//2065
f 2057//2057 2065//2065 2066//2066
f 2066//2066 2065//2065 2067//2067
f 2066//2066 2067//2067 2068//2068
f 2062//2062 2064//2064 2069//2069
f 2062//2062 2069//2069 2065//2065
f 2065//2065 2069//2069 2070//2070
f 2065//2065 2070//2070 2067//2067
f 2057//2057 2066//2066 2071//2071
f 2057//2057 2071//2071 2058//2058
f 2058//2058 2071//2071 2037//2037
f 2058//2058 2037//2037 2032//2032
f 2066//2066 2068//2068 2072//2072
f 2066//2066 2072//2072 2071//2071
f 2071//2071 2072//2072 2038//2038
f 2071//2071 2038//2038 2037//2037
f 2073//2073 2074//2074 2075//2075
f 2073//2073 2075//2075 2076//2076
f 2076//2076 2075//2075 2072//2072
f 2076//2076 2072//2072 2068//2068
f 2074//2074 2048//2048 2047//2047
f 2074//2074 2047//2047 2075//2075
f 2075//2075 2047//2047 2038//2038
f 2075//2075 2038//2038 2072//2072
f 2073//2073 2076//2076 2077//2077
f 2073//2073 2077//2077 2078//2078
f 2078//2078 2077//2077 2079//2079
f 2078//2078 2079//2079 2080//2080
f 2076//2076 2068//2068 2067//2067
f 2076//2076 2067//2067 2077//2077
f 2077//2077 2067//2067 2070//2070
f 2077//2077 2070//2070 2079//2079
f 2073//2073 2078//2078 2081//2081
f 2073//2073 2081//2081 2082//2082
f 2082//2082 2081//2081 2083//2083
f 2082//2082 2083//2083 2084//2084
f 2078//2078 2080//2080 2085//2085
f 2078//2078 2085//2085 2081//2081
f 2081//2081 2085//2085 2086//2086
f 2081//2081 2086//2086 2083//2083
f 2073//2073 2082//2082 2087//2087
f 2073//2073 2087//2087 2074//2074
f 2074//2074 2087//2087 2053//2053
f 2074//2074 2053//2053 2048//2048
f 2082//2082 2084//2084 2088//2088
f 2082//2082 2088//2088 2087//2087
f 2087//2087 2088//2088 2054//2054
f 2087//2087 2054//2054 2053//2053
f 2089//2089 2090//2090 2091//2091
f 2089//2089 2091//2091 2092//2092
f 2092//2092 2091//2091 1735//1735
f 2092//2092 1735//1735 1734//1734
f 2090//2090 2064//2064 2063//2063
f 2090//2090 2063//2063 2091//2091
f 2091//2091 2063//2063 1729//1729
f 2091//2091 1729//1729 1735//1735
f 2089//2089 2092//2092 2093//2093
f 2089//2089 2093//2093 2094//2094
f 2094//2094 2093//2093 2095//2095
f 2094//2094 2095//2095 2096//2096
f 2092//2092 1734//1734 1747//1747
f 2092//2092 1747//1747 2093//2093
f 2093//2093 1747//1747 1749//1749
f 2093//2093 1749//1749 2095//2095
f 2089//2089 2094//2094 2097//2097
f 2089//2089 2097//2097 2098//2098
f 2098//2098 2097//2097 2099//2099
f 2098//2098 2099//2099 2100//2100
f 2094//2094 2096//2096 2101//2101
f 2094//2094 2101//2101 2097//2097
f 2097//2097 2101//2101 2102//2102
f 2097//2097 2102//2102 2099//2099
f 2089//2089 2098//2098 2103//2103
f 2089//2089 2103//2103 2090//2090
f 2090//2090 2103//2103 2069//2069
f 2090//2090 2069//2069 2064//2064
f 2098//2098 2100//2100 2104//2104
f 2098//2098 2104//2104 2103//2103
f 2103//2103 2104//2104 2070//2070
f 2103//2103 2070//2070 2069//2069
f 2105//2105 2106//2106 2107//2107
f 2105//2105 2107//2107 2108//2108
f 2108//2108 2107//2107 2104//2104
f 2108//2108 2104//2104 2100//2100
f 2106//2106 2080//2080 2079//2079
f 2106//2106 2079//2079 2107//2107
f 2107//2107 2079//2079 2070//2070
f 2107//2107 2070//2070 2104//2104
f 2105//2105 2108//2108 2109//2109
f 2105//2105 2109//2109 2110//2110
f 2110//2110 2109//2109 2111//2111
f 2110//2110 2111//2111 2112//2112
f 2108//2108 2100//2100 2099//2099
f 2108//2108 2099//2099 2109//2109
f 2109//2109 2099//2099 2102//2102
f 2109//2109 2102//2102 2111//2111
f 2105//2105 2110//2110 2113//2113
f 2105//2105 2113//2113 2114//2114
f 2114//2114 2113//2113 2115//2115
f 2114//2114 2115//2115 2116//2116
f 2110//2110 2112//2112 2117//2117
f 2110//2110 2117//2117 2113//2113
f 2113//2113 2117//2117 2118//2118
f 2113//2113 2118//2118 2115//2115
f 2105//2105 2114//2114 2119//2119
f 2105//2105 2119//2119 2106//2106
f 2106//2106 2119//2119 2085//2085
f 2106//2106 2085//2085 2080//2080
f 2114//2114 2116//2116 2120//2120
f 2114//2114 2120//2120 2119//2119
f 2119//2119 2120//2120 2086//2086
f 2119//2119 2086//2086 2085//2085
f 2121//2121 2122//2122 2123//2123
f 2121//2121 2123//2123 2124//2124
f 2124//2124 2123//2123 1755//1755
f 2124//2124 1755//1755 1754//1754
f 2122//2122 2096//2096 2095//2095
f 2122//2122 2095//2095 2123//2123
f 2123//2123 2095//2095 1749//1749
f 2123//2123 1749//1749 1755//1755
f 2121//2121 2124//2124 2125//2125
f 2121//2121 2125//2125 2126//2126
f 2126//2126 2125//2125 2127//2127
f 2126//2126 2127//2127 2128//2128
f 2124//2124 1754//1754 1767//1767
f 2124//2124 1767//1767 2125//2125
f 2125//2125 1767//1767 1769//1769
f 2125//2125 1769//1769 2127//2127
f 2121//2121 2126//2126 2129//2129
f 2121//2121 2129//2129 2130//2130
f 2130//2130 2129//2129 2131//2131
f 2130//2130 2131//2131 2132//2132
f 2126//2126 2128//2128 2133//2133
f 2126//2126 2133//2133 2129//2129
f 2129//2129 2133//2133 2134//2134
f 2129//2129 2134//2134 2131//2131
f 2121//2121 2130//2130 2135//2135
f 2121//2121 2135//2135 2122//2122
f 2122//2122 2135//2135 2101//2101
f 2122//2122 2101//2101 2096//2096
f 2130//2130 2132//2132 2136//2136
f 2130//2130 2136//2136 2135//2135
f 2135//2135 2136//2136 2102//2102
f 2135//2135 2102//2102 2101//2101
f 2137//2137 2138//2138 2139//2139
f 2137//2137 2139//2139 2140//2140
f 2140//2140 2139//2139 2136//2136
f 2140//2140 2136//2136 2132//2132
f 2138//2138 2112//2112 2111//2111
f 2138//2138 2111//2111 2139//2139
f 2139//2139 2111//2111 2102//2102
f 2139//2139 2102//2102 2136//2136
f 2137//2137 2140//2140 2141//2141
f 2137//2137 2141//2141 2142//2142
f 2142//2142 2141//2141 2143//2143
f 2142//2142 2143//2143 2144//2144
f 2140//2140 2132//2132 2131//2131
f 2140//2140 2131//2131 2141//2141
f 2141//2141 2131//2131 2134//2134
f 2141//2141 2134//2134 2143//2143
f 2137//2137 2142//2142 2145//2145
f 2137//2137 2145//2145 2146//2146
f 2146//2146 2145//2145 2147//2147
f 2146//2146 2147//2147 2148//2148
f 2142//2142 2144//2144 2149//2149
f 2142//2142 2149//2149 2145//2145
f 2145//2145 2149//2149 2150//2150
f 2145//2145 2150//2150 2147//2147
f 2137//2137 2146//2146 2151//2151
f 2137//2137 2151//2151 2138//2138
f 2138//2138 2151//2151 2117//2117
f 2138//2138 2117//2117 2112//2112
f 2146//2146 2148//2148 2152//2152
f 2146//2146 2152//2152 2151//2151
f 2151//2151 2152//2152 2118//2118
f 2151//2151 2118//2118 2117//2117
f 2153//2153 2154//2154 2155//2155
f 2153//2153 2155//2155 2156//2156
f 2156//2156 2155//2155 1775//1775
f 2156//2156 1775//1775 1774//1774
f 2154//2154 2128//2128 2127//2127
f 2154//2154 2127//2127 2155//2155
f 2155//2155 2127//2127 1769//1769
f 2155//2155 1769//1769 1775//1775
f 2153//2153 2156//2156 2157//2157
f 2153//2153 2157//2157 2158//2158
f 2158//2158 2157//2157 2159//2159
f 2158//2158 2159//2159 2160//2160
f 2156//2156 1774//1774 1787//1787
f 2156//2156 1787//1787 2157//2157
f 2157//2157 1787//1787 1789//1789
f 2157//2157 1789//1789 2159//2159
f 2153//2153 2158//2158 2161//2161
f 2153//2153 2161//2161 2162//2162
f 2162//2162 2161//2161 2163//2163
f 2162//2162 2163//2163 2164//2164
f 2158//2158 2160//2160 2165//2165
f 2158//2158 2165//2165 2161//2161
f 2161//2161 2165//2165 2166//2166
f 2161//2161 2166//2166 2163//2163
f 2153//2153 2162//2162 2167//2167
f 2153//2153 2167//2167 2154//2154
f 2154//2154 2167//2167 2133//2133
f 2154//2154 2133//2133 2128//2128
f 2162//2162 2164//2164 2168//2168
f 2162//2162 2168//2168 2167//2167
f 2167//2167 2168//2168 2134//2134
f 2167//2167 2134//2134 2133//2133
f 2169//2169 2170//2170 2171//2171
f 2169//2169 2171//2171 2172//2172
f 2172//2172 2171//2171 2168//2168
f 2172//2172 2168//2168 2164//2164
f 2170//2170 2144//2144 2143//2143
f 2170//2170 2143//2143 2171//2171
f 2171//2171 2143//2143 2134//2134
f 2171//2171 2134//2134 2168//2168
f 2169//2169 2172//2172 2173//2173
f 2169//2169 2173//2173 2174//2174
f 2174//2174 2173//2173 2175//2175
f 2174//2174 2175//2175 2176//2176
f 2172//2172 2164//2164 2163//2163
f 2172//2172 2163//2163 2173//2173
f 2173//2173 2163//2163 2166//2166
f 2173//2173 2166//2166 2175//2175
f 2169//2169 2174//2174 2177//2177
f 2169//2169 2177//2177 2178//2178
f 2178//2178 2177//2177 2179//2179
f 2178//2178 2179//2179 2180//2180
f 2174//2174 2176//2176 2181//2181
f 2174//2174 2181//2181 2177//2177
f 2177//2177 2181//2181 2182//2182
f 2177//2177 2182//2182 2179//2179
f 2169//2169 2178//2178 2183//2183
f 2169//2169 2183//2183 2170//2170
f 2170//2170 2183//2183 2149//2149
f 2170//2170 2149//2149 2144//2144
f 2178//2178 2180//2180 2184//2184
f 2178//2178 2184//2184 2183//2183
f 2183//2183 2184//2184 2150//2150
f 2183//2183 2150//2150 2149//2149
f 2185//2185 2186//2186 2187//2187
f 2185//2185 2187//2187 2188//2188
f 2188//2188 2187//2187 1795//1795
f 2188//2188 1795//1795 1794//1794
f 2186//2186 2160//2160 2159//2159
f 2186//2186 2159//2159 2187//2187
f 2187//2187 2159//2159 1789//1789
f 2187//2187 1789//1789 1795//1795
f 2185//2185 2188//2188 2189//2189
f 2185//2185 2189//2189 2190//2190
f 2190//2190 2189//2189 2191//2191
f 2190//2190 2191//2191 2192//2192
f 2188//2188 1794//1794 1807//1807
f 2188//2188 1807//1807 2189//2189
f 2189//2189 1807//1807 1809//1809
f 2189//2189 1809//1809 2191//2191
f 2185//2185 2190//2190 2193//2193
f 2185//2185 2193//2193 2194//2194
f 2194//2194 2193//2193 2195//2195
f 2194//2194 2195//2195 2196//2196
f 2190//2190 2192//2192 2197//2197
f 2190//2190 2197//2197 2193//2193
f 2193//2193 2197//2197 2198//2198
f 2193//2193 2198//2198 2195//2195
f 2185//2185 2194//2194 2199//2199
f 2185//2185 2199//2199 2186//2186
f 2186//2186 2199//2199 2165//2165
f 2186//2186 2165//2165 2160//2160
f 2194//2194 2196//2196 2200//2200
f 2194//2194 2200//2200 2199//2199
f 2199//2199 2200//2200 2166//2166
f 2199//2199 2166//2166 2165//2165
f 2201//2201 2202//2202 2203//2203
f 2201//2201 2203//2203 2204//2204
f 2204//2204 2203//2203 2200//2200
f 2204//2204 2200//2200 2196//2196
f 2202//2202 2176//2176 2175//2175
f 2202//2202 2175//2175 2203//2203
f 2203//2203 2175//2175 2166//2166
f 2203//2203 2166//2166 2200//2200
f 2201//2201 2204//2204 2205//2205
f 2201//2201 2205//2205 2206//2206
f 2206//2206 2205//2205 2207//2207
f 2206//2206 2207//2207 2208//2208
f 2204//2204 2196//2196 2195//2195
f 2204//2204 2195//2195 2205//2205
f 2205//2205 2195//2195 2198//2198
f 2205//2205 2198//2198 2207//2207
f 2201//2201 2206//2206 2209//2209
f 2201//2201 2209//2209 2210//2210
f 2210//2210 2209//2209 2211//2211
f 2210//2210 2211//2211 2212//2212
f 2206//2206 2208//2208 2213//2213
f 2206//2206 2213//2213 2209//2209
f 2209//2209 2213//2213 2214//2214
f 2209//2209 2214//2214 2211//2211
f 2201//2201 2210//2210 2215//2215
f 2201//2201 2215//2215 2202//2202
f 2202//2202 2215//2215 2181//2181
f 2202//2202 2181//2181 2176//2176
f 2210//2210 2212//2212 2216//2216
f 2210//2210 2216//2216 2215//2215
f 2215//2215 2216//2216 2182//2182
f 2215//2215 2182//2182 2181//2181
f 2217//2217 2218//2218 2219//2219
f 2217//2217 2219//2219 2220//2220
f 2220//2220 2219//2219 1815//1815
f 2220//2220 1815//1815 1814//1814
f 2218//2218 2192//2192 2191//2191
f 2218//2218 2191//2191 2219//2219
f 2219//2219 2191//2191 1809//1809
f 2219//2219 1809//1809 1815//1815
f 2217//2217 2220//2220 2221//2221
f 2217//2217 2221//2221 2222//2222
f 2222//2222 2221//2221 2223//2223
f 2222//2222 2223//2223 2224//2224
f 2220//2220 1814//1814 1827//1827
f 2220//2220 1827//1827 2221//2221
f 2221//2221 1827//1827 1829//1829
f 2221//2221 1829//1829 2223//2223
f 2217//2217 2222//2222 2225//2225
f 2217//2217 2225//2225 2226//2226
f 2226//2226 2225//2225 2227//2227
f 2226//2226 2227//2227 2228//2228
f 2222//2222 2224//2224 2229//2229
f 2222//2222 2229//2229 2225//2225
f 2225//2225 2229//2229 2230//2230
f 2225//2225 2230//2230 2227//2227
f 2217//2217 2226//2226 2231//2231
f 2217//2217 2231//2231 2218//2218
f 2218//2218 2231//2231 2197//2197
f 2218//2218 2197//2197 2192//2192
f 2226//2226 2228//2228 2232//2232
f 2226//2226 2232//2232 2231//2231
f 2231//2231 2232//2232 2198//2198
f 2231//2231 2198//2198 2197//2197
f 2233//2233 2234//2234 2235//2235
f 2233//2233 2235//2235 2236//2236
f 2236//2236 2235//2235 2232//2232
f 2236//2236 2232//2232 2228//2228
f 2234//2234 2208//2208 2207//2207
f 2234//2234 2207//2207 2235//2235
f 2235//2235 2207//2207 2198//2198
f 2235//2235 2198//2198 2232//2232
f 2233//2233 2236//2236 2237//2237
f 2233//2233 2237//2237 2238//2238
f 2238//2238 2237//2237 2239//2239
f 2238//2238 2239//2239 2240//2240
f 2236//2236 2228//2228 2227//2227
f 2236//2236 2227//2227 2237//2237
f 2237//2237 2227//2227 2230//2230
f 2237//2237 2230//2230 2239//2239
f 2233//2233 2238//2238 2241//2241
f 2233//2233 2241//2241 2242//2242
f 2242//2242 2241//2241 2243//2243
f 2242//2242 2243//2243 2244//2244
f 2238//2238 2240//2240 2245//2245
f 2238//2238 2245//2245 2241//2241
f 2241//2241 2245//2245 2246//2246
f 2241//2241 2246//2246 2243//2243
f 2233//2233 2242//2242 2247//2247
f 2233//2233 2247//2247 2234//2234
f 2234//2234 2247//2247 2213//2213
f 2234//2234 2213//2213 2208//2208
f 2242//2242 2244//2244 2248//2248
f 2242//2242 2248//2248 2247//2247
f 2247//2247 2248//2248 2214//2214
f 2247//2247 2214//2214 2213//2213
f 2249//2249 2250//2250 2251//2251
f 2249//2249 2251//2251 2252//2252
f 2252//2252 2251//2251 1835//1835
f 2252//2252 1835//1835 1834//1834
f 2250//2250 2224//2224 2223//2223
f 2250//2250 2223//2223 2251//2251
f 2251//2251 2223//2223 1829//1829
f 2251//2251 1829//1829 1835//1835
f 2249//2249 2252//2252 2253//2253
f 2249//2249 2253//2253 2254//2254
f 2254//2254 2253//2253 2255//2255
f 2254//2254 2255//2255 2256//2256
f 2252//2252 1834//1834 1847//1847
f 2252//2252 1847//1847 2253//2253
f 2253//2253 1847//1847 1849//1849
f 2253//2253 1849//1849 2255//2255
f 2249//2249 2254//2254 2257//2257
f 2249//2249 2257//2257 2258//2258
f 2258//2258 2257//2257 2259//2259
f 2258//2258 2259//2259 2260//2260
f 2254//2254 2256//2256 2261//2261
f 2254//2254 2261//2261 2257//2257
f 2257//2257 2261//2261 2262//2262
f 2257//2257 2262//2262 2259//2259
f 2249//2249 2258//2258 2263//2263
f 2249//2249 2263//2263 2250//2250
f 2250//2250 2263//2263 2229//2229
f 2250//2250 2229//2229 2224//2224
f 2258//2258 2260//2260 2264//2264
f 2258//2258 2264//2264 2263//2263
f 2263//2263 2264//2264 2230//2230
f 2263//2263 2230//2230 2229//2229
f 2265//2265 2266//2266 2267//2267
f 2265//2265 2267//2267 2268//2268
f 2268//2268 2267//2267 2264//2264
f 2268//2268 2264//2264 2260//2260
f 2266//2266 2240//2240 2239//2239
f 2266//2266 2239//2239 2267//2267
f 2267//2267 2239//2239 2230//2230
f 2267//2267 2230//2230 2264//2264
f 2265//2265 2268//2268 2269//2269
f 2265//2265 2269//2269 2270//2270
f 2270//2270 2269//2269 2271//2271
f 2270//2270 2271//2271 2272//2272
f 2268//2268 2260//2260 2259//2259
f 2268//2268 2259//2259 2269//2269
f 2269//2269 2259//2259 2262//2262
f 2269//2269 2262//2262 2271//2271
f 2265//2265 2270//2270 2273//2273
f 2265//2265 2273//2273 2274//2274
f 2274//2274 2273//2273 2275//2275
f 2274//2274 2275//2275 2276//2276
f 2270//2270 2272//2272 2277//2277
f 2270//2270 2277//2277 2273//2273
f 2273//2273 2277//2277 2278//2278
f 2273//2273 2278//2278 2275//2275
f 2265//2265 2274//2274 2279//2279
f 2265//2265 2279//2279 2266//2266
f 2266//2266 2279//2279 2245//2245
f 2266//2266 2245//2245 2240//2240
f 2274//2274 2276//2276 2280//2280
f 2274//2274 2280//2280 2279//2279
f 2279//2279 2280//2280 2246//2246
f 2279//2279 2246//2246 2245//2245
f 2281//2281 2282//2282 2283//2283
f 2281//2281 2283//2283 2284//2284
f 2284//2284 2283//2283 1855//1855
f 2284//2284 1855//1855 1854//1854
f 2282//2282 2256//2256 2255//2255
f 2282//2282 2255//2255 2283//2283
f 2283//2283 2255//2255 1849//1849
f 2283//2283 1849//1849 1855//1855
f 2281//2281 2284//2284 2285//2285
f 2281//2281 2285//2285 2286//2286
f 2286//2286 2285//2285 2287//2287
f 2286//2286 2287//2287 2288//2288
f 2284//2284 1854//1854 1867//1867
f 2284//2284 1867//1867 2285//2285
f 2285//2285 1867//1867 1869//1869
f 2285//2285 1869//1869 2287//2287
f 2281//2281 2286//2286 2289//2289
f 2281//2281 2289//2289 2290//2290
f 2290//2290 2289//2289 2291//2291
f 2290//2290 2291//2291 2292//2292
f 2286//2286 2288//2288 2293//2293
f 2286//2286 2293//2293 2289//2289
f 2289//2289 2293//2293 2294//2294
f 2289//2289 2294//2294 2291//2291
f 2281//2281 2290//2290 2295//2295
f 2281//2281 2295//2295 2282//2282
f 2282//2282 2295//2295 2261//2261
f 2282//2282 2261//2261 2256//2256
f 2290//2290 2292//2292 2296//2296
f 2290//2290 2296//2296 2295//2295
f 2295//2295 2296//2296 2262//2262
f 2295//2295 2262//2262 2261//2261
f 2297//2297 2298//2298 2299//2299
f 2297//2297 2299//2299 2300//2300
f 2300//2300 2299//2299 2296//2296
f 2300//2300 2296//2296 2292//2292
f 2298//2298 2272//2272 2271//2271
f 2298//2298 2271//2271 2299//2299
f 2299//2299 2271//2271 2262//2262
f 2299//2299 2262//2262 2296//2296
f 2297//2297 2300//2300 2301//2301
f 2297//2297 2301//2301 2302//2302
f 2302//2302 2301//2301 2303//2303
f 2302//2302 2303//2303 2304//2304
f 2300//2300 2292//2292 2291//2291
f 2300//2300 2291//2291 2301//2301
f 2301//2301 2291//2291 2294//2294
f 2301//2301 2294//2294 2303//2303
f 2297//2297 2302//2302 2305//2305
f 2297//2297 2305//2305 2306//2306
f 2306//2306 2305//2305 2307//2307
f 2306//2306 2307//2307 2308//2308
f 2302//2302 2304//2304 2309//2309
f 2302//2302 2309//2309 2305//2305
f 2305//2305 2309//2309 2310//2310
f 2305//2305 2310//2310 2307//2307
f 2297//2297 2306//2306 2311//2311
f 2297//2297 2311//2311 2298//2298
f 2298//2298 2311//2311 2277//2277
f 2298//2298 2277//2277 2272//2272
f 2306//2306 2308//2308 2312//2312
f 2306//2306 2312//2312 2311//2311
f 2311//2311 2312//2312 2278//2278
f 2311//2311 2278//2278 2277//2277
f 2313//2313 2314//2314 2315//2315
f 2313//2313 2315//2315 2316//2316
f 2316//2316 2315//2315 1875//1875
f 2316//2316 1875//1875 1874//1874
f 2314//2314 2288//2288 2287//2287
f 2314//2314 2287//2287 2315//2315
f 2315//2315 2287//2287 1869//1869
f 2315//2315 1869//1869 1875//1875
f 2313//2313 2316//2316 2317//2317
f 2313//2313 2317//2317 2318//2318
f 2318//2318 2317//2317 2319//2319
f 2318//2318 2319//2319 2320//2320
f 2316//2316 1874//1874 1887//1887
f 2316//2316 1887//1887 2317//2317
f 2317//2317 1887//1887 1889//1889
f 2317//2317 1889//1889 2319//2319
f 2313//2313 2318//2318 2321//2321
f 2313//2313 2321//2321 2322//2322
f 2322//2322 2321//2321 2323//2323
f 2322//2322 2323//2323 2324//2324
f 2318//2318 2320//2320 2325//2325
f 2318//2318 2325//2325 2321//2321
f 2321//2321 2325//2325 2326//2326
f 2321//2321 2326//2326 2323//2323
f 2313//2313 2322//2322 2327//2327
f 2313//2313 2327//2327 2314//2314
f 2314//2314 2327//2327 2293//2293
f 2314//2314 2293//2293 2288//2288
f 2322//2322 2324//2324 2328//2328
f 2322//2322 2328//2328 2327//2327
f 2327//2327 2328//2328 2294//2294
f 2327//2327 2294//2294 2293//2293
f 2329//2329 2330//2330 2331//2331
f 2329//2329 2331//2331 2332//2332
f 2332//2332 2331//2331 2328//2328
f 2332//2332 2328//2328 2324//2324
f 2330//2330 2304//2304 2303//2303
f 2330//2330 2303//2303 2331//2331
f 2331//2331 2303//2303 2294//2294
f 2331//2331 2294//2294 2328//2328
f 2329//2329 2332//2332 2333//2333
f 2329//2329 2333//2333 2334//2334
f 2334//2334 2333//2333 2335//2335
f 2334//2334 2335//2335 2336//2336
f 2332//2332 2324//2324 2323//2323
f 2332//2332 2323//2323 2333//2333
f 2333//2333 2323//2323 2326//2326
f 2333//2333 2326//2326 2335//2335
f 2329//2329 2334//2334 2337//2337
f 2329//2329 2337//2337 2338//2338
f 2338//2338 2337//2337 2339//2339
f 2338//2338 2339//2339 2340//2340
f 2334//2334 2336//2336 2341//2341
f 2334//2334 2341//2341 2337//2337
f 2337//2337 2341//2341 2342//2342
f 2337//2337 2342//2342 2339//2339
f 2329//2329 2338//2338 2343//2343
f 2329//2329 2343//2343 2330//2330
f 2330//2330 2343//2343 2309//2309
f 2330//2330 2309//2309 2304//2304
f 2338//2338 2340//2340 2344//2344
f 2338//2338 2344//2344 2343//2343
f 2343//2343 2344//2344 2310//2310
f 2343//2343 2310//2310 2309//2309
f 2345//2345 2346//2346 2347//2347
f 2345//2345 2347//2347 2348//2348
f 2348//2348 2347//2347 1895//1895
f 2348//2348 1895//1895 1894//1894
f 2346//2346 2320//2320 2319//2319
f 2346//2346 2319//2319 2347//2347
f 2347//2347 2319//2319 1889//1889
f 2347//2347 1889//1889 1895//1895
f 2345//2345 2348//2348 2349//2349
f 2345//2345 2349//2349 2350//2350
f 2350//2350 2349//2349 2351//2351
f 2350//2350 2351//2351 2352//2352
f 2348//2348 1894//1894 1907//1907
f 2348//2348 1907//1907 2349//2349
f 2349//2349 1907//1907 1909//1909
f 2349//2349 1909//1909 2351//2351
f 2345//2345 2350//2350 2353//2353
f 2345//2345 2353//2353 2354//2354
f 2354//2354 2353//2353 2355//2355
f 2354//2354 2355//2355 2356//2356
f 2350//2350 2352//2352 2357//2357
f 2350//2350 2357//2357 2353//2353
f 2353//2353 2357//2357 2358//2358
f 2353//2353 2358//2358 2355//2355
f 2345//2345 2354//2354 2359//2359
f 2345//2345 2359//2359 2346//2346
f 2346//2346 2359//2359 2325//2325
f 2346//2346 2325//2325 2320//2320
f 2354//2354 2356//2356 2360//2360
f 2354//2354 2360//2360 2359//2359
f 2359//2359 2360//2360 2326//2326
f 2359//2359 2326//2326 2325//2325
f 2361//2361 2362//2362 2363//2363
f 2361//2361 2363//2363 2364//2364
f 2364//2364 2363//2363 2360//2360
f 2364//2364 2360//2360 2356//2356
f 2362//2362 2336//2336 2335//2335
f 2362//2362 2335//2335 2363//2363
f 2363//2363 2335//2335 2326//2326
f 2363//2363 2326//2326 2360//2360
f 2361//2361 2364//2364 2365//2365
f 2361//2361 2365//2365 2366//2366
f 2366//2366 2365//2365 2367//2367
f 2366//2366 2367//2367 2368//2368
f 2364//2364 2356//2356 2355//2355
f 2364//2364 2355//2355 2365//2365
f 2365//2365 2355//2355 2358//2358
f 2365//2365 2358//2358 2367//2367
f 2361//2361 2366//2366 2369//2369
f 2361//2361 2369//2369 2370//2370
f 2370//2370 2369//2369 2371//2371
f 2370//2370 2371//2371 2372//2372
f 2366//2366 2368//2368 2373//2373
f 2366//2366 2373//2373 2369//2369
f 2369//2369 2373//2373 2374//2374
f 2369//2369 2374//2374 2371//2371
f 2361//2361 2370//2370 2375//2375
f 2361//2361 2375//2375 2362//2362
f 2362//2362 2375//2375 2341//2341
f 2362//2362 2341//2341 2336//2336
f 2370//2370 2372//2372 2376//2376
f 2370//2370 2376//2376 2375//2375
f 2375//2375 2376//2376 2342//2342
f 2375//2375 2342//2342 2341//2341
f 2377//2377 2378//2378 2379//2379
f 2377//2377 2379//2379 2380//2380
f 2380//2380 2379//2379 1915//1915
f 2380//2380 1915//1915 1914//1914
f 2378//2378 2352//2352 2351//2351
f 2378//2378 2351//2351 2379//2379
f 2379//2379 2351//2351 1909//1909
f 2379//2379 1909//1909 1915//1915
f 2377//2377 2380//2380 2381//2381
f 2377//2377 2381//2381 2382//2382
f 2382//2382 2381//2381 2383//2383
f 2382//2382 2383//2383 2384//2384
f 2380//2380 1914//1914 1927//1927
f 2380//2380 1927//1927 2381//2381
f 2381//2381 1927//1927 1929//1929
f 2381//2381 1929//1929 2383//2383
f 2377//2377 2382//2382 2385//2385
f 2377//2377 2385//2385 2386//2386
f 2386//2386 2385//2385 2387//2387
f 2386//2386 2387//2387 2388//2388
f 2382//2382 2384//2384 2389//2389
f 2382//2382 2389//2389 2385//2385
f 2385//2385 2389//2389 2390//2390
f 2385//2385 2390//2390 2387//2387
f 2377//2377 2386//2386 2391//2391
f 2377//2377 2391//2391 2378//2378
f 2378//2378 2391//2391 2357//2357
f 2378//2378 2357//2357 2352//2352
f 2386//2386 2388//2388 2392//2392
f 2386//2386 2392//2392 2391//2391
f 2391//2391 2392//2392 2358//2358
f 2391//2391 2358//2358 2357//2357
f 2393//2393 2394//2394 2395//2395
f 2393//2393 2395//2395 2396//2396
f 2396//2396 2395//2395 2392//2392
f 2396//2396 2392//2392 2388//2388
f 2394//2394 2368//2368 2367//2367
f 2394//2394 2367//2367 2395//2395
f 2395//2395 2367//2367 2358//2358
f 2395//2395 2358//2358 2392//2392
f 2393//2393 2396//2396 2397//2397
f 2393//2393 2397//2397 2398//2398
f 2398//2398 2397//2397 2399//2399
f 2398//2398 2399//2399 2400//2400
f 2396//2396 2388//2388 2387//2387
f 2396//2396 2387//2387 2397//2397
f 2397//2397 2387//2387 2390//2390
f 2397//2397 2390//2390 2399//2399
f 2393//2393 2398//2398 2401//2401
f 2393//2393 2401//2401 2402//2402
f 2402//2402 2401//2401 2403//2403
f 2402//2402 2403//2403 2404//2404
f 2398//2398 2400//2400 2405//2405
f 2398//2398 2405//2405 2401//2401
f 2401//2401 2405//2405 2406//2406
f 2401//2401 2406//2406 2403//2403
f 2393//2393 2402//2402 2407//2407
f 2393//2393 2407//2407 2394//2394
f 2394//2394 2407//2407 2373//2373
f 2394//2394 2373//2373 2368//2368
f 2402//2402 2404//2404 2408//2408
f 2402//2402 2408//2408 2407//2407
f 2407//2407 2408//2408 2374//2374
f 2407//2407 2374//2374 2373//2373
f 2409//2409 2410//2410 2411//2411
f 2409//2409 2411//2411 2412//2412
f 2412//2412 2411//2411 1935//1935
f 2412//2412 1935//1935 1934//1934
f 2410//2410 2384//2384 2383//2383
f 2410//2410 2383//2383 2411//2411
f 2411//2411 2383//2383 1929//1929
f 2411//2411 1929//1929 1935//1935
f 2409//2409 2412//2412 2413//2413
f 2409//2409 2413//2413 2414//2414
f 2414//2414 2413//2413 2415//2415
f 2414//2414 2415//2415 2416//2416
f 2412//2412 1934//1934 1947//1947
f 2412//2412 1947//1947 2413//2413
f 2413//2413 1947//1947 1949//1949
f 2413//2413 1949//1949 2415//2415
f 2409//2409 2414//2414 2417//2417
f 2409//2409 2417//2417 2418//2418
f 2418//2418 2417//2417 2419//2419
f 2418//2418 2419//2419 2420//2420
f 2414//2414 2416//2416 2421//2421
f 2414//2414 2421//2421 2417//2417
f 2417//2417 2421//2421 2422//2422
f 2417//2417 2422//2422 2419//2419
f 2409//2409 2418//2418 2423//2423
f 2409//2409 2423//2423 2410//2410
f 2410//2410 2423//2423 2389//2389
f 2410//2410 2389//2389 2384//2384
f 2418//2418 2420//2420 2424//2424
f 2418//2418 2424//2424 2423//2423
f 2423//2423 2424//2424 2390//2390
f 2423//2423 2390//2390 2389//2389
f 2425//2425 2426//2426 2427//2427
f 2425//2425 2427//2427 2428//2428
f 2428//2428 2427//2427 2424//2424
f 2428//2428 2424//2424 2420//2420
f 2426//2426 2400//2400 2399//2399
f 2426//2426 2399//2399 2427//2427
f 2427//2427 2399//2399 2390//2390
f 2427//2427 2390//2390 2424//2424
f 2425//2425 2428//2428 2429//2429
f 2425//2425 2429//2429 2430//2430
f 2430//2430 2429//2429 2431//2431
f 2430//2430 2431//2431 2432//2432
f 2428//2428 2420//2420 2419//2419
f 2428//2428 2419//2419 2429//2429
f 2429//2429 2419//2419 2422//2422
f 2429//2429 2422//2422 2431//2431
f 2425//2425 2430//2430 2433//2433
f 2425//2425 2433//2433 2434//2434
f 2434//2434 2433//2433 2435//2435
f 2434//2434 2435//2435 2436//2436
f 2430//2430 2432//2432 2437//2437
f 2430//2430 2437//2437 2433//2433
f 2433//2433 2437//2437 2438//2438
f 2433//2433 2438//2438 2435//2435
f 2425//2425 2434//2434 2439//2439
f 2425//2425 2439//2439 2426//2426
f 2426//2426 2439//2439 2405//2405
f 2426//2426 2405//2405 2400//2400
f 2434//2434 2436//2436 2440//2440
f 2434//2434 2440//2440 2439//2439
f 2439//2439 2440//2440 2406//2406
f 2439//2439 2406//2406 2405//2405
f 2441//2441 2442//2442 2443//2443
f 2441//2441 2443//2443 2444//2444
f 2444//2444 2443//2443 1955//1955
f 2444//2444 1955//1955 1954//1954
f 2442//2442 2416//2416 2415//2415
f 2442//2442 2415//2415 2443//2443
f 2443//2443 2415//2415 1949//1949
f 2443//2443 1949//1949 1955//1955
f 2441//2441 2444//2444 2445//2445
f 2441//2441 2445//2445 2446//2446
f 2446//2446 2445//2445 2447//2447
f 2446//2446 2447//2447 2448//2448
f 2444//2444 1954//1954 1967//1967
f 2444//2444 1967//1967 2445//2445
f 2445//2445 1967//1967 1969//1969
f 2445//2445 1969//1969 2447//2447
f 2441//2441 2446//2446 2449//2449
f 2441//2441 2449//2449 2450//2450
f 2450//2450 2449//2449 2451//2451
f 2450//2450 2451//2451 2452//2452
f 2446//2446 2448//2448 2453//2453
f 2446//2446 2453//2453 2449//2449
f 2449//2449 2453//2453 2454//2454
f 2449//2449 2454//2454 2451//2451
f 2441//2441 2450//2450 2455//2455
f 2441//2441 2455//2455 2442//2442
f 2442//2442 2455//2455 2421//2421
f 2442//2442 2421//2421 2416//2416
f 2450//2450 2452//2452 2456//2456
f 2450//2450 2456//2456 2455//2455
f 2455//2455 2456//2456 2422//2422
f 2455//2455 2422//2422 2421//2421
f 2457//2457 2458//2458 2459//2459
f 2457//2457 2459//2459 2460//2460
f 2460//2460 2459//2459 2456//2456
f 2460//2460 2456//2456 2452//2452
f 2458//2458 2432//2432 2431//2431
f 2458//2458 2431//2431 2459//2459
f 2459//2459 2431//2431 2422//2422
f 2459//2459 2422//2422 2456//2456
f 2457//2457 2460//2460 2461//2461
f 2457//2457 2461//2461 2462//2462
f 2462//2462 2461//2461 2463//2463
f 2462//2462 2463//2463 2464//2464
f 2460//2460 2452//2452 2451//2451
f 2460//2460 2451//2451 2461//2461
f 2461//2461 2451//2451 2454//2454
f 2461//2461 2454//2454 2463//2463
f 2457//2457 2462//2462 2465//2465
f 2457//2457 2465//2465 2466//2466
f 2466//2466 2465//2465 2467//2467
f 2466//2466 2467//2467 2468//2468
f 2462//2462 2464//2464 2469//2469
f 2462//2462 2469//2469 2465//2465
f 2465//2465 2469//2469 2470//2470
f 2465//2465 2470//2470 2467//2467
f 2457//2457 2466//2466 2471//2471
f 2457//2457 2471//2471 2458//2458
f 2458//2458 2471//2471 2437//2437
f 2458//2458 2437//2437 2432//2432
f 2466//2466 2468//2468 2472//2472
f 2466//2466 2472//2472 2471//2471
f 2471//2471 2472//2472 2438//2438
f 2471//2471 2438//2438 2437//2437
f 2473//2473 2474//2474 2475//2475
f 2473//2473 2475//2475 2476//2476
f 2476//2476 2475//2475 2477//2477
f 2476//2476 2477//2477 2478//2478
f 2474//2474 2009//2009 2022//2022
f 2474//2474 2022//2022 2475//2475
f 2475//2475 2022//2022 2024//2024
f 2475//2475 2024//2024 2477//2477
f 2473//2473 2476//2476 2479//2479
f 2473//2473 2479//2479 2480//2480
f 2480//2480 2479//2479 2469//2469
f 2480//2480 2469//2469 2464//2464
f 2476//2476 2478//2478 2481//2481
f 2476//2476 2481//2481 2479//2479
f 2479//2479 2481//2481 2470//2470
f 2479//2479 2470//2470 2469//2469
f 2473//2473 2480//2480 2482//2482
f 2473//2473 2482//2482 2483//2483
f 2483//2483 2482//2482 2484//2484
f 2483//2483 2484//2484 2485//2485
f 2480//2480 2464//2464 2463//2463
f 2480//2480 2463//2463 2482//2482
f 2482//2482 2463//2463 2454//2454
f 2482//2482 2454//2454 2484//2484
f 2473//2473 2483//2483 2486//2486
f 2473//2473 2486//2486 2474//2474
f 2474//2474 2486//2486 2010//2010
f 2474//2474 2010//2010 2009//2009
f 2483//2483 2485//2485 2487//2487
f 2483//2483 2487//2487 2486//2486
f 2486//2486 2487//2487 2004//2004
f 2486//2486 2004//2004 2010//2010
f 2488//2488 2489//2489 2490//2490
f 2488//2488 2490//2490 2491//2491
f 2491//2491 2490//2490 2487//2487
f 2491//2491 2487//2487 2485//2485
f 2489//2489 1989//1989 2002//2002
f 2489//2489 2002//2002 2490//2490
f 2490//2490 2002//2002 2004//2004
f 2490//2490 2004//2004 2487//2487
f 2488//2488 2491//2491 2492//2492
f 2488//2488 2492//2492 2493//2493
f 2493//2493 2492//2492 2453//2453
f 2493//2493 2453//2453 2448//2448
f 2491//2491 2485//2485 2484//2484
f 2491//2491 2484//2484 2492//2492
f 2492//2492 2484//2484 2454//2454
f 2492//2492 2454//2454 2453//2453
f 2488//2488 2493//2493 2494//2494
f 2488//2488 2494//2494 2495//2495
f 2495//2495 2494//2494 1978//1978
f 2495//2495 1978//1978 1975//1975
f 2493//2493 2448//2448 2447//2447
f 2493//2493 2447//2447 2494//2494
f 2494//2494 2447//2447 1969//1969
f 2494//2494 1969//1969 1978//1978
f 2488//2488 2495//2495 2496//2496
f 2488//2488 2496//2496 2489//2489
f 2489//2489 2496//2496 1990//1990
f 2489//2489 1990//1990 1989//1989
f 2495//2495 1975//1975 1974//1974
f 2495//2495 1974//1974 2496//2496
f 2496//2496 1974//1974 1673//1673
f 2496//2496 1673//1673 1990//1990
f 2497//2497 2498//2498 2499//2499
f 2497//2497 2499//2499 2500//2500
f 2500//2500 2499//2499 2023//2023
f 2500//2500 2023//2023 2018//2018
f 2498//2498 2501//2501 2502//2502
f 2498//2498 2502//2502 2499//2499
f 2499//2499 2502//2502 2024//2024
f 2499//2499 2024//2024 2023//2023
f 2497//2497 2500//2500 2503//2503
f 2497//2497 2503//2503 2504//2504
f 2504//2504 2503//2503 2505//2505
f 2504//2504 2505//2505 2506//2506
f 2500//2500 2018//2018 2017//2017
f 2500//2500 2017//2017 2503//2503
f 2503//2503 2017//2017 2020//2020
f 2503//2503 2020//2020 2505//2505
f 2497//2497 2504//2504 2507//2507
f 2497//2497 2507//2507 2508//2508
f 2508//2508 2507//2507 2509//2509
f 2508//2508 2509//2509 2510//2510
f 2504//2504 2506//2506 2511//2511
f 2504//2504 2511//2511 2507//2507
f 2507//2507 2511//2511 2512//2512
f 2507//2507 2512//2512 2509//2509
f 2497//2497 2508//2508 2513//2513
f 2497//2497 2513//2513 2498//2498
f 2498//2498 2513//2513 2514//2514
f 2498//2498 2514//2514 2501//2501
f 2508//2508 2510//2510 2515//2515
f 2508//2508 2515//2515 2513//2513
f 2513//2513 2515//2515 2516//2516
f 2513//2513 2516//2516 2514//2514
f 2517//2517 2518//2518 2519//2519
f 2517//2517 2519//2519 2520//2520
f 2520//2520 2519//2519 2056//2056
f 2520//2520 2056//2056 2052//2052
f 2518//2518 2506//2506 2505//2505
f 2518//2518 2505//2505 2519//2519
f 2519//2519 2505//2505 2020//2020
f 2519//2519 2020//2020 2056//2056
f 2517//2517 2520//2520 2521//2521
f 2517//2517 2521//2521 2522//2522
f 2522//2522 2521//2521 2523//2523
f 2522//2522 2523//2523 2524//2524
f 2520//2520 2052//2052 2051//2051
f 2520//2520 2051//2051 2521//2521
f 2521//2521 2051//2051 2054//2054
f 2521//2521 2054//2054 2523//2523
f 2517//2517 2522//2522 2525//2525
f 2517//2517 2525//2525 2526//2526
f 2526//2526 2525//2525 2527//2527
f 2526//2526 2527//2527 2528//2528
f 2522//2522 2524//2524 2529//2529
f 2522//2522 2529//2529 2525//2525
f 2525//2525 2529//2529 2530//2530
f 2525//2525 2530//2530 2527//2527
f 2517//2517 2526//2526 2531//2531
f 2517//2517 2531//2531 2518//2518
f 2518//2518 2531//2531 2511//2511
f 2518//2518 2511//2511 2506//2506
f 2526//2526 2528//2528 2532//2532
f 2526//2526 2532//2532 2531//2531
f 2531//2531 2532//2532 2512//2512
f 2531//2531 2512//2512 2511//2511
f 2533//2533 2534//2534 2535//2535
f 2533//2533 2535//2535 2536//2536
f 2536//2536 2535//2535 2088//2088
f 2536//2536 2088//2088 2084//2084
f 2534//2534 2524//2524 2523//2523
f 2534//2534 2523//2523 2535//2535
f 2535//2535 2523//2523 2054//2054
f 2535//2535 2054//2054 2088//2088
f 2533//2533 2536//2536 2537//2537
f 2533//2533 2537//2537 2538//2538
f 2538//2538 2537//2537 2539//2539
f 2538//2538 2539//2539 2540//2540
f 2536//2536 2084//2084 2083//2083
f 2536//2536 2083//2083 2537//2537
f 2537//2537 2083//2083 2086//2086
f 2537//2537 2086//2086 2539//2539
f 2533//2533 2538//2538 2541//2541
f 2533//2533 2541//2541 2542//2542
f 2542//2542 2541//2541 2543//2543
f 2542//2542 2543//2543 2544//2544
f 2538//2538 2540//2540 2545//2545
f 2538//2538 2545//2545 2541//2541
f 2541//2541 2545//2545 2546//2546
f 2541//2541 2546//2546 2543//2543
f 2533//2533 2542//2542 2547//2547
f 2533//2533 2547//2547 2534//2534
f 2534//2534 2547//2547 2529//2529
f 2534//2534 2529//2529 2524//2524
f 2542//2542 2544//2544 2548//2548
f 2542//2542 2548//2548 2547//2547
f 2547//2547 2548//2548 2530//2530
f 2547//2547 2530//2530 2529//2529
f 2549//2549 2550//2550 2551//2551
f 2549//2549 2551//2551 2552//2552
f 2552//2552 2551//2551 2120//2120
f 2552//2552 2120//2120 2116//2116
f 2550//2550 2540//2540 2539//2539
f 2550//2550 2539//2539 2551//2551
f 2551//2551 2539//2539 2086//2086
f 2551//2551 2086//2086 2120//2120
f 2549//2549 2552//2552 2553//2553
f 2549//2549 2553//2553 2554//2554
f 2554//2554 2553//2553 2555//2555
f 2554//2554 2555//2555 2556//2556
f 2552//2552 2116//2116 2115//2115
f 2552//2552 2115//2115 2553//2553
f 2553//2553 2115//2115 2118//2118
f 2553//2553 2118//2118 2555//2555
f 2549//2549 2554//2554 2557//2557
f 2549//2549 2557//2557 2558//2558
f 2558//2558 2557//2557 2559//2559
f 2558//2558 2559//2559 2560//2560
f 2554//2554 2556//2556 2561//2561
f 2554//2554 2561//2561 2557//2557
f 2557//2557 2561//2561 2562//2562
f 2557//2557 2562//2562 2559//2559
f 2549//2549 2558//2558 2563//2563
f 2549//2549 2563//2563 2550//2550
f 2550//2550 2563//2563 2545//2545
f 2550//2550 2545//2545 2540//2540
f 2558//2558 2560//2560 2564//2564
f 2558//2558 2564//2564 2563//2563
f 2563//2563 2564//2564 2546//2546
f 2563//2563 2546//2546 2545//2545
f 2565//2565 2566//2566 2567//2567
f 2565//2565 2567//2567 2568//2568
f 2568//2568 2567//2567 2152//2152
f 2568//2568 2152//2152 2148//2148
f 2566//2566 2556//2556 2555//2555
f 2566//2566 2555//2555 2567//2567
f 2567//2567 2555//2555 2118//2118
f 2567//2567 2118//2118 2152//2152
f 2565//2565 2568//2568 2569//2569
f 2565//2565 2569//2569 2570//2570
f 2570//2570 2569//2569 2571//2571
f 2570//2570 2571//2571 2572//2572
f 2568//2568 2148//2148 2147//2147
f 2568//2568 2147//2147 2569//2569
f 2569//2569 2147//2147 2150//2150
f 2569//2569 2150//2150 2571//2571
f 2565//2565 2570//2570 2573//2573
f 2565//2565 2573//2573 2574//2574
f 2574//2574 2573//2573 2575//2575
f 2574//2574 2575//2575 2576//2576
f 2570//2570 2572//2572 2577//2577
f 2570//2570 2577//2577 2573//2573
f 2573//2573 2577//2577 2578//2578
f 2573//2573 2578//2578 2575//2575
f 2565//2565 2574//2574 2579//2579
f 2565//2565 2579//2579 2566//2566
f 2566//2566 2579//2579 2561//2561
f 2566//2566 2561//2561 2556//2556
f 2574//2574 2576//2576 2580//2580
f 2574//2574 2580//2580 2579//2579
f 2579//2579 2580//2580 2562//2562
f 2579//2579 2562//2562 2561//2561
f 2581//2581 2582//2582 2583//2583
f 2581//2581 2583//2583 2584//2584
f 2584//2584 2583//2583 2184//2184
f 2584//2584 2184//2184 2180//2180
f 2582//2582 2572//2572 2571//2571
f 2582//2582 2571//2571 2583//2583
f 2583//2583 2571//2571 2150//2150
f 2583//2583 2150//2150 2184//2184
f 2581//2581 2584//2584 2585//2585
f 2581//2581 2585//2585 2586//2586
f 2586//2586 2585//2585 2587//2587
f 2586//2586 2587//2587 2588//2588
f 2584//2584 2180//2180 2179//2179
f 2584//2584 2179//2179 2585//2585
f 2585//2585 2179//2179 2182//2182
f 2585//2585 2182//2182 2587//2587
f 2581//2581 2586//2586 2589//2589
f 2581//2581 2589//2589 2590//2590
f 2590//2590 2589//2589 2591//2591
f 2590//2590 2591//2591 2592//2592
f 2586//2586 2588//2588 2593//2593
f 2586//2586 2593//2593 2589//2589
f 2589//2589 2593//2593 2594//2594
f 2589//2589 2594//2594 2591//2591
f 2581//2581 2590//2590 2595//2595
f 2581//2581 2595//2595 2582//2582
f 2582//2582 2595//2595 2577//2577
f 2582//2582 2577//2577 2572//2572
f 2590//2590 2592//2592 2596//2596
f 2590//2590 2596//2596 2595//2595
f 2595//2595 2596//2596 2578//2578
f 2595//2595 2578//2578 2577//2577
f 2597//2597 2598//2598 2599//2599
f 2597//2597 2599//2599 2600//2600
f 2600//2600 2599//2599 2216//2216
f 2600//2600 2216//2216 2212//2212
f 2598//2598 2588//2588 2587//2587
f 2598//2598 2587//2587 2599//2599
f 2599//2599 2587//2587 2182//2182
f 2599//2599 2182//2182 2216//2216
f 2597//2597 2600//2600 2601//2601
f 2597//2597 2601//2601 2602//2602
f 2602//2602 2601//2601 2603//2603
f 2602//2602 2603//2603 2604//2604
f 2600//2600 2212//2212 2211//2211
f 2600//2600 2211//2211 2601//2601
f 2601//2601 2211//2211 2214//2214
f 2601//2601 2214//2214 2603//2603
f 2597//2597 2602//2602 2605//2605
f 2597//2597 2605//2605 2606//2606
f 2606//2606 2605//2605 2607//2607
f 2606//2606 2607//2607 2608//2608
f 2602//2602 2604//2604 2609//2609
f 2602//2602 2609//2609 2605//2605
f 2605//2605 2609//2609 2610//2610
f 2605//2605 2610//2610 2607//2607
f 2597//2597 2606//2606 2611//2611
f 2597//2597 2611//2611 2598//2598
f 2598//2598 2611//2611 2593//2593
f 2598//2598 2593//2593 2588//2588
f 2606//2606 2608//2608 2612//2612
f 2606//2606 2612//2612 2611//2611
f 2611//2611 2612//2612 2594//2594
f 2611//2611 2594//2594 2593//2593
f 2613//2613 2614//2614 2615//2615
f 2613//2613 2615//2615 2616//2616
f 2616//2616 2615//2615 2248//2248
f 2616//2616 2248//2248 2244//2244
f 2614//2614 2604//2604 2603//2603
f 2614//2614 2603//2603 2615//2615
f 2615//2615 2603//2603 2214//2214
f 2615//2615 2214//2214 2248//2248
f 2613//2613 2616//2616 2617//2617
f 2613//2613 2617//2617 2618//2618
f 2618//2618 2617//2617 2619//2619
f 2618//2618 2619//2619 2620//2620
f 2616//2616 2244//2244 2243//2243
f 2616//2616 2243//2243 2617//2617
f 2617//2617 2243//2243 2246//2246
f 2617//2617 2246//2246 2619//2619
f 2613//2613 2618//2618 2621//2621
f 2613//2613 2621//2621 2622//2622
f 2622//2622 2621//2621 2623//2623
f 2622//2622 2623//2623 2624//2624
f 2618//2618 2620//2620 2625//2625
f 2618//2618 2625//2625 2621//2621
f 2621//2621 2625//2625 2626//2626
f 2621//2621 2626//2626 2623//2623
f 2613//2613 2622//2622 2627//2627
f 2613//2613 2627//2627 2614//2614
f 2614//2614 2627//2627 2609//2609
f 2614//2614 2609//2609 2604//2604
f 2622//2622 2624//2624 2628//2628
f 2622//2622 2628//2628 2627//2627
f 2627//2627 2628//2628 2610//2610
f 2627//2627 2610//2610 2609//2609
f 2629//2629 2630//2630 2631//2631
f 2629//2629 2631//2631 2632//2632
f 2632//2632 2631//2631 2280//2280
f 2632//2632 2280//2280 2276//2276
f 2630//2630 2620//2620 2619//2619
f 2630//2630 2619//2619 2631//2631
f 2631//2631 2619//2619 2246//2246
f 2631//2631 2246//2246 2280//2280
f 2629//2629 2632//2632 2633//2633
f 2629//2629 2633//2633 2634//2634
f 2634//2634 2633//2633 2635//2635
f 2634//2634 2635//2635 2636//2636
f 2632//2632 2276//2276 2275//2275
f 2632//2632 2275//2275 2633//2633
f 2633//2633 2275//2275 2278//2278
f 2633//2633 2278//2278 2635//2635
f 2629//2629 2634//2634 2637//2637
f 2629//2629 2637//2637 2638//2638
f 2638//2638 2637//2637 2639//2639
f 2638//2638 2639//2639 2640//2640
f 2634//2634 2636//2636 2641//2641
f 2634//2634 2641//2641 2637//2637
f 2637//2637 2641//2641 2642//2642
f 2637//2637 2642//2642 2639//2639
f 2629//2629 2638//2638 2643//2643
f 2629//2629 2643//2643 2630//2630
f 2630//2630 2643//2643 2625//2625
f 2630//2630 2625//2625 2620//2620
f 2638//2638 2640//2640 2644//2644
f 2638//2638 2644//2644 2643//2643
f 2643//2643 2644//2644 2626//2626
f 2643//2643 2626//2626 2625//2625
f 2645//2645 2646//2646 2647//2647
f 2645//2645 2647//2647 2648//2648
f 2648//2648 2647//2647 2312//2312
f 2648//2648 2312//2312 2308//2308
f 2646//2646 2636//2636 2635//2635
f 2646//2646 2635//2635 2647//2647
f 2647//2647 2635//2635 2278//2278
f 2647//2647 2278//2278 2312//2312
f 2645//2645 2648//2648 2649//2649
f 2645//2645 2649//2649 2650//2650
f 2650//2650 2649//2649 2651//2651
f 2650//2650 2651//2651 2652//2652
f 2648//2648 2308//2308 2307//2307
f 2648//2648 2307//2307 2649//2649
f 2649//2649 2307//2307 2310//2310
f 2649//2649 2310//2310 2651//2651
f 2645//2645 2650//2650 2653//2653
f 2645//2645 2653//2653 2654//2654
f 2654//2654 2653//2653 2655//2655
f 2654//2654 2655//2655 2656//2656
f 2650//2650 2652//2652 2657//2657
f 2650//2650 2657//2657 2653//2653
f 2653//2653 2657//2657 2658//2658
f 2653//2653 2658//2658 2655//2655
f 2645//2645 2654//2654 2659//2659
f 2645//2645 2659//2659 2646//2646
f 2646//2646 2659//2659 2641//2641
f 2646//2646 2641//2641 2636//2636
f 2654//2654 2656//2656 2660//2660
f 2654//2654 2660//2660 2659//2659
f 2659//2659 2660//2660 2642//2642
f 2659//2659 2642//2642 2641//2641
f 2661//2661 2662//2662 2663//2663
f 2661//2661 2663//2663 2664//2664
f 2664//2664 2663//2663 2344//2344
f 2664//2664 2344//2344 2340//2340
f 2662//2662 2652//2652 2651//2651
f 2662//2662 2651//2651 2663//2663
f 2663//2663 2651//2651 2310//2310
f 2663//2663 2310//2310 2344//2344
f 2661//2661 2664//2664 2665//2665
f 2661//2661 2665//2665 2666//2666
f 2666//2666 2665//2665 2667//2667
f 2666//2666 2667//2667 2668//2668
f 2664//2664 2340//2340 2339//2339
f 2664//2664 2339//2339 2665//2665
f 2665//2665 2339//2339 2342//2342
f 2665//2665 2342//2342 2667//2667
f 2661//2661 2666//2666 2669//2669
f 2661//2661 2669//2669 2670//2670
f 2670//2670 2669//2669 2671//2671
f 2670//2670 2671//2671 2672//2672
f 2666//2666 2668//2668 2673//2673
f 2666//2666 2673//2673 2669//2669
f 2669//2669 2673//2673 2674//2674
f 2669//2669 2674//2674 2671//2671
f 2661//2661 2670//2670 2675//2675
f 2661//2661 2675//2675 2662//2662
f 2662//2662 2675//2675 2657//2657
f 2662//2662 2657//2657 2652//2652
f 2670//2670 2672//2672 2676//2676
f 2670//2670 2676//2676 2675//2675
f 2675//2675 2676//2676 2658//2658
f 2675//2675 2658//2658 2657//2657
f 2677//2677 2678//2678 2679//2679
f 2677//2677 2679//2679 2680//2680
f 2680//2680 2679//2679 2376//2376
f 2680//2680 2376//2376 2372//2372
f 2678//2678 2668//2668 2667//2667
f 2678//2678 2667//2667 2679//2679
f 2679//2679 2667//2667 2342//2342
f 2679//2679 2342//2342 2376//2376
f 2677//2677 2680//2680 2681//2681
f 2677//2677 2681//2681 2682//2682
f 2682//2682 2681//2681 2683//2683
f 2682//2682 2683//2683 2684//2684
f 2680//2680 2372//2372 2371//2371
f 2680//2680 2371//2371 2681//2681
f 2681//2681 2371//2371 2374//2374
f 2681//2681 2374//2374 2683//2683
f 2677//2677 2682//2682 2685//2685
f 2677//2677 2685//2685 2686//2686
f 2686//2686 2685//2685 2687//2687
f 2686//2686 2687//2687 2688//2688
f 2682//2682 2684//2684 2689//2689
f 2682//2682 2689//2689 2685//2685
f 2685//2685 2689//2689 2690//2690
f 2685//2685 2690//2690 2687//2687
f 2677//2677 2686//2686 2691//2691
f 2677//2677 2691//2691 2678//2678
f 2678//2678 2691//2691 2673//2673
f 2678//2678 2673//2673 2668//2668
f 2686//2686 2688//2688 2692//2692
f 2686//2686 2692//2692 2691//2691
f 2691//2691 2692//2692 2674//2674
f 2691//2691 2674//2674 2673//2673
f 2693//2693 2694//2694 2695//2695
f 2693//2693 2695//2695 2696//2696
f 2696//2696 2695//2695 2408//2408
f 2696//2696 2408//2408 2404//2404
f 2694//2694 2684//2684 2683//2683
f 2694//2694 2683//2683 2695//2695
f 2695//2695 2683//2683 2374//2374
f 2695//2695 2374//2374 2408//2408
f 2693//2693 2696//2696 2697//2697
f 2693//2693 2697//2697 2698//2698
f 2698//2698 2697//2697 2699//2699
f 2698//2698 2699//2699 2700//2700
f 2696//2696 2404//2404 2403//2403
f 2696//2696 2403//2403 2697//2697
f 2697//2697 2403//2403 2406//2406
f 2697//2697 2406//2406 2699//2699
f 2693//2693 2698//2698 2701//2701
f 2693//2693 2701//2701 2702//2702
f 2702//2702 2701//2701 2703//2703
f 2702//2702 2703//2703 2704//2704
f 2698//2698 2700//2700 2705//2705
f 2698//2698 2705//2705 2701//2701
f 2701//2701 2705//2705 2706//2706
f 2701//2701 2706//2706 2703//2703
f 2693//2693 2702//2702 2707//2707
f 2693//2693 2707//2707 2694//2694
f 2694//2694 2707//2707 2689//2689
f 2694//2694 2689//2689 2684//2684
f 2702//2702 2704//2704 2708//2708
f 2702//2702 2708//2708 2707//2707
f 2707//2707 2708//2708 2690//2690
f 2707//2707 2690//2690 2689//2689
f 2709//2709 2710//2710 2711//2711
f 2709//2709 2711//2711 2712//2712
f 2712//2712 2711//2711 2440//2440
f 2712//2712 2440//2440 2436//2436
f 2710//2710 2700//2700 2699//2699
f 2710//2710 2699//2699 2711//2711
f 2711//2711 2699//2699 2406//2406
f 2711//2711 2406//2406 2440//2440
f 2709//2709 2712//2712 2713//2713
f 2709//2709 2713//2713 2714//2714
f 2714//2714 2713//2713 2715//2715
f 2714//2714 2715//2715 2716//2716
f 2712//2712 2436//2436 2435//2435
f 2712//2712 2435//2435 2713//2713
f 2713//2713 2435//2435 2438//2438
f 2713//2713 2438//2438 2715//2715
f 2709//2709 2714//2714 2717//2717
f 2709//2709 2717//2717 2718//2718
f 2718//2718 2717//2717 2719//2719
f 2718//2718 2719//2719 2720//2720
f 2714//2714 2716//2716 2721//2721
f 2714//2714 2721//2721 2717//2717
f 2717//2717 2721//2721 2722//2722
f 2717//2717 2722//2722 2719//2719
f 2709//2709 2718//2718 2723//2723
f 2709//2709 2723//2723 2710//2710
f 2710//2710 2723//2723 2705//2705
f 2710//2710 2705//2705 2700//2700
f 2718//2718 2720//2720 2724//2724
f 2718//2718 2724//2724 2723//2723
f 2723//2723 2724//2724 2706//2706
f 2723//2723 2706//2706 2705//2705
f 2725//2725 2726//2726 2727//2727
f 2725//2725 2727//2727 2728//2728
f 2728//2728 2727//2727 2472//2472
f 2728//2728 2472//2472 2468//2468
f 2726//2726 2716//2716 2715//2715
f 2726//2726 2715//2715 2727//2727
f 2727//2727 2715//2715 2438//2438
f 2727//2727 2438//2438 2472//2472
f 2725//2725 2728//2728 2729//2729
f 2725//2725 2729//2729 2730//2730
f 2730//2730 2729//2729 2731//2731
f 2730//2730 2731//2731 2732//2732
f 2728//2728 2468//2468 2467//2467
f 2728//2728 2467//2467 2729//2729
f 2729//2729 2467//2467 2470//2470
f 2729//2729 2470//2470 2731//2731
f 2725//2725 2730//2730 2733//2733
f 2725//2725 2733//2733 2734//2734
f 2734//2734 2733//2733 2735//2735
f 2734//2734 2735//2735 2736//2736
f 2730//2730 2732//2732 2737//2737
f 2730//2730 2737//2737 2733//2733
f 2733//2733 2737//2737 2738//2738
f 2733//2733 2738//2738 2735//2735
f 2725//2725 2734//2734 2739//2739
f 2725//2725 2739//2739 2726//2726
f 2726//2726 2739//2739 2721//2721
f 2726//2726 2721//2721 2716//2716
f 2734//2734 2736//2736 2740//2740
f 2734//2734 2740//2740 2739//2739
f 2739//2739 2740//2740 2722//2722
f 2739//2739 2722//2722 2721//2721
f 2741//2741 2742//2742 2743//2743
f 2741//2741 2743//2743 2744//2744
f 2744//2744 2743//2743 2481//2481
f 2744//2744 2481//2481 2478//2478
f 2742//2742 2732//2732 2731//2731
f 2742//2742 2731//2731 2743//2743
f 2743//2743 2731//2731 2470//2470
f 2743//2743 2470//2470 2481//2481
f 2741//2741 2744//2744 2745//2745
f 2741//2741 2745//2745 2746//2746
f 2746//2746 2745//2745 2502//2502
f 2746//2746 2502//2502 2501//2501
f 2744//2744 2478//2478 2477//2477
f 2744//2744 2477//2477 2745//2745
f 2745//2745 2477//2477 2024//2024
f 2745//2745 2024//2024 2502//2502
f 2741//2741 2746//2746 2747//2747
f 2741//2741 2747//2747 2748//2748
f 2748//2748 2747//2747 2749//2749
f 2748//2748 2749//2749 2750//2750
f 2746//2746 2501//2501 2514//2514
f 2746//2746 2514//2514 2747//2747
f 2747//2747 2514//2514 2516//2516
f 2747//2747 2516//2516 2749//2749
f 2741//2741 2748//2748 2751//2751
f 2741//2741 2751//2751 2742//2742
f 2742//2742 2751//2751 2737//2737
f 2742//2742 2737//2737 2732//2732
f 2748//2748 2750//2750 2752//2752
f 2748//2748 2752//2752 2751//2751
f 2751//2751 2752//2752 2738//2738
f 2751//2751 2738//2738 2737//2737
f 2753//2753 2754//2754 2755//2755
f 2753//2753 2755//2755 2756//2756
f 2756//2756 2755//2755 2757//2757
f 2756//2756 2757//2757 2758//2758
f 2754//2754 2759//2759 2760//2760
f 2754//2754 2760//2760 2755//2755
f 2755//2755 2760//2760 2761//2761
f 2755//2755 2761//2761 2757//2757
f 2753//2753 2756//2756 2762//2762
f 2753//2753 2762//2762 2763//2763
f 2763//2763 2762//2762 2764//2764
f 2763//2763 2764//2764 2765//2765
f 2756//2756 2758//2758 2766//2766
f 2756//2756 2766//2766 2762//2762
f 2762//2762 2766//2766 2767//2767
f 2762//2762 2767//2767 2764//2764
f 2753//2753 2763//2763 2768//2768
f 2753//2753 2768//2768 2769//2769
f 2769//2769 2768//2768 2770//2770
f 2769//2769 2770//2770 2771//2771
f 2763//2763 2765//2765 2772//2772
f 2763//2763 2772//2772 2768//2768
f 2768//2768 2772//2772 2773//2773
f 2768//2768 2773//2773 2770//2770
f 2753//2753 2769//2769 2774//2774
f 2753//2753 2774//2774 2754//2754
f 2754//2754 2774//2774 2775//2775
f 2754//2754 2775//2775 2759//2759
f 2769//2769 2771//2771 2776//2776
f 2769//2769 2776//2776 2774//2774
f 2774//2774 2776//2776 2777//2777
f 2774//2774 2777//2777 2775//2775
f 2778//2778 2779//2779 2780//2780
f 2778//2778 2780//2780 2781//2781
f 2781//2781 2780//2780 2782//2782
f 2781//2781 2782//2782 2783//2783
f 2779//2779 2765//2765 2764//2764
f 2779//2779 2764//2764 2780//2780
f 2780//2780 2764//2764 2767//2767
f 2780//2780 2767//2767 2782//2782
f 2778//2778 2781//2781 2784//2784
f 2778//2778 2784//2784 2785//2785
f 2785//2785 2784//2784 2786//2786
f 2785//2785 2786//2786 2787//2787
f 2781//2781 2783//2783 2788//2788
f 2781//2781 2788//2788 2784//2784
f 2784//2784 2788//2788 2789//2789
f 2784//2784 2789//2789 2786//2786
f 2778//2778 2785//2785 2790//2790
f 2778//2778 2790//2790 2791//2791
f 2791//2791 2790//2790 2792//2792
f 2791//2791 2792//2792 2793//2793
f 2785//2785 2787//2787 2794//2794
f 2785//2785 2794//2794 2790//2790
f 2790//2790 2794//2794 2795//2795
f 2790//2790 2795//2795 2792//2792
f 2778//2778 2791//2791 2796//2796
f 2778//2778 2796//2796 2779//2779
f 2779//2779 2796//2796 2772//2772
f 2779//2779 2772//2772 2765//2765
f 2791//2791 2793//2793 2797//2797
f 2791//2791 2797//2797 2796//2796
f 2796//2796 2797//2797 2773//2773
f 2796//2796 2773//2773 2772//2772
f 2798//2798 2799//2799 2800//2800
f 2798//2798 2800//2800 2801//2801
f 2801//2801 2800//2800 2776//2776
f 2801//2801 2776//2776 2771//2771
f 2799//2799 2802//2802 2803//2803
f 2799//2799 2803//2803 2800//2800
f 2800//2800 2803//2803 2777//2777
f 2800//2800 2777//2777 2776//2776
f 2798//2798 2801//2801 2804//2804
f 2798//2798 2804//2804 2805//2805
f 2805//2805 2804//2804 2806//2806
f 2805//2805 2806//2806 2807//2807
f 2801//2801 2771//2771 2770//2770
f 2801//2801 2770//2770 2804//2804
f 2804//2804 2770//2770 2773//2773
f 2804//2804 2773//2773 2806//2806
f 2798//2798 2805//2805 2808//2808
f 2798//2798 2808//2808 2809//2809
f 2809//2809 2808//2808 2810//2810
f 2809//2809 2810//2810 2811//2811
f 2805//2805 2807//2807 2812//2812
f 2805//2805 2812//2812 2808//2808
f 2808//2808 2812//2812 2813//2813
f 2808//2808 2813//2813 2810//2810
f 2798//2798 2809//2809 2814//2814
f 2798//2798 2814//2814 2799//2799
f 2799//2799 2814//2814 2815//2815
f 2799//2799 2815//2815 2802//2802
f 2809//2809 2811//2811 2816//2816
f 2809//2809 2816//2816 2814//2814
f 2814//2814 2816//2816 2817//2817
f 2814//2814 2817//2817 2815//2815
f 2818//2818 2819//2819 2820//2820
f 2818//2818 2820//2820 2821//2821
f 2821//2821 2820//2820 2797//2797
f 2821//2821 2797//2797 2793//2793
f 2819//2819 2807//2807 2806//2806
f 2819//2819 2806//2806 2820//2820
f 2820//2820 2806//2806 2773//2773
f 2820//2820 2773//2773 2797//2797
f 2818//2818 2821//2821 2822//2822
f 2818//2818 2822//2822 2823//2823
f 2823//2823 2822//2822 2824//2824
f 2823//2823 2824//2824 2825//2825
f 2821//2821 2793//2793 2792//2792
f 2821//2821 2792//2792 2822//2822
f 2822//2822 2792//2792 2795//2795
f 2822//2822 2795//2795 2824//2824
f 2818//2818 2823//2823 2826//2826
f 2818//2818 2826//2826 2827//2827
f 2827//2827 2826//2826 2828//2828
f 2827//2827 2828//2828 2829//2829
f 2823//2823 2825//2825 2830//2830
f 2823//2823 2830//2830 2826//2826
f 2826//2826 2830//2830 2831//2831
f 2826//2826 2831//2831 2828//2828
f 2818//2818 2827//2827 2832//2832
f 2818//2818 2832//2832 2819//2819
f 2819//2819 2832//2832 2812//2812
f 2819//2819 2812//2812 2807//2807
f 2827//2827 2829//2829 2833//2833
f 2827//2827 2833//2833 2832//2832
f 2832//2832 2833//2833 2813//2813
f 2832//2832 2813//2813 2812//2812
f 2834//2834 2835//2835 2836//2836
f 2834//2834 2836//2836 2837//2837
f 2837//2837 2836//2836 2816//2816
f 2837//2837 2816//2816 2811//2811
f 2835//2835 2838//2838 2839//2839
f 2835//2835 2839//2839 2836//2836
f 2836//2836 2839//2839 2817//2817
f 2836//2836 2817//2817 2816//2816
f 2834//2834 2837//2837 2840//2840
f 2834//2834 2840//2840 2841//2841
f 2841//2841 2840//2840 2842//2842
f 2841//2841 2842//2842 2843//2843
f 2837//2837 2811//2811 2810//2810
f 2837//2837 2810//2810 2840//2840
f 2840//2840 2810//2810 2813//2813
f 2840//2840 2813//2813 2842//2842
f 2834//2834 2841//2841 2844//2844
f 2834//2834 2844//2844 2845//2845
f 2845//2845 2844//2844 2846//2846
f 2845//2845 2846//2846 2847//2847
f 2841//2841 2843//2843 2848//2848
f 2841//2841 2848//2848 2844//2844
f 2844//2844 2848//2848 2849//2849
f 2844//2844 2849//2849 2846//2846
f 2834//2834 2845//2845 2850//2850
f 2834//2834 2850//2850 2835//2835
f 2835//2835 2850//2850 2851//2851
f 2835//2835 2851//2851 2838//2838
f 2845//2845 2847//2847 2852//2852
f 2845//2845 2852//2852 2850//2850
f 2850//2850 2852//2852 2853//2853
f 2850//2850 2853//2853 2851//2851
f 2854//2854 2855//2855 2856//2856
f 2854//2854 2856//2856 2857//2857
f 2857//2857 2856//2856 2833//2833
f 2857//2857 2833//2833 2829//2829
f 2855//2855 2843//2843 2842//2842
f 2855//2855 2842//2842 2856//2856
f 2856//2856 2842//2842 2813//2813
f 2856//2856 2813//2813 2833//2833
f 2854//2854 2857//2857 2858//2858
f 2854//2854 2858//2858 2859//2859
f 2859//2859 2858//2858 2860//2860
f 2859//2859 2860//2860 2861//2861
f 2857//2857 2829//2829 2828//2828
f 2857//2857 2828//2828 2858//2858
f 2858//2858 2828//2828 2831//2831
f 2858//2858 2831//2831 2860//2860
f 2854//2854 2859//2859 2862//2862
f 2854//2854 2862//2862 2863//2863
f 2863//2863 2862//2862 2864//2864
f 2863//2863 2864//2864 2865//2865
f 2859//2859 2861//2861 2866//2866
f 2859//2859 2866//2866 2862//2862
f 2862//2862 2866//2866 2867//2867
f 2862//2862 2867//2867 2864//2864
f 2854//2854 2863//2863 2868//2868
f 2854//2854 2868//2868 2855//2855
f 2855//2855 2868//2868 2848//2848
f 2855//2855 2848//2848 2843//2843
f 2863//2863 2865//2865 2869//2869
f 2863//2863 2869//2869 2868//2868
f 2868//2868 2869//2869 2849//2849
f 2868//2868 2849//2849 2848//2848
f 2870//2870 2871//2871 2872//2872
f 2870//2870 2872//2872 2873//2873
f 2873//2873 2872//2872 2852//2852
f 2873//2873 2852//2852 2847//2847
f 2871//2871 2874//2874 2875//2875
f 2871//2871 2875//2875 2872//2872
f 2872//2872 2875//2875 2853//2853
f 2872//2872 2853//2853 2852//2852
f 2870//2870 2873//2873 2876//2876
f 2870//2870 2876//2876 2877//2877
f 2877//2877 2876//2876 2878//2878
f 2877//2877 2878//2878 2879//2879
f 2873//2873 2847//2847 2846//2846
f 2873//2873 2846//2846 2876//2876
f 2876//2876 2846//2846 2849//2849
f 2876//2876 2849//2849 2878//2878
f 2870//2870 2877//2877 2880//2880
f 2870//2870 2880//2880 2881//2881
f 2881//2881 2880//2880 2882//2882
f 2881//2881 2882//2882 2883//2883
f 2877//2877 2879//2879 2884//2884
f 2877//2877 2884//2884 2880//2880
f 2880//2880 2884//2884 2885//2885
f 2880//2880 2885//2885 2882//2882
f 2870//2870 2881//2881 2886//2886
f 2870//2870 2886//2886 2871//2871
f 2871//2871 2886//2886 2887//2887
f 2871//2871 2887//2887 2874//2874
f 2881//2881 2883//2883 2888//2888
f 2881//2881 2888//2888 2886//2886
f 2886//2886 2888//2888 2889//2889
f 2886//2886 2889//2889 2887//2887
f 2890//2890 2891//2891 2892//2892
f 2890//2890 2892//2892 2893//2893
f 2893//2893 2892//2892 2869//2869
f 2893//2893 2869//2869 2865//2865
f 2891//2891 2879//2879 2878//2878
f 2891//2891 2878//2878 2892//2892
f 2892//2892 2878//2878 2849//2849
f 2892//2892 2849//2849 2869//2869
f 2890//2890 2893//2893 2894//2894
f 2890//2890 2894//2894 2895//2895
f 2895//2895 2894//2894 2896//2896
f 2895//2895 2896//2896 2897//2897
f 2893//2893 2865//2865 2864//2864
f 2893//2893 2864//2864 2894//2894
f 2894//2894 2864//2864 2867//2867
f 2894//2894 2867//2867 2896//2896
f 2890//2890 2895//2895 2898//2898
f 2890//2890 2898//2898 2899//2899
f 2899//2899 2898//2898 2900//2900
f 2899//2899 2900//2900 2901//2901
f 2895//2895 2897//2897 2902//2902
f 2895//2895 2902//2902 2898//2898
f 2898//2898 2902//2902 2903//2903
f 2898//2898 2903//2903 2900//2900
f 2890//2890 2899//2899 2904//2904
f 2890//2890 2904//2904 2891//2891
f 2891//2891 2904//2904 2884//2884
f 2891//2891 2884//2884 2879//2879
f 2899//2899 2901//2901 2905//2905
f 2899//2899 2905//2905 2904//2904
f 2904//2904 2905//2905 2885//2885
f 2904//2904 2885//2885 2884//2884
f 2906//2906 2907//2907 2908//2908
f 2906//2906 2908//2908 2909//2909
f 2909//2909 2908//2908 2888//2888
f 2909//2909 2888//2888 2883//2883
f 2907//2907 2910//2910 2911//2911
f 2907//2907 2911//2911 2908//2908
f 2908//2908 2911//2911 2889//2889
f 2908//2908 2889//2889 2888//2888
f 2906//2906 2909//2909 2912//2912
f 2906//2906 2912//2912 2913//2913
f 2913//2913 2912//2912 2914//2914
f 2913//2913 2914//2914 2915//2915
f 2909//2909 2883//2883 2882//2882
f 2909//2909 2882//2882 2912//2912
f 2912//2912 2882//2882 2885//2885
f 2912//2912 2885//2885 2914//2914
f 2906//2906 2913//2913 2916//2916
f 2906//2906 2916//2916 2917//2917
f 2917//2917 2916//2916 2918//2918
f 2917//2917 2918//2918 2919//2919
f 2913//2913 2915//2915 2920//2920
f 2913//2913 2920//2920 2916//2916
f 2916//2916 2920//2920 2921//2921
f 2916//2916 2921//2921 2918//2918
f 2906//2906 2917//2917 2922//2922
f 2906//2906 2922//2922 2907//2907
f 2907//2907 2922//2922 2923//2923
f 2907//2907 2923//2923 2910//2910
f 2917//2917 2919//2919 2924//2924
f 2917//2917 2924//2924 2922//2922
f 2922//2922 2924//2924 2925//2925
f 2922//2922 2925//2925 2923//2923
f 2926//2926 2927//2927 2928//2928
f 2926//2926 2928//2928 2929//2929
f 2929//2929 2928//2928 2905//2905
f 2929//2929 2905//2905 2901//2901
f 2927//2927 2915//2915 2914//2914
f 2927//2927 2914//2914 2928//2928
f 2928//2928 2914//2914 2885//2885
f 2928//2928 2885//2885 2905//2905
f 2926//2926 2929//2929 2930//2930
f 2926//2926 2930//2930 2931//2931
f 2931//2931 2930//2930 2932//2932
f 2931//2931 2932//2932 2933//2933
f 2929//2929 2901//2901 2900//2900
f 2929//2929 2900//2900 2930//2930
f 2930//2930 2900//2900 2903//2903
f 2930//2930 2903//2903 2932//2932
f 2926//2926 2931//2931 2934//2934
f 2926//2926 2934//2934 2935//2935
f 2935//2935 2934//2934 2936//2936
f 2935//2935 2936//2936 2937//2937
f 2931//2931 2933//2933 2938//2938
f 2931//2931 2938//2938 2934//2934
f 2934//2934 2938//2938 2939//2939
f 2934//2934 2939//2939 2936//2936
f 2926//2926 2935//2935 2940//2940
f 2926//2926 2940//2940 2927//2927
f 2927//2927 2940//2940 2920//2920
f 2927//2927 2920//2920 2915//2915
f 2935//2935 2937//2937 2941//2941
f 2935//2935 2941//2941 2940//2940
f 2940//2940 2941//2941 2921//2921
f 2940//2940 2921//2921 2920//2920
f 2942//2942 2943//2943 2944//2944
f 2942//2942 2944//2944 2945//2945
f 2945//2945 2944//2944 2924//2924
f 2945//2945 2924//2924 2919//2919
f 2943//2943 2946//2946 2947//2947
f 2943//2943 2947//2947 2944//2944
f 2944//2944 2947//2947 2925//2925
f 2944//2944 2925//2925 2924//2924
f 2942//2942 2945//2945 2948//2948
f 2942//2942 2948//2948 2949//2949
f 2949//2949 2948//2948 2950//2950
f 2949//2949 2950//2950 2951//2951
f 2945//2945 2919//2919 2918//2918
f 2945//2945 2918//2918 2948//2948
f 2948//2948 2918//2918 2921//2921
f 2948//2948 2921//2921 2950//2950
f 2942//2942 2949//2949 2952//2952
f 2942//2942 2952//2952 2953//2953
f 2953//2953 2952//2952 2954//2954
f 2953//2953 2954//2954 2955//2955
f 2949//2949 2951//2951 2956//2956
f 2949//2949 2956//2956 2952//2952
f 2952//2952 2956//2956 2957//2957
f 2952//2952 2957//2957 2954//2954
f 2942//2942 2953//2953 2958//2958
f 2942//2942 2958//2958 2943//2943
f 2943//2943 2958//2958 2959//2959
f 2943//2943 2959//2959 2946//2946
f 2953//2953 2955//2955 2960//2960
f 2953//2953 2960//2960 2958//2958
f 2958//2958 2960//2960 2961//2961
f 2958//2958 2961//2961 2959//2959
f 2962//2962 2963//2963 2964//2964
f 2962//2962 2964//2964 2965//2965
f 2965//2965 2964//2964 2941//2941
f 2965//2965 2941//2941 2937//2937
f 2963//2963 2951//2951 2950//2950
f 2963//2963 2950//2950 2964//2964
f 2964//2964 2950//2950 2921//2921
f 2964//2964 2921//2921 2941//2941
f 2962//2962 2965//2965 2966//2966
f 2962//2962 2966//2966 2967//2967
f 2967//2967 2966//2966 2968//2968
f 2967//2967 2968//2968 2969//2969
f 2965//2965 2937//2937 2936//2936
f 2965//2965 2936//2936 2966//2966
f 2966//2966 2936//2936 2939//2939
f 2966//2966 2939//2939 2968//2968
f 2962//2962 2967//2967 2970//2970
f 2962//2962 2970//2970 2971//2971
f 2971//2971 2970//2970 2972//2972
f 2971//2971 2972//2972 2973//2973
f 2967//2967 2969//2969 2974//2974
f 2967//2967 2974//2974 2970//2970
f 2970//2970 2974//2974 2975//2975
f 2970//2970 2975//2975 2972//2972
f 2962//2962 2971//2971 2976//2976
f 2962//2962 2976//2976 2963//2963
f 2963//2963 2976//2976 2956//2956
f 2963//2963 2956//2956 2951//2951
f 2971//2971 2973//2973 2977//2977
f 2971//2971 2977//2977 2976//2976
f 2976//2976 2977//2977 2957//2957
f 2976//2976 2957//2957 2956//2956
f 2978//2978 2979//2979 2980//2980
f 2978//2978 2980//2980 2981//2981
f 2981//2981 2980//2980 2960//2960
f 2981//2981 2960//2960 2955//2955
f 2979//2979 2982//2982 2983//2983
f 2979//2979 2983//2983 2980//2980
f 2980//2980 2983//2983 2961//2961
f 2980//2980 2961//2961 2960//2960
f 2978//2978 2981//2981 2984//2984
f 2978//2978 2984//2984 2985//2985
f 2985//2985 2984//2984 2986//2986
f 2985//2985 2986//2986 2987//2987
f 2981//2981 2955//2955 2954//2954
f 2981//2981 2954//2954 2984//2984
f 2984//2984 2954//2954 2957//2957
f 2984//2984 2957//2957 2986//2986
f 2978//2978 2985//2985 2988//2988
f 2978//2978 2988//2988 2989//2989
f 2989//2989 2988//2988 2990//2990
f 2989//2989 2990//2990 2991//2991
f 2985//2985 2987//2987 2992//2992
f 2985//2985 2992//2992 2988//2988
f 2988//2988 2992//2992 2993//2993
f 2988//2988 2993//2993 2990//2990
f 2978//2978 2989//2989 2994//2994
f 2978//2978 2994//2994 2979//2979
f 2979//2979 2994//2994 2995//2995
f 2979//2979 2995//2995 2982//2982
f 2989//2989 2991//2991 2996//2996
f 2989//2989 2996//2996 2994//2994
f 2994//2994 2996//2996 2997//2997
f 2994//2994 2997//2997 2995//2995
f 2998//2998 2999//2999 3000//3000
f 2998//2998 3000//3000 3001//3001
f 3001//3001 3000//3000 2977//2977
f 3001//3001 2977//2977 2973//2973
f 2999//2999 2987//2987 2986//2986
f 2999//2999 2986//2986 3000//3000
f 3000//3000 2986//2986 2957//2957
f 3000//3000 2957//2957 2977//2977
f 2998//2998 3001//3001 3002//3002
f 2998//2998 3002//3002 3003//3003
f 3003//3003 3002//3002 3004//3004
f 3003//3003 3004//3004 3005//3005
f 3001//3001 2973//2973 2972//2972
f 3001//3001 2972//2972 3002//3002
f 3002//3002 2972//2972 2975//2975
f 3002//3002 2975//2975 3004//3004
f 2998//2998 3003//3003 3006//3006
f 2998//2998 3006//3006 3007//3007
f 3007//3007 3006//3006 3008//3008
f 3007//3007 3008//3008 3009//3009
f 3003//3003 3005//3005 3010//3010
f 3003//3003 3010//3010 3006//3006
f 3006//3006 3010//3010 3011//3011
f 3006//3006 3011//3011 3008//3008
f 2998//2998 3007//3007 3012//3012
f 2998//2998 3012//3012 2999//2999
f 2999//2999 3012//3012 2992//2992
f 2999//2999 2992//2992 2987//2987
f 3007//3007 3009//3009 3013//3013
f 3007//3007 3013//3013 3012//3012
f 3012//3012 3013//3013 2993//2993
f 3012//3012 2993//2993 2992//2992
f 3014//3014 3015//3015 3016//3016
f 3014//3014 3016//3016 3017//3017
f 3017//3017 3016//3016 2996//2996
f 3017//3017 2996//2996 2991//2991
f 3015//3015 3018//3018 3019//3019
f 3015//3015 3019//3019 3016//3016
f 3016//3016 3019//3019 2997//2997
f 3016//3016 2997//2997 2996//2996
f 3014//3014 3017//3017 3020//3020
f 3014//3014 3020//3020 3021//3021
f 3021//3021 3020//3020 3022//3022
f 3021//3021 3022//3022 3023//3023
f 3017//3017 2991//2991 2990//2990
f 3017//3017 2990//2990 3020//3020
f 3020//3020 2990//2990 2993//2993
f 3020//3020 2993//2993 3022//3022
f 3014//3014 3021//3021 3024//3024
f 3014//3014 3024//3024 3025//3025
f 3025//3025 3024//3024 3026//3026
f 3025//3025 3026//3026 3027//3027
f 3021//3021 3023//3023 3028//3028
f 3021//3021 3028//3028 3024//3024
f 3024//3024 3028//3028 3029//3029
f 3024//3024 3029//3029 3026//3026
f 3014//3014 3025//3025 3030//3030
f 3014//3014 3030//3030 3015//3015
f 3015//3015 3030//3030 3031//3031
f 3015//3015 3031//3031 3018//3018
f 3025//3025 3027//3027 3032//3032
f 3025//3025 3032//3032 3030//3030
f 3030//3030 3032//3032 3033//3033
f 3030//3030 3033//3033 3031//3031
f 3034//3034 3035//3035 3036//3036
f 3034//3034 3036//3036 3037//3037
f 3037//3037 3036//3036 3013//3013
f 3037//3037 3013//3013 3009//3009
f 3035//3035 3023//3023 3022//3022
f 3035//3035 3022//3022 3036//3036
f 3036//3036 3022//3022 2993//2993
f 3036//3036 2993//2993 3013//3013
f 3034//3034 3037//3037 3038//3038
f 3034//3034 3038//3038 3039//3039
f 3039//3039 3038//3038 3040//3040
f 3039//3039 3040//3040 3041//3041
f 3037//3037 3009//3009 3008//3008
f 3037//3037 3008//3008 3038//3038
f 3038//3038 3008//3008 3011//3011
f 3038//3038 3011//3011 3040//3040
f 3034//3034 3039//3039 3042//3042
f 3034//3034 3042//3042 3043//3043
f 3043//3043 3042//3042 3044//3044
f 3043//3043 3044//3044 3045//3045
f 3039//3039 3041//3041 3046//3046
f 3039//3039 3046//3046 3042//3042
f 3042//3042 3046//3046 3047//3047
f 3042//3042 3047//3047 3044//3044
f 3034//3034 3043//3043 3048//3048
f 3034//3034 3048//3048 3035//3035
f 3035//3035 3048//3048 3028//3028
f 3035//3035 3028//3028 3023//3023
f 3043//3043 3045//3045 3049//3049
f 3043//3043 3049//3049 3048//3048
f 3048//3048 3049//3049 3029//3029
f 3048//3048 3029//3029 3028//3028
f 3050//3050 3051//3051 3052//3052
f 3050//3050 3052//3052 3053//3053
f 3053//3053 3052//3052 3032//3032
f 3053//3053 3032//3032 3027//3027
f 3051//3051 3054//3054 3055//3055
f 3051//3051 3055//3055 3052//3052
f 3052//3052 3055//3055 3033//3033
f 3052//3052 3033//3033 3032//3032
f 3050//3050 3053//3053 3056//3056
f 3050//3050 3056//3056 3057//3057
f 3057//3057 3056//3056 3058//3058
f 3057//3057 3058//3058 3059//3059
f 3053//3053 3027//3027 3026//3026
f 3053//3053 3026//3026 3056//3056
f 3056//3056 3026//3026 3029//3029
f 3056//3056 3029//3029 3058//3058
f 3050//3050 3057//3057 3060//3060
f 3050//3050 3060//3060 3061//3061
f 3061//3061 3060//3060 3062//3062
f 3061//3061 3062//3062 3063//3063
f 3057//3057 3059//3059 3064//3064
f 3057//3057 3064//3064 3060//3060
f 3060//3060 3064//3064 3065//3065
f 3060//3060 3065//3065 3062//3062
f 3050//3050 3061//3061 3066//3066
f 3050//3050 3066//3066 3051//3051
f 3051//3051 3066//3066 3067//3067
f 3051//3051 3067//3067 3054//3054
f 3061//3061 3063//3063 3068//3068
f 3061//3061 3068//3068 3066//3066
f 3066//3066 3068//3068 3069//3069
f 3066//3066 3069//3069 3067//3067
f 3070//3070 3071//3071 3072//3072
f 3070//3070 3072//3072 3073//3073
f 3073//3073 3072//3072 3049//3049
f 3073//3073 3049//3049 3045//3045
f 3071//3071 3059//3059 3058//3058
f 3071//3071 3058//3058 3072//3072
f 3072//3072 3058//3058 3029//3029
f 3072//3072 3029//3029 3049//3049
f 3070//3070 3073//3073 3074//3074
f 3070//3070 3074//3074 3075//3075
f 3075//3075 3074//3074 3076//3076
f 3075//3075 3076//3076 3077//3077
f 3073//3073 3045//3045 3044//3044
f 3073//3073 3044//3044 3074//3074
f 3074//3074 3044//3044 3047//3047
f 3074//3074 3047//3047 3076//3076
f 3070//3070 3075//3075 3078//3078
f 3070//3070 3078//3078 3079//3079
f 3079//3079 3078//3078 3080//3080
f 3079//3079 3080//3080 3081//3081
f 3075//3075 3077//3077 3082//3082
f 3075//3075 3082//3082 3078//3078
f 3078//3078 3082//3082 3083//3083
f 3078//3078 3083//3083 3080//3080
f 3070//3070 3079//3079 3084//3084
f 3070//3070 3084//3084 3071//3071
f 3071//3071 3084//3084 3064//3064
f 3071//3071 3064//3064 3059//3059
f 3079//3079 3081//3081 3085//3085
f 3079//3079 3085//3085 3084//3084
f 3084//3084 3085//3085 3065//3065
f 3084//3084 3065//3065 3064//3064
f 3086//3086 3087//3087 3088//3088
f 3086//3086 3088//3088 3089//3089
f 3089//3089 3088//3088 3068//3068
f 3089//3089 3068//3068 3063//3063
f 3087//3087 3090//3090 3091//3091
f 3087//3087 3091//3091 3088//3088
f 3088//3088 3091//3091 3069//3069
f 3088//3088 3069//3069 3068//3068
f 3086//3086 3089//3089 3092//3092
f 3086//3086 3092//3092 3093//3093
f 3093//3093 3092//3092 3094//3094
f 3093//3093 3094//3094 3095//3095
f 3089//3089 3063//3063 3062//3062
f 3089//3089 3062//3062 3092//3092
f 3092//3092 3062//3062 3065//3065
f 3092//3092 3065//3065 3094//3094
f 3086//3086 3093//3093 3096//3096
f 3086//3086 3096//3096 3097//3097
f 3097//3097 3096//3096 3098//3098
f 3097//3097 3098//3098 3099//3099
f 3093//3093 3095//3095 3100//3100
f 3093//3093 3100//3100 3096//3096
f 3096//3096 3100//3100 3101//3101
f 3096//3096 3101//3101 3098//3098
f 3086//3086 3097//3097 3102//3102
f 3086//3086 3102//3102 3087//3087
f 3087//3087 3102//3102 3103//3103
f 3087//3087 3103//3103 3090//3090
f 3097//3097 3099//3099 3104//3104
f 3097//3097 3104//3104 3102//3102
f 3102//3102 3104//3104 3105//3105
f 3102//3102 3105//3105 3103//3103
f 3106//3106 3107//3107 3108//3108
f 3106//3106 3108//3108 3109//3109
f 3109//3109 3108//3108 3085//3085
f 3109//3109 3085//3085 3081//3081
f 3107//3107 3095//3095 3094//3094
f 3107//3107 3094//3094 3108//3108
f 3108//3108 3094//3094 3065//3065
f 3108//3108 3065//3065 3085//3085
f 3106//3106 3109//3109 3110//3110
f 3106//3106 3110//3110 3111//3111
f 3111//3111 3110//3110 3112//3112
f 3111//3111 3112//3112 3113//3113
f 3109//3109 3081//3081 3080//3080
f 3109//3109 3080//3080 3110//3110
f 3110//3110 3080//3080 3083//3083
f 3110//3110 3083//3083 3112//3112
f 3106//3106 3111//3111 3114//3114
f 3106//3106 3114//3114 3115//3115
f 3115//3115 3114//3114 3116//3116
f 3115//3115 3116//3116 3117//3117
f 3111//3111 3113//3113 3118//3118
f 3111//3111 3118//3118 3114//3114
f 3114//3114 3118//3118 3119//3119
f 3114//3114 3119//3119 3116//3116
f 3106//3106 3115//3115 3120//3120
f 3106//3106 3120//3120 3107//3107
f 3107//3107 3120//3120 3100//3100
f 3107//3107 3100//3100 3095//3095
f 3115//3115 3117//3117 3121//3121
f 3115//3115 3121//3121 3120//3120
f 3120//3120 3121//3121 3101//3101
f 3120//3120 3101//3101 3100//3100
f 3122//3122 3123//3123 3124//3124
f 3122//3122 3124//3124 3125//3125
f 3125//3125 3124//3124 3104//3104
f 3125//3125 3104//3104 3099//3099
f 3123//3123 3126//3126 3127//3127
f 3123//3123 3127//3127 3124//3124
f 3124//3124 3127//3127 3105//3105
f 3124//3124 3105//3105 3104//3104
f 3122//3122 3125//3125 3128//3128
f 3122//3122 3128//3128 3129//3129
f 3129//3129 3128//3128 3130//3130
f 3129//3129 3130//3130 3131//3131
f 3125//3125 3099//3099 3098//3098
f 3125//3125 3098//3098 3128//3128
f 3128//3128 3098//3098 3101//3101
f 3128//3128 3101//3101 3130//3130
f 3122//3122 3129//3129 3132//3132
f 3122//3122 3132//3132 3133//3133
f 3133//3133 3132//3132 3134//3134
f 3133//3133 3134//3134 3135//3135
f 3129//3129 3131//3131 3136//3136
f 3129//3129 3136//3136 3132//3132
f 3132//3132 3136//3136 3137//3137
f 3132//3132 3137//3137 3134//3134
f 3122//3122 3133//3133 3138//3138
f 3122//3122 3138//3138 3123//3123
f 3123//3123 3138//3138 3139//3139
f 3123//3123 3139//3139 3126//3126
f 3133//3133 3135//3135 3140//3140
f 3133//3133 3140//3140 3138//3138
f 3138//3138 3140//3140 3141//3141
f 3138//3138 3141//3141 3139//3139
f 3142//3142 3143//3143 3144//3144
f 3142//3142 3144//3144 3145//3145
f 3145//3145 3144//3144 3121//3121
f 3145//3145 3121//3121 3117//3117
f 3143//3143 3131//3131 3130//3130
f 3143//3143 3130//3130 3144//3144
f 3144//3144 3130//3130 3101//3101
f 3144//3144 3101//3101 3121//3121
f 3142//3142 3145//3145 3146//3146
f 3142//3142 3146//3146 3147//3147
f 3147//3147 3146//3146 3148//3148
f 3147//3147 3148//3148 3149//3149
f 3145//3145 3117//3117 3116//3116
f 3145//3145 3116//3116 3146//3146
f 3146//3146 3116//3116 3119//3119
f 3146//3146 3119//3119 3148//3148
f 3142//3142 3147//3147 3150//3150
f 3142//3142 3150//3150 3151//3151
f 3151//3151 3150//3150 3152//3152
f 3151//3151 3152//3152 3153//3153
f 3147//3147 3149//3149 3154//3154
f 3147//3147 3154//3154 3150//3150
f 3150//3150 3154//3154 3155//3155
f 3150//3150 3155//3155 3152//3152
f 3142//3142 3151//3151 3156//3156
f 3142//3142 3156//3156 3143//3143
f 3143//3143 3156//3156 3136//3136
f 3143//3143 3136//3136 3131//3131
f 3151//3151 3153//3153 3157//3157
f 3151//3151 3157//3157 3156//3156
f 3156//3156 3157//3157 3137//3137
f 3156//3156 3137//3137 3136//3136
f 3158//3158 3159//3159 3160//3160
f 3158//3158 3160//3160 3161//3161
f 3161//3161 3160//3160 3140//3140
f 3161//3161 3140//3140 3135//3135
f 3159//3159 3162//3162 3163//3163
f 3159//3159 3163//3163 3160//3160
f 3160//3160 3163//3163 3141//3141
f 3160//3160 3141//3141 3140//3140
f 3158//3158 3161//3161 3164//3164
f 3158//3158 3164//3164 3165//3165
f 3165//3165 3164//3164 3166//3166
f 3165//3165 3166//3166 3167//3167
f 3161//3161 3135//3135 3134//3134
f 3161//3161 3134//3134 3164//3164
f 3164//3164 3134//3134 3137//3137
f 3164//3164 3137//3137 3166//3166
f 3158//3158 3165//3165 3168//3168
f 3158//3158 3168//3168 3169//3169
f 3169//3169 3168//3168 3170//3170
f 3169//3169 3170//3170 3171//3171
f 3165//3165 3167//3167 3172//3172
f 3165//3165 3172//3172 3168//3168
f 3168//3168 3172//3172 3173//3173
f 3168//3168 3173//3173 3170//3170
f 3158//3158 3169//3169 3174//3174
f 3158//3158 3174//3174 3159//3159
f 3159//3159 3174//3174 3175//3175
f 3159//3159 3175//3175 3162//3162
f 3169//3169 3171//3171 3176//3176
f 3169//3169 3176//3176 3174//3174
f 3174//3174 3176//3176 3177//3177
f 3174//3174 3177//3177 3175//3175
f 3178//3178 3179//3179 3180//3180
f 3178//3178 3180//3180 3181//3181
f 3181//3181 3180//3180 3157//3157
f 3181//3181 3157//3157 3153//3153
f 3179//3179 3167//3167 3166//3166
f 3179//3179 3166//3166 3180//3180
f 3180//3180 3166//3166 3137//3137
f 3180//3180 3137//3137 3157//3157
f 3178//3178 3181//3181 3182//3182
f 3178//3178 3182//3182 3183//3183
f 3183//3183 3182//3182 3184//3184
f 3183//3183 3184//3184 3185//3185
f 3181//3181 3153//3153 3152//3152
f 3181//3181 3152//3152 3182//3182
f 3182//3182 3152//3152 3155//3155
f 3182//3182 3155//3155 3184//3184
f 3178//3178 3183//3183 3186//3186
f 3178//3178 3186//3186 3187//3187
f 3187//3187 3186//3186 3188//3188
f 3187//3187 3188//3188 3189//3189
f 3183//3183 3185//3185 3190//3190
f 3183//3183 3190//3190 3186//3186
f 3186//3186 3190//3190 3191//3191
f 3186//3186 3191//3191 3188//3188
f 3178//3178 3187//3187 3192//3192
f 3178//3178 3192//3192 3179//3179
f 3179//3179 3192//3192 3172//3172
f 3179//3179 3172//3172 3167//3167
f 3187//3187 3189//3189 3193//3193
f 3187//3187 3193//3193 3192//3192
f 3192//3192 3193//3193 3173//3173
f 3192//3192 3173//3173 3172//3172
f 3194//3194 3195//3195 3196//3196
f 3194//3194 3196//3196 3197//3197
f 3197//3197 3196//3196 3176//3176
f 3197//3197 3176//3176 3171//3171
f 3195//3195 3198//3198 3199//3199
f 3195//3195 3199//3199 3196//3196
f 3196//3196 3199//3199 3177//3177
f 3196//3196 3177//3177 3176//3176
f 3194//3194 3197//3197 3200//3200
f 3194//3194 3200//3200 3201//3201
f 3201//3201 3200//3200 3202//3202
f 3201//3201 3202//3202 3203//3203
f 3197//3197 3171//3171 3170//3170
f 3197//3197 3170//3170 3200//3200
f 3200//3200 3170//3170 3173//3173
f 3200//3200 3173//3173 3202//3202
f 3194//3194 3201//3201 3204//3204
f 3194//3194 3204//3204 3205//3205
f 3205//3205 3204//3204 3206//3206
f 3205//3205 3206//3206 3207//3207
f 3201//3201 3203//3203 3208//3208
f 3201//3201 3208//3208 3204//3204
f 3204//3204 3208//3208 3209//3209
f 3204//3204 3209//3209 3206//3206
f 3194//3194 3205//3205 3210//3210
f 3194//3194 3210//3210 3195//3195
f 3195//3195 3210//3210 3211//3211
f 3195//3195 3211//3211 3198//3198
f 3205//3205 3207//3207 3212//3212
f 3205//3205 3212//3212 3210//3210
f 3210//3210 3212//3212 3213//3213
f 3210//3210 3213//3213 3211//3211
f 3214//3214 3215//3215 3216//3216
f 3214//3214 3216//3216 3217//3217
f 3217//3217 3216//3216 3193//3193
f 3217//3217 3193//3193 3189//3189
f 3215//3215 3203//3203 3202//3202
f 3215//3215 3202//3202 3216//3216
f 3216//3216 3202//3202 3173//3173
f 3216//3216 3173//3173 3193//3193
f 3214//3214 3217//3217 3218//3218
f 3214//3214 3218//3218 3219//3219
f 3219//3219 3218//3218 3220//3220
f 3219//3219 3220//3220 3221//3221
f 3217//3217 3189//3189 3188//3188
f 3217//3217 3188//3188 3218//3218
f 3218//3218 3188//3188 3191//3191
f 3218//3218 3191//3191 3220//3220
f 3214//3214 3219//3219 3222//3222
f 3214//3214 3222//3222 3223//3223
f 3223//3223 3222//3222 3224//3224
f 3223//3223 3224//3224 3225//3225
f 3219//3219 3221//3221 3226//3226
f 3219//3219 3226//3226 3222//3222
f 3222//3222 3226//3226 3227//3227
f 3222//3222 3227//3227 3224//3224
f 3214//3214 3223//3223 3228//3228
f 3214//3214 3228//3228 3215//3215
f 3215//3215 3228//3228 3208//3208
f 3215//3215 3208//3208 3203//3203
f 3223//3223 3225//3225 3229//3229
f 3223//3223 3229//3229 3228//3228
f 3228//3228 3229//3229 3209//3209
f 3228//3228 3209//3209 3208//3208
f 3230//3230 3231//3231 3232//3232
f 3230//3230 3232//3232 3233//3233
f 3233//3233 3232//3232 3212//3212
f 3233//3233 3212//3212 3207//3207
f 3231//3231 3234//3234 3235//3235
f 3231//3231 3235//3235 3232//3232
f 3232//3232 3235//3235 3213//3213
f 3232//3232 3213//3213 3212//3212
f 3230//3230 3233//3233 3236//3236
f 3230//3230 3236//3236 3237//3237
f 3237//3237 3236//3236 3238//3238
f 3237//3237 3238//3238 3239//3239
f 3233//3233 3207//3207 3206//3206
f 3233//3233 3206//3206 3236//3236
f 3236//3236 3206//3206 3209//3209
f 3236//3236 3209//3209 3238//3238
f 3230//3230 3237//3237 3240//3240
f 3230//3230 3240//3240 3241//3241
f 3241//3241 3240//3240 3242//3242
f 3241//3241 3242//3242 3243//3243
f 3237//3237 3239//3239 3244//3244
f 3237//3237 3244//3244 3240//3240
f 3240//3240 3244//3244 3245//3245
f 3240//3240 3245//3245 3242//3242
f 3230//3230 3241//3241 3246//3246
f 3230//3230 3246//3246 3231//3231
f 3231//3231 3246//3246 3247//3247
f 3231//3231 3247//3247 3234//3234
f 3241//3241 3243//3243 3248//3248
f 3241//3241 3248//3248 3246//3246
f 3246//3246 3248//3248 3249//3249
f 3246//3246 3249//3249 3247//3247
f 3250//3250 3251//3251 3252//3252
f 3250//3250 3252//3252 3253//3253
f 3253//3253 3252//3252 3229//3229
f 3253//3253 3229//3229 3225//3225
f 3251//3251 3239//3239 3238//3238
f 3251//3251 3238//3238 3252//3252
f 3252//3252 3238//3238 3209//3209
f 3252//3252 3209//3209 3229//3229
f 3250//3250 3253//3253 3254//3254
f 3250//3250 3254//3254 3255//3255
f 3255//3255 3254//3254 3256//3256
f 3255//3255 3256//3256 3257//3257
f 3253//3253 3225//3225 3224//3224
f 3253//3253 3224//3224 3254//3254
f 3254//3254 3224//3224 3227//3227
f 3254//3254 3227//3227 3256//3256
f 3250//3250 3255//3255 3258//3258
f 3250//3250 3258//3258 3259//3259
f 3259//3259 3258//3258 3260//3260
f 3259//3259 3260//3260 3261//3261
f 3255//3255 3257//3257 3262//3262
f 3255//3255 3262//3262 3258//3258
f 3258//3258 3262//3262 3263//3263
f 3258//3258 3263//3263 3260//3260
f 3250//3250 3259//3259 3264//3264
f 3250//3250 3264//3264 3251//3251
f 3251//3251 3264//3264 3244//3244
f 3251//3251 3244//3244 3239//3239
f 3259//3259 3261//3261 3265//3265
f 3259//3259 3265//3265 3264//3264
f 3264//3264 3265//3265 3245//3245
f 3264//3264 3245//3245 3244//3244
f 3266//3266 3267//3267 3268//3268
f 3266//3266 3268//3268 3269//3269
f 3269//3269 3268//3268 3248//3248
f 3269//3269 3248//3248 3243//3243
f 3267//3267 3270//3270 3271//3271
f 3267//3267 3271//3271 3268//3268
f 3268//3268 3271//3271 3249//3249
f 3268//3268 3249//3249 3248//3248
f 3266//3266 3269//3269 3272//3272
f 3266//3266 3272//3272 3273//3273
f 3273//3273 3272//3272 3274//3274
f 3273//3273 3274//3274 3275//3275
f 3269//3269 3243//3243 3242//3242
f 3269//3269 3242//3242 3272//3272
f 3272//3272 3242//3242 3245//3245
f 3272//3272 3245//3245 3274//3274
f 3266//3266 3273//3273 3276//3276
f 3266//3266 3276//3276 3277//3277
f 3277//3277 3276//3276 3278//3278
f 3277//3277 3278//3278 3279//3279
f 3273//3273 3275//3275 3280//3280
f 3273//3273 3280//3280 3276//3276
f 3276//3276 3280//3280 3281//3281
f 3276//3276 3281//3281 3278//3278
f 3266//3266 3277//3277 3282//3282
f 3266//3266 3282//3282 3267//3267
f 3267//3267 3282//3282 3283//3283
f 3267//3267 3283//3283 3270//3270
f 3277//3277 3279//3279 3284//3284
f 3277//3277 3284//3284 3282//3282
f 3282//3282 3284//3284 3285//3285
f 3282//3282 3285//3285 3283//3283
f 3286//3286 3287//3287 3288//3288
f 3286//3286 3288//3288 3289//3289
f 3289//3289 3288//3288 3265//3265
f 3289//3289 3265//3265 3261//3261
f 3287//3287 3275//3275 3274//3274
f 3287//3287 3274//3274 3288//3288
f 3288//3288 3274//3274 3245//3245
f 3288//3288 3245//3245 3265//3265
f 3286//3286 3289//3289 3290//3290
f 3286//3286 3290//3290 3291//3291
f 3291//3291 3290//3290 3292//3292
f 3291//3291 3292//3292 3293//3293
f 3289//3289 3261//3261 3260//3260
f 3289//3289 3260//3260 3290//3290
f 3290//3290 3260//3260 3263//3263
f 3290//3290 3263//3263 3292//3292
f 3286//3286 3291//3291 3294//3294
f 3286//3286 3294//3294 3295//3295
f 3295//3295 3294//3294 3296//3296
f 3295//3295 3296//3296 3297//3297
f 3291//3291 3293//3293 3298//3298
f 3291//3291 3298//3298 3294//3294
f 3294//3294 3298//3298 3299//3299
f 3294//3294 3299//3299 3296//3296
f 3286//3286 3295//3295 3300//3300
f 3286//3286 3300//3300 3287//3287
f 3287//3287 3300//3300 3280//3280
f 3287//3287 3280//3280 3275//3275
f 3295//3295 3297//3297 3301//3301
f 3295//3295 3301//3301 3300//3300
f 3300//3300 3301//3301 3281//3281
f 3300//3300 3281//3281 3280//3280
f 3302//3302 3303//3303 3304//3304
f 3302//3302 3304//3304 3305//3305
f 3305//3305 3304//3304 3284//3284
f 3305//3305 3284//3284 3279//3279
f 3303//3303 3306//3306 3307//3307
f 3303//3303 3307//3307 3304//3304
f 3304//3304 3307//3307 3285//3285
f 3304//3304 3285//3285 3284//3284
f 3302//3302 3305//3305 3308//3308
f 3302//3302 3308//3308 3309//3309
f 3309//3309 3308//3308 3310//3310
f 3309//3309 3310//3310 3311//3311
f 3305//3305 3279//3279 3278//3278
f 3305//3305 3278//3278 3308//3308
f 3308//3308 3278//3278 3281//3281
f 3308//3308 3281//3281 3310//3310
f 3302//3302 3309//3309 3312//3312
f 3302//3302 3312//3312 3313//3313
f 3313//3313 3312//3312 2766//2766
f 3313//3313 2766//2766 2758//2758
f 3309//3309 3311//3311 3314//3314
f 3309//3309 3314//3314 3312//3312
f 3312//3312 3314//3314 2767//2767
f 3312//3312 2767//2767 2766//2766
f 3302//3302 3313//3313 3315//3315
f 3302//3302 3315//3315 3303//3303
f 3303//3303 3315//3315 3316//3316
f 3303//3303 3316//3316 3306//3306
f 3313//3313 2758//2758 2757//2757
f 3313//3313 2757//2757 3315//3315
f 3315//3315 2757//2757 2761//2761
f 3315//3315 2761//2761 3316//3316
f 3317//3317 3318//3318 3319//3319
f 3317//3317 3319//3319 3320//3320
f 3320//3320 3319//3319 3301//3301
f 3320//3320 3301//3301 3297//3297
f 3318//3318 3311//3311 3310//3310
f 3318//3318 3310//3310 3319//3319
f 3319//3319 3310//3310 3281//3281
f 3319//3319 3281//3281 3301//3301
f 3317//3317 3320//3320 3321//3321
f 3317//3317 3321//3321 3322//3322
f 3322//3322 3321//3321 3323//3323
f 3322//3322 3323//3323 3324//3324
f 3320//3320 3297//3297 3296//3296
f 3320//3320 3296//3296 3321//3321
f 3321//3321 3296//3296 3299//3299
f 3321//3321 3299//3299 3323//3323
f 3317//3317 3322//3322 3325//3325
f 3317//3317 3325//3325 3326//3326
f 3326//3326 3325//3325 2788//2788
f 3326//3326 2788//2788 2783//2783
f 3322//3322 3324//3324 3327//3327
f 3322//3322 3327//3327 3325//3325
f 3325//3325 3327//3327 2789//2789
f 3325//3325 2789//2789 2788//2788
f 3317//3317 3326//3326 3328//3328
f 3317//3317 3328//3328 3318//3318
f 3318//3318 3328//3328 3314//3314
f 3318//3318 3314//3314 3311//3311
f 3326//3326 2783//2783 2782//2782
f 3326//3326 2782//2782 3328//3328
f 3328//3328 2782//2782 2767//2767
f 3328//3328 2767//2767 3314//3314
