# Generated by lxe_pbrt_scene_convert
v 2.46222711 0.580920994 1.56733
v 2.36121988 0.581142008 1.56912005
v 2.35492301 0.56427002 1.57610297
v 2.45117497 0.565460026 1.57517195
v 2.51219296 0.566304028 1.57515097
v 2.5276711 0.580721021 1.56654596
v 2.54740191 0.601096988 1.55429697
v 2.4764061 0.603206992 1.55579197
v 2.36944509 0.605982006 1.55824494
v 2.5506649 0.580650985 1.56627095
v 2.53363204 0.566600025 1.57514405
v 2.53484106 0.56625098 1.574489
v 2.55196309 0.580281019 1.56560099
v 2.57375693 0.599946976 1.553087
v 2.57234597 0.600355029 1.55377197
v 2.44682288 0.559373021 1.57825899
v 2.50609899 0.560626984 1.57853901
v 2.35244393 0.557627022 1.57885206
v 2.35198808 0.556114972 1.57867205
v 2.44604397 0.55795598 1.57813799
v 2.50501895 0.559282005 1.57846904
v 2.52692604 0.561067998 1.578637
v 2.52809906 0.560727 1.57798898
v 2.52573991 0.559746981 1.57858598
v 2.52690601 0.559729993 1.57792497
v 2.52726412 0.859511018 1.39346194
v 2.59280705 0.824759007 1.41251504
v 2.5925281 0.82506299 1.41142499
v 2.52717209 0.859966993 1.39223003
v 2.42199898 0.908299983 1.36587799
v 2.42192411 0.907644987 1.36729002
v 2.42070508 0.895615995 1.376212
v 2.52801394 0.849822998 1.40027595
v 2.59575891 0.816868007 1.41764402
v 2.61583495 0.812547982 1.419209
v 2.61713505 0.811478019 1.41894102
v 2.61653304 0.811830997 1.41804802
v 2.61548996 0.812798977 1.41816998
v 2.61956096 0.80528897 1.42374599
v 2.62090611 0.804255009 1.42344403
v 2.530092 0.822951019 1.41917396
v 2.60394597 0.794981003 1.43186998
v 2.41732597 0.862251997 1.40095699
v 2.41258192 0.819588006 1.43193603
v 2.531214 0.788022995 1.443344
v 2.61163902 0.76583302 1.45068598
v 2.62989497 0.785153985 1.43633103
v 2.63136411 0.784220994 1.43593395
v 2.63989592 0.758036017 1.45326602
v 2.64149809 0.75721997 1.45276105
v 2.49013996 0.629773021 1.54161501
v 2.5662539 0.624648988 1.53997505
v 2.58341289 0.650556982 1.52394497
v 2.50298595 0.659096003 1.52520597
v 2.38588095 0.670479 1.526402
v 2.37770891 0.636530995 1.543818
v 2.36944509 0.605982006 1.55824494
v 2.4764061 0.603206992 1.55579197
v 2.54740191 0.601096988 1.55429697
v 2.59299707 0.622848988 1.53939903
v 2.59451103 0.622379005 1.53871202
v 2.61327195 0.647018015 1.52282298
v 2.61167002 0.64755702 1.52350199
v 2.57234597 0.600355029 1.55377197
v 2.57375693 0.599946976 1.553087
v 2.62742209 0.673904002 1.50643098
v 2.59806299 0.67799902 1.50657201
v 2.58341289 0.650556982 1.52394497
v 2.61167002 0.64755702 1.52350199
v 2.61327195 0.647018015 1.52282298
v 2.62908697 0.673301995 1.50576901
v 2.64005995 0.700802982 1.48807704
v 2.63836694 0.701467991 1.48870802
v 2.60852098 0.706641972 1.48830295
v 2.51450205 0.689655006 1.50697303
v 2.39382792 0.705518007 1.50655794
v 2.38588095 0.670479 1.526402
v 2.50298595 0.659096003 1.52520597
v 2.52357507 0.721369982 1.48715103
v 2.40110612 0.741846025 1.48427904
v 2.52909398 0.754161 1.46597195
v 2.61310506 0.736153007 1.46958601
v 2.61163902 0.76583302 1.45068598
v 2.531214 0.788022995 1.443344
v 2.41258192 0.819588006 1.43193603
v 2.4072659 0.779661 1.45955706
v 2.64262199 0.729825974 1.47085595
v 2.64429688 0.729094982 1.47027504
v 2.64149809 0.75721997 1.45276105
v 2.63989592 0.758036017 1.45326602
v 2.23153996 0.581278026 1.57241297
v 2.22778511 0.562937021 1.57883799
v 2.35492301 0.56427002 1.57610297
v 2.36121988 0.581142008 1.56912005
v 2.36944509 0.605982006 1.55824494
v 2.23660493 0.608717978 1.56164503
v 2.08769989 0.61127001 1.56517899
v 2.08369708 0.581151009 1.57633901
v 2.08089495 0.561294019 1.58268499
v 2.22630596 0.555715024 1.58136797
v 2.22602296 0.554103017 1.58115101
v 2.35198808 0.556114972 1.57867205
v 2.35244393 0.557627022 1.57885206
v 2.07979202 0.553475976 1.58518398
v 2.07957292 0.551760972 1.58496106
v 1.92428398 0.550750971 1.58967197
v 1.92539096 0.559177995 1.58694804
v 1.76571703 0.556855023 1.59129298
v 1.76438606 0.547801971 1.59430397
v 1.76412702 0.545874 1.59416902
v 1.92406404 0.548931003 1.58948803
v 2.07957292 0.551760972 1.58496106
v 2.07979202 0.553475976 1.58518398
v 2.08089495 0.561294019 1.58268499
v 1.92820203 0.580582023 1.58002806
v 1.93254304 0.613494992 1.56803894
v 1.77453804 0.615544975 1.57070804
v 1.76909697 0.579847991 1.58364701
v 2.08369708 0.581151009 1.57633901
v 2.08769989 0.61127001 1.56517899
v 1.60470402 0.544889987 1.59854901
v 1.60631895 0.554589987 1.59538805
v 1.46532404 0.552362978 1.598827
v 1.46335697 0.542055011 1.60207903
v 1.46298897 0.539910972 1.60198605
v 1.60439706 0.542850018 1.598441
v 1.76412702 0.545874 1.59416902
v 1.76438606 0.547801971 1.59430397
v 1.76571703 0.556855023 1.59129298
v 1.61042094 0.579226971 1.58736002
v 1.61708796 0.617569983 1.57367301
v 1.47837305 0.619198978 1.57630396
v 1.47032106 0.578543007 1.59056902
v 1.76909697 0.579847991 1.58364701
v 1.77453804 0.615544975 1.57070804
v 0.990327001 0.528060019 1.61290705
v 0.994701982 0.540817022 1.60905099
v 0.992968976 0.540408015 1.60843396
v 0.988584995 0.527642012 1.61229205
v 0.988447011 0.525740027 1.61226594
v 0.989543974 0.525493026 1.61291802
v 1.02619004 0.526647985 1.61207998
v 1.02693999 0.529182017 1.612077
v 1.03111696 0.54174602 1.608271
v 1.005813 0.573216975 1.59925902
v 1.02258503 0.622115016 1.58301497
v 1.020908 0.621758997 1.58238399
v 1.00410295 0.572830975 1.59863603
v 1.04172802 0.573655009 1.59860396
v 1.05779004 0.621910989 1.58251297
v 2.27950311 0.960000992 1.33923602
v 2.27821493 0.945710003 1.350021
v 2.42070508 0.895615995 1.376212
v 2.42192411 0.907644987 1.36729002
v 2.42199898 0.908299983 1.36587799
v 2.27958298 0.960848987 1.33766699
v 2.12383699 1.01088905 1.31136203
v 2.12379289 1.00988805 1.31305802
v 2.12294698 0.993780971 1.32533205
v 2.27464294 0.906069994 1.379933
v 2.26970005 0.855512977 1.41715896
v 2.41258192 0.819588006 1.43193603
v 2.41732597 0.862251997 1.40095699
v 2.12059808 0.949108005 1.359375
v 2.11694288 0.891829014 1.40183103
v 1.97374701 0.98606801 1.342556
v 1.97730505 1.03350794 1.30577397
v 1.83740902 1.06673503 1.28989995
v 1.83149505 1.01767898 1.32886398
v 1.82361305 0.953423977 1.37811804
v 1.96868396 0.924570978 1.38876498
v 2.11694288 0.891829014 1.40183103
v 2.12059808 0.949108005 1.359375
v 2.12294698 0.993780971 1.32533205
v 1.97858799 1.05061197 1.29251301
v 1.97866797 1.05169797 1.29073298
v 1.83969402 1.08555806 1.27400506
v 1.83954096 1.08442199 1.27585196
v 2.12379289 1.00988805 1.31305802
v 2.12383699 1.01088905 1.31136203
v 1.69124901 1.04467499 1.31768405
v 1.69937599 1.09530902 1.27626204
v 1.57965398 1.11694205 1.26609898
v 1.569502 1.06506002 1.30958498
v 1.55588198 0.99672699 1.36442399
v 1.68042195 0.978071988 1.37004399
v 1.82361305 0.953423977 1.37811804
v 1.83149505 1.01767898 1.32886398
v 1.83740902 1.06673503 1.28989995
v 1.70230603 1.11356497 1.26132703
v 1.70252597 1.11474895 1.25940502
v 1.58359599 1.13687098 1.24843502
v 1.58331394 1.13564801 1.25041997
v 1.83954096 1.08442199 1.27585196
v 1.83969402 1.08555806 1.27400506
v 1.18853903 1.10861301 1.29397595
v 1.20759702 1.16244102 1.24751794
v 1.206231 1.16222894 1.24680305
v 1.18714094 1.10839498 1.29326999
v 1.16200101 1.03702903 1.35145795
v 1.16344202 1.037256 1.35215294
v 1.193609 1.03430605 1.35304594
v 1.21779895 1.10545301 1.29508603
v 1.23614895 1.15914905 1.248824
v 1.214468 1.18184805 1.23076797
v 1.21502197 1.18313003 1.22869205
v 1.21386802 1.18253398 1.22850394
v 1.21311402 1.181638 1.23004901
v 1.242764 1.178509 1.23214495
v 1.24329805 1.17978704 1.23007405
v 2.24201488 0.643234015 1.54608798
v 2.37770891 0.636530995 1.543818
v 2.38588095 0.670479 1.526402
v 2.24758506 0.682011008 1.52665198
v 2.09737611 0.693632007 1.52661896
v 2.09240794 0.649877012 1.54824305
v 2.08769989 0.61127001 1.56517899
v 2.23660493 0.608717978 1.56164503
v 2.36944509 0.605982006 1.55824494
v 1.93824005 0.656454027 1.55010498
v 2.09240794 0.649877012 1.54824305
v 2.09737611 0.693632007 1.52661896
v 1.94453394 0.705277979 1.52696502
v 1.79057705 0.716350019 1.52740204
v 1.78205502 0.662710011 1.55182004
v 1.77453804 0.615544975 1.57070804
v 1.93254304 0.613494992 1.56803894
v 2.08769989 0.61127001 1.56517899
v 1.62639797 0.668388009 1.55353296
v 1.78205502 0.662710011 1.55182004
v 1.79057705 0.716350019 1.52740204
v 1.63702595 0.726245999 1.52764106
v 1.50218403 0.734082997 1.52784097
v 1.48950803 0.672933996 1.55503404
v 1.47837305 0.619198978 1.57630396
v 1.61708796 0.617569983 1.57367301
v 1.77453804 0.615544975 1.57070804
v 2.26429701 0.808466971 1.44988704
v 2.11217594 0.837903976 1.43934298
v 2.10700989 0.787100971 1.47237694
v 2.25869012 0.764262974 1.47871602
v 2.40110612 0.741846025 1.48427904
v 2.4072659 0.779661 1.45955706
v 2.41258192 0.819588006 1.43193603
v 2.26970005 0.855512977 1.41715896
v 2.11694288 0.891829014 1.40183103
v 2.25313091 0.722231984 1.50425005
v 2.10215998 0.739192009 1.50139999
v 2.09737611 0.693632007 1.52661896
v 2.24758506 0.682011008 1.52665198
v 2.38588095 0.670479 1.526402
v 2.39382792 0.705518007 1.50655794
v 1.95066905 0.755787015 1.49935806
v 2.10215998 0.739192009 1.50139999
v 2.10700989 0.787100971 1.47237694
v 1.95675194 0.80884099 1.46717501
v 1.80738699 0.829074979 1.46312404
v 1.79903698 0.771475017 1.49787402
v 1.79057705 0.716350019 1.52740204
v 1.94453394 0.705277979 1.52696502
v 2.09737611 0.693632007 1.52661896
v 1.962888 0.865298986 1.43030798
v 2.11217594 0.837903976 1.43934298
v 2.11694288 0.891829014 1.40183103
v 1.96868396 0.924570978 1.38876498
v 1.82361305 0.953423977 1.37811804
v 1.81557798 0.890139997 1.42303801
v 1.647645 0.785709977 1.49669898
v 1.79903698 0.771475017 1.49787402
v 1.80738699 0.829074979 1.46312404
v 1.65838897 0.84739399 1.46023798
v 1.52793396 0.861787975 1.45816398
v 1.51485801 0.796980023 1.49580395
v 1.50218403 0.734082997 1.52784097
v 1.63702595 0.726245999 1.52764106
v 1.79057705 0.716350019 1.52740204
v 1.66939199 0.911912978 1.41779101
v 1.81557798 0.890139997 1.42303801
v 1.82361305 0.953423977 1.37811804
v 1.68042195 0.978071988 1.37004399
v 1.55588198 0.99672699 1.36442399
v 1.54181802 0.928669989 1.41416097
v 1.04394305 0.684367001 1.55980301
v 1.07832205 0.683515012 1.55943596
v 1.10093105 0.75207299 1.52958798
v 1.06742096 0.753520012 1.52974701
v 1.06582403 0.753223002 1.52910101
v 1.04230499 0.684041023 1.55916595
v 1.020908 0.621758997 1.58238399
v 1.02258503 0.622115016 1.58301497
v 1.05779004 0.621910989 1.58251297
v 1.090554 0.823122978 1.49296796
v 1.12322402 0.82119602 1.49318302
v 1.145854 0.891247988 1.45124996
v 1.11400795 0.893571973 1.45067096
v 1.112486 0.893319011 1.44999599
v 1.08899403 0.822849989 1.49230802
v 1.06582403 0.753223002 1.52910101
v 1.06742096 0.753520012 1.52974701
v 1.10093105 0.75207299 1.52958798
v 1.13845098 0.965263009 1.40405798
v 1.16947103 0.962594986 1.40481901
v 1.193609 1.03430605 1.35304594
v 1.16344202 1.037256 1.35215294
v 1.16200101 1.03702903 1.35145795
v 1.13696897 0.965025008 1.403373
v 1.70252395 1.11416805 1.25702
v 1.58361399 1.13630199 1.24602902
v 1.70252597 1.11474895 1.25940502
v 1.83969402 1.08555806 1.27400506
v 1.83966804 1.08496106 1.27164495
v 1.839522 1.08336198 1.27007997
v 1.70235503 1.11255395 1.255481
v 1.58342505 1.13467503 1.24451101
v 2.22585201 0.552590013 1.57933402
v 2.35175896 0.554634988 1.57686806
v 2.22602296 0.554103017 1.58115101
v 2.07957292 0.551760972 1.58496106
v 2.0794239 0.550213993 1.58314204
v 2.07940197 0.549565971 1.58103597
v 2.22585106 0.551908016 1.57722604
v 2.35181594 0.553919971 1.57474804
v 1.21513104 1.18258095 1.22625506
v 1.21361303 1.18218899 1.22666502
v 1.21502197 1.18313003 1.22869205
v 1.24329805 1.17978704 1.23007405
v 1.24339902 1.17923701 1.22764003
v 1.24312603 1.17759204 1.22615004
v 1.21485102 1.18093395 1.22476697
v 1.21374094 1.18090796 1.22559702
v 1.97861898 1.051085 1.28839505
v 1.83966804 1.08496106 1.27164495
v 1.97866797 1.05169797 1.29073298
v 2.12383699 1.01088905 1.31136203
v 2.12377501 1.01024699 1.30905199
v 2.12366509 1.00869405 1.30743694
v 1.97849703 1.04950297 1.28680801
v 1.839522 1.08336198 1.27007997
v 2.2795341 0.960156024 1.33539903
v 2.12377501 1.01024699 1.30905199
v 2.12383699 1.01088905 1.31136203
v 2.27958298 0.960848987 1.33766699
v 2.421947 0.907543004 1.36366403
v 2.42182708 0.906104982 1.36195397
v 2.27941203 0.958652973 1.33374202
v 2.12366509 1.00869405 1.30743694
v 0.989207029 0.523661017 1.61117804
v 1.02586401 0.524828017 1.61033702
v 1.02619004 0.526647985 1.61207998
v 0.989543974 0.525493026 1.61291802
v 0.98774302 0.524340987 1.61099505
v 0.988319993 0.524112999 1.60935903
v 0.989373028 0.523298025 1.60899401
v 1.02601898 0.524452984 1.60815597
v 1.92391503 0.547348976 1.58768296
v 2.0794239 0.550213993 1.58314204
v 2.07957292 0.551760972 1.58496106
v 1.92406404 0.548931003 1.58948803
v 1.76396501 0.544255972 1.59238005
v 1.76395595 0.543678999 1.59024501
v 1.92389297 0.546736002 1.58556402
v 2.07940197 0.549565971 1.58103597
v 1.08839798 0.821784019 1.49034405
v 1.06521499 0.752147973 1.52714205
v 1.06582403 0.753223002 1.52910101
v 1.08899403 0.822849989 1.49230802
v 1.11190295 0.892259002 1.44802701
v 1.11231506 0.89112401 1.44607103
v 1.08882296 0.820654988 1.48838401
v 1.06565201 0.751028001 1.525177
v 2.62956595 0.672124982 1.50380397
v 2.64054894 0.699606001 1.48612297
v 2.64005995 0.700802982 1.48807704
v 2.62908697 0.673301995 1.50576901
v 2.61372995 0.645861983 1.52085197
v 2.61310101 0.644822001 1.51889801
v 2.62891603 0.671105981 1.501845
v 2.639889 0.698607981 1.48415303
v 1.60421801 0.541194022 1.59666002
v 1.76396501 0.544255972 1.59238005
v 1.76412702 0.545874 1.59416902
v 1.60439706 0.542850018 1.598441
v 1.46279001 0.538219988 1.60021102
v 1.46281803 0.537715018 1.59806204
v 1.60422504 0.540655017 1.59451604
v 1.76395595 0.543678999 1.59024501
v 2.64477897 0.727876008 1.46833706
v 2.6419549 0.755972981 1.45084798
v 2.64429688 0.729094982 1.47027504
v 2.64005995 0.700802982 1.48807704
v 2.64054894 0.699606001 1.48612297
v 2.64412594 0.726899981 1.46635103
v 2.64132595 0.755025029 1.44883704
v 1.13639903 0.963970006 1.40139997
v 1.11190295 0.892259002 1.44802701
v 1.112486 0.893319011 1.44999599
v 1.13696897 0.965025008 1.403373
v 1.16144395 1.03597796 1.34948206
v 1.16182899 1.03483403 1.34753299
v 1.13679802 0.962828994 1.39944804
v 1.11231506 0.89112401 1.44607103
v 2.59493995 0.621246994 1.53673899
v 2.61372995 0.645861983 1.52085197
v 2.59451103 0.622379005 1.53871202
v 2.57375693 0.599946976 1.553087
v 2.57415104 0.598834991 1.55111504
v 2.57358599 0.597751021 1.54916298
v 2.59434009 0.620184004 1.53478801
v 2.61310101 0.644822001 1.51889801
v 1.04168296 0.682956994 1.55720997
v 1.02027297 0.620665014 1.58043003
v 1.020908 0.621758997 1.58238399
v 1.04230499 0.684041023 1.55916595
v 1.06521499 0.752147973 1.52714205
v 1.06565201 0.751028001 1.525177
v 1.04213405 0.681846023 1.55524194
v 1.02073705 0.619563997 1.57845998
v 2.61749196 0.81014502 1.41710806
v 2.61672997 0.810994029 1.41659606
v 2.61713505 0.811478019 1.41894102
v 2.62090611 0.804255009 1.42344403
v 2.62127805 0.802935004 1.42159903
v 2.62073493 0.802060008 1.41952002
v 2.6169641 0.809283018 1.41501701
v 2.61640596 0.810204983 1.41514099
v 2.63177705 0.782935023 1.43405795
v 2.62127805 0.802935004 1.42159903
v 2.63136411 0.784220994 1.43593395
v 2.64149809 0.75721997 1.45276105
v 2.6419549 0.755972981 1.45084798
v 2.64132595 0.755025029 1.44883704
v 2.63119197 0.782025993 1.43201005
v 2.62073493 0.802060008 1.41952002
v 1.212587 1.18059301 1.22806597
v 1.20570004 1.161183 1.24482
v 1.206231 1.16222894 1.24680305
v 1.21386802 1.18253398 1.22850394
v 1.21361303 1.18218899 1.22666502
v 1.21374094 1.18090796 1.22559702
v 1.21294296 1.179443 1.226125
v 1.20606005 1.16003299 1.24287796
v 1.18659902 1.10734701 1.291291
v 1.16144395 1.03597796 1.34948206
v 1.16200101 1.03702903 1.35145795
v 1.206231 1.16222894 1.24680305
v 1.20570004 1.161183 1.24482
v 1.20606005 1.16003299 1.24287796
v 1.18697 1.10619998 1.28934598
v 1.16182899 1.03483403 1.34753299
v 0.987927973 0.526526988 1.61034203
v 0.98774302 0.524340987 1.61099505
v 0.988447011 0.525740027 1.61226594
v 0.992968976 0.540408015 1.60843396
v 0.992314994 0.539295018 1.60648406
v 0.992797017 0.538212001 1.604509
v 0.98841399 0.525445998 1.60836697
v 0.988319993 0.524112999 1.60935903
v 1.00345695 0.571726024 1.59668398
v 0.992314994 0.539295018 1.60648406
v 0.992968976 0.540408015 1.60843396
v 1.020908 0.621758997 1.58238399
v 1.02027297 0.620665014 1.58043003
v 1.02073705 0.619563997 1.57845998
v 1.003932 0.570635021 1.59471095
v 0.992797017 0.538212001 1.604509
v 2.52841401 0.559638023 1.57602799
v 2.53516698 0.565159023 1.57252705
v 2.52809906 0.560727 1.57798898
v 2.52690601 0.559729993 1.57792497
v 2.52684999 0.558676004 1.57663
v 2.52677894 0.558103979 1.57501805
v 2.52792692 0.558532 1.57406402
v 2.53466892 0.564055979 1.57056499
v 2.55232 0.579182029 1.56363297
v 2.57415104 0.598834991 1.55111504
v 2.57375693 0.599946976 1.553087
v 2.55196309 0.580281019 1.56560099
v 2.53516698 0.565159023 1.57252705
v 2.53466892 0.564055979 1.57056499
v 2.55179191 0.578085005 1.56167603
v 2.57358599 0.597751021 1.54916298
v 2.52706504 0.859143972 1.39007497
v 2.421947 0.907543004 1.36366403
v 2.42199898 0.908299983 1.36587799
v 2.5925281 0.82506299 1.41142499
v 2.59235811 0.824187994 1.40931797
v 2.59235597 0.822866976 1.40750098
v 2.5270009 0.857771993 1.38830495
v 2.42182708 0.906104982 1.36195397
v 2.61529899 0.81190598 1.41607904
v 2.59235811 0.824187994 1.40931797
v 2.5925281 0.82506299 1.41142499
v 2.61653304 0.811830997 1.41804802
v 2.61672997 0.810994029 1.41659606
v 2.61640596 0.810204983 1.41514099
v 2.61531901 0.810603023 1.41424501
v 2.59235597 0.822866976 1.40750098
v 2.44570804 0.556508005 1.57635403
v 2.50458288 0.557856977 1.576702
v 2.50501895 0.559282005 1.57846904
v 2.44604397 0.55795598 1.57813799
v 2.35198808 0.556114972 1.57867205
v 2.35175896 0.554634988 1.57686806
v 2.35181594 0.553919971 1.57474804
v 2.44587302 0.55576098 1.57421398
v 2.504848 0.557085991 1.57454503
v 2.52526903 0.558331013 1.57682395
v 2.52684999 0.558676004 1.57663
v 2.52690601 0.559729993 1.57792497
v 2.52573991 0.559746981 1.57858598
v 2.52556896 0.55755198 1.57466102
v 2.52677894 0.558103979 1.57501805
v 2.46199799 0.577992976 1.56209803
v 2.47617793 0.600279987 1.55055904
v 2.54717398 0.598169982 1.54906404
v 2.52744293 0.577794015 1.56131399
v 2.51196504 0.563376009 1.56991804
v 2.45094609 0.562533021 1.56993902
v 2.35469508 0.561343014 1.57087004
v 2.360991 0.578215003 1.563887
v 2.36921597 0.603055 1.55301201
v 2.55043697 0.57772398 1.56103802
v 2.57211804 0.597428024 1.54853904
v 2.57358599 0.597751021 1.54916298
v 2.55179191 0.578085005 1.56167603
v 2.53466892 0.564055979 1.57056499
v 2.53340411 0.563673019 1.569911
v 2.51196504 0.563376009 1.56991804
v 2.52744293 0.577794015 1.56131399
v 2.54717398 0.598169982 1.54906404
v 2.44659495 0.556445003 1.57302701
v 2.44587302 0.55576098 1.57421398
v 2.35181594 0.553919971 1.57474804
v 2.35221601 0.554700017 1.57361901
v 2.35469508 0.561343014 1.57087004
v 2.45094609 0.562533021 1.56993902
v 2.51196504 0.563376009 1.56991804
v 2.50587106 0.557699978 1.57330596
v 2.52669692 0.558140993 1.57340395
v 2.52556896 0.55755198 1.57466102
v 2.504848 0.557085991 1.57454503
v 2.50587106 0.557699978 1.57330596
v 2.53340411 0.563673019 1.569911
v 2.53466892 0.564055979 1.57056499
v 2.52703595 0.856582999 1.38822997
v 2.52778506 0.846894979 1.39504302
v 2.42047691 0.89268899 1.37097895
v 2.42169499 0.904717982 1.36205697
v 2.42182708 0.906104982 1.36195397
v 2.5270009 0.857771993 1.38830495
v 2.59257793 0.821830988 1.40728199
v 2.59553099 0.813939989 1.41241097
v 2.61560702 0.809620976 1.41397595
v 2.61933303 0.802362025 1.41851401
v 2.59553099 0.813939989 1.41241097
v 2.59257793 0.821830988 1.40728199
v 2.59235597 0.822866976 1.40750098
v 2.61531901 0.810603023 1.41424501
v 2.62073493 0.802060008 1.41952002
v 2.52986407 0.820024014 1.41394198
v 2.53098607 0.785094976 1.43811095
v 2.41235399 0.816661 1.42670298
v 2.41709805 0.859324992 1.39572406
v 2.42047691 0.89268899 1.37097895
v 2.52778506 0.846894979 1.39504302
v 2.59553099 0.813939989 1.41241097
v 2.60371804 0.792053998 1.42663801
v 2.6114099 0.762905002 1.445454
v 2.62966704 0.78222698 1.43109798
v 2.63966799 0.755109012 1.44803405
v 2.6114099 0.762905002 1.445454
v 2.60371804 0.792053998 1.42663801
v 2.61933303 0.802362025 1.41851401
v 2.62073493 0.802060008 1.41952002
v 2.64132595 0.755025029 1.44883704
v 2.48991203 0.626846015 1.53638196
v 2.47617793 0.600279987 1.55055904
v 2.36921597 0.603055 1.55301201
v 2.37748098 0.63360399 1.53858602
v 2.38565207 0.667551994 1.52116895
v 2.50275803 0.656168997 1.51997304
v 2.583184 0.647629976 1.518713
v 2.56602597 0.621721983 1.53474295
v 2.54717398 0.598169982 1.54906404
v 2.59276795 0.619921982 1.53416705
v 2.57211804 0.597428024 1.54853904
v 2.54717398 0.598169982 1.54906404
v 2.56602597 0.621721983 1.53474295
v 2.583184 0.647629976 1.518713
v 2.61144209 0.644629002 1.51827002
v 2.61310101 0.644822001 1.51889801
v 2.57358599 0.597751021 1.54916298
v 2.62719297 0.670976996 1.50119901
v 2.63813901 0.698540986 1.48347604
v 2.639889 0.698607981 1.48415303
v 2.62891603 0.671105981 1.501845
v 2.61310101 0.644822001 1.51889801
v 2.61144209 0.644629002 1.51827002
v 2.583184 0.647629976 1.518713
v 2.59783411 0.675072014 1.50134003
v 2.60829306 0.703715026 1.48307002
v 2.51427388 0.686728001 1.50174105
v 2.5233469 0.718442976 1.48191798
v 2.60829306 0.703715026 1.48307002
v 2.59783411 0.675072014 1.50134003
v 2.583184 0.647629976 1.518713
v 2.50275803 0.656168997 1.51997304
v 2.38565207 0.667551994 1.52116895
v 2.39359999 0.702589989 1.50132501
v 2.400877 0.73891902 1.47904599
v 2.52886605 0.751233995 1.46073902
v 2.5233469 0.718442976 1.48191798
v 2.400877 0.73891902 1.47904599
v 2.40703797 0.776733994 1.45432401
v 2.41235399 0.816661 1.42670298
v 2.53098607 0.785094976 1.43811095
v 2.6114099 0.762905002 1.445454
v 2.61287689 0.733226001 1.46435297
v 2.64239407 0.726899028 1.46562302
v 2.63813901 0.698540986 1.48347604
v 2.60829306 0.703715026 1.48307002
v 2.61287689 0.733226001 1.46435297
v 2.6114099 0.762905002 1.445454
v 2.63966799 0.755109012 1.44803405
v 2.64132595 0.755025029 1.44883704
v 2.639889 0.698607981 1.48415303
v 2.23131108 0.578351021 1.56718004
v 2.08346796 0.57822299 1.57110596
v 2.08747101 0.608343005 1.55994701
v 2.23637605 0.605790973 1.55641198
v 2.36921597 0.603055 1.55301201
v 2.360991 0.578215003 1.563887
v 2.35469508 0.561343014 1.57087004
v 2.22755599 0.560009003 1.57360601
v 2.08066702 0.558367014 1.57745194
v 2.22607803 0.552788019 1.57613599
v 2.07956409 0.550548971 1.57995105
v 2.08066702 0.558367014 1.57745194
v 2.22755599 0.560009003 1.57360601
v 2.35469508 0.561343014 1.57087004
v 2.35221601 0.554700017 1.57361901
v 2.35181594 0.553919971 1.57474804
v 2.07940197 0.549565971 1.58103597
v 1.92405498 0.547824025 1.58443999
v 2.07956409 0.550548971 1.57995105
v 2.07940197 0.549565971 1.58103597
v 1.92389297 0.546736002 1.58556402
v 1.76395595 0.543678999 1.59024501
v 1.76415706 0.544875026 1.58907104
v 1.76548803 0.553928018 1.586061
v 1.92516196 0.556250989 1.58171499
v 2.08066702 0.558367014 1.57745194
v 1.92797399 0.577654004 1.57479596
v 2.08346796 0.57822299 1.57110596
v 2.08066702 0.558367014 1.57745194
v 1.92516196 0.556250989 1.58171499
v 1.76548803 0.553928018 1.586061
v 1.76886797 0.576920986 1.57841396
v 1.77430999 0.612618029 1.56547499
v 1.93231499 0.610567987 1.56280601
v 2.08747101 0.608343005 1.55994701
v 1.60447502 0.541962981 1.59331703
v 1.76415706 0.544875026 1.58907104
v 1.76395595 0.543678999 1.59024501
v 1.60422504 0.540655017 1.59451604
v 1.46281803 0.537715018 1.59806204
v 1.46312797 0.539128006 1.59684706
v 1.465096 0.549435973 1.59359503
v 1.60608995 0.551662982 1.59015596
v 1.76548803 0.553928018 1.586061
v 1.61019194 0.576300025 1.58212805
v 1.76886797 0.576920986 1.57841396
v 1.76548803 0.553928018 1.586061
v 1.60608995 0.551662982 1.59015596
v 1.465096 0.549435973 1.59359503
v 1.47009206 0.575616002 1.58533597
v 1.478145 0.616271973 1.57107103
v 1.61685896 0.614642024 1.56843996
v 1.77430999 0.612618029 1.56547499
v 0.990099013 0.525133014 1.607674
v 1.02671099 0.526255012 1.60684502
v 1.02601898 0.524452984 1.60815597
v 0.989373028 0.523298025 1.60899401
v 0.988319993 0.524112999 1.60935903
v 0.98841399 0.525445998 1.60836697
v 0.994473994 0.537890017 1.60381901
v 1.03088903 0.538819015 1.60303903
v 1.005584 0.570290029 1.59402704
v 1.04149997 0.570728004 1.59337199
v 1.03088903 0.538819015 1.60303903
v 0.994473994 0.537890017 1.60381901
v 0.992797017 0.538212001 1.604509
v 1.003932 0.570635021 1.59471095
v 1.02235603 0.619188011 1.57778203
v 1.05756199 0.618983984 1.577281
v 2.27927399 0.957073987 1.33400404
v 2.12356496 1.00696003 1.30782604
v 2.12366509 1.00869405 1.30743694
v 2.27941203 0.958652973 1.33374202
v 2.42182708 0.906104982 1.36195397
v 2.42169499 0.904717982 1.36205697
v 2.42047691 0.89268899 1.37097895
v 2.277987 0.942781985 1.34478796
v 2.1227181 0.990854025 1.32009995
v 2.27441502 0.903142989 1.37470102
v 2.12036991 0.946180999 1.35414302
v 2.1227181 0.990854025 1.32009995
v 2.277987 0.942781985 1.34478796
v 2.42047691 0.89268899 1.37097895
v 2.41709805 0.859324992 1.39572406
v 2.41235399 0.816661 1.42670298
v 2.26947188 0.852585971 1.41192698
v 2.116714 0.888902009 1.39659798
v 1.97351801 0.983139992 1.33732402
v 2.12036991 0.946180999 1.35414302
v 2.116714 0.888902009 1.39659798
v 1.96845496 0.921643972 1.383533
v 1.823385 0.950496972 1.37288499
v 1.831267 1.01475203 1.32363105
v 1.83718002 1.06380796 1.28466702
v 1.97707701 1.030581 1.300542
v 2.1227181 0.990854025 1.32009995
v 1.97836006 1.04768503 1.28727996
v 2.12356496 1.00696003 1.30782604
v 2.1227181 0.990854025 1.32009995
v 1.97707701 1.030581 1.300542
v 1.83718002 1.06380796 1.28466702
v 1.83931303 1.08149505 1.27061903
v 2.12366509 1.00869405 1.30743694
v 1.69102097 1.04174697 1.312451
v 1.831267 1.01475203 1.32363105
v 1.823385 0.950496972 1.37288499
v 1.68019402 0.975144982 1.36481094
v 1.55565405 0.993799984 1.35919094
v 1.56927395 1.06213295 1.304353
v 1.57942498 1.11401498 1.26086605
v 1.69914806 1.09238195 1.271029
v 1.83718002 1.06380796 1.28466702
v 1.70207798 1.11063802 1.25609505
v 1.83931303 1.08149505 1.27061903
v 1.83718002 1.06380796 1.28466702
v 1.69914806 1.09238195 1.271029
v 1.57942498 1.11401498 1.26086605
v 1.58308494 1.13272095 1.245188
v 1.58342505 1.13467503 1.24451101
v 1.18831098 1.10568595 1.28874302
v 1.21757102 1.10252595 1.28985298
v 1.19338 1.03137898 1.34781301
v 1.16321397 1.03432906 1.34692001
v 1.16182899 1.03483403 1.34753299
v 1.18697 1.10619998 1.28934598
v 1.20736802 1.159513 1.24228501
v 1.23591995 1.15622199 1.24359202
v 1.214239 1.17892098 1.22553504
v 1.24253595 1.17558205 1.22691202
v 1.23591995 1.15622199 1.24359202
v 1.20736802 1.159513 1.24228501
v 1.20606005 1.16003299 1.24287796
v 1.21294296 1.179443 1.226125
v 1.24312603 1.17759204 1.22615004
v 2.241786 0.640307009 1.54085505
v 2.23637605 0.605790973 1.55641198
v 2.08747101 0.608343005 1.55994701
v 2.09218001 0.646950006 1.54301
v 2.09714794 0.690703988 1.52138698
v 2.24735594 0.679084003 1.52142
v 2.38565207 0.667551994 1.52116895
v 2.37748098 0.63360399 1.53858602
v 2.36921597 0.603055 1.55301201
v 1.93801105 0.653527021 1.54487205
v 1.93231499 0.610567987 1.56280601
v 1.77430999 0.612618029 1.56547499
v 1.78182602 0.659783006 1.54658699
v 1.79034901 0.713423014 1.52216899
v 1.94430602 0.702350974 1.52173197
v 2.09714794 0.690703988 1.52138698
v 2.09218001 0.646950006 1.54301
v 2.08747101 0.608343005 1.55994701
v 1.62616897 0.665461004 1.54830003
v 1.61685896 0.614642024 1.56843996
v 1.478145 0.616271973 1.57107103
v 1.48927999 0.67000699 1.54980195
v 1.50195599 0.731155992 1.52260804
v 1.63679695 0.723318994 1.52240896
v 1.79034901 0.713423014 1.52216899
v 1.78182602 0.659783006 1.54658699
v 1.77430999 0.612618029 1.56547499
v 2.26406908 0.805539012 1.44465399
v 2.26947188 0.852585971 1.41192698
v 2.41235399 0.816661 1.42670298
v 2.40703797 0.776733994 1.45432401
v 2.400877 0.73891902 1.47904599
v 2.258461 0.761336029 1.47348404
v 2.10678196 0.784174025 1.46714401
v 2.11194706 0.834976017 1.43411005
v 2.116714 0.888902009 1.39659798
v 2.25290298 0.719304979 1.499017
v 2.258461 0.761336029 1.47348404
v 2.400877 0.73891902 1.47904599
v 2.39359999 0.702589989 1.50132501
v 2.38565207 0.667551994 1.52116895
v 2.24735594 0.679084003 1.52142
v 2.09714794 0.690703988 1.52138698
v 2.10193205 0.736265004 1.49616694
v 2.10678196 0.784174025 1.46714401
v 1.950441 0.75286001 1.49412501
v 1.94430602 0.702350974 1.52173197
v 1.79034901 0.713423014 1.52216899
v 1.79880905 0.768548012 1.49264097
v 1.80715799 0.82614702 1.45789099
v 1.95652294 0.805913985 1.46194196
v 2.10678196 0.784174025 1.46714401
v 2.10193205 0.736265004 1.49616694
v 2.09714794 0.690703988 1.52138698
v 1.962659 0.862371981 1.42507505
v 1.95652294 0.805913985 1.46194196
v 1.80715799 0.82614702 1.45789099
v 1.81535006 0.887212992 1.41780603
v 1.823385 0.950496972 1.37288499
v 1.96845496 0.921643972 1.383533
v 2.116714 0.888902009 1.39659798
v 2.11194706 0.834976017 1.43411005
v 2.10678196 0.784174025 1.46714401
v 1.647416 0.782782972 1.491467
v 1.63679695 0.723318994 1.52240896
v 1.50195599 0.731155992 1.52260804
v 1.51462901 0.794053018 1.49057198
v 1.52770603 0.858861029 1.452932
v 1.65816104 0.844466984 1.455006
v 1.80715799 0.82614702 1.45789099
v 1.79880905 0.768548012 1.49264097
v 1.79034901 0.713423014 1.52216899
v 1.66916394 0.908985972 1.41255796
v 1.65816104 0.844466984 1.455006
v 1.52770603 0.858861029 1.452932
v 1.54158902 0.925742984 1.40892804
v 1.55565405 0.993799984 1.35919094
v 1.68019402 0.975144982 1.36481094
v 1.823385 0.950496972 1.37288499
v 1.81535006 0.887212992 1.41780603
v 1.80715799 0.82614702 1.45789099
v 1.043715 0.681439996 1.55457103
v 1.02235603 0.619188011 1.57778203
v 1.02073705 0.619563997 1.57845998
v 1.04213405 0.681846023 1.55524194
v 1.06565201 0.751028001 1.525177
v 1.06719303 0.750593007 1.52451396
v 1.10070205 0.749145985 1.52435505
v 1.07809401 0.680586994 1.55420399
v 1.05756199 0.618983984 1.577281
v 1.090325 0.820195973 1.48773599
v 1.06719303 0.750593007 1.52451396
v 1.06565201 0.751028001 1.525177
v 1.08882296 0.820654988 1.48838401
v 1.11231506 0.89112401 1.44607103
v 1.11378002 0.890645027 1.44543803
v 1.145625 0.888320982 1.44601703
v 1.12299597 0.818269014 1.48794997
v 1.10070205 0.749145985 1.52435505
v 1.13822305 0.962336004 1.398826
v 1.11378002 0.890645027 1.44543803
v 1.11231506 0.89112401 1.44607103
v 1.13679802 0.962828994 1.39944804
v 1.16182899 1.03483403 1.34753299
v 1.16321397 1.03432906 1.34692001
v 1.19338 1.03137898 1.34781301
v 1.16924298 0.959667981 1.39958596
v 1.145625 0.888320982 1.44601703
v 1.13220501 0.532407999 1.60969198
v 1.13155401 0.529968977 1.60967004
v 1.25803196 0.533955991 1.60677803
v 1.25856602 0.536279023 1.60682905
v 1.26149905 0.547621012 1.60333395
v 1.13581705 0.54441601 1.60602796
v 1.358464 0.539340019 1.60456502
v 1.35802197 0.537108004 1.604491
v 1.46298897 0.539910972 1.60198605
v 1.46335697 0.542055011 1.60207903
v 1.46532404 0.552362978 1.598827
v 1.36085904 0.550154984 1.60120499
v 1.14499104 0.574914992 1.59671998
v 1.26894701 0.576427996 1.59445906
v 1.28051805 0.620621026 1.57934105
v 1.15901196 0.621325016 1.58107102
v 1.366943 0.577624023 1.59267199
v 1.47032106 0.578543007 1.59056902
v 1.47837305 0.619198978 1.57630396
v 1.37657702 0.62006402 1.57797205
v 1.49899399 1.148278 1.24461198
v 1.58331394 1.13564801 1.25041997
v 1.58359599 1.13687098 1.24843502
v 1.499331 1.14951897 1.24259603
v 1.42218101 1.15864003 1.23882306
v 1.421785 1.15738702 1.24085498
v 1.41678298 1.138327 1.25708699
v 1.49468899 1.12934697 1.26065004
v 1.57965398 1.11694205 1.26609898
v 1.32412302 1.16891003 1.23610306
v 1.32459402 1.17017698 1.23405004
v 1.31824005 1.14968705 1.25257897
v 1.48274505 1.076841 1.30513406
v 1.569502 1.06506002 1.30958498
v 1.40290999 1.08546305 1.30210602
v 1.38445497 1.01564705 1.35870099
v 1.46676397 1.00759995 1.36114001
v 1.55588198 0.99672699 1.36442399
v 1.30192494 1.09636796 1.29827595
v 1.28034103 1.02582598 1.35561597
v 1.38962495 0.675795019 1.55611396
v 1.48950803 0.672933996 1.55503404
v 1.50218403 0.734082997 1.52784097
v 1.404356 0.738978028 1.528157
v 1.31292605 0.742923975 1.52858806
v 1.29582095 0.678120971 1.55711496
v 1.28051805 0.620621026 1.57934105
v 1.37657702 0.62006402 1.57797205
v 1.47837305 0.619198978 1.57630396
v 1.17716706 0.68106401 1.55838096
v 1.19727504 0.74791503 1.52913296
v 1.15901196 0.621325016 1.58107102
v 1.41904104 0.803772986 1.49516106
v 1.51485801 0.796980023 1.49580395
v 1.52793396 0.861787975 1.45816398
v 1.43419695 0.870245993 1.45654905
v 1.34731197 0.87657398 1.454952
v 1.32990301 0.809023023 1.49456501
v 1.31292605 0.742923975 1.52858806
v 1.404356 0.738978028 1.528157
v 1.50218403 0.734082997 1.52784097
v 1.21715295 0.81566298 1.49381006
v 1.237409 0.884579003 1.45293105
v 1.19727504 0.74791503 1.52913296
v 1.45034301 0.938461006 1.411744
v 1.54181802 0.928669989 1.41416097
v 1.55588198 0.99672699 1.36442399
v 1.46676397 1.00759995 1.36114001
v 1.38445497 1.01564705 1.35870099
v 1.36570895 0.945733011 1.409657
v 1.258654 0.954931021 1.40701699
v 1.28034103 1.02582598 1.35561597
v 1.32467401 1.16962302 1.23162198
v 1.24339902 1.17923701 1.22764003
v 1.24329805 1.17978704 1.23007405
v 1.32459402 1.17017698 1.23405004
v 1.42218101 1.15864003 1.23882306
v 1.42223704 1.15808201 1.23640096
v 1.42200994 1.15644503 1.23489904
v 1.324422 1.16798103 1.23012602
v 1.49936795 1.14895701 1.24018002
v 1.499331 1.14951897 1.24259603
v 1.58361399 1.13630199 1.24602902
v 1.58342505 1.13467503 1.24451101
v 1.49916005 1.14732397 1.23867202
v 1.35779905 0.535387993 1.60272205
v 1.46279001 0.538219988 1.60021102
v 1.46298897 0.539910972 1.60198605
v 1.35802197 0.537108004 1.604491
v 1.25803196 0.533955991 1.60677803
v 1.25777698 0.532205999 1.60501695
v 1.25785995 0.531760991 1.60285294
v 1.35785103 0.534913003 1.60056698
v 1.46281803 0.537715018 1.59806204
v 1.13126004 0.528181016 1.60791898
v 1.13155401 0.529968977 1.60967004
v 1.02586401 0.524828017 1.61033702
v 1.02601898 0.524452984 1.60815597
v 1.13138199 0.527773976 1.60574603
v 1.358235 0.536413014 1.59933305
v 1.46312797 0.539128006 1.59684706
v 1.46281803 0.537715018 1.59806204
v 1.35785103 0.534913003 1.60056698
v 1.25785995 0.531760991 1.60285294
v 1.25833797 0.533352017 1.601596
v 1.26127005 0.544694006 1.59810197
v 1.36063099 0.547227979 1.59597301
v 1.465096 0.549435973 1.59359503
v 1.13197696 0.52947998 1.60446
v 1.13138199 0.527773976 1.60574603
v 1.02601898 0.524452984 1.60815597
v 1.02671099 0.526255012 1.60684502
v 1.03088903 0.538819015 1.60303903
v 1.135589 0.541489005 1.60079503
v 1.36671495 0.574697018 1.58743894
v 1.47009206 0.575616002 1.58533597
v 1.465096 0.549435973 1.59359503
v 1.36063099 0.547227979 1.59597301
v 1.26127005 0.544694006 1.59810197
v 1.268718 0.573500991 1.58922696
v 1.28029001 0.61769402 1.574108
v 1.37634897 0.617137015 1.57273996
v 1.478145 0.616271973 1.57107103
v 1.14476204 0.571987987 1.591488
v 1.135589 0.541489005 1.60079503
v 1.04149997 0.570728004 1.59337199
v 1.05756199 0.618983984 1.577281
v 1.15878296 0.618398011 1.57583904
v 1.32389402 1.16598296 1.23087096
v 1.24253595 1.17558205 1.22691202
v 1.24312603 1.17759204 1.22615004
v 1.324422 1.16798103 1.23012602
v 1.42200994 1.15644503 1.23489904
v 1.42155695 1.15445995 1.235623
v 1.41655505 1.13540006 1.25185394
v 1.318012 1.14675999 1.247347
v 1.49876595 1.14535105 1.23937905
v 1.49916005 1.14732397 1.23867202
v 1.58342505 1.13467503 1.24451101
v 1.58308494 1.13272095 1.245188
v 1.57942498 1.11401498 1.26086605
v 1.49445999 1.12642002 1.25541794
v 1.30169594 1.09344101 1.29304397
v 1.21757102 1.10252595 1.28985298
v 1.23591995 1.15622199 1.24359202
v 1.318012 1.14675999 1.247347
v 1.41655505 1.13540006 1.25185394
v 1.40268099 1.08253598 1.29687405
v 1.38422596 1.01271999 1.35346794
v 1.28011298 1.02289903 1.35038304
v 1.19338 1.03137898 1.34781301
v 1.482517 1.07391405 1.29990196
v 1.49445999 1.12642002 1.25541794
v 1.57942498 1.11401498 1.26086605
v 1.56927395 1.06213295 1.304353
v 1.55565405 0.993799984 1.35919094
v 1.46653605 1.00467205 1.35590696
v 1.17693901 0.678135991 1.55314898
v 1.07809401 0.680586994 1.55420399
v 1.10070205 0.749145985 1.52435505
v 1.19704604 0.744988024 1.52390099
v 1.31269705 0.739996016 1.52335501
v 1.29559195 0.675194025 1.55188298
v 1.28029001 0.61769402 1.574108
v 1.15878296 0.618398011 1.57583904
v 1.05756199 0.618983984 1.577281
v 1.38939703 0.672868013 1.55088103
v 1.40412796 0.73605001 1.52292395
v 1.50195599 0.731155992 1.52260804
v 1.48927999 0.67000699 1.54980195
v 1.478145 0.616271973 1.57107103
v 1.37634897 0.617137015 1.57273996
v 1.21692395 0.812735975 1.48857701
v 1.12299597 0.818269014 1.48794997
v 1.23718095 0.881651998 1.447698
v 1.34708297 0.873646975 1.44971895
v 1.32967496 0.806096017 1.48933196
v 1.31269705 0.739996016 1.52335501
v 1.19704604 0.744988024 1.52390099
v 1.10070205 0.749145985 1.52435505
v 1.41881299 0.800845981 1.48992801
v 1.43396902 0.867318988 1.45131695
v 1.52770603 0.858861029 1.452932
v 1.51462901 0.794053018 1.49057198
v 1.50195599 0.731155992 1.52260804
v 1.40412796 0.73605001 1.52292395
v 1.25842595 0.952004015 1.40178394
v 1.16924298 0.959667981 1.39958596
v 1.19338 1.03137898 1.34781301
v 1.28011298 1.02289903 1.35038304
v 1.38422596 1.01271999 1.35346794
v 1.36547995 0.942806005 1.40442395
v 1.34708297 0.873646975 1.44971895
v 1.23718095 0.881651998 1.447698
v 1.145625 0.888320982 1.44601703
v 1.45011497 0.935534 1.40651095
v 1.46653605 1.00467205 1.35590696
v 1.55565405 0.993799984 1.35919094
v 1.54158902 0.925742984 1.40892804
v 1.52770603 0.858861029 1.452932
v 1.43396902 0.867318988 1.45131695
v 2.46222711 0.580920994 -1.56733
v 2.45117497 0.565460026 -1.57517195
v 2.35492301 0.56427002 -1.57610297
v 2.36121988 0.581142008 -1.56912005
v 2.36944509 0.605982006 -1.55824494
v 2.4764061 0.603206992 -1.55579197
v 2.54740191 0.601096988 -1.55429697
v 2.5276711 0.580721021 -1.56654596
v 2.51219296 0.566304028 -1.57515097
v 2.5506649 0.580650985 -1.56627095
v 2.53363204 0.566600025 -1.57514405
v 2.57234597 0.600355029 -1.55377197
v 2.57375693 0.599946976 -1.553087
v 2.55196309 0.580281019 -1.56560099
v 2.53484106 0.56625098 -1.574489
v 2.44682407 0.559373021 -1.57825899
v 2.50609899 0.560626984 -1.57853901
v 2.50501895 0.559282005 -1.57846904
v 2.44604397 0.55795598 -1.57813799
v 2.35198808 0.556114972 -1.57867205
v 2.35244393 0.557627022 -1.57885206
v 2.52692604 0.561067998 -1.578637
v 2.52809906 0.560727 -1.57798898
v 2.52690601 0.559729993 -1.57792497
v 2.52573991 0.559746981 -1.57858598
v 2.52726412 0.859511018 -1.39346194
v 2.52717209 0.859966993 -1.39223003
v 2.5925281 0.82506299 -1.41142499
v 2.59280705 0.824759007 -1.41251504
v 2.59575891 0.816868007 -1.41764402
v 2.52801299 0.849822998 -1.40027595
v 2.42070508 0.895615995 -1.376212
v 2.42192411 0.907644987 -1.36729002
v 2.42199898 0.908299983 -1.36587799
v 2.61583495 0.812547982 -1.419209
v 2.61548996 0.812798977 -1.41816998
v 2.61653304 0.811830997 -1.41804802
v 2.61713505 0.811478019 -1.41894102
v 2.62090611 0.804255009 -1.42344403
v 2.61956096 0.80528897 -1.42374599
v 2.530092 0.822951019 -1.41917396
v 2.60394597 0.794981003 -1.43186998
v 2.61163902 0.76583302 -1.45068598
v 2.531214 0.788022995 -1.443344
v 2.41258192 0.819588006 -1.43193603
v 2.41732597 0.862251997 -1.40095699
v 2.62989497 0.785153985 -1.43633103
v 2.63136411 0.784220994 -1.43593395
v 2.64149809 0.75721997 -1.45276105
v 2.63989592 0.758036017 -1.45326602
v 2.49013996 0.629773021 -1.54161406
v 2.50298595 0.659096003 -1.52520597
v 2.58341289 0.650556982 -1.52394497
v 2.5662539 0.624648988 -1.53997505
v 2.54740191 0.601096988 -1.55429697
v 2.4764061 0.603206992 -1.55579197
v 2.36944509 0.605982006 -1.55824494
v 2.37770891 0.636530995 -1.543818
v 2.38587999 0.670479 -1.526402
v 2.59299707 0.622848988 -1.53939903
v 2.61167097 0.64755702 -1.52350199
v 2.61327195 0.647018015 -1.52282298
v 2.59451103 0.622379005 -1.53871202
v 2.57375693 0.599946976 -1.553087
v 2.57234597 0.600355029 -1.55377197
v 2.62742209 0.673904002 -1.50643098
v 2.61167097 0.64755702 -1.52350199
v 2.58341289 0.650556982 -1.52394497
v 2.59806299 0.67799902 -1.50657201
v 2.60852098 0.706641972 -1.48830295
v 2.63836694 0.701467991 -1.48870802
v 2.64005995 0.700802982 -1.48807704
v 2.62908697 0.673301995 -1.50576901
v 2.61327195 0.647018015 -1.52282298
v 2.51450205 0.689655006 -1.50697303
v 2.50298595 0.659096003 -1.52520597
v 2.38587999 0.670479 -1.526402
v 2.39382792 0.705518007 -1.50655794
v 2.40110612 0.741846025 -1.48427904
v 2.52357507 0.721369982 -1.48715103
v 2.52909398 0.754161 -1.46597195
v 2.531214 0.788022995 -1.443344
v 2.61163902 0.76583302 -1.45068598
v 2.61310506 0.736153007 -1.46958601
v 2.4072659 0.779661 -1.45955706
v 2.41258192 0.819588006 -1.43193603
v 2.64262199 0.729825974 -1.47085595
v 2.63989592 0.758036017 -1.45326602
v 2.64149809 0.75721997 -1.45276105
v 2.64429688 0.729094982 -1.47027504
v 2.23153901 0.581278026 -1.57241297
v 2.36121988 0.581142008 -1.56912005
v 2.35492301 0.56427002 -1.57610297
v 2.22778511 0.562937021 -1.57883799
v 2.08089495 0.561294019 -1.58268499
v 2.08369708 0.581151009 -1.57633901
v 2.08769989 0.61127001 -1.56517899
v 2.23660493 0.608717978 -1.56164503
v 2.36944509 0.605982006 -1.55824494
v 2.22630596 0.555715024 -1.58136797
v 2.35244393 0.557627022 -1.57885206
v 2.35198808 0.556114972 -1.57867205
v 2.22602296 0.554103017 -1.58115101
v 2.07957292 0.551760972 -1.58496106
v 2.07979202 0.553475976 -1.58518398
v 1.92428398 0.550750971 -1.58967197
v 1.76438606 0.547801971 -1.59430397
v 1.76571703 0.556855023 -1.59129298
v 1.92539096 0.559177995 -1.58694804
v 2.08089495 0.561294019 -1.58268499
v 2.07979202 0.553475976 -1.58518398
v 2.07957292 0.551760972 -1.58496106
v 1.92406404 0.548931003 -1.58948803
v 1.76412797 0.545874 -1.59416902
v 1.92820203 0.580582023 -1.58002806
v 1.76909697 0.579847991 -1.58364701
v 1.77453899 0.615544975 -1.57070804
v 1.93254399 0.613494992 -1.56803894
v 2.08769989 0.61127001 -1.56517899
v 2.08369708 0.581151009 -1.57633901
v 1.60470402 0.544889987 -1.59854901
v 1.46335697 0.542055011 -1.60207903
v 1.46532404 0.552362978 -1.598827
v 1.60631895 0.554589987 -1.59538805
v 1.76571703 0.556855023 -1.59129298
v 1.76438606 0.547801971 -1.59430397
v 1.76412797 0.545874 -1.59416902
v 1.60439706 0.542850018 -1.598441
v 1.46298897 0.539910972 -1.60198605
v 1.61042094 0.579226971 -1.58736002
v 1.47032106 0.578543007 -1.59056902
v 1.47837305 0.619198978 -1.57630396
v 1.61708796 0.617569983 -1.57367301
v 1.77453899 0.615544975 -1.57070804
v 1.76909697 0.579847991 -1.58364701
v 0.990328014 0.528060019 -1.61290705
v 0.988584995 0.527642012 -1.61229205
v 0.992968976 0.540408015 -1.60843396
v 0.994701982 0.540817022 -1.60905099
v 1.03111696 0.54174602 -1.608271
v 1.02693999 0.529182017 -1.612077
v 1.02619004 0.526647985 -1.61207998
v 0.989543974 0.525493026 -1.61291802
v 0.988447011 0.525740027 -1.61226594
v 1.005813 0.573216975 -1.59925902
v 1.00410295 0.572830975 -1.59863603
v 1.020908 0.621758997 -1.58238399
v 1.02258503 0.622115016 -1.58301497
v 1.05779004 0.621910989 -1.58251297
v 1.04172802 0.573655009 -1.59860396
v 2.27950311 0.960000992 -1.33923602
v 2.42192411 0.907644987 -1.36729002
v 2.42070508 0.895615995 -1.376212
v 2.27821493 0.945710003 -1.350021
v 2.12294698 0.993780971 -1.32533205
v 2.12379289 1.00988805 -1.31305802
v 2.12383699 1.01088905 -1.31136203
v 2.27958298 0.960848987 -1.33766699
v 2.42199898 0.908299983 -1.36587799
v 2.27464294 0.906069994 -1.379933
v 2.41732597 0.862251997 -1.40095699
v 2.41258192 0.819588006 -1.43193603
v 2.26970005 0.855512977 -1.41715896
v 2.11694288 0.891829014 -1.40183103
v 2.12059808 0.949108005 -1.359375
v 1.97374701 0.98606801 -1.342556
v 1.83149505 1.01767898 -1.32886398
v 1.83740902 1.06673503 -1.28989995
v 1.97730505 1.03350794 -1.30577397
v 2.12294698 0.993780971 -1.32533205
v 2.12059808 0.949108005 -1.359375
v 2.11694288 0.891829014 -1.40183103
v 1.96868396 0.924570978 -1.38876498
v 1.82361305 0.953423977 -1.37811804
v 1.97858799 1.05061197 -1.29251301
v 1.83954096 1.08442199 -1.27585196
v 1.83969402 1.08555806 -1.27400506
v 1.97866797 1.05169797 -1.29073298
v 2.12383699 1.01088905 -1.31136203
v 2.12379289 1.00988805 -1.31305802
v 1.69124901 1.04467499 -1.31768405
v 1.569502 1.06506002 -1.30958498
v 1.57965398 1.11694205 -1.26609898
v 1.69937599 1.09530902 -1.27626204
v 1.83740902 1.06673503 -1.28989995
v 1.83149505 1.01767898 -1.32886398
v 1.82361305 0.953423977 -1.37811804
v 1.68042195 0.978071988 -1.37004399
v 1.55588198 0.99672699 -1.36442399
v 1.70230603 1.11356497 -1.26132703
v 1.58331394 1.13564801 -1.25041997
v 1.58359599 1.13687098 -1.24843502
v 1.70252597 1.11474895 -1.25940502
v 1.83969402 1.08555806 -1.27400506
v 1.83954096 1.08442199 -1.27585196
v 1.18853903 1.10861301 -1.29397595
v 1.18714094 1.10839498 -1.29326999
v 1.206231 1.16222894 -1.24680305
v 1.20759702 1.16244102 -1.24751794
v 1.23614895 1.15914905 -1.248824
v 1.21779895 1.10545301 -1.29508603
v 1.193609 1.03430605 -1.35304594
v 1.16344202 1.037256 -1.35215294
v 1.16200101 1.03702903 -1.35145795
v 1.214468 1.18184805 -1.23076797
v 1.21311402 1.181638 -1.23004901
v 1.21386802 1.18253398 -1.22850394
v 1.21502197 1.18313003 -1.22869205
v 1.24329805 1.17978704 -1.23007405
v 1.242764 1.178509 -1.23214495
v 2.24201488 0.643234015 -1.54608798
v 2.24758506 0.682011008 -1.52665198
v 2.38587999 0.670479 -1.526402
v 2.37770891 0.636530995 -1.543818
v 2.36944509 0.605982006 -1.55824494
v 2.23660493 0.608717978 -1.56164503
v 2.08769989 0.61127001 -1.56517899
v 2.09240794 0.649877012 -1.54824305
v 2.09737611 0.693632007 -1.52661896
v 1.93824005 0.656454027 -1.55010498
v 1.94453394 0.705277979 -1.52696502
v 2.09737611 0.693632007 -1.52661896
v 2.09240794 0.649877012 -1.54824305
v 2.08769989 0.61127001 -1.56517899
v 1.93254399 0.613494992 -1.56803894
v 1.77453899 0.615544975 -1.57070804
v 1.78205502 0.662710011 -1.55181897
v 1.79057705 0.716350019 -1.52740204
v 1.62639797 0.668388009 -1.55353296
v 1.63702595 0.726245999 -1.52764106
v 1.79057705 0.716350019 -1.52740204
v 1.78205502 0.662710011 -1.55181897
v 1.77453899 0.615544975 -1.57070804
v 1.61708796 0.617569983 -1.57367301
v 1.47837305 0.619198978 -1.57630396
v 1.48950803 0.672933996 -1.55503404
v 1.50218403 0.734082997 -1.52784097
v 2.26429701 0.808466971 -1.44988704
v 2.25869012 0.764262974 -1.47871602
v 2.10700989 0.787100971 -1.47237694
v 2.11217594 0.837903976 -1.43934298
v 2.11694288 0.891829014 -1.40183103
v 2.26970005 0.855512977 -1.41715896
v 2.41258192 0.819588006 -1.43193603
v 2.4072659 0.779661 -1.45955706
v 2.40110612 0.741846025 -1.48427904
v 2.25313091 0.722231984 -1.50425005
v 2.24758506 0.682011008 -1.52665198
v 2.09737611 0.693632007 -1.52661896
v 2.10215998 0.739192009 -1.50139999
v 2.39382792 0.705518007 -1.50655794
v 2.38587999 0.670479 -1.526402
v 1.95066905 0.755787015 -1.49935806
v 1.95675194 0.80884099 -1.46717501
v 2.10700989 0.787100971 -1.47237694
v 2.10215998 0.739192009 -1.50139999
v 2.09737611 0.693632007 -1.52661896
v 1.94453394 0.705277979 -1.52696502
v 1.79057705 0.716350019 -1.52740204
v 1.79903698 0.771475017 -1.49787402
v 1.80738699 0.829074979 -1.46312404
v 1.962888 0.865298986 -1.43030798
v 1.96868396 0.924570978 -1.38876498
v 2.11694288 0.891829014 -1.40183103
v 2.11217594 0.837903976 -1.43934298
v 1.81557798 0.890139997 -1.42303801
v 1.82361305 0.953423977 -1.37811804
v 1.647645 0.785709977 -1.49669898
v 1.65838897 0.84739399 -1.46023798
v 1.80738699 0.829074979 -1.46312404
v 1.79903698 0.771475017 -1.49787402
v 1.79057705 0.716350019 -1.52740204
v 1.63702595 0.726245999 -1.52764106
v 1.50218403 0.734082997 -1.52784097
v 1.51485801 0.796980023 -1.49580395
v 1.52793396 0.861787975 -1.45816398
v 1.66939199 0.911912978 -1.41779101
v 1.68042195 0.978071988 -1.37004399
v 1.82361305 0.953423977 -1.37811804
v 1.81557798 0.890139997 -1.42303801
v 1.54181802 0.928669989 -1.41416097
v 1.55588198 0.99672699 -1.36442399
v 1.04394305 0.684367001 -1.55980301
v 1.06742096 0.753520012 -1.52974701
v 1.10093105 0.75207299 -1.52958798
v 1.07832205 0.683515012 -1.55943596
v 1.05779004 0.621910989 -1.58251297
v 1.02258503 0.622115016 -1.58301497
v 1.020908 0.621758997 -1.58238399
v 1.04230499 0.684041023 -1.55916595
v 1.06582403 0.753223002 -1.52910101
v 1.090554 0.823122978 -1.49296796
v 1.11400795 0.893571973 -1.45067096
v 1.145854 0.891247988 -1.45124996
v 1.12322402 0.82119602 -1.49318302
v 1.10093105 0.75207299 -1.52958798
v 1.06742096 0.753520012 -1.52974701
v 1.06582403 0.753223002 -1.52910101
v 1.08899403 0.822849989 -1.49230802
v 1.112486 0.893319011 -1.44999599
v 1.13845098 0.965263009 -1.40405798
v 1.16344202 1.037256 -1.35215294
v 1.193609 1.03430605 -1.35304594
v 1.16947103 0.962594986 -1.40481901
v 1.13696897 0.965025008 -1.403373
v 1.16200101 1.03702903 -1.35145795
v 1.70252395 1.11416805 -1.25702
v 1.70252597 1.11474895 -1.25940502
v 1.58361399 1.13630199 -1.24602902
v 1.58342505 1.13467503 -1.24451101
v 1.70235503 1.11255395 -1.255481
v 1.839522 1.08336198 -1.27008104
v 1.83966804 1.08496106 -1.27164495
v 1.83969402 1.08555806 -1.27400506
v 2.22585201 0.552590013 -1.57933402
v 2.22602296 0.554103017 -1.58115101
v 2.35175896 0.554634988 -1.57686806
v 2.35181594 0.553919971 -1.57474804
v 2.22585106 0.551908016 -1.57722604
v 2.07940197 0.549565971 -1.58103597
v 2.0794239 0.550213993 -1.58314204
v 2.07957292 0.551760972 -1.58496106
v 1.21513104 1.18258202 -1.22625506
v 1.21502197 1.18313003 -1.22869205
v 1.21361303 1.18218899 -1.22666502
v 1.21374094 1.18090796 -1.22559702
v 1.21485102 1.18093503 -1.22476697
v 1.24312603 1.17759204 -1.22615004
v 1.24339902 1.17923701 -1.22764003
v 1.24329805 1.17978704 -1.23007405
v 1.97861898 1.051085 -1.28839505
v 1.97866797 1.05169797 -1.29073298
v 1.83966804 1.08496106 -1.27164495
v 1.839522 1.08336198 -1.27008104
v 1.97849703 1.04950297 -1.28680801
v 2.12366509 1.00869405 -1.30743694
v 2.12377501 1.01024699 -1.30905199
v 2.12383699 1.01088905 -1.31136203
v 2.2795341 0.960156024 -1.33539903
v 2.27958298 0.960848987 -1.33766699
v 2.12383699 1.01088905 -1.31136203
v 2.12377501 1.01024699 -1.30905199
v 2.12366509 1.00869405 -1.30743694
v 2.27941203 0.958652973 -1.33374202
v 2.42182708 0.906104982 -1.36195397
v 2.421947 0.907543004 -1.36366403
v 0.989207029 0.523661017 -1.61117804
v 0.989543974 0.525493026 -1.61291802
v 1.02619004 0.526647985 -1.61207998
v 1.02586401 0.524828017 -1.61033702
v 1.02601898 0.524452984 -1.60815597
v 0.989373028 0.523298025 -1.60899401
v 0.988319993 0.524112999 -1.60935903
v 0.98774302 0.524340987 -1.61099505
v 1.92391503 0.547348976 -1.58768296
v 1.92406404 0.548931003 -1.58948803
v 2.07957292 0.551760972 -1.58496106
v 2.0794239 0.550213993 -1.58314204
v 2.07940197 0.549565971 -1.58103597
v 1.92389297 0.546736002 -1.58556402
v 1.76395595 0.543678999 -1.59024501
v 1.76396501 0.544255972 -1.592381
v 1.08839798 0.821784019 -1.49034405
v 1.08899403 0.822849989 -1.49230802
v 1.06582403 0.753223002 -1.52910101
v 1.06521499 0.752147973 -1.52714205
v 1.06565201 0.751028001 -1.525177
v 1.08882296 0.820654988 -1.48838401
v 1.11231506 0.89112401 -1.44607103
v 1.11190295 0.892259002 -1.44802701
v 2.62956595 0.672124982 -1.50380397
v 2.62908697 0.673301995 -1.50576901
v 2.64005995 0.700802982 -1.48807704
v 2.64054894 0.699606001 -1.48612297
v 2.639889 0.698607981 -1.48415303
v 2.62891603 0.671105981 -1.501845
v 2.61310101 0.644822001 -1.51889801
v 2.61372995 0.645861983 -1.52085197
v 1.60421801 0.541194022 -1.59666002
v 1.60439706 0.542850018 -1.598441
v 1.76412797 0.545874 -1.59416902
v 1.76396501 0.544255972 -1.592381
v 1.76395595 0.543678999 -1.59024501
v 1.60422504 0.540655017 -1.59451604
v 1.46281803 0.537715018 -1.59806204
v 1.46279001 0.538219988 -1.60021102
v 2.64477897 0.727876008 -1.46833706
v 2.64429688 0.729094982 -1.47027504
v 2.6419549 0.755972981 -1.45084798
v 2.64132595 0.755025029 -1.44883704
v 2.64412498 0.726899981 -1.46635103
v 2.64054894 0.699606001 -1.48612297
v 2.64005995 0.700802982 -1.48807704
v 1.13639903 0.963970006 -1.40139997
v 1.13696897 0.965025008 -1.403373
v 1.112486 0.893319011 -1.44999599
v 1.11190295 0.892259002 -1.44802701
v 1.11231506 0.89112401 -1.44607103
v 1.13679802 0.962828994 -1.39944804
v 1.16182899 1.03483403 -1.34753299
v 1.16144395 1.03597796 -1.34948206
v 2.59493995 0.621246994 -1.53673899
v 2.59451103 0.622379005 -1.53871202
v 2.61372995 0.645861983 -1.52085197
v 2.61310101 0.644822001 -1.51889801
v 2.59434009 0.620184004 -1.53478801
v 2.57358599 0.597751021 -1.54916298
v 2.57415104 0.598834991 -1.55111504
v 2.57375693 0.599946976 -1.553087
v 1.04168296 0.682956994 -1.55720997
v 1.04230499 0.684041023 -1.55916595
v 1.020908 0.621758997 -1.58238399
v 1.02027297 0.620665014 -1.58043003
v 1.02073705 0.619563997 -1.57845998
v 1.04213405 0.681846023 -1.55524194
v 1.06565201 0.751028001 -1.525177
v 1.06521499 0.752147973 -1.52714205
v 2.61749291 0.81014502 -1.41710806
v 2.61713505 0.811478019 -1.41894102
v 2.61672997 0.810994029 -1.41659606
v 2.61640596 0.810204983 -1.41514099
v 2.6169641 0.809283018 -1.41501701
v 2.62073493 0.802060008 -1.41952002
v 2.62127805 0.802935004 -1.42159903
v 2.62090611 0.804255009 -1.42344403
v 2.63177705 0.782935023 -1.43405795
v 2.63136411 0.784220994 -1.43593395
v 2.62127805 0.802935004 -1.42159903
v 2.62073493 0.802060008 -1.41952002
v 2.63119197 0.782025993 -1.43201005
v 2.64132595 0.755025029 -1.44883704
v 2.6419549 0.755972981 -1.45084798
v 2.64149809 0.75721997 -1.45276105
v 1.212587 1.18059301 -1.22806597
v 1.206231 1.16222894 -1.24680305
v 1.20570004 1.161183 -1.24482
v 1.20606005 1.16003299 -1.24287796
v 1.21294296 1.179443 -1.226125
v 1.21374094 1.18090796 -1.22559702
v 1.21361303 1.18218899 -1.22666502
v 1.21386802 1.18253398 -1.22850394
v 1.18659902 1.10734701 -1.291291
v 1.16200101 1.03702903 -1.35145795
v 1.16144395 1.03597796 -1.34948206
v 1.16182899 1.03483403 -1.34753299
v 1.18697 1.10619998 -1.28934598
v 1.20606005 1.16003299 -1.24287796
v 1.20570004 1.161183 -1.24482
v 1.206231 1.16222894 -1.24680305
v 0.987927973 0.526526988 -1.61034203
v 0.988447011 0.525740027 -1.61226594
v 0.98774302 0.524340987 -1.61099505
v 0.988319993 0.524112999 -1.60935903
v 0.98841399 0.525445998 -1.60836697
v 0.992797017 0.538212001 -1.604509
v 0.992314994 0.539295018 -1.60648406
v 0.992968976 0.540408015 -1.60843396
v 1.00345695 0.571726024 -1.59668398
v 0.992968976 0.540408015 -1.60843396
v 0.992314994 0.539295018 -1.60648406
v 0.992797017 0.538212001 -1.604509
v 1.003932 0.570635021 -1.59471095
v 1.02073705 0.619563997 -1.57845998
v 1.02027297 0.620665014 -1.58043003
v 1.020908 0.621758997 -1.58238399
v 2.52841401 0.559638023 -1.57602799
v 2.52809906 0.560727 -1.57798898
v 2.53516698 0.565159023 -1.57252705
v 2.53466892 0.564055979 -1.57056499
v 2.52792692 0.558532 -1.57406402
v 2.52677894 0.558103979 -1.57501805
v 2.52684999 0.558676004 -1.57663
v 2.52690601 0.559729993 -1.57792497
v 2.55232 0.579182029 -1.56363297
v 2.55196309 0.580281019 -1.56560099
v 2.57375693 0.599946976 -1.553087
v 2.57415104 0.598834991 -1.55111504
v 2.57358599 0.597751021 -1.54916298
v 2.55179191 0.578085005 -1.56167698
v 2.53466892 0.564055979 -1.57056499
v 2.53516698 0.565159023 -1.57252705
v 2.52706504 0.859143972 -1.39007497
v 2.42199898 0.908299983 -1.36587799
v 2.421947 0.907543004 -1.36366403
v 2.42182708 0.906104982 -1.36195397
v 2.52699995 0.857771993 -1.38830495
v 2.59235597 0.822866976 -1.40750098
v 2.59235811 0.824187994 -1.40931797
v 2.5925281 0.82506299 -1.41142499
v 2.61529899 0.811906993 -1.41607904
v 2.5925281 0.82506299 -1.41142499
v 2.59235811 0.824187994 -1.40931797
v 2.59235597 0.822866976 -1.40750098
v 2.61531901 0.810603023 -1.41424501
v 2.61640596 0.810204983 -1.41514099
v 2.61672997 0.810994029 -1.41659606
v 2.61653304 0.811830997 -1.41804802
v 2.44570804 0.556508005 -1.57635403
v 2.44604397 0.55795598 -1.57813799
v 2.50501895 0.559282005 -1.57846904
v 2.50458288 0.55785799 -1.576702
v 2.504848 0.557085991 -1.57454503
v 2.44587302 0.55576098 -1.57421398
v 2.35181594 0.553919971 -1.57474804
v 2.35175896 0.554634988 -1.57686806
v 2.35198808 0.556114972 -1.57867205
v 2.52526903 0.558331013 -1.57682395
v 2.52573991 0.559746981 -1.57858598
v 2.52690601 0.559729993 -1.57792497
v 2.52684999 0.558676004 -1.57663
v 2.52677894 0.558103979 -1.57501805
v 2.52556896 0.55755198 -1.57466102
v 2.46199799 0.577992976 -1.56209803
v 2.52744293 0.577794015 -1.56131399
v 2.54717398 0.598169982 -1.54906404
v 2.47617793 0.600279987 -1.55055904
v 2.36921597 0.603055 -1.55301201
v 2.360991 0.578215003 -1.563887
v 2.35469508 0.561343014 -1.57087004
v 2.45094609 0.562533021 -1.56993902
v 2.51196504 0.563376009 -1.56991804
v 2.55043697 0.57772398 -1.56103802
v 2.55179191 0.578085005 -1.56167698
v 2.57358599 0.597751021 -1.54916298
v 2.57211804 0.597428024 -1.54853904
v 2.54717398 0.598169982 -1.54906404
v 2.52744293 0.577794015 -1.56131399
v 2.51196504 0.563376009 -1.56991804
v 2.53340411 0.563673019 -1.569911
v 2.53466892 0.564055979 -1.57056499
v 2.44659495 0.556445003 -1.57302701
v 2.35221601 0.554700017 -1.57361901
v 2.35181594 0.553919971 -1.57474804
v 2.44587302 0.55576098 -1.57421398
v 2.50587106 0.557699978 -1.57330596
v 2.51196504 0.563376009 -1.56991804
v 2.45094609 0.562533021 -1.56993902
v 2.35469508 0.561343014 -1.57087004
v 2.52669692 0.558140993 -1.57340395
v 2.50587106 0.557699978 -1.57330596
v 2.504848 0.557085991 -1.57454503
v 2.52556896 0.55755198 -1.57466102
v 2.53466892 0.564055979 -1.57056499
v 2.53340411 0.563673019 -1.569911
v 2.52703595 0.856584013 -1.38822997
v 2.42169499 0.904717982 -1.36205697
v 2.42047691 0.89268899 -1.37097895
v 2.52778506 0.846894979 -1.39504302
v 2.59553099 0.813939989 -1.41241097
v 2.59257793 0.821830988 -1.40728199
v 2.52699995 0.857771993 -1.38830495
v 2.42182708 0.906104982 -1.36195397
v 2.61560702 0.809620976 -1.41397595
v 2.59257793 0.821830988 -1.40728199
v 2.59553099 0.813939989 -1.41241097
v 2.61933303 0.802362025 -1.41851401
v 2.62073493 0.802060008 -1.41952002
v 2.61531901 0.810603023 -1.41424501
v 2.59235597 0.822866976 -1.40750098
v 2.52986407 0.820024014 -1.41394198
v 2.41709805 0.859324992 -1.39572501
v 2.41235399 0.816661 -1.42670298
v 2.53098607 0.785094976 -1.43811095
v 2.6114099 0.762905002 -1.445454
v 2.60371804 0.792053998 -1.42663801
v 2.59553099 0.813939989 -1.41241097
v 2.52778506 0.846894979 -1.39504302
v 2.42047691 0.89268899 -1.37097895
v 2.62966704 0.78222698 -1.43109798
v 2.60371804 0.792053998 -1.42663801
v 2.6114099 0.762905002 -1.445454
v 2.63966799 0.755109012 -1.44803405
v 2.64132595 0.755025029 -1.44883704
v 2.62073493 0.802060008 -1.41952002
v 2.61933303 0.802362025 -1.41851401
v 2.48991203 0.626846015 -1.53638196
v 2.37748098 0.63360399 -1.53858602
v 2.36921597 0.603055 -1.55301201
v 2.47617793 0.600279987 -1.55055904
v 2.54717398 0.598169982 -1.54906404
v 2.56602597 0.621721983 -1.53474295
v 2.583184 0.647629976 -1.518713
v 2.50275803 0.656167984 -1.51997304
v 2.38565207 0.667551994 -1.52116895
v 2.59276795 0.619921982 -1.53416705
v 2.56602597 0.621721983 -1.53474295
v 2.54717398 0.598169982 -1.54906404
v 2.57211804 0.597428024 -1.54853904
v 2.57358599 0.597751021 -1.54916298
v 2.61310101 0.644822001 -1.51889801
v 2.61144209 0.644629002 -1.51827002
v 2.583184 0.647629976 -1.518713
v 2.62719297 0.670976996 -1.50119901
v 2.62891603 0.671105981 -1.501845
v 2.639889 0.698607981 -1.48415303
v 2.63813901 0.698540986 -1.48347604
v 2.60829306 0.703715026 -1.48307002
v 2.59783411 0.675072014 -1.50134003
v 2.583184 0.647629976 -1.518713
v 2.61144209 0.644629002 -1.51827002
v 2.61310101 0.644822001 -1.51889801
v 2.51427388 0.686728001 -1.50174105
v 2.59783411 0.675072014 -1.50134003
v 2.60829306 0.703715026 -1.48307002
v 2.5233469 0.718442976 -1.48191798
v 2.400877 0.73891902 -1.47904599
v 2.39359999 0.702589989 -1.50132501
v 2.38565207 0.667551994 -1.52116895
v 2.50275803 0.656167984 -1.51997304
v 2.583184 0.647629976 -1.518713
v 2.52886605 0.751233995 -1.46073902
v 2.40703797 0.776733994 -1.45432496
v 2.400877 0.73891902 -1.47904599
v 2.5233469 0.718442976 -1.48191798
v 2.61287689 0.733226001 -1.46435297
v 2.6114099 0.762905002 -1.445454
v 2.53098607 0.785094976 -1.43811095
v 2.41235399 0.816661 -1.42670298
v 2.64239407 0.726899028 -1.46562302
v 2.61287689 0.733226001 -1.46435297
v 2.60829306 0.703715026 -1.48307002
v 2.63813901 0.698540986 -1.48347604
v 2.639889 0.698607981 -1.48415303
v 2.64132595 0.755025029 -1.44883704
v 2.63966799 0.755109012 -1.44803405
v 2.6114099 0.762905002 -1.445454
v 2.23131108 0.578351021 -1.56718004
v 2.23637605 0.605790973 -1.55641198
v 2.08747101 0.608343005 -1.55994701
v 2.08346796 0.57822299 -1.57110596
v 2.08066702 0.558367014 -1.57745194
v 2.22755599 0.560009003 -1.57360601
v 2.35469508 0.561343014 -1.57087004
v 2.360991 0.578215003 -1.563887
v 2.36921597 0.603055 -1.55301201
v 2.22607803 0.552788019 -1.57613599
v 2.22755599 0.560009003 -1.57360601
v 2.08066702 0.558367014 -1.57745194
v 2.07956409 0.550548971 -1.57995105
v 2.07940197 0.549565971 -1.58103597
v 2.35181594 0.553919971 -1.57474804
v 2.35221601 0.554700017 -1.57361901
v 2.35469508 0.561343014 -1.57087004
v 1.92405498 0.547824025 -1.58443999
v 1.92389297 0.546736002 -1.58556402
v 2.07940197 0.549565971 -1.58103597
v 2.07956409 0.550548971 -1.57995105
v 2.08066702 0.558367014 -1.57745194
v 1.92516196 0.556250989 -1.58171499
v 1.76548803 0.553928018 -1.586061
v 1.76415706 0.544875026 -1.58907104
v 1.76395595 0.543678999 -1.59024501
v 1.92797399 0.577654004 -1.57479596
v 1.92516196 0.556250989 -1.58171499
v 2.08066702 0.558367014 -1.57745194
v 2.08346796 0.57822299 -1.57110596
v 2.08747101 0.608343005 -1.55994701
v 1.93231499 0.610567987 -1.56280601
v 1.77430999 0.612618029 -1.56547499
v 1.76886797 0.576920986 -1.57841396
v 1.76548803 0.553928018 -1.586061
v 1.60447502 0.541962981 -1.59331703
v 1.60422504 0.540655017 -1.59451604
v 1.76395595 0.543678999 -1.59024501
v 1.76415706 0.544875026 -1.58907104
v 1.76548803 0.553928018 -1.586061
v 1.60608995 0.551662982 -1.59015596
v 1.465096 0.549435973 -1.59359503
v 1.46312904 0.539128006 -1.59684706
v 1.46281803 0.537715018 -1.59806204
v 1.61019194 0.576300025 -1.58212805
v 1.60608995 0.551662982 -1.59015596
v 1.76548803 0.553928018 -1.586061
v 1.76886797 0.576920986 -1.57841396
v 1.77430999 0.612618029 -1.56547499
v 1.61685896 0.614642024 -1.56843996
v 1.478145 0.616271973 -1.57107103
v 1.47009206 0.575616002 -1.58533597
v 1.465096 0.549435973 -1.59359503
v 0.990099013 0.525133014 -1.607674
v 0.989373028 0.523298025 -1.60899401
v 1.02601898 0.524452984 -1.60815597
v 1.02671099 0.526255012 -1.60684502
v 1.03088903 0.538819015 -1.60303903
v 0.994473994 0.537890017 -1.60381901
v 0.98841399 0.525445998 -1.60836697
v 0.988319993 0.524112999 -1.60935903
v 1.005584 0.570290029 -1.59402704
v 0.994473994 0.537890017 -1.60381901
v 1.03088903 0.538819015 -1.60303903
v 1.04149997 0.570728004 -1.59337103
v 1.05756199 0.618983984 -1.577281
v 1.02235603 0.619188011 -1.57778203
v 1.003932 0.570635021 -1.59471095
v 0.992797017 0.538212001 -1.604509
v 2.27927399 0.957073987 -1.33400404
v 2.27941203 0.958652973 -1.33374202
v 2.12366509 1.00869405 -1.30743694
v 2.12356496 1.00696003 -1.30782604
v 2.1227181 0.990854025 -1.32009995
v 2.277987 0.942781985 -1.34478796
v 2.42047691 0.89268899 -1.37097895
v 2.42169499 0.904717982 -1.36205697
v 2.42182708 0.906104982 -1.36195397
v 2.27441502 0.903142989 -1.37470102
v 2.277987 0.942781985 -1.34478796
v 2.1227181 0.990854025 -1.32009995
v 2.12036991 0.946180999 -1.35414302
v 2.116714 0.888902009 -1.39659798
v 2.26947188 0.852585971 -1.41192698
v 2.41235399 0.816661 -1.42670298
v 2.41709805 0.859324992 -1.39572501
v 2.42047691 0.89268899 -1.37097895
v 1.97351801 0.983139992 -1.33732402
v 1.96845496 0.921643972 -1.383533
v 2.116714 0.888902009 -1.39659798
v 2.12036991 0.946180999 -1.35414302
v 2.1227181 0.990854025 -1.32009995
v 1.97707701 1.030581 -1.300542
v 1.83718002 1.06380796 -1.28466702
v 1.831267 1.01475203 -1.32363105
v 1.823385 0.950496972 -1.37288499
v 1.97836006 1.04768503 -1.28727996
v 1.97707701 1.030581 -1.300542
v 2.1227181 0.990854025 -1.32009995
v 2.12356496 1.00696003 -1.30782604
v 2.12366509 1.00869405 -1.30743694
v 1.83931303 1.08149505 -1.27061903
v 1.83718002 1.06380796 -1.28466702
v 1.69102097 1.04174697 -1.312451
v 1.68019402 0.975144982 -1.36481094
v 1.823385 0.950496972 -1.37288499
v 1.831267 1.01475203 -1.32363105
v 1.83718002 1.06380796 -1.28466702
v 1.69914806 1.09238195 -1.271029
v 1.57942498 1.11401498 -1.26086605
v 1.56927395 1.06213295 -1.304353
v 1.55565405 0.993799984 -1.35919094
v 1.70207798 1.11063802 -1.25609505
v 1.69914806 1.09238195 -1.271029
v 1.83718002 1.06380796 -1.28466702
v 1.83931303 1.08149505 -1.27061903
v 1.58342505 1.13467503 -1.24451101
v 1.58308494 1.13272095 -1.245188
v 1.57942498 1.11401498 -1.26086605
v 1.18831098 1.10568595 -1.28874397
v 1.16321397 1.03432906 -1.34692001
v 1.19338 1.03137898 -1.34781301
v 1.21757102 1.10252595 -1.28985298
v 1.23591995 1.15622199 -1.24359202
v 1.20736802 1.159513 -1.24228501
v 1.18697 1.10619998 -1.28934598
v 1.16182899 1.03483403 -1.34753299
v 1.214239 1.17892098 -1.22553504
v 1.20736802 1.159513 -1.24228501
v 1.23591995 1.15622199 -1.24359202
v 1.24253595 1.17558205 -1.22691202
v 1.24312603 1.17759204 -1.22615004
v 1.21294296 1.179443 -1.226125
v 1.20606005 1.16003299 -1.24287796
v 2.241786 0.640307009 -1.54085505
v 2.09218001 0.646950006 -1.54301
v 2.08747101 0.608343005 -1.55994701
v 2.23637605 0.605790973 -1.55641198
v 2.36921597 0.603055 -1.55301201
v 2.37748098 0.63360399 -1.53858602
v 2.38565207 0.667551994 -1.52116895
v 2.24735594 0.679084003 -1.52142
v 2.09714794 0.690703988 -1.52138698
v 1.93801105 0.653527021 -1.54487205
v 1.78182602 0.659783006 -1.54658699
v 1.77430999 0.612618029 -1.56547499
v 1.93231499 0.610567987 -1.56280601
v 2.08747101 0.608343005 -1.55994701
v 2.09218001 0.646950006 -1.54301
v 2.09714794 0.690703988 -1.52138698
v 1.94430602 0.702350974 -1.52173197
v 1.79034901 0.713423014 -1.52216899
v 1.62616897 0.665461004 -1.54830003
v 1.48927999 0.67000699 -1.54980195
v 1.478145 0.616271973 -1.57107103
v 1.61685896 0.614642024 -1.56843996
v 1.77430999 0.612618029 -1.56547499
v 1.78182602 0.659783006 -1.54658699
v 1.79034901 0.713423014 -1.52216899
v 1.63679695 0.723318994 -1.52240896
v 1.50195599 0.731155992 -1.52260804
v 2.26406908 0.805539012 -1.44465399
v 2.40703797 0.776733994 -1.45432496
v 2.41235399 0.816661 -1.42670298
v 2.26947188 0.852585971 -1.41192698
v 2.116714 0.888902009 -1.39659798
v 2.11194706 0.834976017 -1.43411005
v 2.10678196 0.784174025 -1.46714401
v 2.258461 0.761336029 -1.47348404
v 2.400877 0.73891902 -1.47904599
v 2.25290298 0.719304979 -1.499017
v 2.39359999 0.702589989 -1.50132501
v 2.400877 0.73891902 -1.47904599
v 2.258461 0.761336029 -1.47348404
v 2.10678196 0.784174025 -1.46714401
v 2.10193205 0.736265004 -1.49616694
v 2.09714794 0.690703988 -1.52138698
v 2.24735594 0.679084003 -1.52142
v 2.38565207 0.667551994 -1.52116895
v 1.950441 0.75286001 -1.49412501
v 1.79880905 0.768548012 -1.49264097
v 1.79034901 0.713423014 -1.52216899
v 1.94430602 0.702350974 -1.52173197
v 2.09714794 0.690703988 -1.52138698
v 2.10193205 0.736265004 -1.49616694
v 2.10678196 0.784174025 -1.46714401
v 1.95652294 0.805913985 -1.46194196
v 1.80715799 0.82614702 -1.45789099
v 1.962659 0.862371981 -1.42507505
v 1.81535006 0.887212992 -1.41780603
v 1.80715799 0.82614702 -1.45789099
v 1.95652294 0.805913985 -1.46194196
v 2.10678196 0.784174025 -1.46714401
v 2.11194706 0.834976017 -1.43411005
v 2.116714 0.888902009 -1.39659798
v 1.96845496 0.921643972 -1.383533
v 1.823385 0.950496972 -1.37288499
v 1.64741695 0.782782972 -1.49146605
v 1.51462901 0.794053018 -1.49057198
v 1.50195599 0.731155992 -1.52260804
v 1.63679695 0.723318994 -1.52240896
v 1.79034901 0.713423014 -1.52216899
v 1.79880905 0.768548012 -1.49264097
v 1.80715799 0.82614702 -1.45789099
v 1.65816104 0.844466984 -1.455006
v 1.52770603 0.858861029 -1.452932
v 1.66916394 0.908985972 -1.41255796
v 1.54158902 0.925742984 -1.40892804
v 1.52770603 0.858861029 -1.452932
v 1.65816104 0.844466984 -1.455006
v 1.80715799 0.82614702 -1.45789099
v 1.81535006 0.887212992 -1.41780603
v 1.823385 0.950496972 -1.37288499
v 1.68019402 0.975144982 -1.36481094
v 1.55565405 0.993799984 -1.35919094
v 1.043715 0.681439996 -1.55457103
v 1.04213405 0.681846023 -1.55524194
v 1.02073705 0.619563997 -1.57845998
v 1.02235603 0.619188011 -1.57778203
v 1.05756199 0.618983984 -1.577281
v 1.07809401 0.680586994 -1.55420399
v 1.10070205 0.749145985 -1.52435505
v 1.06719303 0.750593007 -1.52451396
v 1.06565201 0.751028001 -1.525177
v 1.090325 0.820195973 -1.48773599
v 1.08882296 0.820654988 -1.48838401
v 1.06565201 0.751028001 -1.525177
v 1.06719303 0.750593007 -1.52451396
v 1.10070205 0.749145985 -1.52435505
v 1.12299597 0.818269014 -1.48794997
v 1.145625 0.888320982 -1.44601703
v 1.11378002 0.890645027 -1.44543803
v 1.11231506 0.89112401 -1.44607103
v 1.13822305 0.962336004 -1.398826
v 1.13679802 0.962828994 -1.39944804
v 1.11231506 0.89112401 -1.44607103
v 1.11378002 0.890645027 -1.44543803
v 1.145625 0.888320982 -1.44601703
v 1.16924298 0.959667981 -1.39958596
v 1.19338 1.03137898 -1.34781301
v 1.16321397 1.03432906 -1.34692001
v 1.16182899 1.03483403 -1.34753299
v 1.13220501 0.532407999 -1.60969198
v 1.13155401 0.529968977 -1.60967004
v 1.13581705 0.54441601 -1.60602796
v 1.26149905 0.547621012 -1.60333395
v 1.25856602 0.536279023 -1.60682905
v 1.25803196 0.533955991 -1.60677803
v 1.358464 0.539340019 -1.60456502
v 1.35802197 0.537108004 -1.604491
v 1.36085904 0.550154984 -1.60120499
v 1.46532404 0.552362978 -1.598827
v 1.46335697 0.542055011 -1.60207903
v 1.46298897 0.539910972 -1.60198605
v 1.14499104 0.574916005 -1.59671998
v 1.15901196 0.621325016 -1.58107102
v 1.28051805 0.620621026 -1.57934105
v 1.26894701 0.576427996 -1.59445906
v 1.366943 0.577624023 -1.59267199
v 1.37657702 0.62006402 -1.57797205
v 1.47837305 0.619198978 -1.57630396
v 1.47032106 0.578543007 -1.59056902
v 1.49899399 1.148278 -1.24461198
v 1.499331 1.14951897 -1.24259603
v 1.58359599 1.13687098 -1.24843502
v 1.58331394 1.13564801 -1.25041997
v 1.57965398 1.11694205 -1.26609898
v 1.49468803 1.12934697 -1.26065004
v 1.41678298 1.138327 -1.25708699
v 1.421785 1.15738702 -1.24085498
v 1.42218101 1.15864003 -1.23882306
v 1.32412302 1.16891003 -1.23610306
v 1.32459402 1.17017698 -1.23405004
v 1.31824005 1.14968705 -1.25257897
v 1.48274505 1.076841 -1.30513406
v 1.569502 1.06506002 -1.30958498
v 1.55588198 0.99672699 -1.36442399
v 1.46676397 1.00759995 -1.36114001
v 1.38445497 1.01564705 -1.35870099
v 1.40290904 1.08546305 -1.30210602
v 1.30192494 1.09636796 -1.29827595
v 1.28034103 1.02582598 -1.35561597
v 1.38962495 0.675795019 -1.55611396
v 1.404356 0.738978028 -1.528157
v 1.50218403 0.734082997 -1.52784097
v 1.48950803 0.672933996 -1.55503404
v 1.47837305 0.619198978 -1.57630396
v 1.37657702 0.62006402 -1.57797205
v 1.28051805 0.620621026 -1.57934105
v 1.29582095 0.678120971 -1.55711496
v 1.31292605 0.742923975 -1.52858806
v 1.17716706 0.68106401 -1.55838096
v 1.19727504 0.74791503 -1.52913296
v 1.15901196 0.621325016 -1.58107102
v 1.41904104 0.803772986 -1.49516106
v 1.43419695 0.870245993 -1.45654905
v 1.52793396 0.861787975 -1.45816398
v 1.51485801 0.796980023 -1.49580395
v 1.50218403 0.734082997 -1.52784097
v 1.404356 0.738978028 -1.528157
v 1.31292605 0.742923975 -1.52858806
v 1.32990301 0.809023023 -1.49456501
v 1.34731197 0.87657398 -1.454952
v 1.21715295 0.81566298 -1.49381006
v 1.237409 0.884579003 -1.45293105
v 1.19727504 0.74791503 -1.52913296
v 1.45034301 0.938461006 -1.411744
v 1.46676397 1.00759995 -1.36114001
v 1.55588198 0.99672699 -1.36442399
v 1.54181802 0.928669989 -1.41416097
v 1.36570895 0.945733011 -1.409657
v 1.38445497 1.01564705 -1.35870099
v 1.258654 0.954931021 -1.40701699
v 1.28034103 1.02582598 -1.35561597
v 1.32467401 1.16962302 -1.23162198
v 1.32459402 1.17017698 -1.23405004
v 1.24329805 1.17978704 -1.23007405
v 1.24339902 1.17923701 -1.22764003
v 1.324422 1.16798103 -1.23012602
v 1.42200994 1.15644503 -1.23489904
v 1.42223704 1.15808201 -1.23640096
v 1.42218101 1.15864003 -1.23882306
v 1.49936795 1.14895701 -1.24018002
v 1.499331 1.14951897 -1.24259603
v 1.49916005 1.14732397 -1.23867202
v 1.58342505 1.13467503 -1.24451101
v 1.58361399 1.13630199 -1.24602902
v 1.35779905 0.535387993 -1.60272205
v 1.35802197 0.537108004 -1.604491
v 1.46298897 0.539910972 -1.60198605
v 1.46279001 0.538219988 -1.60021102
v 1.46281803 0.537715018 -1.59806204
v 1.35785103 0.534913003 -1.60056698
v 1.25785995 0.531760991 -1.60285294
v 1.25777698 0.532205999 -1.60501599
v 1.25803196 0.533955991 -1.60677803
v 1.13126004 0.528181016 -1.60791898
v 1.13155401 0.529968977 -1.60967004
v 1.13138199 0.527773976 -1.60574603
v 1.02601898 0.524452984 -1.60815597
v 1.02586401 0.524828017 -1.61033702
v 1.35823596 0.536413014 -1.59933305
v 1.35785103 0.534913003 -1.60056698
v 1.46281803 0.537715018 -1.59806204
v 1.46312904 0.539128006 -1.59684706
v 1.465096 0.549435973 -1.59359503
v 1.36063099 0.547227979 -1.59597301
v 1.26127005 0.544694006 -1.59810197
v 1.25833797 0.533352017 -1.601596
v 1.25785995 0.531760991 -1.60285294
v 1.13197696 0.52947998 -1.60446
v 1.13138199 0.527773976 -1.60574603
v 1.135589 0.541489005 -1.60079503
v 1.03088903 0.538819015 -1.60303903
v 1.02671099 0.526255012 -1.60684502
v 1.02601898 0.524452984 -1.60815597
v 1.36671495 0.574697018 -1.58743894
v 1.36063099 0.547227979 -1.59597301
v 1.465096 0.549435973 -1.59359503
v 1.47009206 0.575616002 -1.58533597
v 1.478145 0.616271973 -1.57107103
v 1.37634897 0.617137015 -1.57273996
v 1.28029001 0.61769402 -1.574108
v 1.268718 0.573500991 -1.58922696
v 1.26127005 0.544694006 -1.59810197
v 1.14476204 0.571987987 -1.591488
v 1.135589 0.541489005 -1.60079503
v 1.15878296 0.618398011 -1.57583904
v 1.05756199 0.618983984 -1.577281
v 1.04149997 0.570728004 -1.59337103
v 1.32389402 1.16598296 -1.23087096
v 1.324422 1.16798103 -1.23012602
v 1.24312603 1.17759204 -1.22615004
v 1.24253595 1.17558205 -1.22691202
v 1.318012 1.14675999 -1.247347
v 1.41655505 1.13540006 -1.25185394
v 1.42155695 1.15445995 -1.235623
v 1.42200994 1.15644503 -1.23489904
v 1.49876595 1.14535105 -1.23937905
v 1.49916005 1.14732397 -1.23867202
v 1.49445999 1.12642002 -1.25541794
v 1.57942498 1.11401498 -1.26086605
v 1.58308494 1.13272095 -1.245188
v 1.58342505 1.13467503 -1.24451101
v 1.30169594 1.09344101 -1.29304397
v 1.318012 1.14675999 -1.247347
v 1.23591995 1.15622199 -1.24359202
v 1.21757102 1.10252595 -1.28985298
v 1.19338 1.03137898 -1.34781301
v 1.28011298 1.02289903 -1.35038304
v 1.38422596 1.01271999 -1.35346794
v 1.40268099 1.08253598 -1.29687405
v 1.41655505 1.13540006 -1.25185394
v 1.482517 1.07391405 -1.29990196
v 1.49445999 1.12642002 -1.25541794
v 1.46653605 1.00467205 -1.35590696
v 1.55565405 0.993799984 -1.35919094
v 1.56927395 1.06213295 -1.304353
v 1.57942498 1.11401498 -1.26086605
v 1.17693901 0.678135991 -1.55314898
v 1.19704604 0.744988024 -1.52390099
v 1.10070205 0.749145985 -1.52435505
v 1.07809401 0.680586994 -1.55420399
v 1.05756199 0.618983984 -1.577281
v 1.15878296 0.618398011 -1.57583904
v 1.28029001 0.61769402 -1.574108
v 1.29559195 0.675194025 -1.55188298
v 1.31269705 0.739996016 -1.52335501
v 1.38939703 0.672868013 -1.55088103
v 1.40412796 0.73605001 -1.52292395
v 1.37634897 0.617137015 -1.57273996
v 1.478145 0.616271973 -1.57107103
v 1.48927999 0.67000699 -1.54980195
v 1.50195599 0.731155992 -1.52260804
v 1.21692395 0.812735975 -1.48857701
v 1.23718095 0.881651998 -1.44769895
v 1.12299597 0.818269014 -1.48794997
v 1.10070205 0.749145985 -1.52435505
v 1.19704604 0.744988024 -1.52390099
v 1.31269705 0.739996016 -1.52335501
v 1.32967496 0.806096017 -1.48933196
v 1.34708297 0.873646975 -1.44971895
v 1.41881299 0.800845981 -1.48992801
v 1.43396902 0.867318988 -1.45131695
v 1.40412796 0.73605001 -1.52292395
v 1.50195599 0.731155992 -1.52260804
v 1.51462901 0.794053018 -1.49057198
v 1.52770603 0.858861029 -1.452932
v 1.25842595 0.952004015 -1.40178394
v 1.28011298 1.02289903 -1.35038304
v 1.19338 1.03137898 -1.34781301
v 1.16924298 0.959667981 -1.39958596
v 1.145625 0.888320982 -1.44601703
v 1.23718095 0.881651998 -1.44769895
v 1.34708297 0.873646975 -1.44971895
v 1.36547995 0.942806005 -1.40442395
v 1.38422596 1.01271999 -1.35346794
v 1.45011497 0.935534 -1.40651095
v 1.46653605 1.00467205 -1.35590696
v 1.43396902 0.867318988 -1.45131695
v 1.52770603 0.858861029 -1.452932
v 1.54158902 0.925742984 -1.40892804
v 1.55565405 0.993799984 -1.35919094
vt 0.8125 0.0233999994
vt 0.75 0.0233999994
vt 0.75 0.0155999996
vt 0.8125 0.0155999996
vt 0.875 0.0155999996
vt 0.875 0.0233999994
vt 0.875 0.0313000008
vt 0.8125 0.0313000008
vt 0.75 0.0313000008
vt 0.9375 0.0233999994
vt 0.9375 0.0155999996
vt 0.989600003 0.0155999996
vt 1 0.0233999994
vt 1 0.0313000008
vt 0.9375 0.0313000008
vt 0.8125 0.00779999979
vt 0.875 0.00779999979
vt 0.75 0.00779999979
vt 0.75 0
vt 0.8125 0
vt 0.875 0
vt 0.9375 0.00779999979
vt 1 0.00779999979
vt 0.9375 0
vt 1 0
vt 0.343800008 0.1875
vt 0.343800008 0.125
vt 0.375 0.125
vt 0.375 0.1875
vt 0.375 0.25
vt 0.343800008 0.25
vt 0.3125 0.25
vt 0.3125 0.1875
vt 0.3125 0.125
vt 0.343800008 0.0625
vt 0.343800008 -0
vt 0.375 -0
vt 0.375 0.0625
vt 0.3125 0.0625
vt 0.308600008 0.00779999979
vt 0.281300008 0.1875
vt 0.281300008 0.125
vt 0.281199992 0.25
vt 0.25 0.25
vt 0.25 0.1875
vt 0.25 0.125
vt 0.281300008 0.0625
vt 0.281300008 -0
vt 0.25 0.0625
vt 0.25 -0
vt 0.8125 0.375
vt 0.875 0.375
vt 0.875 0.5
vt 0.8125 0.5
vt 0.75 0.5
vt 0.75 0.375
vt 0.75 0.25
vt 0.8125 0.25
vt 0.875 0.25
vt 0.9375 0.375
vt 1 0.375
vt 1 0.5
vt 0.9375 0.5
vt 0.9375 0.25
vt 1 0.25
vt 0.75 0.0625
vt 0.75 0.125
vt 1 0.125
vt 1 0.0625
vt 1 0
vt 0.75 0
vt 0.5 0
vt 0.5 0.0625
vt 0.5 0.125
vt 0.75 0.1875
vt 0.75 0.25
vt 1 0.25
vt 1 0.1875
vt 0.5 0.1875
vt 0.5 0.25
vt 0.25 0.1875
vt 0.25 0.125
vt 0 0.125
vt 0 0.1875
vt 0 0.25
vt 0.25 0.25
vt 0.25 0.0625
vt 0.25 0
vt 0 0
vt 0 0.0625
vt 0.0116999997 0.5
vt 0.00779999979 0.5
vt 0.00779999979 -0
vt 0.0116999997 -0
vt 0.0155999996 -0
vt 0.0155999996 0.5
vt 0.0155999996 1
vt 0.0116999997 1
vt 0.00779999979 1
vt 0.00389999989 0.5
vt 0 0.5
vt 0 0
vt 0.00389999989 -0
vt 0.00389999989 1
vt 0 1
vt 0.996100008 0.5
vt 0.992200017 0.5
vt 0.992200017 1
vt 0.996100008 1
vt 1 1
vt 1 0.5
vt 1 0
vt 0.996100008 0
vt 0.992200017 0
vt 0.988300025 0.5
vt 0.984399974 0.5
vt 0.984399974 1
vt 0.988300025 1
vt 0.988300025 0
vt 0.984399974 -0
vt 0.996100008 0.5
vt 0.992200017 0.5
vt 0.992200017 1
vt 0.996100008 1
vt 1 1
vt 1 0.5
vt 1 0
vt 0.996100008 -0
vt 0.992200017 -0
vt 0.988300025 0.5
vt 0.984399974 0.5
vt 0.984399974 1
vt 0.988300025 1
vt 0.988300025 -0
vt 0.984399974 -0
vt 0.00389999989 0.531300008
vt 0.00779999979 0.531199992
vt 0.00779999979 0.5
vt 0.00389999989 0.5
vt -0 0.5
vt -0 0.531300008
vt 0.000199999995 0.564499974
vt 0.00389999989 0.559099972
vt 0.00779999979 0.559300005
vt 0.0116999997 0.531300008
vt 0.0155999996 0.531300008
vt 0.0155999996 0.5
vt 0.0116999997 0.5
vt 0.0116999997 0.559099972
vt 0.0155999996 0.558600008
vt 0.836399972 0.50029999
vt 0.828599989 0.50029999
vt 0.828999996 0.000600000028
vt 0.836799979 0.000500000024
vt 0.844600022 0.000500000024
vt 0.844200015 0.50029999
vt 0.843800008 1
vt 0.836000025 1
vt 0.828199983 1
vt 0.820800006 0.50029999
vt 0.813000023 0.50029999
vt 0.813499987 0.000600000028
vt 0.82130003 0.000600000028
vt 0.8204 1.00010002
vt 0.812600017 1.00010002
vt 0.1796 0.5
vt 0.171800002 0.5
vt 0.171800002 1
vt 0.1796 1
vt 0.1875 1
vt 0.187399998 0.5
vt 0.187399998 0
vt 0.1796 0
vt 0.171800002 0
vt 0.164000005 0.5
vt 0.156200007 0.5
vt 0.156200007 1
vt 0.164000005 1
vt 0.164000005 0
vt 0.156200007 0
vt 0.179700002 0.5
vt 0.171900004 0.5
vt 0.171900004 1
vt 0.179700002 1
vt 0.1875 1
vt 0.1875 0.5
vt 0.1875 0
vt 0.1796 0
vt 0.171800002 0
vt 0.164000005 0.5
vt 0.156200007 0.5
vt 0.156299993 1
vt 0.164100006 1
vt 0.164000005 0
vt 0.156200007 0
vt 0.820299983 0.531300008
vt 0.828100026 0.531300008
vt 0.828100026 0.5
vt 0.820299983 0.5
vt 0.8125 0.5
vt 0.8125 0.531300008
vt 0.8125 0.558600008
vt 0.820299983 0.558600008
vt 0.828100026 0.558600008
vt 0.835900009 0.531300008
vt 0.843800008 0.531300008
vt 0.843800008 0.5
vt 0.835900009 0.5
vt 0.835900009 0.558600008
vt 0.843800008 0.558600008
vt 0.1875 0.5
vt 0.1875 -0
vt 0.25 -0
vt 0.25 0.5
vt 0.25 1
vt 0.1875 1
vt 0.125 1
vt 0.125 0.5
vt 0.125 -0
vt 0.8125 0.5
vt 0.8125 -0
vt 0.75 -0
vt 0.75 0.5
vt 0.75 1
vt 0.8125 1
vt 0.875 1
vt 0.875 0.5
vt 0.875 -0
vt 0.8125 0.5
vt 0.8125 -0
vt 0.75 -0
vt 0.75 0.5
vt 0.75 1
vt 0.8125 1
vt 0.875 1
vt 0.875 0.5
vt 0.875 -0
vt 0.68809998 0.50029999
vt 0.687600017 1.00010002
vt 0.625100017 1
vt 0.625400007 0.500199974
vt 0.625699997 0.00039999999
vt 0.688499987 0.000600000028
vt 0.751299977 0.00079999998
vt 0.750699997 0.500400007
vt 0.750100017 1.00010002
vt 0.562699974 0.500100017
vt 0.5625 1
vt 0.5 1
vt 0.5 0.5
vt 0.5 0
vt 0.56279999 0.000199999995
vt 0.4375 0.5
vt 0.4375 0
vt 0.374900013 0
vt 0.375 0.5
vt 0.375 1
vt 0.4375 1
vt 0.5 1
vt 0.5 0.5
vt 0.5 0
vt 0.312400013 0.5
vt 0.312400013 0
vt 0.249899998 9.99999975e-05
vt 0.249899998 0.5
vt 0.249899998 1
vt 0.3125 1
vt 0.4375 0.5
vt 0.4375 0
vt 0.375 0
vt 0.375 0.5
vt 0.375 1
vt 0.4375 1
vt 0.5 1
vt 0.5 0.5
vt 0.5 -0
vt 0.3125 0.5
vt 0.3125 0
vt 0.249899998 0
vt 0.25 0.5
vt 0.25 1
vt 0.3125 1
vt 0.1875 0.531300008
vt 0.1875 0.558600008
vt 0.25 0.558600008
vt 0.25 0.531300008
vt 0.25 0.5
vt 0.1875 0.5
vt 0.125 0.5
vt 0.125 0.531300008
vt 0.125 0.558600008
vt 0.5625 0.531300008
vt 0.5625 0.559099972
vt 0.625 0.559300005
vt 0.625 0.531300008
vt 0.617200017 0.503899992
vt 0.5625 0.5
vt 0.5 0.5
vt 0.5 0.531199992
vt 0.5 0.558600008
vt 0.6875 0.531300008
vt 0.6875 0.559099972
vt 0.75 0.558600008
vt 0.75 0.531300008
vt 0.75 0.5
vt 0.6875 0.5
vt 0.164000005 0.5
vt 0.156200007 0.5
vt 0.164100006 1
vt 0.171900004 1
vt 0.171900004 0.5
vt 0.171800002 0
vt 0.164000005 0
vt 0.156200007 0
vt 0.00389999989 0.5
vt 0 0.5
vt 0.00389999989 -0
vt 0.00779999979 -0
vt 0.00779999979 0.5
vt 0.00779999979 1
vt 0.00389999989 1
vt 0 1
vt 0.835900009 0.531300008
vt 0.843800008 0.531300008
vt 0.835900009 0.5
vt 0.828100026 0.5
vt 0.828100026 0.531300008
vt 0.828100026 0.5625
vt 0.835900009 0.5625
vt 0.843800008 0.5625
vt 0.164000005 0.5
vt 0.156200007 0.5
vt 0.164000005 1
vt 0.171800002 1
vt 0.171800002 0.5
vt 0.171800002 0
vt 0.164000005 0
vt 0.156200007 0
vt 0.836399972 0.50029999
vt 0.828599989 0.50029999
vt 0.828999996 0.000600000028
vt 0.836799979 0.000500000024
vt 0.844200015 0.50029999
vt 0.843800008 1
vt 0.836000025 1
vt 0.828199983 1
vt 0.00389999989 0.531300008
vt 0.00779999979 0.531199992
vt 0.00779999979 0.5
vt 0.00389999989 0.5
vt -0 0.531300008
vt -0 0.5625
vt 0.00389999989 0.5625
vt 0.00779999979 0.5625
vt 0.996100008 0.5
vt 0.992200017 0.5
vt 0.992200017 1
vt 0.996100008 1
vt 1 0.5
vt 1 0
vt 0.996100008 0
vt 0.992200017 0
vt 0.5625 0.531300008
vt 0.5625 0.5625
vt 0.625 0.5625
vt 0.625 0.531300008
vt 0.5625 0.5
vt 0.5 0.5
vt 0.5 0.531199992
vt 0.5 0.5625
vt 0.75 0.0625
vt 0.75 0.125
vt 1 0.125
vt 1 0.0625
vt 0.75 0
vt 0.5 0
vt 0.5 0.0625
vt 0.5 0.125
vt 0.996100008 0.5
vt 0.992200017 0.5
vt 0.992200017 1
vt 0.996100008 1
vt 1 0.5
vt 1 0
vt 0.996100008 -0
vt 0.992200017 -0
vt 0.25 0.0625
vt 0.25 0
vt 0 0.0625
vt 0 0.125
vt 0.25 0.125
vt 0.5 0.0625
vt 0.5 0
vt 0.6875 0.531300008
vt 0.6875 0.5625
vt 0.75 0.5625
vt 0.75 0.531300008
vt 0.6875 0.5
vt 0.625 0.5
vt 0.625 0.531300008
vt 0.625 0.5625
vt 0.9375 0.375
vt 1 0.375
vt 0.9375 0.5
vt 0.875 0.5
vt 0.875 0.375
vt 0.875 0.25
vt 0.9375 0.25
vt 1 0.25
vt 0.1875 0.531300008
vt 0.1875 0.5625
vt 0.25 0.5625
vt 0.25 0.531300008
vt 0.1875 0.5
vt 0.125 0.5
vt 0.125 0.531300008
vt 0.125 0.5625
vt 0.343800008 0.0625
vt 0.343800008 -0
vt 0.375 0.0625
vt 0.375 0.125
vt 0.343800008 0.125
vt 0.3125 0.125
vt 0.3125 0.0625
vt 0.3125 -0
vt 0.281300008 0.0625
vt 0.281300008 -0
vt 0.3125 0.0625
vt 0.3125 0.125
vt 0.281300008 0.125
vt 0.25 0.125
vt 0.25 0.0625
vt 0.25 -0
vt 0.835900009 0.531300008
vt 0.843800008 0.531300008
vt 0.843800008 0.5
vt 0.828100026 0.5
vt 0.828100026 0.531300008
vt 0.828100026 0.5625
vt 0.835900009 0.5625
vt 0.843800008 0.5625
vt 0.820299983 0.531300008
vt 0.828100026 0.531300008
vt 0.828100026 0.5
vt 0.8125 0.5
vt 0.8125 0.531300008
vt 0.8125 0.5625
vt 0.820299983 0.5625
vt 0.828100026 0.5625
vt 0.00389999989 0.531300008
vt 0.00779999979 0.531199992
vt 0.00779999979 0.5
vt -0 0.5
vt -0 0.531300008
vt -0 0.5625
vt 0.00389999989 0.5625
vt 0.00779999979 0.5625
vt 0.0116999997 0.531300008
vt 0.0155999996 0.531300008
vt 0.0155999996 0.5
vt 0.00779999979 0.5
vt 0.00779999979 0.531199992
vt 0.00779999979 0.5625
vt 0.0116999997 0.5625
vt 0.0155999996 0.5625
vt 0.9375 0.00779999979
vt 1 0.00779999979
vt 0.9375 0.0155999996
vt 0.875 0.0155999996
vt 0.875 0.00779999979
vt 0.875 0
vt 0.9375 0
vt 1 0
vt 0.9375 0.0233999994
vt 0.875 0.0233999994
vt 0.875 0.0155999996
vt 0.9375 0.0155999996
vt 1 0.0233999994
vt 1 0.0313000008
vt 0.9375 0.0313000008
vt 0.875 0.0313000008
vt 0.343800008 0.1875
vt 0.343800008 0.125
vt 0.375 0.125
vt 0.375 0.25
vt 0.343800008 0.25
vt 0.3125 0.25
vt 0.3125 0.1875
vt 0.3125 0.125
vt 0.343800008 0.0625
vt 0.343800008 -0
vt 0.375 -0
vt 0.375 0.125
vt 0.343800008 0.125
vt 0.3125 0.125
vt 0.3125 0.0625
vt 0.3125 -0
vt 0.8125 0.00779999979
vt 0.875 0.00779999979
vt 0.875 0.0155999996
vt 0.8125 0.0155999996
vt 0.75 0.0155999996
vt 0.75 0.00779999979
vt 0.75 0
vt 0.8125 0
vt 0.867200017 0.00100000005
vt 0.9375 0.00779999979
vt 1 0.00779999979
vt 1 0.0155999996
vt 0.9375 0.0155999996
vt 0.9375 0
vt 1 0
vt 0.8125 0.0233999994
vt 0.75 0.0233999994
vt 0.75 0.0155999996
vt 0.8125 0.0155999996
vt 0.875 0.0155999996
vt 0.875 0.0233999994
vt 0.875 0.0313000008
vt 0.8125 0.0313000008
vt 0.75 0.0313000008
vt 0.9375 0.0233999994
vt 0.875 0.0233999994
vt 0.875 0.0155999996
vt 0.9375 0.0155999996
vt 1 0.0155999996
vt 1 0.0233999994
vt 1 0.0313000008
vt 0.9375 0.0313000008
vt 0.875 0.0313000008
vt 0.8125 0.00779999979
vt 0.875 0.00779999979
vt 0.875 0.0155999996
vt 0.8125 0.0155999996
vt 0.75 0.0155999996
vt 0.75 0.00779999979
vt 0.75 0
vt 0.8125 0
vt 0.9375 0.00779999979
vt 1 0.00779999979
vt 1 0.0155999996
vt 0.9375 0.0155999996
vt 0.875 0.00779999979
vt 0.875 0
vt 0.343800008 0.1875
vt 0.343800008 0.125
vt 0.375 0.125
vt 0.375 0.1875
vt 0.375 0.25
vt 0.343800008 0.25
vt 0.3125 0.1875
vt 0.3125 0.125
vt 0.343800008 0.0625
vt 0.343800008 -0
vt 0.375 -0
vt 0.375 0.0625
vt 0.375 0.125
vt 0.343800008 0.125
vt 0.3125 -0
vt 0.281199992 0.1875
vt 0.281300008 0.125
vt 0.3125 0.125
vt 0.3125 0.1875
vt 0.3125 0.25
vt 0.281199992 0.25
vt 0.25 0.25
vt 0.25 0.1875
vt 0.25 0.125
vt 0.281300008 0.0625
vt 0.281300008 -0
vt 0.3125 -0
vt 0.3125 0.0625
vt 0.281300008 0.125
vt 0.25 0.125
vt 0.25 -0
vt 0.8125 0.375
vt 0.875 0.375
vt 0.875 0.5
vt 0.8125 0.5
vt 0.75 0.5
vt 0.75 0.375
vt 0.75 0.25
vt 0.8125 0.25
vt 0.875 0.25
vt 0.9375 0.375
vt 1 0.375
vt 1 0.5
vt 0.9375 0.5
vt 0.875 0.5
vt 0.875 0.375
vt 0.875 0.25
vt 1 0.25
vt 0.75 0.0625
vt 0.75 0.125
vt 1 0.125
vt 1 0.0625
vt 1 0
vt 0.75 0
vt 0.5 0
vt 0.5 0.0625
vt 0.5 0.125
vt 0.75 0.1875
vt 0.75 0.25
vt 1 0.25
vt 1 0.1875
vt 1 0.125
vt 0.75 0.125
vt 0.5 0.125
vt 0.5 0.1875
vt 0.5 0.25
vt 0.25 0.1875
vt 0.25 0.125
vt 0 0.125
vt 0 0.1875
vt 0 0.25
vt 0.25 0.25
vt 0.5 0.25
vt 0.5 0.1875
vt 0.25 0.0625
vt 0.25 0
vt 0 0
vt 0 0.0625
vt 0 0.125
vt 0.25 0.125
vt 0.5 0.125
vt 0.5 0
vt 0.0116999997 0.5
vt 0.00779999979 0.5
vt 0.00779999979 -0
vt 0.0116999997 -0
vt 0.0155999996 -0
vt 0.0155999996 0.5
vt 0.0155999996 1
vt 0.0116999997 1
vt 0.00779999979 1
vt 0.00389999989 0.5
vt 0 0.5
vt 0 0
vt 0.00389999989 -0
vt 0.00779999979 -0
vt 0.00779999979 0.5
vt 0.00779999979 1
vt 0 1
vt 0.996100008 0.5
vt 0.992200017 0.5
vt 0.992200017 1
vt 0.996100008 1
vt 1 1
vt 1 0.5
vt 1 0
vt 0.996100008 0
vt 0.992200017 0
vt 0.988300025 0.5
vt 0.984399974 0.5
vt 0.984399974 1
vt 0.988300025 1
vt 0.992200017 1
vt 0.992200017 0.5
vt 0.992200017 0
vt 0.988300025 0
vt 0.984399974 -0
vt 0.996100008 0.5
vt 0.992200017 0.5
vt 0.992200017 1
vt 0.996100008 1
vt 1 1
vt 1 0.5
vt 1 0
vt 0.996100008 -0
vt 0.992200017 -0
vt 0.988300025 0.5
vt 0.984399974 0.5
vt 0.984399974 1
vt 0.988300025 1
vt 0.992200017 1
vt 0.992200017 0.5
vt 0.992200017 -0
vt 0.988300025 -0
vt 0.984399974 -0
vt 0.00389999989 0.531300008
vt 0.00779999979 0.531199992
vt 0.00779999979 0.5
vt 0.00389999989 0.5
vt -0 0.5
vt -0 0.531300008
vt 0.00389999989 0.5625
vt 0.00779999979 0.5625
vt 0.0116999997 0.531300008
vt 0.0155999996 0.531300008
vt 0.0155999996 0.5
vt 0.0116999997 0.5
vt 0.00779999979 0.5
vt 0.00779999979 0.531199992
vt 0.0116999997 0.5625
vt 0.0155999996 0.5625
vt 0.836399972 0.50029999
vt 0.828599989 0.50029999
vt 0.828999996 0.000600000028
vt 0.836799979 0.000500000024
vt 0.844600022 0.000500000024
vt 0.844200015 0.50029999
vt 0.843800008 1
vt 0.836000025 1
vt 0.828199983 1
vt 0.820800006 0.50029999
vt 0.813000023 0.50029999
vt 0.813499987 0.000600000028
vt 0.82130003 0.000600000028
vt 0.828999996 0.000600000028
vt 0.828599989 0.50029999
vt 0.828199983 1
vt 0.8204 1.00010002
vt 0.812600017 1.00010002
vt 0.1796 0.5
vt 0.171800002 0.5
vt 0.171800002 1
vt 0.1796 1
vt 0.1875 1
vt 0.187399998 0.5
vt 0.187399998 0
vt 0.1796 0
vt 0.171800002 0
vt 0.164000005 0.5
vt 0.156200007 0.5
vt 0.156200007 1
vt 0.164000005 1
vt 0.171800002 1
vt 0.171800002 0.5
vt 0.156200007 0
vt 0.179700002 0.5
vt 0.171900004 0.5
vt 0.171900004 1
vt 0.179700002 1
vt 0.1875 1
vt 0.1875 0.5
vt 0.1875 0
vt 0.1796 0
vt 0.171800002 0
vt 0.164000005 0.5
vt 0.156200007 0.5
vt 0.156299993 1
vt 0.164100006 1
vt 0.171900004 1
vt 0.171900004 0.5
vt 0.171800002 0
vt 0.820299983 0.531300008
vt 0.828100026 0.531300008
vt 0.828100026 0.5
vt 0.820299983 0.5
vt 0.8125 0.5
vt 0.8125 0.531300008
vt 0.820299983 0.5625
vt 0.828100026 0.5625
vt 0.835900009 0.531300008
vt 0.843800008 0.531300008
vt 0.843800008 0.5
vt 0.835900009 0.5
vt 0.828100026 0.5
vt 0.828100026 0.531300008
vt 0.843800008 0.5625
vt 0.1875 0.5
vt 0.1875 -0
vt 0.25 -0
vt 0.25 0.5
vt 0.25 1
vt 0.1875 1
vt 0.125 1
vt 0.125 0.5
vt 0.125 -0
vt 0.8125 0.5
vt 0.8125 -0
vt 0.75 -0
vt 0.75 0.5
vt 0.75 1
vt 0.8125 1
vt 0.875 1
vt 0.875 0.5
vt 0.875 -0
vt 0.8125 0.5
vt 0.8125 -0
vt 0.75 -0
vt 0.75 0.5
vt 0.75 1
vt 0.8125 1
vt 0.875 1
vt 0.875 0.5
vt 0.875 -0
vt 0.68809998 0.50029999
vt 0.687600017 1.00010002
vt 0.625100017 1
vt 0.625400007 0.500199974
vt 0.625699997 0.00039999999
vt 0.688499987 0.000600000028
vt 0.751299977 0.00079999998
vt 0.750699997 0.500400007
vt 0.750100017 1.00010002
vt 0.562699974 0.500100017
vt 0.5625 1
vt 0.5 1
vt 0.5 0.5
vt 0.5 0
vt 0.56279999 0.000199999995
vt 0.625699997 0.00039999999
vt 0.625400007 0.500199974
vt 0.625100017 1
vt 0.4375 0.5
vt 0.4375 0
vt 0.374900013 0
vt 0.375 0.5
vt 0.375 1
vt 0.4375 1
vt 0.5 1
vt 0.5 0.5
vt 0.5 0
vt 0.312400013 0.5
vt 0.312400013 0
vt 0.249899998 9.99999975e-05
vt 0.249899998 0.5
vt 0.249899998 1
vt 0.3125 1
vt 0.375 1
vt 0.375 0.5
vt 0.374900013 0
vt 0.4375 0.5
vt 0.4375 0
vt 0.375 0
vt 0.375 0.5
vt 0.375 1
vt 0.4375 1
vt 0.5 1
vt 0.5 0.5
vt 0.5 -0
vt 0.3125 0.5
vt 0.3125 0
vt 0.249899998 0
vt 0.25 0.5
vt 0.25 1
vt 0.3125 1
vt 0.375 1
vt 0.375 0.5
vt 0.375 0
vt 0.1875 0.531300008
vt 0.1875 0.5625
vt 0.25 0.5625
vt 0.25 0.531300008
vt 0.25 0.5
vt 0.1875 0.5
vt 0.125 0.5
vt 0.125 0.531300008
vt 0.125 0.5625
vt 0.5625 0.531300008
vt 0.5625 0.5625
vt 0.625 0.5625
vt 0.625 0.531300008
vt 0.625 0.5
vt 0.5625 0.5
vt 0.5 0.5
vt 0.5 0.531199992
vt 0.5 0.5625
vt 0.6875 0.531300008
vt 0.6875 0.5625
vt 0.75 0.5625
vt 0.75 0.531300008
vt 0.75 0.5
vt 0.6875 0.5
vt 0.625 0.5
vt 0.625 0.531300008
vt 0.625 0.5625
vt 0.00389999989 0.579999983
vt -0 0.578100026
vt -0 0.593800008
vt 0.00389999989 0.596499979
vt 0.00779999979 0.597899973
vt 0.00779999979 0.580900013
vt 0.00389999989 0.611199975
vt -0 0.609399974
vt -0 0.625
vt 0.00389999989 0.625
vt 0.00779999979 0.625
vt 0.00779999979 0.612100005
vt 0.0116999997 0.579999983
vt 0.0116999997 0.596499979
vt 0.0155999996 0.593800008
vt 0.0155999996 0.578100026
vt 0.0116999997 0.611199975
vt 0.0116999997 0.625
vt 0.0155999996 0.625
vt 0.0155999996 0.609399974
vt 0.835900009 0.609399974
vt 0.835900009 0.625
vt 0.843800008 0.625
vt 0.843800008 0.609399974
vt 0.843800008 0.593800008
vt 0.835900009 0.593800008
vt 0.828100026 0.593800008
vt 0.828100026 0.609399974
vt 0.828100026 0.625
vt 0.835900009 0.578100026
vt 0.843800008 0.578100026
vt 0.828100026 0.578100026
vt 0.820299983 0.609399974
vt 0.820299983 0.625
vt 0.820299983 0.593800008
vt 0.8125 0.593800008
vt 0.8125 0.609399974
vt 0.8125 0.625
vt 0.820299983 0.578100026
vt 0.8125 0.578100026
vt 0.1875 0.609399974
vt 0.1875 0.625
vt 0.25 0.625
vt 0.25 0.609399974
vt 0.25 0.593800008
vt 0.1875 0.593800008
vt 0.125 0.593800008
vt 0.125 0.609399974
vt 0.125 0.625
vt 0.1875 0.578100026
vt 0.25 0.578100026
vt 0.125 0.578100026
vt 0.5625 0.611199975
vt 0.5625 0.625
vt 0.625 0.625
vt 0.625 0.612100005
vt 0.625 0.597899973
vt 0.5625 0.596499979
vt 0.5 0.593800008
vt 0.5 0.609399974
vt 0.5 0.625
vt 0.5625 0.579999983
vt 0.625 0.580900013
vt 0.5 0.578100026
vt 0.6875 0.611199975
vt 0.6875 0.625
vt 0.75 0.625
vt 0.75 0.609399974
vt 0.75 0.593800008
vt 0.6875 0.596499979
vt 0.6875 0.579999983
vt 0.75 0.578100026
vt 0.832000017 0.593800008
vt 0.828100026 0.593800008
vt 0.828100026 0.625
vt 0.832000017 0.625
vt 0.835900009 0.625
vt 0.835900009 0.593800008
vt 0.835900009 0.5625
vt 0.832000017 0.5625
vt 0.8398 0.593800008
vt 0.8398 0.625
vt 0.843800008 0.593800008
vt 0.843800008 0.5625
vt 0.8398 0.5625
vt 0.00590000022 0.593800008
vt 0.00779999979 0.593800008
vt 0.00779999979 0.5625
vt 0.00590000022 0.5625
vt 0.00389999989 0.5625
vt 0.00389999989 0.593800008
vt 0.00389999989 0.625
vt 0.00590000022 0.625
vt 0.00779999979 0.625
vt 0.00200000009 0.593800008
vt 0.00200000009 0.5625
vt -0 0.593800008
vt -0 0.625
vt 0.00200000009 0.625
vt 0.00590000022 0.593800008
vt 0.00779999979 0.593800008
vt 0.00779999979 0.5625
vt 0.00590000022 0.5625
vt 0.00389999989 0.5625
vt 0.00389999989 0.593800008
vt 0.00389999989 0.625
vt 0.00590000022 0.625
vt 0.00779999979 0.625
vt 0.00200000009 0.593800008
vt 0.00200000009 0.5625
vt -0 0.5625
vt -0 0.593800008
vt -0 0.625
vt 0.00200000009 0.625
vt 0.0137 0.593800008
vt 0.0155999996 0.593800008
vt 0.0155999996 0.5625
vt 0.0137 0.5625
vt 0.0116999997 0.5625
vt 0.0116999997 0.593800008
vt 0.0116999997 0.625
vt 0.0137 0.625
vt 0.0155999996 0.625
vt 0.00980000012 0.593699992
vt 0.00980000012 0.5625
vt 0.00779999979 0.593699992
vt 0.00779999979 0.625
vt 0.00980000012 0.625
vt 0.832000017 0.593800008
vt 0.828100026 0.593800008
vt 0.828100026 0.625
vt 0.832000017 0.625
vt 0.835900009 0.625
vt 0.835900009 0.593800008
vt 0.835900009 0.5625
vt 0.832000017 0.5625
vt 0.8398 0.593800008
vt 0.8398 0.625
vt 0.843800008 0.625
vt 0.843800008 0.593800008
vt 0.843800008 0.5625
vt 0.8398 0.5625
vt 0.816399992 0.593800008
vt 0.8125 0.593800008
vt 0.8125 0.625
vt 0.816399992 0.625
vt 0.820299983 0.625
vt 0.820299983 0.593800008
vt 0.820299983 0.5625
vt 0.816399992 0.5625
vt 0.8125 0.5625
vt 0.824199975 0.593800008
vt 0.824199975 0.625
vt 0.828100026 0.625
vt 0.828100026 0.593800008
vt 0.828100026 0.5625
vt 0.824199975 0.5625
vt 0.218799993 0.593800008
vt 0.25 0.593800008
vt 0.25 0.5625
vt 0.218799993 0.5625
vt 0.1875 0.5625
vt 0.1875 0.593800008
vt 0.1875 0.625
vt 0.218799993 0.625
vt 0.25 0.625
vt 0.156299993 0.593800008
vt 0.156299993 0.5625
vt 0.125 0.5625
vt 0.125 0.593800008
vt 0.125 0.625
vt 0.156299993 0.625
vt 0.593800008 0.593800008
vt 0.625 0.593800008
vt 0.593800008 0.5625
vt 0.5625 0.5625
vt 0.5625 0.593800008
vt 0.5625 0.625
vt 0.593800008 0.625
vt 0.625 0.625
vt 0.531300008 0.593800008
vt 0.531300008 0.5625
vt 0.5 0.5625
vt 0.5 0.593800008
vt 0.5 0.625
vt 0.531300008 0.625
vt 0.718800008 0.593800008
vt 0.75 0.593800008
vt 0.75 0.5625
vt 0.718800008 0.5625
vt 0.6875 0.5625
vt 0.6875 0.593800008
vt 0.6875 0.625
vt 0.718800008 0.625
vt 0.75 0.625
vt 0.656300008 0.593800008
vt 0.656300008 0.5625
vt 0.625 0.5625
vt 0.625 0.593800008
vt 0.625 0.625
vt 0.656300008 0.625
vt 0.8125 0.0233999994
vt 0.8125 0.0155999996
vt 0.75 0.0155999996
vt 0.75 0.0233999994
vt 0.75 0.0313000008
vt 0.8125 0.0313000008
vt 0.875 0.0313000008
vt 0.875 0.0233999994
vt 0.875 0.0155999996
vt 0.9375 0.0233999994
vt 0.9375 0.0155999996
vt 0.9375 0.0313000008
vt 1 0.0313000008
vt 1 0.0233999994
vt 0.989600003 0.0155999996
vt 0.8125 0.00779999979
vt 0.875 0.00779999979
vt 0.875 0
vt 0.8125 0
vt 0.75 0
vt 0.75 0.00779999979
vt 0.9375 0.00779999979
vt 1 0.00779999979
vt 1 0
vt 0.9375 0
vt 0.343800008 0.1875
vt 0.375 0.1875
vt 0.375 0.125
vt 0.343800008 0.125
vt 0.3125 0.125
vt 0.3125 0.1875
vt 0.3125 0.25
vt 0.343800008 0.25
vt 0.375 0.25
vt 0.343800008 0.0625
vt 0.375 0.0625
vt 0.375 -0
vt 0.343800008 -0
vt 0.308600008 0.00779999979
vt 0.3125 0.0625
vt 0.281300008 0.1875
vt 0.281300008 0.125
vt 0.25 0.125
vt 0.25 0.1875
vt 0.25 0.25
vt 0.281199992 0.25
vt 0.281300008 0.0625
vt 0.281300008 -0
vt 0.25 -0
vt 0.25 0.0625
vt 0.8125 0.375
vt 0.8125 0.5
vt 0.875 0.5
vt 0.875 0.375
vt 0.875 0.25
vt 0.8125 0.25
vt 0.75 0.25
vt 0.75 0.375
vt 0.75 0.5
vt 0.9375 0.375
vt 0.9375 0.5
vt 1 0.5
vt 1 0.375
vt 1 0.25
vt 0.9375 0.25
vt 0.75 0.0625
vt 1 0.0625
vt 1 0.125
vt 0.75 0.125
vt 0.5 0.125
vt 0.5 0.0625
vt 0.5 0
vt 0.75 0
vt 1 0
vt 0.75 0.1875
vt 1 0.1875
vt 1 0.25
vt 0.75 0.25
vt 0.5 0.25
vt 0.5 0.1875
vt 0.25 0.1875
vt 0 0.1875
vt 0 0.125
vt 0.25 0.125
vt 0.25 0.25
vt 0 0.25
vt 0.25 0.0625
vt 0 0.0625
vt 0 0
vt 0.25 0
vt 0.0116999997 0.5
vt 0.0116999997 -0
vt 0.00779999979 -0
vt 0.00779999979 0.5
vt 0.00779999979 1
vt 0.0116999997 1
vt 0.0155999996 1
vt 0.0155999996 0.5
vt 0.0155999996 -0
vt 0.00389999989 0.5
vt 0.00389999989 -0
vt 0 0
vt 0 0.5
vt 0 1
vt 0.00389999989 1
vt 0.996100008 0.5
vt 0.996100008 1
vt 0.992200017 1
vt 0.992200017 0.5
vt 0.992200017 0
vt 0.996100008 0
vt 1 0
vt 1 0.5
vt 1 1
vt 0.988300025 0.5
vt 0.988300025 1
vt 0.984399974 1
vt 0.984399974 0.5
vt 0.984399974 -0
vt 0.988300025 0
vt 0.996100008 0.5
vt 0.996100008 1
vt 0.992200017 1
vt 0.992200017 0.5
vt 0.992200017 -0
vt 0.996100008 -0
vt 1 0
vt 1 0.5
vt 1 1
vt 0.988300025 0.5
vt 0.988300025 1
vt 0.984399974 1
vt 0.984399974 0.5
vt 0.984399974 -0
vt 0.988300025 -0
vt 0.00389999989 0.531300008
vt 0.00389999989 0.5
vt 0.00779999979 0.5
vt 0.00779999979 0.531300008
vt 0.00779999979 0.559300005
vt 0.00389999989 0.559099972
vt 0.000199999995 0.564499974
vt -0 0.531300008
vt -0 0.5
vt 0.0116999997 0.531300008
vt 0.0116999997 0.5
vt 0.0155999996 0.5
vt 0.0155999996 0.531300008
vt 0.0155999996 0.558600008
vt 0.0116999997 0.559099972
vt 0.836399972 0.50029999
vt 0.836799979 0.000500000024
vt 0.828999996 0.000600000028
vt 0.828599989 0.50029999
vt 0.828199983 1
vt 0.836000025 1
vt 0.843800008 1
vt 0.844200015 0.50029999
vt 0.844600022 0.000500000024
vt 0.820800006 0.50029999
vt 0.82130003 0.000600000028
vt 0.813499987 0.000600000028
vt 0.813000023 0.50029999
vt 0.812600017 1.00010002
vt 0.8204 1.00010002
vt 0.1796 0.5
vt 0.1796 1
vt 0.171800002 1
vt 0.171800002 0.5
vt 0.171800002 0
vt 0.1796 0
vt 0.187399998 0
vt 0.187399998 0.5
vt 0.1875 1
vt 0.164000005 0.5
vt 0.164000005 1
vt 0.156200007 1
vt 0.156200007 0.5
vt 0.156200007 0
vt 0.164000005 0
vt 0.179700002 0.5
vt 0.179700002 1
vt 0.171900004 1
vt 0.171900004 0.5
vt 0.171800002 0
vt 0.1796 0
vt 0.1875 0
vt 0.1875 0.5
vt 0.1875 1
vt 0.164000005 0.5
vt 0.164100006 1
vt 0.156299993 1
vt 0.156200007 0.5
vt 0.156200007 0
vt 0.164000005 0
vt 0.820299983 0.531300008
vt 0.820299983 0.5
vt 0.828100026 0.5
vt 0.828100026 0.531300008
vt 0.828100026 0.558600008
vt 0.820299983 0.558600008
vt 0.8125 0.558600008
vt 0.8125 0.531300008
vt 0.8125 0.5
vt 0.835900009 0.531300008
vt 0.835900009 0.5
vt 0.843800008 0.5
vt 0.843800008 0.531300008
vt 0.843800008 0.558600008
vt 0.835900009 0.558600008
vt 0.1875 0.5
vt 0.25 0.5
vt 0.25 -0
vt 0.1875 -0
vt 0.125 -0
vt 0.125 0.5
vt 0.125 1
vt 0.1875 1
vt 0.25 1
vt 0.8125 0.5
vt 0.75 0.5
vt 0.75 -0
vt 0.8125 -0
vt 0.875 -0
vt 0.875 0.5
vt 0.875 1
vt 0.8125 1
vt 0.75 1
vt 0.8125 0.5
vt 0.75 0.5
vt 0.75 -0
vt 0.8125 -0
vt 0.875 -0
vt 0.875 0.5
vt 0.875 1
vt 0.8125 1
vt 0.75 1
vt 0.688000023 0.50029999
vt 0.625400007 0.500199974
vt 0.625100017 1
vt 0.687600017 1.00010002
vt 0.750100017 1.00010002
vt 0.750699997 0.500400007
vt 0.751299977 0.00079999998
vt 0.688499987 0.000600000028
vt 0.625699997 0.00039999999
vt 0.562699974 0.500100017
vt 0.5 0.5
vt 0.5 1
vt 0.5625 1
vt 0.56279999 0.000199999995
vt 0.5 0
vt 0.4375 0.5
vt 0.375 0.5
vt 0.374900013 0
vt 0.4375 0
vt 0.5 0
vt 0.5 0.5
vt 0.5 1
vt 0.4375 1
vt 0.375 1
vt 0.312400013 0.5
vt 0.249899998 0.5
vt 0.249899998 9.99999975e-05
vt 0.312400013 0
vt 0.3125 1
vt 0.249899998 1
vt 0.4375 0.5
vt 0.375 0.5
vt 0.375 0
vt 0.4375 0
vt 0.5 -0
vt 0.5 0.5
vt 0.5 1
vt 0.4375 1
vt 0.375 1
vt 0.3125 0.5
vt 0.25 0.5
vt 0.249899998 0
vt 0.3125 0
vt 0.3125 1
vt 0.25 1
vt 0.1875 0.531300008
vt 0.25 0.531300008
vt 0.25 0.558600008
vt 0.1875 0.558600008
vt 0.125 0.558600008
vt 0.125 0.531300008
vt 0.125 0.5
vt 0.1875 0.5
vt 0.25 0.5
vt 0.5625 0.531300008
vt 0.625 0.531300008
vt 0.625 0.559300005
vt 0.5625 0.559099972
vt 0.5 0.558600008
vt 0.5 0.531199992
vt 0.5 0.5
vt 0.5625 0.5
vt 0.617200017 0.503899992
vt 0.6875 0.531300008
vt 0.75 0.531300008
vt 0.75 0.558600008
vt 0.6875 0.559099972
vt 0.6875 0.5
vt 0.75 0.5
vt 0.164000005 0.5
vt 0.164100006 1
vt 0.156200007 0.5
vt 0.156200007 0
vt 0.164000005 0
vt 0.171800002 0
vt 0.171900004 0.5
vt 0.171900004 1
vt 0.00389999989 0.5
vt 0.00389999989 -0
vt 0 0.5
vt 0 1
vt 0.00389999989 1
vt 0.00779999979 1
vt 0.00779999979 0.5
vt 0.00779999979 -0
vt 0.835900009 0.531300008
vt 0.835900009 0.5
vt 0.843800008 0.531300008
vt 0.843800008 0.5625
vt 0.835900009 0.5625
vt 0.828100026 0.5625
vt 0.828100026 0.531300008
vt 0.828100026 0.5
vt 0.164000005 0.5
vt 0.164000005 1
vt 0.156200007 0.5
vt 0.156200007 0
vt 0.164000005 0
vt 0.171800002 0
vt 0.171800002 0.5
vt 0.171800002 1
vt 0.836399972 0.50029999
vt 0.836799979 0.000500000024
vt 0.828999996 0.000600000028
vt 0.828599989 0.50029999
vt 0.828199983 1
vt 0.836000025 1
vt 0.843800008 1
vt 0.844200015 0.50029999
vt 0.00389999989 0.531300008
vt 0.00389999989 0.5
vt 0.00779999979 0.5
vt 0.00779999979 0.531199992
vt 0.00779999979 0.5625
vt 0.00389999989 0.5625
vt -0 0.5625
vt -0 0.531300008
vt 0.996100008 0.5
vt 0.996100008 1
vt 0.992200017 1
vt 0.992200017 0.5
vt 0.992200017 0
vt 0.996100008 0
vt 1 0
vt 1 0.5
vt 0.5625 0.531300008
vt 0.625 0.531300008
vt 0.625 0.5625
vt 0.5625 0.5625
vt 0.5 0.5625
vt 0.5 0.531199992
vt 0.5 0.5
vt 0.5625 0.5
vt 0.75 0.0625
vt 1 0.0625
vt 1 0.125
vt 0.75 0.125
vt 0.5 0.125
vt 0.5 0.0625
vt 0.5 0
vt 0.75 0
vt 0.996100008 0.5
vt 0.996100008 1
vt 0.992200017 1
vt 0.992200017 0.5
vt 0.992200017 -0
vt 0.996100008 -0
vt 1 0
vt 1 0.5
vt 0.25 0.0625
vt 0 0.0625
vt 0.25 0
vt 0.5 0
vt 0.5 0.0625
vt 0.25 0.125
vt 0 0.125
vt 0.6875 0.531300008
vt 0.75 0.531300008
vt 0.75 0.5625
vt 0.6875 0.5625
vt 0.625 0.5625
vt 0.625 0.531300008
vt 0.625 0.5
vt 0.6875 0.5
vt 0.9375 0.375
vt 0.9375 0.5
vt 1 0.375
vt 1 0.25
vt 0.9375 0.25
vt 0.875 0.25
vt 0.875 0.375
vt 0.875 0.5
vt 0.1875 0.531300008
vt 0.25 0.531300008
vt 0.25 0.5625
vt 0.1875 0.5625
vt 0.125 0.5625
vt 0.125 0.531300008
vt 0.125 0.5
vt 0.1875 0.5
vt 0.343800008 0.0625
vt 0.375 0.0625
vt 0.343800008 -0
vt 0.3125 -0
vt 0.3125 0.0625
vt 0.3125 0.125
vt 0.343800008 0.125
vt 0.375 0.125
vt 0.281300008 0.0625
vt 0.3125 0.0625
vt 0.281300008 -0
vt 0.25 -0
vt 0.25 0.0625
vt 0.25 0.125
vt 0.281300008 0.125
vt 0.3125 0.125
vt 0.835900009 0.531300008
vt 0.843800008 0.5
vt 0.843800008 0.531300008
vt 0.843800008 0.5625
vt 0.835900009 0.5625
vt 0.828100026 0.5625
vt 0.828100026 0.531300008
vt 0.828100026 0.5
vt 0.820299983 0.531300008
vt 0.828100026 0.5
vt 0.828100026 0.531300008
vt 0.828100026 0.5625
vt 0.820299983 0.5625
vt 0.8125 0.5625
vt 0.8125 0.531300008
vt 0.8125 0.5
vt 0.00389999989 0.531300008
vt 0.00779999979 0.5
vt 0.00779999979 0.531199992
vt 0.00779999979 0.5625
vt 0.00389999989 0.5625
vt -0 0.5625
vt -0 0.531300008
vt -0 0.5
vt 0.0116999997 0.531300008
vt 0.0155999996 0.5
vt 0.0155999996 0.531300008
vt 0.0155999996 0.5625
vt 0.0116999997 0.5625
vt 0.00779999979 0.5625
vt 0.00779999979 0.531199992
vt 0.00779999979 0.5
vt 0.9375 0.00779999979
vt 0.9375 0.0155999996
vt 1 0.00779999979
vt 1 0
vt 0.9375 0
vt 0.875 0
vt 0.875 0.00779999979
vt 0.875 0.0155999996
vt 0.9375 0.0233999994
vt 0.9375 0.0155999996
vt 0.875 0.0155999996
vt 0.875 0.0233999994
vt 0.875 0.0313000008
vt 0.9375 0.0313000008
vt 1 0.0313000008
vt 1 0.0233999994
vt 0.343800008 0.1875
vt 0.375 0.125
vt 0.343800008 0.125
vt 0.3125 0.125
vt 0.3125 0.1875
vt 0.3125 0.25
vt 0.343800008 0.25
vt 0.375 0.25
vt 0.343800008 0.0625
vt 0.375 -0
vt 0.343800008 -0
vt 0.3125 -0
vt 0.3125 0.0625
vt 0.3125 0.125
vt 0.343800008 0.125
vt 0.375 0.125
vt 0.8125 0.00779999979
vt 0.8125 0.0155999996
vt 0.875 0.0155999996
vt 0.875 0.00779999979
vt 0.867200017 0.00100000005
vt 0.8125 0
vt 0.75 0
vt 0.75 0.00779999979
vt 0.75 0.0155999996
vt 0.9375 0.00779999979
vt 0.9375 0.0155999996
vt 1 0.0155999996
vt 1 0.00779999979
vt 1 0
vt 0.9375 0
vt 0.8125 0.0233999994
vt 0.8125 0.0155999996
vt 0.75 0.0155999996
vt 0.75 0.0233999994
vt 0.75 0.0313000008
vt 0.8125 0.0313000008
vt 0.875 0.0313000008
vt 0.875 0.0233999994
vt 0.875 0.0155999996
vt 0.9375 0.0233999994
vt 0.9375 0.0155999996
vt 0.875 0.0155999996
vt 0.875 0.0233999994
vt 0.875 0.0313000008
vt 0.9375 0.0313000008
vt 1 0.0313000008
vt 1 0.0233999994
vt 1 0.0155999996
vt 0.8125 0.00779999979
vt 0.8125 0.0155999996
vt 0.875 0.0155999996
vt 0.875 0.00779999979
vt 0.8125 0
vt 0.75 0
vt 0.75 0.00779999979
vt 0.75 0.0155999996
vt 0.9375 0.00779999979
vt 0.9375 0.0155999996
vt 1 0.0155999996
vt 1 0.00779999979
vt 0.875 0
vt 0.875 0.00779999979
vt 0.343800008 0.1875
vt 0.375 0.1875
vt 0.375 0.125
vt 0.343800008 0.125
vt 0.3125 0.125
vt 0.3125 0.1875
vt 0.343800008 0.25
vt 0.375 0.25
vt 0.343800008 0.0625
vt 0.375 0.0625
vt 0.375 -0
vt 0.343800008 -0
vt 0.3125 -0
vt 0.343800008 0.125
vt 0.375 0.125
vt 0.281300008 0.1875
vt 0.3125 0.1875
vt 0.3125 0.125
vt 0.281300008 0.125
vt 0.25 0.125
vt 0.25 0.1875
vt 0.25 0.25
vt 0.281199992 0.25
vt 0.3125 0.25
vt 0.281300008 0.0625
vt 0.3125 0.0625
vt 0.3125 -0
vt 0.281300008 -0
vt 0.25 -0
vt 0.25 0.125
vt 0.281300008 0.125
vt 0.8125 0.375
vt 0.8125 0.5
vt 0.875 0.5
vt 0.875 0.375
vt 0.875 0.25
vt 0.8125 0.25
vt 0.75 0.25
vt 0.75 0.375
vt 0.75 0.5
vt 0.9375 0.375
vt 0.9375 0.5
vt 1 0.5
vt 1 0.375
vt 1 0.25
vt 0.875 0.25
vt 0.875 0.375
vt 0.875 0.5
vt 0.75 0.0625
vt 1 0.0625
vt 1 0.125
vt 0.75 0.125
vt 0.5 0.125
vt 0.5 0.0625
vt 0.5 0
vt 0.75 0
vt 1 0
vt 0.75 0.1875
vt 1 0.1875
vt 1 0.25
vt 0.75 0.25
vt 0.5 0.25
vt 0.5 0.1875
vt 0.5 0.125
vt 0.75 0.125
vt 1 0.125
vt 0.25 0.1875
vt 0 0.1875
vt 0 0.125
vt 0.25 0.125
vt 0.5 0.1875
vt 0.5 0.25
vt 0.25 0.25
vt 0 0.25
vt 0.25 0.0625
vt 0 0.0625
vt 0 0
vt 0.25 0
vt 0.5 0
vt 0.5 0.125
vt 0.25 0.125
vt 0 0.125
vt 0.0116999997 0.5
vt 0.0116999997 -0
vt 0.00779999979 -0
vt 0.00779999979 0.5
vt 0.00779999979 1
vt 0.0116999997 1
vt 0.0155999996 1
vt 0.0155999996 0.5
vt 0.0155999996 -0
vt 0.00389999989 0.5
vt 0.00389999989 -0
vt 0 0
vt 0 0.5
vt 0 1
vt 0.00779999979 1
vt 0.00779999979 0.5
vt 0.00779999979 -0
vt 0.996100008 0.5
vt 0.996100008 1
vt 0.992200017 1
vt 0.992200017 0.5
vt 0.992200017 0
vt 0.996100008 0
vt 1 0
vt 1 0.5
vt 1 1
vt 0.988300025 0.5
vt 0.988300025 1
vt 0.984399974 1
vt 0.984399974 0.5
vt 0.984399974 -0
vt 0.988300025 0
vt 0.992200017 0
vt 0.992200017 0.5
vt 0.992200017 1
vt 0.996100008 0.5
vt 0.996100008 1
vt 0.992200017 1
vt 0.992200017 0.5
vt 0.992200017 -0
vt 0.996100008 -0
vt 1 0
vt 1 0.5
vt 1 1
vt 0.988300025 0.5
vt 0.988300025 1
vt 0.984399974 1
vt 0.984399974 0.5
vt 0.984399974 -0
vt 0.988300025 -0
vt 0.992200017 -0
vt 0.992200017 0.5
vt 0.992200017 1
vt 0.00389999989 0.531300008
vt 0.00389999989 0.5
vt 0.00779999979 0.5
vt 0.00779999979 0.531199992
vt 0.00779999979 0.5625
vt 0.00389999989 0.5625
vt -0 0.531300008
vt -0 0.5
vt 0.0116999997 0.531300008
vt 0.0116999997 0.5
vt 0.0155999996 0.5
vt 0.0155999996 0.531300008
vt 0.0155999996 0.5625
vt 0.0116999997 0.5625
vt 0.00779999979 0.531199992
vt 0.00779999979 0.5
vt 0.836399972 0.50029999
vt 0.836799979 0.000500000024
vt 0.828999996 0.000600000028
vt 0.828599989 0.50029999
vt 0.828199983 1
vt 0.836000025 1
vt 0.843800008 1
vt 0.844200015 0.50029999
vt 0.844600022 0.000500000024
vt 0.820800006 0.50029999
vt 0.82130003 0.000600000028
vt 0.813499987 0.000600000028
vt 0.813000023 0.50029999
vt 0.812600017 1.00010002
vt 0.8204 1.00010002
vt 0.828199983 1
vt 0.828599989 0.50029999
vt 0.828999996 0.000600000028
vt 0.1796 0.5
vt 0.1796 1
vt 0.171800002 1
vt 0.171800002 0.5
vt 0.171800002 0
vt 0.1796 0
vt 0.187399998 0
vt 0.187399998 0.5
vt 0.1875 1
vt 0.164000005 0.5
vt 0.164000005 1
vt 0.156200007 1
vt 0.156200007 0.5
vt 0.156200007 0
vt 0.171800002 0.5
vt 0.171800002 1
vt 0.179700002 0.5
vt 0.179700002 1
vt 0.171900004 1
vt 0.171900004 0.5
vt 0.171800002 0
vt 0.1796 0
vt 0.1875 0
vt 0.1875 0.5
vt 0.1875 1
vt 0.164000005 0.5
vt 0.164100006 1
vt 0.156299993 1
vt 0.156200007 0.5
vt 0.171800002 0
vt 0.171900004 0.5
vt 0.171900004 1
vt 0.820299983 0.531300008
vt 0.820299983 0.5
vt 0.828100026 0.5
vt 0.828100026 0.531300008
vt 0.828100026 0.5625
vt 0.820299983 0.5625
vt 0.8125 0.531300008
vt 0.8125 0.5
vt 0.835900009 0.531300008
vt 0.835900009 0.5
vt 0.843800008 0.5
vt 0.843800008 0.531300008
vt 0.843800008 0.5625
vt 0.828100026 0.531300008
vt 0.828100026 0.5
vt 0.1875 0.5
vt 0.25 0.5
vt 0.25 -0
vt 0.1875 -0
vt 0.125 -0
vt 0.125 0.5
vt 0.125 1
vt 0.1875 1
vt 0.25 1
vt 0.8125 0.5
vt 0.75 0.5
vt 0.75 -0
vt 0.8125 -0
vt 0.875 -0
vt 0.875 0.5
vt 0.875 1
vt 0.8125 1
vt 0.75 1
vt 0.8125 0.5
vt 0.75 0.5
vt 0.75 -0
vt 0.8125 -0
vt 0.875 -0
vt 0.875 0.5
vt 0.875 1
vt 0.8125 1
vt 0.75 1
vt 0.688000023 0.50029999
vt 0.625400007 0.500199974
vt 0.625100017 1
vt 0.687600017 1.00010002
vt 0.750100017 1.00010002
vt 0.750699997 0.500400007
vt 0.751299977 0.00079999998
vt 0.688499987 0.000600000028
vt 0.625699997 0.00039999999
vt 0.562699974 0.500100017
vt 0.5 0.5
vt 0.5 1
vt 0.5625 1
vt 0.625100017 1
vt 0.625400007 0.500199974
vt 0.625699997 0.00039999999
vt 0.56279999 0.000199999995
vt 0.5 0
vt 0.4375 0.5
vt 0.375 0.5
vt 0.374900013 0
vt 0.4375 0
vt 0.5 0
vt 0.5 0.5
vt 0.5 1
vt 0.4375 1
vt 0.375 1
vt 0.312400013 0.5
vt 0.249899998 0.5
vt 0.249899998 9.99999975e-05
vt 0.312400013 0
vt 0.374900013 0
vt 0.375 0.5
vt 0.375 1
vt 0.3125 1
vt 0.249899998 1
vt 0.4375 0.5
vt 0.375 0.5
vt 0.375 0
vt 0.4375 0
vt 0.5 -0
vt 0.5 0.5
vt 0.5 1
vt 0.4375 1
vt 0.375 1
vt 0.3125 0.5
vt 0.25 0.5
vt 0.249899998 0
vt 0.3125 0
vt 0.375 0
vt 0.375 0.5
vt 0.375 1
vt 0.3125 1
vt 0.25 1
vt 0.1875 0.531300008
vt 0.25 0.531300008
vt 0.25 0.5625
vt 0.1875 0.5625
vt 0.125 0.5625
vt 0.125 0.531300008
vt 0.125 0.5
vt 0.1875 0.5
vt 0.25 0.5
vt 0.5625 0.531300008
vt 0.625 0.531300008
vt 0.625 0.5625
vt 0.5625 0.5625
vt 0.5 0.5625
vt 0.5 0.531199992
vt 0.5 0.5
vt 0.5625 0.5
vt 0.625 0.5
vt 0.6875 0.531300008
vt 0.75 0.531300008
vt 0.75 0.5625
vt 0.6875 0.5625
vt 0.625 0.5625
vt 0.625 0.531300008
vt 0.625 0.5
vt 0.6875 0.5
vt 0.75 0.5
vt 0.00389999989 0.579999983
vt -0 0.578100026
vt 0.00779999979 0.580900013
vt 0.00779999979 0.597899973
vt 0.00389999989 0.596499979
vt -0 0.593800008
vt 0.00389999989 0.611199975
vt -0 0.609399974
vt 0.00779999979 0.612100005
vt 0.00779999979 0.625
vt 0.00389999989 0.625
vt -0 0.625
vt 0.0116999997 0.579999983
vt 0.0155999996 0.578100026
vt 0.0155999996 0.593800008
vt 0.0116999997 0.596499979
vt 0.0116999997 0.611199975
vt 0.0155999996 0.609399974
vt 0.0155999996 0.625
vt 0.0116999997 0.625
vt 0.835900009 0.609399974
vt 0.843800008 0.609399974
vt 0.843800008 0.625
vt 0.835900009 0.625
vt 0.828100026 0.625
vt 0.828100026 0.609399974
vt 0.828100026 0.593800008
vt 0.835900009 0.593800008
vt 0.843800008 0.593800008
vt 0.835900009 0.578100026
vt 0.843800008 0.578100026
vt 0.828100026 0.578100026
vt 0.820299983 0.609399974
vt 0.820299983 0.625
vt 0.8125 0.625
vt 0.8125 0.609399974
vt 0.8125 0.593800008
vt 0.820299983 0.593800008
vt 0.820299983 0.578100026
vt 0.8125 0.578100026
vt 0.1875 0.609399974
vt 0.25 0.609399974
vt 0.25 0.625
vt 0.1875 0.625
vt 0.125 0.625
vt 0.125 0.609399974
vt 0.125 0.593800008
vt 0.1875 0.593800008
vt 0.25 0.593800008
vt 0.1875 0.578100026
vt 0.25 0.578100026
vt 0.125 0.578100026
vt 0.5625 0.611199975
vt 0.625 0.612100005
vt 0.625 0.625
vt 0.5625 0.625
vt 0.5 0.625
vt 0.5 0.609399974
vt 0.5 0.593800008
vt 0.5625 0.596499979
vt 0.625 0.597899973
vt 0.5625 0.579999983
vt 0.625 0.580900013
vt 0.5 0.578100026
vt 0.6875 0.611199975
vt 0.75 0.609399974
vt 0.75 0.625
vt 0.6875 0.625
vt 0.6875 0.596499979
vt 0.75 0.593800008
vt 0.6875 0.579999983
vt 0.75 0.578100026
vt 0.832000017 0.593800008
vt 0.832000017 0.625
vt 0.828100026 0.625
vt 0.828100026 0.593800008
vt 0.832000017 0.5625
vt 0.835900009 0.5625
vt 0.835900009 0.593800008
vt 0.835900009 0.625
vt 0.8398 0.593800008
vt 0.8398 0.625
vt 0.8398 0.5625
vt 0.843800008 0.5625
vt 0.843800008 0.593800008
vt 0.00590000022 0.593800008
vt 0.00590000022 0.5625
vt 0.00779999979 0.5625
vt 0.00779999979 0.593800008
vt 0.00779999979 0.625
vt 0.00590000022 0.625
vt 0.00389999989 0.625
vt 0.00389999989 0.593800008
vt 0.00389999989 0.5625
vt 0.00200000009 0.593800008
vt 0.00200000009 0.5625
vt 0.00200000009 0.625
vt -0 0.625
vt -0 0.593800008
vt 0.00590000022 0.593800008
vt 0.00590000022 0.5625
vt 0.00779999979 0.5625
vt 0.00779999979 0.593800008
vt 0.00779999979 0.625
vt 0.00590000022 0.625
vt 0.00389999989 0.625
vt 0.00389999989 0.593800008
vt 0.00389999989 0.5625
vt 0.00200000009 0.593800008
vt 0.00200000009 0.5625
vt 0.00200000009 0.625
vt -0 0.625
vt -0 0.593800008
vt -0 0.5625
vt 0.0137 0.593800008
vt 0.0137 0.5625
vt 0.0155999996 0.5625
vt 0.0155999996 0.593800008
vt 0.0155999996 0.625
vt 0.0137 0.625
vt 0.0116999997 0.625
vt 0.0116999997 0.593800008
vt 0.0116999997 0.5625
vt 0.00980000012 0.593699992
vt 0.00980000012 0.5625
vt 0.00980000012 0.625
vt 0.00779999979 0.625
vt 0.00779999979 0.593699992
vt 0.832000017 0.593800008
vt 0.832000017 0.625
vt 0.828100026 0.625
vt 0.828100026 0.593800008
vt 0.832000017 0.5625
vt 0.835900009 0.5625
vt 0.835900009 0.593800008
vt 0.835900009 0.625
vt 0.8398 0.593800008
vt 0.8398 0.625
vt 0.8398 0.5625
vt 0.843800008 0.5625
vt 0.843800008 0.593800008
vt 0.843800008 0.625
vt 0.816399992 0.593800008
vt 0.816399992 0.625
vt 0.8125 0.625
vt 0.8125 0.593800008
vt 0.8125 0.5625
vt 0.816399992 0.5625
vt 0.820299983 0.5625
vt 0.820299983 0.593800008
vt 0.820299983 0.625
vt 0.824199975 0.593800008
vt 0.824199975 0.625
vt 0.824199975 0.5625
vt 0.828100026 0.5625
vt 0.828100026 0.593800008
vt 0.828100026 0.625
vt 0.218799993 0.593800008
vt 0.218799993 0.5625
vt 0.25 0.5625
vt 0.25 0.593800008
vt 0.25 0.625
vt 0.218799993 0.625
vt 0.1875 0.625
vt 0.1875 0.593800008
vt 0.1875 0.5625
vt 0.156299993 0.593800008
vt 0.156299993 0.5625
vt 0.156299993 0.625
vt 0.125 0.625
vt 0.125 0.593800008
vt 0.125 0.5625
vt 0.593800008 0.593800008
vt 0.593800008 0.5625
vt 0.625 0.593800008
vt 0.625 0.625
vt 0.593800008 0.625
vt 0.5625 0.625
vt 0.5625 0.593800008
vt 0.5625 0.5625
vt 0.531300008 0.593800008
vt 0.531300008 0.5625
vt 0.531300008 0.625
vt 0.5 0.625
vt 0.5 0.593800008
vt 0.5 0.5625
vt 0.718800008 0.593800008
vt 0.718800008 0.5625
vt 0.75 0.5625
vt 0.75 0.593800008
vt 0.75 0.625
vt 0.718800008 0.625
vt 0.6875 0.625
vt 0.6875 0.593800008
vt 0.6875 0.5625
vt 0.656300008 0.593800008
vt 0.656300008 0.5625
vt 0.656300008 0.625
vt 0.625 0.625
vt 0.625 0.593800008
vt 0.625 0.5625
vn 0.0147000002 0.448300004 0.893700004
vn 0.0204000007 0.391099989 0.920099974
vn 0.0114000002 0.38319999 0.923600018
vn 0.000699999975 0.450300008 0.892799973
vn -0.00389999989 0.506099999 0.862399995
vn 0.0127999997 0.496600002 0.867799997
vn 0.0326000005 0.490099996 0.870999992
vn 0.0313999988 0.452300012 0.891300023
vn 0.0307 0.412299991 0.91049999
vn 0.259000003 0.273699999 0.926299989
vn 0.252799988 0.271299988 0.92869997
vn 0.627600014 -0.314900011 0.711899996
vn 0.637000024 -0.281100005 0.717800021
vn 0.665199995 -0.212099999 0.715900004
vn 0.265300006 0.301499993 0.915799975
vn -0.0013 0.1866 0.9824
vn -0.00760000013 0.235499993 0.971800029
vn 0.0118000004 0.134800002 0.990800023
vn 0.0204000007 -0.483399987 0.875199974
vn 0.0109999999 -0.473199993 0.880900025
vn 0.0055999998 -0.459199995 0.888300002
vn 0.214499995 0.0681999996 0.974300027
vn 0.568499982 -0.390700012 0.72390002
vn 0.138400003 -0.479799986 0.866400003
vn 0.421900004 -0.63319999 0.648800015
vn 0.236399993 0.782899976 0.575399995
vn 0.273099989 0.80250001 0.530399978
vn 0.489199996 0.867600024 -0.0891999975
vn 0.445499986 0.895200014 -0.0110999998
vn 0.370599985 0.927200019 0.0540999994
vn 0.179900005 0.763300002 0.620500028
vn 0.0653000027 0.589399993 0.805199981
vn 0.068599999 0.577400029 0.813600004
vn 0.0636000037 0.562699974 0.824199975
vn 0.417699993 0.780300021 0.465299994
vn 0.768599987 0.629999995 0.111199997
vn 0.681100011 0.6954 -0.229200006
vn 0.550999999 0.822300017 -0.142299995
vn 0.345600009 0.621399999 0.703199983
vn 0.799600005 0.556999981 0.2245
vn 0.0724999979 0.573300004 0.816100001
vn 0.0702000037 0.559800029 0.825600028
vn 0.0667999983 0.584900022 0.808399975
vn 0.0654999986 0.5704 0.818700016
vn 0.074000001 0.559800029 0.825299978
vn 0.0746000037 0.547999978 0.833100021
vn 0.332399994 0.608500004 0.720499992
vn 0.796599984 0.531099975 0.288700014
vn 0.309899986 0.561999977 0.766900003
vn 0.809700012 0.432300001 0.396699995
vn 0.0467000008 0.46329999 0.884899974
vn 0.0507999994 0.49059999 0.869799972
vn 0.0649000034 0.498699993 0.864300013
vn 0.0590999983 0.4824 0.873899996
vn 0.0471000001 0.469099998 0.881799996
vn 0.0395999998 0.438600004 0.897800028
vn 0.0307 0.412299991 0.91049999
vn 0.0313999988 0.452300012 0.891300023
vn 0.0326000005 0.490099996 0.870999992
vn 0.268599987 0.342400014 0.900300026
vn 0.696799994 -0.129600003 0.70539999
vn 0.725300014 -0.0469999984 0.686800003
vn 0.271200001 0.380400002 0.88410002
vn 0.265300006 0.301499993 0.915799975
vn 0.665199995 -0.212099999 0.715900004
vn 0.275599986 0.417400002 0.86589998
vn 0.0738999993 0.510100007 0.856899977
vn 0.0649000034 0.498699993 0.864300013
vn 0.271200001 0.380400002 0.88410002
vn 0.725300014 -0.0469999984 0.686800003
vn 0.756600022 0.0450000018 0.6523
vn 0.789399981 0.161200002 0.592299998
vn 0.282000005 0.458299994 0.842800021
vn 0.0775000006 0.520900011 0.850099981
vn 0.0678000003 0.504000008 0.861000001
vn 0.0535000004 0.5 0.864300013
vn 0.0471000001 0.469099998 0.881799996
vn 0.0590999983 0.4824 0.873899996
vn 0.0724999979 0.523100019 0.84920001
vn 0.0584999993 0.526199996 0.84829998
vn 0.074000001 0.541199982 0.837599993
vn 0.0771000013 0.532999992 0.842599988
vn 0.0746000037 0.547999978 0.833100021
vn 0.074000001 0.559800029 0.825299978
vn 0.0654999986 0.5704 0.818700016
vn 0.0623000003 0.549300015 0.833199978
vn 0.290300012 0.505500019 0.8125
vn 0.808799982 0.295899987 0.50819999
vn 0.809700012 0.432300001 0.396699995
vn 0.309899986 0.561999977 0.766900003
vn 0.0242999997 0.348800004 0.93690002
vn 0.0197000001 0.332599998 0.942799985
vn 0.0114000002 0.38319999 0.923600018
vn 0.0204000007 0.391099989 0.920099974
vn 0.0307 0.412299991 0.91049999
vn 0.0294000003 0.386400014 0.921800017
vn 0.0258000009 0.371899992 0.927900016
vn 0.0231999997 0.327899992 0.944400012
vn 0.0218000002 0.308499992 0.950999975
vn 0.0219000001 0.101599999 0.994599998
vn 0.0278999992 -0.484600008 0.874300003
vn 0.0204000007 -0.483399987 0.875199974
vn 0.0118000004 0.134800002 0.990800023
vn 0.0259000007 0.0926999971 0.995299995
vn 0.0324000008 -0.476099998 0.878700018
vn 0.0269000009 0.103200004 0.994300008
vn 0.0215000007 0.306199998 0.951699972
vn 0.0207000002 0.309300005 0.950699985
vn 0.0254999995 0.118000001 0.992699981
vn 0.0333999991 -0.441000015 0.896899998
vn 0.0344000012 -0.459399998 0.887499988
vn 0.0324000008 -0.476099998 0.878700018
vn 0.0259000007 0.0926999971 0.995299995
vn 0.0218000002 0.308499992 0.950999975
vn 0.0209999997 0.323199987 0.946099997
vn 0.0223999992 0.361499995 0.932099998
vn 0.0218000002 0.353899986 0.935000002
vn 0.0207000002 0.323100001 0.946099997
vn 0.0231999997 0.327899992 0.944400012
vn 0.0258000009 0.371899992 0.927900016
vn 0.0232999995 0.125300005 0.99180001
vn 0.0195000004 0.305900007 0.951799989
vn 0.0172000006 0.298900008 0.954100013
vn 0.0212999992 0.127499998 0.991599977
vn 0.0320000015 -0.416000009 0.908699989
vn 0.0318000019 -0.426699996 0.903800011
vn 0.0333999991 -0.441000015 0.896899998
vn 0.0254999995 0.118000001 0.992699981
vn 0.0207000002 0.309300005 0.950699985
vn 0.0206000004 0.319299996 0.947399974
vn 0.0218000002 0.34920001 0.936800003
vn 0.0198999997 0.345899999 0.938000023
vn 0.0184000004 0.313499987 0.949400008
vn 0.0207000002 0.323100001 0.946099997
vn 0.0218000002 0.353899986 0.935000002
vn -0.193900004 0.201000005 0.960200012
vn -0.1928 0.344099998 0.918900013
vn -0.739400029 0.414299995 0.530600011
vn -0.749199986 0.263799995 0.607500017
vn -0.708000004 -0.126499996 0.694800019
vn -0.210899994 -0.327300012 0.921000004
vn 0.0331000015 -0.378699988 0.924899995
vn 0.0182000007 0.140699998 0.989899993
vn 0.0132999998 0.286199987 0.958100021
vn -0.193700001 0.356599987 0.913900018
vn -0.194900006 0.385100007 0.90200001
vn -0.738099992 0.433699995 0.516900003
vn -0.738399982 0.419400007 0.527999997
vn 0.0140000004 0.299299985 0.953999996
vn 0.0156999994 0.329600006 0.944000006
vn 0.141399994 0.74970001 0.646399975
vn 0.0606999993 0.597500026 0.799499989
vn 0.0653000027 0.589399993 0.805199981
vn 0.179900005 0.763300002 0.620500028
vn 0.370599985 0.927200019 0.0540999994
vn 0.307999998 0.946200013 0.0992000028
vn 0.26789999 0.9551 0.126200005
vn 0.122299999 0.742600024 0.658399999
vn 0.0593999997 0.603399992 0.795300007
vn 0.060899999 0.592499971 0.803200006
vn 0.057599999 0.576600015 0.814999998
vn 0.0654999986 0.5704 0.818700016
vn 0.0667999983 0.584900022 0.808399975
vn 0.0595999993 0.597800016 0.799399972
vn 0.0560000017 0.579999983 0.812699974
vn 0.0590999983 0.603299975 0.795300007
vn 0.0579999983 0.609499991 0.790600002
vn 0.0546999983 0.617699981 0.784500003
vn 0.0571000017 0.610599995 0.789900005
vn 0.0562999994 0.588800013 0.806299984
vn 0.0566000007 0.583599985 0.810000002
vn 0.0560000017 0.579999983 0.812699974
vn 0.0595999993 0.597800016 0.799399972
vn 0.0593999997 0.603399992 0.795300007
vn 0.107900001 0.740199983 0.663699985
vn 0.233500004 0.961799979 0.142700002
vn 0.203199998 0.967000008 0.153200001
vn 0.0945999995 0.74150002 0.664200008
vn 0.122299999 0.742600024 0.658399999
vn 0.26789999 0.9551 0.126200005
vn 0.0540999994 0.619099975 0.783399999
vn 0.050999999 0.627099991 0.777199984
vn 0.0469000004 0.63499999 0.771000028
vn 0.0489999987 0.62650001 0.777800024
vn 0.0480999984 0.600399971 0.798200011
vn 0.054299999 0.594900012 0.801900029
vn 0.0562999994 0.588800013 0.806299984
vn 0.0571000017 0.610599995 0.789900005
vn 0.0546999983 0.617699981 0.784500003
vn 0.0835999995 0.745100021 0.66170001
vn 0.1778 0.971000016 0.159600005
vn 0.150900006 0.975099981 0.162400007
vn 0.0732000023 0.749100029 0.658299983
vn 0.0945999995 0.74150002 0.664200008
vn 0.203199998 0.967000008 0.153200001
vn -0.193499997 0.66930002 0.717299998
vn -0.196600005 0.679499984 0.706799984
vn -0.736400008 0.572399974 0.360599995
vn -0.7324 0.570299983 0.371899992
vn -0.730700016 0.556999981 0.394600004
vn -0.193800002 0.638199985 0.745000005
vn 0.0344000012 0.601199985 0.798300028
vn 0.0388999991 0.63380003 0.772499979
vn 0.0395000018 0.644200027 0.763800025
vn -0.180199996 0.777899981 0.601999998
vn -0.1259 0.981000006 0.147400007
vn -0.580299973 0.812600017 0.0538999997
vn -0.695800006 0.659799993 0.283699989
vn 0.0566999987 0.750899971 0.657999992
vn 0.107199997 0.978799999 0.174700007
vn 0.0337000005 0.425900012 0.904100001
vn 0.0395999998 0.438600004 0.897800028
vn 0.0471000001 0.469099998 0.881799996
vn 0.0377999991 0.46329999 0.885399997
vn 0.0355999991 0.458499998 0.888000011
vn 0.0300999992 0.416700006 0.908500016
vn 0.0258000009 0.371899992 0.927900016
vn 0.0294000003 0.386400014 0.921800017
vn 0.0307 0.412299991 0.91049999
vn 0.0274 0.403800011 0.914399981
vn 0.0300999992 0.416700006 0.908500016
vn 0.0355999991 0.458499998 0.888000011
vn 0.0348999985 0.449900001 0.892400026
vn 0.0320000015 0.439799994 0.897499979
vn 0.0253999997 0.3917 0.919700027
vn 0.0218000002 0.353899986 0.935000002
vn 0.0223999992 0.361499995 0.932099998
vn 0.0258000009 0.371899992 0.927900016
vn 0.0238000005 0.385399997 0.922399998
vn 0.0253999997 0.3917 0.919700027
vn 0.0320000015 0.439799994 0.897499979
vn 0.0285 0.431600004 0.901600003
vn 0.0253999997 0.426899999 0.903900027
vn 0.0219999999 0.382999986 0.923500001
vn 0.0198999997 0.345899999 0.938000023
vn 0.0218000002 0.34920001 0.936800003
vn 0.0218000002 0.353899986 0.935000002
vn 0.052099999 0.553300023 0.83130002
vn 0.0505000018 0.5546 0.830600023
vn 0.0454999991 0.528100014 0.847899973
vn 0.0469000004 0.527899981 0.84799999
vn 0.0584999993 0.526199996 0.84829998
vn 0.0623000003 0.549300015 0.833199978
vn 0.0654999986 0.5704 0.818700016
vn 0.057599999 0.576600015 0.814999998
vn 0.0560000017 0.579999983 0.812699974
vn 0.0421999991 0.498600006 0.865700006
vn 0.0408000015 0.497299999 0.866599977
vn 0.0355999991 0.458499998 0.888000011
vn 0.0377999991 0.46329999 0.885399997
vn 0.0471000001 0.469099998 0.881799996
vn 0.0535000004 0.5 0.864300013
vn 0.0419999994 0.494199991 0.868300021
vn 0.0408000015 0.497299999 0.866599977
vn 0.0454999991 0.528100014 0.847899973
vn 0.0474000014 0.527999997 0.847899973
vn 0.0474999994 0.526600003 0.848800004
vn 0.0401999988 0.488499999 0.871599972
vn 0.0320000015 0.439799994 0.897499979
vn 0.0348999985 0.449900001 0.892400026
vn 0.0355999991 0.458499998 0.888000011
vn 0.0520000011 0.556200027 0.829400003
vn 0.0505000018 0.5546 0.830600023
vn 0.0560000017 0.579999983 0.812699974
vn 0.0566000007 0.583599985 0.810000002
vn 0.0562999994 0.588800013 0.806299984
vn 0.0527000017 0.558499992 0.827799976
vn 0.0364999995 0.480599999 0.876100004
vn 0.0401999988 0.488499999 0.871599972
vn 0.0474999994 0.526600003 0.848800004
vn 0.0450000018 0.523400009 0.850899994
vn 0.0377000012 0.521099985 0.852599978
vn 0.0309999995 0.475100011 0.879400015
vn 0.0253999997 0.426899999 0.903900027
vn 0.0285 0.431600004 0.901600003
vn 0.0320000015 0.439799994 0.897499979
vn 0.0511000007 0.560800016 0.826300025
vn 0.0527000017 0.558499992 0.827799976
vn 0.0562999994 0.588800013 0.806299984
vn 0.054299999 0.594900012 0.801900029
vn 0.0480999984 0.600399971 0.798200011
vn 0.0438000001 0.563000023 0.825299978
vn -0.194800004 0.423500001 0.8847
vn 0.0186999999 0.370299995 0.92869997
vn 0.0215000007 0.427100003 0.903900027
vn -0.194100007 0.476599991 0.8574
vn -0.733799994 0.476399988 0.484400004
vn -0.736599982 0.451999992 0.503099978
vn -0.738099992 0.433699995 0.516900003
vn -0.194900006 0.385100007 0.90200001
vn 0.0156999994 0.329600006 0.944000006
vn -0.195500001 0.529500008 0.825399995
vn 0.0227000006 0.483700007 0.874899983
vn 0.0238000005 0.523599982 0.851599991
vn -0.197600007 0.566200018 0.800199986
vn -0.735000014 0.519299984 0.43599999
vn -0.734099984 0.500999987 0.458299994
vn -0.733799994 0.476399988 0.484400004
vn -0.194100007 0.476599991 0.8574
vn 0.0215000007 0.427100003 0.903900027
vn -0.196799994 0.59890002 0.776199996
vn 0.0278999992 0.559300005 0.828499973
vn 0.0344000012 0.601199985 0.798300028
vn -0.193800002 0.638199985 0.745000005
vn -0.730700016 0.556999981 0.394600004
vn -0.733299971 0.536899984 0.417100012
vn 0.216800004 0.841300011 -0.495200008
vn 0.182600006 0.846899986 -0.499300003
vn 0.1778 0.971000016 0.159600005
vn 0.203199998 0.967000008 0.153200001
vn 0.246000007 0.835699975 -0.49090001
vn 0.160799995 0.226899996 -0.960500002
vn 0.137999997 0.210099995 -0.967899978
vn 0.112000003 0.199599996 -0.973399997
vn 0.0251000002 -0.875999987 0.481599987
vn 0.0219000001 -0.875100017 0.483399987
vn 0.0278999992 -0.484600008 0.874300003
vn 0.0324000008 -0.476099998 0.878700018
vn 0.0284000002 -0.876800001 0.479900002
vn 0.0105999997 -0.976199985 -0.216700003
vn 0.0111999996 -0.98299998 -0.183300003
vn 0.0148 -0.989700019 -0.1426
vn -0.124200001 0.855400026 -0.502799988
vn -0.656099975 0.662899971 -0.360799998
vn -0.1259 0.981000006 0.147400007
vn 0.107199997 0.978799999 0.174700007
vn 0.125699997 0.854399979 -0.504199982
vn 0.0688999966 0.176599994 -0.98180002
vn -0.1972 0.218700007 -0.955600023
vn -0.659300029 0.279500008 -0.697899997
vn 0.280299991 0.827799976 -0.486099988
vn 0.246000007 0.835699975 -0.49090001
vn 0.233500004 0.961799979 0.142700002
vn 0.26789999 0.9551 0.126200005
vn 0.319700003 0.816999972 -0.479900002
vn 0.224999994 0.263999999 -0.937900007
vn 0.188800007 0.244200006 -0.951099992
vn 0.160799995 0.226899996 -0.960500002
vn 0.362899989 0.803600013 -0.471799999
vn 0.319700003 0.816999972 -0.479900002
vn 0.26789999 0.9551 0.126200005
vn 0.307999998 0.946200013 0.0992000028
vn 0.423999995 0.780700028 -0.458999991
vn 0.336400002 0.338800013 -0.878600001
vn 0.269300014 0.293599993 -0.917200029
vn 0.224999994 0.263999999 -0.937900007
vn -0.249200001 -0.859200001 0.44690001
vn 0.0386999995 -0.882700026 0.468199998
vn 0.0331000015 -0.378699988 0.924899995
vn -0.210899994 -0.327300012 0.921000004
vn -0.860700011 -0.443199992 0.250499994
vn -0.763499975 -0.534500003 -0.362399995
vn -0.271200001 -0.876299977 -0.398099989
vn 0.0207000002 -0.927399993 -0.373400003
vn 0.0305000003 -0.877300024 0.478799999
vn 0.0284000002 -0.876800001 0.479900002
vn 0.0324000008 -0.476099998 0.878700018
vn 0.0344000012 -0.459399998 0.887499988
vn 0.0302000009 -0.877900004 0.477899998
vn 0.0109999999 -0.964399993 -0.264299989
vn 0.0109999999 -0.970200002 -0.241999999
vn 0.0105999997 -0.976199985 -0.216700003
vn -0.959599972 0.262600005 -0.101400003
vn -0.956700027 0.271800011 -0.104000002
vn -0.733799994 0.476399988 0.484400004
vn -0.734099984 0.500999987 0.458299994
vn -0.960099995 0.260199994 -0.1021
vn -0.787400007 -0.112000003 -0.60619998
vn -0.779399991 -0.0882999972 -0.620299995
vn -0.766900003 -0.0467000008 -0.639999986
vn 0.922100008 -0.353599995 0.156900004
vn 0.973699987 -0.214699998 0.0756999999
vn 0.789399981 0.161200002 0.592299998
vn 0.756600022 0.0450000018 0.6523
vn 0.868099988 -0.448100001 0.213200003
vn 0.652499974 -0.67049998 -0.352999985
vn 0.67809999 -0.605199993 -0.416999996
vn 0.712599993 -0.502699971 -0.489300013
vn 0.0298999995 -0.878700018 0.476500005
vn 0.0302000009 -0.877900004 0.477899998
vn 0.0333999991 -0.441000015 0.896899998
vn 0.0318000019 -0.426699996 0.903800011
vn 0.0326999985 -0.879400015 0.474900007
vn 0.0151000004 -0.950800002 -0.309300005
vn 0.0115999999 -0.957599998 -0.287800014
vn 0.0109999999 -0.964399993 -0.264299989
vn 0.99879998 -0.0417999998 -0.0226000007
vn 0.981599987 0.143399999 -0.125799999
vn 0.808799982 0.295899987 0.50819999
vn 0.789399981 0.161200002 0.592299998
vn 0.973699987 -0.214699998 0.0756999999
vn 0.740400016 -0.368200004 -0.562300026
vn 0.754999995 -0.208100006 -0.621800005
vn -0.959900022 0.261099994 -0.102200001
vn -0.960099995 0.260199994 -0.1021
vn -0.735000014 0.519299984 0.43599999
vn -0.733299971 0.536899984 0.417100012
vn -0.960500002 0.25940001 -0.101000004
vn -0.806699991 -0.153400004 -0.57069999
vn -0.79610002 -0.128999993 -0.591199994
vn -0.787400007 -0.112000003 -0.60619998
vn 0.816399992 -0.518100023 0.255100012
vn 0.868099988 -0.448100001 0.213200003
vn 0.696799994 -0.129600003 0.70539999
vn 0.665199995 -0.212099999 0.715900004
vn 0.760900021 -0.579299986 0.292199999
vn 0.616100013 -0.7579 -0.214599997
vn 0.634800017 -0.717000008 -0.287999988
vn 0.652499974 -0.67049998 -0.352999985
vn -0.953299999 0.281100005 -0.110100001
vn -0.951300025 0.28639999 -0.113700002
vn -0.738099992 0.433699995 0.516900003
vn -0.736599982 0.451999992 0.503099978
vn -0.956700027 0.271800011 -0.104000002
vn -0.766900003 -0.0467000008 -0.639999986
vn -0.75120002 -0.00719999988 -0.660000026
vn -0.739300013 0.0183000006 -0.673099995
vn 0.860700011 0.426400006 -0.277999997
vn 0.700600028 0.608699977 -0.372299999
vn 0.768599987 0.629999995 0.111199997
vn 0.799600005 0.556999981 0.2245
vn 0.913699985 0.335599989 -0.229000002
vn 0.770099998 0.00340000005 -0.637899995
vn 0.747200012 0.154400006 -0.646300018
vn 0.675899982 0.524299979 -0.51789999
vn 0.93629998 0.286199987 -0.203500003
vn 0.913699985 0.335599989 -0.229000002
vn 0.796599984 0.531099975 0.288700014
vn 0.809700012 0.432300001 0.396699995
vn 0.981599987 0.143399999 -0.125799999
vn 0.754999995 -0.208100006 -0.621800005
vn 0.755999982 -0.0691 -0.650900006
vn 0.770099998 0.00340000005 -0.637899995
vn -0.926800013 0.342400014 -0.153999999
vn -0.962000012 0.253199995 -0.101999998
vn -0.736400008 0.572399974 0.360599995
vn -0.580299973 0.812600017 0.0538999997
vn -0.656099975 0.662899971 -0.360799998
vn -0.659300029 0.279500008 -0.697899997
vn -0.782400012 -0.0648000017 -0.619400024
vn -0.816900015 -0.182500005 -0.546999991
vn -0.961499989 0.255299985 -0.101300001
vn -0.960500002 0.25940001 -0.101000004
vn -0.730700016 0.556999981 0.394600004
vn -0.736400008 0.572399974 0.360599995
vn -0.962000012 0.253199995 -0.101999998
vn -0.816900015 -0.182500005 -0.546999991
vn -0.813799977 -0.175999999 -0.553799987
vn -0.806699991 -0.153400004 -0.57069999
vn -0.985499978 0.163900003 -0.0428999998
vn -0.860700011 -0.443199992 0.250499994
vn -0.708000004 -0.126499996 0.694800019
vn -0.739400029 0.414299995 0.530600011
vn -0.949599981 0.290399998 -0.118100002
vn -0.725499988 0.0414999984 -0.68690002
vn -0.759599984 -0.129600003 -0.637300014
vn -0.763499975 -0.534500003 -0.362399995
vn -0.950200021 0.289400011 -0.115500003
vn -0.949599981 0.290399998 -0.118100002
vn -0.739400029 0.414299995 0.530600011
vn -0.738099992 0.433699995 0.516900003
vn -0.951300025 0.28639999 -0.113700002
vn -0.739300013 0.0183000006 -0.673099995
vn -0.730799973 0.0361000001 -0.681599975
vn -0.725499988 0.0414999984 -0.68690002
vn 0.638800025 -0.682200015 0.355699986
vn 0.694400012 -0.639900029 0.328999996
vn 0.568499982 -0.390700012 0.72390002
vn 0.421900004 -0.63319999 0.648800015
vn 0.419800013 -0.798399985 0.431600004
vn 0.411300004 -0.891499996 0.189600006
vn 0.545000017 -0.837499976 -0.0377000012
vn 0.5977 -0.7949 -0.104400001
vn 0.713199973 -0.624000013 0.319299996
vn 0.760900021 -0.579299986 0.292199999
vn 0.665199995 -0.212099999 0.715900004
vn 0.637000024 -0.281100005 0.717800021
vn 0.694400012 -0.639900029 0.328999996
vn 0.5977 -0.7949 -0.104400001
vn 0.5995 -0.786800027 -0.146300003
vn 0.616100013 -0.7579 -0.214599997
vn 0.4912 0.750100017 -0.442699999
vn 0.423999995 0.780700028 -0.458999991
vn 0.370599985 0.927200019 0.0540999994
vn 0.489199996 0.867600024 -0.0891999975
vn 0.520799994 0.734899998 -0.434399992
vn 0.471100003 0.473800004 -0.744000018
vn 0.418099999 0.398699999 -0.816200018
vn 0.336400002 0.338800013 -0.878600001
vn 0.559800029 0.712300003 -0.423400015
vn 0.520799994 0.734899998 -0.434399992
vn 0.489199996 0.867600024 -0.0891999975
vn 0.681100011 0.6954 -0.229200006
vn 0.700600028 0.608699977 -0.372299999
vn 0.675899982 0.524299979 -0.51789999
vn 0.539699972 0.509000003 -0.67049998
vn 0.471100003 0.473800004 -0.744000018
vn 0.0186000001 -0.873700023 0.486000001
vn 0.0170000009 -0.872500002 0.488299996
vn 0.0055999998 -0.459199995 0.888300002
vn 0.0109999999 -0.473199993 0.880900025
vn 0.0204000007 -0.483399987 0.875199974
vn 0.0219000001 -0.875100017 0.483399987
vn 0.0148 -0.989700019 -0.1426
vn 0.0197999999 -0.995000005 -0.0982000008
vn 0.0223999992 -0.998000026 -0.059700001
vn 0.130799994 -0.86619997 0.48210001
vn 0.419800013 -0.798399985 0.431600004
vn 0.421900004 -0.63319999 0.648800015
vn 0.138400003 -0.479799986 0.866400003
vn 0.145999998 -0.989199996 -0.00889999978
vn 0.411300004 -0.891499996 0.189600006
vn -0.0147000002 -0.448300004 -0.893700004
vn -0.0313999988 -0.452300012 -0.891300023
vn -0.0326000005 -0.490099996 -0.870999992
vn -0.0127999997 -0.496600002 -0.867799997
vn 0.00389999989 -0.506099999 -0.862399995
vn -0.000699999975 -0.450300008 -0.892799973
vn -0.0114000002 -0.38319999 -0.923600018
vn -0.0204000007 -0.391099989 -0.920099974
vn -0.0307 -0.412299991 -0.91049999
vn 0.220100001 -0.690800011 -0.68870002
vn 0.1954 -0.662199974 -0.723399997
vn 0.616100013 -0.7579 -0.214599997
vn 0.5995 -0.786800027 -0.146300003
vn 0.5977 -0.7949 -0.104400001
vn 0.239399999 -0.704900026 -0.667599976
vn 0.00389999989 -0.506099999 -0.862399995
vn -0.0127999997 -0.496600002 -0.867799997
vn -0.0326000005 -0.490099996 -0.870999992
vn 0.0111999996 -0.68870002 -0.725000024
vn 0.0197999999 -0.995000005 -0.0982000008
vn 0.0148 -0.989700019 -0.1426
vn -0.00079999998 -0.630299985 -0.776300013
vn -0.0114000002 -0.38319999 -0.923600018
vn -0.000699999975 -0.450300008 -0.892799973
vn 0.00389999989 -0.506099999 -0.862399995
vn 0.0170000009 -0.734300017 -0.678600013
vn 0.213699996 -0.8301 -0.514999986
vn 0.145999998 -0.989199996 -0.00889999978
vn 0.0223999992 -0.998000026 -0.059700001
vn 0.0170000009 -0.734300017 -0.678600013
vn 0.239399999 -0.704900026 -0.667599976
vn 0.5977 -0.7949 -0.104400001
vn 0.137600005 -0.256500006 -0.956700027
vn -0.068599999 -0.577400029 -0.813600004
vn -0.0653000027 -0.589399993 -0.805199981
vn 0.0738999993 -0.338099986 -0.938199997
vn 0.336400002 0.338800013 -0.878600001
vn 0.418099999 0.398699999 -0.816200018
vn 0.189999998 -0.171599999 -0.966600001
vn -0.0636000037 -0.562699974 -0.824199975
vn 0.359600008 -0.101400003 -0.92750001
vn 0.252099991 -0.417899996 -0.872799993
vn -0.0636000037 -0.562699974 -0.824199975
vn 0.189999998 -0.171599999 -0.966600001
vn 0.471100003 0.473800004 -0.744000018
vn 0.539699972 0.509000003 -0.67049998
vn 0.770099998 0.00340000005 -0.637899995
vn -0.0724999979 -0.573300004 -0.816100001
vn -0.074000001 -0.559800029 -0.825299978
vn -0.0654999986 -0.5704 -0.818700016
vn -0.0667999983 -0.584900022 -0.808399975
vn -0.0653000027 -0.589399993 -0.805199981
vn -0.068599999 -0.577400029 -0.813600004
vn -0.0636000037 -0.562699974 -0.824199975
vn -0.0702000037 -0.559800029 -0.825600028
vn -0.0746000037 -0.547999978 -0.833100021
vn 0.221799999 -0.437400013 -0.871500015
vn 0.181199998 -0.48210001 -0.85710001
vn -0.0746000037 -0.547999978 -0.833100021
vn -0.0702000037 -0.559800029 -0.825600028
vn 0.252099991 -0.417899996 -0.872799993
vn 0.770099998 0.00340000005 -0.637899995
vn 0.754999995 -0.208100006 -0.621800005
vn -0.0467000008 -0.46329999 -0.884899974
vn -0.0313999988 -0.452300012 -0.891300023
vn -0.0307 -0.412299991 -0.91049999
vn -0.0395999998 -0.438600004 -0.897800028
vn -0.0471000001 -0.469099998 -0.881799996
vn -0.0590999983 -0.4824 -0.873899996
vn -0.0649000034 -0.498699993 -0.864300013
vn -0.0507999994 -0.49059999 -0.869799972
vn -0.0326000005 -0.490099996 -0.870999992
vn 0.167899996 -0.629899979 -0.758300006
vn 0.1954 -0.662199974 -0.723399997
vn -0.0326000005 -0.490099996 -0.870999992
vn -0.0507999994 -0.49059999 -0.869799972
vn -0.0649000034 -0.498699993 -0.864300013
vn 0.145400003 -0.606100023 -0.781899989
vn 0.652499974 -0.67049998 -0.352999985
vn 0.616100013 -0.7579 -0.214599997
vn 0.134200007 -0.585500002 -0.799499989
vn 0.135900006 -0.558499992 -0.818300009
vn 0.712599993 -0.502699971 -0.489300013
vn 0.67809999 -0.605199993 -0.416999996
vn 0.652499974 -0.67049998 -0.352999985
vn 0.145400003 -0.606100023 -0.781899989
vn -0.0649000034 -0.498699993 -0.864300013
vn -0.0738999993 -0.510100007 -0.856899977
vn -0.0775000006 -0.520900011 -0.850099981
vn -0.0678000003 -0.504000008 -0.861000001
vn -0.0724999979 -0.523100019 -0.84920001
vn -0.0775000006 -0.520900011 -0.850099981
vn -0.0738999993 -0.510100007 -0.856899977
vn -0.0649000034 -0.498699993 -0.864300013
vn -0.0590999983 -0.4824 -0.873899996
vn -0.0471000001 -0.469099998 -0.881799996
vn -0.0535000004 -0.5 -0.864300013
vn -0.0584999993 -0.526199996 -0.84829998
vn -0.074000001 -0.541199982 -0.837599993
vn -0.0724999979 -0.523100019 -0.84920001
vn -0.0584999993 -0.526199996 -0.84829998
vn -0.0623000003 -0.549300015 -0.833199978
vn -0.0654999986 -0.5704 -0.818700016
vn -0.074000001 -0.559800029 -0.825299978
vn -0.0746000037 -0.547999978 -0.833100021
vn -0.0771000013 -0.532999992 -0.842599988
vn 0.148900002 -0.525600016 -0.837599993
vn 0.135900006 -0.558499992 -0.818300009
vn -0.0775000006 -0.520900011 -0.850099981
vn -0.0771000013 -0.532999992 -0.842599988
vn -0.0746000037 -0.547999978 -0.833100021
vn 0.181199998 -0.48210001 -0.85710001
vn 0.754999995 -0.208100006 -0.621800005
vn 0.712599993 -0.502699971 -0.489300013
vn -0.0242999997 -0.348800004 -0.93690002
vn -0.0231999997 -0.327899992 -0.944400012
vn -0.0258000009 -0.371899992 -0.927900016
vn -0.0294000003 -0.386400014 -0.921800017
vn -0.0307 -0.412299991 -0.91049999
vn -0.0204000007 -0.391099989 -0.920099974
vn -0.0114000002 -0.38319999 -0.923600018
vn -0.0197000001 -0.332599998 -0.942799985
vn -0.0218000002 -0.308499992 -0.950999975
vn -0.0104 -0.579100013 -0.815199971
vn -0.0141000003 -0.54549998 -0.838
vn -0.0218000002 -0.308499992 -0.950999975
vn -0.0197000001 -0.332599998 -0.942799985
vn -0.0114000002 -0.38319999 -0.923600018
vn -0.00079999998 -0.630299985 -0.776300013
vn 0.0148 -0.989700019 -0.1426
vn 0.0105999997 -0.976199985 -0.216700003
vn -0.0148999998 -0.528900027 -0.848500013
vn -0.0141000003 -0.54549998 -0.838
vn 0.0105999997 -0.976199985 -0.216700003
vn 0.0109999999 -0.970200002 -0.241999999
vn 0.0109999999 -0.964399993 -0.264299989
vn -0.0141000003 -0.517799973 -0.855300009
vn -0.0207000002 -0.309300005 -0.950699985
vn -0.0215000007 -0.306100011 -0.951699972
vn -0.0218000002 -0.308499992 -0.950999975
vn -0.0209999997 -0.323199987 -0.946099997
vn -0.0231999997 -0.327899992 -0.944400012
vn -0.0218000002 -0.308499992 -0.950999975
vn -0.0215000007 -0.306100011 -0.951699972
vn -0.0207000002 -0.309300005 -0.950699985
vn -0.0207000002 -0.323100001 -0.946099997
vn -0.0218000002 -0.353899986 -0.935000002
vn -0.0223999992 -0.361499995 -0.932099998
vn -0.0258000009 -0.371899992 -0.927900016
vn -0.0126999998 -0.502699971 -0.864300013
vn -0.0141000003 -0.517799973 -0.855300009
vn 0.0109999999 -0.964399993 -0.264299989
vn 0.0115999999 -0.957599998 -0.287800014
vn 0.0151000004 -0.950800002 -0.309300005
vn -0.0102000004 -0.486499995 -0.873600006
vn -0.0172000006 -0.298900008 -0.954100013
vn -0.0195000004 -0.305900007 -0.951799989
vn -0.0207000002 -0.309300005 -0.950699985
vn -0.0206000004 -0.319299996 -0.947399974
vn -0.0207000002 -0.323100001 -0.946099997
vn -0.0207000002 -0.309300005 -0.950699985
vn -0.0195000004 -0.305900007 -0.951799989
vn -0.0172000006 -0.298900008 -0.954100013
vn -0.0184000004 -0.313499987 -0.949400008
vn -0.0198999997 -0.345899999 -0.938000023
vn -0.0218000002 -0.34920001 -0.936800003
vn -0.0218000002 -0.353899986 -0.935000002
vn -0.222499996 -0.381300002 -0.897199988
vn -0.00659999996 -0.445300013 -0.895299971
vn 0.0207000002 -0.927399993 -0.373400003
vn -0.271200001 -0.876299977 -0.398099989
vn -0.763499975 -0.534500003 -0.362399995
vn -0.759599984 -0.129600003 -0.637300014
vn -0.211500004 -0.215700001 -0.953199983
vn -0.0132999998 -0.286199987 -0.958100021
vn -0.214900002 -0.2271 -0.949800014
vn -0.0140000004 -0.299299985 -0.953999996
vn -0.0132999998 -0.286199987 -0.958100021
vn -0.211500004 -0.215700001 -0.953199983
vn -0.725499988 0.0414999984 -0.68690002
vn -0.730799973 0.0361000001 -0.681599975
vn -0.220799997 -0.255600005 -0.941200018
vn -0.0156999994 -0.329600006 -0.944000006
vn 0.0357999988 -0.389099985 -0.92049998
vn 0.0161000006 -0.418000013 -0.908299983
vn 0.224999994 0.263999999 -0.937900007
vn 0.269300014 0.293599993 -0.917200029
vn 0.336400002 0.338800013 -0.878600001
vn 0.0738999993 -0.338099986 -0.938199997
vn -0.0653000027 -0.589399993 -0.805199981
vn -0.0606999993 -0.597500026 -0.799499989
vn -0.0593999997 -0.603399992 -0.795300007
vn -0.060899999 -0.592499971 -0.803200006
vn -0.0595999993 -0.597800016 -0.799399972
vn -0.0593999997 -0.603399992 -0.795300007
vn -0.0606999993 -0.597500026 -0.799499989
vn -0.0653000027 -0.589399993 -0.805199981
vn -0.0667999983 -0.584900022 -0.808399975
vn -0.0654999986 -0.5704 -0.818700016
vn -0.057599999 -0.576600015 -0.814999998
vn -0.0560000017 -0.579999983 -0.812699974
vn -0.0590999983 -0.603299975 -0.795300007
vn -0.0595999993 -0.597800016 -0.799399972
vn -0.0560000017 -0.579999983 -0.812699974
vn -0.0566000007 -0.583599985 -0.810000002
vn -0.0562999994 -0.588800013 -0.806299984
vn -0.0571000017 -0.610599995 -0.789900005
vn -0.0546999983 -0.617699981 -0.784500003
vn -0.0579999983 -0.609499991 -0.790600002
vn -0.0593999997 -0.603399992 -0.795300007
vn 0.00319999992 -0.438499987 -0.898699999
vn 0.0161000006 -0.418000013 -0.908299983
vn -0.0593999997 -0.603399992 -0.795300007
vn -0.0579999983 -0.609499991 -0.790600002
vn -0.0546999983 -0.617699981 -0.784500003
vn -0.00359999994 -0.456800014 -0.889500022
vn 0.224999994 0.263999999 -0.937900007
vn -0.0540999994 -0.619099975 -0.783399999
vn -0.0571000017 -0.610599995 -0.789900005
vn -0.0562999994 -0.588800013 -0.806299984
vn -0.054299999 -0.594900012 -0.801900029
vn -0.0480999984 -0.600399971 -0.798200011
vn -0.0489999987 -0.62650001 -0.777800024
vn -0.0469000004 -0.63499999 -0.771000028
vn -0.050999999 -0.627099991 -0.777199984
vn -0.0546999983 -0.617699981 -0.784500003
vn -0.00760000013 -0.474400014 -0.880200028
vn -0.00359999994 -0.456800014 -0.889500022
vn -0.0546999983 -0.617699981 -0.784500003
vn -0.050999999 -0.627099991 -0.777199984
vn -0.0469000004 -0.63499999 -0.771000028
vn -0.0118000004 -0.487399995 -0.873099983
vn 0.112000003 0.199599996 -0.973399997
vn -0.280200005 -0.557099998 -0.781700015
vn -0.0388999991 -0.63380003 -0.772499979
vn -0.0344000012 -0.601199985 -0.798300028
vn -0.271899998 -0.524399996 -0.806900024
vn -0.806699991 -0.153400004 -0.57069999
vn -0.813799977 -0.175999999 -0.553799987
vn -0.284200013 -0.566600025 -0.773400009
vn -0.0395000018 -0.644200027 -0.763800025
vn -0.27790001 -0.413899988 -0.86680001
vn -0.0178999994 -0.506900012 -0.861800015
vn -0.0395000018 -0.644200027 -0.763800025
vn -0.284200013 -0.566600025 -0.773400009
vn -0.816900015 -0.182500005 -0.546999991
vn -0.782400012 -0.0648000017 -0.619400024
vn 0.0688999966 0.176599994 -0.98180002
vn -0.0337000005 -0.425900012 -0.904100001
vn -0.0294000003 -0.386400014 -0.921800017
vn -0.0258000009 -0.371899992 -0.927900016
vn -0.0300999992 -0.416700006 -0.908500016
vn -0.0355999991 -0.458499998 -0.888000011
vn -0.0377999991 -0.46329999 -0.885399997
vn -0.0471000001 -0.469099998 -0.881799996
vn -0.0395999998 -0.438600004 -0.897800028
vn -0.0307 -0.412299991 -0.91049999
vn -0.0274 -0.403800011 -0.914399981
vn -0.0223999992 -0.361499995 -0.932099998
vn -0.0218000002 -0.353899986 -0.935000002
vn -0.0253999997 -0.3917 -0.919700027
vn -0.0320000015 -0.439799994 -0.897499979
vn -0.0348999985 -0.449900001 -0.892400026
vn -0.0355999991 -0.458499998 -0.888000011
vn -0.0300999992 -0.416700006 -0.908500016
vn -0.0258000009 -0.371899992 -0.927900016
vn -0.0238000005 -0.385399997 -0.922399998
vn -0.0218000002 -0.34920001 -0.936800003
vn -0.0198999997 -0.345899999 -0.938000023
vn -0.0219999999 -0.382999986 -0.923500001
vn -0.0253999997 -0.426899999 -0.903900027
vn -0.0285 -0.431600004 -0.901600003
vn -0.0320000015 -0.439799994 -0.897499979
vn -0.0253999997 -0.3917 -0.919700027
vn -0.0218000002 -0.353899986 -0.935000002
vn -0.052099999 -0.553300023 -0.83130002
vn -0.057599999 -0.576600015 -0.814999998
vn -0.0654999986 -0.5704 -0.818700016
vn -0.0623000003 -0.549300015 -0.833199978
vn -0.0584999993 -0.526199996 -0.84829998
vn -0.0469000004 -0.527899981 -0.84799999
vn -0.0454999991 -0.528100014 -0.847899973
vn -0.0505000018 -0.5546 -0.830600023
vn -0.0560000017 -0.579999983 -0.812699974
vn -0.0421999991 -0.498600006 -0.865700006
vn -0.0469000004 -0.527899981 -0.84799999
vn -0.0584999993 -0.526199996 -0.84829998
vn -0.0535000004 -0.5 -0.864300013
vn -0.0471000001 -0.469099998 -0.881799996
vn -0.0377999991 -0.46329999 -0.885399997
vn -0.0355999991 -0.458499998 -0.888000011
vn -0.0408000015 -0.497299999 -0.866599977
vn -0.0454999991 -0.528100014 -0.847899973
vn -0.0419999994 -0.494199991 -0.868300021
vn -0.0348999985 -0.449900001 -0.892400026
vn -0.0320000015 -0.439799994 -0.897499979
vn -0.0401999988 -0.488499999 -0.871599972
vn -0.0474999994 -0.526600003 -0.848800004
vn -0.0474000014 -0.527999997 -0.847899973
vn -0.0454999991 -0.528100014 -0.847899973
vn -0.0408000015 -0.497299999 -0.866599977
vn -0.0355999991 -0.458499998 -0.888000011
vn -0.0520000011 -0.556200027 -0.829400003
vn -0.0474000014 -0.527999997 -0.847899973
vn -0.0474999994 -0.526600003 -0.848800004
vn -0.0527000017 -0.558499992 -0.827799976
vn -0.0562999994 -0.588800013 -0.806299984
vn -0.0566000007 -0.583599985 -0.810000002
vn -0.0560000017 -0.579999983 -0.812699974
vn -0.0505000018 -0.5546 -0.830600023
vn -0.0454999991 -0.528100014 -0.847899973
vn -0.0364999995 -0.480599999 -0.876100004
vn -0.0285 -0.431600004 -0.901600003
vn -0.0253999997 -0.426899999 -0.903900027
vn -0.0309999995 -0.475100011 -0.879400015
vn -0.0377000012 -0.521099985 -0.852599978
vn -0.0450000018 -0.523400009 -0.850899994
vn -0.0474999994 -0.526600003 -0.848800004
vn -0.0401999988 -0.488499999 -0.871599972
vn -0.0320000015 -0.439799994 -0.897499979
vn -0.0511000007 -0.560800016 -0.826300025
vn -0.0450000018 -0.523400009 -0.850899994
vn -0.0377000012 -0.521099985 -0.852599978
vn -0.0438000001 -0.563000023 -0.825299978
vn -0.0480999984 -0.600399971 -0.798200011
vn -0.054299999 -0.594900012 -0.801900029
vn -0.0562999994 -0.588800013 -0.806299984
vn -0.0527000017 -0.558499992 -0.827799976
vn -0.0474999994 -0.526600003 -0.848800004
vn -0.229100004 -0.295399994 -0.92750001
vn -0.220799997 -0.255600005 -0.941200018
vn -0.739300013 0.0183000006 -0.673099995
vn -0.75120002 -0.00719999988 -0.660000026
vn -0.766900003 -0.0467000008 -0.639999986
vn -0.238700002 -0.353700012 -0.904399991
vn -0.0215000007 -0.427100003 -0.903900027
vn -0.0186999999 -0.370299995 -0.92869997
vn -0.0156999994 -0.329600006 -0.944000006
vn -0.246800005 -0.411799997 -0.877200007
vn -0.238700002 -0.353700012 -0.904399991
vn -0.766900003 -0.0467000008 -0.639999986
vn -0.779399991 -0.0882999972 -0.620299995
vn -0.787400007 -0.112000003 -0.60619998
vn -0.253300011 -0.449600011 -0.85650003
vn -0.0238000005 -0.523599982 -0.851599991
vn -0.0227000006 -0.483700007 -0.874899983
vn -0.0215000007 -0.427100003 -0.903900027
vn -0.261500001 -0.48269999 -0.835799992
vn -0.253300011 -0.449600011 -0.85650003
vn -0.787400007 -0.112000003 -0.60619998
vn -0.79610002 -0.128999993 -0.591199994
vn -0.806699991 -0.153400004 -0.57069999
vn -0.271899998 -0.524399996 -0.806900024
vn -0.0344000012 -0.601199985 -0.798300028
vn -0.0278999992 -0.559300005 -0.828499973
vn -0.0238000005 -0.523599982 -0.851599991
vn 0.0183000006 0.137400001 0.9903
vn 0.0333000012 -0.386900008 0.921500027
vn 0.0335000008 -0.397399992 0.916999996
vn 0.0185000002 0.133300006 0.99089998
vn 0.0131999999 0.291099995 0.95660001
vn 0.0132999998 0.288300008 0.957400024
vn 0.0194000006 0.129899994 0.991299987
vn 0.0331000015 -0.406899989 0.912800014
vn 0.0320000015 -0.416000009 0.908699989
vn 0.0212999992 0.127499998 0.991599977
vn 0.0172000006 0.298900008 0.954100013
vn 0.0143999998 0.294200003 0.955600023
vn 0.0138999997 0.301999986 0.953199983
vn 0.0138999997 0.305599988 0.952099979
vn 0.0156999994 0.338200003 0.940900028
vn 0.0156999994 0.333299994 0.942700028
vn 0.0153000001 0.309100002 0.950900018
vn 0.0184000004 0.313499987 0.949400008
vn 0.0198999997 0.345899999 0.938000023
vn 0.0170000009 0.342500001 0.939300001
vn 0.0621999986 0.75150001 0.656700015
vn 0.0732000023 0.749100029 0.658299983
vn 0.150900006 0.975099981 0.162400007
vn 0.121699996 0.978799999 0.164800003
vn 0.107500002 0.979600012 0.169799998
vn 0.0568000004 0.75120002 0.657599986
vn 0.0392000005 0.641900003 0.765699983
vn 0.0417000018 0.639800012 0.767400026
vn 0.0469000004 0.63499999 0.771000028
vn 0.0566999987 0.750999987 0.657800019
vn 0.107299998 0.979099989 0.172499999
vn 0.0394000001 0.64319998 0.764699996
vn 0.0421000011 0.630900025 0.774699986
vn 0.0489999987 0.62650001 0.777800024
vn 0.0386999995 0.632600009 0.773500025
vn 0.0346000008 0.603399992 0.796700001
vn 0.0390999988 0.603399992 0.796500027
vn 0.0480999984 0.600399971 0.798200011
vn 0.0388000011 0.633300006 0.772899985
vn 0.0344999991 0.602199972 0.797599971
vn 0.0197999999 0.380800009 0.924399972
vn 0.0219999999 0.382999986 0.923500001
vn 0.0253999997 0.426899999 0.903900027
vn 0.0226000007 0.425599992 0.904600024
vn 0.0214000009 0.425999999 0.904399991
vn 0.0187999997 0.377400011 0.925800025
vn 0.0156999994 0.338200003 0.940900028
vn 0.0170000009 0.342500001 0.939300001
vn 0.0198999997 0.345899999 0.938000023
vn 0.0186999999 0.37349999 0.927399993
vn 0.0215000007 0.426699996 0.904100001
vn 0.0156999994 0.333299994 0.942700028
vn 0.0248000007 0.474700004 0.879800022
vn 0.0309999995 0.475100011 0.879400015
vn 0.0377000012 0.521099985 0.852599978
vn 0.0280000009 0.521399975 0.852800012
vn 0.0236000009 0.522300005 0.852400005
vn 0.0221999995 0.477600008 0.878300011
vn 0.0214000009 0.425999999 0.904399991
vn 0.0226000007 0.425599992 0.904600024
vn 0.0253999997 0.426899999 0.903900027
vn 0.0225000009 0.481099993 0.876399994
vn 0.0237000007 0.523000002 0.851999998
vn 0.0215000007 0.426699996 0.904100001
vn 0.0333000012 0.564100027 0.824999988
vn 0.0438000001 0.563000023 0.825299978
vn 0.0480999984 0.600399971 0.798200011
vn 0.0390999988 0.603399992 0.796500027
vn 0.0346000008 0.603399992 0.796700001
vn 0.0283000004 0.56309998 0.825900018
vn 0.0280000009 0.56099999 0.827300012
vn 0.0344999991 0.602199972 0.797599971
vn 0.125699997 0.854600012 -0.503799975
vn 0.125699997 0.854399979 -0.504199982
vn 0.107199997 0.978799999 0.174700007
vn 0.107299998 0.979099989 0.172499999
vn 0.107500002 0.979600012 0.169799998
vn 0.125699997 0.854900002 -0.503300011
vn 0.0698999986 0.186100006 -0.980000019
vn 0.0693000033 0.180899993 -0.981000006
vn 0.144199997 0.852599978 -0.502200007
vn 0.121699996 0.978799999 0.164800003
vn 0.182600006 0.846899986 -0.499300003
vn 0.112000003 0.199599996 -0.973399997
vn 0.0835999995 0.194199994 -0.977400005
vn 0.0368999988 -0.880200028 0.473199993
vn 0.0326999985 -0.879400015 0.474900007
vn 0.0320000015 -0.416000009 0.908699989
vn 0.0331000015 -0.406899989 0.912800014
vn 0.0335000008 -0.397399992 0.916999996
vn 0.0386999995 -0.881099999 0.471399993
vn 0.0217000004 -0.938899994 -0.343499988
vn 0.0199999996 -0.944899976 -0.326900005
vn 0.0151000004 -0.950800002 -0.309300005
vn 0.0386999995 -0.882000029 0.469599992
vn 0.0333000012 -0.386900008 0.921500027
vn 0.0386999995 -0.882700026 0.468199998
vn 0.0207000002 -0.927399993 -0.373400003
vn 0.0210999995 -0.932500005 -0.360500008
vn -0.00700000022 -0.47420001 -0.880299985
vn -0.0102000004 -0.486499995 -0.873600006
vn 0.0151000004 -0.950800002 -0.309300005
vn 0.0199999996 -0.944899976 -0.326900005
vn 0.0217000004 -0.938899994 -0.343499988
vn -0.00579999993 -0.463999987 -0.885800004
vn -0.0131999999 -0.291099995 -0.95660001
vn -0.0143999998 -0.294200003 -0.955600023
vn -0.0172000006 -0.298900008 -0.954100013
vn -0.00630000001 -0.453599989 -0.891200006
vn 0.0210999995 -0.932500005 -0.360500008
vn 0.0207000002 -0.927399993 -0.373400003
vn -0.00659999996 -0.445300013 -0.895299971
vn -0.0132999998 -0.286199987 -0.958100021
vn -0.0132999998 -0.288300008 -0.957400024
vn -0.0153000001 -0.309100002 -0.950900018
vn -0.0184000004 -0.313499987 -0.949400008
vn -0.0172000006 -0.298900008 -0.954100013
vn -0.0143999998 -0.294200003 -0.955600023
vn -0.0131999999 -0.291099995 -0.95660001
vn -0.0138999997 -0.305599988 -0.952099979
vn -0.0156999994 -0.338200003 -0.940900028
vn -0.0170000009 -0.342500001 -0.939300001
vn -0.0198999997 -0.345899999 -0.938000023
vn -0.0138999997 -0.301999986 -0.953199983
vn -0.0132999998 -0.288300008 -0.957400024
vn -0.0140000004 -0.299299985 -0.953999996
vn -0.0156999994 -0.329600006 -0.944000006
vn -0.0156999994 -0.333299994 -0.942700028
vn -0.0175000001 -0.504199982 -0.863399982
vn -0.0178999994 -0.506900012 -0.861800015
vn 0.0688999966 0.176599994 -0.98180002
vn 0.0693000033 0.180899993 -0.981000006
vn 0.0698999986 0.186100006 -0.980000019
vn -0.0171000008 -0.500699997 -0.865400016
vn -0.0392000005 -0.641900003 -0.765699983
vn -0.0394000001 -0.64319998 -0.764699996
vn -0.0153999999 -0.495000005 -0.868700027
vn 0.0835999995 0.194199994 -0.977400005
vn 0.112000003 0.199599996 -0.973399997
vn -0.0118000004 -0.487399995 -0.873099983
vn -0.0469000004 -0.63499999 -0.771000028
vn -0.0417000018 -0.639800012 -0.767400026
vn -0.0388000011 -0.633300006 -0.772899985
vn -0.0388999991 -0.63380003 -0.772499979
vn -0.0395000018 -0.644200027 -0.763800025
vn -0.0394000001 -0.64319998 -0.764699996
vn -0.0392000005 -0.641900003 -0.765699983
vn -0.0386999995 -0.632600009 -0.773500025
vn -0.0346000008 -0.603399992 -0.796700001
vn -0.0344999991 -0.602199972 -0.797599971
vn -0.0344000012 -0.601199985 -0.798300028
vn -0.0421000011 -0.630900025 -0.774699986
vn -0.0417000018 -0.639800012 -0.767400026
vn -0.0469000004 -0.63499999 -0.771000028
vn -0.0489999987 -0.62650001 -0.777800024
vn -0.0480999984 -0.600399971 -0.798200011
vn -0.0390999988 -0.603399992 -0.796500027
vn -0.0186999999 -0.37349999 -0.927399993
vn -0.0186999999 -0.370299995 -0.92869997
vn -0.0215000007 -0.427100003 -0.903900027
vn -0.0215000007 -0.426699996 -0.904100001
vn -0.0214000009 -0.425999999 -0.904399991
vn -0.0187999997 -0.377400011 -0.925800025
vn -0.0156999994 -0.338200003 -0.940900028
vn -0.0156999994 -0.333299994 -0.942700028
vn -0.0156999994 -0.329600006 -0.944000006
vn -0.0197999999 -0.380800009 -0.924399972
vn -0.0226000007 -0.425599992 -0.904600024
vn -0.0253999997 -0.426899999 -0.903900027
vn -0.0219999999 -0.382999986 -0.923500001
vn -0.0198999997 -0.345899999 -0.938000023
vn -0.0170000009 -0.342500001 -0.939300001
vn -0.0225000009 -0.481099993 -0.876399994
vn -0.0227000006 -0.483700007 -0.874899983
vn -0.0237000007 -0.523100019 -0.851999998
vn -0.0236000009 -0.522300005 -0.852400005
vn -0.0221999995 -0.477600008 -0.878300011
vn -0.0214000009 -0.425999999 -0.904399991
vn -0.0215000007 -0.426699996 -0.904100001
vn -0.0215000007 -0.427100003 -0.903900027
vn -0.0248000007 -0.474700004 -0.879800022
vn -0.0280000009 -0.521399975 -0.852800012
vn -0.0377000012 -0.521099985 -0.852599978
vn -0.0309999995 -0.475100011 -0.879400015
vn -0.0253999997 -0.426899999 -0.903900027
vn -0.0226000007 -0.425599992 -0.904600024
vn -0.0280000009 -0.56099999 -0.827300012
vn -0.0278999992 -0.559300005 -0.828499973
vn -0.0344000012 -0.601199985 -0.798300028
vn -0.0344999991 -0.602199972 -0.797599971
vn -0.0346000008 -0.603399992 -0.796700001
vn -0.0283000004 -0.56309998 -0.825900018
vn -0.0236000009 -0.522300005 -0.852400005
vn -0.0237000007 -0.523100019 -0.851999998
vn -0.0238000005 -0.523599982 -0.851599991
vn -0.0333000012 -0.564100027 -0.824999988
vn -0.0390999988 -0.603399992 -0.796500027
vn -0.0480999984 -0.600399971 -0.798200011
vn -0.0438000001 -0.563000023 -0.825299978
vn -0.0377000012 -0.521099985 -0.852599978
vn -0.0280000009 -0.521399975 -0.852800012
vn 0.0147000002 0.448300004 -0.893700004
vn 0.000699999975 0.450300008 -0.892799973
vn 0.0114000002 0.38319999 -0.923600018
vn 0.0204000007 0.391099989 -0.920099974
vn 0.0307 0.412299991 -0.91049999
vn 0.0313999988 0.452300012 -0.891300023
vn 0.0326000005 0.490099996 -0.870999992
vn 0.0127999997 0.496600002 -0.867799997
vn -0.00389999989 0.506099999 -0.862399995
vn 0.259000003 0.273699999 -0.926299989
vn 0.252900004 0.271200001 -0.92869997
vn 0.265300006 0.301499993 -0.915799975
vn 0.665199995 -0.212099999 -0.715900004
vn 0.637000024 -0.281100005 -0.717800021
vn 0.627600014 -0.314900011 -0.711899996
vn -0.0013 0.186499998 -0.9824
vn -0.00760000013 0.235499993 -0.971800029
vn 0.0055999998 -0.459300011 -0.888300002
vn 0.0109999999 -0.473199993 -0.880900025
vn 0.0204000007 -0.483399987 -0.875199974
vn 0.0118000004 0.134800002 -0.990800023
vn 0.214599997 0.0681999996 -0.974300027
vn 0.568599999 -0.390700012 -0.72390002
vn 0.421999991 -0.63319999 -0.648800015
vn 0.138400003 -0.479799986 -0.866400003
vn 0.236399993 0.782899976 -0.575399995
vn 0.445499986 0.895200014 0.0110999998
vn 0.489199996 0.867600024 0.0891999975
vn 0.273000002 0.80250001 -0.530399978
vn 0.0636000037 0.562699974 -0.824199975
vn 0.068599999 0.577400029 -0.813600004
vn 0.0653000027 0.589399993 -0.805199981
vn 0.179900005 0.763300002 -0.620500028
vn 0.370599985 0.927200019 -0.0540999994
vn 0.417600006 0.780300021 -0.46540001
vn 0.550899982 0.822300017 0.142299995
vn 0.680999994 0.6954 0.229200006
vn 0.768599987 0.629999995 -0.111299999
vn 0.799600005 0.556999981 -0.224600002
vn 0.345600009 0.621399999 -0.703199983
vn 0.0724999979 0.573300004 -0.816100001
vn 0.0702000037 0.559800029 -0.825600028
vn 0.0746000037 0.547999978 -0.833100021
vn 0.074000001 0.559800029 -0.825299978
vn 0.0654999986 0.5704 -0.818700016
vn 0.0667999983 0.584900022 -0.808399975
vn 0.332399994 0.608500004 -0.720499992
vn 0.796599984 0.531099975 -0.288700014
vn 0.809700012 0.432300001 -0.396699995
vn 0.309899986 0.56190002 -0.766900003
vn 0.0467000008 0.46329999 -0.884899974
vn 0.0590999983 0.4824 -0.873899996
vn 0.0649000034 0.498699993 -0.864300013
vn 0.0507999994 0.49059999 -0.869799972
vn 0.0326000005 0.490099996 -0.870999992
vn 0.0313999988 0.452300012 -0.891300023
vn 0.0307 0.412299991 -0.91049999
vn 0.0395999998 0.438600004 -0.897800028
vn 0.0471000001 0.469099998 -0.881799996
vn 0.268599987 0.342299998 -0.900300026
vn 0.271200001 0.380400002 -0.884199977
vn 0.725300014 -0.0471000001 -0.686800003
vn 0.696799994 -0.129600003 -0.70539999
vn 0.665199995 -0.212099999 -0.715900004
vn 0.265300006 0.301499993 -0.915799975
vn 0.275599986 0.417400002 -0.86589998
vn 0.271200001 0.380400002 -0.884199977
vn 0.0649000034 0.498699993 -0.864300013
vn 0.0738999993 0.510100007 -0.856899977
vn 0.0775000006 0.520900011 -0.850099981
vn 0.282000005 0.458299994 -0.842800021
vn 0.789399981 0.161200002 -0.592299998
vn 0.756600022 0.0450000018 -0.6523
vn 0.725300014 -0.0471000001 -0.686800003
vn 0.0678000003 0.504000008 -0.861000001
vn 0.0590999983 0.4824 -0.873899996
vn 0.0471000001 0.469099998 -0.881799996
vn 0.0535000004 0.5 -0.864300013
vn 0.0584999993 0.526199996 -0.84829998
vn 0.0724999979 0.523100019 -0.84920001
vn 0.074000001 0.541199982 -0.837599993
vn 0.074000001 0.559800029 -0.825299978
vn 0.0746000037 0.547999978 -0.833100021
vn 0.0771000013 0.532999992 -0.842599988
vn 0.0623000003 0.549300015 -0.833199978
vn 0.0654999986 0.5704 -0.818700016
vn 0.290199995 0.505500019 -0.8125
vn 0.309899986 0.56190002 -0.766900003
vn 0.809700012 0.432300001 -0.396699995
vn 0.808799982 0.295899987 -0.508300006
vn 0.0242999997 0.348800004 -0.93690002
vn 0.0204000007 0.391099989 -0.920099974
vn 0.0114000002 0.38319999 -0.923600018
vn 0.0197000001 0.332599998 -0.942799985
vn 0.0218000002 0.308499992 -0.950999975
vn 0.0231999997 0.327899992 -0.944400012
vn 0.0258000009 0.371899992 -0.927900016
vn 0.0294000003 0.386400014 -0.921800017
vn 0.0307 0.412299991 -0.91049999
vn 0.0219000001 0.101599999 -0.994599998
vn 0.0118000004 0.134800002 -0.990800023
vn 0.0204000007 -0.483399987 -0.875199974
vn 0.0278999992 -0.484600008 -0.874300003
vn 0.0324000008 -0.476099998 -0.878700018
vn 0.0259000007 0.0926999971 -0.995299995
vn 0.0269000009 0.103200004 -0.994300008
vn 0.0254999995 0.118000001 -0.992699981
vn 0.0207000002 0.309300005 -0.950699985
vn 0.0215000007 0.306100011 -0.951699972
vn 0.0218000002 0.308499992 -0.950999975
vn 0.0259000007 0.0926999971 -0.995299995
vn 0.0324000008 -0.476099998 -0.878700018
vn 0.0344000012 -0.459399998 -0.887499988
vn 0.0333999991 -0.441000015 -0.896899998
vn 0.0209999997 0.323199987 -0.946099997
vn 0.0207000002 0.323100001 -0.946099997
vn 0.0218000002 0.353899986 -0.935000002
vn 0.0223999992 0.361499995 -0.932099998
vn 0.0258000009 0.371899992 -0.927900016
vn 0.0231999997 0.327899992 -0.944400012
vn 0.0232999995 0.125300005 -0.99180001
vn 0.0212999992 0.127499998 -0.991599977
vn 0.0172000006 0.298900008 -0.954100013
vn 0.0195000004 0.305900007 -0.951799989
vn 0.0207000002 0.309300005 -0.950699985
vn 0.0254999995 0.118000001 -0.992699981
vn 0.0333999991 -0.441000015 -0.896899998
vn 0.0318000019 -0.426699996 -0.903800011
vn 0.0320000015 -0.416099995 -0.908699989
vn 0.0206000004 0.319299996 -0.947399974
vn 0.0184000004 0.313499987 -0.949400008
vn 0.0198999997 0.345899999 -0.938000023
vn 0.0218000002 0.34920001 -0.936800003
vn 0.0218000002 0.353899986 -0.935000002
vn 0.0207000002 0.323100001 -0.946099997
vn -0.194000006 0.201000005 -0.960200012
vn -0.749199986 0.263799995 -0.607500017
vn -0.739499986 0.414299995 -0.530600011
vn -0.1928 0.344099998 -0.918900013
vn 0.0132999998 0.286199987 -0.958100021
vn 0.0182000007 0.140699998 -0.989899993
vn 0.0331000015 -0.378699988 -0.924899995
vn -0.210899994 -0.327300012 -0.921000004
vn -0.708000004 -0.126399994 -0.694700003
vn -0.193700001 0.356599987 -0.913900018
vn -0.738399982 0.419400007 -0.527999997
vn -0.738099992 0.433699995 -0.516900003
vn -0.194900006 0.385100007 -0.90200001
vn 0.0156999994 0.329600006 -0.944000006
vn 0.0140000004 0.299299985 -0.953999996
vn 0.141399994 0.74970001 -0.646399975
vn 0.179900005 0.763300002 -0.620500028
vn 0.0653000027 0.589399993 -0.805199981
vn 0.0606999993 0.597500026 -0.799499989
vn 0.0593999997 0.603399992 -0.795300007
vn 0.122299999 0.742600024 -0.658399999
vn 0.26789999 0.9551 -0.126200005
vn 0.307999998 0.946200013 -0.0992000028
vn 0.370599985 0.927200019 -0.0540999994
vn 0.060899999 0.592499971 -0.803200006
vn 0.0667999983 0.584900022 -0.808399975
vn 0.0654999986 0.5704 -0.818700016
vn 0.057599999 0.576600015 -0.814999998
vn 0.0560000017 0.579999983 -0.812699974
vn 0.0595999993 0.597800016 -0.799399972
vn 0.0590999983 0.603299975 -0.795300007
vn 0.0571000017 0.610599995 -0.789900005
vn 0.0546999983 0.617699981 -0.784500003
vn 0.0579999983 0.609499991 -0.790600002
vn 0.0593999997 0.603399992 -0.795300007
vn 0.0595999993 0.597800016 -0.799399972
vn 0.0560000017 0.579999983 -0.812699974
vn 0.0566000007 0.583599985 -0.810000002
vn 0.0562999994 0.588800013 -0.806299984
vn 0.107900001 0.740199983 -0.663699985
vn 0.0945999995 0.74150002 -0.664200008
vn 0.203199998 0.967000008 -0.153200001
vn 0.233500004 0.961799979 -0.142700002
vn 0.26789999 0.9551 -0.126200005
vn 0.122299999 0.742600024 -0.658399999
vn 0.0540999994 0.619099975 -0.783399999
vn 0.0489999987 0.62650001 -0.777800024
vn 0.0469000004 0.63499999 -0.771000028
vn 0.050999999 0.627099991 -0.777199984
vn 0.0546999983 0.617699981 -0.784500003
vn 0.0571000017 0.610599995 -0.789900005
vn 0.0562999994 0.588800013 -0.806299984
vn 0.054299999 0.594900012 -0.801900029
vn 0.0480999984 0.600399971 -0.798200011
vn 0.0834999979 0.745100021 -0.66170001
vn 0.0732000023 0.749100029 -0.658299983
vn 0.150900006 0.975099981 -0.162499994
vn 0.1778 0.971000016 -0.159600005
vn 0.203199998 0.967000008 -0.153200001
vn 0.0945999995 0.74150002 -0.664200008
vn -0.193499997 0.66930002 -0.717299998
vn -0.7324 0.5704 -0.371899992
vn -0.736400008 0.572399974 -0.360599995
vn -0.196600005 0.679499984 -0.706799984
vn 0.0395000018 0.644200027 -0.763800025
vn 0.0388999991 0.63380003 -0.772499979
vn 0.0344000012 0.601199985 -0.798300028
vn -0.193800002 0.638199985 -0.745000005
vn -0.730700016 0.556999981 -0.394600004
vn -0.180099994 0.777899981 -0.601999998
vn -0.695800006 0.659799993 -0.283699989
vn -0.580299973 0.812600017 -0.0540000014
vn -0.1259 0.981000006 -0.147499993
vn 0.107199997 0.978799999 -0.174700007
vn 0.0566999987 0.750899971 -0.657999992
vn 0.0337000005 0.425900012 -0.904100001
vn 0.0377999991 0.46329999 -0.885399997
vn 0.0471000001 0.469099998 -0.881799996
vn 0.0395999998 0.438600004 -0.897800028
vn 0.0307 0.412299991 -0.91049999
vn 0.0294000003 0.386400014 -0.921800017
vn 0.0258000009 0.371899992 -0.927900016
vn 0.0300999992 0.416700006 -0.908500016
vn 0.0355999991 0.458499998 -0.888000011
vn 0.0274 0.403800011 -0.914399981
vn 0.0348999985 0.449900001 -0.892400026
vn 0.0355999991 0.458499998 -0.888000011
vn 0.0300999992 0.416700006 -0.908500016
vn 0.0258000009 0.371899992 -0.927900016
vn 0.0223999992 0.361499995 -0.932099998
vn 0.0218000002 0.353899986 -0.935000002
vn 0.0253999997 0.3917 -0.919700027
vn 0.0320000015 0.439799994 -0.897499979
vn 0.0238000005 0.385399997 -0.922399998
vn 0.0285 0.431600004 -0.901600003
vn 0.0320000015 0.439799994 -0.897499979
vn 0.0253999997 0.3917 -0.919700027
vn 0.0218000002 0.353899986 -0.935000002
vn 0.0218000002 0.34920001 -0.936800003
vn 0.0198999997 0.345899999 -0.938000023
vn 0.0219999999 0.382999986 -0.923500001
vn 0.0253999997 0.426899999 -0.903900027
vn 0.052099999 0.553300023 -0.83130002
vn 0.0469000004 0.527899981 -0.84799999
vn 0.0454999991 0.528100014 -0.847899973
vn 0.0505000018 0.5546 -0.830600023
vn 0.0560000017 0.579999983 -0.812699974
vn 0.057599999 0.576600015 -0.814999998
vn 0.0654999986 0.5704 -0.818700016
vn 0.0623000003 0.549300015 -0.833199978
vn 0.0584999993 0.526199996 -0.84829998
vn 0.0421999991 0.498600006 -0.865700006
vn 0.0377999991 0.46329999 -0.885399997
vn 0.0355999991 0.458499998 -0.888000011
vn 0.0408000015 0.497299999 -0.866599977
vn 0.0535000004 0.5 -0.864300013
vn 0.0471000001 0.469099998 -0.881799996
vn 0.0419999994 0.494199991 -0.868300021
vn 0.0474000014 0.527999997 -0.847899973
vn 0.0454999991 0.528100014 -0.847899973
vn 0.0408000015 0.497299999 -0.866599977
vn 0.0355999991 0.458499998 -0.888000011
vn 0.0348999985 0.449900001 -0.892400026
vn 0.0320000015 0.439799994 -0.897499979
vn 0.0401999988 0.488499999 -0.871599972
vn 0.0474999994 0.526600003 -0.848800004
vn 0.0520000011 0.556200027 -0.829400003
vn 0.0566000007 0.583599985 -0.810000002
vn 0.0560000017 0.579999983 -0.812699974
vn 0.0505000018 0.5546 -0.830600023
vn 0.0527000017 0.558499992 -0.827799976
vn 0.0562999994 0.588800013 -0.806299984
vn 0.0364999995 0.480599999 -0.876100004
vn 0.0450000018 0.523400009 -0.850899994
vn 0.0474999994 0.526600003 -0.848800004
vn 0.0401999988 0.488499999 -0.871599972
vn 0.0320000015 0.439799994 -0.897499979
vn 0.0285 0.431600004 -0.901600003
vn 0.0253999997 0.426899999 -0.903900027
vn 0.0309999995 0.475100011 -0.879400015
vn 0.0377000012 0.521099985 -0.852599978
vn 0.0511000007 0.560800016 -0.826300025
vn 0.054299999 0.594900012 -0.801900029
vn 0.0562999994 0.588800013 -0.806299984
vn 0.0527000017 0.558499992 -0.827799976
vn 0.0438000001 0.563000023 -0.825299978
vn 0.0480999984 0.600399971 -0.798200011
vn -0.194800004 0.423500001 -0.8847
vn -0.194100007 0.476599991 -0.8574
vn 0.0215000007 0.427100003 -0.903900027
vn 0.0186999999 0.370299995 -0.92869997
vn 0.0156999994 0.329600006 -0.944000006
vn -0.194900006 0.385100007 -0.90200001
vn -0.738099992 0.433699995 -0.516900003
vn -0.736599982 0.451999992 -0.503099978
vn -0.733799994 0.476399988 -0.484400004
vn -0.195500001 0.529500008 -0.825399995
vn -0.197600007 0.566200018 -0.800199986
vn 0.0238000005 0.523599982 -0.851599991
vn 0.0227000006 0.483700007 -0.874899983
vn 0.0215000007 0.427100003 -0.903900027
vn -0.194100007 0.476599991 -0.8574
vn -0.733799994 0.476399988 -0.484400004
vn -0.734099984 0.500999987 -0.458299994
vn -0.735000014 0.519299984 -0.43599999
vn -0.196799994 0.59890002 -0.776199996
vn -0.193800002 0.638199985 -0.745000005
vn 0.0344000012 0.601199985 -0.798300028
vn 0.0278999992 0.559300005 -0.828499973
vn -0.733299971 0.536899984 -0.417100012
vn -0.730700016 0.556999981 -0.394600004
vn 0.216800004 0.841199994 0.495200008
vn 0.1778 0.971000016 -0.159600005
vn 0.182600006 0.846899986 0.499300003
vn 0.112000003 0.199599996 0.973399997
vn 0.137999997 0.210099995 0.967899978
vn 0.160699993 0.226799995 0.960500002
vn 0.246000007 0.835699975 0.49090001
vn 0.203199998 0.967000008 -0.153200001
vn 0.0251000002 -0.875999987 -0.481599987
vn 0.0278999992 -0.484600008 -0.874300003
vn 0.0219000001 -0.875100017 -0.483399987
vn 0.0148 -0.989700019 0.1426
vn 0.0111999996 -0.98299998 0.183300003
vn 0.0105999997 -0.976199985 0.216600001
vn 0.0284000002 -0.876800001 -0.479999989
vn 0.0324000008 -0.476099998 -0.878700018
vn -0.124200001 0.855400026 0.502799988
vn -0.1259 0.981000006 -0.147499993
vn -0.656099975 0.662899971 0.360799998
vn -0.659300029 0.279500008 0.698000014
vn -0.1972 0.218700007 0.955600023
vn 0.0688999966 0.176599994 0.98180002
vn 0.125699997 0.854399979 0.504199982
vn 0.107199997 0.978799999 -0.174700007
vn 0.280299991 0.827700019 0.486099988
vn 0.233500004 0.961799979 -0.142700002
vn 0.246000007 0.835699975 0.49090001
vn 0.160699993 0.226799995 0.960500002
vn 0.188800007 0.244200006 0.951099992
vn 0.224999994 0.263999999 0.937900007
vn 0.319700003 0.816999972 0.479900002
vn 0.26789999 0.9551 -0.126200005
vn 0.362899989 0.803600013 0.471799999
vn 0.307999998 0.946200013 -0.0992000028
vn 0.26789999 0.9551 -0.126200005
vn 0.319700003 0.816999972 0.479900002
vn 0.224999994 0.263999999 0.937900007
vn 0.269300014 0.293599993 0.917200029
vn 0.336400002 0.338800013 0.878600001
vn 0.423999995 0.780700028 0.458999991
vn -0.249200001 -0.859200001 -0.44690001
vn -0.210899994 -0.327300012 -0.921000004
vn 0.0331000015 -0.378699988 -0.924899995
vn 0.0386999995 -0.882700026 -0.468199998
vn 0.0207000002 -0.927399993 0.373400003
vn -0.271200001 -0.876299977 0.398099989
vn -0.763499975 -0.534500003 0.362399995
vn -0.860700011 -0.443100005 -0.250499994
vn 0.0305000003 -0.877300024 -0.478799999
vn 0.0344000012 -0.459399998 -0.887499988
vn 0.0324000008 -0.476099998 -0.878700018
vn 0.0284000002 -0.876800001 -0.479999989
vn 0.0105999997 -0.976199985 0.216600001
vn 0.0109999999 -0.970200002 0.241999999
vn 0.0109999999 -0.964399993 0.264299989
vn 0.0302000009 -0.877900004 -0.477899998
vn -0.959599972 0.262600005 0.101400003
vn -0.734099984 0.500999987 -0.458299994
vn -0.733799994 0.476399988 -0.484400004
vn -0.956700027 0.271800011 0.104000002
vn -0.766900003 -0.0467000008 0.639999986
vn -0.779399991 -0.0882999972 0.620299995
vn -0.787299991 -0.112000003 0.60619998
vn -0.960099995 0.260199994 0.1021
vn 0.922100008 -0.353599995 -0.156900004
vn 0.756600022 0.0450000018 -0.6523
vn 0.789399981 0.161200002 -0.592299998
vn 0.973699987 -0.214699998 -0.0755999982
vn 0.712599993 -0.502699971 0.489300013
vn 0.67809999 -0.605199993 0.417100012
vn 0.652499974 -0.67049998 0.353100002
vn 0.868200004 -0.448199987 -0.213100001
vn 0.0298999995 -0.878600001 -0.476500005
vn 0.0318000019 -0.426699996 -0.903800011
vn 0.0333999991 -0.441000015 -0.896899998
vn 0.0302000009 -0.877900004 -0.477899998
vn 0.0109999999 -0.964399993 0.264299989
vn 0.0115999999 -0.957599998 0.287800014
vn 0.0151000004 -0.950800002 0.309300005
vn 0.0326999985 -0.879400015 -0.474900007
vn 0.99879998 -0.0417999998 0.0226000007
vn 0.808799982 0.295899987 -0.508300006
vn 0.981599987 0.143399999 0.125799999
vn 0.754999995 -0.208199993 0.621800005
vn 0.740400016 -0.368200004 0.562300026
vn 0.973699987 -0.214699998 -0.0755999982
vn 0.789399981 0.161200002 -0.592299998
vn -0.959900022 0.261000007 0.102200001
vn -0.733299971 0.536899984 -0.417100012
vn -0.735000014 0.519299984 -0.43599999
vn -0.960099995 0.260199994 0.1021
vn -0.787299991 -0.112000003 0.60619998
vn -0.79610002 -0.128999993 0.591199994
vn -0.806699991 -0.153400004 0.57069999
vn -0.960500002 0.25940001 0.101000004
vn 0.816399992 -0.518100023 -0.255100012
vn 0.696799994 -0.129600003 -0.70539999
vn 0.868200004 -0.448199987 -0.213100001
vn 0.652499974 -0.67049998 0.353100002
vn 0.634800017 -0.717000008 0.287999988
vn 0.615999997 -0.7579 0.214599997
vn 0.760900021 -0.579400003 -0.292199999
vn 0.665199995 -0.212099999 -0.715900004
vn -0.953299999 0.281100005 0.110100001
vn -0.736599982 0.451999992 -0.503099978
vn -0.738099992 0.433699995 -0.516900003
vn -0.951300025 0.28639999 0.113700002
vn -0.739300013 0.0183000006 0.673099995
vn -0.75120002 -0.00719999988 0.660000026
vn -0.766900003 -0.0467000008 0.639999986
vn -0.956700027 0.271800011 0.104000002
vn 0.860700011 0.426499993 0.277999997
vn 0.768599987 0.629999995 -0.111299999
vn 0.700600028 0.608799994 0.372299999
vn 0.675800025 0.524399996 0.51789999
vn 0.747200012 0.154499993 0.646300018
vn 0.770099998 0.00340000005 0.637899995
vn 0.913699985 0.335599989 0.229000002
vn 0.799600005 0.556999981 -0.224600002
vn 0.93629998 0.286199987 0.203500003
vn 0.796599984 0.531099975 -0.288700014
vn 0.913699985 0.335599989 0.229000002
vn 0.770099998 0.00340000005 0.637899995
vn 0.755900025 -0.0692000017 0.650900006
vn 0.754999995 -0.208199993 0.621800005
vn 0.981599987 0.143399999 0.125799999
vn 0.809700012 0.432300001 -0.396699995
vn -0.926800013 0.342400014 0.153999999
vn -0.736400008 0.572399974 -0.360599995
vn -0.962000012 0.253199995 0.101999998
vn -0.816900015 -0.182500005 0.546999991
vn -0.782400012 -0.0648000017 0.619400024
vn -0.659300029 0.279500008 0.698000014
vn -0.656099975 0.662899971 0.360799998
vn -0.580299973 0.812600017 -0.0540000014
vn -0.961499989 0.255299985 0.101300001
vn -0.730700016 0.556999981 -0.394600004
vn -0.960500002 0.25940001 0.101000004
vn -0.806699991 -0.153400004 0.57069999
vn -0.813799977 -0.175999999 0.553799987
vn -0.816900015 -0.182500005 0.546999991
vn -0.962000012 0.253199995 0.101999998
vn -0.736400008 0.572399974 -0.360599995
vn -0.985499978 0.163900003 0.0428999998
vn -0.708000004 -0.126399994 -0.694700003
vn -0.860700011 -0.443100005 -0.250499994
vn -0.763499975 -0.534500003 0.362399995
vn -0.759599984 -0.129600003 0.637300014
vn -0.725499988 0.0414999984 0.68690002
vn -0.949599981 0.290399998 0.118100002
vn -0.739499986 0.414299995 -0.530600011
vn -0.950200021 0.289400011 0.115500003
vn -0.739499986 0.414299995 -0.530600011
vn -0.949599981 0.290399998 0.118100002
vn -0.725499988 0.0414999984 0.68690002
vn -0.730799973 0.0361000001 0.681599975
vn -0.739300013 0.0183000006 0.673099995
vn -0.951300025 0.28639999 0.113700002
vn -0.738099992 0.433699995 -0.516900003
vn 0.638800025 -0.682099998 -0.355699986
vn 0.568599999 -0.390700012 -0.72390002
vn 0.694400012 -0.639900029 -0.328999996
vn 0.5977 -0.7949 0.104400001
vn 0.545000017 -0.837499976 0.0377000012
vn 0.411300004 -0.891499996 -0.189600006
vn 0.419800013 -0.798399985 -0.431600004
vn 0.421999991 -0.63319999 -0.648800015
vn 0.713199973 -0.624000013 -0.319299996
vn 0.637000024 -0.281100005 -0.717800021
vn 0.665199995 -0.212099999 -0.715900004
vn 0.760900021 -0.579400003 -0.292199999
vn 0.615999997 -0.7579 0.214599997
vn 0.5995 -0.786899984 0.146300003
vn 0.5977 -0.7949 0.104400001
vn 0.694400012 -0.639900029 -0.328999996
vn 0.4912 0.750100017 0.442699999
vn 0.370599985 0.927200019 -0.0540999994
vn 0.423999995 0.780700028 0.458999991
vn 0.336400002 0.338800013 0.878600001
vn 0.418099999 0.398799986 0.816200018
vn 0.470999986 0.47389999 0.744000018
vn 0.520799994 0.734899998 0.434399992
vn 0.489199996 0.867600024 0.0891999975
vn 0.559700012 0.712300003 0.423400015
vn 0.489199996 0.867600024 0.0891999975
vn 0.520799994 0.734899998 0.434399992
vn 0.470999986 0.47389999 0.744000018
vn 0.539799988 0.50910002 0.670400023
vn 0.675800025 0.524399996 0.51789999
vn 0.700600028 0.608799994 0.372299999
vn 0.680999994 0.6954 0.229200006
vn 0.0186000001 -0.873700023 -0.486000001
vn 0.0109999999 -0.473199993 -0.880900025
vn 0.0055999998 -0.459300011 -0.888300002
vn 0.0170000009 -0.872500002 -0.488299996
vn 0.0223999992 -0.998000026 0.059700001
vn 0.0197999999 -0.995000005 0.0982000008
vn 0.0148 -0.989700019 0.1426
vn 0.0219000001 -0.875100017 -0.483399987
vn 0.0204000007 -0.483399987 -0.875199974
vn 0.130799994 -0.866299987 -0.48210001
vn 0.138400003 -0.479799986 -0.866400003
vn 0.421999991 -0.63319999 -0.648800015
vn 0.419800013 -0.798399985 -0.431600004
vn 0.411300004 -0.891499996 -0.189600006
vn 0.145999998 -0.989199996 0.00889999978
vn -0.0147000002 -0.448300004 0.893700004
vn -0.0127999997 -0.496600002 0.867799997
vn -0.0326000005 -0.490099996 0.870999992
vn -0.0313999988 -0.452300012 0.891300023
vn -0.0307 -0.412299991 0.91049999
vn -0.0204000007 -0.391099989 0.920099974
vn -0.0114000002 -0.38319999 0.923600018
vn -0.000699999975 -0.450300008 0.892799973
vn 0.00389999989 -0.506099999 0.862399995
vn 0.220100001 -0.690800011 0.68870002
vn 0.5995 -0.786899984 0.146300003
vn 0.615999997 -0.7579 0.214599997
vn 0.1954 -0.662199974 0.723399997
vn -0.0326000005 -0.490099996 0.870999992
vn -0.0127999997 -0.496600002 0.867799997
vn 0.00389999989 -0.506099999 0.862399995
vn 0.239399999 -0.704900026 0.667599976
vn 0.5977 -0.7949 0.104400001
vn 0.0111999996 -0.68870002 0.725000024
vn -0.00079999998 -0.630299985 0.776300013
vn 0.0148 -0.989700019 0.1426
vn 0.0197999999 -0.995000005 0.0982000008
vn 0.0170000009 -0.734300017 0.678600013
vn 0.00389999989 -0.506099999 0.862399995
vn -0.000699999975 -0.450300008 0.892799973
vn -0.0114000002 -0.38319999 0.923600018
vn 0.213699996 -0.8301 0.514999986
vn 0.0170000009 -0.734300017 0.678600013
vn 0.0223999992 -0.998000026 0.059700001
vn 0.145999998 -0.989199996 0.00889999978
vn 0.5977 -0.7949 0.104400001
vn 0.239399999 -0.704900026 0.667599976
vn 0.137600005 -0.256399989 0.956700027
vn 0.0738999993 -0.338099986 0.938199997
vn -0.0653000027 -0.589399993 0.805199981
vn -0.068599999 -0.577400029 0.813600004
vn -0.0636000037 -0.562699974 0.824199975
vn 0.190099999 -0.171599999 0.966600001
vn 0.418099999 0.398799986 0.816200018
vn 0.336400002 0.338800013 0.878600001
vn 0.359699994 -0.101300001 0.92750001
vn 0.190099999 -0.171599999 0.966600001
vn -0.0636000037 -0.562699974 0.824199975
vn 0.252099991 -0.417899996 0.872799993
vn 0.770099998 0.00340000005 0.637899995
vn 0.539799988 0.50910002 0.670400023
vn 0.470999986 0.47389999 0.744000018
vn -0.0724999979 -0.573300004 0.816100001
vn -0.0667999983 -0.584900022 0.808399975
vn -0.0654999986 -0.5704 0.818700016
vn -0.074000001 -0.559800029 0.825299978
vn -0.0746000037 -0.547999978 0.833100021
vn -0.0702000037 -0.559800029 0.825600028
vn -0.0636000037 -0.562699974 0.824199975
vn -0.068599999 -0.577400029 0.813600004
vn -0.0653000027 -0.589399993 0.805199981
vn 0.221799999 -0.437400013 0.871500015
vn -0.0702000037 -0.559800029 0.825600028
vn -0.0746000037 -0.547999978 0.833100021
vn 0.181199998 -0.482199997 0.85710001
vn 0.754999995 -0.208199993 0.621800005
vn 0.770099998 0.00340000005 0.637899995
vn 0.252099991 -0.417899996 0.872799993
vn -0.0467000008 -0.46329999 0.884899974
vn -0.0395999998 -0.438600004 0.897800028
vn -0.0307 -0.412299991 0.91049999
vn -0.0313999988 -0.452300012 0.891300023
vn -0.0326000005 -0.490099996 0.870999992
vn -0.0507999994 -0.49059999 0.869799972
vn -0.0649000034 -0.498699993 0.864300013
vn -0.0590999983 -0.4824 0.873899996
vn -0.0471000001 -0.469099998 0.881799996
vn 0.167899996 -0.629899979 0.758300006
vn -0.0507999994 -0.49059999 0.869799972
vn -0.0326000005 -0.490099996 0.870999992
vn 0.1954 -0.662199974 0.723399997
vn 0.615999997 -0.7579 0.214599997
vn 0.652499974 -0.67049998 0.353100002
vn 0.145400003 -0.606100023 0.781899989
vn -0.0649000034 -0.498699993 0.864300013
vn 0.134200007 -0.585500002 0.799499989
vn 0.67809999 -0.605199993 0.417100012
vn 0.712599993 -0.502699971 0.489300013
vn 0.135900006 -0.558499992 0.818300009
vn -0.0775000006 -0.520900011 0.850099981
vn -0.0738999993 -0.510100007 0.856899977
vn -0.0649000034 -0.498699993 0.864300013
vn 0.145400003 -0.606100023 0.781899989
vn 0.652499974 -0.67049998 0.353100002
vn -0.0678000003 -0.504000008 0.861000001
vn -0.0738999993 -0.510100007 0.856899977
vn -0.0775000006 -0.520900011 0.850099981
vn -0.0724999979 -0.523100019 0.84920001
vn -0.0584999993 -0.526199996 0.84829998
vn -0.0535000004 -0.5 0.864300013
vn -0.0471000001 -0.469099998 0.881799996
vn -0.0590999983 -0.4824 0.873899996
vn -0.0649000034 -0.498699993 0.864300013
vn -0.074000001 -0.541199982 0.837599993
vn -0.0623000003 -0.549300015 0.833199978
vn -0.0584999993 -0.526199996 0.84829998
vn -0.0724999979 -0.523100019 0.84920001
vn -0.0771000013 -0.532999992 0.842599988
vn -0.0746000037 -0.547999978 0.833100021
vn -0.074000001 -0.559800029 0.825299978
vn -0.0654999986 -0.5704 0.818700016
vn 0.148900002 -0.525600016 0.837599993
vn -0.0771000013 -0.532999992 0.842599988
vn -0.0775000006 -0.520900011 0.850099981
vn 0.135900006 -0.558499992 0.818300009
vn 0.712599993 -0.502699971 0.489300013
vn 0.754999995 -0.208199993 0.621800005
vn 0.181199998 -0.482199997 0.85710001
vn -0.0746000037 -0.547999978 0.833100021
vn -0.0242999997 -0.348800004 0.93690002
vn -0.0294000003 -0.386400014 0.921800017
vn -0.0258000009 -0.371899992 0.927900016
vn -0.0231999997 -0.327899992 0.944400012
vn -0.0218000002 -0.308499992 0.950999975
vn -0.0197000001 -0.332599998 0.942799985
vn -0.0114000002 -0.38319999 0.923600018
vn -0.0204000007 -0.391099989 0.920099974
vn -0.0307 -0.412299991 0.91049999
vn -0.0104 -0.579100013 0.815199971
vn -0.0197000001 -0.332599998 0.942799985
vn -0.0218000002 -0.308499992 0.950999975
vn -0.0141000003 -0.54549998 0.838
vn 0.0105999997 -0.976199985 0.216600001
vn 0.0148 -0.989700019 0.1426
vn -0.00079999998 -0.630299985 0.776300013
vn -0.0114000002 -0.38319999 0.923600018
vn -0.0148999998 -0.528900027 0.848500013
vn 0.0109999999 -0.970200002 0.241999999
vn 0.0105999997 -0.976199985 0.216600001
vn -0.0141000003 -0.54549998 0.838
vn -0.0218000002 -0.308499992 0.950999975
vn -0.0215000007 -0.306100011 0.951699972
vn -0.0207000002 -0.309300005 0.950699985
vn -0.0141000003 -0.517799973 0.855300009
vn 0.0109999999 -0.964399993 0.264299989
vn -0.0209999997 -0.323199987 0.946099997
vn -0.0215000007 -0.306100011 0.951699972
vn -0.0218000002 -0.308499992 0.950999975
vn -0.0231999997 -0.327899992 0.944400012
vn -0.0258000009 -0.371899992 0.927900016
vn -0.0223999992 -0.361499995 0.932099998
vn -0.0218000002 -0.353899986 0.935000002
vn -0.0207000002 -0.323100001 0.946099997
vn -0.0207000002 -0.309300005 0.950699985
vn -0.0126999998 -0.502699971 0.864300013
vn 0.0115999999 -0.957599998 0.287800014
vn 0.0109999999 -0.964399993 0.264299989
vn -0.0141000003 -0.517799973 0.855300009
vn -0.0207000002 -0.309300005 0.950699985
vn -0.0195000004 -0.305900007 0.951799989
vn -0.0172000006 -0.298900008 0.954100013
vn -0.0102000004 -0.486499995 0.873600006
vn 0.0151000004 -0.950800002 0.309300005
vn -0.0206000004 -0.319299996 0.947399974
vn -0.0195000004 -0.305900007 0.951799989
vn -0.0207000002 -0.309300005 0.950699985
vn -0.0207000002 -0.323100001 0.946099997
vn -0.0218000002 -0.353899986 0.935000002
vn -0.0218000002 -0.34920001 0.936800003
vn -0.0198999997 -0.345899999 0.938000023
vn -0.0184000004 -0.313499987 0.949400008
vn -0.0172000006 -0.298900008 0.954100013
vn -0.222499996 -0.381300002 0.897300005
vn -0.271200001 -0.876299977 0.398099989
vn 0.0207000002 -0.927399993 0.373400003
vn -0.00659999996 -0.445300013 0.895299971
vn -0.0132999998 -0.286199987 0.958100021
vn -0.211500004 -0.215700001 0.953199983
vn -0.759599984 -0.129600003 0.637300014
vn -0.763499975 -0.534500003 0.362399995
vn -0.214900002 -0.2271 0.949800014
vn -0.211500004 -0.215700001 0.953199983
vn -0.0132999998 -0.286199987 0.958100021
vn -0.0140000004 -0.299299985 0.953999996
vn -0.0156999994 -0.329600006 0.944000006
vn -0.220799997 -0.255600005 0.941200018
vn -0.730799973 0.0361000001 0.681599975
vn -0.725499988 0.0414999984 0.68690002
vn 0.0357000008 -0.389099985 0.92049998
vn 0.269300014 0.293599993 0.917200029
vn 0.224999994 0.263999999 0.937900007
vn 0.0161000006 -0.418000013 0.908299983
vn -0.0593999997 -0.603399992 0.795300007
vn -0.0606999993 -0.597500026 0.799499989
vn -0.0653000027 -0.589399993 0.805199981
vn 0.0738999993 -0.338099986 0.938199997
vn 0.336400002 0.338800013 0.878600001
vn -0.060899999 -0.592499971 0.803200006
vn -0.0606999993 -0.597500026 0.799499989
vn -0.0593999997 -0.603399992 0.795300007
vn -0.0595999993 -0.597800016 0.799399972
vn -0.0560000017 -0.579999983 0.812699974
vn -0.057599999 -0.576600015 0.814999998
vn -0.0654999986 -0.5704 0.818700016
vn -0.0667999983 -0.584900022 0.808399975
vn -0.0653000027 -0.589399993 0.805199981
vn -0.0590999983 -0.603299975 0.795300007
vn -0.0566000007 -0.583599985 0.810000002
vn -0.0560000017 -0.579999983 0.812699974
vn -0.0595999993 -0.597800016 0.799399972
vn -0.0593999997 -0.603399992 0.795300007
vn -0.0579999983 -0.609499991 0.790600002
vn -0.0546999983 -0.617699981 0.784500003
vn -0.0571000017 -0.610599995 0.789900005
vn -0.0562999994 -0.588800013 0.806299984
vn 0.00319999992 -0.438499987 0.898699999
vn -0.0579999983 -0.609499991 0.790600002
vn -0.0593999997 -0.603399992 0.795300007
vn 0.0161000006 -0.418000013 0.908299983
vn 0.224999994 0.263999999 0.937900007
vn -0.00359999994 -0.456800014 0.889500022
vn -0.0546999983 -0.617699981 0.784500003
vn -0.0540999994 -0.619099975 0.783399999
vn -0.054299999 -0.594900012 0.801900029
vn -0.0562999994 -0.588800013 0.806299984
vn -0.0571000017 -0.610599995 0.789900005
vn -0.0546999983 -0.617699981 0.784500003
vn -0.050999999 -0.627099991 0.777199984
vn -0.0469000004 -0.635100007 0.771000028
vn -0.0489999987 -0.62650001 0.777800024
vn -0.0480999984 -0.600399971 0.798200011
vn -0.00760000013 -0.474400014 0.880200028
vn -0.050999999 -0.627099991 0.777199984
vn -0.0546999983 -0.617699981 0.784500003
vn -0.00359999994 -0.456800014 0.889500022
vn 0.112000003 0.199599996 0.973399997
vn -0.0118000004 -0.487399995 0.873099983
vn -0.0469000004 -0.635100007 0.771000028
vn -0.280200005 -0.557099998 0.781700015
vn -0.271800011 -0.524399996 0.806900024
vn -0.0344000012 -0.601199985 0.798300028
vn -0.0388999991 -0.63380003 0.772499979
vn -0.0395000018 -0.644200027 0.763800025
vn -0.284200013 -0.566600025 0.773400009
vn -0.813799977 -0.175999999 0.553799987
vn -0.806699991 -0.153400004 0.57069999
vn -0.277799994 -0.413899988 0.866900027
vn -0.284200013 -0.566600025 0.773400009
vn -0.0395000018 -0.644200027 0.763800025
vn -0.0178999994 -0.506900012 0.861800015
vn 0.0688999966 0.176599994 0.98180002
vn -0.782400012 -0.0648000017 0.619400024
vn -0.816900015 -0.182500005 0.546999991
vn -0.0337000005 -0.425900012 0.904100001
vn -0.0300999992 -0.416700006 0.908500016
vn -0.0258000009 -0.371899992 0.927900016
vn -0.0294000003 -0.386400014 0.921800017
vn -0.0307 -0.412299991 0.91049999
vn -0.0395999998 -0.438600004 0.897800028
vn -0.0471000001 -0.469099998 0.881799996
vn -0.0377999991 -0.46329999 0.885399997
vn -0.0355999991 -0.458499998 0.888000011
vn -0.0274 -0.403800011 0.914399981
vn -0.0253999997 -0.3917 0.919700027
vn -0.0218000002 -0.353899986 0.935000002
vn -0.0223999992 -0.361499995 0.932099998
vn -0.0258000009 -0.371899992 0.927900016
vn -0.0300999992 -0.416700006 0.908500016
vn -0.0355999991 -0.458499998 0.888000011
vn -0.0348999985 -0.449900001 0.892400026
vn -0.0320000015 -0.439799994 0.897499979
vn -0.0238000005 -0.385399997 0.922399998
vn -0.0219999999 -0.382999986 0.923500001
vn -0.0198999997 -0.345899999 0.938000023
vn -0.0218000002 -0.34920001 0.936800003
vn -0.0218000002 -0.353899986 0.935000002
vn -0.0253999997 -0.3917 0.919700027
vn -0.0320000015 -0.439799994 0.897499979
vn -0.0285 -0.431600004 0.901600003
vn -0.0253999997 -0.426899999 0.903900027
vn -0.052099999 -0.553300023 0.83130002
vn -0.0623000003 -0.549300015 0.833199978
vn -0.0654999986 -0.5704 0.818700016
vn -0.057599999 -0.576600015 0.814999998
vn -0.0560000017 -0.579999983 0.812699974
vn -0.0505000018 -0.5546 0.830600023
vn -0.0454999991 -0.528100014 0.847899973
vn -0.0469000004 -0.527899981 0.84799999
vn -0.0584999993 -0.526199996 0.84829998
vn -0.0421999991 -0.498600006 0.865700006
vn -0.0535000004 -0.5 0.864300013
vn -0.0584999993 -0.526199996 0.84829998
vn -0.0469000004 -0.527899981 0.84799999
vn -0.0454999991 -0.528100014 0.847899973
vn -0.0408000015 -0.497299999 0.866599977
vn -0.0355999991 -0.458499998 0.888000011
vn -0.0377999991 -0.46329999 0.885399997
vn -0.0471000001 -0.469099998 0.881799996
vn -0.0419999994 -0.494199991 0.868300021
vn -0.0401999988 -0.488499999 0.871599972
vn -0.0320000015 -0.439799994 0.897499979
vn -0.0348999985 -0.449900001 0.892400026
vn -0.0355999991 -0.458499998 0.888000011
vn -0.0408000015 -0.497299999 0.866599977
vn -0.0454999991 -0.528100014 0.847899973
vn -0.0474000014 -0.527999997 0.847899973
vn -0.0474999994 -0.526600003 0.848800004
vn -0.0520000011 -0.556200027 0.829400003
vn -0.0527000017 -0.558499992 0.827799976
vn -0.0474999994 -0.526600003 0.848800004
vn -0.0474000014 -0.527999997 0.847899973
vn -0.0454999991 -0.528100014 0.847899973
vn -0.0505000018 -0.5546 0.830600023
vn -0.0560000017 -0.579999983 0.812699974
vn -0.0566000007 -0.583599985 0.810000002
vn -0.0562999994 -0.588800013 0.806299984
vn -0.0364999995 -0.480599999 0.876100004
vn -0.0309999995 -0.475100011 0.879400015
vn -0.0253999997 -0.426899999 0.903900027
vn -0.0285 -0.431600004 0.901600003
vn -0.0320000015 -0.439799994 0.897499979
vn -0.0401999988 -0.488499999 0.871599972
vn -0.0474999994 -0.526600003 0.848800004
vn -0.0450000018 -0.523400009 0.850899994
vn -0.0377000012 -0.521099985 0.852599978
vn -0.0511000007 -0.560800016 0.826300025
vn -0.0438000001 -0.563000023 0.825299978
vn -0.0377000012 -0.521099985 0.852599978
vn -0.0450000018 -0.523400009 0.850899994
vn -0.0474999994 -0.526600003 0.848800004
vn -0.0527000017 -0.558499992 0.827799976
vn -0.0562999994 -0.588800013 0.806299984
vn -0.054299999 -0.594900012 0.801900029
vn -0.0480999984 -0.600399971 0.798200011
vn -0.229100004 -0.295399994 0.92750001
vn -0.75120002 -0.00719999988 0.660000026
vn -0.739300013 0.0183000006 0.673099995
vn -0.220799997 -0.255600005 0.941200018
vn -0.0156999994 -0.329600006 0.944000006
vn -0.0186999999 -0.370299995 0.92869997
vn -0.0215000007 -0.427100003 0.903900027
vn -0.238700002 -0.353700012 0.904399991
vn -0.766900003 -0.0467000008 0.639999986
vn -0.246700004 -0.411799997 0.877200007
vn -0.779399991 -0.0882999972 0.620299995
vn -0.766900003 -0.0467000008 0.639999986
vn -0.238700002 -0.353700012 0.904399991
vn -0.0215000007 -0.427100003 0.903900027
vn -0.0227000006 -0.483700007 0.874899983
vn -0.0238000005 -0.523599982 0.851599991
vn -0.253300011 -0.449600011 0.85650003
vn -0.787299991 -0.112000003 0.60619998
vn -0.261500001 -0.48269999 0.835799992
vn -0.79610002 -0.128999993 0.591199994
vn -0.787299991 -0.112000003 0.60619998
vn -0.253300011 -0.449600011 0.85650003
vn -0.0238000005 -0.523599982 0.851599991
vn -0.0278999992 -0.559300005 0.828499973
vn -0.0344000012 -0.601199985 0.798300028
vn -0.271800011 -0.524399996 0.806900024
vn -0.806699991 -0.153400004 0.57069999
vn 0.0183000006 0.137400001 -0.9903
vn 0.0333000012 -0.386900008 -0.921500027
vn 0.0132999998 0.288300008 -0.957400024
vn 0.0131999999 0.291099995 -0.95660001
vn 0.0185000002 0.133300006 -0.99089998
vn 0.0335000008 -0.397399992 -0.916999996
vn 0.0194000006 0.129899994 -0.991299987
vn 0.0331000015 -0.406899989 -0.912800014
vn 0.0143999998 0.294200003 -0.955600023
vn 0.0172000006 0.298900008 -0.954100013
vn 0.0212999992 0.127499998 -0.991599977
vn 0.0320000015 -0.416099995 -0.908699989
vn 0.0138999997 0.301999986 -0.953199983
vn 0.0156999994 0.333299994 -0.942700028
vn 0.0156999994 0.338200003 -0.940900028
vn 0.0138999997 0.305599988 -0.952099979
vn 0.0153000001 0.309100002 -0.950900018
vn 0.0170000009 0.342500001 -0.939300001
vn 0.0198999997 0.345899999 -0.938000023
vn 0.0184000004 0.313499987 -0.949400008
vn 0.0621999986 0.75150001 -0.656700015
vn 0.121699996 0.978799999 -0.164800003
vn 0.150900006 0.975099981 -0.162499994
vn 0.0732000023 0.749100029 -0.658299983
vn 0.0469000004 0.63499999 -0.771000028
vn 0.0417000018 0.639800012 -0.767400026
vn 0.0392000005 0.641900003 -0.765699983
vn 0.0568000004 0.75120002 -0.657599986
vn 0.107500002 0.979600012 -0.169799998
vn 0.0566999987 0.750999987 -0.657800019
vn 0.107299998 0.979099989 -0.172499999
vn 0.0394000001 0.64319998 -0.764699996
vn 0.0421000011 0.630900025 -0.774699986
vn 0.0489999987 0.62650001 -0.777800024
vn 0.0480999984 0.600399971 -0.798200011
vn 0.0390999988 0.603399992 -0.796500027
vn 0.0346000008 0.603399992 -0.796700001
vn 0.0386999995 0.632600009 -0.773500025
vn 0.0388000011 0.633300006 -0.772899985
vn 0.0344999991 0.602199972 -0.797599971
vn 0.0197999999 0.380800009 -0.924399972
vn 0.0226000007 0.425599992 -0.904600024
vn 0.0253999997 0.426899999 -0.903900027
vn 0.0219999999 0.382999986 -0.923500001
vn 0.0198999997 0.345899999 -0.938000023
vn 0.0170000009 0.342500001 -0.939300001
vn 0.0156999994 0.338200003 -0.940900028
vn 0.0187999997 0.377400011 -0.925800025
vn 0.0214000009 0.425999999 -0.904399991
vn 0.0186999999 0.37349999 -0.927399993
vn 0.0215000007 0.426699996 -0.904100001
vn 0.0156999994 0.333299994 -0.942700028
vn 0.0248000007 0.474700004 -0.879800022
vn 0.0280000009 0.521399975 -0.852800012
vn 0.0377000012 0.521099985 -0.852599978
vn 0.0309999995 0.475100011 -0.879400015
vn 0.0253999997 0.426899999 -0.903900027
vn 0.0226000007 0.425599992 -0.904600024
vn 0.0214000009 0.425999999 -0.904399991
vn 0.0221999995 0.477600008 -0.878300011
vn 0.0236000009 0.522300005 -0.852400005
vn 0.0225000009 0.481099993 -0.876399994
vn 0.0237000007 0.523000002 -0.851999998
vn 0.0215000007 0.426699996 -0.904100001
vn 0.0333000012 0.564100027 -0.824999988
vn 0.0390999988 0.603399992 -0.796500027
vn 0.0480999984 0.600399971 -0.798200011
vn 0.0438000001 0.563000023 -0.825299978
vn 0.0283000004 0.56309998 -0.825900018
vn 0.0346000008 0.603399992 -0.796700001
vn 0.0280000009 0.56099999 -0.827300012
vn 0.0344999991 0.602199972 -0.797599971
vn 0.125699997 0.854600012 0.503799975
vn 0.107299998 0.979099989 -0.172499999
vn 0.107199997 0.978799999 -0.174700007
vn 0.125699997 0.854399979 0.504199982
vn 0.0693000033 0.180899993 0.981000006
vn 0.0698999986 0.186100006 0.980000019
vn 0.125699997 0.854900002 0.503300011
vn 0.107500002 0.979600012 -0.169799998
vn 0.144199997 0.852599978 0.502200007
vn 0.121699996 0.978799999 -0.164800003
vn 0.0835999995 0.194199994 0.977400005
vn 0.112000003 0.199599996 0.973399997
vn 0.182600006 0.846899986 0.499300003
vn 0.0368999988 -0.880200028 -0.473199993
vn 0.0331000015 -0.406899989 -0.912800014
vn 0.0320000015 -0.416099995 -0.908699989
vn 0.0326999985 -0.879400015 -0.474900007
vn 0.0151000004 -0.950800002 0.309300005
vn 0.0199999996 -0.944899976 0.326799989
vn 0.0217000004 -0.938899994 0.343499988
vn 0.0386999995 -0.881099999 -0.471300006
vn 0.0335000008 -0.397399992 -0.916999996
vn 0.0386999995 -0.882000029 -0.469599992
vn 0.0333000012 -0.386900008 -0.921500027
vn 0.0210999995 -0.932500005 0.360500008
vn 0.0207000002 -0.927399993 0.373400003
vn 0.0386999995 -0.882700026 -0.468199998
vn -0.00700000022 -0.47420001 0.880299985
vn 0.0199999996 -0.944899976 0.326799989
vn 0.0151000004 -0.950800002 0.309300005
vn -0.0102000004 -0.486499995 0.873600006
vn -0.0172000006 -0.298900008 0.954100013
vn -0.0143999998 -0.294200003 0.955600023
vn -0.0131999999 -0.291099995 0.95660001
vn -0.00579999993 -0.463999987 0.885800004
vn 0.0217000004 -0.938899994 0.343499988
vn -0.00630000001 -0.453500003 0.891200006
vn 0.0210999995 -0.932500005 0.360500008
vn -0.0132999998 -0.288300008 0.957400024
vn -0.0132999998 -0.286199987 0.958100021
vn -0.00659999996 -0.445300013 0.895299971
vn 0.0207000002 -0.927399993 0.373400003
vn -0.0153000001 -0.309100002 0.950900018
vn -0.0143999998 -0.294200003 0.955600023
vn -0.0172000006 -0.298900008 0.954100013
vn -0.0184000004 -0.313499987 0.949400008
vn -0.0198999997 -0.345899999 0.938000023
vn -0.0170000009 -0.342500001 0.939300001
vn -0.0156999994 -0.338200003 0.940900028
vn -0.0138999997 -0.305599988 0.952099979
vn -0.0131999999 -0.291099995 0.95660001
vn -0.0138999997 -0.301999986 0.953199983
vn -0.0132999998 -0.288300008 0.957400024
vn -0.0156999994 -0.333299994 0.942700028
vn -0.0156999994 -0.329600006 0.944000006
vn -0.0140000004 -0.299299985 0.953999996
vn -0.0175000001 -0.504199982 0.863399982
vn 0.0693000033 0.180899993 0.981000006
vn 0.0688999966 0.176599994 0.98180002
vn -0.0178999994 -0.506900012 0.861800015
vn -0.0394000001 -0.64319998 0.764599979
vn -0.0392000005 -0.641900003 0.765699983
vn -0.0171000008 -0.500699997 0.865400016
vn 0.0698999986 0.186100006 0.980000019
vn -0.0153999999 -0.495000005 0.868700027
vn 0.0835999995 0.194199994 0.977400005
vn -0.0417000018 -0.639800012 0.767400026
vn -0.0469000004 -0.635100007 0.771000028
vn -0.0118000004 -0.487399995 0.873099983
vn 0.112000003 0.199599996 0.973399997
vn -0.0388000011 -0.633300006 0.772899985
vn -0.0394000001 -0.64319998 0.764599979
vn -0.0395000018 -0.644200027 0.763800025
vn -0.0388999991 -0.63380003 0.772499979
vn -0.0344000012 -0.601199985 0.798300028
vn -0.0344999991 -0.602199972 0.797599971
vn -0.0346000008 -0.603399992 0.796700001
vn -0.0386999995 -0.632600009 0.773500025
vn -0.0392000005 -0.641900003 0.765699983
vn -0.0421000011 -0.630900025 0.774699986
vn -0.0417000018 -0.639800012 0.767400026
vn -0.0390999988 -0.603399992 0.796500027
vn -0.0480999984 -0.600399971 0.798200011
vn -0.0489999987 -0.62650001 0.777800024
vn -0.0469000004 -0.635100007 0.771000028
vn -0.0186999999 -0.37349999 0.927399993
vn -0.0215000007 -0.426699996 0.904100001
vn -0.0215000007 -0.427100003 0.903900027
vn -0.0186999999 -0.370299995 0.92869997
vn -0.0156999994 -0.329600006 0.944000006
vn -0.0156999994 -0.333299994 0.942700028
vn -0.0156999994 -0.338200003 0.940900028
vn -0.0187999997 -0.377400011 0.925800025
vn -0.0214000009 -0.425999999 0.904399991
vn -0.0197999999 -0.380800009 0.924399972
vn -0.0226000007 -0.425599992 0.904600024
vn -0.0170000009 -0.342500001 0.939300001
vn -0.0198999997 -0.345899999 0.938000023
vn -0.0219999999 -0.382999986 0.923500001
vn -0.0253999997 -0.426899999 0.903900027
vn -0.0225000009 -0.481099993 0.876399994
vn -0.0237000007 -0.523000002 0.851999998
vn -0.0227000006 -0.483700007 0.874899983
vn -0.0215000007 -0.427100003 0.903900027
vn -0.0215000007 -0.426699996 0.904100001
vn -0.0214000009 -0.425999999 0.904399991
vn -0.0221999995 -0.477600008 0.878300011
vn -0.0236000009 -0.522300005 0.852400005
vn -0.0248000007 -0.474700004 0.879800022
vn -0.0280000009 -0.521399975 0.852800012
vn -0.0226000007 -0.425599992 0.904600024
vn -0.0253999997 -0.426899999 0.903900027
vn -0.0309999995 -0.475100011 0.879400015
vn -0.0377000012 -0.521099985 0.852599978
vn -0.0280000009 -0.56099999 0.827300012
vn -0.0344999991 -0.602199972 0.797599971
vn -0.0344000012 -0.601199985 0.798300028
vn -0.0278999992 -0.559300005 0.828499973
vn -0.0238000005 -0.523599982 0.851599991
vn -0.0237000007 -0.523000002 0.851999998
vn -0.0236000009 -0.522300005 0.852400005
vn -0.0283000004 -0.56309998 0.825900018
vn -0.0346000008 -0.603399992 0.796700001
vn -0.0333000012 -0.564100027 0.824999988
vn -0.0390999988 -0.603399992 0.796500027
vn -0.0280000009 -0.521399975 0.852800012
vn -0.0377000012 -0.521099985 0.852599978
vn -0.0438000001 -0.563000023 0.825299978
vn -0.0480999984 -0.600399971 0.798200011
f 1/1/1 2/2/2 3/3/3
f 1/1/1 3/3/3 4/4/4
f 1/1/1 4/4/4 5/5/5
f 1/1/1 5/5/5 6/6/6
f 1/1/1 6/6/6 7/7/7
f 1/1/1 7/7/7 8/8/8
f 1/1/1 8/8/8 9/9/9
f 1/1/1 9/9/9 2/2/2
f 10/10/10 6/6/6 5/5/5
f 10/10/10 5/5/5 11/11/11
f 10/10/10 11/11/11 12/12/12
f 10/10/10 12/12/12 13/13/13
f 10/10/10 13/13/13 14/14/14
f 10/10/10 14/14/14 15/15/15
f 10/10/10 15/15/15 7/7/7
f 10/10/10 7/7/7 6/6/6
f 16/16/16 17/17/17 5/5/5
f 16/16/16 5/5/5 4/4/4
f 16/16/16 4/4/4 3/3/3
f 16/16/16 3/3/3 18/18/18
f 16/16/16 18/18/18 19/19/19
f 16/16/16 19/19/19 20/20/20
f 16/16/16 20/20/20 21/21/21
f 16/16/16 21/21/21 17/17/17
f 22/22/22 23/23/23 12/12/12
f 22/22/22 12/12/12 11/11/11
f 22/22/22 11/11/11 5/5/5
f 22/22/22 5/5/5 17/17/17
f 22/22/22 17/17/17 21/21/21
f 22/22/22 21/21/21 24/24/24
f 22/22/22 24/24/24 25/25/25
f 22/22/22 25/25/25 23/23/23
f 26/26/26 27/27/27 28/28/28
f 26/26/26 28/28/28 29/29/29
f 26/26/26 29/29/29 30/30/30
f 26/26/26 30/30/30 31/31/31
f 26/26/26 31/31/31 32/32/32
f 26/26/26 32/32/32 33/33/33
f 26/26/26 33/33/33 34/34/34
f 26/26/26 34/34/34 27/27/27
f 35/35/35 36/36/36 37/37/37
f 35/35/35 37/37/37 38/38/38
f 35/35/35 38/38/38 28/28/28
f 35/35/35 28/28/28 27/27/27
f 35/35/35 27/27/27 34/34/34
f 35/35/35 34/34/34 39/39/39
f 35/35/35 39/39/39 40/40/40
f 35/35/35 40/40/40 36/36/36
f 41/41/41 42/42/42 34/34/34
f 41/41/41 34/34/34 33/33/33
f 41/41/41 33/33/33 32/32/32
f 41/41/41 32/32/32 43/43/43
f 41/41/41 43/43/43 44/44/44
f 41/41/41 44/44/44 45/45/45
f 41/41/41 45/45/45 46/46/46
f 41/41/41 46/46/46 42/42/42
f 47/47/47 48/48/48 40/40/40
f 47/47/47 40/40/40 39/39/39
f 47/47/47 39/39/39 34/34/34
f 47/47/47 34/34/34 42/42/42
f 47/47/47 42/42/42 46/46/46
f 47/47/47 46/46/46 49/49/49
f 47/47/47 49/49/49 50/50/50
f 47/47/47 50/50/50 48/48/48
f 51/51/51 52/52/52 53/53/53
f 51/51/51 53/53/53 54/54/54
f 51/51/51 54/54/54 55/55/55
f 51/51/51 55/55/55 56/56/56
f 51/51/51 56/56/56 57/57/57
f 51/51/51 57/57/57 58/58/58
f 51/51/51 58/58/58 59/59/59
f 51/51/51 59/59/59 52/52/52
f 60/60/60 61/61/61 62/62/62
f 60/60/60 62/62/62 63/63/63
f 60/60/60 63/63/63 53/53/53
f 60/60/60 53/53/53 52/52/52
f 60/60/60 52/52/52 59/59/59
f 60/60/60 59/59/59 64/64/64
f 60/60/60 64/64/64 65/65/65
f 60/60/60 65/65/65 61/61/61
f 66/66/66 67/67/67 68/68/68
f 66/66/66 68/68/68 69/69/69
f 66/66/66 69/69/69 70/70/70
f 66/66/66 70/70/70 71/71/71
f 66/66/66 71/71/71 72/72/72
f 66/66/66 72/72/72 73/73/73
f 66/66/66 73/73/73 74/74/74
f 66/66/66 74/74/74 67/67/67
f 75/75/75 76/76/76 77/77/77
f 75/75/75 77/77/77 78/78/78
f 75/75/75 78/78/78 68/68/68
f 75/75/75 68/68/68 67/67/67
f 75/75/75 67/67/67 74/74/74
f 75/75/75 74/74/74 79/79/79
f 75/75/75 79/79/79 80/80/80
f 75/75/75 80/80/80 76/76/76
f 81/81/81 82/82/82 83/83/83
f 81/81/81 83/83/83 84/84/84
f 81/81/81 84/84/84 85/85/85
f 81/81/81 85/85/85 86/86/86
f 81/81/81 86/86/86 80/80/80
f 81/81/81 80/80/80 79/79/79
f 81/81/81 79/79/79 74/74/74
f 81/81/81 74/74/74 82/82/82
f 87/87/87 88/88/88 89/89/89
f 87/87/87 89/89/89 90/90/90
f 87/87/87 90/90/90 83/83/83
f 87/87/87 83/83/83 82/82/82
f 87/87/87 82/82/82 74/74/74
f 87/87/87 74/74/74 73/73/73
f 87/87/87 73/73/73 72/72/72
f 87/87/87 72/72/72 88/88/88
f 91/91/91 92/92/92 93/93/93
f 91/91/91 93/93/93 94/94/94
f 91/91/91 94/94/94 95/95/95
f 91/91/91 95/95/95 96/96/96
f 91/91/91 96/96/96 97/97/97
f 91/91/91 97/97/97 98/98/98
f 91/91/91 98/98/98 99/99/99
f 91/91/91 99/99/99 92/92/92
f 100/100/100 101/101/101 102/102/102
f 100/100/100 102/102/102 103/103/103
f 100/100/100 103/103/103 93/93/93
f 100/100/100 93/93/93 92/92/92
f 100/100/100 92/92/92 99/99/99
f 100/100/100 99/99/99 104/104/104
f 100/100/100 104/104/104 105/105/105
f 100/100/100 105/105/105 101/101/101
f 106/106/106 107/107/107 108/108/108
f 106/106/106 108/108/108 109/109/109
f 106/106/106 109/109/109 110/110/110
f 106/106/106 110/110/110 111/111/111
f 106/106/106 111/111/111 112/112/112
f 106/106/106 112/112/112 113/113/113
f 106/106/106 113/113/113 114/114/114
f 106/106/106 114/114/114 107/107/107
f 115/115/115 116/116/116 117/117/117
f 115/115/115 117/117/117 118/118/118
f 115/115/115 118/118/118 108/108/108
f 115/115/115 108/108/108 107/107/107
f 115/115/115 107/107/107 114/114/114
f 115/115/115 114/114/114 119/119/119
f 115/115/115 119/119/119 120/120/120
f 115/115/115 120/120/120 116/116/116
f 121/121/121 122/122/122 123/123/123
f 121/121/121 123/123/123 124/124/124
f 121/121/121 124/124/124 125/125/125
f 121/121/121 125/125/125 126/126/126
f 121/121/121 126/126/126 127/127/127
f 121/121/121 127/127/127 128/128/128
f 121/121/121 128/128/128 129/129/129
f 121/121/121 129/129/129 122/122/122
f 130/130/130 131/131/131 132/132/132
f 130/130/130 132/132/132 133/133/133
f 130/130/130 133/133/133 123/123/123
f 130/130/130 123/123/123 122/122/122
f 130/130/130 122/122/122 129/129/129
f 130/130/130 129/129/129 134/134/134
f 130/130/130 134/134/134 135/135/135
f 130/130/130 135/135/135 131/131/131
f 136/136/136 137/137/137 138/138/138
f 136/136/136 138/138/138 139/139/139
f 136/136/136 139/139/139 140/140/140
f 136/136/136 140/140/140 141/141/141
f 136/136/136 141/141/141 142/142/142
f 136/136/136 142/142/142 143/143/143
f 136/136/136 143/143/143 144/144/144
f 136/136/136 144/144/144 137/137/137
f 145/145/145 146/146/146 147/147/147
f 145/145/145 147/147/147 148/148/148
f 145/145/145 148/148/148 138/138/138
f 145/145/145 138/138/138 137/137/137
f 145/145/145 137/137/137 144/144/144
f 145/145/145 144/144/144 149/149/149
f 145/145/145 149/149/149 150/150/150
f 145/145/145 150/150/150 146/146/146
f 151/151/151 152/152/152 153/153/153
f 151/151/151 153/153/153 154/154/154
f 151/151/151 154/154/154 155/155/155
f 151/151/151 155/155/155 156/156/156
f 151/151/151 156/156/156 157/157/157
f 151/151/151 157/157/157 158/158/158
f 151/151/151 158/158/158 159/159/159
f 151/151/151 159/159/159 152/152/152
f 160/160/160 161/161/161 162/162/162
f 160/160/160 162/162/162 163/163/163
f 160/160/160 163/163/163 153/153/153
f 160/160/160 153/153/153 152/152/152
f 160/160/160 152/152/152 159/159/159
f 160/160/160 159/159/159 164/164/164
f 160/160/160 164/164/164 165/165/165
f 160/160/160 165/165/165 161/161/161
f 166/166/166 167/167/167 168/168/168
f 166/166/166 168/168/168 169/169/169
f 166/166/166 169/169/169 170/170/170
f 166/166/166 170/170/170 171/171/171
f 166/166/166 171/171/171 172/172/172
f 166/166/166 172/172/172 173/173/173
f 166/166/166 173/173/173 174/174/174
f 166/166/166 174/174/174 167/167/167
f 175/175/175 176/176/176 177/177/177
f 175/175/175 177/177/177 178/178/178
f 175/175/175 178/178/178 168/168/168
f 175/175/175 168/168/168 167/167/167
f 175/175/175 167/167/167 174/174/174
f 175/175/175 174/174/174 179/179/179
f 175/175/175 179/179/179 180/180/180
f 175/175/175 180/180/180 176/176/176
f 181/181/181 182/182/182 183/183/183
f 181/181/181 183/183/183 184/184/184
f 181/181/181 184/184/184 185/185/185
f 181/181/181 185/185/185 186/186/186
f 181/181/181 186/186/186 187/187/187
f 181/181/181 187/187/187 188/188/188
f 181/181/181 188/188/188 189/189/189
f 181/181/181 189/189/189 182/182/182
f 190/190/190 191/191/191 192/192/192
f 190/190/190 192/192/192 193/193/193
f 190/190/190 193/193/193 183/183/183
f 190/190/190 183/183/183 182/182/182
f 190/190/190 182/182/182 189/189/189
f 190/190/190 189/189/189 194/194/194
f 190/190/190 194/194/194 195/195/195
f 190/190/190 195/195/195 191/191/191
f 196/196/196 197/197/197 198/198/198
f 196/196/196 198/198/198 199/199/199
f 196/196/196 199/199/199 200/200/200
f 196/196/196 200/200/200 201/201/201
f 196/196/196 201/201/201 202/202/202
f 196/196/196 202/202/202 203/203/203
f 196/196/196 203/203/203 204/204/204
f 196/196/196 204/204/204 197/197/197
f 205/205/205 206/206/206 207/207/207
f 205/205/205 207/207/207 208/208/208
f 205/205/205 208/208/208 198/198/198
f 205/205/205 198/198/198 197/197/197
f 205/205/205 197/197/197 204/204/204
f 205/205/205 204/204/204 209/209/209
f 205/205/205 209/209/209 210/210/210
f 205/205/205 210/210/210 206/206/206
f 211/211/211 212/212/212 213/213/213
f 211/211/211 213/213/213 214/214/214
f 211/211/211 214/214/214 215/215/215
f 211/211/211 215/215/215 216/216/216
f 211/211/211 216/216/216 217/217/217
f 211/211/211 217/217/217 218/218/218
f 211/211/211 218/218/218 219/219/219
f 211/211/211 219/219/219 212/212/212
f 220/220/220 221/221/221 222/222/222
f 220/220/220 222/222/222 223/223/223
f 220/220/220 223/223/223 224/224/224
f 220/220/220 224/224/224 225/225/225
f 220/220/220 225/225/225 226/226/226
f 220/220/220 226/226/226 227/227/227
f 220/220/220 227/227/227 228/228/228
f 220/220/220 228/228/228 221/221/221
f 229/229/229 230/230/230 231/231/231
f 229/229/229 231/231/231 232/232/232
f 229/229/229 232/232/232 233/233/233
f 229/229/229 233/233/233 234/234/234
f 229/229/229 234/234/234 235/235/235
f 229/229/229 235/235/235 236/236/236
f 229/229/229 236/236/236 237/237/237
f 229/229/229 237/237/237 230/230/230
f 238/238/238 239/239/239 240/240/240
f 238/238/238 240/240/240 241/241/241
f 238/238/238 241/241/241 242/242/242
f 238/238/238 242/242/242 243/243/243
f 238/238/238 243/243/243 244/244/244
f 238/238/238 244/244/244 245/245/245
f 238/238/238 245/245/245 246/246/246
f 238/238/238 246/246/246 239/239/239
f 247/247/247 248/248/248 249/249/249
f 247/247/247 249/249/249 250/250/250
f 247/247/247 250/250/250 251/251/251
f 247/247/247 251/251/251 252/252/252
f 247/247/247 252/252/252 242/242/242
f 247/247/247 242/242/242 241/241/241
f 247/247/247 241/241/241 240/240/240
f 247/247/247 240/240/240 248/248/248
f 253/253/253 254/254/254 255/255/255
f 253/253/253 255/255/255 256/256/256
f 253/253/253 256/256/256 257/257/257
f 253/253/253 257/257/257 258/258/258
f 253/253/253 258/258/258 259/259/259
f 253/253/253 259/259/259 260/260/260
f 253/253/253 260/260/260 261/261/261
f 253/253/253 261/261/261 254/254/254
f 262/262/262 263/263/263 264/264/264
f 262/262/262 264/264/264 265/265/265
f 262/262/262 265/265/265 266/266/266
f 262/262/262 266/266/266 267/267/267
f 262/262/262 267/267/267 257/257/257
f 262/262/262 257/257/257 256/256/256
f 262/262/262 256/256/256 255/255/255
f 262/262/262 255/255/255 263/263/263
f 268/268/268 269/269/269 270/270/270
f 268/268/268 270/270/270 271/271/271
f 268/268/268 271/271/271 272/272/272
f 268/268/268 272/272/272 273/273/273
f 268/268/268 273/273/273 274/274/274
f 268/268/268 274/274/274 275/275/275
f 268/268/268 275/275/275 276/276/276
f 268/268/268 276/276/276 269/269/269
f 277/277/277 278/278/278 279/279/279
f 277/277/277 279/279/279 280/280/280
f 277/277/277 280/280/280 281/281/281
f 277/277/277 281/281/281 282/282/282
f 277/277/277 282/282/282 272/272/272
f 277/277/277 272/272/272 271/271/271
f 277/277/277 271/271/271 270/270/270
f 277/277/277 270/270/270 278/278/278
f 283/283/283 284/284/284 285/285/285
f 283/283/283 285/285/285 286/286/286
f 283/283/283 286/286/286 287/287/287
f 283/283/283 287/287/287 288/288/288
f 283/283/283 288/288/288 289/289/289
f 283/283/283 289/289/289 290/290/290
f 283/283/283 290/290/290 291/291/291
f 283/283/283 291/291/291 284/284/284
f 292/292/292 293/293/293 294/294/294
f 292/292/292 294/294/294 295/295/295
f 292/292/292 295/295/295 296/296/296
f 292/292/292 296/296/296 297/297/297
f 292/292/292 297/297/297 298/298/298
f 292/292/292 298/298/298 299/299/299
f 292/292/292 299/299/299 300/300/300
f 292/292/292 300/300/300 293/293/293
f 301/301/301 302/302/302 303/303/303
f 301/301/301 303/303/303 304/304/304
f 301/301/301 304/304/304 305/305/305
f 301/301/301 305/305/305 306/306/306
f 301/301/301 306/306/306 296/296/296
f 301/301/301 296/296/296 295/295/295
f 301/301/301 295/295/295 294/294/294
f 301/301/301 294/294/294 302/302/302
f 307/307/307 308/308/308 192/192/192
f 307/307/307 192/192/192 309/309/309
f 307/307/307 309/309/309 310/310/310
f 307/307/307 310/310/310 311/311/311
f 307/307/307 311/311/311 312/312/312
f 307/307/307 312/312/312 313/313/313
f 307/307/307 313/313/313 314/314/314
f 307/307/307 314/314/314 308/308/308
f 315/315/315 316/316/316 102/102/102
f 315/315/315 102/102/102 317/317/317
f 315/315/315 317/317/317 318/318/318
f 315/315/315 318/318/318 319/319/319
f 315/315/315 319/319/319 320/320/320
f 315/315/315 320/320/320 321/321/321
f 315/315/315 321/321/321 322/322/322
f 315/315/315 322/322/322 316/316/316
f 323/323/323 324/324/324 207/207/207
f 323/323/323 207/207/207 325/325/325
f 323/323/323 325/325/325 326/326/326
f 323/323/323 326/326/326 327/327/327
f 323/323/323 327/327/327 328/328/328
f 323/323/323 328/328/328 329/329/329
f 323/323/323 329/329/329 330/330/330
f 323/323/323 330/330/330 324/324/324
f 331/331/331 332/332/332 177/177/177
f 331/331/331 177/177/177 333/333/333
f 331/331/331 333/333/333 334/334/334
f 331/331/331 334/334/334 335/335/335
f 331/331/331 335/335/335 336/336/336
f 331/331/331 336/336/336 337/337/337
f 331/331/331 337/337/337 338/338/338
f 331/331/331 338/338/338 332/332/332
f 339/339/339 340/340/340 341/341/341
f 339/339/339 341/341/341 342/342/342
f 339/339/339 342/342/342 155/155/155
f 339/339/339 155/155/155 343/343/343
f 339/339/339 343/343/343 344/344/344
f 339/339/339 344/344/344 345/345/345
f 339/339/339 345/345/345 346/346/346
f 339/339/339 346/346/346 340/340/340
f 347/347/347 348/348/348 349/349/349
f 347/347/347 349/349/349 350/350/350
f 347/347/347 350/350/350 140/140/140
f 347/347/347 140/140/140 351/351/351
f 347/347/347 351/351/351 352/352/352
f 347/347/347 352/352/352 353/353/353
f 347/347/347 353/353/353 354/354/354
f 347/347/347 354/354/354 348/348/348
f 355/355/355 356/356/356 357/357/357
f 355/355/355 357/357/357 358/358/358
f 355/355/355 358/358/358 110/110/110
f 355/355/355 110/110/110 359/359/359
f 355/355/355 359/359/359 360/360/360
f 355/355/355 360/360/360 361/361/361
f 355/355/355 361/361/361 362/362/362
f 355/355/355 362/362/362 356/356/356
f 363/363/363 364/364/364 365/365/365
f 363/363/363 365/365/365 366/366/366
f 363/363/363 366/366/366 296/296/296
f 363/363/363 296/296/296 367/367/367
f 363/363/363 367/367/367 368/368/368
f 363/363/363 368/368/368 369/369/369
f 363/363/363 369/369/369 370/370/370
f 363/363/363 370/370/370 364/364/364
f 371/371/371 372/372/372 373/373/373
f 371/371/371 373/373/373 374/374/374
f 371/371/371 374/374/374 70/70/70
f 371/371/371 70/70/70 375/375/375
f 371/371/371 375/375/375 376/376/376
f 371/371/371 376/376/376 377/377/377
f 371/371/371 377/377/377 378/378/378
f 371/371/371 378/378/378 372/372/372
f 379/379/379 380/380/380 381/381/381
f 379/379/379 381/381/381 382/382/382
f 379/379/379 382/382/382 125/125/125
f 379/379/379 125/125/125 383/383/383
f 379/379/379 383/383/383 384/384/384
f 379/379/379 384/384/384 385/385/385
f 379/379/379 385/385/385 386/386/386
f 379/379/379 386/386/386 380/380/380
f 387/387/387 388/388/388 89/89/89
f 387/387/387 89/89/89 389/389/389
f 387/387/387 389/389/389 390/390/390
f 387/387/387 390/390/390 391/391/391
f 387/387/387 391/391/391 378/378/378
f 387/387/387 378/378/378 392/392/392
f 387/387/387 392/392/392 393/393/393
f 387/387/387 393/393/393 388/388/388
f 394/394/394 395/395/395 396/396/396
f 394/394/394 396/396/396 397/397/397
f 394/394/394 397/397/397 305/305/305
f 394/394/394 305/305/305 398/398/398
f 394/394/394 398/398/398 399/399/399
f 394/394/394 399/399/399 400/400/400
f 394/394/394 400/400/400 401/401/401
f 394/394/394 401/401/401 395/395/395
f 402/402/402 403/403/403 62/62/62
f 402/402/402 62/62/62 404/404/404
f 402/402/402 404/404/404 405/405/405
f 402/402/402 405/405/405 406/406/406
f 402/402/402 406/406/406 407/407/407
f 402/402/402 407/407/407 408/408/408
f 402/402/402 408/408/408 409/409/409
f 402/402/402 409/409/409 403/403/403
f 410/410/410 411/411/411 412/412/412
f 410/410/410 412/412/412 413/413/413
f 410/410/410 413/413/413 287/287/287
f 410/410/410 287/287/287 414/414/414
f 410/410/410 414/414/414 415/415/415
f 410/410/410 415/415/415 416/416/416
f 410/410/410 416/416/416 417/417/417
f 410/410/410 417/417/417 411/411/411
f 418/418/418 419/419/419 37/37/37
f 418/418/418 37/37/37 420/420/420
f 418/418/418 420/420/420 421/421/421
f 418/418/418 421/421/421 422/422/422
f 418/418/418 422/422/422 423/423/423
f 418/418/418 423/423/423 424/424/424
f 418/418/418 424/424/424 425/425/425
f 418/418/418 425/425/425 419/419/419
f 426/426/426 427/427/427 40/40/40
f 426/426/426 40/40/40 428/428/428
f 426/426/426 428/428/428 429/429/429
f 426/426/426 429/429/429 430/430/430
f 426/426/426 430/430/430 431/431/431
f 426/426/426 431/431/431 432/432/432
f 426/426/426 432/432/432 433/433/433
f 426/426/426 433/433/433 427/427/427
f 434/434/434 435/435/435 436/436/436
f 434/434/434 436/436/436 208/208/208
f 434/434/434 208/208/208 437/437/437
f 434/434/434 437/437/437 438/438/438
f 434/434/434 438/438/438 439/439/439
f 434/434/434 439/439/439 440/440/440
f 434/434/434 440/440/440 441/441/441
f 434/434/434 441/441/441 435/435/435
f 442/442/442 443/443/443 444/444/444
f 442/442/442 444/444/444 199/199/199
f 442/442/442 199/199/199 445/445/445
f 442/442/442 445/445/445 446/446/446
f 442/442/442 446/446/446 447/447/447
f 442/442/442 447/447/447 448/448/448
f 442/442/442 448/448/448 449/449/449
f 442/442/442 449/449/449 443/443/443
f 450/450/450 451/451/451 452/452/452
f 450/450/450 452/452/452 139/139/139
f 450/450/450 139/139/139 453/453/453
f 450/450/450 453/453/453 454/454/454
f 450/450/450 454/454/454 455/455/455
f 450/450/450 455/455/455 456/456/456
f 450/450/450 456/456/456 457/457/457
f 450/450/450 457/457/457 451/451/451
f 458/458/458 459/459/459 460/460/460
f 458/458/458 460/460/460 148/148/148
f 458/458/458 148/148/148 461/461/461
f 458/458/458 461/461/461 462/462/462
f 458/458/458 462/462/462 463/463/463
f 458/458/458 463/463/463 464/464/464
f 458/458/458 464/464/464 465/465/465
f 458/458/458 465/465/465 459/459/459
f 466/466/466 467/467/467 12/12/12
f 466/466/466 12/12/12 468/468/468
f 466/466/466 468/468/468 469/469/469
f 466/466/466 469/469/469 470/470/470
f 466/466/466 470/470/470 471/471/471
f 466/466/466 471/471/471 472/472/472
f 466/466/466 472/472/472 473/473/473
f 466/466/466 473/473/473 467/467/467
f 474/474/474 475/475/475 476/476/476
f 474/474/474 476/476/476 477/477/477
f 474/474/474 477/477/477 12/12/12
f 474/474/474 12/12/12 478/478/478
f 474/474/474 478/478/478 479/479/479
f 474/474/474 479/479/479 480/480/480
f 474/474/474 480/480/480 481/481/481
f 474/474/474 481/481/481 475/475/475
f 482/482/482 483/483/483 484/484/484
f 482/482/482 484/484/484 29/29/29
f 482/482/482 29/29/29 485/485/485
f 482/482/482 485/485/485 486/486/486
f 482/482/482 486/486/486 487/487/487
f 482/482/482 487/487/487 488/488/488
f 482/482/482 488/488/488 489/489/489
f 482/482/482 489/489/489 483/483/483
f 490/490/490 491/491/491 492/492/492
f 490/490/490 492/492/492 38/38/38
f 490/490/490 38/38/38 493/493/493
f 490/490/490 493/493/493 494/494/494
f 490/490/490 494/494/494 495/495/495
f 490/490/490 495/495/495 496/496/496
f 490/490/490 496/496/496 497/497/497
f 490/490/490 497/497/497 491/491/491
f 498/498/498 499/499/499 500/500/500
f 498/498/498 500/500/500 501/501/501
f 498/498/498 501/501/501 502/502/502
f 498/498/498 502/502/502 503/503/503
f 498/498/498 503/503/503 504/504/504
f 498/498/498 504/504/504 505/505/505
f 498/498/498 505/505/505 506/506/506
f 498/498/498 506/506/506 499/499/499
f 507/507/507 508/508/508 509/509/509
f 507/507/507 509/509/509 510/510/510
f 507/507/507 510/510/510 500/500/500
f 507/507/507 500/500/500 499/499/499
f 507/507/507 499/499/499 506/506/506
f 507/507/507 506/506/506 511/511/511
f 507/507/507 511/511/511 512/512/512
f 507/507/507 512/512/512 508/508/508
f 513/513/513 514/514/514 515/515/515
f 513/513/513 515/515/515 516/516/516
f 513/513/513 516/516/516 517/517/517
f 513/513/513 517/517/517 518/518/518
f 513/513/513 518/518/518 519/519/519
f 513/513/513 519/519/519 520/520/520
f 513/513/513 520/520/520 521/521/521
f 513/513/513 521/521/521 514/514/514
f 522/522/522 523/523/523 524/524/524
f 522/522/522 524/524/524 525/525/525
f 522/522/522 525/525/525 526/526/526
f 522/522/522 526/526/526 527/527/527
f 522/522/522 527/527/527 528/528/528
f 522/522/522 528/528/528 529/529/529
f 522/522/522 529/529/529 530/530/530
f 522/522/522 530/530/530 523/523/523
f 531/531/531 532/532/532 533/533/533
f 531/531/531 533/533/533 534/534/534
f 531/531/531 534/534/534 535/535/535
f 531/531/531 535/535/535 536/536/536
f 531/531/531 536/536/536 537/537/537
f 531/531/531 537/537/537 538/538/538
f 531/531/531 538/538/538 506/506/506
f 531/531/531 506/506/506 532/532/532
f 539/539/539 540/540/540 541/541/541
f 539/539/539 541/541/541 542/542/542
f 539/539/539 542/542/542 517/517/517
f 539/539/539 517/517/517 543/543/543
f 539/539/539 543/543/543 544/544/544
f 539/539/539 544/544/544 472/472/472
f 539/539/539 472/472/472 512/512/512
f 539/539/539 512/512/512 540/540/540
f 545/545/545 546/546/546 547/547/547
f 545/545/545 547/547/547 548/548/548
f 545/545/545 548/548/548 549/549/549
f 545/545/545 549/549/549 550/550/550
f 545/545/545 550/550/550 487/487/487
f 545/545/545 487/487/487 551/551/551
f 545/545/545 551/551/551 552/552/552
f 545/545/545 552/552/552 546/546/546
f 553/553/553 554/554/554 555/555/555
f 553/553/553 555/555/555 556/556/556
f 553/553/553 556/556/556 557/557/557
f 553/553/553 557/557/557 558/558/558
f 553/553/553 558/558/558 495/495/495
f 553/553/553 495/495/495 424/424/424
f 553/553/553 424/424/424 559/559/559
f 553/553/553 559/559/559 554/554/554
f 560/560/560 561/561/561 562/562/562
f 560/560/560 562/562/562 563/563/563
f 560/560/560 563/563/563 564/564/564
f 560/560/560 564/564/564 565/565/565
f 560/560/560 565/565/565 566/566/566
f 560/560/560 566/566/566 567/567/567
f 560/560/560 567/567/567 568/568/568
f 560/560/560 568/568/568 561/561/561
f 569/569/569 570/570/570 571/571/571
f 569/569/569 571/571/571 572/572/572
f 569/569/569 572/572/572 552/552/552
f 569/569/569 552/552/552 573/573/573
f 569/569/569 573/573/573 574/574/574
f 569/569/569 574/574/574 432/432/432
f 569/569/569 432/432/432 575/575/575
f 569/569/569 575/575/575 570/570/570
f 576/576/576 577/577/577 578/578/578
f 576/576/576 578/578/578 579/579/579
f 576/576/576 579/579/579 580/580/580
f 576/576/576 580/580/580 581/581/581
f 576/576/576 581/581/581 582/582/582
f 576/576/576 582/582/582 583/583/583
f 576/576/576 583/583/583 584/584/584
f 576/576/576 584/584/584 577/577/577
f 585/585/585 586/586/586 587/587/587
f 585/585/585 587/587/587 588/588/588
f 585/585/585 588/588/588 589/589/589
f 585/585/585 589/589/589 590/590/590
f 585/585/585 590/590/590 591/591/591
f 585/585/585 591/591/591 408/408/408
f 585/585/585 408/408/408 592/592/592
f 585/585/585 592/592/592 586/586/586
f 593/593/593 594/594/594 595/595/595
f 593/593/593 595/595/595 596/596/596
f 593/593/593 596/596/596 597/597/597
f 593/593/593 597/597/597 598/598/598
f 593/593/593 598/598/598 599/599/599
f 593/593/593 599/599/599 600/600/600
f 593/593/593 600/600/600 601/601/601
f 593/593/593 601/601/601 594/594/594
f 602/602/602 603/603/603 604/604/604
f 602/602/602 604/604/604 605/605/605
f 602/602/602 605/605/605 606/606/606
f 602/602/602 606/606/606 607/607/607
f 602/602/602 607/607/607 608/608/608
f 602/602/602 608/608/608 609/609/609
f 602/602/602 609/609/609 610/610/610
f 602/602/602 610/610/610 603/603/603
f 611/611/611 612/612/612 613/613/613
f 611/611/611 613/613/613 614/614/614
f 611/611/611 614/614/614 615/615/615
f 611/611/611 615/615/615 616/616/616
f 611/611/611 616/616/616 617/617/617
f 611/611/611 617/617/617 618/618/618
f 611/611/611 618/618/618 601/601/601
f 611/611/611 601/601/601 612/612/612
f 619/619/619 620/620/620 621/621/621
f 619/619/619 621/621/621 622/622/622
f 619/619/619 622/622/622 623/623/623
f 619/619/619 623/623/623 624/624/624
f 619/619/619 624/624/624 625/625/625
f 619/619/619 625/625/625 392/392/392
f 619/619/619 392/392/392 626/626/626
f 619/619/619 626/626/626 620/620/620
f 627/627/627 628/628/628 629/629/629
f 627/627/627 629/629/629 630/630/630
f 627/627/627 630/630/630 631/631/631
f 627/627/627 631/631/631 632/632/632
f 627/627/627 632/632/632 633/633/633
f 627/627/627 633/633/633 634/634/634
f 627/627/627 634/634/634 635/635/635
f 627/627/627 635/635/635 628/628/628
f 636/636/636 637/637/637 638/638/638
f 636/636/636 638/638/638 639/639/639
f 636/636/636 639/639/639 640/640/640
f 636/636/636 640/640/640 641/641/641
f 636/636/636 641/641/641 642/642/642
f 636/636/636 642/642/642 321/321/321
f 636/636/636 321/321/321 643/643/643
f 636/636/636 643/643/643 637/637/637
f 644/644/644 645/645/645 646/646/646
f 644/644/644 646/646/646 647/647/647
f 644/644/644 647/647/647 648/648/648
f 644/644/644 648/648/648 649/649/649
f 644/644/644 649/649/649 650/650/650
f 644/644/644 650/650/650 651/651/651
f 644/644/644 651/651/651 652/652/652
f 644/644/644 652/652/652 645/645/645
f 653/653/653 654/654/654 655/655/655
f 653/653/653 655/655/655 656/656/656
f 653/653/653 656/656/656 657/657/657
f 653/653/653 657/657/657 658/658/658
f 653/653/653 658/658/658 659/659/659
f 653/653/653 659/659/659 660/660/660
f 653/653/653 660/660/660 661/661/661
f 653/653/653 661/661/661 654/654/654
f 662/662/662 663/663/663 664/664/664
f 662/662/662 664/664/664 665/665/665
f 662/662/662 665/665/665 666/666/666
f 662/662/662 666/666/666 667/667/667
f 662/662/662 667/667/667 668/668/668
f 662/662/662 668/668/668 669/669/669
f 662/662/662 669/669/669 670/670/670
f 662/662/662 670/670/670 663/663/663
f 671/671/671 672/672/672 673/673/673
f 671/671/671 673/673/673 674/674/674
f 671/671/671 674/674/674 675/675/675
f 671/671/671 675/675/675 676/676/676
f 671/671/671 676/676/676 677/677/677
f 671/671/671 677/677/677 678/678/678
f 671/671/671 678/678/678 679/679/679
f 671/671/671 679/679/679 672/672/672
f 680/680/680 681/681/681 682/682/682
f 680/680/680 682/682/682 683/683/683
f 680/680/680 683/683/683 684/684/684
f 680/680/680 684/684/684 685/685/685
f 680/680/680 685/685/685 455/455/455
f 680/680/680 455/455/455 686/686/686
f 680/680/680 686/686/686 687/687/687
f 680/680/680 687/687/687 681/681/681
f 688/688/688 689/689/689 690/690/690
f 688/688/688 690/690/690 691/691/691
f 688/688/688 691/691/691 692/692/692
f 688/688/688 692/692/692 693/693/693
f 688/688/688 693/693/693 463/463/463
f 688/688/688 463/463/463 694/694/694
f 688/688/688 694/694/694 695/695/695
f 688/688/688 695/695/695 689/689/689
f 696/696/696 697/697/697 698/698/698
f 696/696/696 698/698/698 699/699/699
f 696/696/696 699/699/699 700/700/700
f 696/696/696 700/700/700 701/701/701
f 696/696/696 701/701/701 702/702/702
f 696/696/696 702/702/702 703/703/703
f 696/696/696 703/703/703 704/704/704
f 696/696/696 704/704/704 697/697/697
f 705/705/705 706/706/706 707/707/707
f 705/705/705 707/707/707 708/708/708
f 705/705/705 708/708/708 709/709/709
f 705/705/705 709/709/709 710/710/710
f 705/705/705 710/710/710 711/711/711
f 705/705/705 711/711/711 712/712/712
f 705/705/705 712/712/712 713/713/713
f 705/705/705 713/713/713 706/706/706
f 714/714/714 715/715/715 716/716/716
f 714/714/714 716/716/716 717/717/717
f 714/714/714 717/717/717 718/718/718
f 714/714/714 718/718/718 719/719/719
f 714/714/714 719/719/719 720/720/720
f 714/714/714 720/720/720 721/721/721
f 714/714/714 721/721/721 722/722/722
f 714/714/714 722/722/722 715/715/715
f 723/723/723 724/724/724 725/725/725
f 723/723/723 725/725/725 726/726/726
f 723/723/723 726/726/726 727/727/727
f 723/723/723 727/727/727 728/728/728
f 723/723/723 728/728/728 312/312/312
f 723/723/723 312/312/312 337/337/337
f 723/723/723 337/337/337 729/729/729
f 723/723/723 729/729/729 724/724/724
f 730/730/730 731/731/731 732/732/732
f 730/730/730 732/732/732 733/733/733
f 730/730/730 733/733/733 734/734/734
f 730/730/730 734/734/734 735/735/735
f 730/730/730 735/735/735 736/736/736
f 730/730/730 736/736/736 737/737/737
f 730/730/730 737/737/737 738/738/738
f 730/730/730 738/738/738 731/731/731
f 739/739/739 740/740/740 741/741/741
f 739/739/739 741/741/741 742/742/742
f 739/739/739 742/742/742 743/743/743
f 739/739/739 743/743/743 744/744/744
f 739/739/739 744/744/744 745/745/745
f 739/739/739 745/745/745 313/313/313
f 739/739/739 313/313/313 338/338/338
f 739/739/739 338/338/338 740/740/740
f 746/746/746 747/747/747 748/748/748
f 746/746/746 748/748/748 749/749/749
f 746/746/746 749/749/749 750/750/750
f 746/746/746 750/750/750 751/751/751
f 746/746/746 751/751/751 447/447/447
f 746/746/746 447/447/447 752/752/752
f 746/746/746 752/752/752 753/753/753
f 746/746/746 753/753/753 747/747/747
f 754/754/754 755/755/755 756/756/756
f 754/754/754 756/756/756 757/757/757
f 754/754/754 757/757/757 758/758/758
f 754/754/754 758/758/758 759/759/759
f 754/754/754 759/759/759 439/439/439
f 754/754/754 439/439/439 329/329/329
f 754/754/754 329/329/329 760/760/760
f 754/754/754 760/760/760 755/755/755
f 761/761/761 762/762/762 763/763/763
f 761/761/761 763/763/763 764/764/764
f 761/761/761 764/764/764 765/765/765
f 761/761/761 765/765/765 766/766/766
f 761/761/761 766/766/766 767/767/767
f 761/761/761 767/767/767 768/768/768
f 761/761/761 768/768/768 769/769/769
f 761/761/761 769/769/769 762/762/762
f 770/770/770 771/771/771 772/772/772
f 770/770/770 772/772/772 773/773/773
f 770/770/770 773/773/773 774/774/774
f 770/770/770 774/774/774 775/775/775
f 770/770/770 775/775/775 776/776/776
f 770/770/770 776/776/776 777/777/777
f 770/770/770 777/777/777 778/778/778
f 770/770/770 778/778/778 771/771/771
f 779/779/779 780/780/780 781/781/781
f 779/779/779 781/781/781 782/782/782
f 779/779/779 782/782/782 783/783/783
f 779/779/779 783/783/783 784/784/784
f 779/779/779 784/784/784 785/785/785
f 779/779/779 785/785/785 786/786/786
f 779/779/779 786/786/786 787/787/787
f 779/779/779 787/787/787 780/780/780
f 788/788/788 789/789/789 790/790/790
f 788/788/788 790/790/790 791/791/791
f 788/788/788 791/791/791 792/792/792
f 788/788/788 792/792/792 793/793/793
f 788/788/788 793/793/793 794/794/794
f 788/788/788 794/794/794 795/795/795
f 788/788/788 795/795/795 796/796/796
f 788/788/788 796/796/796 789/789/789
f 797/797/797 798/798/798 799/799/799
f 797/797/797 799/799/799 800/800/800
f 797/797/797 800/800/800 801/801/801
f 797/797/797 801/801/801 802/802/802
f 797/797/797 802/802/802 803/803/803
f 797/797/797 803/803/803 804/804/804
f 797/797/797 804/804/804 805/805/805
f 797/797/797 805/805/805 798/798/798
f 806/806/806 807/807/807 808/808/808
f 806/806/806 808/808/808 809/809/809
f 806/806/806 809/809/809 810/810/810
f 806/806/806 810/810/810 811/811/811
f 806/806/806 811/811/811 812/812/812
f 806/806/806 812/812/812 813/813/813
f 806/806/806 813/813/813 814/814/814
f 806/806/806 814/814/814 807/807/807
f 815/815/815 816/816/816 817/817/817
f 815/815/815 817/817/817 818/818/818
f 815/815/815 818/818/818 819/819/819
f 815/815/815 819/819/819 820/820/820
f 815/815/815 820/820/820 821/821/821
f 815/815/815 821/821/821 822/822/822
f 815/815/815 822/822/822 823/823/823
f 815/815/815 823/823/823 816/816/816
f 824/824/824 825/825/825 826/826/826
f 824/824/824 826/826/826 827/827/827
f 824/824/824 827/827/827 828/828/828
f 824/824/824 828/828/828 829/829/829
f 824/824/824 829/829/829 830/830/830
f 824/824/824 830/830/830 831/831/831
f 824/824/824 831/831/831 832/832/832
f 824/824/824 832/832/832 825/825/825
f 833/833/833 834/834/834 835/835/835
f 833/833/833 835/835/835 836/836/836
f 833/833/833 836/836/836 837/837/837
f 833/833/833 837/837/837 838/838/838
f 833/833/833 838/838/838 839/839/839
f 833/833/833 839/839/839 840/840/840
f 833/833/833 840/840/840 841/841/841
f 833/833/833 841/841/841 834/834/834
f 842/842/842 843/843/843 844/844/844
f 842/842/842 844/844/844 845/845/845
f 842/842/842 845/845/845 846/846/846
f 842/842/842 846/846/846 847/847/847
f 842/842/842 847/847/847 848/848/848
f 842/842/842 848/848/848 849/849/849
f 842/842/842 849/849/849 850/850/850
f 842/842/842 850/850/850 843/843/843
f 851/851/851 852/852/852 853/853/853
f 851/851/851 853/853/853 854/854/854
f 851/851/851 854/854/854 855/855/855
f 851/851/851 855/855/855 856/856/856
f 851/851/851 856/856/856 857/857/857
f 851/851/851 857/857/857 858/858/858
f 851/851/851 858/858/858 859/859/859
f 851/851/851 859/859/859 852/852/852
f 860/860/860 861/861/861 862/862/862
f 860/860/860 862/862/862 863/863/863
f 860/860/860 863/863/863 864/864/864
f 860/860/860 864/864/864 865/865/865
f 860/860/860 865/865/865 866/866/866
f 860/860/860 866/866/866 867/867/867
f 860/860/860 867/867/867 868/868/868
f 860/860/860 868/868/868 861/861/861
f 869/869/869 143/143/143 142/142/142
f 869/869/869 142/142/142 870/870/870
f 869/869/869 870/870/870 871/871/871
f 869/869/869 871/871/871 872/872/872
f 869/869/869 872/872/872 873/873/873
f 869/869/869 873/873/873 874/874/874
f 869/869/869 874/874/874 144/144/144
f 869/869/869 144/144/144 143/143/143
f 875/875/875 872/872/872 871/871/871
f 875/875/875 871/871/871 876/876/876
f 875/875/875 876/876/876 877/877/877
f 875/875/875 877/877/877 878/878/878
f 875/875/875 878/878/878 879/879/879
f 875/875/875 879/879/879 880/880/880
f 875/875/875 880/880/880 873/873/873
f 875/875/875 873/873/873 872/872/872
f 881/881/881 149/149/149 144/144/144
f 881/881/881 144/144/144 874/874/874
f 881/881/881 874/874/874 873/873/873
f 881/881/881 873/873/873 882/882/882
f 881/881/881 882/882/882 883/883/883
f 881/881/881 883/883/883 884/884/884
f 881/881/881 884/884/884 150/150/150
f 881/881/881 150/150/150 149/149/149
f 885/885/885 882/882/882 873/873/873
f 885/885/885 873/873/873 880/880/880
f 885/885/885 880/880/880 879/879/879
f 885/885/885 879/879/879 886/886/886
f 885/885/885 886/886/886 887/887/887
f 885/885/885 887/887/887 888/888/888
f 885/885/885 888/888/888 883/883/883
f 885/885/885 883/883/883 882/882/882
f 889/889/889 890/890/890 891/891/891
f 889/889/889 891/891/891 892/892/892
f 889/889/889 892/892/892 893/893/893
f 889/889/889 893/893/893 894/894/894
f 889/889/889 894/894/894 895/895/895
f 889/889/889 895/895/895 896/896/896
f 889/889/889 896/896/896 897/897/897
f 889/889/889 897/897/897 890/890/890
f 898/898/898 894/894/894 893/893/893
f 898/898/898 893/893/893 899/899/899
f 898/898/898 899/899/899 210/210/210
f 898/898/898 210/210/210 209/209/209
f 898/898/898 209/209/209 204/204/204
f 898/898/898 204/204/204 900/900/900
f 898/898/898 900/900/900 895/895/895
f 898/898/898 895/895/895 894/894/894
f 901/901/901 902/902/902 897/897/897
f 901/901/901 897/897/897 896/896/896
f 901/901/901 896/896/896 895/895/895
f 901/901/901 895/895/895 903/903/903
f 901/901/901 903/903/903 904/904/904
f 901/901/901 904/904/904 905/905/905
f 901/901/901 905/905/905 906/906/906
f 901/901/901 906/906/906 902/902/902
f 907/907/907 903/903/903 895/895/895
f 907/907/907 895/895/895 900/900/900
f 907/907/907 900/900/900 204/204/204
f 907/907/907 204/204/204 203/203/203
f 907/907/907 203/203/203 202/202/202
f 907/907/907 202/202/202 908/908/908
f 907/907/907 908/908/908 904/904/904
f 907/907/907 904/904/904 903/903/903
f 909/909/909 910/910/910 911/911/911
f 909/909/909 911/911/911 912/912/912
f 909/909/909 912/912/912 913/913/913
f 909/909/909 913/913/913 914/914/914
f 909/909/909 914/914/914 915/915/915
f 909/909/909 915/915/915 916/916/916
f 909/909/909 916/916/916 917/917/917
f 909/909/909 917/917/917 910/910/910
f 918/918/918 914/914/914 913/913/913
f 918/918/918 913/913/913 919/919/919
f 918/918/918 919/919/919 285/285/285
f 918/918/918 285/285/285 284/284/284
f 918/918/918 284/284/284 291/291/291
f 918/918/918 291/291/291 920/920/920
f 918/918/918 920/920/920 915/915/915
f 918/918/918 915/915/915 914/914/914
f 921/921/921 922/922/922 923/923/923
f 921/921/921 923/923/923 924/924/924
f 921/921/921 924/924/924 925/925/925
f 921/921/921 925/925/925 926/926/926
f 921/921/921 926/926/926 927/927/927
f 921/921/921 927/927/927 928/928/928
f 921/921/921 928/928/928 929/929/929
f 921/921/921 929/929/929 922/922/922
f 930/930/930 926/926/926 925/925/925
f 930/930/930 925/925/925 931/931/931
f 930/930/930 931/931/931 294/294/294
f 930/930/930 294/294/294 293/293/293
f 930/930/930 293/293/293 300/300/300
f 930/930/930 300/300/300 932/932/932
f 930/930/930 932/932/932 927/927/927
f 930/930/930 927/927/927 926/926/926
f 933/933/933 934/934/934 935/935/935
f 933/933/933 935/935/935 936/936/936
f 933/933/933 936/936/936 937/937/937
f 933/933/933 937/937/937 938/938/938
f 933/933/933 938/938/938 925/925/925
f 933/933/933 925/925/925 924/924/924
f 933/933/933 924/924/924 923/923/923
f 933/933/933 923/923/923 934/934/934
f 939/939/939 938/938/938 937/937/937
f 939/939/939 937/937/937 940/940/940
f 939/939/939 940/940/940 303/303/303
f 939/939/939 303/303/303 302/302/302
f 939/939/939 302/302/302 294/294/294
f 939/939/939 294/294/294 931/931/931
f 939/939/939 931/931/931 925/925/925
f 939/939/939 925/925/925 938/938/938
f 941/941/941 942/942/942 943/943/943
f 941/941/941 943/943/943 944/944/944
f 941/941/941 944/944/944 945/945/945
f 941/941/941 945/945/945 946/946/946
f 941/941/941 946/946/946 947/947/947
f 941/941/941 947/947/947 948/948/948
f 941/941/941 948/948/948 328/328/328
f 941/941/941 328/328/328 942/942/942
f 949/949/949 946/946/946 945/945/945
f 949/949/949 945/945/945 950/950/950
f 949/949/949 950/950/950 891/891/891
f 949/949/949 891/891/891 951/951/951
f 949/949/949 951/951/951 952/952/952
f 949/949/949 952/952/952 953/953/953
f 949/949/949 953/953/953 947/947/947
f 949/949/949 947/947/947 946/946/946
f 954/954/954 955/955/955 956/956/956
f 954/954/954 956/956/956 957/957/957
f 954/954/954 957/957/957 958/958/958
f 954/954/954 958/958/958 959/959/959
f 954/954/954 959/959/959 960/960/960
f 954/954/954 960/960/960 961/961/961
f 954/954/954 961/961/961 962/962/962
f 954/954/954 962/962/962 955/955/955
f 963/963/963 959/959/959 958/958/958
f 963/963/963 958/958/958 964/964/964
f 963/963/963 964/964/964 142/142/142
f 963/963/963 142/142/142 965/965/965
f 963/963/963 965/965/965 966/966/966
f 963/963/963 966/966/966 967/967/967
f 963/963/963 967/967/967 960/960/960
f 963/963/963 960/960/960 959/959/959
f 968/968/968 969/969/969 970/970/970
f 968/968/968 970/970/970 971/971/971
f 968/968/968 971/971/971 972/972/972
f 968/968/968 972/972/972 973/973/973
f 968/968/968 973/973/973 974/974/974
f 968/968/968 974/974/974 975/975/975
f 968/968/968 975/975/975 976/976/976
f 968/968/968 976/976/976 969/969/969
f 977/977/977 973/973/973 972/972/972
f 977/977/977 972/972/972 978/978/978
f 977/977/977 978/978/978 979/979/979
f 977/977/977 979/979/979 980/980/980
f 977/977/977 980/980/980 981/981/981
f 977/977/977 981/981/981 982/982/982
f 977/977/977 982/982/982 974/974/974
f 977/977/977 974/974/974 973/973/973
f 983/983/983 984/984/984 985/985/985
f 983/983/983 985/985/985 986/986/986
f 983/983/983 986/986/986 987/987/987
f 983/983/983 987/987/987 988/988/988
f 983/983/983 988/988/988 989/989/989
f 983/983/983 989/989/989 990/990/990
f 983/983/983 990/990/990 991/991/991
f 983/983/983 991/991/991 984/984/984
f 992/992/992 988/988/988 987/987/987
f 992/992/992 987/987/987 993/993/993
f 992/992/992 993/993/993 687/687/687
f 992/992/992 687/687/687 994/994/994
f 992/992/992 994/994/994 995/995/995
f 992/992/992 995/995/995 996/996/996
f 992/992/992 996/996/996 989/989/989
f 992/992/992 989/989/989 988/988/988
f 997/997/997 998/998/998 999/999/999
f 997/997/997 999/999/999 1000/1000/1000
f 997/997/997 1000/1000/1000 1001/1001/1001
f 997/997/997 1001/1001/1001 1002/1002/1002
f 997/997/997 1002/1002/1002 1003/1003/1003
f 997/997/997 1003/1003/1003 1004/1004/1004
f 997/997/997 1004/1004/1004 753/753/753
f 997/997/997 753/753/753 998/998/998
f 1005/1005/1005 1002/1002/1002 1001/1001/1001
f 1005/1005/1005 1001/1001/1001 1006/1006/1006
f 1005/1005/1005 1006/1006/1006 1007/1007/1007
f 1005/1005/1005 1007/1007/1007 1008/1008/1008
f 1005/1005/1005 1008/1008/1008 1009/1009/1009
f 1005/1005/1005 1009/1009/1009 1010/1010/1010
f 1005/1005/1005 1010/1010/1010 1003/1003/1003
f 1005/1005/1005 1003/1003/1003 1002/1002/1002
f 1011/1011/1011 1012/1012/1012 1013/1013/1013
f 1011/1011/1011 1013/1013/1013 1014/1014/1014
f 1011/1011/1011 1014/1014/1014 1015/1015/1015
f 1011/1011/1011 1015/1015/1015 1016/1016/1016
f 1011/1011/1011 1016/1016/1016 1017/1017/1017
f 1011/1011/1011 1017/1017/1017 1018/1018/1018
f 1011/1011/1011 1018/1018/1018 1019/1019/1019
f 1011/1011/1011 1019/1019/1019 1012/1012/1012
f 1020/1020/1020 1016/1016/1016 1015/1015/1015
f 1020/1020/1020 1015/1015/1015 1021/1021/1021
f 1020/1020/1020 1021/1021/1021 1022/1022/1022
f 1020/1020/1020 1022/1022/1022 1023/1023/1023
f 1020/1020/1020 1023/1023/1023 1024/1024/1024
f 1020/1020/1020 1024/1024/1024 1025/1025/1025
f 1020/1020/1020 1025/1025/1025 1017/1017/1017
f 1020/1020/1020 1017/1017/1017 1016/1016/1016
f 1026/1026/1026 1027/1027/1027 1028/1028/1028
f 1026/1026/1026 1028/1028/1028 1029/1029/1029
f 1026/1026/1026 1029/1029/1029 1030/1030/1030
f 1026/1026/1026 1030/1030/1030 1031/1031/1031
f 1026/1026/1026 1031/1031/1031 1032/1032/1032
f 1026/1026/1026 1032/1032/1032 1033/1033/1033
f 1026/1026/1026 1033/1033/1033 1034/1034/1034
f 1026/1026/1026 1034/1034/1034 1027/1027/1027
f 1035/1035/1035 1031/1031/1031 1030/1030/1030
f 1035/1035/1035 1030/1030/1030 1036/1036/1036
f 1035/1035/1035 1036/1036/1036 1037/1037/1037
f 1035/1035/1035 1037/1037/1037 1038/1038/1038
f 1035/1035/1035 1038/1038/1038 1039/1039/1039
f 1035/1035/1035 1039/1039/1039 1040/1040/1040
f 1035/1035/1035 1040/1040/1040 1032/1032/1032
f 1035/1035/1035 1032/1032/1032 1031/1031/1031
f 1041/1041/1041 1042/1042/1042 868/868/868
f 1041/1041/1041 868/868/868 1043/1043/1043
f 1041/1041/1041 1043/1043/1043 1044/1044/1044
f 1041/1041/1041 1044/1044/1044 1045/1045/1045
f 1041/1041/1041 1045/1045/1045 1046/1046/1046
f 1041/1041/1041 1046/1046/1046 1047/1047/1047
f 1041/1041/1041 1047/1047/1047 1048/1048/1048
f 1041/1041/1041 1048/1048/1048 1042/1042/1042
f 1049/1049/1049 1045/1045/1045 1044/1044/1044
f 1049/1049/1049 1044/1044/1044 1050/1050/1050
f 1049/1049/1049 1050/1050/1050 1051/1051/1051
f 1049/1049/1049 1051/1051/1051 1052/1052/1052
f 1049/1049/1049 1052/1052/1052 1053/1053/1053
f 1049/1049/1049 1053/1053/1053 1054/1054/1054
f 1049/1049/1049 1054/1054/1054 1046/1046/1046
f 1049/1049/1049 1046/1046/1046 1045/1045/1045
f 1055/1055/1055 1056/1056/1056 1057/1057/1057
f 1055/1055/1055 1057/1057/1057 1058/1058/1058
f 1055/1055/1055 1058/1058/1058 1059/1059/1059
f 1055/1055/1055 1059/1059/1059 1060/1060/1060
f 1055/1055/1055 1060/1060/1060 1061/1061/1061
f 1055/1055/1055 1061/1061/1061 1062/1062/1062
f 1055/1055/1055 1062/1062/1062 1063/1063/1063
f 1055/1055/1055 1063/1063/1063 1056/1056/1056
f 1064/1064/1064 1060/1060/1060 1059/1059/1059
f 1064/1064/1064 1059/1059/1059 1065/1065/1065
f 1064/1064/1064 1065/1065/1065 1066/1066/1066
f 1064/1064/1064 1066/1066/1066 1067/1067/1067
f 1064/1064/1064 1067/1067/1067 1068/1068/1068
f 1064/1064/1064 1068/1068/1068 1069/1069/1069
f 1064/1064/1064 1069/1069/1069 1061/1061/1061
f 1064/1064/1064 1061/1061/1061 1060/1060/1060
f 1070/1070/1070 1071/1071/1071 1072/1072/1072
f 1070/1070/1070 1072/1072/1072 1073/1073/1073
f 1070/1070/1070 1073/1073/1073 1074/1074/1074
f 1070/1070/1070 1074/1074/1074 1075/1075/1075
f 1070/1070/1070 1075/1075/1075 1076/1076/1076
f 1070/1070/1070 1076/1076/1076 1077/1077/1077
f 1070/1070/1070 1077/1077/1077 1078/1078/1078
f 1070/1070/1070 1078/1078/1078 1071/1071/1071
f 1079/1079/1079 1080/1080/1080 1078/1078/1078
f 1079/1079/1079 1078/1078/1078 1077/1077/1077
f 1079/1079/1079 1077/1077/1077 1076/1076/1076
f 1079/1079/1079 1076/1076/1076 1081/1081/1081
f 1079/1079/1079 1081/1081/1081 1082/1082/1082
f 1079/1079/1079 1082/1082/1082 1083/1083/1083
f 1079/1079/1079 1083/1083/1083 1084/1084/1084
f 1079/1079/1079 1084/1084/1084 1080/1080/1080
f 1085/1085/1085 1071/1071/1071 1078/1078/1078
f 1085/1085/1085 1078/1078/1078 1086/1086/1086
f 1085/1085/1085 1086/1086/1086 1087/1087/1087
f 1085/1085/1085 1087/1087/1087 1088/1088/1088
f 1085/1085/1085 1088/1088/1088 1089/1089/1089
f 1085/1085/1085 1089/1089/1089 1090/1090/1090
f 1085/1085/1085 1090/1090/1090 1072/1072/1072
f 1085/1085/1085 1072/1072/1072 1071/1071/1071
f 1091/1091/1091 1080/1080/1080 1084/1084/1084
f 1091/1091/1091 1084/1084/1084 1092/1092/1092
f 1091/1091/1091 1092/1092/1092 1093/1093/1093
f 1091/1091/1091 1093/1093/1093 1094/1094/1094
f 1091/1091/1091 1094/1094/1094 1087/1087/1087
f 1091/1091/1091 1087/1087/1087 1086/1086/1086
f 1091/1091/1091 1086/1086/1086 1078/1078/1078
f 1091/1091/1091 1078/1078/1078 1080/1080/1080
f 1095/1095/1095 1096/1096/1096 1097/1097/1097
f 1095/1095/1095 1097/1097/1097 1098/1098/1098
f 1095/1095/1095 1098/1098/1098 1099/1099/1099
f 1095/1095/1095 1099/1099/1099 1100/1100/1100
f 1095/1095/1095 1100/1100/1100 1101/1101/1101
f 1095/1095/1095 1101/1101/1101 1102/1102/1102
f 1095/1095/1095 1102/1102/1102 1103/1103/1103
f 1095/1095/1095 1103/1103/1103 1096/1096/1096
f 1104/1104/1104 1105/1105/1105 1106/1106/1106
f 1104/1104/1104 1106/1106/1106 1107/1107/1107
f 1104/1104/1104 1107/1107/1107 1108/1108/1108
f 1104/1104/1104 1108/1108/1108 1109/1109/1109
f 1104/1104/1104 1109/1109/1109 1099/1099/1099
f 1104/1104/1104 1099/1099/1099 1098/1098/1098
f 1104/1104/1104 1098/1098/1098 1097/1097/1097
f 1104/1104/1104 1097/1097/1097 1105/1105/1105
f 1110/1110/1110 1100/1100/1100 1099/1099/1099
f 1110/1110/1110 1099/1099/1099 1111/1111/1111
f 1110/1110/1110 1111/1111/1111 1112/1112/1112
f 1110/1110/1110 1112/1112/1112 1113/1113/1113
f 1110/1110/1110 1113/1113/1113 1114/1114/1114
f 1110/1110/1110 1114/1114/1114 1115/1115/1115
f 1110/1110/1110 1115/1115/1115 1101/1101/1101
f 1110/1110/1110 1101/1101/1101 1100/1100/1100
f 1116/1116/1116 1109/1109/1109 1108/1108/1108
f 1116/1116/1116 1108/1108/1108 1117/1117/1117
f 1116/1116/1116 1117/1117/1117 1118/1118/1118
f 1116/1116/1116 1118/1118/1118 1119/1119/1119
f 1116/1116/1116 1119/1119/1119 1112/1112/1112
f 1116/1116/1116 1112/1112/1112 1111/1111/1111
f 1116/1116/1116 1111/1111/1111 1099/1099/1099
f 1116/1116/1116 1099/1099/1099 1109/1109/1109
f 1120/1120/1120 1121/1121/1121 1122/1122/1122
f 1120/1120/1120 1122/1122/1122 1123/1123/1123
f 1120/1120/1120 1123/1123/1123 1124/1124/1124
f 1120/1120/1120 1124/1124/1124 1125/1125/1125
f 1120/1120/1120 1125/1125/1125 1126/1126/1126
f 1120/1120/1120 1126/1126/1126 1127/1127/1127
f 1120/1120/1120 1127/1127/1127 1128/1128/1128
f 1120/1120/1120 1128/1128/1128 1121/1121/1121
f 1129/1129/1129 1130/1130/1130 1131/1131/1131
f 1129/1129/1129 1131/1131/1131 1132/1132/1132
f 1129/1129/1129 1132/1132/1132 1133/1133/1133
f 1129/1129/1129 1133/1133/1133 1134/1134/1134
f 1129/1129/1129 1134/1134/1134 1124/1124/1124
f 1129/1129/1129 1124/1124/1124 1123/1123/1123
f 1129/1129/1129 1123/1123/1123 1122/1122/1122
f 1129/1129/1129 1122/1122/1122 1130/1130/1130
f 1135/1135/1135 1136/1136/1136 1137/1137/1137
f 1135/1135/1135 1137/1137/1137 1138/1138/1138
f 1135/1135/1135 1138/1138/1138 1139/1139/1139
f 1135/1135/1135 1139/1139/1139 1140/1140/1140
f 1135/1135/1135 1140/1140/1140 1141/1141/1141
f 1135/1135/1135 1141/1141/1141 1142/1142/1142
f 1135/1135/1135 1142/1142/1142 1143/1143/1143
f 1135/1135/1135 1143/1143/1143 1136/1136/1136
f 1144/1144/1144 1145/1145/1145 1146/1146/1146
f 1144/1144/1144 1146/1146/1146 1147/1147/1147
f 1144/1144/1144 1147/1147/1147 1148/1148/1148
f 1144/1144/1144 1148/1148/1148 1149/1149/1149
f 1144/1144/1144 1149/1149/1149 1139/1139/1139
f 1144/1144/1144 1139/1139/1139 1138/1138/1138
f 1144/1144/1144 1138/1138/1138 1137/1137/1137
f 1144/1144/1144 1137/1137/1137 1145/1145/1145
f 1150/1150/1150 1151/1151/1151 1152/1152/1152
f 1150/1150/1150 1152/1152/1152 1153/1153/1153
f 1150/1150/1150 1153/1153/1153 1139/1139/1139
f 1150/1150/1150 1139/1139/1139 1149/1149/1149
f 1150/1150/1150 1149/1149/1149 1148/1148/1148
f 1150/1150/1150 1148/1148/1148 1154/1154/1154
f 1150/1150/1150 1154/1154/1154 1155/1155/1155
f 1150/1150/1150 1155/1155/1155 1151/1151/1151
f 1156/1156/1156 1157/1157/1157 1158/1158/1158
f 1156/1156/1156 1158/1158/1158 1159/1159/1159
f 1156/1156/1156 1159/1159/1159 1141/1141/1141
f 1156/1156/1156 1141/1141/1141 1140/1140/1140
f 1156/1156/1156 1140/1140/1140 1139/1139/1139
f 1156/1156/1156 1139/1139/1139 1153/1153/1153
f 1156/1156/1156 1153/1153/1153 1152/1152/1152
f 1156/1156/1156 1152/1152/1152 1157/1157/1157
f 1160/1160/1160 1161/1161/1161 1162/1162/1162
f 1160/1160/1160 1162/1162/1162 1163/1163/1163
f 1160/1160/1160 1163/1163/1163 1164/1164/1164
f 1160/1160/1160 1164/1164/1164 1165/1165/1165
f 1160/1160/1160 1165/1165/1165 1166/1166/1166
f 1160/1160/1160 1166/1166/1166 1167/1167/1167
f 1160/1160/1160 1167/1167/1167 1168/1168/1168
f 1160/1160/1160 1168/1168/1168 1161/1161/1161
f 1169/1169/1169 1170/1170/1170 1171/1171/1171
f 1169/1169/1169 1171/1171/1171 1172/1172/1172
f 1169/1169/1169 1172/1172/1172 1173/1173/1173
f 1169/1169/1169 1173/1173/1173 1174/1174/1174
f 1169/1169/1169 1174/1174/1174 1164/1164/1164
f 1169/1169/1169 1164/1164/1164 1163/1163/1163
f 1169/1169/1169 1163/1163/1163 1162/1162/1162
f 1169/1169/1169 1162/1162/1162 1170/1170/1170
f 1175/1175/1175 1176/1176/1176 1177/1177/1177
f 1175/1175/1175 1177/1177/1177 1178/1178/1178
f 1175/1175/1175 1178/1178/1178 1179/1179/1179
f 1175/1175/1175 1179/1179/1179 1180/1180/1180
f 1175/1175/1175 1180/1180/1180 1181/1181/1181
f 1175/1175/1175 1181/1181/1181 1182/1182/1182
f 1175/1175/1175 1182/1182/1182 1183/1183/1183
f 1175/1175/1175 1183/1183/1183 1176/1176/1176
f 1184/1184/1184 1185/1185/1185 1186/1186/1186
f 1184/1184/1184 1186/1186/1186 1187/1187/1187
f 1184/1184/1184 1187/1187/1187 1188/1188/1188
f 1184/1184/1184 1188/1188/1188 1189/1189/1189
f 1184/1184/1184 1189/1189/1189 1179/1179/1179
f 1184/1184/1184 1179/1179/1179 1178/1178/1178
f 1184/1184/1184 1178/1178/1178 1177/1177/1177
f 1184/1184/1184 1177/1177/1177 1185/1185/1185
f 1190/1190/1190 1191/1191/1191 1192/1192/1192
f 1190/1190/1190 1192/1192/1192 1193/1193/1193
f 1190/1190/1190 1193/1193/1193 1194/1194/1194
f 1190/1190/1190 1194/1194/1194 1195/1195/1195
f 1190/1190/1190 1195/1195/1195 1196/1196/1196
f 1190/1190/1190 1196/1196/1196 1197/1197/1197
f 1190/1190/1190 1197/1197/1197 1198/1198/1198
f 1190/1190/1190 1198/1198/1198 1191/1191/1191
f 1199/1199/1199 1200/1200/1200 1201/1201/1201
f 1199/1199/1199 1201/1201/1201 1202/1202/1202
f 1199/1199/1199 1202/1202/1202 1203/1203/1203
f 1199/1199/1199 1203/1203/1203 1204/1204/1204
f 1199/1199/1199 1204/1204/1204 1194/1194/1194
f 1199/1199/1199 1194/1194/1194 1193/1193/1193
f 1199/1199/1199 1193/1193/1193 1192/1192/1192
f 1199/1199/1199 1192/1192/1192 1200/1200/1200
f 1205/1205/1205 1206/1206/1206 1207/1207/1207
f 1205/1205/1205 1207/1207/1207 1208/1208/1208
f 1205/1205/1205 1208/1208/1208 1209/1209/1209
f 1205/1205/1205 1209/1209/1209 1210/1210/1210
f 1205/1205/1205 1210/1210/1210 1211/1211/1211
f 1205/1205/1205 1211/1211/1211 1212/1212/1212
f 1205/1205/1205 1212/1212/1212 1213/1213/1213
f 1205/1205/1205 1213/1213/1213 1206/1206/1206
f 1214/1214/1214 1215/1215/1215 1216/1216/1216
f 1214/1214/1214 1216/1216/1216 1217/1217/1217
f 1214/1214/1214 1217/1217/1217 1218/1218/1218
f 1214/1214/1214 1218/1218/1218 1219/1219/1219
f 1214/1214/1214 1219/1219/1219 1209/1209/1209
f 1214/1214/1214 1209/1209/1209 1208/1208/1208
f 1214/1214/1214 1208/1208/1208 1207/1207/1207
f 1214/1214/1214 1207/1207/1207 1215/1215/1215
f 1220/1220/1220 1221/1221/1221 1222/1222/1222
f 1220/1220/1220 1222/1222/1222 1223/1223/1223
f 1220/1220/1220 1223/1223/1223 1224/1224/1224
f 1220/1220/1220 1224/1224/1224 1225/1225/1225
f 1220/1220/1220 1225/1225/1225 1226/1226/1226
f 1220/1220/1220 1226/1226/1226 1227/1227/1227
f 1220/1220/1220 1227/1227/1227 1228/1228/1228
f 1220/1220/1220 1228/1228/1228 1221/1221/1221
f 1229/1229/1229 1230/1230/1230 1231/1231/1231
f 1229/1229/1229 1231/1231/1231 1232/1232/1232
f 1229/1229/1229 1232/1232/1232 1233/1233/1233
f 1229/1229/1229 1233/1233/1233 1234/1234/1234
f 1229/1229/1229 1234/1234/1234 1224/1224/1224
f 1229/1229/1229 1224/1224/1224 1223/1223/1223
f 1229/1229/1229 1223/1223/1223 1222/1222/1222
f 1229/1229/1229 1222/1222/1222 1230/1230/1230
f 1235/1235/1235 1236/1236/1236 1237/1237/1237
f 1235/1235/1235 1237/1237/1237 1238/1238/1238
f 1235/1235/1235 1238/1238/1238 1239/1239/1239
f 1235/1235/1235 1239/1239/1239 1240/1240/1240
f 1235/1235/1235 1240/1240/1240 1241/1241/1241
f 1235/1235/1235 1241/1241/1241 1242/1242/1242
f 1235/1235/1235 1242/1242/1242 1243/1243/1243
f 1235/1235/1235 1243/1243/1243 1236/1236/1236
f 1244/1244/1244 1245/1245/1245 1246/1246/1246
f 1244/1244/1244 1246/1246/1246 1247/1247/1247
f 1244/1244/1244 1247/1247/1247 1248/1248/1248
f 1244/1244/1244 1248/1248/1248 1249/1249/1249
f 1244/1244/1244 1249/1249/1249 1239/1239/1239
f 1244/1244/1244 1239/1239/1239 1238/1238/1238
f 1244/1244/1244 1238/1238/1238 1237/1237/1237
f 1244/1244/1244 1237/1237/1237 1245/1245/1245
f 1250/1250/1250 1251/1251/1251 1252/1252/1252
f 1250/1250/1250 1252/1252/1252 1253/1253/1253
f 1250/1250/1250 1253/1253/1253 1254/1254/1254
f 1250/1250/1250 1254/1254/1254 1255/1255/1255
f 1250/1250/1250 1255/1255/1255 1256/1256/1256
f 1250/1250/1250 1256/1256/1256 1257/1257/1257
f 1250/1250/1250 1257/1257/1257 1258/1258/1258
f 1250/1250/1250 1258/1258/1258 1251/1251/1251
f 1259/1259/1259 1260/1260/1260 1261/1261/1261
f 1259/1259/1259 1261/1261/1261 1262/1262/1262
f 1259/1259/1259 1262/1262/1262 1263/1263/1263
f 1259/1259/1259 1263/1263/1263 1264/1264/1264
f 1259/1259/1259 1264/1264/1264 1254/1254/1254
f 1259/1259/1259 1254/1254/1254 1253/1253/1253
f 1259/1259/1259 1253/1253/1253 1252/1252/1252
f 1259/1259/1259 1252/1252/1252 1260/1260/1260
f 1265/1265/1265 1266/1266/1266 1267/1267/1267
f 1265/1265/1265 1267/1267/1267 1268/1268/1268
f 1265/1265/1265 1268/1268/1268 1269/1269/1269
f 1265/1265/1265 1269/1269/1269 1270/1270/1270
f 1265/1265/1265 1270/1270/1270 1271/1271/1271
f 1265/1265/1265 1271/1271/1271 1272/1272/1272
f 1265/1265/1265 1272/1272/1272 1273/1273/1273
f 1265/1265/1265 1273/1273/1273 1266/1266/1266
f 1274/1274/1274 1275/1275/1275 1276/1276/1276
f 1274/1274/1274 1276/1276/1276 1277/1277/1277
f 1274/1274/1274 1277/1277/1277 1278/1278/1278
f 1274/1274/1274 1278/1278/1278 1279/1279/1279
f 1274/1274/1274 1279/1279/1279 1269/1269/1269
f 1274/1274/1274 1269/1269/1269 1268/1268/1268
f 1274/1274/1274 1268/1268/1268 1267/1267/1267
f 1274/1274/1274 1267/1267/1267 1275/1275/1275
f 1280/1280/1280 1281/1281/1281 1282/1282/1282
f 1280/1280/1280 1282/1282/1282 1283/1283/1283
f 1280/1280/1280 1283/1283/1283 1284/1284/1284
f 1280/1280/1280 1284/1284/1284 1285/1285/1285
f 1280/1280/1280 1285/1285/1285 1286/1286/1286
f 1280/1280/1280 1286/1286/1286 1287/1287/1287
f 1280/1280/1280 1287/1287/1287 1288/1288/1288
f 1280/1280/1280 1288/1288/1288 1281/1281/1281
f 1289/1289/1289 1290/1290/1290 1291/1291/1291
f 1289/1289/1289 1291/1291/1291 1292/1292/1292
f 1289/1289/1289 1292/1292/1292 1293/1293/1293
f 1289/1289/1289 1293/1293/1293 1294/1294/1294
f 1289/1289/1289 1294/1294/1294 1295/1295/1295
f 1289/1289/1289 1295/1295/1295 1296/1296/1296
f 1289/1289/1289 1296/1296/1296 1297/1297/1297
f 1289/1289/1289 1297/1297/1297 1290/1290/1290
f 1298/1298/1298 1299/1299/1299 1300/1300/1300
f 1298/1298/1298 1300/1300/1300 1301/1301/1301
f 1298/1298/1298 1301/1301/1301 1302/1302/1302
f 1298/1298/1298 1302/1302/1302 1303/1303/1303
f 1298/1298/1298 1303/1303/1303 1304/1304/1304
f 1298/1298/1298 1304/1304/1304 1305/1305/1305
f 1298/1298/1298 1305/1305/1305 1306/1306/1306
f 1298/1298/1298 1306/1306/1306 1299/1299/1299
f 1307/1307/1307 1308/1308/1308 1309/1309/1309
f 1307/1307/1307 1309/1309/1309 1310/1310/1310
f 1307/1307/1307 1310/1310/1310 1311/1311/1311
f 1307/1307/1307 1311/1311/1311 1312/1312/1312
f 1307/1307/1307 1312/1312/1312 1313/1313/1313
f 1307/1307/1307 1313/1313/1313 1314/1314/1314
f 1307/1307/1307 1314/1314/1314 1315/1315/1315
f 1307/1307/1307 1315/1315/1315 1308/1308/1308
f 1316/1316/1316 1317/1317/1317 1318/1318/1318
f 1316/1316/1316 1318/1318/1318 1319/1319/1319
f 1316/1316/1316 1319/1319/1319 1309/1309/1309
f 1316/1316/1316 1309/1309/1309 1308/1308/1308
f 1316/1316/1316 1308/1308/1308 1315/1315/1315
f 1316/1316/1316 1315/1315/1315 1320/1320/1320
f 1316/1316/1316 1320/1320/1320 1321/1321/1321
f 1316/1316/1316 1321/1321/1321 1317/1317/1317
f 1322/1322/1322 1323/1323/1323 1324/1324/1324
f 1322/1322/1322 1324/1324/1324 1325/1325/1325
f 1322/1322/1322 1325/1325/1325 1326/1326/1326
f 1322/1322/1322 1326/1326/1326 1327/1327/1327
f 1322/1322/1322 1327/1327/1327 1328/1328/1328
f 1322/1322/1322 1328/1328/1328 1329/1329/1329
f 1322/1322/1322 1329/1329/1329 1330/1330/1330
f 1322/1322/1322 1330/1330/1330 1323/1323/1323
f 1331/1331/1331 1332/1332/1332 1333/1333/1333
f 1331/1331/1331 1333/1333/1333 1334/1334/1334
f 1331/1331/1331 1334/1334/1334 1324/1324/1324
f 1331/1331/1331 1324/1324/1324 1323/1323/1323
f 1331/1331/1331 1323/1323/1323 1330/1330/1330
f 1331/1331/1331 1330/1330/1330 1335/1335/1335
f 1331/1331/1331 1335/1335/1335 1336/1336/1336
f 1331/1331/1331 1336/1336/1336 1332/1332/1332
f 1337/1337/1337 1338/1338/1338 1339/1339/1339
f 1337/1337/1337 1339/1339/1339 1340/1340/1340
f 1337/1337/1337 1340/1340/1340 1341/1341/1341
f 1337/1337/1337 1341/1341/1341 1342/1342/1342
f 1337/1337/1337 1342/1342/1342 1343/1343/1343
f 1337/1337/1337 1343/1343/1343 1344/1344/1344
f 1337/1337/1337 1344/1344/1344 1345/1345/1345
f 1337/1337/1337 1345/1345/1345 1338/1338/1338
f 1346/1346/1346 1347/1347/1347 1348/1348/1348
f 1346/1346/1346 1348/1348/1348 1349/1349/1349
f 1346/1346/1346 1349/1349/1349 1339/1339/1339
f 1346/1346/1346 1339/1339/1339 1338/1338/1338
f 1346/1346/1346 1338/1338/1338 1345/1345/1345
f 1346/1346/1346 1345/1345/1345 1350/1350/1350
f 1346/1346/1346 1350/1350/1350 1351/1351/1351
f 1346/1346/1346 1351/1351/1351 1347/1347/1347
f 1352/1352/1352 1353/1353/1353 1354/1354/1354
f 1352/1352/1352 1354/1354/1354 1355/1355/1355
f 1352/1352/1352 1355/1355/1355 1356/1356/1356
f 1352/1352/1352 1356/1356/1356 1357/1357/1357
f 1352/1352/1352 1357/1357/1357 1358/1358/1358
f 1352/1352/1352 1358/1358/1358 1359/1359/1359
f 1352/1352/1352 1359/1359/1359 1360/1360/1360
f 1352/1352/1352 1360/1360/1360 1353/1353/1353
f 1361/1361/1361 1362/1362/1362 1363/1363/1363
f 1361/1361/1361 1363/1363/1363 1364/1364/1364
f 1361/1361/1361 1364/1364/1364 1365/1365/1365
f 1361/1361/1361 1365/1365/1365 1366/1366/1366
f 1361/1361/1361 1366/1366/1366 1367/1367/1367
f 1361/1361/1361 1367/1367/1367 1368/1368/1368
f 1361/1361/1361 1368/1368/1368 1369/1369/1369
f 1361/1361/1361 1369/1369/1369 1362/1362/1362
f 1370/1370/1370 1371/1371/1371 1372/1372/1372
f 1370/1370/1370 1372/1372/1372 1373/1373/1373
f 1370/1370/1370 1373/1373/1373 1363/1363/1363
f 1370/1370/1370 1363/1363/1363 1362/1362/1362
f 1370/1370/1370 1362/1362/1362 1369/1369/1369
f 1370/1370/1370 1369/1369/1369 1374/1374/1374
f 1370/1370/1370 1374/1374/1374 1375/1375/1375
f 1370/1370/1370 1375/1375/1375 1371/1371/1371
f 1376/1376/1376 1377/1377/1377 1261/1261/1261
f 1376/1376/1376 1261/1261/1261 1378/1378/1378
f 1376/1376/1376 1378/1378/1378 1379/1379/1379
f 1376/1376/1376 1379/1379/1379 1380/1380/1380
f 1376/1376/1376 1380/1380/1380 1381/1381/1381
f 1376/1376/1376 1381/1381/1381 1382/1382/1382
f 1376/1376/1376 1382/1382/1382 1383/1383/1383
f 1376/1376/1376 1383/1383/1383 1377/1377/1377
f 1384/1384/1384 1385/1385/1385 1171/1171/1171
f 1384/1384/1384 1171/1171/1171 1386/1386/1386
f 1384/1384/1384 1386/1386/1386 1387/1387/1387
f 1384/1384/1384 1387/1387/1387 1388/1388/1388
f 1384/1384/1384 1388/1388/1388 1389/1389/1389
f 1384/1384/1384 1389/1389/1389 1390/1390/1390
f 1384/1384/1384 1390/1390/1390 1391/1391/1391
f 1384/1384/1384 1391/1391/1391 1385/1385/1385
f 1392/1392/1392 1393/1393/1393 1276/1276/1276
f 1392/1392/1392 1276/1276/1276 1394/1394/1394
f 1392/1392/1392 1394/1394/1394 1395/1395/1395
f 1392/1392/1392 1395/1395/1395 1396/1396/1396
f 1392/1392/1392 1396/1396/1396 1397/1397/1397
f 1392/1392/1392 1397/1397/1397 1398/1398/1398
f 1392/1392/1392 1398/1398/1398 1399/1399/1399
f 1392/1392/1392 1399/1399/1399 1393/1393/1393
f 1400/1400/1400 1401/1401/1401 1246/1246/1246
f 1400/1400/1400 1246/1246/1246 1402/1402/1402
f 1400/1400/1400 1402/1402/1402 1403/1403/1403
f 1400/1400/1400 1403/1403/1403 1404/1404/1404
f 1400/1400/1400 1404/1404/1404 1405/1405/1405
f 1400/1400/1400 1405/1405/1405 1406/1406/1406
f 1400/1400/1400 1406/1406/1406 1407/1407/1407
f 1400/1400/1400 1407/1407/1407 1401/1401/1401
f 1408/1408/1408 1409/1409/1409 1410/1410/1410
f 1408/1408/1408 1410/1410/1410 1411/1411/1411
f 1408/1408/1408 1411/1411/1411 1412/1412/1412
f 1408/1408/1408 1412/1412/1412 1413/1413/1413
f 1408/1408/1408 1413/1413/1413 1414/1414/1414
f 1408/1408/1408 1414/1414/1414 1415/1415/1415
f 1408/1408/1408 1415/1415/1415 1228/1228/1228
f 1408/1408/1408 1228/1228/1228 1409/1409/1409
f 1416/1416/1416 1417/1417/1417 1418/1418/1418
f 1416/1416/1416 1418/1418/1418 1419/1419/1419
f 1416/1416/1416 1419/1419/1419 1420/1420/1420
f 1416/1416/1416 1420/1420/1420 1421/1421/1421
f 1416/1416/1416 1421/1421/1421 1422/1422/1422
f 1416/1416/1416 1422/1422/1422 1423/1423/1423
f 1416/1416/1416 1423/1423/1423 1213/1213/1213
f 1416/1416/1416 1213/1213/1213 1417/1417/1417
f 1424/1424/1424 1425/1425/1425 1426/1426/1426
f 1424/1424/1424 1426/1426/1426 1427/1427/1427
f 1424/1424/1424 1427/1427/1427 1428/1428/1428
f 1424/1424/1424 1428/1428/1428 1429/1429/1429
f 1424/1424/1424 1429/1429/1429 1430/1430/1430
f 1424/1424/1424 1430/1430/1430 1431/1431/1431
f 1424/1424/1424 1431/1431/1431 1183/1183/1183
f 1424/1424/1424 1183/1183/1183 1425/1425/1425
f 1432/1432/1432 1433/1433/1433 1434/1434/1434
f 1432/1432/1432 1434/1434/1434 1435/1435/1435
f 1432/1432/1432 1435/1435/1435 1436/1436/1436
f 1432/1432/1432 1436/1436/1436 1437/1437/1437
f 1432/1432/1432 1437/1437/1437 1438/1438/1438
f 1432/1432/1432 1438/1438/1438 1439/1439/1439
f 1432/1432/1432 1439/1439/1439 1369/1369/1369
f 1432/1432/1432 1369/1369/1369 1433/1433/1433
f 1440/1440/1440 1441/1441/1441 1442/1442/1442
f 1440/1440/1440 1442/1442/1442 1443/1443/1443
f 1440/1440/1440 1443/1443/1443 1444/1444/1444
f 1440/1440/1440 1444/1444/1444 1445/1445/1445
f 1440/1440/1440 1445/1445/1445 1446/1446/1446
f 1440/1440/1440 1446/1446/1446 1447/1447/1447
f 1440/1440/1440 1447/1447/1447 1143/1143/1143
f 1440/1440/1440 1143/1143/1143 1441/1441/1441
f 1448/1448/1448 1449/1449/1449 1450/1450/1450
f 1448/1448/1448 1450/1450/1450 1451/1451/1451
f 1448/1448/1448 1451/1451/1451 1452/1452/1452
f 1448/1448/1448 1452/1452/1452 1453/1453/1453
f 1448/1448/1448 1453/1453/1453 1454/1454/1454
f 1448/1448/1448 1454/1454/1454 1455/1455/1455
f 1448/1448/1448 1455/1455/1455 1198/1198/1198
f 1448/1448/1448 1198/1198/1198 1449/1449/1449
f 1456/1456/1456 1457/1457/1457 1158/1158/1158
f 1456/1456/1456 1158/1158/1158 1458/1458/1458
f 1456/1456/1456 1458/1458/1458 1459/1459/1459
f 1456/1456/1456 1459/1459/1459 1460/1460/1460
f 1456/1456/1456 1460/1460/1460 1444/1444/1444
f 1456/1456/1456 1444/1444/1444 1461/1461/1461
f 1456/1456/1456 1461/1461/1461 1462/1462/1462
f 1456/1456/1456 1462/1462/1462 1457/1457/1457
f 1463/1463/1463 1464/1464/1464 1465/1465/1465
f 1463/1463/1463 1465/1465/1465 1466/1466/1466
f 1463/1463/1463 1466/1466/1466 1467/1467/1467
f 1463/1463/1463 1467/1467/1467 1468/1468/1468
f 1463/1463/1463 1468/1468/1468 1469/1469/1469
f 1463/1463/1463 1469/1469/1469 1470/1470/1470
f 1463/1463/1463 1470/1470/1470 1375/1375/1375
f 1463/1463/1463 1375/1375/1375 1464/1464/1464
f 1471/1471/1471 1472/1472/1472 1131/1131/1131
f 1471/1471/1471 1131/1131/1131 1473/1473/1473
f 1471/1471/1471 1473/1473/1473 1474/1474/1474
f 1471/1471/1471 1474/1474/1474 1475/1475/1475
f 1471/1471/1471 1475/1475/1475 1476/1476/1476
f 1471/1471/1471 1476/1476/1476 1477/1477/1477
f 1471/1471/1471 1477/1477/1477 1478/1478/1478
f 1471/1471/1471 1478/1478/1478 1472/1472/1472
f 1479/1479/1479 1480/1480/1480 1481/1481/1481
f 1479/1479/1479 1481/1481/1481 1482/1482/1482
f 1479/1479/1479 1482/1482/1482 1483/1483/1483
f 1479/1479/1479 1483/1483/1483 1484/1484/1484
f 1479/1479/1479 1484/1484/1484 1485/1485/1485
f 1479/1479/1479 1485/1485/1485 1486/1486/1486
f 1479/1479/1479 1486/1486/1486 1360/1360/1360
f 1479/1479/1479 1360/1360/1360 1480/1480/1480
f 1487/1487/1487 1488/1488/1488 1106/1106/1106
f 1487/1487/1487 1106/1106/1106 1489/1489/1489
f 1487/1487/1487 1489/1489/1489 1490/1490/1490
f 1487/1487/1487 1490/1490/1490 1491/1491/1491
f 1487/1487/1487 1491/1491/1491 1492/1492/1492
f 1487/1487/1487 1492/1492/1492 1493/1493/1493
f 1487/1487/1487 1493/1493/1493 1494/1494/1494
f 1487/1487/1487 1494/1494/1494 1488/1488/1488
f 1495/1495/1495 1496/1496/1496 1108/1108/1108
f 1495/1495/1495 1108/1108/1108 1497/1497/1497
f 1495/1495/1495 1497/1497/1497 1498/1498/1498
f 1495/1495/1495 1498/1498/1498 1499/1499/1499
f 1495/1495/1495 1499/1499/1499 1500/1500/1500
f 1495/1495/1495 1500/1500/1500 1501/1501/1501
f 1495/1495/1495 1501/1501/1501 1502/1502/1502
f 1495/1495/1495 1502/1502/1502 1496/1496/1496
f 1503/1503/1503 1275/1275/1275 1504/1504/1504
f 1503/1503/1503 1504/1504/1504 1505/1505/1505
f 1503/1503/1503 1505/1505/1505 1506/1506/1506
f 1503/1503/1503 1506/1506/1506 1507/1507/1507
f 1503/1503/1503 1507/1507/1507 1508/1508/1508
f 1503/1503/1503 1508/1508/1508 1509/1509/1509
f 1503/1503/1503 1509/1509/1509 1510/1510/1510
f 1503/1503/1503 1510/1510/1510 1275/1275/1275
f 1511/1511/1511 1266/1266/1266 1512/1512/1512
f 1511/1511/1511 1512/1512/1512 1513/1513/1513
f 1511/1511/1511 1513/1513/1513 1514/1514/1514
f 1511/1511/1511 1514/1514/1514 1515/1515/1515
f 1511/1511/1511 1515/1515/1515 1516/1516/1516
f 1511/1511/1511 1516/1516/1516 1517/1517/1517
f 1511/1511/1511 1517/1517/1517 1518/1518/1518
f 1511/1511/1511 1518/1518/1518 1266/1266/1266
f 1519/1519/1519 1206/1206/1206 1520/1520/1520
f 1519/1519/1519 1520/1520/1520 1521/1521/1521
f 1519/1519/1519 1521/1521/1521 1522/1522/1522
f 1519/1519/1519 1522/1522/1522 1523/1523/1523
f 1519/1519/1519 1523/1523/1523 1524/1524/1524
f 1519/1519/1519 1524/1524/1524 1525/1525/1525
f 1519/1519/1519 1525/1525/1525 1526/1526/1526
f 1519/1519/1519 1526/1526/1526 1206/1206/1206
f 1527/1527/1527 1215/1215/1215 1528/1528/1528
f 1527/1527/1527 1528/1528/1528 1529/1529/1529
f 1527/1527/1527 1529/1529/1529 1530/1530/1530
f 1527/1527/1527 1530/1530/1530 1531/1531/1531
f 1527/1527/1527 1531/1531/1531 1532/1532/1532
f 1527/1527/1527 1532/1532/1532 1533/1533/1533
f 1527/1527/1527 1533/1533/1533 1534/1534/1534
f 1527/1527/1527 1534/1534/1534 1215/1215/1215
f 1535/1535/1535 1536/1536/1536 1084/1084/1084
f 1535/1535/1535 1084/1084/1084 1537/1537/1537
f 1535/1535/1535 1537/1537/1537 1538/1538/1538
f 1535/1535/1535 1538/1538/1538 1539/1539/1539
f 1535/1535/1535 1539/1539/1539 1540/1540/1540
f 1535/1535/1535 1540/1540/1540 1541/1541/1541
f 1535/1535/1535 1541/1541/1541 1542/1542/1542
f 1535/1535/1535 1542/1542/1542 1536/1536/1536
f 1543/1543/1543 1544/1544/1544 1545/1545/1545
f 1543/1543/1543 1545/1545/1545 1546/1546/1546
f 1543/1543/1543 1546/1546/1546 1547/1547/1547
f 1543/1543/1543 1547/1547/1547 1548/1548/1548
f 1543/1543/1543 1548/1548/1548 1549/1549/1549
f 1543/1543/1543 1549/1549/1549 1550/1550/1550
f 1543/1543/1543 1550/1550/1550 1084/1084/1084
f 1543/1543/1543 1084/1084/1084 1544/1544/1544
f 1551/1551/1551 1096/1096/1096 1552/1552/1552
f 1551/1551/1551 1552/1552/1552 1553/1553/1553
f 1551/1551/1551 1553/1553/1553 1554/1554/1554
f 1551/1551/1551 1554/1554/1554 1555/1555/1555
f 1551/1551/1551 1555/1555/1555 1556/1556/1556
f 1551/1551/1551 1556/1556/1556 1557/1557/1557
f 1551/1551/1551 1557/1557/1557 1558/1558/1558
f 1551/1551/1551 1558/1558/1558 1096/1096/1096
f 1559/1559/1559 1105/1105/1105 1560/1560/1560
f 1559/1559/1559 1560/1560/1560 1561/1561/1561
f 1559/1559/1559 1561/1561/1561 1562/1562/1562
f 1559/1559/1559 1562/1562/1562 1563/1563/1563
f 1559/1559/1559 1563/1563/1563 1564/1564/1564
f 1559/1559/1559 1564/1564/1564 1565/1565/1565
f 1559/1559/1559 1565/1565/1565 1566/1566/1566
f 1559/1559/1559 1566/1566/1566 1105/1105/1105
f 1567/1567/1567 1568/1568/1568 1569/1569/1569
f 1567/1567/1567 1569/1569/1569 1570/1570/1570
f 1567/1567/1567 1570/1570/1570 1571/1571/1571
f 1567/1567/1567 1571/1571/1571 1572/1572/1572
f 1567/1567/1567 1572/1572/1572 1573/1573/1573
f 1567/1567/1567 1573/1573/1573 1574/1574/1574
f 1567/1567/1567 1574/1574/1574 1575/1575/1575
f 1567/1567/1567 1575/1575/1575 1568/1568/1568
f 1576/1576/1576 1577/1577/1577 1578/1578/1578
f 1576/1576/1576 1578/1578/1578 1579/1579/1579
f 1576/1576/1576 1579/1579/1579 1580/1580/1580
f 1576/1576/1576 1580/1580/1580 1581/1581/1581
f 1576/1576/1576 1581/1581/1581 1571/1571/1571
f 1576/1576/1576 1571/1571/1571 1570/1570/1570
f 1576/1576/1576 1570/1570/1570 1569/1569/1569
f 1576/1576/1576 1569/1569/1569 1577/1577/1577
f 1582/1582/1582 1583/1583/1583 1584/1584/1584
f 1582/1582/1582 1584/1584/1584 1585/1585/1585
f 1582/1582/1582 1585/1585/1585 1586/1586/1586
f 1582/1582/1582 1586/1586/1586 1587/1587/1587
f 1582/1582/1582 1587/1587/1587 1588/1588/1588
f 1582/1582/1582 1588/1588/1588 1589/1589/1589
f 1582/1582/1582 1589/1589/1589 1590/1590/1590
f 1582/1582/1582 1590/1590/1590 1583/1583/1583
f 1591/1591/1591 1592/1592/1592 1593/1593/1593
f 1591/1591/1591 1593/1593/1593 1594/1594/1594
f 1591/1591/1591 1594/1594/1594 1595/1595/1595
f 1591/1591/1591 1595/1595/1595 1596/1596/1596
f 1591/1591/1591 1596/1596/1596 1597/1597/1597
f 1591/1591/1591 1597/1597/1597 1598/1598/1598
f 1591/1591/1591 1598/1598/1598 1599/1599/1599
f 1591/1591/1591 1599/1599/1599 1592/1592/1592
f 1600/1600/1600 1601/1601/1601 1602/1602/1602
f 1600/1600/1600 1602/1602/1602 1603/1603/1603
f 1600/1600/1600 1603/1603/1603 1571/1571/1571
f 1600/1600/1600 1571/1571/1571 1604/1604/1604
f 1600/1600/1600 1604/1604/1604 1605/1605/1605
f 1600/1600/1600 1605/1605/1605 1606/1606/1606
f 1600/1600/1600 1606/1606/1606 1607/1607/1607
f 1600/1600/1600 1607/1607/1607 1601/1601/1601
f 1608/1608/1608 1609/1609/1609 1610/1610/1610
f 1608/1608/1608 1610/1610/1610 1611/1611/1611
f 1608/1608/1608 1611/1611/1611 1580/1580/1580
f 1608/1608/1608 1580/1580/1580 1539/1539/1539
f 1608/1608/1608 1539/1539/1539 1612/1612/1612
f 1608/1608/1608 1612/1612/1612 1613/1613/1613
f 1608/1608/1608 1613/1613/1613 1590/1590/1590
f 1608/1608/1608 1590/1590/1590 1609/1609/1609
f 1614/1614/1614 1615/1615/1615 1616/1616/1616
f 1614/1614/1614 1616/1616/1616 1617/1617/1617
f 1614/1614/1614 1617/1617/1617 1618/1618/1618
f 1614/1614/1614 1618/1618/1618 1619/1619/1619
f 1614/1614/1614 1619/1619/1619 1556/1556/1556
f 1614/1614/1614 1556/1556/1556 1620/1620/1620
f 1614/1614/1614 1620/1620/1620 1621/1621/1621
f 1614/1614/1614 1621/1621/1621 1615/1615/1615
f 1622/1622/1622 1623/1623/1623 1624/1624/1624
f 1622/1622/1622 1624/1624/1624 1625/1625/1625
f 1622/1622/1622 1625/1625/1625 1626/1626/1626
f 1622/1622/1622 1626/1626/1626 1491/1491/1491
f 1622/1622/1622 1491/1491/1491 1564/1564/1564
f 1622/1622/1622 1564/1564/1564 1627/1627/1627
f 1622/1622/1622 1627/1627/1627 1628/1628/1628
f 1622/1622/1622 1628/1628/1628 1623/1623/1623
f 1629/1629/1629 1630/1630/1630 1631/1631/1631
f 1629/1629/1629 1631/1631/1631 1632/1632/1632
f 1629/1629/1629 1632/1632/1632 1633/1633/1633
f 1629/1629/1629 1633/1633/1633 1634/1634/1634
f 1629/1629/1629 1634/1634/1634 1635/1635/1635
f 1629/1629/1629 1635/1635/1635 1636/1636/1636
f 1629/1629/1629 1636/1636/1636 1637/1637/1637
f 1629/1629/1629 1637/1637/1637 1630/1630/1630
f 1638/1638/1638 1639/1639/1639 1640/1640/1640
f 1638/1638/1638 1640/1640/1640 1641/1641/1641
f 1638/1638/1638 1641/1641/1641 1642/1642/1642
f 1638/1638/1638 1642/1642/1642 1499/1499/1499
f 1638/1638/1638 1499/1499/1499 1643/1643/1643
f 1638/1638/1638 1643/1643/1643 1644/1644/1644
f 1638/1638/1638 1644/1644/1644 1618/1618/1618
f 1638/1638/1638 1618/1618/1618 1639/1639/1639
f 1645/1645/1645 1646/1646/1646 1647/1647/1647
f 1645/1645/1645 1647/1647/1647 1648/1648/1648
f 1645/1645/1645 1648/1648/1648 1649/1649/1649
f 1645/1645/1645 1649/1649/1649 1650/1650/1650
f 1645/1645/1645 1650/1650/1650 1651/1651/1651
f 1645/1645/1645 1651/1651/1651 1652/1652/1652
f 1645/1645/1645 1652/1652/1652 1653/1653/1653
f 1645/1645/1645 1653/1653/1653 1646/1646/1646
f 1654/1654/1654 1655/1655/1655 1656/1656/1656
f 1654/1654/1654 1656/1656/1656 1657/1657/1657
f 1654/1654/1654 1657/1657/1657 1658/1658/1658
f 1654/1654/1654 1658/1658/1658 1475/1475/1475
f 1654/1654/1654 1475/1475/1475 1659/1659/1659
f 1654/1654/1654 1659/1659/1659 1660/1660/1660
f 1654/1654/1654 1660/1660/1660 1661/1661/1661
f 1654/1654/1654 1661/1661/1661 1655/1655/1655
f 1662/1662/1662 1663/1663/1663 1664/1664/1664
f 1662/1662/1662 1664/1664/1664 1665/1665/1665
f 1662/1662/1662 1665/1665/1665 1666/1666/1666
f 1662/1662/1662 1666/1666/1666 1667/1667/1667
f 1662/1662/1662 1667/1667/1667 1668/1668/1668
f 1662/1662/1662 1668/1668/1668 1669/1669/1669
f 1662/1662/1662 1669/1669/1669 1670/1670/1670
f 1662/1662/1662 1670/1670/1670 1663/1663/1663
f 1671/1671/1671 1672/1672/1672 1673/1673/1673
f 1671/1671/1671 1673/1673/1673 1674/1674/1674
f 1671/1671/1671 1674/1674/1674 1675/1675/1675
f 1671/1671/1671 1675/1675/1675 1676/1676/1676
f 1671/1671/1671 1676/1676/1676 1677/1677/1677
f 1671/1671/1671 1677/1677/1677 1678/1678/1678
f 1671/1671/1671 1678/1678/1678 1679/1679/1679
f 1671/1671/1671 1679/1679/1679 1672/1672/1672
f 1680/1680/1680 1681/1681/1681 1682/1682/1682
f 1680/1680/1680 1682/1682/1682 1683/1683/1683
f 1680/1680/1680 1683/1683/1683 1666/1666/1666
f 1680/1680/1680 1666/1666/1666 1684/1684/1684
f 1680/1680/1680 1684/1684/1684 1685/1685/1685
f 1680/1680/1680 1685/1685/1685 1686/1686/1686
f 1680/1680/1680 1686/1686/1686 1687/1687/1687
f 1680/1680/1680 1687/1687/1687 1681/1681/1681
f 1688/1688/1688 1689/1689/1689 1690/1690/1690
f 1688/1688/1688 1690/1690/1690 1691/1691/1691
f 1688/1688/1688 1691/1691/1691 1692/1692/1692
f 1688/1688/1688 1692/1692/1692 1460/1460/1460
f 1688/1688/1688 1460/1460/1460 1693/1693/1693
f 1688/1688/1688 1693/1693/1693 1694/1694/1694
f 1688/1688/1688 1694/1694/1694 1695/1695/1695
f 1688/1688/1688 1695/1695/1695 1689/1689/1689
f 1696/1696/1696 1697/1697/1697 1698/1698/1698
f 1696/1696/1696 1698/1698/1698 1699/1699/1699
f 1696/1696/1696 1699/1699/1699 1700/1700/1700
f 1696/1696/1696 1700/1700/1700 1701/1701/1701
f 1696/1696/1696 1701/1701/1701 1702/1702/1702
f 1696/1696/1696 1702/1702/1702 1703/1703/1703
f 1696/1696/1696 1703/1703/1703 1704/1704/1704
f 1696/1696/1696 1704/1704/1704 1697/1697/1697
f 1705/1705/1705 1706/1706/1706 1707/1707/1707
f 1705/1705/1705 1707/1707/1707 1708/1708/1708
f 1705/1705/1705 1708/1708/1708 1709/1709/1709
f 1705/1705/1705 1709/1709/1709 1388/1388/1388
f 1705/1705/1705 1388/1388/1388 1710/1710/1710
f 1705/1705/1705 1710/1710/1710 1711/1711/1711
f 1705/1705/1705 1711/1711/1711 1712/1712/1712
f 1705/1705/1705 1712/1712/1712 1706/1706/1706
f 1713/1713/1713 1714/1714/1714 1715/1715/1715
f 1713/1713/1713 1715/1715/1715 1716/1716/1716
f 1713/1713/1713 1716/1716/1716 1717/1717/1717
f 1713/1713/1713 1717/1717/1717 1718/1718/1718
f 1713/1713/1713 1718/1718/1718 1719/1719/1719
f 1713/1713/1713 1719/1719/1719 1720/1720/1720
f 1713/1713/1713 1720/1720/1720 1721/1721/1721
f 1713/1713/1713 1721/1721/1721 1714/1714/1714
f 1722/1722/1722 1723/1723/1723 1724/1724/1724
f 1722/1722/1722 1724/1724/1724 1725/1725/1725
f 1722/1722/1722 1725/1725/1725 1726/1726/1726
f 1722/1722/1722 1726/1726/1726 1727/1727/1727
f 1722/1722/1722 1727/1727/1727 1728/1728/1728
f 1722/1722/1722 1728/1728/1728 1729/1729/1729
f 1722/1722/1722 1729/1729/1729 1730/1730/1730
f 1722/1722/1722 1730/1730/1730 1723/1723/1723
f 1731/1731/1731 1732/1732/1732 1733/1733/1733
f 1731/1731/1731 1733/1733/1733 1734/1734/1734
f 1731/1731/1731 1734/1734/1734 1735/1735/1735
f 1731/1731/1731 1735/1735/1735 1736/1736/1736
f 1731/1731/1731 1736/1736/1736 1737/1737/1737
f 1731/1731/1731 1737/1737/1737 1738/1738/1738
f 1731/1731/1731 1738/1738/1738 1739/1739/1739
f 1731/1731/1731 1739/1739/1739 1732/1732/1732
f 1740/1740/1740 1741/1741/1741 1742/1742/1742
f 1740/1740/1740 1742/1742/1742 1743/1743/1743
f 1740/1740/1740 1743/1743/1743 1744/1744/1744
f 1740/1740/1740 1744/1744/1744 1745/1745/1745
f 1740/1740/1740 1745/1745/1745 1746/1746/1746
f 1740/1740/1740 1746/1746/1746 1747/1747/1747
f 1740/1740/1740 1747/1747/1747 1748/1748/1748
f 1740/1740/1740 1748/1748/1748 1741/1741/1741
f 1749/1749/1749 1750/1750/1750 1751/1751/1751
f 1749/1749/1749 1751/1751/1751 1752/1752/1752
f 1749/1749/1749 1752/1752/1752 1753/1753/1753
f 1749/1749/1749 1753/1753/1753 1754/1754/1754
f 1749/1749/1749 1754/1754/1754 1524/1524/1524
f 1749/1749/1749 1524/1524/1524 1755/1755/1755
f 1749/1749/1749 1755/1755/1755 1756/1756/1756
f 1749/1749/1749 1756/1756/1756 1750/1750/1750
f 1757/1757/1757 1758/1758/1758 1759/1759/1759
f 1757/1757/1757 1759/1759/1759 1760/1760/1760
f 1757/1757/1757 1760/1760/1760 1761/1761/1761
f 1757/1757/1757 1761/1761/1761 1762/1762/1762
f 1757/1757/1757 1762/1762/1762 1532/1532/1532
f 1757/1757/1757 1532/1532/1532 1763/1763/1763
f 1757/1757/1757 1763/1763/1763 1764/1764/1764
f 1757/1757/1757 1764/1764/1764 1758/1758/1758
f 1765/1765/1765 1766/1766/1766 1767/1767/1767
f 1765/1765/1765 1767/1767/1767 1768/1768/1768
f 1765/1765/1765 1768/1768/1768 1769/1769/1769
f 1765/1765/1765 1769/1769/1769 1770/1770/1770
f 1765/1765/1765 1770/1770/1770 1771/1771/1771
f 1765/1765/1765 1771/1771/1771 1772/1772/1772
f 1765/1765/1765 1772/1772/1772 1773/1773/1773
f 1765/1765/1765 1773/1773/1773 1766/1766/1766
f 1774/1774/1774 1775/1775/1775 1776/1776/1776
f 1774/1774/1774 1776/1776/1776 1777/1777/1777
f 1774/1774/1774 1777/1777/1777 1778/1778/1778
f 1774/1774/1774 1778/1778/1778 1779/1779/1779
f 1774/1774/1774 1779/1779/1779 1780/1780/1780
f 1774/1774/1774 1780/1780/1780 1781/1781/1781
f 1774/1774/1774 1781/1781/1781 1782/1782/1782
f 1774/1774/1774 1782/1782/1782 1775/1775/1775
f 1783/1783/1783 1784/1784/1784 1785/1785/1785
f 1783/1783/1783 1785/1785/1785 1786/1786/1786
f 1783/1783/1783 1786/1786/1786 1787/1787/1787
f 1783/1783/1783 1787/1787/1787 1788/1788/1788
f 1783/1783/1783 1788/1788/1788 1789/1789/1789
f 1783/1783/1783 1789/1789/1789 1790/1790/1790
f 1783/1783/1783 1790/1790/1790 1791/1791/1791
f 1783/1783/1783 1791/1791/1791 1784/1784/1784
f 1792/1792/1792 1793/1793/1793 1794/1794/1794
f 1792/1792/1792 1794/1794/1794 1795/1795/1795
f 1792/1792/1792 1795/1795/1795 1796/1796/1796
f 1792/1792/1792 1796/1796/1796 1404/1404/1404
f 1792/1792/1792 1404/1404/1404 1381/1381/1381
f 1792/1792/1792 1381/1381/1381 1797/1797/1797
f 1792/1792/1792 1797/1797/1797 1798/1798/1798
f 1792/1792/1792 1798/1798/1798 1793/1793/1793
f 1799/1799/1799 1800/1800/1800 1801/1801/1801
f 1799/1799/1799 1801/1801/1801 1802/1802/1802
f 1799/1799/1799 1802/1802/1802 1803/1803/1803
f 1799/1799/1799 1803/1803/1803 1804/1804/1804
f 1799/1799/1799 1804/1804/1804 1805/1805/1805
f 1799/1799/1799 1805/1805/1805 1806/1806/1806
f 1799/1799/1799 1806/1806/1806 1807/1807/1807
f 1799/1799/1799 1807/1807/1807 1800/1800/1800
f 1808/1808/1808 1809/1809/1809 1810/1810/1810
f 1808/1808/1808 1810/1810/1810 1811/1811/1811
f 1808/1808/1808 1811/1811/1811 1403/1403/1403
f 1808/1808/1808 1403/1403/1403 1380/1380/1380
f 1808/1808/1808 1380/1380/1380 1812/1812/1812
f 1808/1808/1808 1812/1812/1812 1813/1813/1813
f 1808/1808/1808 1813/1813/1813 1814/1814/1814
f 1808/1808/1808 1814/1814/1814 1809/1809/1809
f 1815/1815/1815 1816/1816/1816 1817/1817/1817
f 1815/1815/1815 1817/1817/1817 1818/1818/1818
f 1815/1815/1815 1818/1818/1818 1819/1819/1819
f 1815/1815/1815 1819/1819/1819 1820/1820/1820
f 1815/1815/1815 1820/1820/1820 1516/1516/1516
f 1815/1815/1815 1516/1516/1516 1821/1821/1821
f 1815/1815/1815 1821/1821/1821 1822/1822/1822
f 1815/1815/1815 1822/1822/1822 1816/1816/1816
f 1823/1823/1823 1824/1824/1824 1825/1825/1825
f 1823/1823/1823 1825/1825/1825 1826/1826/1826
f 1823/1823/1823 1826/1826/1826 1827/1827/1827
f 1823/1823/1823 1827/1827/1827 1396/1396/1396
f 1823/1823/1823 1396/1396/1396 1508/1508/1508
f 1823/1823/1823 1508/1508/1508 1828/1828/1828
f 1823/1823/1823 1828/1828/1828 1829/1829/1829
f 1823/1823/1823 1829/1829/1829 1824/1824/1824
f 1830/1830/1830 1831/1831/1831 1832/1832/1832
f 1830/1830/1830 1832/1832/1832 1833/1833/1833
f 1830/1830/1830 1833/1833/1833 1834/1834/1834
f 1830/1830/1830 1834/1834/1834 1835/1835/1835
f 1830/1830/1830 1835/1835/1835 1836/1836/1836
f 1830/1830/1830 1836/1836/1836 1837/1837/1837
f 1830/1830/1830 1837/1837/1837 1838/1838/1838
f 1830/1830/1830 1838/1838/1838 1831/1831/1831
f 1839/1839/1839 1840/1840/1840 1841/1841/1841
f 1839/1839/1839 1841/1841/1841 1842/1842/1842
f 1839/1839/1839 1842/1842/1842 1843/1843/1843
f 1839/1839/1839 1843/1843/1843 1844/1844/1844
f 1839/1839/1839 1844/1844/1844 1845/1845/1845
f 1839/1839/1839 1845/1845/1845 1846/1846/1846
f 1839/1839/1839 1846/1846/1846 1847/1847/1847
f 1839/1839/1839 1847/1847/1847 1840/1840/1840
f 1848/1848/1848 1849/1849/1849 1850/1850/1850
f 1848/1848/1848 1850/1850/1850 1851/1851/1851
f 1848/1848/1848 1851/1851/1851 1852/1852/1852
f 1848/1848/1848 1852/1852/1852 1853/1853/1853
f 1848/1848/1848 1853/1853/1853 1854/1854/1854
f 1848/1848/1848 1854/1854/1854 1855/1855/1855
f 1848/1848/1848 1855/1855/1855 1856/1856/1856
f 1848/1848/1848 1856/1856/1856 1849/1849/1849
f 1857/1857/1857 1858/1858/1858 1859/1859/1859
f 1857/1857/1857 1859/1859/1859 1860/1860/1860
f 1857/1857/1857 1860/1860/1860 1861/1861/1861
f 1857/1857/1857 1861/1861/1861 1862/1862/1862
f 1857/1857/1857 1862/1862/1862 1863/1863/1863
f 1857/1857/1857 1863/1863/1863 1864/1864/1864
f 1857/1857/1857 1864/1864/1864 1865/1865/1865
f 1857/1857/1857 1865/1865/1865 1858/1858/1858
f 1866/1866/1866 1867/1867/1867 1868/1868/1868
f 1866/1866/1866 1868/1868/1868 1869/1869/1869
f 1866/1866/1866 1869/1869/1869 1870/1870/1870
f 1866/1866/1866 1870/1870/1870 1871/1871/1871
f 1866/1866/1866 1871/1871/1871 1872/1872/1872
f 1866/1866/1866 1872/1872/1872 1873/1873/1873
f 1866/1866/1866 1873/1873/1873 1874/1874/1874
f 1866/1866/1866 1874/1874/1874 1867/1867/1867
f 1875/1875/1875 1876/1876/1876 1877/1877/1877
f 1875/1875/1875 1877/1877/1877 1878/1878/1878
f 1875/1875/1875 1878/1878/1878 1879/1879/1879
f 1875/1875/1875 1879/1879/1879 1880/1880/1880
f 1875/1875/1875 1880/1880/1880 1881/1881/1881
f 1875/1875/1875 1881/1881/1881 1882/1882/1882
f 1875/1875/1875 1882/1882/1882 1883/1883/1883
f 1875/1875/1875 1883/1883/1883 1876/1876/1876
f 1884/1884/1884 1885/1885/1885 1886/1886/1886
f 1884/1884/1884 1886/1886/1886 1887/1887/1887
f 1884/1884/1884 1887/1887/1887 1888/1888/1888
f 1884/1884/1884 1888/1888/1888 1889/1889/1889
f 1884/1884/1884 1889/1889/1889 1890/1890/1890
f 1884/1884/1884 1890/1890/1890 1891/1891/1891
f 1884/1884/1884 1891/1891/1891 1892/1892/1892
f 1884/1884/1884 1892/1892/1892 1885/1885/1885
f 1893/1893/1893 1894/1894/1894 1895/1895/1895
f 1893/1893/1893 1895/1895/1895 1896/1896/1896
f 1893/1893/1893 1896/1896/1896 1897/1897/1897
f 1893/1893/1893 1897/1897/1897 1898/1898/1898
f 1893/1893/1893 1898/1898/1898 1899/1899/1899
f 1893/1893/1893 1899/1899/1899 1900/1900/1900
f 1893/1893/1893 1900/1900/1900 1901/1901/1901
f 1893/1893/1893 1901/1901/1901 1894/1894/1894
f 1902/1902/1902 1903/1903/1903 1904/1904/1904
f 1902/1902/1902 1904/1904/1904 1905/1905/1905
f 1902/1902/1902 1905/1905/1905 1906/1906/1906
f 1902/1902/1902 1906/1906/1906 1907/1907/1907
f 1902/1902/1902 1907/1907/1907 1908/1908/1908
f 1902/1902/1902 1908/1908/1908 1909/1909/1909
f 1902/1902/1902 1909/1909/1909 1910/1910/1910
f 1902/1902/1902 1910/1910/1910 1903/1903/1903
f 1911/1911/1911 1912/1912/1912 1913/1913/1913
f 1911/1911/1911 1913/1913/1913 1914/1914/1914
f 1911/1911/1911 1914/1914/1914 1915/1915/1915
f 1911/1911/1911 1915/1915/1915 1916/1916/1916
f 1911/1911/1911 1916/1916/1916 1917/1917/1917
f 1911/1911/1911 1917/1917/1917 1918/1918/1918
f 1911/1911/1911 1918/1918/1918 1919/1919/1919
f 1911/1911/1911 1919/1919/1919 1912/1912/1912
f 1920/1920/1920 1921/1921/1921 1922/1922/1922
f 1920/1920/1920 1922/1922/1922 1923/1923/1923
f 1920/1920/1920 1923/1923/1923 1924/1924/1924
f 1920/1920/1920 1924/1924/1924 1925/1925/1925
f 1920/1920/1920 1925/1925/1925 1926/1926/1926
f 1920/1920/1920 1926/1926/1926 1927/1927/1927
f 1920/1920/1920 1927/1927/1927 1928/1928/1928
f 1920/1920/1920 1928/1928/1928 1921/1921/1921
f 1929/1929/1929 1930/1930/1930 1931/1931/1931
f 1929/1929/1929 1931/1931/1931 1932/1932/1932
f 1929/1929/1929 1932/1932/1932 1933/1933/1933
f 1929/1929/1929 1933/1933/1933 1934/1934/1934
f 1929/1929/1929 1934/1934/1934 1935/1935/1935
f 1929/1929/1929 1935/1935/1935 1936/1936/1936
f 1929/1929/1929 1936/1936/1936 1937/1937/1937
f 1929/1929/1929 1937/1937/1937 1930/1930/1930
f 1938/1938/1938 1939/1939/1939 1211/1211/1211
f 1938/1938/1938 1211/1211/1211 1210/1210/1210
f 1938/1938/1938 1210/1210/1210 1209/1209/1209
f 1938/1938/1938 1209/1209/1209 1940/1940/1940
f 1938/1938/1938 1940/1940/1940 1941/1941/1941
f 1938/1938/1938 1941/1941/1941 1942/1942/1942
f 1938/1938/1938 1942/1942/1942 1943/1943/1943
f 1938/1938/1938 1943/1943/1943 1939/1939/1939
f 1944/1944/1944 1945/1945/1945 1943/1943/1943
f 1944/1944/1944 1943/1943/1943 1942/1942/1942
f 1944/1944/1944 1942/1942/1942 1941/1941/1941
f 1944/1944/1944 1941/1941/1941 1946/1946/1946
f 1944/1944/1944 1946/1946/1946 1947/1947/1947
f 1944/1944/1944 1947/1947/1947 1948/1948/1948
f 1944/1944/1944 1948/1948/1948 1949/1949/1949
f 1944/1944/1944 1949/1949/1949 1945/1945/1945
f 1950/1950/1950 1940/1940/1940 1209/1209/1209
f 1950/1950/1950 1209/1209/1209 1219/1219/1219
f 1950/1950/1950 1219/1219/1219 1218/1218/1218
f 1950/1950/1950 1218/1218/1218 1951/1951/1951
f 1950/1950/1950 1951/1951/1951 1952/1952/1952
f 1950/1950/1950 1952/1952/1952 1953/1953/1953
f 1950/1950/1950 1953/1953/1953 1941/1941/1941
f 1950/1950/1950 1941/1941/1941 1940/1940/1940
f 1954/1954/1954 1946/1946/1946 1941/1941/1941
f 1954/1954/1954 1941/1941/1941 1953/1953/1953
f 1954/1954/1954 1953/1953/1953 1952/1952/1952
f 1954/1954/1954 1952/1952/1952 1955/1955/1955
f 1954/1954/1954 1955/1955/1955 1956/1956/1956
f 1954/1954/1954 1956/1956/1956 1957/1957/1957
f 1954/1954/1954 1957/1957/1957 1947/1947/1947
f 1954/1954/1954 1947/1947/1947 1946/1946/1946
f 1958/1958/1958 1959/1959/1959 1960/1960/1960
f 1958/1958/1958 1960/1960/1960 1961/1961/1961
f 1958/1958/1958 1961/1961/1961 1962/1962/1962
f 1958/1958/1958 1962/1962/1962 1963/1963/1963
f 1958/1958/1958 1963/1963/1963 1964/1964/1964
f 1958/1958/1958 1964/1964/1964 1965/1965/1965
f 1958/1958/1958 1965/1965/1965 1966/1966/1966
f 1958/1958/1958 1966/1966/1966 1959/1959/1959
f 1967/1967/1967 1968/1968/1968 1966/1966/1966
f 1967/1967/1967 1966/1966/1966 1965/1965/1965
f 1967/1967/1967 1965/1965/1965 1964/1964/1964
f 1967/1967/1967 1964/1964/1964 1969/1969/1969
f 1967/1967/1967 1969/1969/1969 1269/1269/1269
f 1967/1967/1967 1269/1269/1269 1279/1279/1279
f 1967/1967/1967 1279/1279/1279 1278/1278/1278
f 1967/1967/1967 1278/1278/1278 1968/1968/1968
f 1970/1970/1970 1963/1963/1963 1962/1962/1962
f 1970/1970/1970 1962/1962/1962 1971/1971/1971
f 1970/1970/1970 1971/1971/1971 1972/1972/1972
f 1970/1970/1970 1972/1972/1972 1973/1973/1973
f 1970/1970/1970 1973/1973/1973 1974/1974/1974
f 1970/1970/1970 1974/1974/1974 1975/1975/1975
f 1970/1970/1970 1975/1975/1975 1964/1964/1964
f 1970/1970/1970 1964/1964/1964 1963/1963/1963
f 1976/1976/1976 1969/1969/1969 1964/1964/1964
f 1976/1976/1976 1964/1964/1964 1975/1975/1975
f 1976/1976/1976 1975/1975/1975 1974/1974/1974
f 1976/1976/1976 1974/1974/1974 1977/1977/1977
f 1976/1976/1976 1977/1977/1977 1271/1271/1271
f 1976/1976/1976 1271/1271/1271 1270/1270/1270
f 1976/1976/1976 1270/1270/1270 1269/1269/1269
f 1976/1976/1976 1269/1269/1269 1969/1969/1969
f 1978/1978/1978 1979/1979/1979 1980/1980/1980
f 1978/1978/1978 1980/1980/1980 1981/1981/1981
f 1978/1978/1978 1981/1981/1981 1982/1982/1982
f 1978/1978/1978 1982/1982/1982 1983/1983/1983
f 1978/1978/1978 1983/1983/1983 1984/1984/1984
f 1978/1978/1978 1984/1984/1984 1985/1985/1985
f 1978/1978/1978 1985/1985/1985 1986/1986/1986
f 1978/1978/1978 1986/1986/1986 1979/1979/1979
f 1987/1987/1987 1988/1988/1988 1986/1986/1986
f 1987/1987/1987 1986/1986/1986 1985/1985/1985
f 1987/1987/1987 1985/1985/1985 1984/1984/1984
f 1987/1987/1987 1984/1984/1984 1989/1989/1989
f 1987/1987/1987 1989/1989/1989 1356/1356/1356
f 1987/1987/1987 1356/1356/1356 1355/1355/1355
f 1987/1987/1987 1355/1355/1355 1354/1354/1354
f 1987/1987/1987 1354/1354/1354 1988/1988/1988
f 1990/1990/1990 1991/1991/1991 1992/1992/1992
f 1990/1990/1990 1992/1992/1992 1993/1993/1993
f 1990/1990/1990 1993/1993/1993 1994/1994/1994
f 1990/1990/1990 1994/1994/1994 1995/1995/1995
f 1990/1990/1990 1995/1995/1995 1996/1996/1996
f 1990/1990/1990 1996/1996/1996 1997/1997/1997
f 1990/1990/1990 1997/1997/1997 1998/1998/1998
f 1990/1990/1990 1998/1998/1998 1991/1991/1991
f 1999/1999/1999 2000/2000/2000 1998/1998/1998
f 1999/1999/1999 1998/1998/1998 1997/1997/1997
f 1999/1999/1999 1997/1997/1997 1996/1996/1996
f 1999/1999/1999 1996/1996/1996 2001/2001/2001
f 1999/1999/1999 2001/2001/2001 1365/1365/1365
f 1999/1999/1999 1365/1365/1365 1364/1364/1364
f 1999/1999/1999 1364/1364/1364 1363/1363/1363
f 1999/1999/1999 1363/1363/1363 2000/2000/2000
f 2002/2002/2002 2003/2003/2003 2004/2004/2004
f 2002/2002/2002 2004/2004/2004 2005/2005/2005
f 2002/2002/2002 2005/2005/2005 1992/1992/1992
f 2002/2002/2002 1992/1992/1992 1991/1991/1991
f 2002/2002/2002 1991/1991/1991 1998/1998/1998
f 2002/2002/2002 1998/1998/1998 2006/2006/2006
f 2002/2002/2002 2006/2006/2006 2007/2007/2007
f 2002/2002/2002 2007/2007/2007 2003/2003/2003
f 2008/2008/2008 2009/2009/2009 2007/2007/2007
f 2008/2008/2008 2007/2007/2007 2006/2006/2006
f 2008/2008/2008 2006/2006/2006 1998/1998/1998
f 2008/2008/2008 1998/1998/1998 2000/2000/2000
f 2008/2008/2008 2000/2000/2000 1363/1363/1363
f 2008/2008/2008 1363/1363/1363 1373/1373/1373
f 2008/2008/2008 1373/1373/1373 1372/1372/1372
f 2008/2008/2008 1372/1372/1372 2009/2009/2009
f 2010/2010/2010 2011/2011/2011 2012/2012/2012
f 2010/2010/2010 2012/2012/2012 2013/2013/2013
f 2010/2010/2010 2013/2013/2013 1397/1397/1397
f 2010/2010/2010 1397/1397/1397 2014/2014/2014
f 2010/2010/2010 2014/2014/2014 2015/2015/2015
f 2010/2010/2010 2015/2015/2015 2016/2016/2016
f 2010/2010/2010 2016/2016/2016 2017/2017/2017
f 2010/2010/2010 2017/2017/2017 2011/2011/2011
f 2018/2018/2018 2019/2019/2019 2017/2017/2017
f 2018/2018/2018 2017/2017/2017 2016/2016/2016
f 2018/2018/2018 2016/2016/2016 2015/2015/2015
f 2018/2018/2018 2015/2015/2015 2020/2020/2020
f 2018/2018/2018 2020/2020/2020 2021/2021/2021
f 2018/2018/2018 2021/2021/2021 2022/2022/2022
f 2018/2018/2018 2022/2022/2022 1960/1960/1960
f 2018/2018/2018 1960/1960/1960 2019/2019/2019
f 2023/2023/2023 2024/2024/2024 2025/2025/2025
f 2023/2023/2023 2025/2025/2025 2026/2026/2026
f 2023/2023/2023 2026/2026/2026 2027/2027/2027
f 2023/2023/2023 2027/2027/2027 2028/2028/2028
f 2023/2023/2023 2028/2028/2028 2029/2029/2029
f 2023/2023/2023 2029/2029/2029 2030/2030/2030
f 2023/2023/2023 2030/2030/2030 2031/2031/2031
f 2023/2023/2023 2031/2031/2031 2024/2024/2024
f 2032/2032/2032 2033/2033/2033 2031/2031/2031
f 2032/2032/2032 2031/2031/2031 2030/2030/2030
f 2032/2032/2032 2030/2030/2030 2029/2029/2029
f 2032/2032/2032 2029/2029/2029 2034/2034/2034
f 2032/2032/2032 2034/2034/2034 2035/2035/2035
f 2032/2032/2032 2035/2035/2035 2036/2036/2036
f 2032/2032/2032 2036/2036/2036 1211/1211/1211
f 2032/2032/2032 1211/1211/1211 2033/2033/2033
f 2037/2037/2037 2038/2038/2038 2039/2039/2039
f 2037/2037/2037 2039/2039/2039 2040/2040/2040
f 2037/2037/2037 2040/2040/2040 2041/2041/2041
f 2037/2037/2037 2041/2041/2041 2042/2042/2042
f 2037/2037/2037 2042/2042/2042 2043/2043/2043
f 2037/2037/2037 2043/2043/2043 2044/2044/2044
f 2037/2037/2037 2044/2044/2044 2045/2045/2045
f 2037/2037/2037 2045/2045/2045 2038/2038/2038
f 2046/2046/2046 2047/2047/2047 2045/2045/2045
f 2046/2046/2046 2045/2045/2045 2044/2044/2044
f 2046/2046/2046 2044/2044/2044 2043/2043/2043
f 2046/2046/2046 2043/2043/2043 2048/2048/2048
f 2046/2046/2046 2048/2048/2048 2049/2049/2049
f 2046/2046/2046 2049/2049/2049 2050/2050/2050
f 2046/2046/2046 2050/2050/2050 2051/2051/2051
f 2046/2046/2046 2051/2051/2051 2047/2047/2047
f 2052/2052/2052 2053/2053/2053 2054/2054/2054
f 2052/2052/2052 2054/2054/2054 2055/2055/2055
f 2052/2052/2052 2055/2055/2055 2056/2056/2056
f 2052/2052/2052 2056/2056/2056 2057/2057/2057
f 2052/2052/2052 2057/2057/2057 2058/2058/2058
f 2052/2052/2052 2058/2058/2058 2059/2059/2059
f 2052/2052/2052 2059/2059/2059 2060/2060/2060
f 2052/2052/2052 2060/2060/2060 2053/2053/2053
f 2061/2061/2061 2062/2062/2062 2060/2060/2060
f 2061/2061/2061 2060/2060/2060 2059/2059/2059
f 2061/2061/2061 2059/2059/2059 2058/2058/2058
f 2061/2061/2061 2058/2058/2058 2063/2063/2063
f 2061/2061/2061 2063/2063/2063 2064/2064/2064
f 2061/2061/2061 2064/2064/2064 2065/2065/2065
f 2061/2061/2061 2065/2065/2065 1753/1753/1753
f 2061/2061/2061 1753/1753/1753 2062/2062/2062
f 2066/2066/2066 2067/2067/2067 2068/2068/2068
f 2066/2066/2066 2068/2068/2068 2069/2069/2069
f 2066/2066/2066 2069/2069/2069 1819/1819/1819
f 2066/2066/2066 1819/1819/1819 2070/2070/2070
f 2066/2066/2066 2070/2070/2070 2071/2071/2071
f 2066/2066/2066 2071/2071/2071 2072/2072/2072
f 2066/2066/2066 2072/2072/2072 2073/2073/2073
f 2066/2066/2066 2073/2073/2073 2067/2067/2067
f 2074/2074/2074 2075/2075/2075 2073/2073/2073
f 2074/2074/2074 2073/2073/2073 2072/2072/2072
f 2074/2074/2074 2072/2072/2072 2071/2071/2071
f 2074/2074/2074 2071/2071/2071 2076/2076/2076
f 2074/2074/2074 2076/2076/2076 2077/2077/2077
f 2074/2074/2074 2077/2077/2077 2078/2078/2078
f 2074/2074/2074 2078/2078/2078 2079/2079/2079
f 2074/2074/2074 2079/2079/2079 2075/2075/2075
f 2080/2080/2080 2081/2081/2081 2082/2082/2082
f 2080/2080/2080 2082/2082/2082 2083/2083/2083
f 2080/2080/2080 2083/2083/2083 2084/2084/2084
f 2080/2080/2080 2084/2084/2084 2085/2085/2085
f 2080/2080/2080 2085/2085/2085 2086/2086/2086
f 2080/2080/2080 2086/2086/2086 2087/2087/2087
f 2080/2080/2080 2087/2087/2087 2088/2088/2088
f 2080/2080/2080 2088/2088/2088 2081/2081/2081
f 2089/2089/2089 2090/2090/2090 2088/2088/2088
f 2089/2089/2089 2088/2088/2088 2087/2087/2087
f 2089/2089/2089 2087/2087/2087 2086/2086/2086
f 2089/2089/2089 2086/2086/2086 2091/2091/2091
f 2089/2089/2089 2091/2091/2091 2092/2092/2092
f 2089/2089/2089 2092/2092/2092 2093/2093/2093
f 2089/2089/2089 2093/2093/2093 2094/2094/2094
f 2089/2089/2089 2094/2094/2094 2090/2090/2090
f 2095/2095/2095 2096/2096/2096 2097/2097/2097
f 2095/2095/2095 2097/2097/2097 2098/2098/2098
f 2095/2095/2095 2098/2098/2098 2099/2099/2099
f 2095/2095/2095 2099/2099/2099 2100/2100/2100
f 2095/2095/2095 2100/2100/2100 2101/2101/2101
f 2095/2095/2095 2101/2101/2101 2102/2102/2102
f 2095/2095/2095 2102/2102/2102 2103/2103/2103
f 2095/2095/2095 2103/2103/2103 2096/2096/2096
f 2104/2104/2104 2105/2105/2105 2103/2103/2103
f 2104/2104/2104 2103/2103/2103 2102/2102/2102
f 2104/2104/2104 2102/2102/2102 2101/2101/2101
f 2104/2104/2104 2101/2101/2101 2106/2106/2106
f 2104/2104/2104 2106/2106/2106 2107/2107/2107
f 2104/2104/2104 2107/2107/2107 2108/2108/2108
f 2104/2104/2104 2108/2108/2108 2109/2109/2109
f 2104/2104/2104 2109/2109/2109 2105/2105/2105
f 2110/2110/2110 2111/2111/2111 1933/1933/1933
f 2110/2110/2110 1933/1933/1933 2112/2112/2112
f 2110/2110/2110 2112/2112/2112 2113/2113/2113
f 2110/2110/2110 2113/2113/2113 2114/2114/2114
f 2110/2110/2110 2114/2114/2114 2115/2115/2115
f 2110/2110/2110 2115/2115/2115 2116/2116/2116
f 2110/2110/2110 2116/2116/2116 2117/2117/2117
f 2110/2110/2110 2117/2117/2117 2111/2111/2111
f 2118/2118/2118 2119/2119/2119 2117/2117/2117
f 2118/2118/2118 2117/2117/2117 2116/2116/2116
f 2118/2118/2118 2116/2116/2116 2115/2115/2115
f 2118/2118/2118 2115/2115/2115 2120/2120/2120
f 2118/2118/2118 2120/2120/2120 2121/2121/2121
f 2118/2118/2118 2121/2121/2121 2122/2122/2122
f 2118/2118/2118 2122/2122/2122 2123/2123/2123
f 2118/2118/2118 2123/2123/2123 2119/2119/2119
f 2124/2124/2124 2125/2125/2125 2126/2126/2126
f 2124/2124/2124 2126/2126/2126 2127/2127/2127
f 2124/2124/2124 2127/2127/2127 2128/2128/2128
f 2124/2124/2124 2128/2128/2128 2129/2129/2129
f 2124/2124/2124 2129/2129/2129 2130/2130/2130
f 2124/2124/2124 2130/2130/2130 2131/2131/2131
f 2124/2124/2124 2131/2131/2131 2132/2132/2132
f 2124/2124/2124 2132/2132/2132 2125/2125/2125
f 2133/2133/2133 2134/2134/2134 2132/2132/2132
f 2133/2133/2133 2132/2132/2132 2131/2131/2131
f 2133/2133/2133 2131/2131/2131 2130/2130/2130
f 2133/2133/2133 2130/2130/2130 2135/2135/2135
f 2133/2133/2133 2135/2135/2135 2136/2136/2136
f 2133/2133/2133 2136/2136/2136 2137/2137/2137
f 2133/2133/2133 2137/2137/2137 2138/2138/2138
f 2133/2133/2133 2138/2138/2138 2134/2134/2134
