# Generated by lxe_pbrt_scene_convert
v 1.42084205 -0.703929007 1.78622699
v 1.40733194 -0.716606021 1.77844596
v 1.43291199 -0.714616001 1.77987695
v 1.46165001 -0.700442016 1.78689098
v 1.48331201 -0.688576996 1.79724896
v 1.43532896 -0.692798018 1.795277
v 1.33230901 -0.714938998 1.78916502
v 1.32680202 -0.723167002 1.78164899
v 1.32385302 -0.734628022 1.77470195
v 0.848299026 -0.822495997 1.74981105
v 1.01626205 -0.807642996 1.753829
v 1.02232206 -0.776974976 1.761235
v 0.854285002 -0.79094702 1.75758004
v 0.688525975 -0.799476027 1.75570202
v 0.685279012 -0.829755008 1.74794102
v 0.681829989 -0.860692024 1.74540806
v 0.841807008 -0.854794025 1.74685395
v 1.01006603 -0.839047015 1.75078404
v 0.837705016 -0.874185979 1.75299394
v 0.679543018 -0.880021989 1.75260401
v 0.677836001 -0.893548012 1.76466405
v 0.834797025 -0.887126029 1.76368403
v 1.00510001 -0.868313015 1.76559901
v 1.00683999 -0.857034028 1.75610101
v 1.01006603 -0.839047015 1.75078404
v 0.841807008 -0.854794025 1.74685395
v 0.681829989 -0.860692024 1.74540806
v 0.904384017 -0.73190397 1.78079104
v 0.75286299 -0.736711025 1.78038394
v 0.664882004 -0.76443398 1.77452898
v 0.857753992 -0.763861001 1.77443004
v 1.026335 -0.75287199 1.77694595
v 1.05566001 -0.725395024 1.78247905
v 1.08250296 -0.697508991 1.78803897
v 0.945056975 -0.70074898 1.78672898
v 0.808673024 -0.703366995 1.78639102
v 0.856869996 -0.773802996 1.76587403
v 1.02513897 -0.761200011 1.76900005
v 1.026335 -0.75287199 1.77694595
v 0.857753992 -0.763861001 1.77443004
v 0.664882004 -0.76443398 1.77452898
v 0.690207005 -0.782118022 1.764189
v 0.688525975 -0.799476027 1.75570202
v 0.854285002 -0.79094702 1.75758004
v 1.02232206 -0.776974976 1.761235
v -1.81611097 -0.886017978 1.76435196
v -1.82846701 -0.908931017 1.76719701
v -1.77203596 -0.906253994 1.76367104
v -1.77184606 -0.876944005 1.76131403
v -1.778409 -0.852982998 1.76176405
v -1.83235395 -0.871948004 1.76556003
v -1.88428903 -0.902323008 1.77092898
v -1.715886 -0.872511983 1.75812197
v -1.71159899 -0.904160023 1.76045597
v -1.65410197 -0.902432024 1.75809002
v -1.65886796 -0.870671988 1.75549805
v -1.66329503 -0.843038023 1.75621998
v -1.71976101 -0.845037997 1.758587
v -1.50528395 -0.867464006 1.75318897
v -1.50150299 -0.89901799 1.75695503
v -1.436095 -0.898382008 1.75697303
v -1.43896306 -0.866412997 1.75285101
v -1.44176304 -0.838074028 1.75301504
v -1.50876105 -0.839619994 1.753497
v -1.56767702 -0.840982974 1.75407803
v -1.56357002 -0.86838299 1.75357699
v -1.55891204 -0.899646997 1.75692594
v -1.61143005 -0.869373977 1.75416505
v -1.61589503 -0.841903985 1.75485098
v -1.66329503 -0.843038023 1.75621998
v -1.65886796 -0.870671988 1.75549805
v -1.65410197 -0.902432024 1.75809002
v -1.60649204 -0.900856018 1.75710905
v -1.55891204 -0.899646997 1.75692594
v -1.56357002 -0.86838299 1.75357699
v -1.56767702 -0.840982974 1.75407803
v -1.36700106 -0.865025997 1.75241601
v -1.36930203 -0.836598992 1.75254095
v -1.364519 -0.89715302 1.75675797
v -1.27874196 -0.895536005 1.75630403
v -1.28089702 -0.863385022 1.75199795
v -1.282776 -0.835026026 1.75233197
v 0.528859019 -0.833629012 1.74689901
v 0.530498028 -0.803645015 1.75431395
v 0.377521008 -0.805860996 1.75345802
v 0.376661003 -0.835848987 1.74656701
v 0.375959992 -0.867428005 1.74520695
v 0.527274013 -0.864668012 1.74492502
v 0.681829989 -0.860692024 1.74540806
v 0.685279012 -0.829755008 1.74794102
v 0.688525975 -0.799476027 1.75570202
v 0.226304993 -0.838144004 1.74682605
v 0.225710005 -0.86967802 1.74605298
v 0.226917997 -0.808529019 1.753178
v 0.077372998 -0.811286986 1.75332999
v 0.0766139999 -0.840619028 1.747473
v 0.075710997 -0.872089982 1.74718106
v -0.372487009 -0.848263979 1.74916995
v -0.373021007 -0.881078005 1.74953997
v -0.224812001 -0.878602028 1.74917305
v -0.223548993 -0.846050024 1.748981
v -0.222246006 -0.816089988 1.75416505
v -0.371847004 -0.818354011 1.75418305
v -0.515661001 -0.820661008 1.75406206
v -0.515426993 -0.850232005 1.74933898
v -0.515049994 -0.883023977 1.75004601
v -0.647387981 -0.85216397 1.74995506
v -0.646471024 -0.8847 1.75133002
v -0.648120999 -0.823110998 1.75404298
v -0.777978003 -0.825699985 1.75396001
v -0.777019978 -0.854297996 1.75067103
v -0.775934994 -0.886555016 1.75280702
v -0.912975013 -0.856871009 1.75114202
v -0.912092984 -0.889043987 1.753896
v -0.913981974 -0.828420997 1.75364399
v -1.04842198 -0.831005991 1.753178
v -1.047328 -0.859440982 1.751459
v -1.04650497 -0.89161998 1.75477004
v -1.17215395 -0.861567974 1.75171101
v -1.17072904 -0.893737972 1.75560701
v -1.04650497 -0.89161998 1.75477004
v -1.047328 -0.859440982 1.751459
v -1.04842198 -0.831005991 1.753178
v -1.17358506 -0.833184004 1.75264299
v -0.0735929981 -0.843378007 1.74830306
v -0.0724269971 -0.813771009 1.75376999
v -0.222246006 -0.816089988 1.75416505
v -0.223548993 -0.846050024 1.748981
v -0.224812001 -0.878602028 1.74917305
v -0.0748480037 -0.875334978 1.74830306
v 0.075710997 -0.872089982 1.74718106
v 0.0766139999 -0.840619028 1.747473
v 0.077372998 -0.811286986 1.75332999
v 1.18751001 -0.780987024 1.76131296
v 1.187181 -0.756476998 1.76795399
v 1.02232206 -0.776974976 1.761235
v 1.01626205 -0.807642996 1.753829
v 1.01006603 -0.839047015 1.75078404
v 1.18946803 -0.805525005 1.75871801
v 1.33941901 -0.765891016 1.76767504
v 1.32602096 -0.752556026 1.768893
v 1.32385302 -0.734628022 1.77470195
v 1.39577305 -0.732375979 1.77319801
v 1.32602096 -0.752556026 1.768893
v 1.33941901 -0.765891016 1.76767504
v 1.41932702 -0.731806993 1.77467096
v 1.40733194 -0.716606021 1.77844596
v 1.32385302 -0.734628022 1.77470195
v -2.07724309 -0.93502301 1.79678702
v -2.07653189 -0.97716397 1.78875303
v -2.06435108 -0.977055013 1.78814197
v -2.06511402 -0.935037017 1.79540896
v -2.06614399 -0.907863021 1.79927099
v -2.07813311 -0.907764971 1.801512
v -2.08913708 -0.907958984 1.80169904
v -2.08819795 -0.935140014 1.79696596
v -2.08757401 -0.977131009 1.78890502
v -2.11588001 -0.935724974 1.79746103
v -2.11677408 -0.908840001 1.80221903
v -2.14372396 -0.909757018 1.80181098
v -2.14285898 -0.936330974 1.796978
v -2.14280009 -0.977365971 1.78876698
v -2.11555099 -0.97724098 1.78933895
v -1.36298299 -0.921514988 1.76764596
v -1.364519 -0.89715302 1.75675797
v -1.436095 -0.898382008 1.75697303
v -1.43455505 -0.922617018 1.76738596
v -1.43367898 -0.942986012 1.78094494
v -1.36192 -0.941994011 1.78180802
v -1.275823 -0.940632999 1.78240001
v -1.277143 -0.920005023 1.76760304
v -1.27874196 -0.895536005 1.75630403
v -1.49891305 -0.923434019 1.76694906
v -1.49691999 -0.944280982 1.78005505
v -1.50150299 -0.89901799 1.75695503
v -1.55891204 -0.899646997 1.75692594
v -1.55529702 -0.92435199 1.76647496
v -1.55220306 -0.945779026 1.77912295
v 0.52611202 -0.884310007 1.75312495
v 0.525161982 -0.898253977 1.76641297
v 0.677836001 -0.893548012 1.76466405
v 0.679543018 -0.880021989 1.75260401
v 0.681829989 -0.860692024 1.74540806
v 0.527274013 -0.864668012 1.74492502
v 0.375959992 -0.867428005 1.74520695
v 0.37528801 -0.88756001 1.75431097
v 0.374630988 -0.901966989 1.76864696
v 0.224947006 -0.890280008 1.75591004
v 0.224099994 -0.905414999 1.77108204
v 0.225710005 -0.86967802 1.74605298
v 0.075710997 -0.872089982 1.74718106
v 0.074729003 -0.893128991 1.75754595
v 0.0737069994 -0.908950984 1.77324104
v -0.37322101 -0.903689027 1.76037598
v -0.373252988 -0.921196997 1.776443
v -0.225612998 -0.917096972 1.77560997
v -0.225384995 -0.900510013 1.75978601
v -0.224812001 -0.878602028 1.74917305
v -0.373021007 -0.881078005 1.74953997
v -0.515049994 -0.883023977 1.75004601
v -0.514829993 -0.906322002 1.76118004
v -0.514689028 -0.924871027 1.77752602
v -0.645811021 -0.90842998 1.76276803
v -0.645280004 -0.927758992 1.77923799
v -0.646471024 -0.8847 1.75133002
v -0.775934994 -0.886555016 1.75280702
v -0.775146008 -0.910489976 1.76446497
v -0.774504006 -0.930262029 1.78088498
v -0.911814988 -0.912974 1.76559806
v -0.911837995 -0.932781994 1.781775
v -0.912092984 -0.889043987 1.753896
v -1.04650497 -0.89161998 1.75477004
v -1.04652405 -0.915570974 1.76640701
v -1.046965 -0.935409009 1.78220606
v -1.16997802 -0.917970002 1.767133
v -1.16956496 -0.938232005 1.78247297
v -1.046965 -0.935409009 1.78220606
v -1.04652405 -0.915570974 1.76640701
v -1.04650497 -0.89161998 1.75477004
v -1.17072904 -0.893737972 1.75560701
v -2.03391194 -0.934845984 1.79131305
v -2.03299308 -0.95856303 1.790851
v -1.98924601 -0.957675993 1.78866994
v -1.990605 -0.934377015 1.78594697
v -1.99281001 -0.907491982 1.78442097
v -2.03555012 -0.907858014 1.79259002
v -2.06614399 -0.907863021 1.79927099
v -2.06511402 -0.935037017 1.79540896
v -2.06435108 -0.977055013 1.78814197
v -1.70854104 -0.929445028 1.76748395
v -1.70609701 -0.951548994 1.77685797
v -1.64868903 -0.949249983 1.77730405
v -1.65098298 -0.927510977 1.766294
v -1.65410197 -0.902432024 1.75809002
v -1.71159899 -0.904160023 1.76045597
v -1.77203596 -0.906253994 1.76367104
v -1.770316 -0.931101024 1.76956296
v -1.76764095 -0.95371598 1.77722204
v -1.83100796 -0.932017028 1.77241802
v -1.82864201 -0.95518899 1.77882504
v -1.82846701 -0.908931017 1.76719701
v -1.88428903 -0.902323008 1.77092898
v -1.88887298 -0.932675004 1.77612495
v -1.88698399 -0.956193984 1.78152704
v -1.94216502 -0.933556974 1.78075898
v -1.94438004 -0.906507015 1.77771997
v -1.99281001 -0.907491982 1.78442097
v -1.990605 -0.934377015 1.78594697
v -1.98924601 -0.957675993 1.78866994
v -1.94054699 -0.956954002 1.78518498
v -1.88698399 -0.956193984 1.78152704
v -1.88887298 -0.932675004 1.77612495
v -1.88428903 -0.902323008 1.77092898
v -0.0757249966 -0.896764994 1.75883996
v -0.0748480037 -0.875334978 1.74830306
v -0.224812001 -0.878602028 1.74917305
v -0.225384995 -0.900510013 1.75978601
v -0.225612998 -0.917096972 1.77560997
v -0.0764119998 -0.912930012 1.77464604
v 0.0737069994 -0.908950984 1.77324104
v 0.074729003 -0.893128991 1.75754595
v 0.075710997 -0.872089982 1.74718106
v -1.60294497 -0.925763011 1.76610696
v -1.60649204 -0.900856018 1.75710905
v -1.65410197 -0.902432024 1.75809002
v -1.65098298 -0.927510977 1.766294
v -1.64868903 -0.949249983 1.77730405
v -1.60009205 -0.94738102 1.77813303
v -1.55220306 -0.945779026 1.77912295
v -1.55529702 -0.92435199 1.76647496
v -1.55891204 -0.899646997 1.75692594
v 1.19319296 -0.818796992 1.763726
v 1.18946803 -0.805525005 1.75871801
v 1.01006603 -0.839047015 1.75078404
v 1.00683999 -0.857034028 1.75610101
v 1.00510001 -0.868313015 1.76559901
v 1.19780099 -0.82643503 1.77253604
v 1.36536705 -0.773499012 1.78200996
v 1.35247803 -0.771601021 1.77316499
v 1.33941901 -0.765891016 1.76767504
v 1.440413 -0.727575004 1.78171206
v 1.46026397 -0.72151202 1.79153705
v 1.41932702 -0.731806993 1.77467096
v 1.35247803 -0.771601021 1.77316499
v 1.36536705 -0.773499012 1.78200996
v 1.88531494 -0.821156979 1.83604801
v 1.85867095 -0.825285971 1.83699405
v 1.86376905 -0.89052999 1.82785797
v 1.89026904 -0.884920001 1.82653606
v 1.91545904 -0.879586995 1.82388496
v 1.91064095 -0.817232013 1.83373404
v 1.90961003 -0.770366013 1.84078097
v 1.88429296 -0.773510993 1.84261
v 1.85765004 -0.776821017 1.84302795
v 1.84627402 -0.827206016 1.83743298
v 1.82667196 -0.828106999 1.83418798
v 1.83174801 -0.894043028 1.82527399
v 1.85144496 -0.893140018 1.82847202
v 1.84523499 -0.778366029 1.84321594
v 1.82556903 -0.779200971 1.83993495
v 1.88537097 -0.729659021 1.84830999
v 1.85863602 -0.732125998 1.84856904
v 1.91076303 -0.727320015 1.84661806
v 1.91319799 -0.688786983 1.85168695
v 1.88768101 -0.690388978 1.85340905
v 1.860798 -0.692084014 1.85368502
v 1.84613895 -0.733292997 1.84867001
v 1.82644296 -0.733772993 1.84542298
v 1.84819305 -0.692897022 1.85378098
v 1.82852006 -0.693035007 1.85057998
v -2.07992291 -0.874822974 1.80692196
v -2.09113002 -0.874934018 1.807042
v -2.08913708 -0.907958984 1.80169904
v -2.07813311 -0.907764971 1.801512
v -2.06614399 -0.907863021 1.79927099
v -2.06816506 -0.874800026 1.80405104
v -2.07068205 -0.838793993 1.80928898
v -2.0821631 -0.839038014 1.81267405
v -2.09364796 -0.83898598 1.81268799
v -2.11900997 -0.875670016 1.80733895
v -2.12191796 -0.839357972 1.81264102
v -2.14941502 -0.839796007 1.81166697
v -2.146173 -0.876456976 1.80672002
v -2.14372396 -0.909757018 1.80181098
v -2.11677408 -0.908840001 1.80221903
v 1.77811205 -0.73417902 1.83563399
v 1.82644296 -0.733772993 1.84542298
v 1.82852006 -0.693035007 1.85057998
v 1.78043103 -0.692708015 1.84096205
v 1.72023201 -0.692108989 1.82909596
v 1.71732795 -0.73447001 1.82336104
v 1.71585596 -0.781654 1.81719398
v 1.77716899 -0.780381024 1.82994497
v 1.82556903 -0.779200971 1.83993495
v 1.77841198 -0.829176009 1.82408297
v 1.78313005 -0.894529998 1.81515598
v 1.83174801 -0.894043028 1.82527399
v 1.82667196 -0.828106999 1.83418798
v 1.71668196 -0.830347002 1.81094098
v 1.72041595 -0.89498198 1.80181396
v 1.20644295 -0.71548301 1.78672695
v 1.22207499 -0.693024993 1.79129398
v 1.08250296 -0.697508991 1.78803897
v 1.05566001 -0.725395024 1.78247905
v 1.026335 -0.75287199 1.77694595
v 1.19024897 -0.735764027 1.78245604
v 1.33230901 -0.714938998 1.78916502
v 1.33283401 -0.703949988 1.79161
v 1.34568799 -0.686653018 1.79525602
v -1.94778895 -0.872151017 1.77745605
v -1.94438004 -0.906507015 1.77771997
v -1.88428903 -0.902323008 1.77092898
v -1.89432895 -0.866521001 1.77141297
v -1.89692295 -0.832449019 1.77219296
v -1.95179498 -0.834141016 1.77857697
v -2.00144792 -0.835798025 1.78735495
v -1.99670601 -0.873438001 1.78529
v -1.99281001 -0.907491982 1.78442097
v -2.03862906 -0.874329984 1.79549694
v -2.03555012 -0.907858014 1.79259002
v -2.04242706 -0.837530971 1.79922104
v -2.07068205 -0.838793993 1.80928898
v -2.06816506 -0.874800026 1.80405104
v -2.06614399 -0.907863021 1.79927099
v -1.72158599 -0.832275987 1.75995898
v -1.71976101 -0.845037997 1.758587
v -1.66329503 -0.843038023 1.75621998
v -1.66539896 -0.830335975 1.75795698
v -1.66634095 -0.825101018 1.76020205
v -1.722386 -0.826869011 1.76178396
v -1.78205597 -0.828722 1.76416099
v -1.78118098 -0.838486016 1.76281297
v -1.778409 -0.852982998 1.76176405
v -1.51043904 -0.826336026 1.75572705
v -1.50876105 -0.839619994 1.753497
v -1.44176304 -0.838074028 1.75301504
v -1.44309604 -0.824728012 1.755458
v -1.44369698 -0.818879008 1.75904
v -1.51121902 -0.820330024 1.758919
v -1.57053697 -0.82189399 1.75883698
v -1.56964302 -0.827866971 1.75608206
v -1.56767702 -0.840982974 1.75407803
v -1.61802399 -0.829033971 1.75674498
v -1.61898506 -0.823463023 1.75924206
v -1.66634095 -0.825101018 1.76020205
v -1.66539896 -0.830335975 1.75795698
v -1.66329503 -0.843038023 1.75621998
v -1.61589503 -0.841903985 1.75485098
v -1.56767702 -0.840982974 1.75407803
v -1.56964302 -0.827866971 1.75608206
v -1.57053697 -0.82189399 1.75883698
v -1.37029803 -0.823333025 1.75505197
v -1.37064195 -0.817649007 1.75875497
v -1.36930203 -0.836598992 1.75254095
v -1.282776 -0.835026026 1.75233197
v -1.28354895 -0.821933985 1.754951
v -1.28376806 -0.816475987 1.75871301
v 0.227732003 -0.793685973 1.760059
v 0.226917997 -0.808529019 1.753178
v 0.377521008 -0.805860996 1.75345802
v 0.378674001 -0.790503025 1.76094604
v 0.379972011 -0.782459974 1.76873195
v 0.228646994 -0.786229014 1.76720405
v 0.078373 -0.789400995 1.76622701
v 0.0779249966 -0.796666026 1.75966001
v 0.077372998 -0.811286986 1.75332999
v -0.371327013 -0.804453015 1.75949395
v -0.371847004 -0.818354011 1.75418305
v -0.222246006 -0.816089988 1.75416505
v -0.221552998 -0.801957011 1.75968099
v -0.221164003 -0.795737982 1.76536298
v -0.370869011 -0.798556983 1.764956
v -0.515020013 -0.801361978 1.76459002
v -0.515451014 -0.807026982 1.75921798
v -0.515661001 -0.820661008 1.75406206
v -0.648231983 -0.809828997 1.75899506
v -0.648120999 -0.823110998 1.75404298
v -0.648030996 -0.804431021 1.76437795
v -0.778522015 -0.807610989 1.76385498
v -0.77838701 -0.812744975 1.75857496
v -0.777978003 -0.825699985 1.75396001
v -0.914636016 -0.815662026 1.75770795
v -0.913981974 -0.828420997 1.75364399
v -0.915112019 -0.810747981 1.76255298
v -1.04984999 -0.813417971 1.76095998
v -1.04921198 -0.818283975 1.75663495
v -1.04842198 -0.831005991 1.753178
v -1.17435098 -0.820312977 1.755597
v -1.17358506 -0.833184004 1.75264299
v -1.04842198 -0.831005991 1.753178
v -1.04921198 -0.818283975 1.75663495
v -1.04984999 -0.813417971 1.76095998
v -1.17478597 -0.815196991 1.75956404
v -0.0718189999 -0.799391985 1.75963497
v -0.071491003 -0.79262799 1.76569998
v -0.221164003 -0.795737982 1.76536298
v -0.221552998 -0.801957011 1.75968099
v -0.222246006 -0.816089988 1.75416505
v -0.0724269971 -0.813771009 1.75376999
v 0.077372998 -0.811286986 1.75332999
v 0.0779249966 -0.796666026 1.75966001
v 0.078373 -0.789400995 1.76622701
v 1.18834198 -0.743290007 1.77508295
v 1.19024897 -0.735764027 1.78245604
v 1.026335 -0.75287199 1.77694595
v 1.02513897 -0.761200011 1.76900005
v 1.02232206 -0.776974976 1.761235
v 1.187181 -0.756476998 1.76795399
v 1.32385302 -0.734628022 1.77470195
v 1.32680202 -0.723167002 1.78164899
v 1.33230901 -0.714938998 1.78916502
v -1.83877695 -0.852599978 1.76658201
v -1.89432895 -0.866521001 1.77141297
v -1.83235395 -0.871948004 1.76556003
v -1.84028995 -0.830613017 1.76750898
v -1.89692295 -0.832449019 1.77219296
v 1.41093004 -0.692578018 1.79520094
v 1.43525696 -0.677752972 1.79868805
v 1.34568799 -0.686653018 1.79525602
v 1.33283401 -0.703949988 1.79161
v 1.33230901 -0.714938998 1.78916502
v 1.43532896 -0.692798018 1.795277
v 1.48331201 -0.688576996 1.79724896
v 0.531819999 -0.787165999 1.76243496
v 0.530498028 -0.803645015 1.75431395
v 0.688525975 -0.799476027 1.75570202
v 0.690207005 -0.782118022 1.764189
v 0.664882004 -0.76443398 1.77452898
v 0.532984018 -0.777438998 1.77090895
v 1.39765799 -0.829604983 1.77957594
v 1.19780099 -0.82643503 1.77253604
v 1.00510001 -0.868313015 1.76559901
v 1.32120395 -0.895950019 1.76896799
v 1.54330802 -0.896300972 1.77762902
v 1.56234002 -0.831676006 1.78784704
v 1.58534002 -0.782251 1.79581797
v 1.48292899 -0.778648019 1.78833306
v 1.36536705 -0.773499012 1.78200996
v 1.65666997 -0.831552029 1.79858196
v 1.658427 -0.89577502 1.78894103
v 1.65744805 -0.782765985 1.80562794
v 1.660272 -0.734605014 1.81266201
v 1.71732795 -0.73447001 1.82336104
v 1.66422403 -0.691431999 1.81915402
v 1.61083198 -0.689261973 1.81117201
v 1.60077703 -0.733003974 1.80382597
v 1.58534002 -0.782251 1.79581797
v 1.65744805 -0.782765985 1.80562794
v 1.71585596 -0.781654 1.81719398
v 1.532673 -0.728087008 1.79714298
v 1.55848098 -0.684180975 1.80518794
v 1.46026397 -0.72151202 1.79153705
v 1.48292899 -0.778648019 1.78833306
v 0.835281014 -0.999740005 1.74707997
v 0.834797025 -0.887126029 1.76368403
v 0.677836001 -0.893548012 1.76466405
v 0.676589012 -1.00428998 1.74680495
v 0.675643027 -1.08820295 1.73327196
v 0.835646987 -1.08507097 1.73449802
v 1.033535 -1.08134305 1.73732495
v 1.03171206 -0.995362997 1.749331
v 1.00510001 -0.868313015 1.76559901
v 0.835779011 -1.11583698 1.72996199
v 0.675302029 -1.11845803 1.728392
v 0.675264001 -1.12188303 1.72783995
v 0.835793972 -1.11932003 1.72944903
v 1.034266 -1.11585104 1.73250604
v 1.03419197 -1.112342 1.73299599
v 1.91499496 -1.08683801 1.79439104
v 1.915416 -1.09012902 1.79386306
v 1.93937397 -1.07856297 1.79218996
v 1.93897498 -1.07537401 1.79269803
v 1.935449 -1.04721105 1.797189
v 1.91128194 -1.05776405 1.79905403
v 1.88585901 -1.06886494 1.79960001
v 1.88976896 -1.09889805 1.794765
v 1.89021206 -1.10229802 1.79421699
v 1.90098202 -0.977123022 1.81198704
v 1.92566895 -0.969097972 1.80964398
v 1.91545904 -0.879586995 1.82388496
v 1.89026904 -0.884920001 1.82653606
v 1.86376905 -0.89052999 1.82785797
v 1.87501204 -0.98556602 1.813012
v 1.87803805 -1.10450804 1.79493797
v 1.87849104 -1.10795903 1.79438198
v 1.874035 -1.07402897 1.79985404
v 1.85341799 -1.07527804 1.79662895
v 1.85724902 -1.10582304 1.79170501
v 1.85768294 -1.10927999 1.79114795
v 1.86293495 -0.989494026 1.81348896
v 1.85144496 -0.893140018 1.82847202
v 1.83174801 -0.894043028 1.82527399
v 1.84279001 -0.990558982 1.810287
v -2.11500311 -1.05430496 1.77412295
v -2.11555099 -0.97724098 1.78933895
v -2.14280009 -0.977365971 1.78876698
v -2.142766 -1.05404401 1.77372301
v -2.14275289 -1.12565196 1.75973797
v -2.11451101 -1.12617505 1.75990999
v -2.08558011 -1.12672997 1.75922406
v -2.08652711 -1.05458701 1.77358305
v -2.08757401 -0.977131009 1.78890502
v -2.11434603 -1.15210497 1.75479603
v -2.14275789 -1.15147603 1.75470698
v -2.14277101 -1.15440702 1.75415301
v -2.11434507 -1.15506697 1.75423002
v -2.08523798 -1.15578604 1.75346994
v -2.08525395 -1.15278101 1.75405002
v -2.0752809 -1.054757 1.77341497
v -2.07653189 -0.97716397 1.78875303
v -2.07413507 -1.12700903 1.75902402
v -2.06203198 -1.12695599 1.758865
v -2.06312704 -1.05464995 1.77315295
v -2.06435108 -0.977055013 1.78814197
v -2.07374096 -1.15312803 1.75382996
v -2.07372189 -1.15618205 1.75323296
v -2.06163692 -1.15618205 1.75309896
v -2.06165504 -1.15310705 1.75370097
v 1.80485296 -1.10499406 1.78185797
v 1.80522001 -1.10843205 1.78130496
v 1.85768294 -1.10927999 1.79114795
v 1.85724902 -1.10582304 1.79170501
v 1.85341799 -1.07527804 1.79662895
v 1.80160999 -1.07463002 1.78673804
v 1.734501 -1.07349706 1.77367306
v 1.73696399 -1.10360301 1.76885998
v 1.73724306 -1.10701203 1.76831496
v 1.79261601 -0.990411997 1.80027199
v 1.84279001 -0.990558982 1.810287
v 1.83174801 -0.894043028 1.82527399
v 1.78313005 -0.894529998 1.81515598
v 1.72041595 -0.89498198 1.80181396
v 1.72766995 -0.989993989 1.78702497
v -1.49065602 -1.04262602 1.76325595
v -1.49691999 -0.944280982 1.78005505
v -1.55220306 -0.945779026 1.77912295
v -1.54594398 -1.043872 1.76272297
v -1.541201 -1.11819994 1.75029695
v -1.48591006 -1.11714602 1.75052702
v -1.42259896 -1.11606002 1.750682
v -1.42737603 -1.04145002 1.76372802
v -1.43367898 -0.942986012 1.78094494
v -1.48419905 -1.14401305 1.74593699
v -1.53949106 -1.14499903 1.74581599
v -1.53929806 -1.14803302 1.745309
v -1.48400497 -1.14705503 1.74541795
v -1.42068195 -1.14600503 1.74544597
v -1.42087698 -1.14295995 1.74597895
v -1.35589194 -1.04047096 1.76415503
v -1.36192 -0.941994011 1.78180802
v -1.35132396 -1.11509097 1.75077903
v -1.265674 -1.11376297 1.75032604
v -1.27004898 -1.03912902 1.764153
v -1.275823 -0.940632999 1.78240001
v -1.34967697 -1.141994 1.74595594
v -1.34949005 -1.14504004 1.74540997
v -1.26391804 -1.143718 1.74477696
v -1.26409698 -1.14067101 1.74534094
v 0.222859994 -1.01279199 1.750368
v 0.224099994 -0.905414999 1.77108204
v 0.0737069994 -0.908950984 1.77324104
v 0.0729489997 -1.01545 1.75187004
v 0.0723740011 -1.09614694 1.735677
v 0.221920997 -1.09415495 1.73467302
v 0.372390985 -1.09202397 1.73366702
v 0.373356014 -1.01009297 1.74874604
v 0.374630988 -0.901966989 1.76864696
v 0.221581995 -1.12348998 1.72901404
v 0.0721670017 -1.12524199 1.72983897
v 0.0721440017 -1.12853599 1.72917795
v 0.221543998 -1.12681103 1.72837305
v 0.372002989 -1.12490797 1.72761405
v 0.372042 -1.12156403 1.72823
v 0.523607016 -1.00750101 1.74745905
v 0.525161982 -0.898253977 1.76641297
v 0.522427976 -1.09028101 1.73309696
v 0.675643027 -1.08820295 1.73327196
v 0.676589012 -1.00428998 1.74680495
v 0.677836001 -0.893548012 1.76466405
v 0.522002995 -1.12012601 1.72791898
v 0.521955013 -1.123505 1.72733295
v 0.675264001 -1.12188303 1.72783995
v 0.675302029 -1.11845803 1.728392
v -0.907558978 -1.03244901 1.76019299
v -0.911837995 -0.932781994 1.781775
v -1.046965 -0.935409009 1.78220606
v -1.04135203 -1.03439498 1.76193905
v -1.037099 -1.10940099 1.74658298
v -0.904317021 -1.10797 1.74383998
v -0.769528985 -1.10678303 1.74139404
v -0.771673977 -1.03068805 1.75841796
v -0.774504006 -0.930262029 1.78088498
v -0.903147995 -1.13519895 1.73794305
v -1.03556502 -1.13644302 1.74104595
v -1.03539205 -1.13950503 1.74041903
v -0.903015018 -1.13828099 1.73727596
v -0.768669009 -1.13732505 1.73456204
v -0.768755972 -1.13421905 1.73525596
v -0.643055022 -1.02877402 1.75693405
v -0.645280004 -0.927758992 1.77923799
v -0.641369998 -1.105317 1.74003398
v -0.510797977 -1.10345602 1.73909295
v -0.512475014 -1.02647102 1.75566101
v -0.514689028 -0.924871027 1.77752602
v -0.640761971 -1.13291395 1.73394096
v -0.640693009 -1.13603795 1.73325098
v -0.510124981 -1.13435495 1.73244298
v -0.51019299 -1.13121295 1.73311901
v -0.370705009 -1.02354002 1.75451696
v -0.373252988 -0.921196997 1.776443
v -0.368773997 -1.10108805 1.737903
v -0.221429005 -1.09887195 1.73683
v -0.223232999 -1.02051198 1.75354695
v -0.225612998 -0.917096972 1.77560997
v -0.368077993 -1.12904704 1.73191202
v -0.367998987 -1.13221204 1.73123395
v -0.220705003 -1.13032305 1.73011994
v -0.220778003 -1.12712502 1.73080301
v -1.163692 -1.03686297 1.76333702
v -1.16956496 -0.938232005 1.78247297
v -1.15924203 -1.11159897 1.74883604
v -1.037099 -1.10940099 1.74658298
v -1.04135203 -1.03439498 1.76193905
v -1.046965 -0.935409009 1.78220606
v -1.157637 -1.13854396 1.743608
v -1.15745604 -1.14159501 1.74301696
v -1.03539205 -1.13950503 1.74041903
v -1.03556502 -1.13644302 1.74104595
v -1.69268405 -1.14808595 1.74592197
v -1.69247901 -1.15107906 1.74545002
v -1.63442194 -1.14967406 1.74506795
v -1.63463604 -1.14666796 1.74555194
v -1.63652599 -1.12011194 1.74982297
v -1.69448805 -1.12164903 1.75008297
v -1.75797105 -1.12319005 1.75081897
v -1.75646901 -1.14953101 1.74671495
v -1.75629795 -1.15251195 1.74625003
v -1.69949305 -1.04832101 1.76162505
v -1.64176905 -1.04645598 1.76166999
v -1.64868903 -0.949249983 1.77730405
v -1.70609701 -0.951548994 1.77685797
v -1.76764095 -0.95371598 1.77722204
v -1.76214004 -1.05013204 1.76220095
v -1.82171094 -1.15051401 1.74793398
v -1.82160497 -1.15348899 1.74746394
v -1.82264304 -1.12424004 1.75208998
v -1.88445604 -1.12494802 1.75373101
v -1.88406301 -1.15117598 1.74941099
v -1.88401794 -1.15414596 1.74892199
v -1.82522905 -1.05136395 1.76361501
v -1.82864201 -0.95518899 1.77882504
v -1.88698399 -0.956193984 1.78152704
v -1.88554597 -1.05219996 1.76571298
v -1.93987298 -1.05282199 1.76834095
v -1.94054699 -0.956954002 1.78518498
v -1.98924601 -0.957675993 1.78866994
v -1.98855305 -1.05340004 1.77078605
v -1.98802805 -1.12593901 1.75723302
v -1.93936205 -1.12546504 1.75557804
v -1.88445604 -1.12494802 1.75373101
v -1.88554597 -1.05219996 1.76571298
v -1.93917704 -1.15165603 1.75097704
v -1.98784196 -1.15210497 1.75234497
v -1.98782396 -1.15508497 1.75178802
v -1.93915606 -1.15462101 1.75045598
v -1.88401794 -1.15414596 1.74892199
v -1.88406301 -1.15117598 1.74941099
v -0.074657999 -1.12615502 1.73027301
v -0.0746319965 -1.12940204 1.72959805
v 0.0721440017 -1.12853599 1.72917795
v 0.0721670017 -1.12524199 1.72983897
v 0.0723740011 -1.09614694 1.735677
v -0.0748940036 -1.09747303 1.73624206
v -0.221429005 -1.09887195 1.73683
v -0.220778003 -1.12712502 1.73080301
v -0.220705003 -1.13032305 1.73011994
v -0.075548999 -1.01791894 1.75279796
v 0.0729489997 -1.01545 1.75187004
v 0.0737069994 -0.908950984 1.77324104
v -0.0764119998 -0.912930012 1.77464604
v -0.225612998 -0.917096972 1.77560997
v -0.223232999 -1.02051198 1.75354695
v -1.586604 -1.14576101 1.74560201
v -1.58639896 -1.14878201 1.74510705
v -1.53949106 -1.14499903 1.74581599
v -1.541201 -1.11819994 1.75029695
v -1.58841801 -1.11907601 1.74997795
v -1.63652599 -1.12011194 1.74982297
v -1.63463604 -1.14666796 1.74555194
v -1.63442194 -1.14967406 1.74506795
v -1.59345102 -1.04506099 1.762115
v -1.54594398 -1.043872 1.76272297
v -1.55220306 -0.945779026 1.77912295
v -1.60009205 -0.94738102 1.77813303
v -1.64176905 -1.04645598 1.76166999
v -2.03192711 -1.05410302 1.77233303
v -2.03299308 -0.95856303 1.790851
v -2.06435108 -0.977055013 1.78814197
v -2.06312704 -1.05464995 1.77315295
v -2.06203198 -1.12695599 1.758865
v -2.03112411 -1.12651706 1.75829804
v -1.98802805 -1.12593901 1.75723302
v -1.98855305 -1.05340004 1.77078605
v -1.98924601 -0.957675993 1.78866994
v -2.03084493 -1.15267801 1.75322902
v -2.06165504 -1.15310705 1.75370097
v -2.06163692 -1.15618205 1.75309896
v -2.030828 -1.15571105 1.75264299
v -1.98782396 -1.15508497 1.75178802
v -1.98784196 -1.15210497 1.75234497
v 1.30129695 -1.10805094 1.73786402
v 1.30139899 -1.11151302 1.73736095
v 1.54425502 -1.10790205 1.744807
v 1.54412401 -1.10450101 1.74533296
v 1.54297197 -1.07446206 1.74998295
v 1.30040002 -1.07747698 1.74230003
v 1.033535 -1.08134305 1.73732495
v 1.03419197 -1.112342 1.73299599
v 1.034266 -1.11585104 1.73250604
v 1.29790998 -0.992675006 1.75460601
v 1.53977597 -0.991145015 1.76287794
v 1.54330802 -0.896300972 1.77762902
v 1.32120395 -0.895950019 1.76896799
v 1.00510001 -0.868313015 1.76559901
v 1.03171206 -0.995362997 1.749331
v 1.66970098 -1.10322905 1.75617504
v 1.66989505 -1.10661805 1.75563705
v 1.73724306 -1.10701203 1.76831496
v 1.73696399 -1.10360301 1.76885998
v 1.734501 -1.07349706 1.77367306
v 1.66798103 -1.07328796 1.76093102
v 1.66321003 -0.990244985 1.774122
v 1.72766995 -0.989993989 1.78702497
v 1.72041595 -0.89498198 1.80181396
v 1.658427 -0.89577502 1.78894103
v 0.973814011 -0.671199977 1.791821
v 0.945056975 -0.70074898 1.78672898
v 1.08250296 -0.697508991 1.78803897
v 1.10438299 -0.668805003 1.79365599
v 1.11968994 -0.645834982 1.79811001
v 0.991804004 -0.648518026 1.79550397
v 0.863923013 -0.651296973 1.79291797
v 0.844060004 -0.673494995 1.79046595
v 0.808673024 -0.703366995 1.78639102
v 1.00017297 -0.63796699 1.79721701
v 1.12680995 -0.635149002 1.80018198
v 1.12983799 -0.630604982 1.80106294
v 1.00373101 -0.633480012 1.79794598
v 0.907769024 -0.636901975 1.79527295
v 0.873162985 -0.640969992 1.79405904
v 1.85060501 -0.658083975 1.85853505
v 1.84819305 -0.692897022 1.85378098
v 1.860798 -0.692084014 1.85368502
v 1.86330497 -0.657576978 1.85844302
v 1.86541998 -0.632534981 1.86205804
v 1.852651 -0.632817984 1.86214495
v 1.83316195 -0.633036017 1.85893202
v 1.83102095 -0.658196986 1.85533702
v 1.82852006 -0.693035007 1.85057998
v 1.85360205 -0.621065021 1.86382496
v 1.86640298 -0.620885015 1.86373901
v 1.866822 -0.615931988 1.86445403
v 1.85400605 -0.616068006 1.86453903
v 1.83458102 -0.616355002 1.86131501
v 1.83415794 -0.62133199 1.86060405
v 1.89364803 -0.620402992 1.86347198
v 1.89409304 -0.615531027 1.86418796
v 1.89260101 -0.631860018 1.86178803
v 1.91839302 -0.631208003 1.86005294
v 1.91949701 -0.619928002 1.86173606
v 1.91996706 -0.615131974 1.86245203
v 1.89035201 -0.656489015 1.85816801
v 1.88768101 -0.690388978 1.85340905
v 1.91319799 -0.688786983 1.85168695
v 1.91601706 -0.655454993 1.85643494
v 1.78698599 -0.622074008 1.85095096
v 1.78748095 -0.617209971 1.85165501
v 1.72863495 -0.618315995 1.84004796
v 1.72804904 -0.62302202 1.83933496
v 1.72667003 -0.63409102 1.83765805
v 1.78582203 -0.633513987 1.84929705
v 1.83316195 -0.633036017 1.85893202
v 1.83415794 -0.62133199 1.86060405
v 1.83458102 -0.616355002 1.86131501
v 1.783319 -0.658106029 1.84574199
v 1.72370505 -0.657884002 1.83405399
v 1.72023201 -0.692108989 1.82909596
v 1.78043103 -0.692708015 1.84096205
v 1.82852006 -0.693035007 1.85057998
v 1.83102095 -0.658196986 1.85533702
v 1.23658097 -0.666212976 1.796453
v 1.22207499 -0.693024993 1.79129398
v 1.34568799 -0.686653018 1.79525602
v 1.35622597 -0.662388027 1.79983103
v 1.36362803 -0.640493989 1.80380702
v 1.24758303 -0.643341005 1.80075598
v 1.11968994 -0.645834982 1.79811001
v 1.10438299 -0.668805003 1.79365599
v 1.08250296 -0.697508991 1.78803897
v 1.25270104 -0.63270098 1.80275798
v 1.36707103 -0.630307972 1.80565703
v 1.36853504 -0.62597698 1.80644298
v 1.25487697 -0.628175974 1.80360997
v 1.12983799 -0.630604982 1.80106294
v 1.12680995 -0.635149002 1.80018198
v 1.45914495 -0.627656996 1.809587
v 1.46049595 -0.623790979 1.81042099
v 1.36853504 -0.62597698 1.80644298
v 1.36707103 -0.630307972 1.80565703
v 1.36362803 -0.640493989 1.80380702
v 1.45596695 -0.636749983 1.80762601
v 1.52664304 -0.633922994 1.81185102
v 1.52991402 -0.625557005 1.81396306
v 1.53130496 -0.621999979 1.81486106
v 1.44913697 -0.656296015 1.80341101
v 1.35622597 -0.662388027 1.79983103
v 1.34568799 -0.686653018 1.79525602
v 1.43525696 -0.677752972 1.79868805
v 1.48331201 -0.688576996 1.79724896
v 1.51961005 -0.651906013 1.80731201
v 1.58037102 -0.624818027 1.81819999
v 1.58150804 -0.620988011 1.81908405
v 1.57769501 -0.633825004 1.81611896
v 1.62182796 -0.634652972 1.82134199
v 1.62375498 -0.624559999 1.82328904
v 1.62457502 -0.620269001 1.82411695
v 1.57194304 -0.653186023 1.81164801
v 1.55848098 -0.684180975 1.80518794
v 1.61083198 -0.689261973 1.81117201
v 1.61768401 -0.656349003 1.81715703
v 1.67331004 -0.623906016 1.83022404
v 1.67397499 -0.61935699 1.83098698
v 1.67174602 -0.634606004 1.82843101
v 1.72667003 -0.63409102 1.83765805
v 1.72804904 -0.62302202 1.83933496
v 1.72863495 -0.618315995 1.84004796
v 1.66838205 -0.657607019 1.82457602
v 1.66422403 -0.691431999 1.81915402
v 1.72023201 -0.692108989 1.82909596
v 1.72370505 -0.657884002 1.83405399
v 1.919083 -0.815923989 1.82919097
v 1.91064095 -0.817232013 1.83373404
v 1.92385602 -0.877810001 1.81927896
v 1.92385602 -0.877810001 1.80821896
v 1.919083 -0.815923989 1.81798196
v 1.91804898 -0.769317985 1.82504797
v 1.91804898 -0.769317985 1.83636403
v 1.90961003 -0.770366013 1.84078097
v 1.91922605 -0.726540983 1.84221601
v 1.91076303 -0.727320015 1.84661806
v 1.91804898 -0.769317985 1.83636403
v 1.91804898 -0.769317985 1.82504797
v 1.91922605 -0.726540983 1.83081305
v 1.92170405 -0.688251972 1.83577204
v 1.92170405 -0.688251972 1.84725106
v 1.91319799 -0.688786983 1.85168695
v 1.94696903 -1.07155299 1.78856695
v 1.93937397 -1.07856297 1.79218996
v 1.94736099 -1.07470703 1.78806806
v 1.94736099 -1.07470703 1.777475
v 1.94696903 -1.07155299 1.77796698
v 1.94350505 -1.04369402 1.78231204
v 1.94350505 -1.04369402 1.79297805
v 1.935449 -1.04721105 1.797189
v 1.93389904 -0.966422021 1.80521202
v 1.935449 -1.04721105 1.797189
v 1.94350505 -1.04369402 1.79297805
v 1.94350505 -1.04369402 1.78231204
v 1.93389904 -0.966422021 1.79436195
v 1.92385602 -0.877810001 1.80821896
v 1.92385602 -0.877810001 1.81927896
v 1.92811406 -0.61976999 1.85724497
v 1.91949701 -0.619928002 1.86173606
v 1.91839302 -0.631208003 1.86005294
v 1.92698896 -0.630990028 1.85556996
v 1.92698896 -0.630990028 1.84396696
v 1.92811406 -0.61976999 1.84561598
v 1.92859197 -0.614998996 1.84631801
v 1.92859197 -0.614998996 1.85795701
v 1.91996706 -0.615131974 1.86245203
v 1.92457199 -0.655110002 1.85196996
v 1.91601706 -0.655454993 1.85643494
v 1.91319799 -0.688786983 1.85168695
v 1.92170405 -0.688251972 1.84725106
v 1.92170405 -0.688251972 1.83577204
v 1.92457199 -0.655110002 1.84042096
v -2.1552279 -0.876720011 1.80409002
v -2.146173 -0.876456976 1.80672002
v -2.15858006 -0.839941025 1.80890298
v -2.15858006 -0.839941025 1.80056202
v -2.1552279 -0.876720011 1.79580402
v -2.1526289 -0.910052001 1.79093003
v -2.1526711 -0.910058022 1.79921699
v -2.14372396 -0.909757018 1.80181098
v -2.15170503 -0.936514974 1.79422104
v -2.14372396 -0.909757018 1.80181098
v -2.1526711 -0.910058022 1.79921699
v -2.1526289 -0.910052001 1.79093003
v -2.1515379 -0.936493993 1.78582001
v -2.15141106 -0.97734803 1.77748501
v -2.15166092 -0.977379024 1.785905
v -2.14280009 -0.977365971 1.78876698
v -2.15222907 -1.15126598 1.75242698
v -2.14275289 -1.12565196 1.75973797
v -2.15212989 -1.12547302 1.75736201
v -2.15208912 -1.12546802 1.74955404
v -2.15222907 -1.15126598 1.74473298
v -2.15224695 -1.15418601 1.74419105
v -2.15224695 -1.15418601 1.75187802
v -2.14277101 -1.15440702 1.75415301
v -2.15187192 -1.05393898 1.77107
v -2.14280009 -0.977365971 1.78876698
v -2.15166092 -0.977379024 1.785905
v -2.15141106 -0.97734803 1.77748501
v -2.15170503 -1.05391705 1.76293397
v -2.15208912 -1.12546802 1.74955404
v -2.15212989 -1.12547302 1.75736201
v -2.14275289 -1.12565196 1.75973797
v 1.919083 -0.815923989 1.79567099
v 1.92385602 -0.877810001 1.78620303
v 1.92385602 -0.877810001 1.75871003
v 1.91908205 -0.815923989 1.76780903
v 1.91804898 -0.769317985 1.77439404
v 1.91804898 -0.769317985 1.80252302
v 1.91922605 -0.726540983 1.80811405
v 1.91804898 -0.769317985 1.80252302
v 1.91804898 -0.769317985 1.77439404
v 1.91922605 -0.726540983 1.77976596
v 1.92170405 -0.688251972 1.78438795
v 1.92170405 -0.688251972 1.812922
v 1.94696903 -1.07155299 1.75686598
v 1.94736099 -1.07470703 1.75638902
v 1.947263 -1.07391906 1.73675501
v 1.94696903 -1.07155299 1.73051596
v 1.94350505 -1.04369402 1.73456502
v 1.94350505 -1.04369402 1.76108003
v 1.93389904 -0.966422021 1.77276599
v 1.94350505 -1.04369402 1.76108003
v 1.94350505 -1.04369402 1.73456502
v 1.93389904 -0.966422021 1.74579597
v 1.92385602 -0.877810001 1.75871003
v 1.92385602 -0.877810001 1.78620303
v 1.92811406 -0.61976999 1.822469
v 1.92698896 -0.630990028 1.82087004
v 1.92698896 -0.630990028 1.79202497
v 1.92811406 -0.61976999 1.79356301
v 1.928473 -0.616191983 1.80128598
v 1.92859197 -0.614998996 1.82314897
v 1.92457199 -0.655110002 1.81743097
v 1.92170405 -0.688251972 1.812922
v 1.92170405 -0.688251972 1.78438795
v 1.92457199 -0.655110002 1.78872097
v -2.1552279 -0.876720011 1.77821898
v -2.15858006 -0.839941025 1.78285897
v -2.15858006 -0.839941025 1.76519895
v -2.1552279 -0.876720011 1.76067495
v -2.15261507 -0.910050988 1.75602102
v -2.15261507 -0.910050988 1.77344501
v -2.1552279 -0.876720011 1.75251305
v -2.15858006 -0.839941025 1.75698304
v -2.15774202 -0.849135995 1.75325096
v -2.1552279 -0.876720011 1.74904299
v -2.15261507 -0.910050988 1.74446905
v -2.15261507 -0.910050988 1.74791503
v -2.15148211 -0.936487019 1.76840401
v -2.15261507 -0.910050988 1.77344501
v -2.15261507 -0.910050988 1.75602102
v -2.15148091 -0.936487019 1.75110698
v -2.15132499 -0.977337003 1.74314499
v -2.15132689 -0.977337003 1.76023698
v -2.15147996 -0.936487019 1.74305999
v -2.15261507 -0.910050988 1.74791503
v -2.15261507 -0.910050988 1.74446905
v -2.15147996 -0.936487019 1.73963904
v -2.15132499 -0.977337003 1.73181295
v -2.15132499 -0.977337003 1.73519397
v -2.15222907 -1.15126598 1.72840297
v -2.1520741 -1.12546599 1.73308694
v -2.1520741 -1.12546599 1.71667802
v -2.15222907 -1.15126598 1.71211195
v -2.15224695 -1.15418601 1.71159601
v -2.15224695 -1.15418601 1.72787404
v -2.15222907 -1.15126598 1.70453298
v -2.1520741 -1.12546599 1.70904398
v -2.1520741 -1.12546599 1.70579898
v -2.15222907 -1.15126598 1.70131099
v -2.15224195 -1.15345597 1.70173502
v -2.15224695 -1.15418601 1.70402396
v -2.151649 -1.05391002 1.74608099
v -2.15132689 -0.977337003 1.76023698
v -2.15132499 -0.977337003 1.74314499
v -2.15164804 -1.05391002 1.72934496
v -2.1520741 -1.12546599 1.71667802
v -2.1520741 -1.12546599 1.73308694
v -2.15164804 -1.05391002 1.72156
v -2.15132499 -0.977337003 1.73519397
v -2.15132499 -0.977337003 1.73181295
v -2.15164804 -1.05391002 1.71824896
v -2.1520741 -1.12546599 1.70579898
v -2.1520741 -1.12546599 1.70904398
v 1.42084205 -0.703929007 -1.78622794
v 1.46165001 -0.700442016 -1.78689098
v 1.43291199 -0.714616001 -1.77987695
v 1.40733194 -0.716606021 -1.77844596
v 1.32385302 -0.734628022 -1.77470195
v 1.32680202 -0.723167002 -1.78164899
v 1.33230901 -0.714938998 -1.78916502
v 1.43532896 -0.692798018 -1.795277
v 1.48331201 -0.688576996 -1.79724896
v 0.848299026 -0.822495997 -1.74981105
v 0.854285002 -0.79094702 -1.75758004
v 1.02232206 -0.776974976 -1.761235
v 1.01626205 -0.807642996 -1.753829
v 1.01006603 -0.839047015 -1.75078404
v 0.841807008 -0.854794025 -1.74685395
v 0.681829989 -0.860692024 -1.74540806
v 0.685279012 -0.829755008 -1.74794102
v 0.688525975 -0.799476027 -1.75570202
v 0.837705016 -0.874185979 -1.75299501
v 0.834797025 -0.887126029 -1.76368403
v 0.677836001 -0.893548012 -1.76466405
v 0.679543018 -0.880021989 -1.75260401
v 0.681829989 -0.860692024 -1.74540806
v 0.841807008 -0.854794025 -1.74685395
v 1.01006603 -0.839047015 -1.75078404
v 1.00683999 -0.857034028 -1.75610101
v 1.00510001 -0.868313015 -1.76559901
v 0.904384017 -0.73190397 -1.78079104
v 0.857753992 -0.763861001 -1.77443004
v 0.664882004 -0.76443398 -1.77452898
v 0.75286299 -0.736711025 -1.78038394
v 0.808673024 -0.703366995 -1.78639102
v 0.945056975 -0.70074898 -1.78672898
v 1.08250296 -0.697508991 -1.78803897
v 1.05566001 -0.725395024 -1.78247905
v 1.026335 -0.75287199 -1.77694595
v 0.856869996 -0.773802996 -1.76587403
v 0.857753992 -0.763861001 -1.77443004
v 1.026335 -0.75287199 -1.77694595
v 1.02513897 -0.761200011 -1.76900005
v 1.02232206 -0.776974976 -1.761235
v 0.854285002 -0.79094702 -1.75758004
v 0.688525975 -0.799476027 -1.75570202
v 0.690207005 -0.782118022 -1.764189
v 0.664882004 -0.76443398 -1.77452898
v -1.81611097 -0.886017978 -1.76435196
v -1.77184606 -0.876944005 -1.76131403
v -1.77203596 -0.906253994 -1.76367104
v -1.82846701 -0.908931017 -1.76719701
v -1.88428903 -0.902323008 -1.77092898
v -1.83235395 -0.871948004 -1.76556003
v -1.778409 -0.852982998 -1.76176405
v -1.715886 -0.872511983 -1.75812197
v -1.65886796 -0.870671988 -1.75549805
v -1.65410197 -0.902432024 -1.75809002
v -1.71159899 -0.904160023 -1.76045597
v -1.71976101 -0.845037997 -1.758587
v -1.66329503 -0.843038023 -1.75621998
v -1.50528395 -0.867464006 -1.75318897
v -1.43896306 -0.866412997 -1.75285101
v -1.436095 -0.898382008 -1.75697398
v -1.50150299 -0.89901799 -1.75695503
v -1.55891204 -0.899646997 -1.75692594
v -1.56357002 -0.86838299 -1.75357699
v -1.56767702 -0.840982974 -1.75407803
v -1.50876105 -0.839619994 -1.753497
v -1.44176304 -0.838074028 -1.75301504
v -1.61143005 -0.869373977 -1.75416505
v -1.65886796 -0.870671988 -1.75549805
v -1.66329503 -0.843038023 -1.75621998
v -1.61589503 -0.841903985 -1.75485098
v -1.56767702 -0.840982974 -1.75407803
v -1.56357002 -0.86838299 -1.75357699
v -1.55891204 -0.899646997 -1.75692594
v -1.60649204 -0.900856018 -1.75710905
v -1.65410197 -0.902432024 -1.75809002
v -1.36699998 -0.865025997 -1.75241601
v -1.36930203 -0.836598992 -1.75254095
v -1.282776 -0.835026026 -1.75233197
v -1.28089702 -0.863385022 -1.75199795
v -1.27874196 -0.895536005 -1.75630403
v -1.364519 -0.89715302 -1.75675797
v 0.528859019 -0.833629012 -1.74689901
v 0.376661003 -0.835848987 -1.74656701
v 0.377521008 -0.805860996 -1.75345802
v 0.530498028 -0.803645015 -1.75431395
v 0.688525975 -0.799476027 -1.75570202
v 0.685279012 -0.829755008 -1.74794102
v 0.681829989 -0.860692024 -1.74540806
v 0.527274013 -0.864668012 -1.74492502
v 0.375959992 -0.867428005 -1.74520695
v 0.226304993 -0.838144004 -1.74682605
v 0.225710005 -0.86967802 -1.74605298
v 0.075710997 -0.872089982 -1.74718106
v 0.0766139999 -0.840619028 -1.747473
v 0.077372998 -0.811286986 -1.75332999
v 0.226917997 -0.808529019 -1.753178
v -0.372487009 -0.848263979 -1.74916995
v -0.223548993 -0.846050024 -1.748981
v -0.224812001 -0.878602028 -1.74917305
v -0.373021007 -0.881078005 -1.74954104
v -0.515049994 -0.883023977 -1.75004601
v -0.515426993 -0.850232005 -1.74933898
v -0.515661001 -0.820661008 -1.75406206
v -0.371847004 -0.818354011 -1.75418305
v -0.222246006 -0.816089988 -1.75416505
v -0.647387981 -0.85216397 -1.74995506
v -0.646471024 -0.8847 -1.75133002
v -0.775934994 -0.886555016 -1.75280702
v -0.777019978 -0.854297996 -1.75067103
v -0.777978003 -0.825699985 -1.75396001
v -0.648120999 -0.823110998 -1.75404298
v -0.912975013 -0.856871009 -1.75114202
v -0.912092984 -0.889043987 -1.75389504
v -1.04650497 -0.89161998 -1.75477004
v -1.047328 -0.859440982 -1.751459
v -1.04842198 -0.831005991 -1.753178
v -0.913981974 -0.828420997 -1.75364399
v -1.17215395 -0.861567974 -1.75171196
v -1.047328 -0.859440982 -1.751459
v -1.04650497 -0.89161998 -1.75477004
v -1.17072904 -0.893737972 -1.75560701
v -1.17358506 -0.833184004 -1.75264299
v -1.04842198 -0.831005991 -1.753178
v -0.0735929981 -0.843378007 -1.74830306
v -0.223548993 -0.846050024 -1.748981
v -0.222246006 -0.816089988 -1.75416505
v -0.0724269971 -0.813771009 -1.75376999
v 0.077372998 -0.811286986 -1.75332999
v 0.0766139999 -0.840619028 -1.747473
v 0.075710997 -0.872089982 -1.74718106
v -0.0748480037 -0.875334978 -1.74830306
v -0.224812001 -0.878602028 -1.74917305
v 1.18751001 -0.780987024 -1.76131296
v 1.01626205 -0.807642996 -1.753829
v 1.02232206 -0.776974976 -1.761235
v 1.187181 -0.756476998 -1.76795399
v 1.32385302 -0.734628022 -1.77470195
v 1.32602096 -0.752556026 -1.76889396
v 1.33941901 -0.765891016 -1.76767504
v 1.18946803 -0.805525005 -1.75871801
v 1.01006603 -0.839047015 -1.75078404
v 1.39577305 -0.732375979 -1.77319801
v 1.41932702 -0.731806993 -1.77467096
v 1.33941901 -0.765891016 -1.76767504
v 1.32602096 -0.752556026 -1.76889396
v 1.32385302 -0.734628022 -1.77470195
v 1.40733194 -0.716606021 -1.77844596
v -2.07724309 -0.93502301 -1.79678702
v -2.06511402 -0.935037017 -1.79540896
v -2.06435108 -0.977055013 -1.78814197
v -2.07653189 -0.97716397 -1.78875303
v -2.08757401 -0.977131009 -1.78890502
v -2.08819795 -0.935140014 -1.79696596
v -2.08913803 -0.907958984 -1.80169904
v -2.07813311 -0.907764971 -1.801512
v -2.06614399 -0.907863021 -1.79927099
v -2.11588097 -0.935724974 -1.79746103
v -2.14285994 -0.936330974 -1.796978
v -2.14372396 -0.909757018 -1.80181098
v -2.11677408 -0.908840001 -1.80221903
v -2.11555099 -0.97724098 -1.78933895
v -2.14280009 -0.977365971 -1.78876698
v -1.36298299 -0.921514988 -1.76764596
v -1.43455505 -0.922617018 -1.76738596
v -1.436095 -0.898382008 -1.75697398
v -1.364519 -0.89715302 -1.75675797
v -1.27874196 -0.895536005 -1.75630403
v -1.277143 -0.920005023 -1.76760304
v -1.275823 -0.940632999 -1.78240001
v -1.36192 -0.941994011 -1.78180802
v -1.43367898 -0.942986012 -1.78094494
v -1.49891305 -0.923434019 -1.76694798
v -1.49691999 -0.944280982 -1.78005505
v -1.55220306 -0.945779026 -1.77912295
v -1.55529702 -0.92435199 -1.76647496
v -1.55891204 -0.899646997 -1.75692594
v -1.50150299 -0.89901799 -1.75695503
v 0.52611202 -0.884310007 -1.75312495
v 0.679543018 -0.880021989 -1.75260401
v 0.677836001 -0.893548012 -1.76466405
v 0.525161982 -0.898253977 -1.76641297
v 0.374630988 -0.901966989 -1.76864696
v 0.37528801 -0.88756001 -1.75431097
v 0.375959992 -0.867428005 -1.74520695
v 0.527274013 -0.864668012 -1.74492502
v 0.681829989 -0.860692024 -1.74540806
v 0.224947006 -0.890280008 -1.75591004
v 0.224099994 -0.905414999 -1.77108204
v 0.0737069994 -0.908950984 -1.77324104
v 0.074729003 -0.893128991 -1.75754595
v 0.075710997 -0.872089982 -1.74718106
v 0.225710005 -0.86967802 -1.74605298
v -0.37322101 -0.903689027 -1.76037598
v -0.225384995 -0.900510013 -1.75978601
v -0.225612998 -0.917096972 -1.77560997
v -0.373252988 -0.921196997 -1.776443
v -0.514689028 -0.924871027 -1.77752602
v -0.514829993 -0.906322002 -1.76118004
v -0.515049994 -0.883023977 -1.75004601
v -0.373021007 -0.881078005 -1.74954104
v -0.224812001 -0.878602028 -1.74917305
v -0.645811021 -0.90842998 -1.76276803
v -0.645280004 -0.927758992 -1.77923799
v -0.774504006 -0.930262029 -1.78088498
v -0.775146008 -0.910489976 -1.76446497
v -0.775934994 -0.886555016 -1.75280702
v -0.646471024 -0.8847 -1.75133002
v -0.911814988 -0.912974 -1.76559806
v -0.911837995 -0.932781994 -1.781775
v -1.046965 -0.935409009 -1.78220606
v -1.04652405 -0.915570974 -1.76640701
v -1.04650497 -0.89161998 -1.75477004
v -0.912092984 -0.889043987 -1.75389504
v -1.16997802 -0.917970002 -1.767133
v -1.04652405 -0.915570974 -1.76640701
v -1.046965 -0.935409009 -1.78220606
v -1.16956496 -0.938232005 -1.78247297
v -1.17072904 -0.893737972 -1.75560701
v -1.04650497 -0.89161998 -1.75477004
v -2.03391099 -0.934845984 -1.79131305
v -1.990605 -0.934377015 -1.78594697
v -1.98924601 -0.957675993 -1.78866994
v -2.03299308 -0.95856303 -1.790851
v -2.06435108 -0.977055013 -1.78814197
v -2.06511402 -0.935037017 -1.79540896
v -2.06614399 -0.907863021 -1.79927099
v -2.03555012 -0.907858014 -1.79259002
v -1.99281001 -0.907491982 -1.78442097
v -1.70854104 -0.929445028 -1.76748395
v -1.65098298 -0.927510977 -1.766294
v -1.64868903 -0.949249983 -1.77730405
v -1.70609701 -0.951548994 -1.77685797
v -1.76764095 -0.95371598 -1.77722204
v -1.770316 -0.931101024 -1.76956296
v -1.77203596 -0.906253994 -1.76367104
v -1.71159899 -0.904160023 -1.76045597
v -1.65410197 -0.902432024 -1.75809002
v -1.83100796 -0.932017028 -1.77241802
v -1.82864201 -0.95518899 -1.77882504
v -1.88698399 -0.956193984 -1.78152704
v -1.88887298 -0.932675004 -1.77612495
v -1.88428903 -0.902323008 -1.77092898
v -1.82846701 -0.908931017 -1.76719701
v -1.94216502 -0.933556974 -1.78075898
v -1.990605 -0.934377015 -1.78594697
v -1.99281001 -0.907491982 -1.78442097
v -1.94438004 -0.906507015 -1.77771997
v -1.88428903 -0.902323008 -1.77092898
v -1.88887298 -0.932675004 -1.77612495
v -1.88698399 -0.956193984 -1.78152704
v -1.94054699 -0.956954002 -1.78518498
v -1.98924601 -0.957675993 -1.78866994
v -0.0757249966 -0.896764994 -1.75884104
v -0.225384995 -0.900510013 -1.75978601
v -0.224812001 -0.878602028 -1.74917305
v -0.0748480037 -0.875334978 -1.74830306
v 0.075710997 -0.872089982 -1.74718106
v 0.074729003 -0.893128991 -1.75754595
v 0.0737069994 -0.908950984 -1.77324104
v -0.0764119998 -0.912930012 -1.77464604
v -0.225612998 -0.917096972 -1.77560997
v -1.60294497 -0.925763011 -1.76610696
v -1.65098298 -0.927510977 -1.766294
v -1.65410197 -0.902432024 -1.75809002
v -1.60649204 -0.900856018 -1.75710905
v -1.55891204 -0.899646997 -1.75692594
v -1.55529702 -0.92435199 -1.76647496
v -1.55220306 -0.945779026 -1.77912295
v -1.60009205 -0.94738102 -1.77813303
v -1.64868903 -0.949249983 -1.77730405
v 1.19319296 -0.818796992 -1.763726
v 1.00683999 -0.857034028 -1.75610101
v 1.01006603 -0.839047015 -1.75078404
v 1.18946803 -0.805525005 -1.75871801
v 1.33941901 -0.765891016 -1.76767504
v 1.35247803 -0.771601021 -1.77316499
v 1.36536705 -0.773499012 -1.78200996
v 1.19780099 -0.82643503 -1.77253604
v 1.00510001 -0.868313015 -1.76559901
v 1.440413 -0.727575004 -1.78171206
v 1.46026397 -0.72151202 -1.79153705
v 1.36536705 -0.773499012 -1.78200996
v 1.35247803 -0.771601021 -1.77316499
v 1.41932702 -0.731806993 -1.77467096
v 1.88531494 -0.821156979 -1.83604801
v 1.89026904 -0.884920001 -1.82653606
v 1.86376905 -0.89052999 -1.82785797
v 1.85867095 -0.825285971 -1.83699405
v 1.85765004 -0.776821017 -1.84302795
v 1.88429296 -0.773510993 -1.84261
v 1.90961003 -0.770366013 -1.84078097
v 1.91064095 -0.817232013 -1.83373404
v 1.91545904 -0.879586995 -1.82388496
v 1.84627402 -0.827206016 -1.83743298
v 1.85144496 -0.893140018 -1.82847202
v 1.83174801 -0.894043028 -1.82527399
v 1.82667196 -0.828106999 -1.83418798
v 1.82556903 -0.779200971 -1.83993495
v 1.84523499 -0.778366029 -1.84321594
v 1.88537204 -0.729659021 -1.84830999
v 1.85863602 -0.732127011 -1.84856904
v 1.860798 -0.692084014 -1.85368502
v 1.88768196 -0.690388978 -1.85340905
v 1.91319799 -0.688786983 -1.85168695
v 1.91076303 -0.727320015 -1.84661806
v 1.84613895 -0.733292997 -1.84867001
v 1.82644296 -0.733772993 -1.84542298
v 1.82852006 -0.693035007 -1.85057998
v 1.84819305 -0.692897022 -1.85378098
v -2.07992291 -0.874822974 -1.80692196
v -2.07813311 -0.907764971 -1.801512
v -2.08913803 -0.907958984 -1.80169904
v -2.09113002 -0.874934018 -1.807042
v -2.09364796 -0.83898598 -1.81268799
v -2.0821631 -0.839038014 -1.81267405
v -2.07068205 -0.838793993 -1.80928898
v -2.06816506 -0.874800026 -1.80405104
v -2.06614399 -0.907863021 -1.79927099
v -2.11900997 -0.875670016 -1.80733895
v -2.12191796 -0.839357972 -1.81264102
v -2.11677408 -0.908840001 -1.80221903
v -2.14372396 -0.909757018 -1.80181098
v -2.146173 -0.876456976 -1.80672002
v -2.14941502 -0.839796007 -1.81166697
v 1.77811205 -0.73417902 -1.83563399
v 1.78043103 -0.692708015 -1.84096205
v 1.82852006 -0.693035007 -1.85057998
v 1.82644296 -0.733772993 -1.84542298
v 1.82556903 -0.779200971 -1.83993495
v 1.77716899 -0.780381024 -1.82994497
v 1.71585596 -0.781654 -1.81719398
v 1.71732795 -0.73447001 -1.82336104
v 1.72023201 -0.692108989 -1.82909596
v 1.77841198 -0.829176009 -1.82408297
v 1.82667196 -0.828106999 -1.83418798
v 1.83174801 -0.894043028 -1.82527399
v 1.78313005 -0.894529998 -1.81515598
v 1.72041595 -0.89498198 -1.80181396
v 1.71668196 -0.830345988 -1.81094098
v 1.20644295 -0.71548301 -1.78672695
v 1.05566001 -0.725395024 -1.78247905
v 1.08250296 -0.697508991 -1.78803897
v 1.22207499 -0.693024993 -1.79129398
v 1.34568799 -0.686653018 -1.79525602
v 1.33283401 -0.703948975 -1.79161
v 1.33230901 -0.714938998 -1.78916502
v 1.19024897 -0.735764027 -1.78245604
v 1.026335 -0.75287199 -1.77694595
v -1.94778895 -0.872151017 -1.77745605
v -1.89432895 -0.866521001 -1.77141297
v -1.88428903 -0.902323008 -1.77092898
v -1.94438004 -0.906507015 -1.77771997
v -1.99281001 -0.907491982 -1.78442097
v -1.99670601 -0.873438001 -1.78529
v -2.00144792 -0.835798025 -1.78735495
v -1.95179498 -0.834141016 -1.77857697
v -1.89692295 -0.832449019 -1.77219296
v -2.03862906 -0.874329984 -1.79549694
v -2.03555012 -0.907858014 -1.79259002
v -2.06614399 -0.907863021 -1.79927099
v -2.06816506 -0.874800026 -1.80405104
v -2.07068205 -0.838793993 -1.80928898
v -2.04242706 -0.837530971 -1.79922104
v -1.72158599 -0.832275987 -1.75995898
v -1.66539896 -0.830335975 -1.75795698
v -1.66329503 -0.843038023 -1.75621998
v -1.71976101 -0.845037997 -1.758587
v -1.778409 -0.852982998 -1.76176405
v -1.78118098 -0.838486016 -1.76281297
v -1.78205597 -0.828722 -1.76416099
v -1.722386 -0.826869011 -1.76178396
v -1.66634095 -0.825101018 -1.76020205
v -1.51043904 -0.826336026 -1.75572705
v -1.44309604 -0.824728012 -1.755458
v -1.44176304 -0.838074028 -1.75301504
v -1.50876105 -0.839619994 -1.753497
v -1.56767702 -0.840982974 -1.75407803
v -1.56964302 -0.827866971 -1.75608206
v -1.57053697 -0.82189399 -1.75883698
v -1.51121902 -0.820330024 -1.758919
v -1.44369698 -0.818879008 -1.75904
v -1.61802399 -0.829033971 -1.75674498
v -1.66539896 -0.830335975 -1.75795698
v -1.66634095 -0.825101018 -1.76020205
v -1.61898506 -0.823463023 -1.75924206
v -1.57053697 -0.82189399 -1.75883698
v -1.56964302 -0.827866971 -1.75608206
v -1.56767702 -0.840982974 -1.75407803
v -1.61589503 -0.841903985 -1.75485098
v -1.66329503 -0.843038023 -1.75621998
v -1.37029803 -0.823333025 -1.75505197
v -1.37064195 -0.817649007 -1.75875497
v -1.28376806 -0.816475987 -1.75871301
v -1.28354895 -0.821933985 -1.754951
v -1.282776 -0.835026026 -1.75233197
v -1.36930203 -0.836598992 -1.75254095
v 0.227732003 -0.793685973 -1.760059
v 0.378674001 -0.790503025 -1.76094604
v 0.377521008 -0.805860996 -1.75345802
v 0.226917997 -0.808529019 -1.753178
v 0.077372998 -0.811286986 -1.75332999
v 0.0779249966 -0.796666026 -1.75966001
v 0.078373 -0.789400995 -1.76622701
v 0.228646994 -0.786229014 -1.76720405
v 0.379972011 -0.782459974 -1.76873195
v -0.371327996 -0.804453015 -1.75949395
v -0.221552998 -0.801957011 -1.75968099
v -0.222246006 -0.816089988 -1.75416505
v -0.371847004 -0.818354011 -1.75418305
v -0.515661001 -0.820661008 -1.75406206
v -0.515451014 -0.807026982 -1.75921798
v -0.515020013 -0.801361978 -1.76459002
v -0.370869011 -0.798556983 -1.764956
v -0.221164003 -0.795737982 -1.76536298
v -0.648231983 -0.809828997 -1.75899506
v -0.648120999 -0.823110998 -1.75404298
v -0.777978003 -0.825699985 -1.75396001
v -0.77838701 -0.812744975 -1.75857496
v -0.778522015 -0.807610989 -1.76385498
v -0.648030996 -0.804431021 -1.76437795
v -0.914636016 -0.815662026 -1.75770795
v -0.913981974 -0.828420997 -1.75364399
v -1.04842198 -0.831005991 -1.753178
v -1.04921198 -0.818283975 -1.75663495
v -1.04984999 -0.813417971 -1.76095998
v -0.915112019 -0.810747981 -1.76255298
v -1.17435205 -0.820312977 -1.75559795
v -1.04921198 -0.818283975 -1.75663495
v -1.04842198 -0.831005991 -1.753178
v -1.17358506 -0.833184004 -1.75264299
v -1.17478597 -0.815196991 -1.75956404
v -1.04984999 -0.813417971 -1.76095998
v -0.0718189999 -0.799391985 -1.75963604
v -0.221552998 -0.801957011 -1.75968099
v -0.221164003 -0.795737982 -1.76536298
v -0.071491003 -0.79262799 -1.76569998
v 0.078373 -0.789400995 -1.76622701
v 0.0779249966 -0.796666026 -1.75966001
v 0.077372998 -0.811286986 -1.75332999
v -0.0724269971 -0.813771009 -1.75376999
v -0.222246006 -0.816089988 -1.75416505
v 1.18834198 -0.743290007 -1.77508295
v 1.02513897 -0.761200011 -1.76900005
v 1.026335 -0.75287199 -1.77694595
v 1.19024897 -0.735764027 -1.78245604
v 1.33230901 -0.714938998 -1.78916502
v 1.32680202 -0.723167002 -1.78164899
v 1.32385302 -0.734628022 -1.77470195
v 1.187181 -0.756476998 -1.76795399
v 1.02232206 -0.776974976 -1.761235
v -1.83877695 -0.852599978 -1.76658201
v -1.83235395 -0.871948004 -1.76556003
v -1.89432895 -0.866521001 -1.77141297
v -1.89692295 -0.832449019 -1.77219296
v -1.84028995 -0.830613017 -1.76750898
v 1.41093004 -0.692578018 -1.79520094
v 1.33283401 -0.703948975 -1.79161
v 1.34568799 -0.686653018 -1.79525602
v 1.43525696 -0.677752972 -1.79868805
v 1.48331201 -0.688576996 -1.79724896
v 1.43532896 -0.692798018 -1.795277
v 1.33230901 -0.714938998 -1.78916502
v 0.531819999 -0.787165999 -1.76243496
v 0.690207005 -0.782118022 -1.764189
v 0.688525975 -0.799476027 -1.75570202
v 0.530498028 -0.803645015 -1.75431395
v 0.532984018 -0.777438998 -1.77090895
v 0.664882004 -0.76443398 -1.77452898
v 1.39765799 -0.829604983 -1.77957594
v 1.32120395 -0.895950019 -1.76896799
v 1.00510001 -0.868313015 -1.76559901
v 1.19780099 -0.82643503 -1.77253604
v 1.36536705 -0.773499012 -1.78200996
v 1.48292899 -0.778648019 -1.78833306
v 1.58534002 -0.782251 -1.79581797
v 1.56234002 -0.831676006 -1.78784704
v 1.54330802 -0.896300972 -1.77762902
v 1.65666997 -0.831552029 -1.79858196
v 1.658427 -0.89577502 -1.78894198
v 1.65744805 -0.782765985 -1.80562794
v 1.660272 -0.734605014 -1.81266201
v 1.66422403 -0.691431999 -1.81915402
v 1.71732795 -0.73447001 -1.82336104
v 1.71585596 -0.781654 -1.81719398
v 1.65744805 -0.782765985 -1.80562794
v 1.58534002 -0.782251 -1.79581797
v 1.60077703 -0.733003974 -1.80382597
v 1.61083198 -0.689261973 -1.81117201
v 1.532673 -0.728087008 -1.79714298
v 1.55848098 -0.684180975 -1.80518794
v 1.48292899 -0.778648019 -1.78833306
v 1.46026397 -0.72151202 -1.79153705
v 0.835281014 -0.999740005 -1.74707997
v 0.676589012 -1.00428998 -1.74680495
v 0.677836001 -0.893548012 -1.76466405
v 0.834797025 -0.887126029 -1.76368403
v 1.00510001 -0.868313015 -1.76559901
v 1.03171206 -0.995362997 -1.749331
v 1.033535 -1.08134305 -1.73732495
v 0.835646987 -1.08507097 -1.73449802
v 0.675643027 -1.08820295 -1.73327196
v 0.835779011 -1.11583698 -1.72996199
v 0.675302029 -1.11845803 -1.728392
v 1.03419197 -1.112342 -1.73299599
v 1.034266 -1.11585104 -1.73250604
v 0.835793972 -1.11932003 -1.72944903
v 0.675264001 -1.12188303 -1.72783995
v 1.91499496 -1.08683801 -1.79439104
v 1.93897498 -1.07537401 -1.79269803
v 1.93937397 -1.07856297 -1.79218996
v 1.915416 -1.09012902 -1.79386306
v 1.89021206 -1.10229802 -1.79421699
v 1.88976896 -1.09889805 -1.794765
v 1.88585901 -1.06886494 -1.79960001
v 1.91128194 -1.05776405 -1.79905403
v 1.935449 -1.04721105 -1.797189
v 1.90098202 -0.977123022 -1.81198704
v 1.92566895 -0.969097972 -1.80964398
v 1.87501204 -0.98556602 -1.813012
v 1.86376905 -0.89052999 -1.82785797
v 1.89026904 -0.884920001 -1.82653606
v 1.91545904 -0.879586995 -1.82388496
v 1.87803805 -1.10450804 -1.79493797
v 1.87849104 -1.10795903 -1.79438198
v 1.85768294 -1.10927999 -1.79114795
v 1.85724902 -1.10582304 -1.79170501
v 1.85341799 -1.07527804 -1.79662895
v 1.874035 -1.07403004 -1.79985499
v 1.86293495 -0.989494026 -1.81348896
v 1.84279001 -0.990558982 -1.810287
v 1.83174801 -0.894043028 -1.82527399
v 1.85144496 -0.893140018 -1.82847202
v -2.11500311 -1.05430496 -1.77412295
v -2.142766 -1.05404401 -1.77372205
v -2.14280009 -0.977365971 -1.78876698
v -2.11555099 -0.97724098 -1.78933895
v -2.08757401 -0.977131009 -1.78890502
v -2.08652711 -1.05458701 -1.77358305
v -2.08558011 -1.12672997 -1.75922406
v -2.11451101 -1.12617505 -1.75990999
v -2.14275289 -1.12565196 -1.75973797
v -2.11434603 -1.15210497 -1.75479603
v -2.14275789 -1.15147603 -1.75470698
v -2.08525395 -1.15278101 -1.75405002
v -2.08523798 -1.15578604 -1.75346994
v -2.11434507 -1.15506697 -1.75423002
v -2.14277101 -1.15440702 -1.75415301
v -2.0752809 -1.054757 -1.77341497
v -2.07653189 -0.97716397 -1.78875303
v -2.06435108 -0.977055013 -1.78814197
v -2.06312704 -1.05464995 -1.77315295
v -2.06203198 -1.12695599 -1.758865
v -2.07413507 -1.12700903 -1.75902402
v -2.07374001 -1.15312803 -1.75382996
v -2.06165504 -1.15310705 -1.75370097
v -2.06163692 -1.15618205 -1.75309896
v -2.07372189 -1.15618205 -1.75323296
v 1.80485201 -1.10499406 -1.78185797
v 1.85724902 -1.10582304 -1.79170501
v 1.85768294 -1.10927999 -1.79114795
v 1.80522001 -1.10843205 -1.78130496
v 1.73724306 -1.10701203 -1.76831496
v 1.73696399 -1.10360301 -1.76885998
v 1.734501 -1.07349706 -1.77367306
v 1.80160999 -1.07463002 -1.78673804
v 1.85341799 -1.07527804 -1.79662895
v 1.79261601 -0.990411997 -1.80027199
v 1.84279001 -0.990558982 -1.810287
v 1.72766995 -0.989993989 -1.78702497
v 1.72041595 -0.89498198 -1.80181396
v 1.78313005 -0.894529998 -1.81515598
v 1.83174801 -0.894043028 -1.82527399
v -1.49065602 -1.04262602 -1.76325595
v -1.54594398 -1.043872 -1.76272297
v -1.55220306 -0.945779026 -1.77912295
v -1.49691999 -0.944280982 -1.78005505
v -1.43367898 -0.942986012 -1.78094494
v -1.42737603 -1.04145002 -1.76372802
v -1.42259896 -1.11606002 -1.750682
v -1.48591006 -1.11714602 -1.75052702
v -1.541201 -1.11819994 -1.75029695
v -1.48419905 -1.14401305 -1.74593699
v -1.53949106 -1.14499903 -1.74581599
v -1.42087698 -1.14295995 -1.74597895
v -1.42068195 -1.14600503 -1.74544597
v -1.48400497 -1.14705503 -1.74541795
v -1.53929806 -1.14803302 -1.745309
v -1.35589194 -1.04047096 -1.76415503
v -1.36192 -0.941994011 -1.78180802
v -1.275823 -0.940632999 -1.78240001
v -1.27004898 -1.03912902 -1.764153
v -1.265674 -1.11376297 -1.75032604
v -1.35132396 -1.11509097 -1.75077903
v -1.34967697 -1.141994 -1.74595594
v -1.26409698 -1.14067101 -1.74534094
v -1.26391804 -1.143718 -1.74477696
v -1.34949005 -1.14504004 -1.74540997
v 0.222859994 -1.01279199 -1.750368
v 0.0729489997 -1.01545 -1.75187004
v 0.0737069994 -0.908950984 -1.77324104
v 0.224099994 -0.905414999 -1.77108204
v 0.374630988 -0.901966989 -1.76864696
v 0.373356014 -1.01009297 -1.74874604
v 0.372390985 -1.09202397 -1.73366702
v 0.221920997 -1.09415495 -1.73467302
v 0.0723740011 -1.09614694 -1.735677
v 0.221581995 -1.12348998 -1.72901404
v 0.0721670017 -1.12524199 -1.72983897
v 0.372042 -1.12156403 -1.72823
v 0.372002989 -1.12490797 -1.72761405
v 0.221543998 -1.12681103 -1.72837305
v 0.0721440017 -1.12853599 -1.72917795
v 0.523607016 -1.00750101 -1.74745905
v 0.525161982 -0.898253977 -1.76641297
v 0.677836001 -0.893548012 -1.76466405
v 0.676589012 -1.00428998 -1.74680495
v 0.675643027 -1.08820295 -1.73327196
v 0.522427976 -1.09028101 -1.73309696
v 0.522002995 -1.12012601 -1.72791898
v 0.675302029 -1.11845803 -1.728392
v 0.675264001 -1.12188303 -1.72783995
v 0.521955013 -1.123505 -1.72733295
v -0.907558978 -1.03244901 -1.76019299
v -1.04135203 -1.03439498 -1.76193905
v -1.046965 -0.935409009 -1.78220606
v -0.911837995 -0.932781994 -1.781775
v -0.774504006 -0.930262029 -1.78088498
v -0.771673977 -1.03068805 -1.75841796
v -0.769528985 -1.10678399 -1.74139404
v -0.904317021 -1.10797 -1.74383998
v -1.037099 -1.10940099 -1.74658298
v -0.903147995 -1.13519895 -1.73794305
v -1.03556502 -1.13644302 -1.74104595
v -0.768755972 -1.13421905 -1.73525596
v -0.768669009 -1.13732505 -1.73456204
v -0.903015018 -1.13828099 -1.73727596
v -1.03539205 -1.13950503 -1.74041903
v -0.643055022 -1.02877402 -1.75693405
v -0.645280004 -0.927758992 -1.77923799
v -0.514689028 -0.924871027 -1.77752602
v -0.512475014 -1.02647102 -1.75566101
v -0.510797977 -1.10345602 -1.73909295
v -0.641369998 -1.105317 -1.74003398
v -0.640761971 -1.13291395 -1.73394096
v -0.51019299 -1.13121295 -1.73311901
v -0.510124981 -1.13435495 -1.73244298
v -0.640693009 -1.13603795 -1.73325098
v -0.370705009 -1.02354002 -1.75451696
v -0.373252988 -0.921196997 -1.776443
v -0.225612998 -0.917096972 -1.77560997
v -0.223232999 -1.02051198 -1.75354695
v -0.221429005 -1.09887195 -1.73683
v -0.368773997 -1.10108805 -1.737903
v -0.368077993 -1.12904704 -1.73191202
v -0.220778003 -1.12712502 -1.73080301
v -0.220705003 -1.13032305 -1.73011994
v -0.367998987 -1.13221204 -1.73123395
v -1.163692 -1.03686297 -1.76333702
v -1.16956496 -0.938232005 -1.78247297
v -1.046965 -0.935409009 -1.78220606
v -1.04135203 -1.03439498 -1.76193905
v -1.037099 -1.10940099 -1.74658298
v -1.15924203 -1.11159897 -1.74883604
v -1.157637 -1.13854396 -1.743608
v -1.03556502 -1.13644302 -1.74104595
v -1.03539205 -1.13950503 -1.74041903
v -1.15745604 -1.14159501 -1.74301696
v -1.69268405 -1.14808595 -1.74592197
v -1.63463604 -1.14666796 -1.74555194
v -1.63442194 -1.14967406 -1.74506795
v -1.69247901 -1.15107906 -1.74545002
v -1.75629795 -1.15251195 -1.74625003
v -1.75646901 -1.14953101 -1.74671495
v -1.75797105 -1.12319005 -1.75081897
v -1.69448805 -1.12164903 -1.75008297
v -1.63652599 -1.12011194 -1.74982297
v -1.69949305 -1.04832101 -1.76162505
v -1.64176905 -1.04645598 -1.76166999
v -1.76214004 -1.05013204 -1.76220095
v -1.76764095 -0.95371598 -1.77722204
v -1.70609701 -0.951548994 -1.77685797
v -1.64868903 -0.949249983 -1.77730405
v -1.82171094 -1.15051401 -1.74793398
v -1.82160497 -1.15348899 -1.74746394
v -1.88401794 -1.15414596 -1.74892199
v -1.88406301 -1.15117598 -1.74941099
v -1.88445604 -1.12494802 -1.75373101
v -1.82264304 -1.12424004 -1.75208998
v -1.82522905 -1.05136395 -1.76361501
v -1.88554597 -1.05219996 -1.76571298
v -1.88698399 -0.956193984 -1.78152704
v -1.82864201 -0.95518899 -1.77882504
v -1.93987298 -1.05282199 -1.76834095
v -1.98855305 -1.05340004 -1.77078605
v -1.98924601 -0.957675993 -1.78866994
v -1.94054699 -0.956954002 -1.78518498
v -1.88554597 -1.05219996 -1.76571298
v -1.88445604 -1.12494802 -1.75373101
v -1.93936205 -1.12546504 -1.75557804
v -1.98802805 -1.12593901 -1.75723302
v -1.93917704 -1.15165603 -1.75097704
v -1.98784196 -1.15210497 -1.75234497
v -1.88406301 -1.15117598 -1.74941099
v -1.88401794 -1.15414596 -1.74892199
v -1.93915606 -1.15462101 -1.75045598
v -1.98782396 -1.15508497 -1.75178802
v -0.074657999 -1.12615502 -1.73027301
v 0.0721670017 -1.12524199 -1.72983897
v 0.0721440017 -1.12853599 -1.72917795
v -0.0746319965 -1.12940204 -1.72959805
v -0.220705003 -1.13032305 -1.73011994
v -0.220778003 -1.12712502 -1.73080301
v -0.221429005 -1.09887195 -1.73683
v -0.0748940036 -1.09747303 -1.73624206
v 0.0723740011 -1.09614694 -1.735677
v -0.075548999 -1.01791894 -1.75279796
v 0.0729489997 -1.01545 -1.75187004
v -0.223232999 -1.02051198 -1.75354695
v -0.225612998 -0.917096972 -1.77560997
v -0.0764119998 -0.912930012 -1.77464604
v 0.0737069994 -0.908950984 -1.77324104
v -1.586604 -1.14576101 -1.74560201
v -1.53949106 -1.14499903 -1.74581599
v -1.58639896 -1.14878201 -1.74510705
v -1.63442194 -1.14967406 -1.74506795
v -1.63463604 -1.14666796 -1.74555194
v -1.63652599 -1.12011194 -1.74982297
v -1.58841801 -1.11907601 -1.74997795
v -1.541201 -1.11819994 -1.75029695
v -1.59345102 -1.04506099 -1.762115
v -1.54594398 -1.043872 -1.76272297
v -1.64176905 -1.04645598 -1.76166999
v -1.60009205 -0.94738102 -1.77813303
v -1.55220306 -0.945779026 -1.77912295
v -2.03192711 -1.05410397 -1.77233303
v -2.06312704 -1.05464995 -1.77315295
v -2.06435108 -0.977055013 -1.78814197
v -2.03299308 -0.95856303 -1.790851
v -1.98924601 -0.957675993 -1.78866994
v -1.98855305 -1.05340004 -1.77078605
v -1.98802805 -1.12593901 -1.75723302
v -2.03112411 -1.12651801 -1.75829804
v -2.06203198 -1.12695599 -1.758865
v -2.03084493 -1.15267801 -1.75322902
v -2.06165504 -1.15310705 -1.75370097
v -1.98784196 -1.15210497 -1.75234497
v -1.98782396 -1.15508497 -1.75178802
v -2.030828 -1.15571105 -1.75264299
v -2.06163692 -1.15618205 -1.75309896
v 1.30129695 -1.10805094 -1.73786402
v 1.54412401 -1.10450101 -1.74533296
v 1.54425502 -1.10790205 -1.744807
v 1.30139899 -1.11151302 -1.73736095
v 1.034266 -1.11585104 -1.73250604
v 1.03419197 -1.112342 -1.73299599
v 1.033535 -1.08134305 -1.73732495
v 1.30040002 -1.07747698 -1.74230003
v 1.54297197 -1.07446206 -1.74998295
v 1.29790998 -0.992675006 -1.75460601
v 1.53977597 -0.991145015 -1.76287794
v 1.03171206 -0.995362997 -1.749331
v 1.00510001 -0.868313015 -1.76559901
v 1.32120395 -0.895950019 -1.76896799
v 1.54330802 -0.896300972 -1.77762902
v 1.66970098 -1.10322905 -1.75617504
v 1.73696399 -1.10360301 -1.76885998
v 1.73724306 -1.10701203 -1.76831496
v 1.66989505 -1.10661805 -1.75563705
v 1.66798103 -1.07328796 -1.76093102
v 1.734501 -1.07349706 -1.77367306
v 1.66321003 -0.990244985 -1.774122
v 1.72766995 -0.989993989 -1.78702497
v 1.658427 -0.89577502 -1.78894198
v 1.72041595 -0.89498198 -1.80181396
v 0.973814011 -0.671199977 -1.791821
v 1.10438299 -0.668805003 -1.79365599
v 1.08250296 -0.697508991 -1.78803897
v 0.945056975 -0.70074898 -1.78672898
v 0.808673024 -0.703366995 -1.78639102
v 0.844060004 -0.673494995 -1.79046595
v 0.863923013 -0.651296973 -1.79291797
v 0.991804004 -0.648518026 -1.79550397
v 1.11968994 -0.645834982 -1.79811001
v 1.00017297 -0.63796699 -1.79721701
v 1.12680995 -0.635149002 -1.80018198
v 0.873162985 -0.640969992 -1.79405904
v 0.907769024 -0.636901975 -1.79527295
v 1.00373101 -0.633480012 -1.79794598
v 1.12983799 -0.630604982 -1.80106294
v 1.85060501 -0.658083975 -1.85853505
v 1.86330497 -0.657576978 -1.85844302
v 1.860798 -0.692084014 -1.85368502
v 1.84819305 -0.692897022 -1.85378098
v 1.82852006 -0.693035007 -1.85057998
v 1.83102095 -0.658196986 -1.85533702
v 1.83316195 -0.633036017 -1.85893202
v 1.852651 -0.632817984 -1.86214495
v 1.86541998 -0.632534981 -1.86205804
v 1.85360205 -0.621065021 -1.86382496
v 1.86640298 -0.620885015 -1.86373901
v 1.83415794 -0.62133199 -1.86060405
v 1.83458102 -0.616355002 -1.86131501
v 1.85400605 -0.616068006 -1.86453903
v 1.866822 -0.615931988 -1.86445403
v 1.89364803 -0.620402992 -1.86347198
v 1.89409304 -0.615531027 -1.86418796
v 1.91996706 -0.615131974 -1.86245203
v 1.91949701 -0.619928002 -1.86173606
v 1.91839302 -0.631208003 -1.86005294
v 1.89260101 -0.631860018 -1.86178803
v 1.89035201 -0.656489015 -1.85816801
v 1.91601706 -0.655454993 -1.85643494
v 1.91319799 -0.688786983 -1.85168695
v 1.88768196 -0.690388978 -1.85340905
v 1.78698599 -0.622074008 -1.85095096
v 1.72804904 -0.62302202 -1.83933496
v 1.72863495 -0.618315995 -1.84004796
v 1.78748095 -0.617209971 -1.85165501
v 1.83458102 -0.616355002 -1.86131501
v 1.83415794 -0.62133199 -1.86060405
v 1.83316195 -0.633036017 -1.85893202
v 1.78582203 -0.633513987 -1.84929705
v 1.72667003 -0.63409102 -1.83765805
v 1.783319 -0.658106029 -1.84574199
v 1.72370505 -0.657884002 -1.83405399
v 1.83102095 -0.658196986 -1.85533702
v 1.82852006 -0.693035007 -1.85057998
v 1.78043103 -0.692708015 -1.84096205
v 1.72023201 -0.692108989 -1.82909596
v 1.23658097 -0.666212976 -1.796453
v 1.35622597 -0.662388027 -1.79983103
v 1.34568799 -0.686653018 -1.79525602
v 1.22207499 -0.693024993 -1.79129398
v 1.08250296 -0.697508991 -1.78803897
v 1.10438299 -0.668805003 -1.79365599
v 1.11968994 -0.645834982 -1.79811001
v 1.24758303 -0.643341005 -1.80075598
v 1.36362803 -0.640493989 -1.80380702
v 1.25270104 -0.63270098 -1.80275798
v 1.36707103 -0.630307972 -1.80565703
v 1.12680995 -0.635149002 -1.80018198
v 1.12983799 -0.630604982 -1.80106294
v 1.25487697 -0.628175974 -1.80360997
v 1.36853504 -0.62597698 -1.80644298
v 1.45914495 -0.627656996 -1.809587
v 1.36707103 -0.630307972 -1.80565703
v 1.36853504 -0.62597698 -1.80644298
v 1.46049595 -0.623790979 -1.81042099
v 1.53130496 -0.621999979 -1.81486106
v 1.52991402 -0.625557005 -1.81396306
v 1.52664304 -0.633922994 -1.81185102
v 1.45596695 -0.636749983 -1.80762601
v 1.36362803 -0.640493989 -1.80380702
v 1.44913697 -0.656296015 -1.80341101
v 1.35622597 -0.662388027 -1.79983103
v 1.51961005 -0.651906013 -1.80731201
v 1.48331201 -0.688576996 -1.79724896
v 1.43525696 -0.677752972 -1.79868805
v 1.34568799 -0.686653018 -1.79525602
v 1.58037102 -0.624818027 -1.81819999
v 1.58150804 -0.620988011 -1.81908405
v 1.62457502 -0.620269001 -1.82411695
v 1.62375498 -0.624559999 -1.82328904
v 1.62182796 -0.634652972 -1.82134199
v 1.57769501 -0.633825004 -1.81611896
v 1.57194304 -0.653186023 -1.81164801
v 1.61768401 -0.656349003 -1.81715703
v 1.61083198 -0.689261973 -1.81117201
v 1.55848098 -0.684180975 -1.80518794
v 1.67331004 -0.623906016 -1.83022404
v 1.67397499 -0.61935699 -1.83098698
v 1.72863495 -0.618315995 -1.84004796
v 1.72804904 -0.62302202 -1.83933496
v 1.72667003 -0.63409102 -1.83765805
v 1.67174602 -0.634606004 -1.82843101
v 1.66838205 -0.657607019 -1.82457602
v 1.72370505 -0.657884002 -1.83405399
v 1.72023201 -0.692108989 -1.82909596
v 1.66422403 -0.691431999 -1.81915402
v 1.91908205 -0.815923989 -1.82919097
v 1.92385602 -0.877810001 -1.81927896
v 1.91064095 -0.817232013 -1.83373404
v 1.90961003 -0.770366013 -1.84078097
v 1.91804898 -0.769317985 -1.83636403
v 1.91804898 -0.769317985 -1.82504797
v 1.91908205 -0.815923989 -1.81798196
v 1.92385602 -0.877810001 -1.80821896
v 1.91922605 -0.726540983 -1.84221601
v 1.91804898 -0.769317985 -1.83636403
v 1.91076303 -0.727320015 -1.84661806
v 1.91319799 -0.688786983 -1.85168695
v 1.92170405 -0.688251972 -1.84725106
v 1.92170405 -0.688251972 -1.83577204
v 1.91922605 -0.726540983 -1.83081305
v 1.91804898 -0.769317985 -1.82504797
v 1.94696903 -1.07155299 -1.78856695
v 1.94736099 -1.07470703 -1.78806806
v 1.93937397 -1.07856297 -1.79218996
v 1.935449 -1.04721105 -1.797189
v 1.94350505 -1.04369402 -1.79297805
v 1.94350505 -1.04369402 -1.78231204
v 1.94696903 -1.07155299 -1.77796698
v 1.94736099 -1.07470703 -1.777475
v 1.93389904 -0.966422975 -1.80521202
v 1.94350505 -1.04369402 -1.79297805
v 1.935449 -1.04721105 -1.797189
v 1.92385602 -0.877810001 -1.81927896
v 1.92385602 -0.877810001 -1.80821896
v 1.93389904 -0.966422975 -1.79436195
v 1.94350505 -1.04369402 -1.78231204
v 1.92811406 -0.61976999 -1.85724497
v 1.92698896 -0.630990028 -1.85556996
v 1.91839302 -0.631208003 -1.86005294
v 1.91949701 -0.619928002 -1.86173606
v 1.91996706 -0.615131974 -1.86245203
v 1.92859197 -0.614998996 -1.85795701
v 1.92859197 -0.614998996 -1.84631801
v 1.92811406 -0.61976999 -1.84561598
v 1.92698896 -0.630990028 -1.84396696
v 1.92457199 -0.655110002 -1.85196996
v 1.92170405 -0.688251972 -1.84725106
v 1.91319799 -0.688786983 -1.85168695
v 1.91601706 -0.655454993 -1.85643494
v 1.92457199 -0.655110002 -1.84042096
v 1.92170405 -0.688251972 -1.83577204
v -2.1552279 -0.876720011 -1.80409002
v -2.15858006 -0.839941025 -1.80890298
v -2.146173 -0.876456976 -1.80672002
v -2.14372396 -0.909757018 -1.80181098
v -2.1526711 -0.910058022 -1.79921699
v -2.1526289 -0.910052001 -1.79093003
v -2.1552279 -0.876720011 -1.79580402
v -2.15858006 -0.839941025 -1.80056202
v -2.15170503 -0.936514974 -1.79422104
v -2.1526711 -0.910058022 -1.79921699
v -2.14372396 -0.909757018 -1.80181098
v -2.14280009 -0.977365971 -1.78876698
v -2.15166092 -0.977379024 -1.785905
v -2.15141106 -0.97734803 -1.77748501
v -2.1515379 -0.936493993 -1.78582001
v -2.1526289 -0.910052001 -1.79093003
v -2.15222907 -1.15126598 -1.75242698
v -2.15212989 -1.12547302 -1.75736201
v -2.14275289 -1.12565196 -1.75973797
v -2.14277101 -1.15440702 -1.75415301
v -2.15224695 -1.15418601 -1.75187802
v -2.15224695 -1.15418601 -1.74419105
v -2.15222907 -1.15126598 -1.74473298
v -2.15208912 -1.12546802 -1.74955404
v -2.15187192 -1.05393898 -1.77107
v -2.15166092 -0.977379024 -1.785905
v -2.14280009 -0.977365971 -1.78876698
v -2.14275289 -1.12565196 -1.75973797
v -2.15212989 -1.12547302 -1.75736201
v -2.15208912 -1.12546802 -1.74955404
v -2.15170503 -1.05391705 -1.76293397
v -2.15141106 -0.97734803 -1.77748501
v 1.91908205 -0.815923989 -1.79567099
v 1.92385602 -0.877810001 -1.78620303
v 1.91804898 -0.769317985 -1.80252302
v 1.91804898 -0.769317985 -1.77439404
v 1.91908205 -0.815923989 -1.76780903
v 1.92385602 -0.877810001 -1.75871003
v 1.91922605 -0.726540983 -1.80811405
v 1.91804898 -0.769317985 -1.80252302
v 1.92170405 -0.688251972 -1.812922
v 1.92170405 -0.688251972 -1.78438795
v 1.91922605 -0.726540983 -1.77976596
v 1.91804898 -0.769317985 -1.77439404
v 1.94696903 -1.07155299 -1.75686598
v 1.94736099 -1.07470703 -1.75638902
v 1.94350505 -1.04369402 -1.76108003
v 1.94350505 -1.04369402 -1.73456502
v 1.94696903 -1.07155299 -1.73051596
v 1.947263 -1.07391906 -1.73675501
v 1.93389904 -0.966422975 -1.77276599
v 1.94350505 -1.04369402 -1.76108003
v 1.92385602 -0.877810001 -1.78620303
v 1.92385602 -0.877810001 -1.75871003
v 1.93389904 -0.966422021 -1.74579597
v 1.94350505 -1.04369402 -1.73456502
v 1.92811406 -0.61976999 -1.822469
v 1.92698896 -0.630990028 -1.82087004
v 1.92859197 -0.614998996 -1.82314897
v 1.928473 -0.616191983 -1.80128598
v 1.92811406 -0.61976999 -1.79356301
v 1.92698896 -0.630990028 -1.79202497
v 1.92457199 -0.655110002 -1.81743097
v 1.92170405 -0.688251972 -1.812922
v 1.92457199 -0.655110002 -1.78872097
v 1.92170405 -0.688251972 -1.78438795
v -2.1552279 -0.876720011 -1.77821898
v -2.15858006 -0.839941025 -1.78285897
v -2.15261507 -0.910050988 -1.77344501
v -2.15261507 -0.910050988 -1.75602102
v -2.1552279 -0.876720011 -1.76067495
v -2.15858006 -0.839941025 -1.76519895
v -2.1552279 -0.876720011 -1.75251305
v -2.15858006 -0.839941025 -1.75698304
v -2.15261507 -0.910050988 -1.74791503
v -2.15261507 -0.910050988 -1.74446905
v -2.1552279 -0.876720011 -1.74904299
v -2.15774202 -0.849135995 -1.75325096
v -2.15148211 -0.936487019 -1.76840401
v -2.15261507 -0.910050988 -1.77344501
v -2.15132689 -0.977337003 -1.76023698
v -2.15132499 -0.977337003 -1.74314499
v -2.15148091 -0.936487019 -1.75110698
v -2.15261507 -0.910050988 -1.75602102
v -2.15147996 -0.936487019 -1.74305999
v -2.15261507 -0.910050988 -1.74791503
v -2.15132499 -0.977337003 -1.73519301
v -2.15132499 -0.977337003 -1.73181295
v -2.15147996 -0.936487019 -1.73963904
v -2.15261507 -0.910050988 -1.74446905
v -2.15222907 -1.15126598 -1.72840297
v -2.1520741 -1.12546599 -1.73308694
v -2.15224695 -1.15418601 -1.72787404
v -2.15224695 -1.15418601 -1.71159601
v -2.15222907 -1.15126598 -1.71211195
v -2.1520741 -1.12546599 -1.71667802
v -2.15222907 -1.15126598 -1.70453298
v -2.1520741 -1.12546599 -1.70904398
v -2.15224695 -1.15418601 -1.70402396
v -2.15224195 -1.15345597 -1.70173502
v -2.15222907 -1.15126598 -1.70131099
v -2.1520741 -1.12546599 -1.70579898
v -2.151649 -1.05391002 -1.74608099
v -2.15132689 -0.977337003 -1.76023698
v -2.1520741 -1.12546599 -1.73308694
v -2.1520741 -1.12546599 -1.71667802
v -2.15164804 -1.05391002 -1.72934496
v -2.15132499 -0.977337003 -1.74314499
v -2.15164804 -1.05391002 -1.72156
v -2.15132499 -0.977337003 -1.73519301
v -2.1520741 -1.12546599 -1.70904398
v -2.1520741 -1.12546599 -1.70579898
v -2.15164804 -1.05391002 -1.71824896
v -2.15132499 -0.977337003 -1.73181295
vt 0.5 0.625
vt 0.5 1
vt 0.843800008 0.8125
vt 0.843699992 0.625
vt 0.8125 0.375
vt 0.5 0.25
vt 0 0
vt 0 0.5
vt 0 1
vt 0.765600026 0.75
vt 0.765600026 0.5
vt 0.781300008 0.5
vt 0.781300008 0.75
vt 0.781300008 1
vt 0.765600026 1
vt 0.75 1
vt 0.75 0.75
vt 0.75 0.5
vt 0.75 0.890600026
vt 1 0.890600026
vt 1 0.906300008
vt 0.75 0.906300008
vt 0.5 0.906300008
vt 0.5 0.890600026
vt 0.5 0.875
vt 0.75 0.875
vt 1 0.875
vt 0.75 0.343800008
vt 1 0.343899995
vt 1 0.375200003
vt 0.75 0.375099987
vt 0.5 0.375
vt 0.5 0.343699992
vt 0.5 0.3125
vt 0.75 0.312599987
vt 1 0.312700003
vt 0.843800008 0.75
vt 0.843699992 0.5
vt 0.875 0.5
vt 0.875 0.75
vt 0.875 1
vt 0.843800008 1
vt 0.8125 1
vt 0.8125 0.75
vt 0.8125 0.5
vt 0.346399993 0.333299994
vt 0.390599996 0.25
vt 0.299899995 0.5
vt 0.280200005 0.520799994
vt 0.279599994 0.5
vt 0.378899992 0.25
vt 0.5 -0
vt 0.235200003 0.75
vt 0.2465 0.75
vt 0.211700007 1
vt 0.200800002 1
vt 0.189999998 1
vt 0.223900005 0.75
vt 0.217999995 0.125
vt 0.231199995 0.125
vt 0.245299995 0.25
vt 0.230299994 0.25
vt 0.215200007 0.25
vt 0.204699993 0.125
vt 0.190599993 0
vt 0.201499999 0
vt 0.212500006 0
vt 0.5 0.201199993
vt 0.5 0.190300003
vt 1 0.189999998
vt 1 0.200800002
vt 1 0.211700007
vt 0.5 0.212099999
vt -0 0.212500006
vt -0 0.201499999
vt -0 0.190599993
vt 0.234400004 0.375
vt 0.218700007 0.375
vt 0.25 0.375
vt 0.25 0.531300008
vt 0.234400004 0.531300008
vt 0.218700007 0.531300008
vt 0.234400004 0.75
vt 0.218700007 0.75
vt 0.218700007 0.5
vt 0.234400004 0.5
vt 0.25 0.5
vt 0.25 0.75
vt 0.25 1
vt 0.234400004 1
vt 0.218700007 1
vt 0.234400004 0.25
vt 0.25 0.25
vt 0.218700007 0.25
vt 0.218799993 0
vt 0.234400004 -0
vt 0.25 -0
vt 0.234400004 0.833299994
vt 0.25 0.833299994
vt 0.25 1
vt 0.234400004 1
vt 0.218700007 1
vt 0.218700007 0.833299994
vt 0.218700007 0.666700006
vt 0.234400004 0.666700006
vt 0.25 0.666700006
vt 0.234400004 0.5
vt 0.25 0.5
vt 0.218700007 0.5
vt 0.218799993 0.333299994
vt 0.234400004 0.333299994
vt 0.25 0.333299994
vt 0.234400004 0.166700006
vt 0.25 0.166700006
vt 0.218700007 0.166700006
vt 0.218700007 -0
vt 0.234400004 0
vt 0.25 0
vt 0.234400004 0.75
vt 0.25 0.75
vt 0.25 1
vt 0.234400004 1
vt 0.218700007 1
vt 0.218700007 0.75
vt 0.234400004 0.5
vt 0.218700007 0.5
vt 0.218700007 0
vt 0.234400004 0
vt 0.25 0
vt 0.25 0.5
vt 0.25 1
vt 0.234400004 1
vt 0.218799993 1
vt 0.5 0.0625
vt 0.5 0.125
vt -0 0.125
vt -0 0.0625
vt 0 0
vt 0.5 0
vt 1 0
vt 1 0.0625
vt 1 0.125
vt 0.5 0.333299994
vt 0.25 -0
vt 0 0
vt 0.5 0.5
vt 0.75 0.5
vt 0.5 -0
vt 0.640600026 0.421900004
vt 0.656199992 0.421900004
vt 0.656300008 0.4375
vt 0.640600026 0.4375
vt 0.625 0.4375
vt 0.625 0.421900004
vt 0.625 0.406300008
vt 0.640600026 0.406300008
vt 0.656199992 0.406300008
vt 0.640600026 0.390599996
vt 0.625 0.390599996
vt 0.625 0.375
vt 0.640600026 0.375
vt 0.656199992 0.375
vt 0.656199992 0.390599996
vt 0.890600026 0.375
vt 0.875 0.375
vt 0.875 0.25
vt 0.890600026 0.25
vt 0.906300008 0.25
vt 0.906300008 0.375
vt 0.906300008 0.531300008
vt 0.890600026 0.531300008
vt 0.875 0.531300008
vt 0.890600026 0.125
vt 0.906199992 0.125
vt 0.875 0.125
vt 0.875 0
vt 0.890600026 0
vt 0.906199992 0
vt 0.890600026 0.75
vt 0.906199992 0.75
vt 0.906300008 1
vt 0.890600026 1
vt 0.875 1
vt 0.875 0.75
vt 0.875 0.5
vt 0.890600026 0.5
vt 0.906199992 0.5
vt 0.890600026 0.25
vt 0.906300008 0.25
vt 0.875 0.25
vt 0.875 -0
vt 0.890600026 -0
vt 0.906300008 0
vt 0.890600026 0.833299994
vt 0.906300008 0.833299994
vt 0.906300008 1
vt 0.890600026 1
vt 0.875 1
vt 0.875 0.833299994
vt 0.875 0.666700006
vt 0.890600026 0.666700006
vt 0.906300008 0.666700006
vt 0.890600026 0.5
vt 0.906300008 0.5
vt 0.875 0.5
vt 0.875 0.333299994
vt 0.890600026 0.333299994
vt 0.906300008 0.333299994
vt 0.890600026 0.166700006
vt 0.906300008 0.166700006
vt 0.875 0.166700006
vt 0.875 0
vt 0.890600026 0
vt 0.906300008 0
vt 0.890600026 0.75
vt 0.906300008 0.75
vt 0.906300008 1
vt 0.890600026 1
vt 0.875 1
vt 0.875 0.75
vt 0.5 0.5
vt 0.5 0.5
vt 1 0.375
vt 1 0.4375
vt 1 0.5
vt 0.5 0.5
vt 0 0.5
vt -0 0.5625
vt -0 0.625
vt 0.898400009 0.75
vt 0.921899974 0.75
vt 0.906199992 1
vt 0.890600026 1
vt 0.875 1
vt 0.875 0.75
vt 0.875 0.5
vt 0.9023 0.5
vt 0.929700017 0.5
vt 0.898400009 0.25
vt 0.921899974 0.25
vt 0.875 0.25
vt 0.875 -0
vt 0.890600026 -0
vt 0.906199992 -0
vt 0.75 0.109399997
vt 0.75 0.125
vt 0.5 0.125
vt 0.5 0.109399997
vt 0.5 0.0936999992
vt 0.75 0.0936999992
vt 1 0.0938000008
vt 1 0.109399997
vt 1 0.125
vt 0.890600026 0.5
vt 0.875 0.5
vt 0.875 -0
vt 0.890600026 -0
vt 0.906300008 -0
vt 0.906300008 0.5
vt 0.906300008 1
vt 0.890600026 1
vt 0.875 1
vt 0.5 0.890600026
vt 0.5 0.875
vt 1 0.875
vt 1 0.890600026
vt 1 0.906199992
vt 0.5 0.906300008
vt -0 0.906300008
vt -0 0.890600026
vt -0 0.875
vt 0.5625 0.5
vt 0.5 0.5
vt 0.5 0
vt 0.5625 0
vt 0.625 0
vt 0.625 0.5
vt 0.625 1
vt 0.5625 1
vt 0.5 1
vt 0.875 0.375
vt 0.75 0.25
vt 1 0.5
vt 0.75 0
vt 0.5 0
vt 0.281300008 0.640900016
vt 0.281300008 0.656400025
vt 0.25 0.656199992
vt 0.25 0.640600026
vt 0.25 0.625
vt 0.281300008 0.625400007
vt 0.314599991 0.627499998
vt 0.312599987 0.640999973
vt 0.3125 0.656499982
vt 0.281199992 0.671999991
vt 0.281199992 0.6875
vt 0.25 0.6875
vt 0.25 0.671899974
vt 0.3125 0.671999991
vt 0.312400013 0.6875
vt 0.343800008 0.640900016
vt 0.343800008 0.656400025
vt 0.343800008 0.625400007
vt 0.375 0.625
vt 0.375 0.640600026
vt 0.375 0.656199992
vt 0.343699992 0.671999991
vt 0.343699992 0.6875
vt 0.375 0.671899974
vt 0.375 0.6875
vt 0.375 0.710900009
vt 0.375 0.703100026
vt 0.5 0.703100026
vt 0.5 0.710900009
vt 0.5 0.718800008
vt 0.375 0.718800008
vt 0.25 0.718800008
vt 0.25 0.710900009
vt 0.25 0.703100026
vt 0.375 0.695299983
vt 0.25 0.695299983
vt 0.273400009 0.689499974
vt 0.375 0.6875
vt 0.5 0.6875
vt 0.5 0.695299983
vt 0.5 0.5
vt 0 0.5
vt 0 0
vt 0.5 0
vt 1 0
vt 1 0.5
vt 1 1
vt 0.5 1
vt 0 1
vt 0.5 0.5
vt 0.5 0
vt 0 0
vt 0 0.5
vt 1 0.5
vt 1 0
vt 0.5 0.5
vt 0 0.5
vt 0 0
vt 0.5 0
vt 1 0
vt 1 0.5
vt 1 1
vt 0.5 1
vt 0 1
vt 0.25 0.375
vt 0.25 0.5
vt 0 0.5
vt 0 0.375
vt 0 0.25
vt 0.25 0.25
vt 0.5 0.25
vt 0.5 0.375
vt 0.5 0.5
vt 0.75 0.375
vt 0.75 0.5
vt 0.75 0.25
vt 1 0.25
vt 1 0.375
vt 1 0.5
vt 0.178800002 0.75
vt 0.201399997 0.75
vt 0.168300003 1
vt 0.146699995 1
vt 0.125 1
vt 0.156299993 0.75
vt 0.1875 0.5
vt 0.223399997 0.5
vt 0.259299994 0.5
vt 0.151600003 0.125
vt 0.178100005 0.125
vt 0.185200006 0.25
vt 0.155100003 0.25
vt 0.125 0.25
vt 0.125 0.125
vt 0.125 -0
vt 0.146899998 0
vt 0.168699995 0
vt 0.5 0.146799996
vt 0.5 0.125
vt 1 0.125
vt 1 0.146699995
vt 1 0.168300003
vt 0.5 0.168500006
vt -0 0.168699995
vt -0 0.146899998
vt 0 0.125
vt 0.156200007 0.375
vt 0.125 0.375
vt 0.1875 0.375
vt 0.1875 0.531199992
vt 0.156299993 0.531199992
vt 0.125 0.531199992
vt 0.156200007 0.25
vt 0.1875 0.25
vt 0.1875 0.5
vt 0.156200007 0.5
vt 0.125 0.5
vt 0.125 0.25
vt 0.125 0
vt 0.156299993 0
vt 0.1875 0
vt 0.156200007 0.833299994
vt 0.1875 0.833299994
vt 0.1875 1
vt 0.156200007 1
vt 0.125 1
vt 0.125 0.833299994
vt 0.125 0.666700006
vt 0.156200007 0.666700006
vt 0.1875 0.666700006
vt 0.156200007 0.5
vt 0.1875 0.5
vt 0.125 0.5
vt 0.125 0.333299994
vt 0.156299993 0.333299994
vt 0.1875 0.333299994
vt 0.156200007 0.166700006
vt 0.1875 0.166700006
vt 0.125 0.166700006
vt 0.125 0
vt 0.156200007 0
vt 0.1875 0
vt 0.156200007 0.75
vt 0.1875 0.75
vt 0.1875 1
vt 0.156200007 1
vt 0.125 1
vt 0.125 0.75
vt 0.156200007 0.5
vt 0.125 0.5
vt 0.125 -0
vt 0.156200007 -0
vt 0.1875 0
vt 0.1875 0.5
vt 0.1875 1
vt 0.156299993 1
vt 0.125 1
vt 0.5 0.375
vt 0.5 0.5
vt 0 0.5
vt 0 0.375
vt 0 0.25
vt 0.5 0.25
vt 1 0.25
vt 1 0.375
vt 1 0.5
vt 0.293000013 0.25
vt 0.375 -0
vt 0.367199987 0.25
vt 0.218700007 0.25
vt 0.25 -0
vt 0.666700006 0.333299994
vt 0.5 0.5
vt 0 0
vt 0.5 0
vt 1 0
vt 1 0.5
vt 1 1
vt 0.156200007 0.75
vt 0.1875 0.75
vt 0.1875 1
vt 0.156200007 1
vt 0.125 1
vt 0.125 0.75
vt 0.25 0.5
vt 0 0.5
vt 0 0
vt 0.25 -0
vt 0.5 -0
vt 0.5 0.5
vt 0.5 1
vt 0.25 1
vt 0 1
vt 0.75 0.5
vt 0.75 -0
vt 0.75 1
vt 0.5 0.25
vt 0.5 0
vt 1 0.25
vt 1 0.5
vt 0.5 0.5
vt 0 0.5
vt 0 0.25
vt 0 0
vt 0.5 0.75
vt 1 0.75
vt 0.5 1
vt 0 0.75
vt 0.25 0.375
vt 0.25 0.5
vt 0 0.5
vt 0 0.375
vt 0 0.25
vt 0.25 0.25
vt 0.5 0.25
vt 0.5 0.375
vt 0.5 0.5
vt 0.25 0.125
vt 0 0.125
vt 0 0
vt 0.25 0
vt 0.5 0
vt 0.5 0.125
vt 0.125 0.640600026
vt -0 0.640600026
vt -0 0.625
vt 0.125 0.625
vt 0.25 0.625
vt 0.25 0.640600026
vt 0.25 0.656199992
vt 0.125 0.656199992
vt -0 0.656199992
vt 0.375 0.640600026
vt 0.375 0.625
vt 0.5 0.625
vt 0.5 0.640600026
vt 0.5 0.656199992
vt 0.375 0.656199992
vt 0.125 0.671899974
vt -0 0.671899974
vt 0.25 0.671899974
vt 0.25 0.6875
vt 0.125 0.6875
vt 0 0.6875
vt 0.375 0.671899974
vt 0.5 0.671899974
vt 0.5 0.6875
vt 0.375 0.6875
vt 0.25 0.4375
vt -0 0.4375
vt -0 0.5
vt 0.25 0.5
vt 0.5 0.5
vt 0.5 0.4375
vt 0.5 0.375
vt 0.25 0.375
vt -0 0.375
vt 0.75 0.4375
vt 0.75 0.5
vt 1 0.5
vt 1 0.4375
vt 1 0.375
vt 0.75 0.375
vt 0.25 0.3125
vt 0 0.3125
vt 0.5 0.3125
vt 0.5 0.25
vt 0.25 0.25
vt 0 0.25
vt 0.75 0.3125
vt 1 0.3125
vt 1 0.25
vt 0.75 0.25
vt 0.5 0.25
vt 0.5 0
vt 1 0
vt 1 0.25
vt 1 0.5
vt 0.5 0.5
vt -0 0.5
vt -0 0.25
vt 0 0
vt 0.5 0.75
vt 1 0.75
vt 1 1
vt 0.5 1
vt 0 1
vt -0 0.75
vt 0.125 0.375
vt 0.125 0.5
vt 0 0.5
vt 0 0.375
vt 0 0.25
vt 0.125 0.25
vt 0.25 0.25
vt 0.25 0.375
vt 0.25 0.5
vt 0.125 0.125
vt 0 0.125
vt 0.0313000008 0.0781000033
vt 0.125 -0
vt 0.25 -0
vt 0.25 0.125
vt 0.375 0.375
vt 0.375 0.5
vt 0.375 0.25
vt 0.531300008 0.25
vt 0.531300008 0.375
vt 0.531300008 0.5
vt 0.375 0.125
vt 0.375 -0
vt 0.531300008 -0
vt 0.531300008 0.125
vt 0.25 0.375
vt 0.25 0.5
vt 0 0.5
vt -0 0.375
vt -0 0.25
vt 0.25 0.25
vt 0.5 0.25
vt 0.5 0.375
vt 0.5 0.5
vt 0.25 0.125
vt -0 0.125
vt 0 0
vt 0.25 0
vt 0.5 0
vt 0.5 0.125
vt 0.75 0.375
vt 0.75 0.5
vt 0.75 0.25
vt 1 0.25
vt 1 0.375
vt 1 0.5
vt 0.75 0.125
vt 0.75 0
vt 1 0
vt 1 0.125
vt 0.166700006 0.375
vt 0.166700006 0.5
vt 0 0.5
vt 0 0.375
vt -0 0.25
vt 0.166700006 0.25
vt 0.333299994 0.25
vt 0.333299994 0.375
vt 0.333299994 0.5
vt 0.166700006 0.125
vt -0 0.125
vt 0 0
vt 0.166700006 0
vt 0.333299994 0
vt 0.333299994 0.125
vt 0.5 0.375
vt 0.5 0.5
vt 0.5 0.25
vt 0.666700006 0.25
vt 0.666700006 0.375
vt 0.666700006 0.5
vt 0.5 0.125
vt 0.5 -0
vt 0.666700006 -0
vt 0.666700006 0.125
vt 0.833299994 0.375
vt 0.833299994 0.5
vt 0.833299994 0.25
vt 1 0.25
vt 1 0.375
vt 1 0.5
vt 0.833299994 0.125
vt 0.833299994 -0
vt 1 0
vt 1 0.125
vt 0.75 0.375
vt 0.75 0.5
vt 0.75 0.25
vt 1 0.25
vt 1 0.375
vt 1 0.5
vt 0.75 0.125
vt 0.75 0
vt 1 0
vt 1 0.125
vt 0.875 0.75
vt 1 0.75
vt 1 1
vt 0.875 1
vt 0.75 1
vt 0.75 0.75
vt 0.75 0.5
vt 0.875 0.5
vt 1 0.5
vt 0.625 0.75
vt 0.625 1
vt 0.5 1
vt 0.5 0.75
vt 0.5 0.5
vt 0.625 0.5
vt 0.875 0.25
vt 1 0.25
vt 0.75 0.25
vt 0.75 -0
vt 0.875 -0
vt 1 0
vt 0.625 0.25
vt 0.5 0.25
vt 0.5 -0
vt 0.625 -0
vt 0.375 0.25
vt 0.5 0.25
vt 0.5 0.5
vt 0.375 0.5
vt 0.25 0.5
vt 0.25 0.25
vt 0.25 0
vt 0.375 -0
vt 0.125 0.25
vt 0.125 0.5
vt -0 0.5
vt -0 0.25
vt 0 0
vt 0.125 0
vt 0.5 0.125
vt 0.5 0
vt 1 0
vt 1 0.125
vt 1 0.25
vt 0.5 0.25
vt -0 0.25
vt -0 0.125
vt 0 0
vt 0.5 0.375
vt 1 0.375
vt 1 0.5
vt 0.5 0.5
vt 0 0.5
vt 0 0.375
vt 0.125 0.5
vt 0 0.5
vt 0.125 -0
vt 0.25 -0
vt 0.25 0.5
vt 0.25 1
vt 0.125 1
vt 0 1
vt 0.375 0.5
vt 0.375 -0
vt 0.5 -0
vt 0.5 0.5
vt 0.375 1
vt 0.75 0.75
vt 0.75 1
vt 0.5 1
vt 0.5 0.75
vt 0.5 0.5
vt 0.75 0.5
vt 1 0.5
vt 1 0.75
vt 1 1
vt 0.75 0.25
vt 0.5 0.25
vt 0.5 0
vt 0.75 0
vt 1 0
vt 1 0.25
vt 0.25 0.25
vt 0 0.25
vt 0 0.5
vt 0.25 0.5
vt 0.5 0.5
vt 0.5 0.25
vt 0.5 0
vt 0.25 0
vt 0 0
vt 0.75 0.25
vt 0.75 0.5
vt 1 0.5
vt 1 0.25
vt 1 0
vt 0.75 0
vt 0.25 0.75
vt 0 0.75
vt 0 1
vt 0.25 1
vt 0.5 1
vt 0.5 0.75
vt 0.75 0.75
vt 0.75 1
vt 1 1
vt 1 0.75
vt 0.749899983 0.260800004
vt 0.749899983 0.261799991
vt 0.5 0.261700004
vt 0.5 0.260699987
vt 0.5 0.259799987
vt 0.749899983 0.259900004
vt 0.999899983 0.259900004
vt 0.999899983 0.260899991
vt 0.999899983 0.261900008
vt 0.749899983 0.258899987
vt 0.5 0.2588
vt 0.5 0.257800013
vt 0.749899983 0.2579
vt 0.937399983 0.25819999
vt 0.999899983 0.259000003
vt 0.542999983 0.343899995
vt 0.546899974 0.343899995
vt 0.546899974 0.312700003
vt 0.542999983 0.312700003
vt 0.539099991 0.312599987
vt 0.539099991 0.343899995
vt 0.539099991 0.375099987
vt 0.542999983 0.375099987
vt 0.546899974 0.375099987
vt 0.535099983 0.343899995
vt 0.535099983 0.312599987
vt 0.531199992 0.312599987
vt 0.531199992 0.343800008
vt 0.531199992 0.375099987
vt 0.535099983 0.375099987
vt 0.535099983 0.281399995
vt 0.531199992 0.281399995
vt 0.538999975 0.281399995
vt 0.538999975 0.250200003
vt 0.535099983 0.250200003
vt 0.531199992 0.250099987
vt 0.542999983 0.281399995
vt 0.546899974 0.281399995
vt 0.546899974 0.250200003
vt 0.542999983 0.250200003
vt 0.140599996 0.5
vt 0.125 0.5
vt 0.125 1
vt 0.140599996 1
vt 0.156299993 1
vt 0.156299993 0.5
vt 0.156299993 -0
vt 0.140599996 -0
vt 0.125 -0
vt 0.171900004 0.5
vt 0.171900004 1
vt 0.1875 1
vt 0.1875 0.5
vt 0.1875 -0
vt 0.171900004 -0
vt 0.828100026 0.5
vt 0.8125 0.5
vt 0.8125 1
vt 0.828100026 1
vt 0.843800008 1
vt 0.843800008 0.5
vt 0.843699992 0
vt 0.828100026 0
vt 0.8125 0
vt 0.859399974 0.5
vt 0.859399974 1
vt 0.875 1
vt 0.875 0.5
vt 0.875 0
vt 0.859399974 0
vt 0.5 0.281199992
vt 0.5 0.25
vt 1 0.25
vt 1 0.281199992
vt 1 0.3125
vt 0.5 0.3125
vt 0 0.3125
vt 0 0.281300008
vt 0 0.25
vt 0.5 0.343800008
vt 1 0.343699992
vt 1 0.375
vt 0.5 0.375
vt 0 0.375
vt 0 0.343800008
vt 0.25 0.281300008
vt 0.25 0.25
vt 0.25 0.3125
vt 0.5 0.3125
vt 0.5 0.281199992
vt 0.5 0.25
vt 0.25 0.343800008
vt 0.25 0.375
vt 0.5 0.375
vt 0.5 0.343699992
vt 0.75 0.281199992
vt 0.75 0.25
vt 0.75 0.3125
vt 1 0.3125
vt 1 0.281199992
vt 1 0.25
vt 0.75 0.343699992
vt 0.75 0.375
vt 1 0.375
vt 1 0.343699992
vt 0.265599996 0.640799999
vt 0.25 0.640600026
vt 0.265700012 0.625199974
vt 0.279399991 0.62529999
vt 0.279300004 0.640900016
vt 0.279300004 0.656400025
vt 0.265599996 0.656300008
vt 0.25 0.656199992
vt 0.328200012 0.640999973
vt 0.312599987 0.641200006
vt 0.328200012 0.625500023
vt 0.341899991 0.625400007
vt 0.341800004 0.640900016
vt 0.341800004 0.656400025
vt 0.328099996 0.656499982
vt 0.3125 0.656599998
vt 0.125 0.632799983
vt 0.25 0.625
vt 0.25 0.632799983
vt 0.25 0.638800025
vt 0.125 0.639199972
vt -0 0.639599979
vt -0 0.632799983
vt -0 0.625
vt 0.375 0.632799983
vt 0.5 0.625
vt 0.5 0.632799983
vt 0.5 0.639599979
vt 0.375 0.639599979
vt 0.25 0.639599979
vt 0.25 0.632799983
vt 0.535099983 0.296999991
vt 0.535099983 0.312599987
vt 0.539099991 0.312599987
vt 0.538999975 0.296999991
vt 0.538999975 0.284799993
vt 0.535099983 0.284999996
vt 0.531199992 0.284999996
vt 0.531199992 0.296999991
vt 0.531199992 0.312599987
vt 0.542999983 0.296999991
vt 0.542999983 0.312700003
vt 0.546899974 0.312700003
vt 0.546899974 0.297100008
vt 0.546899974 0.283399999
vt 0.542999983 0.284200013
vt 0.3125 0.695299983
vt 0.25 0.695299983
vt 0.3125 0.6875
vt 0.359899998 0.6875
vt 0.360599995 0.695299983
vt 0.361299992 0.703100026
vt 0.3125 0.703100026
vt 0.25 0.703100026
vt 0.640600026 0.382800013
vt 0.656199992 0.375
vt 0.656199992 0.382800013
vt 0.656300008 0.388900012
vt 0.640600026 0.388900012
vt 0.625 0.388900012
vt 0.625 0.382800013
vt 0.625 0.375
vt 0.75 0.468699992
vt 1 0.5
vt 1 0.468699992
vt 1 0.444299996
vt 0.75 0.444700003
vt 0.5 0.445100009
vt 0.5 0.468699992
vt 0.5 0.5
vt 0.25 0.468699992
vt 0.5 0.5
vt 0.5 0.468699992
vt 0.5 0.444299996
vt 0.25 0.444299996
vt -0 0.444299996
vt -0 0.468699992
vt -0 0.5
vt 0.289099991 0.640999973
vt 0.289099991 0.625500023
vt 0.296999991 0.625500023
vt 0.296900004 0.640999973
vt 0.296900004 0.656499982
vt 0.289099991 0.656499982
vt 0.351599991 0.640799999
vt 0.351599991 0.62529999
vt 0.359400004 0.625199974
vt 0.359400004 0.640799999
vt 0.359400004 0.656300008
vt 0.351599991 0.656400025
vt 0.125 0.64289999
vt 0.25 0.641200006
vt 0.218700007 0.642499983
vt 0.125 0.645099998
vt -0 0.648400009
vt -0 0.644500017
vt 0.375 0.644500017
vt 0.5 0.644500017
vt 0.5 0.648400009
vt 0.375 0.648400009
vt 0.25 0.648400009
vt 0.25 0.644500017
vt 0.535099983 0.280200005
vt 0.538999975 0.279399991
vt 0.538999975 0.277399987
vt 0.535099983 0.279100001
vt 0.532199979 0.279300004
vt 0.531199992 0.280200005
vt 0.542999983 0.276899993
vt 0.546899974 0.273600012
vt 0.546899974 0.265799999
vt 0.542999983 0.272399992
vt 0.379900008 0.695299983
vt 0.377000004 0.6875
vt 0.378500015 0.6875
vt 0.384600013 0.695299983
vt 0.390599996 0.703100026
vt 0.382800013 0.703100026
vt 0.388799995 0.695299983
vt 0.379200011 0.6875
vt 0.382800013 0.689499974
vt 0.39289999 0.695299983
vt 0.406199992 0.703100026
vt 0.398400009 0.703100026
vt 0.640600026 0.391600013
vt 0.656300008 0.391600013
vt 0.656300008 0.3926
vt 0.640600026 0.3926
vt 0.625 0.3926
vt 0.625 0.391600013
vt 0.640600026 0.393599987
vt 0.656199992 0.393599987
vt 0.656199992 0.394499987
vt 0.640600026 0.394499987
vt 0.625 0.394499987
vt 0.625 0.393599987
vt 0.75 0.435099989
vt 1 0.433600008
vt 1 0.429699987
vt 0.75 0.432700008
vt 0.5 0.435699999
vt 0.5 0.436500013
vt 0.75 0.430599988
vt 1 0.425799996
vt 1 0.421900004
vt 0.75 0.428600013
vt 0.5625 0.433600008
vt 0.5 0.435400009
vt 0.25 0.433600008
vt 0.5 0.433600008
vt 0.5 0.429699987
vt 0.25 0.429699987
vt -0 0.429699987
vt -0 0.433600008
vt 0.25 0.425799996
vt 0.5 0.425799996
vt 0.5 0.421900004
vt 0.25 0.421900004
vt -0 0.421900004
vt -0 0.425799996
vt 0.5 0.625
vt 0.843699992 0.625
vt 0.843800008 0.8125
vt 0.5 1
vt 0 1
vt 0 0.5
vt 0 0
vt 0.5 0.25
vt 0.8125 0.375
vt 0.765600026 0.75
vt 0.781300008 0.75
vt 0.781300008 0.5
vt 0.765600026 0.5
vt 0.75 0.5
vt 0.75 0.75
vt 0.75 1
vt 0.765600026 1
vt 0.781300008 1
vt 0.75 0.890600026
vt 0.75 0.906300008
vt 1 0.906300008
vt 1 0.890600026
vt 1 0.875
vt 0.75 0.875
vt 0.5 0.875
vt 0.5 0.890600026
vt 0.5 0.906300008
vt 0.75 0.343800008
vt 0.75 0.375099987
vt 1 0.375200003
vt 1 0.343899995
vt 1 0.312700003
vt 0.75 0.312599987
vt 0.5 0.3125
vt 0.5 0.343699992
vt 0.5 0.375
vt 0.843800008 0.75
vt 0.875 0.75
vt 0.875 0.5
vt 0.843699992 0.5
vt 0.8125 0.5
vt 0.8125 0.75
vt 0.8125 1
vt 0.843800008 1
vt 0.875 1
vt 0.346399993 0.333299994
vt 0.280200005 0.520799994
vt 0.299899995 0.5
vt 0.390599996 0.25
vt 0.5 -0
vt 0.378899992 0.25
vt 0.279599994 0.5
vt 0.235200003 0.75
vt 0.200800002 1
vt 0.211700007 1
vt 0.2465 0.75
vt 0.223900005 0.75
vt 0.189999998 1
vt 0.217999995 0.125
vt 0.230299994 0.25
vt 0.245299995 0.25
vt 0.231199995 0.125
vt 0.212500006 0
vt 0.201499999 0
vt 0.190599993 0
vt 0.204699993 0.125
vt 0.215200007 0.25
vt 0.5 0.201199993
vt 1 0.200800002
vt 1 0.189999998
vt 0.5 0.190300003
vt -0 0.190599993
vt -0 0.201499999
vt -0 0.212500006
vt 0.5 0.212099999
vt 1 0.211700007
vt 0.234400004 0.375
vt 0.218700007 0.375
vt 0.218700007 0.531300008
vt 0.234400004 0.531300008
vt 0.25 0.531300008
vt 0.25 0.375
vt 0.234400004 0.75
vt 0.234400004 0.5
vt 0.218700007 0.5
vt 0.218700007 0.75
vt 0.218700007 1
vt 0.234400004 1
vt 0.25 1
vt 0.25 0.75
vt 0.25 0.5
vt 0.234400004 0.25
vt 0.25 0.25
vt 0.25 -0
vt 0.234400004 -0
vt 0.218799993 0
vt 0.218700007 0.25
vt 0.234400004 0.833299994
vt 0.234400004 1
vt 0.25 1
vt 0.25 0.833299994
vt 0.25 0.666700006
vt 0.234400004 0.666700006
vt 0.218700007 0.666700006
vt 0.218700007 0.833299994
vt 0.218700007 1
vt 0.234400004 0.5
vt 0.25 0.5
vt 0.25 0.333299994
vt 0.234400004 0.333299994
vt 0.218799993 0.333299994
vt 0.218700007 0.5
vt 0.234400004 0.166700006
vt 0.25 0.166700006
vt 0.25 0
vt 0.234400004 0
vt 0.218700007 -0
vt 0.218700007 0.166700006
vt 0.234400004 0.75
vt 0.234400004 1
vt 0.25 1
vt 0.25 0.75
vt 0.218700007 0.75
vt 0.218700007 1
vt 0.234400004 0.5
vt 0.234400004 0
vt 0.218700007 0
vt 0.218700007 0.5
vt 0.218799993 1
vt 0.234400004 1
vt 0.25 1
vt 0.25 0.5
vt 0.25 0
vt 0.5 0.0625
vt -0 0.0625
vt -0 0.125
vt 0.5 0.125
vt 1 0.125
vt 1 0.0625
vt 1 0
vt 0.5 0
vt 0 0
vt 0.5 0.333299994
vt 0.5 0.5
vt 0 0
vt 0.25 -0
vt 0.5 -0
vt 0.75 0.5
vt 0.640600026 0.421900004
vt 0.640600026 0.4375
vt 0.656300008 0.4375
vt 0.656199992 0.421900004
vt 0.656199992 0.406300008
vt 0.640600026 0.406300008
vt 0.625 0.406300008
vt 0.625 0.421900004
vt 0.625 0.4375
vt 0.640600026 0.390599996
vt 0.640600026 0.375
vt 0.625 0.375
vt 0.625 0.390599996
vt 0.656199992 0.390599996
vt 0.656199992 0.375
vt 0.890600026 0.375
vt 0.890600026 0.25
vt 0.875 0.25
vt 0.875 0.375
vt 0.875 0.531300008
vt 0.890600026 0.531300008
vt 0.906300008 0.531300008
vt 0.906300008 0.375
vt 0.906300008 0.25
vt 0.890600026 0.125
vt 0.906199992 0.125
vt 0.906199992 0
vt 0.890600026 0
vt 0.875 0
vt 0.875 0.125
vt 0.890600026 0.75
vt 0.890600026 1
vt 0.906300008 1
vt 0.906199992 0.75
vt 0.906199992 0.5
vt 0.890600026 0.5
vt 0.875 0.5
vt 0.875 0.75
vt 0.875 1
vt 0.890600026 0.25
vt 0.906300008 0.25
vt 0.906300008 0
vt 0.890600026 -0
vt 0.875 -0
vt 0.875 0.25
vt 0.890600026 0.833299994
vt 0.890600026 1
vt 0.906300008 1
vt 0.906300008 0.833299994
vt 0.906300008 0.666700006
vt 0.890600026 0.666700006
vt 0.875 0.666700006
vt 0.875 0.833299994
vt 0.875 1
vt 0.890600026 0.5
vt 0.906300008 0.5
vt 0.906300008 0.333299994
vt 0.890600026 0.333299994
vt 0.875 0.333299994
vt 0.875 0.5
vt 0.890600026 0.166700006
vt 0.906300008 0.166700006
vt 0.906300008 0
vt 0.890600026 0
vt 0.875 0
vt 0.875 0.166700006
vt 0.890600026 0.75
vt 0.890600026 1
vt 0.906300008 1
vt 0.906300008 0.75
vt 0.875 0.75
vt 0.875 1
vt 0.5 0.5
vt 1 0.4375
vt 1 0.375
vt 0.5 0.5
vt -0 0.625
vt -0 0.5625
vt 0 0.5
vt 0.5 0.5
vt 1 0.5
vt 0.898400009 0.75
vt 0.890600026 1
vt 0.906199992 1
vt 0.921899974 0.75
vt 0.929700017 0.5
vt 0.9023 0.5
vt 0.875 0.5
vt 0.875 0.75
vt 0.875 1
vt 0.898400009 0.25
vt 0.921899974 0.25
vt 0.906199992 -0
vt 0.890600026 -0
vt 0.875 -0
vt 0.875 0.25
vt 0.75 0.109399997
vt 0.5 0.109399997
vt 0.5 0.125
vt 0.75 0.125
vt 1 0.125
vt 1 0.109399997
vt 1 0.0938000008
vt 0.75 0.0936999992
vt 0.5 0.0936999992
vt 0.890600026 0.5
vt 0.890600026 -0
vt 0.875 -0
vt 0.875 0.5
vt 0.875 1
vt 0.890600026 1
vt 0.906300008 1
vt 0.906300008 0.5
vt 0.906300008 -0
vt 0.5 0.890600026
vt 1 0.890600026
vt 1 0.875
vt 0.5 0.875
vt -0 0.875
vt -0 0.890600026
vt -0 0.906300008
vt 0.5 0.906300008
vt 1 0.906199992
vt 0.5625 0.5
vt 0.5625 0
vt 0.5 0
vt 0.5 0.5
vt 0.5 1
vt 0.5625 1
vt 0.625 1
vt 0.625 0.5
vt 0.625 0
vt 0.875 0.375
vt 0.75 0.25
vt 0.5 0
vt 0.75 0
vt 1 0.5
vt 0.281300008 0.640900016
vt 0.25 0.640600026
vt 0.25 0.656199992
vt 0.281300008 0.656400025
vt 0.3125 0.656499982
vt 0.312599987 0.640999973
vt 0.314599991 0.627499998
vt 0.281300008 0.625400007
vt 0.25 0.625
vt 0.281199992 0.671999991
vt 0.25 0.671899974
vt 0.25 0.6875
vt 0.281199992 0.6875
vt 0.312400013 0.6875
vt 0.3125 0.671999991
vt 0.343800008 0.640900016
vt 0.343800008 0.656400025
vt 0.375 0.656199992
vt 0.375 0.640600026
vt 0.375 0.625
vt 0.343800008 0.625400007
vt 0.343699992 0.671999991
vt 0.343699992 0.6875
vt 0.375 0.6875
vt 0.375 0.671899974
vt 0.375 0.710900009
vt 0.5 0.710900009
vt 0.5 0.703100026
vt 0.375 0.703100026
vt 0.25 0.703100026
vt 0.25 0.710900009
vt 0.25 0.718800008
vt 0.375 0.718800008
vt 0.5 0.718800008
vt 0.375 0.695299983
vt 0.25 0.695299983
vt 0.5 0.695299983
vt 0.5 0.6875
vt 0.375 0.6875
vt 0.273400009 0.689499974
vt 0.5 0.5
vt 0.5 0
vt 0 0
vt 0 0.5
vt 0 1
vt 0.5 1
vt 1 1
vt 1 0.5
vt 1 0
vt 0.5 0.5
vt 0 0.5
vt 0 0
vt 0.5 0
vt 1 0
vt 1 0.5
vt 0.5 0.5
vt 0.5 0
vt 0 0
vt 0 0.5
vt 0 1
vt 0.5 1
vt 1 1
vt 1 0.5
vt 1 0
vt 0.25 0.375
vt 0 0.375
vt 0 0.5
vt 0.25 0.5
vt 0.5 0.5
vt 0.5 0.375
vt 0.5 0.25
vt 0.25 0.25
vt 0 0.25
vt 0.75 0.375
vt 0.75 0.5
vt 1 0.5
vt 1 0.375
vt 1 0.25
vt 0.75 0.25
vt 0.178800002 0.75
vt 0.146699995 1
vt 0.168300003 1
vt 0.201399997 0.75
vt 0.259299994 0.5
vt 0.223399997 0.5
vt 0.1875 0.5
vt 0.156299993 0.75
vt 0.125 1
vt 0.151600003 0.125
vt 0.155100003 0.25
vt 0.185200006 0.25
vt 0.178100005 0.125
vt 0.168699995 0
vt 0.146899998 0
vt 0.125 -0
vt 0.125 0.125
vt 0.125 0.25
vt 0.5 0.146799996
vt 1 0.146699995
vt 1 0.125
vt 0.5 0.125
vt 0 0.125
vt -0 0.146899998
vt -0 0.168699995
vt 0.5 0.168500006
vt 1 0.168300003
vt 0.156200007 0.375
vt 0.125 0.375
vt 0.125 0.531199992
vt 0.156299993 0.531199992
vt 0.1875 0.531199992
vt 0.1875 0.375
vt 0.156200007 0.25
vt 0.156200007 0.5
vt 0.1875 0.5
vt 0.1875 0.25
vt 0.1875 0
vt 0.156299993 0
vt 0.125 0
vt 0.125 0.25
vt 0.125 0.5
vt 0.156200007 0.833299994
vt 0.156200007 1
vt 0.1875 1
vt 0.1875 0.833299994
vt 0.1875 0.666700006
vt 0.156200007 0.666700006
vt 0.125 0.666700006
vt 0.125 0.833299994
vt 0.125 1
vt 0.156200007 0.5
vt 0.1875 0.5
vt 0.1875 0.333299994
vt 0.156299993 0.333299994
vt 0.125 0.333299994
vt 0.125 0.5
vt 0.156200007 0.166700006
vt 0.1875 0.166700006
vt 0.1875 0
vt 0.156200007 0
vt 0.125 0
vt 0.125 0.166700006
vt 0.156200007 0.75
vt 0.156200007 1
vt 0.1875 1
vt 0.1875 0.75
vt 0.125 0.75
vt 0.125 1
vt 0.156200007 0.5
vt 0.156200007 -0
vt 0.125 -0
vt 0.125 0.5
vt 0.125 1
vt 0.156299993 1
vt 0.1875 1
vt 0.1875 0.5
vt 0.1875 0
vt 0.5 0.375
vt 0 0.375
vt 0 0.5
vt 0.5 0.5
vt 1 0.5
vt 1 0.375
vt 1 0.25
vt 0.5 0.25
vt 0 0.25
vt 0.293000013 0.25
vt 0.367199987 0.25
vt 0.375 -0
vt 0.25 -0
vt 0.218700007 0.25
vt 0.666700006 0.333299994
vt 0.5 0
vt 0 0
vt 0.5 0.5
vt 1 1
vt 1 0.5
vt 1 0
vt 0.156200007 0.75
vt 0.156200007 1
vt 0.1875 1
vt 0.1875 0.75
vt 0.125 0.75
vt 0.125 1
vt 0.25 0.5
vt 0.25 -0
vt 0 0
vt 0 0.5
vt 0 1
vt 0.25 1
vt 0.5 1
vt 0.5 0.5
vt 0.5 -0
vt 0.75 0.5
vt 0.75 -0
vt 0.75 1
vt 0.5 0.25
vt 1 0.25
vt 0.5 0
vt 0 0
vt 0 0.25
vt 0 0.5
vt 0.5 0.5
vt 1 0.5
vt 0.5 0.75
vt 1 0.75
vt 0 0.75
vt 0.5 1
vt 0.25 0.375
vt 0 0.375
vt 0 0.5
vt 0.25 0.5
vt 0.5 0.5
vt 0.5 0.375
vt 0.5 0.25
vt 0.25 0.25
vt 0 0.25
vt 0.25 0.125
vt 0 0.125
vt 0.5 0.125
vt 0.5 0
vt 0.25 0
vt 0 0
vt 0.125 0.640600026
vt 0.125 0.625
vt -0 0.625
vt -0 0.640600026
vt -0 0.656199992
vt 0.125 0.656199992
vt 0.25 0.656199992
vt 0.25 0.640600026
vt 0.25 0.625
vt 0.375 0.640600026
vt 0.375 0.625
vt 0.375 0.656199992
vt 0.5 0.656199992
vt 0.5 0.640600026
vt 0.5 0.625
vt 0.125 0.671899974
vt -0 0.671899974
vt 0 0.6875
vt 0.125 0.6875
vt 0.25 0.6875
vt 0.25 0.671899974
vt 0.375 0.671899974
vt 0.375 0.6875
vt 0.5 0.6875
vt 0.5 0.671899974
vt 0.25 0.4375
vt 0.25 0.5
vt -0 0.5
vt -0 0.4375
vt -0 0.375
vt 0.25 0.375
vt 0.5 0.375
vt 0.5 0.4375
vt 0.5 0.5
vt 0.75 0.4375
vt 0.75 0.5
vt 0.75 0.375
vt 1 0.375
vt 1 0.4375
vt 1 0.5
vt 0.25 0.3125
vt 0 0.3125
vt 0 0.25
vt 0.25 0.25
vt 0.5 0.25
vt 0.5 0.3125
vt 0.75 0.3125
vt 0.75 0.25
vt 1 0.25
vt 1 0.3125
vt 0.5 0.25
vt 1 0.25
vt 1 0
vt 0.5 0
vt 0 0
vt -0 0.25
vt -0 0.5
vt 0.5 0.5
vt 1 0.5
vt 0.5 0.75
vt 1 0.75
vt -0 0.75
vt 0 1
vt 0.5 1
vt 1 1
vt 0.125 0.375
vt 0 0.375
vt 0 0.5
vt 0.125 0.5
vt 0.25 0.5
vt 0.25 0.375
vt 0.25 0.25
vt 0.125 0.25
vt 0 0.25
vt 0.125 0.125
vt 0 0.125
vt 0.25 0.125
vt 0.25 -0
vt 0.125 -0
vt 0.0313000008 0.0781000033
vt 0.375 0.375
vt 0.375 0.5
vt 0.531300008 0.5
vt 0.531300008 0.375
vt 0.531300008 0.25
vt 0.375 0.25
vt 0.375 0.125
vt 0.531300008 0.125
vt 0.531300008 -0
vt 0.375 -0
vt 0.25 0.375
vt -0 0.375
vt 0 0.5
vt 0.25 0.5
vt 0.5 0.5
vt 0.5 0.375
vt 0.5 0.25
vt 0.25 0.25
vt -0 0.25
vt 0.25 0.125
vt -0 0.125
vt 0.5 0.125
vt 0.5 0
vt 0.25 0
vt 0 0
vt 0.75 0.375
vt 0.75 0.5
vt 1 0.5
vt 1 0.375
vt 1 0.25
vt 0.75 0.25
vt 0.75 0.125
vt 1 0.125
vt 1 0
vt 0.75 0
vt 0.166700006 0.375
vt 0 0.375
vt 0 0.5
vt 0.166700006 0.5
vt 0.333299994 0.5
vt 0.333299994 0.375
vt 0.333299994 0.25
vt 0.166700006 0.25
vt -0 0.25
vt 0.166700006 0.125
vt -0 0.125
vt 0.333299994 0.125
vt 0.333299994 0
vt 0.166700006 0
vt 0 0
vt 0.5 0.375
vt 0.5 0.5
vt 0.666700006 0.5
vt 0.666700006 0.375
vt 0.666700006 0.25
vt 0.5 0.25
vt 0.5 0.125
vt 0.666700006 0.125
vt 0.666700006 -0
vt 0.5 -0
vt 0.833299994 0.375
vt 0.833299994 0.5
vt 1 0.5
vt 1 0.375
vt 1 0.25
vt 0.833299994 0.25
vt 0.833299994 0.125
vt 1 0.125
vt 1 0
vt 0.833299994 -0
vt 0.75 0.375
vt 0.75 0.5
vt 1 0.5
vt 1 0.375
vt 1 0.25
vt 0.75 0.25
vt 0.75 0.125
vt 1 0.125
vt 1 0
vt 0.75 0
vt 0.875 0.75
vt 0.875 1
vt 1 1
vt 1 0.75
vt 1 0.5
vt 0.875 0.5
vt 0.75 0.5
vt 0.75 0.75
vt 0.75 1
vt 0.625 0.75
vt 0.625 1
vt 0.625 0.5
vt 0.5 0.5
vt 0.5 0.75
vt 0.5 1
vt 0.875 0.25
vt 1 0.25
vt 1 0
vt 0.875 -0
vt 0.75 -0
vt 0.75 0.25
vt 0.625 0.25
vt 0.625 -0
vt 0.5 -0
vt 0.5 0.25
vt 0.375 0.25
vt 0.375 0.5
vt 0.5 0.5
vt 0.5 0.25
vt 0.375 -0
vt 0.25 0
vt 0.25 0.25
vt 0.25 0.5
vt 0.125 0.25
vt 0.125 0.5
vt 0.125 0
vt 0 0
vt -0 0.25
vt -0 0.5
vt 0.5 0.125
vt 1 0.125
vt 1 0
vt 0.5 0
vt 0 0
vt -0 0.125
vt -0 0.25
vt 0.5 0.25
vt 1 0.25
vt 0.5 0.375
vt 1 0.375
vt 0 0.375
vt 0 0.5
vt 0.5 0.5
vt 1 0.5
vt 0.125 0.5
vt 0.125 -0
vt 0 0.5
vt 0 1
vt 0.125 1
vt 0.25 1
vt 0.25 0.5
vt 0.25 -0
vt 0.375 0.5
vt 0.375 -0
vt 0.375 1
vt 0.5 0.5
vt 0.5 -0
vt 0.75 0.75
vt 0.5 0.75
vt 0.5 1
vt 0.75 1
vt 1 1
vt 1 0.75
vt 1 0.5
vt 0.75 0.5
vt 0.5 0.5
vt 0.75 0.25
vt 0.5 0.25
vt 1 0.25
vt 1 0
vt 0.75 0
vt 0.5 0
vt 0.25 0.25
vt 0.25 0.5
vt 0 0.5
vt 0 0.25
vt 0 0
vt 0.25 0
vt 0.5 0
vt 0.5 0.25
vt 0.5 0.5
vt 0.75 0.25
vt 0.75 0.5
vt 0.75 0
vt 1 0
vt 1 0.25
vt 1 0.5
vt 0.25 0.75
vt 0.25 1
vt 0 1
vt 0 0.75
vt 0.5 0.75
vt 0.5 1
vt 0.75 0.75
vt 0.75 1
vt 1 0.75
vt 1 1
vt 0.749899983 0.260800004
vt 0.5 0.260699987
vt 0.5 0.261700004
vt 0.749899983 0.261799991
vt 0.999899983 0.261900008
vt 0.999899983 0.260899991
vt 0.999899983 0.259900004
vt 0.749899983 0.259900004
vt 0.5 0.259799987
vt 0.749899983 0.258899987
vt 0.5 0.2588
vt 0.999899983 0.259000003
vt 0.937399983 0.25819999
vt 0.749899983 0.2579
vt 0.5 0.257800013
vt 0.542999983 0.343899995
vt 0.542999983 0.312700003
vt 0.546899974 0.312700003
vt 0.546899974 0.343899995
vt 0.546899974 0.375099987
vt 0.542999983 0.375099987
vt 0.539099991 0.375099987
vt 0.539099991 0.343899995
vt 0.539099991 0.312599987
vt 0.535099983 0.343899995
vt 0.535099983 0.312599987
vt 0.535099983 0.375099987
vt 0.531199992 0.375099987
vt 0.531199992 0.343800008
vt 0.531199992 0.312599987
vt 0.535099983 0.281399995
vt 0.531199992 0.281399995
vt 0.531199992 0.250099987
vt 0.535099983 0.250200003
vt 0.538999975 0.250200003
vt 0.538999975 0.281399995
vt 0.542999983 0.281399995
vt 0.542999983 0.250200003
vt 0.546899974 0.250200003
vt 0.546899974 0.281399995
vt 0.140599996 0.5
vt 0.140599996 1
vt 0.125 1
vt 0.125 0.5
vt 0.125 -0
vt 0.140599996 -0
vt 0.156299993 -0
vt 0.156299993 0.5
vt 0.156299993 1
vt 0.171900004 0.5
vt 0.171900004 1
vt 0.171900004 -0
vt 0.1875 -0
vt 0.1875 0.5
vt 0.1875 1
vt 0.828100026 0.5
vt 0.828100026 1
vt 0.8125 1
vt 0.8125 0.5
vt 0.8125 0
vt 0.828100026 0
vt 0.843699992 0
vt 0.843800008 0.5
vt 0.843800008 1
vt 0.859399974 0.5
vt 0.859399974 1
vt 0.859399974 0
vt 0.875 0
vt 0.875 0.5
vt 0.875 1
vt 0.5 0.281300008
vt 1 0.281199992
vt 1 0.25
vt 0.5 0.25
vt 0 0.25
vt 0 0.281300008
vt 0 0.3125
vt 0.5 0.3125
vt 1 0.3125
vt 0.5 0.343800008
vt 1 0.343699992
vt 0 0.343800008
vt 0 0.375
vt 0.5 0.375
vt 1 0.375
vt 0.25 0.281199992
vt 0.25 0.25
vt 0.5 0.25
vt 0.5 0.281199992
vt 0.5 0.3125
vt 0.25 0.3125
vt 0.25 0.343699992
vt 0.5 0.343699992
vt 0.5 0.375
vt 0.25 0.375
vt 0.75 0.281199992
vt 0.75 0.25
vt 1 0.25
vt 1 0.281199992
vt 1 0.3125
vt 0.75 0.3125
vt 0.75 0.343699992
vt 1 0.343699992
vt 1 0.375
vt 0.75 0.375
vt 0.265599996 0.640799999
vt 0.265700012 0.625199974
vt 0.25 0.640600026
vt 0.25 0.656199992
vt 0.265599996 0.656300008
vt 0.279300004 0.656400025
vt 0.279300004 0.640900016
vt 0.279399991 0.62529999
vt 0.328200012 0.640999973
vt 0.328200012 0.625500023
vt 0.312599987 0.641200006
vt 0.3125 0.656599998
vt 0.328099996 0.656499982
vt 0.341800004 0.656400025
vt 0.341800004 0.640900016
vt 0.341899991 0.625400007
vt 0.125 0.632799983
vt 0.25 0.632799983
vt 0.25 0.625
vt -0 0.625
vt -0 0.632799983
vt -0 0.639599979
vt 0.125 0.639199972
vt 0.25 0.638800025
vt 0.375 0.632799983
vt 0.5 0.632799983
vt 0.5 0.625
vt 0.25 0.632799983
vt 0.25 0.639599979
vt 0.375 0.639599979
vt 0.5 0.639599979
vt 0.535099983 0.296999991
vt 0.538999975 0.296999991
vt 0.539099991 0.312599987
vt 0.535099983 0.312599987
vt 0.531199992 0.312599987
vt 0.531199992 0.296999991
vt 0.531199992 0.284999996
vt 0.535099983 0.284999996
vt 0.538999975 0.284799993
vt 0.542999983 0.296999991
vt 0.546899974 0.297100008
vt 0.546899974 0.312700003
vt 0.542999983 0.312700003
vt 0.542999983 0.284200013
vt 0.546899974 0.283399999
vt 0.3125 0.695299983
vt 0.3125 0.6875
vt 0.25 0.695299983
vt 0.25 0.703100026
vt 0.3125 0.703100026
vt 0.361299992 0.703100026
vt 0.360599995 0.695299983
vt 0.359899998 0.6875
vt 0.640600026 0.382800013
vt 0.656199992 0.382800013
vt 0.656199992 0.375
vt 0.625 0.375
vt 0.625 0.382800013
vt 0.625 0.388900012
vt 0.640600026 0.388900012
vt 0.656300008 0.388900012
vt 0.75 0.468699992
vt 1 0.468699992
vt 1 0.5
vt 0.5 0.5
vt 0.5 0.468699992
vt 0.5 0.445100009
vt 0.75 0.444700003
vt 1 0.444299996
vt 0.25 0.468699992
vt 0.5 0.468699992
vt 0.5 0.5
vt -0 0.5
vt -0 0.468699992
vt -0 0.444299996
vt 0.25 0.444299996
vt 0.5 0.444299996
vt 0.289099991 0.640999973
vt 0.289099991 0.625500023
vt 0.289099991 0.656499982
vt 0.296900004 0.656499982
vt 0.296900004 0.640999973
vt 0.296999991 0.625500023
vt 0.351599991 0.640799999
vt 0.351599991 0.62529999
vt 0.351599991 0.656400025
vt 0.359400004 0.656300008
vt 0.359400004 0.640799999
vt 0.359400004 0.625199974
vt 0.125 0.64289999
vt 0.25 0.641200006
vt -0 0.644500017
vt -0 0.648400009
vt 0.125 0.645099998
vt 0.218700007 0.642499983
vt 0.375 0.644500017
vt 0.5 0.644500017
vt 0.25 0.644500017
vt 0.25 0.648400009
vt 0.375 0.648400009
vt 0.5 0.648400009
vt 0.535099983 0.280200005
vt 0.538999975 0.279399991
vt 0.531199992 0.280200005
vt 0.532199979 0.279300004
vt 0.535099983 0.279100001
vt 0.538999975 0.277399987
vt 0.542999983 0.276899993
vt 0.546899974 0.273600012
vt 0.542999983 0.272399992
vt 0.546899974 0.265799999
vt 0.379900008 0.695299983
vt 0.377000004 0.6875
vt 0.382800013 0.703100026
vt 0.390599996 0.703100026
vt 0.384600013 0.695299983
vt 0.378500015 0.6875
vt 0.388799995 0.695299983
vt 0.379200011 0.6875
vt 0.398400009 0.703100026
vt 0.406199992 0.703100026
vt 0.39289999 0.695299983
vt 0.382800013 0.689499974
vt 0.640600026 0.391600013
vt 0.656300008 0.391600013
vt 0.625 0.391600013
vt 0.625 0.3926
vt 0.640600026 0.3926
vt 0.656300008 0.3926
vt 0.640600026 0.393599987
vt 0.656199992 0.393599987
vt 0.625 0.393599987
vt 0.625 0.394499987
vt 0.640600026 0.394499987
vt 0.656199992 0.394499987
vt 0.75 0.435099989
vt 1 0.433600008
vt 0.5 0.436500013
vt 0.5 0.435699999
vt 0.75 0.432700008
vt 1 0.429699987
vt 0.75 0.430599988
vt 1 0.425799996
vt 0.5 0.435400009
vt 0.5625 0.433600008
vt 0.75 0.428600013
vt 1 0.421900004
vt 0.25 0.433600008
vt 0.5 0.433600008
vt -0 0.433600008
vt -0 0.429699987
vt 0.25 0.429699987
vt 0.5 0.429699987
vt 0.25 0.425799996
vt 0.5 0.425799996
vt -0 0.425799996
vt -0 0.421900004
vt 0.25 0.421900004
vt 0.5 0.421900004
vn 0.0631000027 -0.616100013 0.785099983
vn 0.0214000009 -0.424100012 0.905399978
vn -0.118500002 -0.270700008 0.955299973
vn -0.256300002 -0.261400014 0.930499971
vn -0.0929000005 -0.188299999 0.977699995
vn 0.0175999999 -0.461100012 0.887099981
vn 0.0449000001 -0.485500008 0.873099983
vn 0.0719999969 -0.623000026 0.778900027
vn 0.0335000008 -0.412900001 0.910099983
vn -0.00620000018 -0.164000005 0.986400008
vn -0.0131999999 -0.166700006 0.985899985
vn 0.00639999984 -0.345999986 0.938199997
vn 0.00669999979 -0.34040001 0.940199971
vn 0.00380000006 -0.342999995 0.939300001
vn -0.00270000007 -0.161699995 0.986800015
vn -0.00960000046 0.137999997 0.990400016
vn -0.0238000005 0.1184 0.992699981
vn -0.0518000014 0.114600003 0.991999984
vn -0.0443000011 0.495599985 0.867399991
vn -0.0167999994 0.516900003 0.85589999
vn -0.00499999989 0.280800015 0.959699988
vn -0.0245999992 0.270999998 0.962199986
vn -0.0700000003 0.277700007 0.958100021
vn -0.103500001 0.499000013 0.860400021
vn -0.0518000014 0.114600003 0.991999984
vn -0.0238000005 0.1184 0.992699981
vn -0.00960000046 0.137999997 0.990400016
vn -0.000199999995 -0.190599993 0.981599987
vn 0.00230000005 -0.202500001 0.979200006
vn 0.0157999992 -0.526199996 0.850199997
vn 0.0129000004 -0.427100003 0.904100001
vn 0.0201999992 -0.461299986 0.887000024
vn -0.0092000002 -0.187700003 0.982200027
vn -0.0118000004 -0.180199996 0.98360002
vn -0.00359999994 -0.1708 0.985300004
vn 0.00100000005 -0.177699998 0.984099984
vn 0.0183000006 -0.527999997 0.849099994
vn 0.0297999997 -0.5722 0.819599986
vn 0.0201999992 -0.461299986 0.887000024
vn 0.0129000004 -0.427100003 0.904100001
vn 0.0157999992 -0.526199996 0.850199997
vn 0.0104 -0.49939999 0.866299987
vn 0.00380000006 -0.342999995 0.939300001
vn 0.00669999979 -0.34040001 0.940199971
vn 0.00639999984 -0.345999986 0.938199997
vn 0.0683000013 0.0454999991 0.996599972
vn 0.066200003 0.1382 0.988200009
vn 0.0465999991 0.160999998 0.985800028
vn 0.057599999 0.0375999995 0.997600019
vn 0.0667999983 -0.0329000019 0.997200012
vn 0.0832000002 0.00620000018 0.996500015
vn 0.0913999975 0.0856999978 0.9921
vn 0.0478999987 0.0346999988 0.998199999
vn 0.0366000012 0.177100003 0.983500004
vn 0.0207000002 0.198599994 0.979799986
vn 0.0340000018 0.0342000015 0.99879998
vn 0.0366999991 -0.0720999986 0.996699989
vn 0.0507999994 -0.0551999994 0.997200012
vn 0.00430000015 0.0537 0.99849999
vn -0.00359999994 0.249899998 0.968299985
vn -0.00289999996 0.263300002 0.964699984
vn 0.00389999989 0.0606999993 0.998099983
vn 0.00800000038 -0.0921000019 0.995700002
vn 0.00899999961 -0.0879999995 0.996100008
vn 0.0131999999 -0.0842000023 0.996299982
vn 0.00760000013 0.0450000018 0.998899996
vn -0.00340000005 0.233899996 0.972199976
vn 0.0176999997 0.0373999998 0.999100029
vn 0.023 -0.0807999969 0.996500015
vn 0.0366999991 -0.0720999986 0.996699989
vn 0.0340000018 0.0342000015 0.99879998
vn 0.0207000002 0.198599994 0.979799986
vn 0.00389999989 0.217399999 0.976100028
vn -0.00340000005 0.233899996 0.972199976
vn 0.00760000013 0.0450000018 0.998899996
vn 0.0131999999 -0.0842000023 0.996299982
vn 0.0037 0.0631000027 0.998000026
vn 0.00620000018 -0.0967999995 0.995299995
vn -0.00179999997 0.272599995 0.962100029
vn -0.000699999975 0.277399987 0.960799992
vn 0.00219999999 0.057500001 0.998300016
vn 0.00200000009 -0.108199999 0.994099975
vn -0.00100000005 -0.150800005 0.988600016
vn 0.00079999998 -0.340999991 0.939999998
vn 0.00230000005 -0.331900001 0.943300009
vn 0.00200000009 -0.134599999 0.99089998
vn 0.00039999999 0.188700005 0.981999993
vn -0.00400000019 0.165000007 0.986299992
vn -0.00960000046 0.137999997 0.990400016
vn -0.00270000007 -0.161699995 0.986800015
vn 0.00380000006 -0.342999995 0.939300001
vn 0.00499999989 -0.118299998 0.992999971
vn 0.00289999996 0.207499996 0.978200018
vn 0.00540000014 -0.316599995 0.948499978
vn 0.00719999988 -0.298799992 0.954299986
vn 0.00659999996 -0.1039 0.994499981
vn 0.00270000007 0.219799995 0.975499988
vn 0.00240000011 -0.0763999969 0.997099996
vn -0.00109999999 0.228300005 0.97359997
vn -0.000899999985 0.2271 0.973800004
vn 0.00410000002 -0.0834000036 0.996500015
vn 0.0055999998 -0.270300001 0.962700009
vn 0.00389999989 -0.262699991 0.9648
vn 0.00449999981 -0.255699992 0.966700017
vn 0.00410000002 -0.065700002 0.997799993
vn 0.00249999994 0.2333 0.97240001
vn 0.00600000005 -0.0474999994 0.99879998
vn 0.0057000001 0.243699998 0.969799995
vn 0.00520000001 -0.243799999 0.969799995
vn 0.00380000006 -0.223900005 0.974600017
vn 0.00480000023 -0.0245999992 0.99970001
vn 0.00400000019 0.255800009 0.966700017
vn 0.00260000001 -0.0013 1
vn 0.000899999985 0.266099989 0.96390003
vn 0.00150000001 -0.195700005 0.980700016
vn -0.000300000014 -0.162699997 0.986699998
vn 0.00139999995 0.0211999994 0.999800026
vn 0 0.273400009 0.961899996
vn 0.00120000006 0.0423000008 0.999100029
vn 0 0.277399987 0.960699975
vn 0 0.273400009 0.961899996
vn 0.00139999995 0.0211999994 0.999800026
vn -0.000300000014 -0.162699997 0.986699998
vn -0.00079999998 -0.131200001 0.991299987
vn 0.00639999984 -0.0921000019 0.995700002
vn 0.0074 -0.282400012 0.959200025
vn 0.0055999998 -0.270300001 0.962700009
vn 0.00410000002 -0.0834000036 0.996500015
vn -0.000899999985 0.2271 0.973800004
vn 0.00100000005 0.225600004 0.97420001
vn 0.00270000007 0.219799995 0.975499988
vn 0.00659999996 -0.1039 0.994499981
vn 0.00719999988 -0.298799992 0.954299986
vn -0.0161000006 -0.1831 0.982900023
vn 0.0116999997 -0.372299999 0.927999973
vn 0.00639999984 -0.345999986 0.938199997
vn -0.0131999999 -0.166700006 0.985899985
vn -0.0518000014 0.114600003 0.991999984
vn -0.0816999972 0.124899998 0.988799989
vn -0.122000001 0.160300002 0.979499996
vn -0.0103000002 -0.201499999 0.979399979
vn 0.0335000008 -0.412900001 0.910099983
vn -0.0131000001 -0.211099997 0.977400005
vn -0.0103000002 -0.201499999 0.979399979
vn -0.122000001 0.160300002 0.979499996
vn -0.194000006 0.108800001 0.974900007
vn 0.0214000009 -0.424100012 0.905399978
vn 0.0335000008 -0.412900001 0.910099983
vn 0.0661000013 -0.171100006 0.98299998
vn 0.0364999995 -0.187399998 0.981599987
vn 0.0480999984 -0.174500003 0.983500004
vn 0.114200003 -0.131500006 0.984700024
vn 0.193100005 -0.1162 0.97420001
vn 0.0988000035 -0.154699996 0.98299998
vn 0.0189999994 -0.164399996 0.986199975
vn 0.0188999996 -0.180000007 0.983500004
vn 0.0156999994 -0.191300005 0.981400013
vn 0.00350000011 -0.183300003 0.98299998
vn 0.00430000015 -0.163499996 0.986500025
vn -0.143000007 -0.169 0.975199997
vn -0.150199994 -0.187900007 0.970600009
vn -0.156200007 -0.191799998 0.968900025
vn 0.000199999995 -0.1928 0.98119998
vn -0.00970000029 0.489899993 0.871699989
vn -0.00179999997 0.272599995 0.962100029
vn -0.00289999996 0.263300002 0.964699984
vn -0.0116999997 0.474700004 0.880100012
vn -0.0124000004 0.204699993 0.978699982
vn -0.0092000002 0.211300001 0.977400005
vn -0.00439999998 0.217500001 0.976000011
vn -0.00769999996 0.503899992 0.863699973
vn -0.000699999975 0.277399987 0.960799992
vn -0.0142000001 0.45539999 0.890100002
vn -0.0148999998 0.194299996 0.980799973
vn -0.00359999994 0.249899998 0.968299985
vn -0.00340000005 0.233899996 0.972199976
vn -0.0176999997 0.433600008 0.900900006
vn -0.0186999999 0.182300001 0.983099997
vn -0.00910000037 0.545400023 0.838100016
vn 0.00139999995 0.289499998 0.957199991
vn -0.00499999989 0.280800015 0.959699988
vn -0.0167999994 0.516900003 0.85589999
vn -0.00960000046 0.137999997 0.990400016
vn -0.00400000019 0.165000007 0.986299992
vn 0.00039999999 0.188700005 0.981999993
vn -0.00410000002 0.565599978 0.824699998
vn 0.00540000014 0.294099987 0.95569998
vn -0.00249999994 0.576399982 0.817099988
vn 0.00620000018 0.292800009 0.956099987
vn 0.00289999996 0.207499996 0.978200018
vn 0.00270000007 0.219799995 0.975499988
vn -0.00490000006 0.579299986 0.814999998
vn 0.00289999996 0.287600011 0.957700014
vn -0.00789999962 0.560500026 0.828100026
vn 9.99999975e-05 0.262300014 0.964999974
vn -0.00159999996 0.272000015 0.962300003
vn -0.00939999986 0.569700003 0.821799994
vn -0.000899999985 0.2271 0.973800004
vn -0.00109999999 0.228300005 0.97359997
vn 0.00249999994 0.2333 0.97240001
vn -0.00310000009 0.552100003 0.833700001
vn 0.00419999985 0.252000004 0.967700005
vn 0.000899999985 0.546299994 0.837499976
vn 0.0074 0.242300004 0.970200002
vn 0.0057000001 0.243699998 0.969799995
vn 0.00400000019 0.255800009 0.966700017
vn -0.000899999985 0.542500019 0.84009999
vn 0.00590000022 0.235799998 0.971800029
vn -0.00449999981 0.538699985 0.842499971
vn 0.00270000007 0.233899996 0.972199976
vn 0.000899999985 0.266099989 0.96390003
vn 0 0.273400009 0.961899996
vn -0.00590000022 0.531400025 0.847100019
vn 0.00100000005 0.232199997 0.9727
vn -0.00639999984 0.518700004 0.854900002
vn -0.000600000028 0.225899994 0.97420001
vn 0.00100000005 0.232199997 0.9727
vn -0.00590000022 0.531400025 0.847100019
vn 0 0.273400009 0.961899996
vn 0 0.277399987 0.960699975
vn 0.117200002 -0.0331000015 0.992600024
vn 0.0566000007 -0.103500001 0.992999971
vn 0.0703999996 -0.0384999998 0.996800005
vn 0.111199997 0.0797000006 0.99059999
vn 0.158099994 0.0208999999 0.987200022
vn 0.195899993 -0.0485999994 0.979399979
vn 0.193100005 -0.1162 0.97420001
vn 0.114200003 -0.131500006 0.984700024
vn 0.0480999984 -0.174500003 0.983500004
vn 0.0131000001 0.331099987 0.943499982
vn 0.00289999996 0.121799998 0.992500007
vn -0.0103000002 0.150399998 0.988600016
vn -0.00319999992 0.377200007 0.926100016
vn 0.0207000002 0.198599994 0.979799986
vn 0.0366000012 0.177100003 0.983500004
vn 0.0465999991 0.160999998 0.985800028
vn 0.0294000003 0.282499999 0.958800018
vn 0.0195000004 0.0891000032 0.995800018
vn 0.0505000018 0.236699998 0.970200002
vn 0.0379000008 0.0599000007 0.997500002
vn 0.066200003 0.1382 0.988200009
vn 0.0913999975 0.0856999978 0.9921
vn 0.0731000006 0.193000004 0.978500009
vn 0.0568999983 0.0342999995 0.997799993
vn 0.0926000029 0.149399996 0.984399974
vn 0.117600001 0.0649000034 0.99089998
vn 0.158099994 0.0208999999 0.987200022
vn 0.111199997 0.0797000006 0.99059999
vn 0.0703999996 -0.0384999998 0.996800005
vn 0.0709000006 0.00579999993 0.997399986
vn 0.0568999983 0.0342999995 0.997799993
vn 0.0731000006 0.193000004 0.978500009
vn 0.0913999975 0.0856999978 0.9921
vn -0.00829999987 0.576600015 0.816900015
vn 0.00100000005 0.225600004 0.97420001
vn -0.000899999985 0.2271 0.973800004
vn -0.00939999986 0.569700003 0.821799994
vn -0.00159999996 0.272000015 0.962300003
vn -0.00079999998 0.280499995 0.959800005
vn 0.00289999996 0.287600011 0.957700014
vn -0.00490000006 0.579299986 0.814999998
vn 0.00270000007 0.219799995 0.975499988
vn -0.0156999994 0.40990001 0.912
vn 0.00389999989 0.217399999 0.976100028
vn 0.0207000002 0.198599994 0.979799986
vn -0.00319999992 0.377200007 0.926100016
vn -0.0103000002 0.150399998 0.988600016
vn -0.0186999999 0.169300005 0.985400021
vn -0.0186999999 0.182300001 0.983099997
vn -0.0176999997 0.433600008 0.900900006
vn -0.00340000005 0.233899996 0.972199976
vn -0.173800007 0.532999992 0.828100026
vn -0.0816999972 0.124899998 0.988799989
vn -0.0518000014 0.114600003 0.991999984
vn -0.103500001 0.499000013 0.860400021
vn -0.0700000003 0.277700007 0.958100021
vn -0.135700002 0.327100009 0.935199976
vn -0.235699996 0.335200012 0.912199974
vn -0.282799989 0.589999974 0.756200016
vn -0.122000001 0.160300002 0.979499996
vn -0.390899986 0.378800005 0.83890003
vn -0.272599995 0.0782999992 0.958899975
vn -0.194000006 0.108800001 0.974900007
vn -0.282799989 0.589999974 0.756200016
vn -0.235699996 0.335200012 0.912199974
vn 0.0828000009 -0.136800006 0.987100005
vn 0.0546999983 -0.129199997 0.990100026
vn 0.0747999996 -0.139300004 0.987399995
vn 0.1017 -0.140799999 0.984799981
vn 0.313699991 -0.118100002 0.942099988
vn 0.299899995 -0.128299996 0.945200026
vn 0.285299987 -0.134200007 0.949000001
vn 0.0627000034 -0.132100001 0.989199996
vn 0.0340000018 -0.124300003 0.991599977
vn -0.0526000001 -0.129500002 0.990199983
vn -0.178000003 -0.132699996 0.975000024
vn -0.174700007 -0.157800004 0.971899986
vn -0.0395999998 -0.148499995 0.988099992
vn -0.063699998 -0.119499996 0.990800023
vn -0.178499997 -0.117399998 0.976899981
vn 0.0511000007 -0.130600005 0.990100026
vn 0.0221999995 -0.126100004 0.99180001
vn 0.2773 -0.138600007 0.950699985
vn 0.274500012 -0.150099993 0.949800014
vn 0.0467999987 -0.136800006 0.989499986
vn 0.0173000004 -0.1329 0.990999997
vn -0.0697000027 -0.120499998 0.990199983
vn -0.177900001 -0.115000002 0.977299988
vn -0.0720999986 -0.126000002 0.989400029
vn -0.177499995 -0.117700003 0.977100015
vn 0.124200001 -0.146699995 0.981299996
vn 0.0120999999 -0.155200005 0.987800002
vn 0.0189999994 -0.164399996 0.986199975
vn 0.0988000035 -0.154699996 0.98299998
vn 0.193100005 -0.1162 0.97420001
vn 0.255499989 -0.112400003 0.960200012
vn 0.282400012 -0.110600002 0.952799976
vn 0.127700001 -0.144800007 0.98119998
vn 0.00680000009 -0.152700007 0.988200009
vn -0.00329999998 -0.148900002 0.988799989
vn -0.00980000012 -0.145099998 0.989300013
vn -0.156800002 -0.147400007 0.976499975
vn -0.147599995 -0.151700005 0.977299988
vn -0.143000007 -0.169 0.975199997
vn 0.00430000015 -0.163499996 0.986500025
vn -0.196400002 -0.115800001 0.97359997
vn -0.177900001 -0.115000002 0.977299988
vn -0.177499995 -0.117700003 0.977100015
vn -0.194600001 -0.117200002 0.973800004
vn -0.184100002 -0.122900002 0.975199997
vn -0.189300001 -0.121699996 0.974300027
vn -0.194900006 -0.125699997 0.9727
vn -0.199100003 -0.1197 0.972599983
vn -0.178499997 -0.117399998 0.976899981
vn -0.201299995 -0.134900004 0.970200002
vn -0.200299993 -0.158099994 0.966899991
vn -0.174700007 -0.157800004 0.971899986
vn -0.178000003 -0.132699996 0.975000024
vn -0.199399993 -0.138799995 0.970000029
vn -0.199699998 -0.157000005 0.967199981
vn -0.0174000002 -0.191200003 0.981400013
vn -0.0193000007 -0.182600006 0.98299998
vn -0.0118000004 -0.180199996 0.98360002
vn -0.0092000002 -0.187700003 0.982200027
vn 0.0201999992 -0.461299986 0.887000024
vn 0.0243999995 -0.469599992 0.882499993
vn 0.0449000001 -0.485500008 0.873099983
vn -0.0168999992 -0.203099996 0.978999972
vn -0.0203000009 -0.187800005 0.981999993
vn 0.1347 -0.0027999999 0.99089998
vn 0.117600001 0.0649000034 0.99089998
vn 0.0913999975 0.0856999978 0.9921
vn 0.102600001 -0.00410000002 0.994700015
vn 0.101800002 -0.0197000001 0.994599998
vn 0.142199993 -0.0190999992 0.989600003
vn 0.215700001 -0.0346000008 0.975799978
vn 0.195800006 -0.0234999992 0.980300009
vn 0.158099994 0.0208999999 0.987200022
vn 0.255800009 -0.0653000027 0.96450001
vn 0.195899993 -0.0485999994 0.979399979
vn 0.28459999 -0.0688999966 0.956099987
vn 0.282400012 -0.110600002 0.952799976
vn 0.255499989 -0.112400003 0.960200012
vn 0.193100005 -0.1162 0.97420001
vn 0.0504000001 -0.190200001 0.980400026
vn 0.0507999994 -0.0551999994 0.997200012
vn 0.0366999991 -0.0720999986 0.996699989
vn 0.0373000018 -0.252400011 0.966899991
vn 0.0377999991 -0.371899992 0.92750001
vn 0.0496000014 -0.269699991 0.961600006
vn 0.063699998 -0.129899994 0.989499986
vn 0.0666999966 -0.0956000015 0.993200004
vn 0.0667999983 -0.0329000019 0.997200012
vn 0.0119000003 -0.32159999 0.946799994
vn 0.00899999961 -0.0879999995 0.996100008
vn 0.00800000038 -0.0921000019 0.995700002
vn 0.0114000002 -0.351999998 0.935899973
vn 0.0127999997 -0.513400018 0.85799998
vn 0.0129000004 -0.467700005 0.88380003
vn 0.0178999994 -0.425999999 0.904500008
vn 0.0163000003 -0.292400002 0.956099987
vn 0.0131999999 -0.0842000023 0.996299982
vn 0.0261000004 -0.274899989 0.961099982
vn 0.0280000009 -0.403299987 0.914600015
vn 0.0377999991 -0.371899992 0.92750001
vn 0.0373000018 -0.252400011 0.966899991
vn 0.0366999991 -0.0720999986 0.996699989
vn 0.023 -0.0807999969 0.996500015
vn 0.0131999999 -0.0842000023 0.996299982
vn 0.0163000003 -0.292400002 0.956099987
vn 0.0178999994 -0.425999999 0.904500008
vn 0.00949999969 -0.372799993 0.927900016
vn 0.0113000004 -0.544499993 0.83859998
vn 0.00620000018 -0.0967999995 0.995299995
vn 0.00200000009 -0.108199999 0.994099975
vn 0.00389999989 -0.394899994 0.91869998
vn 0.0055999998 -0.573000014 0.819500029
vn 0.00829999987 -0.56129998 0.827600002
vn 0.00540000014 -0.316599995 0.948499978
vn 0.00230000005 -0.331900001 0.943300009
vn 0.00650000013 -0.567200005 0.823499978
vn 0.00989999995 -0.684300005 0.729099989
vn 0.0104 -0.68870002 0.724900007
vn 0.0111999996 -0.675999999 0.736800015
vn 0.00960000046 -0.54460001 0.83859998
vn 0.00719999988 -0.298799992 0.954299986
vn 0.00810000021 -0.529200017 0.848399997
vn 0.00389999989 -0.262699991 0.9648
vn 0.0055999998 -0.270300001 0.962700009
vn 0.00889999978 -0.528999984 0.848500013
vn 0.0113000004 -0.674199998 0.738499999
vn 0.0108000003 -0.680599988 0.732500017
vn 0.0126 -0.690500021 0.723200023
vn 0.0092000002 -0.533200026 0.845899999
vn 0.00449999981 -0.255699992 0.966700017
vn 0.0102000004 -0.538200021 0.842700005
vn 0.00520000001 -0.243799999 0.969799995
vn 0.0142000001 -0.704200029 0.709800005
vn 0.0120999999 -0.710399985 0.703700006
vn 0.00820000004 -0.534399986 0.845099986
vn 0.00380000006 -0.223900005 0.974600017
vn 0.00490000006 -0.512799978 0.858500004
vn 0.00150000001 -0.195700005 0.980700016
vn 0.00810000021 -0.696200013 0.717700005
vn 0.00410000002 -0.660399973 0.750899971
vn 0.00170000002 -0.474900007 0.879999995
vn -0.000300000014 -0.162699997 0.986699998
vn 0.00039999999 -0.430799991 0.902400017
vn -0.00079999998 -0.131200001 0.991299987
vn -0.000300000014 -0.162699997 0.986699998
vn 0.00170000002 -0.474900007 0.879999995
vn 0.00410000002 -0.660399973 0.750899971
vn 0.00230000005 -0.613900006 0.789300025
vn 0.00999999978 -0.532899976 0.846099973
vn 0.0120000001 -0.670300007 0.741999984
vn 0.0113000004 -0.674199998 0.738499999
vn 0.00889999978 -0.528999984 0.848500013
vn 0.0055999998 -0.270300001 0.962700009
vn 0.0074 -0.282400012 0.959200025
vn 0.00719999988 -0.298799992 0.954299986
vn 0.00960000046 -0.54460001 0.83859998
vn 0.0111999996 -0.675999999 0.736800015
vn 0.0428000018 -0.595799983 0.801900029
vn 0.0243999995 -0.469599992 0.882499993
vn 0.0201999992 -0.461299986 0.887000024
vn 0.0297999997 -0.5722 0.819599986
vn 0.00639999984 -0.345999986 0.938199997
vn 0.0116999997 -0.372299999 0.927999973
vn 0.0335000008 -0.412900001 0.910099983
vn 0.0719999969 -0.623000026 0.778900027
vn 0.0449000001 -0.485500008 0.873099983
vn 0.0834999979 -0.0305000003 0.995999992
vn 0.102600001 -0.00410000002 0.994700015
vn 0.0832000002 0.00620000018 0.996500015
vn 0.0793000013 -0.0445000008 0.995800018
vn 0.101800002 -0.0197000001 0.994599998
vn -0.0136000002 -0.2139 0.976700008
vn -0.0211999994 -0.207399994 0.977999985
vn -0.0203000009 -0.187800005 0.981999993
vn -0.0168999992 -0.203099996 0.978999972
vn 0.0449000001 -0.485500008 0.873099983
vn 0.0175999999 -0.461100012 0.887099981
vn -0.0929000005 -0.188299999 0.977699995
vn 0.00829999987 -0.533699989 0.845600009
vn 0.00079999998 -0.340999991 0.939999998
vn 0.00380000006 -0.342999995 0.939300001
vn 0.0104 -0.49939999 0.866299987
vn 0.0157999992 -0.526199996 0.850199997
vn 0.0148 -0.611000001 0.791499972
vn -0.0432999991 -0.0964000002 0.994400024
vn -0.135700002 0.327100009 0.935199976
vn -0.0700000003 0.277700007 0.958100021
vn -0.0296 -0.122900002 0.991900027
vn -0.0665000007 -0.140300006 0.987900019
vn -0.0808999985 -0.120399997 0.989400029
vn -0.104400001 -0.114699997 0.987900019
vn -0.065200001 -0.0918999985 0.993600011
vn -0.235699996 0.335200012 0.912199974
vn -0.153799996 -0.135399997 0.978799999
vn -0.147 -0.151500002 0.977400005
vn -0.160699993 -0.126499996 0.978900015
vn -0.164299995 -0.127299994 0.978100002
vn -0.189300001 -0.121699996 0.974300027
vn -0.162499994 -0.132400006 0.977800012
vn -0.135800004 -0.137899995 0.981100023
vn -0.124399997 -0.1237 0.984499991
vn -0.104400001 -0.114699997 0.987900019
vn -0.160699993 -0.126499996 0.978900015
vn -0.194900006 -0.125699997 0.9727
vn -0.0910999998 -0.111500002 0.989600003
vn -0.105599999 -0.145099998 0.983699977
vn -0.272599995 0.0782999992 0.958899975
vn -0.065200001 -0.0918999985 0.993600011
vn -0.00150000001 -0.145799994 0.989300013
vn -0.0245999992 0.270999998 0.962199986
vn -0.00499999989 0.280800015 0.959699988
vn 0.0057000001 -0.158800006 0.987299979
vn -0.000600000028 -0.158800006 0.987299979
vn -0.00719999988 -0.147300005 0.989000022
vn -0.0137999998 -0.141800001 0.989799976
vn -0.0131000001 -0.138899997 0.990199983
vn -0.0700000003 0.277700007 0.958100021
vn -0.00949999969 -0.147300005 0.989000022
vn -0.0037 -0.158800006 0.987299979
vn -0.00430000015 -0.158800006 0.987299979
vn -0.00999999978 -0.147400007 0.989000022
vn -0.0142000001 -0.141800001 0.989799976
vn -0.0141000003 -0.141800001 0.989799976
vn 0.110699996 -0.143600002 0.983399987
vn 0.105499998 -0.144299999 0.983900011
vn 0.287299991 -0.115699999 0.950800002
vn 0.317099988 -0.1105 0.941900015
vn 0.318399996 -0.110299997 0.941500008
vn 0.111299999 -0.143399999 0.983399987
vn 0.0857999995 -0.147400007 0.985300004
vn 0.0851999968 -0.147499993 0.985400021
vn 0.0851000026 -0.147499993 0.985400021
vn 0.110399999 -0.142900005 0.98360002
vn 0.319000006 -0.111500002 0.941100001
vn 0.313699991 -0.118100002 0.942099988
vn 0.1017 -0.140799999 0.984799981
vn 0.0747999996 -0.139300004 0.987399995
vn 0.0844999999 -0.145799994 0.985700011
vn -0.0278999992 -0.162499994 0.986299992
vn -0.0388999991 -0.163800001 0.985700011
vn -0.0285 -0.162499994 0.986299992
vn -0.165000007 -0.176400006 0.970399976
vn -0.162900001 -0.176200002 0.970799983
vn -0.161400005 -0.176100001 0.971000016
vn -0.0311999992 -0.1602 0.986599982
vn -0.0395999998 -0.148499995 0.988099992
vn -0.174700007 -0.157800004 0.971899986
vn -0.169499993 -0.173199996 0.970200002
vn 0.00100000005 -0.193499997 0.981100023
vn 0.000199999995 -0.1928 0.98119998
vn -0.156200007 -0.191799998 0.968900025
vn -0.146599993 -0.189600006 0.970799983
vn -0.131400004 -0.189300001 0.973100007
vn 0.00419999985 -0.193399996 0.981100023
vn 0.0156999994 -0.194499999 0.980700016
vn 0.0147000002 -0.194199994 0.980799973
vn 0.0156999994 -0.191300005 0.981400013
vn 0.00639999984 -0.190400004 0.981700003
vn -0.122900002 -0.186700001 0.974699974
vn -0.1215 -0.183899999 0.975399971
vn 0.00710000005 -0.187700003 0.982200027
vn 0.0170000009 -0.189600006 0.981700003
vn 0.0166999996 -0.192000002 0.98119998
vn 0.0198999997 -0.193599999 0.98089999
vn 0.0364999995 -0.187399998 0.981599987
vn 0.0137999998 -0.194600001 0.980799973
vn 0.0186000001 -0.193000004 0.981000006
vn 0.0270000007 -0.191699997 0.981100023
vn 0.0480999984 -0.174500003 0.983500004
vn 0.0122999996 -0.1928 0.981100023
vn 0.0120999999 -0.191300005 0.981400013
vn 0.0142000001 -0.191400006 0.981400013
vn 0.0149999997 -0.192100003 0.98119998
vn -0.187000006 -0.174899995 0.966600001
vn -0.186299995 -0.174999997 0.966799974
vn -0.161400005 -0.176100001 0.971000016
vn -0.162900001 -0.176200002 0.970799983
vn -0.165000007 -0.176400006 0.970399976
vn -0.189899996 -0.175099999 0.966000021
vn -0.189600006 -0.170100003 0.967000008
vn -0.1866 -0.170000002 0.967599988
vn -0.186100006 -0.170000002 0.967700005
vn -0.195299998 -0.172199994 0.965499997
vn -0.169499993 -0.173199996 0.970200002
vn -0.174700007 -0.157800004 0.971899986
vn -0.200299993 -0.158099994 0.966899991
vn -0.199699998 -0.157000005 0.967199981
vn -0.195099995 -0.167899996 0.966300011
vn -0.00529999984 -0.168799996 0.985599995
vn -0.0148999998 0.194299996 0.980799973
vn -0.0186999999 0.182300001 0.983099997
vn -0.00749999983 -0.1655 0.986199975
vn -0.00300000003 -0.165199995 0.986199975
vn -0.000899999985 -0.168500006 0.985700011
vn 0 -0.172299996 0.985000014
vn -0.00419999985 -0.172600001 0.985000014
vn -0.0124000004 0.204699993 0.978699982
vn 0.00109999999 -0.168400005 0.985700011
vn -0.000899999985 -0.165000007 0.986299992
vn -0.00039999999 -0.165099993 0.986299992
vn 0.00159999996 -0.168400005 0.985700011
vn 0.00249999994 -0.172199994 0.985000014
vn 0.00200000009 -0.172199994 0.985000014
vn -0.000699999975 -0.176899999 0.984200001
vn -0.0092000002 0.211300001 0.977400005
vn 0.0037 -0.176599994 0.984300017
vn 0.0118000004 -0.182099998 0.983200014
vn 0.00669999979 -0.182400003 0.983200014
vn -0.00439999998 0.217500001 0.976000011
vn 0.00590000022 -0.176499993 0.984300017
vn 0.00639999984 -0.176499993 0.984300017
vn 0.0149999997 -0.181999996 0.983200014
vn 0.0142999999 -0.181999996 0.983200014
vn 0.0138999997 -0.189199999 0.98180002
vn 0.00620000018 0.292800009 0.956099987
vn 0.00289999996 0.287600011 0.957700014
vn 0.0116999997 -0.196700007 0.980400026
vn 0.00800000038 -0.196700007 0.980400026
vn 0.00989999995 -0.189199999 0.981899977
vn 0.00829999987 -0.180700004 0.983500004
vn 0.0131000001 -0.180700004 0.983399987
vn 0.00540000014 0.294099987 0.95569998
vn 0.00789999962 -0.189199999 0.981899977
vn 0.00620000018 -0.196600005 0.980400026
vn 0.00579999993 -0.196600005 0.980400026
vn 0.00749999983 -0.189199999 0.981899977
vn 0.00549999997 -0.180700004 0.983500004
vn 0.00600000005 -0.180600002 0.983500004
vn 0.00999999978 -0.170599997 0.985300004
vn 0.00139999995 0.289499998 0.957199991
vn 0.00439999998 -0.170499995 0.985300004
vn -0.000600000028 -0.158800006 0.987299979
vn 0.0057000001 -0.158800006 0.987299979
vn -0.00499999989 0.280800015 0.959699988
vn 0.00170000002 -0.170499995 0.985300004
vn 0.00109999999 -0.170599997 0.985300004
vn -0.00430000015 -0.158800006 0.987299979
vn -0.0037 -0.158800006 0.987299979
vn 0.0152000003 -0.209900007 0.977599978
vn 0.00270000007 0.233899996 0.972199976
vn 0.00100000005 0.232199997 0.9727
vn 0.0148999998 -0.200000003 0.979600012
vn 0.0208999999 -0.199699998 0.979600012
vn 0.0200999994 -0.209700003 0.977500021
vn 0.0160000008 -0.215499997 0.976400018
vn 0.0148999998 -0.215499997 0.976400018
vn 0.00590000022 0.235799998 0.971800029
vn 0.0225000009 -0.209600002 0.977500021
vn 0.0238000005 -0.199499995 0.979600012
vn 0.0244999994 -0.199699998 0.979600012
vn 0.023 -0.209600002 0.977500021
vn 0.0165999997 -0.215399995 0.976300001
vn 0.0164999999 -0.215399995 0.976300001
vn 0.0141000003 -0.214599997 0.976599991
vn 0.0074 0.242300004 0.970200002
vn 0.0118000004 -0.214699998 0.976599991
vn 0.0111999996 -0.211199999 0.977400005
vn 0.0129000004 -0.211199999 0.977400005
vn 0.00419999985 0.252000004 0.967700005
vn 0.0108000003 -0.214699998 0.976599991
vn 0.0104999999 -0.214699998 0.976599991
vn 0.0102000004 -0.211199999 0.977400005
vn 0.0103000002 -0.211199999 0.977400005
vn 0.0115 -0.209199995 0.977800012
vn 9.99999975e-05 0.262300014 0.964999974
vn 0.0109999999 -0.209199995 0.977800012
vn 0.00829999987 -0.207399994 0.978200018
vn 0.00980000012 -0.207399994 0.978200018
vn -0.00159999996 0.272000015 0.962300003
vn 0.0108000003 -0.209199995 0.977800012
vn 0.0108000003 -0.209199995 0.977800012
vn 0.0074 -0.207499996 0.978200018
vn 0.00760000013 -0.207499996 0.978200018
vn 0.0127999997 -0.190200001 0.981700003
vn -0.000600000028 0.225899994 0.97420001
vn 0.0185000002 -0.189799994 0.981599987
vn 0.0208999999 -0.199699998 0.979600012
vn 0.0148999998 -0.200000003 0.979600012
vn 0.00100000005 0.232199997 0.9727
vn 0.0212999992 -0.189600006 0.981599987
vn 0.0219999999 -0.189700007 0.981599987
vn 0.0244999994 -0.199699998 0.979600012
vn 0.0238000005 -0.199499995 0.979600012
vn 0.0126999998 -0.155100003 0.987800002
vn 0.0129000004 -0.155100003 0.987800002
vn 0.00600000005 -0.158399999 0.987299979
vn 0.0057000001 -0.158299997 0.987399995
vn 0.0037 -0.158500001 0.987299979
vn 0.0114000002 -0.155200005 0.987800002
vn 0.0186000001 -0.153899997 0.987900019
vn 0.0183000006 -0.153899997 0.987900019
vn 0.0182000007 -0.153899997 0.987900019
vn 0.00860000029 -0.155399993 0.987800002
vn -0.00039999999 -0.158800006 0.987299979
vn -0.0103000002 0.150399998 0.988600016
vn 0.00289999996 0.121799998 0.992500007
vn 0.0195000004 0.0891000032 0.995800018
vn 0.0193000007 -0.153899997 0.987900019
vn 0.0232999995 -0.156399995 0.987399995
vn 0.0228000004 -0.156399995 0.987399995
vn 0.0259000007 -0.156299993 0.987399995
vn 0.0331999995 -0.162900001 0.986100018
vn 0.0281000007 -0.163000003 0.986199975
vn 0.0270000007 -0.163000003 0.986199975
vn 0.0313000008 -0.156100005 0.987200022
vn 0.0379000008 0.0599000007 0.997500002
vn 0.0568999983 0.0342999995 0.997799993
vn 0.0439999998 -0.162699997 0.985700011
vn 0.0518000014 -0.172399998 0.98360002
vn 0.0709000006 0.00579999993 0.997399986
vn 0.0703999996 -0.0384999998 0.996800005
vn 0.0458000004 -0.182099998 0.982200027
vn 0.0331999995 -0.182300001 0.98269999
vn 0.0373999998 -0.172600001 0.984300017
vn 0.0331999995 -0.162900001 0.986100018
vn 0.0439999998 -0.162699997 0.985700011
vn 0.0306000002 -0.172700003 0.984499991
vn 0.0271000005 -0.182300001 0.982800007
vn 0.0256999992 -0.182300001 0.982900023
vn 0.0291000009 -0.172700003 0.984499991
vn 0.0270000007 -0.163000003 0.986199975
vn 0.0281000007 -0.163000003 0.986199975
vn 0.00480000023 -0.203099996 0.979099989
vn 0.00449999981 -0.203099996 0.979099989
vn 0.00579999993 -0.196600005 0.980400026
vn 0.00620000018 -0.196600005 0.980400026
vn 0.00800000038 -0.196700007 0.980400026
vn 0.00620000018 -0.203099996 0.979099989
vn 0.00829999987 -0.207399994 0.978200018
vn 0.00760000013 -0.207499996 0.978200018
vn 0.0074 -0.207499996 0.978200018
vn 0.0092000002 -0.203099996 0.979099989
vn 0.0116999997 -0.196700007 0.980400026
vn 0.00289999996 0.287600011 0.957700014
vn -0.00079999998 0.280499995 0.959800005
vn -0.00159999996 0.272000015 0.962300003
vn 0.00980000012 -0.207399994 0.978200018
vn -0.000300000014 -0.161799997 0.986800015
vn 9.99999975e-05 -0.161899999 0.986800015
vn -0.000899999985 -0.165000007 0.986299992
vn -0.00300000003 -0.165199995 0.986199975
vn -0.00240000011 -0.162 0.986800015
vn 0.0037 -0.158500001 0.987299979
vn 0.0057000001 -0.158299997 0.987399995
vn 0.00600000005 -0.158399999 0.987299979
vn -0.00689999992 -0.162300006 0.986699998
vn -0.00749999983 -0.1655 0.986199975
vn -0.0186999999 0.182300001 0.983099997
vn -0.0186999999 0.169300005 0.985400021
vn -0.00039999999 -0.158800006 0.987299979
vn 0.0326999985 -0.188500002 0.98150003
vn 0.0566000007 -0.103500001 0.992999971
vn 0.0480999984 -0.174500003 0.983500004
vn 0.0270000007 -0.191699997 0.981100023
vn 0.0186000001 -0.193000004 0.981000006
vn 0.0252999999 -0.189199999 0.981599987
vn 0.0331999995 -0.182300001 0.98269999
vn 0.0458000004 -0.182099998 0.982200027
vn 0.0703999996 -0.0384999998 0.996800005
vn 0.0209999997 -0.188899994 0.981700003
vn 0.0149999997 -0.192100003 0.98119998
vn 0.0142000001 -0.191400006 0.981400013
vn 0.0199999996 -0.188700005 0.98180002
vn 0.0256999992 -0.182300001 0.982900023
vn 0.0271000005 -0.182300001 0.982800007
vn -0.0221999995 -0.145199999 0.989099979
vn -0.0219999999 -0.145199999 0.989099979
vn -0.0560000017 -0.153799996 0.986500025
vn -0.0560999997 -0.153799996 0.986500025
vn -0.057599999 -0.153799996 0.986400008
vn -0.0232999995 -0.145199999 0.989099979
vn -0.0137999998 -0.141800001 0.989799976
vn -0.0141000003 -0.141800001 0.989799976
vn -0.0142000001 -0.141800001 0.989799976
vn -0.0254999995 -0.142499998 0.989400029
vn -0.0606999993 -0.151700005 0.986500025
vn -0.0665000007 -0.140300006 0.987900019
vn -0.0296 -0.122900002 0.991900027
vn -0.0700000003 0.277700007 0.958100021
vn -0.0131000001 -0.138899997 0.990199983
vn -0.134000003 -0.162900001 0.977500021
vn -0.134599999 -0.163000003 0.977400005
vn -0.186100006 -0.170000002 0.967700005
vn -0.1866 -0.170000002 0.967599988
vn -0.189600006 -0.170100003 0.967000008
vn -0.136399999 -0.163000003 0.977100015
vn -0.141000003 -0.1611 0.976800025
vn -0.195099995 -0.167899996 0.966300011
vn -0.199699998 -0.157000005 0.967199981
vn -0.147 -0.151500002 0.977400005
vn -0.00989999995 -0.152099997 0.988300025
vn -0.00359999994 -0.1708 0.985300004
vn -0.0118000004 -0.180199996 0.98360002
vn -0.0146000003 -0.173800007 0.984600008
vn -0.0167999994 -0.170900002 0.985099971
vn -0.0163000003 -0.142900005 0.989600003
vn -0.0144999996 -0.123400003 0.992200017
vn -0.00579999993 -0.142700002 0.989700019
vn 0.00100000005 -0.177699998 0.984099984
vn -0.0200999994 -0.143099993 0.989499986
vn -0.0181000009 -0.170000002 0.985300004
vn -0.0176999997 -0.173099995 0.984700024
vn -0.0207000002 -0.1514 0.988300025
vn -0.0222999994 -0.125699997 0.99180001
vn -0.0197000001 -0.119400002 0.992600024
vn -0.0737000033 -0.132699996 0.988399982
vn -0.0720999986 -0.126000002 0.989400029
vn 0.0173000004 -0.1329 0.990999997
vn 0.0143999998 -0.141100004 0.989899993
vn 0.0120999999 -0.144099995 0.989499986
vn -0.075000003 -0.135299996 0.987900019
vn -0.178299993 -0.1241 0.976100028
vn -0.1778 -0.122299999 0.976400018
vn -0.177499995 -0.117700003 0.977100015
vn -0.0759999976 -0.135199994 0.987900019
vn 0.0105999997 -0.143999994 0.989499986
vn 0.0103000002 -0.143999994 0.989499986
vn -0.0706999972 -0.135700002 0.988200009
vn -0.177399993 -0.124200001 0.976300001
vn -0.1787 -0.123999998 0.976000011
vn 0.0408000015 -0.148900002 0.987999976
vn 0.0421999991 -0.149100006 0.987900019
vn 0.0421000011 -0.149000004 0.987900019
vn 0.270300001 -0.167500004 0.948099971
vn 0.268999994 -0.167500004 0.948499978
vn 0.277200013 -0.167899996 0.94599998
vn 0.0443000011 -0.145699993 0.988300025
vn 0.0467999987 -0.136800006 0.989499986
vn 0.274500012 -0.150099993 0.949800014
vn 0.272000015 -0.162799999 0.948400021
vn -0.193599999 -0.122000001 0.973399997
vn -0.193900004 -0.122000001 0.973399997
vn -0.176599994 -0.127900004 0.975899994
vn -0.175500005 -0.128399998 0.976000011
vn -0.177000001 -0.128099993 0.975799978
vn -0.193599999 -0.122000001 0.973399997
vn -0.178299993 -0.1241 0.976100028
vn -0.1787 -0.123999998 0.976000011
vn -0.177399993 -0.124200001 0.976300001
vn -0.193800002 -0.1206 0.97359997
vn -0.179900005 -0.126499996 0.975499988
vn -0.184100002 -0.122900002 0.975199997
vn -0.194600001 -0.117200002 0.973800004
vn -0.177499995 -0.117700003 0.977100015
vn -0.1778 -0.122299999 0.976400018
vn -0.0197000001 -0.177000001 0.984000027
vn -0.0193000007 -0.182600006 0.98299998
vn -0.0203000009 -0.187800005 0.981999993
vn -0.0234999992 -0.180500001 0.983299971
vn -0.0265999995 -0.178299993 0.98360002
vn -0.0193000007 -0.175699994 0.984300017
vn -0.0167999994 -0.170900002 0.985099971
vn -0.0146000003 -0.173800007 0.984600008
vn -0.0118000004 -0.180199996 0.98360002
vn -0.0189999994 -0.175799996 0.984200001
vn -0.0285999998 -0.177599996 0.983699977
vn -0.0310999993 -0.178299993 0.983500004
vn -0.0196000002 -0.175099999 0.984300017
vn -0.0176999997 -0.173099995 0.984700024
vn -0.0181000009 -0.170000002 0.985300004
vn -0.0449000001 -0.194999993 0.979799986
vn -0.0483000018 -0.197500005 0.979099989
vn -0.0310999993 -0.178299993 0.983500004
vn -0.0285999998 -0.177599996 0.983699977
vn -0.0265999995 -0.178299993 0.98360002
vn -0.0403999984 -0.196500003 0.979600012
vn -0.0658999979 -0.208299994 0.975799978
vn -0.0666999966 -0.208000004 0.975799978
vn -0.0697000027 -0.208100006 0.975600004
vn -0.0322999991 -0.202299997 0.978799999
vn -0.0234999992 -0.180500001 0.983299971
vn -0.0203000009 -0.187800005 0.981999993
vn -0.0211999994 -0.207399994 0.977999985
vn -0.0929000005 -0.188299999 0.977699995
vn -0.0678000003 -0.197300002 0.977999985
vn -0.0969000012 -0.193299994 0.976300001
vn -0.0988000035 -0.190699995 0.976599991
vn -0.101300001 -0.192100003 0.976100028
vn -0.130099997 -0.164700001 0.977699995
vn -0.124899998 -0.165900007 0.978200018
vn -0.124899998 -0.164499998 0.978399992
vn -0.107000001 -0.176599994 0.978399992
vn -0.105599999 -0.145099998 0.983699977
vn -0.135800004 -0.137899995 0.981100023
vn -0.136199996 -0.155499995 0.978399992
vn -0.148200005 -0.143700004 0.978399992
vn -0.148699999 -0.142800003 0.978500009
vn -0.151700005 -0.143099993 0.977999985
vn -0.177000001 -0.128099993 0.975799978
vn -0.175500005 -0.128399998 0.976000011
vn -0.176599994 -0.127900004 0.975899994
vn -0.157199994 -0.139599994 0.977599978
vn -0.162499994 -0.132400006 0.977800012
vn -0.184100002 -0.122900002 0.975199997
vn -0.179900005 -0.126499996 0.975499988
vn 0.859600008 -0.0381000005 0.50940001
vn 0.299899995 -0.128299996 0.945200026
vn 0.862600029 0.000600000028 0.505800009
vn 0.995500028 0.0948000029 0
vn 0.998700023 0.0494999997 0
vn 1 -0.00270000007 0
vn 0.854900002 -0.0775000006 0.512899995
vn 0.285299987 -0.134200007 0.949000001
vn 0.852199972 -0.1087 0.511799991
vn 0.2773 -0.138600007 0.950699985
vn 0.854900002 -0.0775000006 0.512899995
vn 1 -0.00270000007 0
vn 0.998899996 -0.0460000001 0
vn 0.997099996 -0.0754000023 0
vn 0.850799978 -0.134399995 0.508000016
vn 0.274500012 -0.150099993 0.949800014
vn 0.861699998 0.0266999993 0.506699979
vn 0.287299991 -0.115699999 0.950800002
vn 0.85589999 0.0243999995 0.516600013
vn 0.992299974 0.123400003 0
vn 0.992299974 0.123400003 0
vn 0.992299974 0.123400003 0
vn 0.862200022 0.0269000009 0.505800009
vn 0.318399996 -0.110299997 0.941500008
vn 0.862800002 0.0219999999 0.504999995
vn 0.318399996 -0.110299997 0.941500008
vn 0.862200022 0.0269000009 0.505800009
vn 0.992299974 0.123400003 0
vn 0.992999971 0.118000001 0
vn 0.995500028 0.0948000029 0
vn 0.862600029 0.000600000028 0.505800009
vn 0.846400023 -0.160300002 0.507799983
vn 0.268999994 -0.167500004 0.948499978
vn 0.270300001 -0.167500004 0.948099971
vn 0.846800029 -0.160300002 0.507200003
vn 0.995000005 -0.0996999964 0
vn 0.995000005 -0.0996999964 0
vn 0.995000005 -0.0996999964 0
vn 0.833899975 -0.162 0.527499974
vn 0.277200013 -0.167899996 0.94599998
vn 0.848100007 -0.153300002 0.507200003
vn 0.272000015 -0.162799999 0.948400021
vn 0.274500012 -0.150099993 0.949800014
vn 0.850799978 -0.134399995 0.508000016
vn 0.997099996 -0.0754000023 0
vn 0.995700002 -0.0930000022 0
vn -0.790099978 -0.149700001 0.594399989
vn -0.147599995 -0.151700005 0.977299988
vn -0.778199971 -0.151700005 0.609499991
vn -0.995800018 -0.0908000022 0
vn -0.996500015 -0.0839999989 -0.00079999998
vn -0.998300016 -0.0579999983 -0.0046000001
vn -0.789600015 -0.145500004 0.596000016
vn -0.143000007 -0.169 0.975199997
vn -0.80250001 -0.129999995 0.582300007
vn -0.143000007 -0.169 0.975199997
vn -0.789600015 -0.145500004 0.596000016
vn -0.998300016 -0.0579999983 -0.0046000001
vn -0.99970001 -0.0194000006 -0.0111999996
vn -0.999899983 0.00319999992 -0.0144999996
vn -0.81190002 -0.113300003 0.572700024
vn -0.156200007 -0.191799998 0.968900025
vn -0.787199974 -0.111699998 0.60650003
vn -0.131400004 -0.189300001 0.973100007
vn -0.79339999 -0.112400003 0.598200023
vn -1 0.00590000022 -0.00430000015
vn -1 0.00590000022 -0.000699999975
vn -1 0.00630000001 0
vn -0.816200018 -0.1021 0.568700016
vn -0.1215 -0.183899999 0.975399971
vn -0.804700017 -0.110600002 0.583199978
vn -0.156200007 -0.191799998 0.968900025
vn -0.81190002 -0.113300003 0.572700024
vn -0.999899983 0.00319999992 -0.0144999996
vn -0.999899983 0.00639999984 -0.0108000003
vn -1 0.00590000022 -0.00430000015
vn -0.79339999 -0.112400003 0.598200023
vn -0.131400004 -0.189300001 0.973100007
vn 0.998700023 0.0494999997 0
vn 0.995500028 0.0948000029 0
vn 0.995299995 0.0964000002 0
vn 0.998600006 0.0520000011 0
vn 1 -0.000600000028 0
vn 1 -0.00270000007 0
vn 0.998899996 -0.0460000001 0
vn 1 -0.00270000007 0
vn 1 -0.000600000028 0
vn 0.999000013 -0.0445999987 0
vn 0.997200012 -0.074500002 0
vn 0.997099996 -0.0754000023 0
vn 0.992299974 0.123400003 0
vn 0.992299974 0.123400003 0
vn 0.992299974 0.123300001 0
vn 0.992299974 0.123400003 0
vn 0.992299974 0.123400003 0
vn 0.992299974 0.123400003 0
vn 0.992999971 0.118000001 0
vn 0.992299974 0.123400003 0
vn 0.992299974 0.123400003 0
vn 0.992999971 0.118500002 0
vn 0.995299995 0.0964000002 0
vn 0.995500028 0.0948000029 0
vn 0.995000005 -0.0996999964 0
vn 0.995000005 -0.0996999964 0
vn 0.995000005 -0.0996999964 0
vn 0.995000005 -0.0996999964 0
vn 0.995000005 -0.0996999964 0
vn 0.995000005 -0.0996999964 0
vn 0.995700002 -0.0930000022 0
vn 0.997099996 -0.0754000023 0
vn 0.997200012 -0.074500002 0
vn 0.995700002 -0.0923999995 0
vn -0.996399999 -0.0843999982 -9.99999975e-05
vn -0.995800018 -0.0908000022 0
vn -0.995800018 -0.0908000022 0
vn -0.996399999 -0.0843999982 0
vn -0.998099983 -0.0604999997 0
vn -0.998199999 -0.0601000004 -0.000600000028
vn -0.996399999 -0.0843999982 0
vn -0.995800018 -0.0908000022 0
vn -0.995800018 -0.0908000022 0
vn -0.996500015 -0.0838999972 0
vn -0.998300016 -0.0588000007 0
vn -0.998099983 -0.0604999997 0
vn -0.99970001 -0.0227000006 -0.00159999996
vn -0.998199999 -0.0601000004 -0.000600000028
vn -0.998099983 -0.0604999997 0
vn -0.99970001 -0.0232999995 -0
vn -1 0.000199999995 -9.99999975e-05
vn -1 0.000600000028 -0.00200000009
vn -0.99970001 -0.0232999995 -0
vn -0.998099983 -0.0604999997 0
vn -0.998300016 -0.0588000007 0
vn -0.999800026 -0.0209999997 0
vn -1 0.000699999975 -0
vn -1 0.000199999995 -0
vn -1 0.00609999988 -9.99999975e-05
vn -1 0.00590000022 -0.000600000028
vn -1 0.00600000005 0
vn -1 0.00609999988 0
vn -1 0.00620000018 0
vn -1 0.00620000018 0
vn -1 0.00609999988 0
vn -1 0.00600000005 0
vn -1 0.00600000005 0
vn -1 0.00609999988 0
vn -1 0.00630000001 0
vn -1 0.00630000001 0
vn -1 0.00520000001 -0.00150000001
vn -1 0.000600000028 -0.00200000009
vn -1 0.000199999995 -9.99999975e-05
vn -1 0.00510000018 -0
vn -1 0.00600000005 0
vn -1 0.00590000022 -0.000600000028
vn -1 0.00510000018 -0
vn -1 0.000199999995 -0
vn -1 0.000699999975 -0
vn -1 0.00520000001 -0
vn -1 0.00600000005 0
vn -1 0.00600000005 0
vn 0.0631000027 -0.616100013 -0.785099983
vn -0.256300002 -0.261400014 -0.930499971
vn -0.118500002 -0.270700008 -0.955299973
vn 0.0214000009 -0.424100012 -0.905399978
vn 0.0335000008 -0.412900001 -0.910099983
vn 0.0719999969 -0.623000026 -0.778900027
vn 0.0449000001 -0.485500008 -0.873099983
vn 0.0175999999 -0.461100012 -0.887099981
vn -0.0929000005 -0.188299999 -0.977699995
vn -0.00620000018 -0.164000005 -0.986400008
vn 0.00669999979 -0.34040001 -0.940199971
vn 0.00639999984 -0.345999986 -0.938199997
vn -0.0131999999 -0.166700006 -0.985899985
vn -0.0518000014 0.114600003 -0.991999984
vn -0.0238000005 0.1184 -0.992699981
vn -0.00960000046 0.137999997 -0.990400016
vn -0.00270000007 -0.161699995 -0.986800015
vn 0.00380000006 -0.342999995 -0.939300001
vn -0.0443000011 0.495599985 -0.867399991
vn -0.0245999992 0.270999998 -0.962199986
vn -0.00499999989 0.280800015 -0.959699988
vn -0.0167999994 0.516900003 -0.85589999
vn -0.00960000046 0.137999997 -0.990400016
vn -0.0238000005 0.1184 -0.992699981
vn -0.0518000014 0.114600003 -0.991999984
vn -0.103500001 0.499000013 -0.860400021
vn -0.0700000003 0.277700007 -0.958100021
vn -0.000199999995 -0.190599993 -0.981599987
vn 0.0129000004 -0.427100003 -0.904100001
vn 0.0157999992 -0.526199996 -0.850199997
vn 0.00230000005 -0.202500001 -0.979200006
vn 0.00100000005 -0.177699998 -0.984099984
vn -0.00359999994 -0.1708 -0.985300004
vn -0.0118000004 -0.180199996 -0.98360002
vn -0.0092000002 -0.187700003 -0.982200027
vn 0.0201999992 -0.461299986 -0.887000024
vn 0.0183000006 -0.527999997 -0.849099994
vn 0.0129000004 -0.427100003 -0.904100001
vn 0.0201999992 -0.461299986 -0.887000024
vn 0.0297999997 -0.5722 -0.819599986
vn 0.00639999984 -0.345999986 -0.938199997
vn 0.00669999979 -0.34040001 -0.940199971
vn 0.00380000006 -0.342999995 -0.939300001
vn 0.0104 -0.49939999 -0.866299987
vn 0.0157999992 -0.526199996 -0.850199997
vn 0.0683000013 0.0454999991 -0.996599972
vn 0.057599999 0.0375999995 -0.997600019
vn 0.0465999991 0.160999998 -0.985800028
vn 0.066200003 0.1382 -0.988200009
vn 0.0913999975 0.0856999978 -0.9921
vn 0.0832000002 0.00620000018 -0.996500015
vn 0.0667999983 -0.0329000019 -0.997200012
vn 0.0478999987 0.0346999988 -0.998199999
vn 0.0340000018 0.0342000015 -0.99879998
vn 0.0207000002 0.198599994 -0.979799986
vn 0.0366000012 0.177100003 -0.983500004
vn 0.0507999994 -0.0551999994 -0.997200012
vn 0.0366999991 -0.0720999986 -0.996699989
vn 0.00430000015 0.0537 -0.99849999
vn 0.00389999989 0.0606999993 -0.998099983
vn -0.00289999996 0.263300002 -0.964699984
vn -0.00359999994 0.249899998 -0.968299985
vn -0.00340000005 0.233899996 -0.972199976
vn 0.00760000013 0.0450000018 -0.998899996
vn 0.0131999999 -0.0842000023 -0.996299982
vn 0.00899999961 -0.0879999995 -0.996100008
vn 0.00800000038 -0.0921000019 -0.995700002
vn 0.0176999997 0.0373999998 -0.999100029
vn 0.0340000018 0.0342000015 -0.99879998
vn 0.0366999991 -0.0720999986 -0.996699989
vn 0.023 -0.0807999969 -0.996500015
vn 0.0131999999 -0.0842000023 -0.996299982
vn 0.00760000013 0.0450000018 -0.998899996
vn -0.00340000005 0.233899996 -0.972199976
vn 0.00389999989 0.217399999 -0.976100028
vn 0.0207000002 0.198599994 -0.979799986
vn 0.0037 0.0631000027 -0.998000026
vn 0.00620000018 -0.0967999995 -0.995299995
vn 0.00200000009 -0.108199999 -0.994099975
vn 0.00219999999 0.057500001 -0.998300016
vn -0.000699999975 0.277399987 -0.960799992
vn -0.00179999997 0.272599995 -0.962100029
vn -0.00100000005 -0.150800005 -0.988600016
vn 0.00200000009 -0.134599999 -0.99089998
vn 0.00230000005 -0.331900001 -0.943300009
vn 0.00079999998 -0.340999991 -0.939999998
vn 0.00380000006 -0.342999995 -0.939300001
vn -0.00270000007 -0.161699995 -0.986800015
vn -0.00960000046 0.137999997 -0.990400016
vn -0.00400000019 0.165000007 -0.986299992
vn 0.00039999999 0.188700005 -0.981999993
vn 0.00499999989 -0.118299998 -0.992999971
vn 0.00289999996 0.207499996 -0.978200018
vn 0.00270000007 0.219799995 -0.975499988
vn 0.00659999996 -0.1039 -0.994499981
vn 0.00719999988 -0.298799992 -0.954299986
vn 0.00540000014 -0.316599995 -0.948499978
vn 0.00240000011 -0.0763999969 -0.997099996
vn 0.00410000002 -0.0834000036 -0.996500015
vn -0.000899999985 0.2271 -0.973800004
vn -0.00109999999 0.228300005 -0.97359997
vn 0.00249999994 0.2333 -0.97240001
vn 0.00410000002 -0.065700002 -0.997799993
vn 0.00449999981 -0.255699992 -0.966700017
vn 0.00389999989 -0.262699991 -0.9648
vn 0.0055999998 -0.270300001 -0.962700009
vn 0.00600000005 -0.0474999994 -0.99879998
vn 0.0057000001 0.243699998 -0.969799995
vn 0.00400000019 0.255800009 -0.966700017
vn 0.00480000023 -0.0245999992 -0.99970001
vn 0.00380000006 -0.223900005 -0.974600017
vn 0.00520000001 -0.243799999 -0.969799995
vn 0.00260000001 -0.0013 -1
vn 0.000899999985 0.266099989 -0.96390003
vn 0 0.273400009 -0.961899996
vn 0.00139999995 0.0211999994 -0.999800026
vn -0.000300000014 -0.162699997 -0.986699998
vn 0.00150000001 -0.195700005 -0.980700016
vn 0.00120000006 0.0423000008 -0.999100029
vn 0.00139999995 0.0211999994 -0.999800026
vn 0 0.273400009 -0.961899996
vn 0 0.277399987 -0.960699975
vn -0.00079999998 -0.131200001 -0.991299987
vn -0.000300000014 -0.162699997 -0.986699998
vn 0.00639999984 -0.0921000019 -0.995700002
vn 0.00410000002 -0.0834000036 -0.996500015
vn 0.0055999998 -0.270300001 -0.962700009
vn 0.0074 -0.282400012 -0.959200025
vn 0.00719999988 -0.298799992 -0.954299986
vn 0.00659999996 -0.1039 -0.994499981
vn 0.00270000007 0.219799995 -0.975499988
vn 0.00100000005 0.225600004 -0.97420001
vn -0.000899999985 0.2271 -0.973800004
vn -0.0161000006 -0.1831 -0.982900023
vn -0.0131999999 -0.166700006 -0.985899985
vn 0.00639999984 -0.345999986 -0.938199997
vn 0.0116999997 -0.372299999 -0.927999973
vn 0.0335000008 -0.412900001 -0.910099983
vn -0.0103000002 -0.201499999 -0.979399979
vn -0.122000001 0.160300002 -0.979499996
vn -0.0816999972 0.124899998 -0.988799989
vn -0.0518000014 0.114600003 -0.991999984
vn -0.0131000001 -0.211099997 -0.977400005
vn -0.194000006 0.108800001 -0.974900007
vn -0.122000001 0.160300002 -0.979499996
vn -0.0103000002 -0.201499999 -0.979399979
vn 0.0335000008 -0.412900001 -0.910099983
vn 0.0214000009 -0.424100012 -0.905399978
vn 0.0661000013 -0.171100006 -0.98299998
vn 0.114200003 -0.131500006 -0.984700024
vn 0.0480999984 -0.174500003 -0.983500004
vn 0.0364999995 -0.187399998 -0.981599987
vn 0.0156999994 -0.191300005 -0.981400013
vn 0.0188999996 -0.180000007 -0.983500004
vn 0.0189999994 -0.164399996 -0.986199975
vn 0.0988000035 -0.154699996 -0.98299998
vn 0.193100005 -0.1162 -0.97420001
vn 0.00350000011 -0.183300003 -0.98299998
vn -0.150199994 -0.187900007 -0.970600009
vn -0.143000007 -0.169 -0.975199997
vn 0.00430000015 -0.163499996 -0.986500025
vn 0.000199999995 -0.1928 -0.98119998
vn -0.156200007 -0.191799998 -0.968900025
vn -0.00970000029 0.489899993 -0.871699989
vn -0.0116999997 0.474700004 -0.880100012
vn -0.00289999996 0.263300002 -0.964699984
vn -0.00179999997 0.272599995 -0.962100029
vn -0.000699999975 0.277399987 -0.960799992
vn -0.00769999996 0.503899992 -0.863699973
vn -0.00439999998 0.217500001 -0.976000011
vn -0.0092000002 0.211300001 -0.977400005
vn -0.0124000004 0.204699993 -0.978699982
vn -0.0142000001 0.45539999 -0.890100002
vn -0.0148999998 0.194299996 -0.980799973
vn -0.0186999999 0.182300001 -0.983099997
vn -0.0176999997 0.433600008 -0.900900006
vn -0.00340000005 0.233899996 -0.972199976
vn -0.00359999994 0.249899998 -0.968299985
vn -0.00910000037 0.545400023 -0.838100016
vn -0.0167999994 0.516900003 -0.85589999
vn -0.00499999989 0.280800015 -0.959699988
vn 0.00139999995 0.289499998 -0.957199991
vn 0.00540000014 0.294099987 -0.95569998
vn -0.00410000002 0.565599978 -0.824699998
vn 0.00039999999 0.188700005 -0.981999993
vn -0.00400000019 0.165000007 -0.986299992
vn -0.00960000046 0.137999997 -0.990400016
vn -0.00249999994 0.576399982 -0.817099988
vn 0.00620000018 0.292800009 -0.956099987
vn 0.00289999996 0.287600011 -0.957700014
vn -0.00490000006 0.579299986 -0.814999998
vn 0.00270000007 0.219799995 -0.975499988
vn 0.00289999996 0.207499996 -0.978200018
vn -0.00789999962 0.560500026 -0.828100026
vn -0.00939999986 0.569700003 -0.821799994
vn -0.00159999996 0.272000015 -0.962300003
vn 9.99999975e-05 0.262300014 -0.964999974
vn 0.00419999985 0.252000004 -0.967700005
vn -0.00310000009 0.552100003 -0.833700001
vn 0.00249999994 0.2333 -0.97240001
vn -0.00109999999 0.228300005 -0.97359997
vn -0.000899999985 0.2271 -0.973800004
vn 0.000899999985 0.546299994 -0.837499976
vn 0.0074 0.242300004 -0.970200002
vn 0.00590000022 0.235799998 -0.971800029
vn -0.000899999985 0.542500019 -0.84009999
vn 0.00400000019 0.255800009 -0.966700017
vn 0.0057000001 0.243699998 -0.969799995
vn -0.00449999981 0.538699985 -0.842499971
vn 0.00270000007 0.233899996 -0.972199976
vn 0.00100000005 0.232199997 -0.9727
vn -0.00590000022 0.531400025 -0.847100019
vn 0 0.273400009 -0.961899996
vn 0.000899999985 0.266099989 -0.96390003
vn -0.00639999984 0.518700004 -0.854900002
vn -0.00590000022 0.531400025 -0.847100019
vn 0.00100000005 0.232199997 -0.9727
vn -0.000600000028 0.225899994 -0.97420001
vn 0 0.277399987 -0.960699975
vn 0 0.273400009 -0.961899996
vn 0.117200002 -0.0331000015 -0.992600024
vn 0.111199997 0.0797000006 -0.99059999
vn 0.0703999996 -0.0384999998 -0.996800005
vn 0.0566000007 -0.103500001 -0.992999971
vn 0.0480999984 -0.174500003 -0.983500004
vn 0.114200003 -0.131500006 -0.984700024
vn 0.193100005 -0.1162 -0.97420001
vn 0.195899993 -0.0485999994 -0.979399979
vn 0.158099994 0.0208999999 -0.987200022
vn 0.0131000001 0.331099987 -0.943499982
vn -0.00319999992 0.377200007 -0.926100016
vn -0.0103000002 0.150399998 -0.988600016
vn 0.00289999996 0.121799998 -0.992500007
vn 0.0195000004 0.0891000032 -0.995800018
vn 0.0294000003 0.282499999 -0.958800018
vn 0.0465999991 0.160999998 -0.985800028
vn 0.0366000012 0.177100003 -0.983500004
vn 0.0207000002 0.198599994 -0.979799986
vn 0.0505000018 0.236699998 -0.970200002
vn 0.0379000008 0.0599000007 -0.997500002
vn 0.0568999983 0.0342999995 -0.997799993
vn 0.0731000006 0.193000004 -0.978500009
vn 0.0913999975 0.0856999978 -0.9921
vn 0.066200003 0.1382 -0.988200009
vn 0.0926000029 0.149399996 -0.984399974
vn 0.111199997 0.0797000006 -0.99059999
vn 0.158099994 0.0208999999 -0.987200022
vn 0.117600001 0.0649000034 -0.99089998
vn 0.0913999975 0.0856999978 -0.9921
vn 0.0731000006 0.193000004 -0.978500009
vn 0.0568999983 0.0342999995 -0.997799993
vn 0.0709000006 0.00579999993 -0.997399986
vn 0.0703999996 -0.0384999998 -0.996800005
vn -0.00829999987 0.576600015 -0.816900015
vn -0.00939999986 0.569700003 -0.821799994
vn -0.000899999985 0.2271 -0.973800004
vn 0.00100000005 0.225600004 -0.97420001
vn 0.00270000007 0.219799995 -0.975499988
vn -0.00490000006 0.579299986 -0.814999998
vn 0.00289999996 0.287600011 -0.957700014
vn -0.00079999998 0.280499995 -0.959800005
vn -0.00159999996 0.272000015 -0.962300003
vn -0.0156999994 0.40990001 -0.912
vn -0.00319999992 0.377200007 -0.926100016
vn 0.0207000002 0.198599994 -0.979799986
vn 0.00389999989 0.217399999 -0.976100028
vn -0.00340000005 0.233899996 -0.972199976
vn -0.0176999997 0.433600008 -0.900900006
vn -0.0186999999 0.182300001 -0.983099997
vn -0.0186999999 0.169300005 -0.985400021
vn -0.0103000002 0.150399998 -0.988600016
vn -0.173800007 0.532999992 -0.828100026
vn -0.103500001 0.499000013 -0.860400021
vn -0.0518000014 0.114600003 -0.991999984
vn -0.0816999972 0.124899998 -0.988799989
vn -0.122000001 0.160300002 -0.979499996
vn -0.282799989 0.589999974 -0.756200016
vn -0.235699996 0.335200012 -0.912199974
vn -0.135700002 0.327100009 -0.935199976
vn -0.0700000003 0.277700007 -0.958100021
vn -0.390899986 0.378800005 -0.83890003
vn -0.272599995 0.0782999992 -0.958899975
vn -0.235699996 0.335200012 -0.912199974
vn -0.282799989 0.589999974 -0.756200016
vn -0.194000006 0.108800001 -0.974900007
vn 0.0828000009 -0.136800006 -0.987100005
vn 0.1017 -0.140799999 -0.984799981
vn 0.0747999996 -0.139300004 -0.987399995
vn 0.0546999983 -0.129199997 -0.990100026
vn 0.0340000018 -0.124300003 -0.991599977
vn 0.0627000034 -0.132100001 -0.989199996
vn 0.285299987 -0.134200007 -0.949000001
vn 0.299899995 -0.128299996 -0.945200026
vn 0.313699991 -0.118100002 -0.942099988
vn -0.0526000001 -0.129500002 -0.990199983
vn -0.0395999998 -0.148499995 -0.988099992
vn -0.174700007 -0.157800004 -0.971899986
vn -0.178000003 -0.132699996 -0.975000024
vn -0.178499997 -0.117399998 -0.976899981
vn -0.063699998 -0.119499996 -0.990800023
vn 0.0511000007 -0.130600005 -0.990100026
vn 0.0221999995 -0.126100004 -0.99180001
vn 0.0174000002 -0.1329 -0.990999997
vn 0.0467999987 -0.136800006 -0.989499986
vn 0.274500012 -0.150099993 -0.949800014
vn 0.2773 -0.138600007 -0.950699985
vn -0.0697000027 -0.120499998 -0.990199983
vn -0.177900001 -0.115000002 -0.977299988
vn -0.177499995 -0.117700003 -0.977100015
vn -0.0720999986 -0.126000002 -0.989400029
vn 0.124200001 -0.146699995 -0.981299996
vn 0.0988000035 -0.154699996 -0.98299998
vn 0.0189999994 -0.164399996 -0.986199975
vn 0.0120999999 -0.155200005 -0.987800002
vn 0.00680000009 -0.152700007 -0.988200009
vn 0.127700001 -0.144700006 -0.98119998
vn 0.282400012 -0.110600002 -0.952799976
vn 0.255499989 -0.112400003 -0.960200012
vn 0.193100005 -0.1162 -0.97420001
vn -0.00329999998 -0.148900002 -0.988799989
vn -0.00980000012 -0.145099998 -0.989300013
vn 0.00430000015 -0.163499996 -0.986500025
vn -0.143000007 -0.169 -0.975199997
vn -0.147599995 -0.151700005 -0.977299988
vn -0.156800002 -0.147400007 -0.976499975
vn -0.196400002 -0.115800001 -0.97359997
vn -0.194600001 -0.117200002 -0.973800004
vn -0.177499995 -0.117700003 -0.977100015
vn -0.177900001 -0.115000002 -0.977299988
vn -0.178499997 -0.117399998 -0.976899981
vn -0.199100003 -0.1197 -0.972599983
vn -0.194900006 -0.125699997 -0.9727
vn -0.189300001 -0.121699996 -0.974300027
vn -0.184100002 -0.122900002 -0.975199997
vn -0.201299995 -0.134900004 -0.970200002
vn -0.178000003 -0.132699996 -0.975000024
vn -0.174700007 -0.157800004 -0.971899986
vn -0.200299993 -0.158099994 -0.966899991
vn -0.199699998 -0.157000005 -0.967199981
vn -0.199399993 -0.138799995 -0.970000029
vn -0.0174000002 -0.191200003 -0.981400013
vn -0.0092000002 -0.187700003 -0.982200027
vn -0.0118000004 -0.180199996 -0.98360002
vn -0.0193000007 -0.182600006 -0.98299998
vn -0.0203000009 -0.187800005 -0.981999993
vn -0.0168999992 -0.203099996 -0.978999972
vn 0.0449000001 -0.485500008 -0.873099983
vn 0.0243999995 -0.469599992 -0.882499993
vn 0.0201999992 -0.461299986 -0.887000024
vn 0.1347 -0.0027999999 -0.99089998
vn 0.102600001 -0.00410000002 -0.994700015
vn 0.0913999975 0.0856999978 -0.9921
vn 0.117600001 0.0649000034 -0.99089998
vn 0.158099994 0.0208999999 -0.987200022
vn 0.195800006 -0.0234999992 -0.980300009
vn 0.215700001 -0.0346000008 -0.975799978
vn 0.142199993 -0.0190999992 -0.989600003
vn 0.101800002 -0.0197000001 -0.994599998
vn 0.255800009 -0.0653000027 -0.96450001
vn 0.195899993 -0.0485999994 -0.979399979
vn 0.193100005 -0.1162 -0.97420001
vn 0.255499989 -0.112400003 -0.960200012
vn 0.282400012 -0.110600002 -0.952799976
vn 0.28459999 -0.0688999966 -0.956099987
vn 0.0504000001 -0.190200001 -0.980400026
vn 0.0373000018 -0.252400011 -0.966899991
vn 0.0366999991 -0.0720999986 -0.996699989
vn 0.0507999994 -0.0551999994 -0.997200012
vn 0.0667999983 -0.0329000019 -0.997200012
vn 0.0666999966 -0.0956000015 -0.993200004
vn 0.063699998 -0.129899994 -0.989499986
vn 0.0496000014 -0.269699991 -0.961600006
vn 0.0377999991 -0.371899992 -0.92750001
vn 0.0119000003 -0.32159999 -0.946799994
vn 0.0114000002 -0.351999998 -0.935899973
vn 0.00800000038 -0.0921000019 -0.995700002
vn 0.00899999961 -0.0879999995 -0.996100008
vn 0.0131999999 -0.0842000023 -0.996299982
vn 0.0163000003 -0.292499989 -0.956099987
vn 0.0178999994 -0.425999999 -0.904500008
vn 0.0129000004 -0.467700005 -0.88380003
vn 0.0127999997 -0.513400018 -0.85799998
vn 0.0261000004 -0.275000006 -0.961099982
vn 0.0373000018 -0.252400011 -0.966899991
vn 0.0377999991 -0.371899992 -0.92750001
vn 0.0280000009 -0.403299987 -0.914600015
vn 0.0178999994 -0.425999999 -0.904500008
vn 0.0163000003 -0.292499989 -0.956099987
vn 0.0131999999 -0.0842000023 -0.996299982
vn 0.023 -0.0807999969 -0.996500015
vn 0.0366999991 -0.0720999986 -0.996699989
vn 0.00949999969 -0.372799993 -0.927900016
vn 0.0113000004 -0.544499993 -0.83859998
vn 0.0055999998 -0.573000014 -0.819500029
vn 0.00389999989 -0.394899994 -0.91869998
vn 0.00200000009 -0.108199999 -0.994099975
vn 0.00620000018 -0.0967999995 -0.995299995
vn 0.00829999987 -0.56129998 -0.827600002
vn 0.00650000013 -0.567200005 -0.823499978
vn 0.00230000005 -0.331900001 -0.943300009
vn 0.00540000014 -0.316599995 -0.948499978
vn 0.00719999988 -0.298799992 -0.954299986
vn 0.00960000046 -0.54460001 -0.83859998
vn 0.0111999996 -0.675999999 -0.736800015
vn 0.0104 -0.68870002 -0.724900007
vn 0.00989999995 -0.684300005 -0.729099989
vn 0.00810000021 -0.529200017 -0.848399997
vn 0.00889999978 -0.528999984 -0.848500013
vn 0.0055999998 -0.270300001 -0.962700009
vn 0.00389999989 -0.262699991 -0.9648
vn 0.00449999981 -0.255699992 -0.966700017
vn 0.0092000002 -0.533200026 -0.845899999
vn 0.0126 -0.690500021 -0.723200023
vn 0.0108000003 -0.680599988 -0.732500017
vn 0.0113000004 -0.674199998 -0.738499999
vn 0.0102000004 -0.538200021 -0.842700005
vn 0.00520000001 -0.243799999 -0.969799995
vn 0.00380000006 -0.223900005 -0.974600017
vn 0.00820000004 -0.534399986 -0.845099986
vn 0.0120999999 -0.710399985 -0.703700006
vn 0.0142000001 -0.704200029 -0.709800005
vn 0.00490000006 -0.512799978 -0.858500004
vn 0.00150000001 -0.195700005 -0.980700016
vn -0.000300000014 -0.162699997 -0.986699998
vn 0.00170000002 -0.474900007 -0.879999995
vn 0.00410000002 -0.660399973 -0.750899971
vn 0.00810000021 -0.696200013 -0.717700005
vn 0.00039999999 -0.430799991 -0.902400017
vn 0.00170000002 -0.474900007 -0.879999995
vn -0.000300000014 -0.162699997 -0.986699998
vn -0.00079999998 -0.131200001 -0.991299987
vn 0.00230000005 -0.613900006 -0.789300025
vn 0.00410000002 -0.660399973 -0.750899971
vn 0.00999999978 -0.532899976 -0.846099973
vn 0.00889999978 -0.528999984 -0.848500013
vn 0.0113000004 -0.674199998 -0.738499999
vn 0.0120000001 -0.670300007 -0.741999984
vn 0.0111999996 -0.675999999 -0.736800015
vn 0.00960000046 -0.54460001 -0.83859998
vn 0.00719999988 -0.298799992 -0.954299986
vn 0.0074 -0.282400012 -0.959200025
vn 0.0055999998 -0.270300001 -0.962700009
vn 0.0428000018 -0.595799983 -0.801900029
vn 0.0297999997 -0.5722 -0.819599986
vn 0.0201999992 -0.461299986 -0.887000024
vn 0.0243999995 -0.469599992 -0.882499993
vn 0.0449000001 -0.485500008 -0.873099983
vn 0.0719999969 -0.623000026 -0.778900027
vn 0.0335000008 -0.412900001 -0.910099983
vn 0.0116999997 -0.372299999 -0.927999973
vn 0.00639999984 -0.345999986 -0.938199997
vn 0.0834999979 -0.0305000003 -0.995999992
vn 0.0832000002 0.00620000018 -0.996500015
vn 0.102600001 -0.00410000002 -0.994700015
vn 0.101800002 -0.0197000001 -0.994599998
vn 0.0793000013 -0.0445000008 -0.995800018
vn -0.0136000002 -0.2139 -0.976700008
vn -0.0168999992 -0.203099996 -0.978999972
vn -0.0203000009 -0.187800005 -0.981999993
vn -0.0211999994 -0.207399994 -0.977999985
vn -0.0929000005 -0.188299999 -0.977699995
vn 0.0175999999 -0.461100012 -0.887099981
vn 0.0449000001 -0.485500008 -0.873099983
vn 0.00829999987 -0.533699989 -0.845600009
vn 0.0104 -0.49939999 -0.866299987
vn 0.00380000006 -0.342999995 -0.939300001
vn 0.00079999998 -0.340999991 -0.939999998
vn 0.0148 -0.611000001 -0.791499972
vn 0.0157999992 -0.526199996 -0.850199997
vn -0.0432999991 -0.0964000002 -0.994400024
vn -0.0296 -0.122900002 -0.991900027
vn -0.0700000003 0.277700007 -0.958100021
vn -0.135700002 0.327100009 -0.935199976
vn -0.235699996 0.335200012 -0.912199974
vn -0.065200001 -0.0918999985 -0.993600011
vn -0.104400001 -0.114699997 -0.987900019
vn -0.0808999985 -0.120399997 -0.989400029
vn -0.0665000007 -0.140300006 -0.987900019
vn -0.153799996 -0.135399997 -0.978799999
vn -0.147 -0.151500002 -0.977400005
vn -0.160699993 -0.126499996 -0.978900015
vn -0.164299995 -0.127299994 -0.978100002
vn -0.162499994 -0.132400006 -0.977800012
vn -0.189300001 -0.121699996 -0.974300027
vn -0.194900006 -0.125699997 -0.9727
vn -0.160699993 -0.126499996 -0.978900015
vn -0.104400001 -0.114699997 -0.987900019
vn -0.124399997 -0.1237 -0.984499991
vn -0.135800004 -0.137899995 -0.981100023
vn -0.0910999998 -0.111500002 -0.989600003
vn -0.105599999 -0.145099998 -0.983699977
vn -0.065200001 -0.0918999985 -0.993600011
vn -0.272599995 0.0782999992 -0.958899975
vn -0.00150000001 -0.145799994 -0.989300013
vn 0.0057000001 -0.158800006 -0.987299979
vn -0.00499999989 0.280800015 -0.959699988
vn -0.0245999992 0.270999998 -0.962199986
vn -0.0700000003 0.277700007 -0.958100021
vn -0.0131000001 -0.138899997 -0.990199983
vn -0.0137999998 -0.141800001 -0.989799976
vn -0.00719999988 -0.147300005 -0.989000022
vn -0.000600000028 -0.158800006 -0.987299979
vn -0.00949999969 -0.147300005 -0.989000022
vn -0.0037 -0.158700004 -0.987299979
vn -0.0141000003 -0.141800001 -0.989799976
vn -0.0142000001 -0.1417 -0.989799976
vn -0.00999999978 -0.147400007 -0.989000022
vn -0.00430000015 -0.158800006 -0.987299979
vn 0.110699996 -0.1435 -0.983399987
vn 0.317099988 -0.1105 -0.941900015
vn 0.287299991 -0.115699999 -0.950800002
vn 0.105499998 -0.144299999 -0.983900011
vn 0.0851000026 -0.147599995 -0.985400021
vn 0.0851999968 -0.147499993 -0.985400021
vn 0.0857999995 -0.147400007 -0.985300004
vn 0.111299999 -0.143399999 -0.983399987
vn 0.318399996 -0.110299997 -0.941500008
vn 0.110399999 -0.142900005 -0.98360002
vn 0.319000006 -0.111500002 -0.941100001
vn 0.0844999999 -0.145799994 -0.985700011
vn 0.0747999996 -0.139300004 -0.987399995
vn 0.1017 -0.140799999 -0.984799981
vn 0.313699991 -0.118100002 -0.942099988
vn -0.0278999992 -0.162499994 -0.986299992
vn -0.0388000011 -0.163800001 -0.985700011
vn -0.161400005 -0.176100001 -0.971000016
vn -0.162900001 -0.176200002 -0.970799983
vn -0.165000007 -0.176400006 -0.970399976
vn -0.0285 -0.162499994 -0.986299992
vn -0.0311999992 -0.1602 -0.986599982
vn -0.169499993 -0.173199996 -0.970200002
vn -0.174700007 -0.157800004 -0.971899986
vn -0.0395999998 -0.148499995 -0.988099992
vn 0.000899999985 -0.193499997 -0.981100023
vn -0.146599993 -0.189600006 -0.970799983
vn -0.156200007 -0.191799998 -0.968900025
vn 0.000199999995 -0.1928 -0.98119998
vn 0.0156999994 -0.191300005 -0.981400013
vn 0.0147000002 -0.194199994 -0.980799973
vn 0.0156999994 -0.194499999 -0.980700016
vn 0.00419999985 -0.193399996 -0.981100023
vn -0.131400004 -0.189300001 -0.973100007
vn 0.00639999984 -0.190400004 -0.981700003
vn -0.122900002 -0.186700001 -0.974699974
vn 0.0166999996 -0.192000002 -0.98119998
vn 0.0170000009 -0.189600006 -0.981700003
vn 0.00710000005 -0.187700003 -0.982200027
vn -0.1215 -0.183899999 -0.975399971
vn 0.0198999997 -0.193599999 -0.98089999
vn 0.0364999995 -0.187399998 -0.981599987
vn 0.0480999984 -0.174500003 -0.983500004
vn 0.0270000007 -0.191699997 -0.981100023
vn 0.0186999999 -0.193000004 -0.981000006
vn 0.0137999998 -0.194600001 -0.980799973
vn 0.0122999996 -0.1928 -0.981100023
vn 0.0149999997 -0.192100003 -0.98119998
vn 0.0142000001 -0.191300005 -0.981400013
vn 0.0120999999 -0.191300005 -0.981400013
vn -0.187000006 -0.174899995 -0.966600001
vn -0.162900001 -0.176200002 -0.970799983
vn -0.161400005 -0.176100001 -0.971000016
vn -0.186299995 -0.174999997 -0.966799974
vn -0.186100006 -0.170000002 -0.967700005
vn -0.1866 -0.170000002 -0.967599988
vn -0.189600006 -0.170100003 -0.967000008
vn -0.189899996 -0.175099999 -0.966000021
vn -0.165000007 -0.176400006 -0.970399976
vn -0.195299998 -0.172199994 -0.965499997
vn -0.169499993 -0.173199996 -0.970200002
vn -0.195099995 -0.167899996 -0.966300011
vn -0.199699998 -0.157000005 -0.967199981
vn -0.200299993 -0.158099994 -0.966899991
vn -0.174700007 -0.157800004 -0.971899986
vn -0.00529999984 -0.168799996 -0.985599995
vn -0.00749999983 -0.1655 -0.986199975
vn -0.0186999999 0.182300001 -0.983099997
vn -0.0148999998 0.194299996 -0.980799973
vn -0.0124000004 0.204699993 -0.978699982
vn -0.00419999985 -0.172600001 -0.985000014
vn 0 -0.172299996 -0.985000014
vn -0.000899999985 -0.168500006 -0.985700011
vn -0.00300000003 -0.165199995 -0.986199975
vn 0.00109999999 -0.168400005 -0.985700011
vn -0.000899999985 -0.165000007 -0.986299992
vn 0.00200000009 -0.172199994 -0.985000014
vn 0.00249999994 -0.172199994 -0.985000014
vn 0.00159999996 -0.168400005 -0.985700011
vn -0.00039999999 -0.165099993 -0.986299992
vn -0.000699999975 -0.176899999 -0.984200001
vn -0.0092000002 0.211300001 -0.977400005
vn -0.00439999998 0.217500001 -0.976000011
vn 0.00669999979 -0.182400003 -0.983200014
vn 0.0118000004 -0.182099998 -0.983200014
vn 0.0037 -0.176599994 -0.984300017
vn 0.00590000022 -0.176499993 -0.984300017
vn 0.0142999999 -0.181999996 -0.983200014
vn 0.0149999997 -0.181999996 -0.983200014
vn 0.00639999984 -0.176499993 -0.984300017
vn 0.0138999997 -0.189199999 -0.98180002
vn 0.0116999997 -0.196700007 -0.980400026
vn 0.00289999996 0.287600011 -0.957700014
vn 0.00620000018 0.292800009 -0.956099987
vn 0.00540000014 0.294099987 -0.95569998
vn 0.0131000001 -0.180700004 -0.983399987
vn 0.00829999987 -0.180700004 -0.983500004
vn 0.00989999995 -0.189199999 -0.981899977
vn 0.00800000038 -0.196700007 -0.980400026
vn 0.00789999962 -0.189199999 -0.981899977
vn 0.00620000018 -0.196700007 -0.980400026
vn 0.00600000005 -0.180600002 -0.983500004
vn 0.00549999997 -0.180700004 -0.983500004
vn 0.00749999983 -0.189199999 -0.981899977
vn 0.00579999993 -0.196700007 -0.980400026
vn 0.00999999978 -0.170599997 -0.985300004
vn 0.00139999995 0.289499998 -0.957199991
vn -0.00499999989 0.280800015 -0.959699988
vn 0.0057000001 -0.158800006 -0.987299979
vn -0.000600000028 -0.158800006 -0.987299979
vn 0.00439999998 -0.170499995 -0.985300004
vn 0.00170000002 -0.170499995 -0.985400021
vn -0.0037 -0.158700004 -0.987299979
vn -0.00430000015 -0.158800006 -0.987299979
vn 0.00109999999 -0.170599997 -0.985300004
vn 0.0152000003 -0.209900007 -0.977599978
vn 0.0148999998 -0.200000003 -0.979600012
vn 0.00100000005 0.232199997 -0.9727
vn 0.00270000007 0.233899996 -0.972199976
vn 0.00590000022 0.235799998 -0.971800029
vn 0.0148999998 -0.215499997 -0.976400018
vn 0.0160000008 -0.215499997 -0.976400018
vn 0.0200999994 -0.209700003 -0.977500021
vn 0.0208999999 -0.199699998 -0.979600012
vn 0.0225000009 -0.209600002 -0.977500021
vn 0.0238000005 -0.199499995 -0.979600012
vn 0.0164999999 -0.215399995 -0.976300001
vn 0.0165999997 -0.215499997 -0.976300001
vn 0.023 -0.209700003 -0.977500021
vn 0.0244999994 -0.199699998 -0.979600012
vn 0.0141000003 -0.214599997 -0.976599991
vn 0.0074 0.242300004 -0.970200002
vn 0.00419999985 0.252000004 -0.967700005
vn 0.0129000004 -0.211199999 -0.977400005
vn 0.0111999996 -0.211199999 -0.977400005
vn 0.0118000004 -0.214699998 -0.976599991
vn 0.0108000003 -0.214699998 -0.976599991
vn 0.0103000002 -0.211199999 -0.977400005
vn 0.0102000004 -0.211199999 -0.977400005
vn 0.0104999999 -0.214699998 -0.976599991
vn 0.0115 -0.209199995 -0.977800012
vn 9.99999975e-05 0.262300014 -0.964999974
vn -0.00159999996 0.272000015 -0.962300003
vn 0.00980000012 -0.207399994 -0.978200018
vn 0.00829999987 -0.207399994 -0.978200018
vn 0.0109999999 -0.209199995 -0.977800012
vn 0.0108000003 -0.209199995 -0.977800012
vn 0.00760000013 -0.207499996 -0.978200018
vn 0.0074 -0.207499996 -0.978200018
vn 0.0108000003 -0.209199995 -0.977800012
vn 0.0127999997 -0.190200001 -0.981700003
vn -0.000600000028 0.225899994 -0.97420001
vn 0.00100000005 0.232199997 -0.9727
vn 0.0148999998 -0.200000003 -0.979600012
vn 0.0208999999 -0.199699998 -0.979600012
vn 0.0185000002 -0.189799994 -0.981599987
vn 0.0212999992 -0.189700007 -0.981599987
vn 0.0238000005 -0.199499995 -0.979600012
vn 0.0244999994 -0.199699998 -0.979600012
vn 0.0219999999 -0.189700007 -0.981599987
vn 0.0126999998 -0.155100003 -0.987800002
vn 0.0057000001 -0.158299997 -0.987399995
vn 0.00600000005 -0.158399999 -0.987299979
vn 0.0129000004 -0.155100003 -0.987800002
vn 0.0182000007 -0.153899997 -0.987900019
vn 0.0183000006 -0.153899997 -0.987900019
vn 0.0186000001 -0.153899997 -0.987900019
vn 0.0114000002 -0.155200005 -0.987800002
vn 0.0037 -0.158500001 -0.987299979
vn 0.00860000029 -0.155399993 -0.987800002
vn -0.00039999999 -0.158800006 -0.987299979
vn 0.0193000007 -0.153899997 -0.987900019
vn 0.0195000004 0.0891000032 -0.995800018
vn 0.00289999996 0.121799998 -0.992500007
vn -0.0103000002 0.150399998 -0.988600016
vn 0.0232999995 -0.156399995 -0.987399995
vn 0.0228000004 -0.156399995 -0.987399995
vn 0.0270000007 -0.163000003 -0.986199975
vn 0.0281000007 -0.163000003 -0.986199975
vn 0.0331999995 -0.162900001 -0.986100018
vn 0.0259000007 -0.156299993 -0.987399995
vn 0.0313000008 -0.156100005 -0.987200022
vn 0.0439999998 -0.162699997 -0.985700011
vn 0.0568999983 0.0342999995 -0.997799993
vn 0.0379000008 0.0599000007 -0.997500002
vn 0.0518000014 -0.172399998 -0.98360002
vn 0.0458000004 -0.182099998 -0.982200027
vn 0.0703999996 -0.0384999998 -0.996800005
vn 0.0709000006 0.00579999993 -0.997399986
vn 0.0439999998 -0.162699997 -0.985700011
vn 0.0331999995 -0.162900001 -0.986100018
vn 0.0373999998 -0.172600001 -0.984300017
vn 0.0331999995 -0.182300001 -0.98269999
vn 0.0306000002 -0.172700003 -0.984499991
vn 0.0271000005 -0.182300001 -0.982800007
vn 0.0281000007 -0.163000003 -0.986199975
vn 0.0270000007 -0.163000003 -0.986199975
vn 0.0291000009 -0.172700003 -0.984499991
vn 0.0256999992 -0.1822 -0.982900023
vn 0.00480000023 -0.203099996 -0.979099989
vn 0.00620000018 -0.196700007 -0.980400026
vn 0.00579999993 -0.196700007 -0.980400026
vn 0.00449999981 -0.203099996 -0.979099989
vn 0.0074 -0.207499996 -0.978200018
vn 0.00760000013 -0.207499996 -0.978200018
vn 0.00829999987 -0.207399994 -0.978200018
vn 0.00620000018 -0.203099996 -0.979099989
vn 0.00800000038 -0.196700007 -0.980400026
vn 0.0092000002 -0.203099996 -0.979099989
vn 0.0116999997 -0.196700007 -0.980400026
vn 0.00980000012 -0.207399994 -0.978200018
vn -0.00159999996 0.272000015 -0.962300003
vn -0.00079999998 0.280499995 -0.959800005
vn 0.00289999996 0.287600011 -0.957700014
vn -0.000300000014 -0.161799997 -0.986800015
vn -0.000899999985 -0.165000007 -0.986299992
vn 9.99999975e-05 -0.161899999 -0.986800015
vn 0.00600000005 -0.158399999 -0.987299979
vn 0.0057000001 -0.158299997 -0.987399995
vn 0.0037 -0.158500001 -0.987299979
vn -0.00240000011 -0.162 -0.986800015
vn -0.00300000003 -0.165199995 -0.986199975
vn -0.00689999992 -0.162300006 -0.986699998
vn -0.00749999983 -0.1655 -0.986199975
vn -0.00039999999 -0.158800006 -0.987299979
vn -0.0186999999 0.169300005 -0.985400021
vn -0.0186999999 0.182300001 -0.983099997
vn 0.0326999985 -0.188500002 -0.98150003
vn 0.0270000007 -0.191699997 -0.981100023
vn 0.0480999984 -0.174500003 -0.983500004
vn 0.0566000007 -0.103500001 -0.992999971
vn 0.0703999996 -0.0384999998 -0.996800005
vn 0.0458000004 -0.182099998 -0.982200027
vn 0.0331999995 -0.182300001 -0.98269999
vn 0.0252999999 -0.189199999 -0.981599987
vn 0.0186999999 -0.193000004 -0.981000006
vn 0.0209999997 -0.188899994 -0.981700003
vn 0.0149999997 -0.192100003 -0.98119998
vn 0.0271000005 -0.182300001 -0.982800007
vn 0.0256999992 -0.1822 -0.982900023
vn 0.0199999996 -0.188600004 -0.98180002
vn 0.0142000001 -0.191300005 -0.981400013
vn -0.0221999995 -0.145199999 -0.989099979
vn -0.0560999997 -0.153799996 -0.986500025
vn -0.0560000017 -0.153799996 -0.986500025
vn -0.0219999999 -0.145199999 -0.989099979
vn -0.0142000001 -0.1417 -0.989799976
vn -0.0141000003 -0.141800001 -0.989799976
vn -0.0137999998 -0.141800001 -0.989799976
vn -0.0232999995 -0.145199999 -0.989099979
vn -0.057599999 -0.153799996 -0.986400008
vn -0.0254999995 -0.142499998 -0.989400029
vn -0.0606999993 -0.151700005 -0.986500025
vn -0.0131000001 -0.138899997 -0.990199983
vn -0.0700000003 0.277700007 -0.958100021
vn -0.0296 -0.122900002 -0.991900027
vn -0.0665000007 -0.140300006 -0.987900019
vn -0.134000003 -0.162900001 -0.977500021
vn -0.1866 -0.170000002 -0.967599988
vn -0.186100006 -0.170000002 -0.967700005
vn -0.134599999 -0.163000003 -0.977400005
vn -0.136399999 -0.163000003 -0.977100015
vn -0.189600006 -0.170100003 -0.967000008
vn -0.141000003 -0.1611 -0.976800025
vn -0.195099995 -0.167899996 -0.966300011
vn -0.147 -0.151500002 -0.977400005
vn -0.199699998 -0.157000005 -0.967199981
vn -0.00989999995 -0.152099997 -0.988300025
vn -0.0146000003 -0.173800007 -0.984600008
vn -0.0118000004 -0.180199996 -0.98360002
vn -0.00359999994 -0.1708 -0.985300004
vn 0.00100000005 -0.177699998 -0.984099984
vn -0.00579999993 -0.142700002 -0.989700019
vn -0.0144999996 -0.123400003 -0.992200017
vn -0.0163000003 -0.142800003 -0.989600003
vn -0.0167999994 -0.170900002 -0.985099971
vn -0.0200999994 -0.143099993 -0.989499986
vn -0.0181000009 -0.170000002 -0.985300004
vn -0.0197000001 -0.119400002 -0.992600024
vn -0.0222999994 -0.125699997 -0.99180001
vn -0.0207000002 -0.1514 -0.988300025
vn -0.0176999997 -0.173099995 -0.984700024
vn -0.0737000033 -0.132699996 -0.988399982
vn 0.0143999998 -0.141100004 -0.989899993
vn 0.0174000002 -0.1329 -0.990999997
vn -0.0720999986 -0.126000002 -0.989400029
vn -0.177499995 -0.117700003 -0.977100015
vn -0.1778 -0.122299999 -0.976400018
vn -0.178299993 -0.1241 -0.976100028
vn -0.075000003 -0.135299996 -0.987900019
vn 0.0120000001 -0.144099995 -0.989499986
vn -0.0759999976 -0.135199994 -0.987900019
vn 0.0105999997 -0.143999994 -0.989499986
vn -0.1787 -0.123999998 -0.976000011
vn -0.177399993 -0.124200001 -0.976300001
vn -0.0706999972 -0.135700002 -0.988200009
vn 0.0103000002 -0.143999994 -0.989499986
vn 0.0408000015 -0.148900002 -0.987999976
vn 0.0421999991 -0.149100006 -0.987900019
vn 0.277200013 -0.167899996 -0.94599998
vn 0.268999994 -0.167500004 -0.948400021
vn 0.270300001 -0.167500004 -0.948099971
vn 0.0421000011 -0.149000004 -0.987900019
vn 0.0443000011 -0.145699993 -0.988300025
vn 0.272000015 -0.162799999 -0.948400021
vn 0.274500012 -0.150099993 -0.949800014
vn 0.0467999987 -0.136800006 -0.989499986
vn -0.193599999 -0.122000001 -0.973399997
vn -0.175500005 -0.128399998 -0.976000011
vn -0.176599994 -0.127900004 -0.975899994
vn -0.193900004 -0.122000001 -0.973399997
vn -0.177399993 -0.124200001 -0.976300001
vn -0.1787 -0.123999998 -0.976000011
vn -0.178299993 -0.1241 -0.976100028
vn -0.193599999 -0.122000001 -0.973399997
vn -0.177000001 -0.128099993 -0.975799978
vn -0.193800002 -0.1206 -0.97359997
vn -0.179900005 -0.126499996 -0.975499988
vn -0.1778 -0.122299999 -0.976400018
vn -0.177499995 -0.117700003 -0.977100015
vn -0.194600001 -0.117200002 -0.973800004
vn -0.184100002 -0.122900002 -0.975199997
vn -0.0197000001 -0.177000001 -0.984000027
vn -0.0234999992 -0.180500001 -0.983299971
vn -0.0203000009 -0.187800005 -0.981999993
vn -0.0193000007 -0.182600006 -0.98299998
vn -0.0118000004 -0.180199996 -0.98360002
vn -0.0146000003 -0.173800007 -0.984600008
vn -0.0167999994 -0.170900002 -0.985099971
vn -0.0193000007 -0.175699994 -0.984300017
vn -0.0265999995 -0.178299993 -0.98360002
vn -0.0189999994 -0.175799996 -0.984200001
vn -0.0285999998 -0.177599996 -0.983699977
vn -0.0181000009 -0.170000002 -0.985300004
vn -0.0176999997 -0.173099995 -0.984700024
vn -0.0196000002 -0.175099999 -0.984300017
vn -0.0310999993 -0.178299993 -0.983500004
vn -0.0449000001 -0.194900006 -0.979799986
vn -0.0285999998 -0.177599996 -0.983699977
vn -0.0310999993 -0.178299993 -0.983500004
vn -0.0483000018 -0.197500005 -0.979099989
vn -0.0697000027 -0.208100006 -0.975600004
vn -0.0666999966 -0.208000004 -0.975799978
vn -0.0658999979 -0.208299994 -0.975799978
vn -0.0403999984 -0.196500003 -0.979600012
vn -0.0265999995 -0.178299993 -0.98360002
vn -0.0322999991 -0.202299997 -0.978799999
vn -0.0234999992 -0.180500001 -0.983299971
vn -0.0678000003 -0.197300002 -0.977999985
vn -0.0929000005 -0.188299999 -0.977699995
vn -0.0211999994 -0.207399994 -0.977999985
vn -0.0203000009 -0.187800005 -0.981999993
vn -0.0969000012 -0.193299994 -0.976300001
vn -0.0988000035 -0.190699995 -0.976599991
vn -0.124899998 -0.164499998 -0.978399992
vn -0.124899998 -0.165900007 -0.978200018
vn -0.130099997 -0.164700001 -0.977699995
vn -0.101300001 -0.192100003 -0.976100028
vn -0.107000001 -0.176599994 -0.978399992
vn -0.136199996 -0.155499995 -0.978399992
vn -0.135800004 -0.137899995 -0.981100023
vn -0.105599999 -0.145099998 -0.983699977
vn -0.148200005 -0.143700004 -0.978399992
vn -0.148699999 -0.142800003 -0.978500009
vn -0.176599994 -0.127900004 -0.975899994
vn -0.175500005 -0.128399998 -0.976000011
vn -0.177000001 -0.128099993 -0.975799978
vn -0.151700005 -0.143099993 -0.977999985
vn -0.157199994 -0.139599994 -0.977599978
vn -0.179900005 -0.126499996 -0.975499988
vn -0.184100002 -0.122900002 -0.975199997
vn -0.162499994 -0.132400006 -0.977800012
vn 0.859600008 -0.0381000005 -0.50940001
vn 0.862600029 0.000600000028 -0.505800009
vn 0.299899995 -0.128299996 -0.945200026
vn 0.285299987 -0.134200007 -0.949000001
vn 0.854900002 -0.0775000006 -0.512899995
vn 1 -0.00270000007 0
vn 0.998700023 0.0494999997 0
vn 0.995500028 0.0948000029 0
vn 0.852199972 -0.1087 -0.511799991
vn 0.854900002 -0.0775000006 -0.512899995
vn 0.2773 -0.138600007 -0.950699985
vn 0.274500012 -0.150099993 -0.949800014
vn 0.850799978 -0.134399995 -0.508000016
vn 0.997099996 -0.0754000023 0
vn 0.998899996 -0.0460000001 0
vn 1 -0.00270000007 0
vn 0.861699998 0.0266999993 -0.506699979
vn 0.85589999 0.0243999995 -0.516600013
vn 0.287299991 -0.115699999 -0.950800002
vn 0.318399996 -0.110299997 -0.941500008
vn 0.862200022 0.0269000009 -0.505800009
vn 0.992299974 0.123400003 0
vn 0.992299974 0.123400003 0
vn 0.992299974 0.123400003 0
vn 0.862800002 0.0219999999 -0.504999995
vn 0.862200022 0.0269000009 -0.505800009
vn 0.318399996 -0.110299997 -0.941500008
vn 0.862600029 0.000600000028 -0.505800009
vn 0.995500028 0.0948000029 0
vn 0.992999971 0.118000001 0
vn 0.992299974 0.123400003 0
vn 0.846400023 -0.160300002 -0.507799983
vn 0.846800029 -0.160300002 -0.507200003
vn 0.270300001 -0.167500004 -0.948099971
vn 0.268999994 -0.167500004 -0.948400021
vn 0.277200013 -0.167899996 -0.94599998
vn 0.833999991 -0.162 -0.527499974
vn 0.995000005 -0.0996999964 0
vn 0.995000005 -0.0996999964 0
vn 0.995000005 -0.0996999964 0
vn 0.848100007 -0.153300002 -0.507200003
vn 0.850799978 -0.134399995 -0.508000016
vn 0.274500012 -0.150099993 -0.949800014
vn 0.272000015 -0.162799999 -0.948400021
vn 0.995700002 -0.0930000022 0
vn 0.997099996 -0.0754000023 0
vn -0.790099978 -0.149700001 -0.594399989
vn -0.778199971 -0.151700005 -0.609499991
vn -0.147599995 -0.151700005 -0.977299988
vn -0.143000007 -0.169 -0.975199997
vn -0.789600015 -0.145500004 -0.596000016
vn -0.998300016 -0.0579999983 0.0046000001
vn -0.996500015 -0.0839999989 0.00079999998
vn -0.995800018 -0.0908000022 0
vn -0.80250001 -0.129999995 -0.582300007
vn -0.789600015 -0.145500004 -0.596000016
vn -0.143000007 -0.169 -0.975199997
vn -0.156200007 -0.191799998 -0.968900025
vn -0.81190002 -0.113300003 -0.572700024
vn -0.999899983 0.00319999992 0.0144999996
vn -0.99970001 -0.0194000006 0.0111999996
vn -0.998300016 -0.0579999983 0.0046000001
vn -0.787199974 -0.111699998 -0.60650003
vn -0.79339999 -0.112400003 -0.598200023
vn -0.131400004 -0.189300001 -0.973100007
vn -0.1215 -0.183899999 -0.975399971
vn -0.816200018 -0.1021 -0.568700016
vn -1 0.00630000001 0
vn -1 0.00590000022 0.000699999975
vn -1 0.00590000022 0.00430000015
vn -0.804700017 -0.110600002 -0.583199978
vn -0.81190002 -0.113300003 -0.572700024
vn -0.156200007 -0.191799998 -0.968900025
vn -0.131400004 -0.189300001 -0.973100007
vn -0.79339999 -0.112400003 -0.598200023
vn -1 0.00590000022 0.00430000015
vn -0.999899983 0.00639999984 0.0108000003
vn -0.999899983 0.00319999992 0.0144999996
vn 0.998700023 0.0494999997 0
vn 0.995500028 0.0948000029 0
vn 1 -0.00270000007 0
vn 1 -0.000600000028 0
vn 0.998600006 0.0520000011 0
vn 0.995299995 0.0964000002 0
vn 0.998899996 -0.0460000001 0
vn 1 -0.00270000007 0
vn 0.997099996 -0.0754000023 0
vn 0.997200012 -0.074500002 0
vn 0.999000013 -0.0445999987 0
vn 1 -0.000600000028 0
vn 0.992299974 0.123400003 0
vn 0.992299974 0.123400003 0
vn 0.992299974 0.123400003 0
vn 0.992299974 0.123400003 0
vn 0.992299974 0.123400003 0
vn 0.992299974 0.123400003 0
vn 0.992999971 0.118000001 0
vn 0.992299974 0.123400003 0
vn 0.995500028 0.0948000029 0
vn 0.995299995 0.0964000002 0
vn 0.992999971 0.118500002 0
vn 0.992299974 0.123400003 0
vn 0.995000005 -0.0996999964 0
vn 0.995000005 -0.0996999964 0
vn 0.995000005 -0.0996999964 0
vn 0.995000005 -0.0996999964 0
vn 0.995000005 -0.0996999964 0
vn 0.995000005 -0.0996999964 0
vn 0.995700002 -0.0930000022 0
vn 0.997099996 -0.0754000023 0
vn 0.995700002 -0.0923999995 0
vn 0.997200012 -0.074500002 0
vn -0.996399999 -0.0843999982 9.99999975e-05
vn -0.995800018 -0.0908000022 0
vn -0.998199999 -0.0601000004 0.000600000028
vn -0.998099983 -0.0604999997 0
vn -0.996399999 -0.0843999982 0
vn -0.995800018 -0.0908000022 0
vn -0.996399999 -0.0843999982 0
vn -0.995800018 -0.0908000022 0
vn -0.998099983 -0.0604999997 0
vn -0.998300016 -0.058699999 0
vn -0.996500015 -0.0838999972 0
vn -0.995800018 -0.0908000022 0
vn -0.99970001 -0.0227000006 0.00159999996
vn -0.998199999 -0.0601000004 0.000600000028
vn -1 0.000600000028 0.00200000009
vn -1 0.000199999995 9.99999975e-05
vn -0.99970001 -0.0232999995 -0
vn -0.998099983 -0.0604999997 0
vn -0.99970001 -0.0232999995 -0
vn -0.998099983 -0.0604999997 0
vn -1 0.000199999995 -0
vn -1 0.000699999975 -0
vn -0.999800026 -0.0209999997 0
vn -0.998300016 -0.058699999 0
vn -1 0.00609999988 9.99999975e-05
vn -1 0.00590000022 0.000600000028
vn -1 0.00630000001 0
vn -1 0.00620000018 0
vn -1 0.00609999988 0
vn -1 0.00600000005 0
vn -1 0.00609999988 0
vn -1 0.00600000005 0
vn -1 0.00620000018 0
vn -1 0.00630000001 0
vn -1 0.00609999988 0
vn -1 0.00600000005 0
vn -1 0.00520000001 0.00150000001
vn -1 0.000600000028 0.00200000009
vn -1 0.00590000022 0.000600000028
vn -1 0.00600000005 0
vn -1 0.00510000018 -0
vn -1 0.000199999995 9.99999975e-05
vn -1 0.00510000018 -0
vn -1 0.000199999995 -0
vn -1 0.00600000005 0
vn -1 0.00600000005 0
vn -1 0.00520000001 -0
vn -1 0.000699999975 -0
f 1/1/1 2/2/2 3/3/3
f 1/1/1 3/3/3 4/4/4
f 1/1/1 4/4/4 5/5/5
f 1/1/1 5/5/5 6/6/6
f 1/1/1 6/6/6 7/7/7
f 1/1/1 7/7/7 8/8/8
f 1/1/1 8/8/8 9/9/9
f 1/1/1 9/9/9 2/2/2
f 10/10/10 11/11/11 12/12/12
f 10/10/10 12/12/12 13/13/13
f 10/10/10 13/13/13 14/14/14
f 10/10/10 14/14/14 15/15/15
f 10/10/10 15/15/15 16/16/16
f 10/10/10 16/16/16 17/17/17
f 10/10/10 17/17/17 18/18/18
f 10/10/10 18/18/18 11/11/11
f 19/19/19 20/20/20 21/21/21
f 19/19/19 21/21/21 22/22/22
f 19/19/19 22/22/22 23/23/23
f 19/19/19 23/23/23 24/24/24
f 19/19/19 24/24/24 25/25/25
f 19/19/19 25/25/25 26/26/26
f 19/19/19 26/26/26 27/27/27
f 19/19/19 27/27/27 20/20/20
f 28/28/28 29/29/29 30/30/30
f 28/28/28 30/30/30 31/31/31
f 28/28/28 31/31/31 32/32/32
f 28/28/28 32/32/32 33/33/33
f 28/28/28 33/33/33 34/34/34
f 28/28/28 34/34/34 35/35/35
f 28/28/28 35/35/35 36/36/36
f 28/28/28 36/36/36 29/29/29
f 37/37/37 38/38/38 39/39/39
f 37/37/37 39/39/39 40/40/40
f 37/37/37 40/40/40 41/41/41
f 37/37/37 41/41/41 42/42/42
f 37/37/37 42/42/42 43/43/43
f 37/37/37 43/43/43 44/44/44
f 37/37/37 44/44/44 45/45/45
f 37/37/37 45/45/45 38/38/38
f 46/46/46 47/47/47 48/48/48
f 46/46/46 48/48/48 49/49/49
f 46/46/46 49/49/49 50/50/50
f 46/46/46 50/50/50 51/51/51
f 46/46/46 51/51/51 52/52/52
f 46/46/46 52/52/52 47/47/47
f 53/53/53 54/54/54 55/55/55
f 53/53/53 55/55/55 56/56/56
f 53/53/53 56/56/56 57/57/57
f 53/53/53 57/57/57 58/58/58
f 53/53/53 58/58/58 50/50/50
f 53/53/53 50/50/50 49/49/49
f 53/53/53 49/49/49 48/48/48
f 53/53/53 48/48/48 54/54/54
f 59/59/59 60/60/60 61/61/61
f 59/59/59 61/61/61 62/62/62
f 59/59/59 62/62/62 63/63/63
f 59/59/59 63/63/63 64/64/64
f 59/59/59 64/64/64 65/65/65
f 59/59/59 65/65/65 66/66/66
f 59/59/59 66/66/66 67/67/67
f 59/59/59 67/67/67 60/60/60
f 68/68/68 69/69/69 70/70/70
f 68/68/68 70/70/70 71/71/71
f 68/68/68 71/71/71 72/72/72
f 68/68/68 72/72/72 73/73/73
f 68/68/68 73/73/73 74/74/74
f 68/68/68 74/74/74 75/75/75
f 68/68/68 75/75/75 76/76/76
f 68/68/68 76/76/76 69/69/69
f 77/77/77 78/78/78 63/63/63
f 77/77/77 63/63/63 62/62/62
f 77/77/77 62/62/62 61/61/61
f 77/77/77 61/61/61 79/79/79
f 77/77/77 79/79/79 80/80/80
f 77/77/77 80/80/80 81/81/81
f 77/77/77 81/81/81 82/82/82
f 77/77/77 82/82/82 78/78/78
f 83/83/83 84/84/84 85/85/85
f 83/83/83 85/85/85 86/86/86
f 83/83/83 86/86/86 87/87/87
f 83/83/83 87/87/87 88/88/88
f 83/83/83 88/88/88 89/89/89
f 83/83/83 89/89/89 90/90/90
f 83/83/83 90/90/90 91/91/91
f 83/83/83 91/91/91 84/84/84
f 92/92/92 93/93/93 87/87/87
f 92/92/92 87/87/87 86/86/86
f 92/92/92 86/86/86 85/85/85
f 92/92/92 85/85/85 94/94/94
f 92/92/92 94/94/94 95/95/95
f 92/92/92 95/95/95 96/96/96
f 92/92/92 96/96/96 97/97/97
f 92/92/92 97/97/97 93/93/93
f 98/98/98 99/99/99 100/100/100
f 98/98/98 100/100/100 101/101/101
f 98/98/98 101/101/101 102/102/102
f 98/98/98 102/102/102 103/103/103
f 98/98/98 103/103/103 104/104/104
f 98/98/98 104/104/104 105/105/105
f 98/98/98 105/105/105 106/106/106
f 98/98/98 106/106/106 99/99/99
f 107/107/107 108/108/108 106/106/106
f 107/107/107 106/106/106 105/105/105
f 107/107/107 105/105/105 104/104/104
f 107/107/107 104/104/104 109/109/109
f 107/107/107 109/109/109 110/110/110
f 107/107/107 110/110/110 111/111/111
f 107/107/107 111/111/111 112/112/112
f 107/107/107 112/112/112 108/108/108
f 113/113/113 114/114/114 112/112/112
f 113/113/113 112/112/112 111/111/111
f 113/113/113 111/111/111 110/110/110
f 113/113/113 110/110/110 115/115/115
f 113/113/113 115/115/115 116/116/116
f 113/113/113 116/116/116 117/117/117
f 113/113/113 117/117/117 118/118/118
f 113/113/113 118/118/118 114/114/114
f 119/119/119 120/120/120 121/121/121
f 119/119/119 121/121/121 122/122/122
f 119/119/119 122/122/122 123/123/123
f 119/119/119 123/123/123 124/124/124
f 119/119/119 124/124/124 82/82/82
f 119/119/119 82/82/82 81/81/81
f 119/119/119 81/81/81 80/80/80
f 119/119/119 80/80/80 120/120/120
f 125/125/125 126/126/126 127/127/127
f 125/125/125 127/127/127 128/128/128
f 125/125/125 128/128/128 129/129/129
f 125/125/125 129/129/129 130/130/130
f 125/125/125 130/130/130 131/131/131
f 125/125/125 131/131/131 132/132/132
f 125/125/125 132/132/132 133/133/133
f 125/125/125 133/133/133 126/126/126
f 134/134/134 135/135/135 136/136/136
f 134/134/134 136/136/136 137/137/137
f 134/134/134 137/137/137 138/138/138
f 134/134/134 138/138/138 139/139/139
f 134/134/134 139/139/139 140/140/140
f 134/134/134 140/140/140 141/141/141
f 134/134/134 141/141/141 142/142/142
f 134/134/134 142/142/142 135/135/135
f 143/143/143 144/144/144 145/145/145
f 143/143/143 145/145/145 146/146/146
f 143/143/143 146/146/146 3/3/3
f 143/143/143 3/3/3 147/147/147
f 143/143/143 147/147/147 148/148/148
f 143/143/143 148/148/148 144/144/144
f 149/149/149 150/150/150 151/151/151
f 149/149/149 151/151/151 152/152/152
f 149/149/149 152/152/152 153/153/153
f 149/149/149 153/153/153 154/154/154
f 149/149/149 154/154/154 155/155/155
f 149/149/149 155/155/155 156/156/156
f 149/149/149 156/156/156 157/157/157
f 149/149/149 157/157/157 150/150/150
f 158/158/158 159/159/159 160/160/160
f 158/158/158 160/160/160 161/161/161
f 158/158/158 161/161/161 162/162/162
f 158/158/158 162/162/162 163/163/163
f 158/158/158 163/163/163 157/157/157
f 158/158/158 157/157/157 156/156/156
f 158/158/158 156/156/156 155/155/155
f 158/158/158 155/155/155 159/159/159
f 164/164/164 165/165/165 166/166/166
f 164/164/164 166/166/166 167/167/167
f 164/164/164 167/167/167 168/168/168
f 164/164/164 168/168/168 169/169/169
f 164/164/164 169/169/169 170/170/170
f 164/164/164 170/170/170 171/171/171
f 164/164/164 171/171/171 172/172/172
f 164/164/164 172/172/172 165/165/165
f 173/173/173 174/174/174 168/168/168
f 173/173/173 168/168/168 167/167/167
f 173/173/173 167/167/167 166/166/166
f 173/173/173 166/166/166 175/175/175
f 173/173/173 175/175/175 176/176/176
f 173/173/173 176/176/176 177/177/177
f 173/173/173 177/177/177 178/178/178
f 173/173/173 178/178/178 174/174/174
f 179/179/179 180/180/180 181/181/181
f 179/179/179 181/181/181 182/182/182
f 179/179/179 182/182/182 183/183/183
f 179/179/179 183/183/183 184/184/184
f 179/179/179 184/184/184 185/185/185
f 179/179/179 185/185/185 186/186/186
f 179/179/179 186/186/186 187/187/187
f 179/179/179 187/187/187 180/180/180
f 188/188/188 189/189/189 187/187/187
f 188/188/188 187/187/187 186/186/186
f 188/188/188 186/186/186 185/185/185
f 188/188/188 185/185/185 190/190/190
f 188/188/188 190/190/190 191/191/191
f 188/188/188 191/191/191 192/192/192
f 188/188/188 192/192/192 193/193/193
f 188/188/188 193/193/193 189/189/189
f 194/194/194 195/195/195 196/196/196
f 194/194/194 196/196/196 197/197/197
f 194/194/194 197/197/197 198/198/198
f 194/194/194 198/198/198 199/199/199
f 194/194/194 199/199/199 200/200/200
f 194/194/194 200/200/200 201/201/201
f 194/194/194 201/201/201 202/202/202
f 194/194/194 202/202/202 195/195/195
f 203/203/203 204/204/204 202/202/202
f 203/203/203 202/202/202 201/201/201
f 203/203/203 201/201/201 200/200/200
f 203/203/203 200/200/200 205/205/205
f 203/203/203 205/205/205 206/206/206
f 203/203/203 206/206/206 207/207/207
f 203/203/203 207/207/207 208/208/208
f 203/203/203 208/208/208 204/204/204
f 209/209/209 210/210/210 208/208/208
f 209/209/209 208/208/208 207/207/207
f 209/209/209 207/207/207 206/206/206
f 209/209/209 206/206/206 211/211/211
f 209/209/209 211/211/211 212/212/212
f 209/209/209 212/212/212 213/213/213
f 209/209/209 213/213/213 214/214/214
f 209/209/209 214/214/214 210/210/210
f 215/215/215 216/216/216 217/217/217
f 215/215/215 217/217/217 218/218/218
f 215/215/215 218/218/218 219/219/219
f 215/215/215 219/219/219 220/220/220
f 215/215/215 220/220/220 172/172/172
f 215/215/215 172/172/172 171/171/171
f 215/215/215 171/171/171 170/170/170
f 215/215/215 170/170/170 216/216/216
f 221/221/221 222/222/222 223/223/223
f 221/221/221 223/223/223 224/224/224
f 221/221/221 224/224/224 225/225/225
f 221/221/221 225/225/225 226/226/226
f 221/221/221 226/226/226 227/227/227
f 221/221/221 227/227/227 228/228/228
f 221/221/221 228/228/228 229/229/229
f 221/221/221 229/229/229 222/222/222
f 230/230/230 231/231/231 232/232/232
f 230/230/230 232/232/232 233/233/233
f 230/230/230 233/233/233 234/234/234
f 230/230/230 234/234/234 235/235/235
f 230/230/230 235/235/235 236/236/236
f 230/230/230 236/236/236 237/237/237
f 230/230/230 237/237/237 238/238/238
f 230/230/230 238/238/238 231/231/231
f 239/239/239 240/240/240 238/238/238
f 239/239/239 238/238/238 237/237/237
f 239/239/239 237/237/237 236/236/236
f 239/239/239 236/236/236 241/241/241
f 239/239/239 241/241/241 242/242/242
f 239/239/239 242/242/242 243/243/243
f 239/239/239 243/243/243 244/244/244
f 239/239/239 244/244/244 240/240/240
f 245/245/245 246/246/246 247/247/247
f 245/245/245 247/247/247 248/248/248
f 245/245/245 248/248/248 249/249/249
f 245/245/245 249/249/249 250/250/250
f 245/245/245 250/250/250 251/251/251
f 245/245/245 251/251/251 252/252/252
f 245/245/245 252/252/252 253/253/253
f 245/245/245 253/253/253 246/246/246
f 254/254/254 255/255/255 256/256/256
f 254/254/254 256/256/256 257/257/257
f 254/254/254 257/257/257 258/258/258
f 254/254/254 258/258/258 259/259/259
f 254/254/254 259/259/259 260/260/260
f 254/254/254 260/260/260 261/261/261
f 254/254/254 261/261/261 262/262/262
f 254/254/254 262/262/262 255/255/255
f 263/263/263 264/264/264 265/265/265
f 263/263/263 265/265/265 266/266/266
f 263/263/263 266/266/266 267/267/267
f 263/263/263 267/267/267 268/268/268
f 263/263/263 268/268/268 269/269/269
f 263/263/263 269/269/269 270/270/270
f 263/263/263 270/270/270 271/271/271
f 263/263/263 271/271/271 264/264/264
f 272/272/272 273/273/273 274/274/274
f 272/272/272 274/274/274 275/275/275
f 272/272/272 275/275/275 276/276/276
f 272/272/272 276/276/276 277/277/277
f 272/272/272 277/277/277 278/278/278
f 272/272/272 278/278/278 279/279/279
f 272/272/272 279/279/279 280/280/280
f 272/272/272 280/280/280 273/273/273
f 281/281/281 282/282/282 5/5/5
f 281/281/281 5/5/5 4/4/4
f 281/281/281 4/4/4 3/3/3
f 281/281/281 3/3/3 283/283/283
f 281/281/281 283/283/283 140/140/140
f 281/281/281 140/140/140 284/284/284
f 281/281/281 284/284/284 285/285/285
f 281/281/281 285/285/285 282/282/282
f 286/286/286 287/287/287 288/288/288
f 286/286/286 288/288/288 289/289/289
f 286/286/286 289/289/289 290/290/290
f 286/286/286 290/290/290 291/291/291
f 286/286/286 291/291/291 292/292/292
f 286/286/286 292/292/292 293/293/293
f 286/286/286 293/293/293 294/294/294
f 286/286/286 294/294/294 287/287/287
f 295/295/295 296/296/296 297/297/297
f 295/295/295 297/297/297 298/298/298
f 295/295/295 298/298/298 288/288/288
f 295/295/295 288/288/288 287/287/287
f 295/295/295 287/287/287 294/294/294
f 295/295/295 294/294/294 299/299/299
f 295/295/295 299/299/299 300/300/300
f 295/295/295 300/300/300 296/296/296
f 301/301/301 302/302/302 294/294/294
f 301/301/301 294/294/294 293/293/293
f 301/301/301 293/293/293 292/292/292
f 301/301/301 292/292/292 303/303/303
f 301/301/301 303/303/303 304/304/304
f 301/301/301 304/304/304 305/305/305
f 301/301/301 305/305/305 306/306/306
f 301/301/301 306/306/306 302/302/302
f 307/307/307 308/308/308 300/300/300
f 307/307/307 300/300/300 299/299/299
f 307/307/307 299/299/299 294/294/294
f 307/307/307 294/294/294 302/302/302
f 307/307/307 302/302/302 306/306/306
f 307/307/307 306/306/306 309/309/309
f 307/307/307 309/309/309 310/310/310
f 307/307/307 310/310/310 308/308/308
f 311/311/311 312/312/312 313/313/313
f 311/311/311 313/313/313 314/314/314
f 311/311/311 314/314/314 315/315/315
f 311/311/311 315/315/315 316/316/316
f 311/311/311 316/316/316 317/317/317
f 311/311/311 317/317/317 318/318/318
f 311/311/311 318/318/318 319/319/319
f 311/311/311 319/319/319 312/312/312
f 320/320/320 312/312/312 319/319/319
f 320/320/320 319/319/319 321/321/321
f 320/320/320 321/321/321 322/322/322
f 320/320/320 322/322/322 323/323/323
f 320/320/320 323/323/323 324/324/324
f 320/320/320 324/324/324 325/325/325
f 320/320/320 325/325/325 313/313/313
f 320/320/320 313/313/313 312/312/312
f 326/326/326 327/327/327 328/328/328
f 326/326/326 328/328/328 329/329/329
f 326/326/326 329/329/329 330/330/330
f 326/326/326 330/330/330 331/331/331
f 326/326/326 331/331/331 332/332/332
f 326/326/326 332/332/332 333/333/333
f 326/326/326 333/333/333 334/334/334
f 326/326/326 334/334/334 327/327/327
f 335/335/335 336/336/336 337/337/337
f 335/335/335 337/337/337 338/338/338
f 335/335/335 338/338/338 334/334/334
f 335/335/335 334/334/334 333/333/333
f 335/335/335 333/333/333 332/332/332
f 335/335/335 332/332/332 339/339/339
f 335/335/335 339/339/339 340/340/340
f 335/335/335 340/340/340 336/336/336
f 341/341/341 342/342/342 343/343/343
f 341/341/341 343/343/343 344/344/344
f 341/341/341 344/344/344 345/345/345
f 341/341/341 345/345/345 346/346/346
f 341/341/341 346/346/346 347/347/347
f 341/341/341 347/347/347 348/348/348
f 341/341/341 348/348/348 349/349/349
f 341/341/341 349/349/349 342/342/342
f 350/350/350 351/351/351 352/352/352
f 350/350/350 352/352/352 353/353/353
f 350/350/350 353/353/353 354/354/354
f 350/350/350 354/354/354 355/355/355
f 350/350/350 355/355/355 356/356/356
f 350/350/350 356/356/356 357/357/357
f 350/350/350 357/357/357 358/358/358
f 350/350/350 358/358/358 351/351/351
f 359/359/359 360/360/360 358/358/358
f 359/359/359 358/358/358 357/357/357
f 359/359/359 357/357/357 356/356/356
f 359/359/359 356/356/356 361/361/361
f 359/359/359 361/361/361 362/362/362
f 359/359/359 362/362/362 363/363/363
f 359/359/359 363/363/363 364/364/364
f 359/359/359 364/364/364 360/360/360
f 365/365/365 366/366/366 367/367/367
f 365/365/365 367/367/367 368/368/368
f 365/365/365 368/368/368 369/369/369
f 365/365/365 369/369/369 370/370/370
f 365/365/365 370/370/370 371/371/371
f 365/365/365 371/371/371 372/372/372
f 365/365/365 372/372/372 373/373/373
f 365/365/365 373/373/373 366/366/366
f 374/374/374 375/375/375 376/376/376
f 374/374/374 376/376/376 377/377/377
f 374/374/374 377/377/377 378/378/378
f 374/374/374 378/378/378 379/379/379
f 374/374/374 379/379/379 380/380/380
f 374/374/374 380/380/380 381/381/381
f 374/374/374 381/381/381 382/382/382
f 374/374/374 382/382/382 375/375/375
f 383/383/383 384/384/384 385/385/385
f 383/383/383 385/385/385 386/386/386
f 383/383/383 386/386/386 387/387/387
f 383/383/383 387/387/387 388/388/388
f 383/383/383 388/388/388 389/389/389
f 383/383/383 389/389/389 390/390/390
f 383/383/383 390/390/390 391/391/391
f 383/383/383 391/391/391 384/384/384
f 392/392/392 393/393/393 378/378/378
f 392/392/392 378/378/378 377/377/377
f 392/392/392 377/377/377 376/376/376
f 392/392/392 376/376/376 394/394/394
f 392/392/392 394/394/394 395/395/395
f 392/392/392 395/395/395 396/396/396
f 392/392/392 396/396/396 397/397/397
f 392/392/392 397/397/397 393/393/393
f 398/398/398 399/399/399 400/400/400
f 398/398/398 400/400/400 401/401/401
f 398/398/398 401/401/401 402/402/402
f 398/398/398 402/402/402 403/403/403
f 398/398/398 403/403/403 404/404/404
f 398/398/398 404/404/404 405/405/405
f 398/398/398 405/405/405 406/406/406
f 398/398/398 406/406/406 399/399/399
f 407/407/407 408/408/408 409/409/409
f 407/407/407 409/409/409 410/410/410
f 407/407/407 410/410/410 411/411/411
f 407/407/407 411/411/411 412/412/412
f 407/407/407 412/412/412 413/413/413
f 407/407/407 413/413/413 414/414/414
f 407/407/407 414/414/414 415/415/415
f 407/407/407 415/415/415 408/408/408
f 416/416/416 417/417/417 415/415/415
f 416/416/416 415/415/415 414/414/414
f 416/416/416 414/414/414 413/413/413
f 416/416/416 413/413/413 418/418/418
f 416/416/416 418/418/418 419/419/419
f 416/416/416 419/419/419 420/420/420
f 416/416/416 420/420/420 421/421/421
f 416/416/416 421/421/421 417/417/417
f 422/422/422 423/423/423 421/421/421
f 422/422/422 421/421/421 420/420/420
f 422/422/422 420/420/420 419/419/419
f 422/422/422 419/419/419 424/424/424
f 422/422/422 424/424/424 425/425/425
f 422/422/422 425/425/425 426/426/426
f 422/422/422 426/426/426 427/427/427
f 422/422/422 427/427/427 423/423/423
f 428/428/428 429/429/429 430/430/430
f 428/428/428 430/430/430 431/431/431
f 428/428/428 431/431/431 432/432/432
f 428/428/428 432/432/432 433/433/433
f 428/428/428 433/433/433 397/397/397
f 428/428/428 397/397/397 396/396/396
f 428/428/428 396/396/396 395/395/395
f 428/428/428 395/395/395 429/429/429
f 434/434/434 435/435/435 436/436/436
f 434/434/434 436/436/436 437/437/437
f 434/434/434 437/437/437 438/438/438
f 434/434/434 438/438/438 439/439/439
f 434/434/434 439/439/439 440/440/440
f 434/434/434 440/440/440 441/441/441
f 434/434/434 441/441/441 442/442/442
f 434/434/434 442/442/442 435/435/435
f 443/443/443 444/444/444 445/445/445
f 443/443/443 445/445/445 446/446/446
f 443/443/443 446/446/446 447/447/447
f 443/443/443 447/447/447 448/448/448
f 443/443/443 448/448/448 449/449/449
f 443/443/443 449/449/449 450/450/450
f 443/443/443 450/450/450 451/451/451
f 443/443/443 451/451/451 444/444/444
f 452/452/452 453/453/453 52/52/52
f 452/452/452 52/52/52 454/454/454
f 452/452/452 454/454/454 373/373/373
f 452/452/452 373/373/373 372/372/372
f 452/452/452 372/372/372 371/371/371
f 452/452/452 371/371/371 455/455/455
f 452/452/452 455/455/455 456/456/456
f 452/452/452 456/456/456 453/453/453
f 457/457/457 458/458/458 459/459/459
f 457/457/457 459/459/459 460/460/460
f 457/457/457 460/460/460 461/461/461
f 457/457/457 461/461/461 462/462/462
f 457/457/457 462/462/462 463/463/463
f 457/457/457 463/463/463 458/458/458
f 464/464/464 465/465/465 466/466/466
f 464/464/464 466/466/466 467/467/467
f 464/464/464 467/467/467 468/468/468
f 464/464/464 468/468/468 469/469/469
f 464/464/464 469/469/469 402/402/402
f 464/464/464 402/402/402 401/401/401
f 464/464/464 401/401/401 400/400/400
f 464/464/464 400/400/400 465/465/465
f 470/470/470 471/471/471 472/472/472
f 470/470/470 472/472/472 473/473/473
f 470/470/470 473/473/473 474/474/474
f 470/470/470 474/474/474 475/475/475
f 470/470/470 475/475/475 476/476/476
f 470/470/470 476/476/476 477/477/477
f 470/470/470 477/477/477 478/478/478
f 470/470/470 478/478/478 471/471/471
f 479/479/479 475/475/475 474/474/474
f 479/479/479 474/474/474 480/480/480
f 479/479/479 480/480/480 340/340/340
f 479/479/479 340/340/340 339/339/339
f 479/479/479 339/339/339 332/332/332
f 479/479/479 332/332/332 481/481/481
f 479/479/479 481/481/481 476/476/476
f 479/479/479 476/476/476 475/475/475
f 482/482/482 483/483/483 330/330/330
f 482/482/482 330/330/330 484/484/484
f 482/482/482 484/484/484 485/485/485
f 482/482/482 485/485/485 486/486/486
f 482/482/482 486/486/486 487/487/487
f 482/482/482 487/487/487 488/488/488
f 482/482/482 488/488/488 489/489/489
f 482/482/482 489/489/489 483/483/483
f 490/490/490 486/486/486 485/485/485
f 490/490/490 485/485/485 491/491/491
f 490/490/490 491/491/491 463/463/463
f 490/490/490 463/463/463 492/492/492
f 490/490/490 492/492/492 478/478/478
f 490/490/490 478/478/478 493/493/493
f 490/490/490 493/493/493 487/487/487
f 490/490/490 487/487/487 486/486/486
f 494/494/494 495/495/495 496/496/496
f 494/494/494 496/496/496 497/497/497
f 494/494/494 497/497/497 498/498/498
f 494/494/494 498/498/498 499/499/499
f 494/494/494 499/499/499 500/500/500
f 494/494/494 500/500/500 501/501/501
f 494/494/494 501/501/501 502/502/502
f 494/494/494 502/502/502 495/495/495
f 503/503/503 499/499/499 498/498/498
f 503/503/503 498/498/498 504/504/504
f 503/503/503 504/504/504 505/505/505
f 503/503/503 505/505/505 506/506/506
f 503/503/503 506/506/506 507/507/507
f 503/503/503 507/507/507 508/508/508
f 503/503/503 508/508/508 500/500/500
f 503/503/503 500/500/500 499/499/499
f 509/509/509 510/510/510 511/511/511
f 509/509/509 511/511/511 512/512/512
f 509/509/509 512/512/512 513/513/513
f 509/509/509 513/513/513 514/514/514
f 509/509/509 514/514/514 515/515/515
f 509/509/509 515/515/515 516/516/516
f 509/509/509 516/516/516 517/517/517
f 509/509/509 517/517/517 510/510/510
f 518/518/518 514/514/514 513/513/513
f 518/518/518 513/513/513 519/519/519
f 518/518/518 519/519/519 520/520/520
f 518/518/518 520/520/520 521/521/521
f 518/518/518 521/521/521 522/522/522
f 518/518/518 522/522/522 523/523/523
f 518/518/518 523/523/523 515/515/515
f 518/518/518 515/515/515 514/514/514
f 524/524/524 525/525/525 517/517/517
f 524/524/524 517/517/517 516/516/516
f 524/524/524 516/516/516 515/515/515
f 524/524/524 515/515/515 526/526/526
f 524/524/524 526/526/526 527/527/527
f 524/524/524 527/527/527 528/528/528
f 524/524/524 528/528/528 529/529/529
f 524/524/524 529/529/529 525/525/525
f 530/530/530 526/526/526 515/515/515
f 530/530/530 515/515/515 523/523/523
f 530/530/530 523/523/523 522/522/522
f 530/530/530 522/522/522 531/531/531
f 530/530/530 531/531/531 532/532/532
f 530/530/530 532/532/532 533/533/533
f 530/530/530 533/533/533 527/527/527
f 530/530/530 527/527/527 526/526/526
f 534/534/534 535/535/535 536/536/536
f 534/534/534 536/536/536 537/537/537
f 534/534/534 537/537/537 538/538/538
f 534/534/534 538/538/538 539/539/539
f 534/534/534 539/539/539 540/540/540
f 534/534/534 540/540/540 541/541/541
f 534/534/534 541/541/541 542/542/542
f 534/534/534 542/542/542 535/535/535
f 543/543/543 539/539/539 538/538/538
f 543/543/543 538/538/538 544/544/544
f 543/543/543 544/544/544 545/545/545
f 543/543/543 545/545/545 546/546/546
f 543/543/543 546/546/546 547/547/547
f 543/543/543 547/547/547 548/548/548
f 543/543/543 548/548/548 540/540/540
f 543/543/543 540/540/540 539/539/539
f 549/549/549 550/550/550 542/542/542
f 549/549/549 542/542/542 541/541/541
f 549/549/549 541/541/541 540/540/540
f 549/549/549 540/540/540 551/551/551
f 549/549/549 551/551/551 552/552/552
f 549/549/549 552/552/552 553/553/553
f 549/549/549 553/553/553 554/554/554
f 549/549/549 554/554/554 550/550/550
f 555/555/555 551/551/551 540/540/540
f 555/555/555 540/540/540 548/548/548
f 555/555/555 548/548/548 547/547/547
f 555/555/555 547/547/547 556/556/556
f 555/555/555 556/556/556 557/557/557
f 555/555/555 557/557/557 558/558/558
f 555/555/555 558/558/558 552/552/552
f 555/555/555 552/552/552 551/551/551
f 559/559/559 560/560/560 561/561/561
f 559/559/559 561/561/561 562/562/562
f 559/559/559 562/562/562 563/563/563
f 559/559/559 563/563/563 564/564/564
f 559/559/559 564/564/564 565/565/565
f 559/559/559 565/565/565 566/566/566
f 559/559/559 566/566/566 567/567/567
f 559/559/559 567/567/567 560/560/560
f 568/568/568 564/564/564 563/563/563
f 568/568/568 563/563/563 569/569/569
f 568/568/568 569/569/569 570/570/570
f 568/568/568 570/570/570 571/571/571
f 568/568/568 571/571/571 572/572/572
f 568/568/568 572/572/572 573/573/573
f 568/568/568 573/573/573 565/565/565
f 568/568/568 565/565/565 564/564/564
f 574/574/574 575/575/575 576/576/576
f 574/574/574 576/576/576 577/577/577
f 574/574/574 577/577/577 578/578/578
f 574/574/574 578/578/578 579/579/579
f 574/574/574 579/579/579 580/580/580
f 574/574/574 580/580/580 581/581/581
f 574/574/574 581/581/581 582/582/582
f 574/574/574 582/582/582 575/575/575
f 583/583/583 579/579/579 578/578/578
f 583/583/583 578/578/578 584/584/584
f 583/583/583 584/584/584 585/585/585
f 583/583/583 585/585/585 586/586/586
f 583/583/583 586/586/586 587/587/587
f 583/583/583 587/587/587 588/588/588
f 583/583/583 588/588/588 580/580/580
f 583/583/583 580/580/580 579/579/579
f 589/589/589 590/590/590 582/582/582
f 589/589/589 582/582/582 581/581/581
f 589/589/589 581/581/581 580/580/580
f 589/589/589 580/580/580 591/591/591
f 589/589/589 591/591/591 592/592/592
f 589/589/589 592/592/592 593/593/593
f 589/589/589 593/593/593 594/594/594
f 589/589/589 594/594/594 590/590/590
f 595/595/595 591/591/591 580/580/580
f 595/595/595 580/580/580 588/588/588
f 595/595/595 588/588/588 587/587/587
f 595/595/595 587/587/587 596/596/596
f 595/595/595 596/596/596 597/597/597
f 595/595/595 597/597/597 598/598/598
f 595/595/595 598/598/598 592/592/592
f 595/595/595 592/592/592 591/591/591
f 599/599/599 600/600/600 601/601/601
f 599/599/599 601/601/601 602/602/602
f 599/599/599 602/602/602 603/603/603
f 599/599/599 603/603/603 604/604/604
f 599/599/599 604/604/604 605/605/605
f 599/599/599 605/605/605 606/606/606
f 599/599/599 606/606/606 607/607/607
f 599/599/599 607/607/607 600/600/600
f 608/608/608 604/604/604 603/603/603
f 608/608/608 603/603/603 609/609/609
f 608/608/608 609/609/609 610/610/610
f 608/608/608 610/610/610 611/611/611
f 608/608/608 611/611/611 612/612/612
f 608/608/608 612/612/612 613/613/613
f 608/608/608 613/613/613 605/605/605
f 608/608/608 605/605/605 604/604/604
f 614/614/614 615/615/615 607/607/607
f 614/614/614 607/607/607 606/606/606
f 614/614/614 606/606/606 605/605/605
f 614/614/614 605/605/605 616/616/616
f 614/614/614 616/616/616 617/617/617
f 614/614/614 617/617/617 618/618/618
f 614/614/614 618/618/618 619/619/619
f 614/614/614 619/619/619 615/615/615
f 620/620/620 616/616/616 605/605/605
f 620/620/620 605/605/605 613/613/613
f 620/620/620 613/613/613 612/612/612
f 620/620/620 612/612/612 621/621/621
f 620/620/620 621/621/621 622/622/622
f 620/620/620 622/622/622 623/623/623
f 620/620/620 623/623/623 617/617/617
f 620/620/620 617/617/617 616/616/616
f 624/624/624 625/625/625 626/626/626
f 624/624/624 626/626/626 627/627/627
f 624/624/624 627/627/627 628/628/628
f 624/624/624 628/628/628 629/629/629
f 624/624/624 629/629/629 630/630/630
f 624/624/624 630/630/630 631/631/631
f 624/624/624 631/631/631 632/632/632
f 624/624/624 632/632/632 625/625/625
f 633/633/633 629/629/629 628/628/628
f 633/633/633 628/628/628 634/634/634
f 633/633/633 634/634/634 635/635/635
f 633/633/633 635/635/635 636/636/636
f 633/633/633 636/636/636 637/637/637
f 633/633/633 637/637/637 638/638/638
f 633/633/633 638/638/638 630/630/630
f 633/633/633 630/630/630 629/629/629
f 639/639/639 640/640/640 632/632/632
f 639/639/639 632/632/632 631/631/631
f 639/639/639 631/631/631 630/630/630
f 639/639/639 630/630/630 641/641/641
f 639/639/639 641/641/641 642/642/642
f 639/639/639 642/642/642 643/643/643
f 639/639/639 643/643/643 644/644/644
f 639/639/639 644/644/644 640/640/640
f 645/645/645 641/641/641 630/630/630
f 645/645/645 630/630/630 638/638/638
f 645/645/645 638/638/638 637/637/637
f 645/645/645 637/637/637 646/646/646
f 645/645/645 646/646/646 647/647/647
f 645/645/645 647/647/647 648/648/648
f 645/645/645 648/648/648 642/642/642
f 645/645/645 642/642/642 641/641/641
f 649/649/649 650/650/650 644/644/644
f 649/649/649 644/644/644 643/643/643
f 649/649/649 643/643/643 642/642/642
f 649/649/649 642/642/642 651/651/651
f 649/649/649 651/651/651 652/652/652
f 649/649/649 652/652/652 653/653/653
f 649/649/649 653/653/653 654/654/654
f 649/649/649 654/654/654 650/650/650
f 655/655/655 651/651/651 642/642/642
f 655/655/655 642/642/642 648/648/648
f 655/655/655 648/648/648 647/647/647
f 655/655/655 647/647/647 656/656/656
f 655/655/655 656/656/656 657/657/657
f 655/655/655 657/657/657 658/658/658
f 655/655/655 658/658/658 652/652/652
f 655/655/655 652/652/652 651/651/651
f 659/659/659 660/660/660 594/594/594
f 659/659/659 594/594/594 593/593/593
f 659/659/659 593/593/593 592/592/592
f 659/659/659 592/592/592 661/661/661
f 659/659/659 661/661/661 662/662/662
f 659/659/659 662/662/662 663/663/663
f 659/659/659 663/663/663 664/664/664
f 659/659/659 664/664/664 660/660/660
f 665/665/665 661/661/661 592/592/592
f 665/665/665 592/592/592 598/598/598
f 665/665/665 598/598/598 597/597/597
f 665/665/665 597/597/597 666/666/666
f 665/665/665 666/666/666 667/667/667
f 665/665/665 667/667/667 668/668/668
f 665/665/665 668/668/668 662/662/662
f 665/665/665 662/662/662 661/661/661
f 669/669/669 670/670/670 671/671/671
f 669/669/669 671/671/671 672/672/672
f 669/669/669 672/672/672 673/673/673
f 669/669/669 673/673/673 674/674/674
f 669/669/669 674/674/674 675/675/675
f 669/669/669 675/675/675 676/676/676
f 669/669/669 676/676/676 677/677/677
f 669/669/669 677/677/677 670/670/670
f 678/678/678 674/674/674 673/673/673
f 678/678/678 673/673/673 679/679/679
f 678/678/678 679/679/679 680/680/680
f 678/678/678 680/680/680 681/681/681
f 678/678/678 681/681/681 682/682/682
f 678/678/678 682/682/682 683/683/683
f 678/678/678 683/683/683 675/675/675
f 678/678/678 675/675/675 674/674/674
f 684/684/684 685/685/685 677/677/677
f 684/684/684 677/677/677 676/676/676
f 684/684/684 676/676/676 675/675/675
f 684/684/684 675/675/675 686/686/686
f 684/684/684 686/686/686 687/687/687
f 684/684/684 687/687/687 688/688/688
f 684/684/684 688/688/688 689/689/689
f 684/684/684 689/689/689 685/685/685
f 690/690/690 686/686/686 675/675/675
f 690/690/690 675/675/675 683/683/683
f 690/690/690 683/683/683 682/682/682
f 690/690/690 682/682/682 691/691/691
f 690/690/690 691/691/691 692/692/692
f 690/690/690 692/692/692 693/693/693
f 690/690/690 693/693/693 687/687/687
f 690/690/690 687/687/687 686/686/686
f 694/694/694 695/695/695 696/696/696
f 694/694/694 696/696/696 697/697/697
f 694/694/694 697/697/697 698/698/698
f 694/694/694 698/698/698 699/699/699
f 694/694/694 699/699/699 700/700/700
f 694/694/694 700/700/700 701/701/701
f 694/694/694 701/701/701 692/692/692
f 694/694/694 692/692/692 695/695/695
f 702/702/702 699/699/699 698/698/698
f 702/702/702 698/698/698 703/703/703
f 702/702/702 703/703/703 704/704/704
f 702/702/702 704/704/704 705/705/705
f 702/702/702 705/705/705 706/706/706
f 702/702/702 706/706/706 707/707/707
f 702/702/702 707/707/707 700/700/700
f 702/702/702 700/700/700 699/699/699
f 708/708/708 709/709/709 710/710/710
f 708/708/708 710/710/710 711/711/711
f 708/708/708 711/711/711 712/712/712
f 708/708/708 712/712/712 713/713/713
f 708/708/708 713/713/713 714/714/714
f 708/708/708 714/714/714 715/715/715
f 708/708/708 715/715/715 716/716/716
f 708/708/708 716/716/716 709/709/709
f 717/717/717 713/713/713 712/712/712
f 717/717/717 712/712/712 718/718/718
f 717/717/717 718/718/718 719/719/719
f 717/717/717 719/719/719 720/720/720
f 717/717/717 720/720/720 721/721/721
f 717/717/717 721/721/721 722/722/722
f 717/717/717 722/722/722 714/714/714
f 717/717/717 714/714/714 713/713/713
f 723/723/723 724/724/724 585/585/585
f 723/723/723 585/585/585 725/725/725
f 723/723/723 725/725/725 726/726/726
f 723/723/723 726/726/726 727/727/727
f 723/723/723 727/727/727 728/728/728
f 723/723/723 728/728/728 729/729/729
f 723/723/723 729/729/729 730/730/730
f 723/723/723 730/730/730 724/724/724
f 731/731/731 727/727/727 726/726/726
f 731/731/731 726/726/726 732/732/732
f 731/731/731 732/732/732 733/733/733
f 731/731/731 733/733/733 734/734/734
f 731/731/731 734/734/734 680/680/680
f 731/731/731 680/680/680 735/735/735
f 731/731/731 735/735/735 728/728/728
f 731/731/731 728/728/728 727/727/727
f 736/736/736 737/737/737 738/738/738
f 736/736/736 738/738/738 739/739/739
f 736/736/736 739/739/739 740/740/740
f 736/736/736 740/740/740 741/741/741
f 736/736/736 741/741/741 742/742/742
f 736/736/736 742/742/742 743/743/743
f 736/736/736 743/743/743 744/744/744
f 736/736/736 744/744/744 737/737/737
f 745/745/745 741/741/741 740/740/740
f 745/745/745 740/740/740 746/746/746
f 745/745/745 746/746/746 747/747/747
f 745/745/745 747/747/747 748/748/748
f 745/745/745 748/748/748 749/749/749
f 745/745/745 749/749/749 750/750/750
f 745/745/745 750/750/750 742/742/742
f 745/745/745 742/742/742 741/741/741
f 751/751/751 752/752/752 753/753/753
f 751/751/751 753/753/753 754/754/754
f 751/751/751 754/754/754 755/755/755
f 751/751/751 755/755/755 756/756/756
f 751/751/751 756/756/756 757/757/757
f 751/751/751 757/757/757 758/758/758
f 751/751/751 758/758/758 759/759/759
f 751/751/751 759/759/759 752/752/752
f 760/760/760 756/756/756 755/755/755
f 760/760/760 755/755/755 761/761/761
f 760/760/760 761/761/761 762/762/762
f 760/760/760 762/762/762 763/763/763
f 760/760/760 763/763/763 764/764/764
f 760/760/760 764/764/764 765/765/765
f 760/760/760 765/765/765 757/757/757
f 760/760/760 757/757/757 756/756/756
f 766/766/766 767/767/767 768/768/768
f 766/766/766 768/768/768 769/769/769
f 766/766/766 769/769/769 770/770/770
f 766/766/766 770/770/770 771/771/771
f 766/766/766 771/771/771 755/755/755
f 766/766/766 755/755/755 754/754/754
f 766/766/766 754/754/754 753/753/753
f 766/766/766 753/753/753 767/767/767
f 772/772/772 771/771/771 770/770/770
f 772/772/772 770/770/770 773/773/773
f 772/772/772 773/773/773 774/774/774
f 772/772/772 774/774/774 775/775/775
f 772/772/772 775/775/775 762/762/762
f 772/772/772 762/762/762 761/761/761
f 772/772/772 761/761/761 755/755/755
f 772/772/772 755/755/755 771/771/771
f 776/776/776 777/777/777 778/778/778
f 776/776/776 778/778/778 779/779/779
f 776/776/776 779/779/779 780/780/780
f 776/776/776 780/780/780 781/781/781
f 776/776/776 781/781/781 782/782/782
f 776/776/776 782/782/782 783/783/783
f 776/776/776 783/783/783 784/784/784
f 776/776/776 784/784/784 777/777/777
f 785/785/785 781/781/781 780/780/780
f 785/785/785 780/780/780 786/786/786
f 785/785/785 786/786/786 787/787/787
f 785/785/785 787/787/787 788/788/788
f 785/785/785 788/788/788 789/789/789
f 785/785/785 789/789/789 790/790/790
f 785/785/785 790/790/790 782/782/782
f 785/785/785 782/782/782 781/781/781
f 791/791/791 792/792/792 793/793/793
f 791/791/791 793/793/793 794/794/794
f 791/791/791 794/794/794 795/795/795
f 791/791/791 795/795/795 796/796/796
f 791/791/791 796/796/796 797/797/797
f 791/791/791 797/797/797 798/798/798
f 791/791/791 798/798/798 799/799/799
f 791/791/791 799/799/799 792/792/792
f 800/800/800 796/796/796 795/795/795
f 800/800/800 795/795/795 801/801/801
f 800/800/800 801/801/801 802/802/802
f 800/800/800 802/802/802 803/803/803
f 800/800/800 803/803/803 804/804/804
f 800/800/800 804/804/804 805/805/805
f 800/800/800 805/805/805 797/797/797
f 800/800/800 797/797/797 796/796/796
f 806/806/806 807/807/807 802/802/802
f 806/806/806 802/802/802 801/801/801
f 806/806/806 801/801/801 795/795/795
f 806/806/806 795/795/795 808/808/808
f 806/806/806 808/808/808 809/809/809
f 806/806/806 809/809/809 810/810/810
f 806/806/806 810/810/810 811/811/811
f 806/806/806 811/811/811 807/807/807
f 812/812/812 808/808/808 795/795/795
f 812/812/812 795/795/795 794/794/794
f 812/812/812 794/794/794 793/793/793
f 812/812/812 793/793/793 813/813/813
f 812/812/812 813/813/813 814/814/814
f 812/812/812 814/814/814 815/815/815
f 812/812/812 815/815/815 809/809/809
f 812/812/812 809/809/809 808/808/808
f 816/816/816 817/817/817 818/818/818
f 816/816/816 818/818/818 819/819/819
f 816/816/816 819/819/819 820/820/820
f 816/816/816 820/820/820 821/821/821
f 816/816/816 821/821/821 822/822/822
f 816/816/816 822/822/822 823/823/823
f 816/816/816 823/823/823 824/824/824
f 816/816/816 824/824/824 817/817/817
f 825/825/825 821/821/821 820/820/820
f 825/825/825 820/820/820 826/826/826
f 825/825/825 826/826/826 827/827/827
f 825/825/825 827/827/827 828/828/828
f 825/825/825 828/828/828 829/829/829
f 825/825/825 829/829/829 830/830/830
f 825/825/825 830/830/830 822/822/822
f 825/825/825 822/822/822 821/821/821
f 831/831/831 832/832/832 833/833/833
f 831/831/831 833/833/833 834/834/834
f 831/831/831 834/834/834 835/835/835
f 831/831/831 835/835/835 836/836/836
f 831/831/831 836/836/836 837/837/837
f 831/831/831 837/837/837 838/838/838
f 831/831/831 838/838/838 839/839/839
f 831/831/831 839/839/839 832/832/832
f 840/840/840 836/836/836 835/835/835
f 840/840/840 835/835/835 841/841/841
f 840/840/840 841/841/841 842/842/842
f 840/840/840 842/842/842 843/843/843
f 840/840/840 843/843/843 844/844/844
f 840/840/840 844/844/844 845/845/845
f 840/840/840 845/845/845 837/837/837
f 840/840/840 837/837/837 836/836/836
f 846/846/846 847/847/847 848/848/848
f 846/846/846 848/848/848 849/849/849
f 846/846/846 849/849/849 850/850/850
f 846/846/846 850/850/850 851/851/851
f 846/846/846 851/851/851 852/852/852
f 846/846/846 852/852/852 853/853/853
f 846/846/846 853/853/853 854/854/854
f 846/846/846 854/854/854 847/847/847
f 855/855/855 851/851/851 850/850/850
f 855/855/855 850/850/850 856/856/856
f 855/855/855 856/856/856 857/857/857
f 855/855/855 857/857/857 858/858/858
f 855/855/855 858/858/858 859/859/859
f 855/855/855 859/859/859 860/860/860
f 855/855/855 860/860/860 852/852/852
f 855/855/855 852/852/852 851/851/851
f 861/861/861 862/862/862 854/854/854
f 861/861/861 854/854/854 853/853/853
f 861/861/861 853/853/853 852/852/852
f 861/861/861 852/852/852 863/863/863
f 861/861/861 863/863/863 864/864/864
f 861/861/861 864/864/864 865/865/865
f 861/861/861 865/865/865 866/866/866
f 861/861/861 866/866/866 862/862/862
f 867/867/867 863/863/863 852/852/852
f 867/867/867 852/852/852 860/860/860
f 867/867/867 860/860/860 859/859/859
f 867/867/867 859/859/859 868/868/868
f 867/867/867 868/868/868 869/869/869
f 867/867/867 869/869/869 870/870/870
f 867/867/867 870/870/870 864/864/864
f 867/867/867 864/864/864 863/863/863
f 871/871/871 872/872/872 866/866/866
f 871/871/871 866/866/866 865/865/865
f 871/871/871 865/865/865 864/864/864
f 871/871/871 864/864/864 873/873/873
f 871/871/871 873/873/873 874/874/874
f 871/871/871 874/874/874 875/875/875
f 871/871/871 875/875/875 876/876/876
f 871/871/871 876/876/876 872/872/872
f 877/877/877 873/873/873 864/864/864
f 877/877/877 864/864/864 870/870/870
f 877/877/877 870/870/870 869/869/869
f 877/877/877 869/869/869 878/878/878
f 877/877/877 878/878/878 879/879/879
f 877/877/877 879/879/879 880/880/880
f 877/877/877 880/880/880 874/874/874
f 877/877/877 874/874/874 873/873/873
f 881/881/881 882/882/882 290/290/290
f 881/881/881 290/290/290 883/883/883
f 881/881/881 883/883/883 884/884/884
f 881/881/881 884/884/884 885/885/885
f 881/881/881 885/885/885 886/886/886
f 881/881/881 886/886/886 887/887/887
f 881/881/881 887/887/887 888/888/888
f 881/881/881 888/888/888 882/882/882
f 889/889/889 890/890/890 292/292/292
f 889/889/889 292/292/292 891/891/891
f 889/889/889 891/891/891 892/892/892
f 889/889/889 892/892/892 893/893/893
f 889/889/889 893/893/893 894/894/894
f 889/889/889 894/894/894 895/895/895
f 889/889/889 895/895/895 896/896/896
f 889/889/889 896/896/896 890/890/890
f 897/897/897 512/512/512 898/898/898
f 897/897/897 898/898/898 899/899/899
f 897/897/897 899/899/899 900/900/900
f 897/897/897 900/900/900 901/901/901
f 897/897/897 901/901/901 902/902/902
f 897/897/897 902/902/902 903/903/903
f 897/897/897 903/903/903 904/904/904
f 897/897/897 904/904/904 512/512/512
f 905/905/905 519/519/519 906/906/906
f 905/905/905 906/906/906 907/907/907
f 905/905/905 907/907/907 908/908/908
f 905/905/905 908/908/908 909/909/909
f 905/905/905 909/909/909 910/910/910
f 905/905/905 910/910/910 911/911/911
f 905/905/905 911/911/911 290/290/290
f 905/905/905 290/290/290 519/519/519
f 912/912/912 913/913/913 914/914/914
f 912/912/912 914/914/914 915/915/915
f 912/912/912 915/915/915 916/916/916
f 912/912/912 916/916/916 917/917/917
f 912/912/912 917/917/917 918/918/918
f 912/912/912 918/918/918 919/919/919
f 912/912/912 919/919/919 920/920/920
f 912/912/912 920/920/920 913/913/913
f 921/921/921 922/922/922 923/923/923
f 921/921/921 923/923/923 924/924/924
f 921/921/921 924/924/924 925/925/925
f 921/921/921 925/925/925 926/926/926
f 921/921/921 926/926/926 916/916/916
f 921/921/921 916/916/916 915/915/915
f 921/921/921 915/915/915 914/914/914
f 921/921/921 914/914/914 922/922/922
f 927/927/927 928/928/928 322/322/322
f 927/927/927 322/322/322 929/929/929
f 927/927/927 929/929/929 930/930/930
f 927/927/927 930/930/930 931/931/931
f 927/927/927 931/931/931 932/932/932
f 927/927/927 932/932/932 933/933/933
f 927/927/927 933/933/933 934/934/934
f 927/927/927 934/934/934 928/928/928
f 935/935/935 161/161/161 936/936/936
f 935/935/935 936/936/936 937/937/937
f 935/935/935 937/937/937 938/938/938
f 935/935/935 938/938/938 939/939/939
f 935/935/935 939/939/939 940/940/940
f 935/935/935 940/940/940 941/941/941
f 935/935/935 941/941/941 942/942/942
f 935/935/935 942/942/942 161/161/161
f 943/943/943 544/544/544 944/944/944
f 943/943/943 944/944/944 945/945/945
f 943/943/943 945/945/945 946/946/946
f 943/943/943 946/946/946 947/947/947
f 943/943/943 947/947/947 948/948/948
f 943/943/943 948/948/948 949/949/949
f 943/943/943 949/949/949 950/950/950
f 943/943/943 950/950/950 544/544/544
f 951/951/951 537/537/537 952/952/952
f 951/951/951 952/952/952 953/953/953
f 951/951/951 953/953/953 954/954/954
f 951/951/951 954/954/954 955/955/955
f 951/951/951 955/955/955 956/956/956
f 951/951/951 956/956/956 957/957/957
f 951/951/951 957/957/957 958/958/958
f 951/951/951 958/958/958 537/537/537
f 959/959/959 885/885/885 884/884/884
f 959/959/959 884/884/884 960/960/960
f 959/959/959 960/960/960 961/961/961
f 959/959/959 961/961/961 962/962/962
f 959/959/959 962/962/962 963/963/963
f 959/959/959 963/963/963 964/964/964
f 959/959/959 964/964/964 886/886/886
f 959/959/959 886/886/886 885/885/885
f 965/965/965 893/893/893 892/892/892
f 965/965/965 892/892/892 966/966/966
f 965/965/965 966/966/966 967/967/967
f 965/965/965 967/967/967 968/968/968
f 965/965/965 968/968/968 969/969/969
f 965/965/965 969/969/969 970/970/970
f 965/965/965 970/970/970 894/894/894
f 965/965/965 894/894/894 893/893/893
f 971/971/971 901/901/901 900/900/900
f 971/971/971 900/900/900 972/972/972
f 971/971/971 972/972/972 973/973/973
f 971/971/971 973/973/973 974/974/974
f 971/971/971 974/974/974 975/975/975
f 971/971/971 975/975/975 976/976/976
f 971/971/971 976/976/976 902/902/902
f 971/971/971 902/902/902 901/901/901
f 977/977/977 909/909/909 908/908/908
f 977/977/977 908/908/908 978/978/978
f 977/977/977 978/978/978 979/979/979
f 977/977/977 979/979/979 980/980/980
f 977/977/977 980/980/980 981/981/981
f 977/977/977 981/981/981 982/982/982
f 977/977/977 982/982/982 910/910/910
f 977/977/977 910/910/910 909/909/909
f 983/983/983 917/917/917 916/916/916
f 983/983/983 916/916/916 984/984/984
f 983/983/983 984/984/984 985/985/985
f 983/983/983 985/985/985 986/986/986
f 983/983/983 986/986/986 987/987/987
f 983/983/983 987/987/987 988/988/988
f 983/983/983 988/988/988 918/918/918
f 983/983/983 918/918/918 917/917/917
f 989/989/989 926/926/926 925/925/925
f 989/989/989 925/925/925 990/990/990
f 989/989/989 990/990/990 991/991/991
f 989/989/989 991/991/991 992/992/992
f 989/989/989 992/992/992 985/985/985
f 989/989/989 985/985/985 984/984/984
f 989/989/989 984/984/984 916/916/916
f 989/989/989 916/916/916 926/926/926
f 993/993/993 931/931/931 930/930/930
f 993/993/993 930/930/930 994/994/994
f 993/993/993 994/994/994 995/995/995
f 993/993/993 995/995/995 996/996/996
f 993/993/993 996/996/996 997/997/997
f 993/993/993 997/997/997 998/998/998
f 993/993/993 998/998/998 932/932/932
f 993/993/993 932/932/932 931/931/931
f 999/999/999 996/996/996 995/995/995
f 999/999/999 995/995/995 1000/1000/1000
f 999/999/999 1000/1000/1000 1001/1001/1001
f 999/999/999 1001/1001/1001 1002/1002/1002
f 999/999/999 1002/1002/1002 1003/1003/1003
f 999/999/999 1003/1003/1003 1004/1004/1004
f 999/999/999 1004/1004/1004 997/997/997
f 999/999/999 997/997/997 996/996/996
f 1005/1005/1005 939/939/939 938/938/938
f 1005/1005/1005 938/938/938 1006/1006/1006
f 1005/1005/1005 1006/1006/1006 1007/1007/1007
f 1005/1005/1005 1007/1007/1007 1008/1008/1008
f 1005/1005/1005 1008/1008/1008 1009/1009/1009
f 1005/1005/1005 1009/1009/1009 1010/1010/1010
f 1005/1005/1005 1010/1010/1010 940/940/940
f 1005/1005/1005 940/940/940 939/939/939
f 1011/1011/1011 1008/1008/1008 1007/1007/1007
f 1011/1011/1011 1007/1007/1007 1012/1012/1012
f 1011/1011/1011 1012/1012/1012 1013/1013/1013
f 1011/1011/1011 1013/1013/1013 1014/1014/1014
f 1011/1011/1011 1014/1014/1014 1015/1015/1015
f 1011/1011/1011 1015/1015/1015 1016/1016/1016
f 1011/1011/1011 1016/1016/1016 1009/1009/1009
f 1011/1011/1011 1009/1009/1009 1008/1008/1008
f 1017/1017/1017 947/947/947 946/946/946
f 1017/1017/1017 946/946/946 1018/1018/1018
f 1017/1017/1017 1018/1018/1018 1019/1019/1019
f 1017/1017/1017 1019/1019/1019 1020/1020/1020
f 1017/1017/1017 1020/1020/1020 1021/1021/1021
f 1017/1017/1017 1021/1021/1021 1022/1022/1022
f 1017/1017/1017 1022/1022/1022 948/948/948
f 1017/1017/1017 948/948/948 947/947/947
f 1023/1023/1023 1020/1020/1020 1019/1019/1019
f 1023/1023/1023 1019/1019/1019 1024/1024/1024
f 1023/1023/1023 1024/1024/1024 1025/1025/1025
f 1023/1023/1023 1025/1025/1025 1026/1026/1026
f 1023/1023/1023 1026/1026/1026 1027/1027/1027
f 1023/1023/1023 1027/1027/1027 1028/1028/1028
f 1023/1023/1023 1028/1028/1028 1021/1021/1021
f 1023/1023/1023 1021/1021/1021 1020/1020/1020
f 1029/1029/1029 955/955/955 954/954/954
f 1029/1029/1029 954/954/954 1030/1030/1030
f 1029/1029/1029 1030/1030/1030 1031/1031/1031
f 1029/1029/1029 1031/1031/1031 1032/1032/1032
f 1029/1029/1029 1032/1032/1032 1033/1033/1033
f 1029/1029/1029 1033/1033/1033 1034/1034/1034
f 1029/1029/1029 1034/1034/1034 956/956/956
f 1029/1029/1029 956/956/956 955/955/955
f 1035/1035/1035 1032/1032/1032 1031/1031/1031
f 1035/1035/1035 1031/1031/1031 1036/1036/1036
f 1035/1035/1035 1036/1036/1036 1037/1037/1037
f 1035/1035/1035 1037/1037/1037 1038/1038/1038
f 1035/1035/1035 1038/1038/1038 1039/1039/1039
f 1035/1035/1035 1039/1039/1039 1040/1040/1040
f 1035/1035/1035 1040/1040/1040 1033/1033/1033
f 1035/1035/1035 1033/1033/1033 1032/1032/1032
f 1041/1041/1041 1042/1042/1042 1043/1043/1043
f 1041/1041/1041 1043/1043/1043 1044/1044/1044
f 1041/1041/1041 1044/1044/1044 1045/1045/1045
f 1041/1041/1041 1045/1045/1045 1046/1046/1046
f 1041/1041/1041 1046/1046/1046 1047/1047/1047
f 1041/1041/1041 1047/1047/1047 1048/1048/1048
f 1041/1041/1041 1048/1048/1048 1049/1049/1049
f 1041/1041/1041 1049/1049/1049 1042/1042/1042
f 1050/1050/1050 1051/1051/1051 1052/1052/1052
f 1050/1050/1050 1052/1052/1052 1053/1053/1053
f 1050/1050/1050 1053/1053/1053 1054/1054/1054
f 1050/1050/1050 1054/1054/1054 1055/1055/1055
f 1050/1050/1050 1055/1055/1055 1056/1056/1056
f 1050/1050/1050 1056/1056/1056 1057/1057/1057
f 1050/1050/1050 1057/1057/1057 1058/1058/1058
f 1050/1050/1050 1058/1058/1058 1051/1051/1051
f 1059/1059/1059 1060/1060/1060 1061/1061/1061
f 1059/1059/1059 1061/1061/1061 1062/1062/1062
f 1059/1059/1059 1062/1062/1062 1063/1063/1063
f 1059/1059/1059 1063/1063/1063 1064/1064/1064
f 1059/1059/1059 1064/1064/1064 1065/1065/1065
f 1059/1059/1059 1065/1065/1065 1066/1066/1066
f 1059/1059/1059 1066/1066/1066 1067/1067/1067
f 1059/1059/1059 1067/1067/1067 1060/1060/1060
f 1068/1068/1068 1069/1069/1069 1070/1070/1070
f 1068/1068/1068 1070/1070/1070 1071/1071/1071
f 1068/1068/1068 1071/1071/1071 1072/1072/1072
f 1068/1068/1068 1072/1072/1072 1073/1073/1073
f 1068/1068/1068 1073/1073/1073 1074/1074/1074
f 1068/1068/1068 1074/1074/1074 1075/1075/1075
f 1068/1068/1068 1075/1075/1075 1076/1076/1076
f 1068/1068/1068 1076/1076/1076 1069/1069/1069
f 1077/1077/1077 1078/1078/1078 1079/1079/1079
f 1077/1077/1077 1079/1079/1079 1080/1080/1080
f 1077/1077/1077 1080/1080/1080 1081/1081/1081
f 1077/1077/1077 1081/1081/1081 1082/1082/1082
f 1077/1077/1077 1082/1082/1082 1083/1083/1083
f 1077/1077/1077 1083/1083/1083 1084/1084/1084
f 1077/1077/1077 1084/1084/1084 1085/1085/1085
f 1077/1077/1077 1085/1085/1085 1078/1078/1078
f 1086/1086/1086 1087/1087/1087 1088/1088/1088
f 1086/1086/1086 1088/1088/1088 1089/1089/1089
f 1086/1086/1086 1089/1089/1089 1090/1090/1090
f 1086/1086/1086 1090/1090/1090 1091/1091/1091
f 1086/1086/1086 1091/1091/1091 1092/1092/1092
f 1086/1086/1086 1092/1092/1092 1087/1087/1087
f 1093/1093/1093 1094/1094/1094 1095/1095/1095
f 1093/1093/1093 1095/1095/1095 1096/1096/1096
f 1093/1093/1093 1096/1096/1096 1088/1088/1088
f 1093/1093/1093 1088/1088/1088 1087/1087/1087
f 1093/1093/1093 1087/1087/1087 1092/1092/1092
f 1093/1093/1093 1092/1092/1092 1097/1097/1097
f 1093/1093/1093 1097/1097/1097 1098/1098/1098
f 1093/1093/1093 1098/1098/1098 1094/1094/1094
f 1099/1099/1099 1100/1100/1100 1101/1101/1101
f 1099/1099/1099 1101/1101/1101 1102/1102/1102
f 1099/1099/1099 1102/1102/1102 1103/1103/1103
f 1099/1099/1099 1103/1103/1103 1104/1104/1104
f 1099/1099/1099 1104/1104/1104 1105/1105/1105
f 1099/1099/1099 1105/1105/1105 1106/1106/1106
f 1099/1099/1099 1106/1106/1106 1107/1107/1107
f 1099/1099/1099 1107/1107/1107 1100/1100/1100
f 1108/1108/1108 1109/1109/1109 1110/1110/1110
f 1108/1108/1108 1110/1110/1110 1111/1111/1111
f 1108/1108/1108 1111/1111/1111 1112/1112/1112
f 1108/1108/1108 1112/1112/1112 1113/1113/1113
f 1108/1108/1108 1113/1113/1113 1114/1114/1114
f 1108/1108/1108 1114/1114/1114 1115/1115/1115
f 1108/1108/1108 1115/1115/1115 1116/1116/1116
f 1108/1108/1108 1116/1116/1116 1109/1109/1109
f 1117/1117/1117 1100/1100/1100 1107/1107/1107
f 1117/1117/1117 1107/1107/1107 1118/1118/1118
f 1117/1117/1117 1118/1118/1118 1119/1119/1119
f 1117/1117/1117 1119/1119/1119 1120/1120/1120
f 1117/1117/1117 1120/1120/1120 1121/1121/1121
f 1117/1117/1117 1121/1121/1121 1122/1122/1122
f 1117/1117/1117 1122/1122/1122 1101/1101/1101
f 1117/1117/1117 1101/1101/1101 1100/1100/1100
f 1123/1123/1123 1124/1124/1124 1125/1125/1125
f 1123/1123/1123 1125/1125/1125 1126/1126/1126
f 1123/1123/1123 1126/1126/1126 1127/1127/1127
f 1123/1123/1123 1127/1127/1127 1128/1128/1128
f 1123/1123/1123 1128/1128/1128 1129/1129/1129
f 1123/1123/1123 1129/1129/1129 1130/1130/1130
f 1123/1123/1123 1130/1130/1130 1131/1131/1131
f 1123/1123/1123 1131/1131/1131 1124/1124/1124
f 1132/1132/1132 1124/1124/1124 1131/1131/1131
f 1132/1132/1132 1131/1131/1131 1133/1133/1133
f 1132/1132/1132 1133/1133/1133 1134/1134/1134
f 1132/1132/1132 1134/1134/1134 1135/1135/1135
f 1132/1132/1132 1135/1135/1135 1136/1136/1136
f 1132/1132/1132 1136/1136/1136 1137/1137/1137
f 1132/1132/1132 1137/1137/1137 1125/1125/1125
f 1132/1132/1132 1125/1125/1125 1124/1124/1124
f 1138/1138/1138 1139/1139/1139 1140/1140/1140
f 1138/1138/1138 1140/1140/1140 1141/1141/1141
f 1138/1138/1138 1141/1141/1141 1142/1142/1142
f 1138/1138/1138 1142/1142/1142 1143/1143/1143
f 1138/1138/1138 1143/1143/1143 1144/1144/1144
f 1138/1138/1138 1144/1144/1144 1145/1145/1145
f 1138/1138/1138 1145/1145/1145 1146/1146/1146
f 1138/1138/1138 1146/1146/1146 1139/1139/1139
f 1147/1147/1147 1143/1143/1143 1142/1142/1142
f 1147/1147/1147 1142/1142/1142 1148/1148/1148
f 1147/1147/1147 1148/1148/1148 1149/1149/1149
f 1147/1147/1147 1149/1149/1149 1150/1150/1150
f 1147/1147/1147 1150/1150/1150 1151/1151/1151
f 1147/1147/1147 1151/1151/1151 1152/1152/1152
f 1147/1147/1147 1152/1152/1152 1144/1144/1144
f 1147/1147/1147 1144/1144/1144 1143/1143/1143
f 1153/1153/1153 1150/1150/1150 1149/1149/1149
f 1153/1153/1153 1149/1149/1149 1154/1154/1154
f 1153/1153/1153 1154/1154/1154 1155/1155/1155
f 1153/1153/1153 1155/1155/1155 1156/1156/1156
f 1153/1153/1153 1156/1156/1156 1157/1157/1157
f 1153/1153/1153 1157/1157/1157 1158/1158/1158
f 1153/1153/1153 1158/1158/1158 1151/1151/1151
f 1153/1153/1153 1151/1151/1151 1150/1150/1150
f 1159/1159/1159 1160/1160/1160 1161/1161/1161
f 1159/1159/1159 1161/1161/1161 1162/1162/1162
f 1159/1159/1159 1162/1162/1162 1121/1121/1121
f 1159/1159/1159 1121/1121/1121 1120/1120/1120
f 1159/1159/1159 1120/1120/1120 1119/1119/1119
f 1159/1159/1159 1119/1119/1119 1163/1163/1163
f 1159/1159/1159 1163/1163/1163 1164/1164/1164
f 1159/1159/1159 1164/1164/1164 1160/1160/1160
f 1165/1165/1165 1166/1166/1166 1167/1167/1167
f 1165/1165/1165 1167/1167/1167 1168/1168/1168
f 1165/1165/1165 1168/1168/1168 1169/1169/1169
f 1165/1165/1165 1169/1169/1169 1170/1170/1170
f 1165/1165/1165 1170/1170/1170 1171/1171/1171
f 1165/1165/1165 1171/1171/1171 1172/1172/1172
f 1165/1165/1165 1172/1172/1172 1173/1173/1173
f 1165/1165/1165 1173/1173/1173 1166/1166/1166
f 1174/1174/1174 1175/1175/1175 1176/1176/1176
f 1174/1174/1174 1176/1176/1176 1177/1177/1177
f 1174/1174/1174 1177/1177/1177 1178/1178/1178
f 1174/1174/1174 1178/1178/1178 1179/1179/1179
f 1174/1174/1174 1179/1179/1179 1180/1180/1180
f 1174/1174/1174 1180/1180/1180 1181/1181/1181
f 1174/1174/1174 1181/1181/1181 1182/1182/1182
f 1174/1174/1174 1182/1182/1182 1175/1175/1175
f 1183/1183/1183 1184/1184/1184 1185/1185/1185
f 1183/1183/1183 1185/1185/1185 1186/1186/1186
f 1183/1183/1183 1186/1186/1186 1187/1187/1187
f 1183/1183/1183 1187/1187/1187 1188/1188/1188
f 1183/1183/1183 1188/1188/1188 1043/1043/1043
f 1183/1183/1183 1043/1043/1043 1184/1184/1184
f 1189/1189/1189 1190/1190/1190 1191/1191/1191
f 1189/1189/1189 1191/1191/1191 1192/1192/1192
f 1189/1189/1189 1192/1192/1192 1193/1193/1193
f 1189/1189/1189 1193/1193/1193 1194/1194/1194
f 1189/1189/1189 1194/1194/1194 1195/1195/1195
f 1189/1189/1189 1195/1195/1195 1196/1196/1196
f 1189/1189/1189 1196/1196/1196 1197/1197/1197
f 1189/1189/1189 1197/1197/1197 1190/1190/1190
f 1198/1198/1198 1199/1199/1199 1200/1200/1200
f 1198/1198/1198 1200/1200/1200 1201/1201/1201
f 1198/1198/1198 1201/1201/1201 1195/1195/1195
f 1198/1198/1198 1195/1195/1195 1194/1194/1194
f 1198/1198/1198 1194/1194/1194 1193/1193/1193
f 1198/1198/1198 1193/1193/1193 1202/1202/1202
f 1198/1198/1198 1202/1202/1202 1203/1203/1203
f 1198/1198/1198 1203/1203/1203 1199/1199/1199
f 1204/1204/1204 1205/1205/1205 1206/1206/1206
f 1204/1204/1204 1206/1206/1206 1207/1207/1207
f 1204/1204/1204 1207/1207/1207 1208/1208/1208
f 1204/1204/1204 1208/1208/1208 1209/1209/1209
f 1204/1204/1204 1209/1209/1209 1210/1210/1210
f 1204/1204/1204 1210/1210/1210 1211/1211/1211
f 1204/1204/1204 1211/1211/1211 1212/1212/1212
f 1204/1204/1204 1212/1212/1212 1205/1205/1205
f 1213/1213/1213 1205/1205/1205 1212/1212/1212
f 1213/1213/1213 1212/1212/1212 1214/1214/1214
f 1213/1213/1213 1214/1214/1214 1215/1215/1215
f 1213/1213/1213 1215/1215/1215 1216/1216/1216
f 1213/1213/1213 1216/1216/1216 1217/1217/1217
f 1213/1213/1213 1217/1217/1217 1218/1218/1218
f 1213/1213/1213 1218/1218/1218 1206/1206/1206
f 1213/1213/1213 1206/1206/1206 1205/1205/1205
f 1219/1219/1219 1220/1220/1220 1221/1221/1221
f 1219/1219/1219 1221/1221/1221 1222/1222/1222
f 1219/1219/1219 1222/1222/1222 1223/1223/1223
f 1219/1219/1219 1223/1223/1223 1224/1224/1224
f 1219/1219/1219 1224/1224/1224 1225/1225/1225
f 1219/1219/1219 1225/1225/1225 1226/1226/1226
f 1219/1219/1219 1226/1226/1226 1227/1227/1227
f 1219/1219/1219 1227/1227/1227 1220/1220/1220
f 1228/1228/1228 1224/1224/1224 1223/1223/1223
f 1228/1228/1228 1223/1223/1223 1229/1229/1229
f 1228/1228/1228 1229/1229/1229 1230/1230/1230
f 1228/1228/1228 1230/1230/1230 1231/1231/1231
f 1228/1228/1228 1231/1231/1231 1232/1232/1232
f 1228/1228/1228 1232/1232/1232 1233/1233/1233
f 1228/1228/1228 1233/1233/1233 1225/1225/1225
f 1228/1228/1228 1225/1225/1225 1224/1224/1224
f 1234/1234/1234 1235/1235/1235 1236/1236/1236
f 1234/1234/1234 1236/1236/1236 1237/1237/1237
f 1234/1234/1234 1237/1237/1237 1238/1238/1238
f 1234/1234/1234 1238/1238/1238 1239/1239/1239
f 1234/1234/1234 1239/1239/1239 1240/1240/1240
f 1234/1234/1234 1240/1240/1240 1241/1241/1241
f 1234/1234/1234 1241/1241/1241 1242/1242/1242
f 1234/1234/1234 1242/1242/1242 1235/1235/1235
f 1243/1243/1243 1239/1239/1239 1238/1238/1238
f 1243/1243/1243 1238/1238/1238 1244/1244/1244
f 1243/1243/1243 1244/1244/1244 1245/1245/1245
f 1243/1243/1243 1245/1245/1245 1246/1246/1246
f 1243/1243/1243 1246/1246/1246 1247/1247/1247
f 1243/1243/1243 1247/1247/1247 1248/1248/1248
f 1243/1243/1243 1248/1248/1248 1240/1240/1240
f 1243/1243/1243 1240/1240/1240 1239/1239/1239
f 1249/1249/1249 1246/1246/1246 1245/1245/1245
f 1249/1249/1249 1245/1245/1245 1250/1250/1250
f 1249/1249/1249 1250/1250/1250 1251/1251/1251
f 1249/1249/1249 1251/1251/1251 1252/1252/1252
f 1249/1249/1249 1252/1252/1252 1253/1253/1253
f 1249/1249/1249 1253/1253/1253 1254/1254/1254
f 1249/1249/1249 1254/1254/1254 1247/1247/1247
f 1249/1249/1249 1247/1247/1247 1246/1246/1246
f 1255/1255/1255 1256/1256/1256 1257/1257/1257
f 1255/1255/1255 1257/1257/1257 1258/1258/1258
f 1255/1255/1255 1258/1258/1258 1210/1210/1210
f 1255/1255/1255 1210/1210/1210 1209/1209/1209
f 1255/1255/1255 1209/1209/1209 1208/1208/1208
f 1255/1255/1255 1208/1208/1208 1259/1259/1259
f 1255/1255/1255 1259/1259/1259 1260/1260/1260
f 1255/1255/1255 1260/1260/1260 1256/1256/1256
f 1261/1261/1261 1262/1262/1262 1263/1263/1263
f 1261/1261/1261 1263/1263/1263 1264/1264/1264
f 1261/1261/1261 1264/1264/1264 1265/1265/1265
f 1261/1261/1261 1265/1265/1265 1266/1266/1266
f 1261/1261/1261 1266/1266/1266 1267/1267/1267
f 1261/1261/1261 1267/1267/1267 1268/1268/1268
f 1261/1261/1261 1268/1268/1268 1269/1269/1269
f 1261/1261/1261 1269/1269/1269 1262/1262/1262
f 1270/1270/1270 1271/1271/1271 1272/1272/1272
f 1270/1270/1270 1272/1272/1272 1273/1273/1273
f 1270/1270/1270 1273/1273/1273 1274/1274/1274
f 1270/1270/1270 1274/1274/1274 1275/1275/1275
f 1270/1270/1270 1275/1275/1275 1276/1276/1276
f 1270/1270/1270 1276/1276/1276 1277/1277/1277
f 1270/1270/1270 1277/1277/1277 1278/1278/1278
f 1270/1270/1270 1278/1278/1278 1271/1271/1271
f 1279/1279/1279 1275/1275/1275 1274/1274/1274
f 1279/1279/1279 1274/1274/1274 1280/1280/1280
f 1279/1279/1279 1280/1280/1280 1281/1281/1281
f 1279/1279/1279 1281/1281/1281 1282/1282/1282
f 1279/1279/1279 1282/1282/1282 1283/1283/1283
f 1279/1279/1279 1283/1283/1283 1284/1284/1284
f 1279/1279/1279 1284/1284/1284 1276/1276/1276
f 1279/1279/1279 1276/1276/1276 1275/1275/1275
f 1285/1285/1285 1286/1286/1286 1287/1287/1287
f 1285/1285/1285 1287/1287/1287 1288/1288/1288
f 1285/1285/1285 1288/1288/1288 1289/1289/1289
f 1285/1285/1285 1289/1289/1289 1290/1290/1290
f 1285/1285/1285 1290/1290/1290 1291/1291/1291
f 1285/1285/1285 1291/1291/1291 1292/1292/1292
f 1285/1285/1285 1292/1292/1292 1293/1293/1293
f 1285/1285/1285 1293/1293/1293 1286/1286/1286
f 1294/1294/1294 1295/1295/1295 1296/1296/1296
f 1294/1294/1294 1296/1296/1296 1297/1297/1297
f 1294/1294/1294 1297/1297/1297 1298/1298/1298
f 1294/1294/1294 1298/1298/1298 1299/1299/1299
f 1294/1294/1294 1299/1299/1299 1300/1300/1300
f 1294/1294/1294 1300/1300/1300 1301/1301/1301
f 1294/1294/1294 1301/1301/1301 1302/1302/1302
f 1294/1294/1294 1302/1302/1302 1295/1295/1295
f 1303/1303/1303 1304/1304/1304 1305/1305/1305
f 1303/1303/1303 1305/1305/1305 1306/1306/1306
f 1303/1303/1303 1306/1306/1306 1307/1307/1307
f 1303/1303/1303 1307/1307/1307 1308/1308/1308
f 1303/1303/1303 1308/1308/1308 1309/1309/1309
f 1303/1303/1303 1309/1309/1309 1310/1310/1310
f 1303/1303/1303 1310/1310/1310 1311/1311/1311
f 1303/1303/1303 1311/1311/1311 1304/1304/1304
f 1312/1312/1312 1313/1313/1313 1314/1314/1314
f 1312/1312/1312 1314/1314/1314 1315/1315/1315
f 1312/1312/1312 1315/1315/1315 1316/1316/1316
f 1312/1312/1312 1316/1316/1316 1317/1317/1317
f 1312/1312/1312 1317/1317/1317 1318/1318/1318
f 1312/1312/1312 1318/1318/1318 1319/1319/1319
f 1312/1312/1312 1319/1319/1319 1320/1320/1320
f 1312/1312/1312 1320/1320/1320 1313/1313/1313
f 1321/1321/1321 1042/1042/1042 1049/1049/1049
f 1321/1321/1321 1049/1049/1049 1322/1322/1322
f 1321/1321/1321 1322/1322/1322 1323/1323/1323
f 1321/1321/1321 1323/1323/1323 1324/1324/1324
f 1321/1321/1321 1324/1324/1324 1180/1180/1180
f 1321/1321/1321 1180/1180/1180 1325/1325/1325
f 1321/1321/1321 1325/1325/1325 1043/1043/1043
f 1321/1321/1321 1043/1043/1043 1042/1042/1042
f 1326/1326/1326 1327/1327/1327 1328/1328/1328
f 1326/1326/1326 1328/1328/1328 1329/1329/1329
f 1326/1326/1326 1329/1329/1329 1330/1330/1330
f 1326/1326/1326 1330/1330/1330 1331/1331/1331
f 1326/1326/1326 1331/1331/1331 1332/1332/1332
f 1326/1326/1326 1332/1332/1332 1333/1333/1333
f 1326/1326/1326 1333/1333/1333 1334/1334/1334
f 1326/1326/1326 1334/1334/1334 1327/1327/1327
f 1335/1335/1335 1336/1336/1336 1337/1337/1337
f 1335/1335/1335 1337/1337/1337 1338/1338/1338
f 1335/1335/1335 1338/1338/1338 1339/1339/1339
f 1335/1335/1335 1339/1339/1339 1340/1340/1340
f 1335/1335/1335 1340/1340/1340 1330/1330/1330
f 1335/1335/1335 1330/1330/1330 1329/1329/1329
f 1335/1335/1335 1329/1329/1329 1328/1328/1328
f 1335/1335/1335 1328/1328/1328 1336/1336/1336
f 1341/1341/1341 1331/1331/1331 1330/1330/1330
f 1341/1341/1341 1330/1330/1330 1342/1342/1342
f 1341/1341/1341 1342/1342/1342 1343/1343/1343
f 1341/1341/1341 1343/1343/1343 1344/1344/1344
f 1341/1341/1341 1344/1344/1344 1345/1345/1345
f 1341/1341/1341 1345/1345/1345 1346/1346/1346
f 1341/1341/1341 1346/1346/1346 1332/1332/1332
f 1341/1341/1341 1332/1332/1332 1331/1331/1331
f 1347/1347/1347 1340/1340/1340 1339/1339/1339
f 1347/1347/1347 1339/1339/1339 1348/1348/1348
f 1347/1347/1347 1348/1348/1348 1349/1349/1349
f 1347/1347/1347 1349/1349/1349 1350/1350/1350
f 1347/1347/1347 1350/1350/1350 1343/1343/1343
f 1347/1347/1347 1343/1343/1343 1342/1342/1342
f 1347/1347/1347 1342/1342/1342 1330/1330/1330
f 1347/1347/1347 1330/1330/1330 1340/1340/1340
f 1351/1351/1351 1352/1352/1352 1353/1353/1353
f 1351/1351/1351 1353/1353/1353 1354/1354/1354
f 1351/1351/1351 1354/1354/1354 1355/1355/1355
f 1351/1351/1351 1355/1355/1355 1356/1356/1356
f 1351/1351/1351 1356/1356/1356 1357/1357/1357
f 1351/1351/1351 1357/1357/1357 1358/1358/1358
f 1351/1351/1351 1358/1358/1358 1359/1359/1359
f 1351/1351/1351 1359/1359/1359 1352/1352/1352
f 1360/1360/1360 1361/1361/1361 1355/1355/1355
f 1360/1360/1360 1355/1355/1355 1354/1354/1354
f 1360/1360/1360 1354/1354/1354 1353/1353/1353
f 1360/1360/1360 1353/1353/1353 1362/1362/1362
f 1360/1360/1360 1362/1362/1362 1363/1363/1363
f 1360/1360/1360 1363/1363/1363 1364/1364/1364
f 1360/1360/1360 1364/1364/1364 1365/1365/1365
f 1360/1360/1360 1365/1365/1365 1361/1361/1361
f 1366/1366/1366 1367/1367/1367 1368/1368/1368
f 1366/1366/1366 1368/1368/1368 1369/1369/1369
f 1366/1366/1366 1369/1369/1369 1370/1370/1370
f 1366/1366/1366 1370/1370/1370 1371/1371/1371
f 1366/1366/1366 1371/1371/1371 1372/1372/1372
f 1366/1366/1366 1372/1372/1372 1373/1373/1373
f 1366/1366/1366 1373/1373/1373 1374/1374/1374
f 1366/1366/1366 1374/1374/1374 1367/1367/1367
f 1375/1375/1375 1376/1376/1376 1377/1377/1377
f 1375/1375/1375 1377/1377/1377 1378/1378/1378
f 1375/1375/1375 1378/1378/1378 1379/1379/1379
f 1375/1375/1375 1379/1379/1379 1380/1380/1380
f 1375/1375/1375 1380/1380/1380 1372/1372/1372
f 1375/1375/1375 1372/1372/1372 1371/1371/1371
f 1375/1375/1375 1371/1371/1371 1370/1370/1370
f 1375/1375/1375 1370/1370/1370 1376/1376/1376
f 1381/1381/1381 1382/1382/1382 1383/1383/1383
f 1381/1381/1381 1383/1383/1383 1384/1384/1384
f 1381/1381/1381 1384/1384/1384 1385/1385/1385
f 1381/1381/1381 1385/1385/1385 1386/1386/1386
f 1381/1381/1381 1386/1386/1386 1387/1387/1387
f 1381/1381/1381 1387/1387/1387 1388/1388/1388
f 1381/1381/1381 1388/1388/1388 1389/1389/1389
f 1381/1381/1381 1389/1389/1389 1382/1382/1382
f 1390/1390/1390 1391/1391/1391 1392/1392/1392
f 1390/1390/1390 1392/1392/1392 1393/1393/1393
f 1390/1390/1390 1393/1393/1393 1394/1394/1394
f 1390/1390/1390 1394/1394/1394 1395/1395/1395
f 1390/1390/1390 1395/1395/1395 1396/1396/1396
f 1390/1390/1390 1396/1396/1396 1397/1397/1397
f 1390/1390/1390 1397/1397/1397 1398/1398/1398
f 1390/1390/1390 1398/1398/1398 1391/1391/1391
f 1399/1399/1399 1395/1395/1395 1394/1394/1394
f 1399/1399/1399 1394/1394/1394 1400/1400/1400
f 1399/1399/1399 1400/1400/1400 1401/1401/1401
f 1399/1399/1399 1401/1401/1401 1402/1402/1402
f 1399/1399/1399 1402/1402/1402 1403/1403/1403
f 1399/1399/1399 1403/1403/1403 1404/1404/1404
f 1399/1399/1399 1404/1404/1404 1396/1396/1396
f 1399/1399/1399 1396/1396/1396 1395/1395/1395
f 1405/1405/1405 1406/1406/1406 1407/1407/1407
f 1405/1405/1405 1407/1407/1407 1408/1408/1408
f 1405/1405/1405 1408/1408/1408 1409/1409/1409
f 1405/1405/1405 1409/1409/1409 1410/1410/1410
f 1405/1405/1405 1410/1410/1410 1411/1411/1411
f 1405/1405/1405 1411/1411/1411 1412/1412/1412
f 1405/1405/1405 1412/1412/1412 1413/1413/1413
f 1405/1405/1405 1413/1413/1413 1406/1406/1406
f 1414/1414/1414 1415/1415/1415 1416/1416/1416
f 1414/1414/1414 1416/1416/1416 1417/1417/1417
f 1414/1414/1414 1417/1417/1417 1418/1418/1418
f 1414/1414/1414 1418/1418/1418 1419/1419/1419
f 1414/1414/1414 1419/1419/1419 1420/1420/1420
f 1414/1414/1414 1420/1420/1420 1421/1421/1421
f 1414/1414/1414 1421/1421/1421 1422/1422/1422
f 1414/1414/1414 1422/1422/1422 1415/1415/1415
f 1423/1423/1423 1424/1424/1424 1425/1425/1425
f 1423/1423/1423 1425/1425/1425 1426/1426/1426
f 1423/1423/1423 1426/1426/1426 1427/1427/1427
f 1423/1423/1423 1427/1427/1427 1428/1428/1428
f 1423/1423/1423 1428/1428/1428 1429/1429/1429
f 1423/1423/1423 1429/1429/1429 1430/1430/1430
f 1423/1423/1423 1430/1430/1430 1431/1431/1431
f 1423/1423/1423 1431/1431/1431 1424/1424/1424
f 1432/1432/1432 1415/1415/1415 1422/1422/1422
f 1432/1432/1432 1422/1422/1422 1433/1433/1433
f 1432/1432/1432 1433/1433/1433 1434/1434/1434
f 1432/1432/1432 1434/1434/1434 1435/1435/1435
f 1432/1432/1432 1435/1435/1435 1436/1436/1436
f 1432/1432/1432 1436/1436/1436 1437/1437/1437
f 1432/1432/1432 1437/1437/1437 1416/1416/1416
f 1432/1432/1432 1416/1416/1416 1415/1415/1415
f 1438/1438/1438 1439/1439/1439 1440/1440/1440
f 1438/1438/1438 1440/1440/1440 1441/1441/1441
f 1438/1438/1438 1441/1441/1441 1442/1442/1442
f 1438/1438/1438 1442/1442/1442 1443/1443/1443
f 1438/1438/1438 1443/1443/1443 1444/1444/1444
f 1438/1438/1438 1444/1444/1444 1445/1445/1445
f 1438/1438/1438 1445/1445/1445 1446/1446/1446
f 1438/1438/1438 1446/1446/1446 1439/1439/1439
f 1447/1447/1447 1448/1448/1448 1449/1449/1449
f 1447/1447/1447 1449/1449/1449 1450/1450/1450
f 1447/1447/1447 1450/1450/1450 1451/1451/1451
f 1447/1447/1447 1451/1451/1451 1452/1452/1452
f 1447/1447/1447 1452/1452/1452 1453/1453/1453
f 1447/1447/1447 1453/1453/1453 1454/1454/1454
f 1447/1447/1447 1454/1454/1454 1455/1455/1455
f 1447/1447/1447 1455/1455/1455 1448/1448/1448
f 1456/1456/1456 1452/1452/1452 1451/1451/1451
f 1456/1456/1456 1451/1451/1451 1457/1457/1457
f 1456/1456/1456 1457/1457/1457 1458/1458/1458
f 1456/1456/1456 1458/1458/1458 1459/1459/1459
f 1456/1456/1456 1459/1459/1459 1460/1460/1460
f 1456/1456/1456 1460/1460/1460 1461/1461/1461
f 1456/1456/1456 1461/1461/1461 1453/1453/1453
f 1456/1456/1456 1453/1453/1453 1452/1452/1452
f 1462/1462/1462 1459/1459/1459 1458/1458/1458
f 1462/1462/1462 1458/1458/1458 1463/1463/1463
f 1462/1462/1462 1463/1463/1463 1464/1464/1464
f 1462/1462/1462 1464/1464/1464 1465/1465/1465
f 1462/1462/1462 1465/1465/1465 1466/1466/1466
f 1462/1462/1462 1466/1466/1466 1467/1467/1467
f 1462/1462/1462 1467/1467/1467 1460/1460/1460
f 1462/1462/1462 1460/1460/1460 1459/1459/1459
f 1468/1468/1468 1469/1469/1469 1470/1470/1470
f 1468/1468/1468 1470/1470/1470 1471/1471/1471
f 1468/1468/1468 1471/1471/1471 1436/1436/1436
f 1468/1468/1468 1436/1436/1436 1435/1435/1435
f 1468/1468/1468 1435/1435/1435 1434/1434/1434
f 1468/1468/1468 1434/1434/1434 1472/1472/1472
f 1468/1468/1468 1472/1472/1472 1473/1473/1473
f 1468/1468/1468 1473/1473/1473 1469/1469/1469
f 1474/1474/1474 1475/1475/1475 1476/1476/1476
f 1474/1474/1474 1476/1476/1476 1477/1477/1477
f 1474/1474/1474 1477/1477/1477 1478/1478/1478
f 1474/1474/1474 1478/1478/1478 1479/1479/1479
f 1474/1474/1474 1479/1479/1479 1480/1480/1480
f 1474/1474/1474 1480/1480/1480 1481/1481/1481
f 1474/1474/1474 1481/1481/1481 1482/1482/1482
f 1474/1474/1474 1482/1482/1482 1475/1475/1475
f 1483/1483/1483 1484/1484/1484 1485/1485/1485
f 1483/1483/1483 1485/1485/1485 1486/1486/1486
f 1483/1483/1483 1486/1486/1486 1487/1487/1487
f 1483/1483/1483 1487/1487/1487 1488/1488/1488
f 1483/1483/1483 1488/1488/1488 1489/1489/1489
f 1483/1483/1483 1489/1489/1489 1490/1490/1490
f 1483/1483/1483 1490/1490/1490 1491/1491/1491
f 1483/1483/1483 1491/1491/1491 1484/1484/1484
f 1492/1492/1492 1493/1493/1493 1090/1090/1090
f 1492/1492/1492 1090/1090/1090 1494/1494/1494
f 1492/1492/1492 1494/1494/1494 1495/1495/1495
f 1492/1492/1492 1495/1495/1495 1496/1496/1496
f 1492/1492/1492 1496/1496/1496 1411/1411/1411
f 1492/1492/1492 1411/1411/1411 1410/1410/1410
f 1492/1492/1492 1410/1410/1410 1409/1409/1409
f 1492/1492/1492 1409/1409/1409 1493/1493/1493
f 1497/1497/1497 1498/1498/1498 1499/1499/1499
f 1497/1497/1497 1499/1499/1499 1500/1500/1500
f 1497/1497/1497 1500/1500/1500 1501/1501/1501
f 1497/1497/1497 1501/1501/1501 1502/1502/1502
f 1497/1497/1497 1502/1502/1502 1503/1503/1503
f 1497/1497/1497 1503/1503/1503 1498/1498/1498
f 1504/1504/1504 1505/1505/1505 1506/1506/1506
f 1504/1504/1504 1506/1506/1506 1507/1507/1507
f 1504/1504/1504 1507/1507/1507 1440/1440/1440
f 1504/1504/1504 1440/1440/1440 1439/1439/1439
f 1504/1504/1504 1439/1439/1439 1446/1446/1446
f 1504/1504/1504 1446/1446/1446 1508/1508/1508
f 1504/1504/1504 1508/1508/1508 1509/1509/1509
f 1504/1504/1504 1509/1509/1509 1505/1505/1505
f 1510/1510/1510 1511/1511/1511 1512/1512/1512
f 1510/1510/1510 1512/1512/1512 1513/1513/1513
f 1510/1510/1510 1513/1513/1513 1514/1514/1514
f 1510/1510/1510 1514/1514/1514 1515/1515/1515
f 1510/1510/1510 1515/1515/1515 1516/1516/1516
f 1510/1510/1510 1516/1516/1516 1517/1517/1517
f 1510/1510/1510 1517/1517/1517 1518/1518/1518
f 1510/1510/1510 1518/1518/1518 1511/1511/1511
f 1519/1519/1519 1520/1520/1520 1518/1518/1518
f 1519/1519/1519 1518/1518/1518 1517/1517/1517
f 1519/1519/1519 1517/1517/1517 1516/1516/1516
f 1519/1519/1519 1516/1516/1516 1521/1521/1521
f 1519/1519/1519 1521/1521/1521 1372/1372/1372
f 1519/1519/1519 1372/1372/1372 1380/1380/1380
f 1519/1519/1519 1380/1380/1380 1379/1379/1379
f 1519/1519/1519 1379/1379/1379 1520/1520/1520
f 1522/1522/1522 1523/1523/1523 1374/1374/1374
f 1522/1522/1522 1374/1374/1374 1524/1524/1524
f 1522/1522/1522 1524/1524/1524 1525/1525/1525
f 1522/1522/1522 1525/1525/1525 1526/1526/1526
f 1522/1522/1522 1526/1526/1526 1527/1527/1527
f 1522/1522/1522 1527/1527/1527 1528/1528/1528
f 1522/1522/1522 1528/1528/1528 1529/1529/1529
f 1522/1522/1522 1529/1529/1529 1523/1523/1523
f 1530/1530/1530 1531/1531/1531 1529/1529/1529
f 1530/1530/1530 1529/1529/1529 1528/1528/1528
f 1530/1530/1530 1528/1528/1528 1527/1527/1527
f 1530/1530/1530 1527/1527/1527 1532/1532/1532
f 1530/1530/1530 1532/1532/1532 1514/1514/1514
f 1530/1530/1530 1514/1514/1514 1533/1533/1533
f 1530/1530/1530 1533/1533/1533 1501/1501/1501
f 1530/1530/1530 1501/1501/1501 1531/1531/1531
f 1534/1534/1534 1535/1535/1535 1536/1536/1536
f 1534/1534/1534 1536/1536/1536 1537/1537/1537
f 1534/1534/1534 1537/1537/1537 1538/1538/1538
f 1534/1534/1534 1538/1538/1538 1539/1539/1539
f 1534/1534/1534 1539/1539/1539 1540/1540/1540
f 1534/1534/1534 1540/1540/1540 1541/1541/1541
f 1534/1534/1534 1541/1541/1541 1542/1542/1542
f 1534/1534/1534 1542/1542/1542 1535/1535/1535
f 1543/1543/1543 1544/1544/1544 1542/1542/1542
f 1543/1543/1543 1542/1542/1542 1541/1541/1541
f 1543/1543/1543 1541/1541/1541 1540/1540/1540
f 1543/1543/1543 1540/1540/1540 1545/1545/1545
f 1543/1543/1543 1545/1545/1545 1546/1546/1546
f 1543/1543/1543 1546/1546/1546 1547/1547/1547
f 1543/1543/1543 1547/1547/1547 1548/1548/1548
f 1543/1543/1543 1548/1548/1548 1544/1544/1544
f 1549/1549/1549 1550/1550/1550 1551/1551/1551
f 1549/1549/1549 1551/1551/1551 1552/1552/1552
f 1549/1549/1549 1552/1552/1552 1553/1553/1553
f 1549/1549/1549 1553/1553/1553 1554/1554/1554
f 1549/1549/1549 1554/1554/1554 1555/1555/1555
f 1549/1549/1549 1555/1555/1555 1556/1556/1556
f 1549/1549/1549 1556/1556/1556 1557/1557/1557
f 1549/1549/1549 1557/1557/1557 1550/1550/1550
f 1558/1558/1558 1559/1559/1559 1557/1557/1557
f 1558/1558/1558 1557/1557/1557 1556/1556/1556
f 1558/1558/1558 1556/1556/1556 1555/1555/1555
f 1558/1558/1558 1555/1555/1555 1560/1560/1560
f 1558/1558/1558 1560/1560/1560 1561/1561/1561
f 1558/1558/1558 1561/1561/1561 1562/1562/1562
f 1558/1558/1558 1562/1562/1562 1563/1563/1563
f 1558/1558/1558 1563/1563/1563 1559/1559/1559
f 1564/1564/1564 1554/1554/1554 1553/1553/1553
f 1564/1564/1564 1553/1553/1553 1565/1565/1565
f 1564/1564/1564 1565/1565/1565 1566/1566/1566
f 1564/1564/1564 1566/1566/1566 1567/1567/1567
f 1564/1564/1564 1567/1567/1567 1568/1568/1568
f 1564/1564/1564 1568/1568/1568 1569/1569/1569
f 1564/1564/1564 1569/1569/1569 1555/1555/1555
f 1564/1564/1564 1555/1555/1555 1554/1554/1554
f 1570/1570/1570 1560/1560/1560 1555/1555/1555
f 1570/1570/1570 1555/1555/1555 1569/1569/1569
f 1570/1570/1570 1569/1569/1569 1568/1568/1568
f 1570/1570/1570 1568/1568/1568 1571/1571/1571
f 1570/1570/1570 1571/1571/1571 1572/1572/1572
f 1570/1570/1570 1572/1572/1572 1573/1573/1573
f 1570/1570/1570 1573/1573/1573 1561/1561/1561
f 1570/1570/1570 1561/1561/1561 1560/1560/1560
f 1574/1574/1574 1575/1575/1575 1576/1576/1576
f 1574/1574/1574 1576/1576/1576 1577/1577/1577
f 1574/1574/1574 1577/1577/1577 1578/1578/1578
f 1574/1574/1574 1578/1578/1578 1579/1579/1579
f 1574/1574/1574 1579/1579/1579 1580/1580/1580
f 1574/1574/1574 1580/1580/1580 1581/1581/1581
f 1574/1574/1574 1581/1581/1581 1582/1582/1582
f 1574/1574/1574 1582/1582/1582 1575/1575/1575
f 1583/1583/1583 1584/1584/1584 1582/1582/1582
f 1583/1583/1583 1582/1582/1582 1581/1581/1581
f 1583/1583/1583 1581/1581/1581 1580/1580/1580
f 1583/1583/1583 1580/1580/1580 1585/1585/1585
f 1583/1583/1583 1585/1585/1585 1586/1586/1586
f 1583/1583/1583 1586/1586/1586 1587/1587/1587
f 1583/1583/1583 1587/1587/1587 1588/1588/1588
f 1583/1583/1583 1588/1588/1588 1584/1584/1584
f 1589/1589/1589 1579/1579/1579 1578/1578/1578
f 1589/1589/1589 1578/1578/1578 1590/1590/1590
f 1589/1589/1589 1590/1590/1590 1591/1591/1591
f 1589/1589/1589 1591/1591/1591 1592/1592/1592
f 1589/1589/1589 1592/1592/1592 1593/1593/1593
f 1589/1589/1589 1593/1593/1593 1594/1594/1594
f 1589/1589/1589 1594/1594/1594 1580/1580/1580
f 1589/1589/1589 1580/1580/1580 1579/1579/1579
f 1595/1595/1595 1585/1585/1585 1580/1580/1580
f 1595/1595/1595 1580/1580/1580 1594/1594/1594
f 1595/1595/1595 1594/1594/1594 1593/1593/1593
f 1595/1595/1595 1593/1593/1593 1596/1596/1596
f 1595/1595/1595 1596/1596/1596 1597/1597/1597
f 1595/1595/1595 1597/1597/1597 1598/1598/1598
f 1595/1595/1595 1598/1598/1598 1586/1586/1586
f 1595/1595/1595 1586/1586/1586 1585/1585/1585
f 1599/1599/1599 1600/1600/1600 1601/1601/1601
f 1599/1599/1599 1601/1601/1601 1602/1602/1602
f 1599/1599/1599 1602/1602/1602 1603/1603/1603
f 1599/1599/1599 1603/1603/1603 1604/1604/1604
f 1599/1599/1599 1604/1604/1604 1605/1605/1605
f 1599/1599/1599 1605/1605/1605 1606/1606/1606
f 1599/1599/1599 1606/1606/1606 1607/1607/1607
f 1599/1599/1599 1607/1607/1607 1600/1600/1600
f 1608/1608/1608 1609/1609/1609 1607/1607/1607
f 1608/1608/1608 1607/1607/1607 1606/1606/1606
f 1608/1608/1608 1606/1606/1606 1605/1605/1605
f 1608/1608/1608 1605/1605/1605 1610/1610/1610
f 1608/1608/1608 1610/1610/1610 1611/1611/1611
f 1608/1608/1608 1611/1611/1611 1612/1612/1612
f 1608/1608/1608 1612/1612/1612 1613/1613/1613
f 1608/1608/1608 1613/1613/1613 1609/1609/1609
f 1614/1614/1614 1615/1615/1615 1616/1616/1616
f 1614/1614/1614 1616/1616/1616 1617/1617/1617
f 1614/1614/1614 1617/1617/1617 1618/1618/1618
f 1614/1614/1614 1618/1618/1618 1619/1619/1619
f 1614/1614/1614 1619/1619/1619 1620/1620/1620
f 1614/1614/1614 1620/1620/1620 1621/1621/1621
f 1614/1614/1614 1621/1621/1621 1622/1622/1622
f 1614/1614/1614 1622/1622/1622 1615/1615/1615
f 1623/1623/1623 1624/1624/1624 1622/1622/1622
f 1623/1623/1623 1622/1622/1622 1621/1621/1621
f 1623/1623/1623 1621/1621/1621 1620/1620/1620
f 1623/1623/1623 1620/1620/1620 1625/1625/1625
f 1623/1623/1623 1625/1625/1625 1626/1626/1626
f 1623/1623/1623 1626/1626/1626 1627/1627/1627
f 1623/1623/1623 1627/1627/1627 1628/1628/1628
f 1623/1623/1623 1628/1628/1628 1624/1624/1624
f 1629/1629/1629 1619/1619/1619 1618/1618/1618
f 1629/1629/1629 1618/1618/1618 1630/1630/1630
f 1629/1629/1629 1630/1630/1630 1631/1631/1631
f 1629/1629/1629 1631/1631/1631 1632/1632/1632
f 1629/1629/1629 1632/1632/1632 1633/1633/1633
f 1629/1629/1629 1633/1633/1633 1634/1634/1634
f 1629/1629/1629 1634/1634/1634 1620/1620/1620
f 1629/1629/1629 1620/1620/1620 1619/1619/1619
f 1635/1635/1635 1625/1625/1625 1620/1620/1620
f 1635/1635/1635 1620/1620/1620 1634/1634/1634
f 1635/1635/1635 1634/1634/1634 1633/1633/1633
f 1635/1635/1635 1633/1633/1633 1636/1636/1636
f 1635/1635/1635 1636/1636/1636 1637/1637/1637
f 1635/1635/1635 1637/1637/1637 1638/1638/1638
f 1635/1635/1635 1638/1638/1638 1626/1626/1626
f 1635/1635/1635 1626/1626/1626 1625/1625/1625
f 1639/1639/1639 1640/1640/1640 1641/1641/1641
f 1639/1639/1639 1641/1641/1641 1642/1642/1642
f 1639/1639/1639 1642/1642/1642 1643/1643/1643
f 1639/1639/1639 1643/1643/1643 1644/1644/1644
f 1639/1639/1639 1644/1644/1644 1645/1645/1645
f 1639/1639/1639 1645/1645/1645 1646/1646/1646
f 1639/1639/1639 1646/1646/1646 1647/1647/1647
f 1639/1639/1639 1647/1647/1647 1640/1640/1640
f 1648/1648/1648 1649/1649/1649 1647/1647/1647
f 1648/1648/1648 1647/1647/1647 1646/1646/1646
f 1648/1648/1648 1646/1646/1646 1645/1645/1645
f 1648/1648/1648 1645/1645/1645 1650/1650/1650
f 1648/1648/1648 1650/1650/1650 1651/1651/1651
f 1648/1648/1648 1651/1651/1651 1652/1652/1652
f 1648/1648/1648 1652/1652/1652 1653/1653/1653
f 1648/1648/1648 1653/1653/1653 1649/1649/1649
f 1654/1654/1654 1644/1644/1644 1643/1643/1643
f 1654/1654/1654 1643/1643/1643 1655/1655/1655
f 1654/1654/1654 1655/1655/1655 1656/1656/1656
f 1654/1654/1654 1656/1656/1656 1657/1657/1657
f 1654/1654/1654 1657/1657/1657 1658/1658/1658
f 1654/1654/1654 1658/1658/1658 1659/1659/1659
f 1654/1654/1654 1659/1659/1659 1645/1645/1645
f 1654/1654/1654 1645/1645/1645 1644/1644/1644
f 1660/1660/1660 1650/1650/1650 1645/1645/1645
f 1660/1660/1660 1645/1645/1645 1659/1659/1659
f 1660/1660/1660 1659/1659/1659 1658/1658/1658
f 1660/1660/1660 1658/1658/1658 1661/1661/1661
f 1660/1660/1660 1661/1661/1661 1662/1662/1662
f 1660/1660/1660 1662/1662/1662 1663/1663/1663
f 1660/1660/1660 1663/1663/1663 1651/1651/1651
f 1660/1660/1660 1651/1651/1651 1650/1650/1650
f 1664/1664/1664 1665/1665/1665 1666/1666/1666
f 1664/1664/1664 1666/1666/1666 1667/1667/1667
f 1664/1664/1664 1667/1667/1667 1668/1668/1668
f 1664/1664/1664 1668/1668/1668 1669/1669/1669
f 1664/1664/1664 1669/1669/1669 1670/1670/1670
f 1664/1664/1664 1670/1670/1670 1671/1671/1671
f 1664/1664/1664 1671/1671/1671 1672/1672/1672
f 1664/1664/1664 1672/1672/1672 1665/1665/1665
f 1673/1673/1673 1674/1674/1674 1672/1672/1672
f 1673/1673/1673 1672/1672/1672 1671/1671/1671
f 1673/1673/1673 1671/1671/1671 1670/1670/1670
f 1673/1673/1673 1670/1670/1670 1675/1675/1675
f 1673/1673/1673 1675/1675/1675 1676/1676/1676
f 1673/1673/1673 1676/1676/1676 1677/1677/1677
f 1673/1673/1673 1677/1677/1677 1678/1678/1678
f 1673/1673/1673 1678/1678/1678 1674/1674/1674
f 1679/1679/1679 1669/1669/1669 1668/1668/1668
f 1679/1679/1679 1668/1668/1668 1680/1680/1680
f 1679/1679/1679 1680/1680/1680 1681/1681/1681
f 1679/1679/1679 1681/1681/1681 1682/1682/1682
f 1679/1679/1679 1682/1682/1682 1683/1683/1683
f 1679/1679/1679 1683/1683/1683 1684/1684/1684
f 1679/1679/1679 1684/1684/1684 1670/1670/1670
f 1679/1679/1679 1670/1670/1670 1669/1669/1669
f 1685/1685/1685 1675/1675/1675 1670/1670/1670
f 1685/1685/1685 1670/1670/1670 1684/1684/1684
f 1685/1685/1685 1684/1684/1684 1683/1683/1683
f 1685/1685/1685 1683/1683/1683 1686/1686/1686
f 1685/1685/1685 1686/1686/1686 1687/1687/1687
f 1685/1685/1685 1687/1687/1687 1688/1688/1688
f 1685/1685/1685 1688/1688/1688 1676/1676/1676
f 1685/1685/1685 1676/1676/1676 1675/1675/1675
f 1689/1689/1689 1682/1682/1682 1681/1681/1681
f 1689/1689/1689 1681/1681/1681 1690/1690/1690
f 1689/1689/1689 1690/1690/1690 1691/1691/1691
f 1689/1689/1689 1691/1691/1691 1692/1692/1692
f 1689/1689/1689 1692/1692/1692 1693/1693/1693
f 1689/1689/1689 1693/1693/1693 1694/1694/1694
f 1689/1689/1689 1694/1694/1694 1683/1683/1683
f 1689/1689/1689 1683/1683/1683 1682/1682/1682
f 1695/1695/1695 1686/1686/1686 1683/1683/1683
f 1695/1695/1695 1683/1683/1683 1694/1694/1694
f 1695/1695/1695 1694/1694/1694 1693/1693/1693
f 1695/1695/1695 1693/1693/1693 1696/1696/1696
f 1695/1695/1695 1696/1696/1696 1697/1697/1697
f 1695/1695/1695 1697/1697/1697 1698/1698/1698
f 1695/1695/1695 1698/1698/1698 1687/1687/1687
f 1695/1695/1695 1687/1687/1687 1686/1686/1686
f 1699/1699/1699 1632/1632/1632 1631/1631/1631
f 1699/1699/1699 1631/1631/1631 1700/1700/1700
f 1699/1699/1699 1700/1700/1700 1701/1701/1701
f 1699/1699/1699 1701/1701/1701 1702/1702/1702
f 1699/1699/1699 1702/1702/1702 1703/1703/1703
f 1699/1699/1699 1703/1703/1703 1704/1704/1704
f 1699/1699/1699 1704/1704/1704 1633/1633/1633
f 1699/1699/1699 1633/1633/1633 1632/1632/1632
f 1705/1705/1705 1636/1636/1636 1633/1633/1633
f 1705/1705/1705 1633/1633/1633 1704/1704/1704
f 1705/1705/1705 1704/1704/1704 1703/1703/1703
f 1705/1705/1705 1703/1703/1703 1706/1706/1706
f 1705/1705/1705 1706/1706/1706 1707/1707/1707
f 1705/1705/1705 1707/1707/1707 1708/1708/1708
f 1705/1705/1705 1708/1708/1708 1637/1637/1637
f 1705/1705/1705 1637/1637/1637 1636/1636/1636
f 1709/1709/1709 1710/1710/1710 1711/1711/1711
f 1709/1709/1709 1711/1711/1711 1712/1712/1712
f 1709/1709/1709 1712/1712/1712 1713/1713/1713
f 1709/1709/1709 1713/1713/1713 1714/1714/1714
f 1709/1709/1709 1714/1714/1714 1715/1715/1715
f 1709/1709/1709 1715/1715/1715 1716/1716/1716
f 1709/1709/1709 1716/1716/1716 1717/1717/1717
f 1709/1709/1709 1717/1717/1717 1710/1710/1710
f 1718/1718/1718 1719/1719/1719 1717/1717/1717
f 1718/1718/1718 1717/1717/1717 1716/1716/1716
f 1718/1718/1718 1716/1716/1716 1715/1715/1715
f 1718/1718/1718 1715/1715/1715 1720/1720/1720
f 1718/1718/1718 1720/1720/1720 1721/1721/1721
f 1718/1718/1718 1721/1721/1721 1722/1722/1722
f 1718/1718/1718 1722/1722/1722 1723/1723/1723
f 1718/1718/1718 1723/1723/1723 1719/1719/1719
f 1724/1724/1724 1714/1714/1714 1713/1713/1713
f 1724/1724/1724 1713/1713/1713 1725/1725/1725
f 1724/1724/1724 1725/1725/1725 1726/1726/1726
f 1724/1724/1724 1726/1726/1726 1727/1727/1727
f 1724/1724/1724 1727/1727/1727 1728/1728/1728
f 1724/1724/1724 1728/1728/1728 1729/1729/1729
f 1724/1724/1724 1729/1729/1729 1715/1715/1715
f 1724/1724/1724 1715/1715/1715 1714/1714/1714
f 1730/1730/1730 1720/1720/1720 1715/1715/1715
f 1730/1730/1730 1715/1715/1715 1729/1729/1729
f 1730/1730/1730 1729/1729/1729 1728/1728/1728
f 1730/1730/1730 1728/1728/1728 1731/1731/1731
f 1730/1730/1730 1731/1731/1731 1732/1732/1732
f 1730/1730/1730 1732/1732/1732 1733/1733/1733
f 1730/1730/1730 1733/1733/1733 1721/1721/1721
f 1730/1730/1730 1721/1721/1721 1720/1720/1720
f 1734/1734/1734 1735/1735/1735 1736/1736/1736
f 1734/1734/1734 1736/1736/1736 1737/1737/1737
f 1734/1734/1734 1737/1737/1737 1732/1732/1732
f 1734/1734/1734 1732/1732/1732 1738/1738/1738
f 1734/1734/1734 1738/1738/1738 1739/1739/1739
f 1734/1734/1734 1739/1739/1739 1740/1740/1740
f 1734/1734/1734 1740/1740/1740 1741/1741/1741
f 1734/1734/1734 1741/1741/1741 1735/1735/1735
f 1742/1742/1742 1743/1743/1743 1741/1741/1741
f 1742/1742/1742 1741/1741/1741 1740/1740/1740
f 1742/1742/1742 1740/1740/1740 1739/1739/1739
f 1742/1742/1742 1739/1739/1739 1744/1744/1744
f 1742/1742/1742 1744/1744/1744 1745/1745/1745
f 1742/1742/1742 1745/1745/1745 1746/1746/1746
f 1742/1742/1742 1746/1746/1746 1747/1747/1747
f 1742/1742/1742 1747/1747/1747 1743/1743/1743
f 1748/1748/1748 1749/1749/1749 1750/1750/1750
f 1748/1748/1748 1750/1750/1750 1751/1751/1751
f 1748/1748/1748 1751/1751/1751 1752/1752/1752
f 1748/1748/1748 1752/1752/1752 1753/1753/1753
f 1748/1748/1748 1753/1753/1753 1754/1754/1754
f 1748/1748/1748 1754/1754/1754 1755/1755/1755
f 1748/1748/1748 1755/1755/1755 1756/1756/1756
f 1748/1748/1748 1756/1756/1756 1749/1749/1749
f 1757/1757/1757 1758/1758/1758 1756/1756/1756
f 1757/1757/1757 1756/1756/1756 1755/1755/1755
f 1757/1757/1757 1755/1755/1755 1754/1754/1754
f 1757/1757/1757 1754/1754/1754 1759/1759/1759
f 1757/1757/1757 1759/1759/1759 1760/1760/1760
f 1757/1757/1757 1760/1760/1760 1761/1761/1761
f 1757/1757/1757 1761/1761/1761 1762/1762/1762
f 1757/1757/1757 1762/1762/1762 1758/1758/1758
f 1763/1763/1763 1764/1764/1764 1628/1628/1628
f 1763/1763/1763 1628/1628/1628 1765/1765/1765
f 1763/1763/1763 1765/1765/1765 1766/1766/1766
f 1763/1763/1763 1766/1766/1766 1767/1767/1767
f 1763/1763/1763 1767/1767/1767 1768/1768/1768
f 1763/1763/1763 1768/1768/1768 1769/1769/1769
f 1763/1763/1763 1769/1769/1769 1770/1770/1770
f 1763/1763/1763 1770/1770/1770 1764/1764/1764
f 1771/1771/1771 1772/1772/1772 1770/1770/1770
f 1771/1771/1771 1770/1770/1770 1769/1769/1769
f 1771/1771/1771 1769/1769/1769 1768/1768/1768
f 1771/1771/1771 1768/1768/1768 1773/1773/1773
f 1771/1771/1771 1773/1773/1773 1723/1723/1723
f 1771/1771/1771 1723/1723/1723 1774/1774/1774
f 1771/1771/1771 1774/1774/1774 1775/1775/1775
f 1771/1771/1771 1775/1775/1775 1772/1772/1772
f 1776/1776/1776 1777/1777/1777 1778/1778/1778
f 1776/1776/1776 1778/1778/1778 1779/1779/1779
f 1776/1776/1776 1779/1779/1779 1780/1780/1780
f 1776/1776/1776 1780/1780/1780 1781/1781/1781
f 1776/1776/1776 1781/1781/1781 1782/1782/1782
f 1776/1776/1776 1782/1782/1782 1783/1783/1783
f 1776/1776/1776 1783/1783/1783 1784/1784/1784
f 1776/1776/1776 1784/1784/1784 1777/1777/1777
f 1785/1785/1785 1786/1786/1786 1784/1784/1784
f 1785/1785/1785 1784/1784/1784 1783/1783/1783
f 1785/1785/1785 1783/1783/1783 1782/1782/1782
f 1785/1785/1785 1782/1782/1782 1787/1787/1787
f 1785/1785/1785 1787/1787/1787 1788/1788/1788
f 1785/1785/1785 1788/1788/1788 1789/1789/1789
f 1785/1785/1785 1789/1789/1789 1790/1790/1790
f 1785/1785/1785 1790/1790/1790 1786/1786/1786
f 1791/1791/1791 1792/1792/1792 1793/1793/1793
f 1791/1791/1791 1793/1793/1793 1794/1794/1794
f 1791/1791/1791 1794/1794/1794 1795/1795/1795
f 1791/1791/1791 1795/1795/1795 1796/1796/1796
f 1791/1791/1791 1796/1796/1796 1797/1797/1797
f 1791/1791/1791 1797/1797/1797 1798/1798/1798
f 1791/1791/1791 1798/1798/1798 1799/1799/1799
f 1791/1791/1791 1799/1799/1799 1792/1792/1792
f 1800/1800/1800 1801/1801/1801 1799/1799/1799
f 1800/1800/1800 1799/1799/1799 1798/1798/1798
f 1800/1800/1800 1798/1798/1798 1797/1797/1797
f 1800/1800/1800 1797/1797/1797 1802/1802/1802
f 1800/1800/1800 1802/1802/1802 1803/1803/1803
f 1800/1800/1800 1803/1803/1803 1804/1804/1804
f 1800/1800/1800 1804/1804/1804 1805/1805/1805
f 1800/1800/1800 1805/1805/1805 1801/1801/1801
f 1806/1806/1806 1807/1807/1807 1808/1808/1808
f 1806/1806/1806 1808/1808/1808 1809/1809/1809
f 1806/1806/1806 1809/1809/1809 1793/1793/1793
f 1806/1806/1806 1793/1793/1793 1792/1792/1792
f 1806/1806/1806 1792/1792/1792 1799/1799/1799
f 1806/1806/1806 1799/1799/1799 1810/1810/1810
f 1806/1806/1806 1810/1810/1810 1811/1811/1811
f 1806/1806/1806 1811/1811/1811 1807/1807/1807
f 1812/1812/1812 1813/1813/1813 1811/1811/1811
f 1812/1812/1812 1811/1811/1811 1810/1810/1810
f 1812/1812/1812 1810/1810/1810 1799/1799/1799
f 1812/1812/1812 1799/1799/1799 1801/1801/1801
f 1812/1812/1812 1801/1801/1801 1805/1805/1805
f 1812/1812/1812 1805/1805/1805 1814/1814/1814
f 1812/1812/1812 1814/1814/1814 1815/1815/1815
f 1812/1812/1812 1815/1815/1815 1813/1813/1813
f 1816/1816/1816 1817/1817/1817 1818/1818/1818
f 1816/1816/1816 1818/1818/1818 1819/1819/1819
f 1816/1816/1816 1819/1819/1819 1820/1820/1820
f 1816/1816/1816 1820/1820/1820 1821/1821/1821
f 1816/1816/1816 1821/1821/1821 1822/1822/1822
f 1816/1816/1816 1822/1822/1822 1823/1823/1823
f 1816/1816/1816 1823/1823/1823 1824/1824/1824
f 1816/1816/1816 1824/1824/1824 1817/1817/1817
f 1825/1825/1825 1826/1826/1826 1824/1824/1824
f 1825/1825/1825 1824/1824/1824 1823/1823/1823
f 1825/1825/1825 1823/1823/1823 1822/1822/1822
f 1825/1825/1825 1822/1822/1822 1827/1827/1827
f 1825/1825/1825 1827/1827/1827 1828/1828/1828
f 1825/1825/1825 1828/1828/1828 1829/1829/1829
f 1825/1825/1825 1829/1829/1829 1830/1830/1830
f 1825/1825/1825 1830/1830/1830 1826/1826/1826
f 1831/1831/1831 1832/1832/1832 1833/1833/1833
f 1831/1831/1831 1833/1833/1833 1834/1834/1834
f 1831/1831/1831 1834/1834/1834 1835/1835/1835
f 1831/1831/1831 1835/1835/1835 1836/1836/1836
f 1831/1831/1831 1836/1836/1836 1837/1837/1837
f 1831/1831/1831 1837/1837/1837 1838/1838/1838
f 1831/1831/1831 1838/1838/1838 1839/1839/1839
f 1831/1831/1831 1839/1839/1839 1832/1832/1832
f 1840/1840/1840 1841/1841/1841 1839/1839/1839
f 1840/1840/1840 1839/1839/1839 1838/1838/1838
f 1840/1840/1840 1838/1838/1838 1837/1837/1837
f 1840/1840/1840 1837/1837/1837 1842/1842/1842
f 1840/1840/1840 1842/1842/1842 1843/1843/1843
f 1840/1840/1840 1843/1843/1843 1844/1844/1844
f 1840/1840/1840 1844/1844/1844 1845/1845/1845
f 1840/1840/1840 1845/1845/1845 1841/1841/1841
f 1846/1846/1846 1841/1841/1841 1845/1845/1845
f 1846/1846/1846 1845/1845/1845 1847/1847/1847
f 1846/1846/1846 1847/1847/1847 1848/1848/1848
f 1846/1846/1846 1848/1848/1848 1849/1849/1849
f 1846/1846/1846 1849/1849/1849 1850/1850/1850
f 1846/1846/1846 1850/1850/1850 1851/1851/1851
f 1846/1846/1846 1851/1851/1851 1839/1839/1839
f 1846/1846/1846 1839/1839/1839 1841/1841/1841
f 1852/1852/1852 1832/1832/1832 1839/1839/1839
f 1852/1852/1852 1839/1839/1839 1851/1851/1851
f 1852/1852/1852 1851/1851/1851 1850/1850/1850
f 1852/1852/1852 1850/1850/1850 1853/1853/1853
f 1852/1852/1852 1853/1853/1853 1854/1854/1854
f 1852/1852/1852 1854/1854/1854 1855/1855/1855
f 1852/1852/1852 1855/1855/1855 1833/1833/1833
f 1852/1852/1852 1833/1833/1833 1832/1832/1832
f 1856/1856/1856 1857/1857/1857 1858/1858/1858
f 1856/1856/1856 1858/1858/1858 1859/1859/1859
f 1856/1856/1856 1859/1859/1859 1860/1860/1860
f 1856/1856/1856 1860/1860/1860 1861/1861/1861
f 1856/1856/1856 1861/1861/1861 1862/1862/1862
f 1856/1856/1856 1862/1862/1862 1863/1863/1863
f 1856/1856/1856 1863/1863/1863 1864/1864/1864
f 1856/1856/1856 1864/1864/1864 1857/1857/1857
f 1865/1865/1865 1866/1866/1866 1864/1864/1864
f 1865/1865/1865 1864/1864/1864 1863/1863/1863
f 1865/1865/1865 1863/1863/1863 1862/1862/1862
f 1865/1865/1865 1862/1862/1862 1867/1867/1867
f 1865/1865/1865 1867/1867/1867 1868/1868/1868
f 1865/1865/1865 1868/1868/1868 1869/1869/1869
f 1865/1865/1865 1869/1869/1869 1870/1870/1870
f 1865/1865/1865 1870/1870/1870 1866/1866/1866
f 1871/1871/1871 1872/1872/1872 1873/1873/1873
f 1871/1871/1871 1873/1873/1873 1874/1874/1874
f 1871/1871/1871 1874/1874/1874 1875/1875/1875
f 1871/1871/1871 1875/1875/1875 1876/1876/1876
f 1871/1871/1871 1876/1876/1876 1877/1877/1877
f 1871/1871/1871 1877/1877/1877 1878/1878/1878
f 1871/1871/1871 1878/1878/1878 1879/1879/1879
f 1871/1871/1871 1879/1879/1879 1872/1872/1872
f 1880/1880/1880 1881/1881/1881 1879/1879/1879
f 1880/1880/1880 1879/1879/1879 1878/1878/1878
f 1880/1880/1880 1878/1878/1878 1877/1877/1877
f 1880/1880/1880 1877/1877/1877 1882/1882/1882
f 1880/1880/1880 1882/1882/1882 1883/1883/1883
f 1880/1880/1880 1883/1883/1883 1884/1884/1884
f 1880/1880/1880 1884/1884/1884 1885/1885/1885
f 1880/1880/1880 1885/1885/1885 1881/1881/1881
f 1886/1886/1886 1887/1887/1887 1888/1888/1888
f 1886/1886/1886 1888/1888/1888 1889/1889/1889
f 1886/1886/1886 1889/1889/1889 1890/1890/1890
f 1886/1886/1886 1890/1890/1890 1891/1891/1891
f 1886/1886/1886 1891/1891/1891 1892/1892/1892
f 1886/1886/1886 1892/1892/1892 1893/1893/1893
f 1886/1886/1886 1893/1893/1893 1894/1894/1894
f 1886/1886/1886 1894/1894/1894 1887/1887/1887
f 1895/1895/1895 1896/1896/1896 1894/1894/1894
f 1895/1895/1895 1894/1894/1894 1893/1893/1893
f 1895/1895/1895 1893/1893/1893 1892/1892/1892
f 1895/1895/1895 1892/1892/1892 1897/1897/1897
f 1895/1895/1895 1897/1897/1897 1898/1898/1898
f 1895/1895/1895 1898/1898/1898 1899/1899/1899
f 1895/1895/1895 1899/1899/1899 1900/1900/1900
f 1895/1895/1895 1900/1900/1900 1896/1896/1896
f 1901/1901/1901 1891/1891/1891 1890/1890/1890
f 1901/1901/1901 1890/1890/1890 1902/1902/1902
f 1901/1901/1901 1902/1902/1902 1903/1903/1903
f 1901/1901/1901 1903/1903/1903 1904/1904/1904
f 1901/1901/1901 1904/1904/1904 1905/1905/1905
f 1901/1901/1901 1905/1905/1905 1906/1906/1906
f 1901/1901/1901 1906/1906/1906 1892/1892/1892
f 1901/1901/1901 1892/1892/1892 1891/1891/1891
f 1907/1907/1907 1897/1897/1897 1892/1892/1892
f 1907/1907/1907 1892/1892/1892 1906/1906/1906
f 1907/1907/1907 1906/1906/1906 1905/1905/1905
f 1907/1907/1907 1905/1905/1905 1908/1908/1908
f 1907/1907/1907 1908/1908/1908 1909/1909/1909
f 1907/1907/1907 1909/1909/1909 1910/1910/1910
f 1907/1907/1907 1910/1910/1910 1898/1898/1898
f 1907/1907/1907 1898/1898/1898 1897/1897/1897
f 1911/1911/1911 1904/1904/1904 1903/1903/1903
f 1911/1911/1911 1903/1903/1903 1912/1912/1912
f 1911/1911/1911 1912/1912/1912 1913/1913/1913
f 1911/1911/1911 1913/1913/1913 1914/1914/1914
f 1911/1911/1911 1914/1914/1914 1915/1915/1915
f 1911/1911/1911 1915/1915/1915 1916/1916/1916
f 1911/1911/1911 1916/1916/1916 1905/1905/1905
f 1911/1911/1911 1905/1905/1905 1904/1904/1904
f 1917/1917/1917 1908/1908/1908 1905/1905/1905
f 1917/1917/1917 1905/1905/1905 1916/1916/1916
f 1917/1917/1917 1916/1916/1916 1915/1915/1915
f 1917/1917/1917 1915/1915/1915 1918/1918/1918
f 1917/1917/1917 1918/1918/1918 1919/1919/1919
f 1917/1917/1917 1919/1919/1919 1920/1920/1920
f 1917/1917/1917 1920/1920/1920 1909/1909/1909
f 1917/1917/1917 1909/1909/1909 1908/1908/1908
f 1921/1921/1921 1922/1922/1922 1334/1334/1334
f 1921/1921/1921 1334/1334/1334 1923/1923/1923
f 1921/1921/1921 1923/1923/1923 1924/1924/1924
f 1921/1921/1921 1924/1924/1924 1925/1925/1925
f 1921/1921/1921 1925/1925/1925 1926/1926/1926
f 1921/1921/1921 1926/1926/1926 1927/1927/1927
f 1921/1921/1921 1927/1927/1927 1928/1928/1928
f 1921/1921/1921 1928/1928/1928 1922/1922/1922
f 1929/1929/1929 1930/1930/1930 1332/1332/1332
f 1929/1929/1929 1332/1332/1332 1931/1931/1931
f 1929/1929/1929 1931/1931/1931 1932/1932/1932
f 1929/1929/1929 1932/1932/1932 1933/1933/1933
f 1929/1929/1929 1933/1933/1933 1934/1934/1934
f 1929/1929/1929 1934/1934/1934 1935/1935/1935
f 1929/1929/1929 1935/1935/1935 1936/1936/1936
f 1929/1929/1929 1936/1936/1936 1930/1930/1930
f 1937/1937/1937 1938/1938/1938 1939/1939/1939
f 1937/1937/1937 1939/1939/1939 1550/1550/1550
f 1937/1937/1937 1550/1550/1550 1940/1940/1940
f 1937/1937/1937 1940/1940/1940 1941/1941/1941
f 1937/1937/1937 1941/1941/1941 1942/1942/1942
f 1937/1937/1937 1942/1942/1942 1943/1943/1943
f 1937/1937/1937 1943/1943/1943 1944/1944/1944
f 1937/1937/1937 1944/1944/1944 1938/1938/1938
f 1945/1945/1945 1946/1946/1946 1947/1947/1947
f 1945/1945/1945 1947/1947/1947 1559/1559/1559
f 1945/1945/1945 1559/1559/1559 1334/1334/1334
f 1945/1945/1945 1334/1334/1334 1948/1948/1948
f 1945/1945/1945 1948/1948/1948 1949/1949/1949
f 1945/1945/1945 1949/1949/1949 1950/1950/1950
f 1945/1945/1945 1950/1950/1950 1951/1951/1951
f 1945/1945/1945 1951/1951/1951 1946/1946/1946
f 1952/1952/1952 1953/1953/1953 1954/1954/1954
f 1952/1952/1952 1954/1954/1954 1955/1955/1955
f 1952/1952/1952 1955/1955/1955 1956/1956/1956
f 1952/1952/1952 1956/1956/1956 1957/1957/1957
f 1952/1952/1952 1957/1957/1957 1958/1958/1958
f 1952/1952/1952 1958/1958/1958 1959/1959/1959
f 1952/1952/1952 1959/1959/1959 1960/1960/1960
f 1952/1952/1952 1960/1960/1960 1953/1953/1953
f 1961/1961/1961 1962/1962/1962 1963/1963/1963
f 1961/1961/1961 1963/1963/1963 1964/1964/1964
f 1961/1961/1961 1964/1964/1964 1954/1954/1954
f 1961/1961/1961 1954/1954/1954 1953/1953/1953
f 1961/1961/1961 1953/1953/1953 1960/1960/1960
f 1961/1961/1961 1960/1960/1960 1965/1965/1965
f 1961/1961/1961 1965/1965/1965 1966/1966/1966
f 1961/1961/1961 1966/1966/1966 1962/1962/1962
f 1967/1967/1967 1968/1968/1968 1365/1365/1365
f 1967/1967/1967 1365/1365/1365 1969/1969/1969
f 1967/1967/1967 1969/1969/1969 1970/1970/1970
f 1967/1967/1967 1970/1970/1970 1971/1971/1971
f 1967/1967/1967 1971/1971/1971 1972/1972/1972
f 1967/1967/1967 1972/1972/1972 1973/1973/1973
f 1967/1967/1967 1973/1973/1973 1974/1974/1974
f 1967/1967/1967 1974/1974/1974 1968/1968/1968
f 1975/1975/1975 1976/1976/1976 1977/1977/1977
f 1975/1975/1975 1977/1977/1977 1199/1199/1199
f 1975/1975/1975 1199/1199/1199 1978/1978/1978
f 1975/1975/1975 1978/1978/1978 1979/1979/1979
f 1975/1975/1975 1979/1979/1979 1980/1980/1980
f 1975/1975/1975 1980/1980/1980 1981/1981/1981
f 1975/1975/1975 1981/1981/1981 1982/1982/1982
f 1975/1975/1975 1982/1982/1982 1976/1976/1976
f 1983/1983/1983 1984/1984/1984 1985/1985/1985
f 1983/1983/1983 1985/1985/1985 1584/1584/1584
f 1983/1983/1983 1584/1584/1584 1986/1986/1986
f 1983/1983/1983 1986/1986/1986 1987/1987/1987
f 1983/1983/1983 1987/1987/1987 1988/1988/1988
f 1983/1983/1983 1988/1988/1988 1989/1989/1989
f 1983/1983/1983 1989/1989/1989 1990/1990/1990
f 1983/1983/1983 1990/1990/1990 1984/1984/1984
f 1991/1991/1991 1992/1992/1992 1993/1993/1993
f 1991/1991/1991 1993/1993/1993 1575/1575/1575
f 1991/1991/1991 1575/1575/1575 1994/1994/1994
f 1991/1991/1991 1994/1994/1994 1995/1995/1995
f 1991/1991/1991 1995/1995/1995 1996/1996/1996
f 1991/1991/1991 1996/1996/1996 1997/1997/1997
f 1991/1991/1991 1997/1997/1997 1998/1998/1998
f 1991/1991/1991 1998/1998/1998 1992/1992/1992
f 1999/1999/1999 2000/2000/2000 1928/1928/1928
f 1999/1999/1999 1928/1928/1928 1927/1927/1927
f 1999/1999/1999 1927/1927/1927 1926/1926/1926
f 1999/1999/1999 1926/1926/1926 2001/2001/2001
f 1999/1999/1999 2001/2001/2001 2002/2002/2002
f 1999/1999/1999 2002/2002/2002 2003/2003/2003
f 1999/1999/1999 2003/2003/2003 2004/2004/2004
f 1999/1999/1999 2004/2004/2004 2000/2000/2000
f 2005/2005/2005 2006/2006/2006 1936/1936/1936
f 2005/2005/2005 1936/1936/1936 1935/1935/1935
f 2005/2005/2005 1935/1935/1935 1934/1934/1934
f 2005/2005/2005 1934/1934/1934 2007/2007/2007
f 2005/2005/2005 2007/2007/2007 2008/2008/2008
f 2005/2005/2005 2008/2008/2008 2009/2009/2009
f 2005/2005/2005 2009/2009/2009 2010/2010/2010
f 2005/2005/2005 2010/2010/2010 2006/2006/2006
f 2011/2011/2011 2012/2012/2012 1944/1944/1944
f 2011/2011/2011 1944/1944/1944 1943/1943/1943
f 2011/2011/2011 1943/1943/1943 1942/1942/1942
f 2011/2011/2011 1942/1942/1942 2013/2013/2013
f 2011/2011/2011 2013/2013/2013 2014/2014/2014
f 2011/2011/2011 2014/2014/2014 2015/2015/2015
f 2011/2011/2011 2015/2015/2015 2016/2016/2016
f 2011/2011/2011 2016/2016/2016 2012/2012/2012
f 2017/2017/2017 2018/2018/2018 1951/1951/1951
f 2017/2017/2017 1951/1951/1951 1950/1950/1950
f 2017/2017/2017 1950/1950/1950 1949/1949/1949
f 2017/2017/2017 1949/1949/1949 2019/2019/2019
f 2017/2017/2017 2019/2019/2019 2020/2020/2020
f 2017/2017/2017 2020/2020/2020 2021/2021/2021
f 2017/2017/2017 2021/2021/2021 2022/2022/2022
f 2017/2017/2017 2022/2022/2022 2018/2018/2018
f 2023/2023/2023 2024/2024/2024 1960/1960/1960
f 2023/2023/2023 1960/1960/1960 1959/1959/1959
f 2023/2023/2023 1959/1959/1959 1958/1958/1958
f 2023/2023/2023 1958/1958/1958 2025/2025/2025
f 2023/2023/2023 2025/2025/2025 2026/2026/2026
f 2023/2023/2023 2026/2026/2026 2027/2027/2027
f 2023/2023/2023 2027/2027/2027 2028/2028/2028
f 2023/2023/2023 2028/2028/2028 2024/2024/2024
f 2029/2029/2029 2030/2030/2030 1966/1966/1966
f 2029/2029/2029 1966/1966/1966 1965/1965/1965
f 2029/2029/2029 1965/1965/1965 1960/1960/1960
f 2029/2029/2029 1960/1960/1960 2024/2024/2024
f 2029/2029/2029 2024/2024/2024 2028/2028/2028
f 2029/2029/2029 2028/2028/2028 2031/2031/2031
f 2029/2029/2029 2031/2031/2031 2032/2032/2032
f 2029/2029/2029 2032/2032/2032 2030/2030/2030
f 2033/2033/2033 2034/2034/2034 1974/1974/1974
f 2033/2033/2033 1974/1974/1974 1973/1973/1973
f 2033/2033/2033 1973/1973/1973 1972/1972/1972
f 2033/2033/2033 1972/1972/1972 2035/2035/2035
f 2033/2033/2033 2035/2035/2035 2036/2036/2036
f 2033/2033/2033 2036/2036/2036 2037/2037/2037
f 2033/2033/2033 2037/2037/2037 2038/2038/2038
f 2033/2033/2033 2038/2038/2038 2034/2034/2034
f 2039/2039/2039 2040/2040/2040 2038/2038/2038
f 2039/2039/2039 2038/2038/2038 2037/2037/2037
f 2039/2039/2039 2037/2037/2037 2036/2036/2036
f 2039/2039/2039 2036/2036/2036 2041/2041/2041
f 2039/2039/2039 2041/2041/2041 2042/2042/2042
f 2039/2039/2039 2042/2042/2042 2043/2043/2043
f 2039/2039/2039 2043/2043/2043 2044/2044/2044
f 2039/2039/2039 2044/2044/2044 2040/2040/2040
f 2045/2045/2045 2046/2046/2046 1982/1982/1982
f 2045/2045/2045 1982/1982/1982 1981/1981/1981
f 2045/2045/2045 1981/1981/1981 1980/1980/1980
f 2045/2045/2045 1980/1980/1980 2047/2047/2047
f 2045/2045/2045 2047/2047/2047 2048/2048/2048
f 2045/2045/2045 2048/2048/2048 2049/2049/2049
f 2045/2045/2045 2049/2049/2049 2050/2050/2050
f 2045/2045/2045 2050/2050/2050 2046/2046/2046
f 2051/2051/2051 2052/2052/2052 2050/2050/2050
f 2051/2051/2051 2050/2050/2050 2049/2049/2049
f 2051/2051/2051 2049/2049/2049 2048/2048/2048
f 2051/2051/2051 2048/2048/2048 2053/2053/2053
f 2051/2051/2051 2053/2053/2053 2054/2054/2054
f 2051/2051/2051 2054/2054/2054 2055/2055/2055
f 2051/2051/2051 2055/2055/2055 2056/2056/2056
f 2051/2051/2051 2056/2056/2056 2052/2052/2052
f 2057/2057/2057 2058/2058/2058 1990/1990/1990
f 2057/2057/2057 1990/1990/1990 1989/1989/1989
f 2057/2057/2057 1989/1989/1989 1988/1988/1988
f 2057/2057/2057 1988/1988/1988 2059/2059/2059
f 2057/2057/2057 2059/2059/2059 2060/2060/2060
f 2057/2057/2057 2060/2060/2060 2061/2061/2061
f 2057/2057/2057 2061/2061/2061 2062/2062/2062
f 2057/2057/2057 2062/2062/2062 2058/2058/2058
f 2063/2063/2063 2064/2064/2064 2062/2062/2062
f 2063/2063/2063 2062/2062/2062 2061/2061/2061
f 2063/2063/2063 2061/2061/2061 2060/2060/2060
f 2063/2063/2063 2060/2060/2060 2065/2065/2065
f 2063/2063/2063 2065/2065/2065 2066/2066/2066
f 2063/2063/2063 2066/2066/2066 2067/2067/2067
f 2063/2063/2063 2067/2067/2067 2068/2068/2068
f 2063/2063/2063 2068/2068/2068 2064/2064/2064
f 2069/2069/2069 2070/2070/2070 1998/1998/1998
f 2069/2069/2069 1998/1998/1998 1997/1997/1997
f 2069/2069/2069 1997/1997/1997 1996/1996/1996
f 2069/2069/2069 1996/1996/1996 2071/2071/2071
f 2069/2069/2069 2071/2071/2071 2072/2072/2072
f 2069/2069/2069 2072/2072/2072 2073/2073/2073
f 2069/2069/2069 2073/2073/2073 2074/2074/2074
f 2069/2069/2069 2074/2074/2074 2070/2070/2070
f 2075/2075/2075 2076/2076/2076 2074/2074/2074
f 2075/2075/2075 2074/2074/2074 2073/2073/2073
f 2075/2075/2075 2073/2073/2073 2072/2072/2072
f 2075/2075/2075 2072/2072/2072 2077/2077/2077
f 2075/2075/2075 2077/2077/2077 2078/2078/2078
f 2075/2075/2075 2078/2078/2078 2079/2079/2079
f 2075/2075/2075 2079/2079/2079 2080/2080/2080
f 2075/2075/2075 2080/2080/2080 2076/2076/2076
