# Generated by lxe_pbrt_scene_convert
v -4.34982777 0.0237009991 1.21400106
v -4.34979105 0.0234580003 1.21279705
v -4.40378714 0.00150100002 1.18428397
v -4.40391302 0.00172299996 1.18548596
v -4.40454483 0.00284299999 1.19154894
v -4.35001612 0.0249300003 1.22007895
v -4.27451277 0.0540289991 1.25737202
v -4.27479792 0.0527159981 1.25132298
v -4.27485514 0.0524550006 1.25012505
v -4.35050488 0.0281269997 1.235901
v -4.40619087 0.00575899985 1.207335
v -4.40784788 0.00869499985 1.22323096
v -4.35099792 0.0313469991 1.25183499
v -4.27302313 0.0608940013 1.28897798
v -4.27377081 0.0574500002 1.27312005
v -4.42242479 -0.00579999993 1.17572606
v -4.42320919 -0.00471699983 1.18178403
v -4.42226887 -0.00601400016 1.17452502
v -4.42285204 -0.00618200004 1.17453802
v -4.42315102 -0.00609500008 1.17534304
v -4.42394114 -0.00501300022 1.18140101
v -4.42525101 -0.00189800002 1.19755697
v -4.42730713 0.000942000013 1.21344101
v -4.42599821 -0.00219799997 1.19717395
v -4.42807007 0.000637000019 1.21305704
v -1.54170597 0.407079995 1.65988004
v -1.54411399 0.406839997 1.66233599
v -1.54085898 0.406744987 1.66249597
v -1.53843796 0.406920999 1.66003597
v -1.53889799 0.407002002 1.65963197
v -1.54123294 0.407135993 1.65939403
v -1.550529 0.406801999 1.65889299
v -1.55099106 0.406733006 1.65937805
v -1.55334198 0.406459987 1.66182697
v -1.55039203 0.406231999 1.66873097
v -1.55671704 0.405616999 1.67516994
v -1.55352402 0.405898988 1.67535603
v -1.54716802 0.406327993 1.66890395
v -1.55947196 0.405781001 1.668203
v -1.56564701 0.405101001 1.67462099
v -2.21045709 0.372875005 1.63207197
v -2.21180606 0.369637996 1.62305105
v -2.32716894 0.362780988 1.61583102
v -2.32559395 0.366005003 1.62535906
v -2.32400894 0.369251996 1.63495302
v -2.20909905 0.376136005 1.64115596
v -2.09047198 0.382418007 1.647156
v -2.09083295 0.379348993 1.63863504
v -2.09119105 0.376302004 1.63017404
v -2.2123251 0.368393987 1.61958599
v -2.2124269 0.368147999 1.61889994
v -2.32789302 0.361297011 1.61144698
v -2.32777309 0.361541986 1.61217201
v -2.0913291 0.375131011 1.62692404
v -2.09135604 0.374899 1.62627995
v -2.44482708 0.353625 1.60425103
v -2.44402909 0.35492 1.60810494
v -2.44498491 0.353368998 1.60348701
v -2.57722807 0.343097001 1.59335494
v -2.57702899 0.343382001 1.59415805
v -2.5760231 0.344817996 1.598207
v -2.44195104 0.358292013 1.61813796
v -2.43985796 0.361687005 1.62824202
v -2.57340407 0.348556995 1.60875201
v -2.57076693 0.352322012 1.61936998
v -3.09058905 0.300375998 1.55920196
v -3.09463 0.295675993 1.54619598
v -3.275949 0.273452997 1.52114701
v -3.27105594 0.277785003 1.53519297
v -3.26612902 0.282148004 1.54933703
v -3.086519 0.305108011 1.572299
v -2.90711403 0.324434996 1.59078801
v -2.91048002 0.319541991 1.57889295
v -2.91382408 0.31468299 1.56708002
v -3.09618211 0.293870986 1.54120004
v -3.09648895 0.293513 1.54021001
v -3.2782011 0.271459013 1.51468205
v -3.27782798 0.271789014 1.51575196
v -2.91510701 0.312817007 1.56254303
v -2.91536188 0.312447011 1.56164396
v -2.73792291 0.329549998 1.58022499
v -2.73678803 0.331234992 1.58447504
v -2.5760231 0.344817996 1.598207
v -2.57702899 0.343382001 1.59415805
v -2.57722807 0.343097001 1.59335494
v -2.73814797 0.329216003 1.57938302
v -2.91536188 0.312447011 1.56164396
v -2.91510701 0.312817007 1.56254303
v -2.91382408 0.31468299 1.56708002
v -2.73383307 0.335620999 1.59553897
v -2.7308569 0.340039015 1.60668099
v -2.57076693 0.352322012 1.61936998
v -2.57340407 0.348556995 1.60875201
v -2.91048002 0.319541991 1.57889295
v -2.90711403 0.324434996 1.59078801
v -4.0122962 0.135349005 1.35363603
v -4.01085711 0.136752993 1.35970604
v -3.9025619 0.163150996 1.39138603
v -3.904634 0.161594003 1.38519299
v -3.90504408 0.161285996 1.38396597
v -4.01258183 0.135070994 1.35243297
v -4.1060729 0.108814001 1.320678
v -4.10591221 0.109066002 1.32184196
v -4.10509777 0.110334001 1.32771802
v -4.00710917 0.140405998 1.37550998
v -4.003335 0.144085005 1.39142597
v -3.89173508 0.171287 1.42374396
v -3.89716697 0.167205006 1.40750802
v -4.10297918 0.113637 1.34301698
v -4.10084391 0.116962999 1.35842204
v -3.77495193 0.189198002 1.41881895
v -3.77256894 0.190798 1.42474699
v -3.62263799 0.219046995 1.45847595
v -3.62505102 0.217453003 1.45288301
v -3.62553 0.217136994 1.451774
v -3.775424 0.188880995 1.41764402
v -3.90504408 0.161285996 1.38396597
v -3.904634 0.161594003 1.38519299
v -3.9025619 0.163150996 1.39138603
v -3.766366 0.194962993 1.44018102
v -3.76011896 0.199157998 1.45572305
v -3.61002707 0.227381006 1.48770297
v -3.61635399 0.223198995 1.47303796
v -3.89716697 0.167205006 1.40750802
v -3.89173508 0.171287 1.42374396
v -3.45673108 0.245649993 1.48575306
v -3.45452499 0.247254997 1.49125803
v -3.275949 0.273452997 1.52114701
v -3.27782798 0.271789014 1.51575196
v -3.2782011 0.271459013 1.51468205
v -3.4571681 0.245331004 1.48466206
v -3.44878101 0.251433015 1.50558996
v -3.44299698 0.255641013 1.52002299
v -3.26612902 0.282148004 1.54933703
v -3.27105594 0.277785003 1.53519297
v -4.19156408 0.0859690011 1.30885601
v -4.19292879 0.0826290026 1.29342902
v -4.27451277 0.0540289991 1.25737202
v -4.27377081 0.0574500002 1.27312005
v -4.27302313 0.0608940013 1.28897798
v -4.19018888 0.0893329978 1.32439101
v -4.10084391 0.116962999 1.35842204
v -4.10297918 0.113637 1.34301698
v -4.10509777 0.110334001 1.32771802
v -4.19345284 0.0813459978 1.28750396
v -4.19355679 0.081092 1.28632998
v -4.27485514 0.0524550006 1.25012505
v -4.27479792 0.0527159981 1.25132298
v -4.10591221 0.109066002 1.32184196
v -4.1060729 0.108814001 1.320678
v -1.95763505 0.38270399 1.63461494
v -1.95857298 0.383583993 1.637609
v -1.83613503 0.390098989 1.64451396
v -1.834234 0.389524013 1.641765
v -1.83385706 0.389409989 1.64122105
v -1.95744896 0.382530004 1.634022
v -2.09135604 0.374899 1.62627995
v -2.0913291 0.375131011 1.62692404
v -2.09119105 0.376302004 1.63017404
v -1.96101606 0.385874003 1.64540505
v -1.96347594 0.388181001 1.65325606
v -1.84606898 0.393099993 1.65887797
v -1.84108496 0.391593993 1.65167105
v -2.09083295 0.379348993 1.63863504
v -2.09047198 0.382418007 1.647156
v -1.75111902 0.395651013 1.65672004
v -1.74606204 0.394461006 1.65004599
v -1.83613503 0.390098989 1.64451396
v -1.84108496 0.391593993 1.65167105
v -1.84606898 0.393099993 1.65887797
v -1.75621295 0.39684999 1.66344202
v -1.69066 0.399585009 1.666996
v -1.68622899 0.398598999 1.66057706
v -1.68183005 0.397623003 1.65420103
v -1.74411905 0.394003004 1.64748204
v -1.743734 0.393913001 1.64697397
v -1.83385706 0.389409989 1.64122105
v -1.834234 0.389524013 1.641765
v -1.68014002 0.39726001 1.651752
v -1.67980504 0.397201985 1.65126801
v -4.35119581 0.0326419994 1.25824499
v -4.33839178 0.0337449983 1.27309597
v -4.26102304 0.0637150034 1.30892503
v -4.27272177 0.0622790009 1.29535794
v -4.40851498 0.00987599976 1.22962606
v -4.39491081 0.0105619999 1.24540901
v -4.42813396 0.00208400004 1.21983099
v -4.41425705 0.00262699998 1.23593199
v -4.42890406 0.00177800003 1.21944702
v -4.41501617 0.00231599994 1.23556006
v -1.55926299 0.405353993 1.67775702
v -1.56353796 0.399215013 1.68420005
v -1.56037998 0.399509996 1.68438494
v -1.55608404 0.405687988 1.67794895
v -1.56813204 0.404825985 1.677194
v -1.57235801 0.398728013 1.68366098
v -2.20855188 0.377447009 1.64481103
v -2.32337093 0.370559007 1.63881302
v -2.32362604 0.365557998 1.64492595
v -2.20906806 0.372159004 1.65103197
v -2.0914259 0.37814799 1.656968
v -2.09032702 0.383653015 1.65058398
v -2.4390161 0.363052994 1.63230705
v -2.43899107 0.358402014 1.63839996
v -2.56970596 0.353837013 1.62364101
v -2.56942296 0.349694014 1.62971699
v -3.08488202 0.307011992 1.57756901
v -3.26414704 0.283903003 1.55502796
v -3.2621181 0.282977015 1.56108904
v -3.08364391 0.305355012 1.58342397
v -2.90500903 0.323902011 1.60145295
v -2.9057591 0.326402992 1.59557295
v -2.72966099 0.341816008 1.61116397
v -2.72918296 0.338438004 1.61714303
v -2.56942296 0.349694014 1.62971699
v -2.56970596 0.353837013 1.62364101
v -2.9057591 0.326402992 1.59557295
v -2.90500903 0.323902011 1.60145295
v -4.00181723 0.145565003 1.39782798
v -3.99412298 0.146201998 1.40763104
v -3.88323498 0.173265994 1.43918097
v -3.88954997 0.172929004 1.43027604
v -4.09998608 0.118300997 1.36461997
v -4.09079599 0.119292997 1.37550104
v -3.75760603 0.200845003 1.46197605
v -3.75225997 0.201006994 1.47011304
v -3.60305095 0.229030997 1.50101602
v -3.607481 0.229063004 1.49360204
v -3.88954997 0.172929004 1.43027604
v -3.88323498 0.173265994 1.43918097
v -3.44067001 0.257333994 1.52582896
v -3.43746209 0.256945014 1.53248
v -3.2621181 0.282977015 1.56108904
v -3.26414704 0.283903003 1.55502796
v -4.18963623 0.0906860009 1.33063996
v -4.27272177 0.0622790009 1.29535794
v -4.26102304 0.0637150034 1.30892503
v -4.17912579 0.0920139998 1.34282994
v -4.09079599 0.119292997 1.37550104
v -4.09998608 0.118300997 1.36461997
v -1.96446502 0.389108986 1.65641403
v -1.96681201 0.383466989 1.66298604
v -1.85157001 0.387971997 1.66850698
v -1.84807396 0.39370501 1.66177702
v -2.09032702 0.383653015 1.65058398
v -2.0914259 0.37814799 1.656968
v -1.75826204 0.397332013 1.66614604
v -1.84807396 0.39370501 1.66177702
v -1.85157001 0.387971997 1.66850698
v -1.762043 0.39152199 1.672948
v -1.69615805 0.394100994 1.67636895
v -1.69244099 0.399978995 1.66957498
v -3.87650204 -0.0263379999 1.69917095
v -3.89759302 -0.0308660008 1.68934906
v -3.86872292 -0.0661579967 1.72370601
v -3.84956288 -0.0665989965 1.73649395
v -3.81824589 -0.0670949966 1.75485003
v -3.84469199 -0.01987 1.71313906
v -3.87799191 0.0188359991 1.67082906
v -3.91212392 0.00574899977 1.65973496
v -3.93620706 -0.0037479999 1.65173697
v -3.9048121 -0.0324149989 1.685987
v -3.9050951 -0.0324760005 1.68585503
v -3.88286304 -0.0576209985 1.71087396
v -3.8752799 -0.0660070032 1.71932805
v -3.9444499 -0.00699899998 1.64899898
v -3.94477391 -0.00712700002 1.64889097
v -4.29987717 0.0363870002 1.31435299
v -4.35375786 0.0120130004 1.28946698
v -4.29931879 0.0131679997 1.34666598
v -4.24830484 0.0387549996 1.36790502
v -4.17884398 0.0705780014 1.39493895
v -4.22607803 0.0673109964 1.34634495
v -4.26102304 0.0637150034 1.30892503
v -4.33839178 0.0337449983 1.27309597
v -4.39491081 0.0105619999 1.24540901
v -4.37220001 0.00367000001 1.28094995
v -4.3729229 0.00334300008 1.28061604
v -4.31746483 0.004067 1.33911097
v -4.31678009 0.00441000005 1.339396
v -4.41425705 0.00262699998 1.23593199
v -4.41501617 0.00231599994 1.23556006
v -4.19633389 0.0390359983 1.41964304
v -4.24586105 0.0129690003 1.40186799
v -4.18979216 0.0120019997 1.45554101
v -4.14253187 0.037312001 1.470245
v -4.0805831 0.0682609975 1.488639
v -4.13028002 0.0710299984 1.442029
v -4.26281309 0.00404699985 1.39578295
v -4.2634778 0.00369699998 1.39554501
v -4.20660305 0.00299900002 1.45030999
v -4.2059679 0.00333900005 1.450508
v -4.00430107 0.00206499989 1.60471594
v -3.99430799 0.00701900013 1.60761297
v -4.06153393 0.00927300006 1.55905795
v -4.07368422 0.00275400002 1.55556297
v -4.0741601 0.00249899994 1.555426
v -4.00469303 0.00187100004 1.60460305
v -3.94477391 -0.00712700002 1.64889097
v -3.9444499 -0.00699899998 1.64899898
v -3.93620706 -0.0037479999 1.65173697
v -3.96511292 0.0214900002 1.61607599
v -3.92499995 0.0405049995 1.62732506
v -3.97816992 0.0524209999 1.58239102
v -4.02604008 0.0283179991 1.56926894
v -3.91212392 0.00574899977 1.65973496
v -3.87799191 0.0188359991 1.67082906
v -4.14191484 0.00304299989 1.50396395
v -4.12752199 0.0108519997 1.50815296
v -4.18979216 0.0120019997 1.45554101
v -4.2059679 0.00333900005 1.450508
v -4.20660305 0.00299900002 1.45030999
v -4.1424799 0.00273699989 1.50380003
v -4.08547401 0.0336650014 1.52038896
v -4.02995491 0.0618660003 1.53579402
v -4.0805831 0.0682609975 1.488639
v -4.14253187 0.037312001 1.470245
v -1.60165501 -0.66355902 1.77652204
v -1.58994997 -0.774320006 1.76344001
v -1.58793998 -0.774249971 1.76341498
v -1.59959197 -0.663465023 1.77651799
v -1.61410701 -0.518055975 1.79187703
v -1.61626804 -0.518172979 1.79185605
v -1.62816095 -0.518823028 1.79175496
v -1.61300099 -0.664076984 1.77654397
v -1.60100901 -0.774704993 1.76357496
v -1.58589101 -0.812731981 1.75890195
v -1.58565497 -0.814970016 1.75863802
v -1.58422005 -0.814364016 1.75867999
v -1.58389902 -0.812669992 1.75887096
v -1.59685099 -0.813069999 1.75907695
v -1.59660804 -0.815304995 1.75881505
v -1.64291298 -0.665443003 1.7766
v -1.63016498 -0.775718987 1.76393104
v -1.659518 -0.520537019 1.79149103
v -1.70553195 -0.522822022 1.791188
v -1.68736196 -0.667291999 1.77679801
v -1.67390597 -0.777161002 1.76466799
v -1.62574303 -0.813962996 1.75953698
v -1.62548602 -0.816191018 1.75928104
v -1.66923904 -0.815263987 1.76045895
v -1.66896701 -0.817483008 1.76021194
v -2.04340196 -0.827835977 1.79942
v -2.05018997 -0.79095602 1.80283701
v -2.07928491 -0.792445004 1.81349504
v -2.07188296 -0.829128027 1.80952001
v -2.0714519 -0.831264973 1.80928898
v -2.04300594 -0.829984009 1.79922104
v -2.00175405 -0.828076005 1.78735495
v -2.00211096 -0.825914979 1.78752804
v -2.00826406 -0.788836002 1.79043698
v -2.06976509 -0.684614003 1.81269002
v -2.10419202 -0.54479301 1.82544303
v -2.13732505 -0.547698021 1.83924103
v -2.10062909 -0.686667979 1.82495606
v -2.02600694 -0.681919992 1.79882002
v -2.05757689 -0.54123199 1.81014895
v -1.95217299 -0.823821008 1.77875602
v -1.95806801 -0.786574006 1.78163195
v -1.95183098 -0.825995028 1.77857697
v -1.89695895 -0.823982 1.77219296
v -1.89728796 -0.821796 1.77239203
v -1.902987 -0.784370005 1.77548504
v -1.97507203 -0.679179013 1.78990304
v -2.00419497 -0.537828982 1.80103505
v -1.91942704 -0.676464021 1.78436601
v -1.94596398 -0.534470975 1.79599094
v -1.72400606 -0.816826999 1.76201999
v -1.72872102 -0.778828979 1.765944
v -1.78831804 -0.780618012 1.76799595
v -1.78349602 -0.818486989 1.76438606
v -1.78321505 -0.820692003 1.76416099
v -1.72373104 -0.819038987 1.76178396
v -1.66896701 -0.817483008 1.76021194
v -1.66923904 -0.815263987 1.76045895
v -1.67390597 -0.777161002 1.76466799
v -1.74231601 -0.669259012 1.77724302
v -1.76139295 -0.525183976 1.79097104
v -1.82263803 -0.527849019 1.79136705
v -1.80222499 -0.671419978 1.77837598
v -1.68736196 -0.667291999 1.77679801
v -1.70553195 -0.522822022 1.791188
v -1.84115899 -0.820080996 1.76772296
v -1.84640503 -0.782424986 1.77105796
v -1.902987 -0.784370005 1.77548504
v -1.89728796 -0.821796 1.77239203
v -1.84085596 -0.822277009 1.76750898
v -1.86153603 -0.673848987 1.78063703
v -1.88480401 -0.531044006 1.79290402
v -1.94596398 -0.534470975 1.79599094
v -1.91942704 -0.676464021 1.78436601
v -2.15102196 -0.692794979 1.82910705
v -2.13031292 -0.79490298 1.81706202
v -2.10231996 -0.793238997 1.81709099
v -2.12388802 -0.688920021 1.82908595
v -2.16094899 -0.551842988 1.84390998
v -2.187325 -0.558574021 1.84398794
v -2.21299195 -0.565132976 1.84311998
v -2.1774199 -0.696618974 1.82818496
v -2.15755701 -0.796615005 1.81610203
v -2.12312198 -0.830309987 1.81288397
v -2.12268996 -0.832364976 1.81264102
v -2.09439802 -0.831521988 1.81268799
v -2.09483695 -0.829415977 1.81293094
v -2.15065098 -0.831286013 1.81191099
v -2.15022492 -0.833293021 1.81166697
v -2.0833931 -0.829338014 1.81291699
v -2.09098601 -0.792813003 1.81707394
v -2.08295107 -0.831466019 1.81267405
v -2.0714519 -0.831264973 1.80928898
v -2.07188296 -0.829128027 1.80952001
v -2.07928491 -0.792445004 1.81349504
v -2.11287999 -0.687489986 1.82906199
v -2.15026307 -0.549133003 1.84386206
v -2.10062909 -0.686667979 1.82495606
v -2.13732505 -0.547698021 1.83924103
v -1.64724195 -0.136158004 1.81550097
v -1.64429402 -0.136205003 1.81546998
v -1.64883995 -0.0585430004 1.81862795
v -1.65216398 -0.0584429987 1.81869996
v -1.66675401 -0.058743 1.81933498
v -1.66196597 -0.136593997 1.81581104
v -1.65331697 -0.246209994 1.81080103
v -1.63953304 -0.245583996 1.81087196
v -1.63696599 -0.245505005 1.810902
v -1.65423703 0.094783999 1.82993102
v -1.65089297 0.0949039981 1.82998002
v -1.64820099 0.146959007 1.81906605
v -1.65110898 0.146898001 1.81899297
v -1.65900695 0.146731004 1.81879699
v -1.66248596 0.0944729969 1.82983506
v -1.66514599 0.041313 1.83985901
v -1.65649104 0.0418139994 1.83985305
v -1.65246296 0.0498670004 1.83775699
v -1.67550898 -0.378403991 1.80254698
v -1.64182401 -0.37657699 1.80297804
v -1.65331697 -0.246209994 1.81080103
v -1.68953395 -0.247927994 1.81064999
v -1.74158704 -0.250824988 1.81069303
v -1.72433996 -0.380917996 1.802176
v -1.70553195 -0.522822022 1.791188
v -1.659518 -0.520537019 1.79149103
v -1.62816095 -0.518823028 1.79175496
v -1.62905097 -0.37588501 1.80314803
v -1.62673402 -0.375761986 1.80318797
v -1.63696599 -0.245505005 1.810902
v -1.63953304 -0.245583996 1.81087196
v -1.61626804 -0.518172979 1.79185605
v -1.61410701 -0.518055975 1.79187703
v -1.60707295 0.319054008 1.74850798
v -1.60415196 0.319119006 1.74863195
v -1.58759296 0.353460014 1.72580898
v -1.59062004 0.35334301 1.72567999
v -1.59913504 0.353060007 1.72531402
v -1.61529803 0.318872988 1.74816203
v -1.62989402 0.283086985 1.76855302
v -1.62193406 0.283217996 1.76890397
v -1.61910796 0.283264995 1.76902997
v -1.57505 0.380971014 1.702209
v -1.57194197 0.381179005 1.70236504
v -1.56037998 0.399509996 1.68438494
v -1.56353796 0.399215013 1.68420005
v -1.57235801 0.398728013 1.68366098
v -1.58375704 0.380576015 1.70175695
v -1.63273096 0.250945985 1.78507805
v -1.64057004 0.250773013 1.78473902
v -1.64839101 0.219433993 1.79774594
v -1.64058995 0.219650999 1.79805601
v -1.63782001 0.219729006 1.79816699
v -1.62994802 0.251008004 1.7852
v -1.61910796 0.283264995 1.76902997
v -1.62193406 0.283217996 1.76890397
v -1.62989402 0.283086985 1.76855302
v -1.64663804 0.186744004 1.80886495
v -1.654423 0.186569005 1.80859995
v -1.65900695 0.146731004 1.81879699
v -1.65110898 0.146898001 1.81899297
v -1.64820099 0.146959007 1.81906605
v -1.64387405 0.186805993 1.80895901
v -2.14405704 -0.170145005 1.83265603
v -2.05763507 -0.167004004 1.82738698
v -2.089185 -0.0865579993 1.83499897
v -2.18807006 -0.0885230005 1.83997905
v -2.28024101 -0.0899040028 1.84691203
v -2.22365999 -0.173162997 1.84093797
v -2.16265607 -0.276791006 1.832636
v -2.09525609 -0.272578001 1.823349
v -2.02123499 -0.268573999 1.81791902
v -2.22022605 0.081520997 1.82689202
v -2.32709908 0.0804909989 1.82841504
v -2.32477999 0.0236770008 1.85417497
v -2.218364 0.025866 1.84861696
v -2.11324191 0.0279200003 1.84468806
v -2.11406803 0.0833090022 1.82630396
v -2.11454797 0.137278005 1.80683804
v -2.22169995 0.135756001 1.80427504
v -2.32897711 0.135661006 1.80203497
v -2.43176794 0.0805340037 1.83088303
v -2.55278993 0.0921859965 1.83220398
v -2.52597594 0.0133079998 1.87082899
v -2.42869401 0.0210999995 1.86129498
v -2.43433499 0.137807995 1.80015802
v -2.55577588 0.147320002 1.79749405
v -2.04644608 -0.398716986 1.81249595
v -2.10521102 -0.402835011 1.82189703
v -2.05757689 -0.54123199 1.81014895
v -2.00419497 -0.537828982 1.80103505
v -1.94596398 -0.534470975 1.79599094
v -1.98195601 -0.394786 1.80731499
v -2.02123499 -0.268573999 1.81791902
v -2.09525609 -0.272578001 1.823349
v -2.16265607 -0.276791006 1.832636
v -2.15553594 -0.407478005 1.83756304
v -2.19078493 -0.411437005 1.85168505
v -2.13732505 -0.547698021 1.83924103
v -2.10419202 -0.54479301 1.82544303
v -2.21857405 -0.28174001 1.84768403
v -2.25682306 -0.286152005 1.86119998
v -2.70871997 0.125984997 1.83028102
v -2.70719099 0.0885189995 1.86187303
v -2.55278993 0.0921859965 1.83220398
v -2.55577588 0.147320002 1.79749405
v -2.71130395 0.169317007 1.79289401
v -2.88114905 0.189625993 1.78658497
v -2.87816501 0.158572003 1.826159
v -2.87633109 0.132440001 1.85890806
v -3.03973198 0.166590005 1.82088196
v -3.18940592 0.155024007 1.81488204
v -3.18088794 0.129709005 1.85183406
v -3.03543496 0.143676996 1.85542703
v -2.87633109 0.132440001 1.85890806
v -2.87816501 0.158572003 1.826159
v -3.045542 0.194070995 1.778795
v -3.20012808 0.184968993 1.76981795
v -3.32317209 0.128858998 1.80859196
v -3.20012808 0.184968993 1.76981795
v -3.34055209 0.164636001 1.75994897
v -3.46680593 0.137489006 1.748999
v -3.4413991 0.0928430036 1.80190897
v -3.4205029 0.0534380004 1.84554899
v -3.30907702 0.098017998 1.84853196
v -3.18088794 0.129709005 1.85183406
v -3.70104408 0.00169199996 1.76648104
v -3.658957 -0.0721319988 1.82826304
v -3.60746288 -0.0759029984 1.85068297
v -3.63133788 0.0173829999 1.783957
v -3.67203093 0.0811550021 1.723562
v -3.74148297 0.062270999 1.70963204
v -3.79481602 0.0474510007 1.69579399
v -3.75767207 -0.00503800018 1.746683
v -3.72170401 -0.0687019974 1.80023205
v -3.54445505 0.0517250001 1.79473197
v -3.57888603 0.107945003 1.73677695
v -3.67203093 0.0811550021 1.723562
v -3.63133788 0.0173829999 1.783957
v -3.60746288 -0.0759029984 1.85068297
v -3.51566911 0.000805000018 1.84291101
v -3.80531812 -0.0124979997 1.72893906
v -3.775213 -0.0674090013 1.77592897
v -3.72170401 -0.0687019974 1.80023205
v -3.75767207 -0.00503800018 1.746683
v -3.8396039 0.0328550003 1.68285406
v -1.97275603 -0.163147002 1.82292604
v -2.05763507 -0.167004004 1.82738698
v -1.94545496 -0.264254004 1.81444204
v -1.87148201 -0.25969699 1.81238198
v -1.89238203 -0.157603994 1.81975305
v -1.909657 -0.0768940002 1.82500196
v -1.99574995 -0.0834330022 1.82940102
v -2.089185 -0.0865579993 1.83499897
v -1.81947303 -0.149406001 1.818349
v -1.802881 -0.254985005 1.81120098
v -1.74158704 -0.250824988 1.81069303
v -1.75507796 -0.141790003 1.81767201
v -1.76787603 -0.0463880002 1.82431304
v -1.83280098 -0.0646869987 1.82362294
v -2.01154089 0.0855360031 1.82663798
v -2.11406803 0.0833090022 1.82630396
v -2.11324191 0.0279200003 1.84468806
v -2.01321507 0.0300900005 1.84245205
v -1.92168999 0.032265 1.84132302
v -1.91767704 0.087793 1.82741404
v -1.91335702 0.141606003 1.81238699
v -2.00956392 0.139408007 1.80968499
v -2.11454797 0.137278005 1.80683804
v -1.83750498 0.0896689966 1.82815301
v -1.84207904 0.0343340002 1.84071302
v -1.77909803 0.0361399986 1.84041095
v -1.77492702 0.0911249965 1.82876003
v -1.77023304 0.144575998 1.81607699
v -1.83253598 0.143329993 1.81451595
v -1.91445696 -0.390700012 1.804304
v -1.98195601 -0.394786 1.80731499
v -1.94596398 -0.534470975 1.79599094
v -1.88480401 -0.531044006 1.79290402
v -1.82263803 -0.527849019 1.79136705
v -1.84697902 -0.386860013 1.80281103
v -1.87148201 -0.25969699 1.81238198
v -1.94545496 -0.264254004 1.81444204
v -2.02123499 -0.268573999 1.81791902
v -1.78255105 -0.383668005 1.80218303
v -1.76139295 -0.525183976 1.79097104
v -1.70553195 -0.522822022 1.791188
v -1.72433996 -0.380917996 1.802176
v -1.74158704 -0.250824988 1.81069303
v -1.802881 -0.254985005 1.81120098
v -3.029351 0.0939019993 1.86694205
v -3.02625108 0.0660559982 1.86595905
v -2.88300395 0.0530829988 1.86947203
v -2.88006496 0.0812190026 1.87046504
v -2.87706208 0.110105 1.87037301
v -3.03252912 0.122500002 1.86694205
v -3.17425704 0.108176 1.864151
v -3.16622496 0.0805800036 1.864151
v -3.15840197 0.0537139997 1.86317205
v -3.03379512 0.134036005 1.86694205
v -2.87589002 0.121730998 1.87008297
v -2.87633109 0.132440001 1.85890806
v -3.03543496 0.143676996 1.85542703
v -3.18088794 0.129709005 1.85183406
v -3.1774919 0.119323 1.864151
v -2.72198105 0.0342929997 1.874964
v -2.73234701 0.00699200016 1.87394905
v -2.60331011 -0.0509140007 1.87719202
v -2.58688498 -0.0250959992 1.87820196
v -2.57010508 0.00159100001 1.87759495
v -2.71139312 0.0623940006 1.87459803
v -2.87706208 0.110105 1.87037301
v -2.88006496 0.0812190026 1.87046504
v -2.88300395 0.0530829988 1.86947203
v -2.70727301 0.0738959983 1.87343895
v -2.56356311 0.0128030004 1.87574005
v -2.52597594 0.0133079998 1.87082899
v -2.70719099 0.0885189995 1.86187303
v -2.87633109 0.132440001 1.85890806
v -2.87589002 0.121730998 1.87008297
v -2.24130106 -0.42682901 1.85667396
v -2.26702189 -0.435993999 1.85586703
v -2.21299195 -0.565132976 1.84311998
v -2.187325 -0.558574021 1.84398794
v -2.16094899 -0.551842988 1.84390998
v -2.21491003 -0.417392999 1.85655403
v -2.28141999 -0.294156998 1.86613905
v -2.30710101 -0.306980997 1.86632204
v -2.332165 -0.319393992 1.86555302
v -2.20432401 -0.413502008 1.85645294
v -2.15026307 -0.549133003 1.84386206
v -2.13732505 -0.547698021 1.83924103
v -2.19078493 -0.411437005 1.85168505
v -2.25682306 -0.286152005 1.86119998
v -2.27121592 -0.28875199 1.86589205
v -3.28707409 0.0494909994 1.86184597
v -3.2757709 0.0238589998 1.86086905
v -3.15840197 0.0537139997 1.86317205
v -3.16622496 0.0805800036 1.864151
v -3.17425704 0.108176 1.864151
v -3.29871202 0.0757329985 1.86184597
v -3.40580511 0.0298379995 1.86009598
v -3.39047408 0.00609300006 1.86009598
v -3.37563396 -0.0171729997 1.85912097
v -3.30348492 0.0861089975 1.86184597
v -3.1774919 0.119323 1.864151
v -3.18088794 0.129709005 1.85183406
v -3.30907702 0.098017998 1.84853196
v -3.4205029 0.0534380004 1.84554899
v -3.41222596 0.0390280001 1.86009598
v -3.50416899 -0.0172850005 1.85897005
v -3.51566911 0.000805000018 1.84291101
v -3.60746288 -0.0759029984 1.85068297
v -3.5877111 -0.0782139972 1.85815704
v -3.57636595 -0.0839079991 1.85815704
v -3.49544811 -0.0248390008 1.85897005
v -3.4750011 -0.0441530012 1.85897005
v -3.55009198 -0.0978230014 1.85815704
v -3.52478909 -0.111342996 1.85718501
v -3.4552691 -0.0630479977 1.85799694
v -2.21089602 0.355619997 1.66781402
v -2.20906806 0.372159004 1.65103197
v -2.32362604 0.365557998 1.64492595
v -2.324718 0.349884003 1.66128099
v -2.3262949 0.326510012 1.68285298
v -2.21355796 0.330983996 1.68988597
v -2.09935093 0.335438997 1.69709206
v -2.09479904 0.360998005 1.67435706
v -2.0914259 0.37814799 1.656968
v -2.21657705 0.301407009 1.71197402
v -2.32800794 0.298408985 1.70461798
v -2.32935905 0.268276989 1.72552299
v -2.2192359 0.269944996 1.73288202
v -2.10810304 0.272190988 1.74038994
v -2.10399103 0.304704994 1.71951699
v -2.43926501 0.295828998 1.69733
v -2.43863511 0.267621011 1.71817899
v -2.32800794 0.298408985 1.70461798
v -2.3262949 0.326510012 1.68285298
v -2.43960309 0.321938992 1.67589104
v -2.56824088 0.31696099 1.66675198
v -2.56622505 0.293850005 1.687747
v -2.56396604 0.268687993 1.70856404
v -2.43934894 0.34374699 1.65458798
v -2.324718 0.349884003 1.66128099
v -2.43899107 0.358402014 1.63839996
v -2.56942296 0.349694014 1.62971699
v -2.56912088 0.336488992 1.64574802
v -3.08077097 0.299403995 1.59828103
v -3.08364391 0.305355012 1.58342397
v -3.2621181 0.282977015 1.56108904
v -3.25704908 0.279296994 1.57634497
v -3.25062394 0.273777992 1.59672403
v -3.07713509 0.29084 1.61793602
v -2.90140009 0.303131014 1.63648605
v -2.90345597 0.315384001 1.61663198
v -2.90500903 0.323902011 1.60145295
v -3.07360697 0.281342 1.63818705
v -3.24452305 0.267336994 1.618155
v -3.23772001 0.258442014 1.64219904
v -3.06949592 0.26978299 1.660568
v -2.89644694 0.273943007 1.67770398
v -2.89914203 0.289420992 1.65639102
v -2.72836494 0.327389985 1.63277495
v -2.72918296 0.338438004 1.61714303
v -2.90500903 0.323902011 1.60145295
v -2.90345597 0.315384001 1.61663198
v -2.90140009 0.303131014 1.63648605
v -2.72697091 0.311264992 1.65318799
v -2.56824088 0.31696099 1.66675198
v -2.56912088 0.336488992 1.64574802
v -2.56942296 0.349694014 1.62971699
v -2.72476602 0.292652011 1.67350602
v -2.89914203 0.289420992 1.65639102
v -2.89644694 0.273943007 1.67770398
v -2.72225308 0.272186995 1.69438696
v -2.56396604 0.268687993 1.70856404
v -2.56622505 0.293850005 1.687747
v -3.91436005 0.144970998 1.50222099
v -3.8844161 0.139134005 1.53839302
v -3.79514599 0.162566006 1.55782998
v -3.81947899 0.169057995 1.5244
v -3.84214711 0.172377005 1.493294
v -3.94265795 0.147459999 1.46800196
v -4.02795696 0.123047002 1.44342697
v -3.99301291 0.121578 1.481354
v -3.95666099 0.116616003 1.52063406
v -3.97182488 0.147351995 1.43374705
v -3.865417 0.173430994 1.462538
v -3.88323498 0.173265994 1.43918097
v -3.99412298 0.146201998 1.40763104
v -4.09079599 0.119292997 1.37550104
v -4.0636692 0.121579997 1.40495598
v -3.70006299 0.194976002 1.54774296
v -3.68039489 0.188081995 1.57875299
v -3.54590893 0.214002997 1.60035098
v -3.5612669 0.22123 1.57165802
v -3.5757401 0.225649998 1.54563403
v -3.71843004 0.198886007 1.519279
v -3.84214711 0.172377005 1.493294
v -3.81947899 0.169057995 1.5244
v -3.79514599 0.162566006 1.55782998
v -3.73751497 0.200625002 1.49130797
v -3.59106994 0.228072003 1.52022302
v -3.60305095 0.229030997 1.50101602
v -3.75225997 0.201006994 1.47011304
v -3.88323498 0.173265994 1.43918097
v -3.865417 0.173430994 1.462538
v -3.40824795 0.246325001 1.59555399
v -3.39743805 0.238653004 1.62181306
v -3.24452305 0.267336994 1.618155
v -3.25062394 0.273777992 1.59672403
v -3.41831493 0.251331002 1.57203603
v -3.5757401 0.225649998 1.54563403
v -3.5612669 0.22123 1.57165802
v -3.42903209 0.254907995 1.54944694
v -3.25704908 0.279296994 1.57634497
v -3.2621181 0.282977015 1.56108904
v -3.43746209 0.256945014 1.53248
v -3.59106994 0.228072003 1.52022302
v -4.14788103 0.0953039974 1.37618399
v -4.17912579 0.0920139998 1.34282994
v -4.22607803 0.0673109964 1.34634495
v -4.17884398 0.0705780014 1.39493895
v -4.10604095 0.0980470031 1.41959298
v -4.02795696 0.123047002 1.44342697
v -4.0636692 0.121579997 1.40495598
v -4.09079599 0.119292997 1.37550104
v -4.06374598 0.0977379978 1.46194398
v -4.13028002 0.0710299984 1.442029
v -4.02033806 0.0938439965 1.50474203
v -3.95666099 0.116616003 1.52063406
v -3.99301291 0.121578 1.481354
v -1.98927104 0.308180004 1.72736597
v -1.99580002 0.274576992 1.74817801
v -1.89228904 0.276959002 1.75510705
v -1.88336897 0.311450988 1.73440599
v -1.87282705 0.344009012 1.71134603
v -1.981637 0.339949012 1.70457494
v -2.09935093 0.335438997 1.69709206
v -2.10399103 0.304704994 1.71951699
v -2.10810304 0.272190988 1.74038994
v -1.97334301 0.366061985 1.681077
v -1.86102402 0.370460987 1.687204
v -1.85157001 0.387971997 1.66850698
v -1.96681201 0.383466989 1.66298604
v -2.0914259 0.37814799 1.656968
v -2.09479904 0.360998005 1.67435706
v -1.79723299 0.314134002 1.73952103
v -1.80753601 0.279195011 1.76003599
v -1.74342096 0.280948997 1.76332903
v -1.73220599 0.316101998 1.74297094
v -1.719594 0.349321991 1.71992397
v -1.78533304 0.347112 1.71641505
v -1.87282705 0.344009012 1.71134603
v -1.88336897 0.311450988 1.73440599
v -1.77233505 0.373845011 1.69196403
v -1.706393 0.376267999 1.69543803
v -1.69615805 0.394100994 1.67636895
v -1.762043 0.39152199 1.672948
v -1.86102402 0.370460987 1.687204
v -2.22205806 0.176282004 1.78554404
v -2.22169995 0.135756001 1.80427504
v -2.11454797 0.137278005 1.80683804
v -2.11421394 0.177640006 1.790272
v -2.11305809 0.210333005 1.77476394
v -2.22164798 0.208960995 1.76861799
v -2.32984591 0.208619997 1.76264203
v -2.32972407 0.176302999 1.78096294
v -2.32897711 0.135661006 1.80203497
v -2.2208159 0.239656001 1.75141394
v -2.11107302 0.241292 1.75847101
v -2.2192359 0.269944996 1.73288202
v -2.32935905 0.268276989 1.72552299
v -2.32984805 0.238812998 1.74451303
v -2.43606901 0.178729996 1.77658606
v -2.43433499 0.137807995 1.80015802
v -2.43721294 0.210299999 1.75687003
v -2.560745 0.215850994 1.74974501
v -2.55849004 0.186248004 1.77128601
v -2.55577588 0.147320002 1.79749405
v -2.43800902 0.239520997 1.73771405
v -2.43863511 0.267621011 1.71817899
v -2.56396604 0.268687993 1.70856404
v -2.56235504 0.243009999 1.72903395
v -3.0517199 0.217416003 1.74465406
v -3.045542 0.194070995 1.778795
v -2.88114905 0.189625993 1.78658497
v -2.88503599 0.215102002 1.754933
v -2.88921595 0.236766994 1.72780001
v -3.05799794 0.237459004 1.71506
v -3.21973205 0.229047 1.70125496
v -3.21014094 0.209246993 1.73316503
v -3.06410789 0.255035013 1.68661201
v -2.89307904 0.256386012 1.70178199
v -3.06949592 0.26978299 1.660568
v -3.23772001 0.258442014 1.64219904
v -3.22919106 0.245562002 1.670416
v -2.71438599 0.201542005 1.76393998
v -2.71130395 0.169317007 1.79289401
v -2.55849004 0.186248004 1.77128601
v -2.560745 0.215850994 1.74974501
v -2.71743894 0.227118 1.73970795
v -2.88921595 0.236766994 1.72780001
v -2.88503599 0.215102002 1.754933
v -2.88114905 0.189625993 1.78658497
v -2.71993589 0.250503987 1.71649003
v -2.56235504 0.243009999 1.72903395
v -2.72225308 0.272186995 1.69438696
v -2.89644694 0.273943007 1.67770398
v -2.89307904 0.256386012 1.70178199
v -3.77862501 0.0963589996 1.66264498
v -3.74148297 0.062270999 1.70963204
v -3.70601702 0.117201 1.67623496
v -3.73655009 0.136991993 1.63567102
v -3.81429291 0.114988998 1.62058306
v -3.87525296 0.0945789963 1.60700405
v -3.83431411 0.0775929987 1.65022397
v -3.79481602 0.0474510007 1.69579399
v -3.85030794 0.129192993 1.57850599
v -3.76688099 0.151995003 1.59556103
v -3.79514599 0.162566006 1.55782998
v -3.8844161 0.139134005 1.53839302
v -3.95666099 0.116616003 1.52063406
v -3.91672111 0.107601002 1.56316197
v -3.60731912 0.141931996 1.69138706
v -3.57888603 0.107945003 1.73677695
v -3.46680593 0.137489006 1.748999
v -3.4886179 0.167624995 1.70663905
v -3.50845194 0.187949002 1.66988099
v -3.63255811 0.162231997 1.65257895
v -3.73655009 0.136991993 1.63567102
v -3.70601702 0.117201 1.67623496
v -3.67203093 0.0811550021 1.723562
v -3.6574049 0.177390993 1.61436605
v -3.52792597 0.203159004 1.63377202
v -3.54590893 0.214002997 1.60035098
v -3.68039489 0.188081995 1.57875299
v -3.79514599 0.162566006 1.55782998
v -3.76688099 0.151995003 1.59556103
v -3.35599899 0.191356003 1.72053003
v -3.34055209 0.164636001 1.75994897
v -3.20012808 0.184968993 1.76981795
v -3.21014094 0.209246993 1.73316503
v -3.21973205 0.229047 1.70125496
v -3.370363 0.211382002 1.68614995
v -3.50845194 0.187949002 1.66988099
v -3.4886179 0.167624995 1.70663905
v -3.38449192 0.227075994 1.65262902
v -3.22919106 0.245562002 1.670416
v -3.23772001 0.258442014 1.64219904
v -3.39743805 0.238653004 1.62181306
v -3.52792597 0.203159004 1.63377202
v -3.88225293 0.0590910017 1.63857901
v -3.8396039 0.0328550003 1.68285406
v -3.79481602 0.0474510007 1.69579399
v -3.83431411 0.0775929987 1.65022397
v -3.87525296 0.0945789963 1.60700405
v -3.92889309 0.0741150007 1.59462094
v -3.97816992 0.0524209999 1.58239102
v -3.92499995 0.0405049995 1.62732506
v -3.97515392 0.0858350024 1.54948795
v -3.91672111 0.107601002 1.56316197
v -4.02033806 0.0938439965 1.50474203
v -4.02995491 0.0618660003 1.53579402
v -2.00733304 0.179352999 1.79509199
v -2.00956392 0.139408007 1.80968499
v -1.91335702 0.141606003 1.81238699
v -1.90922201 0.181154996 1.79939497
v -1.90470302 0.213250995 1.78660202
v -2.00451493 0.211744994 1.78104806
v -2.11305809 0.210333005 1.77476394
v -2.11421394 0.177640006 1.790272
v -2.0007751 0.242958993 1.76574099
v -1.89923 0.244706005 1.77217305
v -1.89228904 0.276959002 1.75510705
v -1.99580002 0.274576992 1.74817801
v -2.10810304 0.272190988 1.74038994
v -2.11107302 0.241292 1.75847101
v -1.82768798 0.182779998 1.80257499
v -1.82230794 0.214901999 1.79056394
v -1.90470302 0.213250995 1.78660202
v -1.90922201 0.181154996 1.79939497
v -1.83253598 0.143329993 1.81451595
v -1.76533496 0.184100002 1.80479097
v -1.75960898 0.216405004 1.79323697
v -1.81574297 0.246580005 1.77671695
v -1.80753601 0.279195011 1.76003599
v -1.89923 0.244706005 1.77217305
v -1.75242996 0.248201996 1.77975094
v -1.74342096 0.280948997 1.76332903
v -2.37887311 -0.208450004 1.87209201
v -2.30710101 -0.306980997 1.86632204
v -2.28141999 -0.294156998 1.86613905
v -2.35612702 -0.190721005 1.871786
v -2.42844296 -0.108792998 1.87501502
v -2.44817495 -0.131192997 1.87546802
v -2.46743202 -0.152721003 1.87461901
v -2.40107298 -0.225520998 1.87130404
v -2.332165 -0.319393992 1.86555302
v -2.34709311 -0.183036998 1.87123203
v -2.27121592 -0.28875199 1.86589205
v -2.25682306 -0.286152005 1.86119998
v -2.33125091 -0.180109993 1.86669397
v -2.41929603 -0.0843219981 1.87087202
v -2.42059994 -0.0989980027 1.87399697
v -2.28808188 -0.176651999 1.85443997
v -2.22365999 -0.173162997 1.84093797
v -2.28024101 -0.0899040028 1.84691203
v -2.35353708 -0.0912809968 1.85837305
v -2.41929603 -0.0843219981 1.87087202
v -2.33125091 -0.180109993 1.86669397
v -2.25682306 -0.286152005 1.86119998
v -2.21857405 -0.28174001 1.84768403
v -2.16265607 -0.276791006 1.832636
v -1.57230997 0.405373991 1.65818405
v -1.57187605 0.405479997 1.657704
v -1.60129094 0.403313011 1.65603197
v -1.60168695 0.403201014 1.65650797
v -1.60368896 0.40308401 1.65892899
v -1.57451606 0.405133009 1.66061902
v -1.63514698 0.40041101 1.654562
v -1.63479602 0.400445014 1.65408695
v -1.67980504 0.397201985 1.65126801
v -1.68014002 0.39726001 1.651752
v -1.68183005 0.397623003 1.65420103
v -1.63691604 0.400539011 1.65697598
v -1.58026302 0.404619992 1.66696203
v -1.60890198 0.402954996 1.66523898
v -1.614151 0.402846009 1.67158604
v -1.58605194 0.404119015 1.67334402
v -1.64152396 0.400990993 1.66326404
v -1.68622899 0.398598999 1.66057706
v -1.69066 0.399585009 1.666996
v -1.64616299 0.401459992 1.66959
v -1.58837998 0.403910995 1.675892
v -1.61626101 0.402787 1.67411196
v -1.62023604 0.396779001 1.68071496
v -1.59249997 0.397854 1.68241203
v -1.64802802 0.401636988 1.67211795
v -1.69244099 0.399978995 1.66957498
v -1.69615805 0.394100994 1.67636895
v -1.65183902 0.395689994 1.67882895
v -1.680547 0.0937789977 1.82964504
v -1.67688501 0.146355003 1.81835699
v -1.70149195 0.145861998 1.81775498
v -1.70535505 0.0929230005 1.82939994
v -1.70847702 0.0387770012 1.84005499
v -1.68342304 0.0401690006 1.83993304
v -1.73384595 0.0921240002 1.82913995
v -1.72958004 0.145345002 1.81707597
v -1.77023304 0.144575998 1.81607699
v -1.77492702 0.0911249965 1.82876003
v -1.77909803 0.0361399986 1.84041095
v -1.73746705 0.0375269987 1.84020305
v -1.63413405 0.318459004 1.74737096
v -1.61862504 0.35244599 1.724473
v -1.64547002 0.351619989 1.72331905
v -1.66007805 0.317885995 1.74627602
v -1.67322695 0.282371998 1.76664102
v -1.64812195 0.282788992 1.76775396
v -1.68962801 0.317225993 1.74501598
v -1.67604995 0.350701988 1.72201395
v -1.719594 0.349321991 1.71992397
v -1.73220599 0.316101998 1.74297094
v -1.74342096 0.280948997 1.76332903
v -1.70182204 0.281883001 1.76534796
v -1.60366404 0.379804999 1.70071304
v -1.59249997 0.397854 1.68241203
v -1.62023604 0.396779001 1.68071496
v -1.63108099 0.378820986 1.69929099
v -1.64547002 0.351619989 1.72331905
v -1.66231596 0.377784014 1.69770706
v -1.65183902 0.395689994 1.67882895
v -1.69615805 0.394100994 1.67636895
v -1.706393 0.376267999 1.69543803
v -1.71140599 0.249195993 1.78164804
v -1.75242996 0.248201996 1.77975094
v -1.75960898 0.216405004 1.79323697
v -1.71888602 0.217464 1.79492998
v -1.69086003 0.218251005 1.79605806
v -1.68324494 0.249831006 1.78289294
v -1.67322695 0.282371998 1.76664102
v -1.70182204 0.281883001 1.76534796
v -1.74342096 0.280948997 1.76332903
v -1.65852106 0.250378996 1.78396702
v -1.666255 0.218936995 1.79703903
v -1.64812195 0.282788992 1.76775396
v -1.724769 0.184985995 1.80620599
v -1.76533496 0.184100002 1.80479097
v -1.77023304 0.144575998 1.81607699
v -1.72958004 0.145345002 1.81707597
v -1.70149195 0.145861998 1.81775498
v -1.69680202 0.185616001 1.80716002
v -1.67224896 0.186168 1.80799496
v -1.67688501 0.146355003 1.81835699
v -1.65428495 -0.0232740007 1.82213402
v -1.65514302 -0.00848400034 1.82603097
v -1.66498804 -0.00900899991 1.82635999
v -1.66666305 -0.0236709993 1.82270098
v -1.66675401 -0.058743 1.81933498
v -1.65216398 -0.0584429987 1.81869996
v -1.64883995 -0.0585430004 1.81862795
v -1.65072703 -0.0232009999 1.82211399
v -1.65149403 -0.00826300029 1.82608294
v -1.70024395 -0.137995005 1.81668103
v -1.68953395 -0.247927994 1.81064999
v -1.65331697 -0.246209994 1.81080103
v -1.66196597 -0.136593997 1.81581104
v -1.66675401 -0.058743 1.81933498
v -1.703879 -0.0598450005 1.82109797
v -1.76787603 -0.0463880002 1.82431304
v -1.75507796 -0.141790003 1.81767201
v -1.69668198 -0.0247179996 1.82436001
v -1.703879 -0.0598450005 1.82109797
v -1.66675401 -0.058743 1.81933498
v -1.66666305 -0.0236709993 1.82270098
v -1.66498804 -0.00900899991 1.82635999
v -1.68722296 -0.0101389997 1.82745004
v -1.71928596 -0.0168500002 1.82730603
v -1.73255098 -0.0263529997 1.82614005
v -1.76787603 -0.0463880002 1.82431304
v -2.18621898 -0.697893977 1.82538199
v -2.22154689 -0.567324996 1.84033
v -2.22154689 -0.567134976 1.83032799
v -2.18631411 -0.69777298 1.81545198
v -2.16680002 -0.797155976 1.80351901
v -2.16663694 -0.797186017 1.81332695
v -2.15755701 -0.796615005 1.81610203
v -2.15982699 -0.831610978 1.80914605
v -2.15065098 -0.831286013 1.81191099
v -2.16000295 -0.831610978 1.79939198
v -2.15956402 -0.833603024 1.79917002
v -2.15940309 -0.833603024 1.80890298
v -2.15022492 -0.833293021 1.81166697
v -2.2755959 -0.439072013 1.85318899
v -2.26702189 -0.435993999 1.85586703
v -2.332165 -0.319393992 1.86555302
v -2.34051991 -0.32356599 1.86294401
v -2.34037995 -0.32348299 1.85309196
v -2.27550292 -0.438917011 1.84328306
v -2.22154689 -0.567134976 1.83032799
v -2.22154689 -0.567324996 1.84033
v -2.21299195 -0.565132976 1.84311998
v -2.73580194 -0.00210799999 1.87096298
v -2.73234701 0.00699200016 1.87394905
v -2.88300395 0.0530829988 1.86947203
v -2.8839829 0.0437039994 1.86650801
v -2.8839829 0.0437039994 1.85621405
v -2.73580194 -0.00210799999 1.86061096
v -2.60878491 -0.0595199987 1.86380196
v -2.60878491 -0.0595199987 1.87419605
v -2.60331011 -0.0509140007 1.87719202
v -3.02521801 0.0567740016 1.86301005
v -3.02625108 0.0660559982 1.86595905
v -3.15840197 0.0537139997 1.86317205
v -3.1557951 0.0447590016 1.86023295
v -3.1557951 0.0447590016 1.85002196
v -3.02521801 0.0567740016 1.85276198
v -2.8839829 0.0437039994 1.85621405
v -2.8839829 0.0437039994 1.86650801
v -2.88300395 0.0530829988 1.86947203
v -3.27200389 0.0153160002 1.857939
v -3.2757709 0.0238589998 1.86086905
v -3.37563396 -0.0171729997 1.85912097
v -3.37068796 -0.0249290001 1.85619795
v -3.37068796 -0.0249290001 1.84603906
v -3.27200389 0.0153160002 1.84775805
v -3.1557951 0.0447590016 1.85002196
v -3.1557951 0.0447590016 1.86023295
v -3.15840197 0.0537139997 1.86317205
v -3.44869089 -0.0693460032 1.85507798
v -3.4552691 -0.0630479977 1.85799694
v -3.51635408 -0.115849003 1.85426903
v -3.51635408 -0.115849003 1.84413505
v -3.44869089 -0.0693460032 1.84493399
v -3.37068796 -0.0249290001 1.84603906
v -3.37068796 -0.0249290001 1.85619795
v -3.37563396 -0.0171729997 1.85912097
v -2.40847301 -0.231234998 1.86858106
v -2.40838003 -0.231199995 1.85853302
v -2.34037995 -0.32348299 1.85309196
v -2.34051991 -0.32356599 1.86294401
v -2.332165 -0.319393992 1.86555302
v -2.40107298 -0.225520998 1.87130404
v -2.46743202 -0.152721003 1.87461901
v -2.47385001 -0.159903005 1.87173104
v -2.47382689 -0.159894004 1.86143696
v -2.21785593 0.0136860004 1.84765899
v -2.21476293 -0.00193599996 1.84358597
v -2.1104219 -0.000104999999 1.83824503
v -2.11291194 0.0155969998 1.84281003
v -2.11324191 0.0279200003 1.84468806
v -2.218364 0.025866 1.84861696
v -2.32477999 0.0236770008 1.85417497
v -2.32346511 0.0118209999 1.85375202
v -2.31828499 -0.00344699994 1.84972298
v -2.01347804 0.0177599993 1.839715
v -2.01321507 0.0300900005 1.84245205
v -2.11324191 0.0279200003 1.84468806
v -2.11291194 0.0155969998 1.84281003
v -2.1104219 -0.000104999999 1.83824503
v -2.01184011 0.00216499995 1.83437502
v -1.921628 0.00510000018 1.83232701
v -1.922521 0.0200779997 1.838148
v -1.92168999 0.032265 1.84132302
v -1.84300995 0.0224539991 1.83788395
v -1.84207904 0.0343340002 1.84071302
v -1.84240103 0.00893200003 1.83245301
v -1.77944005 0.012875 1.83360696
v -1.77988994 0.0246060006 1.83822405
v -1.77909803 0.0361399986 1.84041095
v -2.36068296 -0.0810500011 1.85316896
v -2.35353708 -0.0912809968 1.85837305
v -2.28024101 -0.0899040028 1.84691203
v -2.28721309 -0.0799420029 1.84401
v -2.28962111 -0.0749849975 1.84090304
v -2.36357808 -0.0760599971 1.84791505
v -2.41910005 -0.0717300028 1.85523999
v -2.42284489 -0.0774400011 1.86285901
v -2.41929603 -0.0843219981 1.87087202
v -1.74465501 -0.0300849993 1.824512
v -1.73712599 -0.0234709997 1.82498503
v -1.77489305 -0.0360499993 1.82172406
v -1.77604699 -0.0405759998 1.82273698
v -1.76787603 -0.0463880002 1.82431304
v -1.73255098 -0.0263529997 1.82614005
v -1.71928596 -0.0168500002 1.82730603
v -1.65712094 0.0310529992 1.83841205
v -1.65649104 0.0418139994 1.83985305
v -1.66514599 0.041313 1.83985901
v -1.66566396 0.0306139998 1.83841801
v -1.66562903 0.0221699998 1.83506799
v -1.65712404 0.0225709993 1.83503306
v -1.65356803 0.0225130003 1.83509195
v -1.65342498 0.0310709998 1.83845496
v -1.65246296 0.0498670004 1.83775699
v -1.73810303 0.0262480006 1.83847296
v -1.73746705 0.0375269987 1.84020305
v -1.77909803 0.0361399986 1.84041095
v -1.77988994 0.0246060006 1.83822405
v -1.77944005 0.012875 1.83360696
v -1.73802495 0.0161419995 1.83464003
v -1.70920599 0.0187849998 1.835289
v -1.70899105 0.0277130008 1.838588
v -1.70847702 0.0387770012 1.84005499
v -1.6839 0.0293349996 1.83852303
v -1.68342304 0.0401690006 1.83993304
v -1.70847702 0.0387770012 1.84005499
v -1.70899105 0.0277130008 1.838588
v -1.70920599 0.0187849998 1.835289
v -1.68403101 0.0208509993 1.83529305
v -1.66562903 0.0221699998 1.83506799
v -1.66566396 0.0306139998 1.83841801
v -1.66514599 0.041313 1.83985901
v -1.65627694 0.00809499994 1.83061802
v -1.65712404 0.0225709993 1.83503306
v -1.66562903 0.0221699998 1.83506799
v -1.66502297 0.00761700002 1.83076501
v -1.65268302 0.00818900019 1.830688
v -2.50656509 -0.0751660019 1.87793696
v -2.4877789 -0.0500800014 1.87734306
v -2.57010508 0.00159100001 1.87759495
v -2.58688498 -0.0250959992 1.87820196
v -2.60331011 -0.0509140007 1.87719202
v -2.52492499 -0.0993349999 1.87699902
v -2.48038101 -0.0392730013 1.87571299
v -2.47840095 -0.036127001 1.872998
v -2.52597594 0.0133079998 1.87082899
v -2.56356311 0.0128030004 1.87574005
v -2.20615697 -0.0353090018 1.83895504
v -2.19583511 -0.0734329969 1.83489394
v -2.09516096 -0.0712469965 1.82924402
v -2.10348797 -0.0333329998 1.83337104
v -2.1104219 -0.000104999999 1.83824503
v -2.21476293 -0.00193599996 1.84358597
v -2.31828499 -0.00344699994 1.84972298
v -2.30512905 -0.0367779993 1.84502697
v -2.28962111 -0.0749849975 1.84090304
v -2.00675297 -0.0307420008 1.82846606
v -2.01184011 0.00216499995 1.83437502
v -2.1104219 -0.000104999999 1.83824503
v -2.10348797 -0.0333329998 1.83337104
v -2.09516096 -0.0712469965 1.82924402
v -2.00053692 -0.0682680011 1.82330799
v -1.91361904 -0.0620400012 1.81926
v -1.91808605 -0.026292 1.82548404
v -1.921628 0.00510000018 1.83232701
v -1.83962202 -0.0187379997 1.82567
v -1.84240103 0.00893200003 1.83245301
v -1.83606505 -0.0501030013 1.81927299
v -1.77489305 -0.0360499993 1.82172406
v -1.77735102 -0.0101119997 1.82758605
v -1.77944005 0.012875 1.83360696
v -2.39076996 -0.0378479995 1.85139704
v -2.41836596 0.00080899999 1.85597396
v -2.48772311 -0.00458800001 1.86095202
v -2.46229601 -0.0384749994 1.85804605
v -2.30512905 -0.0367779993 1.84502697
v -2.31828499 -0.00344699994 1.84972298
v -1.73726594 -0.00244499999 1.82979405
v -1.73802495 0.0161419995 1.83464003
v -1.77944005 0.012875 1.83360696
v -1.77735102 -0.0101119997 1.82758605
v -1.77489305 -0.0360499993 1.82172406
v -1.73712599 -0.0234709997 1.82498503
v -1.70947194 0.00335299992 1.83135998
v -1.70920599 0.0187849998 1.835289
v -1.68407297 0.00637200009 1.83134794
v -1.68403101 0.0208509993 1.83529305
v -1.68722296 -0.0101389997 1.82745004
v -1.66498804 -0.00900899991 1.82635999
v -1.66502297 0.00761700002 1.83076501
v -2.53104401 -0.107391 1.87402701
v -2.52492499 -0.0993349999 1.87699902
v -2.60331011 -0.0509140007 1.87719202
v -2.60878491 -0.0595199987 1.87419605
v -2.60878491 -0.0595199987 1.86380196
v -2.53104401 -0.107391 1.86363494
v -2.47421193 -0.0371610001 1.86574101
v -2.46229601 -0.0384749994 1.85804605
v -2.48772311 -0.00458800001 1.86095202
v -2.50929403 0.003425 1.86684895
v -2.52597594 0.0133079998 1.87082899
v -2.47840095 -0.036127001 1.872998
v -2.42489195 0.00980000012 1.86057794
v -2.32346511 0.0118209999 1.85375202
v -2.32477999 0.0236770008 1.85417497
v -2.42869401 0.0210999995 1.86129498
v -2.52597594 0.0133079998 1.87082899
v -2.50929403 0.003425 1.86684895
v -2.48772311 -0.00458800001 1.86095202
v -2.41836596 0.00080899999 1.85597396
v -2.31828499 -0.00344699994 1.84972298
v -1.83497596 -0.0544309989 1.82138598
v -1.91235006 -0.0669689998 1.82207704
v -1.909657 -0.0768940002 1.82500196
v -1.83280098 -0.0646869987 1.82362294
v -1.76787603 -0.0463880002 1.82431304
v -1.77604699 -0.0405759998 1.82273698
v -1.99907506 -0.0735070035 1.82642698
v -2.09346294 -0.0765390024 1.83231497
v -2.089185 -0.0865579993 1.83499897
v -1.99574995 -0.0834330022 1.82940102
v -2.19382405 -0.0785610005 1.83761704
v -2.18807006 -0.0885230005 1.83997905
v -2.089185 -0.0865579993 1.83499897
v -2.09346294 -0.0765390024 1.83231497
v -2.28721309 -0.0799420029 1.84401
v -2.28024101 -0.0899040028 1.84691203
v -2.18659902 -0.697409987 1.79314804
v -2.22154903 -0.56654799 1.80782497
v -2.22154999 -0.565762997 1.77907097
v -2.18698001 -0.696927011 1.76465702
v -2.16793895 -0.796944022 1.75327301
v -2.16728806 -0.79706502 1.78145897
v -2.16053009 -0.831610978 1.77745295
v -2.16123199 -0.831610978 1.74942195
v -2.16066599 -0.833105028 1.75634694
v -2.16004801 -0.833603024 1.77728999
v -2.27522302 -0.438382 1.82079196
v -2.27550292 -0.438917011 1.84328306
v -2.34037995 -0.32348299 1.85309196
v -2.3399601 -0.323134005 1.83059299
v -2.33940005 -0.322649986 1.80176997
v -2.27484894 -0.437656999 1.79200804
v -2.22154999 -0.565762997 1.77907097
v -2.22154903 -0.56654799 1.80782497
v -2.22154689 -0.567134976 1.83032799
v -2.73580194 -0.00210799999 1.83749902
v -2.73580194 -0.00210799999 1.86061096
v -2.8839829 0.0437039994 1.85621405
v -2.8839829 0.0437039994 1.83323205
v -2.8839829 0.0437039994 1.80390596
v -2.73580194 -0.00210799999 1.808007
v -2.60878491 -0.0595199987 1.81098294
v -2.60878491 -0.0595199987 1.84059501
v -2.60878491 -0.0595199987 1.86380196
v -3.02521801 0.0567740016 1.82988298
v -3.02521801 0.0567740016 1.85276198
v -3.1557951 0.0447590016 1.85002196
v -3.1557951 0.0447590016 1.82722402
v -3.1557951 0.0447590016 1.79813194
v -3.02521801 0.0567740016 1.80068803
v -2.8839829 0.0437039994 1.80390596
v -2.8839829 0.0437039994 1.83323205
v -2.8839829 0.0437039994 1.85621405
v -3.27200389 0.0153160002 1.82502699
v -3.27200389 0.0153160002 1.84775805
v -3.37068796 -0.0249290001 1.84603906
v -3.37068796 -0.0249290001 1.82335901
v -3.37068796 -0.0249290001 1.79441798
v -3.27200389 0.0153160002 1.79602098
v -3.1557951 0.0447590016 1.79813194
v -3.1557951 0.0447590016 1.82722402
v -3.1557951 0.0447590016 1.85002196
v -3.44869089 -0.0693460032 1.82228601
v -3.44869089 -0.0693460032 1.84493399
v -3.51635408 -0.115849003 1.82151198
v -3.499439 -0.104222998 1.80004597
v -3.44869089 -0.0693460032 1.79338706
v -3.37068796 -0.0249290001 1.79441798
v -3.37068796 -0.0249290001 1.82335901
v -3.37068796 -0.0249290001 1.84603906
v -2.40809989 -0.231028005 1.83577299
v -2.407727 -0.230785996 1.80665696
v -2.33940005 -0.322649986 1.80176997
v -2.3399601 -0.323134005 1.83059299
v -2.34037995 -0.32348299 1.85309196
v -2.40838003 -0.231199995 1.85853302
v -2.47375703 -0.159851 1.83837295
v -2.47366405 -0.159790993 1.80892396
v -2.53104401 -0.107391 1.84043396
v -2.53104401 -0.107391 1.86363494
v -2.60878491 -0.0595199987 1.86380196
v -2.60878491 -0.0595199987 1.84059501
v -2.60878491 -0.0595199987 1.81098294
v -2.53104401 -0.107391 1.81082702
v -4.34982777 0.0237009991 -1.21400106
v -4.40391302 0.00172299996 -1.18548596
v -4.40378714 0.00150100002 -1.18428397
v -4.34979105 0.0234580003 -1.21279705
v -4.27485514 0.0524550006 -1.25012505
v -4.27479792 0.0527159981 -1.25132298
v -4.27451277 0.0540289991 -1.25737202
v -4.35001612 0.0249300003 -1.22007895
v -4.40454483 0.00284299999 -1.19154894
v -4.35050488 0.0281269997 -1.235901
v -4.40619087 0.00575899985 -1.207335
v -4.27376986 0.0574500002 -1.27312005
v -4.27302313 0.0608940013 -1.28897798
v -4.35099792 0.0313469991 -1.25183499
v -4.40784788 0.00869499985 -1.22323096
v -4.42242479 -0.00579999993 -1.17572606
v -4.42320919 -0.00471699983 -1.18178403
v -4.42394114 -0.00501300022 -1.18140101
v -4.42315102 -0.00609500008 -1.17534304
v -4.42285204 -0.00618200004 -1.17453802
v -4.42226887 -0.00601400016 -1.17452502
v -4.42525101 -0.00189800002 -1.19755697
v -4.42730713 0.000942000013 -1.21344101
v -4.42807007 0.000637000019 -1.21305704
v -4.42599821 -0.00219799997 -1.19717395
v -1.54170597 0.407079995 -1.65988004
v -1.53843796 0.406920999 -1.66003597
v -1.54085898 0.406744987 -1.66249597
v -1.54411399 0.406839997 -1.66233599
v -1.55334198 0.406459987 -1.66182697
v -1.55099106 0.406733006 -1.65937805
v -1.550529 0.406801999 -1.65889299
v -1.54123294 0.407135993 -1.65939403
v -1.53889799 0.407002002 -1.65963197
v -1.55039203 0.406231999 -1.66873097
v -1.54716802 0.406327993 -1.66890395
v -1.55352402 0.405898988 -1.67535603
v -1.55671704 0.405616999 -1.67516994
v -1.56564701 0.405101001 -1.67462099
v -1.55947196 0.405781001 -1.668203
v -2.21045709 0.372875005 -1.63207197
v -2.32559395 0.366005003 -1.62535906
v -2.32716894 0.362780988 -1.61583102
v -2.21180606 0.369637996 -1.62305105
v -2.09119105 0.376302004 -1.63017404
v -2.09083295 0.379348993 -1.63863504
v -2.09047198 0.382418007 -1.647156
v -2.20909905 0.376136005 -1.64115596
v -2.32400894 0.369251996 -1.63495302
v -2.2123251 0.368393987 -1.61958599
v -2.32777309 0.361541986 -1.61217201
v -2.32789302 0.361297011 -1.61144698
v -2.2124269 0.368147999 -1.61889994
v -2.09135604 0.374899 -1.62627995
v -2.0913291 0.375131011 -1.62692404
v -2.44482708 0.353625 -1.60425103
v -2.44402909 0.35492 -1.60810494
v -2.5760231 0.344817996 -1.598207
v -2.57702899 0.343382001 -1.59415805
v -2.57722807 0.343097001 -1.59335494
v -2.44498491 0.353368998 -1.60348701
v -2.44195104 0.358292013 -1.61813796
v -2.43985796 0.361687005 -1.62824202
v -2.57076693 0.352322012 -1.61936998
v -2.57340407 0.348556995 -1.60875201
v -3.09058905 0.300375998 -1.55920196
v -3.27105594 0.277785003 -1.53519297
v -3.275949 0.273452997 -1.52114701
v -3.09463 0.295675993 -1.54619598
v -2.91382408 0.31468299 -1.56708002
v -2.91048002 0.319541991 -1.57889295
v -2.90711403 0.324434996 -1.59078801
v -3.086519 0.305108994 -1.572299
v -3.26612902 0.282148004 -1.54933703
v -3.09618211 0.293870986 -1.54120004
v -3.27782798 0.271789014 -1.51575196
v -3.2782011 0.271459013 -1.51468205
v -3.09648895 0.293513 -1.54021001
v -2.91536188 0.312447011 -1.56164396
v -2.91510797 0.312817007 -1.56254303
v -2.73792291 0.329549998 -1.58022499
v -2.57702899 0.343382001 -1.59415805
v -2.5760231 0.344817996 -1.598207
v -2.73678803 0.331234992 -1.58447504
v -2.91382408 0.31468299 -1.56708002
v -2.91510797 0.312817007 -1.56254303
v -2.91536188 0.312447011 -1.56164396
v -2.73814797 0.329216003 -1.57938302
v -2.57722807 0.343097001 -1.59335494
v -2.73383307 0.335620999 -1.59553897
v -2.57340407 0.348556995 -1.60875201
v -2.57076693 0.352322012 -1.61936998
v -2.7308569 0.340039015 -1.60668099
v -2.90711403 0.324434996 -1.59078801
v -2.91048002 0.319541991 -1.57889295
v -4.0122962 0.135349005 -1.35363603
v -3.904634 0.161594003 -1.38519299
v -3.9025619 0.163150996 -1.39138603
v -4.01085711 0.136752993 -1.35970604
v -4.10509777 0.110334001 -1.32771802
v -4.10591221 0.109066002 -1.32184196
v -4.1060729 0.108814001 -1.320678
v -4.01258183 0.135070994 -1.35243297
v -3.90504408 0.161285996 -1.38396597
v -4.00710917 0.140405998 -1.37551105
v -3.89716697 0.167205006 -1.40750802
v -3.89173508 0.171287 -1.42374396
v -4.003335 0.144085005 -1.39142597
v -4.10084391 0.116962999 -1.35842204
v -4.10297918 0.113637 -1.34301698
v -3.77495193 0.189198002 -1.41881895
v -3.62505102 0.217453003 -1.45288301
v -3.62263799 0.219046995 -1.45847595
v -3.77256894 0.190798 -1.42474699
v -3.9025619 0.163150996 -1.39138603
v -3.904634 0.161594003 -1.38519299
v -3.90504408 0.161285996 -1.38396597
v -3.775424 0.188880995 -1.41764402
v -3.62553 0.217136994 -1.451774
v -3.766366 0.194962993 -1.44018102
v -3.61635399 0.223198995 -1.47303796
v -3.61002707 0.227381006 -1.48770297
v -3.76011896 0.199157998 -1.45572305
v -3.89173508 0.171287 -1.42374396
v -3.89716697 0.167205006 -1.40750802
v -3.45673108 0.245649993 -1.48575306
v -3.27782798 0.271789014 -1.51575196
v -3.275949 0.273452997 -1.52114701
v -3.45452499 0.247254997 -1.49125803
v -3.4571681 0.245331004 -1.48466206
v -3.2782011 0.271459013 -1.51468205
v -3.44878101 0.251433015 -1.50558996
v -3.27105594 0.277785003 -1.53519297
v -3.26612902 0.282148004 -1.54933703
v -3.44299698 0.255641013 -1.52002299
v -4.19156408 0.0859690011 -1.30885601
v -4.27376986 0.0574500002 -1.27312005
v -4.27451277 0.0540289991 -1.25737202
v -4.19292784 0.0826290026 -1.29342902
v -4.10509777 0.110334001 -1.32771802
v -4.10297918 0.113637 -1.34301698
v -4.10084391 0.116962999 -1.35842204
v -4.19018888 0.0893329978 -1.32439101
v -4.27302313 0.0608940013 -1.28897798
v -4.19345284 0.0813459978 -1.28750396
v -4.27479792 0.0527159981 -1.25132298
v -4.27485514 0.0524550006 -1.25012505
v -4.19355679 0.081092 -1.28632998
v -4.1060729 0.108814001 -1.320678
v -4.10591221 0.109066002 -1.32184196
v -1.95763505 0.38270399 -1.63461494
v -1.834234 0.389524013 -1.641765
v -1.83613503 0.390098989 -1.64451396
v -1.95857298 0.383583993 -1.637609
v -2.09119105 0.376302004 -1.63017404
v -2.0913291 0.375131011 -1.62692404
v -2.09135604 0.374899 -1.62627995
v -1.95744896 0.382530004 -1.634022
v -1.83385706 0.389409989 -1.64122105
v -1.96101606 0.385874003 -1.64540505
v -1.84108496 0.391593993 -1.65167105
v -1.84606898 0.393099993 -1.65887797
v -1.96347594 0.388181001 -1.65325606
v -2.09047198 0.382418007 -1.647156
v -2.09083295 0.379348993 -1.63863504
v -1.75111902 0.395651013 -1.65672004
v -1.84108496 0.391593993 -1.65167105
v -1.83613503 0.390098989 -1.64451396
v -1.74606204 0.394461006 -1.65004599
v -1.68183005 0.397623003 -1.65420103
v -1.68622899 0.398598999 -1.66057706
v -1.69066 0.399585009 -1.666996
v -1.75621295 0.39684999 -1.66344202
v -1.84606898 0.393099993 -1.65887797
v -1.74411905 0.394003004 -1.64748204
v -1.834234 0.389524013 -1.641765
v -1.83385706 0.389409989 -1.64122105
v -1.743734 0.393913001 -1.64697397
v -1.67980504 0.397201985 -1.65126801
v -1.68014002 0.39726001 -1.651752
v -4.35119581 0.0326419994 -1.25824499
v -4.27272177 0.0622790009 -1.29535794
v -4.26102304 0.0637150034 -1.30892503
v -4.33839178 0.0337449983 -1.27309597
v -4.39491081 0.0105619999 -1.24540901
v -4.40851498 0.00987599976 -1.22962606
v -4.42813396 0.00208400004 -1.21983099
v -4.41425705 0.00262699998 -1.23593199
v -4.41501617 0.00231599994 -1.23556006
v -4.42890406 0.00177800003 -1.21944702
v -1.55926299 0.405353993 -1.67775702
v -1.55608404 0.405687988 -1.67794895
v -1.56037998 0.399509996 -1.68438494
v -1.56353796 0.399215013 -1.68420005
v -1.57235801 0.398728013 -1.68366098
v -1.56813204 0.404825985 -1.677194
v -2.20855188 0.377447009 -1.64481103
v -2.32337093 0.370559007 -1.63881302
v -2.09032702 0.383653015 -1.65058398
v -2.0914259 0.37814799 -1.656968
v -2.20906806 0.372159004 -1.65103197
v -2.32362604 0.365557998 -1.64492595
v -2.4390161 0.363052994 -1.63230705
v -2.43899107 0.358402014 -1.63839996
v -2.56942296 0.349694014 -1.62971699
v -2.56970596 0.353837013 -1.62364101
v -3.08488202 0.307013005 -1.57756901
v -3.26414704 0.283903003 -1.55502796
v -2.9057591 0.326402992 -1.59557295
v -2.90500903 0.323902011 -1.60145295
v -3.08364391 0.305355012 -1.58342397
v -3.2621181 0.282977015 -1.56108904
v -2.72966003 0.341816008 -1.61116397
v -2.56970596 0.353837013 -1.62364101
v -2.56942296 0.349694014 -1.62971699
v -2.729182 0.338438004 -1.61714303
v -2.90500903 0.323902011 -1.60145295
v -2.9057591 0.326402992 -1.59557295
v -4.00181723 0.145565003 -1.39782798
v -3.88954997 0.172929004 -1.43027604
v -3.88323498 0.173265994 -1.43918097
v -3.99412298 0.146201998 -1.40763104
v -4.09079599 0.119292997 -1.37550104
v -4.09998608 0.118300997 -1.36461997
v -3.75760603 0.200845003 -1.46197605
v -3.607481 0.229063004 -1.49360204
v -3.60305095 0.229030997 -1.50101602
v -3.75225997 0.201006994 -1.47011304
v -3.88323498 0.173265994 -1.43918097
v -3.88954997 0.172929004 -1.43027604
v -3.44067001 0.257333994 -1.52582896
v -3.26414704 0.283903003 -1.55502796
v -3.2621181 0.282977015 -1.56108904
v -3.43746209 0.256945014 -1.53248
v -4.18963623 0.0906860009 -1.33063996
v -4.27272177 0.0622790009 -1.29535794
v -4.09998608 0.118300997 -1.36461997
v -4.09079599 0.119292997 -1.37550104
v -4.17912579 0.0920139998 -1.34282994
v -4.26102304 0.0637150034 -1.30892503
v -1.96446502 0.389108986 -1.65641403
v -1.84807396 0.39370501 -1.66177702
v -1.85157001 0.387971997 -1.66850698
v -1.96681201 0.383466989 -1.66298604
v -2.0914259 0.37814799 -1.656968
v -2.09032702 0.383653015 -1.65058398
v -1.75826204 0.397332013 -1.66614604
v -1.84807396 0.39370501 -1.66177702
v -1.69244099 0.399978995 -1.66957498
v -1.69615805 0.394100994 -1.67636895
v -1.762043 0.39152199 -1.672948
v -1.85157001 0.387971997 -1.66850698
v -3.87650204 -0.0263379999 -1.69917095
v -3.84956288 -0.0665989965 -1.73649395
v -3.86872292 -0.0661579967 -1.72370601
v -3.89759302 -0.0308660008 -1.68934906
v -3.93620706 -0.0037479999 -1.65173697
v -3.91212392 0.00574899977 -1.65973496
v -3.87799191 0.0188359991 -1.67082906
v -3.84469199 -0.01987 -1.71313906
v -3.81824589 -0.0670949966 -1.75485003
v -3.9048121 -0.0324149989 -1.685987
v -3.8752799 -0.0660070032 -1.71932805
v -3.88286304 -0.0576209985 -1.71087396
v -3.9050951 -0.0324760005 -1.68585503
v -3.94477391 -0.00712700002 -1.64889097
v -3.9444499 -0.00699899998 -1.64899898
v -4.29987717 0.0363870002 -1.31435299
v -4.24830484 0.0387549996 -1.36790502
v -4.29931879 0.0131679997 -1.34666598
v -4.35375786 0.0120130004 -1.28946698
v -4.39491081 0.0105619999 -1.24540901
v -4.33839178 0.0337449983 -1.27309597
v -4.26102304 0.0637150034 -1.30892503
v -4.22607803 0.0673109964 -1.34634495
v -4.17884398 0.0705780014 -1.39493895
v -4.37220001 0.00367000001 -1.28094995
v -4.31678009 0.00441000005 -1.339396
v -4.31746483 0.004067 -1.33911097
v -4.3729229 0.00334300008 -1.28061604
v -4.41501617 0.00231599994 -1.23556006
v -4.41425705 0.00262699998 -1.23593199
v -4.19633293 0.0390359983 -1.41964304
v -4.14253187 0.037312001 -1.470245
v -4.18979216 0.0120019997 -1.45554101
v -4.24586105 0.0129690003 -1.40186799
v -4.13028002 0.0710299984 -1.442029
v -4.0805831 0.0682609975 -1.488639
v -4.26281309 0.00404699985 -1.39578402
v -4.2059679 0.00333900005 -1.450508
v -4.20660305 0.00299900002 -1.45030999
v -4.2634778 0.00369699998 -1.39554501
v -4.00430107 0.00206499989 -1.60471594
v -4.07368422 0.00275400002 -1.55556297
v -4.06153393 0.00927300006 -1.55905795
v -3.99430799 0.00701900013 -1.60761297
v -3.93620706 -0.0037479999 -1.65173697
v -3.9444499 -0.00699899998 -1.64899898
v -3.94477391 -0.00712700002 -1.64889097
v -4.00469303 0.00187100004 -1.60460305
v -4.0741601 0.00249899994 -1.555426
v -3.96511292 0.0214900002 -1.61607599
v -4.02604008 0.0283179991 -1.56926894
v -3.97816992 0.0524209999 -1.58239102
v -3.92499995 0.0405049995 -1.62732506
v -3.87799191 0.0188359991 -1.67082906
v -3.91212392 0.00574899977 -1.65973496
v -4.14191484 0.00304299989 -1.50396395
v -4.2059679 0.00333900005 -1.450508
v -4.18979216 0.0120019997 -1.45554101
v -4.12752199 0.0108519997 -1.50815296
v -4.1424799 0.00273699989 -1.50380003
v -4.20660305 0.00299900002 -1.45030999
v -4.08547401 0.0336650014 -1.52038896
v -4.14253187 0.037312001 -1.470245
v -4.0805831 0.0682609975 -1.488639
v -4.02995491 0.0618660003 -1.53579402
v -1.60165501 -0.66355902 -1.77652204
v -1.59959197 -0.663465023 -1.77651799
v -1.58793998 -0.774249971 -1.76341498
v -1.58994997 -0.774320006 -1.76343906
v -1.60100901 -0.774704993 -1.76357496
v -1.61300099 -0.664076984 -1.77654397
v -1.62816095 -0.518823028 -1.79175401
v -1.61626804 -0.518172979 -1.79185605
v -1.61410701 -0.518055975 -1.79187703
v -1.58589101 -0.812731981 -1.75890195
v -1.58389902 -0.812669992 -1.75887096
v -1.58422005 -0.814364016 -1.75867999
v -1.58565497 -0.814970016 -1.75863802
v -1.59660804 -0.815304995 -1.75881505
v -1.59685099 -0.813069999 -1.75907695
v -1.64291298 -0.665443003 -1.7766
v -1.63016498 -0.775718987 -1.76393104
v -1.67390597 -0.777161002 -1.76466799
v -1.68736196 -0.667291999 -1.77679801
v -1.70553195 -0.522822022 -1.791188
v -1.659518 -0.520537019 -1.79149103
v -1.62574399 -0.813962996 -1.75953698
v -1.62548602 -0.816191018 -1.75928104
v -1.66896701 -0.817483008 -1.76021194
v -1.66923904 -0.815263987 -1.76045895
v -2.04340196 -0.827835977 -1.79942
v -2.07188296 -0.829128027 -1.80952001
v -2.07928491 -0.792445004 -1.81349504
v -2.05018997 -0.79095602 -1.80283701
v -2.00826406 -0.788836002 -1.79043698
v -2.00211096 -0.825914979 -1.78752804
v -2.00175405 -0.828076005 -1.78735495
v -2.04300594 -0.829984009 -1.79922104
v -2.0714519 -0.831264973 -1.80928898
v -2.06976509 -0.684614003 -1.81269002
v -2.10062909 -0.686667979 -1.82495606
v -2.13732505 -0.547698021 -1.83924103
v -2.10419202 -0.54479301 -1.82544303
v -2.05757689 -0.54123199 -1.81014895
v -2.02600694 -0.681919992 -1.79882002
v -1.95217299 -0.823821008 -1.77875602
v -1.95806801 -0.786574006 -1.78163195
v -1.902987 -0.784370005 -1.77548504
v -1.89728796 -0.821796 -1.77239203
v -1.89695895 -0.823982 -1.77219296
v -1.95183098 -0.825995028 -1.77857697
v -1.97507203 -0.679179013 -1.78990304
v -2.00419497 -0.537828982 -1.80103505
v -1.94596398 -0.534470975 -1.79599094
v -1.91942704 -0.676464021 -1.78436601
v -1.72400606 -0.816826999 -1.76201999
v -1.78349602 -0.818486989 -1.76438606
v -1.78831804 -0.780618012 -1.76799595
v -1.72872102 -0.778828979 -1.765944
v -1.67390597 -0.777161002 -1.76466799
v -1.66923904 -0.815263987 -1.76045895
v -1.66896701 -0.817483008 -1.76021194
v -1.72373104 -0.819038987 -1.76178396
v -1.78321505 -0.820692003 -1.76416099
v -1.74231601 -0.669259012 -1.77724302
v -1.80222499 -0.671419978 -1.77837598
v -1.82263803 -0.527849019 -1.79136705
v -1.76139295 -0.525183976 -1.79097104
v -1.70553195 -0.522822022 -1.791188
v -1.68736196 -0.667291999 -1.77679801
v -1.84115899 -0.820080996 -1.76772296
v -1.89728796 -0.821796 -1.77239203
v -1.902987 -0.784370005 -1.77548504
v -1.84640503 -0.782424986 -1.77105796
v -1.84085596 -0.822277009 -1.76750898
v -1.86153603 -0.673848987 -1.78063703
v -1.91942704 -0.676464021 -1.78436601
v -1.94596398 -0.534470975 -1.79599094
v -1.88480401 -0.531044006 -1.79290402
v -2.15102196 -0.692794979 -1.82910705
v -2.12388802 -0.688920021 -1.82908595
v -2.10231996 -0.793238997 -1.81709099
v -2.13031292 -0.79490298 -1.81706202
v -2.15755701 -0.796615005 -1.81610203
v -2.1774199 -0.696618974 -1.82818496
v -2.21299195 -0.565132976 -1.84311998
v -2.187325 -0.558574021 -1.84398794
v -2.16094899 -0.551842988 -1.84390998
v -2.12312198 -0.830308974 -1.81288397
v -2.09483695 -0.829415977 -1.81293094
v -2.09439802 -0.831521988 -1.81268799
v -2.12268996 -0.832364976 -1.81264102
v -2.15022492 -0.833293021 -1.81166697
v -2.15065098 -0.831286013 -1.81191099
v -2.0833931 -0.829338014 -1.81291699
v -2.09098601 -0.79281199 -1.81707394
v -2.07928491 -0.792445004 -1.81349504
v -2.07188296 -0.829128027 -1.80952001
v -2.0714519 -0.831264973 -1.80928898
v -2.08295107 -0.831466019 -1.81267405
v -2.11287999 -0.687489986 -1.82906199
v -2.15026307 -0.549133003 -1.84386206
v -2.13732505 -0.547698021 -1.83924103
v -2.10062909 -0.686667979 -1.82495606
v -1.64724195 -0.136158004 -1.81550097
v -1.65216398 -0.0584429987 -1.81869996
v -1.64883995 -0.0585430004 -1.81862795
v -1.64429402 -0.136205003 -1.81546998
v -1.63696599 -0.245505005 -1.810902
v -1.63953304 -0.245583996 -1.81087101
v -1.65331697 -0.246209994 -1.81080103
v -1.66196597 -0.136593997 -1.81581104
v -1.66675401 -0.058743 -1.81933498
v -1.65423703 0.094783999 -1.82993102
v -1.65110898 0.146898001 -1.81899297
v -1.64820099 0.146959007 -1.81906605
v -1.65089297 0.0949039981 -1.82998002
v -1.65246296 0.0498670004 -1.83775699
v -1.65649104 0.0418139994 -1.83985305
v -1.66514599 0.041313 -1.83985901
v -1.66248596 0.0944729969 -1.82983506
v -1.65900695 0.146731004 -1.81879699
v -1.67550898 -0.378403991 -1.80254698
v -1.68953395 -0.247927994 -1.81064999
v -1.65331697 -0.246209994 -1.81080103
v -1.64182401 -0.37657699 -1.80297804
v -1.62816095 -0.518823028 -1.79175401
v -1.659518 -0.520537019 -1.79149103
v -1.70553195 -0.522822022 -1.791188
v -1.72433996 -0.380917996 -1.802176
v -1.74158704 -0.250824988 -1.81069303
v -1.62905097 -0.37588501 -1.80314803
v -1.63953304 -0.245583996 -1.81087101
v -1.63696599 -0.245505005 -1.810902
v -1.62673402 -0.375761986 -1.80318797
v -1.61410701 -0.518055975 -1.79187703
v -1.61626804 -0.518172979 -1.79185605
v -1.60707295 0.319054008 -1.74850798
v -1.59062004 0.35334301 -1.72567999
v -1.58759296 0.353460014 -1.72580898
v -1.60415196 0.319119006 -1.74863195
v -1.61910796 0.283264995 -1.76902997
v -1.62193406 0.283217996 -1.76890397
v -1.62989402 0.283086985 -1.76855302
v -1.61529803 0.318872988 -1.74816203
v -1.59913504 0.353060007 -1.72531402
v -1.57505 0.380971014 -1.702209
v -1.56353796 0.399215013 -1.68420005
v -1.56037998 0.399509996 -1.68438494
v -1.57194197 0.381179005 -1.70236504
v -1.58375704 0.380576015 -1.70175695
v -1.57235801 0.398728013 -1.68366098
v -1.63273096 0.250945985 -1.78507805
v -1.64058995 0.219650999 -1.79805601
v -1.64839101 0.219433993 -1.79774594
v -1.64057004 0.250773013 -1.78473902
v -1.62989402 0.283086985 -1.76855302
v -1.62193406 0.283217996 -1.76890397
v -1.61910796 0.283264995 -1.76902997
v -1.62994802 0.251008004 -1.7852
v -1.63782001 0.219729006 -1.79816699
v -1.64663804 0.186744004 -1.80886495
v -1.65110898 0.146898001 -1.81899297
v -1.65900695 0.146731004 -1.81879699
v -1.654423 0.186569005 -1.80859995
v -1.64387405 0.186805993 -1.80895901
v -1.64820099 0.146959007 -1.81906605
v -2.14405704 -0.170145005 -1.83265603
v -2.18807006 -0.0885230005 -1.83997905
v -2.089185 -0.0865579993 -1.83499897
v -2.05763507 -0.167004004 -1.82738698
v -2.02123499 -0.268573999 -1.81791902
v -2.09525609 -0.272578001 -1.823349
v -2.16265607 -0.276791006 -1.832636
v -2.22365999 -0.173162997 -1.84093797
v -2.28024101 -0.0899040028 -1.84691203
v -2.22022605 0.081520997 -1.82689202
v -2.218364 0.025866 -1.84861696
v -2.32477999 0.0236770008 -1.85417497
v -2.32709908 0.0804909989 -1.82841504
v -2.32897711 0.135661006 -1.80203497
v -2.22169995 0.135756001 -1.80427504
v -2.11454797 0.137278005 -1.80683804
v -2.11406803 0.0833090022 -1.82630396
v -2.11324191 0.0279200003 -1.84468806
v -2.43176794 0.0805340037 -1.83088303
v -2.42869401 0.0210999995 -1.86129498
v -2.52597594 0.0133079998 -1.87082899
v -2.55278993 0.0921859965 -1.83220398
v -2.55577588 0.147320002 -1.79749405
v -2.43433499 0.137807995 -1.80015802
v -2.04644608 -0.398716986 -1.81249595
v -2.00419497 -0.537828982 -1.80103505
v -2.05757689 -0.54123199 -1.81014895
v -2.10521102 -0.402835011 -1.82189703
v -2.16265607 -0.276791006 -1.832636
v -2.09525609 -0.272578001 -1.823349
v -2.02123499 -0.268573999 -1.81791902
v -1.98195601 -0.394786 -1.80731499
v -1.94596398 -0.534470975 -1.79599094
v -2.15553594 -0.407478005 -1.83756304
v -2.10419202 -0.54479301 -1.82544303
v -2.13732505 -0.547698021 -1.83924103
v -2.19078493 -0.411437005 -1.85168505
v -2.25682306 -0.286152005 -1.86119998
v -2.21857405 -0.28174001 -1.84768403
v -2.70871997 0.125984997 -1.83028102
v -2.55278993 0.0921859965 -1.83220398
v -2.70719099 0.0885189995 -1.86187303
v -2.87633109 0.132440001 -1.85890806
v -2.87816501 0.158572003 -1.826159
v -2.88114905 0.189625993 -1.78658497
v -2.71130395 0.169317007 -1.79289401
v -2.55577588 0.147320002 -1.79749405
v -3.03973198 0.166590005 -1.82088196
v -3.03543496 0.143676996 -1.85542703
v -3.18088889 0.129709005 -1.85183406
v -3.18940592 0.155024007 -1.81488204
v -3.20012808 0.184968993 -1.76981795
v -3.045542 0.194070995 -1.778795
v -2.87816501 0.158572003 -1.826159
v -2.87633109 0.132440001 -1.85890806
v -3.32317209 0.128858998 -1.80859196
v -3.34055209 0.164636001 -1.75994897
v -3.20012808 0.184968993 -1.76981795
v -3.18088889 0.129709005 -1.85183406
v -3.30907702 0.098017998 -1.84853196
v -3.4205029 0.0534380004 -1.84554899
v -3.4413991 0.0928430036 -1.80190897
v -3.46680593 0.137489006 -1.748999
v -3.70104408 0.00169199996 -1.766482
v -3.63133788 0.0173829999 -1.783957
v -3.60746288 -0.0759029984 -1.85068297
v -3.658957 -0.0721319988 -1.82826304
v -3.72170401 -0.0687019974 -1.80023205
v -3.75767207 -0.00503800018 -1.746683
v -3.79481602 0.0474510007 -1.69579399
v -3.74148297 0.062270999 -1.70963204
v -3.67203093 0.0811550021 -1.723562
v -3.54445505 0.0517250001 -1.79473197
v -3.63133788 0.0173829999 -1.783957
v -3.67203093 0.0811550021 -1.723562
v -3.57888603 0.107945003 -1.73677695
v -3.51566911 0.000805000018 -1.84291101
v -3.60746288 -0.0759029984 -1.85068297
v -3.80531812 -0.0124979997 -1.72893906
v -3.775213 -0.0674090013 -1.77592897
v -3.8396039 0.0328550003 -1.68285406
v -3.75767207 -0.00503800018 -1.746683
v -3.72170401 -0.0687019974 -1.80023205
v -1.97275603 -0.163147002 -1.82292604
v -1.94545496 -0.264254004 -1.81444204
v -2.05763507 -0.167004004 -1.82738698
v -2.089185 -0.0865579993 -1.83499897
v -1.99574995 -0.0834330022 -1.82940102
v -1.909657 -0.0768940002 -1.82500196
v -1.89238203 -0.157603994 -1.81975305
v -1.87148201 -0.25969699 -1.81238198
v -1.81947303 -0.149406001 -1.818349
v -1.802881 -0.254985005 -1.81120098
v -1.83280098 -0.0646869987 -1.82362294
v -1.76787603 -0.0463880002 -1.82431304
v -1.75507796 -0.141790003 -1.81767201
v -1.74158704 -0.250824988 -1.81069303
v -2.01154089 0.0855360031 -1.82663798
v -2.01321507 0.0300900005 -1.84245205
v -2.11324191 0.0279200003 -1.84468806
v -2.11406803 0.0833090022 -1.82630396
v -2.11454797 0.137278005 -1.80683804
v -2.00956392 0.139408007 -1.80968499
v -1.91335702 0.141606003 -1.81238699
v -1.91767597 0.087793 -1.82741404
v -1.92168999 0.032265 -1.84132302
v -1.83750498 0.0896689966 -1.82815301
v -1.84207904 0.0343340002 -1.84071302
v -1.83253598 0.143329993 -1.81451595
v -1.77023304 0.144575998 -1.81607699
v -1.77492702 0.0911249965 -1.82876003
v -1.77909803 0.0361399986 -1.84041095
v -1.91445696 -0.390700012 -1.804304
v -1.88480401 -0.531044006 -1.79290402
v -1.94596398 -0.534470975 -1.79599094
v -1.98195601 -0.394786 -1.80731499
v -2.02123499 -0.268573999 -1.81791902
v -1.94545496 -0.264254004 -1.81444204
v -1.87148201 -0.25969699 -1.81238198
v -1.84697902 -0.386860013 -1.80281103
v -1.82263803 -0.527849019 -1.79136705
v -1.78255105 -0.383668005 -1.80218303
v -1.76139295 -0.525183976 -1.79097104
v -1.802881 -0.254985005 -1.81120098
v -1.74158704 -0.250824988 -1.81069303
v -1.72433996 -0.380917996 -1.802176
v -1.70553195 -0.522822022 -1.791188
v -3.029351 0.0939019993 -1.86694205
v -2.88006496 0.0812190026 -1.87046504
v -2.88300395 0.0530829988 -1.86947203
v -3.02625108 0.0660559982 -1.86595905
v -3.15840197 0.0537139997 -1.86317205
v -3.16622496 0.0805800036 -1.864151
v -3.17425704 0.108176 -1.864151
v -3.03252912 0.122500002 -1.86694205
v -2.87706208 0.110105 -1.87037301
v -3.03379512 0.134036005 -1.86694205
v -2.87589002 0.121730998 -1.87008297
v -3.1774919 0.119323 -1.864151
v -3.18088889 0.129709005 -1.85183406
v -3.03543496 0.143676996 -1.85542703
v -2.87633109 0.132440001 -1.85890806
v -2.72198105 0.0342929997 -1.874964
v -2.58688498 -0.0250959992 -1.87820196
v -2.60331011 -0.0509140007 -1.87719202
v -2.73234701 0.00699200016 -1.87394905
v -2.88300395 0.0530829988 -1.86947203
v -2.88006496 0.0812190026 -1.87046504
v -2.87706208 0.110105 -1.87037301
v -2.71139312 0.0623940006 -1.87459803
v -2.57010508 0.00159100001 -1.87759495
v -2.70727301 0.0738959983 -1.87343895
v -2.56356311 0.0128030004 -1.87574005
v -2.87589002 0.121730998 -1.87008297
v -2.87633109 0.132440001 -1.85890806
v -2.70719099 0.0885189995 -1.86187303
v -2.52597594 0.0133079998 -1.87082899
v -2.24130106 -0.42682901 -1.85667396
v -2.187325 -0.558574021 -1.84398794
v -2.21299195 -0.565132976 -1.84311998
v -2.26702189 -0.435993999 -1.85586703
v -2.332165 -0.319393992 -1.86555302
v -2.30710101 -0.306980997 -1.86632204
v -2.28141999 -0.294156998 -1.86613905
v -2.21491003 -0.417392999 -1.85655403
v -2.16094899 -0.551842988 -1.84390998
v -2.20432401 -0.413502008 -1.85645294
v -2.15026307 -0.549133003 -1.84386206
v -2.27121592 -0.28875199 -1.86589205
v -2.25682306 -0.286152005 -1.86119998
v -2.19078493 -0.411437005 -1.85168505
v -2.13732505 -0.547698021 -1.83924103
v -3.28707409 0.0494909994 -1.86184597
v -3.16622496 0.0805800036 -1.864151
v -3.15840197 0.0537139997 -1.86317205
v -3.2757709 0.0238589998 -1.86086905
v -3.37563396 -0.0171729997 -1.85912097
v -3.39047408 0.00609300006 -1.86009598
v -3.40580511 0.0298379995 -1.86009598
v -3.29871202 0.0757329985 -1.86184597
v -3.17425704 0.108176 -1.864151
v -3.30348492 0.0861089975 -1.86184597
v -3.1774919 0.119323 -1.864151
v -3.41222596 0.0390280001 -1.86009598
v -3.4205029 0.0534380004 -1.84554899
v -3.30907702 0.098017998 -1.84853196
v -3.18088889 0.129709005 -1.85183406
v -3.50416899 -0.0172850005 -1.85897005
v -3.5877111 -0.0782139972 -1.85815704
v -3.60746288 -0.0759029984 -1.85068297
v -3.51566911 0.000805000018 -1.84291101
v -3.49544811 -0.0248390008 -1.85897005
v -3.57636595 -0.0839079991 -1.85815704
v -3.4750011 -0.0441530012 -1.85897005
v -3.55009198 -0.0978230014 -1.85815704
v -3.4552691 -0.0630479977 -1.85799694
v -3.52478909 -0.111342996 -1.85718501
v -2.21089506 0.355619997 -1.66781402
v -2.324718 0.349884003 -1.66128099
v -2.32362604 0.365557998 -1.64492595
v -2.20906806 0.372159004 -1.65103197
v -2.0914259 0.37814799 -1.656968
v -2.09479904 0.360998005 -1.67435706
v -2.09935093 0.335438997 -1.69709206
v -2.21355796 0.330983996 -1.68988597
v -2.3262949 0.326510012 -1.68285298
v -2.21657705 0.301407009 -1.71197402
v -2.32800889 0.298408985 -1.70461798
v -2.10399103 0.304704994 -1.71951699
v -2.10810304 0.272190988 -1.74038994
v -2.2192359 0.269944996 -1.73288202
v -2.32935905 0.268276989 -1.72552299
v -2.43926501 0.295828998 -1.69733
v -2.32800889 0.298408985 -1.70461798
v -2.43863511 0.267621011 -1.71817899
v -2.56396604 0.268687993 -1.70856404
v -2.56622505 0.293850005 -1.687747
v -2.56824088 0.31696099 -1.66675198
v -2.4396019 0.321938992 -1.67589104
v -2.3262949 0.326510012 -1.68285298
v -2.43934894 0.34374699 -1.65458798
v -2.324718 0.349884003 -1.66128099
v -2.56912088 0.336488992 -1.64574802
v -2.56942296 0.349694014 -1.62971699
v -2.43899107 0.358402014 -1.63839996
v -3.08077097 0.299403995 -1.59828103
v -3.25705004 0.279296994 -1.57634497
v -3.2621181 0.282977015 -1.56108904
v -3.08364391 0.305355012 -1.58342397
v -2.90500903 0.323902011 -1.60145295
v -2.90345597 0.315384001 -1.61663198
v -2.90140009 0.303131014 -1.63648605
v -3.07713509 0.29084 -1.61793602
v -3.25062394 0.273777992 -1.59672403
v -3.07360697 0.281342 -1.638188
v -3.24452305 0.267336994 -1.618155
v -2.89914203 0.289420992 -1.65639102
v -2.89644694 0.273943007 -1.67770398
v -3.06949592 0.26978299 -1.660568
v -3.23772001 0.258442014 -1.64219904
v -2.72836494 0.327389985 -1.63277495
v -2.90345597 0.315384001 -1.61663198
v -2.90500903 0.323902011 -1.60145295
v -2.729182 0.338438004 -1.61714303
v -2.56942296 0.349694014 -1.62971699
v -2.56912088 0.336488992 -1.64574802
v -2.56824088 0.31696099 -1.66675198
v -2.72697091 0.311264992 -1.65318799
v -2.90140009 0.303131014 -1.63648605
v -2.72476602 0.292652011 -1.67350602
v -2.89914203 0.289420992 -1.65639102
v -2.56622505 0.293850005 -1.687747
v -2.56396604 0.268687993 -1.70856404
v -2.72225308 0.272186995 -1.69438696
v -2.89644694 0.273943007 -1.67770398
v -3.914361 0.144970998 -1.50222099
v -3.81947899 0.169057995 -1.5244
v -3.79514694 0.162566006 -1.55782998
v -3.8844161 0.139134005 -1.53839302
v -3.95666099 0.116616003 -1.52063406
v -3.9930141 0.121578 -1.481354
v -4.02795696 0.123047002 -1.44342697
v -3.94265795 0.147459999 -1.46800196
v -3.84214711 0.172377005 -1.493294
v -3.97182488 0.147351995 -1.43374705
v -3.865417 0.173430994 -1.462538
v -4.0636692 0.121579997 -1.40495598
v -4.09079599 0.119292997 -1.37550104
v -3.99412298 0.146201998 -1.40763104
v -3.88323498 0.173265994 -1.43918097
v -3.70006299 0.194976002 -1.54774296
v -3.5612669 0.22123 -1.57165802
v -3.54590893 0.214002997 -1.60035098
v -3.68039489 0.188081995 -1.57875299
v -3.79514694 0.162566006 -1.55782998
v -3.81947899 0.169057995 -1.5244
v -3.84214711 0.172377005 -1.493294
v -3.71843004 0.198886007 -1.519279
v -3.5757401 0.225649998 -1.54563403
v -3.73751497 0.200625002 -1.49130797
v -3.59106994 0.228072003 -1.52022302
v -3.865417 0.173430994 -1.462538
v -3.88323498 0.173265994 -1.43918097
v -3.75225997 0.201006994 -1.47011304
v -3.60305095 0.229030997 -1.50101602
v -3.40824795 0.246325001 -1.59555399
v -3.24452305 0.267336994 -1.618155
v -3.39743805 0.238653004 -1.62181306
v -3.5612669 0.22123 -1.57165802
v -3.5757401 0.225649998 -1.54563403
v -3.41831493 0.251331002 -1.57203603
v -3.25062394 0.273777992 -1.59672403
v -3.42903209 0.254907995 -1.54944694
v -3.25705004 0.279296994 -1.57634497
v -3.59106994 0.228072003 -1.52022302
v -3.43746209 0.256945014 -1.53248
v -3.2621181 0.282977015 -1.56108904
v -4.14788103 0.0953039974 -1.37618399
v -4.22607803 0.0673109964 -1.34634495
v -4.17912579 0.0920139998 -1.34282994
v -4.09079599 0.119292997 -1.37550104
v -4.0636692 0.121579997 -1.40495598
v -4.02795696 0.123047002 -1.44342697
v -4.10604 0.0980470031 -1.41959298
v -4.17884398 0.0705780014 -1.39493895
v -4.06374598 0.0977379978 -1.46194398
v -4.13028002 0.0710299984 -1.442029
v -3.9930141 0.121578 -1.481354
v -3.95666099 0.116616003 -1.52063406
v -4.02033806 0.0938439965 -1.50474203
v -1.989272 0.308180004 -1.72736597
v -1.88336897 0.311450988 -1.73440599
v -1.89228904 0.276959002 -1.75510705
v -1.99580002 0.274576992 -1.74817801
v -2.10810304 0.272190988 -1.74038994
v -2.10399103 0.304704994 -1.71951699
v -2.09935093 0.335438997 -1.69709206
v -1.981637 0.339949012 -1.70457494
v -1.87282705 0.344009012 -1.71134603
v -1.97334301 0.366061985 -1.681077
v -1.86102402 0.370460987 -1.687204
v -2.09479904 0.360998005 -1.67435706
v -2.0914259 0.37814799 -1.656968
v -1.96681201 0.383466989 -1.66298604
v -1.85157001 0.387971997 -1.66850698
v -1.79723299 0.314134002 -1.73952103
v -1.73220599 0.316101998 -1.74297094
v -1.74342096 0.280948997 -1.76332903
v -1.80753601 0.279195011 -1.76003599
v -1.88336897 0.311450988 -1.73440599
v -1.87282705 0.344009012 -1.71134603
v -1.78533304 0.347112 -1.71641505
v -1.719594 0.349321991 -1.71992397
v -1.77233505 0.373845011 -1.69196403
v -1.706393 0.376267999 -1.69543803
v -1.86102402 0.370460987 -1.687204
v -1.762043 0.39152199 -1.672948
v -1.69615805 0.394100994 -1.67636895
v -2.22205806 0.176282004 -1.78554404
v -2.11421394 0.177640006 -1.790272
v -2.11454797 0.137278005 -1.80683804
v -2.22169995 0.135756001 -1.80427504
v -2.32897711 0.135661006 -1.80203497
v -2.32972407 0.176302999 -1.78096294
v -2.32984591 0.208619997 -1.76264203
v -2.22164798 0.208960995 -1.76861799
v -2.11305809 0.210333005 -1.77476394
v -2.22081709 0.239656001 -1.75141394
v -2.11107302 0.241292 -1.75847101
v -2.32984805 0.238812998 -1.74451303
v -2.32935905 0.268276989 -1.72552299
v -2.2192359 0.269944996 -1.73288202
v -2.43606901 0.178729996 -1.77658606
v -2.43433499 0.137807995 -1.80015802
v -2.55577588 0.147320002 -1.79749405
v -2.55849004 0.186248004 -1.77128601
v -2.560745 0.215850994 -1.74974501
v -2.43721294 0.210299999 -1.75687003
v -2.43800902 0.239520997 -1.73771405
v -2.56235504 0.243009999 -1.72903395
v -2.56396604 0.268687993 -1.70856404
v -2.43863511 0.267621011 -1.71817899
v -3.0517199 0.217416003 -1.74465406
v -2.88503599 0.215102002 -1.754933
v -2.88114905 0.189625993 -1.78658497
v -3.045542 0.194070995 -1.778795
v -3.21014094 0.209246993 -1.73316503
v -3.21973205 0.229047 -1.70125496
v -3.05799794 0.237459004 -1.71506
v -2.88921595 0.236766994 -1.72780001
v -3.06410789 0.255035013 -1.68661201
v -2.89307904 0.256386012 -1.70178199
v -3.22919106 0.245562002 -1.670416
v -3.23772001 0.258442014 -1.64219904
v -3.06949592 0.26978299 -1.660568
v -2.71438599 0.201542005 -1.76393998
v -2.55849004 0.186248004 -1.77128601
v -2.71130395 0.169317007 -1.79289401
v -2.88114905 0.189625993 -1.78658497
v -2.88503599 0.215102002 -1.754933
v -2.88921595 0.236766994 -1.72780001
v -2.71743894 0.227118 -1.73970795
v -2.560745 0.215850994 -1.74974501
v -2.71993589 0.250503987 -1.71649003
v -2.56235504 0.243009999 -1.72903395
v -2.89307904 0.256386012 -1.70178199
v -2.89644694 0.273943007 -1.67770398
v -2.72225308 0.272186995 -1.69438696
v -3.77862501 0.0963589996 -1.66264498
v -3.70601702 0.117201 -1.67623496
v -3.74148297 0.062270999 -1.70963204
v -3.79481602 0.0474510007 -1.69579399
v -3.83431411 0.0775929987 -1.65022397
v -3.87525296 0.0945789963 -1.60700405
v -3.81429291 0.114988998 -1.62058306
v -3.73655009 0.136991993 -1.63567102
v -3.85030794 0.129192993 -1.57850599
v -3.76688099 0.151995003 -1.59556103
v -3.91672111 0.107601002 -1.56316197
v -3.95666099 0.116616003 -1.52063406
v -3.8844161 0.139134005 -1.53839302
v -3.79514694 0.162566006 -1.55782998
v -3.60731912 0.141931996 -1.69138706
v -3.4886179 0.167624995 -1.70663905
v -3.46680593 0.137489006 -1.748999
v -3.57888603 0.107945003 -1.73677695
v -3.67203093 0.0811550021 -1.723562
v -3.70601702 0.117201 -1.67623496
v -3.73655009 0.136991993 -1.63567102
v -3.63255811 0.162231997 -1.65257895
v -3.50845194 0.187949002 -1.66988099
v -3.6574049 0.177390993 -1.61436605
v -3.52792597 0.203159004 -1.63377202
v -3.76688099 0.151995003 -1.59556103
v -3.79514694 0.162566006 -1.55782998
v -3.68039489 0.188081995 -1.57875299
v -3.54590893 0.214002997 -1.60035098
v -3.35599899 0.191356003 -1.72053003
v -3.21014094 0.209246993 -1.73316503
v -3.20012808 0.184968993 -1.76981795
v -3.34055209 0.164636001 -1.75994897
v -3.4886179 0.167624995 -1.70663905
v -3.50845194 0.187949002 -1.66988099
v -3.370363 0.211382002 -1.68614995
v -3.21973205 0.229047 -1.70125496
v -3.38449192 0.227075994 -1.65262902
v -3.22919106 0.245562002 -1.670416
v -3.52792597 0.203159004 -1.63377202
v -3.39743805 0.238653004 -1.62181306
v -3.23772001 0.258442014 -1.64219904
v -3.88225293 0.0590910017 -1.63857901
v -3.83431411 0.0775929987 -1.65022397
v -3.79481602 0.0474510007 -1.69579399
v -3.8396039 0.0328550003 -1.68285406
v -3.92499995 0.0405049995 -1.62732506
v -3.97816992 0.0524209999 -1.58239102
v -3.92889309 0.0741150007 -1.59462094
v -3.87525296 0.0945789963 -1.60700405
v -3.97515392 0.0858350024 -1.54948795
v -3.91672111 0.107601002 -1.56316197
v -4.02995491 0.0618660003 -1.53579402
v -4.02033806 0.0938439965 -1.50474203
v -2.00733304 0.179352999 -1.79509199
v -1.90922201 0.181154996 -1.79939497
v -1.91335702 0.141606003 -1.81238699
v -2.00956392 0.139408007 -1.80968499
v -2.11421394 0.177640006 -1.790272
v -2.11305809 0.210333005 -1.77476394
v -2.00451493 0.211744994 -1.78104806
v -1.90470302 0.213250995 -1.78660202
v -2.0007751 0.242958993 -1.76574099
v -1.89923 0.244706005 -1.77217305
v -2.11107302 0.241292 -1.75847101
v -2.10810304 0.272190988 -1.74038994
v -1.99580002 0.274576992 -1.74817801
v -1.89228904 0.276959002 -1.75510705
v -1.82768798 0.182779998 -1.80257499
v -1.90922201 0.181154996 -1.79939497
v -1.90470302 0.213250995 -1.78660202
v -1.82230794 0.214901999 -1.79056299
v -1.75960898 0.216405004 -1.79323697
v -1.76533496 0.184100002 -1.80479097
v -1.83253598 0.143329993 -1.81451595
v -1.81574297 0.246580005 -1.77671695
v -1.89923 0.244706005 -1.77217305
v -1.80753601 0.279195011 -1.76003599
v -1.74342096 0.280948997 -1.76332903
v -1.75242996 0.248201996 -1.77974999
v -2.37887311 -0.208450004 -1.87209201
v -2.35612702 -0.190721005 -1.871786
v -2.28141999 -0.294156998 -1.86613905
v -2.30710101 -0.306980997 -1.86632204
v -2.332165 -0.319393992 -1.86555302
v -2.40107298 -0.225520998 -1.87130404
v -2.46743202 -0.152721003 -1.87461901
v -2.44817495 -0.131192997 -1.87546802
v -2.42844391 -0.108792998 -1.87501502
v -2.34709311 -0.183036998 -1.87123203
v -2.33125091 -0.180109993 -1.86669397
v -2.25682306 -0.286152005 -1.86119998
v -2.27121592 -0.28875199 -1.86589205
v -2.42059994 -0.0989980027 -1.87399697
v -2.41929603 -0.0843219981 -1.87087202
v -2.28808188 -0.176651999 -1.85443997
v -2.35353708 -0.0912809968 -1.85837305
v -2.28024101 -0.0899040028 -1.84691203
v -2.22365999 -0.173162997 -1.84093797
v -2.16265607 -0.276791006 -1.832636
v -2.21857405 -0.28174001 -1.84768403
v -2.25682306 -0.286152005 -1.86119998
v -2.33125091 -0.180109993 -1.86669397
v -2.41929603 -0.0843219981 -1.87087202
v -1.57230997 0.405373991 -1.65818405
v -1.57187605 0.405479997 -1.657704
v -1.57451606 0.405133009 -1.66061902
v -1.60368896 0.40308401 -1.65892899
v -1.60168695 0.403201014 -1.65650797
v -1.60129094 0.403313011 -1.65603197
v -1.63514698 0.40041101 -1.654562
v -1.63479602 0.400445014 -1.65408695
v -1.63691604 0.400539011 -1.65697598
v -1.68183005 0.397623003 -1.65420103
v -1.68014002 0.39726001 -1.651752
v -1.67980504 0.397201985 -1.65126801
v -1.58026302 0.404619992 -1.66696203
v -1.58605194 0.404119015 -1.67334402
v -1.614151 0.402846009 -1.67158604
v -1.60890198 0.402954996 -1.66523898
v -1.64152396 0.400990993 -1.66326404
v -1.64616299 0.401459992 -1.66959
v -1.69066 0.399585009 -1.666996
v -1.68622899 0.398598999 -1.66057706
v -1.58837998 0.403910995 -1.675892
v -1.59249997 0.397852987 -1.68241203
v -1.62023604 0.396779001 -1.68071496
v -1.61626101 0.402787 -1.67411196
v -1.64802802 0.401636988 -1.67211795
v -1.65183902 0.395689994 -1.67882895
v -1.69615805 0.394100994 -1.67636895
v -1.69244099 0.399978995 -1.66957498
v -1.680547 0.0937789977 -1.82964504
v -1.67688501 0.146355003 -1.81835699
v -1.68342304 0.0401690006 -1.83993304
v -1.70847702 0.0387770012 -1.84005499
v -1.70535505 0.0929230005 -1.82939994
v -1.70149195 0.145861998 -1.81775498
v -1.73384595 0.0921240002 -1.82913995
v -1.72958004 0.145345002 -1.81707597
v -1.73746705 0.0375269987 -1.84020305
v -1.77909803 0.0361399986 -1.84041095
v -1.77492702 0.0911249965 -1.82876003
v -1.77023304 0.144575998 -1.81607699
v -1.63413405 0.318459004 -1.74737096
v -1.61862504 0.35244599 -1.724473
v -1.64812195 0.282788992 -1.76775396
v -1.67322695 0.282371998 -1.76664102
v -1.66007805 0.317885995 -1.74627602
v -1.64547002 0.351619989 -1.72331905
v -1.68962801 0.317225993 -1.74501598
v -1.67604995 0.350701988 -1.72201395
v -1.70182204 0.281883001 -1.76534796
v -1.74342096 0.280948997 -1.76332903
v -1.73220599 0.316101998 -1.74297094
v -1.719594 0.349321991 -1.71992397
v -1.60366404 0.379804999 -1.70071304
v -1.59249997 0.397852987 -1.68241203
v -1.64547002 0.351619989 -1.72331905
v -1.63108099 0.378820986 -1.69929099
v -1.62023604 0.396779001 -1.68071496
v -1.66231596 0.377784014 -1.69770706
v -1.65183902 0.395689994 -1.67882895
v -1.706393 0.376267999 -1.69543803
v -1.69615805 0.394100994 -1.67636895
v -1.71140599 0.249195993 -1.78164899
v -1.71888602 0.217464 -1.79492998
v -1.75960898 0.216405004 -1.79323697
v -1.75242996 0.248201996 -1.77974999
v -1.74342096 0.280948997 -1.76332903
v -1.70182204 0.281883001 -1.76534796
v -1.67322695 0.282371998 -1.76664102
v -1.68324494 0.249831006 -1.78289294
v -1.69086003 0.218251005 -1.79605806
v -1.65852106 0.250378996 -1.78396702
v -1.666255 0.218936995 -1.79703903
v -1.64812195 0.282788992 -1.76775396
v -1.724769 0.184985995 -1.80620599
v -1.72958004 0.145345002 -1.81707597
v -1.77023304 0.144575998 -1.81607699
v -1.76533496 0.184100002 -1.80479097
v -1.69680202 0.185616001 -1.80716002
v -1.70149195 0.145861998 -1.81775498
v -1.67224896 0.186168 -1.80799496
v -1.67688501 0.146355003 -1.81835699
v -1.65428495 -0.0232740007 -1.82213402
v -1.66666305 -0.0236709993 -1.82270098
v -1.66498804 -0.00900899991 -1.82635999
v -1.65514302 -0.00848400034 -1.82603097
v -1.65149403 -0.00826300029 -1.82608294
v -1.65072703 -0.0232009999 -1.82211399
v -1.64883995 -0.0585430004 -1.81862795
v -1.65216398 -0.0584429987 -1.81869996
v -1.66675401 -0.058743 -1.81933498
v -1.70024395 -0.137995005 -1.81668103
v -1.66196597 -0.136593997 -1.81581104
v -1.65331697 -0.246209994 -1.81080103
v -1.68953395 -0.247927994 -1.81064999
v -1.75507796 -0.141790003 -1.81767201
v -1.76787603 -0.0463880002 -1.82431304
v -1.703879 -0.0598450005 -1.82109702
v -1.66675401 -0.058743 -1.81933498
v -1.69668198 -0.0247179996 -1.82436001
v -1.66666305 -0.0236709993 -1.82270098
v -1.66675401 -0.058743 -1.81933498
v -1.703879 -0.0598450005 -1.82109702
v -1.76787603 -0.0463880002 -1.82431304
v -1.73255098 -0.0263529997 -1.82614005
v -1.71928596 -0.0168500002 -1.82730603
v -1.68722296 -0.0101389997 -1.82745004
v -1.66498804 -0.00900899991 -1.82635999
v -2.18621898 -0.697893977 -1.82538199
v -2.22154689 -0.567324996 -1.84033
v -2.15755701 -0.796615005 -1.81610203
v -2.16663694 -0.797186017 -1.81332695
v -2.16680002 -0.797155976 -1.80351901
v -2.18631411 -0.69777298 -1.81545198
v -2.22154808 -0.567134976 -1.83032799
v -2.15982699 -0.831610978 -1.80914605
v -2.15065098 -0.831286013 -1.81191099
v -2.15022492 -0.833293021 -1.81166697
v -2.15940309 -0.833603024 -1.80890298
v -2.15956402 -0.833603024 -1.79917002
v -2.16000295 -0.831610978 -1.79939198
v -2.2755959 -0.439072013 -1.85318899
v -2.34051991 -0.32356599 -1.86294401
v -2.332165 -0.319393992 -1.86555302
v -2.26702189 -0.435993999 -1.85586703
v -2.21299195 -0.565132976 -1.84311998
v -2.22154689 -0.567324996 -1.84033
v -2.22154808 -0.567134976 -1.83032799
v -2.27550292 -0.438917011 -1.84328306
v -2.34037995 -0.32348299 -1.85309196
v -2.73580194 -0.00210799999 -1.87096298
v -2.8839829 0.0437039994 -1.86650705
v -2.88300395 0.0530829988 -1.86947203
v -2.73234701 0.00699200016 -1.87394905
v -2.60331011 -0.0509140007 -1.87719202
v -2.60878491 -0.0595199987 -1.87419605
v -2.60878491 -0.0595199987 -1.86380196
v -2.73580194 -0.00210799999 -1.86061096
v -2.8839829 0.0437039994 -1.85621405
v -3.02521801 0.0567740016 -1.86301005
v -3.1557951 0.0447590016 -1.86023295
v -3.15840197 0.0537139997 -1.86317205
v -3.02625108 0.0660559982 -1.86595905
v -2.88300395 0.0530829988 -1.86947203
v -2.8839829 0.0437039994 -1.86650705
v -2.8839829 0.0437039994 -1.85621405
v -3.02521801 0.0567740016 -1.85276198
v -3.1557951 0.0447590016 -1.85002196
v -3.27200389 0.0153160002 -1.857939
v -3.37068796 -0.0249290001 -1.85619795
v -3.37563396 -0.0171729997 -1.85912097
v -3.2757709 0.0238589998 -1.86086905
v -3.15840197 0.0537139997 -1.86317205
v -3.1557951 0.0447590016 -1.86023295
v -3.1557951 0.0447590016 -1.85002196
v -3.27200389 0.0153160002 -1.84775805
v -3.37068796 -0.0249290001 -1.84603906
v -3.44869089 -0.0693460032 -1.85507798
v -3.51635408 -0.115849003 -1.85426903
v -3.4552691 -0.0630479977 -1.85799694
v -3.37563396 -0.0171729997 -1.85912097
v -3.37068796 -0.0249290001 -1.85619795
v -3.37068796 -0.0249290001 -1.84603906
v -3.44869089 -0.0693460032 -1.84493399
v -3.51635408 -0.115849003 -1.84413505
v -2.40847301 -0.231234998 -1.86858106
v -2.34051991 -0.32356599 -1.86294401
v -2.34037995 -0.32348299 -1.85309196
v -2.40838003 -0.231199995 -1.85853302
v -2.47382689 -0.159894004 -1.86143696
v -2.47385001 -0.159903005 -1.87173104
v -2.46743202 -0.152721003 -1.87461901
v -2.40107298 -0.225520998 -1.87130404
v -2.332165 -0.319393992 -1.86555302
v -2.21785593 0.0136860004 -1.84765899
v -2.11291194 0.0155969998 -1.84281003
v -2.1104219 -0.000104999999 -1.83824503
v -2.21476293 -0.00193599996 -1.84358597
v -2.31828499 -0.00344699994 -1.84972298
v -2.32346511 0.0118209999 -1.85375202
v -2.32477999 0.0236770008 -1.85417497
v -2.218364 0.025866 -1.84861696
v -2.11324191 0.0279200003 -1.84468806
v -2.01347804 0.0177599993 -1.839715
v -2.11291194 0.0155969998 -1.84281003
v -2.11324191 0.0279200003 -1.84468806
v -2.01321507 0.0300900005 -1.84245205
v -1.92168999 0.032265 -1.84132302
v -1.922521 0.0200779997 -1.838148
v -1.921628 0.00510000018 -1.83232701
v -2.01184011 0.00216499995 -1.83437502
v -2.1104219 -0.000104999999 -1.83824503
v -1.84300995 0.0224539991 -1.837883
v -1.84207904 0.0343340002 -1.84071302
v -1.77909803 0.0361399986 -1.84041095
v -1.77988994 0.0246060006 -1.83822405
v -1.77944005 0.012875 -1.83360696
v -1.84240103 0.00893200003 -1.83245301
v -2.36068296 -0.0810500011 -1.85316896
v -2.28721309 -0.0799420029 -1.84401
v -2.28024101 -0.0899040028 -1.84691203
v -2.35353708 -0.0912809968 -1.85837305
v -2.41929603 -0.0843219981 -1.87087202
v -2.42284489 -0.0774400011 -1.86285901
v -2.41910005 -0.0717300028 -1.85523999
v -2.36357808 -0.0760599971 -1.84791505
v -2.28962111 -0.0749849975 -1.84090304
v -1.74465501 -0.0300849993 -1.824512
v -1.77604699 -0.0405759998 -1.82273698
v -1.77489305 -0.0360499993 -1.82172406
v -1.73712599 -0.0234709997 -1.82498503
v -1.71928596 -0.0168500002 -1.82730603
v -1.73255098 -0.0263529997 -1.82614005
v -1.76787603 -0.0463880002 -1.82431304
v -1.65712094 0.0310529992 -1.83841205
v -1.66566396 0.0306139998 -1.83841801
v -1.66514599 0.041313 -1.83985901
v -1.65649104 0.0418139994 -1.83985305
v -1.65246296 0.0498670004 -1.83775699
v -1.65342498 0.0310709998 -1.83845496
v -1.65356803 0.0225130003 -1.83509195
v -1.65712404 0.0225709993 -1.83503306
v -1.66562903 0.0221699998 -1.83506799
v -1.73810303 0.0262480006 -1.83847296
v -1.77988994 0.0246060006 -1.83822405
v -1.77909803 0.0361399986 -1.84041095
v -1.73746705 0.0375269987 -1.84020305
v -1.70847702 0.0387770012 -1.84005499
v -1.70899105 0.0277130008 -1.838588
v -1.70920599 0.0187849998 -1.835289
v -1.73802495 0.0161419995 -1.83464003
v -1.77944005 0.012875 -1.83360696
v -1.6839 0.0293349996 -1.83852303
v -1.70899105 0.0277130008 -1.838588
v -1.70847702 0.0387770012 -1.84005499
v -1.68342304 0.0401690006 -1.83993304
v -1.66514599 0.041313 -1.83985901
v -1.66566396 0.0306139998 -1.83841801
v -1.66562903 0.0221699998 -1.83506799
v -1.68403101 0.0208509993 -1.83529305
v -1.70920599 0.0187849998 -1.835289
v -1.65627694 0.00809499994 -1.83061802
v -1.66502297 0.00761700002 -1.83076501
v -1.66562903 0.0221699998 -1.83506799
v -1.65712404 0.0225709993 -1.83503306
v -1.65268302 0.00818900019 -1.830688
v -2.50656509 -0.0751660019 -1.87793696
v -2.4877789 -0.0500800014 -1.87734306
v -2.52492499 -0.0993349999 -1.87699902
v -2.60331011 -0.0509140007 -1.87719202
v -2.58688498 -0.0250959992 -1.87820196
v -2.57010508 0.00159100001 -1.87759495
v -2.48038101 -0.0392730013 -1.87571299
v -2.47840095 -0.036127001 -1.872998
v -2.56356311 0.0128030004 -1.87574005
v -2.52597594 0.0133079998 -1.87082899
v -2.20615697 -0.0353090018 -1.83895504
v -2.10348797 -0.0333329998 -1.83337104
v -2.09516096 -0.0712469965 -1.82924402
v -2.19583511 -0.0734329969 -1.83489394
v -2.28962111 -0.0749849975 -1.84090304
v -2.30512905 -0.0367779993 -1.84502697
v -2.31828499 -0.00344699994 -1.84972298
v -2.21476293 -0.00193599996 -1.84358597
v -2.1104219 -0.000104999999 -1.83824503
v -2.00675297 -0.0307420008 -1.82846606
v -2.10348797 -0.0333329998 -1.83337104
v -2.1104219 -0.000104999999 -1.83824503
v -2.01184011 0.00216499995 -1.83437502
v -1.921628 0.00510000018 -1.83232701
v -1.91808605 -0.026292 -1.82548404
v -1.91361904 -0.0620400012 -1.81926
v -2.00053692 -0.0682680011 -1.82330799
v -2.09516096 -0.0712469965 -1.82924402
v -1.83962202 -0.0187379997 -1.82567
v -1.84240103 0.00893200003 -1.83245301
v -1.77944005 0.012875 -1.83360696
v -1.77735102 -0.0101119997 -1.82758605
v -1.77489305 -0.0360499993 -1.82172406
v -1.83606505 -0.0501030013 -1.81927299
v -2.39076996 -0.0378479995 -1.85139704
v -2.46229601 -0.0384749994 -1.85804605
v -2.48772311 -0.00458800001 -1.86095202
v -2.41836596 0.00080899999 -1.85597396
v -2.31828499 -0.00344699994 -1.84972298
v -2.30512905 -0.0367779993 -1.84502697
v -1.73726594 -0.00244499999 -1.82979405
v -1.77735102 -0.0101119997 -1.82758605
v -1.77944005 0.012875 -1.83360696
v -1.73802495 0.0161419995 -1.83464003
v -1.70920599 0.0187849998 -1.835289
v -1.70947194 0.00335299992 -1.83135998
v -1.73712599 -0.0234709997 -1.82498503
v -1.77489305 -0.0360499993 -1.82172406
v -1.68407297 0.00637200009 -1.83134794
v -1.68403101 0.0208509993 -1.83529305
v -1.66502297 0.00761700002 -1.83076501
v -1.66498804 -0.00900899991 -1.82635999
v -1.68722296 -0.0101389997 -1.82745004
v -2.53104401 -0.107391 -1.87402701
v -2.52492499 -0.0993349999 -1.87699902
v -2.53104401 -0.107391 -1.86363494
v -2.60878491 -0.0595199987 -1.86380196
v -2.60878491 -0.0595199987 -1.87419605
v -2.60331011 -0.0509140007 -1.87719202
v -2.47421193 -0.0371610001 -1.86574101
v -2.46229601 -0.0384749994 -1.85804605
v -2.47840095 -0.036127001 -1.872998
v -2.52597594 0.0133079998 -1.87082899
v -2.50929403 0.003425 -1.86684895
v -2.48772311 -0.00458800001 -1.86095202
v -2.42489195 0.00980000012 -1.86057794
v -2.42869401 0.0210999995 -1.86129498
v -2.32477999 0.0236770008 -1.85417497
v -2.32346511 0.0118209999 -1.85375202
v -2.31828499 -0.00344699994 -1.84972298
v -2.41836596 0.00080899999 -1.85597396
v -2.48772311 -0.00458800001 -1.86095202
v -2.50929403 0.003425 -1.86684895
v -2.52597594 0.0133079998 -1.87082899
v -1.83497596 -0.0544309989 -1.82138598
v -1.91235006 -0.0669689998 -1.82207704
v -1.77604699 -0.0405759998 -1.82273698
v -1.76787603 -0.0463880002 -1.82431304
v -1.83280098 -0.0646869987 -1.82362294
v -1.909657 -0.0768940002 -1.82500196
v -1.99907506 -0.0735070035 -1.82642698
v -2.09346294 -0.0765390024 -1.83231497
v -1.99574995 -0.0834330022 -1.82940102
v -2.089185 -0.0865579993 -1.83499897
v -2.19382405 -0.0785610005 -1.83761704
v -2.09346294 -0.0765390024 -1.83231497
v -2.089185 -0.0865579993 -1.83499897
v -2.18807006 -0.0885230005 -1.83997905
v -2.28024101 -0.0899040028 -1.84691203
v -2.28721309 -0.0799420029 -1.84401
v -2.18659902 -0.697409987 -1.79314804
v -2.22154903 -0.56654799 -1.80782497
v -2.16728806 -0.79706502 -1.78145897
v -2.16793895 -0.796944022 -1.75327301
v -2.18698001 -0.696927011 -1.76465702
v -2.22154999 -0.565762997 -1.77907097
v -2.16053009 -0.831610978 -1.77745295
v -2.16004801 -0.833603024 -1.77728999
v -2.16066599 -0.833105028 -1.75634694
v -2.16123199 -0.831610978 -1.74942195
v -2.27522206 -0.438382 -1.82079196
v -2.3399601 -0.323134005 -1.83059299
v -2.34037995 -0.32348299 -1.85309196
v -2.27550292 -0.438917011 -1.84328306
v -2.22154808 -0.567134976 -1.83032799
v -2.22154903 -0.56654799 -1.80782497
v -2.22154999 -0.565762997 -1.77907097
v -2.27484894 -0.437656999 -1.79200804
v -2.33940005 -0.322649986 -1.80176997
v -2.73580194 -0.00210799999 -1.83749902
v -2.8839829 0.0437039994 -1.83323205
v -2.8839829 0.0437039994 -1.85621405
v -2.73580194 -0.00210799999 -1.86061096
v -2.60878491 -0.0595199987 -1.86380196
v -2.60878491 -0.0595199987 -1.84059501
v -2.60878491 -0.0595199987 -1.81098294
v -2.73580194 -0.00210799999 -1.808007
v -2.8839829 0.0437039994 -1.80390596
v -3.02521801 0.0567740016 -1.82988298
v -3.1557951 0.0447590016 -1.82722402
v -3.1557951 0.0447590016 -1.85002196
v -3.02521801 0.0567740016 -1.85276198
v -2.8839829 0.0437039994 -1.85621405
v -2.8839829 0.0437039994 -1.83323205
v -2.8839829 0.0437039994 -1.80390596
v -3.02521801 0.0567740016 -1.80068803
v -3.1557951 0.0447590016 -1.79813194
v -3.27200389 0.0153160002 -1.82502699
v -3.37068796 -0.0249290001 -1.82335901
v -3.37068796 -0.0249290001 -1.84603906
v -3.27200389 0.0153160002 -1.84775805
v -3.1557951 0.0447590016 -1.85002196
v -3.1557951 0.0447590016 -1.82722402
v -3.1557951 0.0447590016 -1.79813194
v -3.27200389 0.0153160002 -1.79602098
v -3.37068796 -0.0249290001 -1.79441798
v -3.44869089 -0.0693460032 -1.82228601
v -3.51635408 -0.115849003 -1.82151198
v -3.44869089 -0.0693460032 -1.84493399
v -3.37068796 -0.0249290001 -1.84603906
v -3.37068796 -0.0249290001 -1.82335901
v -3.37068796 -0.0249290001 -1.79441798
v -3.44869089 -0.0693460032 -1.79338706
v -3.499439 -0.104222998 -1.80004597
v -2.40809989 -0.231028005 -1.83577299
v -2.3399601 -0.323134005 -1.83059299
v -2.33940005 -0.322649986 -1.80176997
v -2.407727 -0.230785996 -1.80665696
v -2.47366405 -0.159790993 -1.80892396
v -2.47375703 -0.159851 -1.83837295
v -2.40838003 -0.231199995 -1.85853302
v -2.34037995 -0.32348299 -1.85309196
v -2.53104401 -0.107391 -1.84043396
v -2.60878491 -0.0595199987 -1.84059501
v -2.60878491 -0.0595199987 -1.86380196
v -2.53104401 -0.107391 -1.86363494
v -2.53104401 -0.107391 -1.81082702
v -2.60878491 -0.0595199987 -1.81098294
vt 0.377799988 0.434700012
vt 0.377799988 0.434700012
vt 0.377600014 0.372599989
vt 0.377600014 0.372599989
vt 0.377700001 0.372599989
vt 0.377900004 0.434700012
vt 0.378100008 0.496800005
vt 0.378100008 0.496800005
vt 0.377999991 0.496800005
vt 0.377900004 0.434700012
vt 0.377700001 0.372599989
vt 0.377700001 0.372599989
vt 0.377900004 0.434700012
vt 0.378100008 0.496800005
vt 0.378100008 0.496800005
vt 0.377400011 0.310499996
vt 0.377400011 0.310499996
vt 0.377400011 0.310499996
vt 0.377299994 0.263900012
vt 0.377200007 0.248400003
vt 0.377200007 0.248400003
vt 0.377499998 0.310499996
vt 0.377499998 0.310499996
vt 0.377200007 0.248400003
vt 0.377299994 0.248400003
vt 0.144500002 0.260899991
vt 0.144500002 0.261000007
vt 0.140599996 0.261000007
vt 0.140599996 0.260899991
vt 0.141599998 0.260800004
vt 0.144500002 0.260699987
vt 0.1479 0.260699987
vt 0.1479 0.260899991
vt 0.1479 0.261000007
vt 0.144500002 0.261099994
vt 0.144500002 0.261299998
vt 0.140599996 0.261299998
vt 0.140599996 0.261099994
vt 0.1479 0.261099994
vt 0.1479 0.261299998
vt 0.387400001 0.75
vt 0.387400001 0.75
vt 0.387400001 0.5
vt 0.387400001 0.5
vt 0.387400001 0.5
vt 0.387400001 0.75
vt 0.387400001 1
vt 0.387400001 1
vt 0.387400001 1
vt 0.387400001 0.75
vt 0.387400001 0.75
vt 0.387400001 0.5
vt 0.387400001 0.5
vt 0.387400001 1
vt 0.387400001 1
vt 0.387400001 0.25
vt 0.387400001 0.25
vt 0.387400001 0.25
vt 0.387400001 0
vt 0.387400001 0
vt 0.387400001 0
vt 0.387400001 0.25
vt 0.387400001 0.25
vt 0.387400001 0
vt 0.387400001 0
vt 0.387400001 0.5
vt 0.387400001 0.5
vt 0.387400001 0
vt 0.387400001 0
vt 0.387400001 0
vt 0.387400001 0.5
vt 0.387400001 1
vt 0.387400001 1
vt 0.387400001 1
vt 0.387400001 0.5
vt 0.387400001 0.5
vt 0.387400001 0
vt 0.387400001 0
vt 0.387400001 1
vt 0.387400001 1
vt 0.387400001 0.5
vt 0.387400001 0.5
vt 0.387400001 1
vt 0.387400001 1
vt 0.387400001 1
vt 0.387400001 0.5
vt 0.387400001 -0
vt 0.387400001 -0
vt 0.387400001 -0
vt 0.387400001 0.5
vt 0.387400001 0.5
vt 0.387400001 1
vt 0.387400001 1
vt 0.387400001 -0
vt 0.387400001 -0
vt 0.5 0.612600029
vt 0.5 0.612600029
vt 1 0.612600029
vt 1 0.612600029
vt 1 0.612600029
vt 0.5 0.612600029
vt 0 0.612600029
vt -0 0.612600029
vt -0 0.612600029
vt 0.5 0.612600029
vt 0.5 0.612600029
vt 1 0.612600029
vt 1 0.612600029
vt -0 0.612600029
vt -0 0.612600029
vt 0.253500015 0.791899979
vt 0.253500015 0.791899979
vt 0.505200028 0.881600022
vt 0.505200028 0.881600022
vt 0.505200028 0.881600022
vt 0.253500015 0.791899979
vt 0 0.612600029
vt 0 0.612600029
vt 0 0.612600029
vt 0.253500015 0.791899979
vt 0.253500015 0.791899979
vt 0.505200028 0.881600022
vt 0.505200028 0.881600022
vt 0 0.612600029
vt 0 0.612600029
vt 0.753499985 0.791899979
vt 0.753499985 0.791899979
vt 1 0.612600029
vt 1 0.612600029
vt 1 0.612600029
vt 0.753499985 0.791899979
vt 0.753499985 0.791899979
vt 0.753499985 0.791899979
vt 1 0.612600029
vt 1 0.612600029
vt 0.388300002 0.748300016
vt 0.388300002 0.748300016
vt 0.389200002 0.496699989
vt 0.389200002 0.496699989
vt 0.389200002 0.496699989
vt 0.388300002 0.748300016
vt 0.387400001 1
vt 0.387400001 1
vt 0.387400001 1
vt 0.388300002 0.748300016
vt 0.388300002 0.748300016
vt 0.389200002 0.496699989
vt 0.389200002 0.496699989
vt 0.387400001 1
vt 0.387400001 1
vt 0.75 0.612600029
vt 0.75 0.612600029
vt 0.5 0.612600029
vt 0.5 0.612600029
vt 0.5 0.612600029
vt 0.75 0.612600029
vt 1 0.612600029
vt 1 0.612600029
vt 1 0.612600029
vt 0.75 0.612600029
vt 0.75 0.612600029
vt 0.5 0.612600029
vt 0.5 0.612600029
vt 1 0.612600029
vt 1 0.612600029
vt 0.25 0.738900006
vt 0.25 0.739000022
vt 0.5 0.739000022
vt 0.5 0.738900006
vt 0.5 0.738699973
vt 0.25 0.738699973
vt 0 0.738699973
vt 0 0.738900006
vt 0 0.739000022
vt 0.25 0.739099979
vt 0.25 0.739300013
vt 0.5 0.739300013
vt 0.5 0.739099979
vt 0 0.739099979
vt 0 0.739300013
vt 0.377900004 0.434700012
vt 0.377999991 0.434700012
vt 0.378199995 0.496800005
vt 0.378100008 0.496800005
vt 0.377700001 0.372599989
vt 0.377700001 0.372599989
vt 0.377499998 0.310499996
vt 0.377499998 0.310499996
vt 0.377299994 0.248400003
vt 0.377299994 0.248400003
vt 0.144500002 0.261500001
vt 0.144500002 0.261700004
vt 0.140599996 0.261700004
vt 0.140599996 0.261500001
vt 0.148000002 0.261500001
vt 0.148000002 0.261700004
vt 0.387400001 0.75
vt 0.387400001 0.5
vt 0.387499988 0.5
vt 0.387499988 0.75
vt 0.387499988 1
vt 0.387400001 1
vt 0.387400001 0.25
vt 0.387499988 0.25
vt 0.387400001 0
vt 0.387499988 0
vt 0.387400001 0.5
vt 0.387400001 0
vt 0.387499988 0
vt 0.387499988 0.5
vt 0.387499988 1
vt 0.387400001 1
vt 0.387400001 0.5
vt 0.387499988 0.5
vt 0.387499988 1
vt 0.387400001 1
vt 0.387400001 -0
vt 0.387499988 -0
vt 0.5 0.612600029
vt 0.5 0.612500012
vt 1 0.612500012
vt 1 0.612600029
vt -0 0.612600029
vt -0 0.612500012
vt 0.253500015 0.791899979
vt 0.253500015 0.791899979
vt 0.505200028 0.881500006
vt 0.505200028 0.881600022
vt 0 0.612600029
vt 0 0.612500012
vt 0.753499985 0.791899979
vt 0.753499985 0.791899979
vt 1 0.612500012
vt 1 0.612600029
vt 0.388300002 0.748300016
vt 0.389299989 0.496699989
vt 0.389299989 0.496699989
vt 0.388399988 0.748300016
vt 0.387499988 1
vt 0.387400001 1
vt 0.75 0.612600029
vt 0.75 0.612500012
vt 0.5 0.612500012
vt 0.5 0.612600029
vt 1 0.612600029
vt 1 0.612500012
vt 0.25 0.738499999
vt 0.5 0.738499999
vt 0.5 0.738300025
vt 0.25 0.738300025
vt 0 0.738300025
vt 0 0.738499999
vt 0.449000001 0.440200001
vt 0.451200008 0.377299994
vt 0.913800001 0.37529999
vt 0.91140002 0.437900007
vt 0.908699989 0.547200024
vt 0.447899997 0.549499989
vt -0.0129000004 0.551699996
vt -0.0133999996 0.442499995
vt -0.0115 0.379299998
vt 0.453399986 0.314399987
vt 0.455500007 0.25150001
vt 0.802299976 0.266200006
vt 0.916299999 0.31279999
vt -0.00960000046 0.316100001
vt -0.00760000013 0.252900004
vt 0.639699996 0.417400002
vt 0.638300002 0.355699986
vt 0.769800007 0.347200006
vt 0.771799982 0.408699989
vt 0.773899972 0.470099986
vt 0.641099989 0.479099989
vt 0.502099991 0.493600011
vt 0.501800001 0.431899995
vt 0.50150001 0.370200008
vt 0.636900008 0.294
vt 0.635500014 0.232299998
vt 0.765699983 0.224299997
vt 0.767700016 0.285699993
vt 0.501299977 0.308499992
vt 0.500999987 0.246800005
vt 0.892400026 0.411599994
vt 0.890600026 0.350699991
vt 1.00619996 0.360300004
vt 1.00730002 0.420300007
vt 1.00829995 0.480399996
vt 0.894200027 0.47240001
vt 0.888899982 0.289900005
vt 0.887099981 0.229000002
vt 1.00419998 0.240199998
vt 1.00520003 0.300199986
vt 0.726499975 0.331400007
vt 0.724699974 0.394400001
vt 0.465299994 0.399899989
vt 0.467500001 0.337300003
vt 0.469700009 0.274699986
vt 0.728299975 0.268299997
vt 0.994099975 0.256999999
vt 0.992600024 0.321200013
vt 0.991100013 0.385500014
vt 0.722899973 0.457399994
vt 0.721099973 0.520500004
vt 0.460999995 0.525200009
vt 0.463200003 0.462500006
vt 0.989700019 0.449699998
vt 0.988200009 0.513999999
vt 0.2227 0.335000008
vt 0.220200002 0.398699999
vt -0.0178999994 0.39410001
vt -0.0149999997 0.328399986
vt -0.0120000001 0.262699991
vt 0.225299999 0.271200001
vt 0.217600003 0.462500006
vt 0.215000004 0.526199996
vt -0.0239000004 0.5255
vt -0.0208999999 0.459800005
vt 0.1875 0.144500002
vt 0.125 0.146500006
vt 0.125 0.144500002
vt 0.1875 0.1426
vt 0.25 0.140599996
vt 0.25 0.1426
vt 0.25 0.144500002
vt 0.1875 0.146500006
vt 0.125 0.148399994
vt 0.0625 0.148399994
vt -0 0.150399998
vt 0.0155999996 0.148399994
vt 0.0625 0.146500006
vt 0.0625 0.150399998
vt -0 0.1523
vt 0.1875 0.148399994
vt 0.125 0.150399998
vt 0.25 0.146500006
vt 0.25 0.148399994
vt 0.1875 0.150399998
vt 0.125 0.1523
vt 0.0625 0.1523
vt -0 0.154300004
vt 0.0625 0.154300004
vt -0 0.156200007
vt 0.0625 0.75
vt 0.125 0.75
vt 0.125 1
vt 0.0625 1
vt 0 1
vt 0 0.75
vt 0 0.5
vt 0.0625 0.5
vt 0.125 0.5
vt 0.1875 0.75
vt 0.25 0.75
vt 0.25 1
vt 0.1875 1
vt 0.1875 0.5
vt 0.25 0.5
vt 0.0625 0.25
vt 0.125 0.25
vt 0 0.25
vt 0.0390999988 0.0390999988
vt 0.0625 0
vt 0.125 0
vt 0.1875 0.25
vt 0.25 0.25
vt 0.1875 0
vt 0.25 0
vt 0.75 0.0625
vt 0.75 0.125
vt 0.5 0.125
vt 0.5 0.0625
vt 0.5 0
vt 0.75 0
vt 1 0
vt 1 0.0625
vt 1 0.125
vt 0.75 0.1875
vt 0.75 0.25
vt 0.5 0.25
vt 0.5 0.1875
vt 1 0.1875
vt 1 0.25
vt 0.25 0.0625
vt 0.25 0.125
vt -0 0.125
vt -0 0.0625
vt 0.25 0
vt 0.25 0.1875
vt 0.25 0.25
vt -0 0.25
vt -0 0.1875
vt 0.517700016 0.1875
vt 0.517700016 0.125
vt 0.517799973 0.125
vt 0.517799973 0.1875
vt 0.517799973 0.25
vt 0.517700016 0.25
vt 0.5176 0.25
vt 0.5176 0.1875
vt 0.5176 0.125
vt 0.517700016 0.0625
vt 0.517700016 0
vt 0.517799973 0
vt 0.517799973 0.0625
vt 0.5176 0.0625
vt 0.5176 0
vt 0.51789999 0.0625
vt 0.51789999 0.125
vt 0.51789999 0
vt 0.518100023 0
vt 0.518100023 0.0625
vt 0.518100023 0.125
vt 0.51789999 0.1875
vt 0.51789999 0.25
vt 0.518100023 0.1875
vt 0.518100023 0.25
vt 0.134800002 0.75
vt 0.132799998 0.75
vt 0.132799998 0.5
vt 0.134800002 0.5
vt 0.136700004 0.5
vt 0.136700004 0.75
vt 0.136700004 1
vt 0.134800002 1
vt 0.132799998 1
vt 0.134800002 0.5
vt 0.132799998 0.5
vt 0.132799998 -0
vt 0.134800002 -0
vt 0.136500001 0
vt 0.136500001 0.5
vt 0.136500001 1
vt 0.134800002 1
vt 0.132799998 1
vt 0.138699993 0.5
vt 0.136700004 0.5
vt 0.136700004 0
vt 0.138699993 0
vt 0.140599996 0
vt 0.140599996 0.5
vt 0.140599996 1
vt 0.138699993 1
vt 0.136700004 1
vt 0.134800002 0.5
vt 0.132799998 0.5
vt 0.132799998 0
vt 0.134800002 0
vt 0.134800002 1
vt 0.132799998 1
vt 0.135499999 0.848399997
vt 0.133599997 0.848500013
vt 0.133900002 0.710200012
vt 0.135900006 0.710099995
vt 0.138699993 0.696500003
vt 0.137199998 0.84829998
vt 0.136500001 1
vt 0.134800002 1
vt 0.132799998 1
vt 0.135499999 0.598399997
vt 0.133599997 0.598500013
vt 0.132799998 0.5
vt 0.134800002 0.5
vt 0.136500001 0.499900013
vt 0.137199998 0.59829998
vt 0.753000021 0.134800002
vt 0.753000021 0.136500001
vt 0.504499972 0.136500001
vt 0.504499972 0.134800002
vt 0.504499972 0.1329
vt 0.753000021 0.132799998
vt 1 0.132799998
vt 1 0.134800002
vt 1 0.136500001
vt 0.252999991 0.134800002
vt 0.252999991 0.136500001
vt -0 0.136500001
vt 0 0.134800002
vt 0 0.132799998
vt 0.252999991 0.132799998
vt 0.75 0.25
vt 1 0.25
vt 1 0.5
vt 0.75 0.5
vt 0.5 0.5
vt 0.5 0.25
vt 0.5 -0
vt 0.75 -0
vt 1 0
vt 0.75 0.5
vt 0.5 0.5
vt 0.5 0
vt 0.75 0
vt 1 0
vt 1 0.5
vt 1 1
vt 0.75 1
vt 0.5 1
vt 0.25 0.5
vt 0 0.5
vt 0 0
vt 0.25 0
vt 0.25 1
vt 0 1
vt 0.5 0.75
vt 0.5 0.5
vt 1 0.5
vt 1 0.75
vt 1 1
vt 0.5 1
vt 0 1
vt 0 0.75
vt 0 0.5
vt 0.5 0.25
vt 0.5 0
vt 1 0
vt 1 0.25
vt 0 0.25
vt 0 0
vt 0.5 0.5
vt 0 0.5
vt 0.5 0
vt 1 0
vt 1 0.5
vt 1 1
vt 0.5 1
vt 0 1
vt 0.5 0.5
vt 0 0.5
vt 0 0
vt 0.5 0
vt 1 0
vt 1 0.5
vt 0.5 1
vt 0 1
vt 0.246700004 0.458000004
vt 0 0
vt 0.246700004 -0.068599999
vt 0.495099992 -0.102899998
vt 0.494100004 0.435400009
vt 0.493099988 0.973699987
vt 0.246700004 0.984600008
vt 0 1
vt 0.5 0.53670001
vt 0.5 0.0733999982
vt 1 0.0493000001
vt 1 0.524600029
vt 1 1
vt 0.5 1
vt 0 1
vt -0 0.548799992
vt -0 0.0975999981
vt 0.742999971 0.451599985
vt 0.746699989 -0.068599999
vt 1 0
vt 0.992500007 0.487199992
vt 0.985000014 0.9745
vt 0.739199996 0.971800029
vt 0.449000001 0.75150001
vt 0.905700028 0.750199974
vt 0.902400017 1
vt 0.451200008 1
vt -0.00760000013 0.752900004
vt 0.75 0.25
vt 0.75 -0
vt 1 0.25
vt 1 0.5
vt 0.75 0.5
vt 0.5 0.5
vt 0.5 0.25
vt 0.5 0
vt 0.75 0.75
vt 1 0.75
vt 1 1
vt 0.75 1
vt 0.5 1
vt 0.5 0.75
vt 0.25 0.5
vt 0 0.5
vt 0 0
vt 0.25 0
vt 0.5 0
vt 0.5 0.5
vt 0.5 1
vt 0.25 1
vt 0 1
vt 0.75 0.5
vt 0.75 0
vt 1 0
vt 1 0.5
vt 1 1
vt 0.75 1
vt 0.5 0.25
vt 0.5 0
vt 1 0
vt 1 0.25
vt 1 0.5
vt 0.5 0.5
vt 0 0.5
vt 0 0.25
vt 0 0
vt 0.5 0.75
vt 1 0.75
vt 1 1
vt 0.5 1
vt 0 1
vt 0 0.75
vt 0.5 0.517700016
vt 0.5 0.5176
vt 1 0.5176
vt 1 0.517700016
vt 1 0.517799973
vt 0.5 0.517799973
vt -0 0.517799973
vt -0 0.517700016
vt -0 0.5176
vt 0.5 0.51789999
vt 1 0.51789999
vt 1 0.518100023
vt 0.5 0.518100023
vt -0 0.518100023
vt -0 0.51789999
vt 0.5 0.517700016
vt 0.5 0.5176
vt 1 0.5176
vt 1 0.517700016
vt 1 0.517799973
vt 0.5 0.517799973
vt -0 0.517799973
vt -0 0.517700016
vt -0 0.5176
vt 0.5 0.51789999
vt 1 0.51789999
vt 1 0.518100023
vt 0.5 0.518100023
vt -0 0.518100023
vt -0 0.51789999
vt 0.517700016 0.5
vt 0.5176 0.5
vt 0.5176 0
vt 0.517700016 -0
vt 0.517799973 -0
vt 0.517799973 0.5
vt 0.517799973 1
vt 0.517700016 1
vt 0.5176 1
vt 0.51789999 0.5
vt 0.51789999 -0
vt 0.518100023 -0
vt 0.518100023 0.5
vt 0.518100023 1
vt 0.51789999 1
vt 0.249799997 0.474700004
vt 0.249799997 0.474799991
vt 0 0.4824
vt 0 0.482300013
vt 0 0.482199997
vt 0.249799997 0.474599987
vt 0.495799989 0.470600009
vt 0.495799989 0.470800012
vt 0.495799989 0.470899999
vt 0.249799997 0.474400014
vt 0 0.48210001
vt 0 0.481900007
vt 0.249799997 0.474299997
vt 0.495799989 0.470400006
vt 0.495799989 0.470499992
vt 0.734399974 0.474000007
vt 0.734399974 0.473800004
vt 0.969299972 0.481000006
vt 0.969299972 0.481099993
vt 0.969299972 0.48120001
vt 0.734399974 0.474099994
vt 0.734399974 0.47420001
vt 0.969299972 0.481400013
vt 0.903299987 0.479400009
vt 0.734399974 0.474299997
vt 0.596300006 0.747799993
vt 0.5 0.75
vt 0.5 0.5
vt 0.596700013 0.498400003
vt 0.707499981 0.497599989
vt 0.706900001 0.746800005
vt 0.70630002 0.995899975
vt 0.595799983 0.997200012
vt 0.5 1
vt 0.846300006 0.747799993
vt 0.846700013 0.498400003
vt 1 0.5
vt 1 0.75
vt 1 1
vt 0.845799983 0.997200012
vt 0.846899986 0.249599993
vt 1 0.25
vt 0.847000003 0.498299986
vt 0.708000004 0.497500002
vt 0.707799971 0.249500006
vt 0.707599998 0.00139999995
vt 0.846700013 0.000899999985
vt 1 0
vt 0.596899986 0.249599993
vt 0.597000003 0.498299986
vt 0.5 0.25
vt 0.5 0
vt 0.596700013 0.000899999985
vt 0.627399981 0.498899996
vt 0.5 0.5
vt 0.5 0
vt 0.626900017 -0.00109999999
vt 0.752799988 -0.00170000002
vt 0.753600001 0.498400003
vt 0.754299998 0.998399973
vt 0.627900004 0.998899996
vt 0.5 1
vt 0.877399981 0.498899996
vt 0.876900017 -0.00109999999
vt 1 0
vt 1 0.5
vt 1 1
vt 0.877900004 0.998899996
vt 0.630400002 0.498699993
vt 0.5 0.5
vt 0.5 0
vt 0.627799988 -0.00100000005
vt 0.754199982 -0.00159999996
vt 0.75819999 0.497999996
vt 0.762099981 0.997500002
vt 0.633099973 0.998300016
vt 0.5 1
vt 0.880400002 0.498699993
vt 0.877799988 -0.00100000005
vt 1 0
vt 1 0.5
vt 1 1
vt 0.883099973 0.998300016
vt 0.487800002 0.120300002
vt 0.5 0
vt 1 0
vt 0.990100026 0.121299997
vt 0.985099971 0.244499996
vt 0.48179999 0.242899999
vt -0.0215000007 0.241400003
vt -0.0143999998 0.119199999
vt 0 0
vt 0.487800002 0.370299995
vt 0.990100026 0.371300012
vt 1 0.5
vt 0.5 0.5
vt 0 0.5
vt -0.0143999998 0.369199991
vt 0.243699998 0.106899999
vt 0.2456 -0.0133999996
vt 0.491100013 -0.0267999992
vt 0.489899993 0.0921000019
vt 0.489399999 0.212400004
vt 0.242899999 0.228699997
vt -0.00359999994 0.245000005
vt -0.00240000011 0.121699996
vt 0 0
vt 0.244100004 0.353599995
vt 0.49059999 0.335599989
vt 0.492500007 0.460099995
vt 0.246299997 0.480100006
vt 0 0.5
vt -0.00240000011 0.371699989
vt 0.744799972 0.1074
vt 0.745599985 -0.0133999996
vt 0.999300003 0.123000003
vt 0.999000013 0.246999994
vt 0.744499981 0.229599997
vt 0.49000001 0.212099999
vt 0.490200013 0.0918999985
vt 0.745100021 0.354200006
vt 0.999300003 0.372999996
vt 1 0.5
vt 0.746299982 0.480100006
vt 0.49090001 0.335299999
vt 0.63319999 0.731999993
vt 0.500999987 0.746800005
vt 0.634599984 0.473399997
vt 0.764100015 0.461600006
vt 0.762099981 0.723699987
vt 0.760200024 0.985899985
vt 0.631799996 0.99059999
vt 0.5 1
vt 0.8847 0.728699982
vt 0.887700021 0.466699988
vt 1.00419998 0.740199983
vt 1 1
vt 0.881799996 0.99059999
vt 0.846099973 0.245399997
vt 1 0.25
vt 1 0.5
vt 0.846499979 0.493499994
vt 0.707300007 0.4903
vt 0.706700027 0.243200004
vt 0.706099987 -0.00389999989
vt 0.845799983 -0.00260000001
vt 1 0
vt 0.596099973 0.245399997
vt 0.596499979 0.493499994
vt 0.5 0.5
vt 0.5 0.25
vt 0.5 -0
vt 0.595799983 -0.00260000001
vt 0.847000003 0.738600016
vt 1 0.75
vt 1 1
vt 0.847299993 0.988799989
vt 0.708500028 0.983200014
vt 0.708000004 0.732900023
vt 0.707599998 0.482600003
vt 0.846700013 0.488400012
vt 0.597000003 0.738600016
vt 0.597299993 0.988799989
vt 0.5 1
vt 0.5 0.75
vt 0.596700013 0.488400012
vt 0.75 0.251899987
vt 0.75 -0
vt 1 0
vt 1 0.252200007
vt 0.999899983 0.503300011
vt 0.75 0.502799988
vt 0.5 0.502399981
vt 0.5 0.251599997
vt 0.5 -0
vt 0.75 0.751900017
vt 1 0.752200007
vt 0.75 1
vt 0.5 1
vt 0.5 0.751600027
vt 0.25 0.251399994
vt 0.25 -0
vt 0.25 0.502200007
vt -9.99999975e-05 0.501999974
vt -0 0.251399994
vt 0 0
vt 0.25 0.751399994
vt 0.25 1
vt 0 1
vt -0 0.751399994
vt 0.5 0.249300003
vt 0.5 0
vt 1 0
vt 1.00039995 0.250999987
vt 1.00049996 0.501399994
vt 0.499900013 0.498899996
vt -0.000699999975 0.496300012
vt -0.00039999999 0.247500002
vt 0.5 0.749300003
vt 1.00039995 0.750999987
vt 0.5 1
vt 0 1
vt -0.00039999999 0.747500002
vt 0.500100017 0.249200001
vt 0.5 0
vt 0.999800026 0.247600004
vt 0.999800026 0.496399999
vt 0.500100017 0.498800009
vt 0.000500000024 0.501299977
vt 0.000300000014 0.2509
vt 0 0
vt 0.500100017 0.749199986
vt 0.999800026 0.747600019
vt 0.5 1
vt 0 1
vt 0.000300000014 0.750899971
vt 0.4727 0.234500006
vt 0.5 0
vt 0.980799973 0.234599993
vt 0.971199989 0.476999998
vt 0.458999991 0.476700008
vt -0.053199999 0.476399988
vt -0.0355000012 0.234300002
vt 0 0
vt 0.4727 0.734499991
vt 0.980799973 0.734600008
vt 1 1
vt 0.5 1
vt 0 1
vt -0.0355000012 0.734300017
vt 0.239299998 0.218899995
vt 0.242300004 -0.0204000007
vt 0.484699994 -0.0408000015
vt 0.484299988 0.200900003
vt 0.485199988 0.44749999
vt 0.238399997 0.4639
vt -0.0083999997 0.480300009
vt -0.0055999998 0.236900002
vt 0 0
vt 0.241500005 0.720499992
vt 0.488599986 0.704100013
vt 0.493400007 0.965600014
vt 0.246700004 0.982800007
vt 0 1
vt -0.0055999998 0.736899972
vt 0.7421 0.224399999
vt 0.742299974 -0.0204000007
vt 1 0
vt 0.999800026 0.247400001
vt 0.99970001 0.496100008
vt 0.742600024 0.472200006
vt 0.485500008 0.448300004
vt 0.484499991 0.201399997
vt 0.744300008 0.726000011
vt 0.999800026 0.747399986
vt 1 1
vt 0.746699989 0.982800007
vt 0.488799989 0.704599977
vt 0.757399976 0.737800002
vt 0.994099975 0.757000029
vt 1 1
vt 0.765100002 0.986599982
vt 0.522700012 0.979900002
vt 0.513300002 0.728900015
vt 0.503899992 0.477999985
vt 0.74970001 0.488999993
vt 0.254400015 0.740700006
vt 0.265100002 0.986599982
vt -0.0120000001 0.762700021
vt 0.243599996 0.494800001
vt 0.747399986 0.249899998
vt 1 0.25
vt 1 0.5
vt 0.746999979 0.499799997
vt 0.495499998 0.49970001
vt 0.496100008 0.249799997
vt 0.496699989 -9.99999975e-05
vt 0.747799993 -0
vt 0.247400001 0.249899998
vt 0.246999994 0.499799997
vt 0 0.5
vt 0 0.25
vt 0 0
vt 0.247799993 -0
vt 0.746900022 0.74970001
vt 0.495400012 0.749499977
vt 0.495499998 0.499500006
vt 0.746999979 0.49970001
vt 1 0.75
vt 0.746800005 0.999599993
vt 0.495200008 0.99940002
vt 0.246900007 0.74970001
vt 0 0.75
vt 0.246999994 0.49970001
vt 0.246800005 0.999599993
vt 0 1
vt 0.517700016 0.25
vt 0.517700016 0
vt 0.517799973 0
vt 0.517799973 0.25
vt 0.517799973 0.4648
vt 0.517700016 0.460900009
vt 0.5176 0.453099996
vt 0.5176 0.25
vt 0.5176 0
vt 0.51789999 0.25
vt 0.51789999 0
vt 0.518100023 0
vt 0.518100023 0.25
vt 0.518100023 0.453099996
vt 0.51789999 0.460900009
vt 0.5 0.5
vt 0.5 0
vt 0 0
vt 0 0.5
vt 0 1
vt 0.5 1
vt 1 1
vt 1 0.5
vt 1 0
vt 0.150399998 0.260899991
vt 0.150399998 0.260800004
vt 0.1523 0.260800004
vt 0.1523 0.260899991
vt 0.1523 0.261000007
vt 0.150399998 0.261000007
vt 0.154300004 0.260899991
vt 0.154300004 0.260800004
vt 0.156299993 0.260699987
vt 0.156299993 0.260899991
vt 0.156299993 0.261000007
vt 0.154300004 0.261000007
vt 0.150399998 0.261099994
vt 0.1523 0.261099994
vt 0.1523 0.261299998
vt 0.150399998 0.261299998
vt 0.154300004 0.261099994
vt 0.156299993 0.261099994
vt 0.156299993 0.261299998
vt 0.154300004 0.261299998
vt 0.150399998 0.261500001
vt 0.1523 0.261500001
vt 0.1523 0.261700004
vt 0.150399998 0.261700004
vt 0.154300004 0.261500001
vt 0.156299993 0.261500001
vt 0.156299993 0.261700004
vt 0.154300004 0.261700004
vt 0.137700006 0.5
vt 0.137700006 0
vt 0.138699993 0
vt 0.138699993 0.5
vt 0.138699993 1
vt 0.137700006 1
vt 0.139599994 0.5
vt 0.139599994 0
vt 0.140599996 -0
vt 0.140599996 0.5
vt 0.140599996 1
vt 0.139599994 1
vt 0.138500005 0.848200023
vt 0.139200002 0.696500003
vt 0.140200004 0.696399987
vt 0.139400005 0.848200023
vt 0.138699993 0.999899983
vt 0.137700006 0.999899983
vt 0.140400007 0.848100007
vt 0.141200006 0.69630003
vt 0.142199993 0.696200013
vt 0.141399994 0.848100007
vt 0.140599996 1
vt 0.139599994 0.999899983
vt 0.138500005 0.598100007
vt 0.137700006 0.49970001
vt 0.138699993 0.499599993
vt 0.139400005 0.59799999
vt 0.140200004 0.69630003
vt 0.140400007 0.59799999
vt 0.139599994 0.49970001
vt 0.140599996 0.5
vt 0.141399994 0.598100007
vt 0.753099978 0.139699996
vt 0.753000021 0.140699998
vt 0.504599988 0.140699998
vt 0.504599988 0.139699996
vt 0.504599988 0.138699993
vt 0.753199995 0.138699993
vt 1.00020003 0.138699993
vt 1.00020003 0.139599994
vt 1 0.140599996
vt 0.753099978 0.137700006
vt 0.504599988 0.137700006
vt 1.00020003 0.137700006
vt 0.253100008 0.139699996
vt 0.252999991 0.140699998
vt 0 0.140599996
vt -0 0.139599994
vt -0 0.138699993
vt 0.252999991 0.138699993
vt 0.252999991 0.137700006
vt -0 0.137700006
vt 0.134800002 0.222399995
vt 0.134800002 0.222200006
vt 0.136700004 0.222200006
vt 0.136700004 0.222399995
vt 0.136700004 0.2227
vt 0.134800002 0.2227
vt 0.132799998 0.2227
vt 0.132799998 0.222399995
vt 0.132799998 0.222200006
vt 0.5 0.5
vt 0 0.5
vt 0 0
vt 0.5 0
vt 1 0
vt 1 0.5
vt 1 1
vt 0.5 1
vt 0.5 0.5
vt 0.5 0
vt 0 0
vt 0 0.5
vt 0 1
vt 0.5 1
vt 1 1
vt 1 0.5
vt 1 0
vt 0.5176 0.1875
vt 0.5176 0.25
vt 0.5176 0.25
vt 0.5176 0.1875
vt 0.5176 0.125
vt 0.517700016 0.125
vt 0.517700016 0.125
vt 0.517700016 0.0625
vt 0.517799973 0.0625
vt 0.517700016 0.0625
vt 0.517700016 0
vt 0.517799973 0
vt 0.517799973 0
vt 0.517700016 0.8125
vt 0.517700016 0.75
vt 0.517799973 0.75
vt 0.517799973 0.8125
vt 0.517799973 0.875
vt 0.517700016 0.875
vt 0.5176 0.875
vt 0.5176 0.8125
vt 0.5176 0.75
vt 0.1875 0.517700016
vt 0.25 0.517700016
vt 0.25 0.517799973
vt 0.1875 0.517799973
vt 0.125 0.517799973
vt 0.125 0.517700016
vt 0.125 0.5176
vt 0.1875 0.5176
vt 0.25 0.5176
vt 0.1875 0.517700016
vt 0.25 0.517700016
vt 0.25 0.517799973
vt 0.1875 0.517799973
vt 0.125 0.517799973
vt 0.125 0.517700016
vt 0.125 0.5176
vt 0.1875 0.5176
vt 0.25 0.5176
vt 0.405900002 0.469900012
vt 0.37470001 0.470899999
vt 0.37470001 0.470699996
vt 0.405900002 0.469799995
vt 0.437099993 0.468800008
vt 0.437099993 0.469000012
vt 0.437099993 0.469099998
vt 0.405900002 0.469999999
vt 0.37470001 0.470999986
vt 0.719799995 0.473800004
vt 0.793200016 0.476000011
vt 0.851899981 0.477899998
vt 0.72420001 0.474000007
vt 0.646399975 0.471500009
vt 0.558300018 0.468699992
vt 0.587599993 0.469599992
vt 0.616999984 0.470499992
vt 0.5176 0.718699992
vt 0.5176 0.8125
vt 0.5176 0.875
vt 0.5176 0.8125
vt 0.5176 0.75
vt 0.5176 0.625
vt 0.517700016 0.546899974
vt 0.517700016 0.6602
vt 0.517700016 0.783200026
vt 0.75 0.779100001
vt 0.75 0.778800011
vt 1 0.778800011
vt 1 0.779100001
vt 1 0.779299974
vt 0.75 0.779299974
vt 0.5 0.779299974
vt 0.5 0.779100001
vt 0.5 0.778800011
vt 0.221100003 0.25
vt 0.220699996 0.25
vt 0.220699996 -0
vt 0.220899999 -0
vt 0.221200004 -0
vt 0.221399993 0.25
vt 0.221599996 0.5
vt 0.221100003 0.5
vt 0.220699996 0.5
vt 0.221100003 0.75
vt 0.220699996 0.75
vt 0.221399993 0.75
vt 0.221200004 1
vt 0.220899999 1
vt 0.220699996 1
vt 0.75 0.5
vt 0.5 0.5
vt 0.5 0
vt 0.75 0
vt 1 0
vt 1 0.5
vt 1 1
vt 0.75 1
vt 0.5 1
vt 0.222399995 0.666700006
vt 0.222399995 0.75
vt 0.222200006 0.5
vt 0.222299993 0.5
vt 0.222399995 0.5
vt 0.222499996 0.75
vt 0.2227 1
vt 0.134800002 0.221100003
vt 0.134800002 0.220699996
vt 0.136700004 0.220699996
vt 0.136700004 0.220899999
vt 0.136700004 0.221200004
vt 0.134800002 0.221399993
vt 0.133300006 0.221599996
vt 0.132799998 0.221200004
vt 0.132799998 0.220699996
vt 0.5 0.25
vt 0.5 0
vt 0 0
vt 0 0.25
vt 0 0.5
vt 0.5 0.5
vt 1 0.5
vt 1 0.25
vt 1 0
vt 0.25 0.5
vt 0 0.5
vt 0 1
vt 0.25 1
vt 0.5 1
vt 0.5 0.5
vt 0.5 -0
vt 0.25 -0
vt 0 0
vt 0.134800002 0.222000003
vt 0.134800002 0.221799999
vt 0.136700004 0.221900001
vt 0.136700004 0.222000003
vt 0.132799998 0.221900001
vt 0.517700016 0.593800008
vt 0.517799973 0.609399974
vt 0.517799973 0.718800008
vt 0.517700016 0.6875
vt 0.5176 0.625
vt 0.5176 0.5625
vt 0.51789999 0.593800008
vt 0.518100023 0.5625
vt 0.518100023 0.625
vt 0.51789999 0.6875
vt 0.75 0.777899981
vt 0.75 0.777800024
vt 1 0.777800024
vt 1 0.777899981
vt 1 0.777999997
vt 0.75 0.777999997
vt 0.5 0.777999997
vt 0.5 0.777899981
vt 0.5 0.777800024
vt 0.222100005 0.25
vt 0.222000003 0.25
vt 0.222000003 -0
vt 0.222100005 -0
vt 0.222200006 -0
vt 0.222200006 0.25
vt 0.222200006 0.5
vt 0.222100005 0.5
vt 0.222000003 0.5
vt 0.222100005 0.75
vt 0.222000003 0.75
vt 0.222200006 0.75
vt 0.222200006 1
vt 0.222100005 1
vt 0.222000003 1
vt 0.875 0.5
vt 0.75 0.5
vt 0.75 1
vt 0.875 1
vt 0.875 0
vt 0.75 0
vt 0.6875 0.5
vt 0.375 0.5
vt 0.75 0
vt 0.875 0
vt 1 0
vt 1 0.5
vt 0.5 1
vt 0 1
vt 0.625 0.5
vt 0.25 0.5
vt 1 0.5
vt 1 0
vt 0.75 -0
vt 0.517700016 0.671899974
vt 0.517700016 0.5625
vt 0.517700016 0.625
vt 0.517700016 0.718800008
vt 0.517700016 0.8125
vt 0.517700016 0.781300008
vt 0.75 0.8125
vt 1 0.875
vt 1 0.75
vt 0.75 0.625
vt 0.5 0.5
vt 0.5 0.75
vt 0.5 0.5
vt 0.5 0
vt 0 0
vt 0 0.5
vt 0 1
vt 0.5 1
vt 1 1
vt 1 0.5
vt 1 0
vt 0.222399995 0.75
vt 0.222399995 0.5
vt 0.222599998 0.5
vt 0.222499996 0.75
vt 0.222399995 1
vt 0.222299993 1
vt 0.222399995 0.25
vt 0.222299993 -0
vt 0.222399995 -0
vt 0.222499996 0.25
vt 0.75 0.777700007
vt 0.75 0.77759999
vt 1 0.77759999
vt 1 0.777700007
vt 0.5 0.777700007
vt 0.5 0.77759999
vt 0.5176 0.1875
vt 0.5176 0.25
vt 0.5176 0.25
vt 0.5176 0.1875
vt 0.5176 0.125
vt 0.5176 0.125
vt 0.517700016 0.0625
vt 0.5176 0.0625
vt 0.517700016 0.0155999996
vt 0.517700016 0
vt 0.517700016 0.953100026
vt 0.517700016 0.9375
vt 0.517799973 0.9375
vt 0.517799973 0.953100026
vt 0.517799973 0.968800008
vt 0.517700016 0.968800008
vt 0.5176 0.968800008
vt 0.5176 0.953100026
vt 0.5176 0.9375
vt 0.0469000004 0.517700016
vt 0.0625 0.517700016
vt 0.0625 0.517799973
vt 0.0469000004 0.517799973
vt 0.0311999992 0.517799973
vt 0.0311999992 0.517700016
vt 0.0311999992 0.5176
vt 0.0469000004 0.5176
vt 0.0625 0.5176
vt 0.0469000004 0.517700016
vt 0.0625 0.517700016
vt 0.0625 0.517799973
vt 0.0469000004 0.517799973
vt 0.0311999992 0.517799973
vt 0.0311999992 0.517700016
vt 0.0311999992 0.5176
vt 0.0469000004 0.5176
vt 0.0625 0.5176
vt 0.476099998 0.467799991
vt 0.468300015 0.467999995
vt 0.468300015 0.467900008
vt 0.476099998 0.467599988
vt 0.483900011 0.467400014
vt 0.483900011 0.467500001
vt 0.483900011 0.467700005
vt 0.476099998 0.467900008
vt 0.468300015 0.468100011
vt 0.623600006 0.470800012
vt 0.631699979 0.471100003
vt 0.725600004 0.474099994
vt 0.693700016 0.473100007
vt 0.615499973 0.470600009
vt 0.514199972 0.467400014
vt 0.521600008 0.467599988
vt 0.528900027 0.467799991
vt 0.5176 0.85619998
vt 0.5176 0.868700027
vt 0.5176 0.968699992
vt 0.5176 0.953100026
vt 0.5176 0.9375
vt 0.5176 0.843699992
vt 0.517700016 0.804899991
vt 0.517700016 0.816799998
vt 0.517700016 0.844500005
vt 0.517700016 0.828100026
vt 0.517799973 0.906199992
vt 0.517799973 0.929700017
vt 0.517799973 0.953100026
vt 0.517799973 0.860899985
vt 0.377799988 0.434700012
vt 0.377600014 0.372599989
vt 0.377600014 0.372599989
vt 0.377799988 0.434700012
vt 0.377999991 0.496800005
vt 0.378100008 0.496800005
vt 0.378100008 0.496800005
vt 0.377900004 0.434700012
vt 0.377700001 0.372599989
vt 0.377900004 0.434700012
vt 0.377700001 0.372599989
vt 0.378100008 0.496800005
vt 0.378100008 0.496800005
vt 0.377900004 0.434700012
vt 0.377700001 0.372599989
vt 0.377400011 0.310499996
vt 0.377400011 0.310499996
vt 0.377200007 0.248400003
vt 0.377200007 0.248400003
vt 0.377299994 0.263900012
vt 0.377400011 0.310499996
vt 0.377499998 0.310499996
vt 0.377499998 0.310499996
vt 0.377299994 0.248400003
vt 0.377200007 0.248400003
vt 0.144500002 0.260899991
vt 0.140599996 0.260899991
vt 0.140599996 0.261000007
vt 0.144500002 0.261000007
vt 0.1479 0.261000007
vt 0.1479 0.260899991
vt 0.1479 0.260699987
vt 0.144500002 0.260699987
vt 0.141599998 0.260800004
vt 0.144500002 0.261099994
vt 0.140599996 0.261099994
vt 0.140599996 0.261299998
vt 0.144500002 0.261299998
vt 0.1479 0.261299998
vt 0.1479 0.261099994
vt 0.387400001 0.75
vt 0.387400001 0.5
vt 0.387400001 0.5
vt 0.387400001 0.75
vt 0.387400001 1
vt 0.387400001 1
vt 0.387400001 1
vt 0.387400001 0.75
vt 0.387400001 0.5
vt 0.387400001 0.75
vt 0.387400001 0.5
vt 0.387400001 0.5
vt 0.387400001 0.75
vt 0.387400001 1
vt 0.387400001 1
vt 0.387400001 0.25
vt 0.387400001 0.25
vt 0.387400001 0
vt 0.387400001 0
vt 0.387400001 0
vt 0.387400001 0.25
vt 0.387400001 0.25
vt 0.387400001 0.25
vt 0.387400001 0
vt 0.387400001 0
vt 0.387400001 0.5
vt 0.387400001 0
vt 0.387400001 0
vt 0.387400001 0.5
vt 0.387400001 1
vt 0.387400001 1
vt 0.387400001 1
vt 0.387400001 0.5
vt 0.387400001 0
vt 0.387400001 0.5
vt 0.387400001 0
vt 0.387400001 0
vt 0.387400001 0.5
vt 0.387400001 1
vt 0.387400001 1
vt 0.387400001 0.5
vt 0.387400001 1
vt 0.387400001 1
vt 0.387400001 0.5
vt 0.387400001 -0
vt 0.387400001 -0
vt 0.387400001 -0
vt 0.387400001 0.5
vt 0.387400001 1
vt 0.387400001 0.5
vt 0.387400001 1
vt 0.387400001 1
vt 0.387400001 0.5
vt 0.387400001 -0
vt 0.387400001 -0
vt 0.5 0.612600029
vt 1 0.612600029
vt 1 0.612600029
vt 0.5 0.612600029
vt -0 0.612600029
vt -0 0.612600029
vt 0 0.612600029
vt 0.5 0.612600029
vt 1 0.612600029
vt 0.5 0.612600029
vt 1 0.612600029
vt 1 0.612600029
vt 0.5 0.612600029
vt -0 0.612600029
vt -0 0.612600029
vt 0.253500015 0.791899979
vt 0.505200028 0.881600022
vt 0.505200028 0.881600022
vt 0.253500015 0.791899979
vt 0 0.612600029
vt 0 0.612600029
vt 0 0.612600029
vt 0.253500015 0.791899979
vt 0.505200028 0.881600022
vt 0.253500015 0.791899979
vt 0.505200028 0.881600022
vt 0.505200028 0.881600022
vt 0.253500015 0.791899979
vt 0 0.612600029
vt 0 0.612600029
vt 0.753499985 0.791899979
vt 1 0.612600029
vt 1 0.612600029
vt 0.753499985 0.791899979
vt 0.753499985 0.791899979
vt 1 0.612600029
vt 0.753499985 0.791899979
vt 1 0.612600029
vt 1 0.612600029
vt 0.753499985 0.791899979
vt 0.388300002 0.748300016
vt 0.389200002 0.496699989
vt 0.389200002 0.496699989
vt 0.388300002 0.748300016
vt 0.387400001 1
vt 0.387400001 1
vt 0.387400001 1
vt 0.388300002 0.748300016
vt 0.389200002 0.496699989
vt 0.388300002 0.748300016
vt 0.389200002 0.496699989
vt 0.389200002 0.496699989
vt 0.388300002 0.748300016
vt 0.387400001 1
vt 0.387400001 1
vt 0.75 0.612600029
vt 0.5 0.612600029
vt 0.5 0.612600029
vt 0.75 0.612600029
vt 1 0.612600029
vt 1 0.612600029
vt 1 0.612600029
vt 0.75 0.612600029
vt 0.5 0.612600029
vt 0.75 0.612600029
vt 0.5 0.612600029
vt 0.5 0.612600029
vt 0.75 0.612600029
vt 1 0.612600029
vt 1 0.612600029
vt 0.25 0.738900006
vt 0.5 0.738900006
vt 0.5 0.739000022
vt 0.25 0.739000022
vt 0 0.739000022
vt 0 0.738900006
vt 0 0.738699973
vt 0.25 0.738699973
vt 0.5 0.738699973
vt 0.25 0.739099979
vt 0.5 0.739099979
vt 0.5 0.739300013
vt 0.25 0.739300013
vt 0 0.739300013
vt 0 0.739099979
vt 0.377900004 0.434700012
vt 0.378100008 0.496800005
vt 0.378199995 0.496800005
vt 0.377999991 0.434700012
vt 0.377700001 0.372599989
vt 0.377700001 0.372599989
vt 0.377499998 0.310499996
vt 0.377499998 0.310499996
vt 0.377299994 0.248400003
vt 0.377299994 0.248400003
vt 0.144500002 0.261500001
vt 0.140599996 0.261500001
vt 0.140599996 0.261700004
vt 0.144500002 0.261700004
vt 0.148000002 0.261700004
vt 0.148000002 0.261500001
vt 0.387400001 0.75
vt 0.387400001 0.5
vt 0.387400001 1
vt 0.387499988 1
vt 0.387499988 0.75
vt 0.387499988 0.5
vt 0.387400001 0.25
vt 0.387499988 0.25
vt 0.387499988 0
vt 0.387400001 0
vt 0.387400001 0.5
vt 0.387400001 0
vt 0.387400001 1
vt 0.387499988 1
vt 0.387499988 0.5
vt 0.387499988 0
vt 0.387400001 0.5
vt 0.387400001 1
vt 0.387499988 1
vt 0.387499988 0.5
vt 0.387499988 -0
vt 0.387400001 -0
vt 0.5 0.612600029
vt 1 0.612600029
vt 1 0.612500012
vt 0.5 0.612500012
vt -0 0.612500012
vt -0 0.612600029
vt 0.253500015 0.791899979
vt 0.505200028 0.881600022
vt 0.505200028 0.881500006
vt 0.253500015 0.791899979
vt 0 0.612500012
vt 0 0.612600029
vt 0.753499985 0.791899979
vt 1 0.612600029
vt 1 0.612500012
vt 0.753499985 0.791899979
vt 0.388300002 0.748300016
vt 0.389299989 0.496699989
vt 0.387400001 1
vt 0.387499988 1
vt 0.388399988 0.748300016
vt 0.389299989 0.496699989
vt 0.75 0.612600029
vt 0.5 0.612600029
vt 0.5 0.612500012
vt 0.75 0.612500012
vt 1 0.612500012
vt 1 0.612600029
vt 0.25 0.738499999
vt 0.5 0.738499999
vt 0 0.738499999
vt 0 0.738300025
vt 0.25 0.738300025
vt 0.5 0.738300025
vt 0.449000001 0.440200001
vt 0.91140002 0.437900007
vt 0.913800001 0.37529999
vt 0.451200008 0.377299994
vt -0.0115 0.379299998
vt -0.0133999996 0.442499995
vt -0.0129000004 0.551699996
vt 0.447899997 0.549499989
vt 0.908699989 0.547200024
vt 0.453399986 0.314399987
vt 0.916299999 0.31279999
vt 0.802299976 0.266200006
vt 0.455500007 0.25150001
vt -0.00760000013 0.252900004
vt -0.00960000046 0.316100001
vt 0.639699996 0.417400002
vt 0.771799982 0.408699989
vt 0.769800007 0.347200006
vt 0.638300002 0.355699986
vt 0.50150001 0.370200008
vt 0.501800001 0.431899995
vt 0.502099991 0.493600011
vt 0.641099989 0.479099989
vt 0.773899972 0.470099986
vt 0.636900008 0.294
vt 0.767700016 0.285699993
vt 0.765699983 0.224299997
vt 0.635500014 0.232299998
vt 0.500999987 0.246800005
vt 0.501299977 0.308499992
vt 0.892400026 0.411599994
vt 1.00730002 0.420300007
vt 1.00619996 0.360300004
vt 0.890600026 0.350699991
vt 0.894200027 0.47240001
vt 1.00829995 0.480399996
vt 0.888899982 0.289900005
vt 1.00520003 0.300199986
vt 1.00419998 0.240199998
vt 0.887099981 0.229000002
vt 0.726499975 0.331400007
vt 0.467500001 0.337300003
vt 0.465299994 0.399899989
vt 0.724699974 0.394400001
vt 0.991100013 0.385500014
vt 0.992600024 0.321200013
vt 0.994099975 0.256999999
vt 0.728299975 0.268299997
vt 0.469700009 0.274699986
vt 0.722899973 0.457399994
vt 0.463200003 0.462500006
vt 0.460999995 0.525200009
vt 0.721099973 0.520500004
vt 0.988200009 0.513999999
vt 0.989700019 0.449699998
vt 0.2227 0.335000008
vt -0.0149999997 0.328399986
vt -0.0178999994 0.39410001
vt 0.220200002 0.398699999
vt 0.225299999 0.271200001
vt -0.0120000001 0.262699991
vt 0.217600003 0.462500006
vt -0.0208999999 0.459800005
vt -0.0239000004 0.5255
vt 0.215000004 0.526199996
vt 0.1875 0.144500002
vt 0.1875 0.1426
vt 0.125 0.144500002
vt 0.125 0.146500006
vt 0.125 0.148399994
vt 0.1875 0.146500006
vt 0.25 0.144500002
vt 0.25 0.1426
vt 0.25 0.140599996
vt 0.0625 0.148399994
vt 0.0625 0.146500006
vt 0.0155999996 0.148399994
vt -0 0.150399998
vt -0 0.1523
vt 0.0625 0.150399998
vt 0.1875 0.148399994
vt 0.125 0.150399998
vt 0.125 0.1523
vt 0.1875 0.150399998
vt 0.25 0.148399994
vt 0.25 0.146500006
vt 0.0625 0.1523
vt -0 0.154300004
vt -0 0.156200007
vt 0.0625 0.154300004
vt 0.0625 0.75
vt 0.0625 1
vt 0.125 1
vt 0.125 0.75
vt 0.125 0.5
vt 0.0625 0.5
vt 0 0.5
vt 0 0.75
vt 0 1
vt 0.1875 0.75
vt 0.1875 1
vt 0.25 1
vt 0.25 0.75
vt 0.25 0.5
vt 0.1875 0.5
vt 0.0625 0.25
vt 0.125 0.25
vt 0.125 0
vt 0.0625 0
vt 0.0390999988 0.0390999988
vt 0 0.25
vt 0.1875 0.25
vt 0.25 0.25
vt 0.25 0
vt 0.1875 0
vt 0.75 0.0625
vt 0.5 0.0625
vt 0.5 0.125
vt 0.75 0.125
vt 1 0.125
vt 1 0.0625
vt 1 0
vt 0.75 0
vt 0.5 0
vt 0.75 0.1875
vt 0.5 0.1875
vt 0.5 0.25
vt 0.75 0.25
vt 1 0.25
vt 1 0.1875
vt 0.25 0.0625
vt -0 0.0625
vt -0 0.125
vt 0.25 0.125
vt 0.25 0
vt 0.25 0.1875
vt -0 0.1875
vt -0 0.25
vt 0.25 0.25
vt 0.517700016 0.1875
vt 0.517799973 0.1875
vt 0.517799973 0.125
vt 0.517700016 0.125
vt 0.5176 0.125
vt 0.5176 0.1875
vt 0.5176 0.25
vt 0.517700016 0.25
vt 0.517799973 0.25
vt 0.517700016 0.0625
vt 0.517799973 0.0625
vt 0.517799973 0
vt 0.517700016 0
vt 0.5176 0
vt 0.5176 0.0625
vt 0.51789999 0.0625
vt 0.51789999 0.125
vt 0.518100023 0.125
vt 0.518100023 0.0625
vt 0.518100023 0
vt 0.51789999 0
vt 0.51789999 0.1875
vt 0.51789999 0.25
vt 0.518100023 0.25
vt 0.518100023 0.1875
vt 0.134800002 0.75
vt 0.134800002 0.5
vt 0.132799998 0.5
vt 0.132799998 0.75
vt 0.132799998 1
vt 0.134800002 1
vt 0.136700004 1
vt 0.136700004 0.75
vt 0.136700004 0.5
vt 0.134800002 0.5
vt 0.134800002 -0
vt 0.132799998 -0
vt 0.132799998 0.5
vt 0.132799998 1
vt 0.134800002 1
vt 0.136500001 1
vt 0.136500001 0.5
vt 0.136500001 0
vt 0.138699993 0.5
vt 0.138699993 0
vt 0.136700004 0
vt 0.136700004 0.5
vt 0.136700004 1
vt 0.138699993 1
vt 0.140599996 1
vt 0.140599996 0.5
vt 0.140599996 0
vt 0.134800002 0.5
vt 0.134800002 0
vt 0.132799998 0
vt 0.132799998 0.5
vt 0.132799998 1
vt 0.134800002 1
vt 0.135499999 0.848399997
vt 0.135900006 0.710099995
vt 0.133900002 0.710200012
vt 0.133599997 0.848500013
vt 0.132799998 1
vt 0.134800002 1
vt 0.136500001 1
vt 0.137199998 0.84829998
vt 0.138699993 0.696500003
vt 0.135499999 0.598399997
vt 0.134800002 0.5
vt 0.132799998 0.5
vt 0.133599997 0.598500013
vt 0.137199998 0.59829998
vt 0.136500001 0.499900013
vt 0.753000021 0.134800002
vt 0.504499972 0.134800002
vt 0.504499972 0.136500001
vt 0.753000021 0.136500001
vt 1 0.136500001
vt 1 0.134800002
vt 1 0.132799998
vt 0.753000021 0.132799998
vt 0.504499972 0.1329
vt 0.252999991 0.134800002
vt 0 0.134800002
vt -0 0.136500001
vt 0.252999991 0.136500001
vt 0.252999991 0.132799998
vt 0 0.132799998
vt 0.75 0.25
vt 0.75 0.5
vt 1 0.5
vt 1 0.25
vt 1 0
vt 0.75 -0
vt 0.5 -0
vt 0.5 0.25
vt 0.5 0.5
vt 0.75 0.5
vt 0.75 0
vt 0.5 0
vt 0.5 0.5
vt 0.5 1
vt 0.75 1
vt 1 1
vt 1 0.5
vt 1 0
vt 0.25 0.5
vt 0.25 0
vt 0 0
vt 0 0.5
vt 0 1
vt 0.25 1
vt 0.5 0.75
vt 1 0.75
vt 1 0.5
vt 0.5 0.5
vt 0 0.5
vt 0 0.75
vt 0 1
vt 0.5 1
vt 1 1
vt 0.5 0.25
vt 1 0.25
vt 1 0
vt 0.5 0
vt 0 0
vt 0 0.25
vt 0.5 0.5
vt 0.5 0
vt 0 0.5
vt 0 1
vt 0.5 1
vt 1 1
vt 1 0.5
vt 1 0
vt 0.5 0.5
vt 0.5 0
vt 0 0
vt 0 0.5
vt 0 1
vt 0.5 1
vt 1 0.5
vt 1 0
vt 0.246700004 0.458000004
vt 0.246700004 -0.068599999
vt 0 0
vt 0 1
vt 0.246700004 0.984600008
vt 0.493099988 0.973699987
vt 0.494100004 0.435400009
vt 0.495099992 -0.102899998
vt 0.5 0.53670001
vt 1 0.524600029
vt 1 0.0493000001
vt 0.5 0.0733999982
vt -0 0.0975999981
vt -0 0.548799992
vt 0 1
vt 0.5 1
vt 1 1
vt 0.742999971 0.451599985
vt 0.992500007 0.487199992
vt 1 0
vt 0.746699989 -0.068599999
vt 0.739199996 0.971800029
vt 0.985000014 0.9745
vt 0.449000001 0.75150001
vt 0.905700028 0.750199974
vt -0.00760000013 0.752900004
vt 0.451200008 1
vt 0.902400017 1
vt 0.75 0.25
vt 1 0.25
vt 0.75 -0
vt 0.5 0
vt 0.5 0.25
vt 0.5 0.5
vt 0.75 0.5
vt 1 0.5
vt 0.75 0.75
vt 1 0.75
vt 0.5 0.75
vt 0.5 1
vt 0.75 1
vt 1 1
vt 0.25 0.5
vt 0.25 0
vt 0 0
vt 0 0.5
vt 0 1
vt 0.25 1
vt 0.5 1
vt 0.5 0.5
vt 0.5 0
vt 0.75 0.5
vt 0.75 0
vt 0.75 1
vt 1 1
vt 1 0.5
vt 1 0
vt 0.5 0.25
vt 1 0.25
vt 1 0
vt 0.5 0
vt 0 0
vt 0 0.25
vt 0 0.5
vt 0.5 0.5
vt 1 0.5
vt 0.5 0.75
vt 1 0.75
vt 0 0.75
vt 0 1
vt 0.5 1
vt 1 1
vt 0.5 0.517700016
vt 1 0.517700016
vt 1 0.5176
vt 0.5 0.5176
vt -0 0.5176
vt -0 0.517700016
vt -0 0.517799973
vt 0.5 0.517799973
vt 1 0.517799973
vt 0.5 0.51789999
vt 1 0.51789999
vt -0 0.51789999
vt -0 0.518100023
vt 0.5 0.518100023
vt 1 0.518100023
vt 0.5 0.517700016
vt 1 0.517700016
vt 1 0.5176
vt 0.5 0.5176
vt -0 0.5176
vt -0 0.517700016
vt -0 0.517799973
vt 0.5 0.517799973
vt 1 0.517799973
vt 0.5 0.51789999
vt 1 0.51789999
vt -0 0.51789999
vt -0 0.518100023
vt 0.5 0.518100023
vt 1 0.518100023
vt 0.517700016 0.5
vt 0.517700016 -0
vt 0.5176 0
vt 0.5176 0.5
vt 0.5176 1
vt 0.517700016 1
vt 0.517799973 1
vt 0.517799973 0.5
vt 0.517799973 -0
vt 0.51789999 0.5
vt 0.51789999 -0
vt 0.51789999 1
vt 0.518100023 1
vt 0.518100023 0.5
vt 0.518100023 -0
vt 0.249799997 0.474700004
vt 0 0.482300013
vt 0 0.4824
vt 0.249799997 0.474799991
vt 0.495799989 0.470899999
vt 0.495799989 0.470800012
vt 0.495799989 0.470600009
vt 0.249799997 0.474599987
vt 0 0.482199997
vt 0.249799997 0.474400014
vt 0 0.48210001
vt 0.495799989 0.470499992
vt 0.495799989 0.470400006
vt 0.249799997 0.474299997
vt 0 0.481900007
vt 0.734399974 0.474000007
vt 0.969299972 0.481099993
vt 0.969299972 0.481000006
vt 0.734399974 0.473800004
vt 0.734399974 0.474099994
vt 0.969299972 0.48120001
vt 0.734399974 0.47420001
vt 0.969299972 0.481400013
vt 0.734399974 0.474299997
vt 0.903299987 0.479400009
vt 0.596300006 0.747799993
vt 0.596700013 0.498400003
vt 0.5 0.5
vt 0.5 0.75
vt 0.5 1
vt 0.595799983 0.997200012
vt 0.70630002 0.995899975
vt 0.706900001 0.746800005
vt 0.707499981 0.497599989
vt 0.846300006 0.747799993
vt 0.846700013 0.498400003
vt 0.845799983 0.997200012
vt 1 1
vt 1 0.75
vt 1 0.5
vt 0.846899986 0.249599993
vt 0.847000003 0.498299986
vt 1 0.25
vt 1 0
vt 0.846700013 0.000899999985
vt 0.707599998 0.00139999995
vt 0.707799971 0.249500006
vt 0.708000004 0.497500002
vt 0.596899986 0.249599993
vt 0.597000003 0.498299986
vt 0.596700013 0.000899999985
vt 0.5 0
vt 0.5 0.25
vt 0.627399981 0.498899996
vt 0.626900017 -0.00109999999
vt 0.5 0
vt 0.5 0.5
vt 0.5 1
vt 0.627900004 0.998899996
vt 0.754299998 0.998399973
vt 0.753600001 0.498400003
vt 0.752799988 -0.00170000002
vt 0.877399981 0.498899996
vt 0.876900017 -0.00109999999
vt 0.877900004 0.998899996
vt 1 1
vt 1 0.5
vt 1 0
vt 0.630400002 0.498699993
vt 0.627799988 -0.00100000005
vt 0.5 0
vt 0.5 0.5
vt 0.5 1
vt 0.633099973 0.998300016
vt 0.762099981 0.997500002
vt 0.75819999 0.497999996
vt 0.754199982 -0.00159999996
vt 0.880400002 0.498699993
vt 0.877799988 -0.00100000005
vt 0.883099973 0.998300016
vt 1 1
vt 1 0.5
vt 1 0
vt 0.487800002 0.120300002
vt 0.990100026 0.121299997
vt 1 0
vt 0.5 0
vt 0 0
vt -0.0143999998 0.119199999
vt -0.0215000007 0.241400003
vt 0.48179999 0.242899999
vt 0.985099971 0.244499996
vt 0.487800002 0.370299995
vt 0.990100026 0.371300012
vt -0.0143999998 0.369199991
vt 0 0.5
vt 0.5 0.5
vt 1 0.5
vt 0.243699998 0.106899999
vt 0.489899993 0.0921000019
vt 0.491100013 -0.0267999992
vt 0.2456 -0.0133999996
vt 0 0
vt -0.00240000011 0.121699996
vt -0.00359999994 0.245000005
vt 0.242899999 0.228699997
vt 0.489399999 0.212400004
vt 0.244100004 0.353599995
vt 0.49059999 0.335599989
vt -0.00240000011 0.371699989
vt 0 0.5
vt 0.246299997 0.480100006
vt 0.492500007 0.460099995
vt 0.744799972 0.1074
vt 0.999300003 0.123000003
vt 0.745599985 -0.0133999996
vt 0.490200013 0.0918999985
vt 0.49000001 0.212099999
vt 0.744499981 0.229599997
vt 0.999000013 0.246999994
vt 0.745100021 0.354200006
vt 0.999300003 0.372999996
vt 0.49090001 0.335299999
vt 0.746299982 0.480100006
vt 1 0.5
vt 0.63319999 0.731999993
vt 0.634599984 0.473399997
vt 0.500999987 0.746800005
vt 0.5 1
vt 0.631799996 0.99059999
vt 0.760200024 0.985899985
vt 0.762099981 0.723699987
vt 0.764100015 0.461600006
vt 0.8847 0.728699982
vt 0.887700021 0.466699988
vt 0.881799996 0.99059999
vt 1 1
vt 1.00419998 0.740199983
vt 0.846099973 0.245399997
vt 0.846499979 0.493499994
vt 1 0.5
vt 1 0.25
vt 1 0
vt 0.845799983 -0.00260000001
vt 0.706099987 -0.00389999989
vt 0.706700027 0.243200004
vt 0.707300007 0.4903
vt 0.596099973 0.245399997
vt 0.596499979 0.493499994
vt 0.595799983 -0.00260000001
vt 0.5 -0
vt 0.5 0.25
vt 0.5 0.5
vt 0.847000003 0.738600016
vt 0.847299993 0.988799989
vt 1 1
vt 1 0.75
vt 0.846700013 0.488400012
vt 0.707599998 0.482600003
vt 0.708000004 0.732900023
vt 0.708500028 0.983200014
vt 0.597000003 0.738600016
vt 0.597299993 0.988799989
vt 0.596700013 0.488400012
vt 0.5 0.75
vt 0.5 1
vt 0.75 0.251899987
vt 1 0.252200007
vt 1 0
vt 0.75 -0
vt 0.5 -0
vt 0.5 0.251599997
vt 0.5 0.502399981
vt 0.75 0.502799988
vt 0.999899983 0.503300011
vt 0.75 0.751900017
vt 1 0.752200007
vt 0.5 0.751600027
vt 0.5 1
vt 0.75 1
vt 0.25 0.251399994
vt 0.25 -0
vt 0 0
vt -0 0.251399994
vt -9.99999975e-05 0.501999974
vt 0.25 0.502200007
vt 0.25 0.751399994
vt -0 0.751399994
vt 0 1
vt 0.25 1
vt 0.5 0.249300003
vt 1.00039995 0.250999987
vt 1 0
vt 0.5 0
vt -0.00039999999 0.247500002
vt -0.000699999975 0.496300012
vt 0.499900013 0.498899996
vt 1.00049996 0.501399994
vt 0.5 0.749300003
vt 1.00039995 0.750999987
vt -0.00039999999 0.747500002
vt 0 1
vt 0.5 1
vt 0.500100017 0.249200001
vt 0.999800026 0.247600004
vt 0.5 0
vt 0 0
vt 0.000300000014 0.2509
vt 0.000500000024 0.501299977
vt 0.500100017 0.498800009
vt 0.999800026 0.496399999
vt 0.500100017 0.749199986
vt 0.999800026 0.747600019
vt 0.000300000014 0.750899971
vt 0 1
vt 0.5 1
vt 0.4727 0.234500006
vt 0.980799973 0.234599993
vt 0.5 0
vt 0 0
vt -0.0355000012 0.234300002
vt -0.053199999 0.476399988
vt 0.458999991 0.476700008
vt 0.971199989 0.476999998
vt 0.4727 0.734499991
vt 0.980799973 0.734600008
vt -0.0355000012 0.734300017
vt 0 1
vt 0.5 1
vt 1 1
vt 0.239299998 0.218899995
vt 0.484299988 0.200900003
vt 0.484699994 -0.0408000015
vt 0.242300004 -0.0204000007
vt 0 0
vt -0.0055999998 0.236900002
vt -0.0083999997 0.480300009
vt 0.238399997 0.4639
vt 0.485199988 0.44749999
vt 0.241500005 0.720499992
vt 0.488599986 0.704100013
vt -0.0055999998 0.736899972
vt 0 1
vt 0.246700004 0.982800007
vt 0.493400007 0.965600014
vt 0.7421 0.224399999
vt 0.999800026 0.247400001
vt 1 0
vt 0.742299974 -0.0204000007
vt 0.484499991 0.201399997
vt 0.485500008 0.448300004
vt 0.742600024 0.472200006
vt 0.99970001 0.496100008
vt 0.744300008 0.726000011
vt 0.999800026 0.747399986
vt 0.488799989 0.704599977
vt 0.746699989 0.982800007
vt 1 1
vt 0.757399976 0.737800002
vt 0.765100002 0.986599982
vt 1 1
vt 0.994099975 0.757000029
vt 0.74970001 0.488999993
vt 0.503899992 0.477999985
vt 0.513300002 0.728900015
vt 0.522700012 0.979900002
vt 0.254400015 0.740700006
vt 0.265100002 0.986599982
vt 0.243599996 0.494800001
vt -0.0120000001 0.762700021
vt 0.747399986 0.249899998
vt 0.746999979 0.499799997
vt 1 0.5
vt 1 0.25
vt 0.747799993 -0
vt 0.496699989 -9.99999975e-05
vt 0.496100008 0.249799997
vt 0.495499998 0.49970001
vt 0.247400001 0.249899998
vt 0.246999994 0.499799997
vt 0.247799993 -0
vt 0 0
vt 0 0.25
vt 0 0.5
vt 0.746900022 0.74970001
vt 0.746999979 0.49970001
vt 0.495499998 0.499500006
vt 0.495400012 0.749499977
vt 0.495200008 0.99940002
vt 0.746800005 0.999599993
vt 1 0.75
vt 0.246900007 0.74970001
vt 0.246999994 0.49970001
vt 0 0.75
vt 0 1
vt 0.246800005 0.999599993
vt 0.517700016 0.25
vt 0.517799973 0.25
vt 0.517799973 0
vt 0.517700016 0
vt 0.5176 0
vt 0.5176 0.25
vt 0.5176 0.453099996
vt 0.517700016 0.460900009
vt 0.517799973 0.4648
vt 0.51789999 0.25
vt 0.518100023 0.25
vt 0.518100023 0
vt 0.51789999 0
vt 0.51789999 0.460900009
vt 0.518100023 0.453099996
vt 0.5 0.5
vt 0 0.5
vt 0 0
vt 0.5 0
vt 1 0
vt 1 0.5
vt 1 1
vt 0.5 1
vt 0 1
vt 0.150399998 0.260899991
vt 0.150399998 0.260800004
vt 0.150399998 0.261000007
vt 0.1523 0.261000007
vt 0.1523 0.260899991
vt 0.1523 0.260800004
vt 0.154300004 0.260899991
vt 0.154300004 0.260800004
vt 0.154300004 0.261000007
vt 0.156299993 0.261000007
vt 0.156299993 0.260899991
vt 0.156299993 0.260699987
vt 0.150399998 0.261099994
vt 0.150399998 0.261299998
vt 0.1523 0.261299998
vt 0.1523 0.261099994
vt 0.154300004 0.261099994
vt 0.154300004 0.261299998
vt 0.156299993 0.261299998
vt 0.156299993 0.261099994
vt 0.150399998 0.261500001
vt 0.150399998 0.261700004
vt 0.1523 0.261700004
vt 0.1523 0.261500001
vt 0.154300004 0.261500001
vt 0.154300004 0.261700004
vt 0.156299993 0.261700004
vt 0.156299993 0.261500001
vt 0.137700006 0.5
vt 0.137700006 0
vt 0.137700006 1
vt 0.138699993 1
vt 0.138699993 0.5
vt 0.138699993 0
vt 0.139599994 0.5
vt 0.139599994 0
vt 0.139599994 1
vt 0.140599996 1
vt 0.140599996 0.5
vt 0.140599996 -0
vt 0.138500005 0.848200023
vt 0.139200002 0.696500003
vt 0.137700006 0.999899983
vt 0.138699993 0.999899983
vt 0.139400005 0.848200023
vt 0.140200004 0.696399987
vt 0.140400007 0.848100007
vt 0.141200006 0.69630003
vt 0.139599994 0.999899983
vt 0.140599996 1
vt 0.141399994 0.848100007
vt 0.142199993 0.696200013
vt 0.138500005 0.598100007
vt 0.137700006 0.49970001
vt 0.140200004 0.69630003
vt 0.139400005 0.59799999
vt 0.138699993 0.499599993
vt 0.140400007 0.59799999
vt 0.139599994 0.49970001
vt 0.141399994 0.598100007
vt 0.140599996 0.5
vt 0.753099978 0.139699996
vt 0.504599988 0.139699996
vt 0.504599988 0.140699998
vt 0.753000021 0.140699998
vt 1 0.140599996
vt 1.00020003 0.139599994
vt 1.00020003 0.138699993
vt 0.753199995 0.138699993
vt 0.504599988 0.138699993
vt 0.753099978 0.137700006
vt 0.504599988 0.137700006
vt 1.00020003 0.137700006
vt 0.253100008 0.139699996
vt -0 0.139599994
vt 0 0.140599996
vt 0.252999991 0.140699998
vt 0.252999991 0.138699993
vt -0 0.138699993
vt 0.252999991 0.137700006
vt -0 0.137700006
vt 0.134800002 0.222399995
vt 0.136700004 0.222399995
vt 0.136700004 0.222200006
vt 0.134800002 0.222200006
vt 0.132799998 0.222200006
vt 0.132799998 0.222399995
vt 0.132799998 0.2227
vt 0.134800002 0.2227
vt 0.136700004 0.2227
vt 0.5 0.5
vt 0.5 0
vt 0 0
vt 0 0.5
vt 0.5 1
vt 1 1
vt 1 0.5
vt 1 0
vt 0.5 0.5
vt 0 0.5
vt 0 0
vt 0.5 0
vt 1 0
vt 1 0.5
vt 1 1
vt 0.5 1
vt 0 1
vt 0.5176 0.1875
vt 0.5176 0.25
vt 0.517700016 0.125
vt 0.517700016 0.125
vt 0.5176 0.125
vt 0.5176 0.1875
vt 0.5176 0.25
vt 0.517700016 0.0625
vt 0.517799973 0.0625
vt 0.517799973 0
vt 0.517799973 0
vt 0.517700016 0
vt 0.517700016 0.0625
vt 0.517700016 0.8125
vt 0.517799973 0.8125
vt 0.517799973 0.75
vt 0.517700016 0.75
vt 0.5176 0.75
vt 0.5176 0.8125
vt 0.5176 0.875
vt 0.517700016 0.875
vt 0.517799973 0.875
vt 0.1875 0.517700016
vt 0.1875 0.517799973
vt 0.25 0.517799973
vt 0.25 0.517700016
vt 0.25 0.5176
vt 0.1875 0.5176
vt 0.125 0.5176
vt 0.125 0.517700016
vt 0.125 0.517799973
vt 0.1875 0.517700016
vt 0.1875 0.517799973
vt 0.25 0.517799973
vt 0.25 0.517700016
vt 0.25 0.5176
vt 0.1875 0.5176
vt 0.125 0.5176
vt 0.125 0.517700016
vt 0.125 0.517799973
vt 0.405900002 0.469900012
vt 0.405900002 0.469799995
vt 0.37470001 0.470699996
vt 0.37470001 0.470899999
vt 0.37470001 0.470999986
vt 0.405900002 0.469999999
vt 0.437099993 0.469099998
vt 0.437099993 0.469000012
vt 0.437099993 0.468800008
vt 0.719799995 0.473800004
vt 0.851899981 0.477899998
vt 0.793200016 0.476000011
vt 0.616999984 0.470499992
vt 0.587599993 0.469599992
vt 0.558300018 0.468699992
vt 0.646399975 0.471500009
vt 0.72420001 0.474000007
vt 0.5176 0.718800008
vt 0.5176 0.8125
vt 0.5176 0.875
vt 0.5176 0.8125
vt 0.517700016 0.783200026
vt 0.517700016 0.6602
vt 0.517700016 0.546899974
vt 0.5176 0.625
vt 0.5176 0.75
vt 0.75 0.779100001
vt 1 0.779100001
vt 1 0.778800011
vt 0.75 0.778800011
vt 0.5 0.778800011
vt 0.5 0.779100001
vt 0.5 0.779299974
vt 0.75 0.779299974
vt 1 0.779299974
vt 0.221100003 0.25
vt 0.220899999 -0
vt 0.220699996 -0
vt 0.220699996 0.25
vt 0.220699996 0.5
vt 0.221100003 0.5
vt 0.221599996 0.5
vt 0.221399993 0.25
vt 0.221200004 -0
vt 0.221100003 0.75
vt 0.220699996 0.75
vt 0.220699996 1
vt 0.220899999 1
vt 0.221200004 1
vt 0.221399993 0.75
vt 0.75 0.5
vt 0.75 0
vt 0.5 0
vt 0.5 0.5
vt 0.5 1
vt 0.75 1
vt 1 1
vt 1 0.5
vt 1 0
vt 0.222399995 0.666700006
vt 0.222299993 0.5
vt 0.222200006 0.5
vt 0.222399995 0.75
vt 0.2227 1
vt 0.222499996 0.75
vt 0.222399995 0.5
vt 0.134800002 0.221100003
vt 0.136700004 0.220899999
vt 0.136700004 0.220699996
vt 0.134800002 0.220699996
vt 0.132799998 0.220699996
vt 0.132799998 0.221200004
vt 0.133300006 0.221599996
vt 0.134800002 0.221399993
vt 0.136700004 0.221200004
vt 0.5 0.25
vt 0 0.25
vt 0 0
vt 0.5 0
vt 1 0
vt 1 0.25
vt 1 0.5
vt 0.5 0.5
vt 0 0.5
vt 0.25 0.5
vt 0.25 1
vt 0 1
vt 0 0.5
vt 0 0
vt 0.25 -0
vt 0.5 -0
vt 0.5 0.5
vt 0.5 1
vt 0.134800002 0.222000003
vt 0.136700004 0.222000003
vt 0.136700004 0.221900001
vt 0.134800002 0.221799999
vt 0.132799998 0.221900001
vt 0.517700016 0.593800008
vt 0.517799973 0.609399974
vt 0.5176 0.5625
vt 0.5176 0.625
vt 0.517700016 0.6875
vt 0.517799973 0.718800008
vt 0.51789999 0.593800008
vt 0.518100023 0.5625
vt 0.51789999 0.6875
vt 0.518100023 0.625
vt 0.75 0.777899981
vt 1 0.777899981
vt 1 0.777800024
vt 0.75 0.777800024
vt 0.5 0.777800024
vt 0.5 0.777899981
vt 0.5 0.777999997
vt 0.75 0.777999997
vt 1 0.777999997
vt 0.222100005 0.25
vt 0.222100005 -0
vt 0.222000003 -0
vt 0.222000003 0.25
vt 0.222000003 0.5
vt 0.222100005 0.5
vt 0.222200006 0.5
vt 0.222200006 0.25
vt 0.222200006 -0
vt 0.222100005 0.75
vt 0.222000003 0.75
vt 0.222000003 1
vt 0.222100005 1
vt 0.222200006 1
vt 0.222200006 0.75
vt 0.875 0.5
vt 0.875 1
vt 0.75 1
vt 0.75 0.5
vt 0.75 0
vt 0.875 0
vt 0.6875 0.5
vt 0.875 0
vt 0.75 0
vt 0.375 0.5
vt 0 1
vt 0.5 1
vt 1 0.5
vt 1 0
vt 0.625 0.5
vt 0.25 0.5
vt 0.75 -0
vt 1 0
vt 1 0.5
vt 0.517700016 0.671899974
vt 0.517700016 0.5625
vt 0.517700016 0.781300008
vt 0.517700016 0.8125
vt 0.517700016 0.718800008
vt 0.517700016 0.625
vt 0.75 0.8125
vt 1 0.875
vt 0.5 0.75
vt 0.5 0.5
vt 0.75 0.625
vt 1 0.75
vt 0.5 0.5
vt 0 0.5
vt 0 0
vt 0.5 0
vt 1 0
vt 1 0.5
vt 1 1
vt 0.5 1
vt 0 1
vt 0.222399995 0.75
vt 0.222399995 0.5
vt 0.222299993 1
vt 0.222399995 1
vt 0.222499996 0.75
vt 0.222599998 0.5
vt 0.222399995 0.25
vt 0.222299993 -0
vt 0.222499996 0.25
vt 0.222399995 -0
vt 0.75 0.777700007
vt 1 0.777700007
vt 1 0.77759999
vt 0.75 0.77759999
vt 0.5 0.77759999
vt 0.5 0.777700007
vt 0.5176 0.1875
vt 0.5176 0.25
vt 0.5176 0.125
vt 0.5176 0.125
vt 0.5176 0.1875
vt 0.5176 0.25
vt 0.517700016 0.0625
vt 0.517700016 0
vt 0.517700016 0.0155999996
vt 0.5176 0.0625
vt 0.517700016 0.953100026
vt 0.517799973 0.953100026
vt 0.517799973 0.9375
vt 0.517700016 0.9375
vt 0.5176 0.9375
vt 0.5176 0.953100026
vt 0.5176 0.968800008
vt 0.517700016 0.968800008
vt 0.517799973 0.968800008
vt 0.0469000004 0.517700016
vt 0.0469000004 0.517799973
vt 0.0625 0.517799973
vt 0.0625 0.517700016
vt 0.0625 0.5176
vt 0.0469000004 0.5176
vt 0.0311999992 0.5176
vt 0.0311999992 0.517700016
vt 0.0311999992 0.517799973
vt 0.0469000004 0.517700016
vt 0.0469000004 0.517799973
vt 0.0625 0.517799973
vt 0.0625 0.517700016
vt 0.0625 0.5176
vt 0.0469000004 0.5176
vt 0.0311999992 0.5176
vt 0.0311999992 0.517700016
vt 0.0311999992 0.517799973
vt 0.476099998 0.467799991
vt 0.476099998 0.467599988
vt 0.468300015 0.467900008
vt 0.468300015 0.467999995
vt 0.468300015 0.468100011
vt 0.476099998 0.467900008
vt 0.483900011 0.467700005
vt 0.483900011 0.467500001
vt 0.483900011 0.467400014
vt 0.623600006 0.470800012
vt 0.725600004 0.474099994
vt 0.631699979 0.471100003
vt 0.528900027 0.467799991
vt 0.521600008 0.467599988
vt 0.514199972 0.467400014
vt 0.615499973 0.470600009
vt 0.693700016 0.473100007
vt 0.5176 0.85619998
vt 0.5176 0.953100026
vt 0.5176 0.968699992
vt 0.5176 0.868700027
vt 0.517700016 0.816799998
vt 0.517700016 0.804899991
vt 0.5176 0.843699992
vt 0.5176 0.9375
vt 0.517700016 0.844500005
vt 0.517799973 0.929700017
vt 0.517799973 0.906199992
vt 0.517700016 0.828100026
vt 0.517799973 0.860899985
vt 0.517799973 0.953100026
vn -0.271800011 0.941699982 -0.197999999
vn -0.273299992 0.941200018 -0.198799998
vn -0.275400013 0.939800024 -0.202000007
vn -0.2755 0.939899981 -0.201700002
vn -0.275099993 0.939999998 -0.2016
vn -0.271299988 0.941900015 -0.197999999
vn -0.257999986 0.946799994 -0.192399994
vn -0.258700013 0.94660002 -0.192300007
vn -0.261700004 0.945599973 -0.193399996
vn -0.270300001 0.942099988 -0.198100001
vn -0.274199992 0.940299988 -0.2016
vn -0.273400009 0.940500021 -0.2016
vn -0.269400001 0.942399979 -0.198100001
vn -0.255199999 0.94749999 -0.192699999
vn -0.256599993 0.947099984 -0.192499995
vn -0.274699986 0.939800024 -0.203299999
vn -0.274199992 0.939899981 -0.203099996
vn -0.274699986 0.939800024 -0.203299999
vn -0.274599999 0.939700007 -0.203600004
vn -0.274599999 0.939700007 -0.203600004
vn -0.274199992 0.939899981 -0.203500003
vn -0.273400009 0.940199971 -0.203099996
vn -0.272700012 0.940400004 -0.203099996
vn -0.273400009 0.940199971 -0.203400001
vn -0.272700012 0.940299988 -0.203400001
vn -0.00310000009 0.994499981 0.104199998
vn -0.0190999992 0.997099996 0.0736000016
vn 0.023 0.994099975 0.105499998
vn 0.0364999995 0.990499973 0.132699996
vn 0.0408999994 0.987399995 0.153099999
vn 0.0182000007 0.99059999 0.135399997
vn -0.0487999991 0.994099975 0.0961999968
vn -0.0549999997 0.995000005 0.0829999968
vn -0.0555000007 0.997300029 0.0489999987
vn -0.0476999991 0.997900009 0.0439000018
vn -0.0719999969 0.997099996 0.0241999999
vn -0.0697999969 0.997399986 0.0148999998
vn -0.0190999992 0.997900009 0.0612999983
vn -0.0566999987 0.997500002 0.0428000018
vn -0.056499999 0.997399986 0.0436999984
vn -0.0351000018 0.943499982 -0.329400003
vn -0.0342000015 0.943499982 -0.32949999
vn -0.0397000015 0.947300017 -0.317799985
vn -0.0405000001 0.947300017 -0.317699999
vn -0.0414000005 0.947300017 -0.317600012
vn -0.0359000005 0.943499982 -0.329299986
vn -0.0307 0.945100009 -0.325199991
vn -0.0318999998 0.944999993 -0.325399995
vn -0.0331000015 0.944899976 -0.325500011
vn -0.0337999985 0.943499982 -0.329600006
vn -0.0339000002 0.943799973 -0.328799993
vn -0.0397000015 0.947600007 -0.317000002
vn -0.0392000005 0.947300017 -0.317900002
vn -0.0337000005 0.944899976 -0.325599998
vn -0.0337000005 0.944599986 -0.326299995
vn -0.0461000018 0.948300004 -0.31400001
vn -0.0458999984 0.948199987 -0.314099997
vn -0.0467000008 0.948099971 -0.314399987
vn -0.0505999997 0.942399979 -0.330500007
vn -0.0500999987 0.943300009 -0.328000009
vn -0.0491999984 0.943300009 -0.328299999
vn -0.0454999991 0.948199987 -0.314200014
vn -0.0450999998 0.948199987 -0.314300001
vn -0.0474999994 0.943199992 -0.328700006
vn -0.0458999984 0.943199992 -0.329100013
vn -0.0715000033 0.945599973 -0.317099988
vn -0.0681999996 0.945599973 -0.318199992
vn -0.0881000012 0.958199978 -0.272199988
vn -0.0905999988 0.958199978 -0.271400005
vn -0.0931999981 0.958199978 -0.270500004
vn -0.0747999996 0.94569999 -0.316199988
vn -0.0577000007 0.934199989 -0.351999998
vn -0.0566999987 0.934099972 -0.352299988
vn -0.0555000007 0.934099972 -0.352600008
vn -0.0665000007 0.945500016 -0.318699986
vn -0.068400003 0.947700024 -0.311800003
vn -0.0903000012 0.959699988 -0.266200006
vn -0.0868000016 0.958199978 -0.272700012
vn -0.0548 0.934000015 -0.352899998
vn -0.0553000011 0.934800029 -0.350699991
vn -0.0513999984 0.935000002 -0.350899994
vn -0.0507000014 0.934899986 -0.351099998
vn -0.0491999984 0.943300009 -0.328299999
vn -0.0500999987 0.943300009 -0.328000009
vn -0.0505999997 0.942399979 -0.330500007
vn -0.0516000018 0.934000015 -0.353399992
vn -0.0553000011 0.934800029 -0.350699991
vn -0.0548 0.934000015 -0.352899998
vn -0.0555000007 0.934099972 -0.352600008
vn -0.0491999984 0.934899986 -0.351500005
vn -0.0476999991 0.934800029 -0.351900011
vn -0.0458999984 0.943199992 -0.329100013
vn -0.0474999994 0.943199992 -0.328700006
vn -0.0566999987 0.934099972 -0.352299988
vn -0.0577000007 0.934199989 -0.351999998
vn -0.196400002 0.96420002 -0.178200006
vn -0.196199998 0.96420002 -0.178299993
vn -0.169300005 0.967499971 -0.187900007
vn -0.169100001 0.967499971 -0.187999994
vn -0.1743 0.967100024 -0.185299993
vn -0.201499999 0.96329999 -0.177200004
vn -0.224800006 0.957899988 -0.1787
vn -0.221000001 0.958899975 -0.177900001
vn -0.220300004 0.958999991 -0.178000003
vn -0.195899993 0.964299977 -0.178399995
vn -0.195600003 0.964299977 -0.178399995
vn -0.170399994 0.967299998 -0.1875
vn -0.169799998 0.967400014 -0.187700003
vn -0.218899995 0.959299982 -0.178299993
vn -0.217700005 0.959500015 -0.178499997
vn -0.144899994 0.968200028 -0.203700006
vn -0.145400003 0.968200028 -0.203600004
vn -0.126100004 0.967100024 -0.221000001
vn -0.125599995 0.967100024 -0.221200004
vn -0.128999993 0.967400014 -0.217700005
vn -0.149100006 0.968299985 -0.200200006
vn -0.1743 0.967100024 -0.185299993
vn -0.169100001 0.967499971 -0.187999994
vn -0.169300005 0.967499971 -0.187900007
vn -0.146300003 0.968100011 -0.203199998
vn -0.147200003 0.968100011 -0.202800006
vn -0.127900004 0.967000008 -0.220200002
vn -0.127000004 0.967000008 -0.220599994
vn -0.169799998 0.967400014 -0.187700003
vn -0.170399994 0.967299998 -0.1875
vn -0.107799999 0.96450001 -0.240799993
vn -0.108400002 0.96450001 -0.240600005
vn -0.0881000012 0.958199978 -0.272199988
vn -0.0868000016 0.958199978 -0.272700012
vn -0.0903000012 0.959699988 -0.266200006
vn -0.111000001 0.96509999 -0.236900002
vn -0.109499998 0.96450001 -0.240199998
vn -0.110699996 0.96450001 -0.239700004
vn -0.0931999981 0.958199978 -0.270500004
vn -0.0905999988 0.958199978 -0.271400005
vn -0.238199994 0.953400016 -0.185100004
vn -0.239899993 0.953000009 -0.184900001
vn -0.257999986 0.946799994 -0.192399994
vn -0.256599993 0.947099984 -0.192499995
vn -0.255199999 0.94749999 -0.192699999
vn -0.236399993 0.953800023 -0.185299993
vn -0.217700005 0.959500015 -0.178499997
vn -0.218899995 0.959299982 -0.178299993
vn -0.220300004 0.958999991 -0.178000003
vn -0.240899995 0.952799976 -0.184699997
vn -0.244100004 0.951699972 -0.186100006
vn -0.261700004 0.945599973 -0.193399996
vn -0.258700013 0.94660002 -0.192300007
vn -0.221000001 0.958899975 -0.177900001
vn -0.224800006 0.957899988 -0.1787
vn -0.0364999995 0.956499994 -0.289400011
vn -0.0348999985 0.956700027 -0.288899988
vn -0.0350000001 0.970600009 -0.238000005
vn -0.0362999998 0.970399976 -0.238800004
vn -0.0359999985 0.972299993 -0.230900005
vn -0.0370999984 0.957499981 -0.28580001
vn -0.0337000005 0.944599986 -0.326299995
vn -0.0337000005 0.944899976 -0.325599998
vn -0.0331000015 0.944899976 -0.325500011
vn -0.0317000002 0.957099974 -0.287900001
vn -0.0285 0.957499981 -0.287
vn -0.0296999998 0.971499979 -0.235200003
vn -0.0324000008 0.971000016 -0.236699998
vn -0.0318999998 0.944999993 -0.325399995
vn -0.0307 0.945100009 -0.325199991
vn -0.0326999985 0.979200006 -0.200100005
vn -0.0346999988 0.978900015 -0.201100007
vn -0.0350000001 0.970600009 -0.238000005
vn -0.0324000008 0.971000016 -0.236699998
vn -0.0296999998 0.971499979 -0.235200003
vn -0.0307999998 0.979600012 -0.198699996
vn -0.0328000002 0.986400008 -0.160999998
vn -0.0381999984 0.985499978 -0.165199995
vn -0.0443000011 0.985099971 -0.166299999
vn -0.0361000001 0.979300022 -0.199000001
vn -0.0375000015 0.98150003 -0.187399998
vn -0.0359999985 0.972299993 -0.230900005
vn -0.0362999998 0.970399976 -0.238800004
vn -0.0494000018 0.987600029 -0.148499995
vn -0.0571999997 0.992699981 -0.105700001
vn -0.405099988 0.908999979 0.0979999974
vn -0.499000013 0.771099985 0.395300001
vn -0.451299995 0.829599977 0.328599989
vn -0.371399999 0.925899982 0.0691
vn -0.414700001 0.903400004 0.108599998
vn -0.51730001 0.738300025 0.432700008
vn -0.415899992 0.902499974 0.111599997
vn -0.519500017 0.729799986 0.444299996
vn -0.333799988 0.939199984 -0.0800999999
vn -0.512700021 0.746500015 0.423999995
vn -0.0921000019 0.927200019 0.362899989
vn -0.0910999998 0.739600003 0.666899979
vn -0.106799997 0.745299995 0.657999992
vn -0.1074 0.969900012 0.218500003
vn -0.070600003 0.925400019 0.372399986
vn -0.0754999965 0.739000022 0.669499993
vn -0.0636000037 0.981899977 0.178299993
vn -0.070100002 0.98180002 0.176200002
vn -0.0803999975 0.750500023 0.656000018
vn -0.0747999996 0.74150002 0.666700006
vn -0.0681999996 0.742200017 0.666700006
vn -0.0555999987 0.981599987 0.182600006
vn -0.0758000016 0.98360002 0.163200006
vn -0.0874999985 0.76880002 0.63349998
vn -0.0806000009 0.988200009 0.130199999
vn -0.0966000035 0.797999978 0.594799995
vn -0.115199998 0.993200004 -0.0141000003
vn -0.133100003 0.990400016 -0.0364999995
vn -0.1646 0.953999996 0.250400007
vn -0.143099993 0.926800013 0.347299993
vn -0.123300001 0.885200024 0.448599994
vn -0.0980999991 0.994899988 0.0236000009
vn -0.0860999972 0.993200004 0.0777999982
vn -0.1074 0.838800013 0.533699989
vn -0.0966000035 0.797999978 0.594799995
vn -0.0806000009 0.988200009 0.130199999
vn -0.0980999991 0.994899988 0.0236000009
vn -0.123300001 0.885200024 0.448599994
vn -0.257299989 0.966300011 0.00419999985
vn -0.304899991 0.931400001 0.199000001
vn -0.261200011 0.949999988 0.1708
vn -0.220599994 0.975199997 -0.0170000009
vn -0.291099995 0.956499994 0.0195000004
vn -0.346799999 0.909799993 0.228100002
vn -0.189199999 0.98119998 -0.0370000005
vn -0.226199999 0.961899996 0.153400004
vn -0.202600002 0.967000008 0.154300004
vn -0.166700006 0.984799981 -0.0491000004
vn -0.220599994 0.975199997 -0.0170000009
vn -0.261200011 0.949999988 0.1708
vn -0.149800003 0.987500012 -0.0489000008
vn -0.184400007 0.965600014 0.183400005
vn -0.1646 0.953999996 0.250400007
vn -0.133100003 0.990400016 -0.0364999995
vn -0.327199996 0.944199979 0.0373999998
vn -0.371399999 0.925899982 0.0691
vn -0.451299995 0.829599977 0.328599989
vn -0.393000007 0.880299985 0.265700012
vn -0.346799999 0.909799993 0.228100002
vn -0.291099995 0.956499994 0.0195000004
vn -0.0502999984 0.979200006 0.1963
vn -0.0631999969 0.75 0.658399999
vn -0.061999999 0.758099973 0.649200022
vn -0.0498000011 0.975000024 0.216399997
vn -0.0555999987 0.981599987 0.182600006
vn -0.0681999996 0.742200017 0.666700006
vn -0.0513000004 0.970499992 0.235599995
vn -0.0498000011 0.975000024 0.216399997
vn -0.061999999 0.758099973 0.649200022
vn -0.0627999976 0.760800004 0.645900011
vn -0.063000001 0.758300006 0.648899972
vn -0.0520000011 0.965399981 0.255699992
vn -0.452199996 0.435000002 0.778599977
vn -0.46419999 0.412499994 0.783800006
vn -0.481299996 0.385500014 0.787199974
vn -0.451900005 0.425799996 0.783800006
vn -0.407499999 0.460099995 0.788800001
vn -0.421099991 0.463999987 0.779399991
vn -0.427300006 0.504000008 0.75059998
vn -0.443899989 0.486400008 0.752600014
vn -0.450399995 0.478599995 0.753700018
vn -0.460900009 0.408499986 0.787800014
vn -0.452600002 0.423299998 0.784799993
vn -0.4736 0.37529999 0.796700001
vn -0.483200014 0.370000005 0.79339999
vn -0.450800002 0.479799986 0.752699971
vn -0.453799993 0.498699993 0.738399982
vn -0.51730001 0.728600025 0.448799998
vn -0.534600019 0.694400012 0.481599987
vn -0.541400015 0.666800022 0.512000024
vn -0.525399983 0.692099988 0.494899988
vn -0.475899994 0.758599997 0.444900006
vn -0.467000008 0.796700001 0.383599997
vn -0.451299995 0.829599977 0.328599989
vn -0.499000013 0.771099985 0.395300001
vn -0.51730001 0.738300025 0.432700008
vn -0.535600007 0.6875 0.490200013
vn -0.531899989 0.695200026 0.483399987
vn -0.541800022 0.669099987 0.508599997
vn -0.541700006 0.665499985 0.513400018
vn -0.519500017 0.729799986 0.444299996
vn -0.512700021 0.746500015 0.423999995
vn -0.519800007 0.658200026 0.544499993
vn -0.534099996 0.645099998 0.546400011
vn -0.51819998 0.616900027 0.592400014
vn -0.506399989 0.627399981 0.591499984
vn -0.470499992 0.67750001 0.565400004
vn -0.476099998 0.715600014 0.511099994
vn -0.534200013 0.650200009 0.540199995
vn -0.538699985 0.655600011 0.529100001
vn -0.523800015 0.635500014 0.567300022
vn -0.518700004 0.621900022 0.586600006
vn -0.468600005 0.531199992 0.705799997
vn -0.467599988 0.526799977 0.709699988
vn -0.487800002 0.552999973 0.675400019
vn -0.488400012 0.555100024 0.673200011
vn -0.493400007 0.561399996 0.664399981
vn -0.476099998 0.540000021 0.694000006
vn -0.453799993 0.498699993 0.738399982
vn -0.450800002 0.479799986 0.752699971
vn -0.450399995 0.478599995 0.753700018
vn -0.459699988 0.532299995 0.710900009
vn -0.440400004 0.558000028 0.703299999
vn -0.453299999 0.602599978 0.656799972
vn -0.479000002 0.563600004 0.672900021
vn -0.443899989 0.486400008 0.752600014
vn -0.427300006 0.504000008 0.75059998
vn -0.503099978 0.583599985 0.637399971
vn -0.502600014 0.581900001 0.639299989
vn -0.51819998 0.616900027 0.592400014
vn -0.518700004 0.621900022 0.586600006
vn -0.523800015 0.635500014 0.567300022
vn -0.507200003 0.595799983 0.622799993
vn -0.493200004 0.595000029 0.634500027
vn -0.463 0.641300023 0.611800015
vn -0.470499992 0.67750001 0.565400004
vn -0.506399989 0.627399981 0.591499984
vn 0.00659999996 -0.110200003 0.993900001
vn 0.0147000002 -0.115500003 0.993200004
vn 0.0148999998 -0.115800001 0.993099988
vn 0.00669999979 -0.110699996 0.993799984
vn -0.00380000006 -0.0926999971 0.995700002
vn -0.00319999992 -0.0922000036 0.995700002
vn -0.00230000005 -0.0913999975 0.995800018
vn 0.00669999979 -0.109200001 0.994000018
vn 0.0146000003 -0.114500001 0.993300021
vn 0.0186000001 -0.115099996 0.993200004
vn 0.0194000006 -0.115000002 0.993200004
vn 0.0194000006 -0.1153 0.993099988
vn 0.0186000001 -0.115400001 0.993099988
vn 0.0186000001 -0.114 0.993300021
vn 0.0194000006 -0.114 0.993300021
vn 0.00789999962 -0.106799997 0.994199991
vn 0.0165999997 -0.111699998 0.993600011
vn -0.00109999999 -0.0899000019 0.995899975
vn 0.00190000003 -0.0879999995 0.996100008
vn 0.0107000005 -0.102600001 0.994700015
vn 0.0211999994 -0.1065 0.994099975
vn 0.0209999997 -0.111299999 0.993600011
vn 0.0218000002 -0.111400001 0.993499994
vn 0.0266999993 -0.106600001 0.993900001
vn 0.0276999995 -0.107199997 0.993799984
vn 0.308800012 -0.0313999988 0.950600028
vn 0.318699986 -0.0291000009 0.947399974
vn 0.323700011 -0.0357999988 0.945500016
vn 0.31189999 -0.0386000015 0.949299991
vn 0.312400013 -0.0381000005 0.949199975
vn 0.3037 -0.0322999991 0.952199996
vn 0.222299993 -0.0434999987 0.973999977
vn 0.227500007 -0.0416000001 0.972899973
vn 0.2315 -0.0399000011 0.972000003
vn 0.333799988 -0.0148 0.942499995
vn 0.338800013 0.0196000002 0.940599978
vn 0.352299988 0.0248000007 0.935500026
vn 0.343199998 -0.0178999994 0.939100027
vn 0.236399993 -0.0328000002 0.971099973
vn 0.234999999 -0.0149999997 0.971899986
vn 0.145600006 -0.0571000017 0.987699986
vn 0.142900005 -0.0551000014 0.988200009
vn 0.143999994 -0.0601999983 0.987699986
vn 0.100100003 -0.075000003 0.9921
vn 0.100100003 -0.0707999989 0.992399991
vn 0.0947000012 -0.0676999986 0.993200004
vn 0.136899993 -0.0533999987 0.989099979
vn 0.128700003 -0.0476999991 0.990499973
vn 0.0842000023 -0.0675999969 0.994099975
vn 0.0731000006 -0.0650999993 0.995199978
vn 0.0355000012 -0.100000001 0.994300008
vn 0.0293000005 -0.0988000035 0.994700015
vn 0.0436999984 -0.0892999992 0.995000005
vn 0.0498999991 -0.0918999985 0.994499981
vn 0.0507000014 -0.0951000005 0.994199991
vn 0.0364999995 -0.101800002 0.994099975
vn 0.0276999995 -0.107199997 0.993799984
vn 0.0266999993 -0.106600001 0.993900001
vn 0.0211999994 -0.1065 0.994099975
vn 0.0175999999 -0.0962999985 0.995199978
vn 0.00879999995 -0.0855000019 0.996299982
vn 0.0225000009 -0.0815000013 0.996399999
vn 0.0322000012 -0.0881000012 0.995599985
vn 0.0107000005 -0.102600001 0.994700015
vn 0.00190000003 -0.0879999995 0.996100008
vn 0.0714000016 -0.0822999999 0.994000018
vn 0.0654999986 -0.0789000019 0.994700015
vn 0.0947000012 -0.0676999986 0.993200004
vn 0.100100003 -0.0707999989 0.992399991
vn 0.0716999993 -0.0864999965 0.993700027
vn 0.054299999 -0.0785999969 0.995400012
vn 0.0434000008 -0.075000003 0.996200025
vn 0.0731000006 -0.0650999993 0.995199978
vn 0.0842000023 -0.0675999969 0.994099975
vn 0.000300000014 -0.113300003 0.993600011
vn -0.00889999978 -0.118900001 0.992900014
vn 0.00749999983 -0.1131 0.993499994
vn 0.0167999994 -0.107100002 0.994099975
vn 0.0264999997 -0.0917000026 0.995400012
vn 0.00999999978 -0.0992999971 0.995000005
vn -0.127399996 -0.146699995 0.98089999
vn -0.143399999 -0.147400007 0.978600025
vn -0.152999997 -0.147799999 0.977100015
vn -0.0135000004 -0.120099999 0.992600024
vn -0.0126 -0.119900003 0.992699981
vn 0.00190000003 -0.114299998 0.993399978
vn 0.00289999996 -0.114100002 0.993399978
vn -0.155900002 -0.149800003 0.976300001
vn -0.143999994 -0.148800001 0.978299975
vn 0.1461 -0.0812999979 0.985899985
vn 0.154799998 -0.0793000013 0.984700024
vn 0.162499994 -0.0775000006 0.98360002
vn 0.312400013 -0.0381000005 0.949199975
vn 0.31189999 -0.0386000015 0.949299991
vn 0.323700011 -0.0357999988 0.945500016
vn 0.172600001 -0.0658999979 0.982800007
vn 0.185599998 -0.0342000015 0.981999993
vn 0.343199998 -0.0178999994 0.939100027
vn 0.352299988 0.0248000007 0.935500026
vn 0.0148 -0.0414999984 0.999000013
vn 0.00749999983 -0.0410000011 0.999100029
vn 0.0142999999 -0.0669 0.997699976
vn 0.0270000007 -0.0687000006 0.997300029
vn 0.0425999984 -0.0711999983 0.996500015
vn 0.0229000002 -0.0456000008 0.998700023
vn 0.00260000001 -0.0533999987 0.998600006
vn -0.00190000003 -0.0513000004 0.998700023
vn -0.00600000005 -0.0513000004 0.998700023
vn 0.00520000001 0.193499997 0.981100023
vn 0.0247000009 0.191400006 0.98119998
vn -0.0297999997 0.229300007 0.972899973
vn -0.0292000007 0.228599995 0.973100007
vn -0.0286999997 0.230399996 0.9727
vn -0.0185000002 0.197500005 0.980099976
vn -0.00139999995 0.0274 0.999599993
vn 0.130999997 0.0137999998 0.991299987
vn 0.110799998 0.144500002 0.983299971
vn -0.00359999994 -0.0703999996 0.997500002
vn -0.00609999988 -0.0698999986 0.997500002
vn 0.00260000001 -0.0533999987 0.998600006
vn 0.00499999989 -0.0579999983 0.998300016
vn 0.00930000003 -0.0627999976 0.998000026
vn 0.00159999996 -0.0714000016 0.997399986
vn 0.00190000003 -0.0879999995 0.996100008
vn -0.00109999999 -0.0899000019 0.995899975
vn -0.00230000005 -0.0913999975 0.995800018
vn -0.00850000046 -0.0698999986 0.997500002
vn -0.0105999997 -0.0702000037 0.997500002
vn -0.00600000005 -0.0513000004 0.998700023
vn -0.00190000003 -0.0513000004 0.998700023
vn -0.00319999992 -0.0922000036 0.995700002
vn -0.00380000006 -0.0926999971 0.995700002
vn -0.0493000001 0.540099978 0.84009999
vn -0.0504000001 0.546999991 0.835600019
vn -0.0634000003 0.632499993 0.772000015
vn -0.0582999997 0.620199978 0.782299995
vn -0.0553000011 0.621599972 0.781400025
vn -0.0485999994 0.540700018 0.8398
vn -0.0471000001 0.484499991 0.87349999
vn -0.0474999994 0.484699994 0.873300016
vn -0.0478000008 0.489499986 0.870599985
vn -0.0746999979 0.697600007 0.712599993
vn -0.0860999972 0.706700027 0.702199996
vn -0.106799997 0.745299995 0.657999992
vn -0.0910999998 0.739600003 0.666899979
vn -0.0754999965 0.739000022 0.669499993
vn -0.0659999996 0.698499978 0.712499976
vn -0.0480000004 0.426899999 0.902999997
vn -0.0476000011 0.426600009 0.903100014
vn -0.0454000011 0.357199997 0.932900012
vn -0.0456000008 0.356299996 0.933300018
vn -0.0461000018 0.361000001 0.931400001
vn -0.0483000018 0.432500005 0.900300026
vn -0.0478000008 0.489499986 0.870599985
vn -0.0474999994 0.484699994 0.873300016
vn -0.0471000001 0.484499991 0.87349999
vn -0.0384999998 0.284799993 0.957799971
vn -0.0384000018 0.28670001 0.957199991
vn -0.0286999997 0.230399996 0.9727
vn -0.0292000007 0.228599995 0.973100007
vn -0.0297999997 0.229300007 0.972899973
vn -0.0390000008 0.287499994 0.957000017
vn 0.0847000033 -0.0439000018 0.995400012
vn 0.0603 -0.0665000007 0.995899975
vn 0.0533000007 0.107900001 0.992699981
vn 0.0653000027 0.119099997 0.990700006
vn 0.116599999 0.194100007 0.973999977
vn 0.153400004 0.0220999997 0.987900019
vn 0.191400006 0.0172000006 0.981400013
vn 0.104400001 -0.0416000001 0.993700027
vn 0.0631000027 -0.0648000017 0.995899975
vn 0.00480000023 0.37529999 0.926800013
vn 0.0156999994 0.422100008 0.906400025
vn 0.0476999991 0.190799996 0.980400026
vn 0.0355000012 0.145099998 0.988799989
vn 0.0232999995 0.0869999975 0.995899975
vn -0.00469999993 0.329400003 0.944199979
vn -0.0280000009 0.361400008 0.931999981
vn -0.0210999995 0.402799994 0.915000021
vn -0.0104 0.445499986 0.895200014
vn 0.0337999985 0.461499989 0.886500001
vn 0.0878999978 0.525600016 0.846199989
vn 0.154100001 0.3486 0.924499989
vn 0.0666000023 0.191 0.979300022
vn 0.0104 0.491699994 0.870700002
vn 0.0460000001 0.560599983 0.826799989
vn 0.1193 -0.0419999994 0.991900027
vn 0.221200004 0.0046000001 0.975199997
vn 0.234999999 -0.0149999997 0.971899986
vn 0.128700003 -0.0476999991 0.990499973
vn 0.0731000006 -0.0650999993 0.995199978
vn 0.066399999 -0.0627999976 0.995800018
vn 0.0631000027 -0.0648000017 0.995899975
vn 0.104400001 -0.0416000001 0.993700027
vn 0.191400006 0.0172000006 0.981400013
vn 0.321200013 0.0582000017 0.945200026
vn 0.336899996 0.074000001 0.938600004
vn 0.352299988 0.0248000007 0.935500026
vn 0.338800013 0.0196000002 0.940599978
vn 0.280800015 0.0890000015 0.955600023
vn 0.298799992 0.118000001 0.947000027
vn 0.118500002 0.643299997 0.756299973
vn 0.158500001 0.602299988 0.782299995
vn 0.0878999978 0.525600016 0.846199989
vn 0.0460000001 0.560599983 0.826799989
vn 0.0665000007 0.665199995 0.743700027
vn 0.0305000003 0.767199993 0.640699983
vn 0.0684999973 0.765299976 0.639999986
vn 0.0961999968 0.734399974 0.671899974
vn -0.0337000005 0.817499995 0.574899971
vn -0.133399993 0.798900008 0.586399972
vn -0.141800001 0.763700008 0.629700005
vn -0.0263999999 0.785099983 0.618700027
vn 0.0961999968 0.734399974 0.671899974
vn 0.0684999973 0.765299976 0.639999986
vn -0.0439000018 0.814899981 0.577899992
vn -0.121799998 0.805800021 0.57950002
vn -0.215000004 0.736699998 0.641099989
vn -0.121799998 0.805800021 0.57950002
vn -0.190300003 0.762499988 0.618300021
vn -0.240500003 0.703599989 0.668600023
vn -0.272000015 0.654699981 0.705200016
vn -0.296999991 0.608500004 0.735800028
vn -0.233400002 0.696799994 0.678200006
vn -0.141800001 0.763700008 0.629700005
vn -0.325100005 0.50910002 0.796899974
vn -0.32100001 0.494100004 0.807900012
vn -0.324000001 0.490999997 0.808600008
vn -0.312999994 0.529299974 0.788500011
vn -0.299400002 0.602800012 0.739600003
vn -0.329600006 0.574000001 0.749599993
vn -0.367199987 0.549799979 0.75029999
vn -0.353300005 0.495000005 0.793799996
vn -0.343899995 0.4833 0.805100024
vn -0.304100007 0.575900018 0.75880003
vn -0.274399996 0.645900011 0.712400019
vn -0.299400002 0.602800012 0.739600003
vn -0.312999994 0.529299974 0.788500011
vn -0.324000001 0.490999997 0.808600008
vn -0.324999988 0.524200022 0.787100017
vn -0.385399997 0.48269999 0.78640002
vn -0.371300012 0.474799991 0.797900021
vn -0.343899995 0.4833 0.805100024
vn -0.353300005 0.495000005 0.793799996
vn -0.401199996 0.526300013 0.74970001
vn 0.0500999987 -0.0669 0.996500015
vn 0.0603 -0.0665000007 0.995899975
vn 0.0425000004 -0.0697000027 0.996599972
vn 0.0273000002 -0.068599999 0.997300029
vn 0.0344000012 -0.0632999986 0.997399986
vn 0.0192000009 0.100100003 0.994799972
vn 0.0463000014 0.112800002 0.992500007
vn 0.0533000007 0.107900001 0.992699981
vn 0.0197000001 -0.063000001 0.997799993
vn 0.0163000003 -0.066200003 0.997699976
vn 0.00930000003 -0.0627999976 0.998000026
vn 0.0181000009 -0.0615999997 0.997900009
vn -0.0401000008 0.0452999994 0.998099983
vn -0.0120000001 0.0731000006 0.997200012
vn -0.0118000004 0.289999992 0.956900001
vn -0.00469999993 0.329400003 0.944199979
vn 0.0232999995 0.0869999975 0.995899975
vn 0.0125000002 0.0346000008 0.999300003
vn 0.00540000014 0.00359999994 1
vn -0.0146000003 0.259299994 0.965699971
vn -0.0313999988 0.295300007 0.954900026
vn -0.0315999985 0.324999988 0.945200026
vn -0.0280000009 0.361400008 0.931999981
vn -0.0148999998 0.237000003 0.971400023
vn 0.000899999985 -0.000600000028 1
vn -0.00100000005 0.0104999999 0.999899983
vn -0.0148 0.221699998 0.975000024
vn -0.0281000007 0.256999999 0.966000021
vn -0.0294000003 0.272799999 0.961600006
vn 0.0392000005 -0.0707999989 0.996699989
vn 0.066399999 -0.0627999976 0.995800018
vn 0.0731000006 -0.0650999993 0.995199978
vn 0.0434000008 -0.075000003 0.996200025
vn 0.0225000009 -0.0815000013 0.996399999
vn 0.0215000007 -0.0734999999 0.996999979
vn 0.0273000002 -0.068599999 0.997300029
vn 0.0425000004 -0.0697000027 0.996599972
vn 0.0631000027 -0.0648000017 0.995899975
vn 0.00980000012 -0.0728999972 0.997300029
vn 0.00879999995 -0.0855000019 0.996299982
vn 0.00190000003 -0.0879999995 0.996100008
vn 0.00159999996 -0.0714000016 0.997399986
vn 0.00930000003 -0.0627999976 0.998000026
vn 0.0163000003 -0.066200003 0.997699976
vn -0.0215000007 -0.0182000007 0.999599993
vn -0.0211999994 -0.164499998 0.986100018
vn -0.0557000004 -0.154300004 0.986400008
vn -0.0271000005 -0.0105999997 0.999599993
vn -0.0170000009 0.0241999999 0.999499977
vn -0.0203000009 0.00190000003 0.999800026
vn -0.0182000007 -0.00499999989 0.999800026
vn -0.0156999994 -0.0216000006 0.999599993
vn 0.00939999986 -0.166099995 0.986100018
vn -0.0211999994 0.432599992 0.901300013
vn 0.0557999983 0.415300012 0.907999992
vn 0.0961999968 0.734399974 0.671899974
vn -0.0263999999 0.785099983 0.618700027
vn -0.141800001 0.763700008 0.629700005
vn -0.0886000022 0.414700001 0.905600011
vn -0.0262000002 -0.00190000003 0.999599993
vn -0.0799999982 -0.141800001 0.986599982
vn -0.0820000023 -0.132300004 0.987800002
vn -0.0115999999 -0.00170000002 0.999899983
vn 0.0271000005 0.0691 0.997200012
vn -0.0013 0.0560000017 0.998399973
vn -0.0170000009 0.0241999999 0.999499977
vn -0.0271000005 -0.0105999997 0.999599993
vn -0.0557000004 -0.154300004 0.986400008
vn 0.0992999971 0.347499996 0.932399988
vn 0.1184 0.293199986 0.948700011
vn 0.154100001 0.3486 0.924499989
vn 0.158500001 0.602299988 0.782299995
vn 0.0961999968 0.734399974 0.671899974
vn 0.0557999983 0.415300012 0.907999992
vn 0.0160000008 -0.0802000016 0.996599972
vn -0.1109 -0.142299995 0.98360002
vn -0.127399996 -0.146699995 0.98089999
vn 0.00999999978 -0.0992999971 0.995000005
vn 0.0264999997 -0.0917000026 0.995400012
vn 0.0337000005 -0.0697000027 0.996999979
vn 0.0395000018 -0.0408999994 0.998399973
vn 0.0178999994 -0.057599999 0.998199999
vn -0.0979000032 -0.133100003 0.986199975
vn 0.182799995 0.00400000019 0.983099997
vn 0.185599998 -0.0342000015 0.981999993
vn 0.352299988 0.0248000007 0.935500026
vn 0.336899996 0.074000001 0.938600004
vn 0.298799992 0.118000001 0.947000027
vn 0.170000002 0.0461000018 0.984300017
vn -0.0102000004 -0.0227000006 0.99970001
vn 0.0362000018 -0.162699997 0.986000001
vn 0.00939999986 -0.166099995 0.986100018
vn -0.0156999994 -0.0216000006 0.999599993
vn -0.0182000007 -0.00499999989 0.999800026
vn -0.0151000004 -0.00680000009 0.999800026
vn -0.0108000003 -0.00730000017 0.999899983
vn -0.0037 -0.0226000007 0.99970001
vn 0.0623000003 -0.157100007 0.985599995
vn -0.139500007 0.373400003 0.917100012
vn -0.0886000022 0.414700001 0.905600011
vn -0.141800001 0.763700008 0.629700005
vn -0.233400002 0.696799994 0.678200006
vn -0.296999991 0.608500004 0.735800028
vn -0.172600001 0.319400012 0.931699991
vn -0.179000005 0.263399988 0.947899997
vn -0.324999988 0.524200022 0.787100017
vn -0.324000001 0.490999997 0.808600008
vn -0.231900007 0.32069999 0.918299973
vn -0.00490000006 -0.00710000005 0.999899983
vn -0.00659999996 -0.00719999988 0.999899983
vn 0.00260000001 -0.0223999992 0.99970001
vn 0.00219999999 -0.0182000007 0.999800026
vn 0.0727000013 -0.121100001 0.99000001
vn 0.0857999995 -0.153799996 0.984300017
vn -0.0741000026 0.694899976 0.715200007
vn -0.0747999996 0.74150002 0.666700006
vn -0.0803999975 0.750500023 0.656000018
vn -0.0771000013 0.703199983 0.706700027
vn -0.0725999996 0.648800015 0.757499993
vn -0.0727000013 0.638100028 0.766499996
vn -0.0724000037 0.634800017 0.769200027
vn -0.0703999996 0.696399987 0.714100003
vn -0.0681999996 0.742200017 0.666700006
vn -0.0698999986 0.5801 0.811500013
vn -0.0672999993 0.593999982 0.801599979
vn -0.060899999 0.558200002 0.827400029
vn -0.0656000003 0.540700018 0.83859998
vn -0.0684999973 0.52700001 0.847100019
vn -0.0716999993 0.570900023 0.817799985
vn -0.0666999966 0.616599977 0.784399986
vn -0.056499999 0.586099982 0.808200002
vn -0.0672999993 0.593999982 0.801599979
vn -0.0725999996 0.648800015 0.757499993
vn -0.0750999972 0.668799996 0.739600003
vn -0.0807000026 0.70389998 0.705600023
vn -0.0684999973 0.657800019 0.750100017
vn -0.0527000017 0.636300027 0.769599974
vn -0.0822999999 0.721499979 0.687399983
vn -0.0771000013 0.703199983 0.706700027
vn -0.0874999985 0.76880002 0.63349998
vn -0.0966000035 0.797999978 0.594799995
vn -0.0901999995 0.752300024 0.65259999
vn -0.136899993 0.903699994 0.405699998
vn -0.143099993 0.926800013 0.347299993
vn -0.1646 0.953999996 0.250400007
vn -0.161500007 0.93900001 0.30340001
vn -0.152500004 0.932099998 0.328500003
vn -0.123599999 0.893299997 0.432099998
vn -0.102700002 0.829200029 0.549300015
vn -0.1162 0.851800025 0.510699987
vn -0.123300001 0.885200024 0.448599994
vn -0.108000003 0.879700005 0.463099986
vn -0.143800005 0.91900003 0.367000014
vn -0.136099994 0.896399975 0.421799988
vn -0.0923999995 0.863200009 0.496300012
vn -0.0647 0.799099982 0.5977
vn -0.0851999968 0.808300018 0.582499981
vn -0.100500003 0.797399998 0.595000029
vn -0.1074 0.838800013 0.533699989
vn -0.123300001 0.885200024 0.448599994
vn -0.1162 0.851800025 0.510699987
vn -0.102700002 0.829200029 0.549300015
vn -0.0886999965 0.759599984 0.644200027
vn -0.0807000026 0.70389998 0.705600023
vn -0.0901999995 0.752300024 0.65259999
vn -0.0966000035 0.797999978 0.594799995
vn -0.0729999989 0.725300014 0.684499979
vn -0.0851999968 0.808300018 0.582499981
vn -0.0647 0.799099982 0.5977
vn -0.0524999984 0.714100003 0.698000014
vn -0.0527000017 0.636300027 0.769599974
vn -0.0684999973 0.657800019 0.750100017
vn -0.332700014 0.864499986 0.376800001
vn -0.341300011 0.823000014 0.453999996
vn -0.292800009 0.859099984 0.419800013
vn -0.28490001 0.894999981 0.343199998
vn -0.275999993 0.922200024 0.270599991
vn -0.321999997 0.897199988 0.302300006
vn -0.364100009 0.868200004 0.337199986
vn -0.374799997 0.829599977 0.413700014
vn -0.382299989 0.785000026 0.487399995
vn -0.31310001 0.917400002 0.245499998
vn -0.268599987 0.938600004 0.216700003
vn -0.261200011 0.949999988 0.1708
vn -0.304899991 0.931400001 0.199000001
vn -0.346799999 0.909799993 0.228100002
vn -0.354799986 0.893299997 0.275599986
vn -0.245199993 0.914300025 0.3222
vn -0.251800001 0.884000003 0.393700004
vn -0.219300002 0.898599982 0.380100012
vn -0.214900002 0.924899995 0.313600004
vn -0.210299999 0.944899976 0.250800014
vn -0.238299996 0.937699974 0.252600014
vn -0.275999993 0.922200024 0.270599991
vn -0.28490001 0.894999981 0.343199998
vn -0.292800009 0.859099984 0.419800013
vn -0.232600003 0.951799989 0.199900001
vn -0.207200006 0.957099974 0.202399999
vn -0.202600002 0.967000008 0.154300004
vn -0.226199999 0.961899996 0.153400004
vn -0.261200011 0.949999988 0.1708
vn -0.268599987 0.938600004 0.216700003
vn -0.183300003 0.929099977 0.321200013
vn -0.183200002 0.904399991 0.38530001
vn -0.143800005 0.91900003 0.367000014
vn -0.152500004 0.932099998 0.328500003
vn -0.183599994 0.945200026 0.270000011
vn -0.210299999 0.944899976 0.250800014
vn -0.214900002 0.924899995 0.313600004
vn -0.185800001 0.954400003 0.233400002
vn -0.161500007 0.93900001 0.30340001
vn -0.1646 0.953999996 0.250400007
vn -0.184400007 0.965600014 0.183400005
vn -0.207200006 0.957099974 0.202399999
vn -0.403100014 0.858699977 0.316399992
vn -0.393000007 0.880299985 0.265700012
vn -0.467000008 0.796700001 0.383599997
vn -0.475899994 0.758599997 0.444900006
vn -0.412200004 0.827000022 0.382200003
vn -0.364100009 0.868200004 0.337199986
vn -0.354799986 0.893299997 0.275599986
vn -0.346799999 0.909799993 0.228100002
vn -0.419400007 0.783699989 0.458000004
vn -0.476099998 0.715600014 0.511099994
vn -0.422300011 0.74000001 0.523500025
vn -0.382299989 0.785000026 0.487399995
vn -0.374799997 0.829599977 0.413700014
vn -0.0719000027 0.564499974 0.822300017
vn -0.0691 0.514299989 0.854799986
vn -0.0658999979 0.502699971 0.861899972
vn -0.068599999 0.559099972 0.826200008
vn -0.0683000013 0.639800012 0.765500009
vn -0.0711999983 0.636900008 0.7676
vn -0.0724000037 0.634800017 0.769200027
vn -0.0716999993 0.570900023 0.817799985
vn -0.0684999973 0.52700001 0.847100019
vn -0.0671999976 0.70539999 0.705600023
vn -0.0650999993 0.714600027 0.696399987
vn -0.061999999 0.758099973 0.649200022
vn -0.0631999969 0.75 0.658399999
vn -0.0681999996 0.742200017 0.666700006
vn -0.0703999996 0.696399987 0.714100003
vn -0.0632999986 0.554099977 0.829999983
vn -0.0604999997 0.493499994 0.867600024
vn -0.0557000004 0.487800002 0.871100008
vn -0.0577999987 0.549799979 0.833299994
vn -0.059799999 0.637000024 0.768599987
vn -0.064199999 0.639800012 0.765799999
vn -0.0683000013 0.639800012 0.765500009
vn -0.068599999 0.559099972 0.826200008
vn -0.063500002 0.718299985 0.692799985
vn -0.0614 0.716600001 0.694800019
vn -0.063000001 0.758300006 0.648899972
vn -0.0627999976 0.760800004 0.645900011
vn -0.0650999993 0.714600027 0.696399987
vn -0.0397999994 0.440400004 0.896899998
vn -0.0210999995 0.402799994 0.915000021
vn -0.0280000009 0.361400008 0.931999981
vn -0.0450000018 0.405900002 0.912800014
vn -0.0560999997 0.449099988 0.891700029
vn -0.0518999994 0.475499988 0.878099978
vn -0.0430000015 0.504999995 0.861999989
vn -0.0296 0.476900011 0.878400028
vn -0.0104 0.445499986 0.895200014
vn -0.0599999987 0.507300019 0.859600008
vn -0.0634000003 0.488099992 0.870400012
vn -0.0656000003 0.540700018 0.83859998
vn -0.060899999 0.558200002 0.827400029
vn -0.0529999994 0.530099988 0.846199989
vn -0.0120999999 0.519900024 0.854099989
vn 0.0104 0.491699994 0.870700002
vn -0.0293000005 0.544399977 0.83829999
vn -0.0114000002 0.608299971 0.793600023
vn 0.0133999996 0.586199999 0.810000002
vn 0.0460000001 0.560599983 0.826799989
vn -0.0439000018 0.564499974 0.824199975
vn -0.056499999 0.586099982 0.808200002
vn -0.0527000017 0.636300027 0.769599974
vn -0.0333000012 0.624000013 0.780700028
vn -0.0549999997 0.81220001 0.580799997
vn -0.0439000018 0.814899981 0.577899992
vn 0.0305000003 0.767199993 0.640699983
vn -0.00039999999 0.768100023 0.640299976
vn -0.0230999999 0.779200017 0.626399994
vn -0.0659999996 0.825600028 0.560299993
vn -0.121200003 0.840499997 0.528100014
vn -0.117899999 0.815699995 0.566200018
vn -0.0780000016 0.845899999 0.527499974
vn -0.0434999987 0.792699993 0.608099997
vn -0.0923999995 0.863200009 0.496300012
vn -0.136099994 0.896399975 0.421799988
vn -0.128000006 0.869799972 0.476399988
vn 0.0262000002 0.680999994 0.73180002
vn 0.0665000007 0.665199995 0.743700027
vn 0.0133999996 0.586199999 0.810000002
vn -0.0114000002 0.608299971 0.793600023
vn -0.00310000009 0.697600007 0.716499984
vn -0.0230999999 0.779200017 0.626399994
vn -0.00039999999 0.768100023 0.640299976
vn 0.0305000003 0.767199993 0.640699983
vn -0.0285999998 0.709800005 0.703800023
vn -0.0333000012 0.624000013 0.780700028
vn -0.0524999984 0.714100003 0.698000014
vn -0.0647 0.799099982 0.5977
vn -0.0434999987 0.792699993 0.608099997
vn -0.340900004 0.668799996 0.660700023
vn -0.329600006 0.574000001 0.749599993
vn -0.298999995 0.701300025 0.647099972
vn -0.301200002 0.773999989 0.556900024
vn -0.347200006 0.735899985 0.58130002
vn -0.386700004 0.695200026 0.60589999
vn -0.381799996 0.632600009 0.673799992
vn -0.367199987 0.549799979 0.75029999
vn -0.345999986 0.779799998 0.521700025
vn -0.298500001 0.819100022 0.489800006
vn -0.292800009 0.859099984 0.419800013
vn -0.341300011 0.823000014 0.453999996
vn -0.382299989 0.785000026 0.487399995
vn -0.385600001 0.740400016 0.550499976
vn -0.262899995 0.732299984 0.628199995
vn -0.274399996 0.645900011 0.712400019
vn -0.240500003 0.703599989 0.668600023
vn -0.225400001 0.764900029 0.603399992
vn -0.222599998 0.823000014 0.522599995
vn -0.260699987 0.80250001 0.536599994
vn -0.301200002 0.773999989 0.556900024
vn -0.298999995 0.701300025 0.647099972
vn -0.299400002 0.602800012 0.739600003
vn -0.257299989 0.84829998 0.462799996
vn -0.221799999 0.86619997 0.447600007
vn -0.219300002 0.898599982 0.380100012
vn -0.251800001 0.884000003 0.393700004
vn -0.292800009 0.859099984 0.419800013
vn -0.298500001 0.819100022 0.489800006
vn -0.178200006 0.79549998 0.579100013
vn -0.190300003 0.762499988 0.618300021
vn -0.121799998 0.805800021 0.57950002
vn -0.117899999 0.815699995 0.566200018
vn -0.121200003 0.840499997 0.528100014
vn -0.177499995 0.836499989 0.518299997
vn -0.222599998 0.823000014 0.522599995
vn -0.225400001 0.764900029 0.603399992
vn -0.180700004 0.874000013 0.451000005
vn -0.128000006 0.869799972 0.476399988
vn -0.136099994 0.896399975 0.421799988
vn -0.183200002 0.904399991 0.38530001
vn -0.221799999 0.86619997 0.447600007
vn -0.413899988 0.595099986 0.688799977
vn -0.401199996 0.526300013 0.74970001
vn -0.367199987 0.549799979 0.75029999
vn -0.381799996 0.632600009 0.673799992
vn -0.386700004 0.695200026 0.60589999
vn -0.419099987 0.652499974 0.631299973
vn -0.453299999 0.602599978 0.656799972
vn -0.440400004 0.558000028 0.703299999
vn -0.421400011 0.697799981 0.579200029
vn -0.385600001 0.740400016 0.550499976
vn -0.422300011 0.74000001 0.523500025
vn -0.463 0.641300023 0.611800015
vn -0.0465999991 0.374599993 0.925999999
vn -0.0315999985 0.324999988 0.945200026
vn -0.0313999988 0.295300007 0.954900026
vn -0.0445999987 0.347799987 0.936500013
vn -0.0540000014 0.401899993 0.914099991
vn -0.0568000004 0.424199998 0.903800011
vn -0.0560999997 0.449099988 0.891700029
vn -0.0450000018 0.405900002 0.912800014
vn -0.064000003 0.469599992 0.880599976
vn -0.060899999 0.452300012 0.889699996
vn -0.0658999979 0.502699971 0.861899972
vn -0.0691 0.514299989 0.854799986
vn -0.0684999973 0.52700001 0.847100019
vn -0.0634000003 0.488099992 0.870400012
vn -0.0412000008 0.326900005 0.944100022
vn -0.0498000011 0.38440001 0.921800017
vn -0.0540000014 0.401899993 0.914099991
vn -0.0445999987 0.347799987 0.936500013
vn -0.0294000003 0.272799999 0.961600006
vn -0.0394000001 0.312299997 0.949199975
vn -0.0476000011 0.372799993 0.926699996
vn -0.0560999997 0.439099997 0.896700025
vn -0.0604999997 0.493499994 0.867600024
vn -0.060899999 0.452300012 0.889699996
vn -0.0527000017 0.430999994 0.90079999
vn -0.0557000004 0.487800002 0.871100008
vn 0.0171000008 -0.0366999991 0.999199986
vn 0.0178999994 -0.057599999 0.998199999
vn 0.0395000018 -0.0408999994 0.998399973
vn 0.0460000001 -0.00949999969 0.998899996
vn 0.0566999987 0.0156999994 0.998300016
vn 0.0176999997 -0.0259000007 0.999499977
vn -0.0870999992 -0.130899996 0.987500012
vn -0.0927999988 -0.128199995 0.987399995
vn -0.0979000032 -0.133100003 0.986199975
vn 0.159099996 0.0883999988 0.983299971
vn 0.170000002 0.0461000018 0.984300017
vn 0.298799992 0.118000001 0.947000027
vn 0.250400007 0.148800001 0.95660001
vn 0.298999995 0.445100009 0.844099998
vn 0.167400002 0.124799997 0.977900028
vn 0.228499994 0.105499998 0.967800021
vn 0.153400004 0.0220999997 0.987900019
vn 0.116599999 0.194100007 0.973999977
vn 0.180299997 0.32280001 0.929099977
vn 0.298999995 0.445100009 0.844099998
vn 0.250400007 0.148800001 0.95660001
vn 0.298799992 0.118000001 0.947000027
vn 0.280800015 0.0890000015 0.955600023
vn 0.191400006 0.0172000006 0.981400013
vn -0.072800003 0.993399978 0.0887999982
vn -0.072300002 0.989300013 0.126499996
vn -0.0835999995 0.987600029 0.132699996
vn -0.0802000016 0.995700002 0.0467000008
vn -0.0693999976 0.996999979 -0.0328000002
vn -0.0662999973 0.997500002 0.0223999992
vn -0.0719000027 0.995899975 -0.0549000017
vn -0.0817999989 0.995999992 0.0342000015
vn -0.0571999997 0.992699981 -0.105700001
vn -0.0494000018 0.987600029 -0.148499995
vn -0.0443000011 0.985099971 -0.166299999
vn -0.0615000017 0.992299974 -0.106899999
vn -0.0584000014 0.998099983 0.0186000001
vn -0.0571999997 0.997699976 -0.0357999988
vn -0.0452000014 0.998600006 -0.0252
vn -0.0502000004 0.998399973 0.0259000007
vn -0.0494999997 0.992999971 -0.106700003
vn -0.0381999984 0.985499978 -0.165199995
vn -0.0328000002 0.986400008 -0.160999998
vn -0.0384000018 0.994499981 -0.0974000022
vn -0.063000001 0.930700004 0.360199988
vn -0.0577000007 0.941999972 0.33070001
vn -0.0661000013 0.747300029 0.661199987
vn -0.0698999986 0.742299974 0.666400015
vn -0.0535999984 0.955600023 0.289799988
vn -0.0520000011 0.965399981 0.255699992
vn -0.063000001 0.758300006 0.648899972
vn -0.0634000003 0.753000021 0.654900014
vn -0.0174000002 0.200599998 0.979499996
vn -0.0284000002 0.233899996 0.971800029
vn -0.0277999993 0.239099994 0.970600009
vn -0.0159000009 0.205300003 0.978500009
vn -0.000199999995 0.0286999997 0.999599993
vn 0.000500000024 0.0291000009 0.999599993
vn -0.0148999998 0.211799994 0.977199972
vn -0.0275999997 0.246299997 0.968800008
vn -0.0281000007 0.256999999 0.966000021
vn -0.0148 0.221699998 0.975000024
vn -0.00100000005 0.0104999999 0.999899983
vn -0.000899999985 0.0223999992 0.99970001
vn -0.0485000014 0.542100012 0.83890003
vn -0.0542000011 0.62470001 0.778999984
vn -0.0533000007 0.628499985 0.776000023
vn -0.0487000011 0.543799996 0.837800026
vn -0.0478999987 0.484299988 0.873600006
vn -0.0472000018 0.484499991 0.87349999
vn -0.0518999994 0.546299994 0.836000025
vn -0.0549999997 0.632700026 0.772400022
vn -0.059799999 0.637000024 0.768599987
vn -0.0577999987 0.549799979 0.833299994
vn -0.0557000004 0.487800002 0.871100008
vn -0.0509000011 0.485100001 0.873000026
vn -0.0627000034 0.702400029 0.708999991
vn -0.0698999986 0.742299974 0.666400015
vn -0.0661000013 0.747300029 0.661199987
vn -0.0601000004 0.707300007 0.704299986
vn -0.0533000007 0.628499985 0.776000023
vn -0.0593999997 0.712199986 0.699400008
vn -0.0634000003 0.753000021 0.654900014
vn -0.063000001 0.758300006 0.648899972
vn -0.0614 0.716600001 0.694800019
vn -0.0502000004 0.427399993 0.90259999
vn -0.0527000017 0.430999994 0.90079999
vn -0.0476000011 0.372799993 0.926699996
vn -0.0467000008 0.36590001 0.929499984
vn -0.0458999984 0.361799985 0.931100011
vn -0.0483999997 0.426400006 0.903199971
vn -0.0478999987 0.484299988 0.873600006
vn -0.0509000011 0.485100001 0.873000026
vn -0.0557000004 0.487800002 0.871100008
vn -0.0478000008 0.426499993 0.903199971
vn -0.0454999991 0.358999997 0.932200015
vn -0.0472000018 0.484499991 0.87349999
vn -0.0388000011 0.302300006 0.952400029
vn -0.0394000001 0.312299997 0.949199975
vn -0.0281000007 0.256999999 0.966000021
vn -0.0275999997 0.246299997 0.968800008
vn -0.0277999993 0.239099994 0.970600009
vn -0.0384999998 0.295399994 0.954599977
vn -0.0384000018 0.290199995 0.956200004
vn -0.0284000002 0.233899996 0.971800029
vn 0.0287999995 -0.174899995 0.984200001
vn 0.0222999994 -0.258399993 0.965799987
vn 0.0504000001 -0.250800014 0.966700017
vn 0.0531000011 -0.172999993 0.983500004
vn 0.0425999984 -0.0711999983 0.996500015
vn 0.0270000007 -0.0687000006 0.997300029
vn 0.0142999999 -0.0669 0.997699976
vn 0.00960000046 -0.175099999 0.984499991
vn 0.00079999998 -0.261900008 0.96509999
vn 0.0230999999 -0.0542000011 0.998300016
vn 0.00499999989 -0.0579999983 0.998300016
vn 0.00260000001 -0.0533999987 0.998600006
vn 0.0229000002 -0.0456000008 0.998700023
vn 0.0425999984 -0.0711999983 0.996500015
vn 0.0381999984 -0.0804999992 0.995999992
vn -0.0401000008 0.0452999994 0.998099983
vn 0.0181000009 -0.0615999997 0.997900009
vn 0.0500000007 -0.168400005 0.984399974
vn 0.0381999984 -0.0804999992 0.995999992
vn 0.0425999984 -0.0711999983 0.996500015
vn 0.0531000011 -0.172999993 0.983500004
vn 0.0504000001 -0.250800014 0.966700017
vn 0.0502000004 -0.236200005 0.970399976
vn 0.0092000002 -0.200399995 0.979600012
vn -0.0625 -0.0103000002 0.998000026
vn -0.0401000008 0.0452999994 0.998099983
vn -0.764100015 -0.249699995 0.594699979
vn -0.734200001 -0.318599999 0.599399984
vn -0.946099997 -0.323799998 -0.00630000001
vn -0.973800004 -0.226999998 0.00689999992
vn -0.980700016 -0.194600001 0.0163000003
vn -0.774999976 -0.2245 0.590600014
vn -0.152999997 -0.147799999 0.977100015
vn -0.773699999 -0.231099993 0.589900017
vn -0.155900002 -0.149800003 0.976300001
vn -0.977999985 -0.207699999 0.0196000002
vn -0.975099981 -0.220899999 0.0197999999
vn -0.768899977 -0.238100007 0.593400002
vn -0.143999994 -0.148800001 0.978299975
vn -0.694400012 -0.396499991 0.600499988
vn -0.1109 -0.142299995 0.98360002
vn -0.0979000032 -0.133100003 0.986199975
vn -0.646000028 -0.462900013 0.606999993
vn -0.840399981 -0.541599989 -0.0178999994
vn -0.898800015 -0.43810001 -0.0164000001
vn -0.946099997 -0.323799998 -0.00630000001
vn -0.734200001 -0.318599999 0.599399984
vn -0.127399996 -0.146699995 0.98089999
vn -0.296400011 -0.738099992 0.606100023
vn -0.0799999982 -0.141800001 0.986599982
vn -0.0557000004 -0.154300004 0.986400008
vn -0.171800002 -0.773800015 0.609700024
vn -0.194800004 -0.980799973 0
vn -0.354299992 -0.935100019 0
vn -0.469000012 -0.883099973 0
vn -0.376300007 -0.695100009 0.612500012
vn -0.0820000023 -0.132300004 0.987800002
vn -0.0156999994 -0.795000017 0.606400013
vn -0.0211999994 -0.164499998 0.986100018
vn 0.00939999986 -0.166099995 0.986100018
vn 0.121299997 -0.787599981 0.604099989
vn 0.169100001 -0.985599995 0
vn -0.000199999995 -1 0
vn -0.194800004 -0.980799973 0
vn -0.171800002 -0.773800015 0.609700024
vn -0.0557000004 -0.154300004 0.986400008
vn 0.238199994 -0.761699975 0.602500021
vn 0.0362000018 -0.162699997 0.986000001
vn 0.0623000003 -0.157100007 0.985599995
vn 0.341300011 -0.72359997 0.599900007
vn 0.437099993 -0.899399996 0
vn 0.312400013 -0.949899971 0
vn 0.169100001 -0.985599995 0
vn 0.121299997 -0.787599981 0.604099989
vn 0.00939999986 -0.166099995 0.986100018
vn 0.421600014 -0.686500013 0.592400014
vn 0.0857999995 -0.153799996 0.984300017
vn 0.424699992 -0.628199995 0.651899993
vn 0.566399992 -0.824100018 0
vn 0.531099975 -0.847299993 0
vn 0.437099993 -0.899399996 0
vn 0.341300011 -0.72359997 0.599900007
vn 0.0623000003 -0.157100007 0.985599995
vn -0.596899986 -0.524500012 0.60710001
vn -0.772000015 -0.635500014 -0.0116999997
vn -0.840399981 -0.541599989 -0.0178999994
vn -0.646000028 -0.462900013 0.606999993
vn -0.0979000032 -0.133100003 0.986199975
vn -0.0927999988 -0.128199995 0.987399995
vn -0.0870999992 -0.130899996 0.987500012
vn -0.549499989 -0.575999975 0.605199993
vn -0.706900001 -0.707300007 -0.00430000015
vn 0.0533000007 -0.165700004 0.984700024
vn 0.0571999997 -0.186000004 0.98089999
vn 0.0487000011 -0.209199995 0.976700008
vn 0.0417000018 -0.212599993 0.976199985
vn 0.0232999995 0.0869999975 0.995899975
vn 0.0355000012 0.145099998 0.988799989
vn 0.0476999991 0.190799996 0.980400026
vn 0.060899999 -0.163800001 0.984600008
vn 0.0621999986 -0.182699993 0.98119998
vn 0.0300999992 -0.263799995 0.964100003
vn 0.0125000002 0.0346000008 0.999300003
vn 0.0232999995 0.0869999975 0.995899975
vn 0.0417000018 -0.212599993 0.976199985
vn 0.0487000011 -0.209199995 0.976700008
vn 0.0383000001 -0.245100006 0.968699992
vn 0.0236000009 -0.280099988 0.959699988
vn 0.0192000009 -0.296799988 0.954699993
vn 0.00540000014 0.00359999994 1
vn 0.0102000004 -0.298700005 0.954299986
vn 0.000899999985 -0.000600000028 1
vn 0.00939999986 -0.301200002 0.953499973
vn 0.00249999994 -0.307399988 0.951600015
vn 0.00650000013 -0.279399991 0.960099995
vn -0.00100000005 0.0104999999 0.999899983
vn 0.131400004 0.651600003 0.747099996
vn 0.180299997 0.32280001 0.929099977
vn 0.116599999 0.194100007 0.973999977
vn 0.0795999989 0.488599986 0.868799984
vn 0.0719000027 0.2852 0.95569998
vn 0.113399997 0.385800004 0.915600002
vn 0.2377 0.439999998 0.86589998
vn 0.416799992 0.712000012 0.565100014
vn 0.298999995 0.445100009 0.844099998
vn -0.1303 0.158800006 0.978699982
vn -0.0931999981 -0.0447999984 0.994599998
vn -0.0615999997 0.00200000009 0.998099983
vn -0.0982000008 0.2271 0.968900025
vn -0.0401000008 0.0452999994 0.998099983
vn -0.0625 -0.0103000002 0.998000026
vn 0.0092000002 -0.200399995 0.979600012
vn 0.0754000023 -0.231299996 0.969900012
vn 0.130999997 0.0137999998 0.991299987
vn -0.00139999995 0.0274 0.999599993
vn 0.0190999992 -0.250499994 0.967899978
vn 0.0296999998 -0.323199987 0.945900023
vn 0.00389999989 -0.330199987 0.943899989
vn -0.0154999997 -0.330199987 0.943799973
vn 0.1479 -0.204999998 0.967499971
vn 0.110799998 0.144500002 0.983299971
vn 0.00810000021 -0.2579 0.966099977
vn -0.000899999985 0.0223999992 0.99970001
vn -0.00100000005 0.0104999999 0.999899983
vn 0.00650000013 -0.279399991 0.960099995
vn 0.00249999994 -0.307399988 0.951600015
vn 0.00350000011 -0.30399999 0.952600002
vn 0.0164000001 -0.302399993 0.953000009
vn 0.0147000002 -0.245900005 0.969200015
vn -0.000199999995 0.0286999997 0.999599993
vn 0.0217000004 -0.246000007 0.968999982
vn 0.000500000024 0.0291000009 0.999599993
vn -0.000199999995 0.0286999997 0.999599993
vn 0.0147000002 -0.245900005 0.969200015
vn 0.0164000001 -0.302399993 0.953000009
vn 0.0315999985 -0.310799986 0.949899971
vn 0.0296999998 -0.323199987 0.945900023
vn 0.0190999992 -0.250499994 0.967899978
vn -0.00139999995 0.0274 0.999599993
vn 0.0108000003 -0.277200013 0.960699975
vn 0.00389999989 -0.330199987 0.943899989
vn 0.0296999998 -0.323199987 0.945900023
vn 0.0388999991 -0.2667 0.963
vn -0.0100999996 -0.280800015 0.959699988
vn 0.00980000012 -0.0141000003 0.999800026
vn 0.0551000014 0.0472000018 0.997300029
vn 0.0271000005 0.0691 0.997200012
vn -0.0115999999 -0.00170000002 0.999899983
vn -0.0820000023 -0.132300004 0.987800002
vn -0.0782999992 -0.129600003 0.988399982
vn 0.153799996 0.171499997 0.973100007
vn 0.429500014 0.458099991 0.778199971
vn 0.154100001 0.3486 0.924499989
vn 0.1184 0.293199986 0.948700011
vn 0.0590999983 -0.106399998 0.992600024
vn 0.0544000007 0.219799995 0.973999977
vn 0.0500999987 0.211899996 0.976000011
vn 0.0544999987 -0.121299997 0.991100013
vn 0.0487000011 -0.209199995 0.976700008
vn 0.0571999997 -0.186000004 0.98089999
vn 0.0621999986 -0.182699993 0.98119998
vn 0.0697999969 -0.0861999989 0.993799984
vn 0.0719000027 0.2852 0.95569998
vn 0.0478999987 -0.149599999 0.987500012
vn 0.0383000001 -0.245100006 0.968699992
vn 0.0487000011 -0.209199995 0.976700008
vn 0.0544999987 -0.121299997 0.991100013
vn 0.0500999987 0.211899996 0.976000011
vn 0.0401000008 0.204999998 0.977900028
vn 0.00219999999 0.175699994 0.984399974
vn 0.0300999992 -0.185100004 0.982200027
vn 0.0236000009 -0.280099988 0.959699988
vn 0.0100999996 -0.214599997 0.976599991
vn 0.00939999986 -0.301200002 0.953499973
vn -0.0397000015 0.111900002 0.992900014
vn -0.0615999997 0.00200000009 0.998099983
vn -0.0027999999 -0.232099995 0.9727
vn 0.00249999994 -0.307399988 0.951600015
vn 0.0869000033 -0.0384999998 0.995500028
vn 0.0753000006 -0.204899997 0.975899994
vn 0.248500004 -0.0592 0.966799974
vn 0.316199988 0.274599999 0.907999992
vn 0.0697999969 -0.0861999989 0.993799984
vn 0.0621999986 -0.182699993 0.98119998
vn -0.0115999999 -0.231700003 0.9727
vn 0.00350000011 -0.30399999 0.952600002
vn 0.00249999994 -0.307399988 0.951600015
vn -0.0027999999 -0.232099995 0.9727
vn -0.0615999997 0.00200000009 0.998099983
vn -0.0931999981 -0.0447999984 0.994599998
vn 0.0137 -0.235400006 0.971800029
vn 0.0164000001 -0.302399993 0.953000009
vn 0.0390000008 -0.25060001 0.967299998
vn 0.0315999985 -0.310799986 0.949899971
vn 0.0502000004 -0.236200005 0.970399976
vn 0.0504000001 -0.250800014 0.966700017
vn 0.0388999991 -0.2667 0.963
vn -0.46509999 -0.632000029 0.619899988
vn -0.0782999992 -0.129600003 0.988399982
vn -0.0820000023 -0.132300004 0.987800002
vn -0.376300007 -0.695100009 0.612500012
vn -0.469000012 -0.883099973 0
vn -0.602900028 -0.797800004 -0.000699999975
vn 0.551800013 0.55369997 0.623600006
vn 0.316199988 0.274599999 0.907999992
vn 0.248500004 -0.0592 0.966799974
vn 0.393299997 0.217600003 0.893299997
vn 0.154100001 0.3486 0.924499989
vn 0.429500014 0.458099991 0.778199971
vn 0.0833000019 -0.222599998 0.971300006
vn 0.060899999 -0.163800001 0.984600008
vn 0.0476999991 0.190799996 0.980400026
vn 0.0666000023 0.191 0.979300022
vn 0.154100001 0.3486 0.924499989
vn 0.393299997 0.217600003 0.893299997
vn 0.248500004 -0.0592 0.966799974
vn 0.0753000006 -0.204899997 0.975899994
vn 0.0621999986 -0.182699993 0.98119998
vn -0.0666999966 0.304199994 0.950200021
vn -0.0155999996 0.374599993 0.927100003
vn 0.0192000009 0.100100003 0.994799972
vn -0.0120000001 0.0731000006 0.997200012
vn -0.0401000008 0.0452999994 0.998099983
vn -0.0982000008 0.2271 0.968900025
vn 0.0296 0.401800007 0.915199995
vn 0.0419999994 0.393299997 0.91839999
vn 0.0533000007 0.107900001 0.992699981
vn 0.0463000014 0.112800002 0.992500007
vn 0.0498000011 0.396600008 0.916599989
vn 0.0653000027 0.119099997 0.990700006
vn 0.0533000007 0.107900001 0.992699981
vn 0.0419999994 0.393299997 0.91839999
vn 0.0795999989 0.488599986 0.868799984
vn 0.116599999 0.194100007 0.973999977
vn -0.974300027 -0.224999994 0.00810000021
vn -0.946699977 -0.321999997 -0.00749999983
vn -0.948099971 -0.317900002 -0.00730000017
vn -0.975099981 -0.221699998 0.00870000012
vn -0.98119998 -0.192000002 0.0197000001
vn -0.981000006 -0.193000004 0.0190999992
vn -0.976300001 -0.215299994 0.0229000002
vn -0.979399979 -0.200299993 0.0231999997
vn -0.968999982 -0.245900005 0.0236000009
vn -0.971199989 -0.237000003 0.023
vn -0.899200022 -0.437099993 -0.0197000001
vn -0.898800015 -0.43810001 -0.0164000001
vn -0.840399981 -0.541599989 -0.0178999994
vn -0.839999974 -0.542100012 -0.0218000002
vn -0.840900004 -0.540600002 -0.0225000009
vn -0.9005 -0.434300005 -0.0200999994
vn -0.948099971 -0.317900002 -0.00730000017
vn -0.946699977 -0.321999997 -0.00749999983
vn -0.946099997 -0.323799998 -0.00630000001
vn -0.354299992 -0.935100019 0
vn -0.354299992 -0.935100019 0
vn -0.194800004 -0.980799973 0
vn -0.194800004 -0.980799973 0
vn -0.193200007 -0.981100023 0
vn -0.353399992 -0.935500026 0
vn -0.468699992 -0.883300006 0
vn -0.469000012 -0.883099973 0
vn -0.469000012 -0.883099973 0
vn -0.000199999995 -1 0
vn -0.000199999995 -1 0
vn 0.169100001 -0.985599995 0
vn 0.169100001 -0.985599995 0
vn 0.170000002 -0.985400021 0
vn 0.00100000005 -1 0
vn -0.193200007 -0.981100023 0
vn -0.194800004 -0.980799973 0
vn -0.194800004 -0.980799973 0
vn 0.312400013 -0.949899971 0
vn 0.312400013 -0.949899971 0
vn 0.437099993 -0.899399996 0
vn 0.437099993 -0.899399996 0
vn 0.437599987 -0.899100006 0
vn 0.312999994 -0.949699998 0
vn 0.170000002 -0.985400021 0
vn 0.169100001 -0.985599995 0
vn 0.169100001 -0.985599995 0
vn 0.531099975 -0.847299993 0
vn 0.531099975 -0.847299993 0
vn 0.566399992 -0.824100018 0
vn 0.566399992 -0.824100018 0
vn 0.529900014 -0.84799999 0
vn 0.437599987 -0.899100006 0
vn 0.437099993 -0.899399996 0
vn 0.437099993 -0.899399996 0
vn -0.770699978 -0.637000024 -0.0144999996
vn -0.770699978 -0.637000024 -0.0149999997
vn -0.840900004 -0.540600002 -0.0225000009
vn -0.839999974 -0.542100012 -0.0218000002
vn -0.840399981 -0.541599989 -0.0178999994
vn -0.772000015 -0.635500014 -0.0116999997
vn -0.705799997 -0.708400011 -0.00540000014
vn -0.705500007 -0.708599985 -0.0055999998
vn -0.602500021 -0.798099995 -0.000899999985
vn -0.602900028 -0.797800004 -0.000699999975
vn -0.469000012 -0.883099973 0
vn -0.469000012 -0.883099973 0
vn -0.468699992 -0.883300006 0
vn -0.602900028 -0.797800004 -0.000899999985
vn -0.271800011 0.941699982 0.197999999
vn -0.2755 0.939899981 0.201700002
vn -0.275400013 0.939800024 0.202000007
vn -0.273299992 0.941200018 0.198799998
vn -0.261700004 0.945500016 0.193399996
vn -0.258700013 0.94660002 0.192399994
vn -0.257999986 0.946799994 0.192399994
vn -0.271299988 0.941900015 0.197999999
vn -0.275099993 0.939999998 0.2016
vn -0.270300001 0.942099988 0.198100001
vn -0.274199992 0.940299988 0.2016
vn -0.256599993 0.947099984 0.192499995
vn -0.255199999 0.94749999 0.192699999
vn -0.269400001 0.942399979 0.198100001
vn -0.273400009 0.940500021 0.2016
vn -0.274699986 0.939800024 0.203299999
vn -0.274300009 0.939899981 0.203199998
vn -0.274300009 0.939800024 0.203600004
vn -0.274599999 0.939700007 0.203700006
vn -0.274699986 0.939700007 0.203700006
vn -0.274800003 0.939800024 0.203299999
vn -0.273499995 0.940199971 0.203099996
vn -0.272700012 0.940400004 0.203099996
vn -0.272700012 0.940299988 0.203500003
vn -0.273400009 0.940100014 0.203400001
vn -0.00310000009 0.994499981 -0.104199998
vn 0.0364999995 0.990499973 -0.132599995
vn 0.023 0.994099975 -0.105400003
vn -0.0190999992 0.997099996 -0.0736000016
vn -0.0555000007 0.997300029 -0.0489999987
vn -0.0549999997 0.995000005 -0.0830999985
vn -0.0487999991 0.994099975 -0.0961999968
vn 0.0182000007 0.99059999 -0.135399997
vn 0.0408999994 0.987399995 -0.153099999
vn -0.0476999991 0.997900009 -0.0439000018
vn -0.0190999992 0.997900009 -0.0612999983
vn -0.0697999969 0.997399986 -0.0148999998
vn -0.0719999969 0.997099996 -0.0241999999
vn -0.056499999 0.997399986 -0.0436999984
vn -0.0566999987 0.997500002 -0.0428000018
vn -0.0351000018 0.943499982 0.329400003
vn -0.0405000001 0.947300017 0.317699999
vn -0.0397000015 0.947300017 0.317799985
vn -0.0342000015 0.943499982 0.32949999
vn -0.0331000015 0.944899976 0.325500011
vn -0.0318999998 0.944999993 0.325399995
vn -0.0307 0.945100009 0.325199991
vn -0.0359000005 0.943499982 0.329299986
vn -0.0414000005 0.947300017 0.317499995
vn -0.0337999985 0.943499982 0.329600006
vn -0.0392000005 0.947300017 0.317900002
vn -0.0397000015 0.947600007 0.317000002
vn -0.0339000002 0.943799973 0.328900009
vn -0.0337000005 0.944599986 0.326400012
vn -0.0337000005 0.944899976 0.325599998
vn -0.0461000018 0.948300004 0.314099997
vn -0.0458999984 0.948199987 0.314099997
vn -0.0491999984 0.943300009 0.328299999
vn -0.0500999987 0.943300009 0.328000009
vn -0.0505999997 0.942399979 0.330500007
vn -0.0467999987 0.948099971 0.314399987
vn -0.0454999991 0.948199987 0.314200014
vn -0.0450999998 0.948199987 0.314300001
vn -0.0458999984 0.943199992 0.329100013
vn -0.0474999994 0.943199992 0.328700006
vn -0.0715000033 0.945599973 0.317099988
vn -0.0905999988 0.958199978 0.271400005
vn -0.0881000012 0.958199978 0.272199988
vn -0.0681999996 0.945599973 0.318199992
vn -0.0555000007 0.934099972 0.352600008
vn -0.0566999987 0.934099972 0.352299988
vn -0.0577000007 0.934199989 0.351999998
vn -0.0747999996 0.94569999 0.316199988
vn -0.0931999981 0.958199978 0.270500004
vn -0.0665000007 0.945500016 0.318699986
vn -0.0868000016 0.958199978 0.272700012
vn -0.0903000012 0.959699988 0.266200006
vn -0.068400003 0.947700024 0.311800003
vn -0.0553000011 0.934800029 0.350699991
vn -0.0548 0.934000015 0.352899998
vn -0.0513999984 0.935000002 0.350899994
vn -0.0500999987 0.943300009 0.328000009
vn -0.0491999984 0.943300009 0.328299999
vn -0.0507000014 0.934899986 0.351099998
vn -0.0555000007 0.934099972 0.352600008
vn -0.0548 0.934000015 0.352899998
vn -0.0553000011 0.934800029 0.350699991
vn -0.0516000018 0.934000015 0.353399992
vn -0.0505999997 0.942399979 0.330500007
vn -0.0491999984 0.934899986 0.351500005
vn -0.0474999994 0.943199992 0.328700006
vn -0.0458999984 0.943199992 0.329100013
vn -0.0476999991 0.934800029 0.351799995
vn -0.0577000007 0.934199989 0.351999998
vn -0.0566999987 0.934099972 0.352299988
vn -0.196400002 0.96420002 0.178200006
vn -0.169100001 0.967499971 0.187999994
vn -0.169300005 0.967499971 0.187900007
vn -0.196199998 0.96420002 0.178299993
vn -0.220300004 0.958999991 0.178000003
vn -0.221000001 0.958899975 0.177900001
vn -0.224800006 0.957899988 0.1787
vn -0.201499999 0.96329999 0.177200004
vn -0.1743 0.967100024 0.185299993
vn -0.195899993 0.964299977 0.178399995
vn -0.169799998 0.967400014 0.187700003
vn -0.170399994 0.967299998 0.1875
vn -0.195600003 0.964299977 0.178399995
vn -0.217700005 0.959500015 0.178499997
vn -0.218899995 0.959299982 0.178299993
vn -0.144899994 0.968200028 0.203799993
vn -0.125599995 0.967100024 0.221200004
vn -0.126100004 0.967100024 0.221000001
vn -0.145400003 0.968200028 0.203600004
vn -0.169300005 0.967499971 0.187900007
vn -0.169100001 0.967499971 0.187999994
vn -0.1743 0.967100024 0.185299993
vn -0.149100006 0.968299985 0.200299993
vn -0.128999993 0.967400014 0.217700005
vn -0.146300003 0.968100011 0.203199998
vn -0.127000004 0.967000008 0.220599994
vn -0.127900004 0.967000008 0.220200002
vn -0.147200003 0.968100011 0.202800006
vn -0.170399994 0.967299998 0.1875
vn -0.169799998 0.967400014 0.187700003
vn -0.107799999 0.96450001 0.240899995
vn -0.0868000016 0.958199978 0.272700012
vn -0.0881000012 0.958199978 0.272199988
vn -0.108400002 0.96450001 0.240600005
vn -0.111000001 0.96509999 0.236900002
vn -0.0903000012 0.959699988 0.266200006
vn -0.109499998 0.96450001 0.240199998
vn -0.0905999988 0.958199978 0.271400005
vn -0.0931999981 0.958199978 0.270500004
vn -0.110699996 0.96450001 0.239700004
vn -0.238199994 0.953400016 0.185100004
vn -0.256599993 0.947099984 0.192499995
vn -0.257999986 0.946799994 0.192399994
vn -0.239899993 0.953000009 0.184799999
vn -0.220300004 0.958999991 0.178000003
vn -0.218899995 0.959299982 0.178299993
vn -0.217700005 0.959500015 0.178499997
vn -0.236399993 0.953800023 0.185299993
vn -0.255199999 0.94749999 0.192699999
vn -0.240899995 0.952799976 0.184699997
vn -0.258700013 0.94660002 0.192399994
vn -0.261700004 0.945500016 0.193399996
vn -0.244100004 0.951699972 0.186100006
vn -0.224800006 0.957899988 0.1787
vn -0.221000001 0.958899975 0.177900001
vn -0.0364999995 0.956499994 0.289400011
vn -0.0362999998 0.970399976 0.238800004
vn -0.0350000001 0.970600009 0.238000005
vn -0.0348999985 0.956700027 0.288899988
vn -0.0331000015 0.944899976 0.325500011
vn -0.0337000005 0.944899976 0.325599998
vn -0.0337000005 0.944599986 0.326400012
vn -0.0370999984 0.957499981 0.28580001
vn -0.0359999985 0.972299993 0.230900005
vn -0.0317000002 0.957099974 0.287900001
vn -0.0324000008 0.971000016 0.236699998
vn -0.0296999998 0.971499979 0.235200003
vn -0.0285 0.957499981 0.287
vn -0.0307 0.945100009 0.325199991
vn -0.0318999998 0.944999993 0.325399995
vn -0.0326999985 0.979200006 0.200100005
vn -0.0324000008 0.971000016 0.236699998
vn -0.0350000001 0.970600009 0.238000005
vn -0.0346999988 0.978900015 0.201100007
vn -0.0443000011 0.985099971 0.166299999
vn -0.0381999984 0.985499978 0.165199995
vn -0.0328000002 0.986400008 0.160999998
vn -0.0307999998 0.979600012 0.198699996
vn -0.0296999998 0.971499979 0.235200003
vn -0.0361000001 0.979300022 0.199000001
vn -0.0362999998 0.970399976 0.238800004
vn -0.0359999985 0.972299993 0.230900005
vn -0.0375000015 0.98150003 0.187399998
vn -0.0571999997 0.992699981 0.105599999
vn -0.0494000018 0.987600029 0.148499995
vn -0.405099988 0.908999979 -0.0979999974
vn -0.371399999 0.925899982 -0.0691
vn -0.451299995 0.829599977 -0.328599989
vn -0.499000013 0.771099985 -0.395300001
vn -0.51730001 0.738300025 -0.432700008
vn -0.414700001 0.903400004 -0.108599998
vn -0.416000009 0.902499974 -0.111699998
vn -0.519500017 0.729799986 -0.444299996
vn -0.512799978 0.746399999 -0.424100012
vn -0.333900005 0.939199984 0.0800999999
vn -0.0921000019 0.927200019 -0.362899989
vn -0.1074 0.969900012 -0.218500003
vn -0.106799997 0.745400012 -0.657999992
vn -0.0910999998 0.739600003 -0.666899979
vn -0.0754999965 0.739000022 -0.669499993
vn -0.070600003 0.925400019 -0.372399986
vn -0.0636000037 0.981899977 -0.178299993
vn -0.070100002 0.98180002 -0.176200002
vn -0.0555999987 0.981599987 -0.182600006
vn -0.0681999996 0.742200017 -0.666700006
vn -0.0747999996 0.74150002 -0.666700006
vn -0.0803999975 0.750500023 -0.656000018
vn -0.0758000016 0.98360002 -0.163200006
vn -0.0874999985 0.76880002 -0.63349998
vn -0.0966000035 0.797999978 -0.594799995
vn -0.0806000009 0.988200009 -0.130199999
vn -0.115199998 0.993200004 0.0141000003
vn -0.133100003 0.990400016 0.0364999995
vn -0.0980999991 0.994899988 -0.0236000009
vn -0.123300001 0.885200024 -0.448599994
vn -0.143099993 0.926800013 -0.347299993
vn -0.1646 0.953999996 -0.250400007
vn -0.0860999972 0.993200004 -0.0777999982
vn -0.0806000009 0.988200009 -0.130199999
vn -0.0966000035 0.797999978 -0.594799995
vn -0.1074 0.838800013 -0.533699989
vn -0.123300001 0.885200024 -0.448599994
vn -0.0980999991 0.994899988 -0.0236000009
vn -0.257299989 0.966300011 -0.00419999985
vn -0.220599994 0.975199997 0.0170000009
vn -0.261200011 0.949999988 -0.1708
vn -0.304899991 0.931400001 -0.199000001
vn -0.346799999 0.909799993 -0.228100002
vn -0.291099995 0.956499994 -0.0195000004
vn -0.189199999 0.98119998 0.0370000005
vn -0.166700006 0.984799981 0.0491000004
vn -0.202600002 0.967000008 -0.154300004
vn -0.226199999 0.961899996 -0.153400004
vn -0.261200011 0.949999988 -0.1708
vn -0.220599994 0.975199997 0.0170000009
vn -0.149800003 0.987500012 0.0489000008
vn -0.133100003 0.990400016 0.0364999995
vn -0.1646 0.953999996 -0.250400007
vn -0.184400007 0.965600014 -0.183400005
vn -0.327199996 0.944199979 -0.0373999998
vn -0.371399999 0.925899982 -0.0691
vn -0.291099995 0.956499994 -0.0195000004
vn -0.346799999 0.909799993 -0.228100002
vn -0.393000007 0.880299985 -0.265700012
vn -0.451299995 0.829599977 -0.328599989
vn -0.0502999984 0.979200006 -0.1963
vn -0.0498000011 0.975000024 -0.216399997
vn -0.061999999 0.758000016 -0.649200022
vn -0.0631999969 0.75 -0.658399999
vn -0.0681999996 0.742200017 -0.666700006
vn -0.0555999987 0.981599987 -0.182600006
vn -0.0513000004 0.970499992 -0.235599995
vn -0.0498000011 0.975000024 -0.216399997
vn -0.0520000011 0.965399981 -0.255699992
vn -0.063000001 0.758300006 -0.648899972
vn -0.0627999976 0.760800004 -0.645900011
vn -0.061999999 0.758000016 -0.649200022
vn -0.452199996 0.435000002 -0.778599977
vn -0.451900005 0.425799996 -0.783800006
vn -0.481299996 0.385500014 -0.787199974
vn -0.46419999 0.412499994 -0.783800006
vn -0.450399995 0.478599995 -0.753700018
vn -0.443899989 0.486400008 -0.752600014
vn -0.427300006 0.504000008 -0.75059998
vn -0.421099991 0.4639 -0.779399991
vn -0.407499999 0.460099995 -0.788800001
vn -0.460900009 0.408100009 -0.787999988
vn -0.483200014 0.370000005 -0.79339999
vn -0.47389999 0.374000013 -0.797200024
vn -0.452399999 0.423099995 -0.785000026
vn -0.453700006 0.498899996 -0.738399982
vn -0.450700015 0.479799986 -0.752699971
vn -0.51730001 0.728600025 -0.448799998
vn -0.525399983 0.692099988 -0.494899988
vn -0.541400015 0.666800022 -0.512000024
vn -0.534600019 0.694400012 -0.481599987
vn -0.51730001 0.738300025 -0.432700008
vn -0.499000013 0.771099985 -0.395300001
vn -0.451299995 0.829599977 -0.328599989
vn -0.467000008 0.796700001 -0.383599997
vn -0.475899994 0.758599997 -0.444900006
vn -0.53579998 0.687399983 -0.490399987
vn -0.541700006 0.665499985 -0.513499975
vn -0.541999996 0.668799996 -0.50880003
vn -0.531899989 0.695200026 -0.483399987
vn -0.512799978 0.746399999 -0.424100012
vn -0.519500017 0.729799986 -0.444299996
vn -0.519800007 0.658200026 -0.544499993
vn -0.506399989 0.627399981 -0.591499984
vn -0.51819998 0.616900027 -0.592400014
vn -0.534099996 0.645099998 -0.546400011
vn -0.476099998 0.715600014 -0.511099994
vn -0.470499992 0.67750001 -0.565400004
vn -0.534200013 0.650200009 -0.540199995
vn -0.518700004 0.621999979 -0.586600006
vn -0.523699999 0.635599971 -0.567200005
vn -0.538699985 0.655700028 -0.529100001
vn -0.468600005 0.531199992 -0.705799997
vn -0.488400012 0.555100024 -0.673200011
vn -0.487800002 0.552999973 -0.675400019
vn -0.467599988 0.526799977 -0.709699988
vn -0.450399995 0.478599995 -0.753700018
vn -0.450700015 0.479799986 -0.752699971
vn -0.453700006 0.498899996 -0.738399982
vn -0.476099998 0.540000021 -0.694000006
vn -0.493400007 0.561399996 -0.664399981
vn -0.459699988 0.532299995 -0.710900009
vn -0.479000002 0.563600004 -0.672900021
vn -0.453299999 0.602599978 -0.656799972
vn -0.440400004 0.558000028 -0.703299999
vn -0.427300006 0.504000008 -0.75059998
vn -0.443899989 0.486400008 -0.752600014
vn -0.503099978 0.583599985 -0.637399971
vn -0.518700004 0.621999979 -0.586600006
vn -0.51819998 0.616900027 -0.592400014
vn -0.502600014 0.581900001 -0.639299989
vn -0.507099986 0.595799983 -0.622699976
vn -0.523699999 0.635599971 -0.567200005
vn -0.493200004 0.595000029 -0.634500027
vn -0.506399989 0.627399981 -0.591499984
vn -0.470499992 0.67750001 -0.565400004
vn -0.463 0.641300023 -0.611800015
vn 0.00659999996 -0.110200003 -0.993900001
vn 0.00669999979 -0.110699996 -0.993799984
vn 0.0147000002 -0.115800001 -0.993099988
vn 0.0146000003 -0.115500003 -0.993200004
vn 0.0146000003 -0.114500001 -0.993300021
vn 0.00669999979 -0.109200001 -0.994000018
vn -0.00230000005 -0.0913999975 -0.995800018
vn -0.00319999992 -0.0922000036 -0.995700002
vn -0.00380000006 -0.0926999971 -0.995700002
vn 0.0186000001 -0.115099996 -0.993200004
vn 0.0185000002 -0.115400001 -0.993099988
vn 0.0194000006 -0.1153 -0.993099988
vn 0.0194000006 -0.115000002 -0.993200004
vn 0.0194000006 -0.114 -0.993300021
vn 0.0186000001 -0.114 -0.993300021
vn 0.00789999962 -0.106799997 -0.994199991
vn 0.0165999997 -0.111699998 -0.993600011
vn 0.0211999994 -0.1065 -0.994099975
vn 0.0107000005 -0.102600001 -0.994700015
vn 0.00190000003 -0.0879999995 -0.996100008
vn -0.00109999999 -0.0899000019 -0.995899975
vn 0.0209999997 -0.111299999 -0.993600011
vn 0.0218000002 -0.111400001 -0.993499994
vn 0.0276999995 -0.107199997 -0.993799984
vn 0.0266999993 -0.1065 -0.993900001
vn 0.308800012 -0.0313999988 -0.950600028
vn 0.31189999 -0.0386000015 -0.949299991
vn 0.323599994 -0.0357999988 -0.945500016
vn 0.318699986 -0.0291000009 -0.947399974
vn 0.2315 -0.0399000011 -0.972000003
vn 0.227500007 -0.0416000001 -0.972899973
vn 0.222299993 -0.0434999987 -0.973999977
vn 0.3037 -0.0322999991 -0.952199996
vn 0.312400013 -0.0381000005 -0.949199975
vn 0.333799988 -0.0148 -0.942499995
vn 0.343199998 -0.0178999994 -0.939100027
vn 0.352299988 0.0248000007 -0.935500026
vn 0.338800013 0.0196000002 -0.940599978
vn 0.234999999 -0.0149999997 -0.971899986
vn 0.236399993 -0.0328000002 -0.971099973
vn 0.145600006 -0.0571000017 -0.987699986
vn 0.142900005 -0.0551000014 -0.988200009
vn 0.0947000012 -0.0676999986 -0.993200004
vn 0.100100003 -0.0707999989 -0.992399991
vn 0.100100003 -0.075000003 -0.9921
vn 0.143999994 -0.0601999983 -0.987699986
vn 0.136899993 -0.0533999987 -0.989099979
vn 0.128700003 -0.0476999991 -0.990499973
vn 0.0731000006 -0.0650999993 -0.995199978
vn 0.0842000023 -0.0675999969 -0.994099975
vn 0.0355999991 -0.100000001 -0.994300008
vn 0.0498999991 -0.0918999985 -0.994499981
vn 0.0436999984 -0.0892999992 -0.995000005
vn 0.0293000005 -0.0988000035 -0.994700015
vn 0.0211999994 -0.1065 -0.994099975
vn 0.0266999993 -0.1065 -0.993900001
vn 0.0276999995 -0.107199997 -0.993799984
vn 0.0364999995 -0.101800002 -0.994099975
vn 0.0507000014 -0.0951000005 -0.994199991
vn 0.0175999999 -0.0962999985 -0.995199978
vn 0.0322000012 -0.0881000012 -0.995599985
vn 0.0225000009 -0.0815000013 -0.996399999
vn 0.00879999995 -0.0855000019 -0.996299982
vn 0.00190000003 -0.0879999995 -0.996100008
vn 0.0107000005 -0.102600001 -0.994700015
vn 0.0714000016 -0.0822999999 -0.994000018
vn 0.100100003 -0.0707999989 -0.992399991
vn 0.0947000012 -0.0676999986 -0.993200004
vn 0.0654999986 -0.0789000019 -0.994700015
vn 0.0716999993 -0.0864999965 -0.993700027
vn 0.054299999 -0.0785999969 -0.995400012
vn 0.0842000023 -0.0675999969 -0.994099975
vn 0.0731000006 -0.0650999993 -0.995199978
vn 0.0434000008 -0.075000003 -0.996200025
vn 0.000300000014 -0.113300003 -0.993600011
vn 0.0167999994 -0.107100002 -0.994099975
vn 0.00749999983 -0.1131 -0.993499994
vn -0.00889999978 -0.118900001 -0.992900014
vn -0.152999997 -0.147799999 -0.977100015
vn -0.143399999 -0.147400007 -0.978600025
vn -0.127399996 -0.146699995 -0.98089999
vn 0.00999999978 -0.0992999971 -0.995000005
vn 0.0264999997 -0.0917000026 -0.995400012
vn -0.0135000004 -0.120099999 -0.992600024
vn 0.00289999996 -0.114100002 -0.993399978
vn 0.00190000003 -0.114299998 -0.993399978
vn -0.0126 -0.119900003 -0.992699981
vn -0.143999994 -0.148800001 -0.978299975
vn -0.155900002 -0.149800003 -0.976300001
vn 0.1461 -0.0812999979 -0.985899985
vn 0.154799998 -0.0793000013 -0.984700024
vn 0.323599994 -0.0357999988 -0.945500016
vn 0.31189999 -0.0386000015 -0.949299991
vn 0.312400013 -0.0381000005 -0.949199975
vn 0.162499994 -0.0775000006 -0.98360002
vn 0.172600001 -0.0658999979 -0.982800007
vn 0.185599998 -0.0342000015 -0.981999993
vn 0.352299988 0.0248000007 -0.935500026
vn 0.343199998 -0.0178999994 -0.939100027
vn 0.0148 -0.0414999984 -0.999000013
vn 0.0270000007 -0.0687000006 -0.997300029
vn 0.0142999999 -0.0669 -0.997699976
vn 0.0074 -0.0410000011 -0.999100029
vn -0.00600000005 -0.0513000004 -0.998700023
vn -0.00190000003 -0.0513000004 -0.998700023
vn 0.00260000001 -0.0533999987 -0.998600006
vn 0.0229000002 -0.0456000008 -0.998700023
vn 0.0425999984 -0.0711999983 -0.996500015
vn 0.00520000001 0.193499997 -0.981100023
vn -0.0292000007 0.228599995 -0.973100007
vn -0.0297999997 0.229300007 -0.972899973
vn 0.0247000009 0.191400006 -0.98119998
vn 0.110699996 0.144500002 -0.983299971
vn 0.130999997 0.0137999998 -0.991299987
vn -0.00139999995 0.0274 -0.999599993
vn -0.0185000002 0.197500005 -0.980099976
vn -0.0286999997 0.230399996 -0.9727
vn -0.00359999994 -0.0703999996 -0.997500002
vn 0.00499999989 -0.0579999983 -0.998300016
vn 0.00260000001 -0.0533999987 -0.998600006
vn -0.00609999988 -0.0698999986 -0.997500002
vn -0.00230000005 -0.0913999975 -0.995800018
vn -0.00109999999 -0.0899000019 -0.995899975
vn 0.00190000003 -0.0879999995 -0.996100008
vn 0.00159999996 -0.0714000016 -0.997399986
vn 0.00930000003 -0.0627999976 -0.998000026
vn -0.00850000046 -0.0698999986 -0.997500002
vn -0.00190000003 -0.0513000004 -0.998700023
vn -0.00600000005 -0.0513000004 -0.998700023
vn -0.0105999997 -0.0702000037 -0.997500002
vn -0.00380000006 -0.0926999971 -0.995700002
vn -0.00319999992 -0.0922000036 -0.995700002
vn -0.0493000001 0.540099978 -0.84009999
vn -0.0582999997 0.620199978 -0.782299995
vn -0.0634000003 0.632499993 -0.772000015
vn -0.0504000001 0.546999991 -0.835600019
vn -0.0478000008 0.489499986 -0.870599985
vn -0.0474999994 0.484699994 -0.873300016
vn -0.0471000001 0.484499991 -0.87349999
vn -0.0485999994 0.540700018 -0.8398
vn -0.0553000011 0.621599972 -0.781400025
vn -0.0746999979 0.697600007 -0.712599993
vn -0.0910999998 0.739600003 -0.666899979
vn -0.106799997 0.745400012 -0.657999992
vn -0.0860999972 0.706700027 -0.702199996
vn -0.0659999996 0.698499978 -0.712499976
vn -0.0754999965 0.739000022 -0.669499993
vn -0.0480000004 0.426899999 -0.902999997
vn -0.0456000008 0.356299996 -0.933300018
vn -0.0454000011 0.357199997 -0.932900012
vn -0.0476000011 0.426600009 -0.903100014
vn -0.0471000001 0.484499991 -0.87349999
vn -0.0474999994 0.484699994 -0.873300016
vn -0.0478000008 0.489499986 -0.870599985
vn -0.0483999997 0.432500005 -0.900300026
vn -0.0461000018 0.361000001 -0.931400001
vn -0.0384999998 0.284799993 -0.957799971
vn -0.0292000007 0.228599995 -0.973100007
vn -0.0286999997 0.230399996 -0.9727
vn -0.0384000018 0.28670001 -0.957199991
vn -0.0390000008 0.287499994 -0.957000017
vn -0.0297999997 0.229300007 -0.972899973
vn 0.0847000033 -0.0439000018 -0.995400012
vn 0.0653000027 0.119099997 -0.990700006
vn 0.0533000007 0.107900001 -0.992699981
vn 0.0603 -0.0665000007 -0.995899975
vn 0.0631000027 -0.0648000017 -0.995899975
vn 0.104400001 -0.0416000001 -0.993700027
vn 0.191400006 0.0172000006 -0.981400013
vn 0.153400004 0.0220999997 -0.987900019
vn 0.116599999 0.194100007 -0.973999977
vn 0.00480000023 0.37529999 -0.926800013
vn 0.0355000012 0.145099998 -0.988799989
vn 0.0476999991 0.190799996 -0.980400026
vn 0.0156999994 0.422100008 -0.906400025
vn -0.0104 0.445499986 -0.895200014
vn -0.0210999995 0.402799994 -0.915000021
vn -0.0280000009 0.361400008 -0.931999981
vn -0.00469999993 0.329400003 -0.944199979
vn 0.0232999995 0.0869999975 -0.995899975
vn 0.0337999985 0.461499989 -0.886500001
vn 0.0666000023 0.191 -0.979300022
vn 0.154100001 0.3486 -0.924499989
vn 0.0878999978 0.525600016 -0.846199989
vn 0.0460000001 0.560599983 -0.826799989
vn 0.0104 0.491699994 -0.870700002
vn 0.1193 -0.0419999994 -0.991900027
vn 0.128700003 -0.0476999991 -0.990499973
vn 0.234999999 -0.0149999997 -0.971899986
vn 0.221200004 0.0046000001 -0.975199997
vn 0.191400006 0.0172000006 -0.981400013
vn 0.104400001 -0.0416000001 -0.993700027
vn 0.0631000027 -0.0648000017 -0.995899975
vn 0.066399999 -0.0627999976 -0.995800018
vn 0.0731000006 -0.0650999993 -0.995199978
vn 0.321200013 0.0582000017 -0.945200026
vn 0.338800013 0.0196000002 -0.940599978
vn 0.352299988 0.0248000007 -0.935500026
vn 0.336899996 0.074000001 -0.938600004
vn 0.298799992 0.118000001 -0.947000027
vn 0.280800015 0.0890000015 -0.955600023
vn 0.118500002 0.643299997 -0.756299973
vn 0.0878999978 0.525600016 -0.846199989
vn 0.158500001 0.602299988 -0.782299995
vn 0.0961999968 0.734399974 -0.671899974
vn 0.0684999973 0.765299976 -0.639999986
vn 0.0305000003 0.767199993 -0.640699983
vn 0.0665000007 0.665199995 -0.743700027
vn 0.0460000001 0.560599983 -0.826799989
vn -0.0337000005 0.817499995 -0.574899971
vn -0.0263999999 0.785099983 -0.618700027
vn -0.141800001 0.763700008 -0.629700005
vn -0.133399993 0.798900008 -0.586399972
vn -0.121799998 0.805800021 -0.57950002
vn -0.0439000018 0.814899981 -0.577899992
vn 0.0684999973 0.765299976 -0.639999986
vn 0.0961999968 0.734399974 -0.671899974
vn -0.215000004 0.736699998 -0.641099989
vn -0.190300003 0.762499988 -0.618300021
vn -0.121799998 0.805800021 -0.57950002
vn -0.141800001 0.763700008 -0.629700005
vn -0.233400002 0.696799994 -0.678200006
vn -0.296999991 0.608500004 -0.735800028
vn -0.272000015 0.654699981 -0.705200016
vn -0.240500003 0.703599989 -0.668600023
vn -0.325100005 0.50910002 -0.796899974
vn -0.312999994 0.529299974 -0.788500011
vn -0.324000001 0.490999997 -0.808600008
vn -0.32100001 0.494100004 -0.807900012
vn -0.343899995 0.4833 -0.805100024
vn -0.353300005 0.495000005 -0.793799996
vn -0.367199987 0.549799979 -0.75029999
vn -0.329600006 0.574000001 -0.749599993
vn -0.299400002 0.602800012 -0.739600003
vn -0.304100007 0.575900018 -0.75880003
vn -0.312999994 0.529299974 -0.788500011
vn -0.299400002 0.602800012 -0.739600003
vn -0.274399996 0.645900011 -0.712400019
vn -0.324999988 0.524200022 -0.787100017
vn -0.324000001 0.490999997 -0.808600008
vn -0.385399997 0.482600003 -0.78640002
vn -0.371300012 0.474799991 -0.797900021
vn -0.401199996 0.526300013 -0.74970001
vn -0.353300005 0.495000005 -0.793799996
vn -0.343899995 0.4833 -0.805100024
vn 0.0500999987 -0.0669 -0.996500015
vn 0.0425000004 -0.0697000027 -0.996599972
vn 0.0603 -0.0665000007 -0.995899975
vn 0.0533000007 0.107900001 -0.992699981
vn 0.0463000014 0.112800002 -0.992500007
vn 0.0192000009 0.100100003 -0.994799972
vn 0.0344000012 -0.0632999986 -0.997399986
vn 0.0273000002 -0.068599999 -0.997300029
vn 0.0197000001 -0.063000001 -0.997799993
vn 0.0163000003 -0.066200003 -0.997699976
vn -0.0120000001 0.0731000006 -0.997200012
vn -0.0401000008 0.0452999994 -0.998099983
vn 0.0181000009 -0.0615999997 -0.997900009
vn 0.00930000003 -0.0627999976 -0.998000026
vn -0.0118000004 0.289999992 -0.956900001
vn 0.0125000002 0.0346000008 -0.999300003
vn 0.0232999995 0.0869999975 -0.995899975
vn -0.00469999993 0.329400003 -0.944199979
vn -0.0280000009 0.361400008 -0.931999981
vn -0.0315999985 0.324999988 -0.945200026
vn -0.0313999988 0.295300007 -0.954900026
vn -0.0146000003 0.259299994 -0.965699971
vn 0.00540000014 0.00359999994 -1
vn -0.0148999998 0.237000003 -0.971400023
vn 0.000899999985 -0.000600000028 -1
vn -0.0294000003 0.272799999 -0.961600006
vn -0.0281000007 0.256999999 -0.966000021
vn -0.0148 0.221699998 -0.975000024
vn -0.00100000005 0.0104999999 -0.999899983
vn 0.0392000005 -0.0707999989 -0.996699989
vn 0.0434000008 -0.075000003 -0.996200025
vn 0.0731000006 -0.0650999993 -0.995199978
vn 0.066399999 -0.0627999976 -0.995800018
vn 0.0631000027 -0.0648000017 -0.995899975
vn 0.0425000004 -0.0697000027 -0.996599972
vn 0.0273000002 -0.068599999 -0.997300029
vn 0.0215000007 -0.0734999999 -0.996999979
vn 0.0225000009 -0.0815000013 -0.996399999
vn 0.00980000012 -0.0728999972 -0.997300029
vn 0.00879999995 -0.0855000019 -0.996299982
vn 0.0163000003 -0.066200003 -0.997699976
vn 0.00930000003 -0.0627999976 -0.998000026
vn 0.00159999996 -0.0714000016 -0.997399986
vn 0.00190000003 -0.0879999995 -0.996100008
vn -0.0215000007 -0.0182000007 -0.999599993
vn -0.0271000005 -0.0105999997 -0.999599993
vn -0.0557000004 -0.154300004 -0.986400008
vn -0.0211999994 -0.164499998 -0.986100018
vn 0.00949999969 -0.166099995 -0.986100018
vn -0.0156999994 -0.0216000006 -0.999599993
vn -0.0182000007 -0.00499999989 -0.999800026
vn -0.0203000009 0.00190000003 -0.999800026
vn -0.0170000009 0.0241999999 -0.999499977
vn -0.0211999994 0.432599992 -0.901300013
vn 0.0557999983 0.415300012 -0.907999992
vn -0.0886000022 0.414700001 -0.905600011
vn -0.141800001 0.763700008 -0.629700005
vn -0.0263999999 0.785099983 -0.618700027
vn 0.0961999968 0.734399974 -0.671899974
vn -0.0262000002 -0.00190000003 -0.999599993
vn -0.0115999999 -0.00170000002 -0.999899983
vn -0.0820000023 -0.132300004 -0.987800002
vn -0.0799999982 -0.141800001 -0.986599982
vn -0.0557000004 -0.154300004 -0.986400008
vn -0.0271000005 -0.0105999997 -0.999599993
vn -0.0170000009 0.0241999999 -0.999499977
vn -0.0013 0.0560000017 -0.998399973
vn 0.0271000005 0.0691 -0.997200012
vn 0.0992999971 0.347499996 -0.932399988
vn 0.1184 0.293199986 -0.948700011
vn 0.0557999983 0.415300012 -0.907999992
vn 0.0961999968 0.734399974 -0.671899974
vn 0.158500001 0.602299988 -0.782299995
vn 0.154100001 0.3486 -0.924499989
vn 0.0160000008 -0.0802000016 -0.996599972
vn 0.00999999978 -0.0992999971 -0.995000005
vn -0.127399996 -0.146699995 -0.98089999
vn -0.1109 -0.142299995 -0.98360002
vn -0.0979000032 -0.133100003 -0.986199975
vn 0.0178999994 -0.057599999 -0.998199999
vn 0.0395000018 -0.0408999994 -0.998399973
vn 0.0337000005 -0.0697000027 -0.996999979
vn 0.0264999997 -0.0917000026 -0.995400012
vn 0.182799995 0.00400000019 -0.983099997
vn 0.185599998 -0.0342000015 -0.981999993
vn 0.170000002 0.0461000018 -0.984300017
vn 0.298799992 0.118000001 -0.947000027
vn 0.336899996 0.074000001 -0.938600004
vn 0.352299988 0.0248000007 -0.935500026
vn -0.0102000004 -0.0227000006 -0.99970001
vn -0.0156999994 -0.0216000006 -0.999599993
vn 0.00949999969 -0.166099995 -0.986100018
vn 0.0362000018 -0.162699997 -0.986000001
vn 0.0623000003 -0.157100007 -0.985599995
vn -0.0037 -0.0226000007 -0.99970001
vn -0.0108000003 -0.00730000017 -0.999899983
vn -0.0151000004 -0.00680000009 -0.999800026
vn -0.0182000007 -0.00499999989 -0.999800026
vn -0.139500007 0.373400003 -0.917100012
vn -0.0886000022 0.414700001 -0.905600011
vn -0.172600001 0.319400012 -0.931699991
vn -0.296999991 0.608500004 -0.735800028
vn -0.233400002 0.696799994 -0.678200006
vn -0.141800001 0.763700008 -0.629700005
vn -0.179000005 0.263399988 -0.947899997
vn -0.231900007 0.32069999 -0.918299973
vn -0.324000001 0.490999997 -0.808600008
vn -0.324999988 0.524200022 -0.787100017
vn -0.00659999996 -0.00719999988 -0.999899983
vn -0.00490000006 -0.00710000005 -0.999899983
vn 0.00260000001 -0.0223999992 -0.99970001
vn 0.00219999999 -0.0182000007 -0.999800026
vn 0.0857999995 -0.153799996 -0.984300017
vn 0.0727000013 -0.121100001 -0.99000001
vn -0.0741000026 0.694899976 -0.715200007
vn -0.0771000013 0.703199983 -0.706700027
vn -0.0803999975 0.750500023 -0.656000018
vn -0.0747999996 0.74150002 -0.666700006
vn -0.0681999996 0.742200017 -0.666700006
vn -0.0703999996 0.696399987 -0.714100003
vn -0.0724000037 0.634800017 -0.769200027
vn -0.0727000013 0.638100028 -0.766499996
vn -0.0725999996 0.648800015 -0.757499993
vn -0.0698999986 0.5801 -0.811500013
vn -0.0672999993 0.593999982 -0.801599979
vn -0.0716999993 0.570900023 -0.817799985
vn -0.0684999973 0.52700001 -0.847100019
vn -0.0656000003 0.540700018 -0.83859998
vn -0.060899999 0.558200002 -0.827400029
vn -0.0666999966 0.616599977 -0.784399986
vn -0.0672999993 0.593999982 -0.801599979
vn -0.056499999 0.586099982 -0.808200002
vn -0.0527000017 0.636300027 -0.769599974
vn -0.0684999973 0.657800019 -0.750100017
vn -0.0807000026 0.70389998 -0.705600023
vn -0.0750999972 0.668799996 -0.739600003
vn -0.0725999996 0.648800015 -0.757499993
vn -0.0822999999 0.721499979 -0.687399983
vn -0.0771000013 0.703199983 -0.706700027
vn -0.0901999995 0.752300024 -0.65259999
vn -0.0966000035 0.797999978 -0.594799995
vn -0.0874999985 0.76880002 -0.63349998
vn -0.136899993 0.903699994 -0.405699998
vn -0.161500007 0.93900001 -0.30340001
vn -0.1646 0.953999996 -0.250400007
vn -0.143099993 0.926800013 -0.347299993
vn -0.123300001 0.885200024 -0.448599994
vn -0.1162 0.851800025 -0.510699987
vn -0.102700002 0.829200029 -0.549300015
vn -0.123599999 0.893299997 -0.432099998
vn -0.152500004 0.932099998 -0.328500003
vn -0.108000003 0.879700005 -0.463099986
vn -0.143800005 0.91900003 -0.367000014
vn -0.0851999968 0.808300018 -0.582499981
vn -0.0647 0.799099982 -0.5977
vn -0.0923999995 0.863200009 -0.496300012
vn -0.136099994 0.896399975 -0.421799988
vn -0.100500003 0.797399998 -0.595000029
vn -0.1162 0.851800025 -0.510699987
vn -0.123300001 0.885200024 -0.448599994
vn -0.1074 0.838800013 -0.533699989
vn -0.0966000035 0.797999978 -0.594799995
vn -0.0901999995 0.752300024 -0.65259999
vn -0.0807000026 0.70389998 -0.705600023
vn -0.0886999965 0.759599984 -0.644200027
vn -0.102700002 0.829200029 -0.549300015
vn -0.0729999989 0.725300014 -0.684499979
vn -0.0851999968 0.808300018 -0.582499981
vn -0.0684999973 0.657800019 -0.750100017
vn -0.0527000017 0.636300027 -0.769599974
vn -0.0524999984 0.714100003 -0.698000014
vn -0.0647 0.799099982 -0.5977
vn -0.332700014 0.864499986 -0.376800001
vn -0.28490001 0.894999981 -0.343100011
vn -0.292800009 0.859099984 -0.419800013
vn -0.341300011 0.823000014 -0.453999996
vn -0.382299989 0.785000026 -0.487399995
vn -0.374799997 0.829599977 -0.413700014
vn -0.364100009 0.868200004 -0.337199986
vn -0.321999997 0.897199988 -0.302300006
vn -0.275999993 0.922200024 -0.270599991
vn -0.31310001 0.917400002 -0.245499998
vn -0.268599987 0.938600004 -0.216700003
vn -0.354799986 0.893299997 -0.275599986
vn -0.346799999 0.909799993 -0.228100002
vn -0.304899991 0.931400001 -0.199000001
vn -0.261200011 0.949999988 -0.1708
vn -0.245199993 0.914300025 -0.3222
vn -0.214900002 0.924899995 -0.313600004
vn -0.219300002 0.898599982 -0.380100012
vn -0.251800001 0.884000003 -0.393700004
vn -0.292800009 0.859099984 -0.419800013
vn -0.28490001 0.894999981 -0.343100011
vn -0.275999993 0.922200024 -0.270599991
vn -0.238299996 0.937699974 -0.252600014
vn -0.210299999 0.944899976 -0.250800014
vn -0.232600003 0.951799989 -0.199900001
vn -0.207200006 0.957099974 -0.202399999
vn -0.268599987 0.938600004 -0.216700003
vn -0.261200011 0.949999988 -0.1708
vn -0.226199999 0.961899996 -0.153400004
vn -0.202600002 0.967000008 -0.154300004
vn -0.183300003 0.929099977 -0.321200013
vn -0.143800005 0.91900003 -0.367000014
vn -0.183200002 0.904399991 -0.38530001
vn -0.214900002 0.924899995 -0.313600004
vn -0.210299999 0.944899976 -0.250800014
vn -0.183599994 0.945200026 -0.270000011
vn -0.152500004 0.932099998 -0.328500003
vn -0.185800001 0.954400003 -0.233400002
vn -0.161500007 0.93900001 -0.30340001
vn -0.207200006 0.957099974 -0.202399999
vn -0.184400007 0.965600014 -0.183400005
vn -0.1646 0.953999996 -0.250400007
vn -0.403100014 0.858699977 -0.316399992
vn -0.467000008 0.796700001 -0.383599997
vn -0.393000007 0.880299985 -0.265700012
vn -0.346799999 0.909799993 -0.228100002
vn -0.354799986 0.893299997 -0.275599986
vn -0.364100009 0.868200004 -0.337199986
vn -0.412200004 0.827000022 -0.382200003
vn -0.475899994 0.758599997 -0.444900006
vn -0.419400007 0.783699989 -0.458000004
vn -0.476099998 0.715600014 -0.511099994
vn -0.374799997 0.829599977 -0.413700014
vn -0.382299989 0.785000026 -0.487399995
vn -0.422300011 0.74000001 -0.523500025
vn -0.0719000027 0.564499974 -0.822300017
vn -0.068599999 0.559099972 -0.826200008
vn -0.0658999979 0.502699971 -0.861899972
vn -0.0691 0.514299989 -0.854799986
vn -0.0684999973 0.52700001 -0.847100019
vn -0.0716999993 0.570900023 -0.817799985
vn -0.0724000037 0.634800017 -0.769200027
vn -0.0711999983 0.636900008 -0.7676
vn -0.0683000013 0.639800012 -0.765500009
vn -0.0671999976 0.70539999 -0.705600023
vn -0.0650999993 0.714600027 -0.696399987
vn -0.0703999996 0.696399987 -0.714100003
vn -0.0681999996 0.742200017 -0.666700006
vn -0.0631999969 0.75 -0.658399999
vn -0.061999999 0.758000016 -0.649200022
vn -0.0632999986 0.554099977 -0.829999983
vn -0.0577999987 0.549799979 -0.833299994
vn -0.0557000004 0.487800002 -0.871100008
vn -0.0604999997 0.493499994 -0.867600024
vn -0.068599999 0.559099972 -0.826200008
vn -0.0683000013 0.639800012 -0.765500009
vn -0.064199999 0.639800012 -0.765799999
vn -0.059799999 0.637000024 -0.768599987
vn -0.063500002 0.718299985 -0.692799985
vn -0.0614 0.716600001 -0.694800019
vn -0.0650999993 0.714600027 -0.696399987
vn -0.0627999976 0.760800004 -0.645900011
vn -0.063000001 0.758300006 -0.648899972
vn -0.0397999994 0.440400004 -0.896899998
vn -0.0450000018 0.405900002 -0.912800014
vn -0.0280000009 0.361400008 -0.931999981
vn -0.0210999995 0.402799994 -0.915000021
vn -0.0104 0.445499986 -0.895200014
vn -0.0296 0.476900011 -0.878400028
vn -0.0430000015 0.504999995 -0.861999989
vn -0.0518999994 0.475499988 -0.878099978
vn -0.0560999997 0.449099988 -0.891700029
vn -0.0599999987 0.507300019 -0.859600008
vn -0.0634000003 0.488099992 -0.870400012
vn -0.0529999994 0.530099988 -0.846199989
vn -0.060899999 0.558200002 -0.827400029
vn -0.0656000003 0.540700018 -0.83859998
vn -0.0120999999 0.519900024 -0.854099989
vn 0.0104 0.491699994 -0.870700002
vn 0.0460000001 0.560599983 -0.826799989
vn 0.0133999996 0.586199999 -0.810000002
vn -0.0114000002 0.608299971 -0.793600023
vn -0.0293000005 0.544399977 -0.83829999
vn -0.0439000018 0.564499974 -0.824199975
vn -0.0333000012 0.624000013 -0.780700028
vn -0.0527000017 0.636300027 -0.769599974
vn -0.056499999 0.586099982 -0.808200002
vn -0.0549999997 0.81220001 -0.580799997
vn -0.00039999999 0.768100023 -0.640299976
vn 0.0305000003 0.767199993 -0.640699983
vn -0.0439000018 0.814899981 -0.577899992
vn -0.117899999 0.815699995 -0.566200018
vn -0.121200003 0.840499997 -0.528100014
vn -0.0659999996 0.825600028 -0.560299993
vn -0.0230999999 0.779200017 -0.626399994
vn -0.0780000016 0.845899999 -0.527499974
vn -0.0434999987 0.792699993 -0.608099997
vn -0.128000006 0.869799972 -0.476399988
vn -0.136099994 0.896399975 -0.421799988
vn -0.0923999995 0.863200009 -0.496300012
vn 0.0262000002 0.680999994 -0.73180002
vn 0.0133999996 0.586199999 -0.810000002
vn 0.0665000007 0.665199995 -0.743700027
vn 0.0305000003 0.767199993 -0.640699983
vn -0.00039999999 0.768100023 -0.640299976
vn -0.0230999999 0.779200017 -0.626399994
vn -0.00310000009 0.697600007 -0.716499984
vn -0.0114000002 0.608299971 -0.793600023
vn -0.0285999998 0.709800005 -0.703800023
vn -0.0333000012 0.624000013 -0.780700028
vn -0.0434999987 0.792699993 -0.608099997
vn -0.0647 0.799099982 -0.5977
vn -0.0524999984 0.714100003 -0.698000014
vn -0.340900004 0.668799996 -0.660700023
vn -0.298999995 0.701300025 -0.647099972
vn -0.329600006 0.574000001 -0.749599993
vn -0.367199987 0.549799979 -0.75029999
vn -0.381799996 0.632600009 -0.673799992
vn -0.386700004 0.695200026 -0.60589999
vn -0.347200006 0.735899985 -0.58130002
vn -0.301200002 0.773999989 -0.556900024
vn -0.345999986 0.779799998 -0.521700025
vn -0.298500001 0.819100022 -0.489800006
vn -0.385600001 0.740400016 -0.550499976
vn -0.382299989 0.785000026 -0.487399995
vn -0.341300011 0.823000014 -0.453999996
vn -0.292800009 0.859099984 -0.419800013
vn -0.262899995 0.732299984 -0.628199995
vn -0.225400001 0.764900029 -0.603399992
vn -0.240500003 0.703599989 -0.668600023
vn -0.274399996 0.645900011 -0.712400019
vn -0.299400002 0.602800012 -0.739600003
vn -0.298999995 0.701300025 -0.647099972
vn -0.301200002 0.773999989 -0.556900024
vn -0.260699987 0.80250001 -0.536599994
vn -0.222599998 0.823000014 -0.522599995
vn -0.257299989 0.84829998 -0.462799996
vn -0.221799999 0.86619997 -0.447600007
vn -0.298500001 0.819100022 -0.489800006
vn -0.292800009 0.859099984 -0.419800013
vn -0.251800001 0.884000003 -0.393700004
vn -0.219300002 0.898599982 -0.380100012
vn -0.178200006 0.79549998 -0.579100013
vn -0.117899999 0.815699995 -0.566200018
vn -0.121799998 0.805800021 -0.57950002
vn -0.190300003 0.762499988 -0.618300021
vn -0.225400001 0.764900029 -0.603399992
vn -0.222599998 0.823000014 -0.522599995
vn -0.177499995 0.836499989 -0.518299997
vn -0.121200003 0.840499997 -0.528100014
vn -0.180700004 0.874000013 -0.451000005
vn -0.128000006 0.869799972 -0.476399988
vn -0.221799999 0.86619997 -0.447600007
vn -0.183200002 0.904399991 -0.38530001
vn -0.136099994 0.896399975 -0.421799988
vn -0.413899988 0.595099986 -0.688799977
vn -0.381799996 0.632600009 -0.673799992
vn -0.367199987 0.549799979 -0.75029999
vn -0.401199996 0.526300013 -0.74970001
vn -0.440400004 0.558000028 -0.703299999
vn -0.453299999 0.602599978 -0.656799972
vn -0.419099987 0.652499974 -0.631299973
vn -0.386700004 0.695200026 -0.60589999
vn -0.421400011 0.697799981 -0.579200029
vn -0.385600001 0.740400016 -0.550499976
vn -0.463 0.641300023 -0.611800015
vn -0.422300011 0.74000001 -0.523500025
vn -0.0465999991 0.374599993 -0.925999999
vn -0.0445999987 0.347799987 -0.936500013
vn -0.0313999988 0.295300007 -0.954900026
vn -0.0315999985 0.324999988 -0.945200026
vn -0.0450000018 0.405900002 -0.912800014
vn -0.0560999997 0.449099988 -0.891700029
vn -0.0568000004 0.424199998 -0.903800011
vn -0.0540000014 0.401899993 -0.914099991
vn -0.064000003 0.469599992 -0.880599976
vn -0.060899999 0.452300012 -0.889699996
vn -0.0634000003 0.488099992 -0.870400012
vn -0.0684999973 0.52700001 -0.847100019
vn -0.0691 0.514299989 -0.854799986
vn -0.0658999979 0.502699971 -0.861899972
vn -0.0412000008 0.326900005 -0.944100022
vn -0.0445999987 0.347799987 -0.936500013
vn -0.0540000014 0.401899993 -0.914099991
vn -0.0498000011 0.38440001 -0.921800017
vn -0.0476000011 0.372799993 -0.926699996
vn -0.0394000001 0.312299997 -0.949199975
vn -0.0294000003 0.272799999 -0.961600006
vn -0.0560999997 0.439099997 -0.896700025
vn -0.060899999 0.452300012 -0.889699996
vn -0.0604999997 0.493499994 -0.867600024
vn -0.0557000004 0.487800002 -0.871100008
vn -0.0527000017 0.430999994 -0.90079999
vn 0.0171000008 -0.0366999991 -0.999199986
vn 0.0460000001 -0.00949999969 -0.998899996
vn 0.0395000018 -0.0408999994 -0.998399973
vn 0.0178999994 -0.057599999 -0.998199999
vn -0.0979000032 -0.133100003 -0.986199975
vn -0.0927999988 -0.128199995 -0.987399995
vn -0.0870999992 -0.130899996 -0.987500012
vn 0.0176999997 -0.0259000007 -0.999499977
vn 0.0566999987 0.0156999994 -0.998300016
vn 0.159099996 0.0883999988 -0.983299971
vn 0.250400007 0.148800001 -0.95660001
vn 0.298799992 0.118000001 -0.947000027
vn 0.170000002 0.0461000018 -0.984300017
vn 0.167400002 0.124799997 -0.977900028
vn 0.298999995 0.445100009 -0.844099998
vn 0.228499994 0.105499998 -0.967800021
vn 0.180299997 0.32280001 -0.929099977
vn 0.116599999 0.194100007 -0.973999977
vn 0.153400004 0.0220999997 -0.987900019
vn 0.191400006 0.0172000006 -0.981400013
vn 0.280800015 0.0890000015 -0.955600023
vn 0.298799992 0.118000001 -0.947000027
vn 0.250400007 0.148800001 -0.95660001
vn 0.298999995 0.445100009 -0.844099998
vn -0.072800003 0.993399978 -0.0887999982
vn -0.072300002 0.989300013 -0.126499996
vn -0.0662999973 0.997500002 -0.0223999992
vn -0.0693999976 0.996999979 0.0328000002
vn -0.0802000016 0.995700002 -0.0467000008
vn -0.0835999995 0.987600029 -0.132799998
vn -0.0719000027 0.995899975 0.0549000017
vn -0.0817999989 0.995999992 -0.0342000015
vn -0.0615000017 0.992299974 0.106899999
vn -0.0443000011 0.985099971 0.166299999
vn -0.0494000018 0.987600029 0.148499995
vn -0.0571999997 0.992699981 0.105599999
vn -0.0584000014 0.998099983 -0.0186000001
vn -0.0502999984 0.998399973 -0.0259000007
vn -0.0452000014 0.998600006 0.0252
vn -0.0571999997 0.997699976 0.0357999988
vn -0.0494999997 0.992999971 0.106700003
vn -0.0384000018 0.994499981 0.0974000022
vn -0.0328000002 0.986400008 0.160999998
vn -0.0381999984 0.985499978 0.165199995
vn -0.063000001 0.930700004 -0.360199988
vn -0.0698999986 0.742299974 -0.666400015
vn -0.0661000013 0.747300029 -0.66109997
vn -0.0577000007 0.941999972 -0.33070001
vn -0.0535999984 0.955600023 -0.289799988
vn -0.0634000003 0.753000021 -0.654900014
vn -0.063000001 0.758300006 -0.648899972
vn -0.0520000011 0.965399981 -0.255699992
vn -0.0174000002 0.200599998 -0.979499996
vn -0.0284000002 0.233899996 -0.971800029
vn 0.000500000024 0.0291000009 -0.999599993
vn -0.000199999995 0.0286999997 -0.999599993
vn -0.0159000009 0.205300003 -0.978500009
vn -0.0277999993 0.239099994 -0.970600009
vn -0.0148999998 0.211799994 -0.977199972
vn -0.0275999997 0.246299997 -0.968800008
vn -0.000899999985 0.0223999992 -0.99970001
vn -0.00100000005 0.0104999999 -0.999899983
vn -0.0148 0.221699998 -0.975000024
vn -0.0281000007 0.256999999 -0.966000021
vn -0.0485000014 0.542100012 -0.83890003
vn -0.0542000011 0.62470001 -0.778999984
vn -0.0472000018 0.484499991 -0.87349999
vn -0.0478999987 0.484299988 -0.873600006
vn -0.0487000011 0.543799996 -0.837800026
vn -0.0533000007 0.628499985 -0.776000023
vn -0.0518999994 0.546299994 -0.836000025
vn -0.0549999997 0.632700026 -0.772400022
vn -0.0509000011 0.485100001 -0.873000026
vn -0.0557000004 0.487800002 -0.871100008
vn -0.0577999987 0.549799979 -0.833299994
vn -0.059799999 0.637000024 -0.768599987
vn -0.0627000034 0.702400029 -0.708999991
vn -0.0698999986 0.742299974 -0.666400015
vn -0.0533000007 0.628499985 -0.776000023
vn -0.0601000004 0.707300007 -0.704299986
vn -0.0661000013 0.747300029 -0.66109997
vn -0.0593999997 0.712199986 -0.699400008
vn -0.0634000003 0.753000021 -0.654900014
vn -0.0614 0.716600001 -0.694800019
vn -0.063000001 0.758300006 -0.648899972
vn -0.0502000004 0.427399993 -0.90259999
vn -0.0467000008 0.36590001 -0.929499984
vn -0.0476000011 0.372799993 -0.926699996
vn -0.0527000017 0.430999994 -0.90079999
vn -0.0557000004 0.487800002 -0.871100008
vn -0.0509000011 0.485100001 -0.873000026
vn -0.0478999987 0.484299988 -0.873600006
vn -0.0483999997 0.426400006 -0.903199971
vn -0.0458999984 0.361799985 -0.931100011
vn -0.0478000008 0.426499993 -0.903199971
vn -0.0454999991 0.358999997 -0.932200015
vn -0.0472000018 0.484499991 -0.87349999
vn -0.0388000011 0.302300006 -0.952400029
vn -0.0275999997 0.246299997 -0.968800008
vn -0.0281000007 0.256999999 -0.966000021
vn -0.0394000001 0.312299997 -0.949199975
vn -0.0384999998 0.295399994 -0.954599977
vn -0.0277999993 0.239099994 -0.970600009
vn -0.0384000018 0.290199995 -0.956200004
vn -0.0284000002 0.233899996 -0.971800029
vn 0.0287999995 -0.174899995 -0.984200001
vn 0.0531000011 -0.172999993 -0.983500004
vn 0.0504000001 -0.250800014 -0.966700017
vn 0.0222999994 -0.258399993 -0.965799987
vn 0.000699999975 -0.261900008 -0.96509999
vn 0.00960000046 -0.175099999 -0.984499991
vn 0.0142999999 -0.0669 -0.997699976
vn 0.0270000007 -0.0687000006 -0.997300029
vn 0.0425999984 -0.0711999983 -0.996500015
vn 0.0230999999 -0.0542000011 -0.998300016
vn 0.0229000002 -0.0456000008 -0.998700023
vn 0.00260000001 -0.0533999987 -0.998600006
vn 0.00499999989 -0.0579999983 -0.998300016
vn 0.0181000009 -0.0615999997 -0.997900009
vn -0.0401000008 0.0452999994 -0.998099983
vn 0.0381999984 -0.0804999992 -0.995999992
vn 0.0425999984 -0.0711999983 -0.996500015
vn 0.0500000007 -0.168500006 -0.984399974
vn 0.0531000011 -0.172999993 -0.983500004
vn 0.0425999984 -0.0711999983 -0.996500015
vn 0.0381999984 -0.0804999992 -0.995999992
vn -0.0401000008 0.0452999994 -0.998099983
vn -0.0625 -0.0103000002 -0.998000026
vn 0.0092000002 -0.200399995 -0.979600012
vn 0.0502000004 -0.236200005 -0.970399976
vn 0.0504000001 -0.250800014 -0.966700017
vn -0.764100015 -0.249699995 -0.594799995
vn -0.734200001 -0.318599999 -0.599399984
vn -0.152999997 -0.147799999 -0.977100015
vn -0.774999976 -0.2245 -0.590600014
vn -0.980700016 -0.194600001 -0.0163000003
vn -0.973800004 -0.226999998 -0.00689999992
vn -0.946099997 -0.323799998 0.00630000001
vn -0.773699999 -0.231099993 -0.589900017
vn -0.155900002 -0.149800003 -0.976300001
vn -0.143999994 -0.148800001 -0.978299975
vn -0.768899977 -0.238100007 -0.593400002
vn -0.975099981 -0.220799997 -0.0197999999
vn -0.977999985 -0.207699999 -0.0195000004
vn -0.694400012 -0.396499991 -0.600499988
vn -0.646000028 -0.462900013 -0.606999993
vn -0.0979000032 -0.133100003 -0.986199975
vn -0.1109 -0.142299995 -0.98360002
vn -0.127399996 -0.146699995 -0.98089999
vn -0.734200001 -0.318599999 -0.599399984
vn -0.946099997 -0.323799998 0.00630000001
vn -0.898800015 -0.43810001 0.0164000001
vn -0.840399981 -0.541599989 0.0178999994
vn -0.296400011 -0.738099992 -0.606000006
vn -0.171800002 -0.773800015 -0.609700024
vn -0.0557000004 -0.154300004 -0.986400008
vn -0.0799999982 -0.141800001 -0.986599982
vn -0.0820000023 -0.132300004 -0.987800002
vn -0.376300007 -0.695100009 -0.612500012
vn -0.469000012 -0.883099973 0
vn -0.354299992 -0.935100019 0
vn -0.194800004 -0.980799973 0
vn -0.0156999994 -0.795000017 -0.606400013
vn 0.121299997 -0.787599981 -0.604099989
vn 0.00949999969 -0.166099995 -0.986100018
vn -0.0211999994 -0.164499998 -0.986100018
vn -0.0557000004 -0.154300004 -0.986400008
vn -0.171800002 -0.773800015 -0.609700024
vn -0.194800004 -0.980799973 0
vn -0.000199999995 -1 0
vn 0.169100001 -0.985599995 0
vn 0.238199994 -0.761699975 -0.602500021
vn 0.341300011 -0.72359997 -0.599900007
vn 0.0623000003 -0.157100007 -0.985599995
vn 0.0362000018 -0.162699997 -0.986000001
vn 0.00949999969 -0.166099995 -0.986100018
vn 0.121299997 -0.787599981 -0.604099989
vn 0.169100001 -0.985599995 0
vn 0.312400013 -0.949899971 0
vn 0.437099993 -0.899399996 0
vn 0.421600014 -0.686500013 -0.592400014
vn 0.424699992 -0.628199995 -0.651899993
vn 0.0857999995 -0.153799996 -0.984300017
vn 0.0623000003 -0.157100007 -0.985599995
vn 0.341300011 -0.72359997 -0.599900007
vn 0.437099993 -0.899399996 0
vn 0.531099975 -0.847299993 0
vn 0.566399992 -0.824100018 0
vn -0.596899986 -0.524500012 -0.60710001
vn -0.646000028 -0.462900013 -0.606999993
vn -0.840399981 -0.541599989 0.0178999994
vn -0.772000015 -0.635500014 0.0116999997
vn -0.706900001 -0.707300007 0.00430000015
vn -0.549499989 -0.575999975 -0.605199993
vn -0.0870999992 -0.130899996 -0.987500012
vn -0.0927999988 -0.128199995 -0.987399995
vn -0.0979000032 -0.133100003 -0.986199975
vn 0.0533000007 -0.165700004 -0.984700024
vn 0.0417000018 -0.212599993 -0.976199985
vn 0.0487000011 -0.209199995 -0.976700008
vn 0.0571999997 -0.186000004 -0.98089999
vn 0.0621999986 -0.182699993 -0.98119998
vn 0.060899999 -0.163800001 -0.984600008
vn 0.0476999991 0.190799996 -0.980400026
vn 0.0355000012 0.145099998 -0.988799989
vn 0.0232999995 0.0869999975 -0.995899975
vn 0.0300999992 -0.263799995 -0.964100003
vn 0.0417000018 -0.212599993 -0.976199985
vn 0.0232999995 0.0869999975 -0.995899975
vn 0.0125000002 0.0346000008 -0.999300003
vn 0.00540000014 0.00359999994 -1
vn 0.0192000009 -0.296799988 -0.954699993
vn 0.0236000009 -0.280099988 -0.959699988
vn 0.0383000001 -0.245100006 -0.968699992
vn 0.0487000011 -0.209199995 -0.976700008
vn 0.0102000004 -0.298700005 -0.954299986
vn 0.000899999985 -0.000600000028 -1
vn -0.00100000005 0.0104999999 -0.999899983
vn 0.00650000013 -0.279399991 -0.960099995
vn 0.00249999994 -0.307399988 -0.951600015
vn 0.00939999986 -0.301200002 -0.953499973
vn 0.131400004 0.651600003 -0.747099996
vn 0.0795999989 0.488599986 -0.868799984
vn 0.116599999 0.194100007 -0.973999977
vn 0.180299997 0.32280001 -0.929099977
vn 0.298999995 0.445100009 -0.844099998
vn 0.416799992 0.712000012 -0.565100014
vn 0.2377 0.439999998 -0.86589998
vn 0.113399997 0.385800004 -0.915600002
vn 0.0719000027 0.2852 -0.95569998
vn -0.1303 0.158800006 -0.978699982
vn -0.0982000008 0.2271 -0.968900025
vn -0.0615999997 0.00200000009 -0.998099983
vn -0.0931999981 -0.0447999984 -0.994599998
vn 0.0092000002 -0.200399995 -0.979600012
vn -0.0625 -0.0103000002 -0.998000026
vn -0.0401000008 0.0452999994 -0.998099983
vn 0.0754000023 -0.231299996 -0.969900012
vn 0.0190999992 -0.250499994 -0.967899978
vn -0.00139999995 0.0274 -0.999599993
vn 0.130999997 0.0137999998 -0.991299987
vn 0.110699996 0.144500002 -0.983299971
vn 0.147799999 -0.204999998 -0.967499971
vn -0.0154999997 -0.330199987 -0.943799973
vn 0.00389999989 -0.330199987 -0.943899989
vn 0.0296999998 -0.323199987 -0.945900023
vn 0.00810000021 -0.2579 -0.966099977
vn 0.00650000013 -0.279399991 -0.960099995
vn -0.00100000005 0.0104999999 -0.999899983
vn -0.000899999985 0.0223999992 -0.99970001
vn -0.000199999995 0.0286999997 -0.999599993
vn 0.0147000002 -0.245900005 -0.969200015
vn 0.0164000001 -0.302399993 -0.953000009
vn 0.00350000011 -0.30399999 -0.952600002
vn 0.00249999994 -0.307399988 -0.951600015
vn 0.0217000004 -0.246000007 -0.968999982
vn 0.0147000002 -0.245900005 -0.969200015
vn -0.000199999995 0.0286999997 -0.999599993
vn 0.000500000024 0.0291000009 -0.999599993
vn -0.00139999995 0.0274 -0.999599993
vn 0.0190999992 -0.250499994 -0.967899978
vn 0.0296999998 -0.323199987 -0.945900023
vn 0.0315999985 -0.310799986 -0.949899971
vn 0.0164000001 -0.302399993 -0.953000009
vn 0.0108000003 -0.277200013 -0.960699975
vn 0.0388999991 -0.2667 -0.963
vn 0.0296999998 -0.323199987 -0.945900023
vn 0.00389999989 -0.330199987 -0.943899989
vn -0.0100999996 -0.280800015 -0.959699988
vn 0.00980000012 -0.0141000003 -0.999800026
vn 0.0551000014 0.0472000018 -0.997300029
vn -0.0782999992 -0.129600003 -0.988399982
vn -0.0820000023 -0.132300004 -0.987800002
vn -0.0115999999 -0.00170000002 -0.999899983
vn 0.0271000005 0.0691 -0.997200012
vn 0.153799996 0.171499997 -0.973100007
vn 0.429500014 0.458099991 -0.778199971
vn 0.1184 0.293199986 -0.948700011
vn 0.154100001 0.3486 -0.924499989
vn 0.0590999983 -0.106399998 -0.992600024
vn 0.0544999987 -0.121299997 -0.991100013
vn 0.0500999987 0.211899996 -0.976000011
vn 0.0544000007 0.219799995 -0.973999977
vn 0.0719000027 0.2852 -0.95569998
vn 0.0697999969 -0.0861999989 -0.993799984
vn 0.0621999986 -0.182699993 -0.98119998
vn 0.0571999997 -0.186000004 -0.98089999
vn 0.0487000011 -0.209199995 -0.976700008
vn 0.0478999987 -0.149599999 -0.987500012
vn 0.0544999987 -0.121299997 -0.991100013
vn 0.0487000011 -0.209199995 -0.976700008
vn 0.0383000001 -0.245100006 -0.968699992
vn 0.0236000009 -0.280099988 -0.959699988
vn 0.0300999992 -0.185100004 -0.982200027
vn 0.00219999999 0.175699994 -0.984399974
vn 0.0401000008 0.204999998 -0.977900028
vn 0.0500999987 0.211899996 -0.976000011
vn 0.0100999996 -0.214599997 -0.976599991
vn 0.00939999986 -0.301200002 -0.953499973
vn 0.00249999994 -0.307399988 -0.951600015
vn -0.0027999999 -0.232099995 -0.9727
vn -0.0615999997 0.00200000009 -0.998099983
vn -0.0397000015 0.111900002 -0.992900014
vn 0.0869000033 -0.0384999998 -0.995500028
vn 0.316199988 0.274599999 -0.907999992
vn 0.248500004 -0.0592 -0.966799974
vn 0.0753000006 -0.204899997 -0.975899994
vn 0.0621999986 -0.182699993 -0.98119998
vn 0.0697999969 -0.0861999989 -0.993799984
vn -0.0115999999 -0.231700003 -0.9727
vn -0.0027999999 -0.232099995 -0.9727
vn 0.00249999994 -0.307399988 -0.951600015
vn 0.00350000011 -0.30399999 -0.952600002
vn 0.0164000001 -0.302399993 -0.953000009
vn 0.0137 -0.235400006 -0.971800029
vn -0.0931999981 -0.0447999984 -0.994599998
vn -0.0615999997 0.00200000009 -0.998099983
vn 0.0390000008 -0.25060001 -0.967299998
vn 0.0315999985 -0.310799986 -0.949899971
vn 0.0388999991 -0.2667 -0.963
vn 0.0504000001 -0.250800014 -0.966700017
vn 0.0502000004 -0.236200005 -0.970399976
vn -0.46509999 -0.632000029 -0.619899988
vn -0.0782999992 -0.129600003 -0.988399982
vn -0.602900028 -0.797800004 0.000699999975
vn -0.469000012 -0.883099973 0
vn -0.376300007 -0.695100009 -0.612500012
vn -0.0820000023 -0.132300004 -0.987800002
vn 0.551800013 0.55369997 -0.623600006
vn 0.316199988 0.274599999 -0.907999992
vn 0.429500014 0.458099991 -0.778199971
vn 0.154100001 0.3486 -0.924499989
vn 0.393299997 0.217600003 -0.893299997
vn 0.248500004 -0.0592 -0.966799974
vn 0.0833000019 -0.222599998 -0.971300006
vn 0.0666000023 0.191 -0.979300022
vn 0.0476999991 0.190799996 -0.980400026
vn 0.060899999 -0.163800001 -0.984600008
vn 0.0621999986 -0.182699993 -0.98119998
vn 0.0753000006 -0.204899997 -0.975899994
vn 0.248500004 -0.0592 -0.966799974
vn 0.393299997 0.217600003 -0.893299997
vn 0.154100001 0.3486 -0.924499989
vn -0.0666999966 0.304199994 -0.950200021
vn -0.0155999996 0.374599993 -0.927100003
vn -0.0982000008 0.2271 -0.968900025
vn -0.0401000008 0.0452999994 -0.998099983
vn -0.0120000001 0.0731000006 -0.997200012
vn 0.0192000009 0.100100003 -0.994799972
vn 0.0296 0.401800007 -0.915199995
vn 0.0419999994 0.393299997 -0.91839999
vn 0.0463000014 0.112800002 -0.992500007
vn 0.0533000007 0.107900001 -0.992699981
vn 0.0498000011 0.396600008 -0.916599989
vn 0.0419999994 0.393299997 -0.91839999
vn 0.0533000007 0.107900001 -0.992699981
vn 0.0653000027 0.119099997 -0.990700006
vn 0.116599999 0.194100007 -0.973999977
vn 0.0795999989 0.488599986 -0.868799984
vn -0.974300027 -0.224999994 -0.00810000021
vn -0.946699977 -0.321999997 0.00749999983
vn -0.981000006 -0.193000004 -0.0190999992
vn -0.98119998 -0.192000002 -0.0197000001
vn -0.975099981 -0.221699998 -0.00870000012
vn -0.948099971 -0.317900002 0.00719999988
vn -0.976300001 -0.215200007 -0.0229000002
vn -0.971300006 -0.236900002 -0.023
vn -0.968999982 -0.245700002 -0.0236000009
vn -0.979499996 -0.200299993 -0.0231999997
vn -0.899200022 -0.437099993 0.0197000001
vn -0.839999974 -0.542100012 0.0219000001
vn -0.840399981 -0.541599989 0.0178999994
vn -0.898800015 -0.43810001 0.0164000001
vn -0.946099997 -0.323799998 0.00630000001
vn -0.946699977 -0.321999997 0.00749999983
vn -0.948099971 -0.317900002 0.00719999988
vn -0.9005 -0.434300005 0.0200999994
vn -0.840900004 -0.540600002 0.0225000009
vn -0.354299992 -0.935100019 0
vn -0.194800004 -0.980799973 0
vn -0.194800004 -0.980799973 0
vn -0.354299992 -0.935100019 0
vn -0.469000012 -0.883099973 0
vn -0.469000012 -0.883099973 0
vn -0.468699992 -0.883300006 0
vn -0.353399992 -0.935500026 0
vn -0.193200007 -0.981100023 0
vn -0.000199999995 -1 0
vn 0.169100001 -0.985599995 0
vn 0.169100001 -0.985599995 0
vn -0.000199999995 -1 0
vn -0.194800004 -0.980799973 0
vn -0.194800004 -0.980799973 0
vn -0.193200007 -0.981100023 0
vn 0.00100000005 -1 0
vn 0.170000002 -0.985400021 0
vn 0.312400013 -0.949899971 0
vn 0.437099993 -0.899399996 0
vn 0.437099993 -0.899399996 0
vn 0.312400013 -0.949899971 0
vn 0.169100001 -0.985599995 0
vn 0.169100001 -0.985599995 0
vn 0.170000002 -0.985400021 0
vn 0.312999994 -0.949699998 0
vn 0.437599987 -0.899100006 0
vn 0.531099975 -0.847299993 0
vn 0.566399992 -0.824100018 0
vn 0.531099975 -0.847299993 0
vn 0.437099993 -0.899399996 0
vn 0.437099993 -0.899399996 0
vn 0.437599987 -0.899100006 0
vn 0.529900014 -0.84799999 0
vn 0.566399992 -0.824100018 0
vn -0.770699978 -0.637000024 0.0144999996
vn -0.839999974 -0.542100012 0.0219000001
vn -0.840900004 -0.540600002 0.0225000009
vn -0.770699978 -0.637000024 0.0149999997
vn -0.705500007 -0.708599985 0.0055999998
vn -0.705799997 -0.708400011 0.00540000014
vn -0.772000015 -0.635500014 0.0116999997
vn -0.840399981 -0.541599989 0.0178999994
vn -0.602500021 -0.798099995 0.000899999985
vn -0.469000012 -0.883099973 0
vn -0.469000012 -0.883099973 0
vn -0.602900028 -0.797800004 0.000699999975
vn -0.602900028 -0.797800004 0.000899999985
vn -0.468699992 -0.883300006 0
f 1/1/1 2/2/2 3/3/3
f 1/1/1 3/3/3 4/4/4
f 1/1/1 4/4/4 5/5/5
f 1/1/1 5/5/5 6/6/6
f 1/1/1 6/6/6 7/7/7
f 1/1/1 7/7/7 8/8/8
f 1/1/1 8/8/8 9/9/9
f 1/1/1 9/9/9 2/2/2
f 10/10/10 6/6/6 5/5/5
f 10/10/10 5/5/5 11/11/11
f 10/10/10 11/11/11 12/12/12
f 10/10/10 12/12/12 13/13/13
f 10/10/10 13/13/13 14/14/14
f 10/10/10 14/14/14 15/15/15
f 10/10/10 15/15/15 7/7/7
f 10/10/10 7/7/7 6/6/6
f 16/16/16 17/17/17 5/5/5
f 16/16/16 5/5/5 4/4/4
f 16/16/16 4/4/4 3/3/3
f 16/16/16 3/3/3 18/18/18
f 16/16/16 18/18/18 19/19/19
f 16/16/16 19/19/19 20/20/20
f 16/16/16 20/20/20 21/21/21
f 16/16/16 21/21/21 17/17/17
f 22/22/22 23/23/23 12/12/12
f 22/22/22 12/12/12 11/11/11
f 22/22/22 11/11/11 5/5/5
f 22/22/22 5/5/5 17/17/17
f 22/22/22 17/17/17 21/21/21
f 22/22/22 21/21/21 24/24/24
f 22/22/22 24/24/24 25/25/25
f 22/22/22 25/25/25 23/23/23
f 26/26/26 27/27/27 28/28/28
f 26/26/26 28/28/28 29/29/29
f 26/26/26 29/29/29 30/30/30
f 26/26/26 30/30/30 31/31/31
f 26/26/26 31/31/31 32/32/32
f 26/26/26 32/32/32 33/33/33
f 26/26/26 33/33/33 34/34/34
f 26/26/26 34/34/34 27/27/27
f 35/35/35 36/36/36 37/37/37
f 35/35/35 37/37/37 38/38/38
f 35/35/35 38/38/38 28/28/28
f 35/35/35 28/28/28 27/27/27
f 35/35/35 27/27/27 34/34/34
f 35/35/35 34/34/34 39/39/39
f 35/35/35 39/39/39 40/40/40
f 35/35/35 40/40/40 36/36/36
f 41/41/41 42/42/42 43/43/43
f 41/41/41 43/43/43 44/44/44
f 41/41/41 44/44/44 45/45/45
f 41/41/41 45/45/45 46/46/46
f 41/41/41 46/46/46 47/47/47
f 41/41/41 47/47/47 48/48/48
f 41/41/41 48/48/48 49/49/49
f 41/41/41 49/49/49 42/42/42
f 50/50/50 51/51/51 52/52/52
f 50/50/50 52/52/52 53/53/53
f 50/50/50 53/53/53 43/43/43
f 50/50/50 43/43/43 42/42/42
f 50/50/50 42/42/42 49/49/49
f 50/50/50 49/49/49 54/54/54
f 50/50/50 54/54/54 55/55/55
f 50/50/50 55/55/55 51/51/51
f 56/56/56 57/57/57 43/43/43
f 56/56/56 43/43/43 53/53/53
f 56/56/56 53/53/53 52/52/52
f 56/56/56 52/52/52 58/58/58
f 56/56/56 58/58/58 59/59/59
f 56/56/56 59/59/59 60/60/60
f 56/56/56 60/60/60 61/61/61
f 56/56/56 61/61/61 57/57/57
f 62/62/62 63/63/63 45/45/45
f 62/62/62 45/45/45 44/44/44
f 62/62/62 44/44/44 43/43/43
f 62/62/62 43/43/43 57/57/57
f 62/62/62 57/57/57 61/61/61
f 62/62/62 61/61/61 64/64/64
f 62/62/62 64/64/64 65/65/65
f 62/62/62 65/65/65 63/63/63
f 66/66/66 67/67/67 68/68/68
f 66/66/66 68/68/68 69/69/69
f 66/66/66 69/69/69 70/70/70
f 66/66/66 70/70/70 71/71/71
f 66/66/66 71/71/71 72/72/72
f 66/66/66 72/72/72 73/73/73
f 66/66/66 73/73/73 74/74/74
f 66/66/66 74/74/74 67/67/67
f 75/75/75 76/76/76 77/77/77
f 75/75/75 77/77/77 78/78/78
f 75/75/75 78/78/78 68/68/68
f 75/75/75 68/68/68 67/67/67
f 75/75/75 67/67/67 74/74/74
f 75/75/75 74/74/74 79/79/79
f 75/75/75 79/79/79 80/80/80
f 75/75/75 80/80/80 76/76/76
f 81/81/81 82/82/82 83/83/83
f 81/81/81 83/83/83 84/84/84
f 81/81/81 84/84/84 85/85/85
f 81/81/81 85/85/85 86/86/86
f 81/81/81 86/86/86 87/87/87
f 81/81/81 87/87/87 88/88/88
f 81/81/81 88/88/88 89/89/89
f 81/81/81 89/89/89 82/82/82
f 90/90/90 91/91/91 92/92/92
f 90/90/90 92/92/92 93/93/93
f 90/90/90 93/93/93 83/83/83
f 90/90/90 83/83/83 82/82/82
f 90/90/90 82/82/82 89/89/89
f 90/90/90 89/89/89 94/94/94
f 90/90/90 94/94/94 95/95/95
f 90/90/90 95/95/95 91/91/91
f 96/96/96 97/97/97 98/98/98
f 96/96/96 98/98/98 99/99/99
f 96/96/96 99/99/99 100/100/100
f 96/96/96 100/100/100 101/101/101
f 96/96/96 101/101/101 102/102/102
f 96/96/96 102/102/102 103/103/103
f 96/96/96 103/103/103 104/104/104
f 96/96/96 104/104/104 97/97/97
f 105/105/105 106/106/106 107/107/107
f 105/105/105 107/107/107 108/108/108
f 105/105/105 108/108/108 98/98/98
f 105/105/105 98/98/98 97/97/97
f 105/105/105 97/97/97 104/104/104
f 105/105/105 104/104/104 109/109/109
f 105/105/105 109/109/109 110/110/110
f 105/105/105 110/110/110 106/106/106
f 111/111/111 112/112/112 113/113/113
f 111/111/111 113/113/113 114/114/114
f 111/111/111 114/114/114 115/115/115
f 111/111/111 115/115/115 116/116/116
f 111/111/111 116/116/116 117/117/117
f 111/111/111 117/117/117 118/118/118
f 111/111/111 118/118/118 119/119/119
f 111/111/111 119/119/119 112/112/112
f 120/120/120 121/121/121 122/122/122
f 120/120/120 122/122/122 123/123/123
f 120/120/120 123/123/123 113/113/113
f 120/120/120 113/113/113 112/112/112
f 120/120/120 112/112/112 119/119/119
f 120/120/120 119/119/119 124/124/124
f 120/120/120 124/124/124 125/125/125
f 120/120/120 125/125/125 121/121/121
f 126/126/126 127/127/127 128/128/128
f 126/126/126 128/128/128 129/129/129
f 126/126/126 129/129/129 130/130/130
f 126/126/126 130/130/130 131/131/131
f 126/126/126 131/131/131 115/115/115
f 126/126/126 115/115/115 114/114/114
f 126/126/126 114/114/114 113/113/113
f 126/126/126 113/113/113 127/127/127
f 132/132/132 133/133/133 134/134/134
f 132/132/132 134/134/134 135/135/135
f 132/132/132 135/135/135 128/128/128
f 132/132/132 128/128/128 127/127/127
f 132/132/132 127/127/127 113/113/113
f 132/132/132 113/113/113 123/123/123
f 132/132/132 123/123/123 122/122/122
f 132/132/132 122/122/122 133/133/133
f 136/136/136 137/137/137 138/138/138
f 136/136/136 138/138/138 139/139/139
f 136/136/136 139/139/139 140/140/140
f 136/136/136 140/140/140 141/141/141
f 136/136/136 141/141/141 142/142/142
f 136/136/136 142/142/142 143/143/143
f 136/136/136 143/143/143 144/144/144
f 136/136/136 144/144/144 137/137/137
f 145/145/145 146/146/146 147/147/147
f 145/145/145 147/147/147 148/148/148
f 145/145/145 148/148/148 138/138/138
f 145/145/145 138/138/138 137/137/137
f 145/145/145 137/137/137 144/144/144
f 145/145/145 144/144/144 149/149/149
f 145/145/145 149/149/149 150/150/150
f 145/145/145 150/150/150 146/146/146
f 151/151/151 152/152/152 153/153/153
f 151/151/151 153/153/153 154/154/154
f 151/151/151 154/154/154 155/155/155
f 151/151/151 155/155/155 156/156/156
f 151/151/151 156/156/156 157/157/157
f 151/151/151 157/157/157 158/158/158
f 151/151/151 158/158/158 159/159/159
f 151/151/151 159/159/159 152/152/152
f 160/160/160 161/161/161 162/162/162
f 160/160/160 162/162/162 163/163/163
f 160/160/160 163/163/163 153/153/153
f 160/160/160 153/153/153 152/152/152
f 160/160/160 152/152/152 159/159/159
f 160/160/160 159/159/159 164/164/164
f 160/160/160 164/164/164 165/165/165
f 160/160/160 165/165/165 161/161/161
f 166/166/166 167/167/167 168/168/168
f 166/166/166 168/168/168 169/169/169
f 166/166/166 169/169/169 170/170/170
f 166/166/166 170/170/170 171/171/171
f 166/166/166 171/171/171 172/172/172
f 166/166/166 172/172/172 173/173/173
f 166/166/166 173/173/173 174/174/174
f 166/166/166 174/174/174 167/167/167
f 175/175/175 176/176/176 177/177/177
f 175/175/175 177/177/177 178/178/178
f 175/175/175 178/178/178 168/168/168
f 175/175/175 168/168/168 167/167/167
f 175/175/175 167/167/167 174/174/174
f 175/175/175 174/174/174 179/179/179
f 175/175/175 179/179/179 180/180/180
f 175/175/175 180/180/180 176/176/176
f 181/181/181 182/182/182 183/183/183
f 181/181/181 183/183/183 184/184/184
f 181/181/181 184/184/184 14/14/14
f 181/181/181 14/14/14 13/13/13
f 181/181/181 13/13/13 12/12/12
f 181/181/181 12/12/12 185/185/185
f 181/181/181 185/185/185 186/186/186
f 181/181/181 186/186/186 182/182/182
f 187/187/187 188/188/188 186/186/186
f 187/187/187 186/186/186 185/185/185
f 187/187/187 185/185/185 12/12/12
f 187/187/187 12/12/12 23/23/23
f 187/187/187 23/23/23 25/25/25
f 187/187/187 25/25/25 189/189/189
f 187/187/187 189/189/189 190/190/190
f 187/187/187 190/190/190 188/188/188
f 191/191/191 192/192/192 193/193/193
f 191/191/191 193/193/193 194/194/194
f 191/191/191 194/194/194 37/37/37
f 191/191/191 37/37/37 36/36/36
f 191/191/191 36/36/36 40/40/40
f 191/191/191 40/40/40 195/195/195
f 191/191/191 195/195/195 196/196/196
f 191/191/191 196/196/196 192/192/192
f 197/197/197 46/46/46 45/45/45
f 197/197/197 45/45/45 198/198/198
f 197/197/197 198/198/198 199/199/199
f 197/197/197 199/199/199 200/200/200
f 197/197/197 200/200/200 201/201/201
f 197/197/197 201/201/201 202/202/202
f 197/197/197 202/202/202 47/47/47
f 197/197/197 47/47/47 46/46/46
f 203/203/203 204/204/204 199/199/199
f 203/203/203 199/199/199 198/198/198
f 203/203/203 198/198/198 45/45/45
f 203/203/203 45/45/45 63/63/63
f 203/203/203 63/63/63 65/65/65
f 203/203/203 65/65/65 205/205/205
f 203/203/203 205/205/205 206/206/206
f 203/203/203 206/206/206 204/204/204
f 207/207/207 71/71/71 70/70/70
f 207/207/207 70/70/70 208/208/208
f 207/207/207 208/208/208 209/209/209
f 207/207/207 209/209/209 210/210/210
f 207/207/207 210/210/210 211/211/211
f 207/207/207 211/211/211 212/212/212
f 207/207/207 212/212/212 72/72/72
f 207/207/207 72/72/72 71/71/71
f 213/213/213 214/214/214 215/215/215
f 213/213/213 215/215/215 216/216/216
f 213/213/213 216/216/216 92/92/92
f 213/213/213 92/92/92 91/91/91
f 213/213/213 91/91/91 95/95/95
f 213/213/213 95/95/95 217/217/217
f 213/213/213 217/217/217 218/218/218
f 213/213/213 218/218/218 214/214/214
f 219/219/219 220/220/220 221/221/221
f 219/219/219 221/221/221 222/222/222
f 219/219/219 222/222/222 107/107/107
f 219/219/219 107/107/107 106/106/106
f 219/219/219 106/106/106 110/110/110
f 219/219/219 110/110/110 223/223/223
f 219/219/219 223/223/223 224/224/224
f 219/219/219 224/224/224 220/220/220
f 225/225/225 226/226/226 227/227/227
f 225/225/225 227/227/227 228/228/228
f 225/225/225 228/228/228 122/122/122
f 225/225/225 122/122/122 121/121/121
f 225/225/225 121/121/121 125/125/125
f 225/225/225 125/125/125 229/229/229
f 225/225/225 229/229/229 230/230/230
f 225/225/225 230/230/230 226/226/226
f 231/231/231 232/232/232 233/233/233
f 231/231/231 233/233/233 234/234/234
f 231/231/231 234/234/234 134/134/134
f 231/231/231 134/134/134 133/133/133
f 231/231/231 133/133/133 122/122/122
f 231/231/231 122/122/122 228/228/228
f 231/231/231 228/228/228 227/227/227
f 231/231/231 227/227/227 232/232/232
f 235/235/235 141/141/141 140/140/140
f 235/235/235 140/140/140 236/236/236
f 235/235/235 236/236/236 237/237/237
f 235/235/235 237/237/237 238/238/238
f 235/235/235 238/238/238 239/239/239
f 235/235/235 239/239/239 240/240/240
f 235/235/235 240/240/240 142/142/142
f 235/235/235 142/142/142 141/141/141
f 241/241/241 242/242/242 243/243/243
f 241/241/241 243/243/243 244/244/244
f 241/241/241 244/244/244 162/162/162
f 241/241/241 162/162/162 161/161/161
f 241/241/241 161/161/161 165/165/165
f 241/241/241 165/165/165 245/245/245
f 241/241/241 245/245/245 246/246/246
f 241/241/241 246/246/246 242/242/242
f 247/247/247 171/171/171 170/170/170
f 247/247/247 170/170/170 248/248/248
f 247/247/247 248/248/248 249/249/249
f 247/247/247 249/249/249 250/250/250
f 247/247/247 250/250/250 251/251/251
f 247/247/247 251/251/251 252/252/252
f 247/247/247 252/252/252 172/172/172
f 247/247/247 172/172/172 171/171/171
f 253/253/253 254/254/254 255/255/255
f 253/253/253 255/255/255 256/256/256
f 253/253/253 256/256/256 257/257/257
f 253/253/253 257/257/257 258/258/258
f 253/253/253 258/258/258 259/259/259
f 253/253/253 259/259/259 260/260/260
f 253/253/253 260/260/260 261/261/261
f 253/253/253 261/261/261 254/254/254
f 262/262/262 263/263/263 264/264/264
f 262/262/262 264/264/264 265/265/265
f 262/262/262 265/265/265 255/255/255
f 262/262/262 255/255/255 254/254/254
f 262/262/262 254/254/254 261/261/261
f 262/262/262 261/261/261 266/266/266
f 262/262/262 266/266/266 267/267/267
f 262/262/262 267/267/267 263/263/263
f 268/268/268 269/269/269 270/270/270
f 268/268/268 270/270/270 271/271/271
f 268/268/268 271/271/271 272/272/272
f 268/268/268 272/272/272 273/273/273
f 268/268/268 273/273/273 274/274/274
f 268/268/268 274/274/274 275/275/275
f 268/268/268 275/275/275 276/276/276
f 268/268/268 276/276/276 269/269/269
f 277/277/277 278/278/278 279/279/279
f 277/277/277 279/279/279 280/280/280
f 277/277/277 280/280/280 270/270/270
f 277/277/277 270/270/270 269/269/269
f 277/277/277 269/269/269 276/276/276
f 277/277/277 276/276/276 281/281/281
f 277/277/277 281/281/281 282/282/282
f 277/277/277 282/282/282 278/278/278
f 283/283/283 284/284/284 285/285/285
f 283/283/283 285/285/285 286/286/286
f 283/283/283 286/286/286 287/287/287
f 283/283/283 287/287/287 288/288/288
f 283/283/283 288/288/288 272/272/272
f 283/283/283 272/272/272 271/271/271
f 283/283/283 271/271/271 270/270/270
f 283/283/283 270/270/270 284/284/284
f 289/289/289 290/290/290 291/291/291
f 289/289/289 291/291/291 292/292/292
f 289/289/289 292/292/292 285/285/285
f 289/289/289 285/285/285 284/284/284
f 289/289/289 284/284/284 270/270/270
f 289/289/289 270/270/270 280/280/280
f 289/289/289 280/280/280 279/279/279
f 289/289/289 279/279/279 290/290/290
f 293/293/293 294/294/294 295/295/295
f 293/293/293 295/295/295 296/296/296
f 293/293/293 296/296/296 297/297/297
f 293/293/293 297/297/297 298/298/298
f 293/293/293 298/298/298 299/299/299
f 293/293/293 299/299/299 300/300/300
f 293/293/293 300/300/300 301/301/301
f 293/293/293 301/301/301 294/294/294
f 302/302/302 303/303/303 304/304/304
f 302/302/302 304/304/304 305/305/305
f 302/302/302 305/305/305 295/295/295
f 302/302/302 295/295/295 294/294/294
f 302/302/302 294/294/294 301/301/301
f 302/302/302 301/301/301 306/306/306
f 302/302/302 306/306/306 307/307/307
f 302/302/302 307/307/307 303/303/303
f 308/308/308 309/309/309 310/310/310
f 308/308/308 310/310/310 311/311/311
f 308/308/308 311/311/311 312/312/312
f 308/308/308 312/312/312 313/313/313
f 308/308/308 313/313/313 297/297/297
f 308/308/308 297/297/297 296/296/296
f 308/308/308 296/296/296 295/295/295
f 308/308/308 295/295/295 309/309/309
f 314/314/314 315/315/315 316/316/316
f 314/314/314 316/316/316 317/317/317
f 314/314/314 317/317/317 310/310/310
f 314/314/314 310/310/310 309/309/309
f 314/314/314 309/309/309 295/295/295
f 314/314/314 295/295/295 305/305/305
f 314/314/314 305/305/305 304/304/304
f 314/314/314 304/304/304 315/315/315
f 318/318/318 319/319/319 320/320/320
f 318/318/318 320/320/320 321/321/321
f 318/318/318 321/321/321 322/322/322
f 318/318/318 322/322/322 323/323/323
f 318/318/318 323/323/323 324/324/324
f 318/318/318 324/324/324 325/325/325
f 318/318/318 325/325/325 326/326/326
f 318/318/318 326/326/326 319/319/319
f 327/327/327 328/328/328 329/329/329
f 327/327/327 329/329/329 330/330/330
f 327/327/327 330/330/330 320/320/320
f 327/327/327 320/320/320 319/319/319
f 327/327/327 319/319/319 326/326/326
f 327/327/327 326/326/326 331/331/331
f 327/327/327 331/331/331 332/332/332
f 327/327/327 332/332/332 328/328/328
f 333/333/333 334/334/334 326/326/326
f 333/333/333 326/326/326 325/325/325
f 333/333/333 325/325/325 324/324/324
f 333/333/333 324/324/324 335/335/335
f 333/333/333 335/335/335 336/336/336
f 333/333/333 336/336/336 337/337/337
f 333/333/333 337/337/337 338/338/338
f 333/333/333 338/338/338 334/334/334
f 339/339/339 340/340/340 332/332/332
f 339/339/339 332/332/332 331/331/331
f 339/339/339 331/331/331 326/326/326
f 339/339/339 326/326/326 334/334/334
f 339/339/339 334/334/334 338/338/338
f 339/339/339 338/338/338 341/341/341
f 339/339/339 341/341/341 342/342/342
f 339/339/339 342/342/342 340/340/340
f 343/343/343 344/344/344 345/345/345
f 343/343/343 345/345/345 346/346/346
f 343/343/343 346/346/346 347/347/347
f 343/343/343 347/347/347 348/348/348
f 343/343/343 348/348/348 349/349/349
f 343/343/343 349/349/349 350/350/350
f 343/343/343 350/350/350 351/351/351
f 343/343/343 351/351/351 344/344/344
f 352/352/352 353/353/353 354/354/354
f 352/352/352 354/354/354 355/355/355
f 352/352/352 355/355/355 345/345/345
f 352/352/352 345/345/345 344/344/344
f 352/352/352 344/344/344 351/351/351
f 352/352/352 351/351/351 356/356/356
f 352/352/352 356/356/356 357/357/357
f 352/352/352 357/357/357 353/353/353
f 358/358/358 359/359/359 351/351/351
f 358/358/358 351/351/351 350/350/350
f 358/358/358 350/350/350 349/349/349
f 358/358/358 349/349/349 360/360/360
f 358/358/358 360/360/360 361/361/361
f 358/358/358 361/361/361 362/362/362
f 358/358/358 362/362/362 363/363/363
f 358/358/358 363/363/363 359/359/359
f 364/364/364 365/365/365 357/357/357
f 364/364/364 357/357/357 356/356/356
f 364/364/364 356/356/356 351/351/351
f 364/364/364 351/351/351 359/359/359
f 364/364/364 359/359/359 363/363/363
f 364/364/364 363/363/363 366/366/366
f 364/364/364 366/366/366 367/367/367
f 364/364/364 367/367/367 365/365/365
f 368/368/368 369/369/369 370/370/370
f 368/368/368 370/370/370 371/371/371
f 368/368/368 371/371/371 372/372/372
f 368/368/368 372/372/372 373/373/373
f 368/368/368 373/373/373 374/374/374
f 368/368/368 374/374/374 375/375/375
f 368/368/368 375/375/375 376/376/376
f 368/368/368 376/376/376 369/369/369
f 377/377/377 378/378/378 379/379/379
f 377/377/377 379/379/379 380/380/380
f 377/377/377 380/380/380 370/370/370
f 377/377/377 370/370/370 369/369/369
f 377/377/377 369/369/369 376/376/376
f 377/377/377 376/376/376 381/381/381
f 377/377/377 381/381/381 382/382/382
f 377/377/377 382/382/382 378/378/378
f 383/383/383 384/384/384 385/385/385
f 383/383/383 385/385/385 386/386/386
f 383/383/383 386/386/386 361/361/361
f 383/383/383 361/361/361 387/387/387
f 383/383/383 387/387/387 372/372/372
f 383/383/383 372/372/372 371/371/371
f 383/383/383 371/371/371 370/370/370
f 383/383/383 370/370/370 384/384/384
f 388/388/388 389/389/389 390/390/390
f 388/388/388 390/390/390 391/391/391
f 388/388/388 391/391/391 385/385/385
f 388/388/388 385/385/385 384/384/384
f 388/388/388 384/384/384 370/370/370
f 388/388/388 370/370/370 380/380/380
f 388/388/388 380/380/380 379/379/379
f 388/388/388 379/379/379 389/389/389
f 392/392/392 393/393/393 394/394/394
f 392/392/392 394/394/394 395/395/395
f 392/392/392 395/395/395 396/396/396
f 392/392/392 396/396/396 397/397/397
f 392/392/392 397/397/397 398/398/398
f 392/392/392 398/398/398 399/399/399
f 392/392/392 399/399/399 400/400/400
f 392/392/392 400/400/400 393/393/393
f 401/401/401 402/402/402 403/403/403
f 401/401/401 403/403/403 404/404/404
f 401/401/401 404/404/404 394/394/394
f 401/401/401 394/394/394 393/393/393
f 401/401/401 393/393/393 400/400/400
f 401/401/401 400/400/400 405/405/405
f 401/401/401 405/405/405 406/406/406
f 401/401/401 406/406/406 402/402/402
f 407/407/407 408/408/408 394/394/394
f 407/407/407 394/394/394 404/404/404
f 407/407/407 404/404/404 403/403/403
f 407/407/407 403/403/403 409/409/409
f 407/407/407 409/409/409 410/410/410
f 407/407/407 410/410/410 411/411/411
f 407/407/407 411/411/411 412/412/412
f 407/407/407 412/412/412 408/408/408
f 413/413/413 414/414/414 396/396/396
f 413/413/413 396/396/396 395/395/395
f 413/413/413 395/395/395 394/394/394
f 413/413/413 394/394/394 408/408/408
f 413/413/413 408/408/408 412/412/412
f 413/413/413 412/412/412 415/415/415
f 413/413/413 415/415/415 416/416/416
f 413/413/413 416/416/416 414/414/414
f 417/417/417 418/418/418 419/419/419
f 417/417/417 419/419/419 420/420/420
f 417/417/417 420/420/420 421/421/421
f 417/417/417 421/421/421 422/422/422
f 417/417/417 422/422/422 423/423/423
f 417/417/417 423/423/423 424/424/424
f 417/417/417 424/424/424 425/425/425
f 417/417/417 425/425/425 418/418/418
f 426/426/426 427/427/427 428/428/428
f 426/426/426 428/428/428 429/429/429
f 426/426/426 429/429/429 430/430/430
f 426/426/426 430/430/430 431/431/431
f 426/426/426 431/431/431 432/432/432
f 426/426/426 432/432/432 433/433/433
f 426/426/426 433/433/433 434/434/434
f 426/426/426 434/434/434 427/427/427
f 435/435/435 436/436/436 437/437/437
f 435/435/435 437/437/437 438/438/438
f 435/435/435 438/438/438 439/439/439
f 435/435/435 439/439/439 440/440/440
f 435/435/435 440/440/440 441/441/441
f 435/435/435 441/441/441 442/442/442
f 435/435/435 442/442/442 443/443/443
f 435/435/435 443/443/443 436/436/436
f 444/444/444 445/445/445 446/446/446
f 444/444/444 446/446/446 447/447/447
f 444/444/444 447/447/447 437/437/437
f 444/444/444 437/437/437 436/436/436
f 444/444/444 436/436/436 443/443/443
f 444/444/444 443/443/443 448/448/448
f 444/444/444 448/448/448 449/449/449
f 444/444/444 449/449/449 445/445/445
f 450/450/450 451/451/451 452/452/452
f 450/450/450 452/452/452 453/453/453
f 450/450/450 453/453/453 454/454/454
f 450/450/450 454/454/454 455/455/455
f 450/450/450 455/455/455 456/456/456
f 450/450/450 456/456/456 457/457/457
f 450/450/450 457/457/457 458/458/458
f 450/450/450 458/458/458 451/451/451
f 459/459/459 460/460/460 461/461/461
f 459/459/459 461/461/461 462/462/462
f 459/459/459 462/462/462 463/463/463
f 459/459/459 463/463/463 464/464/464
f 459/459/459 464/464/464 454/454/454
f 459/459/459 454/454/454 453/453/453
f 459/459/459 453/453/453 452/452/452
f 459/459/459 452/452/452 460/460/460
f 465/465/465 466/466/466 467/467/467
f 465/465/465 467/467/467 468/468/468
f 465/465/465 468/468/468 469/469/469
f 465/465/465 469/469/469 470/470/470
f 465/465/465 470/470/470 471/471/471
f 465/465/465 471/471/471 472/472/472
f 465/465/465 472/472/472 473/473/473
f 465/465/465 473/473/473 466/466/466
f 474/474/474 475/475/475 476/476/476
f 474/474/474 476/476/476 477/477/477
f 474/474/474 477/477/477 478/478/478
f 474/474/474 478/478/478 479/479/479
f 474/474/474 479/479/479 469/469/469
f 474/474/474 469/469/469 468/468/468
f 474/474/474 468/468/468 467/467/467
f 474/474/474 467/467/467 475/475/475
f 480/480/480 481/481/481 482/482/482
f 480/480/480 482/482/482 483/483/483
f 480/480/480 483/483/483 484/484/484
f 480/480/480 484/484/484 485/485/485
f 480/480/480 485/485/485 486/486/486
f 480/480/480 486/486/486 487/487/487
f 480/480/480 487/487/487 488/488/488
f 480/480/480 488/488/488 481/481/481
f 489/489/489 490/490/490 491/491/491
f 489/489/489 491/491/491 492/492/492
f 489/489/489 492/492/492 493/493/493
f 489/489/489 493/493/493 494/494/494
f 489/489/489 494/494/494 495/495/495
f 489/489/489 495/495/495 496/496/496
f 489/489/489 496/496/496 497/497/497
f 489/489/489 497/497/497 490/490/490
f 498/498/498 499/499/499 500/500/500
f 498/498/498 500/500/500 501/501/501
f 498/498/498 501/501/501 491/491/491
f 498/498/498 491/491/491 490/490/490
f 498/498/498 490/490/490 497/497/497
f 498/498/498 497/497/497 502/502/502
f 498/498/498 502/502/502 503/503/503
f 498/498/498 503/503/503 499/499/499
f 504/504/504 505/505/505 506/506/506
f 504/504/504 506/506/506 507/507/507
f 504/504/504 507/507/507 508/508/508
f 504/504/504 508/508/508 509/509/509
f 504/504/504 509/509/509 510/510/510
f 504/504/504 510/510/510 511/511/511
f 504/504/504 511/511/511 512/512/512
f 504/504/504 512/512/512 505/505/505
f 513/513/513 514/514/514 515/515/515
f 513/513/513 515/515/515 516/516/516
f 513/513/513 516/516/516 506/506/506
f 513/513/513 506/506/506 505/505/505
f 513/513/513 505/505/505 512/512/512
f 513/513/513 512/512/512 517/517/517
f 513/513/513 517/517/517 518/518/518
f 513/513/513 518/518/518 514/514/514
f 519/519/519 520/520/520 500/500/500
f 519/519/519 500/500/500 521/521/521
f 519/519/519 521/521/521 522/522/522
f 519/519/519 522/522/522 523/523/523
f 519/519/519 523/523/523 524/524/524
f 519/519/519 524/524/524 525/525/525
f 519/519/519 525/525/525 526/526/526
f 519/519/519 526/526/526 520/520/520
f 527/527/527 528/528/528 529/529/529
f 527/527/527 529/529/529 530/530/530
f 527/527/527 530/530/530 531/531/531
f 527/527/527 531/531/531 532/532/532
f 527/527/527 532/532/532 524/524/524
f 527/527/527 524/524/524 533/533/533
f 527/527/527 533/533/533 534/534/534
f 527/527/527 534/534/534 528/528/528
f 535/535/535 528/528/528 536/536/536
f 535/535/535 536/536/536 537/537/537
f 535/535/535 537/537/537 538/538/538
f 535/535/535 538/538/538 539/539/539
f 535/535/535 539/539/539 540/540/540
f 535/535/535 540/540/540 541/541/541
f 535/535/535 541/541/541 542/542/542
f 535/535/535 542/542/542 528/528/528
f 543/543/543 544/544/544 545/545/545
f 543/543/543 545/545/545 546/546/546
f 543/543/543 546/546/546 547/547/547
f 543/543/543 547/547/547 548/548/548
f 543/543/543 548/548/548 549/549/549
f 543/543/543 549/549/549 550/550/550
f 543/543/543 550/550/550 551/551/551
f 543/543/543 551/551/551 544/544/544
f 552/552/552 553/553/553 554/554/554
f 552/552/552 554/554/554 555/555/555
f 552/552/552 555/555/555 556/556/556
f 552/552/552 556/556/556 557/557/557
f 552/552/552 557/557/557 540/540/540
f 552/552/552 540/540/540 539/539/539
f 552/552/552 539/539/539 538/538/538
f 552/552/552 538/538/538 553/553/553
f 558/558/558 258/258/258 257/257/257
f 558/558/558 257/257/257 559/559/559
f 558/558/558 559/559/559 560/560/560
f 558/558/558 560/560/560 561/561/561
f 558/558/558 561/561/561 549/549/549
f 558/558/558 549/549/549 562/562/562
f 558/558/558 562/562/562 259/259/259
f 558/558/558 259/259/259 258/258/258
f 563/563/563 564/564/564 488/488/488
f 563/563/563 488/488/488 565/565/565
f 563/563/563 565/565/565 566/566/566
f 563/563/563 566/566/566 567/567/567
f 563/563/563 567/567/567 568/568/568
f 563/563/563 568/568/568 569/569/569
f 563/563/563 569/569/569 570/570/570
f 563/563/563 570/570/570 564/564/564
f 571/571/571 567/567/567 566/566/566
f 571/571/571 566/566/566 572/572/572
f 571/571/571 572/572/572 573/573/573
f 571/571/571 573/573/573 574/574/574
f 571/571/571 574/574/574 575/575/575
f 571/571/571 575/575/575 576/576/576
f 571/571/571 576/576/576 568/568/568
f 571/571/571 568/568/568 567/567/567
f 577/577/577 578/578/578 579/579/579
f 577/577/577 579/579/579 580/580/580
f 577/577/577 580/580/580 581/581/581
f 577/577/577 581/581/581 582/582/582
f 577/577/577 582/582/582 583/583/583
f 577/577/577 583/583/583 584/584/584
f 577/577/577 584/584/584 585/585/585
f 577/577/577 585/585/585 578/578/578
f 586/586/586 582/582/582 581/581/581
f 586/586/586 581/581/581 587/587/587
f 586/586/586 587/587/587 588/588/588
f 586/586/586 588/588/588 589/589/589
f 586/586/586 589/589/589 590/590/590
f 586/586/586 590/590/590 591/591/591
f 586/586/586 591/591/591 583/583/583
f 586/586/586 583/583/583 582/582/582
f 592/592/592 593/593/593 594/594/594
f 592/592/592 594/594/594 595/595/595
f 592/592/592 595/595/595 596/596/596
f 592/592/592 596/596/596 597/597/597
f 592/592/592 597/597/597 598/598/598
f 592/592/592 598/598/598 599/599/599
f 592/592/592 599/599/599 600/600/600
f 592/592/592 600/600/600 593/593/593
f 601/601/601 597/597/597 596/596/596
f 601/601/601 596/596/596 602/602/602
f 601/601/601 602/602/602 603/603/603
f 601/601/601 603/603/603 604/604/604
f 601/601/601 604/604/604 605/605/605
f 601/601/601 605/605/605 606/606/606
f 601/601/601 606/606/606 598/598/598
f 601/601/601 598/598/598 597/597/597
f 607/607/607 608/608/608 609/609/609
f 607/607/607 609/609/609 610/610/610
f 607/607/607 610/610/610 611/611/611
f 607/607/607 611/611/611 612/612/612
f 607/607/607 612/612/612 613/613/613
f 607/607/607 613/613/613 614/614/614
f 607/607/607 614/614/614 615/615/615
f 607/607/607 615/615/615 608/608/608
f 616/616/616 612/612/612 611/611/611
f 616/616/616 611/611/611 617/617/617
f 616/616/616 617/617/617 618/618/618
f 616/616/616 618/618/618 619/619/619
f 616/616/616 619/619/619 620/620/620
f 616/616/616 620/620/620 621/621/621
f 616/616/616 621/621/621 613/613/613
f 616/616/616 613/613/613 612/612/612
f 622/622/622 623/623/623 624/624/624
f 622/622/622 624/624/624 625/625/625
f 622/622/622 625/625/625 626/626/626
f 622/622/622 626/626/626 627/627/627
f 622/622/622 627/627/627 628/628/628
f 622/622/622 628/628/628 629/629/629
f 622/622/622 629/629/629 630/630/630
f 622/622/622 630/630/630 623/623/623
f 631/631/631 627/627/627 626/626/626
f 631/631/631 626/626/626 632/632/632
f 631/631/631 632/632/632 633/633/633
f 631/631/631 633/633/633 634/634/634
f 631/631/631 634/634/634 635/635/635
f 631/631/631 635/635/635 636/636/636
f 631/631/631 636/636/636 628/628/628
f 631/631/631 628/628/628 627/627/627
f 637/637/637 638/638/638 639/639/639
f 637/637/637 639/639/639 640/640/640
f 637/637/637 640/640/640 641/641/641
f 637/637/637 641/641/641 642/642/642
f 637/637/637 642/642/642 643/643/643
f 637/637/637 643/643/643 644/644/644
f 637/637/637 644/644/644 645/645/645
f 637/637/637 645/645/645 638/638/638
f 646/646/646 642/642/642 641/641/641
f 646/646/646 641/641/641 647/647/647
f 646/646/646 647/647/647 648/648/648
f 646/646/646 648/648/648 649/649/649
f 646/646/646 649/649/649 650/650/650
f 646/646/646 650/650/650 651/651/651
f 646/646/646 651/651/651 643/643/643
f 646/646/646 643/643/643 642/642/642
f 652/652/652 653/653/653 654/654/654
f 652/652/652 654/654/654 655/655/655
f 652/652/652 655/655/655 656/656/656
f 652/652/652 656/656/656 657/657/657
f 652/652/652 657/657/657 658/658/658
f 652/652/652 658/658/658 659/659/659
f 652/652/652 659/659/659 660/660/660
f 652/652/652 660/660/660 653/653/653
f 661/661/661 657/657/657 656/656/656
f 661/661/661 656/656/656 662/662/662
f 661/661/661 662/662/662 663/663/663
f 661/661/661 663/663/663 664/664/664
f 661/661/661 664/664/664 665/665/665
f 661/661/661 665/665/665 666/666/666
f 661/661/661 666/666/666 658/658/658
f 661/661/661 658/658/658 657/657/657
f 667/667/667 668/668/668 669/669/669
f 667/667/667 669/669/669 670/670/670
f 667/667/667 670/670/670 671/671/671
f 667/667/667 671/671/671 672/672/672
f 667/667/667 672/672/672 658/658/658
f 667/667/667 658/658/658 666/666/666
f 667/667/667 666/666/666 665/665/665
f 667/667/667 665/665/665 668/668/668
f 673/673/673 672/672/672 671/671/671
f 673/673/673 671/671/671 674/674/674
f 673/673/673 674/674/674 675/675/675
f 673/673/673 675/675/675 676/676/676
f 673/673/673 676/676/676 660/660/660
f 673/673/673 660/660/660 659/659/659
f 673/673/673 659/659/659 658/658/658
f 673/673/673 658/658/658 672/672/672
f 677/677/677 678/678/678 679/679/679
f 677/677/677 679/679/679 680/680/680
f 677/677/677 680/680/680 681/681/681
f 677/677/677 681/681/681 682/682/682
f 677/677/677 682/682/682 683/683/683
f 677/677/677 683/683/683 684/684/684
f 677/677/677 684/684/684 685/685/685
f 677/677/677 685/685/685 678/678/678
f 686/686/686 682/682/682 681/681/681
f 686/686/686 681/681/681 687/687/687
f 686/686/686 687/687/687 688/688/688
f 686/686/686 688/688/688 689/689/689
f 686/686/686 689/689/689 690/690/690
f 686/686/686 690/690/690 691/691/691
f 686/686/686 691/691/691 683/683/683
f 686/686/686 683/683/683 682/682/682
f 692/692/692 693/693/693 688/688/688
f 692/692/692 688/688/688 694/694/694
f 692/692/692 694/694/694 695/695/695
f 692/692/692 695/695/695 696/696/696
f 692/692/692 696/696/696 697/697/697
f 692/692/692 697/697/697 698/698/698
f 692/692/692 698/698/698 699/699/699
f 692/692/692 699/699/699 693/693/693
f 700/700/700 696/696/696 695/695/695
f 700/700/700 695/695/695 701/701/701
f 700/700/700 701/701/701 679/679/679
f 700/700/700 679/679/679 702/702/702
f 700/700/700 702/702/702 703/703/703
f 700/700/700 703/703/703 704/704/704
f 700/700/700 704/704/704 697/697/697
f 700/700/700 697/697/697 696/696/696
f 705/705/705 706/706/706 707/707/707
f 705/705/705 707/707/707 708/708/708
f 705/705/705 708/708/708 709/709/709
f 705/705/705 709/709/709 710/710/710
f 705/705/705 710/710/710 711/711/711
f 705/705/705 711/711/711 712/712/712
f 705/705/705 712/712/712 713/713/713
f 705/705/705 713/713/713 706/706/706
f 714/714/714 710/710/710 709/709/709
f 714/714/714 709/709/709 715/715/715
f 714/714/714 715/715/715 716/716/716
f 714/714/714 716/716/716 717/717/717
f 714/714/714 717/717/717 718/718/718
f 714/714/714 718/718/718 719/719/719
f 714/714/714 719/719/719 711/711/711
f 714/714/714 711/711/711 710/710/710
f 720/720/720 721/721/721 722/722/722
f 720/720/720 722/722/722 723/723/723
f 720/720/720 723/723/723 724/724/724
f 720/720/720 724/724/724 725/725/725
f 720/720/720 725/725/725 726/726/726
f 720/720/720 726/726/726 727/727/727
f 720/720/720 727/727/727 728/728/728
f 720/720/720 728/728/728 721/721/721
f 729/729/729 725/725/725 724/724/724
f 729/729/729 724/724/724 730/730/730
f 729/729/729 730/730/730 731/731/731
f 729/729/729 731/731/731 732/732/732
f 729/729/729 732/732/732 733/733/733
f 729/729/729 733/733/733 734/734/734
f 729/729/729 734/734/734 726/726/726
f 729/729/729 726/726/726 725/725/725
f 735/735/735 736/736/736 737/737/737
f 735/735/735 737/737/737 738/738/738
f 735/735/735 738/738/738 739/739/739
f 735/735/735 739/739/739 740/740/740
f 735/735/735 740/740/740 741/741/741
f 735/735/735 741/741/741 742/742/742
f 735/735/735 742/742/742 743/743/743
f 735/735/735 743/743/743 736/736/736
f 744/744/744 740/740/740 739/739/739
f 744/744/744 739/739/739 745/745/745
f 744/744/744 745/745/745 746/746/746
f 744/744/744 746/746/746 747/747/747
f 744/744/744 747/747/747 748/748/748
f 744/744/744 748/748/748 749/749/749
f 744/744/744 749/749/749 741/741/741
f 744/744/744 741/741/741 740/740/740
f 750/750/750 751/751/751 752/752/752
f 750/750/750 752/752/752 753/753/753
f 750/750/750 753/753/753 754/754/754
f 750/750/750 754/754/754 755/755/755
f 750/750/750 755/755/755 756/756/756
f 750/750/750 756/756/756 757/757/757
f 750/750/750 757/757/757 758/758/758
f 750/750/750 758/758/758 751/751/751
f 759/759/759 755/755/755 754/754/754
f 759/759/759 754/754/754 760/760/760
f 759/759/759 760/760/760 761/761/761
f 759/759/759 761/761/761 762/762/762
f 759/759/759 762/762/762 763/763/763
f 759/759/759 763/763/763 764/764/764
f 759/759/759 764/764/764 756/756/756
f 759/759/759 756/756/756 755/755/755
f 765/765/765 766/766/766 716/716/716
f 765/765/765 716/716/716 767/767/767
f 765/765/765 767/767/767 768/768/768
f 765/765/765 768/768/768 769/769/769
f 765/765/765 769/769/769 770/770/770
f 765/765/765 770/770/770 771/771/771
f 765/765/765 771/771/771 752/752/752
f 765/765/765 752/752/752 766/766/766
f 772/772/772 769/769/769 768/768/768
f 772/772/772 768/768/768 773/773/773
f 772/772/772 773/773/773 774/774/774
f 772/772/772 774/774/774 775/775/775
f 772/772/772 775/775/775 761/761/761
f 772/772/772 761/761/761 776/776/776
f 772/772/772 776/776/776 770/770/770
f 772/772/772 770/770/770 769/769/769
f 777/777/777 778/778/778 274/274/274
f 777/777/777 274/274/274 779/779/779
f 777/777/777 779/779/779 780/780/780
f 777/777/777 780/780/780 781/781/781
f 777/777/777 781/781/781 782/782/782
f 777/777/777 782/782/782 783/783/783
f 777/777/777 783/783/783 784/784/784
f 777/777/777 784/784/784 778/778/778
f 785/785/785 781/781/781 780/780/780
f 785/785/785 780/780/780 786/786/786
f 785/785/785 786/786/786 287/287/287
f 785/785/785 287/287/287 787/787/787
f 785/785/785 787/787/787 788/788/788
f 785/785/785 788/788/788 789/789/789
f 785/785/785 789/789/789 782/782/782
f 785/785/785 782/782/782 781/781/781
f 790/790/790 791/791/791 792/792/792
f 790/790/790 792/792/792 793/793/793
f 790/790/790 793/793/793 794/794/794
f 790/790/790 794/794/794 795/795/795
f 790/790/790 795/795/795 796/796/796
f 790/790/790 796/796/796 797/797/797
f 790/790/790 797/797/797 798/798/798
f 790/790/790 798/798/798 791/791/791
f 799/799/799 795/795/795 794/794/794
f 799/799/799 794/794/794 800/800/800
f 799/799/799 800/800/800 801/801/801
f 799/799/799 801/801/801 802/802/802
f 799/799/799 802/802/802 803/803/803
f 799/799/799 803/803/803 804/804/804
f 799/799/799 804/804/804 796/796/796
f 799/799/799 796/796/796 795/795/795
f 805/805/805 806/806/806 807/807/807
f 805/805/805 807/807/807 808/808/808
f 805/805/805 808/808/808 809/809/809
f 805/805/805 809/809/809 810/810/810
f 805/805/805 810/810/810 811/811/811
f 805/805/805 811/811/811 812/812/812
f 805/805/805 812/812/812 792/792/792
f 805/805/805 792/792/792 806/806/806
f 813/813/813 810/810/810 809/809/809
f 813/813/813 809/809/809 814/814/814
f 813/813/813 814/814/814 815/815/815
f 813/813/813 815/815/815 816/816/816
f 813/813/813 816/816/816 801/801/801
f 813/813/813 801/801/801 817/817/817
f 813/813/813 817/817/817 811/811/811
f 813/813/813 811/811/811 810/810/810
f 818/818/818 819/819/819 820/820/820
f 818/818/818 820/820/820 821/821/821
f 818/818/818 821/821/821 822/822/822
f 818/818/818 822/822/822 823/823/823
f 818/818/818 823/823/823 824/824/824
f 818/818/818 824/824/824 825/825/825
f 818/818/818 825/825/825 826/826/826
f 818/818/818 826/826/826 819/819/819
f 827/827/827 823/823/823 822/822/822
f 827/827/827 822/822/822 828/828/828
f 827/827/827 828/828/828 690/690/690
f 827/827/827 690/690/690 829/829/829
f 827/827/827 829/829/829 830/830/830
f 827/827/827 830/830/830 831/831/831
f 827/827/827 831/831/831 824/824/824
f 827/827/827 824/824/824 823/823/823
f 832/832/832 833/833/833 826/826/826
f 832/832/832 826/826/826 825/825/825
f 832/832/832 825/825/825 824/824/824
f 832/832/832 824/824/824 834/834/834
f 832/832/832 834/834/834 835/835/835
f 832/832/832 835/835/835 836/836/836
f 832/832/832 836/836/836 837/837/837
f 832/832/832 837/837/837 833/833/833
f 838/838/838 834/834/834 824/824/824
f 838/838/838 824/824/824 831/831/831
f 838/838/838 831/831/831 830/830/830
f 838/838/838 830/830/830 839/839/839
f 838/838/838 839/839/839 840/840/840
f 838/838/838 840/840/840 841/841/841
f 838/838/838 841/841/841 835/835/835
f 838/838/838 835/835/835 834/834/834
f 842/842/842 843/843/843 844/844/844
f 842/842/842 844/844/844 845/845/845
f 842/842/842 845/845/845 846/846/846
f 842/842/842 846/846/846 847/847/847
f 842/842/842 847/847/847 848/848/848
f 842/842/842 848/848/848 849/849/849
f 842/842/842 849/849/849 536/536/536
f 842/842/842 536/536/536 843/843/843
f 850/850/850 847/847/847 846/846/846
f 850/850/850 846/846/846 851/851/851
f 850/850/850 851/851/851 718/718/718
f 850/850/850 718/718/718 852/852/852
f 850/850/850 852/852/852 853/853/853
f 850/850/850 853/853/853 854/854/854
f 850/850/850 854/854/854 848/848/848
f 850/850/850 848/848/848 847/847/847
f 855/855/855 856/856/856 522/522/522
f 855/855/855 522/522/522 857/857/857
f 855/855/855 857/857/857 858/858/858
f 855/855/855 858/858/858 859/859/859
f 855/855/855 859/859/859 860/860/860
f 855/855/855 860/860/860 861/861/861
f 855/855/855 861/861/861 862/862/862
f 855/855/855 862/862/862 856/856/856
f 863/863/863 859/859/859 858/858/858
f 863/863/863 858/858/858 864/864/864
f 863/863/863 864/864/864 733/733/733
f 863/863/863 733/733/733 865/865/865
f 863/863/863 865/865/865 866/866/866
f 863/863/863 866/866/866 867/867/867
f 863/863/863 867/867/867 860/860/860
f 863/863/863 860/860/860 859/859/859
f 868/868/868 869/869/869 554/554/554
f 868/868/868 554/554/554 870/870/870
f 868/868/868 870/870/870 871/871/871
f 868/868/868 871/871/871 872/872/872
f 868/868/868 872/872/872 873/873/873
f 868/868/868 873/873/873 874/874/874
f 868/868/868 874/874/874 875/875/875
f 868/868/868 875/875/875 869/869/869
f 876/876/876 872/872/872 871/871/871
f 876/876/876 871/871/871 877/877/877
f 876/876/876 877/877/877 878/878/878
f 876/876/876 878/878/878 879/879/879
f 876/876/876 879/879/879 880/880/880
f 876/876/876 880/880/880 881/881/881
f 876/876/876 881/881/881 873/873/873
f 876/876/876 873/873/873 872/872/872
f 882/882/882 883/883/883 884/884/884
f 882/882/882 884/884/884 885/885/885
f 882/882/882 885/885/885 886/886/886
f 882/882/882 886/886/886 887/887/887
f 882/882/882 887/887/887 888/888/888
f 882/882/882 888/888/888 889/889/889
f 882/882/882 889/889/889 890/890/890
f 882/882/882 890/890/890 883/883/883
f 891/891/891 887/887/887 886/886/886
f 891/891/891 886/886/886 892/892/892
f 891/891/891 892/892/892 893/893/893
f 891/891/891 893/893/893 894/894/894
f 891/891/891 894/894/894 895/895/895
f 891/891/891 895/895/895 896/896/896
f 891/891/891 896/896/896 888/888/888
f 891/891/891 888/888/888 887/887/887
f 897/897/897 898/898/898 899/899/899
f 897/897/897 899/899/899 900/900/900
f 897/897/897 900/900/900 901/901/901
f 897/897/897 901/901/901 902/902/902
f 897/897/897 902/902/902 903/903/903
f 897/897/897 903/903/903 904/904/904
f 897/897/897 904/904/904 884/884/884
f 897/897/897 884/884/884 898/898/898
f 905/905/905 902/902/902 901/901/901
f 905/905/905 901/901/901 906/906/906
f 905/905/905 906/906/906 907/907/907
f 905/905/905 907/907/907 908/908/908
f 905/905/905 908/908/908 893/893/893
f 905/905/905 893/893/893 909/909/909
f 905/905/905 909/909/909 903/903/903
f 905/905/905 903/903/903 902/902/902
f 910/910/910 911/911/911 912/912/912
f 910/910/910 912/912/912 913/913/913
f 910/910/910 913/913/913 914/914/914
f 910/910/910 914/914/914 915/915/915
f 910/910/910 915/915/915 916/916/916
f 910/910/910 916/916/916 917/917/917
f 910/910/910 917/917/917 307/307/307
f 910/910/910 307/307/307 911/911/911
f 918/918/918 915/915/915 914/914/914
f 918/918/918 914/914/914 919/919/919
f 918/918/918 919/919/919 880/880/880
f 918/918/918 880/880/880 920/920/920
f 918/918/918 920/920/920 316/316/316
f 918/918/918 316/316/316 921/921/921
f 918/918/918 921/921/921 916/916/916
f 918/918/918 916/916/916 915/915/915
f 922/922/922 923/923/923 924/924/924
f 922/922/922 924/924/924 925/925/925
f 922/922/922 925/925/925 926/926/926
f 922/922/922 926/926/926 927/927/927
f 922/922/922 927/927/927 928/928/928
f 922/922/922 928/928/928 929/929/929
f 922/922/922 929/929/929 820/820/820
f 922/922/922 820/820/820 923/923/923
f 930/930/930 927/927/927 926/926/926
f 930/930/930 926/926/926 931/931/931
f 930/930/930 931/931/931 932/932/932
f 930/930/930 932/932/932 933/933/933
f 930/930/930 933/933/933 934/934/934
f 930/930/930 934/934/934 935/935/935
f 930/930/930 935/935/935 928/928/928
f 930/930/930 928/928/928 927/927/927
f 936/936/936 937/937/937 938/938/938
f 936/936/936 938/938/938 939/939/939
f 936/936/936 939/939/939 924/924/924
f 936/936/936 924/924/924 940/940/940
f 936/936/936 940/940/940 590/590/590
f 936/936/936 590/590/590 941/941/941
f 936/936/936 941/941/941 942/942/942
f 936/936/936 942/942/942 937/937/937
f 943/943/943 944/944/944 932/932/932
f 943/943/943 932/932/932 945/945/945
f 943/943/943 945/945/945 938/938/938
f 943/943/943 938/938/938 937/937/937
f 943/943/943 937/937/937 942/942/942
f 943/943/943 942/942/942 946/946/946
f 943/943/943 946/946/946 947/947/947
f 943/943/943 947/947/947 944/944/944
f 948/948/948 949/949/949 950/950/950
f 948/948/948 950/950/950 951/951/951
f 948/948/948 951/951/951 952/952/952
f 948/948/948 952/952/952 953/953/953
f 948/948/948 953/953/953 954/954/954
f 948/948/948 954/954/954 955/955/955
f 948/948/948 955/955/955 956/956/956
f 948/948/948 956/956/956 949/949/949
f 957/957/957 958/958/958 959/959/959
f 957/957/957 959/959/959 960/960/960
f 957/957/957 960/960/960 961/961/961
f 957/957/957 961/961/961 962/962/962
f 957/957/957 962/962/962 952/952/952
f 957/957/957 952/952/952 951/951/951
f 957/957/957 951/951/951 950/950/950
f 957/957/957 950/950/950 958/958/958
f 963/963/963 964/964/964 965/965/965
f 963/963/963 965/965/965 966/966/966
f 963/963/963 966/966/966 967/967/967
f 963/963/963 967/967/967 968/968/968
f 963/963/963 968/968/968 969/969/969
f 963/963/963 969/969/969 970/970/970
f 963/963/963 970/970/970 971/971/971
f 963/963/963 971/971/971 964/964/964
f 972/972/972 33/33/33 32/32/32
f 972/972/972 32/32/32 973/973/973
f 972/972/972 973/973/973 974/974/974
f 972/972/972 974/974/974 975/975/975
f 972/972/972 975/975/975 976/976/976
f 972/972/972 976/976/976 977/977/977
f 972/972/972 977/977/977 34/34/34
f 972/972/972 34/34/34 33/33/33
f 978/978/978 975/975/975 974/974/974
f 978/978/978 974/974/974 979/979/979
f 978/978/978 979/979/979 980/980/980
f 978/978/978 980/980/980 981/981/981
f 978/978/978 981/981/981 982/982/982
f 978/978/978 982/982/982 983/983/983
f 978/978/978 983/983/983 976/976/976
f 978/978/978 976/976/976 975/975/975
f 984/984/984 39/39/39 34/34/34
f 984/984/984 34/34/34 977/977/977
f 984/984/984 977/977/977 976/976/976
f 984/984/984 976/976/976 985/985/985
f 984/984/984 985/985/985 986/986/986
f 984/984/984 986/986/986 987/987/987
f 984/984/984 987/987/987 40/40/40
f 984/984/984 40/40/40 39/39/39
f 988/988/988 985/985/985 976/976/976
f 988/988/988 976/976/976 983/983/983
f 988/988/988 983/983/983 982/982/982
f 988/988/988 982/982/982 989/989/989
f 988/988/988 989/989/989 990/990/990
f 988/988/988 990/990/990 991/991/991
f 988/988/988 991/991/991 986/986/986
f 988/988/988 986/986/986 985/985/985
f 992/992/992 195/195/195 40/40/40
f 992/992/992 40/40/40 987/987/987
f 992/992/992 987/987/987 986/986/986
f 992/992/992 986/986/986 993/993/993
f 992/992/992 993/993/993 994/994/994
f 992/992/992 994/994/994 995/995/995
f 992/992/992 995/995/995 196/196/196
f 992/992/992 196/196/196 195/195/195
f 996/996/996 993/993/993 986/986/986
f 996/996/996 986/986/986 991/991/991
f 996/996/996 991/991/991 990/990/990
f 996/996/996 990/990/990 997/997/997
f 996/996/996 997/997/997 998/998/998
f 996/996/996 998/998/998 999/999/999
f 996/996/996 999/999/999 994/994/994
f 996/996/996 994/994/994 993/993/993
f 1000/1000/1000 431/431/431 430/430/430
f 1000/1000/1000 430/430/430 1001/1001/1001
f 1000/1000/1000 1001/1001/1001 1002/1002/1002
f 1000/1000/1000 1002/1002/1002 1003/1003/1003
f 1000/1000/1000 1003/1003/1003 1004/1004/1004
f 1000/1000/1000 1004/1004/1004 1005/1005/1005
f 1000/1000/1000 1005/1005/1005 432/432/432
f 1000/1000/1000 432/432/432 431/431/431
f 1006/1006/1006 1003/1003/1003 1002/1002/1002
f 1006/1006/1006 1002/1002/1002 1007/1007/1007
f 1006/1006/1006 1007/1007/1007 1008/1008/1008
f 1006/1006/1006 1008/1008/1008 1009/1009/1009
f 1006/1006/1006 1009/1009/1009 1010/1010/1010
f 1006/1006/1006 1010/1010/1010 1011/1011/1011
f 1006/1006/1006 1011/1011/1011 1004/1004/1004
f 1006/1006/1006 1004/1004/1004 1003/1003/1003
f 1012/1012/1012 455/455/455 454/454/454
f 1012/1012/1012 454/454/454 1013/1013/1013
f 1012/1012/1012 1013/1013/1013 1014/1014/1014
f 1012/1012/1012 1014/1014/1014 1015/1015/1015
f 1012/1012/1012 1015/1015/1015 1016/1016/1016
f 1012/1012/1012 1016/1016/1016 1017/1017/1017
f 1012/1012/1012 1017/1017/1017 456/456/456
f 1012/1012/1012 456/456/456 455/455/455
f 1018/1018/1018 1015/1015/1015 1014/1014/1014
f 1018/1018/1018 1014/1014/1014 1019/1019/1019
f 1018/1018/1018 1019/1019/1019 1020/1020/1020
f 1018/1018/1018 1020/1020/1020 1021/1021/1021
f 1018/1018/1018 1021/1021/1021 1022/1022/1022
f 1018/1018/1018 1022/1022/1022 1023/1023/1023
f 1018/1018/1018 1023/1023/1023 1016/1016/1016
f 1018/1018/1018 1016/1016/1016 1015/1015/1015
f 1024/1024/1024 464/464/464 463/463/463
f 1024/1024/1024 463/463/463 1025/1025/1025
f 1024/1024/1024 1025/1025/1025 1026/1026/1026
f 1024/1024/1024 1026/1026/1026 1027/1027/1027
f 1024/1024/1024 1027/1027/1027 1028/1028/1028
f 1024/1024/1024 1028/1028/1028 1013/1013/1013
f 1024/1024/1024 1013/1013/1013 454/454/454
f 1024/1024/1024 454/454/454 464/464/464
f 1029/1029/1029 1027/1027/1027 1026/1026/1026
f 1029/1029/1029 1026/1026/1026 1030/1030/1030
f 1029/1029/1029 1030/1030/1030 1031/1031/1031
f 1029/1029/1029 1031/1031/1031 1032/1032/1032
f 1029/1029/1029 1032/1032/1032 1020/1020/1020
f 1029/1029/1029 1020/1020/1020 1019/1019/1019
f 1029/1029/1029 1019/1019/1019 1028/1028/1028
f 1029/1029/1029 1028/1028/1028 1027/1027/1027
f 1033/1033/1033 1034/1034/1034 1035/1035/1035
f 1033/1033/1033 1035/1035/1035 1036/1036/1036
f 1033/1033/1033 1036/1036/1036 1037/1037/1037
f 1033/1033/1033 1037/1037/1037 1038/1038/1038
f 1033/1033/1033 1038/1038/1038 1039/1039/1039
f 1033/1033/1033 1039/1039/1039 1040/1040/1040
f 1033/1033/1033 1040/1040/1040 1041/1041/1041
f 1033/1033/1033 1041/1041/1041 1034/1034/1034
f 1042/1042/1042 1038/1038/1038 1037/1037/1037
f 1042/1042/1042 1037/1037/1037 1043/1043/1043
f 1042/1042/1042 1043/1043/1043 467/467/467
f 1042/1042/1042 467/467/467 466/466/466
f 1042/1042/1042 466/466/466 473/473/473
f 1042/1042/1042 473/473/473 1044/1044/1044
f 1042/1042/1042 1044/1044/1044 1039/1039/1039
f 1042/1042/1042 1039/1039/1039 1038/1038/1038
f 1045/1045/1045 1046/1046/1046 1047/1047/1047
f 1045/1045/1045 1047/1047/1047 1048/1048/1048
f 1045/1045/1045 1048/1048/1048 1049/1049/1049
f 1045/1045/1045 1049/1049/1049 1050/1050/1050
f 1045/1045/1045 1050/1050/1050 1037/1037/1037
f 1045/1045/1045 1037/1037/1037 1036/1036/1036
f 1045/1045/1045 1036/1036/1036 1035/1035/1035
f 1045/1045/1045 1035/1035/1035 1046/1046/1046
f 1051/1051/1051 1050/1050/1050 1049/1049/1049
f 1051/1051/1051 1049/1049/1049 1052/1052/1052
f 1051/1051/1051 1052/1052/1052 476/476/476
f 1051/1051/1051 476/476/476 475/475/475
f 1051/1051/1051 475/475/475 467/467/467
f 1051/1051/1051 467/467/467 1043/1043/1043
f 1051/1051/1051 1043/1043/1043 1037/1037/1037
f 1051/1051/1051 1037/1037/1037 1050/1050/1050
f 1053/1053/1053 1054/1054/1054 1055/1055/1055
f 1053/1053/1053 1055/1055/1055 1056/1056/1056
f 1053/1053/1053 1056/1056/1056 1057/1057/1057
f 1053/1053/1053 1057/1057/1057 1058/1058/1058
f 1053/1053/1053 1058/1058/1058 1059/1059/1059
f 1053/1053/1053 1059/1059/1059 1060/1060/1060
f 1053/1053/1053 1060/1060/1060 1061/1061/1061
f 1053/1053/1053 1061/1061/1061 1054/1054/1054
f 1062/1062/1062 1063/1063/1063 1064/1064/1064
f 1062/1062/1062 1064/1064/1064 1065/1065/1065
f 1062/1062/1062 1065/1065/1065 1066/1066/1066
f 1062/1062/1062 1066/1066/1066 1067/1067/1067
f 1062/1062/1062 1067/1067/1067 1068/1068/1068
f 1062/1062/1062 1068/1068/1068 1069/1069/1069
f 1062/1062/1062 1069/1069/1069 605/605/605
f 1062/1062/1062 605/605/605 1063/1063/1063
f 1070/1070/1070 1071/1071/1071 1072/1072/1072
f 1070/1070/1070 1072/1072/1072 1073/1073/1073
f 1070/1070/1070 1073/1073/1073 1074/1074/1074
f 1070/1070/1070 1074/1074/1074 1075/1075/1075
f 1070/1070/1070 1075/1075/1075 1076/1076/1076
f 1070/1070/1070 1076/1076/1076 1077/1077/1077
f 1070/1070/1070 1077/1077/1077 1078/1078/1078
f 1070/1070/1070 1078/1078/1078 1071/1071/1071
f 1079/1079/1079 399/399/399 398/398/398
f 1079/1079/1079 398/398/398 1080/1080/1080
f 1079/1079/1079 1080/1080/1080 1081/1081/1081
f 1079/1079/1079 1081/1081/1081 1082/1082/1082
f 1079/1079/1079 1082/1082/1082 1083/1083/1083
f 1079/1079/1079 1083/1083/1083 1084/1084/1084
f 1079/1079/1079 1084/1084/1084 1085/1085/1085
f 1079/1079/1079 1085/1085/1085 399/399/399
f 1086/1086/1086 1087/1087/1087 1085/1085/1085
f 1086/1086/1086 1085/1085/1085 1084/1084/1084
f 1086/1086/1086 1084/1084/1084 1083/1083/1083
f 1086/1086/1086 1083/1083/1083 1088/1088/1088
f 1086/1086/1086 1088/1088/1088 1089/1089/1089
f 1086/1086/1086 1089/1089/1089 1090/1090/1090
f 1086/1086/1086 1090/1090/1090 1091/1091/1091
f 1086/1086/1086 1091/1091/1091 1087/1087/1087
f 1092/1092/1092 1093/1093/1093 1094/1094/1094
f 1092/1092/1092 1094/1094/1094 1095/1095/1095
f 1092/1092/1092 1095/1095/1095 1096/1096/1096
f 1092/1092/1092 1096/1096/1096 1097/1097/1097
f 1092/1092/1092 1097/1097/1097 1098/1098/1098
f 1092/1092/1092 1098/1098/1098 1099/1099/1099
f 1092/1092/1092 1099/1099/1099 1100/1100/1100
f 1092/1092/1092 1100/1100/1100 1093/1093/1093
f 1101/1101/1101 1102/1102/1102 1103/1103/1103
f 1101/1101/1101 1103/1103/1103 1104/1104/1104
f 1101/1101/1101 1104/1104/1104 1105/1105/1105
f 1101/1101/1101 1105/1105/1105 1106/1106/1106
f 1101/1101/1101 1106/1106/1106 1107/1107/1107
f 1101/1101/1101 1107/1107/1107 1108/1108/1108
f 1101/1101/1101 1108/1108/1108 1109/1109/1109
f 1101/1101/1101 1109/1109/1109 1102/1102/1102
f 1110/1110/1110 1111/1111/1111 1112/1112/1112
f 1110/1110/1110 1112/1112/1112 1113/1113/1113
f 1110/1110/1110 1113/1113/1113 1114/1114/1114
f 1110/1110/1110 1114/1114/1114 1115/1115/1115
f 1110/1110/1110 1115/1115/1115 1116/1116/1116
f 1110/1110/1110 1116/1116/1116 1117/1117/1117
f 1110/1110/1110 1117/1117/1117 1118/1118/1118
f 1110/1110/1110 1118/1118/1118 1111/1111/1111
f 1119/1119/1119 1120/1120/1120 1121/1121/1121
f 1119/1119/1119 1121/1121/1121 1122/1122/1122
f 1119/1119/1119 1122/1122/1122 1123/1123/1123
f 1119/1119/1119 1123/1123/1123 1124/1124/1124
f 1119/1119/1119 1124/1124/1124 1125/1125/1125
f 1119/1119/1119 1125/1125/1125 1126/1126/1126
f 1119/1119/1119 1126/1126/1126 1127/1127/1127
f 1119/1119/1119 1127/1127/1127 1120/1120/1120
f 1128/1128/1128 1129/1129/1129 675/675/675
f 1128/1128/1128 675/675/675 1130/1130/1130
f 1128/1128/1128 1130/1130/1130 1131/1131/1131
f 1128/1128/1128 1131/1131/1131 1132/1132/1132
f 1128/1128/1128 1132/1132/1132 1133/1133/1133
f 1128/1128/1128 1133/1133/1133 1134/1134/1134
f 1128/1128/1128 1134/1134/1134 1135/1135/1135
f 1128/1128/1128 1135/1135/1135 1129/1129/1129
f 1136/1136/1136 1137/1137/1137 1138/1138/1138
f 1136/1136/1136 1138/1138/1138 1139/1139/1139
f 1136/1136/1136 1139/1139/1139 1140/1140/1140
f 1136/1136/1136 1140/1140/1140 1141/1141/1141
f 1136/1136/1136 1141/1141/1141 1142/1142/1142
f 1136/1136/1136 1142/1142/1142 1143/1143/1143
f 1136/1136/1136 1143/1143/1143 1144/1144/1144
f 1136/1136/1136 1144/1144/1144 1137/1137/1137
f 1145/1145/1145 1146/1146/1146 1147/1147/1147
f 1145/1145/1145 1147/1147/1147 1148/1148/1148
f 1145/1145/1145 1148/1148/1148 1149/1149/1149
f 1145/1145/1145 1149/1149/1149 1150/1150/1150
f 1145/1145/1145 1150/1150/1150 1151/1151/1151
f 1145/1145/1145 1151/1151/1151 1152/1152/1152
f 1145/1145/1145 1152/1152/1152 1153/1153/1153
f 1145/1145/1145 1153/1153/1153 1146/1146/1146
f 1154/1154/1154 1155/1155/1155 1156/1156/1156
f 1154/1154/1154 1156/1156/1156 1157/1157/1157
f 1154/1154/1154 1157/1157/1157 1158/1158/1158
f 1154/1154/1154 1158/1158/1158 1159/1159/1159
f 1154/1154/1154 1159/1159/1159 1160/1160/1160
f 1154/1154/1154 1160/1160/1160 1161/1161/1161
f 1154/1154/1154 1161/1161/1161 1162/1162/1162
f 1154/1154/1154 1162/1162/1162 1155/1155/1155
f 1163/1163/1163 1164/1164/1164 1162/1162/1162
f 1163/1163/1163 1162/1162/1162 1161/1161/1161
f 1163/1163/1163 1161/1161/1161 1160/1160/1160
f 1163/1163/1163 1160/1160/1160 1165/1165/1165
f 1163/1163/1163 1165/1165/1165 1166/1166/1166
f 1163/1163/1163 1166/1166/1166 1167/1167/1167
f 1163/1163/1163 1167/1167/1167 1168/1168/1168
f 1163/1163/1163 1168/1168/1168 1164/1164/1164
f 1169/1169/1169 1170/1170/1170 1171/1171/1171
f 1169/1169/1169 1171/1171/1171 1172/1172/1172
f 1169/1169/1169 1172/1172/1172 1173/1173/1173
f 1169/1169/1169 1173/1173/1173 1174/1174/1174
f 1169/1169/1169 1174/1174/1174 1175/1175/1175
f 1169/1169/1169 1175/1175/1175 1176/1176/1176
f 1169/1169/1169 1176/1176/1176 1177/1177/1177
f 1169/1169/1169 1177/1177/1177 1170/1170/1170
f 1178/1178/1178 1179/1179/1179 1180/1180/1180
f 1178/1178/1178 1180/1180/1180 1181/1181/1181
f 1178/1178/1178 1181/1181/1181 1182/1182/1182
f 1178/1178/1178 1182/1182/1182 1183/1183/1183
f 1178/1178/1178 1183/1183/1183 1184/1184/1184
f 1178/1178/1178 1184/1184/1184 1179/1179/1179
f 1185/1185/1185 1186/1186/1186 1187/1187/1187
f 1185/1185/1185 1187/1187/1187 1188/1188/1188
f 1185/1185/1185 1188/1188/1188 1189/1189/1189
f 1185/1185/1185 1189/1189/1189 1190/1190/1190
f 1185/1185/1185 1190/1190/1190 1191/1191/1191
f 1185/1185/1185 1191/1191/1191 1192/1192/1192
f 1185/1185/1185 1192/1192/1192 1193/1193/1193
f 1185/1185/1185 1193/1193/1193 1186/1186/1186
f 1194/1194/1194 1195/1195/1195 1196/1196/1196
f 1194/1194/1194 1196/1196/1196 1197/1197/1197
f 1194/1194/1194 1197/1197/1197 1198/1198/1198
f 1194/1194/1194 1198/1198/1198 1199/1199/1199
f 1194/1194/1194 1199/1199/1199 1200/1200/1200
f 1194/1194/1194 1200/1200/1200 1201/1201/1201
f 1194/1194/1194 1201/1201/1201 1202/1202/1202
f 1194/1194/1194 1202/1202/1202 1195/1195/1195
f 1203/1203/1203 1204/1204/1204 1205/1205/1205
f 1203/1203/1203 1205/1205/1205 1206/1206/1206
f 1203/1203/1203 1206/1206/1206 1207/1207/1207
f 1203/1203/1203 1207/1207/1207 1208/1208/1208
f 1203/1203/1203 1208/1208/1208 1209/1209/1209
f 1203/1203/1203 1209/1209/1209 1210/1210/1210
f 1203/1203/1203 1210/1210/1210 1211/1211/1211
f 1203/1203/1203 1211/1211/1211 1204/1204/1204
f 1212/1212/1212 1213/1213/1213 1214/1214/1214
f 1212/1212/1212 1214/1214/1214 1215/1215/1215
f 1212/1212/1212 1215/1215/1215 1055/1055/1055
f 1212/1212/1212 1055/1055/1055 1054/1054/1054
f 1212/1212/1212 1054/1054/1054 1061/1061/1061
f 1212/1212/1212 1061/1061/1061 1216/1216/1216
f 1212/1212/1212 1216/1216/1216 1191/1191/1191
f 1212/1212/1212 1191/1191/1191 1213/1213/1213
f 1217/1217/1217 953/953/953 952/952/952
f 1217/1217/1217 952/952/952 1218/1218/1218
f 1217/1217/1217 1218/1218/1218 1219/1219/1219
f 1217/1217/1217 1219/1219/1219 1220/1220/1220
f 1217/1217/1217 1220/1220/1220 1221/1221/1221
f 1217/1217/1217 1221/1221/1221 1222/1222/1222
f 1217/1217/1217 1222/1222/1222 954/954/954
f 1217/1217/1217 954/954/954 953/953/953
f 1223/1223/1223 962/962/962 961/961/961
f 1223/1223/1223 961/961/961 1224/1224/1224
f 1223/1223/1223 1224/1224/1224 1225/1225/1225
f 1223/1223/1223 1225/1225/1225 1226/1226/1226
f 1223/1223/1223 1226/1226/1226 1219/1219/1219
f 1223/1223/1223 1219/1219/1219 1218/1218/1218
f 1223/1223/1223 1218/1218/1218 952/952/952
f 1223/1223/1223 952/952/952 962/962/962
f 1227/1227/1227 1228/1228/1228 1229/1229/1229
f 1227/1227/1227 1229/1229/1229 1230/1230/1230
f 1227/1227/1227 1230/1230/1230 1231/1231/1231
f 1227/1227/1227 1231/1231/1231 1232/1232/1232
f 1227/1227/1227 1232/1232/1232 1233/1233/1233
f 1227/1227/1227 1233/1233/1233 1234/1234/1234
f 1227/1227/1227 1234/1234/1234 1235/1235/1235
f 1227/1227/1227 1235/1235/1235 1228/1228/1228
f 1236/1236/1236 1237/1237/1237 1238/1238/1238
f 1236/1236/1236 1238/1238/1238 1239/1239/1239
f 1236/1236/1236 1239/1239/1239 1240/1240/1240
f 1236/1236/1236 1240/1240/1240 1241/1241/1241
f 1236/1236/1236 1241/1241/1241 1242/1242/1242
f 1236/1236/1236 1242/1242/1242 1243/1243/1243
f 1236/1236/1236 1243/1243/1243 1244/1244/1244
f 1236/1236/1236 1244/1244/1244 1237/1237/1237
f 1245/1245/1245 1246/1246/1246 1244/1244/1244
f 1245/1245/1245 1244/1244/1244 1243/1243/1243
f 1245/1245/1245 1243/1243/1243 1242/1242/1242
f 1245/1245/1245 1242/1242/1242 1247/1247/1247
f 1245/1245/1245 1247/1247/1247 1248/1248/1248
f 1245/1245/1245 1248/1248/1248 1249/1249/1249
f 1245/1245/1245 1249/1249/1249 1250/1250/1250
f 1245/1245/1245 1250/1250/1250 1246/1246/1246
f 1251/1251/1251 1252/1252/1252 1253/1253/1253
f 1251/1251/1251 1253/1253/1253 1254/1254/1254
f 1251/1251/1251 1254/1254/1254 1175/1175/1175
f 1251/1251/1251 1175/1175/1175 1174/1174/1174
f 1251/1251/1251 1174/1174/1174 1173/1173/1173
f 1251/1251/1251 1173/1173/1173 1255/1255/1255
f 1251/1251/1251 1255/1255/1255 1256/1256/1256
f 1251/1251/1251 1256/1256/1256 1252/1252/1252
f 1257/1257/1257 1258/1258/1258 1259/1259/1259
f 1257/1257/1257 1259/1259/1259 1260/1260/1260
f 1257/1257/1257 1260/1260/1260 1261/1261/1261
f 1257/1257/1257 1261/1261/1261 1262/1262/1262
f 1257/1257/1257 1262/1262/1262 1076/1076/1076
f 1257/1257/1257 1076/1076/1076 1263/1263/1263
f 1257/1257/1257 1263/1263/1263 1264/1264/1264
f 1257/1257/1257 1264/1264/1264 1258/1258/1258
f 1265/1265/1265 1266/1266/1266 1264/1264/1264
f 1265/1265/1265 1264/1264/1264 1263/1263/1263
f 1265/1265/1265 1263/1263/1263 1076/1076/1076
f 1265/1265/1265 1076/1076/1076 1267/1267/1267
f 1265/1265/1265 1267/1267/1267 1268/1268/1268
f 1265/1265/1265 1268/1268/1268 1269/1269/1269
f 1265/1265/1265 1269/1269/1269 1209/1209/1209
f 1265/1265/1265 1209/1209/1209 1266/1266/1266
f 1270/1270/1270 1143/1143/1143 1142/1142/1142
f 1270/1270/1270 1142/1142/1142 1271/1271/1271
f 1270/1270/1270 1271/1271/1271 1272/1272/1272
f 1270/1270/1270 1272/1272/1272 1273/1273/1273
f 1270/1270/1270 1273/1273/1273 1274/1274/1274
f 1270/1270/1270 1274/1274/1274 1275/1275/1275
f 1270/1270/1270 1275/1275/1275 1144/1144/1144
f 1270/1270/1270 1144/1144/1144 1143/1143/1143
f 1276/1276/1276 1176/1176/1176 1175/1175/1175
f 1276/1276/1276 1175/1175/1175 1277/1277/1277
f 1276/1276/1276 1277/1277/1277 1278/1278/1278
f 1276/1276/1276 1278/1278/1278 1279/1279/1279
f 1276/1276/1276 1279/1279/1279 1280/1280/1280
f 1276/1276/1276 1280/1280/1280 1281/1281/1281
f 1276/1276/1276 1281/1281/1281 1177/1177/1177
f 1276/1276/1276 1177/1177/1177 1176/1176/1176
f 1282/1282/1282 1283/1283/1283 1284/1284/1284
f 1282/1282/1282 1284/1284/1284 1285/1285/1285
f 1282/1282/1282 1285/1285/1285 1286/1286/1286
f 1282/1282/1282 1286/1286/1286 1287/1287/1287
f 1282/1282/1282 1287/1287/1287 1288/1288/1288
f 1282/1282/1282 1288/1288/1288 1289/1289/1289
f 1282/1282/1282 1289/1289/1289 1290/1290/1290
f 1282/1282/1282 1290/1290/1290 1283/1283/1283
f 1291/1291/1291 1247/1247/1247 1242/1242/1242
f 1291/1291/1291 1242/1242/1242 1292/1292/1292
f 1291/1291/1291 1292/1292/1292 1293/1293/1293
f 1291/1291/1291 1293/1293/1293 1294/1294/1294
f 1291/1291/1291 1294/1294/1294 1295/1295/1295
f 1291/1291/1291 1295/1295/1295 1296/1296/1296
f 1291/1291/1291 1296/1296/1296 1248/1248/1248
f 1291/1291/1291 1248/1248/1248 1247/1247/1247
f 1297/1297/1297 1241/1241/1241 1240/1240/1240
f 1297/1297/1297 1240/1240/1240 1298/1298/1298
f 1297/1297/1297 1298/1298/1298 1299/1299/1299
f 1297/1297/1297 1299/1299/1299 1300/1300/1300
f 1297/1297/1297 1300/1300/1300 1293/1293/1293
f 1297/1297/1297 1293/1293/1293 1292/1292/1292
f 1297/1297/1297 1292/1292/1292 1242/1242/1242
f 1297/1297/1297 1242/1242/1242 1241/1241/1241
f 1301/1301/1301 1302/1302/1302 1303/1303/1303
f 1301/1301/1301 1303/1303/1303 1304/1304/1304
f 1301/1301/1301 1304/1304/1304 1229/1229/1229
f 1301/1301/1301 1229/1229/1229 1228/1228/1228
f 1301/1301/1301 1228/1228/1228 1235/1235/1235
f 1301/1301/1301 1235/1235/1235 1305/1305/1305
f 1301/1301/1301 1305/1305/1305 1306/1306/1306
f 1301/1301/1301 1306/1306/1306 1302/1302/1302
f 1307/1307/1307 1082/1082/1082 1081/1081/1081
f 1307/1307/1307 1081/1081/1081 1308/1308/1308
f 1307/1307/1307 1308/1308/1308 1309/1309/1309
f 1307/1307/1307 1309/1309/1309 1310/1310/1310
f 1307/1307/1307 1310/1310/1310 1311/1311/1311
f 1307/1307/1307 1311/1311/1311 1312/1312/1312
f 1307/1307/1307 1312/1312/1312 1083/1083/1083
f 1307/1307/1307 1083/1083/1083 1082/1082/1082
f 1313/1313/1313 1088/1088/1088 1083/1083/1083
f 1313/1313/1313 1083/1083/1083 1312/1312/1312
f 1313/1313/1313 1312/1312/1312 1311/1311/1311
f 1313/1313/1313 1311/1311/1311 1314/1314/1314
f 1313/1313/1313 1314/1314/1314 1315/1315/1315
f 1313/1313/1313 1315/1315/1315 1316/1316/1316
f 1313/1313/1313 1316/1316/1316 1089/1089/1089
f 1313/1313/1313 1089/1089/1089 1088/1088/1088
f 1317/1317/1317 1318/1318/1318 1319/1319/1319
f 1317/1317/1317 1319/1319/1319 1320/1320/1320
f 1317/1317/1317 1320/1320/1320 1321/1321/1321
f 1317/1317/1317 1321/1321/1321 1322/1322/1322
f 1317/1317/1317 1322/1322/1322 1323/1323/1323
f 1317/1317/1317 1323/1323/1323 1324/1324/1324
f 1317/1317/1317 1324/1324/1324 1325/1325/1325
f 1317/1317/1317 1325/1325/1325 1318/1318/1318
f 1326/1326/1326 1327/1327/1327 1328/1328/1328
f 1326/1326/1326 1328/1328/1328 1329/1329/1329
f 1326/1326/1326 1329/1329/1329 1330/1330/1330
f 1326/1326/1326 1330/1330/1330 1331/1331/1331
f 1326/1326/1326 1331/1331/1331 1332/1332/1332
f 1326/1326/1326 1332/1332/1332 1333/1333/1333
f 1326/1326/1326 1333/1333/1333 1334/1334/1334
f 1326/1326/1326 1334/1334/1334 1327/1327/1327
f 1335/1335/1335 1336/1336/1336 1337/1337/1337
f 1335/1335/1335 1337/1337/1337 1338/1338/1338
f 1335/1335/1335 1338/1338/1338 1339/1339/1339
f 1335/1335/1335 1339/1339/1339 1340/1340/1340
f 1335/1335/1335 1340/1340/1340 1341/1341/1341
f 1335/1335/1335 1341/1341/1341 1342/1342/1342
f 1335/1335/1335 1342/1342/1342 1343/1343/1343
f 1335/1335/1335 1343/1343/1343 1336/1336/1336
f 1344/1344/1344 1345/1345/1345 1346/1346/1346
f 1344/1344/1344 1346/1346/1346 1347/1347/1347
f 1344/1344/1344 1347/1347/1347 1348/1348/1348
f 1344/1344/1344 1348/1348/1348 1349/1349/1349
f 1344/1344/1344 1349/1349/1349 1350/1350/1350
f 1344/1344/1344 1350/1350/1350 1351/1351/1351
f 1344/1344/1344 1351/1351/1351 1352/1352/1352
f 1344/1344/1344 1352/1352/1352 1345/1345/1345
f 1353/1353/1353 1354/1354/1354 1131/1131/1131
f 1353/1353/1353 1131/1131/1131 1355/1355/1355
f 1353/1353/1353 1355/1355/1355 1356/1356/1356
f 1353/1353/1353 1356/1356/1356 1357/1357/1357
f 1353/1353/1353 1357/1357/1357 1358/1358/1358
f 1353/1353/1353 1358/1358/1358 1359/1359/1359
f 1353/1353/1353 1359/1359/1359 1360/1360/1360
f 1353/1353/1353 1360/1360/1360 1354/1354/1354
f 1361/1361/1361 1362/1362/1362 1363/1363/1363
f 1361/1361/1361 1363/1363/1363 1364/1364/1364
f 1361/1361/1361 1364/1364/1364 1365/1365/1365
f 1361/1361/1361 1365/1365/1365 1366/1366/1366
f 1361/1361/1361 1366/1366/1366 1144/1144/1144
f 1361/1361/1361 1144/1144/1144 1367/1367/1367
f 1361/1361/1361 1367/1367/1367 1368/1368/1368
f 1361/1361/1361 1368/1368/1368 1362/1362/1362
f 1369/1369/1369 1370/1370/1370 1371/1371/1371
f 1369/1369/1369 1371/1371/1371 1372/1372/1372
f 1369/1369/1369 1372/1372/1372 1373/1373/1373
f 1369/1369/1369 1373/1373/1373 1374/1374/1374
f 1369/1369/1369 1374/1374/1374 1368/1368/1368
f 1369/1369/1369 1368/1368/1368 1367/1367/1367
f 1369/1369/1369 1367/1367/1367 1144/1144/1144
f 1369/1369/1369 1144/1144/1144 1370/1370/1370
f 1375/1375/1375 1376/1376/1376 1377/1377/1377
f 1375/1375/1375 1377/1377/1377 1378/1378/1378
f 1375/1375/1375 1378/1378/1378 1379/1379/1379
f 1375/1375/1375 1379/1379/1379 1380/1380/1380
f 1375/1375/1375 1380/1380/1380 1381/1381/1381
f 1375/1375/1375 1381/1381/1381 1382/1382/1382
f 1375/1375/1375 1382/1382/1382 1383/1383/1383
f 1375/1375/1375 1383/1383/1383 1376/1376/1376
f 1384/1384/1384 1385/1385/1385 1383/1383/1383
f 1384/1384/1384 1383/1383/1383 1382/1382/1382
f 1384/1384/1384 1382/1382/1382 1381/1381/1381
f 1384/1384/1384 1381/1381/1381 1386/1386/1386
f 1384/1384/1384 1386/1386/1386 1387/1387/1387
f 1384/1384/1384 1387/1387/1387 1388/1388/1388
f 1384/1384/1384 1388/1388/1388 1389/1389/1389
f 1384/1384/1384 1389/1389/1389 1385/1385/1385
f 1390/1390/1390 1376/1376/1376 1383/1383/1383
f 1390/1390/1390 1383/1383/1383 1391/1391/1391
f 1390/1390/1390 1391/1391/1391 1392/1392/1392
f 1390/1390/1390 1392/1392/1392 1393/1393/1393
f 1390/1390/1390 1393/1393/1393 1394/1394/1394
f 1390/1390/1390 1394/1394/1394 1395/1395/1395
f 1390/1390/1390 1395/1395/1395 1377/1377/1377
f 1390/1390/1390 1377/1377/1377 1376/1376/1376
f 1396/1396/1396 1385/1385/1385 1389/1389/1389
f 1396/1396/1396 1389/1389/1389 1397/1397/1397
f 1396/1396/1396 1397/1397/1397 1398/1398/1398
f 1396/1396/1396 1398/1398/1398 1399/1399/1399
f 1396/1396/1396 1399/1399/1399 1392/1392/1392
f 1396/1396/1396 1392/1392/1392 1391/1391/1391
f 1396/1396/1396 1391/1391/1391 1383/1383/1383
f 1396/1396/1396 1383/1383/1383 1385/1385/1385
f 1400/1400/1400 1401/1401/1401 1402/1402/1402
f 1400/1400/1400 1402/1402/1402 1403/1403/1403
f 1400/1400/1400 1403/1403/1403 1404/1404/1404
f 1400/1400/1400 1404/1404/1404 1405/1405/1405
f 1400/1400/1400 1405/1405/1405 1406/1406/1406
f 1400/1400/1400 1406/1406/1406 1407/1407/1407
f 1400/1400/1400 1407/1407/1407 1408/1408/1408
f 1400/1400/1400 1408/1408/1408 1401/1401/1401
f 1409/1409/1409 1410/1410/1410 1411/1411/1411
f 1409/1409/1409 1411/1411/1411 1412/1412/1412
f 1409/1409/1409 1412/1412/1412 1413/1413/1413
f 1409/1409/1409 1413/1413/1413 1414/1414/1414
f 1409/1409/1409 1414/1414/1414 1404/1404/1404
f 1409/1409/1409 1404/1404/1404 1403/1403/1403
f 1409/1409/1409 1403/1403/1403 1402/1402/1402
f 1409/1409/1409 1402/1402/1402 1410/1410/1410
f 1415/1415/1415 1416/1416/1416 1417/1417/1417
f 1415/1415/1415 1417/1417/1417 1418/1418/1418
f 1415/1415/1415 1418/1418/1418 1419/1419/1419
f 1415/1415/1415 1419/1419/1419 1420/1420/1420
f 1415/1415/1415 1420/1420/1420 1421/1421/1421
f 1415/1415/1415 1421/1421/1421 1422/1422/1422
f 1415/1415/1415 1422/1422/1422 1423/1423/1423
f 1415/1415/1415 1423/1423/1423 1416/1416/1416
f 1424/1424/1424 1425/1425/1425 1426/1426/1426
f 1424/1424/1424 1426/1426/1426 1427/1427/1427
f 1424/1424/1424 1427/1427/1427 1428/1428/1428
f 1424/1424/1424 1428/1428/1428 1429/1429/1429
f 1424/1424/1424 1429/1429/1429 1419/1419/1419
f 1424/1424/1424 1419/1419/1419 1418/1418/1418
f 1424/1424/1424 1418/1418/1418 1417/1417/1417
f 1424/1424/1424 1417/1417/1417 1425/1425/1425
f 1430/1430/1430 1425/1425/1425 1417/1417/1417
f 1430/1430/1430 1417/1417/1417 1431/1431/1431
f 1430/1430/1430 1431/1431/1431 1432/1432/1432
f 1430/1430/1430 1432/1432/1432 1433/1433/1433
f 1430/1430/1430 1433/1433/1433 1434/1434/1434
f 1430/1430/1430 1434/1434/1434 1435/1435/1435
f 1430/1430/1430 1435/1435/1435 1426/1426/1426
f 1430/1430/1430 1426/1426/1426 1425/1425/1425
f 1436/1436/1436 1416/1416/1416 1423/1423/1423
f 1436/1436/1436 1423/1423/1423 1437/1437/1437
f 1436/1436/1436 1437/1437/1437 1438/1438/1438
f 1436/1436/1436 1438/1438/1438 1439/1439/1439
f 1436/1436/1436 1439/1439/1439 1432/1432/1432
f 1436/1436/1436 1432/1432/1432 1431/1431/1431
f 1436/1436/1436 1431/1431/1431 1417/1417/1417
f 1436/1436/1436 1417/1417/1417 1416/1416/1416
f 1440/1440/1440 1441/1441/1441 1442/1442/1442
f 1440/1440/1440 1442/1442/1442 1443/1443/1443
f 1440/1440/1440 1443/1443/1443 1444/1444/1444
f 1440/1440/1440 1444/1444/1444 1445/1445/1445
f 1440/1440/1440 1445/1445/1445 1446/1446/1446
f 1440/1440/1440 1446/1446/1446 1447/1447/1447
f 1440/1440/1440 1447/1447/1447 1448/1448/1448
f 1440/1440/1440 1448/1448/1448 1441/1441/1441
f 1449/1449/1449 1450/1450/1450 1451/1451/1451
f 1449/1449/1449 1451/1451/1451 1452/1452/1452
f 1449/1449/1449 1452/1452/1452 1453/1453/1453
f 1449/1449/1449 1453/1453/1453 1454/1454/1454
f 1449/1449/1449 1454/1454/1454 1444/1444/1444
f 1449/1449/1449 1444/1444/1444 1443/1443/1443
f 1449/1449/1449 1443/1443/1443 1442/1442/1442
f 1449/1449/1449 1442/1442/1442 1450/1450/1450
f 1455/1455/1455 1456/1456/1456 1457/1457/1457
f 1455/1455/1455 1457/1457/1457 1458/1458/1458
f 1455/1455/1455 1458/1458/1458 1459/1459/1459
f 1455/1455/1455 1459/1459/1459 1460/1460/1460
f 1455/1455/1455 1460/1460/1460 1461/1461/1461
f 1455/1455/1455 1461/1461/1461 1462/1462/1462
f 1455/1455/1455 1462/1462/1462 1463/1463/1463
f 1455/1455/1455 1463/1463/1463 1456/1456/1456
f 1464/1464/1464 1465/1465/1465 1466/1466/1466
f 1464/1464/1464 1466/1466/1466 1467/1467/1467
f 1464/1464/1464 1467/1467/1467 1468/1468/1468
f 1464/1464/1464 1468/1468/1468 1469/1469/1469
f 1464/1464/1464 1469/1469/1469 1459/1459/1459
f 1464/1464/1464 1459/1459/1459 1458/1458/1458
f 1464/1464/1464 1458/1458/1458 1457/1457/1457
f 1464/1464/1464 1457/1457/1457 1465/1465/1465
f 1470/1470/1470 1471/1471/1471 1472/1472/1472
f 1470/1470/1470 1472/1472/1472 1473/1473/1473
f 1470/1470/1470 1473/1473/1473 1474/1474/1474
f 1470/1470/1470 1474/1474/1474 1475/1475/1475
f 1470/1470/1470 1475/1475/1475 1476/1476/1476
f 1470/1470/1470 1476/1476/1476 1477/1477/1477
f 1470/1470/1470 1477/1477/1477 1478/1478/1478
f 1470/1470/1470 1478/1478/1478 1471/1471/1471
f 1479/1479/1479 1480/1480/1480 1481/1481/1481
f 1479/1479/1479 1481/1481/1481 1482/1482/1482
f 1479/1479/1479 1482/1482/1482 1483/1483/1483
f 1479/1479/1479 1483/1483/1483 1484/1484/1484
f 1479/1479/1479 1484/1484/1484 1474/1474/1474
f 1479/1479/1479 1474/1474/1474 1473/1473/1473
f 1479/1479/1479 1473/1473/1473 1472/1472/1472
f 1479/1479/1479 1472/1472/1472 1480/1480/1480
f 1485/1485/1485 1486/1486/1486 1487/1487/1487
f 1485/1485/1485 1487/1487/1487 1488/1488/1488
f 1485/1485/1485 1488/1488/1488 1489/1489/1489
f 1485/1485/1485 1489/1489/1489 1490/1490/1490
f 1485/1485/1485 1490/1490/1490 1491/1491/1491
f 1485/1485/1485 1491/1491/1491 1492/1492/1492
f 1485/1485/1485 1492/1492/1492 1493/1493/1493
f 1485/1485/1485 1493/1493/1493 1486/1486/1486
f 1494/1494/1494 1495/1495/1495 1496/1496/1496
f 1494/1494/1494 1496/1496/1496 1497/1497/1497
f 1494/1494/1494 1497/1497/1497 1498/1498/1498
f 1494/1494/1494 1498/1498/1498 1499/1499/1499
f 1494/1494/1494 1499/1499/1499 1489/1489/1489
f 1494/1494/1494 1489/1489/1489 1488/1488/1488
f 1494/1494/1494 1488/1488/1488 1487/1487/1487
f 1494/1494/1494 1487/1487/1487 1495/1495/1495
f 1500/1500/1500 1501/1501/1501 1502/1502/1502
f 1500/1500/1500 1502/1502/1502 1503/1503/1503
f 1500/1500/1500 1503/1503/1503 1487/1487/1487
f 1500/1500/1500 1487/1487/1487 1486/1486/1486
f 1500/1500/1500 1486/1486/1486 1493/1493/1493
f 1500/1500/1500 1493/1493/1493 1504/1504/1504
f 1500/1500/1500 1504/1504/1504 1505/1505/1505
f 1500/1500/1500 1505/1505/1505 1501/1501/1501
f 1506/1506/1506 1507/1507/1507 1508/1508/1508
f 1506/1506/1506 1508/1508/1508 1509/1509/1509
f 1506/1506/1506 1509/1509/1509 1496/1496/1496
f 1506/1506/1506 1496/1496/1496 1495/1495/1495
f 1506/1506/1506 1495/1495/1495 1487/1487/1487
f 1506/1506/1506 1487/1487/1487 1503/1503/1503
f 1506/1506/1506 1503/1503/1503 1502/1502/1502
f 1506/1506/1506 1502/1502/1502 1507/1507/1507
f 1510/1510/1510 1511/1511/1511 1512/1512/1512
f 1510/1510/1510 1512/1512/1512 1513/1513/1513
f 1510/1510/1510 1513/1513/1513 1514/1514/1514
f 1510/1510/1510 1514/1514/1514 1515/1515/1515
f 1510/1510/1510 1515/1515/1515 1516/1516/1516
f 1510/1510/1510 1516/1516/1516 1517/1517/1517
f 1510/1510/1510 1517/1517/1517 1518/1518/1518
f 1510/1510/1510 1518/1518/1518 1511/1511/1511
f 1519/1519/1519 1520/1520/1520 1521/1521/1521
f 1519/1519/1519 1521/1521/1521 1522/1522/1522
f 1519/1519/1519 1522/1522/1522 1523/1523/1523
f 1519/1519/1519 1523/1523/1523 1524/1524/1524
f 1519/1519/1519 1524/1524/1524 1514/1514/1514
f 1519/1519/1519 1514/1514/1514 1513/1513/1513
f 1519/1519/1519 1513/1513/1513 1512/1512/1512
f 1519/1519/1519 1512/1512/1512 1520/1520/1520
f 1525/1525/1525 1526/1526/1526 1527/1527/1527
f 1525/1525/1525 1527/1527/1527 1528/1528/1528
f 1525/1525/1525 1528/1528/1528 1529/1529/1529
f 1525/1525/1525 1529/1529/1529 1530/1530/1530
f 1525/1525/1525 1530/1530/1530 1531/1531/1531
f 1525/1525/1525 1531/1531/1531 1532/1532/1532
f 1525/1525/1525 1532/1532/1532 1533/1533/1533
f 1525/1525/1525 1533/1533/1533 1526/1526/1526
f 1534/1534/1534 1535/1535/1535 1536/1536/1536
f 1534/1534/1534 1536/1536/1536 1537/1537/1537
f 1534/1534/1534 1537/1537/1537 1538/1538/1538
f 1534/1534/1534 1538/1538/1538 1539/1539/1539
f 1534/1534/1534 1539/1539/1539 1529/1529/1529
f 1534/1534/1534 1529/1529/1529 1528/1528/1528
f 1534/1534/1534 1528/1528/1528 1527/1527/1527
f 1534/1534/1534 1527/1527/1527 1535/1535/1535
f 1540/1540/1540 1541/1541/1541 1542/1542/1542
f 1540/1540/1540 1542/1542/1542 1543/1543/1543
f 1540/1540/1540 1543/1543/1543 1544/1544/1544
f 1540/1540/1540 1544/1544/1544 1545/1545/1545
f 1540/1540/1540 1545/1545/1545 1546/1546/1546
f 1540/1540/1540 1546/1546/1546 1547/1547/1547
f 1540/1540/1540 1547/1547/1547 1548/1548/1548
f 1540/1540/1540 1548/1548/1548 1541/1541/1541
f 1549/1549/1549 1550/1550/1550 1551/1551/1551
f 1549/1549/1549 1551/1551/1551 1552/1552/1552
f 1549/1549/1549 1552/1552/1552 1553/1553/1553
f 1549/1549/1549 1553/1553/1553 1554/1554/1554
f 1549/1549/1549 1554/1554/1554 1544/1544/1544
f 1549/1549/1549 1544/1544/1544 1543/1543/1543
f 1549/1549/1549 1543/1543/1543 1542/1542/1542
f 1549/1549/1549 1542/1542/1542 1550/1550/1550
f 1555/1555/1555 1556/1556/1556 1557/1557/1557
f 1555/1555/1555 1557/1557/1557 1558/1558/1558
f 1555/1555/1555 1558/1558/1558 1559/1559/1559
f 1555/1555/1555 1559/1559/1559 1560/1560/1560
f 1555/1555/1555 1560/1560/1560 1389/1389/1389
f 1555/1555/1555 1389/1389/1389 1388/1388/1388
f 1555/1555/1555 1388/1388/1388 1387/1387/1387
f 1555/1555/1555 1387/1387/1387 1556/1556/1556
f 1561/1561/1561 1560/1560/1560 1559/1559/1559
f 1561/1561/1561 1559/1559/1559 1562/1562/1562
f 1561/1561/1561 1562/1562/1562 1563/1563/1563
f 1561/1561/1561 1563/1563/1563 1564/1564/1564
f 1561/1561/1561 1564/1564/1564 1398/1398/1398
f 1561/1561/1561 1398/1398/1398 1397/1397/1397
f 1561/1561/1561 1397/1397/1397 1389/1389/1389
f 1561/1561/1561 1389/1389/1389 1560/1560/1560
f 1565/1565/1565 1566/1566/1566 1567/1567/1567
f 1565/1565/1565 1567/1567/1567 1568/1568/1568
f 1565/1565/1565 1568/1568/1568 1569/1569/1569
f 1565/1565/1565 1569/1569/1569 1570/1570/1570
f 1565/1565/1565 1570/1570/1570 1413/1413/1413
f 1565/1565/1565 1413/1413/1413 1412/1412/1412
f 1565/1565/1565 1412/1412/1412 1411/1411/1411
f 1565/1565/1565 1411/1411/1411 1566/1566/1566
f 1571/1571/1571 1572/1572/1572 1423/1423/1423
f 1571/1571/1571 1423/1423/1423 1422/1422/1422
f 1571/1571/1571 1422/1422/1422 1421/1421/1421
f 1571/1571/1571 1421/1421/1421 1573/1573/1573
f 1571/1571/1571 1573/1573/1573 1574/1574/1574
f 1571/1571/1571 1574/1574/1574 1575/1575/1575
f 1571/1571/1571 1575/1575/1575 1576/1576/1576
f 1571/1571/1571 1576/1576/1576 1572/1572/1572
f 1577/1577/1577 1572/1572/1572 1576/1576/1576
f 1577/1577/1577 1576/1576/1576 1578/1578/1578
f 1577/1577/1577 1578/1578/1578 1579/1579/1579
f 1577/1577/1577 1579/1579/1579 1580/1580/1580
f 1577/1577/1577 1580/1580/1580 1438/1438/1438
f 1577/1577/1577 1438/1438/1438 1437/1437/1437
f 1577/1577/1577 1437/1437/1437 1423/1423/1423
f 1577/1577/1577 1423/1423/1423 1572/1572/1572
f 1581/1581/1581 1582/1582/1582 1448/1448/1448
f 1581/1581/1581 1448/1448/1448 1447/1447/1447
f 1581/1581/1581 1447/1447/1447 1446/1446/1446
f 1581/1581/1581 1446/1446/1446 1583/1583/1583
f 1581/1581/1581 1583/1583/1583 1584/1584/1584
f 1581/1581/1581 1584/1584/1584 1585/1585/1585
f 1581/1581/1581 1585/1585/1585 1586/1586/1586
f 1581/1581/1581 1586/1586/1586 1582/1582/1582
f 1587/1587/1587 1588/1588/1588 1589/1589/1589
f 1587/1587/1587 1589/1589/1589 1590/1590/1590
f 1587/1587/1587 1590/1590/1590 1591/1591/1591
f 1587/1587/1587 1591/1591/1591 1592/1592/1592
f 1587/1587/1587 1592/1592/1592 1468/1468/1468
f 1587/1587/1587 1468/1468/1468 1467/1467/1467
f 1587/1587/1587 1467/1467/1467 1466/1466/1466
f 1587/1587/1587 1466/1466/1466 1588/1588/1588
f 1593/1593/1593 1594/1594/1594 1595/1595/1595
f 1593/1593/1593 1595/1595/1595 1596/1596/1596
f 1593/1593/1593 1596/1596/1596 1597/1597/1597
f 1593/1593/1593 1597/1597/1597 1598/1598/1598
f 1593/1593/1593 1598/1598/1598 1483/1483/1483
f 1593/1593/1593 1483/1483/1483 1482/1482/1482
f 1593/1593/1593 1482/1482/1482 1481/1481/1481
f 1593/1593/1593 1481/1481/1481 1594/1594/1594
f 1599/1599/1599 1600/1600/1600 1601/1601/1601
f 1599/1599/1599 1601/1601/1601 1602/1602/1602
f 1599/1599/1599 1602/1602/1602 1603/1603/1603
f 1599/1599/1599 1603/1603/1603 1604/1604/1604
f 1599/1599/1599 1604/1604/1604 1498/1498/1498
f 1599/1599/1599 1498/1498/1498 1497/1497/1497
f 1599/1599/1599 1497/1497/1497 1496/1496/1496
f 1599/1599/1599 1496/1496/1496 1600/1600/1600
f 1605/1605/1605 1606/1606/1606 1607/1607/1607
f 1605/1605/1605 1607/1607/1607 1608/1608/1608
f 1605/1605/1605 1608/1608/1608 1601/1601/1601
f 1605/1605/1605 1601/1601/1601 1600/1600/1600
f 1605/1605/1605 1600/1600/1600 1496/1496/1496
f 1605/1605/1605 1496/1496/1496 1509/1509/1509
f 1605/1605/1605 1509/1509/1509 1508/1508/1508
f 1605/1605/1605 1508/1508/1508 1606/1606/1606
f 1609/1609/1609 1610/1610/1610 1518/1518/1518
f 1609/1609/1609 1518/1518/1518 1517/1517/1517
f 1609/1609/1609 1517/1517/1517 1516/1516/1516
f 1609/1609/1609 1516/1516/1516 1611/1611/1611
f 1609/1609/1609 1611/1611/1611 1612/1612/1612
f 1609/1609/1609 1612/1612/1612 1613/1613/1613
f 1609/1609/1609 1613/1613/1613 1614/1614/1614
f 1609/1609/1609 1614/1614/1614 1610/1610/1610
f 1615/1615/1615 1616/1616/1616 1617/1617/1617
f 1615/1615/1615 1617/1617/1617 1618/1618/1618
f 1615/1615/1615 1618/1618/1618 1619/1619/1619
f 1615/1615/1615 1619/1619/1619 1620/1620/1620
f 1615/1615/1615 1620/1620/1620 1538/1538/1538
f 1615/1615/1615 1538/1538/1538 1537/1537/1537
f 1615/1615/1615 1537/1537/1537 1536/1536/1536
f 1615/1615/1615 1536/1536/1536 1616/1616/1616
f 1621/1621/1621 1622/1622/1622 1548/1548/1548
f 1621/1621/1621 1548/1548/1548 1547/1547/1547
f 1621/1621/1621 1547/1547/1547 1546/1546/1546
f 1621/1621/1621 1546/1546/1546 1623/1623/1623
f 1621/1621/1621 1623/1623/1623 1624/1624/1624
f 1621/1621/1621 1624/1624/1624 1625/1625/1625
f 1621/1621/1621 1625/1625/1625 1626/1626/1626
f 1621/1621/1621 1626/1626/1626 1622/1622/1622
f 1627/1627/1627 1628/1628/1628 1629/1629/1629
f 1627/1627/1627 1629/1629/1629 1630/1630/1630
f 1627/1627/1627 1630/1630/1630 1631/1631/1631
f 1627/1627/1627 1631/1631/1631 1632/1632/1632
f 1627/1627/1627 1632/1632/1632 1633/1633/1633
f 1627/1627/1627 1633/1633/1633 1634/1634/1634
f 1627/1627/1627 1634/1634/1634 1635/1635/1635
f 1627/1627/1627 1635/1635/1635 1628/1628/1628
f 1636/1636/1636 1637/1637/1637 1638/1638/1638
f 1636/1636/1636 1638/1638/1638 1639/1639/1639
f 1636/1636/1636 1639/1639/1639 1640/1640/1640
f 1636/1636/1636 1640/1640/1640 1641/1641/1641
f 1636/1636/1636 1641/1641/1641 1631/1631/1631
f 1636/1636/1636 1631/1631/1631 1630/1630/1630
f 1636/1636/1636 1630/1630/1630 1629/1629/1629
f 1636/1636/1636 1629/1629/1629 1637/1637/1637
f 1642/1642/1642 1643/1643/1643 1644/1644/1644
f 1642/1642/1642 1644/1644/1644 1645/1645/1645
f 1642/1642/1642 1645/1645/1645 1646/1646/1646
f 1642/1642/1642 1646/1646/1646 1647/1647/1647
f 1642/1642/1642 1647/1647/1647 1648/1648/1648
f 1642/1642/1642 1648/1648/1648 1649/1649/1649
f 1642/1642/1642 1649/1649/1649 1650/1650/1650
f 1642/1642/1642 1650/1650/1650 1643/1643/1643
f 1651/1651/1651 1652/1652/1652 1653/1653/1653
f 1651/1651/1651 1653/1653/1653 1654/1654/1654
f 1651/1651/1651 1654/1654/1654 1655/1655/1655
f 1651/1651/1651 1655/1655/1655 1656/1656/1656
f 1651/1651/1651 1656/1656/1656 1646/1646/1646
f 1651/1651/1651 1646/1646/1646 1645/1645/1645
f 1651/1651/1651 1645/1645/1645 1644/1644/1644
f 1651/1651/1651 1644/1644/1644 1652/1652/1652
f 1657/1657/1657 1658/1658/1658 1659/1659/1659
f 1657/1657/1657 1659/1659/1659 1660/1660/1660
f 1657/1657/1657 1660/1660/1660 1644/1644/1644
f 1657/1657/1657 1644/1644/1644 1643/1643/1643
f 1657/1657/1657 1643/1643/1643 1650/1650/1650
f 1657/1657/1657 1650/1650/1650 1661/1661/1661
f 1657/1657/1657 1661/1661/1661 1662/1662/1662
f 1657/1657/1657 1662/1662/1662 1658/1658/1658
f 1663/1663/1663 1664/1664/1664 1665/1665/1665
f 1663/1663/1663 1665/1665/1665 1666/1666/1666
f 1663/1663/1663 1666/1666/1666 1653/1653/1653
f 1663/1663/1663 1653/1653/1653 1652/1652/1652
f 1663/1663/1663 1652/1652/1652 1644/1644/1644
f 1663/1663/1663 1644/1644/1644 1660/1660/1660
f 1663/1663/1663 1660/1660/1660 1659/1659/1659
f 1663/1663/1663 1659/1659/1659 1664/1664/1664
f 1667/1667/1667 1668/1668/1668 1669/1669/1669
f 1667/1667/1667 1669/1669/1669 1670/1670/1670
f 1667/1667/1667 1670/1670/1670 1671/1671/1671
f 1667/1667/1667 1671/1671/1671 1672/1672/1672
f 1667/1667/1667 1672/1672/1672 1673/1673/1673
f 1667/1667/1667 1673/1673/1673 1674/1674/1674
f 1667/1667/1667 1674/1674/1674 1675/1675/1675
f 1667/1667/1667 1675/1675/1675 1668/1668/1668
f 1676/1676/1676 1677/1677/1677 1678/1678/1678
f 1676/1676/1676 1678/1678/1678 1679/1679/1679
f 1676/1676/1676 1679/1679/1679 1680/1680/1680
f 1676/1676/1676 1680/1680/1680 1681/1681/1681
f 1676/1676/1676 1681/1681/1681 1671/1671/1671
f 1676/1676/1676 1671/1671/1671 1670/1670/1670
f 1676/1676/1676 1670/1670/1670 1669/1669/1669
f 1676/1676/1676 1669/1669/1669 1677/1677/1677
f 1682/1682/1682 1683/1683/1683 1684/1684/1684
f 1682/1682/1682 1684/1684/1684 1685/1685/1685
f 1682/1682/1682 1685/1685/1685 1669/1669/1669
f 1682/1682/1682 1669/1669/1669 1668/1668/1668
f 1682/1682/1682 1668/1668/1668 1675/1675/1675
f 1682/1682/1682 1675/1675/1675 1686/1686/1686
f 1682/1682/1682 1686/1686/1686 1687/1687/1687
f 1682/1682/1682 1687/1687/1687 1683/1683/1683
f 1688/1688/1688 1689/1689/1689 1690/1690/1690
f 1688/1688/1688 1690/1690/1690 1691/1691/1691
f 1688/1688/1688 1691/1691/1691 1678/1678/1678
f 1688/1688/1688 1678/1678/1678 1677/1677/1677
f 1688/1688/1688 1677/1677/1677 1669/1669/1669
f 1688/1688/1688 1669/1669/1669 1685/1685/1685
f 1688/1688/1688 1685/1685/1685 1684/1684/1684
f 1688/1688/1688 1684/1684/1684 1689/1689/1689
f 1692/1692/1692 1693/1693/1693 1694/1694/1694
f 1692/1692/1692 1694/1694/1694 1695/1695/1695
f 1692/1692/1692 1695/1695/1695 1696/1696/1696
f 1692/1692/1692 1696/1696/1696 1697/1697/1697
f 1692/1692/1692 1697/1697/1697 1698/1698/1698
f 1692/1692/1692 1698/1698/1698 1699/1699/1699
f 1692/1692/1692 1699/1699/1699 1700/1700/1700
f 1692/1692/1692 1700/1700/1700 1693/1693/1693
f 1701/1701/1701 1702/1702/1702 1703/1703/1703
f 1701/1701/1701 1703/1703/1703 1704/1704/1704
f 1701/1701/1701 1704/1704/1704 1705/1705/1705
f 1701/1701/1701 1705/1705/1705 1706/1706/1706
f 1701/1701/1701 1706/1706/1706 1696/1696/1696
f 1701/1701/1701 1696/1696/1696 1695/1695/1695
f 1701/1701/1701 1695/1695/1695 1694/1694/1694
f 1701/1701/1701 1694/1694/1694 1702/1702/1702
f 1707/1707/1707 1697/1697/1697 1696/1696/1696
f 1707/1707/1707 1696/1696/1696 1708/1708/1708
f 1707/1707/1707 1708/1708/1708 1709/1709/1709
f 1707/1707/1707 1709/1709/1709 1710/1710/1710
f 1707/1707/1707 1710/1710/1710 1711/1711/1711
f 1707/1707/1707 1711/1711/1711 1712/1712/1712
f 1707/1707/1707 1712/1712/1712 1698/1698/1698
f 1707/1707/1707 1698/1698/1698 1697/1697/1697
f 1713/1713/1713 1706/1706/1706 1705/1705/1705
f 1713/1713/1713 1705/1705/1705 1714/1714/1714
f 1713/1713/1713 1714/1714/1714 1715/1715/1715
f 1713/1713/1713 1715/1715/1715 1716/1716/1716
f 1713/1713/1713 1716/1716/1716 1709/1709/1709
f 1713/1713/1713 1709/1709/1709 1708/1708/1708
f 1713/1713/1713 1708/1708/1708 1696/1696/1696
f 1713/1713/1713 1696/1696/1696 1706/1706/1706
f 1717/1717/1717 1718/1718/1718 1719/1719/1719
f 1717/1717/1717 1719/1719/1719 1720/1720/1720
f 1717/1717/1717 1720/1720/1720 1721/1721/1721
f 1717/1717/1717 1721/1721/1721 1722/1722/1722
f 1717/1717/1717 1722/1722/1722 1723/1723/1723
f 1717/1717/1717 1723/1723/1723 1724/1724/1724
f 1717/1717/1717 1724/1724/1724 1725/1725/1725
f 1717/1717/1717 1725/1725/1725 1718/1718/1718
f 1726/1726/1726 1727/1727/1727 1728/1728/1728
f 1726/1726/1726 1728/1728/1728 1729/1729/1729
f 1726/1726/1726 1729/1729/1729 1730/1730/1730
f 1726/1726/1726 1730/1730/1730 1731/1731/1731
f 1726/1726/1726 1731/1731/1731 1721/1721/1721
f 1726/1726/1726 1721/1721/1721 1720/1720/1720
f 1726/1726/1726 1720/1720/1720 1719/1719/1719
f 1726/1726/1726 1719/1719/1719 1727/1727/1727
f 1732/1732/1732 1722/1722/1722 1721/1721/1721
f 1732/1732/1732 1721/1721/1721 1733/1733/1733
f 1732/1732/1732 1733/1733/1733 1734/1734/1734
f 1732/1732/1732 1734/1734/1734 1735/1735/1735
f 1732/1732/1732 1735/1735/1735 1736/1736/1736
f 1732/1732/1732 1736/1736/1736 1737/1737/1737
f 1732/1732/1732 1737/1737/1737 1723/1723/1723
f 1732/1732/1732 1723/1723/1723 1722/1722/1722
f 1738/1738/1738 1731/1731/1731 1730/1730/1730
f 1738/1738/1738 1730/1730/1730 1739/1739/1739
f 1738/1738/1738 1739/1739/1739 1740/1740/1740
f 1738/1738/1738 1740/1740/1740 1741/1741/1741
f 1738/1738/1738 1741/1741/1741 1734/1734/1734
f 1738/1738/1738 1734/1734/1734 1733/1733/1733
f 1738/1738/1738 1733/1733/1733 1721/1721/1721
f 1738/1738/1738 1721/1721/1721 1731/1731/1731
f 1742/1742/1742 1743/1743/1743 1744/1744/1744
f 1742/1742/1742 1744/1744/1744 1745/1745/1745
f 1742/1742/1742 1745/1745/1745 1746/1746/1746
f 1742/1742/1742 1746/1746/1746 1747/1747/1747
f 1742/1742/1742 1747/1747/1747 1748/1748/1748
f 1742/1742/1742 1748/1748/1748 1749/1749/1749
f 1742/1742/1742 1749/1749/1749 1750/1750/1750
f 1742/1742/1742 1750/1750/1750 1743/1743/1743
f 1751/1751/1751 1752/1752/1752 1753/1753/1753
f 1751/1751/1751 1753/1753/1753 1754/1754/1754
f 1751/1751/1751 1754/1754/1754 1755/1755/1755
f 1751/1751/1751 1755/1755/1755 1756/1756/1756
f 1751/1751/1751 1756/1756/1756 1746/1746/1746
f 1751/1751/1751 1746/1746/1746 1745/1745/1745
f 1751/1751/1751 1745/1745/1745 1744/1744/1744
f 1751/1751/1751 1744/1744/1744 1752/1752/1752
f 1757/1757/1757 1758/1758/1758 1759/1759/1759
f 1757/1757/1757 1759/1759/1759 1760/1760/1760
f 1757/1757/1757 1760/1760/1760 1744/1744/1744
f 1757/1757/1757 1744/1744/1744 1743/1743/1743
f 1757/1757/1757 1743/1743/1743 1750/1750/1750
f 1757/1757/1757 1750/1750/1750 1761/1761/1761
f 1757/1757/1757 1761/1761/1761 1736/1736/1736
f 1757/1757/1757 1736/1736/1736 1758/1758/1758
f 1762/1762/1762 1763/1763/1763 1764/1764/1764
f 1762/1762/1762 1764/1764/1764 1765/1765/1765
f 1762/1762/1762 1765/1765/1765 1753/1753/1753
f 1762/1762/1762 1753/1753/1753 1752/1752/1752
f 1762/1762/1762 1752/1752/1752 1744/1744/1744
f 1762/1762/1762 1744/1744/1744 1760/1760/1760
f 1762/1762/1762 1760/1760/1760 1759/1759/1759
f 1762/1762/1762 1759/1759/1759 1763/1763/1763
f 1766/1766/1766 1767/1767/1767 1768/1768/1768
f 1766/1766/1766 1768/1768/1768 1769/1769/1769
f 1766/1766/1766 1769/1769/1769 1770/1770/1770
f 1766/1766/1766 1770/1770/1770 1771/1771/1771
f 1766/1766/1766 1771/1771/1771 1772/1772/1772
f 1766/1766/1766 1772/1772/1772 1773/1773/1773
f 1766/1766/1766 1773/1773/1773 1774/1774/1774
f 1766/1766/1766 1774/1774/1774 1767/1767/1767
f 1775/1775/1775 1776/1776/1776 1777/1777/1777
f 1775/1775/1775 1777/1777/1777 1778/1778/1778
f 1775/1775/1775 1778/1778/1778 1779/1779/1779
f 1775/1775/1775 1779/1779/1779 1780/1780/1780
f 1775/1775/1775 1780/1780/1780 1770/1770/1770
f 1775/1775/1775 1770/1770/1770 1769/1769/1769
f 1775/1775/1775 1769/1769/1769 1768/1768/1768
f 1775/1775/1775 1768/1768/1768 1776/1776/1776
f 1781/1781/1781 1776/1776/1776 1768/1768/1768
f 1781/1781/1781 1768/1768/1768 1782/1782/1782
f 1781/1781/1781 1782/1782/1782 1783/1783/1783
f 1781/1781/1781 1783/1783/1783 1784/1784/1784
f 1781/1781/1781 1784/1784/1784 1785/1785/1785
f 1781/1781/1781 1785/1785/1785 1786/1786/1786
f 1781/1781/1781 1786/1786/1786 1777/1777/1777
f 1781/1781/1781 1777/1777/1777 1776/1776/1776
f 1787/1787/1787 1767/1767/1767 1774/1774/1774
f 1787/1787/1787 1774/1774/1774 1788/1788/1788
f 1787/1787/1787 1788/1788/1788 1789/1789/1789
f 1787/1787/1787 1789/1789/1789 1790/1790/1790
f 1787/1787/1787 1790/1790/1790 1783/1783/1783
f 1787/1787/1787 1783/1783/1783 1782/1782/1782
f 1787/1787/1787 1782/1782/1782 1768/1768/1768
f 1787/1787/1787 1768/1768/1768 1767/1767/1767
f 1791/1791/1791 1792/1792/1792 1793/1793/1793
f 1791/1791/1791 1793/1793/1793 1794/1794/1794
f 1791/1791/1791 1794/1794/1794 1795/1795/1795
f 1791/1791/1791 1795/1795/1795 1796/1796/1796
f 1791/1791/1791 1796/1796/1796 1797/1797/1797
f 1791/1791/1791 1797/1797/1797 1798/1798/1798
f 1791/1791/1791 1798/1798/1798 1799/1799/1799
f 1791/1791/1791 1799/1799/1799 1792/1792/1792
f 1800/1800/1800 1801/1801/1801 1802/1802/1802
f 1800/1800/1800 1802/1802/1802 1803/1803/1803
f 1800/1800/1800 1803/1803/1803 1804/1804/1804
f 1800/1800/1800 1804/1804/1804 1805/1805/1805
f 1800/1800/1800 1805/1805/1805 1806/1806/1806
f 1800/1800/1800 1806/1806/1806 1807/1807/1807
f 1800/1800/1800 1807/1807/1807 1808/1808/1808
f 1800/1800/1800 1808/1808/1808 1801/1801/1801
f 1809/1809/1809 1810/1810/1810 1811/1811/1811
f 1809/1809/1809 1811/1811/1811 1812/1812/1812
f 1809/1809/1809 1812/1812/1812 1813/1813/1813
f 1809/1809/1809 1813/1813/1813 1814/1814/1814
f 1809/1809/1809 1814/1814/1814 1815/1815/1815
f 1809/1809/1809 1815/1815/1815 1816/1816/1816
f 1809/1809/1809 1816/1816/1816 1817/1817/1817
f 1809/1809/1809 1817/1817/1817 1810/1810/1810
f 1818/1818/1818 1819/1819/1819 1820/1820/1820
f 1818/1818/1818 1820/1820/1820 1821/1821/1821
f 1818/1818/1818 1821/1821/1821 1822/1822/1822
f 1818/1818/1818 1822/1822/1822 1823/1823/1823
f 1818/1818/1818 1823/1823/1823 1813/1813/1813
f 1818/1818/1818 1813/1813/1813 1812/1812/1812
f 1818/1818/1818 1812/1812/1812 1811/1811/1811
f 1818/1818/1818 1811/1811/1811 1819/1819/1819
f 1824/1824/1824 1825/1825/1825 1826/1826/1826
f 1824/1824/1824 1826/1826/1826 1827/1827/1827
f 1824/1824/1824 1827/1827/1827 1828/1828/1828
f 1824/1824/1824 1828/1828/1828 1829/1829/1829
f 1824/1824/1824 1829/1829/1829 1830/1830/1830
f 1824/1824/1824 1830/1830/1830 1831/1831/1831
f 1824/1824/1824 1831/1831/1831 1832/1832/1832
f 1824/1824/1824 1832/1832/1832 1825/1825/1825
f 1833/1833/1833 1834/1834/1834 1835/1835/1835
f 1833/1833/1833 1835/1835/1835 1836/1836/1836
f 1833/1833/1833 1836/1836/1836 1826/1826/1826
f 1833/1833/1833 1826/1826/1826 1825/1825/1825
f 1833/1833/1833 1825/1825/1825 1832/1832/1832
f 1833/1833/1833 1832/1832/1832 1837/1837/1837
f 1833/1833/1833 1837/1837/1837 1838/1838/1838
f 1833/1833/1833 1838/1838/1838 1834/1834/1834
f 1839/1839/1839 1840/1840/1840 1841/1841/1841
f 1839/1839/1839 1841/1841/1841 1842/1842/1842
f 1839/1839/1839 1842/1842/1842 1843/1843/1843
f 1839/1839/1839 1843/1843/1843 1844/1844/1844
f 1839/1839/1839 1844/1844/1844 1845/1845/1845
f 1839/1839/1839 1845/1845/1845 1846/1846/1846
f 1839/1839/1839 1846/1846/1846 1847/1847/1847
f 1839/1839/1839 1847/1847/1847 1840/1840/1840
f 1848/1848/1848 1849/1849/1849 1850/1850/1850
f 1848/1848/1848 1850/1850/1850 1851/1851/1851
f 1848/1848/1848 1851/1851/1851 1841/1841/1841
f 1848/1848/1848 1841/1841/1841 1840/1840/1840
f 1848/1848/1848 1840/1840/1840 1847/1847/1847
f 1848/1848/1848 1847/1847/1847 1852/1852/1852
f 1848/1848/1848 1852/1852/1852 1853/1853/1853
f 1848/1848/1848 1853/1853/1853 1849/1849/1849
f 1854/1854/1854 1855/1855/1855 1856/1856/1856
f 1854/1854/1854 1856/1856/1856 1857/1857/1857
f 1854/1854/1854 1857/1857/1857 1858/1858/1858
f 1854/1854/1854 1858/1858/1858 1859/1859/1859
f 1854/1854/1854 1859/1859/1859 1860/1860/1860
f 1854/1854/1854 1860/1860/1860 1861/1861/1861
f 1854/1854/1854 1861/1861/1861 1862/1862/1862
f 1854/1854/1854 1862/1862/1862 1855/1855/1855
f 1863/1863/1863 1864/1864/1864 1865/1865/1865
f 1863/1863/1863 1865/1865/1865 1866/1866/1866
f 1863/1863/1863 1866/1866/1866 1867/1867/1867
f 1863/1863/1863 1867/1867/1867 1868/1868/1868
f 1863/1863/1863 1868/1868/1868 1869/1869/1869
f 1863/1863/1863 1869/1869/1869 1870/1870/1870
f 1863/1863/1863 1870/1870/1870 1871/1871/1871
f 1863/1863/1863 1871/1871/1871 1864/1864/1864
f 1872/1872/1872 1873/1873/1873 1874/1874/1874
f 1872/1872/1872 1874/1874/1874 1875/1875/1875
f 1872/1872/1872 1875/1875/1875 1876/1876/1876
f 1872/1872/1872 1876/1876/1876 1877/1877/1877
f 1872/1872/1872 1877/1877/1877 1867/1867/1867
f 1872/1872/1872 1867/1867/1867 1866/1866/1866
f 1872/1872/1872 1866/1866/1866 1865/1865/1865
f 1872/1872/1872 1865/1865/1865 1873/1873/1873
f 1878/1878/1878 1879/1879/1879 1880/1880/1880
f 1878/1878/1878 1880/1880/1880 1881/1881/1881
f 1878/1878/1878 1881/1881/1881 1882/1882/1882
f 1878/1878/1878 1882/1882/1882 1883/1883/1883
f 1878/1878/1878 1883/1883/1883 1884/1884/1884
f 1878/1878/1878 1884/1884/1884 1885/1885/1885
f 1878/1878/1878 1885/1885/1885 1886/1886/1886
f 1878/1878/1878 1886/1886/1886 1879/1879/1879
f 1887/1887/1887 1888/1888/1888 1889/1889/1889
f 1887/1887/1887 1889/1889/1889 1890/1890/1890
f 1887/1887/1887 1890/1890/1890 1891/1891/1891
f 1887/1887/1887 1891/1891/1891 1892/1892/1892
f 1887/1887/1887 1892/1892/1892 1882/1882/1882
f 1887/1887/1887 1882/1882/1882 1881/1881/1881
f 1887/1887/1887 1881/1881/1881 1880/1880/1880
f 1887/1887/1887 1880/1880/1880 1888/1888/1888
f 1893/1893/1893 1894/1894/1894 1874/1874/1874
f 1893/1893/1893 1874/1874/1874 1895/1895/1895
f 1893/1893/1893 1895/1895/1895 1896/1896/1896
f 1893/1893/1893 1896/1896/1896 1897/1897/1897
f 1893/1893/1893 1897/1897/1897 1898/1898/1898
f 1893/1893/1893 1898/1898/1898 1899/1899/1899
f 1893/1893/1893 1899/1899/1899 1900/1900/1900
f 1893/1893/1893 1900/1900/1900 1894/1894/1894
f 1901/1901/1901 1902/1902/1902 1903/1903/1903
f 1901/1901/1901 1903/1903/1903 1904/1904/1904
f 1901/1901/1901 1904/1904/1904 1905/1905/1905
f 1901/1901/1901 1905/1905/1905 1906/1906/1906
f 1901/1901/1901 1906/1906/1906 1898/1898/1898
f 1901/1901/1901 1898/1898/1898 1907/1907/1907
f 1901/1901/1901 1907/1907/1907 1908/1908/1908
f 1901/1901/1901 1908/1908/1908 1902/1902/1902
f 1909/1909/1909 1910/1910/1910 1911/1911/1911
f 1909/1909/1909 1911/1911/1911 1904/1904/1904
f 1909/1909/1909 1904/1904/1904 1912/1912/1912
f 1909/1909/1909 1912/1912/1912 1913/1913/1913
f 1909/1909/1909 1913/1913/1913 1914/1914/1914
f 1909/1909/1909 1914/1914/1914 1915/1915/1915
f 1909/1909/1909 1915/1915/1915 1916/1916/1916
f 1909/1909/1909 1916/1916/1916 1910/1910/1910
f 1917/1917/1917 1918/1918/1918 1919/1919/1919
f 1917/1917/1917 1919/1919/1919 1920/1920/1920
f 1917/1917/1917 1920/1920/1920 1921/1921/1921
f 1917/1917/1917 1921/1921/1921 1922/1922/1922
f 1917/1917/1917 1922/1922/1922 1923/1923/1923
f 1917/1917/1917 1923/1923/1923 1924/1924/1924
f 1917/1917/1917 1924/1924/1924 1925/1925/1925
f 1917/1917/1917 1925/1925/1925 1918/1918/1918
f 1926/1926/1926 1927/1927/1927 1928/1928/1928
f 1926/1926/1926 1928/1928/1928 1929/1929/1929
f 1926/1926/1926 1929/1929/1929 1916/1916/1916
f 1926/1926/1926 1916/1916/1916 1915/1915/1915
f 1926/1926/1926 1915/1915/1915 1914/1914/1914
f 1926/1926/1926 1914/1914/1914 1930/1930/1930
f 1926/1926/1926 1930/1930/1930 1931/1931/1931
f 1926/1926/1926 1931/1931/1931 1927/1927/1927
f 1932/1932/1932 1933/1933/1933 1635/1635/1635
f 1932/1932/1932 1635/1635/1635 1634/1634/1634
f 1932/1932/1932 1634/1634/1634 1633/1633/1633
f 1932/1932/1932 1633/1633/1633 1934/1934/1934
f 1932/1932/1932 1934/1934/1934 1923/1923/1923
f 1932/1932/1932 1923/1923/1923 1935/1935/1935
f 1932/1932/1932 1935/1935/1935 1936/1936/1936
f 1932/1932/1932 1936/1936/1936 1933/1933/1933
f 1937/1937/1937 1938/1938/1938 1858/1858/1858
f 1937/1937/1937 1858/1858/1858 1939/1939/1939
f 1937/1937/1937 1939/1939/1939 1940/1940/1940
f 1937/1937/1937 1940/1940/1940 1941/1941/1941
f 1937/1937/1937 1941/1941/1941 1942/1942/1942
f 1937/1937/1937 1942/1942/1942 1943/1943/1943
f 1937/1937/1937 1943/1943/1943 1944/1944/1944
f 1937/1937/1937 1944/1944/1944 1938/1938/1938
f 1945/1945/1945 1946/1946/1946 1944/1944/1944
f 1945/1945/1945 1944/1944/1944 1943/1943/1943
f 1945/1945/1945 1943/1943/1943 1942/1942/1942
f 1945/1945/1945 1942/1942/1942 1947/1947/1947
f 1945/1945/1945 1947/1947/1947 1948/1948/1948
f 1945/1945/1945 1948/1948/1948 1949/1949/1949
f 1945/1945/1945 1949/1949/1949 1950/1950/1950
f 1945/1945/1945 1950/1950/1950 1946/1946/1946
f 1951/1951/1951 1952/1952/1952 1953/1953/1953
f 1951/1951/1951 1953/1953/1953 1954/1954/1954
f 1951/1951/1951 1954/1954/1954 1955/1955/1955
f 1951/1951/1951 1955/1955/1955 1956/1956/1956
f 1951/1951/1951 1956/1956/1956 1957/1957/1957
f 1951/1951/1951 1957/1957/1957 1958/1958/1958
f 1951/1951/1951 1958/1958/1958 1959/1959/1959
f 1951/1951/1951 1959/1959/1959 1952/1952/1952
f 1960/1960/1960 1961/1961/1961 1959/1959/1959
f 1960/1960/1960 1959/1959/1959 1958/1958/1958
f 1960/1960/1960 1958/1958/1958 1957/1957/1957
f 1960/1960/1960 1957/1957/1957 1962/1962/1962
f 1960/1960/1960 1962/1962/1962 1963/1963/1963
f 1960/1960/1960 1963/1963/1963 1964/1964/1964
f 1960/1960/1960 1964/1964/1964 1965/1965/1965
f 1960/1960/1960 1965/1965/1965 1961/1961/1961
f 1966/1966/1966 1967/1967/1967 1968/1968/1968
f 1966/1966/1966 1968/1968/1968 1969/1969/1969
f 1966/1966/1966 1969/1969/1969 1970/1970/1970
f 1966/1966/1966 1970/1970/1970 1971/1971/1971
f 1966/1966/1966 1971/1971/1971 1972/1972/1972
f 1966/1966/1966 1972/1972/1972 1973/1973/1973
f 1966/1966/1966 1973/1973/1973 1974/1974/1974
f 1966/1966/1966 1974/1974/1974 1967/1967/1967
f 1975/1975/1975 1976/1976/1976 1974/1974/1974
f 1975/1975/1975 1974/1974/1974 1973/1973/1973
f 1975/1975/1975 1973/1973/1973 1972/1972/1972
f 1975/1975/1975 1972/1972/1972 1977/1977/1977
f 1975/1975/1975 1977/1977/1977 1978/1978/1978
f 1975/1975/1975 1978/1978/1978 1979/1979/1979
f 1975/1975/1975 1979/1979/1979 1980/1980/1980
f 1975/1975/1975 1980/1980/1980 1976/1976/1976
f 1981/1981/1981 1982/1982/1982 1983/1983/1983
f 1981/1981/1981 1983/1983/1983 1984/1984/1984
f 1981/1981/1981 1984/1984/1984 1985/1985/1985
f 1981/1981/1981 1985/1985/1985 1986/1986/1986
f 1981/1981/1981 1986/1986/1986 1987/1987/1987
f 1981/1981/1981 1987/1987/1987 1988/1988/1988
f 1981/1981/1981 1988/1988/1988 1989/1989/1989
f 1981/1981/1981 1989/1989/1989 1982/1982/1982
f 1990/1990/1990 1991/1991/1991 1989/1989/1989
f 1990/1990/1990 1989/1989/1989 1988/1988/1988
f 1990/1990/1990 1988/1988/1988 1987/1987/1987
f 1990/1990/1990 1987/1987/1987 1992/1992/1992
f 1990/1990/1990 1992/1992/1992 1993/1993/1993
f 1990/1990/1990 1993/1993/1993 1994/1994/1994
f 1990/1990/1990 1994/1994/1994 1995/1995/1995
f 1990/1990/1990 1995/1995/1995 1991/1991/1991
f 1996/1996/1996 1997/1997/1997 1998/1998/1998
f 1996/1996/1996 1998/1998/1998 1999/1999/1999
f 1996/1996/1996 1999/1999/1999 2000/2000/2000
f 1996/1996/1996 2000/2000/2000 2001/2001/2001
f 1996/1996/1996 2001/2001/2001 2002/2002/2002
f 1996/1996/1996 2002/2002/2002 2003/2003/2003
f 1996/1996/1996 2003/2003/2003 2004/2004/2004
f 1996/1996/1996 2004/2004/2004 1997/1997/1997
f 2005/2005/2005 2006/2006/2006 2004/2004/2004
f 2005/2005/2005 2004/2004/2004 2003/2003/2003
f 2005/2005/2005 2003/2003/2003 2002/2002/2002
f 2005/2005/2005 2002/2002/2002 2007/2007/2007
f 2005/2005/2005 2007/2007/2007 2008/2008/2008
f 2005/2005/2005 2008/2008/2008 2009/2009/2009
f 2005/2005/2005 2009/2009/2009 2010/2010/2010
f 2005/2005/2005 2010/2010/2010 2006/2006/2006
f 2011/2011/2011 2012/2012/2012 2013/2013/2013
f 2011/2011/2011 2013/2013/2013 2014/2014/2014
f 2011/2011/2011 2014/2014/2014 2015/2015/2015
f 2011/2011/2011 2015/2015/2015 2016/2016/2016
f 2011/2011/2011 2016/2016/2016 2017/2017/2017
f 2011/2011/2011 2017/2017/2017 2018/2018/2018
f 2011/2011/2011 2018/2018/2018 2019/2019/2019
f 2011/2011/2011 2019/2019/2019 2012/2012/2012
f 2020/2020/2020 2021/2021/2021 2019/2019/2019
f 2020/2020/2020 2019/2019/2019 2018/2018/2018
f 2020/2020/2020 2018/2018/2018 2017/2017/2017
f 2020/2020/2020 2017/2017/2017 2022/2022/2022
f 2020/2020/2020 2022/2022/2022 2023/2023/2023
f 2020/2020/2020 2023/2023/2023 2024/2024/2024
f 2020/2020/2020 2024/2024/2024 2025/2025/2025
f 2020/2020/2020 2025/2025/2025 2021/2021/2021
f 2026/2026/2026 2027/2027/2027 2028/2028/2028
f 2026/2026/2026 2028/2028/2028 2029/2029/2029
f 2026/2026/2026 2029/2029/2029 2030/2030/2030
f 2026/2026/2026 2030/2030/2030 2031/2031/2031
f 2026/2026/2026 2031/2031/2031 2032/2032/2032
f 2026/2026/2026 2032/2032/2032 2033/2033/2033
f 2026/2026/2026 2033/2033/2033 2034/2034/2034
f 2026/2026/2026 2034/2034/2034 2027/2027/2027
f 2035/2035/2035 2036/2036/2036 2034/2034/2034
f 2035/2035/2035 2034/2034/2034 2033/2033/2033
f 2035/2035/2035 2033/2033/2033 2032/2032/2032
f 2035/2035/2035 2032/2032/2032 2037/2037/2037
f 2035/2035/2035 2037/2037/2037 2038/2038/2038
f 2035/2035/2035 2038/2038/2038 2039/2039/2039
f 2035/2035/2035 2039/2039/2039 2040/2040/2040
f 2035/2035/2035 2040/2040/2040 2036/2036/2036
f 2041/2041/2041 2042/2042/2042 2043/2043/2043
f 2041/2041/2041 2043/2043/2043 2044/2044/2044
f 2041/2041/2041 2044/2044/2044 2038/2038/2038
f 2041/2041/2041 2038/2038/2038 2037/2037/2037
f 2041/2041/2041 2037/2037/2037 2032/2032/2032
f 2041/2041/2041 2032/2032/2032 2045/2045/2045
f 2041/2041/2041 2045/2045/2045 2046/2046/2046
f 2041/2041/2041 2046/2046/2046 2042/2042/2042
f 2047/2047/2047 2048/2048/2048 2046/2046/2046
f 2047/2047/2047 2046/2046/2046 2045/2045/2045
f 2047/2047/2047 2045/2045/2045 2032/2032/2032
f 2047/2047/2047 2032/2032/2032 2031/2031/2031
f 2047/2047/2047 2031/2031/2031 2030/2030/2030
f 2047/2047/2047 2030/2030/2030 2049/2049/2049
f 2047/2047/2047 2049/2049/2049 2050/2050/2050
f 2047/2047/2047 2050/2050/2050 2048/2048/2048
f 2051/2051/2051 2052/2052/2052 2053/2053/2053
f 2051/2051/2051 2053/2053/2053 2054/2054/2054
f 2051/2051/2051 2054/2054/2054 2055/2055/2055
f 2051/2051/2051 2055/2055/2055 2056/2056/2056
f 2051/2051/2051 2056/2056/2056 2057/2057/2057
f 2051/2051/2051 2057/2057/2057 2058/2058/2058
f 2051/2051/2051 2058/2058/2058 2059/2059/2059
f 2051/2051/2051 2059/2059/2059 2052/2052/2052
f 2060/2060/2060 2061/2061/2061 2059/2059/2059
f 2060/2060/2060 2059/2059/2059 2058/2058/2058
f 2060/2060/2060 2058/2058/2058 2057/2057/2057
f 2060/2060/2060 2057/2057/2057 2062/2062/2062
f 2060/2060/2060 2062/2062/2062 2063/2063/2063
f 2060/2060/2060 2063/2063/2063 2064/2064/2064
f 2060/2060/2060 2064/2064/2064 2065/2065/2065
f 2060/2060/2060 2065/2065/2065 2061/2061/2061
f 2066/2066/2066 2067/2067/2067 2065/2065/2065
f 2066/2066/2066 2065/2065/2065 2068/2068/2068
f 2066/2066/2066 2068/2068/2068 2069/2069/2069
f 2066/2066/2066 2069/2069/2069 2070/2070/2070
f 2066/2066/2066 2070/2070/2070 2071/2071/2071
f 2066/2066/2066 2071/2071/2071 2072/2072/2072
f 2066/2066/2066 2072/2072/2072 2073/2073/2073
f 2066/2066/2066 2073/2073/2073 2067/2067/2067
f 2074/2074/2074 2075/2075/2075 2073/2073/2073
f 2074/2074/2074 2073/2073/2073 2072/2072/2072
f 2074/2074/2074 2072/2072/2072 2071/2071/2071
f 2074/2074/2074 2071/2071/2071 2076/2076/2076
f 2074/2074/2074 2076/2076/2076 2077/2077/2077
f 2074/2074/2074 2077/2077/2077 2078/2078/2078
f 2074/2074/2074 2078/2078/2078 2053/2053/2053
f 2074/2074/2074 2053/2053/2053 2075/2075/2075
f 2079/2079/2079 2080/2080/2080 2081/2081/2081
f 2079/2079/2079 2081/2081/2081 2082/2082/2082
f 2079/2079/2079 2082/2082/2082 2083/2083/2083
f 2079/2079/2079 2083/2083/2083 2084/2084/2084
f 2079/2079/2079 2084/2084/2084 2085/2085/2085
f 2079/2079/2079 2085/2085/2085 2086/2086/2086
f 2079/2079/2079 2086/2086/2086 2087/2087/2087
f 2079/2079/2079 2087/2087/2087 2080/2080/2080
f 2088/2088/2088 2089/2089/2089 2087/2087/2087
f 2088/2088/2088 2087/2087/2087 2086/2086/2086
f 2088/2088/2088 2086/2086/2086 2085/2085/2085
f 2088/2088/2088 2085/2085/2085 2090/2090/2090
f 2088/2088/2088 2090/2090/2090 2091/2091/2091
f 2088/2088/2088 2091/2091/2091 2092/2092/2092
f 2088/2088/2088 2092/2092/2092 2093/2093/2093
f 2088/2088/2088 2093/2093/2093 2089/2089/2089
f 2094/2094/2094 2095/2095/2095 2096/2096/2096
f 2094/2094/2094 2096/2096/2096 2097/2097/2097
f 2094/2094/2094 2097/2097/2097 2098/2098/2098
f 2094/2094/2094 2098/2098/2098 2099/2099/2099
f 2094/2094/2094 2099/2099/2099 2100/2100/2100
f 2094/2094/2094 2100/2100/2100 2101/2101/2101
f 2094/2094/2094 2101/2101/2101 2102/2102/2102
f 2094/2094/2094 2102/2102/2102 2095/2095/2095
f 2103/2103/2103 2104/2104/2104 2102/2102/2102
f 2103/2103/2103 2102/2102/2102 2101/2101/2101
f 2103/2103/2103 2101/2101/2101 2100/2100/2100
f 2103/2103/2103 2100/2100/2100 2105/2105/2105
f 2103/2103/2103 2105/2105/2105 2106/2106/2106
f 2103/2103/2103 2106/2106/2106 2107/2107/2107
f 2103/2103/2103 2107/2107/2107 2108/2108/2108
f 2103/2103/2103 2108/2108/2108 2104/2104/2104
f 2109/2109/2109 2110/2110/2110 2111/2111/2111
f 2109/2109/2109 2111/2111/2111 2112/2112/2112
f 2109/2109/2109 2112/2112/2112 2113/2113/2113
f 2109/2109/2109 2113/2113/2113 2114/2114/2114
f 2109/2109/2109 2114/2114/2114 2115/2115/2115
f 2109/2109/2109 2115/2115/2115 2116/2116/2116
f 2109/2109/2109 2116/2116/2116 2117/2117/2117
f 2109/2109/2109 2117/2117/2117 2110/2110/2110
f 2118/2118/2118 2119/2119/2119 2117/2117/2117
f 2118/2118/2118 2117/2117/2117 2116/2116/2116
f 2118/2118/2118 2116/2116/2116 2115/2115/2115
f 2118/2118/2118 2115/2115/2115 2120/2120/2120
f 2118/2118/2118 2120/2120/2120 2121/2121/2121
f 2118/2118/2118 2121/2121/2121 2122/2122/2122
f 2118/2118/2118 2122/2122/2122 2123/2123/2123
f 2118/2118/2118 2123/2123/2123 2119/2119/2119
f 2124/2124/2124 2125/2125/2125 2126/2126/2126
f 2124/2124/2124 2126/2126/2126 2127/2127/2127
f 2124/2124/2124 2127/2127/2127 2128/2128/2128
f 2124/2124/2124 2128/2128/2128 2129/2129/2129
f 2124/2124/2124 2129/2129/2129 2130/2130/2130
f 2124/2124/2124 2130/2130/2130 2131/2131/2131
f 2124/2124/2124 2131/2131/2131 2132/2132/2132
f 2124/2124/2124 2132/2132/2132 2125/2125/2125
f 2133/2133/2133 2134/2134/2134 2132/2132/2132
f 2133/2133/2133 2132/2132/2132 2131/2131/2131
f 2133/2133/2133 2131/2131/2131 2130/2130/2130
f 2133/2133/2133 2130/2130/2130 2135/2135/2135
f 2133/2133/2133 2135/2135/2135 2136/2136/2136
f 2133/2133/2133 2136/2136/2136 2137/2137/2137
f 2133/2133/2133 2137/2137/2137 2138/2138/2138
f 2133/2133/2133 2138/2138/2138 2134/2134/2134
f 2139/2139/2139 2140/2140/2140 2093/2093/2093
f 2139/2139/2139 2093/2093/2093 2141/2141/2141
f 2139/2139/2139 2141/2141/2141 2126/2126/2126
f 2139/2139/2139 2126/2126/2126 2142/2142/2142
f 2139/2139/2139 2142/2142/2142 2143/2143/2143
f 2139/2139/2139 2143/2143/2143 2144/2144/2144
f 2139/2139/2139 2144/2144/2144 2145/2145/2145
f 2139/2139/2139 2145/2145/2145 2140/2140/2140
f 2146/2146/2146 2147/2147/2147 2145/2145/2145
f 2146/2146/2146 2145/2145/2145 2144/2144/2144
f 2146/2146/2146 2144/2144/2144 2143/2143/2143
f 2146/2146/2146 2143/2143/2143 2148/2148/2148
f 2146/2146/2146 2148/2148/2148 2138/2138/2138
f 2146/2146/2146 2138/2138/2138 2149/2149/2149
f 2146/2146/2146 2149/2149/2149 2150/2150/2150
f 2146/2146/2146 2150/2150/2150 2147/2147/2147
f 2151/2151/2151 2152/2152/2152 1648/1648/1648
f 2151/2151/2151 1648/1648/1648 2153/2153/2153
f 2151/2151/2151 2153/2153/2153 2154/2154/2154
f 2151/2151/2151 2154/2154/2154 2155/2155/2155
f 2151/2151/2151 2155/2155/2155 2156/2156/2156
f 2151/2151/2151 2156/2156/2156 2157/2157/2157
f 2151/2151/2151 2157/2157/2157 2158/2158/2158
f 2151/2151/2151 2158/2158/2158 2152/2152/2152
f 2159/2159/2159 2160/2160/2160 2158/2158/2158
f 2159/2159/2159 2158/2158/2158 2157/2157/2157
f 2159/2159/2159 2157/2157/2157 2156/2156/2156
f 2159/2159/2159 2156/2156/2156 2161/2161/2161
f 2159/2159/2159 2161/2161/2161 2162/2162/2162
f 2159/2159/2159 2162/2162/2162 2163/2163/2163
f 2159/2159/2159 2163/2163/2163 1662/1662/1662
f 2159/2159/2159 1662/1662/1662 2160/2160/2160
f 2164/2164/2164 2165/2165/2165 2166/2166/2166
f 2164/2164/2164 2166/2166/2166 2167/2167/2167
f 2164/2164/2164 2167/2167/2167 2168/2168/2168
f 2164/2164/2164 2168/2168/2168 2169/2169/2169
f 2164/2164/2164 2169/2169/2169 2170/2170/2170
f 2164/2164/2164 2170/2170/2170 2171/2171/2171
f 2164/2164/2164 2171/2171/2171 2172/2172/2172
f 2164/2164/2164 2172/2172/2172 2165/2165/2165
f 2173/2173/2173 2174/2174/2174 2172/2172/2172
f 2173/2173/2173 2172/2172/2172 2171/2171/2171
f 2173/2173/2173 2171/2171/2171 2170/2170/2170
f 2173/2173/2173 2170/2170/2170 2175/2175/2175
f 2173/2173/2173 2175/2175/2175 2176/2176/2176
f 2173/2173/2173 2176/2176/2176 2177/2177/2177
f 2173/2173/2173 2177/2177/2177 2178/2178/2178
f 2173/2173/2173 2178/2178/2178 2174/2174/2174
f 2179/2179/2179 2180/2180/2180 2181/2181/2181
f 2179/2179/2179 2181/2181/2181 2182/2182/2182
f 2179/2179/2179 2182/2182/2182 2166/2166/2166
f 2179/2179/2179 2166/2166/2166 2183/2183/2183
f 2179/2179/2179 2183/2183/2183 2184/2184/2184
f 2179/2179/2179 2184/2184/2184 2185/2185/2185
f 2179/2179/2179 2185/2185/2185 2186/2186/2186
f 2179/2179/2179 2186/2186/2186 2180/2180/2180
f 2187/2187/2187 2188/2188/2188 2186/2186/2186
f 2187/2187/2187 2186/2186/2186 2185/2185/2185
f 2187/2187/2187 2185/2185/2185 2184/2184/2184
f 2187/2187/2187 2184/2184/2184 2189/2189/2189
f 2187/2187/2187 2189/2189/2189 2178/2178/2178
f 2187/2187/2187 2178/2178/2178 2190/2190/2190
f 2187/2187/2187 2190/2190/2190 2191/2191/2191
f 2187/2187/2187 2191/2191/2191 2188/2188/2188
f 2192/2192/2192 2193/2193/2193 2194/2194/2194
f 2192/2192/2192 2194/2194/2194 2195/2195/2195
f 2192/2192/2192 2195/2195/2195 2196/2196/2196
f 2192/2192/2192 2196/2196/2196 2197/2197/2197
f 2192/2192/2192 2197/2197/2197 2198/2198/2198
f 2192/2192/2192 2198/2198/2198 2199/2199/2199
f 2192/2192/2192 2199/2199/2199 2200/2200/2200
f 2192/2192/2192 2200/2200/2200 2193/2193/2193
f 2201/2201/2201 2202/2202/2202 2200/2200/2200
f 2201/2201/2201 2200/2200/2200 2199/2199/2199
f 2201/2201/2201 2199/2199/2199 2198/2198/2198
f 2201/2201/2201 2198/2198/2198 2203/2203/2203
f 2201/2201/2201 2203/2203/2203 2204/2204/2204
f 2201/2201/2201 2204/2204/2204 2205/2205/2205
f 2201/2201/2201 2205/2205/2205 2063/2063/2063
f 2201/2201/2201 2063/2063/2063 2202/2202/2202
f 2206/2206/2206 2197/2197/2197 2196/2196/2196
f 2206/2206/2206 2196/2196/2196 2207/2207/2207
f 2206/2206/2206 2207/2207/2207 2208/2208/2208
f 2206/2206/2206 2208/2208/2208 2209/2209/2209
f 2206/2206/2206 2209/2209/2209 2210/2210/2210
f 2206/2206/2206 2210/2210/2210 2211/2211/2211
f 2206/2206/2206 2211/2211/2211 2198/2198/2198
f 2206/2206/2206 2198/2198/2198 2197/2197/2197
f 2212/2212/2212 2203/2203/2203 2198/2198/2198
f 2212/2212/2212 2198/2198/2198 2211/2211/2211
f 2212/2212/2212 2211/2211/2211 2210/2210/2210
f 2212/2212/2212 2210/2210/2210 2213/2213/2213
f 2212/2212/2212 2213/2213/2213 2214/2214/2214
f 2212/2212/2212 2214/2214/2214 2215/2215/2215
f 2212/2212/2212 2215/2215/2215 2204/2204/2204
f 2212/2212/2212 2204/2204/2204 2203/2203/2203
f 2216/2216/2216 2217/2217/2217 2218/2218/2218
f 2216/2216/2216 2218/2218/2218 2219/2219/2219
f 2216/2216/2216 2219/2219/2219 1911/1911/1911
f 2216/2216/2216 1911/1911/1911 2220/2220/2220
f 2216/2216/2216 2220/2220/2220 2221/2221/2221
f 2216/2216/2216 2221/2221/2221 2222/2222/2222
f 2216/2216/2216 2222/2222/2222 2223/2223/2223
f 2216/2216/2216 2223/2223/2223 2217/2217/2217
f 2224/2224/2224 2225/2225/2225 2223/2223/2223
f 2224/2224/2224 2223/2223/2223 2222/2222/2222
f 2224/2224/2224 2222/2222/2222 2221/2221/2221
f 2224/2224/2224 2221/2221/2221 2226/2226/2226
f 2224/2224/2224 2226/2226/2226 2227/2227/2227
f 2224/2224/2224 2227/2227/2227 2228/2228/2228
f 2224/2224/2224 2228/2228/2228 2091/2091/2091
f 2224/2224/2224 2091/2091/2091 2225/2225/2225
f 2229/2229/2229 2230/2230/2230 1900/1900/1900
f 2229/2229/2229 1900/1900/1900 2231/2231/2231
f 2229/2229/2229 2231/2231/2231 2232/2232/2232
f 2229/2229/2229 2232/2232/2232 2233/2233/2233
f 2229/2229/2229 2233/2233/2233 2234/2234/2234
f 2229/2229/2229 2234/2234/2234 2235/2235/2235
f 2229/2229/2229 2235/2235/2235 2236/2236/2236
f 2229/2229/2229 2236/2236/2236 2230/2230/2230
f 2237/2237/2237 2238/2238/2238 2236/2236/2236
f 2237/2237/2237 2236/2236/2236 2235/2235/2235
f 2237/2237/2237 2235/2235/2235 2234/2234/2234
f 2237/2237/2237 2234/2234/2234 2239/2239/2239
f 2237/2237/2237 2239/2239/2239 2240/2240/2240
f 2237/2237/2237 2240/2240/2240 2241/2241/2241
f 2237/2237/2237 2241/2241/2241 2106/2106/2106
f 2237/2237/2237 2106/2106/2106 2238/2238/2238
f 2242/2242/2242 2243/2243/2243 1928/1928/1928
f 2242/2242/2242 1928/1928/1928 2244/2244/2244
f 2242/2242/2242 2244/2244/2244 2245/2245/2245
f 2242/2242/2242 2245/2245/2245 2246/2246/2246
f 2242/2242/2242 2246/2246/2246 2247/2247/2247
f 2242/2242/2242 2247/2247/2247 2248/2248/2248
f 2242/2242/2242 2248/2248/2248 2249/2249/2249
f 2242/2242/2242 2249/2249/2249 2243/2243/2243
f 2250/2250/2250 2251/2251/2251 2249/2249/2249
f 2250/2250/2250 2249/2249/2249 2248/2248/2248
f 2250/2250/2250 2248/2248/2248 2247/2247/2247
f 2250/2250/2250 2247/2247/2247 2252/2252/2252
f 2250/2250/2250 2252/2252/2252 2253/2253/2253
f 2250/2250/2250 2253/2253/2253 2254/2254/2254
f 2250/2250/2250 2254/2254/2254 2255/2255/2255
f 2250/2250/2250 2255/2255/2255 2251/2251/2251
f 2256/2256/2256 2257/2257/2257 2258/2258/2258
f 2256/2256/2256 2258/2258/2258 2259/2259/2259
f 2256/2256/2256 2259/2259/2259 2260/2260/2260
f 2256/2256/2256 2260/2260/2260 2261/2261/2261
f 2256/2256/2256 2261/2261/2261 2262/2262/2262
f 2256/2256/2256 2262/2262/2262 2263/2263/2263
f 2256/2256/2256 2263/2263/2263 2264/2264/2264
f 2256/2256/2256 2264/2264/2264 2257/2257/2257
f 2265/2265/2265 2266/2266/2266 2264/2264/2264
f 2265/2265/2265 2264/2264/2264 2263/2263/2263
f 2265/2265/2265 2263/2263/2263 2262/2262/2262
f 2265/2265/2265 2262/2262/2262 2267/2267/2267
f 2265/2265/2265 2267/2267/2267 2268/2268/2268
f 2265/2265/2265 2268/2268/2268 2269/2269/2269
f 2265/2265/2265 2269/2269/2269 2270/2270/2270
f 2265/2265/2265 2270/2270/2270 2266/2266/2266
f 2271/2271/2271 2272/2272/2272 2273/2273/2273
f 2271/2271/2271 2273/2273/2273 2274/2274/2274
f 2271/2271/2271 2274/2274/2274 2258/2258/2258
f 2271/2271/2271 2258/2258/2258 2275/2275/2275
f 2271/2271/2271 2275/2275/2275 2276/2276/2276
f 2271/2271/2271 2276/2276/2276 2277/2277/2277
f 2271/2271/2271 2277/2277/2277 2278/2278/2278
f 2271/2271/2271 2278/2278/2278 2272/2272/2272
f 2279/2279/2279 2280/2280/2280 2278/2278/2278
f 2279/2279/2279 2278/2278/2278 2277/2277/2277
f 2279/2279/2279 2277/2277/2277 2276/2276/2276
f 2279/2279/2279 2276/2276/2276 2281/2281/2281
f 2279/2279/2279 2281/2281/2281 2270/2270/2270
f 2279/2279/2279 2270/2270/2270 2282/2282/2282
f 2279/2279/2279 2282/2282/2282 2283/2283/2283
f 2279/2279/2279 2283/2283/2283 2280/2280/2280
f 2284/2284/2284 2285/2285/2285 2286/2286/2286
f 2284/2284/2284 2286/2286/2286 2287/2287/2287
f 2284/2284/2284 2287/2287/2287 1680/1680/1680
f 2284/2284/2284 1680/1680/1680 2288/2288/2288
f 2284/2284/2284 2288/2288/2288 2289/2289/2289
f 2284/2284/2284 2289/2289/2289 2290/2290/2290
f 2284/2284/2284 2290/2290/2290 2291/2291/2291
f 2284/2284/2284 2291/2291/2291 2285/2285/2285
f 2292/2292/2292 2293/2293/2293 2291/2291/2291
f 2292/2292/2292 2291/2291/2291 2290/2290/2290
f 2292/2292/2292 2290/2290/2290 2289/2289/2289
f 2292/2292/2292 2289/2289/2289 2294/2294/2294
f 2292/2292/2292 2294/2294/2294 1690/1690/1690
f 2292/2292/2292 1690/1690/1690 2295/2295/2295
f 2292/2292/2292 2295/2295/2295 2253/2253/2253
f 2292/2292/2292 2253/2253/2253 2293/2293/2293
f 2296/2296/2296 2297/2297/2297 2298/2298/2298
f 2296/2296/2296 2298/2298/2298 2299/2299/2299
f 2296/2296/2296 2299/2299/2299 2194/2194/2194
f 2296/2296/2296 2194/2194/2194 2300/2300/2300
f 2296/2296/2296 2300/2300/2300 2301/2301/2301
f 2296/2296/2296 2301/2301/2301 2302/2302/2302
f 2296/2296/2296 2302/2302/2302 2303/2303/2303
f 2296/2296/2296 2303/2303/2303 2297/2297/2297
f 2304/2304/2304 2305/2305/2305 2303/2303/2303
f 2304/2304/2304 2303/2303/2303 2302/2302/2302
f 2304/2304/2304 2302/2302/2302 2301/2301/2301
f 2304/2304/2304 2301/2301/2301 2306/2306/2306
f 2304/2304/2304 2306/2306/2306 2307/2307/2307
f 2304/2304/2304 2307/2307/2307 2308/2308/2308
f 2304/2304/2304 2308/2308/2308 2309/2309/2309
f 2304/2304/2304 2309/2309/2309 2305/2305/2305
f 2310/2310/2310 2311/2311/2311 2312/2312/2312
f 2310/2310/2310 2312/2312/2312 2313/2313/2313
f 2310/2310/2310 2313/2313/2313 2314/2314/2314
f 2310/2310/2310 2314/2314/2314 2315/2315/2315
f 2310/2310/2310 2315/2315/2315 1963/1963/1963
f 2310/2310/2310 1963/1963/1963 2316/2316/2316
f 2310/2310/2310 2316/2316/2316 2298/2298/2298
f 2310/2310/2310 2298/2298/2298 2311/2311/2311
f 2317/2317/2317 2318/2318/2318 2309/2309/2309
f 2317/2317/2317 2309/2309/2309 2319/2319/2319
f 2317/2317/2317 2319/2319/2319 2320/2320/2320
f 2317/2317/2317 2320/2320/2320 2321/2321/2321
f 2317/2317/2317 2321/2321/2321 2314/2314/2314
f 2317/2317/2317 2314/2314/2314 2313/2313/2313
f 2317/2317/2317 2313/2313/2313 2312/2312/2312
f 2317/2317/2317 2312/2312/2312 2318/2318/2318
f 2322/2322/2322 2323/2323/2323 2324/2324/2324
f 2322/2322/2322 2324/2324/2324 2325/2325/2325
f 2322/2322/2322 2325/2325/2325 2326/2326/2326
f 2322/2322/2322 2326/2326/2326 2327/2327/2327
f 2322/2322/2322 2327/2327/2327 2328/2328/2328
f 2322/2322/2322 2328/2328/2328 2329/2329/2329
f 2322/2322/2322 2329/2329/2329 2330/2330/2330
f 2322/2322/2322 2330/2330/2330 2323/2323/2323
f 2331/2331/2331 2332/2332/2332 2333/2333/2333
f 2331/2331/2331 2333/2333/2333 2334/2334/2334
f 2331/2331/2331 2334/2334/2334 2324/2324/2324
f 2331/2331/2331 2324/2324/2324 2323/2323/2323
f 2331/2331/2331 2323/2323/2323 2330/2330/2330
f 2331/2331/2331 2330/2330/2330 2335/2335/2335
f 2331/2331/2331 2335/2335/2335 2336/2336/2336
f 2331/2331/2331 2336/2336/2336 2332/2332/2332
f 2337/2337/2337 2338/2338/2338 2339/2339/2339
f 2337/2337/2337 2339/2339/2339 2340/2340/2340
f 2337/2337/2337 2340/2340/2340 2341/2341/2341
f 2337/2337/2337 2341/2341/2341 2342/2342/2342
f 2337/2337/2337 2342/2342/2342 2343/2343/2343
f 2337/2337/2337 2343/2343/2343 2344/2344/2344
f 2337/2337/2337 2344/2344/2344 2345/2345/2345
f 2337/2337/2337 2345/2345/2345 2338/2338/2338
f 2346/2346/2346 2347/2347/2347 1406/1406/1406
f 2346/2346/2346 1406/1406/1406 1405/1405/1405
f 2346/2346/2346 1405/1405/1405 1404/1404/1404
f 2346/2346/2346 1404/1404/1404 2348/2348/2348
f 2346/2346/2346 2348/2348/2348 2349/2349/2349
f 2346/2346/2346 2349/2349/2349 2350/2350/2350
f 2346/2346/2346 2350/2350/2350 2351/2351/2351
f 2346/2346/2346 2351/2351/2351 2347/2347/2347
f 2352/2352/2352 2353/2353/2353 2351/2351/2351
f 2352/2352/2352 2351/2351/2351 2350/2350/2350
f 2352/2352/2352 2350/2350/2350 2349/2349/2349
f 2352/2352/2352 2349/2349/2349 2354/2354/2354
f 2352/2352/2352 2354/2354/2354 2355/2355/2355
f 2352/2352/2352 2355/2355/2355 2356/2356/2356
f 2352/2352/2352 2356/2356/2356 2357/2357/2357
f 2352/2352/2352 2357/2357/2357 2353/2353/2353
f 2358/2358/2358 2348/2348/2348 1404/1404/1404
f 2358/2358/2358 1404/1404/1404 1414/1414/1414
f 2358/2358/2358 1414/1414/1414 1413/1413/1413
f 2358/2358/2358 1413/1413/1413 2359/2359/2359
f 2358/2358/2358 2359/2359/2359 2360/2360/2360
f 2358/2358/2358 2360/2360/2360 2361/2361/2361
f 2358/2358/2358 2361/2361/2361 2349/2349/2349
f 2358/2358/2358 2349/2349/2349 2348/2348/2348
f 2362/2362/2362 2354/2354/2354 2349/2349/2349
f 2362/2362/2362 2349/2349/2349 2361/2361/2361
f 2362/2362/2362 2361/2361/2361 2360/2360/2360
f 2362/2362/2362 2360/2360/2360 2363/2363/2363
f 2362/2362/2362 2363/2363/2363 2364/2364/2364
f 2362/2362/2362 2364/2364/2364 2365/2365/2365
f 2362/2362/2362 2365/2365/2365 2355/2355/2355
f 2362/2362/2362 2355/2355/2355 2354/2354/2354
f 2366/2366/2366 2359/2359/2359 1413/1413/1413
f 2366/2366/2366 1413/1413/1413 1570/1570/1570
f 2366/2366/2366 1570/1570/1570 1569/1569/1569
f 2366/2366/2366 1569/1569/1569 2367/2367/2367
f 2366/2366/2366 2367/2367/2367 2368/2368/2368
f 2366/2366/2366 2368/2368/2368 2369/2369/2369
f 2366/2366/2366 2369/2369/2369 2360/2360/2360
f 2366/2366/2366 2360/2360/2360 2359/2359/2359
f 2370/2370/2370 2363/2363/2363 2360/2360/2360
f 2370/2370/2370 2360/2360/2360 2369/2369/2369
f 2370/2370/2370 2369/2369/2369 2368/2368/2368
f 2370/2370/2370 2368/2368/2368 2371/2371/2371
f 2370/2370/2370 2371/2371/2371 2372/2372/2372
f 2370/2370/2370 2372/2372/2372 2373/2373/2373
f 2370/2370/2370 2373/2373/2373 2364/2364/2364
f 2370/2370/2370 2364/2364/2364 2363/2363/2363
f 2374/2374/2374 2375/2375/2375 1808/1808/1808
f 2374/2374/2374 1808/1808/1808 1807/1807/1807
f 2374/2374/2374 1807/1807/1807 1806/1806/1806
f 2374/2374/2374 1806/1806/1806 2376/2376/2376
f 2374/2374/2374 2376/2376/2376 2377/2377/2377
f 2374/2374/2374 2377/2377/2377 2378/2378/2378
f 2374/2374/2374 2378/2378/2378 2379/2379/2379
f 2374/2374/2374 2379/2379/2379 2375/2375/2375
f 2380/2380/2380 2381/2381/2381 2379/2379/2379
f 2380/2380/2380 2379/2379/2379 2378/2378/2378
f 2380/2380/2380 2378/2378/2378 2377/2377/2377
f 2380/2380/2380 2377/2377/2377 2382/2382/2382
f 2380/2380/2380 2382/2382/2382 2383/2383/2383
f 2380/2380/2380 2383/2383/2383 2384/2384/2384
f 2380/2380/2380 2384/2384/2384 2385/2385/2385
f 2380/2380/2380 2385/2385/2385 2381/2381/2381
f 2386/2386/2386 2387/2387/2387 1832/1832/1832
f 2386/2386/2386 1832/1832/1832 1831/1831/1831
f 2386/2386/2386 1831/1831/1831 1830/1830/1830
f 2386/2386/2386 1830/1830/1830 2388/2388/2388
f 2386/2386/2386 2388/2388/2388 2389/2389/2389
f 2386/2386/2386 2389/2389/2389 2390/2390/2390
f 2386/2386/2386 2390/2390/2390 2391/2391/2391
f 2386/2386/2386 2391/2391/2391 2387/2387/2387
f 2392/2392/2392 2393/2393/2393 2391/2391/2391
f 2392/2392/2392 2391/2391/2391 2390/2390/2390
f 2392/2392/2392 2390/2390/2390 2389/2389/2389
f 2392/2392/2392 2389/2389/2389 2394/2394/2394
f 2392/2392/2392 2394/2394/2394 2395/2395/2395
f 2392/2392/2392 2395/2395/2395 2396/2396/2396
f 2392/2392/2392 2396/2396/2396 2397/2397/2397
f 2392/2392/2392 2397/2397/2397 2393/2393/2393
f 2398/2398/2398 2399/2399/2399 1838/1838/1838
f 2398/2398/2398 1838/1838/1838 1837/1837/1837
f 2398/2398/2398 1837/1837/1837 1832/1832/1832
f 2398/2398/2398 1832/1832/1832 2387/2387/2387
f 2398/2398/2398 2387/2387/2387 2400/2400/2400
f 2398/2398/2398 2400/2400/2400 2401/2401/2401
f 2398/2398/2398 2401/2401/2401 2402/2402/2402
f 2398/2398/2398 2402/2402/2402 2399/2399/2399
f 2403/2403/2403 2404/2404/2404 2402/2402/2402
f 2403/2403/2403 2402/2402/2402 2401/2401/2401
f 2403/2403/2403 2401/2401/2401 2400/2400/2400
f 2403/2403/2403 2400/2400/2400 2393/2393/2393
f 2403/2403/2403 2393/2393/2393 2397/2397/2397
f 2403/2403/2403 2397/2397/2397 2405/2405/2405
f 2403/2403/2403 2405/2405/2405 2406/2406/2406
f 2403/2403/2403 2406/2406/2406 2404/2404/2404
f 2407/2407/2407 2408/2408/2408 2409/2409/2409
f 2407/2407/2407 2409/2409/2409 2410/2410/2410
f 2407/2407/2407 2410/2410/2410 2411/2411/2411
f 2407/2407/2407 2411/2411/2411 2412/2412/2412
f 2407/2407/2407 2412/2412/2412 2413/2413/2413
f 2407/2407/2407 2413/2413/2413 2414/2414/2414
f 2407/2407/2407 2414/2414/2414 2415/2415/2415
f 2407/2407/2407 2415/2415/2415 2408/2408/2408
f 2416/2416/2416 2417/2417/2417 2415/2415/2415
f 2416/2416/2416 2415/2415/2415 2414/2414/2414
f 2416/2416/2416 2414/2414/2414 2413/2413/2413
f 2416/2416/2416 2413/2413/2413 2418/2418/2418
f 2416/2416/2416 2418/2418/2418 1843/1843/1843
f 2416/2416/2416 1843/1843/1843 1842/1842/1842
f 2416/2416/2416 1842/1842/1842 1841/1841/1841
f 2416/2416/2416 1841/1841/1841 2417/2417/2417
f 2419/2419/2419 2420/2420/2420 2421/2421/2421
f 2419/2419/2419 2421/2421/2421 2422/2422/2422
f 2419/2419/2419 2422/2422/2422 2409/2409/2409
f 2419/2419/2419 2409/2409/2409 2408/2408/2408
f 2419/2419/2419 2408/2408/2408 2415/2415/2415
f 2419/2419/2419 2415/2415/2415 2423/2423/2423
f 2419/2419/2419 2423/2423/2423 2424/2424/2424
f 2419/2419/2419 2424/2424/2424 2420/2420/2420
f 2425/2425/2425 2426/2426/2426 2424/2424/2424
f 2425/2425/2425 2424/2424/2424 2423/2423/2423
f 2425/2425/2425 2423/2423/2423 2415/2415/2415
f 2425/2425/2425 2415/2415/2415 2417/2417/2417
f 2425/2425/2425 2417/2417/2417 1841/1841/1841
f 2425/2425/2425 1841/1841/1841 1851/1851/1851
f 2425/2425/2425 1851/1851/1851 1850/1850/1850
f 2425/2425/2425 1850/1850/1850 2426/2426/2426
f 2427/2427/2427 2428/2428/2428 2429/2429/2429
f 2427/2427/2427 2429/2429/2429 2430/2430/2430
f 2427/2427/2427 2430/2430/2430 2431/2431/2431
f 2427/2427/2427 2431/2431/2431 2432/2432/2432
f 2427/2427/2427 2432/2432/2432 2433/2433/2433
f 2427/2427/2427 2433/2433/2433 2434/2434/2434
f 2427/2427/2427 2434/2434/2434 2435/2435/2435
f 2427/2427/2427 2435/2435/2435 2428/2428/2428
f 2436/2436/2436 2437/2437/2437 2438/2438/2438
f 2436/2436/2436 2438/2438/2438 2439/2439/2439
f 2436/2436/2436 2439/2439/2439 1978/1978/1978
f 2436/2436/2436 1978/1978/1978 2440/2440/2440
f 2436/2436/2436 2440/2440/2440 2441/2441/2441
f 2436/2436/2436 2441/2441/2441 2442/2442/2442
f 2436/2436/2436 2442/2442/2442 2443/2443/2443
f 2436/2436/2436 2443/2443/2443 2437/2437/2437
f 2444/2444/2444 2445/2445/2445 2446/2446/2446
f 2444/2444/2444 2446/2446/2446 2447/2447/2447
f 2444/2444/2444 2447/2447/2447 2448/2448/2448
f 2444/2444/2444 2448/2448/2448 2449/2449/2449
f 2444/2444/2444 2449/2449/2449 2450/2450/2450
f 2444/2444/2444 2450/2450/2450 2451/2451/2451
f 2444/2444/2444 2451/2451/2451 2452/2452/2452
f 2444/2444/2444 2452/2452/2452 2445/2445/2445
f 2453/2453/2453 2454/2454/2454 1772/1772/1772
f 2453/2453/2453 1772/1772/1772 1771/1771/1771
f 2453/2453/2453 1771/1771/1771 2455/2455/2455
f 2453/2453/2453 2455/2455/2455 2456/2456/2456
f 2453/2453/2453 2456/2456/2456 2457/2457/2457
f 2453/2453/2453 2457/2457/2457 2458/2458/2458
f 2453/2453/2453 2458/2458/2458 2459/2459/2459
f 2453/2453/2453 2459/2459/2459 2454/2454/2454
f 2460/2460/2460 2456/2456/2456 2455/2455/2455
f 2460/2460/2460 2455/2455/2455 2461/2461/2461
f 2460/2460/2460 2461/2461/2461 2462/2462/2462
f 2460/2460/2460 2462/2462/2462 2463/2463/2463
f 2460/2460/2460 2463/2463/2463 2464/2464/2464
f 2460/2460/2460 2464/2464/2464 2465/2465/2465
f 2460/2460/2460 2465/2465/2465 2457/2457/2457
f 2460/2460/2460 2457/2457/2457 2456/2456/2456
f 2466/2466/2466 2467/2467/2467 2468/2468/2468
f 2466/2466/2466 2468/2468/2468 2469/2469/2469
f 2466/2466/2466 2469/2469/2469 2470/2470/2470
f 2466/2466/2466 2470/2470/2470 2471/2471/2471
f 2466/2466/2466 2471/2471/2471 2472/2472/2472
f 2466/2466/2466 2472/2472/2472 2473/2473/2473
f 2466/2466/2466 2473/2473/2473 2474/2474/2474
f 2466/2466/2466 2474/2474/2474 2467/2467/2467
f 2475/2475/2475 2476/2476/2476 2477/2477/2477
f 2475/2475/2475 2477/2477/2477 2478/2478/2478
f 2475/2475/2475 2478/2478/2478 2479/2479/2479
f 2475/2475/2475 2479/2479/2479 2480/2480/2480
f 2475/2475/2475 2480/2480/2480 2481/2481/2481
f 2475/2475/2475 2481/2481/2481 2482/2482/2482
f 2475/2475/2475 2482/2482/2482 2483/2483/2483
f 2475/2475/2475 2483/2483/2483 2476/2476/2476
f 2484/2484/2484 2485/2485/2485 2486/2486/2486
f 2484/2484/2484 2486/2486/2486 2487/2487/2487
f 2484/2484/2484 2487/2487/2487 2488/2488/2488
f 2484/2484/2484 2488/2488/2488 2489/2489/2489
f 2484/2484/2484 2489/2489/2489 2490/2490/2490
f 2484/2484/2484 2490/2490/2490 2491/2491/2491
f 2484/2484/2484 2491/2491/2491 2492/2492/2492
f 2484/2484/2484 2492/2492/2492 2485/2485/2485
f 2493/2493/2493 2494/2494/2494 2495/2495/2495
f 2493/2493/2493 2495/2495/2495 2496/2496/2496
f 2493/2493/2493 2496/2496/2496 2497/2497/2497
f 2493/2493/2493 2497/2497/2497 2498/2498/2498
f 2493/2493/2493 2498/2498/2498 2499/2499/2499
f 2493/2493/2493 2499/2499/2499 2500/2500/2500
f 2493/2493/2493 2500/2500/2500 2501/2501/2501
f 2493/2493/2493 2501/2501/2501 2494/2494/2494
f 2502/2502/2502 2503/2503/2503 2050/2050/2050
f 2502/2502/2502 2050/2050/2050 2504/2504/2504
f 2502/2502/2502 2504/2504/2504 2505/2505/2505
f 2502/2502/2502 2505/2505/2505 2506/2506/2506
f 2502/2502/2502 2506/2506/2506 2507/2507/2507
f 2502/2502/2502 2507/2507/2507 2508/2508/2508
f 2502/2502/2502 2508/2508/2508 2509/2509/2509
f 2502/2502/2502 2509/2509/2509 2503/2503/2503
f 2510/2510/2510 2511/2511/2511 2512/2512/2512
f 2510/2510/2510 2512/2512/2512 2513/2513/2513
f 2510/2510/2510 2513/2513/2513 2514/2514/2514
f 2510/2510/2510 2514/2514/2514 2515/2515/2515
f 2510/2510/2510 2515/2515/2515 2516/2516/2516
f 2510/2510/2510 2516/2516/2516 2517/2517/2517
f 2510/2510/2510 2517/2517/2517 2518/2518/2518
f 2510/2510/2510 2518/2518/2518 2511/2511/2511
f 2519/2519/2519 2520/2520/2520 2521/2521/2521
f 2519/2519/2519 2521/2521/2521 2522/2522/2522
f 2519/2519/2519 2522/2522/2522 2523/2523/2523
f 2519/2519/2519 2523/2523/2523 2524/2524/2524
f 2519/2519/2519 2524/2524/2524 2525/2525/2525
f 2519/2519/2519 2525/2525/2525 2526/2526/2526
f 2519/2519/2519 2526/2526/2526 2527/2527/2527
f 2519/2519/2519 2527/2527/2527 2520/2520/2520
f 2528/2528/2528 2529/2529/2529 2530/2530/2530
f 2528/2528/2528 2530/2530/2530 2531/2531/2531
f 2528/2528/2528 2531/2531/2531 2532/2532/2532
f 2528/2528/2528 2532/2532/2532 2533/2533/2533
f 2528/2528/2528 2533/2533/2533 2534/2534/2534
f 2528/2528/2528 2534/2534/2534 2535/2535/2535
f 2528/2528/2528 2535/2535/2535 2536/2536/2536
f 2528/2528/2528 2536/2536/2536 2529/2529/2529
f 2537/2537/2537 2533/2533/2533 2532/2532/2532
f 2537/2537/2537 2532/2532/2532 2538/2538/2538
f 2537/2537/2537 2538/2538/2538 2539/2539/2539
f 2537/2537/2537 2539/2539/2539 2540/2540/2540
f 2537/2537/2537 2540/2540/2540 2541/2541/2541
f 2537/2537/2537 2541/2541/2541 2542/2542/2542
f 2537/2537/2537 2542/2542/2542 2534/2534/2534
f 2537/2537/2537 2534/2534/2534 2533/2533/2533
f 2543/2543/2543 2544/2544/2544 2545/2545/2545
f 2543/2543/2543 2545/2545/2545 2546/2546/2546
f 2543/2543/2543 2546/2546/2546 2547/2547/2547
f 2543/2543/2543 2547/2547/2547 2548/2548/2548
f 2543/2543/2543 2548/2548/2548 2549/2549/2549
f 2543/2543/2543 2549/2549/2549 2550/2550/2550
f 2543/2543/2543 2550/2550/2550 2551/2551/2551
f 2543/2543/2543 2551/2551/2551 2544/2544/2544
f 2552/2552/2552 2553/2553/2553 2554/2554/2554
f 2552/2552/2552 2554/2554/2554 2555/2555/2555
f 2552/2552/2552 2555/2555/2555 2556/2556/2556
f 2552/2552/2552 2556/2556/2556 2557/2557/2557
f 2552/2552/2552 2557/2557/2557 2558/2558/2558
f 2552/2552/2552 2558/2558/2558 2553/2553/2553
f 2559/2559/2559 2560/2560/2560 2561/2561/2561
f 2559/2559/2559 2561/2561/2561 2562/2562/2562
f 2559/2559/2559 2562/2562/2562 2563/2563/2563
f 2559/2559/2559 2563/2563/2563 2564/2564/2564
f 2559/2559/2559 2564/2564/2564 2565/2565/2565
f 2559/2559/2559 2565/2565/2565 2566/2566/2566
f 2559/2559/2559 2566/2566/2566 2567/2567/2567
f 2559/2559/2559 2567/2567/2567 2560/2560/2560
f 2568/2568/2568 2569/2569/2569 2570/2570/2570
f 2568/2568/2568 2570/2570/2570 2571/2571/2571
f 2568/2568/2568 2571/2571/2571 2572/2572/2572
f 2568/2568/2568 2572/2572/2572 2573/2573/2573
f 2568/2568/2568 2573/2573/2573 2574/2574/2574
f 2568/2568/2568 2574/2574/2574 2575/2575/2575
f 2568/2568/2568 2575/2575/2575 2576/2576/2576
f 2568/2568/2568 2576/2576/2576 2569/2569/2569
f 2577/2577/2577 2578/2578/2578 2579/2579/2579
f 2577/2577/2577 2579/2579/2579 2580/2580/2580
f 2577/2577/2577 2580/2580/2580 2581/2581/2581
f 2577/2577/2577 2581/2581/2581 2582/2582/2582
f 2577/2577/2577 2582/2582/2582 2583/2583/2583
f 2577/2577/2577 2583/2583/2583 2584/2584/2584
f 2577/2577/2577 2584/2584/2584 2585/2585/2585
f 2577/2577/2577 2585/2585/2585 2578/2578/2578
f 2586/2586/2586 2587/2587/2587 2588/2588/2588
f 2586/2586/2586 2588/2588/2588 2589/2589/2589
f 2586/2586/2586 2589/2589/2589 2565/2565/2565
f 2586/2586/2586 2565/2565/2565 2590/2590/2590
f 2586/2586/2586 2590/2590/2590 2431/2431/2431
f 2586/2586/2586 2431/2431/2431 2430/2430/2430
f 2586/2586/2586 2430/2430/2430 2429/2429/2429
f 2586/2586/2586 2429/2429/2429 2587/2587/2587
f 2591/2591/2591 2592/2592/2592 2330/2330/2330
f 2591/2591/2591 2330/2330/2330 2329/2329/2329
f 2591/2591/2591 2329/2329/2329 2328/2328/2328
f 2591/2591/2591 2328/2328/2328 2593/2593/2593
f 2591/2591/2591 2593/2593/2593 2594/2594/2594
f 2591/2591/2591 2594/2594/2594 2595/2595/2595
f 2591/2591/2591 2595/2595/2595 2596/2596/2596
f 2591/2591/2591 2596/2596/2596 2592/2592/2592
f 2597/2597/2597 2598/2598/2598 2336/2336/2336
f 2597/2597/2597 2336/2336/2336 2335/2335/2335
f 2597/2597/2597 2335/2335/2335 2330/2330/2330
f 2597/2597/2597 2330/2330/2330 2592/2592/2592
f 2597/2597/2597 2592/2592/2592 2596/2596/2596
f 2597/2597/2597 2596/2596/2596 2599/2599/2599
f 2597/2597/2597 2599/2599/2599 2600/2600/2600
f 2597/2597/2597 2600/2600/2600 2598/2598/2598
f 2601/2601/2601 2602/2602/2602 2603/2603/2603
f 2601/2601/2601 2603/2603/2603 2604/2604/2604
f 2601/2601/2601 2604/2604/2604 2605/2605/2605
f 2601/2601/2601 2605/2605/2605 2606/2606/2606
f 2601/2601/2601 2606/2606/2606 2607/2607/2607
f 2601/2601/2601 2607/2607/2607 2608/2608/2608
f 2601/2601/2601 2608/2608/2608 2609/2609/2609
f 2601/2601/2601 2609/2609/2609 2602/2602/2602
f 2610/2610/2610 2611/2611/2611 2612/2612/2612
f 2610/2610/2610 2612/2612/2612 2613/2613/2613
f 2610/2610/2610 2613/2613/2613 2614/2614/2614
f 2610/2610/2610 2614/2614/2614 2615/2615/2615
f 2610/2610/2610 2615/2615/2615 2616/2616/2616
f 2610/2610/2610 2616/2616/2616 2617/2617/2617
f 2610/2610/2610 2617/2617/2617 2618/2618/2618
f 2610/2610/2610 2618/2618/2618 2611/2611/2611
f 2619/2619/2619 2615/2615/2615 2614/2614/2614
f 2619/2619/2619 2614/2614/2614 2620/2620/2620
f 2619/2619/2619 2620/2620/2620 2621/2621/2621
f 2619/2619/2619 2621/2621/2621 2622/2622/2622
f 2619/2619/2619 2622/2622/2622 2623/2623/2623
f 2619/2619/2619 2623/2623/2623 2624/2624/2624
f 2619/2619/2619 2624/2624/2624 2616/2616/2616
f 2619/2619/2619 2616/2616/2616 2615/2615/2615
f 2625/2625/2625 2626/2626/2626 2627/2627/2627
f 2625/2625/2625 2627/2627/2627 2628/2628/2628
f 2625/2625/2625 2628/2628/2628 2629/2629/2629
f 2625/2625/2625 2629/2629/2629 2630/2630/2630
f 2625/2625/2625 2630/2630/2630 2551/2551/2551
f 2625/2625/2625 2551/2551/2551 2550/2550/2550
f 2625/2625/2625 2550/2550/2550 2549/2549/2549
f 2625/2625/2625 2549/2549/2549 2626/2626/2626
f 2631/2631/2631 2632/2632/2632 2633/2633/2633
f 2631/2631/2631 2633/2633/2633 2634/2634/2634
f 2631/2631/2631 2634/2634/2634 2635/2635/2635
f 2631/2631/2631 2635/2635/2635 2636/2636/2636
f 2631/2631/2631 2636/2636/2636 2450/2450/2450
f 2631/2631/2631 2450/2450/2450 2637/2637/2637
f 2631/2631/2631 2637/2637/2637 2638/2638/2638
f 2631/2631/2631 2638/2638/2638 2632/2632/2632
f 2639/2639/2639 2636/2636/2636 2635/2635/2635
f 2639/2639/2639 2635/2635/2635 2640/2640/2640
f 2639/2639/2639 2640/2640/2640 2583/2583/2583
f 2639/2639/2639 2583/2583/2583 2641/2641/2641
f 2639/2639/2639 2641/2641/2641 2642/2642/2642
f 2639/2639/2639 2642/2642/2642 2643/2643/2643
f 2639/2639/2639 2643/2643/2643 2450/2450/2450
f 2639/2639/2639 2450/2450/2450 2636/2636/2636
f 2644/2644/2644 2645/2645/2645 2516/2516/2516
f 2644/2644/2644 2516/2516/2516 2515/2515/2515
f 2644/2644/2644 2515/2515/2515 2514/2514/2514
f 2644/2644/2644 2514/2514/2514 2646/2646/2646
f 2644/2644/2644 2646/2646/2646 2647/2647/2647
f 2644/2644/2644 2647/2647/2647 2648/2648/2648
f 2644/2644/2644 2648/2648/2648 2649/2649/2649
f 2644/2644/2644 2649/2649/2649 2645/2645/2645
f 2650/2650/2650 2651/2651/2651 2549/2549/2549
f 2650/2650/2650 2549/2549/2549 2548/2548/2548
f 2650/2650/2650 2548/2548/2548 2547/2547/2547
f 2650/2650/2650 2547/2547/2547 2652/2652/2652
f 2650/2650/2650 2652/2652/2652 2653/2653/2653
f 2650/2650/2650 2653/2653/2653 2654/2654/2654
f 2650/2650/2650 2654/2654/2654 2655/2655/2655
f 2650/2650/2650 2655/2655/2655 2651/2651/2651
f 2656/2656/2656 2657/2657/2657 2658/2658/2658
f 2656/2656/2656 2658/2658/2658 2659/2659/2659
f 2656/2656/2656 2659/2659/2659 2660/2660/2660
f 2656/2656/2656 2660/2660/2660 2661/2661/2661
f 2656/2656/2656 2661/2661/2661 2662/2662/2662
f 2656/2656/2656 2662/2662/2662 2663/2663/2663
f 2656/2656/2656 2663/2663/2663 2664/2664/2664
f 2656/2656/2656 2664/2664/2664 2657/2657/2657
f 2665/2665/2665 2666/2666/2666 2616/2616/2616
f 2665/2665/2665 2616/2616/2616 2624/2624/2624
f 2665/2665/2665 2624/2624/2624 2623/2623/2623
f 2665/2665/2665 2623/2623/2623 2667/2667/2667
f 2665/2665/2665 2667/2667/2667 2668/2668/2668
f 2665/2665/2665 2668/2668/2668 2669/2669/2669
f 2665/2665/2665 2669/2669/2669 2670/2670/2670
f 2665/2665/2665 2670/2670/2670 2666/2666/2666
f 2671/2671/2671 2672/2672/2672 2618/2618/2618
f 2671/2671/2671 2618/2618/2618 2617/2617/2617
f 2671/2671/2671 2617/2617/2617 2616/2616/2616
f 2671/2671/2671 2616/2616/2616 2666/2666/2666
f 2671/2671/2671 2666/2666/2666 2670/2670/2670
f 2671/2671/2671 2670/2670/2670 2673/2673/2673
f 2671/2671/2671 2673/2673/2673 2674/2674/2674
f 2671/2671/2671 2674/2674/2674 2672/2672/2672
f 2675/2675/2675 2676/2676/2676 2677/2677/2677
f 2675/2675/2675 2677/2677/2677 2678/2678/2678
f 2675/2675/2675 2678/2678/2678 2679/2679/2679
f 2675/2675/2675 2679/2679/2679 2680/2680/2680
f 2675/2675/2675 2680/2680/2680 2605/2605/2605
f 2675/2675/2675 2605/2605/2605 2604/2604/2604
f 2675/2675/2675 2604/2604/2604 2603/2603/2603
f 2675/2675/2675 2603/2603/2603 2676/2676/2676
f 2681/2681/2681 2682/2682/2682 2459/2459/2459
f 2681/2681/2681 2459/2459/2459 2458/2458/2458
f 2681/2681/2681 2458/2458/2458 2457/2457/2457
f 2681/2681/2681 2457/2457/2457 2683/2683/2683
f 2681/2681/2681 2683/2683/2683 2684/2684/2684
f 2681/2681/2681 2684/2684/2684 2685/2685/2685
f 2681/2681/2681 2685/2685/2685 2686/2686/2686
f 2681/2681/2681 2686/2686/2686 2682/2682/2682
f 2687/2687/2687 2683/2683/2683 2457/2457/2457
f 2687/2687/2687 2457/2457/2457 2465/2465/2465
f 2687/2687/2687 2465/2465/2465 2464/2464/2464
f 2687/2687/2687 2464/2464/2464 2688/2688/2688
f 2687/2687/2687 2688/2688/2688 2689/2689/2689
f 2687/2687/2687 2689/2689/2689 2690/2690/2690
f 2687/2687/2687 2690/2690/2690 2684/2684/2684
f 2687/2687/2687 2684/2684/2684 2683/2683/2683
f 2691/2691/2691 2692/2692/2692 2693/2693/2693
f 2691/2691/2691 2693/2693/2693 2694/2694/2694
f 2691/2691/2691 2694/2694/2694 2695/2695/2695
f 2691/2691/2691 2695/2695/2695 2696/2696/2696
f 2691/2691/2691 2696/2696/2696 2697/2697/2697
f 2691/2691/2691 2697/2697/2697 2698/2698/2698
f 2691/2691/2691 2698/2698/2698 2699/2699/2699
f 2691/2691/2691 2699/2699/2699 2692/2692/2692
f 2700/2700/2700 2701/2701/2701 2702/2702/2702
f 2700/2700/2700 2702/2702/2702 2703/2703/2703
f 2700/2700/2700 2703/2703/2703 2704/2704/2704
f 2700/2700/2700 2704/2704/2704 2705/2705/2705
f 2700/2700/2700 2705/2705/2705 2706/2706/2706
f 2700/2700/2700 2706/2706/2706 2707/2707/2707
f 2700/2700/2700 2707/2707/2707 2708/2708/2708
f 2700/2700/2700 2708/2708/2708 2701/2701/2701
f 2709/2709/2709 2710/2710/2710 2711/2711/2711
f 2709/2709/2709 2711/2711/2711 2712/2712/2712
f 2709/2709/2709 2712/2712/2712 2713/2713/2713
f 2709/2709/2709 2713/2713/2713 2714/2714/2714
f 2709/2709/2709 2714/2714/2714 2715/2715/2715
f 2709/2709/2709 2715/2715/2715 2716/2716/2716
f 2709/2709/2709 2716/2716/2716 2717/2717/2717
f 2709/2709/2709 2717/2717/2717 2710/2710/2710
f 2718/2718/2718 2719/2719/2719 2720/2720/2720
f 2718/2718/2718 2720/2720/2720 2721/2721/2721
f 2718/2718/2718 2721/2721/2721 2722/2722/2722
f 2718/2718/2718 2722/2722/2722 2723/2723/2723
f 2718/2718/2718 2723/2723/2723 2724/2724/2724
f 2718/2718/2718 2724/2724/2724 2725/2725/2725
f 2718/2718/2718 2725/2725/2725 2726/2726/2726
f 2718/2718/2718 2726/2726/2726 2719/2719/2719
f 2727/2727/2727 2728/2728/2728 2509/2509/2509
f 2727/2727/2727 2509/2509/2509 2729/2729/2729
f 2727/2727/2727 2729/2729/2729 2730/2730/2730
f 2727/2727/2727 2730/2730/2730 2731/2731/2731
f 2727/2727/2727 2731/2731/2731 2732/2732/2732
f 2727/2727/2727 2732/2732/2732 2733/2733/2733
f 2727/2727/2727 2733/2733/2733 2734/2734/2734
f 2727/2727/2727 2734/2734/2734 2728/2728/2728
f 2735/2735/2735 2736/2736/2736 2737/2737/2737
f 2735/2735/2735 2737/2737/2737 2738/2738/2738
f 2735/2735/2735 2738/2738/2738 2739/2739/2739
f 2735/2735/2735 2739/2739/2739 2740/2740/2740
f 2735/2735/2735 2740/2740/2740 2514/2514/2514
f 2735/2735/2735 2514/2514/2514 2741/2741/2741
f 2735/2735/2735 2741/2741/2741 2742/2742/2742
f 2735/2735/2735 2742/2742/2742 2736/2736/2736
f 2743/2743/2743 2744/2744/2744 2745/2745/2745
f 2743/2743/2743 2745/2745/2745 2746/2746/2746
f 2743/2743/2743 2746/2746/2746 2514/2514/2514
f 2743/2743/2743 2514/2514/2514 2740/2740/2740
f 2743/2743/2743 2740/2740/2740 2739/2739/2739
f 2743/2743/2743 2739/2739/2739 2747/2747/2747
f 2743/2743/2743 2747/2747/2747 2748/2748/2748
f 2743/2743/2743 2748/2748/2748 2744/2744/2744
