# Generated by lxe_pbrt_scene_convert
v 4.77067995 -0.747938991 1.15419805
v 4.77067995 -0.764392018 1.12915003
v 4.76981878 -0.762244999 1.127002
v 4.76981878 -0.745141983 1.15304005
v 4.76981878 -0.738825023 1.18354404
v 4.77067995 -0.741860986 1.18354404
v 4.77009106 -0.744898021 1.18354404
v 4.77009106 -0.750734985 1.15535605
v 4.77009106 -0.766538978 1.13129699
v 4.77067995 -0.747938991 1.21289003
v 4.76981878 -0.745141983 1.21404803
v 4.76981878 -0.762244999 1.24008501
v 4.77067995 -0.764392018 1.23793805
v 4.77009106 -0.766538978 1.23579097
v 4.77009106 -0.750734985 1.21173096
v 4.77067995 -0.789439976 1.25439095
v 4.76981878 -0.788281977 1.25718796
v 4.76981878 -0.818786025 1.26350498
v 4.77067995 -0.818786025 1.26046896
v 4.77009106 -0.818786025 1.25743198
v 4.77009106 -0.790598989 1.25159395
v 4.77009106 -0.766538978 1.23579097
v 4.77067995 -0.764392018 1.23793805
v 4.76981878 -0.762244999 1.24008501
v 4.77067995 -0.848132014 1.25439095
v 4.76981878 -0.849290013 1.25718796
v 4.76981878 -0.875326991 1.24008501
v 4.77067995 -0.873179972 1.23793805
v 4.77009106 -0.871033013 1.23579097
v 4.77009106 -0.846974015 1.25159395
v 4.77009106 -0.818786025 1.25743198
v 4.77067995 -0.818786025 1.26046896
v 4.76981878 -0.818786025 1.26350498
v 4.77067995 -0.889633 1.21289003
v 4.76981878 -0.892430007 1.21404803
v 4.76981878 -0.898747981 1.18354404
v 4.77067995 -0.895711005 1.18354404
v 4.77009106 -0.892674983 1.18354404
v 4.77009106 -0.886837006 1.21173096
v 4.77009106 -0.871033013 1.23579097
v 4.77067995 -0.873179972 1.23793805
v 4.76981878 -0.875326991 1.24008501
v 4.77067995 -0.889633 1.15419805
v 4.76981878 -0.892430007 1.15304005
v 4.76981878 -0.875326991 1.127002
v 4.77067995 -0.873179972 1.12915003
v 4.77009106 -0.871033013 1.13129699
v 4.77009106 -0.886837006 1.15535605
v 4.77009106 -0.892674983 1.18354404
v 4.77067995 -0.895711005 1.18354404
v 4.76981878 -0.898747981 1.18354404
v 4.77067995 -0.848132014 1.11269701
v 4.76981878 -0.849290013 1.1099
v 4.76981878 -0.818786025 1.10358202
v 4.77067995 -0.818786025 1.106619
v 4.77009106 -0.818786025 1.10965502
v 4.77009106 -0.846974015 1.11549306
v 4.77009106 -0.871033013 1.13129699
v 4.77067995 -0.873179972 1.12915003
v 4.76981878 -0.875326991 1.127002
v 4.77067995 -0.789439976 1.11269701
v 4.76981878 -0.788281977 1.1099
v 4.77009106 -0.790598989 1.11549306
v 4.77009106 -0.818786025 1.10965502
v 4.77067995 -0.818786025 1.106619
v 4.76981878 -0.818786025 1.10358202
v 4.77067995 -0.788016021 0.914730012
v 4.77067995 -0.81736201 0.908652008
v 4.77003479 -0.81736201 0.905615985
v 4.77003479 -0.786858022 0.911933005
v 4.77003479 -0.760820985 0.929036021
v 4.77067995 -0.762968004 0.931182981
v 4.77026701 -0.765115023 0.933329999
v 4.77026796 -0.78917402 0.917526007
v 4.77026701 -0.81736201 0.911688983
v 4.77067995 -0.846708 0.914730012
v 4.77067995 -0.871756017 0.931182981
v 4.77003479 -0.873902977 0.929036021
v 4.77003479 -0.847865999 0.911933005
v 4.77003479 -0.81736201 0.905615985
v 4.77067995 -0.81736201 0.908652008
v 4.77026701 -0.81736201 0.911688983
v 4.77026796 -0.845548987 0.91752702
v 4.77026701 -0.869608998 0.933329999
v 4.77067995 -0.888208985 0.956230998
v 4.77067995 -0.89428699 0.985576987
v 4.77003479 -0.897323012 0.985576987
v 4.77003479 -0.891005993 0.955072999
v 4.77003479 -0.873902977 0.929036021
v 4.77067995 -0.871756017 0.931182981
v 4.77026701 -0.869608998 0.933329999
v 4.77026796 -0.885412991 0.95739001
v 4.77026701 -0.891250014 0.985576987
v 4.77067995 -0.888208985 1.01492298
v 4.77067995 -0.871756017 1.03997099
v 4.77003479 -0.873902977 1.04211903
v 4.77003479 -0.891005993 1.01608098
v 4.77003479 -0.897323012 0.985576987
v 4.77067995 -0.89428699 0.985576987
v 4.77026701 -0.891250014 0.985576987
v 4.77026796 -0.885412991 1.01376498
v 4.77026701 -0.869608998 1.03782403
v 4.77067995 -0.846708 1.05642402
v 4.77067995 -0.81736201 1.06250203
v 4.77003479 -0.81736201 1.065539
v 4.77003479 -0.847865999 1.05922103
v 4.77003479 -0.873902977 1.04211903
v 4.77067995 -0.871756017 1.03997099
v 4.77026701 -0.869608998 1.03782403
v 4.77026796 -0.845548987 1.05362797
v 4.77026701 -0.81736201 1.059466
v 4.77067995 -0.788016021 1.05642402
v 4.77067995 -0.762968004 1.03997099
v 4.77003479 -0.760820985 1.04211903
v 4.77003479 -0.786858022 1.05922103
v 4.77003479 -0.81736201 1.065539
v 4.77067995 -0.81736201 1.06250203
v 4.77026701 -0.81736201 1.059466
v 4.77026796 -0.78917402 1.05362797
v 4.77026701 -0.765115023 1.03782403
v 4.77067995 -0.746514976 1.01492298
v 4.77067995 -0.740436971 0.985576987
v 4.77003479 -0.737399995 0.985576987
v 4.77003479 -0.743718028 1.01608098
v 4.77003479 -0.760820985 1.04211903
v 4.77067995 -0.762968004 1.03997099
v 4.77026701 -0.765115023 1.03782403
v 4.77026796 -0.74931097 1.01376498
v 4.77026701 -0.743472993 0.985576987
v 4.77067995 -0.746514976 0.956230998
v 4.77026796 -0.74931097 0.95739001
v 4.77003479 -0.743718028 0.955072999
v 4.76832485 -0.751667976 1.15574205
v 4.77009106 -0.750734985 1.15535605
v 4.77009106 -0.744898021 1.18354404
v 4.76832485 -0.745909989 1.18354404
v 4.75537109 -0.745909989 1.18354404
v 4.75537109 -0.751667976 1.15574205
v 4.75537109 -0.767255008 1.13201201
v 4.76832485 -0.767255008 1.13201201
v 4.77009106 -0.766538978 1.13129699
v 4.72121906 -0.751667976 1.15574205
v 4.72121906 -0.745909989 1.18354404
v 4.67646885 -0.745909989 1.18354404
v 4.67646885 -0.751667976 1.15574205
v 4.67646885 -0.767255008 1.13201201
v 4.72121906 -0.767255008 1.13201201
v 4.76832485 -0.751667976 1.21134496
v 4.77009106 -0.750734985 1.21173096
v 4.77009106 -0.766538978 1.23579097
v 4.76832485 -0.767255008 1.235075
v 4.75537109 -0.767255008 1.235075
v 4.75537109 -0.751667976 1.21134496
v 4.72122002 -0.751667976 1.21134496
v 4.72122002 -0.767255008 1.235075
v 4.67646885 -0.767255008 1.235075
v 4.67646885 -0.751667976 1.21134496
v 4.76832485 -0.790984988 1.25066197
v 4.76832485 -0.767255008 1.235075
v 4.77009106 -0.766538978 1.23579097
v 4.77009106 -0.790598989 1.25159395
v 4.77009106 -0.818786025 1.25743198
v 4.76832485 -0.818786025 1.25642002
v 4.75537109 -0.818786025 1.25642002
v 4.75537109 -0.790984988 1.25066197
v 4.75537109 -0.767255008 1.235075
v 4.72122002 -0.790984988 1.25066197
v 4.72122002 -0.767255008 1.235075
v 4.72122002 -0.818786025 1.25642002
v 4.67646885 -0.818786025 1.25642002
v 4.67646885 -0.790984988 1.25066197
v 4.67646885 -0.767255008 1.235075
v 4.76832485 -0.846587002 1.25066197
v 4.76832485 -0.818786025 1.25642002
v 4.77009106 -0.818786025 1.25743198
v 4.77009106 -0.846974015 1.25159395
v 4.77009106 -0.871033013 1.23579097
v 4.76832485 -0.870316982 1.235075
v 4.75537109 -0.870316982 1.235075
v 4.75537109 -0.846587002 1.25066197
v 4.75537109 -0.818786025 1.25642002
v 4.72122002 -0.846587002 1.25066197
v 4.72122002 -0.818786025 1.25642002
v 4.72122002 -0.870316982 1.235075
v 4.67646885 -0.870316982 1.235075
v 4.67646885 -0.846587002 1.25066197
v 4.67646885 -0.818786025 1.25642002
v 4.76832485 -0.885905027 1.21134496
v 4.76832485 -0.870316982 1.235075
v 4.77009106 -0.871033013 1.23579097
v 4.77009106 -0.886837006 1.21173096
v 4.77009106 -0.892674983 1.18354404
v 4.76832485 -0.891662002 1.18354404
v 4.75537109 -0.891662002 1.18354404
v 4.75537109 -0.885905027 1.21134496
v 4.75537109 -0.870316982 1.235075
v 4.72122002 -0.885905027 1.21134496
v 4.72122002 -0.870316982 1.235075
v 4.72122002 -0.891662002 1.18354404
v 4.67646885 -0.891662002 1.18354404
v 4.67646885 -0.885905027 1.21134496
v 4.67646885 -0.870316982 1.235075
v 4.76832485 -0.885905027 1.15574205
v 4.76832485 -0.891662002 1.18354404
v 4.77009106 -0.892674983 1.18354404
v 4.77009106 -0.886837006 1.15535605
v 4.77009106 -0.871033013 1.13129699
v 4.76832485 -0.870316982 1.13201201
v 4.75537109 -0.870316982 1.13201201
v 4.75537109 -0.885905027 1.15574205
v 4.75537109 -0.891662002 1.18354404
v 4.72122002 -0.885905027 1.15574205
v 4.72122002 -0.891662002 1.18354404
v 4.72122002 -0.870316982 1.13201201
v 4.67646885 -0.870316982 1.13201201
v 4.67646885 -0.885905027 1.15574205
v 4.67646885 -0.891662002 1.18354404
v 4.76832485 -0.846587002 1.11642504
v 4.76832485 -0.870316982 1.13201201
v 4.77009106 -0.871033013 1.13129699
v 4.77009106 -0.846974015 1.11549306
v 4.77009106 -0.818786025 1.10965502
v 4.76832485 -0.818786025 1.11066699
v 4.75537109 -0.818786025 1.11066699
v 4.75537109 -0.846587002 1.11642504
v 4.75537109 -0.870316982 1.13201201
v 4.72122002 -0.846587002 1.11642504
v 4.72122002 -0.870316982 1.13201201
v 4.72122002 -0.818786025 1.11066699
v 4.67646885 -0.818786025 1.11066699
v 4.67646885 -0.846587002 1.11642504
v 4.67646885 -0.870316982 1.13201201
v 4.76832485 -0.790984988 1.11642504
v 4.76832485 -0.818786025 1.11066699
v 4.77009106 -0.818786025 1.10965502
v 4.77009106 -0.790598989 1.11549306
v 4.75537109 -0.790984988 1.11642504
v 4.75537109 -0.818786025 1.11066699
v 4.72122002 -0.790984988 1.11642504
v 4.72122002 -0.818786025 1.11066699
v 4.67646885 -0.790984988 1.11642504
v 4.67646885 -0.818786025 1.11066699
v 4.769032 -0.78956002 0.918458998
v 4.77026796 -0.78917402 0.917526007
v 4.77026701 -0.765115023 0.933329999
v 4.769032 -0.765830994 0.93404597
v 4.7564311 -0.765830994 0.93404597
v 4.7564311 -0.78956002 0.918458998
v 4.7564311 -0.81736201 0.912701011
v 4.769032 -0.81736201 0.912701011
v 4.77026701 -0.81736201 0.911688983
v 4.72192621 -0.78956002 0.918458998
v 4.72192621 -0.765830994 0.93404597
v 4.67646885 -0.765830994 0.93404597
v 4.67646885 -0.78956002 0.918458998
v 4.67646885 -0.81736201 0.912701011
v 4.72192621 -0.81736201 0.912701011
v 4.769032 -0.845162988 0.918458998
v 4.77026796 -0.845548987 0.91752702
v 4.77026701 -0.81736201 0.911688983
v 4.769032 -0.81736201 0.912701011
v 4.7564311 -0.81736201 0.912701011
v 4.7564311 -0.845162988 0.918458998
v 4.7564311 -0.868893027 0.93404597
v 4.769032 -0.868893027 0.93404597
v 4.77026701 -0.869608998 0.933329999
v 4.72192621 -0.845162988 0.918458998
v 4.72192621 -0.81736201 0.912701011
v 4.67646885 -0.81736201 0.912701011
v 4.67646885 -0.845162988 0.918458998
v 4.67646885 -0.868893027 0.93404597
v 4.72192621 -0.868893027 0.93404597
v 4.769032 -0.88448 0.95777601
v 4.77026796 -0.885412991 0.95739001
v 4.77026701 -0.869608998 0.933329999
v 4.769032 -0.868893027 0.93404597
v 4.7564311 -0.868893027 0.93404597
v 4.7564311 -0.88448 0.95777601
v 4.7564311 -0.890237987 0.985576987
v 4.769032 -0.890237987 0.985576987
v 4.77026701 -0.891250014 0.985576987
v 4.72192621 -0.88448 0.95777601
v 4.72192621 -0.868893027 0.93404597
v 4.67646885 -0.868893027 0.93404597
v 4.67646885 -0.88448 0.95777601
v 4.67646885 -0.890237987 0.985576987
v 4.72192621 -0.890237987 0.985576987
v 4.769032 -0.88448 1.01337898
v 4.77026796 -0.885412991 1.01376498
v 4.77026701 -0.891250014 0.985576987
v 4.769032 -0.890237987 0.985576987
v 4.7564311 -0.890237987 0.985576987
v 4.7564311 -0.88448 1.01337898
v 4.7564311 -0.868893027 1.03710902
v 4.769032 -0.868893027 1.03710902
v 4.77026701 -0.869608998 1.03782403
v 4.72192621 -0.88448 1.01337898
v 4.72192621 -0.890237987 0.985576987
v 4.67646885 -0.890237987 0.985576987
v 4.67646885 -0.88448 1.01337898
v 4.67646885 -0.868893027 1.03710794
v 4.72192621 -0.868893027 1.03710902
v 4.769032 -0.845162988 1.05269599
v 4.77026796 -0.845548987 1.05362797
v 4.77026701 -0.869608998 1.03782403
v 4.769032 -0.868893027 1.03710902
v 4.7564311 -0.868893027 1.03710902
v 4.7564311 -0.845162988 1.05269599
v 4.7564311 -0.81736201 1.05845404
v 4.769032 -0.81736201 1.05845404
v 4.77026701 -0.81736201 1.059466
v 4.72192621 -0.845162988 1.05269599
v 4.72192621 -0.868893027 1.03710902
v 4.67646885 -0.868893027 1.03710794
v 4.67646885 -0.845162988 1.05269599
v 4.67646885 -0.81736201 1.05845404
v 4.72192621 -0.81736201 1.05845404
v 4.769032 -0.78956002 1.05269599
v 4.77026796 -0.78917402 1.05362797
v 4.77026701 -0.81736201 1.059466
v 4.769032 -0.81736201 1.05845404
v 4.7564311 -0.81736201 1.05845404
v 4.7564311 -0.78956002 1.05269599
v 4.7564311 -0.765830994 1.03710902
v 4.769032 -0.765830994 1.03710902
v 4.77026701 -0.765115023 1.03782403
v 4.72192621 -0.78956002 1.05269599
v 4.72192621 -0.81736201 1.05845404
v 4.67646885 -0.81736201 1.05845404
v 4.67646885 -0.78956002 1.05269599
v 4.67646885 -0.765830994 1.03710794
v 4.72192621 -0.765830994 1.03710902
v 4.769032 -0.750243008 1.01337898
v 4.77026796 -0.74931097 1.01376498
v 4.77026701 -0.765115023 1.03782403
v 4.769032 -0.765830994 1.03710902
v 4.7564311 -0.765830994 1.03710902
v 4.7564311 -0.750243008 1.01337898
v 4.7564311 -0.744485974 0.985576987
v 4.769032 -0.744485974 0.985576987
v 4.77026701 -0.743472993 0.985576987
v 4.72192621 -0.750243008 1.01337898
v 4.72192621 -0.765830994 1.03710902
v 4.67646885 -0.765830994 1.03710794
v 4.67646885 -0.750243008 1.01337898
v 4.67646885 -0.744485974 0.985576987
v 4.72192621 -0.744485974 0.985576987
v 4.769032 -0.750243008 0.95777601
v 4.77026796 -0.74931097 0.95739001
v 4.7564311 -0.750243008 0.95777601
v 4.72192621 -0.750243008 0.95777601
v 4.67646885 -0.750243008 0.95777601
v 4.76723719 -0.744210005 1.15265298
v 4.76981878 -0.762244999 1.127002
v 4.76723719 -0.761529028 1.12628698
v 4.7235322 -0.761529028 1.12628698
v 4.7235322 -0.744210005 1.15265298
v 4.7235322 -0.737811983 1.18354404
v 4.76723719 -0.737811983 1.18354404
v 4.76981878 -0.738825023 1.18354404
v 4.76723719 -0.744210005 1.21443403
v 4.76723719 -0.761529028 1.24080098
v 4.7235322 -0.744210005 1.21443403
v 4.7235322 -0.761529028 1.24080098
v 4.76723719 -0.787895977 1.25811994
v 4.76723719 -0.818786025 1.26451695
v 4.76723719 -0.761529028 1.24080098
v 4.7235322 -0.761529028 1.24080098
v 4.7235322 -0.787895977 1.25811994
v 4.7235322 -0.818786025 1.26451695
v 4.76723719 -0.849676013 1.25811994
v 4.76723719 -0.876043022 1.24080098
v 4.76723719 -0.818786025 1.26451695
v 4.7235322 -0.818786025 1.26451695
v 4.7235322 -0.849676013 1.25811994
v 4.7235322 -0.876043022 1.24080098
v 4.76723719 -0.893361986 1.21443403
v 4.76723719 -0.899760008 1.18354404
v 4.76723719 -0.876043022 1.24080098
v 4.7235322 -0.876043022 1.24080098
v 4.7235322 -0.893361986 1.21443403
v 4.7235322 -0.899760008 1.18354404
v 4.76723719 -0.893361986 1.15265298
v 4.76723719 -0.876043022 1.12628698
v 4.76723719 -0.899760008 1.18354404
v 4.7235322 -0.899760008 1.18354404
v 4.7235322 -0.893361986 1.15265298
v 4.7235322 -0.876043022 1.12628698
v 4.76723719 -0.849676013 1.10896802
v 4.76723719 -0.818786025 1.10257006
v 4.76723719 -0.876043022 1.12628698
v 4.7235322 -0.876043022 1.12628698
v 4.7235322 -0.849676013 1.10896802
v 4.7235322 -0.818786025 1.10257006
v 4.76723719 -0.787895977 1.10896802
v 4.76723719 -0.818786025 1.10257006
v 4.7235322 -0.818786025 1.10257006
v 4.7235322 -0.787895977 1.10896802
v 4.76809788 -0.786471009 0.911001027
v 4.72546387 -0.786471009 0.911001027
v 4.72546387 -0.760105014 0.928319991
v 4.76809788 -0.760105014 0.928319991
v 4.77003479 -0.760820985 0.929036021
v 4.76809788 -0.81736201 0.904603004
v 4.72546387 -0.81736201 0.904603004
v 4.76809788 -0.848251998 0.911001027
v 4.76809788 -0.874619007 0.928319991
v 4.72546387 -0.874619007 0.928319991
v 4.72546387 -0.848251998 0.911001027
v 4.72546387 -0.81736201 0.904603004
v 4.76809788 -0.81736201 0.904603004
v 4.76809788 -0.891937971 0.954686999
v 4.76809788 -0.898335993 0.985576987
v 4.72546387 -0.898335993 0.985576987
v 4.72546387 -0.891937971 0.954686999
v 4.72546387 -0.874619007 0.928319991
v 4.76809788 -0.874619007 0.928319991
v 4.76809788 -0.891937971 1.01646805
v 4.76809788 -0.874619007 1.04283404
v 4.72546387 -0.874619007 1.04283404
v 4.72546387 -0.891937971 1.01646805
v 4.72546387 -0.898335993 0.985576987
v 4.76809788 -0.898335993 0.985576987
v 4.76809788 -0.848251998 1.06015301
v 4.76809788 -0.81736201 1.06655097
v 4.72546387 -0.81736201 1.06655097
v 4.72546387 -0.848251998 1.06015301
v 4.72546387 -0.874619007 1.04283404
v 4.76809788 -0.874619007 1.04283404
v 4.76809788 -0.786471009 1.06015301
v 4.76809788 -0.760105014 1.04283404
v 4.72546387 -0.760105014 1.04283404
v 4.72546387 -0.786471009 1.06015301
v 4.72546387 -0.81736201 1.06655097
v 4.76809788 -0.81736201 1.06655097
v 4.76809788 -0.74278599 1.01646805
v 4.77003479 -0.737399995 0.985576987
v 4.76809788 -0.736388028 0.985576987
v 4.72546387 -0.736388028 0.985576987
v 4.72546387 -0.74278599 1.01646805
v 4.72546387 -0.760105014 1.04283404
v 4.76809788 -0.760105014 1.04283404
v 4.76809788 -0.74278599 0.954686999
v 4.72546387 -0.74278599 0.954686999
v 4.59930182 -0.744210005 1.15265298
v 4.59930182 -0.761529028 1.12628698
v 4.47487783 -0.761529028 1.12628698
v 4.47487783 -0.744210005 1.15265298
v 4.47487783 -0.737811983 1.18354404
v 4.59930182 -0.737811983 1.18354404
v 4.43059206 -0.744210005 1.15265298
v 4.43059206 -0.761529028 1.12628698
v 4.42637396 -0.761529028 1.12628698
v 4.42637396 -0.744210005 1.15265298
v 4.42637396 -0.737811983 1.18354404
v 4.43059206 -0.737811983 1.18354404
v 4.59930182 -0.744210005 1.21443403
v 4.59930182 -0.761529028 1.24080098
v 4.47487783 -0.744210005 1.21443403
v 4.47487783 -0.761529028 1.24080098
v 4.43059206 -0.744210005 1.21443403
v 4.43059206 -0.761529028 1.24080098
v 4.42637396 -0.744210005 1.21443403
v 4.42637396 -0.761529028 1.24080098
v 4.59930182 -0.787895977 1.25811994
v 4.59930182 -0.818786025 1.26451695
v 4.59930182 -0.761529028 1.24080098
v 4.47487783 -0.761529028 1.24080098
v 4.47487783 -0.787895977 1.25811994
v 4.47487783 -0.818786025 1.26451695
v 4.43059206 -0.787895977 1.25811994
v 4.43059206 -0.818786025 1.26451695
v 4.43059206 -0.761529028 1.24080098
v 4.42637396 -0.761529028 1.24080098
v 4.42637396 -0.787895977 1.25811994
v 4.42637396 -0.818786025 1.26451695
v 4.59930182 -0.849676013 1.25811994
v 4.59930182 -0.876043022 1.24080098
v 4.59930182 -0.818786025 1.26451695
v 4.47487783 -0.818786025 1.26451695
v 4.47487783 -0.849676013 1.25811994
v 4.47487783 -0.876043022 1.24080098
v 4.43059206 -0.849676013 1.25811994
v 4.43059206 -0.876043022 1.24080098
v 4.43059206 -0.818786025 1.26451695
v 4.42637396 -0.818786025 1.26451695
v 4.42637396 -0.849676013 1.25811994
v 4.42637396 -0.876043022 1.24080098
v 4.59930182 -0.893361986 1.21443403
v 4.59930182 -0.899760008 1.18354404
v 4.59930182 -0.876043022 1.24080098
v 4.47487783 -0.876043022 1.24080098
v 4.47487783 -0.893361986 1.21443403
v 4.47487783 -0.899760008 1.18354404
v 4.43059206 -0.893361986 1.21443403
v 4.43059206 -0.899760008 1.18354404
v 4.43059206 -0.876043022 1.24080098
v 4.42637396 -0.876043022 1.24080098
v 4.42637396 -0.893361986 1.21443403
v 4.42637396 -0.899760008 1.18354404
v 4.59930182 -0.893361986 1.15265298
v 4.59930182 -0.876043022 1.12628698
v 4.59930182 -0.899760008 1.18354404
v 4.47487783 -0.899760008 1.18354404
v 4.47487783 -0.893361986 1.15265298
v 4.47487783 -0.876043022 1.12628698
v 4.43059206 -0.893361986 1.15265298
v 4.43059206 -0.876043022 1.12628698
v 4.43059206 -0.899760008 1.18354404
v 4.42637396 -0.899760008 1.18354404
v 4.42637396 -0.893361986 1.15265298
v 4.42637396 -0.876043022 1.12628698
v 4.59930182 -0.849676013 1.10896802
v 4.59930182 -0.818786025 1.10257006
v 4.59930182 -0.876043022 1.12628698
v 4.47487783 -0.876043022 1.12628698
v 4.47487783 -0.849676013 1.10896802
v 4.47487783 -0.818786025 1.10257006
v 4.43059206 -0.849676013 1.10896802
v 4.43059206 -0.818786025 1.10257006
v 4.43059206 -0.876043022 1.12628698
v 4.42637396 -0.876043022 1.12628698
v 4.42637396 -0.849676013 1.10896802
v 4.42637396 -0.818786025 1.10257006
v 4.59930182 -0.787895977 1.10896802
v 4.59930182 -0.818786025 1.10257006
v 4.47487783 -0.818786025 1.10257006
v 4.47487783 -0.787895977 1.10896802
v 4.43059206 -0.787895977 1.10896802
v 4.43059206 -0.818786025 1.10257006
v 4.42637396 -0.818786025 1.10257006
v 4.42637396 -0.787895977 1.10896802
v 4.60272694 -0.786471009 0.911001027
v 4.60272694 -0.81736201 0.904603004
v 4.47894096 -0.81736201 0.904603004
v 4.47894096 -0.786471009 0.911001027
v 4.47894096 -0.760105014 0.928319991
v 4.60272694 -0.760105014 0.928319991
v 4.43315697 -0.786471009 0.911001027
v 4.43315697 -0.81736201 0.904603004
v 4.42637396 -0.81736201 0.904603004
v 4.42637396 -0.786471009 0.911001027
v 4.42637396 -0.760105014 0.928319991
v 4.43315697 -0.760105014 0.928319991
v 4.60272694 -0.848251998 0.911001027
v 4.60272694 -0.874619007 0.928319991
v 4.47894096 -0.874619007 0.928319991
v 4.47894096 -0.848251998 0.911001027
v 4.47894096 -0.81736201 0.904603004
v 4.60272694 -0.81736201 0.904603004
v 4.43315697 -0.848251998 0.911001027
v 4.43315697 -0.874619007 0.928319991
v 4.42637396 -0.874619007 0.928319991
v 4.42637396 -0.848251998 0.911001027
v 4.42637396 -0.81736201 0.904603004
v 4.43315697 -0.81736201 0.904603004
v 4.60272694 -0.891937971 0.954686999
v 4.60272694 -0.898335993 0.985576987
v 4.47894096 -0.898335993 0.985576987
v 4.47894096 -0.891937971 0.954686999
v 4.47894096 -0.874619007 0.928319991
v 4.60272694 -0.874619007 0.928319991
v 4.43315697 -0.891937971 0.954686999
v 4.43315697 -0.898335993 0.985576987
v 4.42637396 -0.898335993 0.985576987
v 4.42637396 -0.891937971 0.954686999
v 4.42637396 -0.874619007 0.928319991
v 4.43315697 -0.874619007 0.928319991
v 4.60272694 -0.891937971 1.01646805
v 4.60272694 -0.874619007 1.04283404
v 4.47894096 -0.874619007 1.04283404
v 4.47894096 -0.891937971 1.01646805
v 4.47894096 -0.898335993 0.985576987
v 4.60272694 -0.898335993 0.985576987
v 4.43315697 -0.891937971 1.01646805
v 4.43315697 -0.874619007 1.04283404
v 4.42637396 -0.874619007 1.04283404
v 4.42637396 -0.891937971 1.01646805
v 4.42637396 -0.898335993 0.985576987
v 4.43315697 -0.898335993 0.985576987
v 4.60272694 -0.848251998 1.06015301
v 4.60272694 -0.81736201 1.06655097
v 4.47894096 -0.81736201 1.06655097
v 4.47894096 -0.848251998 1.06015301
v 4.47894096 -0.874619007 1.04283404
v 4.60272694 -0.874619007 1.04283404
v 4.43315697 -0.848251998 1.06015301
v 4.43315697 -0.81736201 1.06655097
v 4.42637396 -0.81736201 1.06655097
v 4.42637396 -0.848251998 1.06015301
v 4.42637396 -0.874619007 1.04283404
v 4.43315697 -0.874619007 1.04283404
v 4.60272694 -0.786471009 1.06015301
v 4.60272694 -0.760105014 1.04283404
v 4.47894096 -0.760105014 1.04283404
v 4.47894096 -0.786471009 1.06015301
v 4.47894096 -0.81736201 1.06655097
v 4.60272694 -0.81736201 1.06655097
v 4.43315697 -0.786471009 1.06015301
v 4.43315697 -0.760105014 1.04283404
v 4.42637396 -0.760105014 1.04283404
v 4.42637396 -0.786471009 1.06015301
v 4.42637396 -0.81736201 1.06655097
v 4.43315697 -0.81736201 1.06655097
v 4.60272694 -0.74278599 1.01646805
v 4.60272694 -0.736388028 0.985576987
v 4.47894096 -0.736388028 0.985576987
v 4.47894096 -0.74278599 1.01646805
v 4.47894096 -0.760105014 1.04283404
v 4.60272694 -0.760105014 1.04283404
v 4.43315697 -0.74278599 1.01646805
v 4.43315697 -0.736388028 0.985576987
v 4.42637396 -0.736388028 0.985576987
v 4.42637396 -0.74278599 1.01646805
v 4.42637396 -0.760105014 1.04283404
v 4.43315697 -0.760105014 1.04283404
v 4.60272694 -0.74278599 0.954686999
v 4.47894096 -0.74278599 0.954686999
v 4.43315697 -0.74278599 0.954686999
v 4.42637396 -0.74278599 0.954686999
v 4.46718311 -0.81693399 1.31991804
v 4.46718311 -0.81693399 1.29995596
v 4.4618659 -0.741612017 1.29995596
v 4.46186495 -0.741612017 1.31991804
v 4.46324396 -0.761139989 1.32408798
v 4.46718311 -0.81693399 1.32554698
v 4.47112083 -0.87272799 1.32408702
v 4.47249889 -0.892256021 1.31991804
v 4.47249889 -0.892256021 1.29995596
v 3.69045901 -0.863907993 1.31991804
v 3.69240093 -0.863749027 1.32554698
v 3.69391108 -0.779438019 1.32408702
v 3.69240093 -0.750145972 1.31991804
v 3.69240093 -0.750145972 1.29995596
v 3.69045901 -0.863907993 1.29995596
v 3.69240093 -0.977352023 1.29995596
v 3.69240093 -0.977352023 1.31991804
v 3.69391108 -0.947813988 1.32408702
v 4.46718311 -0.81693399 0.840413988
v 4.46718311 -0.81693399 0.830403984
v 4.46324492 -0.761139989 0.832998991
v 4.4618659 -0.741612017 0.840413988
v 4.4618659 -0.741612017 0.864757001
v 4.46718311 -0.81693399 0.864757001
v 4.47249985 -0.892256021 0.864757001
v 4.47249985 -0.892256021 0.840413988
v 4.47112179 -0.87272799 0.832998991
v 3.69045901 -0.863907993 0.840413988
v 3.69045901 -0.863907993 0.864757001
v 3.69240093 -0.750145972 0.864757001
v 3.69240093 -0.750145972 0.840413988
v 3.69391108 -0.779438019 0.832998991
v 3.69240093 -0.863749027 0.83040297
v 3.69391108 -0.947813988 0.832998991
v 3.69240093 -0.977352023 0.840413988
v 3.69240093 -0.977352023 0.864757001
v 4.46718311 -0.81693399 1.32742298
v 4.46718311 -0.81693399 1.32554698
v 4.46324396 -0.761139989 1.32408798
v 4.46186495 -0.741612017 1.32554698
v 4.44743681 -0.742830992 1.32554698
v 4.45208883 -0.821808994 1.32742298
v 4.45674181 -0.900786996 1.32554698
v 4.47249889 -0.892256021 1.32554698
v 4.47112083 -0.87272799 1.32408702
v 4.40680981 -0.836434007 1.32742298
v 4.40415096 -0.746487021 1.32554698
v 4.28080893 -0.74981302 1.32554698
v 4.28147411 -0.851897001 1.32742298
v 4.28213882 -0.953981996 1.32554698
v 4.40946913 -0.926380992 1.32554698
v 4.40680981 -0.836434007 0.827067018
v 4.28147507 -0.851897001 0.827067018
v 4.28080988 -0.74981302 0.830403984
v 4.40415096 -0.746487021 0.830403984
v 4.44743776 -0.742830992 0.830403984
v 4.45208979 -0.821808994 0.827067018
v 4.45674181 -0.900786996 0.830403984
v 4.40946913 -0.926380992 0.830403984
v 4.28213882 -0.953981996 0.830403984
v 4.46718311 -0.81693399 0.827067018
v 4.4618659 -0.741612017 0.830403984
v 4.46324492 -0.761139989 0.832998991
v 4.46718311 -0.81693399 0.830403984
v 4.47112179 -0.87272799 0.832998991
v 4.47249985 -0.892256021 0.830403984
v 4.47427177 -0.917364001 1.31991804
v 4.47249889 -0.892256021 1.31991804
v 4.47249889 -0.892256021 1.32554698
v 4.45674181 -0.900786996 1.32554698
v 4.45829201 -0.92711401 1.31991804
v 4.45829201 -0.92711401 1.29995596
v 4.47427177 -0.917364001 1.29995596
v 4.47249889 -0.892256021 1.29995596
v 4.41035509 -0.956363976 1.31991804
v 4.40946913 -0.926380992 1.32554698
v 4.28236103 -0.988009989 1.31991804
v 4.28236103 -0.988009989 1.29995596
v 4.41035509 -0.956363976 1.29995596
v 4.403265 -0.716504991 1.31991804
v 4.28058815 -0.715784013 1.31991804
v 4.28080893 -0.74981302 1.32554698
v 4.40415096 -0.746487021 1.32554698
v 4.44743681 -0.742830992 1.32554698
v 4.44588709 -0.716504991 1.31991804
v 4.44588614 -0.716504991 1.29995596
v 4.403265 -0.716504991 1.29995596
v 4.28058815 -0.715784013 1.29995596
v 4.46009302 -0.716504991 1.31991804
v 4.46186495 -0.741612017 1.32554698
v 4.46324396 -0.761139989 1.32408798
v 4.46186495 -0.741612017 1.31991804
v 4.4618659 -0.741612017 1.29995596
v 4.46009302 -0.716504991 1.29995596
v 4.47427177 -0.917364001 0.840413988
v 4.47249985 -0.892256021 0.840413988
v 4.47249985 -0.892256021 0.864757001
v 4.47427177 -0.917364001 0.864757001
v 4.45829201 -0.92711401 0.864757001
v 4.45829201 -0.92711401 0.840413988
v 4.45674181 -0.900786996 0.830403984
v 4.47249985 -0.892256021 0.830403984
v 4.47112179 -0.87272799 0.832998991
v 4.41035509 -0.956363976 0.840413988
v 4.41035509 -0.956363976 0.864757001
v 4.28236103 -0.988009989 0.864757001
v 4.28236103 -0.988009989 0.840413988
v 4.28213882 -0.953981996 0.830403984
v 4.40946913 -0.926380992 0.830403984
v 4.403265 -0.716504991 0.840413988
v 4.2805891 -0.715784013 0.840413988
v 4.28058815 -0.715784013 0.864757001
v 4.403265 -0.716504991 0.864757001
v 4.44588709 -0.716504991 0.864757001
v 4.44588709 -0.716504991 0.840413988
v 4.44743776 -0.742830992 0.830403984
v 4.40415096 -0.746487021 0.830403984
v 4.28080988 -0.74981302 0.830403984
v 4.46009398 -0.716504991 0.840413988
v 4.46009302 -0.716504991 0.864757001
v 4.4618659 -0.741612017 0.864757001
v 4.4618659 -0.741612017 0.840413988
v 4.46324492 -0.761139989 0.832998991
v 4.4618659 -0.741612017 0.830403984
v 4.02621508 -0.85928601 1.32742298
v 4.02621508 -0.750039995 1.32554698
v 3.78410602 -0.749253988 1.32554698
v 3.78410602 -0.861958981 1.32742298
v 3.78410602 -0.974663973 1.32554698
v 4.02621508 -0.968532979 1.32554698
v 3.69822598 -0.863273025 1.32742298
v 3.69822598 -0.749543011 1.32554698
v 3.69391108 -0.779438019 1.32408702
v 3.69240093 -0.863749027 1.32554698
v 3.69391108 -0.947813988 1.32408702
v 3.69822598 -0.977002978 1.32554698
v 3.69822598 -0.863273025 0.827067018
v 3.69240093 -0.863749027 0.83040297
v 3.69391108 -0.779438019 0.832998991
v 3.69822598 -0.749543011 0.830403984
v 3.78410602 -0.749253988 0.830403984
v 3.78410602 -0.861958981 0.827067018
v 3.78410602 -0.974663973 0.83040297
v 3.69822598 -0.977002978 0.83040297
v 3.69391108 -0.947813988 0.832998991
v 4.02621508 -0.85928601 0.827067018
v 4.02621508 -0.750039995 0.830403984
v 4.02621508 -0.968532979 0.83040297
v 4.02621508 -1.00494897 1.31991804
v 4.02621508 -0.968532979 1.32554698
v 3.78410602 -0.974663973 1.32554698
v 3.78410602 -1.01223195 1.31991804
v 3.78410602 -1.01223195 1.29995596
v 4.02621508 -1.00494897 1.29995596
v 3.69822598 -1.01491404 1.31991804
v 3.69822598 -0.977002978 1.32554698
v 3.69240093 -0.977352023 1.31991804
v 3.69240093 -0.977352023 1.29995596
v 3.69822598 -1.01491404 1.29995596
v 3.69822598 -0.711633027 1.31991804
v 3.69240093 -0.750145972 1.31991804
v 3.69822598 -0.749543011 1.32554698
v 3.78410602 -0.749253988 1.32554698
v 3.78410602 -0.711686015 1.31991804
v 3.78410602 -0.711686015 1.29995596
v 3.69822598 -0.711633027 1.29995596
v 4.02621508 -0.713624001 1.31991804
v 4.02621508 -0.750039995 1.32554698
v 4.02621508 -0.713624001 1.29995596
v 4.02621508 -1.00494897 0.840413988
v 4.02621508 -1.00494897 0.864757001
v 3.78410602 -1.01223195 0.864757001
v 3.78410602 -1.01223195 0.840413988
v 3.78410602 -0.974663973 0.83040297
v 4.02621508 -0.968532979 0.83040297
v 3.69822598 -1.01491404 0.840413988
v 3.69822598 -1.01491404 0.864757001
v 3.69240093 -0.977352023 0.864757001
v 3.69240093 -0.977352023 0.840413988
v 3.69391108 -0.947813988 0.832998991
v 3.69822598 -0.977002978 0.83040297
v 3.69822598 -0.711633027 0.840413988
v 3.69240093 -0.750145972 0.840413988
v 3.69240093 -0.750145972 0.864757001
v 3.69822598 -0.711633027 0.864757001
v 3.78410602 -0.711686015 0.864757001
v 3.78410602 -0.711686015 0.840413988
v 3.78410602 -0.749253988 0.830403984
v 3.69822598 -0.749543011 0.830403984
v 4.02621508 -0.713624001 0.840413988
v 4.02621508 -0.713624001 0.864757001
v 4.02621508 -0.750039995 0.830403984
v 4.46718311 -0.81693399 1.14041805
v 4.46718311 -0.81693399 1.08308601
v 4.4618659 -0.741612017 1.08308697
v 4.46186495 -0.741612017 1.14041805
v 4.4618659 -0.741612017 1.19774902
v 4.46718311 -0.81693399 1.19774902
v 4.47249889 -0.892256021 1.19774902
v 4.47249889 -0.892256021 1.14041805
v 4.47249889 -0.892256021 1.08308601
v 4.46718311 -0.81693399 1.25508106
v 4.46186495 -0.741612017 1.25508106
v 4.47249889 -0.892256021 1.25508106
v 3.69045901 -0.863907993 1.25508106
v 3.69240093 -0.750145972 1.25508106
v 3.69240093 -0.750145972 1.19774902
v 3.69045901 -0.863907993 1.19774902
v 3.69240093 -0.977352023 1.19774902
v 3.69240093 -0.977352023 1.25508106
v 3.69045901 -0.863907993 1.14041805
v 3.69240093 -0.750145972 1.14041805
v 3.69240093 -0.750145972 1.08308601
v 3.69045901 -0.863907993 1.08308601
v 3.69240093 -0.977352023 1.08308601
v 3.69240093 -0.977352023 1.14041805
v 4.47427177 -0.917364001 1.25508106
v 4.47427177 -0.917364001 1.29995596
v 4.45829201 -0.92711401 1.29995596
v 4.45829201 -0.92711401 1.25508106
v 4.45829201 -0.92711401 1.19774902
v 4.47427177 -0.917364001 1.19774902
v 4.47249889 -0.892256021 1.19774902
v 4.47249889 -0.892256021 1.25508106
v 4.47427177 -0.917364001 1.14041805
v 4.45829201 -0.92711401 1.14041805
v 4.45829201 -0.92711401 1.08308601
v 4.47427177 -0.917364001 1.08308601
v 4.47249889 -0.892256021 1.08308601
v 4.47249889 -0.892256021 1.14041805
v 4.41035509 -0.956363976 1.25508106
v 4.28236103 -0.988009989 1.25508106
v 4.28236103 -0.988009989 1.19774902
v 4.41035509 -0.956363976 1.19774902
v 4.45829201 -0.92711401 1.19774902
v 4.45829201 -0.92711401 1.25508106
v 4.41035509 -0.956363976 1.14041805
v 4.28236103 -0.988009989 1.14041805
v 4.28236103 -0.988009989 1.08308601
v 4.41035509 -0.956363976 1.08308601
v 4.45829201 -0.92711401 1.08308601
v 4.45829201 -0.92711401 1.14041805
v 4.403265 -0.716504991 1.25508106
v 4.44588709 -0.716504991 1.25508106
v 4.44588614 -0.716504991 1.19774902
v 4.403265 -0.716504991 1.19774902
v 4.28058815 -0.715784013 1.19774902
v 4.28058815 -0.715784013 1.25508106
v 4.403265 -0.716504991 1.14041805
v 4.44588709 -0.716504991 1.14041805
v 4.44588614 -0.716504991 1.08308697
v 4.403265 -0.716504991 1.08308697
v 4.28058815 -0.715784013 1.08308697
v 4.28058815 -0.715784013 1.14041805
v 4.46009302 -0.716504991 1.25508106
v 4.46009302 -0.716504991 1.29995596
v 4.4618659 -0.741612017 1.29995596
v 4.46186495 -0.741612017 1.25508106
v 4.4618659 -0.741612017 1.19774902
v 4.46009302 -0.716504991 1.19774902
v 4.44588614 -0.716504991 1.19774902
v 4.44588709 -0.716504991 1.25508106
v 4.44588614 -0.716504991 1.29995596
v 4.46009302 -0.716504991 1.14041805
v 4.46186495 -0.741612017 1.14041805
v 4.4618659 -0.741612017 1.08308697
v 4.46009302 -0.716504991 1.08308697
v 4.44588614 -0.716504991 1.08308697
v 4.44588709 -0.716504991 1.14041805
v 4.02621508 -1.00494897 1.25508106
v 3.78410602 -1.01223195 1.25508106
v 3.78410602 -1.01223195 1.19774902
v 4.02621508 -1.00494897 1.19774902
v 4.02621508 -1.00494897 1.14041805
v 3.78410602 -1.01223195 1.14041805
v 3.78410602 -1.01223195 1.08308601
v 4.02621508 -1.00494897 1.08308601
v 3.69822598 -1.01491404 1.25508106
v 3.69240093 -0.977352023 1.25508106
v 3.69240093 -0.977352023 1.19774902
v 3.69822598 -1.01491404 1.19774902
v 3.69822598 -1.01491404 1.14041805
v 3.69240093 -0.977352023 1.14041805
v 3.69240093 -0.977352023 1.08308601
v 3.69822598 -1.01491404 1.08308601
v 3.69822598 -0.711633027 1.25508106
v 3.78410602 -0.711686015 1.25508106
v 3.78410602 -0.711686015 1.19774902
v 3.69822598 -0.711633027 1.19774902
v 3.69240093 -0.750145972 1.19774902
v 3.69240093 -0.750145972 1.25508106
v 3.69822598 -0.711633027 1.14041805
v 3.78410602 -0.711686015 1.14041805
v 3.78410602 -0.711686015 1.08308601
v 3.69822598 -0.711633027 1.08308601
v 3.69240093 -0.750145972 1.08308601
v 3.69240093 -0.750145972 1.14041805
v 4.02621508 -0.713624001 1.25508106
v 4.02621508 -0.713624001 1.19774902
v 4.02621508 -0.713624001 1.14041805
v 4.02621508 -0.713624001 1.08308601
v 4.46718311 -0.81693399 0.911091983
v 4.46186495 -0.741612017 0.911091983
v 4.4618659 -0.741612017 0.968424022
v 4.46718311 -0.81693399 0.968424022
v 4.47249889 -0.892256021 0.968424022
v 4.47249889 -0.892256021 0.911091983
v 4.46718311 -0.81693399 1.02575505
v 4.46186495 -0.741612017 1.02575505
v 4.47249889 -0.892256021 1.02575505
v 3.69045901 -0.863907993 1.02575505
v 3.69240093 -0.750145972 1.02575505
v 3.69240093 -0.750145972 0.968424022
v 3.69045901 -0.863907993 0.968424022
v 3.69240093 -0.977352023 0.968424022
v 3.69240093 -0.977352023 1.02575505
v 3.69045901 -0.863907993 0.911091983
v 3.69240093 -0.750145972 0.911091983
v 3.69240093 -0.977352023 0.911091983
v 4.47427177 -0.917364001 1.02575505
v 4.45829201 -0.92711401 1.02575505
v 4.45829201 -0.92711401 0.968424022
v 4.47427177 -0.917364001 0.968424022
v 4.47249889 -0.892256021 0.968424022
v 4.47249889 -0.892256021 1.02575505
v 4.47427177 -0.917364001 0.911091983
v 4.45829201 -0.92711401 0.911091983
v 4.45829201 -0.92711401 0.864757001
v 4.47427177 -0.917364001 0.864757001
v 4.47249985 -0.892256021 0.864757001
v 4.47249889 -0.892256021 0.911091983
v 4.41035509 -0.956363976 1.02575505
v 4.28236103 -0.988009989 1.02575505
v 4.28236103 -0.988009989 0.968424022
v 4.41035509 -0.956363976 0.968424022
v 4.45829201 -0.92711401 0.968424022
v 4.45829201 -0.92711401 1.02575505
v 4.41035509 -0.956363976 0.911091983
v 4.28236103 -0.988009989 0.911091983
v 4.45829201 -0.92711401 0.911091983
v 4.403265 -0.716504991 1.02575505
v 4.44588709 -0.716504991 1.02575505
v 4.44588614 -0.716504991 0.968424022
v 4.403265 -0.716504991 0.968424022
v 4.28058815 -0.715784013 0.968424022
v 4.28058815 -0.715784013 1.02575505
v 4.403265 -0.716504991 0.911091983
v 4.44588709 -0.716504991 0.911091983
v 4.28058815 -0.715784013 0.911091983
v 4.46009302 -0.716504991 1.02575505
v 4.46186495 -0.741612017 1.02575505
v 4.4618659 -0.741612017 0.968424022
v 4.46009302 -0.716504991 0.968424022
v 4.44588614 -0.716504991 0.968424022
v 4.44588709 -0.716504991 1.02575505
v 4.46009302 -0.716504991 0.911091983
v 4.46186495 -0.741612017 0.911091983
v 4.46009302 -0.716504991 0.864757001
v 4.44588709 -0.716504991 0.864757001
v 4.44588709 -0.716504991 0.911091983
v 4.02621508 -1.00494897 1.02575505
v 3.78410602 -1.01223195 1.02575505
v 3.78410602 -1.01223195 0.968424022
v 4.02621508 -1.00494897 0.968424022
v 4.02621508 -1.00494897 0.911091983
v 3.78410602 -1.01223195 0.911091983
v 3.69822598 -1.01491404 1.02575505
v 3.69240093 -0.977352023 1.02575505
v 3.69240093 -0.977352023 0.968424022
v 3.69822598 -1.01491404 0.968424022
v 3.69822598 -1.01491404 0.911091983
v 3.69240093 -0.977352023 0.911091983
v 3.69822598 -0.711633027 1.02575505
v 3.78410602 -0.711686015 1.02575505
v 3.78410602 -0.711686015 0.968424022
v 3.69822598 -0.711633027 0.968424022
v 3.69240093 -0.750145972 0.968424022
v 3.69240093 -0.750145972 1.02575505
v 3.69822598 -0.711633027 0.911091983
v 3.78410602 -0.711686015 0.911091983
v 3.69240093 -0.750145972 0.911091983
v 4.02621508 -0.713624001 1.02575505
v 4.02621508 -0.713624001 0.968424022
v 4.02621508 -0.713624001 0.911091983
v 4.77067995 -0.747938991 -1.15419805
v 4.76981878 -0.745141983 -1.15304005
v 4.76981878 -0.762244999 -1.127002
v 4.77067995 -0.764392018 -1.12915003
v 4.77009106 -0.766538978 -1.13129699
v 4.77009106 -0.750734985 -1.15535605
v 4.77009106 -0.744898021 -1.18354404
v 4.77067995 -0.741860986 -1.18354404
v 4.76981878 -0.738825023 -1.18354404
v 4.77067995 -0.747938991 -1.21289003
v 4.77067995 -0.764392018 -1.23793805
v 4.76981878 -0.762244999 -1.24008501
v 4.76981878 -0.745141983 -1.21404803
v 4.77009106 -0.750734985 -1.21173096
v 4.77009106 -0.766538978 -1.23579097
v 4.77067995 -0.789439976 -1.25439095
v 4.77067995 -0.818786025 -1.26046896
v 4.76981878 -0.818786025 -1.26350498
v 4.76981878 -0.788281977 -1.25718796
v 4.76981878 -0.762244999 -1.24008501
v 4.77067995 -0.764392018 -1.23793805
v 4.77009106 -0.766538978 -1.23579097
v 4.77009106 -0.790598989 -1.25159395
v 4.77009106 -0.818786025 -1.25743198
v 4.77067995 -0.848132014 -1.25439095
v 4.77067995 -0.873179972 -1.23793805
v 4.76981878 -0.875326991 -1.24008501
v 4.76981878 -0.849290013 -1.25718796
v 4.76981878 -0.818786025 -1.26350498
v 4.77067995 -0.818786025 -1.26046896
v 4.77009106 -0.818786025 -1.25743198
v 4.77009106 -0.846974015 -1.25159395
v 4.77009106 -0.871033013 -1.23579097
v 4.77067995 -0.889633 -1.21289003
v 4.77067995 -0.895711005 -1.18354404
v 4.76981878 -0.898747981 -1.18354404
v 4.76981878 -0.892430007 -1.21404803
v 4.76981878 -0.875326991 -1.24008501
v 4.77067995 -0.873179972 -1.23793805
v 4.77009106 -0.871033013 -1.23579097
v 4.77009106 -0.886837006 -1.21173096
v 4.77009106 -0.892674983 -1.18354404
v 4.77067995 -0.889633 -1.15419805
v 4.77067995 -0.873179972 -1.12915003
v 4.76981878 -0.875326991 -1.127002
v 4.76981878 -0.892430007 -1.15304005
v 4.76981878 -0.898747981 -1.18354404
v 4.77067995 -0.895711005 -1.18354404
v 4.77009106 -0.892674983 -1.18354404
v 4.77009106 -0.886837006 -1.15535605
v 4.77009106 -0.871033013 -1.13129699
v 4.77067995 -0.848132014 -1.11269701
v 4.77067995 -0.818786025 -1.106619
v 4.76981878 -0.818786025 -1.10358202
v 4.76981878 -0.849290013 -1.1099
v 4.76981878 -0.875326991 -1.127002
v 4.77067995 -0.873179972 -1.12915003
v 4.77009106 -0.871033013 -1.13129699
v 4.77009106 -0.846974015 -1.11549306
v 4.77009106 -0.818786025 -1.10965502
v 4.77067995 -0.789439976 -1.11269701
v 4.76981878 -0.788281977 -1.1099
v 4.76981878 -0.818786025 -1.10358202
v 4.77067995 -0.818786025 -1.106619
v 4.77009106 -0.818786025 -1.10965502
v 4.77009106 -0.790598989 -1.11549306
v 4.77067995 -0.788016021 -0.914730012
v 4.77003384 -0.786858022 -0.911933005
v 4.77003479 -0.81736201 -0.905615985
v 4.77067995 -0.81736201 -0.908652008
v 4.77026701 -0.81736201 -0.911688983
v 4.77026796 -0.78917402 -0.917526007
v 4.77026701 -0.765115023 -0.933329999
v 4.77067995 -0.762968004 -0.931182981
v 4.77003479 -0.760820985 -0.929036021
v 4.77067995 -0.846708 -0.914730012
v 4.77003479 -0.847865999 -0.911933005
v 4.77003479 -0.873902977 -0.929036021
v 4.77067995 -0.871756017 -0.931182981
v 4.77026701 -0.869608998 -0.933329999
v 4.77026796 -0.845548987 -0.917526007
v 4.77026701 -0.81736201 -0.911688983
v 4.77067995 -0.81736201 -0.908652008
v 4.77003479 -0.81736201 -0.905615985
v 4.77067995 -0.888208985 -0.956230998
v 4.77003479 -0.891005993 -0.955072999
v 4.77003479 -0.897323012 -0.985576987
v 4.77067995 -0.89428699 -0.985576987
v 4.77026701 -0.891250014 -0.985576987
v 4.77026796 -0.885412991 -0.95739001
v 4.77026701 -0.869608998 -0.933329999
v 4.77067995 -0.871756017 -0.931182981
v 4.77003479 -0.873902977 -0.929036021
v 4.77067995 -0.888208985 -1.01492298
v 4.77003479 -0.891005993 -1.01608098
v 4.77003479 -0.873902977 -1.04211903
v 4.77067995 -0.871756017 -1.03997099
v 4.77026701 -0.869608998 -1.03782403
v 4.77026796 -0.885412991 -1.01376498
v 4.77026701 -0.891250014 -0.985576987
v 4.77067995 -0.89428699 -0.985576987
v 4.77003479 -0.897323012 -0.985576987
v 4.77067995 -0.846708 -1.05642402
v 4.77003479 -0.847865999 -1.05922103
v 4.77003479 -0.81736201 -1.065539
v 4.77067995 -0.81736201 -1.06250203
v 4.77026701 -0.81736201 -1.059466
v 4.77026796 -0.845548987 -1.05362797
v 4.77026701 -0.869608998 -1.03782403
v 4.77067995 -0.871756017 -1.03997099
v 4.77003479 -0.873902977 -1.04211903
v 4.77067995 -0.788016021 -1.05642402
v 4.77003479 -0.786858022 -1.05922103
v 4.77003479 -0.760820985 -1.04211903
v 4.77067995 -0.762968004 -1.03997099
v 4.77026701 -0.765115023 -1.03782403
v 4.77026796 -0.78917402 -1.05362797
v 4.77026701 -0.81736201 -1.059466
v 4.77067995 -0.81736201 -1.06250203
v 4.77003479 -0.81736201 -1.065539
v 4.77067995 -0.746514976 -1.01492298
v 4.77003479 -0.743718028 -1.01608098
v 4.77003479 -0.737399995 -0.985576987
v 4.77067995 -0.740436971 -0.985576987
v 4.77026701 -0.743472993 -0.985576987
v 4.77026796 -0.74931097 -1.01376498
v 4.77026701 -0.765115023 -1.03782403
v 4.77067995 -0.762968004 -1.03997099
v 4.77003479 -0.760820985 -1.04211903
v 4.77067995 -0.746514976 -0.956230998
v 4.77026796 -0.74931097 -0.95739001
v 4.77003479 -0.743718028 -0.955072999
v 4.76832485 -0.751667976 -1.15574205
v 4.76832485 -0.745909989 -1.18354404
v 4.77009106 -0.744898021 -1.18354404
v 4.77009106 -0.750734985 -1.15535605
v 4.77009106 -0.766538978 -1.13129699
v 4.76832485 -0.767255008 -1.13201201
v 4.75537109 -0.767255008 -1.13201201
v 4.75537109 -0.751667976 -1.15574205
v 4.75537109 -0.745909989 -1.18354404
v 4.72122002 -0.751667976 -1.15574205
v 4.72121906 -0.745909989 -1.18354404
v 4.72121906 -0.767255008 -1.13201201
v 4.67646885 -0.767255008 -1.13201201
v 4.67646885 -0.751667976 -1.15574205
v 4.67646885 -0.745909989 -1.18354404
v 4.76832485 -0.751667976 -1.21134496
v 4.77009106 -0.750734985 -1.21173096
v 4.75537109 -0.751667976 -1.21134496
v 4.75537109 -0.767255008 -1.235075
v 4.76832485 -0.767255008 -1.235075
v 4.77009106 -0.766538978 -1.23579097
v 4.72121906 -0.751667976 -1.21134496
v 4.67646885 -0.751667976 -1.21134496
v 4.67646885 -0.767255008 -1.235075
v 4.72121906 -0.767255008 -1.235075
v 4.76832485 -0.790984988 -1.25066197
v 4.77009106 -0.790598989 -1.25159395
v 4.77009106 -0.766538978 -1.23579097
v 4.76832485 -0.767255008 -1.235075
v 4.75537109 -0.767255008 -1.235075
v 4.75537109 -0.790984988 -1.25066197
v 4.75537109 -0.818786025 -1.25642002
v 4.76832485 -0.818786025 -1.25642002
v 4.77009106 -0.818786025 -1.25743198
v 4.72121906 -0.790984988 -1.25066197
v 4.72121906 -0.767255008 -1.235075
v 4.67646885 -0.767255008 -1.235075
v 4.67646885 -0.790984988 -1.25066197
v 4.67646885 -0.818786025 -1.25642002
v 4.72121906 -0.818786025 -1.25642002
v 4.76832485 -0.846587002 -1.25066197
v 4.77009106 -0.846974015 -1.25159395
v 4.77009106 -0.818786025 -1.25743198
v 4.76832485 -0.818786025 -1.25642002
v 4.75537109 -0.818786025 -1.25642002
v 4.75537109 -0.846587002 -1.25066197
v 4.75537109 -0.870316982 -1.235075
v 4.76832485 -0.870316982 -1.235075
v 4.77009106 -0.871033013 -1.23579097
v 4.72121906 -0.846587002 -1.25066197
v 4.72121906 -0.818786025 -1.25642002
v 4.67646885 -0.818786025 -1.25642002
v 4.67646885 -0.846587002 -1.25066197
v 4.67646885 -0.870316982 -1.235075
v 4.72121906 -0.870316982 -1.235075
v 4.76832485 -0.885905027 -1.21134496
v 4.77009106 -0.886837006 -1.21173096
v 4.77009106 -0.871033013 -1.23579097
v 4.76832485 -0.870316982 -1.235075
v 4.75537109 -0.870316982 -1.235075
v 4.75537109 -0.885905027 -1.21134496
v 4.75537109 -0.891662002 -1.18354404
v 4.76832485 -0.891662002 -1.18354404
v 4.77009106 -0.892674983 -1.18354404
v 4.72121906 -0.885905027 -1.21134496
v 4.72121906 -0.870316982 -1.235075
v 4.67646885 -0.870316982 -1.235075
v 4.67646885 -0.885905027 -1.21134496
v 4.67646885 -0.891662002 -1.18354404
v 4.72121906 -0.891662002 -1.18354404
v 4.76832485 -0.885905027 -1.15574205
v 4.77009106 -0.886837006 -1.15535605
v 4.77009106 -0.892674983 -1.18354404
v 4.76832485 -0.891662002 -1.18354404
v 4.75537109 -0.891662002 -1.18354404
v 4.75537109 -0.885905027 -1.15574205
v 4.75537109 -0.870316982 -1.13201201
v 4.76832485 -0.870316982 -1.13201201
v 4.77009106 -0.871033013 -1.13129699
v 4.72121906 -0.885905027 -1.15574205
v 4.72121906 -0.891662002 -1.18354404
v 4.67646885 -0.891662002 -1.18354404
v 4.67646885 -0.885905027 -1.15574205
v 4.67646885 -0.870316982 -1.13201201
v 4.72121906 -0.870316982 -1.13201201
v 4.76832485 -0.846587002 -1.11642504
v 4.77009106 -0.846974015 -1.11549306
v 4.77009106 -0.871033013 -1.13129699
v 4.76832485 -0.870316982 -1.13201201
v 4.75537109 -0.870316982 -1.13201201
v 4.75537109 -0.846587002 -1.11642504
v 4.75537109 -0.818786025 -1.11066699
v 4.76832485 -0.818786025 -1.11066699
v 4.77009106 -0.818786025 -1.10965502
v 4.72121906 -0.846587002 -1.11642504
v 4.72121906 -0.870316982 -1.13201201
v 4.67646885 -0.870316982 -1.13201201
v 4.67646885 -0.846587002 -1.11642504
v 4.67646885 -0.818786025 -1.11066699
v 4.72121906 -0.818786025 -1.11066699
v 4.76832485 -0.790984988 -1.11642504
v 4.77009106 -0.790598989 -1.11549306
v 4.77009106 -0.818786025 -1.10965502
v 4.76832485 -0.818786025 -1.11066699
v 4.75537109 -0.818786025 -1.11066699
v 4.75537109 -0.790984988 -1.11642504
v 4.72121906 -0.790984988 -1.11642504
v 4.72121906 -0.818786025 -1.11066699
v 4.67646885 -0.818786025 -1.11066699
v 4.67646885 -0.790984988 -1.11642504
v 4.769032 -0.78956002 -0.918458998
v 4.769032 -0.765830994 -0.93404597
v 4.77026701 -0.765115023 -0.933329999
v 4.77026796 -0.78917402 -0.917526007
v 4.77026701 -0.81736201 -0.911688983
v 4.769032 -0.81736201 -0.912701011
v 4.7564311 -0.81736201 -0.912701011
v 4.7564311 -0.78956002 -0.918458998
v 4.7564311 -0.765830994 -0.93404597
v 4.72192621 -0.78956002 -0.918458998
v 4.72192621 -0.765830994 -0.93404597
v 4.72192621 -0.81736201 -0.912701011
v 4.67646885 -0.81736201 -0.912701011
v 4.67646885 -0.78956002 -0.918458998
v 4.67646885 -0.765830994 -0.93404597
v 4.769032 -0.845162988 -0.918458998
v 4.769032 -0.81736201 -0.912701011
v 4.77026701 -0.81736201 -0.911688983
v 4.77026796 -0.845548987 -0.917526007
v 4.77026701 -0.869608998 -0.933329999
v 4.769032 -0.868893027 -0.93404597
v 4.7564311 -0.868893027 -0.93404597
v 4.7564311 -0.845162988 -0.918458998
v 4.7564311 -0.81736201 -0.912701011
v 4.72192621 -0.845162988 -0.918458998
v 4.72192621 -0.81736201 -0.912701011
v 4.72192621 -0.868893027 -0.93404597
v 4.67646885 -0.868893027 -0.93404597
v 4.67646885 -0.845162988 -0.918458998
v 4.67646885 -0.81736201 -0.912701011
v 4.769032 -0.88448 -0.95777601
v 4.769032 -0.868893027 -0.93404597
v 4.77026701 -0.869608998 -0.933329999
v 4.77026796 -0.885412991 -0.95739001
v 4.77026701 -0.891250014 -0.985576987
v 4.769032 -0.890237987 -0.985576987
v 4.7564311 -0.890237987 -0.985576987
v 4.7564311 -0.88448 -0.95777601
v 4.7564311 -0.868893027 -0.93404597
v 4.72192621 -0.88448 -0.95777601
v 4.72192621 -0.868893027 -0.93404597
v 4.72192621 -0.890237987 -0.985576987
v 4.67646885 -0.890237987 -0.985576987
v 4.67646885 -0.88448 -0.95777601
v 4.67646885 -0.868893027 -0.93404597
v 4.769032 -0.88448 -1.01337898
v 4.769032 -0.890237987 -0.985576987
v 4.77026701 -0.891250014 -0.985576987
v 4.77026796 -0.885412991 -1.01376498
v 4.77026701 -0.869608998 -1.03782403
v 4.769032 -0.868893027 -1.03710902
v 4.7564311 -0.868893027 -1.03710902
v 4.7564311 -0.88448 -1.01337898
v 4.7564311 -0.890237987 -0.985576987
v 4.72192621 -0.88448 -1.01337898
v 4.72192621 -0.890237987 -0.985576987
v 4.72192621 -0.868893027 -1.03710902
v 4.67646885 -0.868893027 -1.03710794
v 4.67646885 -0.88448 -1.01337898
v 4.67646885 -0.890237987 -0.985576987
v 4.769032 -0.845162988 -1.05269599
v 4.769032 -0.868893027 -1.03710902
v 4.77026701 -0.869608998 -1.03782403
v 4.77026796 -0.845548987 -1.05362797
v 4.77026701 -0.81736201 -1.059466
v 4.769032 -0.81736201 -1.05845404
v 4.7564311 -0.81736201 -1.05845404
v 4.7564311 -0.845162988 -1.05269599
v 4.7564311 -0.868893027 -1.03710902
v 4.72192621 -0.845162988 -1.05269599
v 4.72192621 -0.868893027 -1.03710902
v 4.72192621 -0.81736201 -1.05845404
v 4.67646885 -0.81736201 -1.05845404
v 4.67646885 -0.845162988 -1.05269599
v 4.67646885 -0.868893027 -1.03710794
v 4.769032 -0.78956002 -1.05269599
v 4.769032 -0.81736201 -1.05845404
v 4.77026701 -0.81736201 -1.059466
v 4.77026796 -0.78917402 -1.05362797
v 4.77026701 -0.765115023 -1.03782403
v 4.769032 -0.765830994 -1.03710902
v 4.7564311 -0.765830994 -1.03710902
v 4.7564311 -0.78956002 -1.05269599
v 4.7564311 -0.81736201 -1.05845404
v 4.72192621 -0.78956002 -1.05269599
v 4.72192621 -0.81736201 -1.05845404
v 4.72192621 -0.765830994 -1.03710902
v 4.67646885 -0.765830994 -1.03710794
v 4.67646885 -0.78956002 -1.05269599
v 4.67646885 -0.81736201 -1.05845404
v 4.769032 -0.750243008 -1.01337898
v 4.769032 -0.765830994 -1.03710902
v 4.77026701 -0.765115023 -1.03782403
v 4.77026796 -0.74931097 -1.01376498
v 4.77026701 -0.743472993 -0.985576987
v 4.769032 -0.744485974 -0.985576987
v 4.7564311 -0.744485974 -0.985576987
v 4.7564311 -0.750243008 -1.01337898
v 4.7564311 -0.765830994 -1.03710902
v 4.72192621 -0.750243008 -1.01337898
v 4.72192621 -0.765830994 -1.03710902
v 4.72192621 -0.744485974 -0.985576987
v 4.67646885 -0.744485974 -0.985576987
v 4.67646885 -0.750243008 -1.01337898
v 4.67646885 -0.765830994 -1.03710794
v 4.769032 -0.750243008 -0.95777601
v 4.77026796 -0.74931097 -0.95739001
v 4.7564311 -0.750243008 -0.95777601
v 4.72192621 -0.750243008 -0.95777601
v 4.67646885 -0.750243008 -0.95777601
v 4.76723719 -0.744210005 -1.15265298
v 4.76723719 -0.761529028 -1.12628698
v 4.76981878 -0.762244999 -1.127002
v 4.76981878 -0.738825023 -1.18354404
v 4.76723719 -0.737811983 -1.18354404
v 4.7235322 -0.737811983 -1.18354404
v 4.7235322 -0.744210005 -1.15265298
v 4.7235322 -0.761529028 -1.12628698
v 4.76723719 -0.744210005 -1.21443403
v 4.76723719 -0.761529028 -1.24080098
v 4.7235322 -0.761529028 -1.24080098
v 4.7235322 -0.744210005 -1.21443403
v 4.76723719 -0.787895977 -1.25811994
v 4.76723719 -0.818786025 -1.26451695
v 4.7235322 -0.818786025 -1.26451695
v 4.7235322 -0.787895977 -1.25811994
v 4.7235322 -0.761529028 -1.24080098
v 4.76723719 -0.761529028 -1.24080098
v 4.76723719 -0.849677026 -1.25811994
v 4.76723719 -0.876043022 -1.24080098
v 4.7235322 -0.876043022 -1.24080098
v 4.7235322 -0.849677026 -1.25811994
v 4.7235322 -0.818786025 -1.26451695
v 4.76723719 -0.818786025 -1.26451695
v 4.76723719 -0.893361986 -1.21443403
v 4.76723719 -0.899760008 -1.18354404
v 4.7235322 -0.899760008 -1.18354404
v 4.7235322 -0.893361986 -1.21443403
v 4.7235322 -0.876043022 -1.24080098
v 4.76723719 -0.876043022 -1.24080098
v 4.76723719 -0.893361986 -1.15265298
v 4.76723719 -0.876043022 -1.12628698
v 4.7235322 -0.876043022 -1.12628698
v 4.7235322 -0.893361986 -1.15265298
v 4.7235322 -0.899760008 -1.18354404
v 4.76723719 -0.899760008 -1.18354404
v 4.76723719 -0.849676013 -1.10896802
v 4.76723719 -0.818786025 -1.10257006
v 4.7235322 -0.818786025 -1.10257006
v 4.7235322 -0.849676013 -1.10896802
v 4.7235322 -0.876043022 -1.12628698
v 4.76723719 -0.876043022 -1.12628698
v 4.76723719 -0.787895977 -1.10896802
v 4.7235322 -0.787895977 -1.10896802
v 4.7235322 -0.818786025 -1.10257006
v 4.76723719 -0.818786025 -1.10257006
v 4.76809692 -0.786471009 -0.911001027
v 4.76809788 -0.760105014 -0.928319991
v 4.72546387 -0.760105014 -0.928319991
v 4.72546387 -0.786471009 -0.911001027
v 4.72546387 -0.81736201 -0.904603004
v 4.76809788 -0.81736201 -0.904603004
v 4.77003479 -0.760820985 -0.929036021
v 4.76809788 -0.848251998 -0.911001027
v 4.76809788 -0.874619007 -0.928319991
v 4.76809788 -0.81736201 -0.904603004
v 4.72546387 -0.81736201 -0.904603004
v 4.72546387 -0.848251998 -0.911001027
v 4.72546387 -0.874619007 -0.928319991
v 4.76809788 -0.891937971 -0.954686999
v 4.76809788 -0.898335993 -0.985576987
v 4.76809788 -0.874619007 -0.928319991
v 4.72546387 -0.874619007 -0.928319991
v 4.72546387 -0.891937971 -0.954686999
v 4.72546387 -0.898335993 -0.985576987
v 4.76809788 -0.891937971 -1.01646805
v 4.76809788 -0.874619007 -1.04283404
v 4.76809788 -0.898335993 -0.985576987
v 4.72546387 -0.898335993 -0.985576987
v 4.72546387 -0.891937971 -1.01646805
v 4.72546387 -0.874619007 -1.04283404
v 4.76809788 -0.848251998 -1.06015301
v 4.76809788 -0.81736201 -1.06655097
v 4.76809788 -0.874619007 -1.04283404
v 4.72546387 -0.874619007 -1.04283404
v 4.72546387 -0.848251998 -1.06015301
v 4.72546387 -0.81736201 -1.06655097
v 4.76809788 -0.786471009 -1.06015301
v 4.76809788 -0.760105014 -1.04283404
v 4.76809788 -0.81736201 -1.06655097
v 4.72546387 -0.81736201 -1.06655097
v 4.72546387 -0.786471009 -1.06015301
v 4.72546387 -0.760105014 -1.04283404
v 4.76809788 -0.74278599 -1.01646805
v 4.76809788 -0.736388028 -0.985576987
v 4.77003479 -0.737399995 -0.985576987
v 4.76809788 -0.760105014 -1.04283404
v 4.72546387 -0.760105014 -1.04283404
v 4.72546387 -0.74278599 -1.01646805
v 4.72546387 -0.736388028 -0.985576987
v 4.76809788 -0.74278599 -0.954686999
v 4.72546387 -0.74278599 -0.954686999
v 4.59930182 -0.744210005 -1.15265298
v 4.59930182 -0.761529028 -1.12628698
v 4.59930182 -0.737811983 -1.18354404
v 4.47487783 -0.737811983 -1.18354404
v 4.47487783 -0.744210005 -1.15265298
v 4.47487783 -0.761529028 -1.12628698
v 4.43059206 -0.744210005 -1.15265298
v 4.43059206 -0.761529028 -1.12628698
v 4.43059206 -0.737811983 -1.18354404
v 4.42637396 -0.737811983 -1.18354404
v 4.42637396 -0.744210005 -1.15265298
v 4.42637396 -0.761529028 -1.12628698
v 4.59930182 -0.744210005 -1.21443403
v 4.59930182 -0.761529028 -1.24080098
v 4.47487783 -0.761529028 -1.24080098
v 4.47487783 -0.744210005 -1.21443403
v 4.43059206 -0.744210005 -1.21443403
v 4.43059206 -0.761529028 -1.24080098
v 4.42637396 -0.761529028 -1.24080098
v 4.42637396 -0.744210005 -1.21443403
v 4.59930182 -0.787895977 -1.25811994
v 4.59930182 -0.818786025 -1.26451695
v 4.47487783 -0.818786025 -1.26451695
v 4.47487783 -0.787895977 -1.25811994
v 4.47487783 -0.761529028 -1.24080098
v 4.59930182 -0.761529028 -1.24080098
v 4.43059206 -0.787895977 -1.25811994
v 4.43059206 -0.818786025 -1.26451695
v 4.42637396 -0.818786025 -1.26451695
v 4.42637396 -0.787895977 -1.25811994
v 4.42637396 -0.761529028 -1.24080098
v 4.43059206 -0.761529028 -1.24080098
v 4.59930182 -0.849677026 -1.25811994
v 4.59930182 -0.876043022 -1.24080098
v 4.47487783 -0.876043022 -1.24080098
v 4.47487783 -0.849677026 -1.25811994
v 4.47487783 -0.818786025 -1.26451695
v 4.59930182 -0.818786025 -1.26451695
v 4.43059206 -0.849677026 -1.25811994
v 4.43059206 -0.876043022 -1.24080098
v 4.42637396 -0.876043022 -1.24080098
v 4.42637396 -0.849676013 -1.25811994
v 4.42637396 -0.818786025 -1.26451695
v 4.43059206 -0.818786025 -1.26451695
v 4.59930182 -0.893361986 -1.21443403
v 4.59930182 -0.899760008 -1.18354404
v 4.47487783 -0.899760008 -1.18354404
v 4.47487783 -0.893361986 -1.21443403
v 4.47487783 -0.876043022 -1.24080098
v 4.59930182 -0.876043022 -1.24080098
v 4.43059206 -0.893361986 -1.21443403
v 4.43059206 -0.899760008 -1.18354404
v 4.42637396 -0.899760008 -1.18354404
v 4.42637396 -0.893361986 -1.21443403
v 4.42637396 -0.876043022 -1.24080098
v 4.43059206 -0.876043022 -1.24080098
v 4.59930182 -0.893361986 -1.15265298
v 4.59930182 -0.876043022 -1.12628698
v 4.47487783 -0.876043022 -1.12628698
v 4.47487783 -0.893361986 -1.15265298
v 4.47487783 -0.899760008 -1.18354404
v 4.59930182 -0.899760008 -1.18354404
v 4.43059206 -0.893361986 -1.15265298
v 4.43059206 -0.876043022 -1.12628698
v 4.42637396 -0.876043022 -1.12628698
v 4.42637396 -0.893361986 -1.15265298
v 4.42637396 -0.899760008 -1.18354404
v 4.43059206 -0.899760008 -1.18354404
v 4.59930182 -0.849676013 -1.10896802
v 4.59930182 -0.818786025 -1.10257006
v 4.47487783 -0.818786025 -1.10257006
v 4.47487783 -0.849676013 -1.10896802
v 4.47487783 -0.876043022 -1.12628698
v 4.59930182 -0.876043022 -1.12628698
v 4.43059206 -0.849676013 -1.10896802
v 4.43059206 -0.818786025 -1.10257006
v 4.42637396 -0.818786025 -1.10257006
v 4.42637396 -0.849676013 -1.10896802
v 4.42637396 -0.876043022 -1.12628698
v 4.43059206 -0.876043022 -1.12628698
v 4.59930182 -0.787895977 -1.10896802
v 4.47487783 -0.787895977 -1.10896802
v 4.47487783 -0.818786025 -1.10257006
v 4.59930182 -0.818786025 -1.10257006
v 4.43059206 -0.787895977 -1.10896802
v 4.42637396 -0.787895977 -1.10896802
v 4.42637396 -0.818786025 -1.10257006
v 4.43059206 -0.818786025 -1.10257006
v 4.60272694 -0.786471009 -0.911001027
v 4.60272694 -0.81736201 -0.904603004
v 4.60272694 -0.760105014 -0.928319991
v 4.47894096 -0.760105014 -0.928319991
v 4.47894096 -0.786471009 -0.911001027
v 4.47894096 -0.81736201 -0.904603004
v 4.43315697 -0.786471009 -0.911001027
v 4.43315697 -0.81736201 -0.904603004
v 4.43315697 -0.760105014 -0.928319991
v 4.42637396 -0.760105014 -0.928319991
v 4.42637396 -0.786471009 -0.911001027
v 4.42637396 -0.81736201 -0.904603004
v 4.60272694 -0.848251998 -0.911001027
v 4.60272694 -0.874619007 -0.928319991
v 4.60272694 -0.81736201 -0.904603004
v 4.47894096 -0.81736201 -0.904603004
v 4.47894096 -0.848251998 -0.911001027
v 4.47894096 -0.874619007 -0.928319991
v 4.43315697 -0.848251998 -0.911001027
v 4.43315697 -0.874619007 -0.928319991
v 4.43315697 -0.81736201 -0.904603004
v 4.42637396 -0.81736201 -0.904603004
v 4.42637396 -0.848251998 -0.911001027
v 4.42637396 -0.874619007 -0.928319991
v 4.60272694 -0.891937971 -0.954686999
v 4.60272694 -0.898335993 -0.985576987
v 4.60272694 -0.874619007 -0.928319991
v 4.47894096 -0.874619007 -0.928319991
v 4.47894096 -0.891937971 -0.954686999
v 4.47894096 -0.898335993 -0.985576987
v 4.43315697 -0.891937971 -0.954686999
v 4.43315697 -0.898335993 -0.985576987
v 4.43315697 -0.874619007 -0.928319991
v 4.42637396 -0.874619007 -0.928319991
v 4.42637396 -0.891937971 -0.954686999
v 4.42637396 -0.898335993 -0.985576987
v 4.60272694 -0.891937971 -1.01646805
v 4.60272694 -0.874619007 -1.04283404
v 4.60272694 -0.898335993 -0.985576987
v 4.47894096 -0.898335993 -0.985576987
v 4.47894096 -0.891937971 -1.01646805
v 4.47894096 -0.874619007 -1.04283404
v 4.43315697 -0.891937971 -1.01646805
v 4.43315697 -0.874619007 -1.04283404
v 4.43315697 -0.898335993 -0.985576987
v 4.42637396 -0.898335993 -0.985576987
v 4.42637396 -0.891937971 -1.01646805
v 4.42637396 -0.874619007 -1.04283404
v 4.60272694 -0.848251998 -1.06015301
v 4.60272694 -0.81736201 -1.06655097
v 4.60272694 -0.874619007 -1.04283404
v 4.47894096 -0.874619007 -1.04283404
v 4.47894096 -0.848251998 -1.06015301
v 4.47894096 -0.81736201 -1.06655097
v 4.43315697 -0.848251998 -1.06015301
v 4.43315697 -0.81736201 -1.06655097
v 4.43315697 -0.874619007 -1.04283404
v 4.42637396 -0.874619007 -1.04283404
v 4.42637396 -0.848251998 -1.06015301
v 4.42637396 -0.81736201 -1.06655097
v 4.60272694 -0.786471009 -1.06015301
v 4.60272694 -0.760105014 -1.04283404
v 4.60272694 -0.81736201 -1.06655097
v 4.47894096 -0.81736201 -1.06655097
v 4.47894096 -0.786471009 -1.06015301
v 4.47894096 -0.760105014 -1.04283404
v 4.43315697 -0.786471009 -1.06015301
v 4.43315697 -0.760105014 -1.04283404
v 4.43315697 -0.81736201 -1.06655097
v 4.42637396 -0.81736201 -1.06655097
v 4.42637396 -0.786471009 -1.06015301
v 4.42637396 -0.760105014 -1.04283404
v 4.60272694 -0.74278599 -1.01646805
v 4.60272694 -0.736388028 -0.985576987
v 4.60272694 -0.760105014 -1.04283404
v 4.47894096 -0.760105014 -1.04283404
v 4.47894096 -0.74278599 -1.01646805
v 4.47894096 -0.736388028 -0.985576987
v 4.43315697 -0.74278599 -1.01646805
v 4.43315697 -0.736388028 -0.985576987
v 4.43315697 -0.760105014 -1.04283404
v 4.42637396 -0.760105014 -1.04283404
v 4.42637396 -0.74278599 -1.01646805
v 4.42637396 -0.736388028 -0.985576987
v 4.60272694 -0.74278599 -0.954686999
v 4.47894096 -0.74278599 -0.954686999
v 4.43315697 -0.74278599 -0.954686999
v 4.42637396 -0.74278599 -0.954686999
v 4.46718311 -0.81693399 -1.31991804
v 4.46186495 -0.741612017 -1.31991804
v 4.4618659 -0.741612017 -1.29995596
v 4.46718311 -0.81693399 -1.29995596
v 4.47249889 -0.892256021 -1.29995596
v 4.47249889 -0.892256021 -1.31991804
v 4.47112083 -0.87272799 -1.32408702
v 4.46718311 -0.81693399 -1.32554698
v 4.46324396 -0.761139989 -1.32408798
v 3.69045901 -0.863907993 -1.31991804
v 3.69240093 -0.750145972 -1.31991696
v 3.69391108 -0.779438019 -1.32408702
v 3.69240093 -0.863749027 -1.32554698
v 3.69391108 -0.947813988 -1.32408702
v 3.69240093 -0.977352023 -1.31991804
v 3.69240093 -0.977352023 -1.29995596
v 3.69045901 -0.863907993 -1.29995596
v 3.69240093 -0.750145972 -1.29995596
v 4.46718311 -0.81693399 -0.840413988
v 4.4618659 -0.741612017 -0.840413988
v 4.46324492 -0.761139989 -0.832998991
v 4.46718311 -0.81693399 -0.830403984
v 4.47112179 -0.87272799 -0.832998991
v 4.47249985 -0.892256021 -0.840413988
v 4.47249985 -0.892256021 -0.864757001
v 4.46718311 -0.81693399 -0.864757001
v 4.4618659 -0.741612017 -0.864757001
v 3.69045901 -0.863907993 -0.840413988
v 3.69240093 -0.750145972 -0.840413988
v 3.69240093 -0.750145972 -0.864757001
v 3.69045901 -0.863907993 -0.864757001
v 3.69240093 -0.977352023 -0.864757001
v 3.69240093 -0.977352023 -0.840413988
v 3.69391108 -0.947813988 -0.832998991
v 3.69240093 -0.863749027 -0.83040297
v 3.69391108 -0.779438019 -0.832998991
v 4.46718311 -0.81693399 -1.32742298
v 4.46186495 -0.741612017 -1.32554698
v 4.46324396 -0.761139989 -1.32408798
v 4.46718311 -0.81693399 -1.32554698
v 4.47112083 -0.87272799 -1.32408702
v 4.47249889 -0.892256021 -1.32554698
v 4.45674181 -0.900786996 -1.32554698
v 4.45208883 -0.821808994 -1.32742298
v 4.44743681 -0.742830992 -1.32554698
v 4.40680981 -0.836434007 -1.32742298
v 4.40415096 -0.746487021 -1.32554698
v 4.40946913 -0.926380992 -1.32554698
v 4.28213882 -0.953981996 -1.32554698
v 4.28147411 -0.851897001 -1.32742298
v 4.28080893 -0.74981302 -1.32554698
v 4.40680981 -0.836434007 -0.827067018
v 4.40415096 -0.746487021 -0.830403984
v 4.28080988 -0.74981302 -0.830403984
v 4.28147507 -0.851897001 -0.827067018
v 4.28213882 -0.953981996 -0.830403984
v 4.40946913 -0.926380992 -0.830403984
v 4.45674181 -0.900786996 -0.830403984
v 4.45208979 -0.821808994 -0.827067018
v 4.44743776 -0.742830992 -0.830403984
v 4.46718311 -0.81693399 -0.827067018
v 4.4618659 -0.741612017 -0.830403984
v 4.47249985 -0.892256021 -0.830403984
v 4.47112179 -0.87272799 -0.832998991
v 4.46718311 -0.81693399 -0.830403984
v 4.46324492 -0.761139989 -0.832998991
v 4.47427177 -0.917364001 -1.31991804
v 4.47249889 -0.892256021 -1.32554698
v 4.47249889 -0.892256021 -1.31991804
v 4.47249889 -0.892256021 -1.29995596
v 4.47427177 -0.917364001 -1.29995596
v 4.45829201 -0.92711401 -1.29995596
v 4.45829201 -0.92711401 -1.31991804
v 4.45674181 -0.900786996 -1.32554698
v 4.41035509 -0.956363976 -1.31991804
v 4.40946913 -0.926380992 -1.32554698
v 4.41035509 -0.956363976 -1.29995596
v 4.28236103 -0.988009989 -1.29995596
v 4.28236103 -0.988009989 -1.31991804
v 4.403265 -0.716504991 -1.31991804
v 4.40415096 -0.746487021 -1.32554698
v 4.28080893 -0.74981302 -1.32554698
v 4.28058815 -0.715784013 -1.31991804
v 4.28058815 -0.715784013 -1.29995596
v 4.403265 -0.716504991 -1.29995596
v 4.44588614 -0.716504991 -1.29995596
v 4.44588709 -0.716504991 -1.31991804
v 4.44743681 -0.742830992 -1.32554698
v 4.46009302 -0.716504991 -1.31991804
v 4.46186495 -0.741612017 -1.32554698
v 4.46009302 -0.716504991 -1.29995596
v 4.4618659 -0.741612017 -1.29995596
v 4.46186495 -0.741612017 -1.31991804
v 4.46324396 -0.761139989 -1.32408798
v 4.47427177 -0.917364001 -0.840413988
v 4.47427177 -0.917364001 -0.864757001
v 4.47249985 -0.892256021 -0.864757001
v 4.47249985 -0.892256021 -0.840413988
v 4.47112179 -0.87272799 -0.832998991
v 4.47249985 -0.892256021 -0.830403984
v 4.45674181 -0.900786996 -0.830403984
v 4.45829201 -0.92711401 -0.840413988
v 4.45829201 -0.92711401 -0.864757001
v 4.41035509 -0.956363976 -0.840413988
v 4.41035509 -0.956363976 -0.864757001
v 4.40946913 -0.926380992 -0.830403984
v 4.28213882 -0.953981996 -0.830403984
v 4.28236103 -0.988009989 -0.840413988
v 4.28236103 -0.988009989 -0.864757001
v 4.403265 -0.716504991 -0.840413988
v 4.403265 -0.716504991 -0.864757001
v 4.28058815 -0.715784013 -0.864757001
v 4.2805891 -0.715784013 -0.840413988
v 4.28080988 -0.74981302 -0.830403984
v 4.40415096 -0.746487021 -0.830403984
v 4.44743776 -0.742830992 -0.830403984
v 4.44588709 -0.716504991 -0.840413988
v 4.44588709 -0.716504991 -0.864757001
v 4.46009398 -0.716504991 -0.840413988
v 4.46009398 -0.716504991 -0.864757001
v 4.4618659 -0.741612017 -0.830403984
v 4.46324492 -0.761139989 -0.832998991
v 4.4618659 -0.741612017 -0.840413988
v 4.4618659 -0.741612017 -0.864757001
v 4.02621508 -0.85928601 -1.32742298
v 4.02621508 -0.750039995 -1.32554698
v 4.02621508 -0.968532979 -1.32554698
v 3.78410602 -0.974663973 -1.32554698
v 3.78410602 -0.861958981 -1.32742298
v 3.78410602 -0.749253988 -1.32554698
v 3.69822598 -0.863273025 -1.32742298
v 3.69822598 -0.749543011 -1.32554698
v 3.69822598 -0.977002978 -1.32554698
v 3.69391108 -0.947813988 -1.32408702
v 3.69240093 -0.863749027 -1.32554698
v 3.69391108 -0.779438019 -1.32408702
v 3.69822598 -0.863273025 -0.827067018
v 3.69822598 -0.749543011 -0.830403984
v 3.69391108 -0.779438019 -0.832998991
v 3.69240093 -0.863749027 -0.83040297
v 3.69391108 -0.947813988 -0.832998991
v 3.69822598 -0.977002978 -0.83040297
v 3.78410602 -0.974663973 -0.83040297
v 3.78410602 -0.861958981 -0.827067018
v 3.78410602 -0.749253988 -0.830403984
v 4.02621508 -0.85928601 -0.827067018
v 4.02621508 -0.750039995 -0.830403984
v 4.02621508 -0.968532979 -0.830403984
v 4.02621508 -1.00494897 -1.31991804
v 4.02621508 -0.968532979 -1.32554698
v 4.02621508 -1.00494897 -1.29995596
v 3.78410602 -1.01223195 -1.29995596
v 3.78410602 -1.01223195 -1.31991804
v 3.78410602 -0.974663973 -1.32554698
v 3.69822598 -1.01491404 -1.31991804
v 3.69822598 -0.977002978 -1.32554698
v 3.69822598 -1.01491404 -1.29995596
v 3.69240093 -0.977352023 -1.29995596
v 3.69240093 -0.977352023 -1.31991804
v 3.69822598 -0.711633027 -1.31991696
v 3.69822598 -0.749543011 -1.32554698
v 3.69240093 -0.750145972 -1.31991696
v 3.69822598 -0.711633027 -1.29995596
v 3.78410602 -0.711686015 -1.29995596
v 3.78410602 -0.711686015 -1.31991696
v 3.78410602 -0.749253988 -1.32554698
v 4.02621508 -0.713624001 -1.31991804
v 4.02621508 -0.750039995 -1.32554698
v 4.02621508 -0.713624001 -1.29995596
v 4.02621508 -1.00494897 -0.840413988
v 4.02621508 -1.00494897 -0.864757001
v 4.02621508 -0.968532979 -0.830403984
v 3.78410602 -0.974663973 -0.83040297
v 3.78410602 -1.01223195 -0.840413988
v 3.78410602 -1.01223195 -0.864757001
v 3.69822598 -1.01491404 -0.840413988
v 3.69822598 -1.01491404 -0.864757001
v 3.69822598 -0.977002978 -0.83040297
v 3.69391108 -0.947813988 -0.832998991
v 3.69240093 -0.977352023 -0.840413988
v 3.69240093 -0.977352023 -0.864757001
v 3.69822598 -0.711633027 -0.840413988
v 3.69822598 -0.711633027 -0.864757001
v 3.69240093 -0.750145972 -0.864757001
v 3.69240093 -0.750145972 -0.840413988
v 3.69822598 -0.749543011 -0.830403984
v 3.78410602 -0.749253988 -0.830403984
v 3.78410602 -0.711686015 -0.840413988
v 3.78410602 -0.711686015 -0.864757001
v 4.02621508 -0.713624001 -0.840413988
v 4.02621508 -0.713624001 -0.864757001
v 4.02621508 -0.750039995 -0.830403984
v 4.46718311 -0.81693399 -1.14041805
v 4.46186495 -0.741612017 -1.14041805
v 4.4618659 -0.741612017 -1.08308697
v 4.46718311 -0.81693399 -1.08308601
v 4.47249889 -0.892256021 -1.08308601
v 4.47249889 -0.892256021 -1.14041805
v 4.47249889 -0.892256021 -1.19774902
v 4.46718311 -0.81693399 -1.19774902
v 4.4618659 -0.741612017 -1.19774902
v 4.46718311 -0.81693399 -1.25508106
v 4.46186495 -0.741612017 -1.25508106
v 4.47249889 -0.892256021 -1.25508106
v 3.69045901 -0.863907993 -1.25508106
v 3.69240093 -0.750145972 -1.25508106
v 3.69240093 -0.977352023 -1.25508106
v 3.69240093 -0.977352023 -1.19774902
v 3.69045901 -0.863907993 -1.19774902
v 3.69240093 -0.750145972 -1.19774902
v 3.69045901 -0.863907993 -1.14041805
v 3.69240093 -0.750145972 -1.14041805
v 3.69240093 -0.977352023 -1.14041805
v 3.69240093 -0.977352023 -1.08308601
v 3.69045901 -0.863907993 -1.08308601
v 3.69240093 -0.750145972 -1.08308601
v 4.47427177 -0.917364001 -1.25508106
v 4.45829201 -0.92711401 -1.25508106
v 4.45829201 -0.92711401 -1.29995596
v 4.47427177 -0.917364001 -1.29995596
v 4.47249889 -0.892256021 -1.25508106
v 4.47249889 -0.892256021 -1.19774902
v 4.47427177 -0.917364001 -1.19774902
v 4.45829201 -0.92711401 -1.19774902
v 4.47427177 -0.917364001 -1.14041805
v 4.45829201 -0.92711401 -1.14041805
v 4.47249889 -0.892256021 -1.14041805
v 4.47249889 -0.892256021 -1.08308601
v 4.47427177 -0.917364001 -1.08308601
v 4.45829201 -0.92711401 -1.08308601
v 4.41035509 -0.956363976 -1.25508106
v 4.28236103 -0.988009989 -1.25508106
v 4.45829201 -0.92711401 -1.25508106
v 4.45829201 -0.92711401 -1.19774902
v 4.41035509 -0.956363976 -1.19774902
v 4.28236103 -0.988009989 -1.19774902
v 4.41035509 -0.956363976 -1.14041805
v 4.28236103 -0.988009989 -1.14041805
v 4.45829201 -0.92711401 -1.14041805
v 4.45829201 -0.92711401 -1.08308601
v 4.41035509 -0.956363976 -1.08308601
v 4.28236103 -0.988009989 -1.08308601
v 4.403265 -0.716504991 -1.25508106
v 4.44588709 -0.716504991 -1.25508106
v 4.28058815 -0.715784013 -1.25508106
v 4.28058815 -0.715784013 -1.19774902
v 4.403265 -0.716504991 -1.19774902
v 4.44588614 -0.716504991 -1.19774902
v 4.403265 -0.716504991 -1.14041805
v 4.44588709 -0.716504991 -1.14041805
v 4.28058815 -0.715784013 -1.14041805
v 4.28058815 -0.715784013 -1.08308697
v 4.403265 -0.716504991 -1.08308697
v 4.44588614 -0.716504991 -1.08308697
v 4.46009302 -0.716504991 -1.25508106
v 4.46186495 -0.741612017 -1.25508106
v 4.4618659 -0.741612017 -1.29995596
v 4.46009302 -0.716504991 -1.29995596
v 4.44588709 -0.716504991 -1.25508106
v 4.44588614 -0.716504991 -1.19774902
v 4.46009302 -0.716504991 -1.19774902
v 4.4618659 -0.741612017 -1.19774902
v 4.46009302 -0.716504991 -1.14041805
v 4.46186495 -0.741612017 -1.14041805
v 4.44588709 -0.716504991 -1.14041805
v 4.44588614 -0.716504991 -1.08308697
v 4.46009302 -0.716504991 -1.08308697
v 4.4618659 -0.741612017 -1.08308697
v 4.02621508 -1.00494897 -1.25508106
v 3.78410602 -1.01223195 -1.25508106
v 4.02621508 -1.00494897 -1.19774902
v 3.78410602 -1.01223195 -1.19774902
v 4.02621508 -1.00494897 -1.14041805
v 3.78410602 -1.01223195 -1.14041805
v 4.02621508 -1.00494897 -1.08308601
v 3.78410602 -1.01223195 -1.08308601
v 3.69822598 -1.01491404 -1.25508106
v 3.69240093 -0.977352023 -1.25508106
v 3.69822598 -1.01491404 -1.19774902
v 3.69240093 -0.977352023 -1.19774902
v 3.69822598 -1.01491404 -1.14041805
v 3.69240093 -0.977352023 -1.14041805
v 3.69822598 -1.01491404 -1.08308601
v 3.69240093 -0.977352023 -1.08308601
v 3.69822598 -0.711633027 -1.25508106
v 3.78410602 -0.711686015 -1.25508106
v 3.69240093 -0.750145972 -1.25508106
v 3.69240093 -0.750145972 -1.19774902
v 3.69822598 -0.711633027 -1.19774902
v 3.78410602 -0.711686015 -1.19774902
v 3.69822598 -0.711633027 -1.14041805
v 3.78410602 -0.711686015 -1.14041805
v 3.69240093 -0.750145972 -1.14041805
v 3.69240093 -0.750145972 -1.08308601
v 3.69822598 -0.711633027 -1.08308601
v 3.78410602 -0.711686015 -1.08308601
v 4.02621508 -0.713624001 -1.25508106
v 4.02621508 -0.713624001 -1.19774902
v 4.02621508 -0.713624001 -1.14041805
v 4.02621508 -0.713624001 -1.08308601
v 4.46718311 -0.81693399 -0.911091983
v 4.4618659 -0.741612017 -0.911091983
v 4.47249985 -0.892256021 -0.911091983
v 4.47249985 -0.892256021 -0.968424022
v 4.46718311 -0.81693399 -0.968424022
v 4.4618659 -0.741612017 -0.968424022
v 4.46718311 -0.81693399 -1.02575505
v 4.46186495 -0.741612017 -1.02575505
v 4.47249889 -0.892256021 -1.02575505
v 3.69045901 -0.863907993 -1.02575505
v 3.69240093 -0.750145972 -1.02575505
v 3.69240093 -0.977352023 -1.02575505
v 3.69240093 -0.977352023 -0.968424022
v 3.69045901 -0.863907993 -0.968424022
v 3.69240093 -0.750145972 -0.968424022
v 3.69045901 -0.863907993 -0.911091983
v 3.69240093 -0.750145972 -0.911091983
v 3.69240093 -0.977352023 -0.911091983
v 4.47427177 -0.917364001 -1.02575505
v 4.45829201 -0.92711401 -1.02575505
v 4.47249889 -0.892256021 -1.02575505
v 4.47249985 -0.892256021 -0.968424022
v 4.47427177 -0.917364001 -0.968424022
v 4.45829201 -0.92711401 -0.968424022
v 4.47427177 -0.917364001 -0.911091983
v 4.45829201 -0.92711401 -0.911091983
v 4.47249985 -0.892256021 -0.911091983
v 4.47249985 -0.892256021 -0.864757001
v 4.47427177 -0.917364001 -0.864757001
v 4.41035509 -0.956363976 -1.02575505
v 4.28236103 -0.988009989 -1.02575505
v 4.45829201 -0.92711401 -1.02575505
v 4.45829201 -0.92711401 -0.968424022
v 4.41035509 -0.956363976 -0.968424022
v 4.28236103 -0.988009989 -0.968424022
v 4.41035509 -0.956363976 -0.911091983
v 4.28236103 -0.988009989 -0.911091983
v 4.45829201 -0.92711401 -0.911091983
v 4.403265 -0.716504991 -1.02575505
v 4.44588709 -0.716504991 -1.02575505
v 4.28058815 -0.715784013 -1.02575505
v 4.28058815 -0.715784013 -0.968424022
v 4.403265 -0.716504991 -0.968424022
v 4.44588614 -0.716504991 -0.968424022
v 4.403265 -0.716504991 -0.911091983
v 4.44588709 -0.716504991 -0.911091983
v 4.28058815 -0.715784013 -0.911091983
v 4.46009302 -0.716504991 -1.02575505
v 4.46186495 -0.741612017 -1.02575505
v 4.44588709 -0.716504991 -1.02575505
v 4.44588614 -0.716504991 -0.968424022
v 4.46009302 -0.716504991 -0.968424022
v 4.4618659 -0.741612017 -0.968424022
v 4.46009398 -0.716504991 -0.911091983
v 4.4618659 -0.741612017 -0.911091983
v 4.44588709 -0.716504991 -0.911091983
v 4.44588709 -0.716504991 -0.864757001
v 4.46009398 -0.716504991 -0.864757001
v 4.02621508 -1.00494897 -1.02575505
v 3.78410602 -1.01223195 -1.02575505
v 4.02621508 -1.00494897 -0.968424022
v 3.78410602 -1.01223195 -0.968424022
v 4.02621508 -1.00494897 -0.911091983
v 3.78410602 -1.01223195 -0.911091983
v 3.69822598 -1.01491404 -1.02575505
v 3.69240093 -0.977352023 -1.02575505
v 3.69822598 -1.01491404 -0.968424022
v 3.69240093 -0.977352023 -0.968424022
v 3.69822598 -1.01491404 -0.911091983
v 3.69240093 -0.977352023 -0.911091983
v 3.69822598 -0.711633027 -1.02575505
v 3.78410602 -0.711686015 -1.02575505
v 3.69240093 -0.750145972 -1.02575505
v 3.69240093 -0.750145972 -0.968424022
v 3.69822598 -0.711633027 -0.968424022
v 3.78410602 -0.711686015 -0.968424022
v 3.69822598 -0.711633027 -0.911091983
v 3.78410602 -0.711686015 -0.911091983
v 3.69240093 -0.750145972 -0.911091983
v 4.02621508 -0.713624001 -1.02575505
v 4.02621508 -0.713624001 -0.968424022
v 4.02621508 -0.713624001 -0.911091983
vt 0.5 0.5
vt 0 0.5
vt 0 0
vt 0.5 0
vt 1 0
vt 1 0.5
vt 1 1
vt 0.5 1
vt 0 1
vt 0.5 0.5
vt 0.5 0
vt 0 0
vt 0 0.5
vt 0 1
vt 0.5 1
vt 0.5 0.5
vt 0.5 0
vt 0 0
vt 0 0.5
vt 0 1
vt 0.5 1
vt 1 1
vt 1 0.5
vt 1 0
vt 0.5 0.5
vt 0.5 0
vt 0 0
vt 0 0.5
vt 0 1
vt 0.5 1
vt 1 1
vt 1 0.5
vt 1 0
vt 0.5 0.5
vt 0.5 0
vt 0 0
vt 0 0.5
vt 0 1
vt 0.5 1
vt 1 1
vt 1 0.5
vt 1 0
vt 0.5 0.5
vt 0.5 0
vt 0 0
vt 0 0.5
vt 0 1
vt 0.5 1
vt 1 1
vt 1 0.5
vt 1 0
vt 0.5 0.5
vt 0.5 0
vt 0 0
vt 0 0.5
vt 0 1
vt 0.5 1
vt 1 1
vt 1 0.5
vt 1 0
vt 0.5 0.5
vt 0.5 0
vt 0.5 1
vt 1 1
vt 1 0.5
vt 1 0
vt 0.5 0.5
vt 0 0.5
vt 0 0
vt 0.5 0
vt 1 0
vt 1 0.5
vt 1 1
vt 0.5 1
vt 0 1
vt 0.5 0.5
vt 0 0.5
vt 0 0
vt 0.5 0
vt 1 0
vt 1 0.5
vt 1 1
vt 0.5 1
vt 0 1
vt 0.5 0.5
vt 0 0.5
vt 0 0
vt 0.5 0
vt 1 0
vt 1 0.5
vt 1 1
vt 0.5 1
vt 0 1
vt 0.5 0.5
vt 0 0.5
vt 0 0
vt 0.5 0
vt 1 0
vt 1 0.5
vt 1 1
vt 0.5 1
vt 0 1
vt 0.5 0.5
vt 0 0.5
vt 0 0
vt 0.5 0
vt 1 0
vt 1 0.5
vt 1 1
vt 0.5 1
vt 0 1
vt 0.5 0.5
vt 0 0.5
vt 0 0
vt 0.5 0
vt 1 0
vt 1 0.5
vt 1 1
vt 0.5 1
vt 0 1
vt 0.5 0.5
vt 0 0.5
vt 0 0
vt 0.5 0
vt 1 0
vt 1 0.5
vt 1 1
vt 0.5 1
vt 0 1
vt 0.5 0.5
vt 0.5 1
vt 0.5 0
vt 0.5 0.25
vt 0.5 0
vt 1 0
vt 1 0.25
vt 1 0.5
vt 0.5 0.5
vt 0 0.5
vt 0 0.25
vt 0 0
vt 0.5 0.75
vt 1 0.75
vt 1 1
vt 0.5 1
vt 0 1
vt 0 0.75
vt 0.5 0.25
vt 0.5 0
vt 0 0
vt 0 0.25
vt 0 0.5
vt 0.5 0.5
vt 0.5 0.75
vt 0 0.75
vt 0 1
vt 0.5 1
vt 0.5 0.25
vt 1 0.25
vt 1 0
vt 0.5 0
vt 0 0
vt 0 0.25
vt 0 0.5
vt 0.5 0.5
vt 1 0.5
vt 0.5 0.75
vt 1 0.75
vt 0 0.75
vt 0 1
vt 0.5 1
vt 1 1
vt 0.5 0.25
vt 1 0.25
vt 1 0
vt 0.5 0
vt 0 0
vt 0 0.25
vt 0 0.5
vt 0.5 0.5
vt 1 0.5
vt 0.5 0.75
vt 1 0.75
vt 0 0.75
vt 0 1
vt 0.5 1
vt 1 1
vt 0.5 0.25
vt 1 0.25
vt 1 0
vt 0.5 0
vt 0 0
vt 0 0.25
vt 0 0.5
vt 0.5 0.5
vt 1 0.5
vt 0.5 0.75
vt 1 0.75
vt 0 0.75
vt 0 1
vt 0.5 1
vt 1 1
vt 0.5 0.25
vt 1 0.25
vt 1 0
vt 0.5 0
vt 0 0
vt 0 0.25
vt 0 0.5
vt 0.5 0.5
vt 1 0.5
vt 0.5 0.75
vt 1 0.75
vt 0 0.75
vt 0 1
vt 0.5 1
vt 1 1
vt 0.5 0.25
vt 1 0.25
vt 1 0
vt 0.5 0
vt 0 0
vt 0 0.25
vt 0 0.5
vt 0.5 0.5
vt 1 0.5
vt 0.5 0.75
vt 1 0.75
vt 0 0.75
vt 0 1
vt 0.5 1
vt 1 1
vt 0.5 0.25
vt 1 0.25
vt 1 0
vt 0.5 0
vt 0.5 0.5
vt 1 0.5
vt 0.5 0.75
vt 1 0.75
vt 0.5 1
vt 1 1
vt 0.5 0.25
vt 0.5 0
vt 1 0
vt 1 0.25
vt 1 0.5
vt 0.5 0.5
vt 0 0.5
vt 0 0.25
vt 0 0
vt 0.5 0.75
vt 1 0.75
vt 1 1
vt 0.5 1
vt 0 1
vt 0 0.75
vt 0.5 0.25
vt 0.5 0
vt 1 0
vt 1 0.25
vt 1 0.5
vt 0.5 0.5
vt 0 0.5
vt 0 0.25
vt 0 0
vt 0.5 0.75
vt 1 0.75
vt 1 1
vt 0.5 1
vt 0 1
vt 0 0.75
vt 0.5 0.25
vt 0.5 0
vt 1 0
vt 1 0.25
vt 1 0.5
vt 0.5 0.5
vt 0 0.5
vt 0 0.25
vt 0 0
vt 0.5 0.75
vt 1 0.75
vt 1 1
vt 0.5 1
vt 0 1
vt 0 0.75
vt 0.5 0.25
vt 0.5 0
vt 1 0
vt 1 0.25
vt 1 0.5
vt 0.5 0.5
vt 0 0.5
vt 0 0.25
vt 0 0
vt 0.5 0.75
vt 1 0.75
vt 1 1
vt 0.5 1
vt 0 1
vt 0 0.75
vt 0.5 0.25
vt 0.5 0
vt 1 0
vt 1 0.25
vt 1 0.5
vt 0.5 0.5
vt 0 0.5
vt 0 0.25
vt 0 0
vt 0.5 0.75
vt 1 0.75
vt 1 1
vt 0.5 1
vt 0 1
vt 0 0.75
vt 0.5 0.25
vt 0.5 0
vt 1 0
vt 1 0.25
vt 1 0.5
vt 0.5 0.5
vt 0 0.5
vt 0 0.25
vt 0 0
vt 0.5 0.75
vt 1 0.75
vt 1 1
vt 0.5 1
vt 0 1
vt 0 0.75
vt 0.5 0.25
vt 0.5 0
vt 1 0
vt 1 0.25
vt 1 0.5
vt 0.5 0.5
vt 0 0.5
vt 0 0.25
vt 0 0
vt 0.5 0.75
vt 1 0.75
vt 1 1
vt 0.5 1
vt 0 1
vt 0 0.75
vt 0.5 0.25
vt 0.5 0
vt 0.5 0.5
vt 0.5 0.75
vt 0.5 1
vt 0.5 0.25
vt 1 0
vt 1 0.25
vt 1 0.468699992
vt 0.5 0.468699992
vt 0 0.468699992
vt 0 0.25
vt 0 0
vt 0.5 0.25
vt 1 0.25
vt 0.5 0.468699992
vt 1 0.468699992
vt 0.5 0.25
vt 1 0.25
vt 0 0.25
vt 0 0.468699992
vt 0.5 0.468699992
vt 1 0.468699992
vt 0.5 0.25
vt 1 0.25
vt 0 0.25
vt 0 0.468699992
vt 0.5 0.468699992
vt 1 0.468699992
vt 0.5 0.25
vt 1 0.25
vt 0 0.25
vt 0 0.468699992
vt 0.5 0.468699992
vt 1 0.468699992
vt 0.5 0.25
vt 1 0.25
vt 0 0.25
vt 0 0.468699992
vt 0.5 0.468699992
vt 1 0.468699992
vt 0.5 0.25
vt 1 0.25
vt 0 0.25
vt 0 0.468699992
vt 0.5 0.468699992
vt 1 0.468699992
vt 0.5 0.25
vt 0 0.25
vt 0 0.468699992
vt 0.5 0.468699992
vt 0.5 0.25
vt 0.5 0.468800008
vt 0 0.468800008
vt 0 0.25
vt 0 0
vt 1 0.25
vt 1 0.468800008
vt 0.5 0.25
vt 1 0.25
vt 1 0.468800008
vt 0.5 0.468800008
vt 0 0.468800008
vt 0 0.25
vt 0.5 0.25
vt 1 0.25
vt 1 0.468800008
vt 0.5 0.468800008
vt 0 0.468800008
vt 0 0.25
vt 0.5 0.25
vt 1 0.25
vt 1 0.468800008
vt 0.5 0.468800008
vt 0 0.468800008
vt 0 0.25
vt 0.5 0.25
vt 1 0.25
vt 1 0.468800008
vt 0.5 0.468800008
vt 0 0.468800008
vt 0 0.25
vt 0.5 0.25
vt 1 0.25
vt 1 0.468800008
vt 0.5 0.468800008
vt 0 0.468800008
vt 0 0.25
vt 0.5 0.25
vt 1 0
vt 1 0.25
vt 1 0.468800008
vt 0.5 0.468800008
vt 0 0.468800008
vt 0 0.25
vt 0.5 0.25
vt 0.5 0.468800008
vt 0.5 0.625
vt 1 0.625
vt 1 0.75
vt 0.5 0.75
vt 0 0.75
vt 0 0.625
vt 0.5 0.875
vt 1 0.875
vt 1 1
vt 0.5 1
vt 0 1
vt 0 0.875
vt 0.5 0.625
vt 1 0.625
vt 0.5 0.75
vt 1 0.75
vt 0.5 0.875
vt 1 0.875
vt 0.5 1
vt 1 1
vt 0.5 0.625
vt 1 0.625
vt 0 0.625
vt 0 0.75
vt 0.5 0.75
vt 1 0.75
vt 0.5 0.875
vt 1 0.875
vt 0 0.875
vt 0 1
vt 0.5 1
vt 1 1
vt 0.5 0.625
vt 1 0.625
vt 0 0.625
vt 0 0.75
vt 0.5 0.75
vt 1 0.75
vt 0.5 0.875
vt 1 0.875
vt 0 0.875
vt 0 1
vt 0.5 1
vt 1 1
vt 0.5 0.625
vt 1 0.625
vt 0 0.625
vt 0 0.75
vt 0.5 0.75
vt 1 0.75
vt 0.5 0.875
vt 1 0.875
vt 0 0.875
vt 0 1
vt 0.5 1
vt 1 1
vt 0.5 0.625
vt 1 0.625
vt 0 0.625
vt 0 0.75
vt 0.5 0.75
vt 1 0.75
vt 0.5 0.875
vt 1 0.875
vt 0 0.875
vt 0 1
vt 0.5 1
vt 1 1
vt 0.5 0.625
vt 1 0.625
vt 0 0.625
vt 0 0.75
vt 0.5 0.75
vt 1 0.75
vt 0.5 0.875
vt 1 0.875
vt 0 0.875
vt 0 1
vt 0.5 1
vt 1 1
vt 0.5 0.625
vt 0 0.625
vt 0 0.75
vt 0.5 0.75
vt 0.5 0.875
vt 0 0.875
vt 0 1
vt 0.5 1
vt 0.5 0.625
vt 1 0.625
vt 1 0.75
vt 0.5 0.75
vt 0 0.75
vt 0 0.625
vt 0.5 0.875
vt 1 0.875
vt 1 1
vt 0.5 1
vt 0 1
vt 0 0.875
vt 0.5 0.625
vt 1 0.625
vt 1 0.75
vt 0.5 0.75
vt 0 0.75
vt 0 0.625
vt 0.5 0.875
vt 1 0.875
vt 1 1
vt 0.5 1
vt 0 1
vt 0 0.875
vt 0.5 0.625
vt 1 0.625
vt 1 0.75
vt 0.5 0.75
vt 0 0.75
vt 0 0.625
vt 0.5 0.875
vt 1 0.875
vt 1 1
vt 0.5 1
vt 0 1
vt 0 0.875
vt 0.5 0.625
vt 1 0.625
vt 1 0.75
vt 0.5 0.75
vt 0 0.75
vt 0 0.625
vt 0.5 0.875
vt 1 0.875
vt 1 1
vt 0.5 1
vt 0 1
vt 0 0.875
vt 0.5 0.625
vt 1 0.625
vt 1 0.75
vt 0.5 0.75
vt 0 0.75
vt 0 0.625
vt 0.5 0.875
vt 1 0.875
vt 1 1
vt 0.5 1
vt 0 1
vt 0 0.875
vt 0.5 0.625
vt 1 0.625
vt 1 0.75
vt 0.5 0.75
vt 0 0.75
vt 0 0.625
vt 0.5 0.875
vt 1 0.875
vt 1 1
vt 0.5 1
vt 0 1
vt 0 0.875
vt 0.5 0.625
vt 1 0.625
vt 1 0.75
vt 0.5 0.75
vt 0 0.75
vt 0 0.625
vt 0.5 0.875
vt 1 0.875
vt 1 1
vt 0.5 1
vt 0 1
vt 0 0.875
vt 0.5 0.625
vt 0.5 0.75
vt 0.5 0.875
vt 0.5 1
vt 0.75 0.5
vt 0.554700017 0.5
vt 0.554700017 1
vt 0.75 1
vt 1 1
vt 1 0.5
vt 1 0
vt 0.75 0
vt 0.554700017 0
vt 0.25 0.5
vt 0 0.5
vt 0 1
vt 0.25 1
vt 0.5 1
vt 0.445300013 0.5
vt 0.445300013 0
vt 0.25 0
vt 0 0
vt 0.125 0.5
vt 0 0.5
vt 0 1
vt 0.125 1
vt 0.226600006 1
vt 0.226600006 0.5
vt 0.226600006 0
vt 0.125 0
vt 0 0
vt 0.875 0.5
vt 0.773400009 0.5
vt 0.773400009 1
vt 0.875 1
vt 1 1
vt 1 0.5
vt 1 0
vt 0.875 0
vt 0.773400009 0
vt 0.125 0.5
vt 0 0.5
vt 0 1
vt 0.125 1
vt 0.25 1
vt 0.25 0.5
vt 0.25 0
vt 0.125 0
vt 0 0
vt 0.375 0.5
vt 0.375 1
vt 0.5 1
vt 0.5 0.5
vt 0.5 -0
vt 0.375 0
vt 0.625 0.5
vt 0.5 0.5
vt 0.5 1
vt 0.625 1
vt 0.75 1
vt 0.75 0.5
vt 0.75 0
vt 0.625 0
vt 0.5 -0
vt 0.875 0.5
vt 0.875 1
vt 1 1
vt 1 0.5
vt 1 0
vt 0.875 0
vt 0.875 0.25
vt 1 0.25
vt 0.875 0
vt 0.75 0
vt 0.75 0.25
vt 0.781199992 0.507799983
vt 0.875 0.5
vt 1 0.5
vt 0.625 0.25
vt 0.625 0
vt 0.5 0.25
vt 0.5 0.445300013
vt 0.625 0.445300013
vt 0.75 0.375
vt 0.75 0.5
vt 1 0.5
vt 1 0.375
vt 1 0.25
vt 0.75 0.25
vt 0.492199987 0.218799993
vt 0.554700017 0.375
vt 0.554700017 0.5
vt 0.75 0.125
vt 1 0.125
vt 1 0
vt 0.75 0
vt 0.5 0
vt 0.5 0.125
vt 0.875 0.875
vt 1 0.875
vt 1 0.75
vt 0.875 0.75
vt 0.781199992 0.742200017
vt 0.75 0.875
vt 0.75 1
vt 0.875 1
vt 1 1
vt 0.625 0.875
vt 0.625 0.773400009
vt 0.5 0.773400009
vt 0.5 0.875
vt 0.5 1
vt 0.625 1
vt 0.125 0.375
vt 0.125 0.5
vt 0.226600006 0.5
vt 0.226600006 0.375
vt 0.257800013 0.218799993
vt 0.125 0.25
vt 0 0.25
vt 0 0.375
vt 0 0.5
vt 0.125 0.125
vt 0.25 0.125
vt 0.25 0
vt 0.125 0
vt 0 0
vt 0 0.125
vt 0.625 0.5
vt 0.625 1
vt 0.75 1
vt 0.75 0.5
vt 0.75 -0
vt 0.625 -0
vt 0.875 0.5
vt 0.875 1
vt 1 1
vt 1 0.5
vt 1 0
vt 0.875 -0
vt 0.125 0.5
vt 0 0.5
vt 0 1
vt 0.125 1
vt 0.25 1
vt 0.25 0.5
vt 0.25 -0
vt 0.125 -0
vt 0 0
vt 0.375 0.5
vt 0.375 1
vt 0.375 -0
vt 0.375 0.25
vt 0.375 0
vt 0.25 0
vt 0.25 0.25
vt 0.25 0.445300013
vt 0.375 0.445300013
vt 0.125 0.25
vt 0.125 0
vt 0 0.25
vt 0 0.445300013
vt 0.125 0.445300013
vt 0.75 0.875
vt 0.75 1
vt 1 0.875
vt 1 0.75
vt 0.75 0.75
vt 0.554700017 0.75
vt 0.554700017 0.875
vt 0.75 0.625
vt 1 0.625
vt 0.554700017 0.625
vt 0.375 0.875
vt 0.375 0.773400009
vt 0.25 0.773400009
vt 0.25 0.875
vt 0.25 1
vt 0.375 1
vt 0.125 0.875
vt 0.125 0.773400009
vt 0 0.773400009
vt 0 0.875
vt 0 1
vt 0.125 1
vt 0.125 0.875
vt 0.125 1
vt 0.226600006 1
vt 0.226600006 0.875
vt 0.226600006 0.75
vt 0.125 0.75
vt 0 0.75
vt 0 0.875
vt 0.125 0.625
vt 0.226600006 0.625
vt 0 0.625
vt 0.406199992 0.5
vt 0.375 0.5
vt 0.375 1
vt 0.406199992 1
vt 0.4375 1
vt 0.4375 0.5
vt 0.4375 0
vt 0.406199992 0
vt 0.375 0
vt 0.468800008 0.5
vt 0.468800008 1
vt 0.468800008 0
vt 0.531300008 0.5
vt 0.531300008 1
vt 0.5625 1
vt 0.5625 0.5
vt 0.5625 0
vt 0.531300008 0
vt 0.593800008 0.5
vt 0.593800008 1
vt 0.625 1
vt 0.625 0.5
vt 0.625 0
vt 0.593800008 0
vt 0.986100018 0.513899982
vt 1 0.5
vt 1 0.5
vt 0.986100018 0.513899982
vt 0.968800008 0.531199992
vt 0.968800008 0.531199992
vt 0.968800008 0.531199992
vt 0.986100018 0.513899982
vt 0.944400012 0.555599988
vt 0.944400012 0.555599988
vt 0.916700006 0.583299994
vt 0.916700006 0.583299994
vt 0.916700006 0.583299994
vt 0.944400012 0.555599988
vt 0.625 0.531199992
vt 0.5 0.531199992
vt 0.5 0.5625
vt 0.625 0.5625
vt 0.75 0.5625
vt 0.75 0.531199992
vt 0.625 0.593800008
vt 0.5 0.593800008
vt 0.5 0.625
vt 0.625 0.625
vt 0.75 0.625
vt 0.75 0.593800008
vt 0.468800008 0.375
vt 0.468800008 0.25
vt 0.4375 0.25
vt 0.4375 0.375
vt 0.4375 0.5
vt 0.468800008 0.5
vt 0.406199992 0.375
vt 0.406199992 0.25
vt 0.375 0.25
vt 0.375 0.375
vt 0.375 0.5
vt 0.406199992 0.5
vt 0.486099988 0.236100003
vt 0.5 0.25
vt 0.5 0.25
vt 0.486099988 0.236100003
vt 0.468800008 0.218799993
vt 0.468800008 0.218799993
vt 0.468800008 0.218799993
vt 0.486099988 0.236100003
vt 0.5 0.25
vt 0.444400012 0.194399998
vt 0.444400012 0.194399998
vt 0.416700006 0.166700006
vt 0.416700006 0.166700006
vt 0.416700006 0.166700006
vt 0.444400012 0.194399998
vt 0.375 0.531199992
vt 0.25 0.531199992
vt 0.25 0.5625
vt 0.375 0.5625
vt 0.375 0.593800008
vt 0.25 0.593800008
vt 0.25 0.625
vt 0.375 0.625
vt 0.125 0.531300008
vt 0 0.531300008
vt 0 0.5625
vt 0.125 0.5625
vt 0.125 0.593800008
vt 0 0.593800008
vt 0 0.625
vt 0.125 0.625
vt 0.468699992 0.875
vt 0.468699992 0.75
vt 0.4375 0.75
vt 0.4375 0.875
vt 0.4375 1
vt 0.468800008 1
vt 0.406199992 0.875
vt 0.406199992 0.75
vt 0.375 0.75
vt 0.375 0.875
vt 0.375 1
vt 0.406199992 1
vt 0.468800008 0.625
vt 0.4375 0.625
vt 0.406199992 0.625
vt 0.375 0.625
vt 0.281199992 0.5
vt 0.281199992 1
vt 0.3125 1
vt 0.3125 0.5
vt 0.3125 0
vt 0.281300008 0
vt 0.343699992 0.5
vt 0.343699992 1
vt 0.343800008 0
vt 0.656300008 0.5
vt 0.656300008 1
vt 0.6875 1
vt 0.6875 0.5
vt 0.6875 0
vt 0.656300008 0
vt 0.718800008 0.5
vt 0.718800008 1
vt 0.718800008 0
vt 0.888899982 0.611100018
vt 0.888899982 0.611100018
vt 0.854200006 0.645799994
vt 0.854200006 0.645799994
vt 0.854200006 0.645799994
vt 0.888899982 0.611100018
vt 0.805599988 0.694400012
vt 0.805599988 0.694400012
vt 0.75 0.75
vt 0.75 0.75
vt 0.75 0.75
vt 0.805599988 0.694400012
vt 0.625 0.656199992
vt 0.5 0.656199992
vt 0.5 0.6875
vt 0.625 0.6875
vt 0.75 0.6875
vt 0.75 0.656199992
vt 0.625 0.718800008
vt 0.5 0.718800008
vt 0.75 0.718800008
vt 0.343699992 0.375
vt 0.343699992 0.25
vt 0.3125 0.25
vt 0.3125 0.375
vt 0.3125 0.5
vt 0.343699992 0.5
vt 0.281199992 0.375
vt 0.281199992 0.25
vt 0.281199992 0.5
vt 0.388900012 0.138899997
vt 0.388900012 0.138899997
vt 0.354200006 0.104199998
vt 0.354200006 0.104199998
vt 0.354200006 0.104199998
vt 0.388900012 0.138899997
vt 0.305599988 0.0555999987
vt 0.305599988 0.0555999987
vt 0.25 0
vt 0.25 0
vt 0.305599988 0.0555999987
vt 0.375 0.656199992
vt 0.25 0.656199992
vt 0.25 0.6875
vt 0.375 0.6875
vt 0.375 0.718800008
vt 0.25 0.718800008
vt 0.125 0.656199992
vt 0 0.656300008
vt 0 0.6875
vt 0.125 0.6875
vt 0.125 0.718800008
vt 0 0.718800008
vt 0.343699992 0.875
vt 0.343699992 0.75
vt 0.3125 0.75
vt 0.3125 0.875
vt 0.3125 1
vt 0.343699992 1
vt 0.281199992 0.875
vt 0.281199992 0.75
vt 0.281199992 1
vt 0.343699992 0.625
vt 0.3125 0.625
vt 0.281199992 0.625
vt 0.5 0.5
vt 0.5 0
vt 0 0
vt 0 0.5
vt 0 1
vt 0.5 1
vt 1 1
vt 1 0.5
vt 1 0
vt 0.5 0.5
vt 0 0.5
vt 0 0
vt 0.5 0
vt 0.5 1
vt 0 1
vt 0.5 0.5
vt 0 0.5
vt 0 0
vt 0.5 0
vt 1 0
vt 1 0.5
vt 1 1
vt 0.5 1
vt 0 1
vt 0.5 0.5
vt 0 0.5
vt 0 0
vt 0.5 0
vt 1 0
vt 1 0.5
vt 1 1
vt 0.5 1
vt 0 1
vt 0.5 0.5
vt 0 0.5
vt 0 0
vt 0.5 0
vt 1 0
vt 1 0.5
vt 1 1
vt 0.5 1
vt 0 1
vt 0.5 0.5
vt 0 0.5
vt 0 0
vt 0.5 0
vt 1 0
vt 1 0.5
vt 1 1
vt 0.5 1
vt 0 1
vt 0.5 0.5
vt 0 0.5
vt 0 0
vt 0.5 0
vt 1 0
vt 1 0.5
vt 1 1
vt 0.5 1
vt 0 1
vt 0.5 0.5
vt 0.5 0
vt 1 0
vt 1 0.5
vt 1 1
vt 0.5 1
vt 0.5 0.5
vt 0.5 0
vt 0 0
vt 0 0.5
vt 0 1
vt 0.5 1
vt 1 1
vt 1 0.5
vt 1 0
vt 0.5 0.5
vt 0.5 0
vt 0 0
vt 0 0.5
vt 0 1
vt 0.5 1
vt 1 1
vt 1 0.5
vt 1 0
vt 0.5 0.5
vt 0.5 0
vt 0 0
vt 0 0.5
vt 0 1
vt 0.5 1
vt 1 1
vt 1 0.5
vt 1 0
vt 0.5 0.5
vt 0.5 0
vt 0 0
vt 0 0.5
vt 0 1
vt 0.5 1
vt 1 1
vt 1 0.5
vt 1 0
vt 0.5 0.5
vt 0.5 0
vt 0 0
vt 0 0.5
vt 0 1
vt 0.5 1
vt 1 1
vt 1 0.5
vt 1 0
vt 0.5 0.5
vt 0.5 0
vt 0 0
vt 0 0.5
vt 0 1
vt 0.5 1
vt 1 1
vt 1 0.5
vt 1 0
vt 0.5 0.5
vt 0.5 0
vt 0 0
vt 0 0.5
vt 0 1
vt 0.5 1
vt 1 1
vt 1 0.5
vt 1 0
vt 0.5 0.5
vt 0.5 1
vt 0.5 0
vt 0.5 0.25
vt 1 0.25
vt 1 0
vt 0.5 0
vt 0 0
vt 0 0.25
vt 0 0.5
vt 0.5 0.5
vt 1 0.5
vt 0.5 0.75
vt 1 0.75
vt 0 0.75
vt 0 1
vt 0.5 1
vt 1 1
vt 0.5 0.25
vt 0.5 0
vt 0.5 0.5
vt 0 0.5
vt 0 0.25
vt 0 0
vt 0.5 0.75
vt 0.5 1
vt 0 1
vt 0 0.75
vt 0.5 0.25
vt 0.5 0
vt 1 0
vt 1 0.25
vt 1 0.5
vt 0.5 0.5
vt 0 0.5
vt 0 0.25
vt 0 0
vt 0.5 0.75
vt 1 0.75
vt 1 1
vt 0.5 1
vt 0 1
vt 0 0.75
vt 0.5 0.25
vt 0.5 0
vt 1 0
vt 1 0.25
vt 1 0.5
vt 0.5 0.5
vt 0 0.5
vt 0 0.25
vt 0 0
vt 0.5 0.75
vt 1 0.75
vt 1 1
vt 0.5 1
vt 0 1
vt 0 0.75
vt 0.5 0.25
vt 0.5 0
vt 1 0
vt 1 0.25
vt 1 0.5
vt 0.5 0.5
vt 0 0.5
vt 0 0.25
vt 0 0
vt 0.5 0.75
vt 1 0.75
vt 1 1
vt 0.5 1
vt 0 1
vt 0 0.75
vt 0.5 0.25
vt 0.5 0
vt 1 0
vt 1 0.25
vt 1 0.5
vt 0.5 0.5
vt 0 0.5
vt 0 0.25
vt 0 0
vt 0.5 0.75
vt 1 0.75
vt 1 1
vt 0.5 1
vt 0 1
vt 0 0.75
vt 0.5 0.25
vt 0.5 0
vt 1 0
vt 1 0.25
vt 1 0.5
vt 0.5 0.5
vt 0 0.5
vt 0 0.25
vt 0 0
vt 0.5 0.75
vt 1 0.75
vt 1 1
vt 0.5 1
vt 0 1
vt 0 0.75
vt 0.5 0.25
vt 0.5 0
vt 1 0
vt 1 0.25
vt 1 0.5
vt 0.5 0.5
vt 0.5 0.75
vt 1 0.75
vt 1 1
vt 0.5 1
vt 0.5 0.25
vt 1 0.25
vt 1 0
vt 0.5 0
vt 0 0
vt 0 0.25
vt 0 0.5
vt 0.5 0.5
vt 1 0.5
vt 0.5 0.75
vt 1 0.75
vt 0 0.75
vt 0 1
vt 0.5 1
vt 1 1
vt 0.5 0.25
vt 1 0.25
vt 1 0
vt 0.5 0
vt 0 0
vt 0 0.25
vt 0 0.5
vt 0.5 0.5
vt 1 0.5
vt 0.5 0.75
vt 1 0.75
vt 0 0.75
vt 0 1
vt 0.5 1
vt 1 1
vt 0.5 0.25
vt 1 0.25
vt 1 0
vt 0.5 0
vt 0 0
vt 0 0.25
vt 0 0.5
vt 0.5 0.5
vt 1 0.5
vt 0.5 0.75
vt 1 0.75
vt 0 0.75
vt 0 1
vt 0.5 1
vt 1 1
vt 0.5 0.25
vt 1 0.25
vt 1 0
vt 0.5 0
vt 0 0
vt 0 0.25
vt 0 0.5
vt 0.5 0.5
vt 1 0.5
vt 0.5 0.75
vt 1 0.75
vt 0 0.75
vt 0 1
vt 0.5 1
vt 1 1
vt 0.5 0.25
vt 1 0.25
vt 1 0
vt 0.5 0
vt 0 0
vt 0 0.25
vt 0 0.5
vt 0.5 0.5
vt 1 0.5
vt 0.5 0.75
vt 1 0.75
vt 0 0.75
vt 0 1
vt 0.5 1
vt 1 1
vt 0.5 0.25
vt 1 0.25
vt 1 0
vt 0.5 0
vt 0 0
vt 0 0.25
vt 0 0.5
vt 0.5 0.5
vt 1 0.5
vt 0.5 0.75
vt 1 0.75
vt 0 0.75
vt 0 1
vt 0.5 1
vt 1 1
vt 0.5 0.25
vt 1 0.25
vt 1 0
vt 0.5 0
vt 0 0
vt 0 0.25
vt 0 0.5
vt 0.5 0.5
vt 1 0.5
vt 0.5 0.75
vt 1 0.75
vt 0 0.75
vt 0 1
vt 0.5 1
vt 1 1
vt 0.5 0.25
vt 0.5 0
vt 0.5 0.5
vt 0.5 0.75
vt 0.5 1
vt 0.5 0.25
vt 1 0.25
vt 1 0
vt 0 0
vt 0 0.25
vt 0 0.468699992
vt 0.5 0.468699992
vt 1 0.468699992
vt 0.5 0.25
vt 1 0.25
vt 1 0.468699992
vt 0.5 0.468699992
vt 0.5 0.25
vt 1 0.25
vt 1 0.468699992
vt 0.5 0.468699992
vt 0 0.468699992
vt 0 0.25
vt 0.5 0.25
vt 1 0.25
vt 1 0.468699992
vt 0.5 0.468699992
vt 0 0.468699992
vt 0 0.25
vt 0.5 0.25
vt 1 0.25
vt 1 0.468699992
vt 0.5 0.468699992
vt 0 0.468699992
vt 0 0.25
vt 0.5 0.25
vt 1 0.25
vt 1 0.468699992
vt 0.5 0.468699992
vt 0 0.468699992
vt 0 0.25
vt 0.5 0.25
vt 1 0.25
vt 1 0.468699992
vt 0.5 0.468699992
vt 0 0.468699992
vt 0 0.25
vt 0.5 0.25
vt 0.5 0.468699992
vt 0 0.468699992
vt 0 0.25
vt 0.5 0.25
vt 0 0.25
vt 0 0.468800008
vt 0.5 0.468800008
vt 1 0.468800008
vt 1 0.25
vt 0 0
vt 0.5 0.25
vt 1 0.25
vt 0 0.25
vt 0 0.468800008
vt 0.5 0.468800008
vt 1 0.468800008
vt 0.5 0.25
vt 1 0.25
vt 0 0.25
vt 0 0.468800008
vt 0.5 0.468800008
vt 1 0.468800008
vt 0.5 0.25
vt 1 0.25
vt 0 0.25
vt 0 0.468800008
vt 0.5 0.468800008
vt 1 0.468800008
vt 0.5 0.25
vt 1 0.25
vt 0 0.25
vt 0 0.468800008
vt 0.5 0.468800008
vt 1 0.468800008
vt 0.5 0.25
vt 1 0.25
vt 0 0.25
vt 0 0.468800008
vt 0.5 0.468800008
vt 1 0.468800008
vt 0.5 0.25
vt 1 0.25
vt 1 0
vt 0 0.25
vt 0 0.468800008
vt 0.5 0.468800008
vt 1 0.468800008
vt 0.5 0.25
vt 0.5 0.468800008
vt 0.5 0.625
vt 1 0.625
vt 0 0.625
vt 0 0.75
vt 0.5 0.75
vt 1 0.75
vt 0.5 0.875
vt 1 0.875
vt 0 0.875
vt 0 1
vt 0.5 1
vt 1 1
vt 0.5 0.625
vt 1 0.625
vt 1 0.75
vt 0.5 0.75
vt 0.5 0.875
vt 1 0.875
vt 1 1
vt 0.5 1
vt 0.5 0.625
vt 1 0.625
vt 1 0.75
vt 0.5 0.75
vt 0 0.75
vt 0 0.625
vt 0.5 0.875
vt 1 0.875
vt 1 1
vt 0.5 1
vt 0 1
vt 0 0.875
vt 0.5 0.625
vt 1 0.625
vt 1 0.75
vt 0.5 0.75
vt 0 0.75
vt 0 0.625
vt 0.5 0.875
vt 1 0.875
vt 1 1
vt 0.5 1
vt 0 1
vt 0 0.875
vt 0.5 0.625
vt 1 0.625
vt 1 0.75
vt 0.5 0.75
vt 0 0.75
vt 0 0.625
vt 0.5 0.875
vt 1 0.875
vt 1 1
vt 0.5 1
vt 0 1
vt 0 0.875
vt 0.5 0.625
vt 1 0.625
vt 1 0.75
vt 0.5 0.75
vt 0 0.75
vt 0 0.625
vt 0.5 0.875
vt 1 0.875
vt 1 1
vt 0.5 1
vt 0 1
vt 0 0.875
vt 0.5 0.625
vt 1 0.625
vt 1 0.75
vt 0.5 0.75
vt 0 0.75
vt 0 0.625
vt 0.5 0.875
vt 1 0.875
vt 1 1
vt 0.5 1
vt 0 1
vt 0 0.875
vt 0.5 0.625
vt 0.5 0.75
vt 0 0.75
vt 0 0.625
vt 0.5 0.875
vt 0.5 1
vt 0 1
vt 0 0.875
vt 0.5 0.625
vt 1 0.625
vt 0 0.625
vt 0 0.75
vt 0.5 0.75
vt 1 0.75
vt 0.5 0.875
vt 1 0.875
vt 0 0.875
vt 0 1
vt 0.5 1
vt 1 1
vt 0.5 0.625
vt 1 0.625
vt 0 0.625
vt 0 0.75
vt 0.5 0.75
vt 1 0.75
vt 0.5 0.875
vt 1 0.875
vt 0 0.875
vt 0 1
vt 0.5 1
vt 1 1
vt 0.5 0.625
vt 1 0.625
vt 0 0.625
vt 0 0.75
vt 0.5 0.75
vt 1 0.75
vt 0.5 0.875
vt 1 0.875
vt 0 0.875
vt 0 1
vt 0.5 1
vt 1 1
vt 0.5 0.625
vt 1 0.625
vt 0 0.625
vt 0 0.75
vt 0.5 0.75
vt 1 0.75
vt 0.5 0.875
vt 1 0.875
vt 0 0.875
vt 0 1
vt 0.5 1
vt 1 1
vt 0.5 0.625
vt 1 0.625
vt 0 0.625
vt 0 0.75
vt 0.5 0.75
vt 1 0.75
vt 0.5 0.875
vt 1 0.875
vt 0 0.875
vt 0 1
vt 0.5 1
vt 1 1
vt 0.5 0.625
vt 1 0.625
vt 0 0.625
vt 0 0.75
vt 0.5 0.75
vt 1 0.75
vt 0.5 0.875
vt 1 0.875
vt 0 0.875
vt 0 1
vt 0.5 1
vt 1 1
vt 0.5 0.625
vt 1 0.625
vt 0 0.625
vt 0 0.75
vt 0.5 0.75
vt 1 0.75
vt 0.5 0.875
vt 1 0.875
vt 0 0.875
vt 0 1
vt 0.5 1
vt 1 1
vt 0.5 0.625
vt 0.5 0.75
vt 0.5 0.875
vt 0.5 1
vt 0.75 0.5
vt 0.75 1
vt 0.554700017 1
vt 0.554700017 0.5
vt 0.554700017 0
vt 0.75 0
vt 1 0
vt 1 0.5
vt 1 1
vt 0.25 0.5
vt 0.25 1
vt 0 1
vt 0 0.5
vt 0 0
vt 0.25 0
vt 0.445300013 0
vt 0.445300013 0.5
vt 0.5 1
vt 0.125 0.5
vt 0.125 1
vt 0 1
vt 0 0.5
vt 0 0
vt 0.125 0
vt 0.226600006 0
vt 0.226600006 0.5
vt 0.226600006 1
vt 0.875 0.5
vt 0.875 1
vt 0.773400009 1
vt 0.773400009 0.5
vt 0.773400009 0
vt 0.875 0
vt 1 0
vt 1 0.5
vt 1 1
vt 0.125 0.5
vt 0.125 1
vt 0 1
vt 0 0.5
vt 0 0
vt 0.125 0
vt 0.25 0
vt 0.25 0.5
vt 0.25 1
vt 0.375 0.5
vt 0.375 1
vt 0.375 0
vt 0.5 -0
vt 0.5 0.5
vt 0.5 1
vt 0.625 0.5
vt 0.625 1
vt 0.5 1
vt 0.5 0.5
vt 0.5 -0
vt 0.625 0
vt 0.75 0
vt 0.75 0.5
vt 0.75 1
vt 0.875 0.5
vt 0.875 1
vt 0.875 0
vt 1 0
vt 1 0.5
vt 1 1
vt 0.875 0.25
vt 0.875 0
vt 1 0.25
vt 1 0.5
vt 0.875 0.5
vt 0.781199992 0.507799983
vt 0.75 0.25
vt 0.75 0
vt 0.625 0.25
vt 0.625 0
vt 0.625 0.445300013
vt 0.5 0.445300013
vt 0.5 0.25
vt 0.75 0.375
vt 1 0.375
vt 1 0.5
vt 0.75 0.5
vt 0.554700017 0.5
vt 0.554700017 0.375
vt 0.494399995 0.232600003
vt 0.75 0.25
vt 1 0.25
vt 0.75 0.125
vt 1 0.125
vt 0.5 0.125
vt 0.5 0
vt 0.75 0
vt 1 0
vt 0.875 0.875
vt 0.875 0.75
vt 1 0.75
vt 1 0.875
vt 1 1
vt 0.875 1
vt 0.75 1
vt 0.75 0.875
vt 0.772599995 0.739099979
vt 0.625 0.875
vt 0.625 0.773400009
vt 0.625 1
vt 0.5 1
vt 0.5 0.875
vt 0.5 0.773400009
vt 0.125 0.375
vt 0.226600006 0.375
vt 0.226600006 0.5
vt 0.125 0.5
vt 0 0.5
vt 0 0.375
vt 0 0.25
vt 0.125 0.25
vt 0.257800013 0.218799993
vt 0.125 0.125
vt 0.25 0.125
vt 0 0.125
vt 0 0
vt 0.125 0
vt 0.25 0
vt 0.625 0.5
vt 0.625 1
vt 0.625 -0
vt 0.75 -0
vt 0.75 0.5
vt 0.75 1
vt 0.875 0.5
vt 0.875 1
vt 0.875 -0
vt 1 0
vt 1 0.5
vt 1 1
vt 0.125 0.5
vt 0.125 1
vt 0 1
vt 0 0.5
vt 0 0
vt 0.125 -0
vt 0.25 -0
vt 0.25 0.5
vt 0.25 1
vt 0.375 0.5
vt 0.375 1
vt 0.375 -0
vt 0.375 0.25
vt 0.375 0
vt 0.375 0.445300013
vt 0.25 0.445300013
vt 0.25 0.25
vt 0.25 0
vt 0.125 0.25
vt 0.125 0
vt 0.125 0.445300013
vt 0 0.445300013
vt 0 0.25
vt 0.75 0.875
vt 1 0.875
vt 0.75 1
vt 0.554700017 0.875
vt 0.554700017 0.75
vt 0.75 0.75
vt 1 0.75
vt 0.75 0.625
vt 1 0.625
vt 0.554700017 0.625
vt 0.375 0.875
vt 0.375 0.773400009
vt 0.375 1
vt 0.25 1
vt 0.25 0.875
vt 0.25 0.773400009
vt 0.125 0.875
vt 0.125 0.773400009
vt 0.125 1
vt 0 1
vt 0 0.875
vt 0 0.773400009
vt 0.125 0.875
vt 0.226600006 0.875
vt 0.226600006 1
vt 0.125 1
vt 0 0.875
vt 0 0.75
vt 0.125 0.75
vt 0.226600006 0.75
vt 0.125 0.625
vt 0.226600006 0.625
vt 0 0.625
vt 0.406199992 0.5
vt 0.406199992 1
vt 0.375 1
vt 0.375 0.5
vt 0.375 0
vt 0.406199992 0
vt 0.4375 0
vt 0.4375 0.5
vt 0.4375 1
vt 0.468800008 0.5
vt 0.468800008 1
vt 0.468800008 0
vt 0.531300008 0.5
vt 0.531300008 1
vt 0.531300008 0
vt 0.5625 0
vt 0.5625 0.5
vt 0.5625 1
vt 0.593800008 0.5
vt 0.593800008 1
vt 0.593800008 0
vt 0.625 0
vt 0.625 0.5
vt 0.625 1
vt 0.986100018 0.513899982
vt 0.986100018 0.513899982
vt 1 0.5
vt 1 0.5
vt 0.986100018 0.513899982
vt 0.968800008 0.531199992
vt 0.968800008 0.531199992
vt 0.968800008 0.531199992
vt 0.944400012 0.555599988
vt 0.944400012 0.555599988
vt 0.944400012 0.555599988
vt 0.916700006 0.583299994
vt 0.916700006 0.583299994
vt 0.916700006 0.583299994
vt 0.625 0.531199992
vt 0.5 0.531199992
vt 0.75 0.531199992
vt 0.75 0.5625
vt 0.625 0.5625
vt 0.5 0.5625
vt 0.625 0.593800008
vt 0.5 0.593800008
vt 0.75 0.593800008
vt 0.75 0.625
vt 0.625 0.625
vt 0.5 0.625
vt 0.468800008 0.375
vt 0.468800008 0.25
vt 0.468800008 0.5
vt 0.4375 0.5
vt 0.4375 0.375
vt 0.4375 0.25
vt 0.406199992 0.375
vt 0.406199992 0.25
vt 0.406199992 0.5
vt 0.375 0.5
vt 0.375 0.375
vt 0.375 0.25
vt 0.486099988 0.236100003
vt 0.486099988 0.236100003
vt 0.5 0.25
vt 0.5 0.25
vt 0.486099988 0.236100003
vt 0.468800008 0.218799993
vt 0.468800008 0.218799993
vt 0.468800008 0.218799993
vt 0.444400012 0.194399998
vt 0.444400012 0.194399998
vt 0.444400012 0.194399998
vt 0.416700006 0.166700006
vt 0.416700006 0.166700006
vt 0.416700006 0.166700006
vt 0.375 0.531199992
vt 0.25 0.531199992
vt 0.375 0.5625
vt 0.25 0.5625
vt 0.375 0.593800008
vt 0.25 0.593800008
vt 0.375 0.625
vt 0.25 0.625
vt 0.125 0.531300008
vt 0 0.531300008
vt 0.125 0.5625
vt 0 0.5625
vt 0.125 0.593800008
vt 0 0.593800008
vt 0.125 0.625
vt 0 0.625
vt 0.468699992 0.875
vt 0.468699992 0.75
vt 0.468800008 1
vt 0.4375 1
vt 0.4375 0.875
vt 0.4375 0.75
vt 0.406199992 0.875
vt 0.406199992 0.75
vt 0.406199992 1
vt 0.375 1
vt 0.375 0.875
vt 0.375 0.75
vt 0.468699992 0.625
vt 0.4375 0.625
vt 0.406199992 0.625
vt 0.375 0.625
vt 0.281199992 0.5
vt 0.281199992 1
vt 0.281300008 0
vt 0.3125 0
vt 0.3125 0.5
vt 0.3125 1
vt 0.343800008 0.5
vt 0.343699992 1
vt 0.343800008 0
vt 0.656300008 0.5
vt 0.656300008 1
vt 0.656300008 0
vt 0.6875 0
vt 0.6875 0.5
vt 0.6875 1
vt 0.718800008 0.5
vt 0.718800008 1
vt 0.718800008 0
vt 0.888899982 0.611100018
vt 0.888899982 0.611100018
vt 0.888899982 0.611100018
vt 0.854200006 0.645799994
vt 0.854200006 0.645799994
vt 0.854200006 0.645799994
vt 0.805599988 0.694400012
vt 0.805599988 0.694400012
vt 0.805599988 0.694400012
vt 0.75 0.75
vt 0.75 0.75
vt 0.625 0.656199992
vt 0.5 0.656199992
vt 0.75 0.656199992
vt 0.75 0.6875
vt 0.625 0.6875
vt 0.5 0.6875
vt 0.625 0.718800008
vt 0.5 0.718800008
vt 0.75 0.718800008
vt 0.343699992 0.375
vt 0.343699992 0.25
vt 0.343699992 0.5
vt 0.3125 0.5
vt 0.3125 0.375
vt 0.3125 0.25
vt 0.281199992 0.375
vt 0.281199992 0.25
vt 0.281199992 0.5
vt 0.388900012 0.138899997
vt 0.388900012 0.138899997
vt 0.388900012 0.138899997
vt 0.354200006 0.104199998
vt 0.354200006 0.104199998
vt 0.354200006 0.104199998
vt 0.305599988 0.0555999987
vt 0.305599988 0.0555999987
vt 0.305599988 0.0555999987
vt 0.25 0
vt 0.25 0
vt 0.375 0.656199992
vt 0.25 0.656199992
vt 0.375 0.6875
vt 0.25 0.6875
vt 0.375 0.718800008
vt 0.25 0.718800008
vt 0.125 0.656199992
vt 0 0.656300008
vt 0.125 0.6875
vt 0 0.6875
vt 0.125 0.718800008
vt 0 0.718800008
vt 0.343699992 0.875
vt 0.343699992 0.75
vt 0.343699992 1
vt 0.3125 1
vt 0.3125 0.875
vt 0.3125 0.75
vt 0.281199992 0.875
vt 0.281199992 0.75
vt 0.281199992 1
vt 0.343699992 0.625
vt 0.3125 0.625
vt 0.281199992 0.625
vn 0.997500002 0.0648000017 -0.0267999992
vn 0.997399986 0.0511000007 -0.0511000007
vn 0.713 0.495799989 -0.495799989
vn 0.714399993 0.646399975 -0.267800003
vn 0.713 0.701099992 0
vn 0.997399986 0.072300002 0
vn 0.83920002 -0.54369998 0
vn 0.836700022 -0.505999982 0.209600002
vn 0.83920002 -0.384499997 0.384499997
vn 0.997500002 0.0648000017 0.0269000009
vn 0.714399993 0.646399975 0.267800003
vn 0.713 0.495799989 0.495799989
vn 0.997399986 0.0511000007 0.0511000007
vn 0.83920002 -0.384499997 -0.384499997
vn 0.836700022 -0.505999982 -0.209600002
vn 0.997500002 0.0269000009 0.0648000017
vn 0.714399993 0.267699987 0.646499991
vn 0.713 0 0.701200008
vn 0.997399986 0 0.072300002
vn 0.83920002 0 -0.543799996
vn 0.836600006 -0.209600002 -0.505999982
vn 0.83920002 -0.384499997 -0.384499997
vn 0.997399986 0.0511000007 0.0511000007
vn 0.713 0.495799989 0.495799989
vn 0.997500002 -0.0269000009 0.0648000017
vn 0.714399993 -0.267699987 0.646499991
vn 0.713 -0.495799989 0.495799989
vn 0.997399986 -0.0511000007 0.0511000007
vn 0.83920002 0.384499997 -0.384499997
vn 0.836600006 0.209600002 -0.505999982
vn 0.83920002 0 -0.543799996
vn 0.997399986 0 0.072300002
vn 0.713 0 0.701200008
vn 0.997500002 -0.0649000034 0.0269000009
vn 0.714399993 -0.646499991 0.267800003
vn 0.713 -0.701099992 0
vn 0.997399986 -0.072300002 0
vn 0.83920002 0.54369998 0
vn 0.836700022 0.505999982 -0.209600002
vn 0.83920002 0.384499997 -0.384499997
vn 0.997399986 -0.0511000007 0.0511000007
vn 0.713 -0.495799989 0.495799989
vn 0.997500002 -0.0648000017 -0.0269000009
vn 0.714399993 -0.646399975 -0.267800003
vn 0.713 -0.495799989 -0.495799989
vn 0.997399986 -0.0511000007 -0.0511000007
vn 0.83920002 0.384600013 0.384499997
vn 0.836700022 0.505999982 0.209600002
vn 0.83920002 0.54369998 0
vn 0.997399986 -0.072300002 0
vn 0.713 -0.701099992 0
vn 0.997500002 -0.0267999992 -0.0648000017
vn 0.714399993 -0.267699987 -0.646399975
vn 0.713 0 -0.701099992
vn 0.997399986 0 -0.072300002
vn 0.83920002 0 0.543799996
vn 0.836700022 0.209600002 0.505999982
vn 0.83920002 0.384600013 0.384499997
vn 0.997399986 -0.0511000007 -0.0511000007
vn 0.713 -0.495799989 -0.495799989
vn 0.997500002 0.0267999992 -0.0648000017
vn 0.714399993 0.267699987 -0.646399975
vn 0.836700022 -0.209600002 0.505999982
vn 0.83920002 0 0.543799996
vn 0.997399986 0 -0.072300002
vn 0.713 0 -0.701099992
vn 0.998300016 0.0220999997 -0.0533999987
vn 0.998199999 0 -0.0593999997
vn 0.770500004 0 -0.637399971
vn 0.771799982 0.243300006 -0.587400019
vn 0.770500004 0.450800002 -0.450700015
vn 0.998199999 0.0419999994 -0.0419999994
vn 0.89289999 -0.318300009 0.318300009
vn 0.890999973 -0.173700005 0.419400007
vn 0.89289999 0 0.450100005
vn 0.998300016 -0.0220999997 -0.0533999987
vn 0.998199999 -0.0419000015 -0.0419999994
vn 0.770500004 -0.450700015 -0.450700015
vn 0.771799982 -0.243300006 -0.587400019
vn 0.770500004 0 -0.637399971
vn 0.998199999 0 -0.0593999997
vn 0.89289999 0 0.450100005
vn 0.890999973 0.173700005 0.419400007
vn 0.89289999 0.318300009 0.318300009
vn 0.998300016 -0.0533999987 -0.0220999997
vn 0.998199999 -0.0593999997 0
vn 0.770500004 -0.637399971 0
vn 0.771799982 -0.587400019 -0.243300006
vn 0.770500004 -0.450700015 -0.450700015
vn 0.998199999 -0.0419000015 -0.0419999994
vn 0.89289999 0.318300009 0.318300009
vn 0.890999973 0.419400007 0.173700005
vn 0.89289999 0.450100005 0
vn 0.998300016 -0.0533999987 0.0220999997
vn 0.998199999 -0.0419999994 0.0419999994
vn 0.770500004 -0.450700015 0.450700015
vn 0.771799982 -0.587400019 0.243300006
vn 0.770500004 -0.637399971 0
vn 0.998199999 -0.0593999997 0
vn 0.89289999 0.450100005 0
vn 0.890999973 0.419400007 -0.173700005
vn 0.89289999 0.318199992 -0.318300009
vn 0.998300016 -0.0220999997 0.0533999987
vn 0.998199999 0 0.0593999997
vn 0.770500004 0 0.637399971
vn 0.771799982 -0.243300006 0.587400019
vn 0.770500004 -0.450700015 0.450700015
vn 0.998199999 -0.0419999994 0.0419999994
vn 0.89289999 0.318199992 -0.318300009
vn 0.890999973 0.173700005 -0.419400007
vn 0.89289999 0 -0.450100005
vn 0.998300016 0.0220999997 0.0533999987
vn 0.998199999 0.0419000015 0.0419999994
vn 0.770500004 0.450700015 0.450700015
vn 0.771799982 0.243300006 0.587400019
vn 0.770500004 0 0.637399971
vn 0.998199999 0 0.0593999997
vn 0.89289999 0 -0.450100005
vn 0.890999973 -0.173700005 -0.419400007
vn 0.89289999 -0.318199992 -0.318300009
vn 0.998300016 0.0533999987 0.0220999997
vn 0.998199999 0.0593999997 0
vn 0.770500004 0.637399971 0
vn 0.771799982 0.587400019 0.243300006
vn 0.770500004 0.450700015 0.450700015
vn 0.998199999 0.0419000015 0.0419999994
vn 0.89289999 -0.318199992 -0.318300009
vn 0.890999973 -0.419499993 -0.173700005
vn 0.89289999 -0.450100005 0
vn 0.998300016 0.0533999987 -0.0220999997
vn 0.890999973 -0.419400007 0.173700005
vn 0.771799982 0.587400019 -0.243300006
vn 0.264600009 -0.890900016 0.368999988
vn 0.836700022 -0.505999982 0.209600002
vn 0.83920002 -0.54369998 0
vn 0.265899986 -0.963999987 0
vn 0 -1 0
vn 0 -0.923900008 0.382699996
vn 0 -0.707099974 0.707099974
vn 0.265899986 -0.681599975 0.681599975
vn 0.83920002 -0.384499997 0.384499997
vn 0 -0.923900008 0.382699996
vn 0 -1 0
vn 0 -1 0
vn 0 -0.923900008 0.382699996
vn 0 -0.707099974 0.707099974
vn 0 -0.707099974 0.707099974
vn 0.264499992 -0.890999973 -0.368999988
vn 0.836700022 -0.505999982 -0.209600002
vn 0.83920002 -0.384499997 -0.384499997
vn 0.265899986 -0.681599975 -0.681599975
vn 0 -0.707099974 -0.707099974
vn 0 -0.923900008 -0.382699996
vn 0 -0.923900008 -0.382699996
vn 0 -0.707099974 -0.707099974
vn 0 -0.707099974 -0.707099974
vn 0 -0.923900008 -0.382699996
vn 0.264499992 -0.368999988 -0.890999973
vn 0.265899986 -0.681599975 -0.681599975
vn 0.83920002 -0.384499997 -0.384499997
vn 0.836600006 -0.209600002 -0.505999982
vn 0.83920002 0 -0.543799996
vn 0.265899986 0 -0.963999987
vn 0 0 -1
vn 0 -0.382699996 -0.923900008
vn 0 -0.707099974 -0.707099974
vn 0 -0.382699996 -0.923900008
vn 0 -0.707099974 -0.707099974
vn 0 0 -1
vn 0 0 -1
vn 0 -0.382699996 -0.923900008
vn 0 -0.707099974 -0.707099974
vn 0.264499992 0.368999988 -0.890999973
vn 0.265899986 0 -0.963999987
vn 0.83920002 0 -0.543799996
vn 0.836600006 0.209600002 -0.505999982
vn 0.83920002 0.384499997 -0.384499997
vn 0.265899986 0.681599975 -0.681599975
vn 0 0.707099974 -0.707099974
vn 0 0.382699996 -0.923900008
vn 0 0 -1
vn 0 0.382699996 -0.923900008
vn 0 0 -1
vn 0 0.707099974 -0.707099974
vn 0 0.707099974 -0.707099974
vn 0 0.382699996 -0.923900008
vn 0 0 -1
vn 0.264499992 0.890900016 -0.368999988
vn 0.265899986 0.681599975 -0.681599975
vn 0.83920002 0.384499997 -0.384499997
vn 0.836700022 0.505999982 -0.209600002
vn 0.83920002 0.54369998 0
vn 0.265899986 0.963999987 0
vn 0 1 0
vn 0 0.923900008 -0.382699996
vn 0 0.707099974 -0.707099974
vn 0 0.923900008 -0.382699996
vn 0 0.707099974 -0.707099974
vn 0 1 0
vn 0 1 0
vn 0 0.923900008 -0.382699996
vn 0 0.707099974 -0.707099974
vn 0.264499992 0.890999973 0.368999988
vn 0.265899986 0.963999987 0
vn 0.83920002 0.54369998 0
vn 0.836700022 0.505999982 0.209600002
vn 0.83920002 0.384600013 0.384499997
vn 0.265899986 0.681599975 0.681599975
vn 0 0.707099974 0.707099974
vn 0 0.923900008 0.382699996
vn 0 1 0
vn 0 0.923900008 0.382699996
vn 0 1 0
vn 0 0.707099974 0.707099974
vn 0 0.707099974 0.707099974
vn 0 0.923900008 0.382699996
vn 0 1 0
vn 0.264499992 0.368999988 0.890999973
vn 0.265899986 0.681599975 0.681599975
vn 0.83920002 0.384600013 0.384499997
vn 0.836700022 0.209600002 0.505999982
vn 0.83920002 0 0.543799996
vn 0.265899986 0 0.963999987
vn 0 0 1
vn 0 0.382699996 0.923900008
vn 0 0.707099974 0.707099974
vn 0 0.382699996 0.923900008
vn 0 0.707099974 0.707099974
vn 0 0 1
vn 0 0 1
vn 0 0.382699996 0.923900008
vn 0 0.707099974 0.707099974
vn 0.264499992 -0.368999988 0.890999973
vn 0.265899986 0 0.963999987
vn 0.83920002 0 0.543799996
vn 0.836700022 -0.209600002 0.505999982
vn 0 -0.382699996 0.923900008
vn 0 0 1
vn 0 -0.382699996 0.923900008
vn 0 0 1
vn 0 -0.382699996 0.923900008
vn 0 0 1
vn 0.349000007 -0.358599991 0.865800023
vn 0.890999973 -0.173700005 0.419400007
vn 0.89289999 -0.318300009 0.318300009
vn 0.351000011 -0.662100017 0.662100017
vn 0 -0.707099974 0.707099974
vn 0 -0.382699996 0.923900008
vn 0 0 1
vn 0.350899994 0 0.936399996
vn 0.89289999 0 0.450100005
vn 0 -0.382699996 0.923900008
vn 0 -0.707099974 0.707099974
vn 0 -0.707099974 0.707099974
vn 0 -0.382699996 0.923900008
vn 0 0 1
vn 0 0 1
vn 0.349000007 0.358599991 0.865800023
vn 0.890999973 0.173700005 0.419400007
vn 0.89289999 0 0.450100005
vn 0.350899994 0 0.936399996
vn 0 0 1
vn 0 0.382699996 0.923900008
vn 0 0.707099974 0.707099974
vn 0.351000011 0.662100017 0.662100017
vn 0.89289999 0.318300009 0.318300009
vn 0 0.382699996 0.923900008
vn 0 0 1
vn 0 0 1
vn 0 0.382699996 0.923900008
vn 0 0.707099974 0.707099974
vn 0 0.707099974 0.707099974
vn 0.349000007 0.865700006 0.358599991
vn 0.890999973 0.419400007 0.173700005
vn 0.89289999 0.318300009 0.318300009
vn 0.351000011 0.662100017 0.662100017
vn 0 0.707099974 0.707099974
vn 0 0.923900008 0.382699996
vn 0 1 0
vn 0.350899994 0.936399996 0
vn 0.89289999 0.450100005 0
vn 0 0.923900008 0.382699996
vn 0 0.707099974 0.707099974
vn 0 0.707099974 0.707099974
vn 0 0.923900008 0.382699996
vn 0 1 0
vn 0 1 0
vn 0.349000007 0.865700006 -0.358599991
vn 0.890999973 0.419400007 -0.173700005
vn 0.89289999 0.450100005 0
vn 0.350899994 0.936399996 0
vn 0 1 0
vn 0 0.923900008 -0.382699996
vn 0 0.707099974 -0.707099974
vn 0.351000011 0.662100017 -0.662100017
vn 0.89289999 0.318199992 -0.318300009
vn 0 0.923900008 -0.382699996
vn 0 1 0
vn 0 1 0
vn 0 0.923900008 -0.382699996
vn 0 0.707099974 -0.707099974
vn 0 0.707099974 -0.707099974
vn 0.349000007 0.358599991 -0.865800023
vn 0.890999973 0.173700005 -0.419400007
vn 0.89289999 0.318199992 -0.318300009
vn 0.351000011 0.662100017 -0.662100017
vn 0 0.707099974 -0.707099974
vn 0 0.382699996 -0.923900008
vn 0 0 -1
vn 0.350899994 0 -0.936399996
vn 0.89289999 0 -0.450100005
vn 0 0.382699996 -0.923900008
vn 0 0.707099974 -0.707099974
vn 0 0.707099974 -0.707099974
vn 0 0.382699996 -0.923900008
vn 0 0 -1
vn 0 0 -1
vn 0.349000007 -0.358599991 -0.865800023
vn 0.890999973 -0.173700005 -0.419400007
vn 0.89289999 0 -0.450100005
vn 0.350899994 0 -0.936399996
vn 0 0 -1
vn 0 -0.382699996 -0.923900008
vn 0 -0.707099974 -0.707099974
vn 0.351000011 -0.662100017 -0.662199974
vn 0.89289999 -0.318199992 -0.318300009
vn 0 -0.382699996 -0.923900008
vn 0 0 -1
vn 0 0 -1
vn 0 -0.382699996 -0.923900008
vn 0 -0.707099974 -0.707099974
vn 0 -0.707099974 -0.707099974
vn 0.349000007 -0.865800023 -0.358599991
vn 0.890999973 -0.419499993 -0.173700005
vn 0.89289999 -0.318199992 -0.318300009
vn 0.351000011 -0.662100017 -0.662199974
vn 0 -0.707099974 -0.707099974
vn 0 -0.923900008 -0.382699996
vn 0 -1 0
vn 0.350899994 -0.936399996 0
vn 0.89289999 -0.450100005 0
vn 0 -0.923900008 -0.382699996
vn 0 -0.707099974 -0.707099974
vn 0 -0.707099974 -0.707099974
vn 0 -0.923900008 -0.382699996
vn 0 -1 0
vn 0 -1 0
vn 0.349000007 -0.865700006 0.358599991
vn 0.890999973 -0.419400007 0.173700005
vn 0 -0.923900008 0.382699996
vn 0 -0.923900008 0.382699996
vn 0 -0.923900008 0.382699996
vn 0.181199998 0.908599973 -0.376300007
vn 0.713 0.495799989 -0.495799989
vn 0.181400001 0.6954 -0.6954
vn 0 0.707099974 -0.707099974
vn 0 0.923900008 -0.382699996
vn 0 1 0
vn 0.181400001 0.983399987 0
vn 0.713 0.701099992 0
vn 0.181199998 0.908599973 0.376300007
vn 0.181400001 0.6954 0.6954
vn 0 0.923900008 0.382699996
vn 0 0.707099974 0.707099974
vn 0.181199998 0.376300007 0.908599973
vn 0.181500003 0 0.983399987
vn 0.181400001 0.6954 0.6954
vn 0 0.707099974 0.707099974
vn 0 0.382699996 0.923900008
vn 0 0 1
vn 0.181199998 -0.376300007 0.908599973
vn 0.181400001 -0.6954 0.6954
vn 0.181500003 0 0.983399987
vn 0 0 1
vn 0 -0.382699996 0.923900008
vn 0 -0.707099974 0.707099974
vn 0.181199998 -0.908599973 0.376300007
vn 0.181400001 -0.983399987 0
vn 0.181400001 -0.6954 0.6954
vn 0 -0.707099974 0.707099974
vn 0 -0.923900008 0.382699996
vn 0 -1 0
vn 0.181199998 -0.908599973 -0.376300007
vn 0.181400001 -0.6954 -0.6954
vn 0.181400001 -0.983399987 0
vn 0 -1 0
vn 0 -0.923900008 -0.382699996
vn 0 -0.707099974 -0.707099974
vn 0.181299999 -0.376300007 -0.908599973
vn 0.181500003 0 -0.983399987
vn 0.181400001 -0.6954 -0.6954
vn 0 -0.707099974 -0.707099974
vn 0 -0.382699996 -0.923900008
vn 0 0 -1
vn 0.181299999 0.376300007 -0.908599973
vn 0.181500003 0 -0.983399987
vn 0 0 -1
vn 0 0.382699996 -0.923900008
vn 0.2315 0.372299999 -0.898800015
vn 0 0.382699996 -0.923900008
vn 0 0.707099974 -0.707099974
vn 0.231600001 0.687900007 -0.687900007
vn 0.770500004 0.450800002 -0.450700015
vn 0.231600001 0 -0.972800016
vn 0 0 -1
vn 0.2315 -0.372299999 -0.898800015
vn 0.231600001 -0.687900007 -0.687900007
vn 0 -0.707099974 -0.707099974
vn 0 -0.382699996 -0.923900008
vn 0 0 -1
vn 0.231600001 0 -0.972800016
vn 0.2315 -0.898800015 -0.372299999
vn 0.231600001 -0.972800016 0
vn 0 -1 0
vn 0 -0.923900008 -0.382699996
vn 0 -0.707099974 -0.707099974
vn 0.231600001 -0.687900007 -0.687900007
vn 0.2315 -0.898800015 0.372299999
vn 0.231600001 -0.687900007 0.687900007
vn 0 -0.707099974 0.707099974
vn 0 -0.923900008 0.382699996
vn 0 -1 0
vn 0.231600001 -0.972800016 0
vn 0.2315 -0.372299999 0.898800015
vn 0.231600001 0 0.972800016
vn 0 0 1
vn 0 -0.382699996 0.923900008
vn 0 -0.707099974 0.707099974
vn 0.231600001 -0.687900007 0.687900007
vn 0.2315 0.372299999 0.898800015
vn 0.231600001 0.687900007 0.687900007
vn 0 0.707099974 0.707099974
vn 0 0.382699996 0.923900008
vn 0 0 1
vn 0.231600001 0 0.972800016
vn 0.2315 0.898800015 0.372299999
vn 0.770500004 0.637399971 0
vn 0.231600001 0.972800016 0
vn 0 1 0
vn 0 0.923900008 0.382699996
vn 0 0.707099974 0.707099974
vn 0.231600001 0.687900007 0.687900007
vn 0.2315 0.898800015 -0.372299999
vn 0 0.923900008 -0.382699996
vn 0 0.923900008 -0.382699996
vn 0 0.707099974 -0.707099974
vn 0 0.707099974 -0.707099974
vn 0 0.923900008 -0.382699996
vn 0 1 0
vn 0 1 0
vn 0 0.923900008 -0.382699996
vn 0 0.707099974 -0.707099974
vn 0 0.707099974 -0.707099974
vn 0 0.923900008 -0.382600009
vn 0 1 0
vn 0 1 0
vn 0 0.923900008 0.382699996
vn 0 0.707099974 0.707099974
vn 0 0.923900008 0.382699996
vn 0 0.707099974 0.707099974
vn 0 0.923900008 0.382699996
vn 0 0.707099974 0.707099974
vn 0 0.923900008 0.382699996
vn 0 0.707099974 0.707099974
vn 0 0.382699996 0.923900008
vn 0 0 1
vn 0 0.707099974 0.707099974
vn 0 0.707099974 0.707099974
vn 0 0.382699996 0.923900008
vn 0 0 1
vn 0 0.382699996 0.923900008
vn 0 0 1
vn 0 0.707099974 0.707099974
vn 0 0.707099974 0.707099974
vn 0 0.382600009 0.923900008
vn 0 0 1
vn 0 -0.382699996 0.923900008
vn 0 -0.707099974 0.707099974
vn 0 0 1
vn 0 0 1
vn 0 -0.382699996 0.923900008
vn 0 -0.707099974 0.707099974
vn 0 -0.382699996 0.923900008
vn 0 -0.707099974 0.707099974
vn 0 0 1
vn 0 0 1
vn 0 -0.382600009 0.923900008
vn 0 -0.707099974 0.707099974
vn 0 -0.923900008 0.382699996
vn 0 -1 0
vn 0 -0.707099974 0.707099974
vn 0 -0.707099974 0.707099974
vn 0 -0.923900008 0.382699996
vn 0 -1 0
vn 0 -0.923900008 0.382699996
vn 0 -1 0
vn 0 -0.707099974 0.707099974
vn 0 -0.707099974 0.707099974
vn 0 -0.923900008 0.382699996
vn 0 -1 0
vn 0 -0.923900008 -0.382699996
vn 0 -0.707099974 -0.707099974
vn 0 -1 0
vn 0 -1 0
vn 0 -0.923900008 -0.382699996
vn 0 -0.707099974 -0.707099974
vn 0 -0.923900008 -0.382699996
vn 0 -0.707099974 -0.707099974
vn 0 -1 0
vn 0 -1 0
vn 0 -0.923900008 -0.382699996
vn 0 -0.707099974 -0.707099974
vn 0 -0.382699996 -0.923900008
vn 0 0 -1
vn 0 -0.707099974 -0.707099974
vn 0 -0.707099974 -0.707099974
vn 0 -0.382699996 -0.923900008
vn 0 0 -1
vn 0 -0.382699996 -0.923900008
vn 0 0 -1
vn 0 -0.707099974 -0.707099974
vn 0 -0.707099974 -0.707099974
vn 0 -0.382600009 -0.923900008
vn 0 0 -1
vn 0 0.382699996 -0.923900008
vn 0 0 -1
vn 0 0 -1
vn 0 0.382699996 -0.923900008
vn 0 0.382699996 -0.923900008
vn 0 0 -1
vn 0 0 -1
vn 0 0.382600009 -0.923900008
vn 0 0.382699996 -0.923900008
vn 0 0 -1
vn 0 0 -1
vn 0 0.382699996 -0.923900008
vn 0 0.707099974 -0.707099974
vn 0 0.707099974 -0.707099974
vn 0 0.382699996 -0.923900008
vn 0 0 -1
vn 0 0 -1
vn 0 0.382699996 -0.923900008
vn 0 0.707099974 -0.707099974
vn 0 0.707099974 -0.707099974
vn 0 -0.382699996 -0.923900008
vn 0 -0.707099974 -0.707099974
vn 0 -0.707099974 -0.707099974
vn 0 -0.382699996 -0.923900008
vn 0 0 -1
vn 0 0 -1
vn 0 -0.382699996 -0.923900008
vn 0 -0.707099974 -0.707099974
vn 0 -0.707099974 -0.707099974
vn 0 -0.382699996 -0.923900008
vn 0 0 -1
vn 0 0 -1
vn 0 -0.923900008 -0.382699996
vn 0 -1 0
vn 0 -1 0
vn 0 -0.923900008 -0.382699996
vn 0 -0.707099974 -0.707099974
vn 0 -0.707099974 -0.707099974
vn 0 -0.923900008 -0.382699996
vn 0 -1 0
vn 0 -1 0
vn 0 -0.923900008 -0.382699996
vn 0 -0.707099974 -0.707099974
vn 0 -0.707099974 -0.707099974
vn 0 -0.923900008 0.382699996
vn 0 -0.707099974 0.707099974
vn 0 -0.707099974 0.707099974
vn 0 -0.923900008 0.382699996
vn 0 -1 0
vn 0 -1 0
vn 0 -0.923900008 0.382699996
vn 0 -0.707099974 0.707099974
vn 0 -0.707099974 0.707099974
vn 0 -0.923900008 0.382699996
vn 0 -1 0
vn 0 -1 0
vn 0 -0.382699996 0.923900008
vn 0 0 1
vn 0 0 1
vn 0 -0.382699996 0.923900008
vn 0 -0.707099974 0.707099974
vn 0 -0.707099974 0.707099974
vn 0 -0.382699996 0.923900008
vn 0 0 1
vn 0 0 1
vn 0 -0.382699996 0.923900008
vn 0 -0.707099974 0.707099974
vn 0 -0.707099974 0.707099974
vn 0 0.382699996 0.923900008
vn 0 0.707099974 0.707099974
vn 0 0.707099974 0.707099974
vn 0 0.382699996 0.923900008
vn 0 0 1
vn 0 0 1
vn 0 0.382699996 0.923900008
vn 0 0.707099974 0.707099974
vn 0 0.707099974 0.707099974
vn 0 0.382699996 0.923900008
vn 0 0 1
vn 0 0 1
vn 0 0.923900008 0.382699996
vn 0 1 0
vn 0 1 0
vn 0 0.923900008 0.382699996
vn 0 0.707099974 0.707099974
vn 0 0.707099974 0.707099974
vn 0 0.923900008 0.382699996
vn 0 1 0
vn 0 1 0
vn 0 0.923900008 0.382699996
vn 0 0.707099974 0.707099974
vn 0 0.707099974 0.707099974
vn 0 0.923900008 -0.382699996
vn 0 0.923900008 -0.382699996
vn 0 0.923900008 -0.382699996
vn 0 0.923900008 -0.382699996
vn 0.997500002 0.0703999996 0
vn 0.997500002 0.0703999996 0
vn 0.997500002 0.0703999996 0
vn 0.997500002 0.0703999996 0
vn 0.997500002 0.0703999996 0
vn 0.997500002 0.0703999996 0
vn 0.997500002 0.0703999996 0
vn 0.997500002 0.0703999996 0
vn 0.997500002 0.0703999996 0
vn -0.98089999 -0.000199999995 0.194600001
vn -0.698800027 -0.000300000014 0.715200007
vn -0.699299991 0.0234999992 0.714399993
vn -0.924300015 0.0908999965 0.370799989
vn -0.996500015 0.0834999979 0
vn -1 0 0
vn -0.996299982 -0.0854000002 0
vn -0.922299981 -0.0926000029 0.375099987
vn -0.697799981 -0.0236000009 0.715900004
vn 0.997500002 0.0703999996 0
vn 0.997500002 0.0703999996 0
vn 0.997500002 0.0703999996 0
vn 0.997500002 0.0703999996 0
vn 0.997500002 0.0703999996 0
vn 0.997500002 0.0703999996 0
vn 0.997500002 0.0703999996 0
vn 0.997500002 0.0703999996 0
vn 0.997500002 0.0703999996 0
vn -0.993499994 -9.99999975e-05 -0.114
vn -1 0 0
vn -0.996500015 0.0834999979 0
vn -0.965499997 0.0954999998 -0.241999999
vn -0.827199996 0.0317000002 -0.560899973
vn -0.824299991 -0.000600000028 -0.566100001
vn -0.825900018 -0.0318999998 -0.562900007
vn -0.964399993 -0.0974000022 -0.245900005
vn -0.996299982 -0.0854000002 0
vn 0.700200021 0.052099999 0.712000012
vn 0.997500002 0.0703999996 0
vn 0.997500002 0.0703999996 0
vn 0.678499997 0.135499999 0.722000003
vn -0.00669999979 0.114100002 0.993399978
vn 0.00260000001 0 1
vn 0.0627000034 -0.111699998 0.99180001
vn 0.704400003 -0.0175000001 0.709599972
vn 0.997500002 0.0703999996 0
vn 0.00219999999 -0.0013 1
vn -0.00400000019 0.101400003 0.994799972
vn -0.000699999975 0.0917000026 0.995800018
vn 0.000600000028 -0.000600000028 1
vn 0.0146000003 -0.0960000008 0.995299995
vn 0.0471000001 -0.109399997 0.992900014
vn 0.00400000019 -0.00230000005 -1
vn 0.00120000006 -0.00100000005 -1
vn -0.0013 0.159799993 -0.987100005
vn -0.00700000022 0.175799996 -0.984399974
vn -0.0116999997 0.196799994 -0.980300009
vn 0.0046000001 0 -1
vn 0.107199997 -0.191 -0.975700021
vn 0.0804999992 -0.188500002 -0.978799999
vn 0.0252999999 -0.166999996 -0.985599995
vn 0.69630003 0.0538999997 -0.715600014
vn 0.65990001 0.200000003 -0.72420001
vn 0.997500002 0.0703999996 0
vn 0.997500002 0.0703999996 0
vn 0.997500002 0.0703999996 0
vn 0.7051 -0.0669 -0.70599997
vn 0.742799997 -0.426099986 0.51639998
vn 0.997500002 0.0703999996 0
vn 0.704400003 -0.0175000001 0.709599972
vn 0.0627000034 -0.111699998 0.99180001
vn 0.404599994 -0.670099974 0.622300029
vn 0.520900011 -0.853600025 0
vn 0.888700008 -0.458400011 0
vn 0.997500002 0.0703999996 0
vn 0.301200002 -0.735099971 0.607299984
vn 0.0471000001 -0.109399997 0.992900014
vn 0.118100002 -0.768899977 0.628400028
vn 0.153600007 -0.988099992 0
vn 0.384900004 -0.922900021 0
vn -0.0013 0.768999994 0.639199972
vn 0.00430000015 0.763100028 0.646200001
vn -0.000699999975 0.0917000026 0.995800018
vn -0.00400000019 0.101400003 0.994799972
vn -0.00669999979 0.114100002 0.993399978
vn -0.0055999998 0.775900006 0.630800009
vn 0 1 0
vn 0.00289999996 1 0
vn 0.00719999988 1 0
vn 0.563199997 0.650699973 0.509299994
vn 0.678499997 0.135499999 0.722000003
vn 0.997500002 0.0703999996 0
vn 0.997500002 0.0703999996 0
vn 0.997500002 0.0703999996 0
vn 0.681800008 0.731599987 0
vn 0.766799986 -0.459899992 -0.447699994
vn 0.997500002 0.0703999996 0
vn 0.997500002 0.0703999996 0
vn 0.888700008 -0.458400011 0
vn 0.520900011 -0.853600025 0
vn 0.4278 -0.712300003 -0.556400001
vn 0.107199997 -0.191 -0.975700021
vn 0.7051 -0.0669 -0.70599997
vn 0.997500002 0.0703999996 0
vn 0.31279999 -0.770799994 -0.554899991
vn 0.384900004 -0.922900021 0
vn 0.153600007 -0.988099992 0
vn 0.122699998 -0.804199994 -0.58160001
vn 0.0252999999 -0.166999996 -0.985599995
vn 0.0804999992 -0.188500002 -0.978799999
vn -0.00350000011 0.810899973 -0.585200012
vn 0.00380000006 0.801599979 -0.597800016
vn 0.00719999988 1 0
vn 0.00289999996 1 0
vn 0 1 0
vn -0.00899999961 0.820900023 -0.57099998
vn -0.0116999997 0.196799994 -0.980300009
vn -0.00700000022 0.175799996 -0.984399974
vn -0.0013 0.159799993 -0.987100005
vn 0.570900023 0.684199989 -0.453700006
vn 0.681699991 0.731599987 0
vn 0.997500002 0.0703999996 0
vn 0.997500002 0.0703999996 0
vn 0.997500002 0.0703999996 0
vn 0.65990001 0.200000003 -0.72420001
vn 0.000199999995 -9.99999975e-05 1
vn 0.000300000014 0.0857999995 0.996299982
vn 9.99999975e-05 0.0832000002 0.996500015
vn 9.99999975e-05 0 1
vn 0.00230000005 -0.0829999968 0.996500015
vn 0.00380000006 -0.0865999982 0.996200025
vn -0.1831 0.00039999999 0.983099997
vn -0.361499995 0.0896999985 0.927999973
vn -0.699299991 0.0234999992 0.714399993
vn -0.698800027 -0.000300000014 0.715200007
vn -0.697799981 -0.0236000009 0.715900004
vn -0.355500013 -0.0905999988 0.930199981
vn -0.29519999 0.000500000024 -0.95539999
vn -0.824299991 -0.000600000028 -0.566100001
vn -0.827199996 0.0317000002 -0.560899973
vn -0.470699996 0.1426 -0.870700002
vn 0.000199999995 0.145500004 -0.989300013
vn 0.000199999995 0 -1
vn 0.00400000019 -0.145199999 -0.989400029
vn -0.4648 -0.144500002 -0.87349999
vn -0.825900018 -0.0318999998 -0.562900007
vn 0.000300000014 -0.000199999995 -1
vn 0.000500000024 0.150000006 -0.988699973
vn 0.00659999996 -0.151299998 -0.988399982
vn 0.0362999998 -0.761900008 0.646700025
vn 0.00380000006 -0.0865999982 0.996200025
vn 0.00230000005 -0.0829999968 0.996500015
vn 0.023 -0.757499993 0.652400017
vn 0.0306000002 -0.999499977 0
vn 0.0480000004 -0.99879998 0
vn -0.526499987 -0.658999979 0.537
vn -0.355500013 -0.0905999988 0.930199981
vn -0.922299981 -0.0926000029 0.375099987
vn -0.996299982 -0.0854000002 0
vn -0.638700008 -0.769400001 0
vn -0.536899984 0.649699986 0.538100004
vn -0.924300015 0.0908999965 0.370799989
vn -0.361499995 0.0896999985 0.927999973
vn 9.99999975e-05 0.0832000002 0.996500015
vn 0.00310000009 0.758599997 0.651499987
vn 0.00430000015 1 0
vn -0.651799977 0.758300006 0
vn 0.00590000022 0.759599984 0.650300026
vn 0.000300000014 0.0857999995 0.996299982
vn 0.00820000004 0.999899983 0
vn 0.0377999991 -0.797599971 -0.601899981
vn 0.0480000004 -0.99879998 0
vn 0.0306000002 -0.999499977 0
vn 0.0239000004 -0.792900026 -0.608799994
vn 0.00400000019 -0.145199999 -0.989400029
vn 0.00659999996 -0.151299998 -0.988399982
vn -0.533100009 -0.682500005 -0.499900013
vn -0.638700008 -0.769400001 0
vn -0.996299982 -0.0854000002 0
vn -0.964399993 -0.0974000022 -0.245900005
vn -0.825900018 -0.0318999998 -0.562900007
vn -0.4648 -0.144500002 -0.87349999
vn -0.543900013 0.673500001 -0.500500023
vn -0.965499997 0.0954999998 -0.241999999
vn -0.996500015 0.0834999979 0
vn -0.651799977 0.758300006 0
vn 0.00430000015 1 0
vn 0.00310000009 0.793799996 -0.608099997
vn 0.000199999995 0.145500004 -0.989300013
vn -0.470699996 0.1426 -0.870700002
vn 0.00600000005 0.796000004 -0.605199993
vn 0.00820000004 0.999899983 0
vn 0.000500000024 0.150000006 -0.988699973
vn 0.997500002 0.0703999996 0
vn 0.997500002 0.0703999996 0
vn 0.997500002 0.0703999996 0
vn 0.997500002 0.0703999996 0
vn 0.997500002 0.0703999996 0
vn 0.997500002 0.0703999996 0
vn 0.997500002 0.0703999996 0
vn 0.997500002 0.0703999996 0
vn 0.997500002 0.0703999996 0
vn 0.997500002 0.0703999996 0
vn 0.997500002 0.0703999996 0
vn 0.997500002 0.0703999996 0
vn -1 0 0
vn -0.996500015 0.0834999979 0
vn -0.996500015 0.0834999979 0
vn -1 0 0
vn -0.996299982 -0.0854000002 0
vn -0.996299982 -0.0854000002 0
vn -1 0 0
vn -0.996500015 0.0834999979 0
vn -0.996500015 0.0834999979 0
vn -1 0 0
vn -0.996299982 -0.0854000002 0
vn -0.996299982 -0.0854000002 0
vn 0.888700008 -0.458400011 0
vn 0.888700008 -0.458400011 0
vn 0.520900011 -0.853600025 0
vn 0.520900011 -0.853600025 0
vn 0.520900011 -0.853600025 0
vn 0.888700008 -0.458400011 0
vn 0.997500002 0.0703999996 0
vn 0.997500002 0.0703999996 0
vn 0.888700008 -0.458400011 0
vn 0.520900011 -0.853600025 0
vn 0.520900011 -0.853600025 0
vn 0.888700008 -0.458400011 0
vn 0.997500002 0.0703999996 0
vn 0.997500002 0.0703999996 0
vn 0.384900004 -0.922900021 0
vn 0.153600007 -0.988099992 0
vn 0.153600007 -0.988099992 0
vn 0.384900004 -0.922900021 0
vn 0.520900011 -0.853600025 0
vn 0.520900011 -0.853600025 0
vn 0.384900004 -0.922900021 0
vn 0.153600007 -0.988099992 0
vn 0.153600007 -0.988099992 0
vn 0.384900004 -0.922900021 0
vn 0.520900011 -0.853600025 0
vn 0.520900011 -0.853600025 0
vn 0.00289999996 1 0
vn 0 1 0
vn 0 1 0
vn 0.00289999996 1 0
vn 0.00719999988 1 0
vn 0.00719999988 1 0
vn 0.00289999996 1 0
vn 0 1 0
vn 0 1 0
vn 0.00289999996 1 0
vn 0.00719999988 1 0
vn 0.00719999988 1 0
vn 0.681800008 0.731599987 0
vn 0.681800008 0.731599987 0
vn 0.997500002 0.0703999996 0
vn 0.997500002 0.0703999996 0
vn 0.997500002 0.0703999996 0
vn 0.681800008 0.731599987 0
vn 0 1 0
vn 0 1 0
vn 0 1 0
vn 0.681800008 0.731599987 0
vn 0.997500002 0.0703999996 0
vn 0.997500002 0.0703999996 0
vn 0.681800008 0.731599987 0
vn 0 1 0
vn 0 1 0
vn 0.0480000004 -0.99879998 0
vn 0.0306000002 -0.999499977 0
vn 0.0306000002 -0.999499977 0
vn 0.0480000004 -0.99879998 0
vn 0.0480000004 -0.99879998 0
vn 0.0306000002 -0.999499977 0
vn 0.0306000002 -0.999499977 0
vn 0.0480000004 -0.99879998 0
vn -0.638700008 -0.769400001 0
vn -0.996299982 -0.0854000002 0
vn -0.996299982 -0.0854000002 0
vn -0.638700008 -0.769400001 0
vn -0.638700008 -0.769400001 0
vn -0.996299982 -0.0854000002 0
vn -0.996299982 -0.0854000002 0
vn -0.638700008 -0.769400001 0
vn -0.651799977 0.758300006 0
vn 0.00430000015 1 0
vn 0.00430000015 1 0
vn -0.651799977 0.758300006 0
vn -0.996500015 0.0834999979 0
vn -0.996500015 0.0834999979 0
vn -0.651799977 0.758300006 0
vn 0.00430000015 1 0
vn 0.00430000015 1 0
vn -0.651799977 0.758300006 0
vn -0.996500015 0.0834999979 0
vn -0.996500015 0.0834999979 0
vn 0.00820000004 0.999899983 0
vn 0.00820000004 0.999899983 0
vn 0.00820000004 0.999899983 0
vn 0.00820000004 0.999899983 0
vn 0.997500002 0.0703999996 0
vn 0.997500002 0.0703999996 0
vn 0.997500002 0.0703999996 0
vn 0.997500002 0.0703999996 0
vn 0.997500002 0.0703999996 0
vn 0.997500002 0.0703999996 0
vn 0.997500002 0.0703999996 0
vn 0.997500002 0.0703999996 0
vn 0.997500002 0.0703999996 0
vn -1 0 0
vn -0.996500015 0.0834999979 0
vn -0.996500015 0.0834999979 0
vn -1 0 0
vn -0.996299982 -0.0854000002 0
vn -0.996299982 -0.0854000002 0
vn -1 0 0
vn -0.996500015 0.0834999979 0
vn -0.996299982 -0.0854000002 0
vn 0.888700008 -0.458400011 0
vn 0.520900011 -0.853600025 0
vn 0.520900011 -0.853600025 0
vn 0.888700008 -0.458400011 0
vn 0.997500002 0.0703999996 0
vn 0.997500002 0.0703999996 0
vn 0.888700008 -0.458400011 0
vn 0.520900011 -0.853600025 0
vn 0.520900011 -0.853600025 0
vn 0.888700008 -0.458400011 0
vn 0.997500002 0.0703999996 0
vn 0.997500002 0.0703999996 0
vn 0.384900004 -0.922900021 0
vn 0.153600007 -0.988099992 0
vn 0.153600007 -0.988099992 0
vn 0.384900004 -0.922900021 0
vn 0.520900011 -0.853600025 0
vn 0.520900011 -0.853600025 0
vn 0.384900004 -0.922900021 0
vn 0.153600007 -0.988099992 0
vn 0.520900011 -0.853600025 0
vn 0.00289999996 1 0
vn 0 1 0
vn 0 1 0
vn 0.00289999996 1 0
vn 0.00719999988 1 0
vn 0.00719999988 1 0
vn 0.00289999996 1 0
vn 0 1 0
vn 0.00719999988 1 0
vn 0.681800008 0.731599987 0
vn 0.997500002 0.0703999996 0
vn 0.997500002 0.0703999996 0
vn 0.681800008 0.731599987 0
vn 0 1 0
vn 0 1 0
vn 0.681800008 0.731599987 0
vn 0.997500002 0.0703999996 0
vn 0.681699991 0.731599987 0
vn 0 1 0
vn 0 1 0
vn 0.0480000004 -0.99879998 0
vn 0.0306000002 -0.999499977 0
vn 0.0306000002 -0.999499977 0
vn 0.0480000004 -0.99879998 0
vn 0.0480000004 -0.99879998 0
vn 0.0306000002 -0.999499977 0
vn -0.638700008 -0.769400001 0
vn -0.996299982 -0.0854000002 0
vn -0.996299982 -0.0854000002 0
vn -0.638700008 -0.769400001 0
vn -0.638700008 -0.769400001 0
vn -0.996299982 -0.0854000002 0
vn -0.651799977 0.758300006 0
vn 0.00430000015 1 0
vn 0.00430000015 1 0
vn -0.651799977 0.758300006 0
vn -0.996500015 0.0834999979 0
vn -0.996500015 0.0834999979 0
vn -0.651799977 0.758300006 0
vn 0.00430000015 1 0
vn -0.996500015 0.0834999979 0
vn 0.00820000004 0.999899983 0
vn 0.00820000004 0.999899983 0
vn 0.00820000004 0.999899983 0
vn 0.997500002 0.0648000017 0.0269000009
vn 0.714399993 0.646399975 0.267800003
vn 0.713 0.495799989 0.495799989
vn 0.997399986 0.0511000007 0.0511000007
vn 0.83920002 -0.384499997 -0.384499997
vn 0.836700022 -0.505999982 -0.209600002
vn 0.83920002 -0.54369998 0
vn 0.997399986 0.072300002 0
vn 0.713 0.701099992 0
vn 0.997500002 0.0649000034 -0.0269000009
vn 0.997399986 0.0511000007 -0.0511000007
vn 0.713 0.495799989 -0.495799989
vn 0.714399993 0.646399975 -0.267800003
vn 0.836700022 -0.505999982 0.209600002
vn 0.83920002 -0.384499997 0.384499997
vn 0.997500002 0.0269000009 -0.0648000017
vn 0.997399986 0 -0.072300002
vn 0.713 0 -0.701099992
vn 0.714399993 0.267699987 -0.646499991
vn 0.713 0.495799989 -0.495799989
vn 0.997399986 0.0511000007 -0.0511000007
vn 0.83920002 -0.384499997 0.384499997
vn 0.836600006 -0.209600002 0.505999982
vn 0.83920002 0 0.543799996
vn 0.997500002 -0.0269000009 -0.0648000017
vn 0.997399986 -0.0511000007 -0.0511000007
vn 0.713 -0.495799989 -0.495799989
vn 0.714399993 -0.267699987 -0.646499991
vn 0.713 0 -0.701099992
vn 0.997399986 0 -0.072300002
vn 0.83920002 0 0.543799996
vn 0.836600006 0.209600002 0.505999982
vn 0.83920002 0.384499997 0.384499997
vn 0.997500002 -0.0648000017 -0.0269000009
vn 0.997399986 -0.072300002 0
vn 0.713 -0.701099992 0
vn 0.714399993 -0.646399975 -0.267800003
vn 0.713 -0.495799989 -0.495799989
vn 0.997399986 -0.0511000007 -0.0511000007
vn 0.83920002 0.384499997 0.384499997
vn 0.836700022 0.505999982 0.209600002
vn 0.83920002 0.54369998 0
vn 0.997500002 -0.0648000017 0.0269000009
vn 0.997399986 -0.0511000007 0.0511000007
vn 0.713 -0.495799989 0.495799989
vn 0.714399993 -0.646399975 0.267800003
vn 0.713 -0.701099992 0
vn 0.997399986 -0.072300002 0
vn 0.83920002 0.54369998 0
vn 0.836700022 0.505999982 -0.209600002
vn 0.83920002 0.384499997 -0.384499997
vn 0.997500002 -0.0269000009 0.0648000017
vn 0.997399986 0 0.072300002
vn 0.713 0 0.701200008
vn 0.714399993 -0.267800003 0.646499991
vn 0.713 -0.495799989 0.495799989
vn 0.997399986 -0.0511000007 0.0511000007
vn 0.83920002 0.384499997 -0.384499997
vn 0.836700022 0.209600002 -0.505999982
vn 0.83920002 0 -0.543799996
vn 0.997500002 0.0267999992 0.0648000017
vn 0.714399993 0.267800003 0.646399975
vn 0.713 0 0.701200008
vn 0.997399986 0 0.072300002
vn 0.83920002 0 -0.543799996
vn 0.836700022 -0.209600002 -0.505999982
vn 0.998300016 0.0220999997 0.0535000004
vn 0.771799982 0.243300006 0.587499976
vn 0.770500004 0 0.637399971
vn 0.998199999 0 0.0593999997
vn 0.89289999 0 -0.450100005
vn 0.890999973 -0.173700005 -0.419400007
vn 0.89289999 -0.318300009 -0.318300009
vn 0.998199999 0.0419999994 0.0419999994
vn 0.770500004 0.450700015 0.450800002
vn 0.998300016 -0.0220999997 0.0533999987
vn 0.771799982 -0.243300006 0.587400019
vn 0.770500004 -0.450800002 0.450700015
vn 0.998199999 -0.0419999994 0.0419999994
vn 0.89289999 0.318300009 -0.318300009
vn 0.890999973 0.173700005 -0.419400007
vn 0.89289999 0 -0.450100005
vn 0.998199999 0 0.0593999997
vn 0.770500004 0 0.637399971
vn 0.998300016 -0.0535000004 0.0220999997
vn 0.771799982 -0.587400019 0.243300006
vn 0.770500004 -0.637399971 0
vn 0.998199999 -0.0593999997 0
vn 0.89289999 0.450100005 0
vn 0.890999973 0.419400007 -0.173700005
vn 0.89289999 0.318300009 -0.318300009
vn 0.998199999 -0.0419999994 0.0419999994
vn 0.770500004 -0.450800002 0.450700015
vn 0.998300016 -0.0533999987 -0.0220999997
vn 0.771799982 -0.587400019 -0.243300006
vn 0.770500004 -0.450700015 -0.450700015
vn 0.998199999 -0.0419000015 -0.0419999994
vn 0.89289999 0.318199992 0.318300009
vn 0.890999973 0.419499993 0.173700005
vn 0.89289999 0.450100005 0
vn 0.998199999 -0.0593999997 0
vn 0.770500004 -0.637399971 0
vn 0.998300016 -0.0220999997 -0.0533999987
vn 0.771799982 -0.243300006 -0.587400019
vn 0.770500004 0 -0.637399971
vn 0.998199999 0 -0.0593999997
vn 0.89289999 0 0.450100005
vn 0.890999973 0.173700005 0.419400007
vn 0.89289999 0.318199992 0.318300009
vn 0.998199999 -0.0419000015 -0.0419999994
vn 0.770500004 -0.450700015 -0.450700015
vn 0.998300016 0.0220999997 -0.0533999987
vn 0.771799982 0.243300006 -0.587400019
vn 0.770500004 0.450700015 -0.450700015
vn 0.998199999 0.0419999994 -0.0419999994
vn 0.89289999 -0.318300009 0.318300009
vn 0.890999973 -0.173700005 0.419499993
vn 0.89289999 0 0.450100005
vn 0.998199999 0 -0.0593999997
vn 0.770500004 0 -0.637399971
vn 0.998300016 0.0533999987 -0.0220999997
vn 0.771799982 0.587400019 -0.243300006
vn 0.770500004 0.637399971 0
vn 0.998199999 0.0595000014 0
vn 0.89289999 -0.450100005 0
vn 0.890999973 -0.419499993 0.173700005
vn 0.89289999 -0.318300009 0.318300009
vn 0.998199999 0.0419999994 -0.0419999994
vn 0.770500004 0.450700015 -0.450700015
vn 0.998300016 0.0535000004 0.0220999997
vn 0.890999973 -0.419400007 -0.173700005
vn 0.771799982 0.587400019 0.243300006
vn 0.264600009 -0.890900016 -0.368999988
vn 0.265899986 -0.963999987 0
vn 0.83920002 -0.54369998 0
vn 0.836700022 -0.505999982 -0.209600002
vn 0.83920002 -0.384499997 -0.384499997
vn 0.265899986 -0.681599975 -0.681599975
vn 0 -0.707099974 -0.707099974
vn 0 -0.923900008 -0.382699996
vn 0 -1 0
vn 0 -0.923900008 -0.382699996
vn 0 -1 0
vn 0 -0.707099974 -0.707099974
vn 0 -0.707099974 -0.707099974
vn 0 -0.923900008 -0.382699996
vn 0 -1 0
vn 0.264499992 -0.890999973 0.368999988
vn 0.836700022 -0.505999982 0.209600002
vn 0 -0.923900008 0.382699996
vn 0 -0.707099974 0.707099974
vn 0.265899986 -0.681599975 0.681599975
vn 0.83920002 -0.384499997 0.384499997
vn 0 -0.923900008 0.382699996
vn 0 -0.923900008 0.382699996
vn 0 -0.707099974 0.707099974
vn 0 -0.707099974 0.707099974
vn 0.264499992 -0.368999988 0.890999973
vn 0.836600006 -0.209600002 0.505999982
vn 0.83920002 -0.384499997 0.384499997
vn 0.265899986 -0.681599975 0.681599975
vn 0 -0.707099974 0.707099974
vn 0 -0.382699996 0.923900008
vn 0 0 1
vn 0.265899986 0 0.963999987
vn 0.83920002 0 0.543799996
vn 0 -0.382699996 0.923900008
vn 0 -0.707099974 0.707099974
vn 0 -0.707099974 0.707099974
vn 0 -0.382699996 0.923900008
vn 0 0 1
vn 0 0 1
vn 0.264499992 0.368999988 0.890999973
vn 0.836600006 0.209600002 0.505999982
vn 0.83920002 0 0.543799996
vn 0.265899986 0 0.963999987
vn 0 0 1
vn 0 0.382699996 0.923900008
vn 0 0.707099974 0.707099974
vn 0.265899986 0.681599975 0.681599975
vn 0.83920002 0.384499997 0.384499997
vn 0 0.382699996 0.923900008
vn 0 0 1
vn 0 0 1
vn 0 0.382699996 0.923900008
vn 0 0.707099974 0.707099974
vn 0 0.707099974 0.707099974
vn 0.264499992 0.890999973 0.368999988
vn 0.836700022 0.505999982 0.209600002
vn 0.83920002 0.384499997 0.384499997
vn 0.265899986 0.681599975 0.681599975
vn 0 0.707099974 0.707099974
vn 0 0.923900008 0.382699996
vn 0 1 0
vn 0.265899986 0.963999987 0
vn 0.83920002 0.54369998 0
vn 0 0.923900008 0.382699996
vn 0 0.707099974 0.707099974
vn 0 0.707099974 0.707099974
vn 0 0.923900008 0.382699996
vn 0 1 0
vn 0 1 0
vn 0.264600009 0.890900016 -0.368999988
vn 0.836700022 0.505999982 -0.209600002
vn 0.83920002 0.54369998 0
vn 0.265899986 0.963999987 0
vn 0 1 0
vn 0 0.923900008 -0.382699996
vn 0 0.707099974 -0.707099974
vn 0.265899986 0.681599975 -0.681599975
vn 0.83920002 0.384499997 -0.384499997
vn 0 0.923900008 -0.382699996
vn 0 1 0
vn 0 1 0
vn 0 0.923900008 -0.382699996
vn 0 0.707099974 -0.707099974
vn 0 0.707099974 -0.707099974
vn 0.264499992 0.368999988 -0.890999973
vn 0.836700022 0.209600002 -0.505999982
vn 0.83920002 0.384499997 -0.384499997
vn 0.265899986 0.681599975 -0.681599975
vn 0 0.707099974 -0.707099974
vn 0 0.382699996 -0.923900008
vn 0 0 -1
vn 0.265899986 0 -0.963999987
vn 0.83920002 0 -0.543799996
vn 0 0.382699996 -0.923900008
vn 0 0.707099974 -0.707099974
vn 0 0.707099974 -0.707099974
vn 0 0.382699996 -0.923900008
vn 0 0 -1
vn 0 0 -1
vn 0.264499992 -0.368999988 -0.890999973
vn 0.836700022 -0.209600002 -0.505999982
vn 0.83920002 0 -0.543799996
vn 0.265899986 0 -0.963999987
vn 0 0 -1
vn 0 -0.382699996 -0.923900008
vn 0 -0.382699996 -0.923900008
vn 0 0 -1
vn 0 0 -1
vn 0 -0.382699996 -0.923900008
vn 0.349000007 -0.358599991 -0.865800023
vn 0.351000011 -0.662100017 -0.662100017
vn 0.89289999 -0.318300009 -0.318300009
vn 0.890999973 -0.173700005 -0.419400007
vn 0.89289999 0 -0.450100005
vn 0.350899994 0 -0.936399996
vn 0 0 -1
vn 0 -0.382699996 -0.923900008
vn 0 -0.707099974 -0.707099974
vn 0 -0.382699996 -0.923900008
vn 0 -0.707099974 -0.707099974
vn 0 0 -1
vn 0 0 -1
vn 0 -0.382699996 -0.923900008
vn 0 -0.707099974 -0.707099974
vn 0.349000007 0.358599991 -0.865800023
vn 0.350899994 0 -0.936399996
vn 0.89289999 0 -0.450100005
vn 0.890999973 0.173700005 -0.419400007
vn 0.89289999 0.318300009 -0.318300009
vn 0.351000011 0.662100017 -0.662100017
vn 0 0.707099974 -0.707099974
vn 0 0.382699996 -0.923900008
vn 0 0 -1
vn 0 0.382699996 -0.923900008
vn 0 0 -1
vn 0 0.707099974 -0.707099974
vn 0 0.707099974 -0.707099974
vn 0 0.382699996 -0.923900008
vn 0 0 -1
vn 0.349000007 0.865700006 -0.358599991
vn 0.351000011 0.662100017 -0.662100017
vn 0.89289999 0.318300009 -0.318300009
vn 0.890999973 0.419400007 -0.173700005
vn 0.89289999 0.450100005 0
vn 0.350899994 0.936399996 0
vn 0 1 0
vn 0 0.923900008 -0.382699996
vn 0 0.707099974 -0.707099974
vn 0 0.923900008 -0.382699996
vn 0 0.707099974 -0.707099974
vn 0 1 0
vn 0 1 0
vn 0 0.923900008 -0.382699996
vn 0 0.707099974 -0.707099974
vn 0.349000007 0.865800023 0.358599991
vn 0.350899994 0.936399996 0
vn 0.89289999 0.450100005 0
vn 0.890999973 0.419499993 0.173700005
vn 0.89289999 0.318199992 0.318300009
vn 0.351000011 0.662100017 0.662199974
vn 0 0.707099974 0.707099974
vn 0 0.923900008 0.382699996
vn 0 1 0
vn 0 0.923900008 0.382699996
vn 0 1 0
vn 0 0.707099974 0.707099974
vn 0 0.707099974 0.707099974
vn 0 0.923900008 0.382699996
vn 0 1 0
vn 0.349000007 0.358599991 0.865800023
vn 0.351000011 0.662100017 0.662199974
vn 0.89289999 0.318199992 0.318300009
vn 0.890999973 0.173700005 0.419400007
vn 0.89289999 0 0.450100005
vn 0.350899994 0 0.936399996
vn 0 0 1
vn 0 0.382699996 0.923900008
vn 0 0.707099974 0.707099974
vn 0 0.382699996 0.923900008
vn 0 0.707099974 0.707099974
vn 0 0 1
vn 0 0 1
vn 0 0.382699996 0.923900008
vn 0 0.707099974 0.707099974
vn 0.349000007 -0.358599991 0.865800023
vn 0.350899994 0 0.936399996
vn 0.89289999 0 0.450100005
vn 0.890999973 -0.173700005 0.419499993
vn 0.89289999 -0.318300009 0.318300009
vn 0.351000011 -0.662100017 0.662100017
vn 0 -0.707099974 0.707099974
vn 0 -0.382699996 0.923900008
vn 0 0 1
vn 0 -0.382699996 0.923900008
vn 0 0 1
vn 0 -0.707099974 0.707099974
vn 0 -0.707099974 0.707099974
vn 0 -0.382699996 0.923900008
vn 0 0 1
vn 0.349000007 -0.865800023 0.358599991
vn 0.351000011 -0.662100017 0.662100017
vn 0.89289999 -0.318300009 0.318300009
vn 0.890999973 -0.419499993 0.173700005
vn 0.89289999 -0.450100005 0
vn 0.350899994 -0.936399996 0
vn 0 -1 0
vn 0 -0.923900008 0.382699996
vn 0 -0.707099974 0.707099974
vn 0 -0.923900008 0.382699996
vn 0 -0.707099974 0.707099974
vn 0 -1 0
vn 0 -1 0
vn 0 -0.923900008 0.382699996
vn 0 -0.707099974 0.707099974
vn 0.349000007 -0.865700006 -0.358599991
vn 0.890999973 -0.419400007 -0.173700005
vn 0 -0.923900008 -0.382699996
vn 0 -0.923900008 -0.382699996
vn 0 -0.923900008 -0.382699996
vn 0.181199998 0.908599973 0.376300007
vn 0.181400001 0.6954 0.695299983
vn 0.713 0.495799989 0.495799989
vn 0.713 0.701099992 0
vn 0.181400001 0.983399987 0
vn 0 1 0
vn 0 0.923900008 0.382699996
vn 0 0.707099974 0.707099974
vn 0.181199998 0.908599973 -0.376300007
vn 0.181400001 0.6954 -0.6954
vn 0 0.707099974 -0.707099974
vn 0 0.923900008 -0.382699996
vn 0.181199998 0.376300007 -0.908599973
vn 0.181500003 0 -0.983399987
vn 0 0 -1
vn 0 0.382699996 -0.923900008
vn 0 0.707099974 -0.707099974
vn 0.181400001 0.6954 -0.6954
vn 0.181199998 -0.376300007 -0.908599973
vn 0.181400001 -0.6954 -0.6954
vn 0 -0.707099974 -0.707099974
vn 0 -0.382699996 -0.923900008
vn 0 0 -1
vn 0.181500003 0 -0.983399987
vn 0.181199998 -0.908599973 -0.376300007
vn 0.181400001 -0.983399987 0
vn 0 -1 0
vn 0 -0.923900008 -0.382699996
vn 0 -0.707099974 -0.707099974
vn 0.181400001 -0.6954 -0.6954
vn 0.181199998 -0.908599973 0.376300007
vn 0.181400001 -0.6954 0.6954
vn 0 -0.707099974 0.707099974
vn 0 -0.923900008 0.382699996
vn 0 -1 0
vn 0.181400001 -0.983399987 0
vn 0.181199998 -0.376300007 0.908599973
vn 0.181400001 0 0.983399987
vn 0 0 1
vn 0 -0.382699996 0.923900008
vn 0 -0.707099974 0.707099974
vn 0.181400001 -0.6954 0.6954
vn 0.181199998 0.376300007 0.908599973
vn 0 0.382699996 0.923900008
vn 0 0 1
vn 0.181400001 0 0.983399987
vn 0.2315 0.372299999 0.898800015
vn 0.231600001 0.687900007 0.687900007
vn 0 0.707099974 0.707099974
vn 0 0.382699996 0.923900008
vn 0 0 1
vn 0.231600001 0 0.972800016
vn 0.770500004 0.450700015 0.450800002
vn 0.2315 -0.372299999 0.898800015
vn 0.231600001 -0.687900007 0.687900007
vn 0.231600001 0 0.972800016
vn 0 0 1
vn 0 -0.382699996 0.923900008
vn 0 -0.707099974 0.707099974
vn 0.2315 -0.898800015 0.372299999
vn 0.231600001 -0.972800016 0
vn 0.231600001 -0.687900007 0.687900007
vn 0 -0.707099974 0.707099974
vn 0 -0.923900008 0.382699996
vn 0 -1 0
vn 0.2315 -0.898800015 -0.372299999
vn 0.231600001 -0.687900007 -0.687900007
vn 0.231600001 -0.972800016 0
vn 0 -1 0
vn 0 -0.923900008 -0.382699996
vn 0 -0.707099974 -0.707099974
vn 0.2315 -0.372299999 -0.898800015
vn 0.231600001 0 -0.972800016
vn 0.231600001 -0.687900007 -0.687900007
vn 0 -0.707099974 -0.707099974
vn 0 -0.382699996 -0.923900008
vn 0 0 -1
vn 0.2315 0.372299999 -0.898800015
vn 0.231600001 0.687900007 -0.687900007
vn 0.231600001 0 -0.972800016
vn 0 0 -1
vn 0 0.382699996 -0.923900008
vn 0 0.707099974 -0.707099974
vn 0.2315 0.898800015 -0.372299999
vn 0.231600001 0.972800016 0
vn 0.770500004 0.637399971 0
vn 0.231600001 0.687900007 -0.687900007
vn 0 0.707099974 -0.707099974
vn 0 0.923900008 -0.382699996
vn 0 1 0
vn 0.2315 0.898800015 0.372299999
vn 0 0.923900008 0.382699996
vn 0 0.923900008 0.382699996
vn 0 0.707099974 0.707099974
vn 0 1 0
vn 0 1 0
vn 0 0.923900008 0.382699996
vn 0 0.707099974 0.707099974
vn 0 0.923900008 0.382699996
vn 0 0.707099974 0.707099974
vn 0 1 0
vn 0 1 0
vn 0 0.923900008 0.382699996
vn 0 0.707099974 0.707099974
vn 0 0.923900008 -0.382699996
vn 0 0.707099974 -0.707099974
vn 0 0.707099974 -0.707099974
vn 0 0.923900008 -0.382699996
vn 0 0.923900008 -0.382699996
vn 0 0.707099974 -0.707099974
vn 0 0.707099974 -0.707099974
vn 0 0.923900008 -0.382699996
vn 0 0.382699996 -0.923900008
vn 0 0 -1
vn 0 0 -1
vn 0 0.382699996 -0.923900008
vn 0 0.707099974 -0.707099974
vn 0 0.707099974 -0.707099974
vn 0 0.382699996 -0.923900008
vn 0 0 -1
vn 0 0 -1
vn 0 0.382699996 -0.923900008
vn 0 0.707099974 -0.707099974
vn 0 0.707099974 -0.707099974
vn 0 -0.382699996 -0.923900008
vn 0 -0.707099974 -0.707099974
vn 0 -0.707099974 -0.707099974
vn 0 -0.382699996 -0.923900008
vn 0 0 -1
vn 0 0 -1
vn 0 -0.382699996 -0.923900008
vn 0 -0.707099974 -0.707099974
vn 0 -0.707099974 -0.707099974
vn 0 -0.382699996 -0.923900008
vn 0 0 -1
vn 0 0 -1
vn 0 -0.923900008 -0.382699996
vn 0 -1 0
vn 0 -1 0
vn 0 -0.923900008 -0.382699996
vn 0 -0.707099974 -0.707099974
vn 0 -0.707099974 -0.707099974
vn 0 -0.923900008 -0.382699996
vn 0 -1 0
vn 0 -1 0
vn 0 -0.923900008 -0.382699996
vn 0 -0.707099974 -0.707099974
vn 0 -0.707099974 -0.707099974
vn 0 -0.923900008 0.382699996
vn 0 -0.707099974 0.707099974
vn 0 -0.707099974 0.707099974
vn 0 -0.923900008 0.382699996
vn 0 -1 0
vn 0 -1 0
vn 0 -0.923900008 0.382699996
vn 0 -0.707099974 0.707099974
vn 0 -0.707099974 0.707099974
vn 0 -0.923900008 0.382600009
vn 0 -1 0
vn 0 -1 0
vn 0 -0.382699996 0.923900008
vn 0 0 1
vn 0 0 1
vn 0 -0.382699996 0.923900008
vn 0 -0.707099974 0.707099974
vn 0 -0.707099974 0.707099974
vn 0 -0.382699996 0.923900008
vn 0 0 1
vn 0 0 1
vn 0 -0.382699996 0.923900008
vn 0 -0.707099974 0.707099974
vn 0 -0.707099974 0.707099974
vn 0 0.382699996 0.923900008
vn 0 0.382699996 0.923900008
vn 0 0 1
vn 0 0 1
vn 0 0.382699996 0.923900008
vn 0 0.382699996 0.923900008
vn 0 0 1
vn 0 0 1
vn 0 0.382699996 0.923900008
vn 0 0 1
vn 0 0.707099974 0.707099974
vn 0 0.707099974 0.707099974
vn 0 0.382699996 0.923900008
vn 0 0 1
vn 0 0.382699996 0.923900008
vn 0 0 1
vn 0 0.707099974 0.707099974
vn 0 0.707099974 0.707099974
vn 0 0.382699996 0.923900008
vn 0 0 1
vn 0 -0.382699996 0.923900008
vn 0 -0.707099974 0.707099974
vn 0 0 1
vn 0 0 1
vn 0 -0.382699996 0.923900008
vn 0 -0.707099974 0.707099974
vn 0 -0.382699996 0.923900008
vn 0 -0.707099974 0.707099974
vn 0 0 1
vn 0 0 1
vn 0 -0.382699996 0.923900008
vn 0 -0.707099974 0.707099974
vn 0 -0.923900008 0.382699996
vn 0 -1 0
vn 0 -0.707099974 0.707099974
vn 0 -0.707099974 0.707099974
vn 0 -0.923900008 0.382699996
vn 0 -1 0
vn 0 -0.923900008 0.382699996
vn 0 -1 0
vn 0 -0.707099974 0.707099974
vn 0 -0.707099974 0.707099974
vn 0 -0.923900008 0.382699996
vn 0 -1 0
vn 0 -0.923900008 -0.382699996
vn 0 -0.707099974 -0.707099974
vn 0 -1 0
vn 0 -1 0
vn 0 -0.923900008 -0.382699996
vn 0 -0.707099974 -0.707099974
vn 0 -0.923900008 -0.382699996
vn 0 -0.707099974 -0.707099974
vn 0 -1 0
vn 0 -1 0
vn 0 -0.923900008 -0.382699996
vn 0 -0.707099974 -0.707099974
vn 0 -0.382699996 -0.923900008
vn 0 0 -1
vn 0 -0.707099974 -0.707099974
vn 0 -0.707099974 -0.707099974
vn 0 -0.382699996 -0.923900008
vn 0 0 -1
vn 0 -0.382699996 -0.923900008
vn 0 0 -1
vn 0 -0.707099974 -0.707099974
vn 0 -0.707099974 -0.707099974
vn 0 -0.382699996 -0.923900008
vn 0 0 -1
vn 0 0.382699996 -0.923900008
vn 0 0.707099974 -0.707099974
vn 0 0 -1
vn 0 0 -1
vn 0 0.382699996 -0.923900008
vn 0 0.707099974 -0.707099974
vn 0 0.382699996 -0.923900008
vn 0 0.707099974 -0.707099974
vn 0 0 -1
vn 0 0 -1
vn 0 0.382699996 -0.923900008
vn 0 0.707099974 -0.707099974
vn 0 0.923900008 -0.382699996
vn 0 1 0
vn 0 0.707099974 -0.707099974
vn 0 0.707099974 -0.707099974
vn 0 0.923900008 -0.382699996
vn 0 1 0
vn 0 0.923900008 -0.382699996
vn 0 1 0
vn 0 0.707099974 -0.707099974
vn 0 0.707099974 -0.707099974
vn 0 0.923900008 -0.382699996
vn 0 1 0
vn 0 0.923900008 0.382699996
vn 0 0.923900008 0.382699996
vn 0 0.923900008 0.382699996
vn 0 0.923900008 0.382699996
vn 0.997500002 0.0703999996 0
vn 0.997500002 0.0703999996 0
vn 0.997500002 0.0703999996 0
vn 0.997500002 0.0703999996 0
vn 0.997500002 0.0703999996 0
vn 0.997500002 0.0703999996 0
vn 0.997500002 0.0703999996 0
vn 0.997500002 0.0703999996 0
vn 0.997500002 0.0703999996 0
vn -0.98089999 -0.000199999995 -0.194600001
vn -0.924300015 0.0908999965 -0.370799989
vn -0.699299991 0.0234999992 -0.714399993
vn -0.698800027 -0.000300000014 -0.715200007
vn -0.697799981 -0.0236000009 -0.715900004
vn -0.922299981 -0.0926000029 -0.375099987
vn -0.996299982 -0.0854000002 0
vn -1 0 0
vn -0.996500015 0.0834999979 0
vn 0.997500002 0.0703999996 0
vn 0.997500002 0.0703999996 0
vn 0.997500002 0.0703999996 0
vn 0.997500002 0.0703999996 0
vn 0.997500002 0.0703999996 0
vn 0.997500002 0.0703999996 0
vn 0.997500002 0.0703999996 0
vn 0.997500002 0.0703999996 0
vn 0.997500002 0.0703999996 0
vn -0.993499994 -9.99999975e-05 0.114
vn -0.965499997 0.0954999998 0.241999999
vn -0.996500015 0.0834999979 0
vn -1 0 0
vn -0.996299982 -0.0854000002 0
vn -0.964399993 -0.0974000022 0.245900005
vn -0.825900018 -0.0318999998 0.562900007
vn -0.824299991 -0.000600000028 0.566100001
vn -0.827199996 0.0317000002 0.560899973
vn 0.700200021 0.052099999 -0.712000012
vn 0.678499997 0.135499999 -0.722000003
vn 0.997500002 0.0703999996 0
vn 0.997500002 0.0703999996 0
vn 0.997500002 0.0703999996 0
vn 0.704400003 -0.0175000001 -0.709599972
vn 0.0627000034 -0.111699998 -0.99180001
vn 0.00260000001 0 -1
vn -0.00669999979 0.114100002 -0.993399978
vn 0.00219999999 -0.0013 -1
vn -0.00400000019 0.101400003 -0.994799972
vn 0.0471000001 -0.109399997 -0.992900014
vn 0.0146000003 -0.0960000008 -0.995299995
vn 0.000600000028 -0.000600000028 -1
vn -0.000699999975 0.0917000026 -0.995800018
vn 0.00400000019 -0.00230000005 1
vn -0.00700000022 0.175799996 0.984399974
vn -0.0013 0.159799993 0.987100005
vn 0.00120000006 -0.00100000005 1
vn 0.0252999999 -0.166999996 0.985599995
vn 0.0804999992 -0.188500002 0.978799999
vn 0.107199997 -0.191 0.975700021
vn 0.0046000001 0 1
vn -0.0116999997 0.196799994 0.980300009
vn 0.69630003 0.0538999997 0.715600014
vn 0.65990001 0.200000003 0.724300027
vn 0.7051 -0.0669 0.70599997
vn 0.997500002 0.0703999996 0
vn 0.997500002 0.0703999996 0
vn 0.997500002 0.0703999996 0
vn 0.742799997 -0.426099986 -0.51639998
vn 0.704400003 -0.0175000001 -0.709599972
vn 0.997500002 0.0703999996 0
vn 0.997500002 0.0703999996 0
vn 0.888700008 -0.458400011 0
vn 0.520900011 -0.853600025 0
vn 0.404599994 -0.670099974 -0.622300029
vn 0.0627000034 -0.111699998 -0.99180001
vn 0.301200002 -0.735099971 -0.607299984
vn 0.0471000001 -0.109399997 -0.992900014
vn 0.384900004 -0.922900021 0
vn 0.153600007 -0.988099992 0
vn 0.118100002 -0.768899977 -0.628400028
vn -0.0013 0.768999994 -0.639199972
vn -0.00400000019 0.101400003 -0.994799972
vn -0.000699999975 0.0917000026 -0.995800018
vn 0.00430000015 0.763100028 -0.646200001
vn 0.00719999988 1 0
vn 0.00289999996 1 0
vn 0 1 0
vn -0.0055999998 0.775900006 -0.630800009
vn -0.00669999979 0.114100002 -0.993399978
vn 0.563199997 0.650699973 -0.509299994
vn 0.678499997 0.135499999 -0.722000003
vn 0.681800008 0.731599987 0
vn 0.997500002 0.0703999996 0
vn 0.997500002 0.0703999996 0
vn 0.997500002 0.0703999996 0
vn 0.766799986 -0.459899992 0.447699994
vn 0.888700008 -0.458400011 0
vn 0.997500002 0.0703999996 0
vn 0.997500002 0.0703999996 0
vn 0.997500002 0.0703999996 0
vn 0.7051 -0.0669 0.70599997
vn 0.107199997 -0.191 0.975700021
vn 0.4278 -0.712300003 0.556400001
vn 0.520900011 -0.853600025 0
vn 0.31279999 -0.770799994 0.554899991
vn 0.384900004 -0.922900021 0
vn 0.0804999992 -0.188500002 0.978799999
vn 0.0252999999 -0.166999996 0.985599995
vn 0.122699998 -0.804199994 0.58160001
vn 0.153600007 -0.988099992 0
vn -0.00350000011 0.810899973 0.585200012
vn 0.00289999996 1 0
vn 0.00719999988 1 0
vn 0.00380000006 0.801599979 0.597800016
vn -0.0013 0.159799993 0.987100005
vn -0.00700000022 0.175799996 0.984399974
vn -0.0116999997 0.196799994 0.980300009
vn -0.00899999961 0.820900023 0.57099998
vn 0 1 0
vn 0.570900023 0.684199989 0.453700006
vn 0.681800008 0.731599987 0
vn 0.65990001 0.200000003 0.724300027
vn 0.997500002 0.0703999996 0
vn 0.997500002 0.0703999996 0
vn 0.997500002 0.0703999996 0
vn 0.000199999995 -9.99999975e-05 -1
vn 0.000300000014 0.0857999995 -0.996299982
vn 0.00380000006 -0.0865999982 -0.996200025
vn 0.00230000005 -0.0829999968 -0.996500015
vn 9.99999975e-05 0 -1
vn 9.99999975e-05 0.0832000002 -0.996500015
vn -0.1831 0.00039999999 -0.983099997
vn -0.361499995 0.0896999985 -0.927999973
vn -0.355500013 -0.0905999988 -0.930199981
vn -0.697799981 -0.0236000009 -0.715900004
vn -0.698800027 -0.000300000014 -0.715200007
vn -0.699299991 0.0234999992 -0.714399993
vn -0.29519999 0.000500000024 0.95539999
vn -0.470699996 0.1426 0.870700002
vn -0.827199996 0.0317000002 0.560899973
vn -0.824299991 -0.000600000028 0.566100001
vn -0.825900018 -0.0318999998 0.562900007
vn -0.4648 -0.144500002 0.87349999
vn 0.00400000019 -0.145199999 0.989400029
vn 0.000199999995 0 1
vn 0.000199999995 0.145500004 0.989300013
vn 0.000300000014 -0.000199999995 1
vn 0.000500000024 0.150000006 0.988699973
vn 0.00659999996 -0.151299998 0.988399982
vn 0.0362999998 -0.761900008 -0.646700025
vn 0.00380000006 -0.0865999982 -0.996200025
vn 0.0480000004 -0.99879998 0
vn 0.0306000002 -0.999499977 0
vn 0.023 -0.757499993 -0.652400017
vn 0.00230000005 -0.0829999968 -0.996500015
vn -0.526499987 -0.658999979 -0.537
vn -0.355500013 -0.0905999988 -0.930199981
vn -0.638700008 -0.769400001 0
vn -0.996299982 -0.0854000002 0
vn -0.922299981 -0.0926000029 -0.375099987
vn -0.536899984 0.649699986 -0.538100004
vn -0.361499995 0.0896999985 -0.927999973
vn -0.924300015 0.0908999965 -0.370799989
vn -0.651799977 0.758300006 0
vn 0.00430000015 1 0
vn 0.00310000009 0.758599997 -0.651499987
vn 9.99999975e-05 0.0832000002 -0.996500015
vn 0.00590000022 0.759599984 -0.650300026
vn 0.000300000014 0.0857999995 -0.996299982
vn 0.00820000004 0.999899983 0
vn 0.0377999991 -0.797599971 0.601899981
vn 0.0480000004 -0.99879998 0
vn 0.00659999996 -0.151299998 0.988399982
vn 0.00400000019 -0.145199999 0.989400029
vn 0.0239000004 -0.792900026 0.608799994
vn 0.0306000002 -0.999499977 0
vn -0.533100009 -0.682500005 0.499900013
vn -0.638700008 -0.769400001 0
vn -0.4648 -0.144500002 0.87349999
vn -0.825900018 -0.0318999998 0.562900007
vn -0.964399993 -0.0974000022 0.245900005
vn -0.996299982 -0.0854000002 0
vn -0.543900013 0.673500001 0.500500023
vn -0.651799977 0.758300006 0
vn -0.996500015 0.0834999979 0
vn -0.965499997 0.0954999998 0.241999999
vn -0.470699996 0.1426 0.870700002
vn 0.000199999995 0.145500004 0.989300013
vn 0.00310000009 0.793799996 0.608099997
vn 0.00430000015 1 0
vn 0.00600000005 0.796000004 0.605199993
vn 0.00820000004 0.999899983 0
vn 0.000500000024 0.150000006 0.988699973
vn 0.997500002 0.0703999996 0
vn 0.997500002 0.0703999996 0
vn 0.997500002 0.0703999996 0
vn 0.997500002 0.0703999996 0
vn 0.997500002 0.0703999996 0
vn 0.997500002 0.0703999996 0
vn 0.997500002 0.0703999996 0
vn 0.997500002 0.0703999996 0
vn 0.997500002 0.0703999996 0
vn 0.997500002 0.0703999996 0
vn 0.997500002 0.0703999996 0
vn 0.997500002 0.0703999996 0
vn -1 0 0
vn -0.996500015 0.0834999979 0
vn -0.996299982 -0.0854000002 0
vn -0.996299982 -0.0854000002 0
vn -1 0 0
vn -0.996500015 0.0834999979 0
vn -1 0 0
vn -0.996500015 0.0834999979 0
vn -0.996299982 -0.0854000002 0
vn -0.996299982 -0.0854000002 0
vn -1 0 0
vn -0.996500015 0.0834999979 0
vn 0.888700008 -0.458400011 0
vn 0.520900011 -0.853600025 0
vn 0.520900011 -0.853600025 0
vn 0.888700008 -0.458400011 0
vn 0.997500002 0.0703999996 0
vn 0.997500002 0.0703999996 0
vn 0.888700008 -0.458400011 0
vn 0.520900011 -0.853600025 0
vn 0.888700008 -0.458400011 0
vn 0.520900011 -0.853600025 0
vn 0.997500002 0.0703999996 0
vn 0.997500002 0.0703999996 0
vn 0.888700008 -0.458400011 0
vn 0.520900011 -0.853600025 0
vn 0.384900004 -0.922900021 0
vn 0.153600007 -0.988099992 0
vn 0.520900011 -0.853600025 0
vn 0.520900011 -0.853600025 0
vn 0.384900004 -0.922900021 0
vn 0.153600007 -0.988099992 0
vn 0.384900004 -0.922900021 0
vn 0.153600007 -0.988099992 0
vn 0.520900011 -0.853600025 0
vn 0.520900011 -0.853600025 0
vn 0.384900004 -0.922900021 0
vn 0.153600007 -0.988099992 0
vn 0.00289999996 1 0
vn 0 1 0
vn 0.00719999988 1 0
vn 0.00719999988 1 0
vn 0.00289999996 1 0
vn 0 1 0
vn 0.00289999996 1 0
vn 0 1 0
vn 0.00719999988 1 0
vn 0.00719999988 1 0
vn 0.00289999996 1 0
vn 0 1 0
vn 0.681800008 0.731599987 0
vn 0.997500002 0.0703999996 0
vn 0.997500002 0.0703999996 0
vn 0.681800008 0.731599987 0
vn 0 1 0
vn 0 1 0
vn 0.681800008 0.731599987 0
vn 0.997500002 0.0703999996 0
vn 0.681800008 0.731599987 0
vn 0.997500002 0.0703999996 0
vn 0 1 0
vn 0 1 0
vn 0.681800008 0.731599987 0
vn 0.997500002 0.0703999996 0
vn 0.0480000004 -0.99879998 0
vn 0.0306000002 -0.999499977 0
vn 0.0480000004 -0.99879998 0
vn 0.0306000002 -0.999499977 0
vn 0.0480000004 -0.99879998 0
vn 0.0306000002 -0.999499977 0
vn 0.0480000004 -0.99879998 0
vn 0.0306000002 -0.999499977 0
vn -0.638700008 -0.769400001 0
vn -0.996299982 -0.0854000002 0
vn -0.638700008 -0.769400001 0
vn -0.996299982 -0.0854000002 0
vn -0.638700008 -0.769400001 0
vn -0.996299982 -0.0854000002 0
vn -0.638700008 -0.769400001 0
vn -0.996299982 -0.0854000002 0
vn -0.651799977 0.758300006 0
vn 0.00430000015 1 0
vn -0.996500015 0.0834999979 0
vn -0.996500015 0.0834999979 0
vn -0.651799977 0.758300006 0
vn 0.00430000015 1 0
vn -0.651799977 0.758300006 0
vn 0.00430000015 1 0
vn -0.996500015 0.0834999979 0
vn -0.996500015 0.0834999979 0
vn -0.651799977 0.758300006 0
vn 0.00430000015 1 0
vn 0.00820000004 0.999899983 0
vn 0.00820000004 0.999899983 0
vn 0.00820000004 0.999899983 0
vn 0.00820000004 0.999899983 0
vn 0.997500002 0.0703999996 0
vn 0.997500002 0.0703999996 0
vn 0.997500002 0.0703999996 0
vn 0.997500002 0.0703999996 0
vn 0.997500002 0.0703999996 0
vn 0.997500002 0.0703999996 0
vn 0.997500002 0.0703999996 0
vn 0.997500002 0.0703999996 0
vn 0.997500002 0.0703999996 0
vn -1 0 0
vn -0.996500015 0.0834999979 0
vn -0.996299982 -0.0854000002 0
vn -0.996299982 -0.0854000002 0
vn -1 0 0
vn -0.996500015 0.0834999979 0
vn -1 0 0
vn -0.996500015 0.0834999979 0
vn -0.996299982 -0.0854000002 0
vn 0.888700008 -0.458400011 0
vn 0.520900011 -0.853600025 0
vn 0.997500002 0.0703999996 0
vn 0.997500002 0.0703999996 0
vn 0.888700008 -0.458400011 0
vn 0.520900011 -0.853600025 0
vn 0.888700008 -0.458400011 0
vn 0.520900011 -0.853600025 0
vn 0.997500002 0.0703999996 0
vn 0.997500002 0.0703999996 0
vn 0.888700008 -0.458400011 0
vn 0.384900004 -0.922900021 0
vn 0.153600007 -0.988099992 0
vn 0.520900011 -0.853600025 0
vn 0.520900011 -0.853600025 0
vn 0.384900004 -0.922900021 0
vn 0.153600007 -0.988099992 0
vn 0.384900004 -0.922900021 0
vn 0.153600007 -0.988099992 0
vn 0.520900011 -0.853600025 0
vn 0.00289999996 1 0
vn 0 1 0
vn 0.00719999988 1 0
vn 0.00719999988 1 0
vn 0.00289999996 1 0
vn 0 1 0
vn 0.00289999996 1 0
vn 0 1 0
vn 0.00719999988 1 0
vn 0.681800008 0.731599987 0
vn 0.997500002 0.0703999996 0
vn 0 1 0
vn 0 1 0
vn 0.681800008 0.731599987 0
vn 0.997500002 0.0703999996 0
vn 0.681800008 0.731599987 0
vn 0.997500002 0.0703999996 0
vn 0 1 0
vn 0 1 0
vn 0.681800008 0.731599987 0
vn 0.0480000004 -0.99879998 0
vn 0.0306000002 -0.999499977 0
vn 0.0480000004 -0.99879998 0
vn 0.0306000002 -0.999499977 0
vn 0.0480000004 -0.99879998 0
vn 0.0306000002 -0.999499977 0
vn -0.638700008 -0.769400001 0
vn -0.996299982 -0.0854000002 0
vn -0.638700008 -0.769400001 0
vn -0.996299982 -0.0854000002 0
vn -0.638700008 -0.769400001 0
vn -0.996299982 -0.0854000002 0
vn -0.651799977 0.758300006 0
vn 0.00430000015 1 0
vn -0.996500015 0.0834999979 0
vn -0.996500015 0.0834999979 0
vn -0.651799977 0.758300006 0
vn 0.00430000015 1 0
vn -0.651799977 0.758300006 0
vn 0.00430000015 1 0
vn -0.996500015 0.0834999979 0
vn 0.00820000004 0.999899983 0
vn 0.00820000004 0.999899983 0
vn 0.00820000004 0.999899983 0
f 1/1/1 2/2/2 3/3/3
f 1/1/1 3/3/3 4/4/4
f 1/1/1 4/4/4 5/5/5
f 1/1/1 5/5/5 6/6/6
f 1/1/1 6/6/6 7/7/7
f 1/1/1 7/7/7 8/8/8
f 1/1/1 8/8/8 9/9/9
f 1/1/1 9/9/9 2/2/2
f 10/10/10 11/11/11 12/12/12
f 10/10/10 12/12/12 13/13/13
f 10/10/10 13/13/13 14/14/14
f 10/10/10 14/14/14 15/15/15
f 10/10/10 15/15/15 7/7/7
f 10/10/10 7/7/7 6/6/6
f 10/10/10 6/6/6 5/5/5
f 10/10/10 5/5/5 11/11/11
f 16/16/16 17/17/17 18/18/18
f 16/16/16 18/18/18 19/19/19
f 16/16/16 19/19/19 20/20/20
f 16/16/16 20/20/20 21/21/21
f 16/16/16 21/21/21 22/22/22
f 16/16/16 22/22/22 23/23/23
f 16/16/16 23/23/23 24/24/24
f 16/16/16 24/24/24 17/17/17
f 25/25/25 26/26/26 27/27/27
f 25/25/25 27/27/27 28/28/28
f 25/25/25 28/28/28 29/29/29
f 25/25/25 29/29/29 30/30/30
f 25/25/25 30/30/30 31/31/31
f 25/25/25 31/31/31 32/32/32
f 25/25/25 32/32/32 33/33/33
f 25/25/25 33/33/33 26/26/26
f 34/34/34 35/35/35 36/36/36
f 34/34/34 36/36/36 37/37/37
f 34/34/34 37/37/37 38/38/38
f 34/34/34 38/38/38 39/39/39
f 34/34/34 39/39/39 40/40/40
f 34/34/34 40/40/40 41/41/41
f 34/34/34 41/41/41 42/42/42
f 34/34/34 42/42/42 35/35/35
f 43/43/43 44/44/44 45/45/45
f 43/43/43 45/45/45 46/46/46
f 43/43/43 46/46/46 47/47/47
f 43/43/43 47/47/47 48/48/48
f 43/43/43 48/48/48 49/49/49
f 43/43/43 49/49/49 50/50/50
f 43/43/43 50/50/50 51/51/51
f 43/43/43 51/51/51 44/44/44
f 52/52/52 53/53/53 54/54/54
f 52/52/52 54/54/54 55/55/55
f 52/52/52 55/55/55 56/56/56
f 52/52/52 56/56/56 57/57/57
f 52/52/52 57/57/57 58/58/58
f 52/52/52 58/58/58 59/59/59
f 52/52/52 59/59/59 60/60/60
f 52/52/52 60/60/60 53/53/53
f 61/61/61 62/62/62 3/3/3
f 61/61/61 3/3/3 2/2/2
f 61/61/61 2/2/2 9/9/9
f 61/61/61 9/9/9 63/63/63
f 61/61/61 63/63/63 64/64/64
f 61/61/61 64/64/64 65/65/65
f 61/61/61 65/65/65 66/66/66
f 61/61/61 66/66/66 62/62/62
f 67/67/67 68/68/68 69/69/69
f 67/67/67 69/69/69 70/70/70
f 67/67/67 70/70/70 71/71/71
f 67/67/67 71/71/71 72/72/72
f 67/67/67 72/72/72 73/73/73
f 67/67/67 73/73/73 74/74/74
f 67/67/67 74/74/74 75/75/75
f 67/67/67 75/75/75 68/68/68
f 76/76/76 77/77/77 78/78/78
f 76/76/76 78/78/78 79/79/79
f 76/76/76 79/79/79 80/80/80
f 76/76/76 80/80/80 81/81/81
f 76/76/76 81/81/81 82/82/82
f 76/76/76 82/82/82 83/83/83
f 76/76/76 83/83/83 84/84/84
f 76/76/76 84/84/84 77/77/77
f 85/85/85 86/86/86 87/87/87
f 85/85/85 87/87/87 88/88/88
f 85/85/85 88/88/88 89/89/89
f 85/85/85 89/89/89 90/90/90
f 85/85/85 90/90/90 91/91/91
f 85/85/85 91/91/91 92/92/92
f 85/85/85 92/92/92 93/93/93
f 85/85/85 93/93/93 86/86/86
f 94/94/94 95/95/95 96/96/96
f 94/94/94 96/96/96 97/97/97
f 94/94/94 97/97/97 98/98/98
f 94/94/94 98/98/98 99/99/99
f 94/94/94 99/99/99 100/100/100
f 94/94/94 100/100/100 101/101/101
f 94/94/94 101/101/101 102/102/102
f 94/94/94 102/102/102 95/95/95
f 103/103/103 104/104/104 105/105/105
f 103/103/103 105/105/105 106/106/106
f 103/103/103 106/106/106 107/107/107
f 103/103/103 107/107/107 108/108/108
f 103/103/103 108/108/108 109/109/109
f 103/103/103 109/109/109 110/110/110
f 103/103/103 110/110/110 111/111/111
f 103/103/103 111/111/111 104/104/104
f 112/112/112 113/113/113 114/114/114
f 112/112/112 114/114/114 115/115/115
f 112/112/112 115/115/115 116/116/116
f 112/112/112 116/116/116 117/117/117
f 112/112/112 117/117/117 118/118/118
f 112/112/112 118/118/118 119/119/119
f 112/112/112 119/119/119 120/120/120
f 112/112/112 120/120/120 113/113/113
f 121/121/121 122/122/122 123/123/123
f 121/121/121 123/123/123 124/124/124
f 121/121/121 124/124/124 125/125/125
f 121/121/121 125/125/125 126/126/126
f 121/121/121 126/126/126 127/127/127
f 121/121/121 127/127/127 128/128/128
f 121/121/121 128/128/128 129/129/129
f 121/121/121 129/129/129 122/122/122
f 130/130/130 131/131/131 73/73/73
f 130/130/130 73/73/73 72/72/72
f 130/130/130 72/72/72 71/71/71
f 130/130/130 71/71/71 132/132/132
f 130/130/130 132/132/132 123/123/123
f 130/130/130 123/123/123 122/122/122
f 130/130/130 122/122/122 129/129/129
f 130/130/130 129/129/129 131/131/131
f 133/133/133 134/134/134 135/135/135
f 133/133/133 135/135/135 136/136/136
f 133/133/133 136/136/136 137/137/137
f 133/133/133 137/137/137 138/138/138
f 133/133/133 138/138/138 139/139/139
f 133/133/133 139/139/139 140/140/140
f 133/133/133 140/140/140 141/141/141
f 133/133/133 141/141/141 134/134/134
f 142/142/142 138/138/138 137/137/137
f 142/142/142 137/137/137 143/143/143
f 142/142/142 143/143/143 144/144/144
f 142/142/142 144/144/144 145/145/145
f 142/142/142 145/145/145 146/146/146
f 142/142/142 146/146/146 147/147/147
f 142/142/142 147/147/147 139/139/139
f 142/142/142 139/139/139 138/138/138
f 148/148/148 136/136/136 135/135/135
f 148/148/148 135/135/135 149/149/149
f 148/148/148 149/149/149 150/150/150
f 148/148/148 150/150/150 151/151/151
f 148/148/148 151/151/151 152/152/152
f 148/148/148 152/152/152 153/153/153
f 148/148/148 153/153/153 137/137/137
f 148/148/148 137/137/137 136/136/136
f 154/154/154 143/143/143 137/137/137
f 154/154/154 137/137/137 153/153/153
f 154/154/154 153/153/153 152/152/152
f 154/154/154 152/152/152 155/155/155
f 154/154/154 155/155/155 156/156/156
f 154/154/154 156/156/156 157/157/157
f 154/154/154 157/157/157 144/144/144
f 154/154/154 144/144/144 143/143/143
f 158/158/158 159/159/159 160/160/160
f 158/158/158 160/160/160 161/161/161
f 158/158/158 161/161/161 162/162/162
f 158/158/158 162/162/162 163/163/163
f 158/158/158 163/163/163 164/164/164
f 158/158/158 164/164/164 165/165/165
f 158/158/158 165/165/165 166/166/166
f 158/158/158 166/166/166 159/159/159
f 167/167/167 168/168/168 166/166/166
f 167/167/167 166/166/166 165/165/165
f 167/167/167 165/165/165 164/164/164
f 167/167/167 164/164/164 169/169/169
f 167/167/167 169/169/169 170/170/170
f 167/167/167 170/170/170 171/171/171
f 167/167/167 171/171/171 172/172/172
f 167/167/167 172/172/172 168/168/168
f 173/173/173 174/174/174 175/175/175
f 173/173/173 175/175/175 176/176/176
f 173/173/173 176/176/176 177/177/177
f 173/173/173 177/177/177 178/178/178
f 173/173/173 178/178/178 179/179/179
f 173/173/173 179/179/179 180/180/180
f 173/173/173 180/180/180 181/181/181
f 173/173/173 181/181/181 174/174/174
f 182/182/182 183/183/183 181/181/181
f 182/182/182 181/181/181 180/180/180
f 182/182/182 180/180/180 179/179/179
f 182/182/182 179/179/179 184/184/184
f 182/182/182 184/184/184 185/185/185
f 182/182/182 185/185/185 186/186/186
f 182/182/182 186/186/186 187/187/187
f 182/182/182 187/187/187 183/183/183
f 188/188/188 189/189/189 190/190/190
f 188/188/188 190/190/190 191/191/191
f 188/188/188 191/191/191 192/192/192
f 188/188/188 192/192/192 193/193/193
f 188/188/188 193/193/193 194/194/194
f 188/188/188 194/194/194 195/195/195
f 188/188/188 195/195/195 196/196/196
f 188/188/188 196/196/196 189/189/189
f 197/197/197 198/198/198 196/196/196
f 197/197/197 196/196/196 195/195/195
f 197/197/197 195/195/195 194/194/194
f 197/197/197 194/194/194 199/199/199
f 197/197/197 199/199/199 200/200/200
f 197/197/197 200/200/200 201/201/201
f 197/197/197 201/201/201 202/202/202
f 197/197/197 202/202/202 198/198/198
f 203/203/203 204/204/204 205/205/205
f 203/203/203 205/205/205 206/206/206
f 203/203/203 206/206/206 207/207/207
f 203/203/203 207/207/207 208/208/208
f 203/203/203 208/208/208 209/209/209
f 203/203/203 209/209/209 210/210/210
f 203/203/203 210/210/210 211/211/211
f 203/203/203 211/211/211 204/204/204
f 212/212/212 213/213/213 211/211/211
f 212/212/212 211/211/211 210/210/210
f 212/212/212 210/210/210 209/209/209
f 212/212/212 209/209/209 214/214/214
f 212/212/212 214/214/214 215/215/215
f 212/212/212 215/215/215 216/216/216
f 212/212/212 216/216/216 217/217/217
f 212/212/212 217/217/217 213/213/213
f 218/218/218 219/219/219 220/220/220
f 218/218/218 220/220/220 221/221/221
f 218/218/218 221/221/221 222/222/222
f 218/218/218 222/222/222 223/223/223
f 218/218/218 223/223/223 224/224/224
f 218/218/218 224/224/224 225/225/225
f 218/218/218 225/225/225 226/226/226
f 218/218/218 226/226/226 219/219/219
f 227/227/227 228/228/228 226/226/226
f 227/227/227 226/226/226 225/225/225
f 227/227/227 225/225/225 224/224/224
f 227/227/227 224/224/224 229/229/229
f 227/227/227 229/229/229 230/230/230
f 227/227/227 230/230/230 231/231/231
f 227/227/227 231/231/231 232/232/232
f 227/227/227 232/232/232 228/228/228
f 233/233/233 234/234/234 235/235/235
f 233/233/233 235/235/235 236/236/236
f 233/233/233 236/236/236 141/141/141
f 233/233/233 141/141/141 140/140/140
f 233/233/233 140/140/140 139/139/139
f 233/233/233 139/139/139 237/237/237
f 233/233/233 237/237/237 238/238/238
f 233/233/233 238/238/238 234/234/234
f 239/239/239 240/240/240 238/238/238
f 239/239/239 238/238/238 237/237/237
f 239/239/239 237/237/237 139/139/139
f 239/239/239 139/139/139 147/147/147
f 239/239/239 147/147/147 146/146/146
f 239/239/239 146/146/146 241/241/241
f 239/239/239 241/241/241 242/242/242
f 239/239/239 242/242/242 240/240/240
f 243/243/243 244/244/244 245/245/245
f 243/243/243 245/245/245 246/246/246
f 243/243/243 246/246/246 247/247/247
f 243/243/243 247/247/247 248/248/248
f 243/243/243 248/248/248 249/249/249
f 243/243/243 249/249/249 250/250/250
f 243/243/243 250/250/250 251/251/251
f 243/243/243 251/251/251 244/244/244
f 252/252/252 248/248/248 247/247/247
f 252/252/252 247/247/247 253/253/253
f 252/252/252 253/253/253 254/254/254
f 252/252/252 254/254/254 255/255/255
f 252/252/252 255/255/255 256/256/256
f 252/252/252 256/256/256 257/257/257
f 252/252/252 257/257/257 249/249/249
f 252/252/252 249/249/249 248/248/248
f 258/258/258 259/259/259 260/260/260
f 258/258/258 260/260/260 261/261/261
f 258/258/258 261/261/261 262/262/262
f 258/258/258 262/262/262 263/263/263
f 258/258/258 263/263/263 264/264/264
f 258/258/258 264/264/264 265/265/265
f 258/258/258 265/265/265 266/266/266
f 258/258/258 266/266/266 259/259/259
f 267/267/267 263/263/263 262/262/262
f 267/267/267 262/262/262 268/268/268
f 267/267/267 268/268/268 269/269/269
f 267/267/267 269/269/269 270/270/270
f 267/267/267 270/270/270 271/271/271
f 267/267/267 271/271/271 272/272/272
f 267/267/267 272/272/272 264/264/264
f 267/267/267 264/264/264 263/263/263
f 273/273/273 274/274/274 275/275/275
f 273/273/273 275/275/275 276/276/276
f 273/273/273 276/276/276 277/277/277
f 273/273/273 277/277/277 278/278/278
f 273/273/273 278/278/278 279/279/279
f 273/273/273 279/279/279 280/280/280
f 273/273/273 280/280/280 281/281/281
f 273/273/273 281/281/281 274/274/274
f 282/282/282 278/278/278 277/277/277
f 282/282/282 277/277/277 283/283/283
f 282/282/282 283/283/283 284/284/284
f 282/282/282 284/284/284 285/285/285
f 282/282/282 285/285/285 286/286/286
f 282/282/282 286/286/286 287/287/287
f 282/282/282 287/287/287 279/279/279
f 282/282/282 279/279/279 278/278/278
f 288/288/288 289/289/289 290/290/290
f 288/288/288 290/290/290 291/291/291
f 288/288/288 291/291/291 292/292/292
f 288/288/288 292/292/292 293/293/293
f 288/288/288 293/293/293 294/294/294
f 288/288/288 294/294/294 295/295/295
f 288/288/288 295/295/295 296/296/296
f 288/288/288 296/296/296 289/289/289
f 297/297/297 293/293/293 292/292/292
f 297/297/297 292/292/292 298/298/298
f 297/297/297 298/298/298 299/299/299
f 297/297/297 299/299/299 300/300/300
f 297/297/297 300/300/300 301/301/301
f 297/297/297 301/301/301 302/302/302
f 297/297/297 302/302/302 294/294/294
f 297/297/297 294/294/294 293/293/293
f 303/303/303 304/304/304 305/305/305
f 303/303/303 305/305/305 306/306/306
f 303/303/303 306/306/306 307/307/307
f 303/303/303 307/307/307 308/308/308
f 303/303/303 308/308/308 309/309/309
f 303/303/303 309/309/309 310/310/310
f 303/303/303 310/310/310 311/311/311
f 303/303/303 311/311/311 304/304/304
f 312/312/312 308/308/308 307/307/307
f 312/312/312 307/307/307 313/313/313
f 312/312/312 313/313/313 314/314/314
f 312/312/312 314/314/314 315/315/315
f 312/312/312 315/315/315 316/316/316
f 312/312/312 316/316/316 317/317/317
f 312/312/312 317/317/317 309/309/309
f 312/312/312 309/309/309 308/308/308
f 318/318/318 319/319/319 320/320/320
f 318/318/318 320/320/320 321/321/321
f 318/318/318 321/321/321 322/322/322
f 318/318/318 322/322/322 323/323/323
f 318/318/318 323/323/323 324/324/324
f 318/318/318 324/324/324 325/325/325
f 318/318/318 325/325/325 326/326/326
f 318/318/318 326/326/326 319/319/319
f 327/327/327 323/323/323 322/322/322
f 327/327/327 322/322/322 328/328/328
f 327/327/327 328/328/328 329/329/329
f 327/327/327 329/329/329 330/330/330
f 327/327/327 330/330/330 331/331/331
f 327/327/327 331/331/331 332/332/332
f 327/327/327 332/332/332 324/324/324
f 327/327/327 324/324/324 323/323/323
f 333/333/333 334/334/334 335/335/335
f 333/333/333 335/335/335 336/336/336
f 333/333/333 336/336/336 337/337/337
f 333/333/333 337/337/337 338/338/338
f 333/333/333 338/338/338 339/339/339
f 333/333/333 339/339/339 340/340/340
f 333/333/333 340/340/340 341/341/341
f 333/333/333 341/341/341 334/334/334
f 342/342/342 338/338/338 337/337/337
f 342/342/342 337/337/337 343/343/343
f 342/342/342 343/343/343 344/344/344
f 342/342/342 344/344/344 345/345/345
f 342/342/342 345/345/345 346/346/346
f 342/342/342 346/346/346 347/347/347
f 342/342/342 347/347/347 339/339/339
f 342/342/342 339/339/339 338/338/338
f 348/348/348 246/246/246 245/245/245
f 348/348/348 245/245/245 349/349/349
f 348/348/348 349/349/349 341/341/341
f 348/348/348 341/341/341 340/340/340
f 348/348/348 340/340/340 339/339/339
f 348/348/348 339/339/339 350/350/350
f 348/348/348 350/350/350 247/247/247
f 348/348/348 247/247/247 246/246/246
f 351/351/351 253/253/253 247/247/247
f 351/351/351 247/247/247 350/350/350
f 351/351/351 350/350/350 339/339/339
f 351/351/351 339/339/339 347/347/347
f 351/351/351 347/347/347 346/346/346
f 351/351/351 346/346/346 352/352/352
f 351/351/351 352/352/352 254/254/254
f 351/351/351 254/254/254 253/253/253
f 353/353/353 4/4/4 354/354/354
f 353/353/353 354/354/354 355/355/355
f 353/353/353 355/355/355 356/356/356
f 353/353/353 356/356/356 357/357/357
f 353/353/353 357/357/357 358/358/358
f 353/353/353 358/358/358 359/359/359
f 353/353/353 359/359/359 360/360/360
f 353/353/353 360/360/360 4/4/4
f 361/361/361 362/362/362 24/24/24
f 361/361/361 24/24/24 11/11/11
f 361/361/361 11/11/11 360/360/360
f 361/361/361 360/360/360 359/359/359
f 361/361/361 359/359/359 358/358/358
f 361/361/361 358/358/358 363/363/363
f 361/361/361 363/363/363 364/364/364
f 361/361/361 364/364/364 362/362/362
f 365/365/365 366/366/366 33/33/33
f 365/365/365 33/33/33 17/17/17
f 365/365/365 17/17/17 12/12/12
f 365/365/365 12/12/12 367/367/367
f 365/365/365 367/367/367 368/368/368
f 365/365/365 368/368/368 369/369/369
f 365/365/365 369/369/369 370/370/370
f 365/365/365 370/370/370 366/366/366
f 371/371/371 372/372/372 42/42/42
f 371/371/371 42/42/42 26/26/26
f 371/371/371 26/26/26 18/18/18
f 371/371/371 18/18/18 373/373/373
f 371/371/371 373/373/373 374/374/374
f 371/371/371 374/374/374 375/375/375
f 371/371/371 375/375/375 376/376/376
f 371/371/371 376/376/376 372/372/372
f 377/377/377 378/378/378 51/51/51
f 377/377/377 51/51/51 35/35/35
f 377/377/377 35/35/35 27/27/27
f 377/377/377 27/27/27 379/379/379
f 377/377/377 379/379/379 380/380/380
f 377/377/377 380/380/380 381/381/381
f 377/377/377 381/381/381 382/382/382
f 377/377/377 382/382/382 378/378/378
f 383/383/383 384/384/384 60/60/60
f 383/383/383 60/60/60 44/44/44
f 383/383/383 44/44/44 36/36/36
f 383/383/383 36/36/36 385/385/385
f 383/383/383 385/385/385 386/386/386
f 383/383/383 386/386/386 387/387/387
f 383/383/383 387/387/387 388/388/388
f 383/383/383 388/388/388 384/384/384
f 389/389/389 390/390/390 66/66/66
f 389/389/389 66/66/66 53/53/53
f 389/389/389 53/53/53 45/45/45
f 389/389/389 45/45/45 391/391/391
f 389/389/389 391/391/391 392/392/392
f 389/389/389 392/392/392 393/393/393
f 389/389/389 393/393/393 394/394/394
f 389/389/389 394/394/394 390/390/390
f 395/395/395 355/355/355 354/354/354
f 395/395/395 354/354/354 62/62/62
f 395/395/395 62/62/62 54/54/54
f 395/395/395 54/54/54 396/396/396
f 395/395/395 396/396/396 397/397/397
f 395/395/395 397/397/397 398/398/398
f 395/395/395 398/398/398 356/356/356
f 395/395/395 356/356/356 355/355/355
f 399/399/399 400/400/400 401/401/401
f 399/399/399 401/401/401 402/402/402
f 399/399/399 402/402/402 403/403/403
f 399/399/399 403/403/403 70/70/70
f 399/399/399 70/70/70 80/80/80
f 399/399/399 80/80/80 404/404/404
f 399/399/399 404/404/404 405/405/405
f 399/399/399 405/405/405 400/400/400
f 406/406/406 79/79/79 89/89/89
f 406/406/406 89/89/89 407/407/407
f 406/406/406 407/407/407 408/408/408
f 406/406/406 408/408/408 409/409/409
f 406/406/406 409/409/409 410/410/410
f 406/406/406 410/410/410 411/411/411
f 406/406/406 411/411/411 69/69/69
f 406/406/406 69/69/69 79/79/79
f 412/412/412 88/88/88 98/98/98
f 412/412/412 98/98/98 413/413/413
f 412/412/412 413/413/413 414/414/414
f 412/412/412 414/414/414 415/415/415
f 412/412/412 415/415/415 416/416/416
f 412/412/412 416/416/416 417/417/417
f 412/412/412 417/417/417 78/78/78
f 412/412/412 78/78/78 88/88/88
f 418/418/418 97/97/97 107/107/107
f 418/418/418 107/107/107 419/419/419
f 418/418/418 419/419/419 420/420/420
f 418/418/418 420/420/420 421/421/421
f 418/418/418 421/421/421 422/422/422
f 418/418/418 422/422/422 423/423/423
f 418/418/418 423/423/423 87/87/87
f 418/418/418 87/87/87 97/97/97
f 424/424/424 106/106/106 116/116/116
f 424/424/424 116/116/116 425/425/425
f 424/424/424 425/425/425 426/426/426
f 424/424/424 426/426/426 427/427/427
f 424/424/424 427/427/427 428/428/428
f 424/424/424 428/428/428 429/429/429
f 424/424/424 429/429/429 96/96/96
f 424/424/424 96/96/96 106/106/106
f 430/430/430 115/115/115 125/125/125
f 430/430/430 125/125/125 431/431/431
f 430/430/430 431/431/431 432/432/432
f 430/430/430 432/432/432 433/433/433
f 430/430/430 433/433/433 434/434/434
f 430/430/430 434/434/434 435/435/435
f 430/430/430 435/435/435 105/105/105
f 430/430/430 105/105/105 115/115/115
f 436/436/436 124/124/124 437/437/437
f 436/436/436 437/437/437 438/438/438
f 436/436/436 438/438/438 439/439/439
f 436/436/436 439/439/439 440/440/440
f 436/436/436 440/440/440 441/441/441
f 436/436/436 441/441/441 442/442/442
f 436/436/436 442/442/442 114/114/114
f 436/436/436 114/114/114 124/124/124
f 443/443/443 438/438/438 437/437/437
f 443/443/443 437/437/437 132/132/132
f 443/443/443 132/132/132 403/403/403
f 443/443/443 403/403/403 402/402/402
f 443/443/443 402/402/402 401/401/401
f 443/443/443 401/401/401 444/444/444
f 443/443/443 444/444/444 439/439/439
f 443/443/443 439/439/439 438/438/438
f 445/445/445 357/357/357 356/356/356
f 445/445/445 356/356/356 446/446/446
f 445/445/445 446/446/446 447/447/447
f 445/445/445 447/447/447 448/448/448
f 445/445/445 448/448/448 449/449/449
f 445/445/445 449/449/449 450/450/450
f 445/445/445 450/450/450 358/358/358
f 445/445/445 358/358/358 357/357/357
f 451/451/451 448/448/448 447/447/447
f 451/451/451 447/447/447 452/452/452
f 451/451/451 452/452/452 453/453/453
f 451/451/451 453/453/453 454/454/454
f 451/451/451 454/454/454 455/455/455
f 451/451/451 455/455/455 456/456/456
f 451/451/451 456/456/456 449/449/449
f 451/451/451 449/449/449 448/448/448
f 457/457/457 458/458/458 364/364/364
f 457/457/457 364/364/364 363/363/363
f 457/457/457 363/363/363 358/358/358
f 457/457/457 358/358/358 450/450/450
f 457/457/457 450/450/450 449/449/449
f 457/457/457 449/449/449 459/459/459
f 457/457/457 459/459/459 460/460/460
f 457/457/457 460/460/460 458/458/458
f 461/461/461 462/462/462 460/460/460
f 461/461/461 460/460/460 459/459/459
f 461/461/461 459/459/459 449/449/449
f 461/461/461 449/449/449 456/456/456
f 461/461/461 456/456/456 455/455/455
f 461/461/461 455/455/455 463/463/463
f 461/461/461 463/463/463 464/464/464
f 461/461/461 464/464/464 462/462/462
f 465/465/465 466/466/466 370/370/370
f 465/465/465 370/370/370 369/369/369
f 465/465/465 369/369/369 368/368/368
f 465/465/465 368/368/368 467/467/467
f 465/465/465 467/467/467 468/468/468
f 465/465/465 468/468/468 469/469/469
f 465/465/465 469/469/469 470/470/470
f 465/465/465 470/470/470 466/466/466
f 471/471/471 472/472/472 470/470/470
f 471/471/471 470/470/470 469/469/469
f 471/471/471 469/469/469 468/468/468
f 471/471/471 468/468/468 473/473/473
f 471/471/471 473/473/473 474/474/474
f 471/471/471 474/474/474 475/475/475
f 471/471/471 475/475/475 476/476/476
f 471/471/471 476/476/476 472/472/472
f 477/477/477 478/478/478 376/376/376
f 477/477/477 376/376/376 375/375/375
f 477/477/477 375/375/375 374/374/374
f 477/477/477 374/374/374 479/479/479
f 477/477/477 479/479/479 480/480/480
f 477/477/477 480/480/480 481/481/481
f 477/477/477 481/481/481 482/482/482
f 477/477/477 482/482/482 478/478/478
f 483/483/483 484/484/484 482/482/482
f 483/483/483 482/482/482 481/481/481
f 483/483/483 481/481/481 480/480/480
f 483/483/483 480/480/480 485/485/485
f 483/483/483 485/485/485 486/486/486
f 483/483/483 486/486/486 487/487/487
f 483/483/483 487/487/487 488/488/488
f 483/483/483 488/488/488 484/484/484
f 489/489/489 490/490/490 382/382/382
f 489/489/489 382/382/382 381/381/381
f 489/489/489 381/381/381 380/380/380
f 489/489/489 380/380/380 491/491/491
f 489/489/489 491/491/491 492/492/492
f 489/489/489 492/492/492 493/493/493
f 489/489/489 493/493/493 494/494/494
f 489/489/489 494/494/494 490/490/490
f 495/495/495 496/496/496 494/494/494
f 495/495/495 494/494/494 493/493/493
f 495/495/495 493/493/493 492/492/492
f 495/495/495 492/492/492 497/497/497
f 495/495/495 497/497/497 498/498/498
f 495/495/495 498/498/498 499/499/499
f 495/495/495 499/499/499 500/500/500
f 495/495/495 500/500/500 496/496/496
f 501/501/501 502/502/502 388/388/388
f 501/501/501 388/388/388 387/387/387
f 501/501/501 387/387/387 386/386/386
f 501/501/501 386/386/386 503/503/503
f 501/501/501 503/503/503 504/504/504
f 501/501/501 504/504/504 505/505/505
f 501/501/501 505/505/505 506/506/506
f 501/501/501 506/506/506 502/502/502
f 507/507/507 508/508/508 506/506/506
f 507/507/507 506/506/506 505/505/505
f 507/507/507 505/505/505 504/504/504
f 507/507/507 504/504/504 509/509/509
f 507/507/507 509/509/509 510/510/510
f 507/507/507 510/510/510 511/511/511
f 507/507/507 511/511/511 512/512/512
f 507/507/507 512/512/512 508/508/508
f 513/513/513 514/514/514 394/394/394
f 513/513/513 394/394/394 393/393/393
f 513/513/513 393/393/393 392/392/392
f 513/513/513 392/392/392 515/515/515
f 513/513/513 515/515/515 516/516/516
f 513/513/513 516/516/516 517/517/517
f 513/513/513 517/517/517 518/518/518
f 513/513/513 518/518/518 514/514/514
f 519/519/519 520/520/520 518/518/518
f 519/519/519 518/518/518 517/517/517
f 519/519/519 517/517/517 516/516/516
f 519/519/519 516/516/516 521/521/521
f 519/519/519 521/521/521 522/522/522
f 519/519/519 522/522/522 523/523/523
f 519/519/519 523/523/523 524/524/524
f 519/519/519 524/524/524 520/520/520
f 525/525/525 446/446/446 356/356/356
f 525/525/525 356/356/356 398/398/398
f 525/525/525 398/398/398 397/397/397
f 525/525/525 397/397/397 526/526/526
f 525/525/525 526/526/526 527/527/527
f 525/525/525 527/527/527 528/528/528
f 525/525/525 528/528/528 447/447/447
f 525/525/525 447/447/447 446/446/446
f 529/529/529 452/452/452 447/447/447
f 529/529/529 447/447/447 528/528/528
f 529/529/529 528/528/528 527/527/527
f 529/529/529 527/527/527 530/530/530
f 529/529/529 530/530/530 531/531/531
f 529/529/529 531/531/531 532/532/532
f 529/529/529 532/532/532 453/453/453
f 529/529/529 453/453/453 452/452/452
f 533/533/533 400/400/400 405/405/405
f 533/533/533 405/405/405 534/534/534
f 533/533/533 534/534/534 535/535/535
f 533/533/533 535/535/535 536/536/536
f 533/533/533 536/536/536 537/537/537
f 533/533/533 537/537/537 538/538/538
f 533/533/533 538/538/538 401/401/401
f 533/533/533 401/401/401 400/400/400
f 539/539/539 536/536/536 535/535/535
f 539/539/539 535/535/535 540/540/540
f 539/539/539 540/540/540 541/541/541
f 539/539/539 541/541/541 542/542/542
f 539/539/539 542/542/542 543/543/543
f 539/539/539 543/543/543 544/544/544
f 539/539/539 544/544/544 537/537/537
f 539/539/539 537/537/537 536/536/536
f 545/545/545 409/409/409 408/408/408
f 545/545/545 408/408/408 546/546/546
f 545/545/545 546/546/546 547/547/547
f 545/545/545 547/547/547 548/548/548
f 545/545/545 548/548/548 549/549/549
f 545/545/545 549/549/549 550/550/550
f 545/545/545 550/550/550 410/410/410
f 545/545/545 410/410/410 409/409/409
f 551/551/551 548/548/548 547/547/547
f 551/551/551 547/547/547 552/552/552
f 551/551/551 552/552/552 553/553/553
f 551/551/551 553/553/553 554/554/554
f 551/551/551 554/554/554 555/555/555
f 551/551/551 555/555/555 556/556/556
f 551/551/551 556/556/556 549/549/549
f 551/551/551 549/549/549 548/548/548
f 557/557/557 415/415/415 414/414/414
f 557/557/557 414/414/414 558/558/558
f 557/557/557 558/558/558 559/559/559
f 557/557/557 559/559/559 560/560/560
f 557/557/557 560/560/560 561/561/561
f 557/557/557 561/561/561 562/562/562
f 557/557/557 562/562/562 416/416/416
f 557/557/557 416/416/416 415/415/415
f 563/563/563 560/560/560 559/559/559
f 563/563/563 559/559/559 564/564/564
f 563/563/563 564/564/564 565/565/565
f 563/563/563 565/565/565 566/566/566
f 563/563/563 566/566/566 567/567/567
f 563/563/563 567/567/567 568/568/568
f 563/563/563 568/568/568 561/561/561
f 563/563/563 561/561/561 560/560/560
f 569/569/569 421/421/421 420/420/420
f 569/569/569 420/420/420 570/570/570
f 569/569/569 570/570/570 571/571/571
f 569/569/569 571/571/571 572/572/572
f 569/569/569 572/572/572 573/573/573
f 569/569/569 573/573/573 574/574/574
f 569/569/569 574/574/574 422/422/422
f 569/569/569 422/422/422 421/421/421
f 575/575/575 572/572/572 571/571/571
f 575/575/575 571/571/571 576/576/576
f 575/575/575 576/576/576 577/577/577
f 575/575/575 577/577/577 578/578/578
f 575/575/575 578/578/578 579/579/579
f 575/575/575 579/579/579 580/580/580
f 575/575/575 580/580/580 573/573/573
f 575/575/575 573/573/573 572/572/572
f 581/581/581 427/427/427 426/426/426
f 581/581/581 426/426/426 582/582/582
f 581/581/581 582/582/582 583/583/583
f 581/581/581 583/583/583 584/584/584
f 581/581/581 584/584/584 585/585/585
f 581/581/581 585/585/585 586/586/586
f 581/581/581 586/586/586 428/428/428
f 581/581/581 428/428/428 427/427/427
f 587/587/587 584/584/584 583/583/583
f 587/587/587 583/583/583 588/588/588
f 587/587/587 588/588/588 589/589/589
f 587/587/587 589/589/589 590/590/590
f 587/587/587 590/590/590 591/591/591
f 587/587/587 591/591/591 592/592/592
f 587/587/587 592/592/592 585/585/585
f 587/587/587 585/585/585 584/584/584
f 593/593/593 433/433/433 432/432/432
f 593/593/593 432/432/432 594/594/594
f 593/593/593 594/594/594 595/595/595
f 593/593/593 595/595/595 596/596/596
f 593/593/593 596/596/596 597/597/597
f 593/593/593 597/597/597 598/598/598
f 593/593/593 598/598/598 434/434/434
f 593/593/593 434/434/434 433/433/433
f 599/599/599 596/596/596 595/595/595
f 599/599/599 595/595/595 600/600/600
f 599/599/599 600/600/600 601/601/601
f 599/599/599 601/601/601 602/602/602
f 599/599/599 602/602/602 603/603/603
f 599/599/599 603/603/603 604/604/604
f 599/599/599 604/604/604 597/597/597
f 599/599/599 597/597/597 596/596/596
f 605/605/605 440/440/440 439/439/439
f 605/605/605 439/439/439 606/606/606
f 605/605/605 606/606/606 607/607/607
f 605/605/605 607/607/607 608/608/608
f 605/605/605 608/608/608 609/609/609
f 605/605/605 609/609/609 610/610/610
f 605/605/605 610/610/610 441/441/441
f 605/605/605 441/441/441 440/440/440
f 611/611/611 608/608/608 607/607/607
f 611/611/611 607/607/607 612/612/612
f 611/611/611 612/612/612 613/613/613
f 611/611/611 613/613/613 614/614/614
f 611/611/611 614/614/614 615/615/615
f 611/611/611 615/615/615 616/616/616
f 611/611/611 616/616/616 609/609/609
f 611/611/611 609/609/609 608/608/608
f 617/617/617 606/606/606 439/439/439
f 617/617/617 439/439/439 444/444/444
f 617/617/617 444/444/444 401/401/401
f 617/617/617 401/401/401 538/538/538
f 617/617/617 538/538/538 537/537/537
f 617/617/617 537/537/537 618/618/618
f 617/617/617 618/618/618 607/607/607
f 617/617/617 607/607/607 606/606/606
f 619/619/619 612/612/612 607/607/607
f 619/619/619 607/607/607 618/618/618
f 619/619/619 618/618/618 537/537/537
f 619/619/619 537/537/537 544/544/544
f 619/619/619 544/544/544 543/543/543
f 619/619/619 543/543/543 620/620/620
f 619/619/619 620/620/620 613/613/613
f 619/619/619 613/613/613 612/612/612
f 621/621/621 622/622/622 623/623/623
f 621/621/621 623/623/623 624/624/624
f 621/621/621 624/624/624 625/625/625
f 621/621/621 625/625/625 626/626/626
f 621/621/621 626/626/626 627/627/627
f 621/621/621 627/627/627 628/628/628
f 621/621/621 628/628/628 629/629/629
f 621/621/621 629/629/629 622/622/622
f 630/630/630 631/631/631 632/632/632
f 630/630/630 632/632/632 633/633/633
f 630/630/630 633/633/633 634/634/634
f 630/630/630 634/634/634 635/635/635
f 630/630/630 635/635/635 636/636/636
f 630/630/630 636/636/636 637/637/637
f 630/630/630 637/637/637 638/638/638
f 630/630/630 638/638/638 631/631/631
f 639/639/639 640/640/640 641/641/641
f 639/639/639 641/641/641 642/642/642
f 639/639/639 642/642/642 643/643/643
f 639/639/639 643/643/643 644/644/644
f 639/639/639 644/644/644 645/645/645
f 639/639/639 645/645/645 646/646/646
f 639/639/639 646/646/646 647/647/647
f 639/639/639 647/647/647 640/640/640
f 648/648/648 649/649/649 650/650/650
f 648/648/648 650/650/650 651/651/651
f 648/648/648 651/651/651 652/652/652
f 648/648/648 652/652/652 653/653/653
f 648/648/648 653/653/653 654/654/654
f 648/648/648 654/654/654 655/655/655
f 648/648/648 655/655/655 656/656/656
f 648/648/648 656/656/656 649/649/649
f 657/657/657 658/658/658 659/659/659
f 657/657/657 659/659/659 660/660/660
f 657/657/657 660/660/660 661/661/661
f 657/657/657 661/661/661 662/662/662
f 657/657/657 662/662/662 663/663/663
f 657/657/657 663/663/663 664/664/664
f 657/657/657 664/664/664 665/665/665
f 657/657/657 665/665/665 658/658/658
f 666/666/666 662/662/662 661/661/661
f 666/666/666 661/661/661 667/667/667
f 666/666/666 667/667/667 668/668/668
f 666/666/666 668/668/668 669/669/669
f 666/666/666 669/669/669 670/670/670
f 666/666/666 670/670/670 671/671/671
f 666/666/666 671/671/671 663/663/663
f 666/666/666 663/663/663 662/662/662
f 672/672/672 673/673/673 674/674/674
f 672/672/672 674/674/674 675/675/675
f 672/672/672 675/675/675 676/676/676
f 672/672/672 676/676/676 677/677/677
f 672/672/672 677/677/677 678/678/678
f 672/672/672 678/678/678 679/679/679
f 672/672/672 679/679/679 680/680/680
f 672/672/672 680/680/680 673/673/673
f 681/681/681 677/677/677 676/676/676
f 681/681/681 676/676/676 682/682/682
f 681/681/681 682/682/682 683/683/683
f 681/681/681 683/683/683 684/684/684
f 681/681/681 684/684/684 685/685/685
f 681/681/681 685/685/685 686/686/686
f 681/681/681 686/686/686 678/678/678
f 681/681/681 678/678/678 677/677/677
f 687/687/687 688/688/688 627/627/627
f 687/687/687 627/627/627 689/689/689
f 687/687/687 689/689/689 690/690/690
f 687/687/687 690/690/690 691/691/691
f 687/687/687 691/691/691 692/692/692
f 687/687/687 692/692/692 693/693/693
f 687/687/687 693/693/693 694/694/694
f 687/687/687 694/694/694 688/688/688
f 695/695/695 691/691/691 690/690/690
f 695/695/695 690/690/690 696/696/696
f 695/695/695 696/696/696 670/670/670
f 695/695/695 670/670/670 697/697/697
f 695/695/695 697/697/697 698/698/698
f 695/695/695 698/698/698 699/699/699
f 695/695/695 699/699/699 692/692/692
f 695/695/695 692/692/692 691/691/691
f 700/700/700 701/701/701 702/702/702
f 700/700/700 702/702/702 703/703/703
f 700/700/700 703/703/703 704/704/704
f 700/700/700 704/704/704 705/705/705
f 700/700/700 705/705/705 706/706/706
f 700/700/700 706/706/706 707/707/707
f 700/700/700 707/707/707 708/708/708
f 700/700/700 708/708/708 701/701/701
f 709/709/709 705/705/705 704/704/704
f 709/709/709 704/704/704 710/710/710
f 709/709/709 710/710/710 711/711/711
f 709/709/709 711/711/711 712/712/712
f 709/709/709 712/712/712 713/713/713
f 709/709/709 713/713/713 714/714/714
f 709/709/709 714/714/714 706/706/706
f 709/709/709 706/706/706 705/705/705
f 715/715/715 716/716/716 717/717/717
f 715/715/715 717/717/717 718/718/718
f 715/715/715 718/718/718 719/719/719
f 715/715/715 719/719/719 720/720/720
f 715/715/715 720/720/720 721/721/721
f 715/715/715 721/721/721 722/722/722
f 715/715/715 722/722/722 723/723/723
f 715/715/715 723/723/723 716/716/716
f 724/724/724 720/720/720 719/719/719
f 724/724/724 719/719/719 725/725/725
f 724/724/724 725/725/725 726/726/726
f 724/724/724 726/726/726 727/727/727
f 724/724/724 727/727/727 728/728/728
f 724/724/724 728/728/728 729/729/729
f 724/724/724 729/729/729 721/721/721
f 724/724/724 721/721/721 720/720/720
f 730/730/730 731/731/731 732/732/732
f 730/730/730 732/732/732 733/733/733
f 730/730/730 733/733/733 734/734/734
f 730/730/730 734/734/734 735/735/735
f 730/730/730 735/735/735 736/736/736
f 730/730/730 736/736/736 737/737/737
f 730/730/730 737/737/737 738/738/738
f 730/730/730 738/738/738 731/731/731
f 739/739/739 735/735/735 734/734/734
f 739/739/739 734/734/734 740/740/740
f 739/739/739 740/740/740 741/741/741
f 739/739/739 741/741/741 742/742/742
f 739/739/739 742/742/742 743/743/743
f 739/739/739 743/743/743 744/744/744
f 739/739/739 744/744/744 736/736/736
f 739/739/739 736/736/736 735/735/735
f 745/745/745 669/669/669 668/668/668
f 745/745/745 668/668/668 746/746/746
f 745/745/745 746/746/746 747/747/747
f 745/745/745 747/747/747 748/748/748
f 745/745/745 748/748/748 749/749/749
f 745/745/745 749/749/749 750/750/750
f 745/745/745 750/750/750 670/670/670
f 745/745/745 670/670/670 669/669/669
f 751/751/751 748/748/748 747/747/747
f 751/751/751 747/747/747 752/752/752
f 751/751/751 752/752/752 753/753/753
f 751/751/751 753/753/753 754/754/754
f 751/751/751 754/754/754 755/755/755
f 751/751/751 755/755/755 756/756/756
f 751/751/751 756/756/756 749/749/749
f 751/751/751 749/749/749 748/748/748
f 757/757/757 758/758/758 759/759/759
f 757/757/757 759/759/759 760/760/760
f 757/757/757 760/760/760 761/761/761
f 757/757/757 761/761/761 762/762/762
f 757/757/757 762/762/762 763/763/763
f 757/757/757 763/763/763 764/764/764
f 757/757/757 764/764/764 765/765/765
f 757/757/757 765/765/765 758/758/758
f 766/766/766 762/762/762 761/761/761
f 766/766/766 761/761/761 767/767/767
f 766/766/766 767/767/767 674/674/674
f 766/766/766 674/674/674 673/673/673
f 766/766/766 673/673/673 680/680/680
f 766/766/766 680/680/680 768/768/768
f 766/766/766 768/768/768 763/763/763
f 766/766/766 763/763/763 762/762/762
f 769/769/769 697/697/697 670/670/670
f 769/769/769 670/670/670 770/770/770
f 769/769/769 770/770/770 771/771/771
f 769/769/769 771/771/771 772/772/772
f 769/769/769 772/772/772 773/773/773
f 769/769/769 773/773/773 774/774/774
f 769/769/769 774/774/774 698/698/698
f 769/769/769 698/698/698 697/697/697
f 775/775/775 772/772/772 771/771/771
f 775/775/775 771/771/771 776/776/776
f 775/775/775 776/776/776 638/638/638
f 775/775/775 638/638/638 777/777/777
f 775/775/775 777/777/777 778/778/778
f 775/775/775 778/778/778 779/779/779
f 775/775/775 779/779/779 773/773/773
f 775/775/775 773/773/773 772/772/772
f 780/780/780 781/781/781 753/753/753
f 780/780/780 753/753/753 782/782/782
f 780/780/780 782/782/782 783/783/783
f 780/780/780 783/783/783 784/784/784
f 780/780/780 784/784/784 785/785/785
f 780/780/780 785/785/785 786/786/786
f 780/780/780 786/786/786 634/634/634
f 780/780/780 634/634/634 781/781/781
f 787/787/787 784/784/784 783/783/783
f 787/787/787 783/783/783 788/788/788
f 787/787/787 788/788/788 702/702/702
f 787/787/787 702/702/702 701/701/701
f 787/787/787 701/701/701 708/708/708
f 787/787/787 708/708/708 789/789/789
f 787/787/787 789/789/789 785/785/785
f 787/787/787 785/785/785 784/784/784
f 790/790/790 727/727/727 726/726/726
f 790/790/790 726/726/726 791/791/791
f 790/790/790 791/791/791 792/792/792
f 790/790/790 792/792/792 793/793/793
f 790/790/790 793/793/793 794/794/794
f 790/790/790 794/794/794 795/795/795
f 790/790/790 795/795/795 728/728/728
f 790/790/790 728/728/728 727/727/727
f 796/796/796 793/793/793 792/792/792
f 796/796/796 792/792/792 797/797/797
f 796/796/796 797/797/797 798/798/798
f 796/796/796 798/798/798 799/799/799
f 796/796/796 799/799/799 800/800/800
f 796/796/796 800/800/800 801/801/801
f 796/796/796 801/801/801 794/794/794
f 796/796/796 794/794/794 793/793/793
f 802/802/802 803/803/803 804/804/804
f 802/802/802 804/804/804 805/805/805
f 802/802/802 805/805/805 806/806/806
f 802/802/802 806/806/806 807/807/807
f 802/802/802 807/807/807 808/808/808
f 802/802/802 808/808/808 809/809/809
f 802/802/802 809/809/809 759/759/759
f 802/802/802 759/759/759 803/803/803
f 810/810/810 807/807/807 806/806/806
f 810/810/810 806/806/806 811/811/811
f 810/810/810 811/811/811 732/732/732
f 810/810/810 732/732/732 731/731/731
f 810/810/810 731/731/731 738/738/738
f 810/810/810 738/738/738 812/812/812
f 810/810/810 812/812/812 808/808/808
f 810/810/810 808/808/808 807/807/807
f 813/813/813 814/814/814 815/815/815
f 813/813/813 815/815/815 816/816/816
f 813/813/813 816/816/816 817/817/817
f 813/813/813 817/817/817 818/818/818
f 813/813/813 818/818/818 819/819/819
f 813/813/813 819/819/819 820/820/820
f 813/813/813 820/820/820 821/821/821
f 813/813/813 821/821/821 814/814/814
f 822/822/822 818/818/818 817/817/817
f 822/822/822 817/817/817 823/823/823
f 822/822/822 823/823/823 623/623/623
f 822/822/822 623/623/623 622/622/622
f 822/822/822 622/622/622 629/629/629
f 822/822/822 629/629/629 824/824/824
f 822/822/822 824/824/824 819/819/819
f 822/822/822 819/819/819 818/818/818
f 825/825/825 635/635/635 634/634/634
f 825/825/825 634/634/634 826/826/826
f 825/825/825 826/826/826 827/827/827
f 825/825/825 827/827/827 828/828/828
f 825/825/825 828/828/828 829/829/829
f 825/825/825 829/829/829 830/830/830
f 825/825/825 830/830/830 636/636/636
f 825/825/825 636/636/636 635/635/635
f 831/831/831 828/828/828 827/827/827
f 831/831/831 827/827/827 832/832/832
f 831/831/831 832/832/832 833/833/833
f 831/831/831 833/833/833 834/834/834
f 831/831/831 834/834/834 835/835/835
f 831/831/831 835/835/835 836/836/836
f 831/831/831 836/836/836 829/829/829
f 831/831/831 829/829/829 828/828/828
f 837/837/837 838/838/838 839/839/839
f 837/837/837 839/839/839 840/840/840
f 837/837/837 840/840/840 841/841/841
f 837/837/837 841/841/841 842/842/842
f 837/837/837 842/842/842 843/843/843
f 837/837/837 843/843/843 844/844/844
f 837/837/837 844/844/844 694/694/694
f 837/837/837 694/694/694 838/838/838
f 845/845/845 842/842/842 841/841/841
f 845/845/845 841/841/841 846/846/846
f 845/845/845 846/846/846 847/847/847
f 845/845/845 847/847/847 848/848/848
f 845/845/845 848/848/848 849/849/849
f 845/845/845 849/849/849 850/850/850
f 845/845/845 850/850/850 843/843/843
f 845/845/845 843/843/843 842/842/842
f 851/851/851 699/699/699 698/698/698
f 851/851/851 698/698/698 852/852/852
f 851/851/851 852/852/852 853/853/853
f 851/851/851 853/853/853 854/854/854
f 851/851/851 854/854/854 855/855/855
f 851/851/851 855/855/855 856/856/856
f 851/851/851 856/856/856 692/692/692
f 851/851/851 692/692/692 699/699/699
f 857/857/857 854/854/854 853/853/853
f 857/857/857 853/853/853 858/858/858
f 857/857/857 858/858/858 859/859/859
f 857/857/857 859/859/859 860/860/860
f 857/857/857 860/860/860 861/861/861
f 857/857/857 861/861/861 862/862/862
f 857/857/857 862/862/862 855/855/855
f 857/857/857 855/855/855 854/854/854
f 863/863/863 707/707/707 706/706/706
f 863/863/863 706/706/706 864/864/864
f 863/863/863 864/864/864 865/865/865
f 863/863/863 865/865/865 866/866/866
f 863/863/863 866/866/866 867/867/867
f 863/863/863 867/867/867 868/868/868
f 863/863/863 868/868/868 708/708/708
f 863/863/863 708/708/708 707/707/707
f 869/869/869 866/866/866 865/865/865
f 869/869/869 865/865/865 870/870/870
f 869/869/869 870/870/870 871/871/871
f 869/869/869 871/871/871 872/872/872
f 869/869/869 872/872/872 873/873/873
f 869/869/869 873/873/873 874/874/874
f 869/869/869 874/874/874 867/867/867
f 869/869/869 867/867/867 866/866/866
f 875/875/875 876/876/876 877/877/877
f 875/875/875 877/877/877 878/878/878
f 875/875/875 878/878/878 879/879/879
f 875/875/875 879/879/879 880/880/880
f 875/875/875 880/880/880 881/881/881
f 875/875/875 881/881/881 882/882/882
f 875/875/875 882/882/882 883/883/883
f 875/875/875 883/883/883 876/876/876
f 884/884/884 880/880/880 879/879/879
f 884/884/884 879/879/879 885/885/885
f 884/884/884 885/885/885 886/886/886
f 884/884/884 886/886/886 887/887/887
f 884/884/884 887/887/887 888/888/888
f 884/884/884 888/888/888 889/889/889
f 884/884/884 889/889/889 881/881/881
f 884/884/884 881/881/881 880/880/880
f 890/890/890 774/774/774 773/773/773
f 890/890/890 773/773/773 891/891/891
f 890/890/890 891/891/891 892/892/892
f 890/890/890 892/892/892 893/893/893
f 890/890/890 893/893/893 853/853/853
f 890/890/890 853/853/853 852/852/852
f 890/890/890 852/852/852 698/698/698
f 890/890/890 698/698/698 774/774/774
f 894/894/894 893/893/893 892/892/892
f 894/894/894 892/892/892 895/895/895
f 894/894/894 895/895/895 896/896/896
f 894/894/894 896/896/896 897/897/897
f 894/894/894 897/897/897 859/859/859
f 894/894/894 859/859/859 858/858/858
f 894/894/894 858/858/858 853/853/853
f 894/894/894 853/853/853 893/893/893
f 898/898/898 779/779/779 778/778/778
f 898/898/898 778/778/778 899/899/899
f 898/898/898 899/899/899 900/900/900
f 898/898/898 900/900/900 901/901/901
f 898/898/898 901/901/901 892/892/892
f 898/898/898 892/892/892 891/891/891
f 898/898/898 891/891/891 773/773/773
f 898/898/898 773/773/773 779/779/779
f 902/902/902 901/901/901 900/900/900
f 902/902/902 900/900/900 903/903/903
f 902/902/902 903/903/903 904/904/904
f 902/902/902 904/904/904 905/905/905
f 902/902/902 905/905/905 896/896/896
f 902/902/902 896/896/896 895/895/895
f 902/902/902 895/895/895 892/892/892
f 902/902/902 892/892/892 901/901/901
f 906/906/906 786/786/786 785/785/785
f 906/906/906 785/785/785 907/907/907
f 906/906/906 907/907/907 908/908/908
f 906/906/906 908/908/908 909/909/909
f 906/906/906 909/909/909 910/910/910
f 906/906/906 910/910/910 911/911/911
f 906/906/906 911/911/911 634/634/634
f 906/906/906 634/634/634 786/786/786
f 912/912/912 909/909/909 908/908/908
f 912/912/912 908/908/908 913/913/913
f 912/912/912 913/913/913 914/914/914
f 912/912/912 914/914/914 915/915/915
f 912/912/912 915/915/915 916/916/916
f 912/912/912 916/916/916 917/917/917
f 912/912/912 917/917/917 910/910/910
f 912/912/912 910/910/910 909/909/909
f 918/918/918 789/789/789 708/708/708
f 918/918/918 708/708/708 868/868/868
f 918/918/918 868/868/868 867/867/867
f 918/918/918 867/867/867 919/919/919
f 918/918/918 919/919/919 908/908/908
f 918/918/918 908/908/908 907/907/907
f 918/918/918 907/907/907 785/785/785
f 918/918/918 785/785/785 789/789/789
f 920/920/920 919/919/919 867/867/867
f 920/920/920 867/867/867 874/874/874
f 920/920/920 874/874/874 873/873/873
f 920/920/920 873/873/873 921/921/921
f 920/920/920 921/921/921 914/914/914
f 920/920/920 914/914/914 913/913/913
f 920/920/920 913/913/913 908/908/908
f 920/920/920 908/908/908 919/919/919
f 922/922/922 644/644/644 643/643/643
f 922/922/922 643/643/643 923/923/923
f 922/922/922 923/923/923 924/924/924
f 922/922/922 924/924/924 925/925/925
f 922/922/922 925/925/925 926/926/926
f 922/922/922 926/926/926 927/927/927
f 922/922/922 927/927/927 645/645/645
f 922/922/922 645/645/645 644/644/644
f 928/928/928 925/925/925 924/924/924
f 928/928/928 924/924/924 929/929/929
f 928/928/928 929/929/929 815/815/815
f 928/928/928 815/815/815 814/814/814
f 928/928/928 814/814/814 821/821/821
f 928/928/928 821/821/821 930/930/930
f 928/928/928 930/930/930 926/926/926
f 928/928/928 926/926/926 925/925/925
f 931/931/931 834/834/834 833/833/833
f 931/931/931 833/833/833 932/932/932
f 931/931/931 932/932/932 933/933/933
f 931/931/931 933/933/933 934/934/934
f 931/931/931 934/934/934 935/935/935
f 931/931/931 935/935/935 936/936/936
f 931/931/931 936/936/936 835/835/835
f 931/931/931 835/835/835 834/834/834
f 937/937/937 934/934/934 933/933/933
f 937/937/937 933/933/933 938/938/938
f 937/937/937 938/938/938 650/650/650
f 937/937/937 650/650/650 649/649/649
f 937/937/937 649/649/649 656/656/656
f 937/937/937 656/656/656 939/939/939
f 937/937/937 939/939/939 935/935/935
f 937/937/937 935/935/935 934/934/934
f 940/940/940 848/848/848 847/847/847
f 940/940/940 847/847/847 941/941/941
f 940/940/940 941/941/941 942/942/942
f 940/940/940 942/942/942 943/943/943
f 940/940/940 943/943/943 944/944/944
f 940/940/940 944/944/944 945/945/945
f 940/940/940 945/945/945 849/849/849
f 940/940/940 849/849/849 848/848/848
f 946/946/946 943/943/943 942/942/942
f 946/946/946 942/942/942 947/947/947
f 946/946/946 947/947/947 948/948/948
f 946/946/946 948/948/948 949/949/949
f 946/946/946 949/949/949 950/950/950
f 946/946/946 950/950/950 951/951/951
f 946/946/946 951/951/951 944/944/944
f 946/946/946 944/944/944 943/943/943
f 952/952/952 860/860/860 859/859/859
f 952/952/952 859/859/859 953/953/953
f 952/952/952 953/953/953 954/954/954
f 952/952/952 954/954/954 955/955/955
f 952/952/952 955/955/955 956/956/956
f 952/952/952 956/956/956 957/957/957
f 952/952/952 957/957/957 861/861/861
f 952/952/952 861/861/861 860/860/860
f 958/958/958 955/955/955 954/954/954
f 958/958/958 954/954/954 959/959/959
f 958/958/958 959/959/959 726/726/726
f 958/958/958 726/726/726 725/725/725
f 958/958/958 725/725/725 719/719/719
f 958/958/958 719/719/719 960/960/960
f 958/958/958 960/960/960 956/956/956
f 958/958/958 956/956/956 955/955/955
f 961/961/961 872/872/872 871/871/871
f 961/961/961 871/871/871 962/962/962
f 961/961/961 962/962/962 963/963/963
f 961/961/961 963/963/963 964/964/964
f 961/961/961 964/964/964 965/965/965
f 961/961/961 965/965/965 966/966/966
f 961/961/961 966/966/966 873/873/873
f 961/961/961 873/873/873 872/872/872
f 967/967/967 964/964/964 963/963/963
f 967/967/967 963/963/963 968/968/968
f 967/967/967 968/968/968 734/734/734
f 967/967/967 734/734/734 733/733/733
f 967/967/967 733/733/733 732/732/732
f 967/967/967 732/732/732 969/969/969
f 967/967/967 969/969/969 965/965/965
f 967/967/967 965/965/965 964/964/964
f 970/970/970 887/887/887 886/886/886
f 970/970/970 886/886/886 971/971/971
f 970/970/970 971/971/971 972/972/972
f 970/970/970 972/972/972 973/973/973
f 970/970/970 973/973/973 974/974/974
f 970/970/970 974/974/974 975/975/975
f 970/970/970 975/975/975 888/888/888
f 970/970/970 888/888/888 887/887/887
f 976/976/976 973/973/973 972/972/972
f 976/976/976 972/972/972 977/977/977
f 976/976/976 977/977/977 741/741/741
f 976/976/976 741/741/741 978/978/978
f 976/976/976 978/978/978 979/979/979
f 976/976/976 979/979/979 980/980/980
f 976/976/976 980/980/980 974/974/974
f 976/976/976 974/974/974 973/973/973
f 981/981/981 897/897/897 896/896/896
f 981/981/981 896/896/896 982/982/982
f 981/981/981 982/982/982 983/983/983
f 981/981/981 983/983/983 984/984/984
f 981/981/981 984/984/984 954/954/954
f 981/981/981 954/954/954 953/953/953
f 981/981/981 953/953/953 859/859/859
f 981/981/981 859/859/859 897/897/897
f 985/985/985 984/984/984 983/983/983
f 985/985/985 983/983/983 986/986/986
f 985/985/985 986/986/986 792/792/792
f 985/985/985 792/792/792 791/791/791
f 985/985/985 791/791/791 726/726/726
f 985/985/985 726/726/726 959/959/959
f 985/985/985 959/959/959 954/954/954
f 985/985/985 954/954/954 984/984/984
f 987/987/987 905/905/905 904/904/904
f 987/987/987 904/904/904 988/988/988
f 987/987/987 988/988/988 989/989/989
f 987/987/987 989/989/989 990/990/990
f 987/987/987 990/990/990 983/983/983
f 987/987/987 983/983/983 982/982/982
f 987/987/987 982/982/982 896/896/896
f 987/987/987 896/896/896 905/905/905
f 991/991/991 990/990/990 989/989/989
f 991/991/991 989/989/989 992/992/992
f 991/991/991 992/992/992 798/798/798
f 991/991/991 798/798/798 797/797/797
f 991/991/991 797/797/797 792/792/792
f 991/991/991 792/792/792 986/986/986
f 991/991/991 986/986/986 983/983/983
f 991/991/991 983/983/983 990/990/990
f 993/993/993 915/915/915 914/914/914
f 993/993/993 914/914/914 994/994/994
f 993/993/993 994/994/994 995/995/995
f 993/993/993 995/995/995 996/996/996
f 993/993/993 996/996/996 997/997/997
f 993/993/993 997/997/997 998/998/998
f 993/993/993 998/998/998 916/916/916
f 993/993/993 916/916/916 915/915/915
f 999/999/999 996/996/996 995/995/995
f 999/999/999 995/995/995 1000/1000/1000
f 999/999/999 1000/1000/1000 806/806/806
f 999/999/999 806/806/806 805/805/805
f 999/999/999 805/805/805 804/804/804
f 999/999/999 804/804/804 1001/1001/1001
f 999/999/999 1001/1001/1001 997/997/997
f 999/999/999 997/997/997 996/996/996
f 1002/1002/1002 921/921/921 873/873/873
f 1002/1002/1002 873/873/873 966/966/966
f 1002/1002/1002 966/966/966 965/965/965
f 1002/1002/1002 965/965/965 1003/1003/1003
f 1002/1002/1002 1003/1003/1003 995/995/995
f 1002/1002/1002 995/995/995 994/994/994
f 1002/1002/1002 994/994/994 914/914/914
f 1002/1002/1002 914/914/914 921/921/921
f 1004/1004/1004 1003/1003/1003 965/965/965
f 1004/1004/1004 965/965/965 969/969/969
f 1004/1004/1004 969/969/969 732/732/732
f 1004/1004/1004 732/732/732 811/811/811
f 1004/1004/1004 811/811/811 806/806/806
f 1004/1004/1004 806/806/806 1000/1000/1000
f 1004/1004/1004 1000/1000/1000 995/995/995
f 1004/1004/1004 995/995/995 1003/1003/1003
f 1005/1005/1005 1006/1006/1006 1007/1007/1007
f 1005/1005/1005 1007/1007/1007 1008/1008/1008
f 1005/1005/1005 1008/1008/1008 1009/1009/1009
f 1005/1005/1005 1009/1009/1009 1010/1010/1010
f 1005/1005/1005 1010/1010/1010 1011/1011/1011
f 1005/1005/1005 1011/1011/1011 1012/1012/1012
f 1005/1005/1005 1012/1012/1012 1013/1013/1013
f 1005/1005/1005 1013/1013/1013 1006/1006/1006
f 1014/1014/1014 1015/1015/1015 1016/1016/1016
f 1014/1014/1014 1016/1016/1016 1017/1017/1017
f 1014/1014/1014 1017/1017/1017 1013/1013/1013
f 1014/1014/1014 1013/1013/1013 1012/1012/1012
f 1014/1014/1014 1012/1012/1012 1011/1011/1011
f 1014/1014/1014 1011/1011/1011 1018/1018/1018
f 1014/1014/1014 1018/1018/1018 1019/1019/1019
f 1014/1014/1014 1019/1019/1019 1015/1015/1015
f 1020/1020/1020 1021/1021/1021 1022/1022/1022
f 1020/1020/1020 1022/1022/1022 1023/1023/1023
f 1020/1020/1020 1023/1023/1023 1024/1024/1024
f 1020/1020/1020 1024/1024/1024 1025/1025/1025
f 1020/1020/1020 1025/1025/1025 1026/1026/1026
f 1020/1020/1020 1026/1026/1026 1027/1027/1027
f 1020/1020/1020 1027/1027/1027 1028/1028/1028
f 1020/1020/1020 1028/1028/1028 1021/1021/1021
f 1029/1029/1029 1030/1030/1030 1031/1031/1031
f 1029/1029/1029 1031/1031/1031 1032/1032/1032
f 1029/1029/1029 1032/1032/1032 1033/1033/1033
f 1029/1029/1029 1033/1033/1033 1034/1034/1034
f 1029/1029/1029 1034/1034/1034 1035/1035/1035
f 1029/1029/1029 1035/1035/1035 1036/1036/1036
f 1029/1029/1029 1036/1036/1036 1037/1037/1037
f 1029/1029/1029 1037/1037/1037 1030/1030/1030
f 1038/1038/1038 1039/1039/1039 1040/1040/1040
f 1038/1038/1038 1040/1040/1040 1041/1041/1041
f 1038/1038/1038 1041/1041/1041 1042/1042/1042
f 1038/1038/1038 1042/1042/1042 1043/1043/1043
f 1038/1038/1038 1043/1043/1043 1044/1044/1044
f 1038/1038/1038 1044/1044/1044 1045/1045/1045
f 1038/1038/1038 1045/1045/1045 1046/1046/1046
f 1038/1038/1038 1046/1046/1046 1039/1039/1039
f 1047/1047/1047 1048/1048/1048 1049/1049/1049
f 1047/1047/1047 1049/1049/1049 1050/1050/1050
f 1047/1047/1047 1050/1050/1050 1051/1051/1051
f 1047/1047/1047 1051/1051/1051 1052/1052/1052
f 1047/1047/1047 1052/1052/1052 1053/1053/1053
f 1047/1047/1047 1053/1053/1053 1054/1054/1054
f 1047/1047/1047 1054/1054/1054 1055/1055/1055
f 1047/1047/1047 1055/1055/1055 1048/1048/1048
f 1056/1056/1056 1057/1057/1057 1058/1058/1058
f 1056/1056/1056 1058/1058/1058 1059/1059/1059
f 1056/1056/1056 1059/1059/1059 1060/1060/1060
f 1056/1056/1056 1060/1060/1060 1061/1061/1061
f 1056/1056/1056 1061/1061/1061 1062/1062/1062
f 1056/1056/1056 1062/1062/1062 1063/1063/1063
f 1056/1056/1056 1063/1063/1063 1064/1064/1064
f 1056/1056/1056 1064/1064/1064 1057/1057/1057
f 1065/1065/1065 1008/1008/1008 1007/1007/1007
f 1065/1065/1065 1007/1007/1007 1066/1066/1066
f 1065/1065/1065 1066/1066/1066 1067/1067/1067
f 1065/1065/1065 1067/1067/1067 1068/1068/1068
f 1065/1065/1065 1068/1068/1068 1069/1069/1069
f 1065/1065/1065 1069/1069/1069 1070/1070/1070
f 1065/1065/1065 1070/1070/1070 1009/1009/1009
f 1065/1065/1065 1009/1009/1009 1008/1008/1008
f 1071/1071/1071 1072/1072/1072 1073/1073/1073
f 1071/1071/1071 1073/1073/1073 1074/1074/1074
f 1071/1071/1071 1074/1074/1074 1075/1075/1075
f 1071/1071/1071 1075/1075/1075 1076/1076/1076
f 1071/1071/1071 1076/1076/1076 1077/1077/1077
f 1071/1071/1071 1077/1077/1077 1078/1078/1078
f 1071/1071/1071 1078/1078/1078 1079/1079/1079
f 1071/1071/1071 1079/1079/1079 1072/1072/1072
f 1080/1080/1080 1081/1081/1081 1082/1082/1082
f 1080/1080/1080 1082/1082/1082 1083/1083/1083
f 1080/1080/1080 1083/1083/1083 1084/1084/1084
f 1080/1080/1080 1084/1084/1084 1085/1085/1085
f 1080/1080/1080 1085/1085/1085 1086/1086/1086
f 1080/1080/1080 1086/1086/1086 1087/1087/1087
f 1080/1080/1080 1087/1087/1087 1088/1088/1088
f 1080/1080/1080 1088/1088/1088 1081/1081/1081
f 1089/1089/1089 1090/1090/1090 1091/1091/1091
f 1089/1089/1089 1091/1091/1091 1092/1092/1092
f 1089/1089/1089 1092/1092/1092 1093/1093/1093
f 1089/1089/1089 1093/1093/1093 1094/1094/1094
f 1089/1089/1089 1094/1094/1094 1095/1095/1095
f 1089/1089/1089 1095/1095/1095 1096/1096/1096
f 1089/1089/1089 1096/1096/1096 1097/1097/1097
f 1089/1089/1089 1097/1097/1097 1090/1090/1090
f 1098/1098/1098 1099/1099/1099 1100/1100/1100
f 1098/1098/1098 1100/1100/1100 1101/1101/1101
f 1098/1098/1098 1101/1101/1101 1102/1102/1102
f 1098/1098/1098 1102/1102/1102 1103/1103/1103
f 1098/1098/1098 1103/1103/1103 1104/1104/1104
f 1098/1098/1098 1104/1104/1104 1105/1105/1105
f 1098/1098/1098 1105/1105/1105 1106/1106/1106
f 1098/1098/1098 1106/1106/1106 1099/1099/1099
f 1107/1107/1107 1108/1108/1108 1109/1109/1109
f 1107/1107/1107 1109/1109/1109 1110/1110/1110
f 1107/1107/1107 1110/1110/1110 1111/1111/1111
f 1107/1107/1107 1111/1111/1111 1112/1112/1112
f 1107/1107/1107 1112/1112/1112 1113/1113/1113
f 1107/1107/1107 1113/1113/1113 1114/1114/1114
f 1107/1107/1107 1114/1114/1114 1115/1115/1115
f 1107/1107/1107 1115/1115/1115 1108/1108/1108
f 1116/1116/1116 1117/1117/1117 1118/1118/1118
f 1116/1116/1116 1118/1118/1118 1119/1119/1119
f 1116/1116/1116 1119/1119/1119 1120/1120/1120
f 1116/1116/1116 1120/1120/1120 1121/1121/1121
f 1116/1116/1116 1121/1121/1121 1122/1122/1122
f 1116/1116/1116 1122/1122/1122 1123/1123/1123
f 1116/1116/1116 1123/1123/1123 1124/1124/1124
f 1116/1116/1116 1124/1124/1124 1117/1117/1117
f 1125/1125/1125 1126/1126/1126 1127/1127/1127
f 1125/1125/1125 1127/1127/1127 1128/1128/1128
f 1125/1125/1125 1128/1128/1128 1129/1129/1129
f 1125/1125/1125 1129/1129/1129 1130/1130/1130
f 1125/1125/1125 1130/1130/1130 1131/1131/1131
f 1125/1125/1125 1131/1131/1131 1132/1132/1132
f 1125/1125/1125 1132/1132/1132 1133/1133/1133
f 1125/1125/1125 1133/1133/1133 1126/1126/1126
f 1134/1134/1134 1078/1078/1078 1077/1077/1077
f 1134/1134/1134 1077/1077/1077 1135/1135/1135
f 1134/1134/1134 1135/1135/1135 1129/1129/1129
f 1134/1134/1134 1129/1129/1129 1128/1128/1128
f 1134/1134/1134 1128/1128/1128 1127/1127/1127
f 1134/1134/1134 1127/1127/1127 1136/1136/1136
f 1134/1134/1134 1136/1136/1136 1079/1079/1079
f 1134/1134/1134 1079/1079/1079 1078/1078/1078
f 1137/1137/1137 1138/1138/1138 1139/1139/1139
f 1137/1137/1137 1139/1139/1139 1140/1140/1140
f 1137/1137/1137 1140/1140/1140 1141/1141/1141
f 1137/1137/1137 1141/1141/1141 1142/1142/1142
f 1137/1137/1137 1142/1142/1142 1143/1143/1143
f 1137/1137/1137 1143/1143/1143 1144/1144/1144
f 1137/1137/1137 1144/1144/1144 1145/1145/1145
f 1137/1137/1137 1145/1145/1145 1138/1138/1138
f 1146/1146/1146 1147/1147/1147 1145/1145/1145
f 1146/1146/1146 1145/1145/1145 1144/1144/1144
f 1146/1146/1146 1144/1144/1144 1143/1143/1143
f 1146/1146/1146 1143/1143/1143 1148/1148/1148
f 1146/1146/1146 1148/1148/1148 1149/1149/1149
f 1146/1146/1146 1149/1149/1149 1150/1150/1150
f 1146/1146/1146 1150/1150/1150 1151/1151/1151
f 1146/1146/1146 1151/1151/1151 1147/1147/1147
f 1152/1152/1152 1153/1153/1153 1139/1139/1139
f 1152/1152/1152 1139/1139/1139 1138/1138/1138
f 1152/1152/1152 1138/1138/1138 1145/1145/1145
f 1152/1152/1152 1145/1145/1145 1154/1154/1154
f 1152/1152/1152 1154/1154/1154 1155/1155/1155
f 1152/1152/1152 1155/1155/1155 1156/1156/1156
f 1152/1152/1152 1156/1156/1156 1157/1157/1157
f 1152/1152/1152 1157/1157/1157 1153/1153/1153
f 1158/1158/1158 1154/1154/1154 1145/1145/1145
f 1158/1158/1158 1145/1145/1145 1147/1147/1147
f 1158/1158/1158 1147/1147/1147 1151/1151/1151
f 1158/1158/1158 1151/1151/1151 1159/1159/1159
f 1158/1158/1158 1159/1159/1159 1160/1160/1160
f 1158/1158/1158 1160/1160/1160 1161/1161/1161
f 1158/1158/1158 1161/1161/1161 1155/1155/1155
f 1158/1158/1158 1155/1155/1155 1154/1154/1154
f 1162/1162/1162 1163/1163/1163 1164/1164/1164
f 1162/1162/1162 1164/1164/1164 1165/1165/1165
f 1162/1162/1162 1165/1165/1165 1166/1166/1166
f 1162/1162/1162 1166/1166/1166 1167/1167/1167
f 1162/1162/1162 1167/1167/1167 1168/1168/1168
f 1162/1162/1162 1168/1168/1168 1169/1169/1169
f 1162/1162/1162 1169/1169/1169 1170/1170/1170
f 1162/1162/1162 1170/1170/1170 1163/1163/1163
f 1171/1171/1171 1167/1167/1167 1166/1166/1166
f 1171/1171/1171 1166/1166/1166 1172/1172/1172
f 1171/1171/1171 1172/1172/1172 1173/1173/1173
f 1171/1171/1171 1173/1173/1173 1174/1174/1174
f 1171/1171/1171 1174/1174/1174 1175/1175/1175
f 1171/1171/1171 1175/1175/1175 1176/1176/1176
f 1171/1171/1171 1176/1176/1176 1168/1168/1168
f 1171/1171/1171 1168/1168/1168 1167/1167/1167
f 1177/1177/1177 1178/1178/1178 1179/1179/1179
f 1177/1177/1177 1179/1179/1179 1180/1180/1180
f 1177/1177/1177 1180/1180/1180 1181/1181/1181
f 1177/1177/1177 1181/1181/1181 1182/1182/1182
f 1177/1177/1177 1182/1182/1182 1183/1183/1183
f 1177/1177/1177 1183/1183/1183 1184/1184/1184
f 1177/1177/1177 1184/1184/1184 1185/1185/1185
f 1177/1177/1177 1185/1185/1185 1178/1178/1178
f 1186/1186/1186 1182/1182/1182 1181/1181/1181
f 1186/1186/1186 1181/1181/1181 1187/1187/1187
f 1186/1186/1186 1187/1187/1187 1188/1188/1188
f 1186/1186/1186 1188/1188/1188 1189/1189/1189
f 1186/1186/1186 1189/1189/1189 1190/1190/1190
f 1186/1186/1186 1190/1190/1190 1191/1191/1191
f 1186/1186/1186 1191/1191/1191 1183/1183/1183
f 1186/1186/1186 1183/1183/1183 1182/1182/1182
f 1192/1192/1192 1193/1193/1193 1194/1194/1194
f 1192/1192/1192 1194/1194/1194 1195/1195/1195
f 1192/1192/1192 1195/1195/1195 1196/1196/1196
f 1192/1192/1192 1196/1196/1196 1197/1197/1197
f 1192/1192/1192 1197/1197/1197 1198/1198/1198
f 1192/1192/1192 1198/1198/1198 1199/1199/1199
f 1192/1192/1192 1199/1199/1199 1200/1200/1200
f 1192/1192/1192 1200/1200/1200 1193/1193/1193
f 1201/1201/1201 1197/1197/1197 1196/1196/1196
f 1201/1201/1201 1196/1196/1196 1202/1202/1202
f 1201/1201/1201 1202/1202/1202 1203/1203/1203
f 1201/1201/1201 1203/1203/1203 1204/1204/1204
f 1201/1201/1201 1204/1204/1204 1205/1205/1205
f 1201/1201/1201 1205/1205/1205 1206/1206/1206
f 1201/1201/1201 1206/1206/1206 1198/1198/1198
f 1201/1201/1201 1198/1198/1198 1197/1197/1197
f 1207/1207/1207 1208/1208/1208 1209/1209/1209
f 1207/1207/1207 1209/1209/1209 1210/1210/1210
f 1207/1207/1207 1210/1210/1210 1211/1211/1211
f 1207/1207/1207 1211/1211/1211 1212/1212/1212
f 1207/1207/1207 1212/1212/1212 1213/1213/1213
f 1207/1207/1207 1213/1213/1213 1214/1214/1214
f 1207/1207/1207 1214/1214/1214 1215/1215/1215
f 1207/1207/1207 1215/1215/1215 1208/1208/1208
f 1216/1216/1216 1212/1212/1212 1211/1211/1211
f 1216/1216/1216 1211/1211/1211 1217/1217/1217
f 1216/1216/1216 1217/1217/1217 1218/1218/1218
f 1216/1216/1216 1218/1218/1218 1219/1219/1219
f 1216/1216/1216 1219/1219/1219 1220/1220/1220
f 1216/1216/1216 1220/1220/1220 1221/1221/1221
f 1216/1216/1216 1221/1221/1221 1213/1213/1213
f 1216/1216/1216 1213/1213/1213 1212/1212/1212
f 1222/1222/1222 1223/1223/1223 1224/1224/1224
f 1222/1222/1222 1224/1224/1224 1225/1225/1225
f 1222/1222/1222 1225/1225/1225 1226/1226/1226
f 1222/1222/1222 1226/1226/1226 1227/1227/1227
f 1222/1222/1222 1227/1227/1227 1228/1228/1228
f 1222/1222/1222 1228/1228/1228 1229/1229/1229
f 1222/1222/1222 1229/1229/1229 1230/1230/1230
f 1222/1222/1222 1230/1230/1230 1223/1223/1223
f 1231/1231/1231 1227/1227/1227 1226/1226/1226
f 1231/1231/1231 1226/1226/1226 1232/1232/1232
f 1231/1231/1231 1232/1232/1232 1233/1233/1233
f 1231/1231/1231 1233/1233/1233 1234/1234/1234
f 1231/1231/1231 1234/1234/1234 1235/1235/1235
f 1231/1231/1231 1235/1235/1235 1236/1236/1236
f 1231/1231/1231 1236/1236/1236 1228/1228/1228
f 1231/1231/1231 1228/1228/1228 1227/1227/1227
f 1237/1237/1237 1238/1238/1238 1239/1239/1239
f 1237/1237/1237 1239/1239/1239 1240/1240/1240
f 1237/1237/1237 1240/1240/1240 1241/1241/1241
f 1237/1237/1237 1241/1241/1241 1242/1242/1242
f 1237/1237/1237 1242/1242/1242 1143/1143/1143
f 1237/1237/1237 1143/1143/1143 1142/1142/1142
f 1237/1237/1237 1142/1142/1142 1141/1141/1141
f 1237/1237/1237 1141/1141/1141 1238/1238/1238
f 1243/1243/1243 1242/1242/1242 1241/1241/1241
f 1243/1243/1243 1241/1241/1241 1244/1244/1244
f 1243/1243/1243 1244/1244/1244 1245/1245/1245
f 1243/1243/1243 1245/1245/1245 1246/1246/1246
f 1243/1243/1243 1246/1246/1246 1149/1149/1149
f 1243/1243/1243 1149/1149/1149 1148/1148/1148
f 1243/1243/1243 1148/1148/1148 1143/1143/1143
f 1243/1243/1243 1143/1143/1143 1242/1242/1242
f 1247/1247/1247 1248/1248/1248 1249/1249/1249
f 1247/1247/1247 1249/1249/1249 1250/1250/1250
f 1247/1247/1247 1250/1250/1250 1251/1251/1251
f 1247/1247/1247 1251/1251/1251 1252/1252/1252
f 1247/1247/1247 1252/1252/1252 1253/1253/1253
f 1247/1247/1247 1253/1253/1253 1254/1254/1254
f 1247/1247/1247 1254/1254/1254 1255/1255/1255
f 1247/1247/1247 1255/1255/1255 1248/1248/1248
f 1256/1256/1256 1257/1257/1257 1255/1255/1255
f 1256/1256/1256 1255/1255/1255 1254/1254/1254
f 1256/1256/1256 1254/1254/1254 1253/1253/1253
f 1256/1256/1256 1253/1253/1253 1258/1258/1258
f 1256/1256/1256 1258/1258/1258 1259/1259/1259
f 1256/1256/1256 1259/1259/1259 1260/1260/1260
f 1256/1256/1256 1260/1260/1260 1261/1261/1261
f 1256/1256/1256 1261/1261/1261 1257/1257/1257
f 1262/1262/1262 1263/1263/1263 1264/1264/1264
f 1262/1262/1262 1264/1264/1264 1265/1265/1265
f 1262/1262/1262 1265/1265/1265 1266/1266/1266
f 1262/1262/1262 1266/1266/1266 1267/1267/1267
f 1262/1262/1262 1267/1267/1267 1268/1268/1268
f 1262/1262/1262 1268/1268/1268 1269/1269/1269
f 1262/1262/1262 1269/1269/1269 1270/1270/1270
f 1262/1262/1262 1270/1270/1270 1263/1263/1263
f 1271/1271/1271 1272/1272/1272 1270/1270/1270
f 1271/1271/1271 1270/1270/1270 1269/1269/1269
f 1271/1271/1271 1269/1269/1269 1268/1268/1268
f 1271/1271/1271 1268/1268/1268 1273/1273/1273
f 1271/1271/1271 1273/1273/1273 1274/1274/1274
f 1271/1271/1271 1274/1274/1274 1275/1275/1275
f 1271/1271/1271 1275/1275/1275 1276/1276/1276
f 1271/1271/1271 1276/1276/1276 1272/1272/1272
f 1277/1277/1277 1278/1278/1278 1279/1279/1279
f 1277/1277/1277 1279/1279/1279 1280/1280/1280
f 1277/1277/1277 1280/1280/1280 1281/1281/1281
f 1277/1277/1277 1281/1281/1281 1282/1282/1282
f 1277/1277/1277 1282/1282/1282 1283/1283/1283
f 1277/1277/1277 1283/1283/1283 1284/1284/1284
f 1277/1277/1277 1284/1284/1284 1285/1285/1285
f 1277/1277/1277 1285/1285/1285 1278/1278/1278
f 1286/1286/1286 1287/1287/1287 1285/1285/1285
f 1286/1286/1286 1285/1285/1285 1284/1284/1284
f 1286/1286/1286 1284/1284/1284 1283/1283/1283
f 1286/1286/1286 1283/1283/1283 1288/1288/1288
f 1286/1286/1286 1288/1288/1288 1289/1289/1289
f 1286/1286/1286 1289/1289/1289 1290/1290/1290
f 1286/1286/1286 1290/1290/1290 1291/1291/1291
f 1286/1286/1286 1291/1291/1291 1287/1287/1287
f 1292/1292/1292 1293/1293/1293 1294/1294/1294
f 1292/1292/1292 1294/1294/1294 1295/1295/1295
f 1292/1292/1292 1295/1295/1295 1296/1296/1296
f 1292/1292/1292 1296/1296/1296 1297/1297/1297
f 1292/1292/1292 1297/1297/1297 1298/1298/1298
f 1292/1292/1292 1298/1298/1298 1299/1299/1299
f 1292/1292/1292 1299/1299/1299 1300/1300/1300
f 1292/1292/1292 1300/1300/1300 1293/1293/1293
f 1301/1301/1301 1302/1302/1302 1300/1300/1300
f 1301/1301/1301 1300/1300/1300 1299/1299/1299
f 1301/1301/1301 1299/1299/1299 1298/1298/1298
f 1301/1301/1301 1298/1298/1298 1303/1303/1303
f 1301/1301/1301 1303/1303/1303 1304/1304/1304
f 1301/1301/1301 1304/1304/1304 1305/1305/1305
f 1301/1301/1301 1305/1305/1305 1306/1306/1306
f 1301/1301/1301 1306/1306/1306 1302/1302/1302
f 1307/1307/1307 1308/1308/1308 1309/1309/1309
f 1307/1307/1307 1309/1309/1309 1310/1310/1310
f 1307/1307/1307 1310/1310/1310 1311/1311/1311
f 1307/1307/1307 1311/1311/1311 1312/1312/1312
f 1307/1307/1307 1312/1312/1312 1313/1313/1313
f 1307/1307/1307 1313/1313/1313 1314/1314/1314
f 1307/1307/1307 1314/1314/1314 1315/1315/1315
f 1307/1307/1307 1315/1315/1315 1308/1308/1308
f 1316/1316/1316 1317/1317/1317 1315/1315/1315
f 1316/1316/1316 1315/1315/1315 1314/1314/1314
f 1316/1316/1316 1314/1314/1314 1313/1313/1313
f 1316/1316/1316 1313/1313/1313 1318/1318/1318
f 1316/1316/1316 1318/1318/1318 1319/1319/1319
f 1316/1316/1316 1319/1319/1319 1320/1320/1320
f 1316/1316/1316 1320/1320/1320 1321/1321/1321
f 1316/1316/1316 1321/1321/1321 1317/1317/1317
f 1322/1322/1322 1323/1323/1323 1324/1324/1324
f 1322/1322/1322 1324/1324/1324 1325/1325/1325
f 1322/1322/1322 1325/1325/1325 1326/1326/1326
f 1322/1322/1322 1326/1326/1326 1327/1327/1327
f 1322/1322/1322 1327/1327/1327 1328/1328/1328
f 1322/1322/1322 1328/1328/1328 1329/1329/1329
f 1322/1322/1322 1329/1329/1329 1330/1330/1330
f 1322/1322/1322 1330/1330/1330 1323/1323/1323
f 1331/1331/1331 1332/1332/1332 1330/1330/1330
f 1331/1331/1331 1330/1330/1330 1329/1329/1329
f 1331/1331/1331 1329/1329/1329 1328/1328/1328
f 1331/1331/1331 1328/1328/1328 1333/1333/1333
f 1331/1331/1331 1333/1333/1333 1334/1334/1334
f 1331/1331/1331 1334/1334/1334 1335/1335/1335
f 1331/1331/1331 1335/1335/1335 1336/1336/1336
f 1331/1331/1331 1336/1336/1336 1332/1332/1332
f 1337/1337/1337 1338/1338/1338 1339/1339/1339
f 1337/1337/1337 1339/1339/1339 1340/1340/1340
f 1337/1337/1337 1340/1340/1340 1341/1341/1341
f 1337/1337/1337 1341/1341/1341 1342/1342/1342
f 1337/1337/1337 1342/1342/1342 1343/1343/1343
f 1337/1337/1337 1343/1343/1343 1344/1344/1344
f 1337/1337/1337 1344/1344/1344 1345/1345/1345
f 1337/1337/1337 1345/1345/1345 1338/1338/1338
f 1346/1346/1346 1347/1347/1347 1345/1345/1345
f 1346/1346/1346 1345/1345/1345 1344/1344/1344
f 1346/1346/1346 1344/1344/1344 1343/1343/1343
f 1346/1346/1346 1343/1343/1343 1348/1348/1348
f 1346/1346/1346 1348/1348/1348 1349/1349/1349
f 1346/1346/1346 1349/1349/1349 1350/1350/1350
f 1346/1346/1346 1350/1350/1350 1351/1351/1351
f 1346/1346/1346 1351/1351/1351 1347/1347/1347
f 1352/1352/1352 1353/1353/1353 1249/1249/1249
f 1352/1352/1352 1249/1249/1249 1248/1248/1248
f 1352/1352/1352 1248/1248/1248 1255/1255/1255
f 1352/1352/1352 1255/1255/1255 1354/1354/1354
f 1352/1352/1352 1354/1354/1354 1343/1343/1343
f 1352/1352/1352 1343/1343/1343 1342/1342/1342
f 1352/1352/1352 1342/1342/1342 1341/1341/1341
f 1352/1352/1352 1341/1341/1341 1353/1353/1353
f 1355/1355/1355 1354/1354/1354 1255/1255/1255
f 1355/1355/1355 1255/1255/1255 1257/1257/1257
f 1355/1355/1355 1257/1257/1257 1261/1261/1261
f 1355/1355/1355 1261/1261/1261 1356/1356/1356
f 1355/1355/1355 1356/1356/1356 1349/1349/1349
f 1355/1355/1355 1349/1349/1349 1348/1348/1348
f 1355/1355/1355 1348/1348/1348 1343/1343/1343
f 1355/1355/1355 1343/1343/1343 1354/1354/1354
f 1357/1357/1357 1358/1358/1358 1359/1359/1359
f 1357/1357/1357 1359/1359/1359 1006/1006/1006
f 1357/1357/1357 1006/1006/1006 1360/1360/1360
f 1357/1357/1357 1360/1360/1360 1361/1361/1361
f 1357/1357/1357 1361/1361/1361 1362/1362/1362
f 1357/1357/1357 1362/1362/1362 1363/1363/1363
f 1357/1357/1357 1363/1363/1363 1364/1364/1364
f 1357/1357/1357 1364/1364/1364 1358/1358/1358
f 1365/1365/1365 1017/1017/1017 1024/1024/1024
f 1365/1365/1365 1024/1024/1024 1366/1366/1366
f 1365/1365/1365 1366/1366/1366 1367/1367/1367
f 1365/1365/1365 1367/1367/1367 1368/1368/1368
f 1365/1365/1365 1368/1368/1368 1362/1362/1362
f 1365/1365/1365 1362/1362/1362 1361/1361/1361
f 1365/1365/1365 1361/1361/1361 1360/1360/1360
f 1365/1365/1365 1360/1360/1360 1017/1017/1017
f 1369/1369/1369 1023/1023/1023 1033/1033/1033
f 1369/1369/1369 1033/1033/1033 1370/1370/1370
f 1369/1369/1369 1370/1370/1370 1371/1371/1371
f 1369/1369/1369 1371/1371/1371 1372/1372/1372
f 1369/1369/1369 1372/1372/1372 1373/1373/1373
f 1369/1369/1369 1373/1373/1373 1374/1374/1374
f 1369/1369/1369 1374/1374/1374 1016/1016/1016
f 1369/1369/1369 1016/1016/1016 1023/1023/1023
f 1375/1375/1375 1032/1032/1032 1042/1042/1042
f 1375/1375/1375 1042/1042/1042 1376/1376/1376
f 1375/1375/1375 1376/1376/1376 1377/1377/1377
f 1375/1375/1375 1377/1377/1377 1378/1378/1378
f 1375/1375/1375 1378/1378/1378 1379/1379/1379
f 1375/1375/1375 1379/1379/1379 1380/1380/1380
f 1375/1375/1375 1380/1380/1380 1022/1022/1022
f 1375/1375/1375 1022/1022/1022 1032/1032/1032
f 1381/1381/1381 1041/1041/1041 1051/1051/1051
f 1381/1381/1381 1051/1051/1051 1382/1382/1382
f 1381/1381/1381 1382/1382/1382 1383/1383/1383
f 1381/1381/1381 1383/1383/1383 1384/1384/1384
f 1381/1381/1381 1384/1384/1384 1385/1385/1385
f 1381/1381/1381 1385/1385/1385 1386/1386/1386
f 1381/1381/1381 1386/1386/1386 1031/1031/1031
f 1381/1381/1381 1031/1031/1031 1041/1041/1041
f 1387/1387/1387 1050/1050/1050 1060/1060/1060
f 1387/1387/1387 1060/1060/1060 1388/1388/1388
f 1387/1387/1387 1388/1388/1388 1389/1389/1389
f 1387/1387/1387 1389/1389/1389 1390/1390/1390
f 1387/1387/1387 1390/1390/1390 1391/1391/1391
f 1387/1387/1387 1391/1391/1391 1392/1392/1392
f 1387/1387/1387 1392/1392/1392 1040/1040/1040
f 1387/1387/1387 1040/1040/1040 1050/1050/1050
f 1393/1393/1393 1059/1059/1059 1067/1067/1067
f 1393/1393/1393 1067/1067/1067 1394/1394/1394
f 1393/1393/1393 1394/1394/1394 1395/1395/1395
f 1393/1393/1393 1395/1395/1395 1396/1396/1396
f 1393/1393/1393 1396/1396/1396 1397/1397/1397
f 1393/1393/1393 1397/1397/1397 1398/1398/1398
f 1393/1393/1393 1398/1398/1398 1049/1049/1049
f 1393/1393/1393 1049/1049/1049 1059/1059/1059
f 1399/1399/1399 1066/1066/1066 1359/1359/1359
f 1399/1399/1399 1359/1359/1359 1358/1358/1358
f 1399/1399/1399 1358/1358/1358 1364/1364/1364
f 1399/1399/1399 1364/1364/1364 1400/1400/1400
f 1399/1399/1399 1400/1400/1400 1401/1401/1401
f 1399/1399/1399 1401/1401/1401 1402/1402/1402
f 1399/1399/1399 1402/1402/1402 1058/1058/1058
f 1399/1399/1399 1058/1058/1058 1066/1066/1066
f 1403/1403/1403 1404/1404/1404 1405/1405/1405
f 1403/1403/1403 1405/1405/1405 1406/1406/1406
f 1403/1403/1403 1406/1406/1406 1407/1407/1407
f 1403/1403/1403 1407/1407/1407 1408/1408/1408
f 1403/1403/1403 1408/1408/1408 1088/1088/1088
f 1403/1403/1403 1088/1088/1088 1072/1072/1072
f 1403/1403/1403 1072/1072/1072 1409/1409/1409
f 1403/1403/1403 1409/1409/1409 1404/1404/1404
f 1410/1410/1410 1411/1411/1411 1097/1097/1097
f 1410/1410/1410 1097/1097/1097 1081/1081/1081
f 1410/1410/1410 1081/1081/1081 1073/1073/1073
f 1410/1410/1410 1073/1073/1073 1412/1412/1412
f 1410/1410/1410 1412/1412/1412 1413/1413/1413
f 1410/1410/1410 1413/1413/1413 1414/1414/1414
f 1410/1410/1410 1414/1414/1414 1415/1415/1415
f 1410/1410/1410 1415/1415/1415 1411/1411/1411
f 1416/1416/1416 1417/1417/1417 1106/1106/1106
f 1416/1416/1416 1106/1106/1106 1090/1090/1090
f 1416/1416/1416 1090/1090/1090 1082/1082/1082
f 1416/1416/1416 1082/1082/1082 1418/1418/1418
f 1416/1416/1416 1418/1418/1418 1419/1419/1419
f 1416/1416/1416 1419/1419/1419 1420/1420/1420
f 1416/1416/1416 1420/1420/1420 1421/1421/1421
f 1416/1416/1416 1421/1421/1421 1417/1417/1417
f 1422/1422/1422 1423/1423/1423 1115/1115/1115
f 1422/1422/1422 1115/1115/1115 1099/1099/1099
f 1422/1422/1422 1099/1099/1099 1091/1091/1091
f 1422/1422/1422 1091/1091/1091 1424/1424/1424
f 1422/1422/1422 1424/1424/1424 1425/1425/1425
f 1422/1422/1422 1425/1425/1425 1426/1426/1426
f 1422/1422/1422 1426/1426/1426 1427/1427/1427
f 1422/1422/1422 1427/1427/1427 1423/1423/1423
f 1428/1428/1428 1429/1429/1429 1124/1124/1124
f 1428/1428/1428 1124/1124/1124 1108/1108/1108
f 1428/1428/1428 1108/1108/1108 1100/1100/1100
f 1428/1428/1428 1100/1100/1100 1430/1430/1430
f 1428/1428/1428 1430/1430/1430 1431/1431/1431
f 1428/1428/1428 1431/1431/1431 1432/1432/1432
f 1428/1428/1428 1432/1432/1432 1433/1433/1433
f 1428/1428/1428 1433/1433/1433 1429/1429/1429
f 1434/1434/1434 1435/1435/1435 1133/1133/1133
f 1434/1434/1434 1133/1133/1133 1117/1117/1117
f 1434/1434/1434 1117/1117/1117 1109/1109/1109
f 1434/1434/1434 1109/1109/1109 1436/1436/1436
f 1434/1434/1434 1436/1436/1436 1437/1437/1437
f 1434/1434/1434 1437/1437/1437 1438/1438/1438
f 1434/1434/1434 1438/1438/1438 1439/1439/1439
f 1434/1434/1434 1439/1439/1439 1435/1435/1435
f 1440/1440/1440 1441/1441/1441 1442/1442/1442
f 1440/1440/1440 1442/1442/1442 1126/1126/1126
f 1440/1440/1440 1126/1126/1126 1118/1118/1118
f 1440/1440/1440 1118/1118/1118 1443/1443/1443
f 1440/1440/1440 1443/1443/1443 1444/1444/1444
f 1440/1440/1440 1444/1444/1444 1445/1445/1445
f 1440/1440/1440 1445/1445/1445 1446/1446/1446
f 1440/1440/1440 1446/1446/1446 1441/1441/1441
f 1447/1447/1447 1136/1136/1136 1442/1442/1442
f 1447/1447/1447 1442/1442/1442 1441/1441/1441
f 1447/1447/1447 1441/1441/1441 1446/1446/1446
f 1447/1447/1447 1446/1446/1446 1448/1448/1448
f 1447/1447/1447 1448/1448/1448 1405/1405/1405
f 1447/1447/1447 1405/1405/1405 1404/1404/1404
f 1447/1447/1447 1404/1404/1404 1409/1409/1409
f 1447/1447/1447 1409/1409/1409 1136/1136/1136
f 1449/1449/1449 1450/1450/1450 1364/1364/1364
f 1449/1449/1449 1364/1364/1364 1363/1363/1363
f 1449/1449/1449 1363/1363/1363 1362/1362/1362
f 1449/1449/1449 1362/1362/1362 1451/1451/1451
f 1449/1449/1449 1451/1451/1451 1452/1452/1452
f 1449/1449/1449 1452/1452/1452 1453/1453/1453
f 1449/1449/1449 1453/1453/1453 1454/1454/1454
f 1449/1449/1449 1454/1454/1454 1450/1450/1450
f 1455/1455/1455 1456/1456/1456 1454/1454/1454
f 1455/1455/1455 1454/1454/1454 1453/1453/1453
f 1455/1455/1455 1453/1453/1453 1452/1452/1452
f 1455/1455/1455 1452/1452/1452 1457/1457/1457
f 1455/1455/1455 1457/1457/1457 1458/1458/1458
f 1455/1455/1455 1458/1458/1458 1459/1459/1459
f 1455/1455/1455 1459/1459/1459 1460/1460/1460
f 1455/1455/1455 1460/1460/1460 1456/1456/1456
f 1461/1461/1461 1368/1368/1368 1367/1367/1367
f 1461/1461/1461 1367/1367/1367 1462/1462/1462
f 1461/1461/1461 1462/1462/1462 1463/1463/1463
f 1461/1461/1461 1463/1463/1463 1464/1464/1464
f 1461/1461/1461 1464/1464/1464 1452/1452/1452
f 1461/1461/1461 1452/1452/1452 1451/1451/1451
f 1461/1461/1461 1451/1451/1451 1362/1362/1362
f 1461/1461/1461 1362/1362/1362 1368/1368/1368
f 1465/1465/1465 1464/1464/1464 1463/1463/1463
f 1465/1465/1465 1463/1463/1463 1466/1466/1466
f 1465/1465/1465 1466/1466/1466 1467/1467/1467
f 1465/1465/1465 1467/1467/1467 1468/1468/1468
f 1465/1465/1465 1468/1468/1468 1458/1458/1458
f 1465/1465/1465 1458/1458/1458 1457/1457/1457
f 1465/1465/1465 1457/1457/1457 1452/1452/1452
f 1465/1465/1465 1452/1452/1452 1464/1464/1464
f 1469/1469/1469 1372/1372/1372 1371/1371/1371
f 1469/1469/1469 1371/1371/1371 1470/1470/1470
f 1469/1469/1469 1470/1470/1470 1471/1471/1471
f 1469/1469/1469 1471/1471/1471 1472/1472/1472
f 1469/1469/1469 1472/1472/1472 1473/1473/1473
f 1469/1469/1469 1473/1473/1473 1474/1474/1474
f 1469/1469/1469 1474/1474/1474 1373/1373/1373
f 1469/1469/1469 1373/1373/1373 1372/1372/1372
f 1475/1475/1475 1472/1472/1472 1471/1471/1471
f 1475/1475/1475 1471/1471/1471 1476/1476/1476
f 1475/1475/1475 1476/1476/1476 1477/1477/1477
f 1475/1475/1475 1477/1477/1477 1478/1478/1478
f 1475/1475/1475 1478/1478/1478 1479/1479/1479
f 1475/1475/1475 1479/1479/1479 1480/1480/1480
f 1475/1475/1475 1480/1480/1480 1473/1473/1473
f 1475/1475/1475 1473/1473/1473 1472/1472/1472
f 1481/1481/1481 1378/1378/1378 1377/1377/1377
f 1481/1481/1481 1377/1377/1377 1482/1482/1482
f 1481/1481/1481 1482/1482/1482 1483/1483/1483
f 1481/1481/1481 1483/1483/1483 1484/1484/1484
f 1481/1481/1481 1484/1484/1484 1485/1485/1485
f 1481/1481/1481 1485/1485/1485 1486/1486/1486
f 1481/1481/1481 1486/1486/1486 1379/1379/1379
f 1481/1481/1481 1379/1379/1379 1378/1378/1378
f 1487/1487/1487 1484/1484/1484 1483/1483/1483
f 1487/1487/1487 1483/1483/1483 1488/1488/1488
f 1487/1487/1487 1488/1488/1488 1489/1489/1489
f 1487/1487/1487 1489/1489/1489 1490/1490/1490
f 1487/1487/1487 1490/1490/1490 1491/1491/1491
f 1487/1487/1487 1491/1491/1491 1492/1492/1492
f 1487/1487/1487 1492/1492/1492 1485/1485/1485
f 1487/1487/1487 1485/1485/1485 1484/1484/1484
f 1493/1493/1493 1384/1384/1384 1383/1383/1383
f 1493/1493/1493 1383/1383/1383 1494/1494/1494
f 1493/1493/1493 1494/1494/1494 1495/1495/1495
f 1493/1493/1493 1495/1495/1495 1496/1496/1496
f 1493/1493/1493 1496/1496/1496 1497/1497/1497
f 1493/1493/1493 1497/1497/1497 1498/1498/1498
f 1493/1493/1493 1498/1498/1498 1385/1385/1385
f 1493/1493/1493 1385/1385/1385 1384/1384/1384
f 1499/1499/1499 1496/1496/1496 1495/1495/1495
f 1499/1499/1499 1495/1495/1495 1500/1500/1500
f 1499/1499/1499 1500/1500/1500 1501/1501/1501
f 1499/1499/1499 1501/1501/1501 1502/1502/1502
f 1499/1499/1499 1502/1502/1502 1503/1503/1503
f 1499/1499/1499 1503/1503/1503 1504/1504/1504
f 1499/1499/1499 1504/1504/1504 1497/1497/1497
f 1499/1499/1499 1497/1497/1497 1496/1496/1496
f 1505/1505/1505 1390/1390/1390 1389/1389/1389
f 1505/1505/1505 1389/1389/1389 1506/1506/1506
f 1505/1505/1505 1506/1506/1506 1507/1507/1507
f 1505/1505/1505 1507/1507/1507 1508/1508/1508
f 1505/1505/1505 1508/1508/1508 1509/1509/1509
f 1505/1505/1505 1509/1509/1509 1510/1510/1510
f 1505/1505/1505 1510/1510/1510 1391/1391/1391
f 1505/1505/1505 1391/1391/1391 1390/1390/1390
f 1511/1511/1511 1508/1508/1508 1507/1507/1507
f 1511/1511/1511 1507/1507/1507 1512/1512/1512
f 1511/1511/1511 1512/1512/1512 1513/1513/1513
f 1511/1511/1511 1513/1513/1513 1514/1514/1514
f 1511/1511/1511 1514/1514/1514 1515/1515/1515
f 1511/1511/1511 1515/1515/1515 1516/1516/1516
f 1511/1511/1511 1516/1516/1516 1509/1509/1509
f 1511/1511/1511 1509/1509/1509 1508/1508/1508
f 1517/1517/1517 1396/1396/1396 1395/1395/1395
f 1517/1517/1517 1395/1395/1395 1518/1518/1518
f 1517/1517/1517 1518/1518/1518 1519/1519/1519
f 1517/1517/1517 1519/1519/1519 1520/1520/1520
f 1517/1517/1517 1520/1520/1520 1521/1521/1521
f 1517/1517/1517 1521/1521/1521 1522/1522/1522
f 1517/1517/1517 1522/1522/1522 1397/1397/1397
f 1517/1517/1517 1397/1397/1397 1396/1396/1396
f 1523/1523/1523 1520/1520/1520 1519/1519/1519
f 1523/1523/1523 1519/1519/1519 1524/1524/1524
f 1523/1523/1523 1524/1524/1524 1525/1525/1525
f 1523/1523/1523 1525/1525/1525 1526/1526/1526
f 1523/1523/1523 1526/1526/1526 1527/1527/1527
f 1523/1523/1523 1527/1527/1527 1528/1528/1528
f 1523/1523/1523 1528/1528/1528 1521/1521/1521
f 1523/1523/1523 1521/1521/1521 1520/1520/1520
f 1529/1529/1529 1400/1400/1400 1364/1364/1364
f 1529/1529/1529 1364/1364/1364 1450/1450/1450
f 1529/1529/1529 1450/1450/1450 1454/1454/1454
f 1529/1529/1529 1454/1454/1454 1530/1530/1530
f 1529/1529/1529 1530/1530/1530 1531/1531/1531
f 1529/1529/1529 1531/1531/1531 1532/1532/1532
f 1529/1529/1529 1532/1532/1532 1401/1401/1401
f 1529/1529/1529 1401/1401/1401 1400/1400/1400
f 1533/1533/1533 1530/1530/1530 1454/1454/1454
f 1533/1533/1533 1454/1454/1454 1456/1456/1456
f 1533/1533/1533 1456/1456/1456 1460/1460/1460
f 1533/1533/1533 1460/1460/1460 1534/1534/1534
f 1533/1533/1533 1534/1534/1534 1535/1535/1535
f 1533/1533/1533 1535/1535/1535 1536/1536/1536
f 1533/1533/1533 1536/1536/1536 1531/1531/1531
f 1533/1533/1533 1531/1531/1531 1530/1530/1530
f 1537/1537/1537 1538/1538/1538 1407/1407/1407
f 1537/1537/1537 1407/1407/1407 1406/1406/1406
f 1537/1537/1537 1406/1406/1406 1405/1405/1405
f 1537/1537/1537 1405/1405/1405 1539/1539/1539
f 1537/1537/1537 1539/1539/1539 1540/1540/1540
f 1537/1537/1537 1540/1540/1540 1541/1541/1541
f 1537/1537/1537 1541/1541/1541 1542/1542/1542
f 1537/1537/1537 1542/1542/1542 1538/1538/1538
f 1543/1543/1543 1544/1544/1544 1542/1542/1542
f 1543/1543/1543 1542/1542/1542 1541/1541/1541
f 1543/1543/1543 1541/1541/1541 1540/1540/1540
f 1543/1543/1543 1540/1540/1540 1545/1545/1545
f 1543/1543/1543 1545/1545/1545 1546/1546/1546
f 1543/1543/1543 1546/1546/1546 1547/1547/1547
f 1543/1543/1543 1547/1547/1547 1548/1548/1548
f 1543/1543/1543 1548/1548/1548 1544/1544/1544
f 1549/1549/1549 1550/1550/1550 1415/1415/1415
f 1549/1549/1549 1415/1415/1415 1414/1414/1414
f 1549/1549/1549 1414/1414/1414 1413/1413/1413
f 1549/1549/1549 1413/1413/1413 1551/1551/1551
f 1549/1549/1549 1551/1551/1551 1552/1552/1552
f 1549/1549/1549 1552/1552/1552 1553/1553/1553
f 1549/1549/1549 1553/1553/1553 1554/1554/1554
f 1549/1549/1549 1554/1554/1554 1550/1550/1550
f 1555/1555/1555 1556/1556/1556 1554/1554/1554
f 1555/1555/1555 1554/1554/1554 1553/1553/1553
f 1555/1555/1555 1553/1553/1553 1552/1552/1552
f 1555/1555/1555 1552/1552/1552 1557/1557/1557
f 1555/1555/1555 1557/1557/1557 1558/1558/1558
f 1555/1555/1555 1558/1558/1558 1559/1559/1559
f 1555/1555/1555 1559/1559/1559 1560/1560/1560
f 1555/1555/1555 1560/1560/1560 1556/1556/1556
f 1561/1561/1561 1562/1562/1562 1421/1421/1421
f 1561/1561/1561 1421/1421/1421 1420/1420/1420
f 1561/1561/1561 1420/1420/1420 1419/1419/1419
f 1561/1561/1561 1419/1419/1419 1563/1563/1563
f 1561/1561/1561 1563/1563/1563 1564/1564/1564
f 1561/1561/1561 1564/1564/1564 1565/1565/1565
f 1561/1561/1561 1565/1565/1565 1566/1566/1566
f 1561/1561/1561 1566/1566/1566 1562/1562/1562
f 1567/1567/1567 1568/1568/1568 1566/1566/1566
f 1567/1567/1567 1566/1566/1566 1565/1565/1565
f 1567/1567/1567 1565/1565/1565 1564/1564/1564
f 1567/1567/1567 1564/1564/1564 1569/1569/1569
f 1567/1567/1567 1569/1569/1569 1570/1570/1570
f 1567/1567/1567 1570/1570/1570 1571/1571/1571
f 1567/1567/1567 1571/1571/1571 1572/1572/1572
f 1567/1567/1567 1572/1572/1572 1568/1568/1568
f 1573/1573/1573 1574/1574/1574 1427/1427/1427
f 1573/1573/1573 1427/1427/1427 1426/1426/1426
f 1573/1573/1573 1426/1426/1426 1425/1425/1425
f 1573/1573/1573 1425/1425/1425 1575/1575/1575
f 1573/1573/1573 1575/1575/1575 1576/1576/1576
f 1573/1573/1573 1576/1576/1576 1577/1577/1577
f 1573/1573/1573 1577/1577/1577 1578/1578/1578
f 1573/1573/1573 1578/1578/1578 1574/1574/1574
f 1579/1579/1579 1580/1580/1580 1578/1578/1578
f 1579/1579/1579 1578/1578/1578 1577/1577/1577
f 1579/1579/1579 1577/1577/1577 1576/1576/1576
f 1579/1579/1579 1576/1576/1576 1581/1581/1581
f 1579/1579/1579 1581/1581/1581 1582/1582/1582
f 1579/1579/1579 1582/1582/1582 1583/1583/1583
f 1579/1579/1579 1583/1583/1583 1584/1584/1584
f 1579/1579/1579 1584/1584/1584 1580/1580/1580
f 1585/1585/1585 1586/1586/1586 1433/1433/1433
f 1585/1585/1585 1433/1433/1433 1432/1432/1432
f 1585/1585/1585 1432/1432/1432 1431/1431/1431
f 1585/1585/1585 1431/1431/1431 1587/1587/1587
f 1585/1585/1585 1587/1587/1587 1588/1588/1588
f 1585/1585/1585 1588/1588/1588 1589/1589/1589
f 1585/1585/1585 1589/1589/1589 1590/1590/1590
f 1585/1585/1585 1590/1590/1590 1586/1586/1586
f 1591/1591/1591 1592/1592/1592 1590/1590/1590
f 1591/1591/1591 1590/1590/1590 1589/1589/1589
f 1591/1591/1591 1589/1589/1589 1588/1588/1588
f 1591/1591/1591 1588/1588/1588 1593/1593/1593
f 1591/1591/1591 1593/1593/1593 1594/1594/1594
f 1591/1591/1591 1594/1594/1594 1595/1595/1595
f 1591/1591/1591 1595/1595/1595 1596/1596/1596
f 1591/1591/1591 1596/1596/1596 1592/1592/1592
f 1597/1597/1597 1598/1598/1598 1439/1439/1439
f 1597/1597/1597 1439/1439/1439 1438/1438/1438
f 1597/1597/1597 1438/1438/1438 1437/1437/1437
f 1597/1597/1597 1437/1437/1437 1599/1599/1599
f 1597/1597/1597 1599/1599/1599 1600/1600/1600
f 1597/1597/1597 1600/1600/1600 1601/1601/1601
f 1597/1597/1597 1601/1601/1601 1602/1602/1602
f 1597/1597/1597 1602/1602/1602 1598/1598/1598
f 1603/1603/1603 1604/1604/1604 1602/1602/1602
f 1603/1603/1603 1602/1602/1602 1601/1601/1601
f 1603/1603/1603 1601/1601/1601 1600/1600/1600
f 1603/1603/1603 1600/1600/1600 1605/1605/1605
f 1603/1603/1603 1605/1605/1605 1606/1606/1606
f 1603/1603/1603 1606/1606/1606 1607/1607/1607
f 1603/1603/1603 1607/1607/1607 1608/1608/1608
f 1603/1603/1603 1608/1608/1608 1604/1604/1604
f 1609/1609/1609 1610/1610/1610 1446/1446/1446
f 1609/1609/1609 1446/1446/1446 1445/1445/1445
f 1609/1609/1609 1445/1445/1445 1444/1444/1444
f 1609/1609/1609 1444/1444/1444 1611/1611/1611
f 1609/1609/1609 1611/1611/1611 1612/1612/1612
f 1609/1609/1609 1612/1612/1612 1613/1613/1613
f 1609/1609/1609 1613/1613/1613 1614/1614/1614
f 1609/1609/1609 1614/1614/1614 1610/1610/1610
f 1615/1615/1615 1616/1616/1616 1614/1614/1614
f 1615/1615/1615 1614/1614/1614 1613/1613/1613
f 1615/1615/1615 1613/1613/1613 1612/1612/1612
f 1615/1615/1615 1612/1612/1612 1617/1617/1617
f 1615/1615/1615 1617/1617/1617 1618/1618/1618
f 1615/1615/1615 1618/1618/1618 1619/1619/1619
f 1615/1615/1615 1619/1619/1619 1620/1620/1620
f 1615/1615/1615 1620/1620/1620 1616/1616/1616
f 1621/1621/1621 1448/1448/1448 1446/1446/1446
f 1621/1621/1621 1446/1446/1446 1610/1610/1610
f 1621/1621/1621 1610/1610/1610 1614/1614/1614
f 1621/1621/1621 1614/1614/1614 1622/1622/1622
f 1621/1621/1621 1622/1622/1622 1540/1540/1540
f 1621/1621/1621 1540/1540/1540 1539/1539/1539
f 1621/1621/1621 1539/1539/1539 1405/1405/1405
f 1621/1621/1621 1405/1405/1405 1448/1448/1448
f 1623/1623/1623 1622/1622/1622 1614/1614/1614
f 1623/1623/1623 1614/1614/1614 1616/1616/1616
f 1623/1623/1623 1616/1616/1616 1620/1620/1620
f 1623/1623/1623 1620/1620/1620 1624/1624/1624
f 1623/1623/1623 1624/1624/1624 1546/1546/1546
f 1623/1623/1623 1546/1546/1546 1545/1545/1545
f 1623/1623/1623 1545/1545/1545 1540/1540/1540
f 1623/1623/1623 1540/1540/1540 1622/1622/1622
f 1625/1625/1625 1626/1626/1626 1627/1627/1627
f 1625/1625/1625 1627/1627/1627 1628/1628/1628
f 1625/1625/1625 1628/1628/1628 1629/1629/1629
f 1625/1625/1625 1629/1629/1629 1630/1630/1630
f 1625/1625/1625 1630/1630/1630 1631/1631/1631
f 1625/1625/1625 1631/1631/1631 1632/1632/1632
f 1625/1625/1625 1632/1632/1632 1633/1633/1633
f 1625/1625/1625 1633/1633/1633 1626/1626/1626
f 1634/1634/1634 1635/1635/1635 1636/1636/1636
f 1634/1634/1634 1636/1636/1636 1637/1637/1637
f 1634/1634/1634 1637/1637/1637 1638/1638/1638
f 1634/1634/1634 1638/1638/1638 1639/1639/1639
f 1634/1634/1634 1639/1639/1639 1640/1640/1640
f 1634/1634/1634 1640/1640/1640 1641/1641/1641
f 1634/1634/1634 1641/1641/1641 1642/1642/1642
f 1634/1634/1634 1642/1642/1642 1635/1635/1635
f 1643/1643/1643 1644/1644/1644 1645/1645/1645
f 1643/1643/1643 1645/1645/1645 1646/1646/1646
f 1643/1643/1643 1646/1646/1646 1647/1647/1647
f 1643/1643/1643 1647/1647/1647 1648/1648/1648
f 1643/1643/1643 1648/1648/1648 1649/1649/1649
f 1643/1643/1643 1649/1649/1649 1650/1650/1650
f 1643/1643/1643 1650/1650/1650 1651/1651/1651
f 1643/1643/1643 1651/1651/1651 1644/1644/1644
f 1652/1652/1652 1653/1653/1653 1654/1654/1654
f 1652/1652/1652 1654/1654/1654 1655/1655/1655
f 1652/1652/1652 1655/1655/1655 1656/1656/1656
f 1652/1652/1652 1656/1656/1656 1657/1657/1657
f 1652/1652/1652 1657/1657/1657 1658/1658/1658
f 1652/1652/1652 1658/1658/1658 1659/1659/1659
f 1652/1652/1652 1659/1659/1659 1660/1660/1660
f 1652/1652/1652 1660/1660/1660 1653/1653/1653
f 1661/1661/1661 1662/1662/1662 1663/1663/1663
f 1661/1661/1661 1663/1663/1663 1664/1664/1664
f 1661/1661/1661 1664/1664/1664 1665/1665/1665
f 1661/1661/1661 1665/1665/1665 1666/1666/1666
f 1661/1661/1661 1666/1666/1666 1667/1667/1667
f 1661/1661/1661 1667/1667/1667 1668/1668/1668
f 1661/1661/1661 1668/1668/1668 1669/1669/1669
f 1661/1661/1661 1669/1669/1669 1662/1662/1662
f 1670/1670/1670 1671/1671/1671 1669/1669/1669
f 1670/1670/1670 1669/1669/1669 1668/1668/1668
f 1670/1670/1670 1668/1668/1668 1667/1667/1667
f 1670/1670/1670 1667/1667/1667 1672/1672/1672
f 1670/1670/1670 1672/1672/1672 1673/1673/1673
f 1670/1670/1670 1673/1673/1673 1674/1674/1674
f 1670/1670/1670 1674/1674/1674 1675/1675/1675
f 1670/1670/1670 1675/1675/1675 1671/1671/1671
f 1676/1676/1676 1677/1677/1677 1678/1678/1678
f 1676/1676/1676 1678/1678/1678 1679/1679/1679
f 1676/1676/1676 1679/1679/1679 1680/1680/1680
f 1676/1676/1676 1680/1680/1680 1681/1681/1681
f 1676/1676/1676 1681/1681/1681 1682/1682/1682
f 1676/1676/1676 1682/1682/1682 1683/1683/1683
f 1676/1676/1676 1683/1683/1683 1684/1684/1684
f 1676/1676/1676 1684/1684/1684 1677/1677/1677
f 1685/1685/1685 1686/1686/1686 1684/1684/1684
f 1685/1685/1685 1684/1684/1684 1683/1683/1683
f 1685/1685/1685 1683/1683/1683 1682/1682/1682
f 1685/1685/1685 1682/1682/1682 1687/1687/1687
f 1685/1685/1685 1687/1687/1687 1688/1688/1688
f 1685/1685/1685 1688/1688/1688 1689/1689/1689
f 1685/1685/1685 1689/1689/1689 1690/1690/1690
f 1685/1685/1685 1690/1690/1690 1686/1686/1686
f 1691/1691/1691 1692/1692/1692 1631/1631/1631
f 1691/1691/1691 1631/1631/1631 1693/1693/1693
f 1691/1691/1691 1693/1693/1693 1694/1694/1694
f 1691/1691/1691 1694/1694/1694 1695/1695/1695
f 1691/1691/1691 1695/1695/1695 1696/1696/1696
f 1691/1691/1691 1696/1696/1696 1697/1697/1697
f 1691/1691/1691 1697/1697/1697 1698/1698/1698
f 1691/1691/1691 1698/1698/1698 1692/1692/1692
f 1699/1699/1699 1700/1700/1700 1698/1698/1698
f 1699/1699/1699 1698/1698/1698 1697/1697/1697
f 1699/1699/1699 1697/1697/1697 1696/1696/1696
f 1699/1699/1699 1696/1696/1696 1701/1701/1701
f 1699/1699/1699 1701/1701/1701 1702/1702/1702
f 1699/1699/1699 1702/1702/1702 1703/1703/1703
f 1699/1699/1699 1703/1703/1703 1673/1673/1673
f 1699/1699/1699 1673/1673/1673 1700/1700/1700
f 1704/1704/1704 1705/1705/1705 1706/1706/1706
f 1704/1704/1704 1706/1706/1706 1707/1707/1707
f 1704/1704/1704 1707/1707/1707 1708/1708/1708
f 1704/1704/1704 1708/1708/1708 1709/1709/1709
f 1704/1704/1704 1709/1709/1709 1710/1710/1710
f 1704/1704/1704 1710/1710/1710 1711/1711/1711
f 1704/1704/1704 1711/1711/1711 1712/1712/1712
f 1704/1704/1704 1712/1712/1712 1705/1705/1705
f 1713/1713/1713 1714/1714/1714 1712/1712/1712
f 1713/1713/1713 1712/1712/1712 1711/1711/1711
f 1713/1713/1713 1711/1711/1711 1710/1710/1710
f 1713/1713/1713 1710/1710/1710 1715/1715/1715
f 1713/1713/1713 1715/1715/1715 1716/1716/1716
f 1713/1713/1713 1716/1716/1716 1717/1717/1717
f 1713/1713/1713 1717/1717/1717 1718/1718/1718
f 1713/1713/1713 1718/1718/1718 1714/1714/1714
f 1719/1719/1719 1720/1720/1720 1721/1721/1721
f 1719/1719/1719 1721/1721/1721 1722/1722/1722
f 1719/1719/1719 1722/1722/1722 1723/1723/1723
f 1719/1719/1719 1723/1723/1723 1724/1724/1724
f 1719/1719/1719 1724/1724/1724 1725/1725/1725
f 1719/1719/1719 1725/1725/1725 1726/1726/1726
f 1719/1719/1719 1726/1726/1726 1727/1727/1727
f 1719/1719/1719 1727/1727/1727 1720/1720/1720
f 1728/1728/1728 1729/1729/1729 1727/1727/1727
f 1728/1728/1728 1727/1727/1727 1726/1726/1726
f 1728/1728/1728 1726/1726/1726 1725/1725/1725
f 1728/1728/1728 1725/1725/1725 1730/1730/1730
f 1728/1728/1728 1730/1730/1730 1731/1731/1731
f 1728/1728/1728 1731/1731/1731 1732/1732/1732
f 1728/1728/1728 1732/1732/1732 1733/1733/1733
f 1728/1728/1728 1733/1733/1733 1729/1729/1729
f 1734/1734/1734 1735/1735/1735 1736/1736/1736
f 1734/1734/1734 1736/1736/1736 1737/1737/1737
f 1734/1734/1734 1737/1737/1737 1738/1738/1738
f 1734/1734/1734 1738/1738/1738 1739/1739/1739
f 1734/1734/1734 1739/1739/1739 1740/1740/1740
f 1734/1734/1734 1740/1740/1740 1741/1741/1741
f 1734/1734/1734 1741/1741/1741 1742/1742/1742
f 1734/1734/1734 1742/1742/1742 1735/1735/1735
f 1743/1743/1743 1744/1744/1744 1742/1742/1742
f 1743/1743/1743 1742/1742/1742 1741/1741/1741
f 1743/1743/1743 1741/1741/1741 1740/1740/1740
f 1743/1743/1743 1740/1740/1740 1745/1745/1745
f 1743/1743/1743 1745/1745/1745 1746/1746/1746
f 1743/1743/1743 1746/1746/1746 1747/1747/1747
f 1743/1743/1743 1747/1747/1747 1748/1748/1748
f 1743/1743/1743 1748/1748/1748 1744/1744/1744
f 1749/1749/1749 1750/1750/1750 1675/1675/1675
f 1749/1749/1749 1675/1675/1675 1674/1674/1674
f 1749/1749/1749 1674/1674/1674 1673/1673/1673
f 1749/1749/1749 1673/1673/1673 1751/1751/1751
f 1749/1749/1749 1751/1751/1751 1752/1752/1752
f 1749/1749/1749 1752/1752/1752 1753/1753/1753
f 1749/1749/1749 1753/1753/1753 1754/1754/1754
f 1749/1749/1749 1754/1754/1754 1750/1750/1750
f 1755/1755/1755 1756/1756/1756 1754/1754/1754
f 1755/1755/1755 1754/1754/1754 1753/1753/1753
f 1755/1755/1755 1753/1753/1753 1752/1752/1752
f 1755/1755/1755 1752/1752/1752 1757/1757/1757
f 1755/1755/1755 1757/1757/1757 1758/1758/1758
f 1755/1755/1755 1758/1758/1758 1759/1759/1759
f 1755/1755/1755 1759/1759/1759 1760/1760/1760
f 1755/1755/1755 1760/1760/1760 1756/1756/1756
f 1761/1761/1761 1762/1762/1762 1763/1763/1763
f 1761/1761/1761 1763/1763/1763 1764/1764/1764
f 1761/1761/1761 1764/1764/1764 1765/1765/1765
f 1761/1761/1761 1765/1765/1765 1766/1766/1766
f 1761/1761/1761 1766/1766/1766 1767/1767/1767
f 1761/1761/1761 1767/1767/1767 1768/1768/1768
f 1761/1761/1761 1768/1768/1768 1769/1769/1769
f 1761/1761/1761 1769/1769/1769 1762/1762/1762
f 1770/1770/1770 1771/1771/1771 1769/1769/1769
f 1770/1770/1770 1769/1769/1769 1768/1768/1768
f 1770/1770/1770 1768/1768/1768 1767/1767/1767
f 1770/1770/1770 1767/1767/1767 1772/1772/1772
f 1770/1770/1770 1772/1772/1772 1680/1680/1680
f 1770/1770/1770 1680/1680/1680 1679/1679/1679
f 1770/1770/1770 1679/1679/1679 1678/1678/1678
f 1770/1770/1770 1678/1678/1678 1771/1771/1771
f 1773/1773/1773 1774/1774/1774 1673/1673/1673
f 1773/1773/1773 1673/1673/1673 1703/1703/1703
f 1773/1773/1773 1703/1703/1703 1702/1702/1702
f 1773/1773/1773 1702/1702/1702 1775/1775/1775
f 1773/1773/1773 1775/1775/1775 1776/1776/1776
f 1773/1773/1773 1776/1776/1776 1777/1777/1777
f 1773/1773/1773 1777/1777/1777 1778/1778/1778
f 1773/1773/1773 1778/1778/1778 1774/1774/1774
f 1779/1779/1779 1780/1780/1780 1778/1778/1778
f 1779/1779/1779 1778/1778/1778 1777/1777/1777
f 1779/1779/1779 1777/1777/1777 1776/1776/1776
f 1779/1779/1779 1776/1776/1776 1781/1781/1781
f 1779/1779/1779 1781/1781/1781 1782/1782/1782
f 1779/1779/1779 1782/1782/1782 1783/1783/1783
f 1779/1779/1779 1783/1783/1783 1638/1638/1638
f 1779/1779/1779 1638/1638/1638 1780/1780/1780
f 1784/1784/1784 1785/1785/1785 1760/1760/1760
f 1784/1784/1784 1760/1760/1760 1786/1786/1786
f 1784/1784/1784 1786/1786/1786 1642/1642/1642
f 1784/1784/1784 1642/1642/1642 1787/1787/1787
f 1784/1784/1784 1787/1787/1787 1788/1788/1788
f 1784/1784/1784 1788/1788/1788 1789/1789/1789
f 1784/1784/1784 1789/1789/1789 1790/1790/1790
f 1784/1784/1784 1790/1790/1790 1785/1785/1785
f 1791/1791/1791 1792/1792/1792 1790/1790/1790
f 1791/1791/1791 1790/1790/1790 1789/1789/1789
f 1791/1791/1791 1789/1789/1789 1788/1788/1788
f 1791/1791/1791 1788/1788/1788 1793/1793/1793
f 1791/1791/1791 1793/1793/1793 1708/1708/1708
f 1791/1791/1791 1708/1708/1708 1707/1707/1707
f 1791/1791/1791 1707/1707/1707 1706/1706/1706
f 1791/1791/1791 1706/1706/1706 1792/1792/1792
f 1794/1794/1794 1795/1795/1795 1733/1733/1733
f 1794/1794/1794 1733/1733/1733 1732/1732/1732
f 1794/1794/1794 1732/1732/1732 1731/1731/1731
f 1794/1794/1794 1731/1731/1731 1796/1796/1796
f 1794/1794/1794 1796/1796/1796 1797/1797/1797
f 1794/1794/1794 1797/1797/1797 1798/1798/1798
f 1794/1794/1794 1798/1798/1798 1799/1799/1799
f 1794/1794/1794 1799/1799/1799 1795/1795/1795
f 1800/1800/1800 1801/1801/1801 1799/1799/1799
f 1800/1800/1800 1799/1799/1799 1798/1798/1798
f 1800/1800/1800 1798/1798/1798 1797/1797/1797
f 1800/1800/1800 1797/1797/1797 1802/1802/1802
f 1800/1800/1800 1802/1802/1802 1803/1803/1803
f 1800/1800/1800 1803/1803/1803 1804/1804/1804
f 1800/1800/1800 1804/1804/1804 1805/1805/1805
f 1800/1800/1800 1805/1805/1805 1801/1801/1801
f 1806/1806/1806 1807/1807/1807 1808/1808/1808
f 1806/1806/1806 1808/1808/1808 1809/1809/1809
f 1806/1806/1806 1809/1809/1809 1763/1763/1763
f 1806/1806/1806 1763/1763/1763 1810/1810/1810
f 1806/1806/1806 1810/1810/1810 1811/1811/1811
f 1806/1806/1806 1811/1811/1811 1812/1812/1812
f 1806/1806/1806 1812/1812/1812 1813/1813/1813
f 1806/1806/1806 1813/1813/1813 1807/1807/1807
f 1814/1814/1814 1815/1815/1815 1813/1813/1813
f 1814/1814/1814 1813/1813/1813 1812/1812/1812
f 1814/1814/1814 1812/1812/1812 1811/1811/1811
f 1814/1814/1814 1811/1811/1811 1816/1816/1816
f 1814/1814/1814 1816/1816/1816 1738/1738/1738
f 1814/1814/1814 1738/1738/1738 1737/1737/1737
f 1814/1814/1814 1737/1737/1737 1736/1736/1736
f 1814/1814/1814 1736/1736/1736 1815/1815/1815
f 1817/1817/1817 1818/1818/1818 1819/1819/1819
f 1817/1817/1817 1819/1819/1819 1820/1820/1820
f 1817/1817/1817 1820/1820/1820 1821/1821/1821
f 1817/1817/1817 1821/1821/1821 1822/1822/1822
f 1817/1817/1817 1822/1822/1822 1823/1823/1823
f 1817/1817/1817 1823/1823/1823 1824/1824/1824
f 1817/1817/1817 1824/1824/1824 1825/1825/1825
f 1817/1817/1817 1825/1825/1825 1818/1818/1818
f 1826/1826/1826 1827/1827/1827 1825/1825/1825
f 1826/1826/1826 1825/1825/1825 1824/1824/1824
f 1826/1826/1826 1824/1824/1824 1823/1823/1823
f 1826/1826/1826 1823/1823/1823 1828/1828/1828
f 1826/1826/1826 1828/1828/1828 1629/1629/1629
f 1826/1826/1826 1629/1629/1629 1628/1628/1628
f 1826/1826/1826 1628/1628/1628 1627/1627/1627
f 1826/1826/1826 1627/1627/1627 1827/1827/1827
f 1829/1829/1829 1830/1830/1830 1642/1642/1642
f 1829/1829/1829 1642/1642/1642 1641/1641/1641
f 1829/1829/1829 1641/1641/1641 1640/1640/1640
f 1829/1829/1829 1640/1640/1640 1831/1831/1831
f 1829/1829/1829 1831/1831/1831 1832/1832/1832
f 1829/1829/1829 1832/1832/1832 1833/1833/1833
f 1829/1829/1829 1833/1833/1833 1834/1834/1834
f 1829/1829/1829 1834/1834/1834 1830/1830/1830
f 1835/1835/1835 1836/1836/1836 1834/1834/1834
f 1835/1835/1835 1834/1834/1834 1833/1833/1833
f 1835/1835/1835 1833/1833/1833 1832/1832/1832
f 1835/1835/1835 1832/1832/1832 1837/1837/1837
f 1835/1835/1835 1837/1837/1837 1838/1838/1838
f 1835/1835/1835 1838/1838/1838 1839/1839/1839
f 1835/1835/1835 1839/1839/1839 1840/1840/1840
f 1835/1835/1835 1840/1840/1840 1836/1836/1836
f 1841/1841/1841 1842/1842/1842 1843/1843/1843
f 1841/1841/1841 1843/1843/1843 1844/1844/1844
f 1841/1841/1841 1844/1844/1844 1694/1694/1694
f 1841/1841/1841 1694/1694/1694 1845/1845/1845
f 1841/1841/1841 1845/1845/1845 1846/1846/1846
f 1841/1841/1841 1846/1846/1846 1847/1847/1847
f 1841/1841/1841 1847/1847/1847 1848/1848/1848
f 1841/1841/1841 1848/1848/1848 1842/1842/1842
f 1849/1849/1849 1850/1850/1850 1848/1848/1848
f 1849/1849/1849 1848/1848/1848 1847/1847/1847
f 1849/1849/1849 1847/1847/1847 1846/1846/1846
f 1849/1849/1849 1846/1846/1846 1851/1851/1851
f 1849/1849/1849 1851/1851/1851 1852/1852/1852
f 1849/1849/1849 1852/1852/1852 1853/1853/1853
f 1849/1849/1849 1853/1853/1853 1854/1854/1854
f 1849/1849/1849 1854/1854/1854 1850/1850/1850
f 1855/1855/1855 1856/1856/1856 1702/1702/1702
f 1855/1855/1855 1702/1702/1702 1701/1701/1701
f 1855/1855/1855 1701/1701/1701 1696/1696/1696
f 1855/1855/1855 1696/1696/1696 1857/1857/1857
f 1855/1855/1855 1857/1857/1857 1858/1858/1858
f 1855/1855/1855 1858/1858/1858 1859/1859/1859
f 1855/1855/1855 1859/1859/1859 1860/1860/1860
f 1855/1855/1855 1860/1860/1860 1856/1856/1856
f 1861/1861/1861 1862/1862/1862 1860/1860/1860
f 1861/1861/1861 1860/1860/1860 1859/1859/1859
f 1861/1861/1861 1859/1859/1859 1858/1858/1858
f 1861/1861/1861 1858/1858/1858 1863/1863/1863
f 1861/1861/1861 1863/1863/1863 1864/1864/1864
f 1861/1861/1861 1864/1864/1864 1865/1865/1865
f 1861/1861/1861 1865/1865/1865 1866/1866/1866
f 1861/1861/1861 1866/1866/1866 1862/1862/1862
f 1867/1867/1867 1868/1868/1868 1710/1710/1710
f 1867/1867/1867 1710/1710/1710 1709/1709/1709
f 1867/1867/1867 1709/1709/1709 1708/1708/1708
f 1867/1867/1867 1708/1708/1708 1869/1869/1869
f 1867/1867/1867 1869/1869/1869 1870/1870/1870
f 1867/1867/1867 1870/1870/1870 1871/1871/1871
f 1867/1867/1867 1871/1871/1871 1872/1872/1872
f 1867/1867/1867 1872/1872/1872 1868/1868/1868
f 1873/1873/1873 1874/1874/1874 1872/1872/1872
f 1873/1873/1873 1872/1872/1872 1871/1871/1871
f 1873/1873/1873 1871/1871/1871 1870/1870/1870
f 1873/1873/1873 1870/1870/1870 1875/1875/1875
f 1873/1873/1873 1875/1875/1875 1876/1876/1876
f 1873/1873/1873 1876/1876/1876 1877/1877/1877
f 1873/1873/1873 1877/1877/1877 1878/1878/1878
f 1873/1873/1873 1878/1878/1878 1874/1874/1874
f 1879/1879/1879 1880/1880/1880 1881/1881/1881
f 1879/1879/1879 1881/1881/1881 1882/1882/1882
f 1879/1879/1879 1882/1882/1882 1710/1710/1710
f 1879/1879/1879 1710/1710/1710 1883/1883/1883
f 1879/1879/1879 1883/1883/1883 1884/1884/1884
f 1879/1879/1879 1884/1884/1884 1885/1885/1885
f 1879/1879/1879 1885/1885/1885 1886/1886/1886
f 1879/1879/1879 1886/1886/1886 1880/1880/1880
f 1887/1887/1887 1888/1888/1888 1886/1886/1886
f 1887/1887/1887 1886/1886/1886 1885/1885/1885
f 1887/1887/1887 1885/1885/1885 1884/1884/1884
f 1887/1887/1887 1884/1884/1884 1889/1889/1889
f 1887/1887/1887 1889/1889/1889 1890/1890/1890
f 1887/1887/1887 1890/1890/1890 1891/1891/1891
f 1887/1887/1887 1891/1891/1891 1892/1892/1892
f 1887/1887/1887 1892/1892/1892 1888/1888/1888
f 1893/1893/1893 1894/1894/1894 1776/1776/1776
f 1893/1893/1893 1776/1776/1776 1775/1775/1775
f 1893/1893/1893 1775/1775/1775 1702/1702/1702
f 1893/1893/1893 1702/1702/1702 1856/1856/1856
f 1893/1893/1893 1856/1856/1856 1860/1860/1860
f 1893/1893/1893 1860/1860/1860 1895/1895/1895
f 1893/1893/1893 1895/1895/1895 1896/1896/1896
f 1893/1893/1893 1896/1896/1896 1894/1894/1894
f 1897/1897/1897 1898/1898/1898 1896/1896/1896
f 1897/1897/1897 1896/1896/1896 1895/1895/1895
f 1897/1897/1897 1895/1895/1895 1860/1860/1860
f 1897/1897/1897 1860/1860/1860 1862/1862/1862
f 1897/1897/1897 1862/1862/1862 1866/1866/1866
f 1897/1897/1897 1866/1866/1866 1899/1899/1899
f 1897/1897/1897 1899/1899/1899 1900/1900/1900
f 1897/1897/1897 1900/1900/1900 1898/1898/1898
f 1901/1901/1901 1902/1902/1902 1782/1782/1782
f 1901/1901/1901 1782/1782/1782 1781/1781/1781
f 1901/1901/1901 1781/1781/1781 1776/1776/1776
f 1901/1901/1901 1776/1776/1776 1894/1894/1894
f 1901/1901/1901 1894/1894/1894 1896/1896/1896
f 1901/1901/1901 1896/1896/1896 1903/1903/1903
f 1901/1901/1901 1903/1903/1903 1904/1904/1904
f 1901/1901/1901 1904/1904/1904 1902/1902/1902
f 1905/1905/1905 1906/1906/1906 1904/1904/1904
f 1905/1905/1905 1904/1904/1904 1903/1903/1903
f 1905/1905/1905 1903/1903/1903 1896/1896/1896
f 1905/1905/1905 1896/1896/1896 1898/1898/1898
f 1905/1905/1905 1898/1898/1898 1900/1900/1900
f 1905/1905/1905 1900/1900/1900 1907/1907/1907
f 1905/1905/1905 1907/1907/1907 1908/1908/1908
f 1905/1905/1905 1908/1908/1908 1906/1906/1906
f 1909/1909/1909 1910/1910/1910 1788/1788/1788
f 1909/1909/1909 1788/1788/1788 1787/1787/1787
f 1909/1909/1909 1787/1787/1787 1642/1642/1642
f 1909/1909/1909 1642/1642/1642 1911/1911/1911
f 1909/1909/1909 1911/1911/1911 1912/1912/1912
f 1909/1909/1909 1912/1912/1912 1913/1913/1913
f 1909/1909/1909 1913/1913/1913 1914/1914/1914
f 1909/1909/1909 1914/1914/1914 1910/1910/1910
f 1915/1915/1915 1916/1916/1916 1914/1914/1914
f 1915/1915/1915 1914/1914/1914 1913/1913/1913
f 1915/1915/1915 1913/1913/1913 1912/1912/1912
f 1915/1915/1915 1912/1912/1912 1917/1917/1917
f 1915/1915/1915 1917/1917/1917 1918/1918/1918
f 1915/1915/1915 1918/1918/1918 1919/1919/1919
f 1915/1915/1915 1919/1919/1919 1920/1920/1920
f 1915/1915/1915 1920/1920/1920 1916/1916/1916
f 1921/1921/1921 1869/1869/1869 1708/1708/1708
f 1921/1921/1921 1708/1708/1708 1793/1793/1793
f 1921/1921/1921 1793/1793/1793 1788/1788/1788
f 1921/1921/1921 1788/1788/1788 1910/1910/1910
f 1921/1921/1921 1910/1910/1910 1914/1914/1914
f 1921/1921/1921 1914/1914/1914 1922/1922/1922
f 1921/1921/1921 1922/1922/1922 1870/1870/1870
f 1921/1921/1921 1870/1870/1870 1869/1869/1869
f 1923/1923/1923 1875/1875/1875 1870/1870/1870
f 1923/1923/1923 1870/1870/1870 1922/1922/1922
f 1923/1923/1923 1922/1922/1922 1914/1914/1914
f 1923/1923/1923 1914/1914/1914 1916/1916/1916
f 1923/1923/1923 1916/1916/1916 1920/1920/1920
f 1923/1923/1923 1920/1920/1920 1924/1924/1924
f 1923/1923/1923 1924/1924/1924 1876/1876/1876
f 1923/1923/1923 1876/1876/1876 1875/1875/1875
f 1925/1925/1925 1926/1926/1926 1651/1651/1651
f 1925/1925/1925 1651/1651/1651 1650/1650/1650
f 1925/1925/1925 1650/1650/1650 1649/1649/1649
f 1925/1925/1925 1649/1649/1649 1927/1927/1927
f 1925/1925/1925 1927/1927/1927 1928/1928/1928
f 1925/1925/1925 1928/1928/1928 1929/1929/1929
f 1925/1925/1925 1929/1929/1929 1930/1930/1930
f 1925/1925/1925 1930/1930/1930 1926/1926/1926
f 1931/1931/1931 1932/1932/1932 1930/1930/1930
f 1931/1931/1931 1930/1930/1930 1929/1929/1929
f 1931/1931/1931 1929/1929/1929 1928/1928/1928
f 1931/1931/1931 1928/1928/1928 1933/1933/1933
f 1931/1931/1931 1933/1933/1933 1821/1821/1821
f 1931/1931/1931 1821/1821/1821 1820/1820/1820
f 1931/1931/1931 1820/1820/1820 1819/1819/1819
f 1931/1931/1931 1819/1819/1819 1932/1932/1932
f 1934/1934/1934 1935/1935/1935 1840/1840/1840
f 1934/1934/1934 1840/1840/1840 1839/1839/1839
f 1934/1934/1934 1839/1839/1839 1838/1838/1838
f 1934/1934/1934 1838/1838/1838 1936/1936/1936
f 1934/1934/1934 1936/1936/1936 1937/1937/1937
f 1934/1934/1934 1937/1937/1937 1938/1938/1938
f 1934/1934/1934 1938/1938/1938 1939/1939/1939
f 1934/1934/1934 1939/1939/1939 1935/1935/1935
f 1940/1940/1940 1941/1941/1941 1939/1939/1939
f 1940/1940/1940 1939/1939/1939 1938/1938/1938
f 1940/1940/1940 1938/1938/1938 1937/1937/1937
f 1940/1940/1940 1937/1937/1937 1942/1942/1942
f 1940/1940/1940 1942/1942/1942 1656/1656/1656
f 1940/1940/1940 1656/1656/1656 1655/1655/1655
f 1940/1940/1940 1655/1655/1655 1654/1654/1654
f 1940/1940/1940 1654/1654/1654 1941/1941/1941
f 1943/1943/1943 1944/1944/1944 1854/1854/1854
f 1943/1943/1943 1854/1854/1854 1853/1853/1853
f 1943/1943/1943 1853/1853/1853 1852/1852/1852
f 1943/1943/1943 1852/1852/1852 1945/1945/1945
f 1943/1943/1943 1945/1945/1945 1946/1946/1946
f 1943/1943/1943 1946/1946/1946 1947/1947/1947
f 1943/1943/1943 1947/1947/1947 1948/1948/1948
f 1943/1943/1943 1948/1948/1948 1944/1944/1944
f 1949/1949/1949 1950/1950/1950 1948/1948/1948
f 1949/1949/1949 1948/1948/1948 1947/1947/1947
f 1949/1949/1949 1947/1947/1947 1946/1946/1946
f 1949/1949/1949 1946/1946/1946 1951/1951/1951
f 1949/1949/1949 1951/1951/1951 1952/1952/1952
f 1949/1949/1949 1952/1952/1952 1953/1953/1953
f 1949/1949/1949 1953/1953/1953 1727/1727/1727
f 1949/1949/1949 1727/1727/1727 1950/1950/1950
f 1954/1954/1954 1955/1955/1955 1866/1866/1866
f 1954/1954/1954 1866/1866/1866 1865/1865/1865
f 1954/1954/1954 1865/1865/1865 1864/1864/1864
f 1954/1954/1954 1864/1864/1864 1956/1956/1956
f 1954/1954/1954 1956/1956/1956 1957/1957/1957
f 1954/1954/1954 1957/1957/1957 1958/1958/1958
f 1954/1954/1954 1958/1958/1958 1959/1959/1959
f 1954/1954/1954 1959/1959/1959 1955/1955/1955
f 1960/1960/1960 1961/1961/1961 1959/1959/1959
f 1960/1960/1960 1959/1959/1959 1958/1958/1958
f 1960/1960/1960 1958/1958/1958 1957/1957/1957
f 1960/1960/1960 1957/1957/1957 1962/1962/1962
f 1960/1960/1960 1962/1962/1962 1727/1727/1727
f 1960/1960/1960 1727/1727/1727 1729/1729/1729
f 1960/1960/1960 1729/1729/1729 1733/1733/1733
f 1960/1960/1960 1733/1733/1733 1961/1961/1961
f 1963/1963/1963 1964/1964/1964 1878/1878/1878
f 1963/1963/1963 1878/1878/1878 1877/1877/1877
f 1963/1963/1963 1877/1877/1877 1876/1876/1876
f 1963/1963/1963 1876/1876/1876 1965/1965/1965
f 1963/1963/1963 1965/1965/1965 1966/1966/1966
f 1963/1963/1963 1966/1966/1966 1967/1967/1967
f 1963/1963/1963 1967/1967/1967 1968/1968/1968
f 1963/1963/1963 1968/1968/1968 1964/1964/1964
f 1969/1969/1969 1970/1970/1970 1968/1968/1968
f 1969/1969/1969 1968/1968/1968 1967/1967/1967
f 1969/1969/1969 1967/1967/1967 1966/1966/1966
f 1969/1969/1969 1966/1966/1966 1971/1971/1971
f 1969/1969/1969 1971/1971/1971 1736/1736/1736
f 1969/1969/1969 1736/1736/1736 1735/1735/1735
f 1969/1969/1969 1735/1735/1735 1742/1742/1742
f 1969/1969/1969 1742/1742/1742 1970/1970/1970
f 1972/1972/1972 1973/1973/1973 1892/1892/1892
f 1972/1972/1972 1892/1892/1892 1891/1891/1891
f 1972/1972/1972 1891/1891/1891 1890/1890/1890
f 1972/1972/1972 1890/1890/1890 1974/1974/1974
f 1972/1972/1972 1974/1974/1974 1975/1975/1975
f 1972/1972/1972 1975/1975/1975 1976/1976/1976
f 1972/1972/1972 1976/1976/1976 1977/1977/1977
f 1972/1972/1972 1977/1977/1977 1973/1973/1973
f 1978/1978/1978 1979/1979/1979 1977/1977/1977
f 1978/1978/1978 1977/1977/1977 1976/1976/1976
f 1978/1978/1978 1976/1976/1976 1975/1975/1975
f 1978/1978/1978 1975/1975/1975 1980/1980/1980
f 1978/1978/1978 1980/1980/1980 1981/1981/1981
f 1978/1978/1978 1981/1981/1981 1982/1982/1982
f 1978/1978/1978 1982/1982/1982 1748/1748/1748
f 1978/1978/1978 1748/1748/1748 1979/1979/1979
f 1983/1983/1983 1984/1984/1984 1900/1900/1900
f 1983/1983/1983 1900/1900/1900 1899/1899/1899
f 1983/1983/1983 1899/1899/1899 1866/1866/1866
f 1983/1983/1983 1866/1866/1866 1955/1955/1955
f 1983/1983/1983 1955/1955/1955 1959/1959/1959
f 1983/1983/1983 1959/1959/1959 1985/1985/1985
f 1983/1983/1983 1985/1985/1985 1986/1986/1986
f 1983/1983/1983 1986/1986/1986 1984/1984/1984
f 1987/1987/1987 1988/1988/1988 1986/1986/1986
f 1987/1987/1987 1986/1986/1986 1985/1985/1985
f 1987/1987/1987 1985/1985/1985 1959/1959/1959
f 1987/1987/1987 1959/1959/1959 1961/1961/1961
f 1987/1987/1987 1961/1961/1961 1733/1733/1733
f 1987/1987/1987 1733/1733/1733 1795/1795/1795
f 1987/1987/1987 1795/1795/1795 1799/1799/1799
f 1987/1987/1987 1799/1799/1799 1988/1988/1988
f 1989/1989/1989 1990/1990/1990 1908/1908/1908
f 1989/1989/1989 1908/1908/1908 1907/1907/1907
f 1989/1989/1989 1907/1907/1907 1900/1900/1900
f 1989/1989/1989 1900/1900/1900 1984/1984/1984
f 1989/1989/1989 1984/1984/1984 1986/1986/1986
f 1989/1989/1989 1986/1986/1986 1991/1991/1991
f 1989/1989/1989 1991/1991/1991 1992/1992/1992
f 1989/1989/1989 1992/1992/1992 1990/1990/1990
f 1993/1993/1993 1994/1994/1994 1992/1992/1992
f 1993/1993/1993 1992/1992/1992 1991/1991/1991
f 1993/1993/1993 1991/1991/1991 1986/1986/1986
f 1993/1993/1993 1986/1986/1986 1988/1988/1988
f 1993/1993/1993 1988/1988/1988 1799/1799/1799
f 1993/1993/1993 1799/1799/1799 1801/1801/1801
f 1993/1993/1993 1801/1801/1801 1805/1805/1805
f 1993/1993/1993 1805/1805/1805 1994/1994/1994
f 1995/1995/1995 1996/1996/1996 1920/1920/1920
f 1995/1995/1995 1920/1920/1920 1919/1919/1919
f 1995/1995/1995 1919/1919/1919 1918/1918/1918
f 1995/1995/1995 1918/1918/1918 1997/1997/1997
f 1995/1995/1995 1997/1997/1997 1998/1998/1998
f 1995/1995/1995 1998/1998/1998 1999/1999/1999
f 1995/1995/1995 1999/1999/1999 2000/2000/2000
f 1995/1995/1995 2000/2000/2000 1996/1996/1996
f 2001/2001/2001 2002/2002/2002 2000/2000/2000
f 2001/2001/2001 2000/2000/2000 1999/1999/1999
f 2001/2001/2001 1999/1999/1999 1998/1998/1998
f 2001/2001/2001 1998/1998/1998 2003/2003/2003
f 2001/2001/2001 2003/2003/2003 1808/1808/1808
f 2001/2001/2001 1808/1808/1808 1807/1807/1807
f 2001/2001/2001 1807/1807/1807 1813/1813/1813
f 2001/2001/2001 1813/1813/1813 2002/2002/2002
f 2004/2004/2004 1965/1965/1965 1876/1876/1876
f 2004/2004/2004 1876/1876/1876 1924/1924/1924
f 2004/2004/2004 1924/1924/1924 1920/1920/1920
f 2004/2004/2004 1920/1920/1920 1996/1996/1996
f 2004/2004/2004 1996/1996/1996 2000/2000/2000
f 2004/2004/2004 2000/2000/2000 2005/2005/2005
f 2004/2004/2004 2005/2005/2005 1966/1966/1966
f 2004/2004/2004 1966/1966/1966 1965/1965/1965
f 2006/2006/2006 1971/1971/1971 1966/1966/1966
f 2006/2006/2006 1966/1966/1966 2005/2005/2005
f 2006/2006/2006 2005/2005/2005 2000/2000/2000
f 2006/2006/2006 2000/2000/2000 2002/2002/2002
f 2006/2006/2006 2002/2002/2002 1813/1813/1813
f 2006/2006/2006 1813/1813/1813 1815/1815/1815
f 2006/2006/2006 1815/1815/1815 1736/1736/1736
f 2006/2006/2006 1736/1736/1736 1971/1971/1971
