# Generated by lxe_pbrt_scene_convert
v -1.49166799 0.411229014 1.65677094
v -1.48542702 0.417946994 1.65482199
v -1.52433598 0.41751799 1.65192997
v -1.53118801 0.409711987 1.65440798
v -1.52245402 0.408746988 1.65542102
v -1.49303401 0.409685999 1.65719295
v -1.46293104 0.41139701 1.65875399
v -1.45214796 0.412744999 1.65913498
v -1.44651794 0.418377012 1.65771401
v -1.469437 0.435018003 1.64981604
v -1.44818795 0.457188994 1.64352202
v -1.48354197 0.462184012 1.63794804
v -1.50699699 0.43709901 1.64576495
v -1.43187594 0.43293801 1.65386605
v -1.412835 0.452194005 1.64909601
v -0.797309995 0.869252026 1.49882805
v -0.708510995 0.913163006 1.47450495
v -0.710470021 0.918227017 1.47170198
v -0.798916996 0.87441802 1.49602306
v -0.904011011 0.81279701 1.52890003
v -0.885348976 0.823979974 1.52351904
v -0.888592005 0.822026014 1.51903105
v -0.798883021 0.867866993 1.49445701
v -0.70885098 0.912198007 1.47021306
v -0.802688003 0.86471498 1.48375499
v -0.709671974 0.909914017 1.45979702
v -0.896436989 0.817695022 1.50791001
v -0.879302025 0.825681984 1.49118495
v -0.807608008 0.860679984 1.46988499
v -0.710735023 0.906970978 1.44631898
v -0.804648995 0.888913989 1.48520303
v -0.890205026 0.843439996 1.50872397
v -0.904011011 0.81279701 1.52890003
v -0.798916996 0.87441802 1.49602306
v -0.710470021 0.918227017 1.47170198
v -0.716543019 0.932811975 1.460832
v -0.724675 0.952156007 1.44592798
v -0.812444985 0.908074975 1.47037399
v -0.898522019 0.862640023 1.49441898
v 2.59809995 0.628925025 1.55817497
v 2.59693003 0.628853977 1.55511904
v 2.57595205 0.605105996 1.56953096
v 2.57736301 0.605286002 1.57265103
v 2.58343101 0.60491699 1.57270801
v 2.60457897 0.628571987 1.55828905
v 2.6238029 0.653433979 1.54252195
v 2.61726689 0.653883994 1.542207
v 2.6163981 0.653928995 1.53914297
v 2.59368992 0.628720999 1.54744196
v 2.58941507 0.628556013 1.53745401
v 2.5668211 0.603958011 1.55143702
v 2.57201695 0.60461098 1.56166899
v 2.61409497 0.654244006 1.53144801
v 2.61107492 0.654694021 1.521438
v 1.05695999 1.199458 1.23595202
v 1.05809295 1.20276594 1.24320698
v 0.911539972 1.20966494 1.242015
v 0.911145985 1.206797 1.23488998
v 0.910636008 1.20308697 1.22567499
v 1.05549502 1.19517899 1.22657001
v 1.21291399 1.18237996 1.23013902
v 1.21527505 1.18701804 1.23987901
v 1.21710002 1.19060504 1.24741006
v 1.05856204 1.20413399 1.246207
v 1.06004596 1.20897806 1.24255002
v 0.912877023 1.21582198 1.24126697
v 0.911702991 1.21085095 1.24496102
v 1.21785402 1.19208801 1.25052404
v 1.21948302 1.196872 1.24699605
v 2.63124204 0.681061029 1.51459002
v 2.63312006 0.680997014 1.52183795
v 2.64482689 0.709127009 1.50395298
v 2.64305496 0.70865798 1.49719
v 2.64076591 0.708126009 1.488428
v 2.62879896 0.681209981 1.50517595
v 2.61107492 0.654694021 1.521438
v 2.61409497 0.654244006 1.53144801
v 2.6163981 0.653928995 1.53914297
v 2.63386989 0.681102991 1.52475798
v 2.64031506 0.680501997 1.52515197
v 2.65195203 0.708567977 1.50718796
v 2.64556193 0.709468007 1.50671804
v 2.61726689 0.653883994 1.542207
v 2.6238029 0.653433979 1.54252195
v 2.64746094 0.736526012 1.47957504
v 2.64925003 0.737390995 1.48623598
v 2.64621997 0.765374005 1.46876395
v 2.64432597 0.764118016 1.46204102
v 2.64187503 0.762534022 1.45333803
v 2.64515209 0.735467017 1.47095394
v 2.649997 0.737868011 1.48897696
v 2.65655303 0.736428022 1.48963499
v 2.65352011 0.764666975 1.47211802
v 2.64700103 0.765972972 1.471524
v -0.618122995 0.951471984 1.436234
v -0.618170977 0.953508019 1.44662499
v -0.618062019 0.948836982 1.42279506
v -0.51909101 0.990511 1.39737904
v -0.519026995 0.993278027 1.41084003
v -0.518976986 0.995416999 1.42124796
v -0.618189991 0.954349995 1.45092106
v -0.620252013 0.959559023 1.44806302
v -0.518956006 0.996300995 1.42555201
v -0.520962 1.00169694 1.42269194
v -0.403414011 1.04250097 1.39587295
v -0.403400004 1.04154301 1.39163601
v -0.282860011 1.08545804 1.36221695
v -0.282876015 1.08646202 1.36630201
v -0.284687012 1.09176004 1.36382902
v -0.405295014 1.047925 1.39318001
v -0.520962 1.00169694 1.42269194
v -0.518956006 0.996300995 1.42555201
v -0.518976986 0.995416999 1.42124796
v -0.403367013 1.03922296 1.38138795
v -0.403322995 1.03622401 1.36813498
v -0.282770008 1.07988799 1.33956003
v -0.282821 1.08302903 1.35233796
v -0.519026995 0.993278027 1.41084003
v -0.51909101 0.990511 1.39737904
v -0.168651998 1.121696 1.34125698
v -0.168772995 1.120736 1.33742201
v -0.0418809988 1.15004694 1.31474102
v -0.0416620001 1.15095103 1.31835794
v -0.0434489995 1.155743 1.31606197
v -0.170570999 1.12672198 1.33894598
v -0.284687012 1.09176004 1.36382902
v -0.282876015 1.08646202 1.36630201
v -0.282860011 1.08545804 1.36221695
v -0.169065997 1.118415 1.32814598
v -0.169444993 1.11541295 1.316149
v -0.0430959985 1.14503098 1.29467499
v -0.0424109995 1.14786005 1.30599105
v -0.282821 1.08302903 1.35233796
v -0.282770008 1.07988799 1.33956003
v 0.117175996 1.17697704 1.29522598
v 0.117077 1.17605901 1.29166496
v 0.292441994 1.19605303 1.27148199
v 0.292385012 1.19700897 1.27502203
v 0.292261004 1.20189297 1.27219498
v 0.116177 1.18175805 1.29270899
v -0.0434489995 1.155743 1.31606197
v -0.0416620001 1.15095103 1.31835794
v -0.0418809988 1.15004694 1.31474102
v 0.116835997 1.17384005 1.28304994
v 0.116526 1.17096996 1.271909
v 0.292757004 1.19075203 1.25184596
v 0.292578995 1.19374204 1.26292002
v -0.0424109995 1.14786005 1.30599105
v -0.0430959985 1.14503098 1.29467499
v 0.468492001 1.20828199 1.26090598
v 0.468558997 1.20730698 1.25748003
v 0.633574009 1.21213603 1.24855304
v 0.633563995 1.21314001 1.25180805
v 0.634033978 1.21819496 1.24850905
v 0.468755007 1.21327102 1.25783098
v 0.292261004 1.20189297 1.27219498
v 0.292385012 1.19700897 1.27502203
v 0.292441994 1.19605303 1.27148199
v 0.468721986 1.20494902 1.24919295
v 0.468932986 1.20190001 1.23847604
v 0.633633971 1.20657206 1.23049796
v 0.633599997 1.20971 1.24067998
v 0.292578995 1.19374204 1.26292002
v 0.292757004 1.19075203 1.25184596
v 0.775668979 1.21392405 1.24666095
v 0.776473999 1.21896994 1.24312103
v 0.634033978 1.21819496 1.24850905
v 0.633563995 1.21314001 1.25180805
v 0.633574009 1.21213603 1.24855304
v 0.775633991 1.21285498 1.24359798
v 0.911539972 1.20966494 1.242015
v 0.911702991 1.21085095 1.24496102
v 0.912877023 1.21582198 1.24126697
v 0.775550008 1.21027005 1.23618901
v 0.633599997 1.20971 1.24067998
v 0.633633971 1.20657206 1.23049796
v 0.775442004 1.20692599 1.22660697
v 0.910636008 1.20308697 1.22567499
v 0.911145985 1.206797 1.23488998
v 1.39119196 1.17302597 1.25803804
v 1.39036703 1.171628 1.25485897
v 1.559466 1.14833605 1.26480103
v 1.56021595 1.14962804 1.267977
v 1.56154501 1.15464997 1.26468098
v 1.39268994 1.177935 1.25462902
v 1.21948302 1.196872 1.24699605
v 1.21785402 1.19208801 1.25052404
v 1.21710002 1.19060504 1.24741006
v 1.38837099 1.16824496 1.24716997
v 1.38579094 1.16386998 1.23722601
v 1.555305 1.14112794 1.24725294
v 1.557652 1.14519501 1.257146
v 1.21527505 1.18701804 1.23987901
v 1.21291399 1.18237996 1.23013902
v 1.706568 1.12457097 1.27957201
v 1.70596802 1.12323201 1.27648199
v 1.84234905 1.09452701 1.29049301
v 1.84281194 1.09592795 1.29350603
v 1.84428704 1.10066295 1.29041803
v 1.70792603 1.12950003 1.27638304
v 1.56154501 1.15464997 1.26468098
v 1.56021595 1.14962804 1.267977
v 1.559466 1.14833605 1.26480103
v 1.70451605 1.11992395 1.26912606
v 1.70263803 1.11563206 1.259637
v 1.839782 1.08642399 1.274261
v 1.84123003 1.09100604 1.28339696
v 1.557652 1.14519501 1.257146
v 1.555305 1.14112794 1.24725294
v 1.98150802 1.06177199 1.31046498
v 1.98108494 1.06043398 1.30742097
v 2.1262629 1.01913702 1.32840598
v 2.1266911 1.02037597 1.33148503
v 2.1283679 1.02478802 1.32858801
v 1.98308396 1.06631804 1.30746603
v 1.84428704 1.10066295 1.29041803
v 1.84281194 1.09592795 1.29350603
v 1.84234905 1.09452701 1.29049301
v 1.98005903 1.05701303 1.30024898
v 1.97873294 1.05254805 1.29101098
v 2.12388897 1.011711 1.31166899
v 2.12522793 1.01591802 1.32109499
v 1.84123003 1.09100604 1.28339696
v 1.839782 1.08642399 1.274261
v 2.28239298 0.970017016 1.357602
v 2.28197289 0.968818009 1.35458302
v 2.42497492 0.915897012 1.38257098
v 2.42544293 0.917068005 1.38548195
v 2.427706 0.921274006 1.38303602
v 2.28418899 0.974394023 1.35484695
v 2.1283679 1.02478802 1.32858801
v 2.1266911 1.02037597 1.33148503
v 2.1262629 1.01913702 1.32840598
v 2.28096008 0.965698004 1.34735203
v 2.27964807 0.96161902 1.33801496
v 2.42235088 0.908998013 1.36641002
v 2.42383194 0.912903011 1.37552404
v 2.12522793 1.01591802 1.32109499
v 2.12388897 1.011711 1.31166899
v 2.53267288 0.867900014 1.41179097
v 2.53202701 0.86679697 1.40898705
v 2.60245204 0.82466799 1.43245697
v 2.60326409 0.825649977 1.43519199
v 2.60802388 0.82814002 1.43416703
v 2.53607893 0.871564984 1.40995097
v 2.427706 0.921274006 1.38303602
v 2.42544293 0.917068005 1.38548195
v 2.42497492 0.915897012 1.38257098
v 2.53042197 0.864085972 1.40211594
v 2.528337 0.86057198 1.39321101
v 2.59778094 0.81942302 1.41695201
v 2.60042095 0.822373986 1.42570806
v 2.42383194 0.912903011 1.37552404
v 2.42235088 0.908998013 1.36641002
v 2.63639808 0.793453991 1.45434904
v 2.6355691 0.792662978 1.45160997
v 2.64225698 0.793873012 1.45425904
v 2.60802388 0.82814002 1.43416703
v 2.60326409 0.825649977 1.43519199
v 2.60245204 0.82466799 1.43245697
v 2.63351798 0.790893018 1.44488502
v 2.63085604 0.788631022 1.43616605
v 2.60042095 0.822373986 1.42570806
v 2.59778094 0.81942302 1.41695201
v -1.36319995 0.536208987 1.62384105
v -1.39092803 0.546977997 1.615641
v -1.42845201 0.513588011 1.62317097
v -1.39923298 0.504428983 1.63145494
v -1.370013 0.495269001 1.63973999
v -1.33547294 0.525439978 1.63204002
v -1.29152405 0.561268985 1.62232697
v -1.31838 0.573064983 1.61447704
v -1.34523702 0.584860981 1.60662794
v -1.26507604 0.61351198 1.60297799
v -1.23930395 0.601598024 1.61111903
v -1.179088 0.644345999 1.59734595
v -1.20267403 0.656930029 1.58852601
v -1.22625995 0.669512987 1.57970595
v -1.29084802 0.625425994 1.59483695
v -1.34523702 0.584860981 1.60662794
v -1.31838 0.573064983 1.61447704
v -1.29152405 0.561268985 1.62232697
v -1.13056099 0.702696979 1.57030404
v -1.11115205 0.687430978 1.57993603
v -1.03793502 0.731629014 1.56101298
v -1.05260396 0.74970001 1.550179
v -1.06727302 0.767771006 1.53934598
v -1.14997005 0.71796298 1.560673
v -0.972670972 0.796824992 1.53001797
v -0.983461022 0.815935016 1.51733601
v -0.961880982 0.777715981 1.54270005
v -0.904011011 0.81279701 1.52890003
v -0.890205026 0.843439996 1.50872397
v -0.898522019 0.862640023 1.49441898
v 2.62374592 0.627431989 1.55713606
v 2.60457897 0.628571987 1.55828905
v 2.58343101 0.60491699 1.57270801
v 2.60133696 0.603766978 1.57137704
v 2.62516093 0.602226019 1.56935203
v 2.64925599 0.625898004 1.55534995
v 2.66879201 0.649836004 1.54099298
v 2.64310598 0.651905 1.54197395
v 2.6238029 0.653433979 1.54252195
v 1.06422496 1.22271502 1.22983897
v 1.06975198 1.24089801 1.21259904
v 0.920853019 1.24889398 1.21113098
v 0.916302025 1.23004496 1.22847402
v 0.912877023 1.21582198 1.24126697
v 1.06004596 1.20897806 1.24255002
v 1.21948302 1.196872 1.24699605
v 1.22392905 1.21036005 1.23460305
v 1.22978497 1.22820103 1.21777701
v 2.65927601 0.678315997 1.52482796
v 2.68449712 0.675338984 1.52414298
v 2.69559407 0.700878978 1.50664496
v 2.67068696 0.705312014 1.50706506
v 2.65195203 0.708567977 1.50718796
v 2.64031506 0.680501997 1.52515197
v 2.6238029 0.653433979 1.54252195
v 2.64310598 0.651905 1.54197395
v 2.66879201 0.649836004 1.54099298
v 2.67576599 0.731539011 1.49005103
v 2.70130801 0.724927008 1.49034595
v 2.69803596 0.754172981 1.47238505
v 2.67263007 0.760208011 1.47234404
v 2.65352011 0.764666975 1.47211802
v 2.65655303 0.736428022 1.48963499
v -0.626426995 0.974695981 1.43699002
v -0.634657979 0.994796991 1.42181098
v -0.620252013 0.959559023 1.44806302
v -0.520962 1.00169694 1.42269194
v -0.526992023 1.01737106 1.41161394
v -0.535034001 1.03818297 1.39642501
v -0.410930008 1.06363797 1.38263905
v -0.405295014 1.047925 1.39318001
v -0.284687012 1.09176004 1.36382902
v -0.290109992 1.10707104 1.35403895
v -0.297338992 1.127388 1.34058905
v -0.418442011 1.08449697 1.36817396
v -0.535034001 1.03818297 1.39642501
v -0.526992023 1.01737106 1.41161394
v -0.520962 1.00169694 1.42269194
v -0.176397994 1.14124 1.32978702
v -0.170570999 1.12672198 1.33894598
v -0.0434489995 1.155743 1.31606197
v -0.0489379987 1.16959095 1.307073
v -0.0562780015 1.18796802 1.29473698
v -0.184177995 1.16050506 1.317204
v -0.297338992 1.127388 1.34058905
v -0.290109992 1.10707104 1.35403895
v -0.284687012 1.09176004 1.36382902
v 0.113123998 1.19556999 1.28308499
v 0.116177 1.18175805 1.29270899
v 0.292261004 1.20189297 1.27219498
v 0.291920006 1.21599102 1.26165605
v 0.291471004 1.23469496 1.24725997
v 0.109041996 1.21389496 1.26990902
v -0.0562780015 1.18796802 1.29473698
v -0.0489379987 1.16959095 1.307073
v -0.0434489995 1.155743 1.31606197
v 0.469583005 1.22766995 1.24661696
v 0.468755007 1.21327102 1.25783098
v 0.634033978 1.21819496 1.24850905
v 0.635452986 1.23277795 1.23672104
v 0.637346029 1.25212395 1.22068703
v 0.470694989 1.24677503 1.23133194
v 0.291471004 1.23469496 1.24725997
v 0.291920006 1.21599102 1.26165605
v 0.292261004 1.20189297 1.27219498
v 0.778868973 1.23348403 1.230721
v 0.782058001 1.25273299 1.21388996
v 0.637346029 1.25212395 1.22068703
v 0.635452986 1.23277795 1.23672104
v 0.634033978 1.21819496 1.24850905
v 0.776473999 1.21896994 1.24312103
v 0.912877023 1.21582198 1.24126697
v 0.916302025 1.23004496 1.22847402
v 0.920853019 1.24889398 1.21113098
v 1.39670503 1.19184601 1.24255502
v 1.39268994 1.177935 1.25462902
v 1.56154501 1.15464997 1.26468098
v 1.56509697 1.16898203 1.25291502
v 1.56976104 1.18797004 1.23691499
v 1.40197897 1.21026003 1.22614896
v 1.22978497 1.22820103 1.21777701
v 1.22392905 1.21036005 1.23460305
v 1.21948302 1.196872 1.24699605
v 1.71164799 1.143574 1.26490402
v 1.70792603 1.12950003 1.27638304
v 1.84428704 1.10066295 1.29041803
v 1.84844303 1.11418402 1.27920794
v 1.85393906 1.13209796 1.263937
v 1.71655405 1.16222298 1.24927998
v 1.56976104 1.18797004 1.23691499
v 1.56509697 1.16898203 1.25291502
v 1.56154501 1.15464997 1.26468098
v 1.98756504 1.07936895 1.29651105
v 1.99349904 1.09667206 1.28157902
v 1.85393906 1.13209796 1.263937
v 1.84844303 1.11418402 1.27920794
v 1.84428704 1.10066295 1.29041803
v 1.98308396 1.06631804 1.30746603
v 2.1283679 1.02478802 1.32858801
v 2.13315105 1.03752506 1.31797397
v 2.13948607 1.05442405 1.30350101
v 2.28933406 0.987043977 1.34475505
v 2.28418899 0.974394023 1.35484695
v 2.427706 0.921274006 1.38303602
v 2.43423295 0.933373988 1.37400901
v 2.44289303 0.949419975 1.361691
v 2.29615402 1.00382996 1.33099496
v 2.13948607 1.05442405 1.30350101
v 2.13315105 1.03752506 1.31797397
v 2.1283679 1.02478802 1.32858801
v 2.54596591 0.881959975 1.40288901
v 2.53607893 0.871564984 1.40995097
v 2.60802388 0.82814002 1.43416703
v 2.62189889 0.834959984 1.42963803
v 2.64033008 0.843945026 1.42335701
v 2.559093 0.895721018 1.39321601
v 2.44289303 0.949419975 1.361691
v 2.43423295 0.933373988 1.37400901
v 2.427706 0.921274006 1.38303602
v 2.65939689 0.794529021 1.45249796
v 2.64225698 0.793873012 1.45425904
v 2.68217707 0.795304 1.44990098
v 2.64033008 0.843945026 1.42335701
v 2.62189889 0.834959984 1.42963803
v 2.60802388 0.82814002 1.43416703
v -1.426175 0.479207009 1.63770902
v -1.45834196 0.486501992 1.63051105
v -1.39400697 0.471911997 1.64490604
v 2.55106807 0.582036972 1.57323098
v 2.57201695 0.60461098 1.56166899
v 2.5668211 0.603958011 1.55143702
v 2.54629302 0.582059979 1.56159604
v 2.53259206 0.566327989 1.57118702
v 2.5304811 0.560230017 1.58346105
v 2.53331494 0.559270024 1.59386301
v 2.55470204 0.582022011 1.58214605
v 2.57595205 0.605105996 1.56953096
v 2.55605102 0.582024992 1.585621
v 2.57736301 0.605286002 1.57265103
v 2.53445101 0.558954 1.59783804
v 2.53829408 0.558125973 1.59881198
v 2.56114697 0.581470013 1.58603299
v 2.58343101 0.60491699 1.57270801
v 2.57602 0.579778016 1.58575797
v 2.54924798 0.555629015 1.600209
v 2.56813598 0.55943501 1.59724605
v 2.59578109 0.577520013 1.58513904
v 2.62516093 0.602226019 1.56935203
v 2.60133696 0.603766978 1.57137704
v 2.58343101 0.60491699 1.57270801
v 2.56114697 0.581470013 1.58603299
v 2.53829408 0.558125973 1.59881198
v -1.49166799 0.411229014 -1.65677202
v -1.53118801 0.409711987 -1.65440798
v -1.52433598 0.41751799 -1.65192997
v -1.48542702 0.417946994 -1.65482199
v -1.44651794 0.418377012 -1.65771401
v -1.45214796 0.412744999 -1.65913498
v -1.46293104 0.41139701 -1.65875399
v -1.49303401 0.409685999 -1.65719295
v -1.52245402 0.408746988 -1.65542102
v -1.469437 0.435018003 -1.64981604
v -1.50699699 0.43709901 -1.64576495
v -1.48354197 0.462184012 -1.63794804
v -1.44818795 0.457188994 -1.64352202
v -1.412835 0.452194005 -1.64909601
v -1.43187594 0.43293801 -1.65386605
v -0.797309995 0.869252026 -1.49882698
v -0.798916996 0.87441802 -1.49602306
v -0.710470021 0.918227017 -1.47170198
v -0.708510995 0.913163006 -1.47450495
v -0.70885098 0.912198007 -1.47021306
v -0.798883021 0.867866993 -1.49445701
v -0.888592005 0.822026014 -1.51903105
v -0.885348976 0.823979974 -1.52351904
v -0.904011011 0.81279701 -1.52890003
v -0.802688003 0.86471498 -1.48375499
v -0.709671974 0.909914017 -1.45979702
v -0.710735023 0.906970978 -1.44631898
v -0.807608008 0.860679984 -1.46988499
v -0.879302025 0.825681984 -1.49118495
v -0.896436989 0.817695022 -1.50791001
v -0.804648995 0.888913989 -1.48520303
v -0.798916996 0.87441802 -1.49602306
v -0.904011011 0.81279701 -1.52890003
v -0.890205026 0.843439996 -1.50872397
v -0.898522019 0.862640023 -1.49441898
v -0.812444985 0.908074975 -1.47037399
v -0.724675 0.952156007 -1.44592798
v -0.716543019 0.932811975 -1.460832
v -0.710470021 0.918227017 -1.47170198
v 2.59809995 0.628925025 -1.55817497
v 2.57736301 0.605286002 -1.57265103
v 2.57595205 0.605105996 -1.56953096
v 2.59693003 0.628853977 -1.55511904
v 2.6163981 0.653928995 -1.53914297
v 2.61726689 0.653883994 -1.54220605
v 2.6238029 0.653433979 -1.54252195
v 2.60457897 0.628571987 -1.55828905
v 2.58343101 0.60491699 -1.57270801
v 2.59368992 0.628720999 -1.54744101
v 2.57201695 0.60461098 -1.56166899
v 2.5668211 0.603958011 -1.55143702
v 2.58941507 0.628556013 -1.53745401
v 2.61107492 0.654694021 -1.521438
v 2.61409497 0.654244006 -1.53144801
v 1.05695999 1.199458 -1.23595202
v 0.911145985 1.206797 -1.23488998
v 0.911539972 1.20966494 -1.242015
v 1.05809295 1.20276594 -1.24320698
v 1.21710002 1.19060504 -1.24741006
v 1.21527505 1.18701804 -1.23987901
v 1.21291399 1.18237996 -1.23013902
v 1.05549502 1.19517899 -1.22657001
v 0.910636008 1.20308697 -1.22567499
v 1.05856204 1.20413399 -1.246207
v 0.911702991 1.21085095 -1.24496102
v 0.912877023 1.21582198 -1.24126697
v 1.06004596 1.20897806 -1.24255002
v 1.21948302 1.196872 -1.24699605
v 1.21785402 1.19208801 -1.25052404
v 2.63124204 0.681061029 -1.51459002
v 2.64305496 0.70865798 -1.49719
v 2.64482689 0.709127009 -1.50395298
v 2.63312006 0.680997014 -1.52183795
v 2.6163981 0.653928995 -1.53914297
v 2.61409497 0.654244006 -1.53144801
v 2.61107492 0.654694021 -1.521438
v 2.62879896 0.681209981 -1.50517595
v 2.64076591 0.708126009 -1.488428
v 2.63386989 0.681102991 -1.52475798
v 2.64556193 0.709468007 -1.50671804
v 2.65195203 0.708567977 -1.50718796
v 2.64031506 0.680501997 -1.52515197
v 2.6238029 0.653433979 -1.54252195
v 2.61726689 0.653883994 -1.54220605
v 2.64746094 0.736526012 -1.47957504
v 2.64432597 0.764118016 -1.46204102
v 2.64621997 0.765374005 -1.46876395
v 2.64925003 0.737390995 -1.48623598
v 2.64515209 0.735467017 -1.47095394
v 2.64187503 0.762534022 -1.45333803
v 2.649997 0.737868011 -1.48897696
v 2.64700103 0.765972972 -1.471524
v 2.65352011 0.764666975 -1.47211802
v 2.65655303 0.736428022 -1.48963499
v -0.618122995 0.951471984 -1.436234
v -0.618170977 0.953508019 -1.44662499
v -0.518976986 0.995416999 -1.42124796
v -0.519026995 0.993278027 -1.41084003
v -0.51909101 0.990511 -1.39737904
v -0.618062019 0.948836982 -1.42279506
v -0.618189991 0.954349995 -1.45092106
v -0.620252013 0.959559023 -1.44806302
v -0.520962 1.00169694 -1.42269194
v -0.518956006 0.996300995 -1.42555201
v -0.403414011 1.04250097 -1.395872
v -0.282876015 1.08646202 -1.36630201
v -0.282860011 1.08545804 -1.36221695
v -0.403400004 1.04154301 -1.39163601
v -0.518976986 0.995416999 -1.42124796
v -0.518956006 0.996300995 -1.42555201
v -0.520962 1.00169694 -1.42269194
v -0.405295014 1.047925 -1.39318001
v -0.284687012 1.09176004 -1.36382902
v -0.403367013 1.03922296 -1.38138795
v -0.282821 1.08302903 -1.35233796
v -0.282770008 1.07988799 -1.33956003
v -0.403322995 1.03622401 -1.36813498
v -0.51909101 0.990511 -1.39737904
v -0.519026995 0.993278027 -1.41084003
v -0.168651998 1.121696 -1.34125698
v -0.0416620001 1.15095103 -1.31835794
v -0.0418809988 1.15004694 -1.31474102
v -0.168772995 1.120736 -1.33742201
v -0.282860011 1.08545804 -1.36221695
v -0.282876015 1.08646202 -1.36630201
v -0.284687012 1.09176004 -1.36382902
v -0.170570999 1.12672198 -1.33894598
v -0.0434489995 1.155743 -1.31606197
v -0.169065997 1.118415 -1.32814598
v -0.0424109995 1.14786005 -1.30599105
v -0.0430959985 1.14503098 -1.29467499
v -0.169444993 1.11541295 -1.316149
v -0.282770008 1.07988799 -1.33956003
v -0.282821 1.08302903 -1.35233796
v 0.117175996 1.17697704 -1.29522705
v 0.292385012 1.19700897 -1.27502203
v 0.292441994 1.19605303 -1.27148199
v 0.117077 1.17605901 -1.29166496
v -0.0418809988 1.15004694 -1.31474102
v -0.0416620001 1.15095103 -1.31835794
v -0.0434489995 1.155743 -1.31606197
v 0.116177 1.181759 -1.29270899
v 0.292261004 1.20189297 -1.27219498
v 0.116835997 1.17384005 -1.28305101
v 0.292578995 1.19374204 -1.26292002
v 0.292757004 1.19075203 -1.25184596
v 0.116526 1.17096996 -1.271909
v -0.0430959985 1.14503098 -1.29467499
v -0.0424109995 1.14786005 -1.30599105
v 0.468492001 1.20828199 -1.26090598
v 0.633563995 1.21314001 -1.25180805
v 0.633574009 1.21213603 -1.24855304
v 0.468558997 1.20730698 -1.25748003
v 0.292441994 1.19605303 -1.27148199
v 0.292385012 1.19700897 -1.27502203
v 0.292261004 1.20189297 -1.27219498
v 0.468755007 1.21327102 -1.25783098
v 0.634033978 1.21819496 -1.24850905
v 0.468721986 1.20494902 -1.24919295
v 0.633599997 1.20971 -1.24067998
v 0.633633971 1.20657206 -1.23049796
v 0.468932986 1.20190001 -1.23847604
v 0.292757004 1.19075203 -1.25184596
v 0.292578995 1.19374204 -1.26292002
v 0.775668979 1.21392405 -1.24666095
v 0.633563995 1.21314001 -1.25180805
v 0.634033978 1.21819496 -1.24850905
v 0.776473999 1.21896994 -1.24312103
v 0.912877023 1.21582198 -1.24126697
v 0.911702991 1.21085095 -1.24496102
v 0.911539972 1.20966494 -1.242015
v 0.775633991 1.21285498 -1.24359798
v 0.633574009 1.21213603 -1.24855304
v 0.775551021 1.21027005 -1.23618901
v 0.633599997 1.20971 -1.24067998
v 0.911145985 1.206797 -1.23488998
v 0.910636008 1.20308697 -1.22567499
v 0.775442004 1.20692599 -1.22660697
v 0.633633971 1.20657206 -1.23049796
v 1.39119196 1.17302597 -1.25803804
v 1.560215 1.14962804 -1.267977
v 1.559466 1.14833605 -1.26480103
v 1.39036703 1.171628 -1.25485897
v 1.21710002 1.19060504 -1.24741006
v 1.21785402 1.19208801 -1.25052404
v 1.21948302 1.196872 -1.24699605
v 1.39268994 1.177935 -1.25462902
v 1.56154501 1.15464997 -1.26468098
v 1.38837194 1.16824496 -1.24716997
v 1.557652 1.14519501 -1.257146
v 1.555305 1.14112794 -1.24725294
v 1.38579094 1.16386998 -1.23722601
v 1.21291399 1.18237996 -1.23013902
v 1.21527505 1.18701804 -1.23987901
v 1.706568 1.12457097 -1.27957201
v 1.84281194 1.09592795 -1.29350603
v 1.84234905 1.09452701 -1.29049301
v 1.70596802 1.12323201 -1.27648199
v 1.559466 1.14833605 -1.26480103
v 1.560215 1.14962804 -1.267977
v 1.56154501 1.15464997 -1.26468098
v 1.70792603 1.12950003 -1.27638304
v 1.84428704 1.10066295 -1.29041803
v 1.70451605 1.11992395 -1.26912606
v 1.84123003 1.09100604 -1.28339696
v 1.839782 1.08642399 -1.274261
v 1.70263803 1.11563206 -1.259637
v 1.555305 1.14112794 -1.24725294
v 1.557652 1.14519501 -1.257146
v 1.98150897 1.06177199 -1.31046498
v 2.1266911 1.02037597 -1.33148503
v 2.1262629 1.01913702 -1.32840598
v 1.98108494 1.06043398 -1.30742097
v 1.84234905 1.09452701 -1.29049301
v 1.84281194 1.09592795 -1.29350603
v 1.84428704 1.10066295 -1.29041803
v 1.98308396 1.06631804 -1.30746603
v 2.1283679 1.02478802 -1.32858801
v 1.98005903 1.05701303 -1.30024898
v 2.12522793 1.01591802 -1.32109499
v 2.12388897 1.011711 -1.31166899
v 1.97873294 1.05254805 -1.29101098
v 1.839782 1.08642399 -1.274261
v 1.84123003 1.09100604 -1.28339696
v 2.28239298 0.970017016 -1.357602
v 2.42544293 0.917068005 -1.38548195
v 2.42497492 0.915897012 -1.38257098
v 2.28197289 0.968818009 -1.35458302
v 2.1262629 1.01913702 -1.32840598
v 2.1266911 1.02037597 -1.33148503
v 2.1283679 1.02478802 -1.32858801
v 2.28418899 0.974394023 -1.35484695
v 2.427706 0.921274006 -1.38303602
v 2.28096008 0.965698004 -1.34735203
v 2.42383194 0.912903011 -1.37552404
v 2.42235088 0.908998013 -1.36641002
v 2.27964807 0.96161902 -1.33801496
v 2.12388897 1.011711 -1.31166899
v 2.12522793 1.01591802 -1.32109499
v 2.53267288 0.867900014 -1.41179097
v 2.60326409 0.825649977 -1.43519199
v 2.60245204 0.82466799 -1.43245697
v 2.53202796 0.86679697 -1.40898705
v 2.42497492 0.915897012 -1.38257098
v 2.42544293 0.917068005 -1.38548195
v 2.427706 0.921274006 -1.38303602
v 2.53607893 0.871564984 -1.40995097
v 2.60802388 0.82814002 -1.43416703
v 2.53042293 0.864085972 -1.40211594
v 2.60042095 0.822373986 -1.42570806
v 2.59778094 0.81942302 -1.41695201
v 2.528337 0.86057198 -1.39321101
v 2.42235088 0.908998013 -1.36641002
v 2.42383194 0.912903011 -1.37552404
v 2.63639808 0.793453991 -1.45434904
v 2.6355691 0.792662978 -1.45160997
v 2.60245204 0.82466799 -1.43245697
v 2.60326409 0.825649977 -1.43519199
v 2.60802388 0.82814002 -1.43416703
v 2.64225698 0.793873012 -1.45425904
v 2.63351798 0.790893018 -1.44488502
v 2.63085604 0.788631022 -1.43616605
v 2.59778094 0.81942302 -1.41695201
v 2.60042095 0.822373986 -1.42570806
v -1.36319995 0.536208987 -1.62384105
v -1.39923298 0.504428983 -1.63145494
v -1.42845201 0.513588011 -1.62317097
v -1.39092803 0.546977997 -1.615641
v -1.34523702 0.584860981 -1.60662794
v -1.31838 0.573064983 -1.61447704
v -1.29152405 0.561268985 -1.62232697
v -1.33547294 0.525439978 -1.63204002
v -1.370013 0.495269001 -1.63973999
v -1.26507604 0.61351198 -1.60297799
v -1.20267403 0.656930029 -1.58852601
v -1.179088 0.644345999 -1.59734595
v -1.23930395 0.601598024 -1.61111903
v -1.29152405 0.561268985 -1.62232697
v -1.31838 0.573064983 -1.61447704
v -1.34523702 0.584860981 -1.60662794
v -1.29084802 0.625425994 -1.59483695
v -1.22625995 0.669512987 -1.57970595
v -1.13056099 0.702696979 -1.57030499
v -1.05260396 0.74970001 -1.550179
v -1.03793502 0.731629014 -1.56101298
v -1.11115205 0.687430978 -1.57993603
v -1.14997005 0.71796298 -1.560673
v -1.06727302 0.767771006 -1.53934598
v -0.972670972 0.796824992 -1.53001797
v -0.983461022 0.815935016 -1.51733601
v -0.898522019 0.862640023 -1.49441898
v -0.890205026 0.843439996 -1.50872397
v -0.904011011 0.81279701 -1.52890003
v -0.961880982 0.777715981 -1.54270005
v 2.62374496 0.627431989 -1.55713606
v 2.60133696 0.603766978 -1.57137704
v 2.58343101 0.60491699 -1.57270801
v 2.60457897 0.628571987 -1.55828905
v 2.6238029 0.653433979 -1.54252195
v 2.64310598 0.651905 -1.54197395
v 2.66879201 0.649836004 -1.54099298
v 2.64925599 0.625898004 -1.55534995
v 2.62516093 0.602226019 -1.56935203
v 1.06422496 1.22271502 -1.22983897
v 0.916302025 1.23004496 -1.22847402
v 0.920853019 1.24889398 -1.21113098
v 1.06975198 1.24089801 -1.21259904
v 1.22978497 1.22820103 -1.21777701
v 1.22392905 1.21036005 -1.23460305
v 1.21948302 1.196872 -1.24699605
v 1.06004596 1.20897806 -1.24255002
v 0.912877023 1.21582198 -1.24126697
v 2.65927696 0.678315997 -1.52482796
v 2.67068696 0.705312014 -1.50706506
v 2.69559407 0.700878978 -1.50664496
v 2.68449712 0.675338984 -1.52414298
v 2.66879201 0.649836004 -1.54099298
v 2.64310598 0.651905 -1.54197395
v 2.6238029 0.653433979 -1.54252195
v 2.64031506 0.680501997 -1.52515197
v 2.65195203 0.708567977 -1.50718796
v 2.67576599 0.731539011 -1.49005103
v 2.67263007 0.760208011 -1.47234404
v 2.69803596 0.754172981 -1.47238505
v 2.70130801 0.724927008 -1.49034595
v 2.65655303 0.736428022 -1.48963499
v 2.65352011 0.764666975 -1.47211802
v -0.626426995 0.974695981 -1.43699002
v -0.634657979 0.994796991 -1.42181098
v -0.535034001 1.03818297 -1.39642501
v -0.526992023 1.01737106 -1.41161394
v -0.520962 1.00169694 -1.42269194
v -0.620252013 0.959559023 -1.44806302
v -0.410930008 1.06363797 -1.38263905
v -0.290109992 1.10707104 -1.35403895
v -0.284687012 1.09176004 -1.36382902
v -0.405295014 1.047925 -1.39318001
v -0.520962 1.00169694 -1.42269194
v -0.526992023 1.01737106 -1.41161394
v -0.535034001 1.03818297 -1.39642501
v -0.418442011 1.08449697 -1.36817396
v -0.297338992 1.127388 -1.34058905
v -0.176397994 1.14124 -1.32978702
v -0.0489379987 1.16959095 -1.307073
v -0.0434489995 1.155743 -1.31606197
v -0.170570999 1.12672198 -1.33894598
v -0.284687012 1.09176004 -1.36382902
v -0.290109992 1.10707104 -1.35403895
v -0.297338992 1.127388 -1.34058905
v -0.184177995 1.16050506 -1.317204
v -0.0562780015 1.18796802 -1.29473698
v 0.113123998 1.19556999 -1.28308499
v 0.291920006 1.21599102 -1.26165605
v 0.292261004 1.20189297 -1.27219498
v 0.116177 1.181759 -1.29270899
v -0.0434489995 1.155743 -1.31606197
v -0.0489379987 1.16959095 -1.307073
v -0.0562780015 1.18796802 -1.29473698
v 0.109041996 1.21389496 -1.26990902
v 0.291471004 1.23469496 -1.24725997
v 0.469583005 1.22766995 -1.24661696
v 0.635452986 1.23277795 -1.23672104
v 0.634033978 1.21819496 -1.24850905
v 0.468755007 1.21327102 -1.25783098
v 0.292261004 1.20189297 -1.27219498
v 0.291920006 1.21599102 -1.26165605
v 0.291471004 1.23469496 -1.24725997
v 0.470694989 1.24677503 -1.23133194
v 0.637346029 1.25212395 -1.22068703
v 0.778868973 1.23348403 -1.230721
v 0.635452986 1.23277795 -1.23672104
v 0.637346029 1.25212395 -1.22068703
v 0.782058001 1.25273299 -1.21388996
v 0.920853019 1.24889398 -1.21113098
v 0.916302025 1.23004496 -1.22847402
v 0.912877023 1.21582198 -1.24126697
v 0.776473999 1.21896994 -1.24312103
v 0.634033978 1.21819496 -1.24850905
v 1.39670503 1.19184601 -1.24255502
v 1.56509697 1.16898203 -1.25291502
v 1.56154501 1.15464997 -1.26468098
v 1.39268994 1.177935 -1.25462902
v 1.21948302 1.196872 -1.24699605
v 1.22392905 1.21036005 -1.23460305
v 1.22978497 1.22820103 -1.21777701
v 1.40197897 1.21026003 -1.22614896
v 1.56976104 1.18797004 -1.23691499
v 1.71164799 1.14357495 -1.26490402
v 1.84844303 1.11418402 -1.27920794
v 1.84428704 1.10066295 -1.29041803
v 1.70792603 1.12950003 -1.27638304
v 1.56154501 1.15464997 -1.26468098
v 1.56509697 1.16898203 -1.25291502
v 1.56976104 1.18797004 -1.23691499
v 1.71655405 1.16222298 -1.24927998
v 1.85393906 1.13209796 -1.263937
v 1.98756504 1.07936895 -1.29651105
v 1.84844303 1.11418402 -1.27920794
v 1.85393906 1.13209796 -1.263937
v 1.99349904 1.09667206 -1.28157902
v 2.13948607 1.05442405 -1.30350101
v 2.13315105 1.03752506 -1.31797397
v 2.1283679 1.02478802 -1.32858801
v 1.98308396 1.06631804 -1.30746603
v 1.84428704 1.10066295 -1.29041803
v 2.28933406 0.987043977 -1.34475505
v 2.43423295 0.933373988 -1.37400901
v 2.427706 0.921274006 -1.38303602
v 2.28418899 0.974394023 -1.35484695
v 2.1283679 1.02478802 -1.32858801
v 2.13315105 1.03752506 -1.31797397
v 2.13948607 1.05442405 -1.30350101
v 2.29615402 1.00382996 -1.33099496
v 2.44289303 0.949419975 -1.361691
v 2.54596591 0.881960988 -1.40288901
v 2.62189889 0.834959984 -1.42963803
v 2.60802388 0.82814002 -1.43416703
v 2.53607893 0.871564984 -1.40995097
v 2.427706 0.921274006 -1.38303602
v 2.43423295 0.933373988 -1.37400901
v 2.44289303 0.949419975 -1.361691
v 2.559093 0.895721018 -1.39321601
v 2.64033008 0.843945026 -1.42335701
v 2.65939689 0.794529021 -1.45249796
v 2.64225698 0.793873012 -1.45425904
v 2.60802388 0.82814002 -1.43416703
v 2.62189889 0.834959984 -1.42963803
v 2.64033008 0.843945026 -1.42335701
v 2.68217707 0.795304 -1.44990098
v -1.426175 0.479207009 -1.63770902
v -1.45834196 0.486501992 -1.63051105
v -1.39400697 0.471911997 -1.64490604
v 2.55106807 0.582036972 -1.57323098
v 2.54629302 0.582059979 -1.56159604
v 2.5668211 0.603958011 -1.55143702
v 2.57201695 0.60461098 -1.56166899
v 2.57595205 0.605105996 -1.56953096
v 2.55470204 0.582022011 -1.58214605
v 2.53331494 0.559270024 -1.59386301
v 2.5304811 0.560230017 -1.58346105
v 2.53259206 0.566327989 -1.57118702
v 2.55605102 0.582024992 -1.585621
v 2.57736301 0.605286002 -1.57265103
v 2.58343101 0.60491699 -1.57270801
v 2.56114697 0.581470013 -1.58603299
v 2.53829408 0.558125973 -1.59881198
v 2.53445101 0.558954 -1.59783804
v 2.57602 0.579778016 -1.58575797
v 2.59578109 0.577520013 -1.58513904
v 2.56813598 0.55943501 -1.59724605
v 2.54924798 0.555629015 -1.600209
v 2.53829408 0.558125973 -1.59881198
v 2.56114697 0.581470013 -1.58603299
v 2.58343101 0.60491699 -1.57270801
v 2.60133696 0.603766978 -1.57137704
v 2.62516093 0.602226019 -1.56935203
vt 0.505400002 0.367199987
vt 0.483399987 0.367199987
vt 0.494100004 0.369800001
vt 0.516600013 0.369800001
vt 0.530499995 0.369100004
vt 0.5273 0.367199987
vt 0.513199985 0.365200013
vt 0.494100004 0.364600003
vt 0.4727 0.364600003
vt 0.461400002 0.367199987
vt 0.433999985 0.367199987
vt 0.443599999 0.369800001
vt 0.471700013 0.369800001
vt 0.451200008 0.364600003
vt 0.424299985 0.364600003
vt 0.531300008 0.0625
vt 0.445300013 0.0625
vt 0.445300013 0.0833000019
vt 0.531300008 0.0833000019
vt 0.5625 0.0833000019
vt 0.5625 0.0625
vt 0.5625 0.0417000018
vt 0.531199992 0.0417000018
vt 0.445300013 0.0417000018
vt 0.531199992 0.0208000001
vt 0.445300013 0.0208000001
vt 0.5625 0.0208000001
vt 0.554700017 0.00520000001
vt 0.531199992 0
vt 0.445300013 0
vt 0.531199992 0.391900003
vt 0.5625 0.391900003
vt 0.5625 0.390599996
vt 0.531199992 0.390599996
vt 0.445300013 0.390599996
vt 0.445300013 0.391900003
vt 0.445300013 0.39320001
vt 0.531300008 0.39320001
vt 0.5625 0.39320001
vt 0.531199992 0.0625
vt 0.4375 0.0417000018
vt 0.625 0.0417000018
vt 0.6875 0.0625
vt 0.75 0.0833000019
vt 0.625 0.0833000019
vt 0.5 0.0833000019
vt 0.375 0.0625
vt 0.25 0.0417000018
vt 0.343800008 0.0208000001
vt 0.25 0
vt 0.5 0
vt 0.5625 0.0208000001
vt 0.125 0.0208000001
vt 0 0
vt 0.25 0.0208000001
vt 0.25 0.0417000018
vt 0.5 0.0417000018
vt 0.5 0.0208000001
vt 0.5 -0
vt 0.25 -0
vt 0 0
vt -0 0.0208000001
vt -0 0.0417000018
vt 0.25 0.0625
vt 0.25 0.0833000019
vt 0.5 0.0833000019
vt 0.5 0.0625
vt -0 0.0625
vt -0 0.0833000019
vt 0.75 0.0208000001
vt 0.75 0.0417000018
vt 0.5 0.0417000018
vt 0.5 0.0208000001
vt 0.5 0
vt 0.75 0
vt 1 0
vt 1 0.0208000001
vt 1 0.0417000018
vt 0.75 0.0625
vt 0.75 0.0833000019
vt 0.5 0.0833000019
vt 0.5 0.0625
vt 1 0.0625
vt 1 0.0833000019
vt 0.25 0.0208000001
vt 0.25 0.0417000018
vt -0 0.0417000018
vt -0 0.0208000001
vt 0 0
vt 0.25 0
vt 0.25 0.0625
vt 0.25 0.0833000019
vt -0 0.0833000019
vt -0 0.0625
vt 0.25 0.0208000001
vt 0.25 0.0417000018
vt 0.25 0
vt 0 0
vt -0 0.0208000001
vt 0 0.0417000018
vt 0.25 0.0625
vt 0.25 0.0833000019
vt 0 0.0625
vt 0 0.0833000019
vt 0.5 0.0625
vt 0.5 0.0417000018
vt -0 0.0417000018
vt 0 0.0625
vt 0 0.0833000019
vt 0.5 0.0833000019
vt 1 0.0833000019
vt 1 0.0625
vt 1 0.0417000018
vt 0.5 0.0208000001
vt 0.5 0
vt 0 0
vt -0 0.0208000001
vt 1 0.0208000001
vt 1 0
vt 0.5 0.0625
vt 0.5 0.0417000018
vt -0 0.0417000018
vt -0 0.0625
vt 0 0.0833000019
vt 0.5 0.0833000019
vt 1 0.0833000019
vt 1 0.0625
vt 1 0.0417000018
vt 0.5 0.0208000001
vt 0.5 0
vt 0 0
vt -0 0.0208000001
vt 1 0.0208000001
vt 1 0
vt 0.5 0.0625
vt 0.5 0.0417000018
vt 0 0.0417000018
vt 0 0.0625
vt 0 0.0833000019
vt 0.5 0.0833000019
vt 1 0.0833000019
vt 1 0.0625
vt 1 0.0417000018
vt 0.5 0.0208000001
vt 0.5 0
vt 0 0
vt 0 0.0208000001
vt 1 0.0208000001
vt 1 0
vt 0.5 0.0625
vt 0.5 0.0417000018
vt 0 0.0417000018
vt 0 0.0625
vt 0 0.0833000019
vt 0.5 0.0833000019
vt 1 0.0833000019
vt 1 0.0625
vt 1 0.0417000018
vt 0.5 0.0208000001
vt 0.5 0
vt 0 0
vt 0 0.0208000001
vt 1 0.0208000001
vt 1 0
vt 0.5 0.0625
vt 0.5 0.0833000019
vt 1 0.0833000019
vt 1 0.0625
vt 1 0.0417000018
vt 0.5 0.0417000018
vt -0 0.0417000018
vt -0 0.0625
vt -0 0.0833000019
vt 0.5 0.0208000001
vt 1 0.0208000001
vt 1 0
vt 0.5 0
vt 0 0
vt -0 0.0208000001
vt 0.5 0.0625
vt 0.5 0.0417000018
vt -0 0.0417000018
vt -0 0.0625
vt 0 0.0833000019
vt 0.5 0.0833000019
vt 1 0.0833000019
vt 1 0.0625
vt 1 0.0417000018
vt 0.5 0.0208000001
vt 0.5 0
vt 0 0
vt -0 0.0208000001
vt 1 0.0208000001
vt 1 0
vt 0.5 0.0625
vt 0.5 0.0417000018
vt 0 0.0417000018
vt 0 0.0625
vt 0 0.0833000019
vt 0.5 0.0833000019
vt 1 0.0833000019
vt 1 0.0625
vt 1 0.0417000018
vt 0.5 0.0208000001
vt 0.5 0
vt 0 0
vt 0 0.0208000001
vt 1 0.0208000001
vt 1 0
vt 0.5 0.0625
vt 0.5 0.0417000018
vt 0 0.0417000018
vt 0 0.0625
vt 0 0.0833000019
vt 0.5 0.0833000019
vt 1 0.0833000019
vt 1 0.0625
vt 1 0.0417000018
vt 0.5 0.0208000001
vt 0.5 0
vt 0 0
vt 0 0.0208000001
vt 1 0.0208000001
vt 1 0
vt 0.5 0.0625
vt 0.5 0.0417000018
vt 0 0.0417000018
vt 0 0.0625
vt 0 0.0833000019
vt 0.5 0.0833000019
vt 1 0.0833000019
vt 1 0.0625
vt 1 0.0417000018
vt 0.5 0.0208000001
vt 0.5 0
vt 0 0
vt 0 0.0208000001
vt 1 0.0208000001
vt 1 0
vt 0.5 0.0625
vt 0.5 0.0417000018
vt 0 0.0417000018
vt 0 0.0625
vt 0 0.0833000019
vt 0.5 0.0833000019
vt 1 0.0833000019
vt 1 0.0625
vt 1 0.0417000018
vt 0.5 0.0208000001
vt 0.5 0
vt 0 0
vt 0 0.0208000001
vt 1 0.0208000001
vt 1 0
vt 0.5 0.0625
vt 0.5 0.0417000018
vt 0.5 0.0833000019
vt 1 0.0833000019
vt 1 0.0625
vt 1 0.0417000018
vt 0.5 0.0208000001
vt 0.5 0
vt 1 0.0208000001
vt 1 0
vt 0.175799996 0.367199987
vt 0.179700002 0.369800001
vt 0.325700015 0.369800001
vt 0.318599999 0.367199987
vt 0.311500013 0.364600003
vt 0.171900004 0.364600003
vt -0 0.364600003
vt -0 0.367199987
vt -0 0.369800001
vt 0.875 0.367199987
vt 0.875 0.364600003
vt 0.75 0.364600003
vt 0.75 0.367199987
vt 0.75 0.369800001
vt 0.875 0.369800001
vt 1 0.369800001
vt 1 0.367199987
vt 1 0.364600003
vt 0.625 0.367199987
vt 0.625 0.364600003
vt 0.468800008 0.364600003
vt 0.468800008 0.367199987
vt 0.468800008 0.369800001
vt 0.625 0.369800001
vt 0.25 0.367199987
vt 0.25 0.369800001
vt 0.25 0.364600003
vt -0 0.364600003
vt -0 0.367199987
vt 0 0.369800001
vt 0.625 0.391900003
vt 0.625 0.390599996
vt 0.75 0.390599996
vt 0.75 0.391900003
vt 0.75 0.39320001
vt 0.625 0.39320001
vt 0.5 0.39320001
vt 0.5 0.391900003
vt 0.5 0.390599996
vt 0.25 0.391900003
vt 0.25 0.39320001
vt 0.5 0.39320001
vt 0.5 0.391900003
vt 0.5 0.390599996
vt 0.25 0.390599996
vt 0 0.390599996
vt 0 0.391900003
vt 0 0.39320001
vt 0.75 0.391900003
vt 0.75 0.39320001
vt 0.5 0.39320001
vt 0.5 0.391900003
vt 0.5 0.390599996
vt 0.75 0.390599996
vt 1 0.390599996
vt 1 0.391900003
vt 1 0.39320001
vt 0.25 0.391900003
vt 0.25 0.39320001
vt 0 0.39320001
vt 0 0.391900003
vt 0 0.390599996
vt 0.25 0.390599996
vt 0.25 0.391900003
vt 0.25 0.39320001
vt 0.25 0.390599996
vt -0 0.390599996
vt -0 0.391900003
vt 0 0.39320001
vt 0.5 0.391900003
vt 0.5 0.390599996
vt -0 0.390599996
vt -0 0.391900003
vt 0 0.39320001
vt 0.5 0.39320001
vt 1 0.39320001
vt 1 0.391900003
vt 1 0.390599996
vt 0.5 0.391900003
vt 0.5 0.390599996
vt 0 0.390599996
vt 0 0.391900003
vt 0 0.39320001
vt 0.5 0.39320001
vt 1 0.39320001
vt 1 0.391900003
vt 1 0.390599996
vt 0.5 0.391900003
vt 0.5 0.390599996
vt -0 0.390599996
vt -0 0.391900003
vt -0 0.39320001
vt 0.5 0.39320001
vt 1 0.39320001
vt 1 0.391900003
vt 1 0.390599996
vt 0.5 0.391900003
vt 0.5 0.390599996
vt 0 0.390599996
vt 0 0.391900003
vt 0 0.39320001
vt 0.5 0.39320001
vt 1 0.39320001
vt 1 0.391900003
vt 1 0.390599996
vt 0.5 0.391900003
vt 0.5 0.39320001
vt 1 0.39320001
vt 1 0.391900003
vt 1 0.390599996
vt 0.5 0.390599996
vt -0 0.390599996
vt -0 0.391900003
vt -0 0.39320001
vt 0.5 0.391900003
vt 0.5 0.390599996
vt 0 0.390599996
vt 0 0.391900003
vt 0 0.39320001
vt 0.5 0.39320001
vt 1 0.39320001
vt 1 0.391900003
vt 1 0.390599996
vt 0.5 0.391900003
vt 0.5 0.390599996
vt -0 0.390599996
vt -0 0.391900003
vt -0 0.39320001
vt 0.5 0.39320001
vt 1 0.39320001
vt 1 0.391900003
vt 1 0.390599996
vt 0.5 0.391900003
vt 0.5 0.39320001
vt 1 0.39320001
vt 1 0.391900003
vt 1 0.390599996
vt 0.5 0.390599996
vt -0 0.390599996
vt -0 0.391900003
vt -0 0.39320001
vt 0.5 0.391900003
vt 0.5 0.390599996
vt 0 0.390599996
vt 0 0.391900003
vt 0 0.39320001
vt 0.5 0.39320001
vt 1 0.39320001
vt 1 0.391900003
vt 1 0.390599996
vt 0.5 0.391900003
vt 0.5 0.390599996
vt -0 0.390599996
vt -0 0.391900003
vt 0 0.39320001
vt 0.5 0.39320001
vt 1 0.39320001
vt 1 0.391900003
vt 1 0.390599996
vt 0.5 0.391900003
vt 0.5 0.390599996
vt 0.5 0.39320001
vt 1 0.39320001
vt 1 0.391900003
vt 1 0.390599996
vt 0.395500004 0.367199987
vt 0.404300004 0.369800001
vt 0.386700004 0.364600003
vt 0.644500017 0.0208000001
vt 0.617200017 0.0208000001
vt 0.5625 -0
vt 0.593699992 -0
vt 0.628899992 0.00520000001
vt 0.671899974 0.0208000001
vt 0.718699992 0.0417000018
vt 0.695299983 0.0417000018
vt 0.671899974 0.0417000018
vt 0.746100008 0.0625
vt 0.726599991 0.0625
vt 0.765600026 0.0625
vt 0.8125 0.0833000019
vt 0.796899974 0.0833000019
vt 0.781199992 0.0833000019
vt 0.796899974 0.391900003
vt 0.8125 0.391900003
vt 0.808600008 0.39289999
vt 0.796899974 0.39320001
vt 0.781199992 0.39320001
vt 0.781199992 0.391900003
vt 0.781199992 0.390599996
vt 0.796899974 0.390599996
vt 0.8125 0.390599996
vt 0.505400002 0.367199987
vt 0.516600013 0.369800001
vt 0.494100004 0.369800001
vt 0.483399987 0.367199987
vt 0.4727 0.364600003
vt 0.494100004 0.364600003
vt 0.513199985 0.365200013
vt 0.5273 0.367199987
vt 0.530499995 0.369100004
vt 0.461400002 0.367199987
vt 0.471700013 0.369800001
vt 0.443599999 0.369800001
vt 0.433999985 0.367199987
vt 0.424299985 0.364600003
vt 0.451200008 0.364600003
vt 0.531300008 0.0625
vt 0.531300008 0.0833000019
vt 0.445300013 0.0833000019
vt 0.445300013 0.0625
vt 0.445300013 0.0417000018
vt 0.531199992 0.0417000018
vt 0.5625 0.0417000018
vt 0.5625 0.0625
vt 0.5625 0.0833000019
vt 0.531199992 0.0208000001
vt 0.445300013 0.0208000001
vt 0.445300013 0
vt 0.531199992 0
vt 0.554700017 0.00520000001
vt 0.5625 0.0208000001
vt 0.531300008 0.391900003
vt 0.531199992 0.390599996
vt 0.5625 0.390599996
vt 0.5625 0.391900003
vt 0.5625 0.39320001
vt 0.531300008 0.39320001
vt 0.445300013 0.39320001
vt 0.445300013 0.391900003
vt 0.445300013 0.390599996
vt 0.531199992 0.0625
vt 0.6875 0.0625
vt 0.625 0.0417000018
vt 0.4375 0.0417000018
vt 0.25 0.0417000018
vt 0.375 0.0625
vt 0.5 0.0833000019
vt 0.625 0.0833000019
vt 0.75 0.0833000019
vt 0.343800008 0.0208000001
vt 0.5625 0.0208000001
vt 0.5 0
vt 0.25 0
vt 0 0
vt 0.125 0.0208000001
vt 0.25 0.0208000001
vt 0.5 0.0208000001
vt 0.5 0.0417000018
vt 0.25 0.0417000018
vt -0 0.0417000018
vt -0 0.0208000001
vt 0 0
vt 0.25 -0
vt 0.5 -0
vt 0.25 0.0625
vt 0.5 0.0625
vt 0.5 0.0833000019
vt 0.25 0.0833000019
vt -0 0.0833000019
vt -0 0.0625
vt 0.75 0.0208000001
vt 0.5 0.0208000001
vt 0.5 0.0417000018
vt 0.75 0.0417000018
vt 1 0.0417000018
vt 1 0.0208000001
vt 1 0
vt 0.75 0
vt 0.5 0
vt 0.75 0.0625
vt 0.5 0.0625
vt 0.5 0.0833000019
vt 0.75 0.0833000019
vt 1 0.0833000019
vt 1 0.0625
vt 0.25 0.0208000001
vt -0 0.0208000001
vt -0 0.0417000018
vt 0.25 0.0417000018
vt 0.25 0
vt 0 0
vt 0.25 0.0625
vt -0 0.0625
vt -0 0.0833000019
vt 0.25 0.0833000019
vt 0.25 0.0208000001
vt 0.25 0.0417000018
vt 0 0.0417000018
vt -0 0.0208000001
vt 0 0
vt 0.25 0
vt 0.25 0.0625
vt 0.25 0.0833000019
vt 0 0.0833000019
vt 0 0.0625
vt 0.5 0.0625
vt 0 0.0625
vt -0 0.0417000018
vt 0.5 0.0417000018
vt 1 0.0417000018
vt 1 0.0625
vt 1 0.0833000019
vt 0.5 0.0833000019
vt 0 0.0833000019
vt 0.5 0.0208000001
vt -0 0.0208000001
vt 0 0
vt 0.5 0
vt 1 0
vt 1 0.0208000001
vt 0.5 0.0625
vt -0 0.0625
vt -0 0.0417000018
vt 0.5 0.0417000018
vt 1 0.0417000018
vt 1 0.0625
vt 1 0.0833000019
vt 0.5 0.0833000019
vt 0 0.0833000019
vt 0.5 0.0208000001
vt -0 0.0208000001
vt 0 0
vt 0.5 0
vt 1 0
vt 1 0.0208000001
vt 0.5 0.0625
vt 0 0.0625
vt 0 0.0417000018
vt 0.5 0.0417000018
vt 1 0.0417000018
vt 1 0.0625
vt 1 0.0833000019
vt 0.5 0.0833000019
vt 0 0.0833000019
vt 0.5 0.0208000001
vt 0 0.0208000001
vt 0 0
vt 0.5 0
vt 1 0
vt 1 0.0208000001
vt 0.5 0.0625
vt 0 0.0625
vt 0 0.0417000018
vt 0.5 0.0417000018
vt 1 0.0417000018
vt 1 0.0625
vt 1 0.0833000019
vt 0.5 0.0833000019
vt 0 0.0833000019
vt 0.5 0.0208000001
vt 0 0.0208000001
vt 0 0
vt 0.5 0
vt 1 0
vt 1 0.0208000001
vt 0.5 0.0625
vt 1 0.0625
vt 1 0.0833000019
vt 0.5 0.0833000019
vt -0 0.0833000019
vt -0 0.0625
vt -0 0.0417000018
vt 0.5 0.0417000018
vt 1 0.0417000018
vt 0.5 0.0208000001
vt 1 0.0208000001
vt -0 0.0208000001
vt 0 0
vt 0.5 0
vt 1 0
vt 0.5 0.0625
vt -0 0.0625
vt -0 0.0417000018
vt 0.5 0.0417000018
vt 1 0.0417000018
vt 1 0.0625
vt 1 0.0833000019
vt 0.5 0.0833000019
vt 0 0.0833000019
vt 0.5 0.0208000001
vt -0 0.0208000001
vt 0 0
vt 0.5 0
vt 1 0
vt 1 0.0208000001
vt 0.5 0.0625
vt 0 0.0625
vt 0 0.0417000018
vt 0.5 0.0417000018
vt 1 0.0417000018
vt 1 0.0625
vt 1 0.0833000019
vt 0.5 0.0833000019
vt 0 0.0833000019
vt 0.5 0.0208000001
vt 0 0.0208000001
vt 0 0
vt 0.5 0
vt 1 0
vt 1 0.0208000001
vt 0.5 0.0625
vt 0 0.0625
vt 0 0.0417000018
vt 0.5 0.0417000018
vt 1 0.0417000018
vt 1 0.0625
vt 1 0.0833000019
vt 0.5 0.0833000019
vt 0 0.0833000019
vt 0.5 0.0208000001
vt 0 0.0208000001
vt 0 0
vt 0.5 0
vt 1 0
vt 1 0.0208000001
vt 0.5 0.0625
vt 0 0.0625
vt 0 0.0417000018
vt 0.5 0.0417000018
vt 1 0.0417000018
vt 1 0.0625
vt 1 0.0833000019
vt 0.5 0.0833000019
vt 0 0.0833000019
vt 0.5 0.0208000001
vt 0 0.0208000001
vt 0 0
vt 0.5 0
vt 1 0
vt 1 0.0208000001
vt 0.5 0.0625
vt 0 0.0625
vt 0 0.0417000018
vt 0.5 0.0417000018
vt 1 0.0417000018
vt 1 0.0625
vt 1 0.0833000019
vt 0.5 0.0833000019
vt 0 0.0833000019
vt 0.5 0.0208000001
vt 0 0.0208000001
vt 0 0
vt 0.5 0
vt 1 0
vt 1 0.0208000001
vt 0.5 0.0625
vt 0.5 0.0417000018
vt 1 0.0417000018
vt 1 0.0625
vt 1 0.0833000019
vt 0.5 0.0833000019
vt 0.5 0.0208000001
vt 0.5 0
vt 1 0
vt 1 0.0208000001
vt 0.175799996 0.367199987
vt 0.318599999 0.367199987
vt 0.325700015 0.369800001
vt 0.179700002 0.369800001
vt -0 0.369800001
vt -0 0.367199987
vt -0 0.364600003
vt 0.171900004 0.364600003
vt 0.311500013 0.364600003
vt 0.875 0.367199987
vt 0.75 0.367199987
vt 0.75 0.364600003
vt 0.875 0.364600003
vt 1 0.364600003
vt 1 0.367199987
vt 1 0.369800001
vt 0.875 0.369800001
vt 0.75 0.369800001
vt 0.625 0.367199987
vt 0.468800008 0.367199987
vt 0.468800008 0.364600003
vt 0.625 0.364600003
vt 0.625 0.369800001
vt 0.468800008 0.369800001
vt 0.25 0.367199987
vt 0.25 0.369800001
vt 0 0.369800001
vt -0 0.367199987
vt -0 0.364600003
vt 0.25 0.364600003
vt 0.625 0.391900003
vt 0.75 0.391900003
vt 0.75 0.390599996
vt 0.625 0.390599996
vt 0.5 0.390599996
vt 0.5 0.391900003
vt 0.5 0.39320001
vt 0.625 0.39320001
vt 0.75 0.39320001
vt 0.25 0.391900003
vt 0.5 0.391900003
vt 0.5 0.39320001
vt 0.25 0.39320001
vt 0 0.39320001
vt 0 0.391900003
vt 0 0.390599996
vt 0.25 0.390599996
vt 0.5 0.390599996
vt 0.75 0.391900003
vt 0.5 0.391900003
vt 0.5 0.39320001
vt 0.75 0.39320001
vt 1 0.39320001
vt 1 0.391900003
vt 1 0.390599996
vt 0.75 0.390599996
vt 0.5 0.390599996
vt 0.25 0.391900003
vt 0 0.391900003
vt 0 0.39320001
vt 0.25 0.39320001
vt 0.25 0.390599996
vt 0 0.390599996
vt 0.25 0.391900003
vt 0.25 0.39320001
vt 0 0.39320001
vt -0 0.391900003
vt -0 0.390599996
vt 0.25 0.390599996
vt 0.5 0.391900003
vt -0 0.391900003
vt -0 0.390599996
vt 0.5 0.390599996
vt 1 0.390599996
vt 1 0.391900003
vt 1 0.39320001
vt 0.5 0.39320001
vt 0 0.39320001
vt 0.5 0.391900003
vt 0 0.391900003
vt 0 0.390599996
vt 0.5 0.390599996
vt 1 0.390599996
vt 1 0.391900003
vt 1 0.39320001
vt 0.5 0.39320001
vt 0 0.39320001
vt 0.5 0.391900003
vt -0 0.391900003
vt -0 0.390599996
vt 0.5 0.390599996
vt 1 0.390599996
vt 1 0.391900003
vt 1 0.39320001
vt 0.5 0.39320001
vt -0 0.39320001
vt 0.5 0.391900003
vt 0 0.391900003
vt 0 0.390599996
vt 0.5 0.390599996
vt 1 0.390599996
vt 1 0.391900003
vt 1 0.39320001
vt 0.5 0.39320001
vt 0 0.39320001
vt 0.5 0.391900003
vt 1 0.391900003
vt 1 0.39320001
vt 0.5 0.39320001
vt -0 0.39320001
vt -0 0.391900003
vt -0 0.390599996
vt 0.5 0.390599996
vt 1 0.390599996
vt 0.5 0.391900003
vt 0 0.391900003
vt 0 0.390599996
vt 0.5 0.390599996
vt 1 0.390599996
vt 1 0.391900003
vt 1 0.39320001
vt 0.5 0.39320001
vt 0 0.39320001
vt 0.5 0.391900003
vt -0 0.391900003
vt -0 0.390599996
vt 0.5 0.390599996
vt 1 0.390599996
vt 1 0.391900003
vt 1 0.39320001
vt 0.5 0.39320001
vt -0 0.39320001
vt 0.5 0.391900003
vt 1 0.391900003
vt 1 0.39320001
vt 0.5 0.39320001
vt -0 0.39320001
vt -0 0.391900003
vt -0 0.390599996
vt 0.5 0.390599996
vt 1 0.390599996
vt 0.5 0.391900003
vt 0 0.391900003
vt 0 0.390599996
vt 0.5 0.390599996
vt 1 0.390599996
vt 1 0.391900003
vt 1 0.39320001
vt 0.5 0.39320001
vt 0 0.39320001
vt 0.5 0.391900003
vt -0 0.391900003
vt -0 0.390599996
vt 0.5 0.390599996
vt 1 0.390599996
vt 1 0.391900003
vt 1 0.39320001
vt 0.5 0.39320001
vt 0 0.39320001
vt 0.5 0.391900003
vt 0.5 0.390599996
vt 1 0.390599996
vt 1 0.391900003
vt 1 0.39320001
vt 0.5 0.39320001
vt 0.395500004 0.367199987
vt 0.404300004 0.369800001
vt 0.386700004 0.364600003
vt 0.644500017 0.0208000001
vt 0.593699992 -0
vt 0.5625 -0
vt 0.617200017 0.0208000001
vt 0.671899974 0.0417000018
vt 0.695299983 0.0417000018
vt 0.718699992 0.0417000018
vt 0.671899974 0.0208000001
vt 0.628899992 0.00520000001
vt 0.746100008 0.0625
vt 0.726599991 0.0625
vt 0.781199992 0.0833000019
vt 0.796899974 0.0833000019
vt 0.8125 0.0833000019
vt 0.765600026 0.0625
vt 0.796899974 0.391900003
vt 0.796899974 0.39320001
vt 0.808600008 0.39289999
vt 0.8125 0.391900003
vt 0.8125 0.390599996
vt 0.796899974 0.390599996
vt 0.781199992 0.390599996
vt 0.781199992 0.391900003
vt 0.781199992 0.39320001
vn -0.0694999993 0.325399995 0.943000019
vn -0.0741999969 0.340999991 0.937099993
vn -0.0728999972 0.350499988 0.933700025
vn -0.0707999989 0.347200006 0.935100019
vn -0.0683000013 0.336800009 0.939100027
vn -0.0680999979 0.326299995 0.942799985
vn -0.067400001 0.296700001 0.952499986
vn -0.0710999966 0.324699998 0.943099976
vn -0.0760999992 0.334800005 0.939199984
vn -0.0830999985 0.34830001 0.933700025
vn -0.0996000022 0.353399992 0.930100024
vn -0.0935999975 0.363999993 0.926599979
vn -0.0800999999 0.35589999 0.931100011
vn -0.0870999992 0.33829999 0.936999977
vn -0.107699998 0.337399989 0.935100019
vn 0.391799986 -0.315100014 0.864400029
vn 0.385199994 -0.325199991 0.863600016
vn -0.0274 0.532899976 0.845700026
vn -0.0489000008 0.545300007 0.836799979
vn -0.107900001 0.556699991 0.823599994
vn 0.274500012 -0.0270000007 0.961199999
vn 0.465799987 -0.882600009 0.063000001
vn 0.466300011 -0.879199982 0.0976999998
vn 0.454600006 -0.878300011 0.148300007
vn 0.459899992 -0.883000016 0.0932999998
vn 0.450899988 -0.880599976 0.145600006
vn 0.461299986 -0.885200024 0.0601000004
vn 0.458099991 -0.886200011 0.0684999973
vn 0.457300007 -0.884299994 0.0935000032
vn 0.448599994 -0.881600022 0.146500006
vn -0.075000003 0.581099987 0.810299993
vn -0.0860000029 0.565199971 0.820500016
vn -0.107900001 0.556699991 0.823599994
vn -0.0489000008 0.545300007 0.836799979
vn -0.0274 0.532899976 0.845700026
vn -0.0627999976 0.584699988 0.808799982
vn -0.0665000007 0.589699984 0.804899991
vn -0.0768999979 0.586199999 0.806500018
vn -0.0833000019 0.565400004 0.820599973
vn -0.364399999 0.690100014 0.625199974
vn -0.665000021 0.704900026 0.246700004
vn -0.640600026 0.724399984 0.254799992
vn -0.355599999 0.686600029 0.63410002
vn 0.0489999987 0.47420001 0.879100025
vn 0.0467999987 0.496399999 0.86680001
vn 0.0370000005 0.51730001 0.855000019
vn -0.402799994 0.677299976 0.61559999
vn -0.725300014 0.649699986 0.227599993
vn -0.653199971 0.711499989 0.25909999
vn -0.651000023 0.71329999 0.25940001
vn -0.633400023 0.726000011 0.2676
vn -0.634199977 0.725899994 0.266200006
vn -0.711399972 0.660300016 0.240400001
vn -0.713699996 0.658399999 0.238900006
vn -0.065200001 -0.906700015 0.416700006
vn -0.063500002 -0.906899989 0.416500002
vn -0.0324999988 -0.926299989 0.37529999
vn -0.0350000001 -0.926199973 0.375400007
vn -0.0362000018 -0.926299989 0.374900013
vn -0.0650999993 -0.907299995 0.415399998
vn -0.0961000025 -0.894900024 0.435799986
vn -0.0980999991 -0.894599974 0.43599999
vn -0.0982000008 -0.894500017 0.43599999
vn -0.0335000008 -0.240999997 0.969900012
vn 0.0248000007 0.63380003 0.773000002
vn 0.0242999997 0.626999974 0.778599977
vn -0.00760000013 -0.270200014 0.962800026
vn -0.0584000014 -0.232999995 0.970700026
vn 0.0295000002 0.626399994 0.778999984
vn -0.799199998 0.560000002 0.2183
vn -0.810100019 0.548600018 0.206599995
vn -0.898800015 0.386000007 0.207599998
vn -0.893999994 0.393000007 0.215100005
vn -0.903400004 0.369599998 0.217099994
vn -0.806699991 0.549700022 0.216999993
vn -0.713699996 0.658399999 0.238900006
vn -0.711399972 0.660300016 0.240400001
vn -0.725300014 0.649699986 0.227599993
vn -0.455500007 0.639100015 0.619599998
vn 0.0406999998 0.525600016 0.849799991
vn 0.0568999983 0.525900006 0.84859997
vn -0.507700026 0.567700028 0.648000002
vn -0.402799994 0.677299976 0.61559999
vn 0.0370000005 0.51730001 0.855000019
vn -0.95539999 0.171900004 0.239999995
vn -0.95599997 0.171700001 0.237800002
vn -0.956200004 -0.0555000007 0.287299991
vn -0.955900013 -0.0614 0.287
vn -0.950500011 -0.0970000029 0.294999987
vn -0.959299982 0.139899999 0.245199993
vn -0.551900029 0.463200003 0.693400025
vn 0.0714000016 0.528699994 0.845799983
vn 0.063500002 0.531499982 0.844699979
vn -0.57889998 0.337500006 0.742299974
vn 0.431699991 -0.885299981 0.172399998
vn 0.432700008 -0.884800017 0.172900006
vn 0.430200011 -0.885999978 0.172999993
vn 0.4111 -0.89230001 0.186299995
vn 0.412499994 -0.891799986 0.185599998
vn 0.413500011 -0.89139998 0.185499996
vn 0.368800014 -0.326799989 0.870199978
vn -0.0156999994 0.531000018 0.847199976
vn 0.360700011 -0.335700005 0.870100021
vn 0.00159999996 0.522499979 0.852599978
vn 0.350300014 -0.343899995 0.871200025
vn 0.392800003 -0.896899998 0.203099996
vn 0.356000006 -0.908599973 0.218400002
vn 0.324600011 -0.356400013 0.876100004
vn 0.0333999991 0.495799989 0.867799997
vn 0.0197000001 0.508400023 0.860899985
vn 0.00159999996 0.522499979 0.852599978
vn 0.360700011 -0.335700005 0.870100021
vn 0.413500011 -0.89139998 0.185499996
vn 0.391400009 -0.897499979 0.203299999
vn 0.389400005 -0.898100019 0.204300001
vn 0.353599995 -0.909399986 0.218799993
vn 0.355599999 -0.908699989 0.218400002
vn 0.412499994 -0.891799986 0.185599998
vn 0.4111 -0.89230001 0.186299995
vn 0.279000014 -0.372700006 0.88499999
vn 0.294800013 -0.929099977 0.223299995
vn 0.2236 -0.947399974 0.228599995
vn 0.223000005 -0.384499997 0.895699978
vn 0.0425000004 0.505599976 0.861699998
vn 0.0410000011 0.493999988 0.868499994
vn 0.0333999991 0.495799989 0.867799997
vn 0.324600011 -0.356400013 0.876100004
vn 0.356000006 -0.908599973 0.218400002
vn 0.295300007 -0.928900003 0.223199993
vn 0.29370001 -0.929400027 0.223199993
vn 0.222499996 -0.947700024 0.228799999
vn 0.223499998 -0.94749999 0.228599995
vn 0.355599999 -0.908699989 0.218400002
vn 0.353599995 -0.909399986 0.218799993
vn 0.172900006 -0.381300002 0.908100009
vn 0.164000005 -0.956099987 0.242799997
vn 0.110299997 -0.959299982 0.259799987
vn 0.124700002 -0.367900014 0.921400011
vn 0.0340000018 0.550400019 0.834200025
vn 0.0394000001 0.52700001 0.84890002
vn 0.0425000004 0.505599976 0.861699998
vn 0.223000005 -0.384499997 0.895699978
vn 0.2236 -0.947399974 0.228599995
vn 0.163299993 -0.956200004 0.242799997
vn 0.161799997 -0.956399977 0.243200004
vn 0.107699998 -0.959500015 0.260199994
vn 0.1096 -0.959399998 0.259799987
vn 0.223499998 -0.94749999 0.228599995
vn 0.222499996 -0.947700024 0.228799999
vn 0.0807999969 -0.354600012 0.931500018
vn 0.0628999993 -0.959100008 0.27579999
vn 0.0293000005 -0.954100013 0.297899991
vn 0.0494999997 -0.334699988 0.940999985
vn 0.0282000005 0.58859998 0.807900012
vn 0.0300999992 0.569800019 0.821200013
vn 0.0340000018 0.550400019 0.834200025
vn 0.124700002 -0.367900014 0.921400011
vn 0.110299997 -0.959299982 0.259799987
vn 0.0621000007 -0.959200025 0.27579999
vn 0.0606999993 -0.959200025 0.276199996
vn 0.0265999995 -0.954100013 0.298200011
vn 0.0277999993 -0.954200029 0.297899991
vn 0.1096 -0.959399998 0.259799987
vn 0.107699998 -0.959500015 0.260199994
vn 0.0210999995 -0.303799987 0.952499986
vn 0.0264999997 0.609499991 0.792299986
vn 0.0282000005 0.58859998 0.807900012
vn 0.0494999997 -0.334699988 0.940999985
vn 0.0293000005 -0.954100013 0.297899991
vn -0.00139999995 -0.943300009 0.331800014
vn -0.0324999988 -0.926299989 0.37529999
vn -0.00760000013 -0.270200014 0.962800026
vn 0.0242999997 0.626999974 0.778599977
vn -0.0037 -0.943300009 0.331800014
vn 0.0277999993 -0.954200029 0.297899991
vn 0.0265999995 -0.954100013 0.298200011
vn -0.00520000001 -0.943300009 0.331900001
vn -0.0362000018 -0.926299989 0.374900013
vn -0.0350000001 -0.926199973 0.375400007
vn -0.0822999999 -0.248300001 0.96509999
vn -0.132100001 -0.894299984 0.427399993
vn -0.166999996 -0.893000007 0.417800009
vn -0.108599998 -0.259200007 0.959699988
vn 0.0348999985 0.591000021 0.805899978
vn 0.0333000012 0.60799998 0.793200016
vn 0.0295000002 0.626399994 0.778999984
vn -0.0584000014 -0.232999995 0.970700026
vn -0.0982000008 -0.894500017 0.43599999
vn -0.130799994 -0.894400001 0.427599996
vn -0.127800003 -0.894200027 0.42899999
vn -0.164000005 -0.892499983 0.42019999
vn -0.166999996 -0.891900003 0.420300007
vn -0.0980999991 -0.894599974 0.43599999
vn -0.0961000025 -0.894900024 0.435799986
vn -0.136800006 -0.250999987 0.958299994
vn -0.207200006 -0.878899992 0.429500014
vn -0.246299997 -0.862900019 0.441100001
vn -0.163299993 -0.239999995 0.956900001
vn 0.0428999998 0.584699988 0.810100019
vn 0.0377999991 0.584100008 0.810800016
vn 0.0348999985 0.591000021 0.805899978
vn -0.108599998 -0.259200007 0.959699988
vn -0.166999996 -0.893000007 0.417800009
vn -0.208499998 -0.875100017 0.4366
vn -0.206900001 -0.875800014 0.43599999
vn -0.245399997 -0.85619998 0.454600006
vn -0.2465 -0.856599987 0.453200012
vn -0.166999996 -0.891900003 0.420300007
vn -0.164000005 -0.892499983 0.42019999
vn -0.191200003 -0.236900002 0.952499986
vn -0.284099996 -0.856700003 0.430400014
vn -0.322899997 -0.852599978 0.41080001
vn -0.221900001 -0.238900006 0.945299983
vn 0.0487000011 0.579999983 0.81309998
vn 0.0476000011 0.585500002 0.809300005
vn 0.0428999998 0.584699988 0.810100019
vn -0.163299993 -0.239999995 0.956900001
vn -0.246299997 -0.862900019 0.441100001
vn -0.282999992 -0.8495 0.445300013
vn -0.280699998 -0.848699987 0.448300004
vn -0.319900006 -0.844699979 0.429100007
vn -0.3222 -0.845300019 0.426200002
vn -0.2465 -0.856599987 0.453200012
vn -0.245399997 -0.85619998 0.454600006
vn -0.254299998 -0.236100003 0.93779999
vn -0.363999993 -0.84009999 0.402099997
vn -0.424199998 -0.809800029 0.405200005
vn -0.299800009 -0.218700007 0.928600013
vn 0.0328000002 0.536599994 0.843200028
vn 0.0441999994 0.564100027 0.824500024
vn 0.0487000011 0.579999983 0.81309998
vn -0.221900001 -0.238900006 0.945299983
vn -0.322899997 -0.852599978 0.41080001
vn -0.364100009 -0.833500028 0.415499985
vn -0.361999989 -0.833400011 0.417600006
vn -0.42050001 -0.806800008 0.414999992
vn -0.424699992 -0.805199981 0.413800001
vn -0.3222 -0.845300019 0.426200002
vn -0.319900006 -0.844699979 0.429100007
vn -0.366100013 -0.180700004 0.912800014
vn -0.514400005 -0.751999974 0.412099987
vn -0.660899997 -0.630500019 0.407000005
vn -0.461299986 -0.0703999996 0.88440001
vn 0.00380000006 0.50150001 0.865100026
vn 0.0137 0.506200016 0.862299979
vn 0.0328000002 0.536599994 0.843200028
vn -0.299800009 -0.218700007 0.928600013
vn -0.424199998 -0.809800029 0.405200005
vn -0.514599979 -0.750800014 0.414000005
vn -0.506299973 -0.756200016 0.414400011
vn -0.637700021 -0.654500008 0.405999988
vn -0.658699989 -0.634800017 0.403899997
vn -0.424699992 -0.805199981 0.413800001
vn -0.42050001 -0.806800008 0.414999992
vn -0.546700001 0.159799993 0.82190001
vn -0.860000014 -0.360000014 0.361699998
vn 0.0300999992 0.522700012 0.851999998
vn 0.00380000006 0.50150001 0.865100026
vn -0.461299986 -0.0703999996 0.88440001
vn -0.660899997 -0.630500019 0.407000005
vn -0.857299984 -0.368999988 0.358900011
vn -0.829299986 -0.42050001 0.368099988
vn -0.658699989 -0.634800017 0.403899997
vn -0.637700021 -0.654500008 0.405999988
vn -0.125400007 0.373800009 0.91900003
vn -0.1303 0.368900001 0.920300007
vn -0.132200003 0.375200003 0.917400002
vn -0.134800002 0.369300008 0.919499993
vn -0.134200007 0.371499985 0.91869998
vn -0.120399997 0.378800005 0.917599976
vn -0.106200002 0.386400014 0.916199982
vn -0.107799999 0.384499997 0.916800022
vn -0.111400001 0.378899992 0.91869998
vn -0.0970000029 0.412900001 0.905600011
vn -0.0978000015 0.415399998 0.904399991
vn -0.0819000006 0.454400003 0.887000024
vn -0.0843999982 0.449999988 0.888999999
vn -0.0855000019 0.44749999 0.890200019
vn -0.0966999978 0.409700006 0.907100022
vn -0.111400001 0.378899992 0.91869998
vn -0.107799999 0.384499997 0.916800022
vn -0.106200002 0.386400014 0.916199982
vn -0.0675999969 0.472299993 0.878799975
vn -0.0662999973 0.47330001 0.878400028
vn -0.0710000023 0.484699994 0.871800005
vn -0.0675000027 0.486299992 0.871200025
vn -0.0644000024 0.487699986 0.870599985
vn -0.0692000017 0.471100003 0.879400015
vn -0.0873000026 0.523100019 0.847800016
vn -0.0766000003 0.524399996 0.84799999
vn -0.0966000035 0.520500004 0.848399997
vn -0.107900001 0.556699991 0.823599994
vn -0.0860000029 0.565199971 0.820500016
vn -0.0833000019 0.565400004 0.820599973
vn 0.0843999982 0.463400006 0.882099986
vn 0.0467999987 0.496399999 0.86680001
vn 0.0489999987 0.47420001 0.879100025
vn 0.0900000036 0.448000014 0.889500022
vn 0.0953999981 0.440699995 0.8926
vn 0.0851000026 0.461699992 0.8829
vn 0.079400003 0.498199999 0.863399982
vn 0.0753000006 0.493999988 0.866100013
vn 0.0370000005 0.51730001 0.855000019
vn 0.0286999997 0.675599992 0.736699998
vn 0.0295000002 0.680000007 0.732500017
vn 0.0294000003 0.671700001 0.740199983
vn 0.0280000009 0.666999996 0.744499981
vn 0.0242999997 0.626999974 0.778599977
vn 0.0248000007 0.63380003 0.773000002
vn 0.0295000002 0.626399994 0.778999984
vn 0.0335000008 0.670700014 0.740999997
vn 0.0333999991 0.674899995 0.737100005
vn 0.0824000016 0.516200006 0.852500021
vn 0.0894000009 0.520399988 0.84920001
vn 0.1083 0.528599977 0.841899991
vn 0.101499997 0.524200022 0.845499992
vn 0.0568999983 0.525900006 0.84859997
vn 0.0406999998 0.525600016 0.849799991
vn 0.0370000005 0.51730001 0.855000019
vn 0.0753000006 0.493999988 0.866100013
vn 0.079400003 0.498199999 0.863399982
vn 0.116800003 0.528599977 0.840799987
vn 0.121699996 0.530499995 0.83890003
vn 0.117299996 0.525300026 0.842800021
vn 0.108999997 0.52670002 0.842999995
vn 0.063500002 0.531499982 0.844699979
vn 0.0714000016 0.528699994 0.845799983
vn -0.0491000004 0.581399977 0.812099993
vn -0.0527999997 0.586000025 0.808600008
vn -0.0156999994 0.531000018 0.847199976
vn 0.00159999996 0.522499979 0.852599978
vn -0.0310999993 0.573499978 0.818599999
vn -0.0351999998 0.577799976 0.815400004
vn -0.0119000003 0.561100006 0.827600002
vn 0.0197000001 0.508400023 0.860899985
vn 0.0333999991 0.495799989 0.867799997
vn 0.00579999993 0.550400019 0.834800005
vn 0.00249999994 0.555700004 0.83130002
vn -0.0160000008 0.565699995 0.824500024
vn -0.0351999998 0.577799976 0.815400004
vn -0.0310999993 0.573499978 0.818599999
vn 0.00159999996 0.522499979 0.852599978
vn 0.0198999997 0.549700022 0.835099995
vn 0.0410000011 0.493999988 0.868499994
vn 0.0425000004 0.505599976 0.861699998
vn 0.0280000009 0.561699986 0.826799989
vn 0.0273000002 0.567300022 0.823000014
vn 0.0177999996 0.555499971 0.83130002
vn 0.00249999994 0.555700004 0.83130002
vn 0.00579999993 0.550400019 0.834800005
vn 0.0333999991 0.495799989 0.867799997
vn 0.0295000002 0.582199991 0.8125
vn 0.0394000001 0.52700001 0.84890002
vn 0.0340000018 0.550400019 0.834200025
vn 0.0277999993 0.602699995 0.797500014
vn 0.0281000007 0.608799994 0.792800009
vn 0.0296999998 0.588199973 0.808200002
vn 0.0273000002 0.567300022 0.823000014
vn 0.0280000009 0.561699986 0.826799989
vn 0.0425000004 0.505599976 0.861699998
vn 0.0271000005 0.618499994 0.785300016
vn 0.0300999992 0.569800019 0.821200013
vn 0.0282000005 0.58859998 0.807900012
vn 0.0283000004 0.633300006 0.773400009
vn 0.0296 0.638400018 0.76910001
vn 0.0276999995 0.624000013 0.780900002
vn 0.0281000007 0.608799994 0.792800009
vn 0.0277999993 0.602699995 0.797500014
vn 0.0340000018 0.550400019 0.834200025
vn 0.0291000009 0.650699973 0.75880003
vn 0.0309999995 0.655600011 0.754400015
vn 0.0296 0.638400018 0.76910001
vn 0.0283000004 0.633300006 0.773400009
vn 0.0282000005 0.58859998 0.807900012
vn 0.0264999997 0.609499991 0.792299986
vn 0.0242999997 0.626999974 0.778599977
vn 0.0280000009 0.666999996 0.744499981
vn 0.0294000003 0.671700001 0.740199983
vn 0.0383000001 0.653800011 0.755699992
vn 0.0333000012 0.60799998 0.793200016
vn 0.0348999985 0.591000021 0.805899978
vn 0.0430000015 0.637000024 0.769599974
vn 0.0430999994 0.641900003 0.765600026
vn 0.0375000015 0.658299983 0.751800001
vn 0.0333999991 0.674899995 0.737100005
vn 0.0335000008 0.670700014 0.740999997
vn 0.0295000002 0.626399994 0.778999984
vn 0.0502000004 0.630500019 0.774600029
vn 0.0377999991 0.584100008 0.810800016
vn 0.0428999998 0.584699988 0.810100019
vn 0.0584000014 0.631399989 0.773199975
vn 0.0604000017 0.636200011 0.76910001
vn 0.0516000018 0.635299981 0.770500004
vn 0.0430999994 0.641900003 0.765600026
vn 0.0430000015 0.637000024 0.769599974
vn 0.0348999985 0.591000021 0.805899978
vn 0.0649000034 0.631900012 0.772300005
vn 0.0666999966 0.636799991 0.768100023
vn 0.0604000017 0.636200011 0.76910001
vn 0.0584000014 0.631399989 0.773199975
vn 0.0428999998 0.584699988 0.810100019
vn 0.0476000011 0.585500002 0.809300005
vn 0.0487000011 0.579999983 0.81309998
vn 0.0667999983 0.625800014 0.777100027
vn 0.0680999979 0.630800009 0.772899985
vn 0.063000001 0.609200001 0.790400028
vn 0.0441999994 0.564100027 0.824500024
vn 0.0328000002 0.536599994 0.843200028
vn 0.0529999994 0.58160001 0.811699986
vn 0.0533000007 0.587700009 0.807299972
vn 0.0637999997 0.614899993 0.786000013
vn 0.0680999979 0.630800009 0.772899985
vn 0.0667999983 0.625800014 0.777100027
vn 0.0487000011 0.579999983 0.81309998
vn 0.0397000015 0.550000012 0.834200025
vn 0.0137 0.506200016 0.862299979
vn 0.00380000006 0.50150001 0.865100026
vn 0.0423000008 0.531599998 0.845899999
vn 0.0493000001 0.530700028 0.846099973
vn 0.0403999984 0.554799974 0.83099997
vn 0.0533000007 0.587700009 0.807299972
vn 0.0529999994 0.58160001 0.811699986
vn 0.0328000002 0.536599994 0.843200028
vn 0.0750999972 0.526199996 0.847000003
vn 0.0300999992 0.522700012 0.851999998
vn 0.0861999989 0.51910001 0.850300014
vn 0.0493000001 0.530700028 0.846099973
vn 0.0423000008 0.531599998 0.845899999
vn 0.00380000006 0.50150001 0.865100026
vn -0.122100003 0.360900015 0.924600005
vn -0.114200003 0.374500006 0.920099974
vn -0.129199997 0.351999998 0.926999986
vn -0.637899995 0.724699974 0.260399997
vn -0.634199977 0.725899994 0.266200006
vn -0.633400023 0.726000011 0.2676
vn -0.638599992 0.723100007 0.263099998
vn -0.642400026 0.722199976 0.256500006
vn -0.640699983 0.725000024 0.252600014
vn -0.640200019 0.727400005 0.246999994
vn -0.638999999 0.726700008 0.251899987
vn -0.640600026 0.724399984 0.254799992
vn -0.375400007 0.687600017 0.621500015
vn -0.355599999 0.686600029 0.63410002
vn -0.406800002 0.69749999 0.589900017
vn -0.0207000002 0.496899992 0.867500007
vn 0.0186000001 0.477800012 0.878300011
vn 0.0489999987 0.47420001 0.879100025
vn 0.0702999979 0.45660001 0.886900008
vn 0.0428000018 0.468400002 0.882399976
vn 0.0626000017 0.472200006 0.879199982
vn 0.0854000002 0.453200012 0.887300014
vn 0.0953999981 0.440699995 0.8926
vn 0.0900000036 0.448000014 0.889500022
vn 0.0489999987 0.47420001 0.879100025
vn 0.0186000001 0.477800012 0.878300011
vn -0.0207000002 0.496899992 0.867500007
vn -0.0694999993 0.325300008 -0.943000019
vn -0.0707999989 0.347200006 -0.935100019
vn -0.0728999972 0.350499988 -0.933700025
vn -0.0741999969 0.340999991 -0.937099993
vn -0.0760999992 0.334800005 -0.939199984
vn -0.0710999966 0.324699998 -0.943099976
vn -0.067400001 0.296700001 -0.952600002
vn -0.0680999979 0.326200008 -0.942799985
vn -0.0683000013 0.336800009 -0.939100027
vn -0.0830999985 0.34830001 -0.933700025
vn -0.0800999999 0.35589999 -0.931100011
vn -0.0935999975 0.364100009 -0.926599979
vn -0.0996000022 0.353399992 -0.930100024
vn -0.107699998 0.337399989 -0.935100019
vn -0.0870999992 0.33829999 -0.936999977
vn 0.391799986 -0.315100014 -0.864400029
vn -0.0489000008 0.545300007 -0.836799979
vn -0.0273000002 0.532899976 -0.845700026
vn 0.385199994 -0.325199991 -0.863600016
vn 0.454600006 -0.878300011 -0.148300007
vn 0.466300011 -0.879199982 -0.0976999998
vn 0.465799987 -0.882600009 -0.063000001
vn 0.274500012 -0.0270000007 -0.961199999
vn -0.107900001 0.556699991 -0.823599994
vn 0.459899992 -0.883000016 -0.0932999998
vn 0.450899988 -0.880599976 -0.145600006
vn 0.448599994 -0.881600022 -0.146500006
vn 0.457300007 -0.884299994 -0.0935000032
vn 0.458099991 -0.886200011 -0.0684999973
vn 0.461299986 -0.885200024 -0.0601000004
vn -0.075000003 0.581099987 -0.810299993
vn -0.0489000008 0.545300007 -0.836799979
vn -0.107900001 0.556699991 -0.823599994
vn -0.0860000029 0.565199971 -0.820500016
vn -0.0833000019 0.565400004 -0.820599973
vn -0.0768999979 0.586199999 -0.806500018
vn -0.0665000007 0.589699984 -0.804899991
vn -0.0627999976 0.584699988 -0.808799982
vn -0.0273000002 0.532899976 -0.845700026
vn -0.364399999 0.690100014 -0.625199974
vn -0.355599999 0.686600029 -0.63410002
vn -0.640600026 0.724399984 -0.254900008
vn -0.665000021 0.704900026 -0.246700004
vn -0.725300014 0.649699986 -0.227599993
vn -0.402799994 0.677299976 -0.61559999
vn 0.0370000005 0.51730001 -0.855000019
vn 0.0467999987 0.496399999 -0.86680001
vn 0.0489999987 0.47420001 -0.879100025
vn -0.653199971 0.711499989 -0.25909999
vn -0.634199977 0.725899994 -0.266200006
vn -0.633400023 0.726000011 -0.2676
vn -0.651000023 0.71329999 -0.25940001
vn -0.713699996 0.658399999 -0.238900006
vn -0.711399972 0.660300016 -0.240400001
vn -0.065200001 -0.906700015 -0.416700006
vn -0.0350000001 -0.926199973 -0.375400007
vn -0.0324999988 -0.926299989 -0.37529999
vn -0.063500002 -0.906899989 -0.416599989
vn -0.0982000008 -0.894500017 -0.43599999
vn -0.0980999991 -0.894599974 -0.43599999
vn -0.0961000025 -0.894900024 -0.435799986
vn -0.0650999993 -0.907299995 -0.415399998
vn -0.0362000018 -0.926299989 -0.374900013
vn -0.0335000008 -0.240999997 -0.969900012
vn -0.00760000013 -0.270200014 -0.962800026
vn 0.0242999997 0.626999974 -0.778599977
vn 0.0248000007 0.63380003 -0.773000002
vn 0.0295000002 0.626399994 -0.778999984
vn -0.0584000014 -0.232999995 -0.970700026
vn -0.799199998 0.560000002 -0.2183
vn -0.893999994 0.393000007 -0.215100005
vn -0.898800015 0.386000007 -0.207599998
vn -0.810100019 0.548600018 -0.206599995
vn -0.725300014 0.649699986 -0.227599993
vn -0.711399972 0.660300016 -0.240400001
vn -0.713699996 0.658399999 -0.238900006
vn -0.806699991 0.549700022 -0.216999993
vn -0.903400004 0.369599998 -0.217099994
vn -0.455599993 0.639100015 -0.619599998
vn -0.507700026 0.567600012 -0.648000002
vn 0.0568999983 0.525900006 -0.84859997
vn 0.0406999998 0.525600016 -0.849799991
vn 0.0370000005 0.51730001 -0.855000019
vn -0.402799994 0.677299976 -0.61559999
vn -0.95539999 0.171900004 -0.239999995
vn -0.955900013 -0.0614 -0.287
vn -0.956200004 -0.0555000007 -0.287299991
vn -0.95599997 0.171700001 -0.237800002
vn -0.959299982 0.139899999 -0.245199993
vn -0.950500011 -0.0970000029 -0.294999987
vn -0.551900029 0.463200003 -0.693400025
vn -0.57889998 0.337500006 -0.742299974
vn 0.063500002 0.531499982 -0.844699979
vn 0.0714000016 0.528699994 -0.845799983
vn 0.431699991 -0.885299981 -0.172399998
vn 0.432700008 -0.884800017 -0.172900006
vn 0.413500011 -0.89139998 -0.185499996
vn 0.412600011 -0.891799986 -0.185599998
vn 0.4111 -0.89230001 -0.186299995
vn 0.430200011 -0.885999978 -0.172999993
vn 0.368800014 -0.326799989 -0.870199978
vn -0.0156999994 0.531000018 -0.847199976
vn 0.00159999996 0.522499979 -0.852599978
vn 0.360700011 -0.335700005 -0.870100021
vn 0.350300014 -0.343899995 -0.871200025
vn 0.324600011 -0.356400013 -0.876100004
vn 0.356000006 -0.908599973 -0.218400002
vn 0.392800003 -0.896899998 -0.203099996
vn 0.413500011 -0.89139998 -0.185499996
vn 0.360700011 -0.335700005 -0.870100021
vn 0.00159999996 0.522499979 -0.852599978
vn 0.0197000001 0.508400023 -0.860899985
vn 0.0333999991 0.495799989 -0.867799997
vn 0.391400009 -0.897499979 -0.203299999
vn 0.355599999 -0.908699989 -0.218400002
vn 0.353599995 -0.909399986 -0.218799993
vn 0.389400005 -0.898100019 -0.204300001
vn 0.4111 -0.89230001 -0.186299995
vn 0.412600011 -0.891799986 -0.185599998
vn 0.279000014 -0.372700006 -0.88499999
vn 0.223000005 -0.384499997 -0.895699978
vn 0.2236 -0.947399974 -0.228599995
vn 0.294800013 -0.929099977 -0.223299995
vn 0.356000006 -0.908599973 -0.218400002
vn 0.324600011 -0.356400013 -0.876100004
vn 0.0333999991 0.495799989 -0.867799997
vn 0.0410000011 0.493999988 -0.868499994
vn 0.0425000004 0.505599976 -0.861699998
vn 0.295300007 -0.928900003 -0.223199993
vn 0.223499998 -0.94749999 -0.228599995
vn 0.222499996 -0.947700024 -0.228799999
vn 0.29370001 -0.929400027 -0.223199993
vn 0.353599995 -0.909399986 -0.218799993
vn 0.355599999 -0.908699989 -0.218400002
vn 0.172900006 -0.381199986 -0.908100009
vn 0.124700002 -0.367900014 -0.921400011
vn 0.110299997 -0.959299982 -0.259799987
vn 0.164000005 -0.956099987 -0.242799997
vn 0.2236 -0.947399974 -0.228599995
vn 0.223000005 -0.384499997 -0.895699978
vn 0.0425000004 0.505599976 -0.861699998
vn 0.0394000001 0.52700001 -0.84890002
vn 0.0340000018 0.550400019 -0.834200025
vn 0.163299993 -0.956200004 -0.242799997
vn 0.1096 -0.959399998 -0.259799987
vn 0.107699998 -0.959500015 -0.260199994
vn 0.161799997 -0.956399977 -0.243200004
vn 0.222499996 -0.947700024 -0.228799999
vn 0.223499998 -0.94749999 -0.228599995
vn 0.0807999969 -0.354600012 -0.931500018
vn 0.0494999997 -0.334699988 -0.940999985
vn 0.0293000005 -0.954100013 -0.297800004
vn 0.0628999993 -0.959100008 -0.27579999
vn 0.110299997 -0.959299982 -0.259799987
vn 0.124700002 -0.367900014 -0.921400011
vn 0.0340000018 0.550400019 -0.834200025
vn 0.0300999992 0.569800019 -0.821200013
vn 0.0282000005 0.58859998 -0.807900012
vn 0.0621000007 -0.959200025 -0.27579999
vn 0.0277999993 -0.954200029 -0.297899991
vn 0.0265999995 -0.954100013 -0.298200011
vn 0.0606999993 -0.959200025 -0.276199996
vn 0.107699998 -0.959500015 -0.260199994
vn 0.1096 -0.959399998 -0.259799987
vn 0.0210999995 -0.303799987 -0.952499986
vn 0.0494999997 -0.334699988 -0.940999985
vn 0.0282000005 0.58859998 -0.807900012
vn 0.0264999997 0.609499991 -0.792299986
vn 0.0242999997 0.626999974 -0.778599977
vn -0.00760000013 -0.270200014 -0.962800026
vn -0.0324999988 -0.926299989 -0.37529999
vn -0.00139999995 -0.943300009 -0.331800014
vn 0.0293000005 -0.954100013 -0.297800004
vn -0.0037 -0.943300009 -0.331800014
vn 0.0277999993 -0.954200029 -0.297899991
vn -0.0350000001 -0.926199973 -0.375400007
vn -0.0362000018 -0.926299989 -0.374900013
vn -0.00520000001 -0.943300009 -0.331900001
vn 0.0265999995 -0.954100013 -0.298200011
vn -0.0822999999 -0.248300001 -0.96509999
vn -0.108599998 -0.259200007 -0.959699988
vn -0.166999996 -0.893000007 -0.417800009
vn -0.132100001 -0.894299984 -0.427399993
vn -0.0982000008 -0.894500017 -0.43599999
vn -0.0584000014 -0.232999995 -0.970700026
vn 0.0295000002 0.626399994 -0.778999984
vn 0.0333000012 0.60799998 -0.793200016
vn 0.0348999985 0.591000021 -0.805899978
vn -0.130799994 -0.894400001 -0.427599996
vn -0.166999996 -0.891900003 -0.420300007
vn -0.164000005 -0.892499983 -0.42019999
vn -0.127800003 -0.894200027 -0.42899999
vn -0.0961000025 -0.894900024 -0.435799986
vn -0.0980999991 -0.894599974 -0.43599999
vn -0.136800006 -0.250999987 -0.958299994
vn -0.163299993 -0.239999995 -0.956900001
vn -0.246299997 -0.862900019 -0.441199988
vn -0.207200006 -0.878899992 -0.429500014
vn -0.166999996 -0.893000007 -0.417800009
vn -0.108599998 -0.259200007 -0.959699988
vn 0.0348999985 0.591000021 -0.805899978
vn 0.0377999991 0.584100008 -0.810800016
vn 0.0428999998 0.584699988 -0.810100019
vn -0.208499998 -0.875100017 -0.4366
vn -0.2465 -0.856599987 -0.453200012
vn -0.245399997 -0.85619998 -0.454600006
vn -0.206900001 -0.875800014 -0.43599999
vn -0.164000005 -0.892499983 -0.42019999
vn -0.166999996 -0.891900003 -0.420300007
vn -0.191200003 -0.236900002 -0.952499986
vn -0.221900001 -0.238800004 -0.945299983
vn -0.322899997 -0.852599978 -0.41080001
vn -0.284099996 -0.856700003 -0.430400014
vn -0.246299997 -0.862900019 -0.441199988
vn -0.163299993 -0.239999995 -0.956900001
vn 0.0428999998 0.584699988 -0.810100019
vn 0.0476000011 0.585500002 -0.809300005
vn 0.0487000011 0.579999983 -0.81309998
vn -0.282999992 -0.8495 -0.445300013
vn -0.3222 -0.845300019 -0.426200002
vn -0.319900006 -0.844699979 -0.429100007
vn -0.280699998 -0.848699987 -0.448300004
vn -0.245399997 -0.85619998 -0.454600006
vn -0.2465 -0.856599987 -0.453200012
vn -0.254299998 -0.236100003 -0.93779999
vn -0.299800009 -0.218700007 -0.928600013
vn -0.424199998 -0.809800029 -0.405200005
vn -0.363999993 -0.84009999 -0.402099997
vn -0.322899997 -0.852599978 -0.41080001
vn -0.221900001 -0.238800004 -0.945299983
vn 0.0487000011 0.579999983 -0.81309998
vn 0.0441999994 0.564100027 -0.824500024
vn 0.0328000002 0.536599994 -0.843200028
vn -0.364100009 -0.833500028 -0.415499985
vn -0.424699992 -0.805199981 -0.413800001
vn -0.420599997 -0.806800008 -0.414999992
vn -0.361999989 -0.833400011 -0.417600006
vn -0.319900006 -0.844699979 -0.429100007
vn -0.3222 -0.845300019 -0.426200002
vn -0.366100013 -0.180700004 -0.912800014
vn -0.461299986 -0.0703999996 -0.88440001
vn -0.660899997 -0.630500019 -0.407000005
vn -0.514400005 -0.751999974 -0.412099987
vn -0.424199998 -0.809800029 -0.405200005
vn -0.299800009 -0.218700007 -0.928600013
vn 0.0328000002 0.536599994 -0.843200028
vn 0.0137 0.506200016 -0.862299979
vn 0.00380000006 0.50150001 -0.865100026
vn -0.514599979 -0.750800014 -0.414000005
vn -0.658699989 -0.634800017 -0.403899997
vn -0.637700021 -0.654500008 -0.405999988
vn -0.506299973 -0.756200016 -0.414400011
vn -0.420599997 -0.806800008 -0.414999992
vn -0.424699992 -0.805199981 -0.413800001
vn -0.546700001 0.159799993 -0.82190001
vn -0.860000014 -0.360000014 -0.361699998
vn -0.660899997 -0.630500019 -0.407000005
vn -0.461299986 -0.0703999996 -0.88440001
vn 0.00380000006 0.50150001 -0.865100026
vn 0.0300999992 0.522700012 -0.851999998
vn -0.857299984 -0.368999988 -0.358900011
vn -0.829299986 -0.420399994 -0.368099988
vn -0.637700021 -0.654500008 -0.405999988
vn -0.658699989 -0.634800017 -0.403899997
vn -0.125400007 0.373800009 -0.91900003
vn -0.134800002 0.369300008 -0.919499993
vn -0.132200003 0.375200003 -0.917400002
vn -0.1303 0.368900001 -0.920300007
vn -0.111400001 0.378899992 -0.91869998
vn -0.107799999 0.384499997 -0.916800022
vn -0.106200002 0.386400014 -0.916199982
vn -0.120399997 0.378800005 -0.917599976
vn -0.134200007 0.371499985 -0.91869998
vn -0.0970000029 0.412900001 -0.905600011
vn -0.0843999982 0.449999988 -0.888999999
vn -0.0819000006 0.454400003 -0.887000024
vn -0.0978000015 0.415399998 -0.904399991
vn -0.106200002 0.386400014 -0.916199982
vn -0.107799999 0.384499997 -0.916800022
vn -0.111400001 0.378899992 -0.91869998
vn -0.0966999978 0.409700006 -0.907100022
vn -0.0855000019 0.44749999 -0.890200019
vn -0.0675999969 0.472299993 -0.878799975
vn -0.0675000027 0.486299992 -0.871200025
vn -0.0710000023 0.484699994 -0.871800005
vn -0.0662999973 0.47330001 -0.878400028
vn -0.0692000017 0.471100003 -0.879400015
vn -0.0644000024 0.487699986 -0.870599985
vn -0.0873000026 0.523100019 -0.847800016
vn -0.0766000003 0.524399996 -0.84799999
vn -0.0833000019 0.565400004 -0.820599973
vn -0.0860000029 0.565199971 -0.820500016
vn -0.107900001 0.556699991 -0.823599994
vn -0.0966000035 0.520500004 -0.848399997
vn 0.0843999982 0.463400006 -0.882099986
vn 0.0900000036 0.448000014 -0.889500022
vn 0.0489999987 0.47420001 -0.879100025
vn 0.0467999987 0.496399999 -0.86680001
vn 0.0370000005 0.51730001 -0.855000019
vn 0.0753000006 0.493999988 -0.866100013
vn 0.079400003 0.498199999 -0.863399982
vn 0.0851000026 0.461699992 -0.8829
vn 0.0953999981 0.440699995 -0.8926
vn 0.0286999997 0.675599992 -0.736699998
vn 0.0280000009 0.666999996 -0.744499981
vn 0.0294000003 0.671700001 -0.740199983
vn 0.0295000002 0.680000007 -0.732500017
vn 0.0333999991 0.674899995 -0.737100005
vn 0.0335000008 0.670700014 -0.740999997
vn 0.0295000002 0.626399994 -0.778999984
vn 0.0248000007 0.63380003 -0.773000002
vn 0.0242999997 0.626999974 -0.778599977
vn 0.0824000016 0.516200006 -0.852500021
vn 0.101499997 0.524200022 -0.845499992
vn 0.1083 0.528599977 -0.841899991
vn 0.0894000009 0.520399988 -0.84920001
vn 0.079400003 0.498199999 -0.863399982
vn 0.0753000006 0.493999988 -0.866100013
vn 0.0370000005 0.51730001 -0.855000019
vn 0.0406999998 0.525600016 -0.849799991
vn 0.0568999983 0.525900006 -0.84859997
vn 0.116800003 0.528599977 -0.840799987
vn 0.108999997 0.52670002 -0.842999995
vn 0.117299996 0.525300026 -0.842800021
vn 0.121699996 0.530499995 -0.83890003
vn 0.0714000016 0.528699994 -0.845799983
vn 0.063500002 0.531499982 -0.844699979
vn -0.0491000004 0.581399977 -0.812099993
vn -0.0527999997 0.586000025 -0.808600008
vn -0.0351999998 0.577799976 -0.815400004
vn -0.0310999993 0.573499978 -0.818599999
vn 0.00159999996 0.522499979 -0.852599978
vn -0.0156999994 0.531000018 -0.847199976
vn -0.0119000003 0.561100006 -0.827600002
vn 0.00579999993 0.550400019 -0.834800005
vn 0.0333999991 0.495799989 -0.867799997
vn 0.0197000001 0.508400023 -0.860899985
vn 0.00159999996 0.522499979 -0.852599978
vn -0.0310999993 0.573499978 -0.818599999
vn -0.0351999998 0.577799976 -0.815400004
vn -0.0160000008 0.565699995 -0.824500024
vn 0.00249999994 0.555700004 -0.83130002
vn 0.0198999997 0.549700022 -0.835099995
vn 0.0280000009 0.561699986 -0.826799989
vn 0.0425000004 0.505599976 -0.861699998
vn 0.0410000011 0.493999988 -0.868499994
vn 0.0333999991 0.495799989 -0.867799997
vn 0.00579999993 0.550400019 -0.834800005
vn 0.00249999994 0.555700004 -0.83130002
vn 0.0177999996 0.555499971 -0.83130002
vn 0.0273000002 0.567300022 -0.823000014
vn 0.0295000002 0.582199991 -0.8125
vn 0.0277999993 0.602699995 -0.797500014
vn 0.0340000018 0.550400019 -0.834200025
vn 0.0394000001 0.52700001 -0.84890002
vn 0.0425000004 0.505599976 -0.861699998
vn 0.0280000009 0.561699986 -0.826799989
vn 0.0273000002 0.567300022 -0.823000014
vn 0.0296999998 0.588199973 -0.808200002
vn 0.0281000007 0.608799994 -0.792800009
vn 0.0271000005 0.618499994 -0.785300016
vn 0.0283000004 0.633300006 -0.773400009
vn 0.0282000005 0.58859998 -0.807900012
vn 0.0300999992 0.569800019 -0.821200013
vn 0.0340000018 0.550400019 -0.834200025
vn 0.0277999993 0.602699995 -0.797500014
vn 0.0281000007 0.608799994 -0.792800009
vn 0.0276999995 0.624000013 -0.780900002
vn 0.0296 0.638400018 -0.76910001
vn 0.0291000009 0.650699973 -0.75880003
vn 0.0283000004 0.633300006 -0.773400009
vn 0.0296 0.638400018 -0.76910001
vn 0.0309999995 0.655600011 -0.754400015
vn 0.0294000003 0.671700001 -0.740199983
vn 0.0280000009 0.666999996 -0.744499981
vn 0.0242999997 0.626999974 -0.778599977
vn 0.0264999997 0.609499991 -0.792299986
vn 0.0282000005 0.58859998 -0.807900012
vn 0.0383000001 0.653800011 -0.755699992
vn 0.0430000015 0.637000024 -0.769599974
vn 0.0348999985 0.591000021 -0.805899978
vn 0.0333000012 0.60799998 -0.793200016
vn 0.0295000002 0.626399994 -0.778999984
vn 0.0335000008 0.670700014 -0.740999997
vn 0.0333999991 0.674899995 -0.737100005
vn 0.0375000015 0.658299983 -0.751800001
vn 0.0430999994 0.641900003 -0.765600026
vn 0.0502000004 0.630500019 -0.774600029
vn 0.0584000014 0.631399989 -0.773199975
vn 0.0428999998 0.584699988 -0.810100019
vn 0.0377999991 0.584100008 -0.810800016
vn 0.0348999985 0.591000021 -0.805899978
vn 0.0430000015 0.637000024 -0.769599974
vn 0.0430999994 0.641900003 -0.765600026
vn 0.0516000018 0.635299981 -0.770500004
vn 0.0604000017 0.636200011 -0.76910001
vn 0.0649000034 0.631900012 -0.772300005
vn 0.0584000014 0.631399989 -0.773199975
vn 0.0604000017 0.636200011 -0.76910001
vn 0.0666999966 0.636799991 -0.768100023
vn 0.0680999979 0.630800009 -0.772899985
vn 0.0667999983 0.625800014 -0.777100027
vn 0.0487000011 0.579999983 -0.81309998
vn 0.0476000011 0.585500002 -0.809300005
vn 0.0428999998 0.584699988 -0.810100019
vn 0.063000001 0.609200001 -0.790400028
vn 0.0529999994 0.58160001 -0.811699986
vn 0.0328000002 0.536599994 -0.843200028
vn 0.0441999994 0.564100027 -0.824500024
vn 0.0487000011 0.579999983 -0.81309998
vn 0.0667999983 0.625800014 -0.777100027
vn 0.0680999979 0.630800009 -0.772899985
vn 0.0637999997 0.614899993 -0.786000013
vn 0.0533000007 0.587700009 -0.807299972
vn 0.0397000015 0.550000012 -0.834200025
vn 0.0423000008 0.531599998 -0.845899999
vn 0.00380000006 0.50150001 -0.865100026
vn 0.0137 0.506200016 -0.862299979
vn 0.0328000002 0.536599994 -0.843200028
vn 0.0529999994 0.58160001 -0.811699986
vn 0.0533000007 0.587700009 -0.807299972
vn 0.0403999984 0.554799974 -0.83099997
vn 0.0493000001 0.530700028 -0.846099973
vn 0.0750999972 0.526199996 -0.847000003
vn 0.0300999992 0.522700012 -0.851999998
vn 0.00380000006 0.50150001 -0.865100026
vn 0.0423000008 0.531599998 -0.845899999
vn 0.0493000001 0.530700028 -0.846099973
vn 0.0861999989 0.51910001 -0.850399971
vn -0.122100003 0.360900015 -0.924600005
vn -0.114200003 0.374500006 -0.920099974
vn -0.129199997 0.351999998 -0.926999986
vn -0.637899995 0.724699974 -0.260399997
vn -0.638599992 0.723100007 -0.263099998
vn -0.633400023 0.726000011 -0.2676
vn -0.634199977 0.725899994 -0.266200006
vn -0.640600026 0.724399984 -0.254900008
vn -0.638999999 0.726700008 -0.251899987
vn -0.640200019 0.727400005 -0.246999994
vn -0.640699983 0.725000024 -0.252600014
vn -0.642400026 0.722199976 -0.256500006
vn -0.375400007 0.687600017 -0.621500015
vn -0.355599999 0.686600029 -0.63410002
vn 0.0489999987 0.47420001 -0.879100025
vn 0.0186000001 0.477800012 -0.878300011
vn -0.0207000002 0.496899992 -0.867500007
vn -0.406800002 0.69749999 -0.589900017
vn 0.0702999979 0.45660001 -0.886900008
vn 0.0854000002 0.453200012 -0.887300014
vn 0.0626000017 0.472200006 -0.879199982
vn 0.0428000018 0.468400002 -0.882399976
vn -0.0207000002 0.496899992 -0.867500007
vn 0.0186000001 0.477800012 -0.878300011
vn 0.0489999987 0.47420001 -0.879100025
vn 0.0900000036 0.448000014 -0.889500022
vn 0.0953999981 0.440699995 -0.8926
f 1/1/1 2/2/2 3/3/3
f 1/1/1 3/3/3 4/4/4
f 1/1/1 4/4/4 5/5/5
f 1/1/1 5/5/5 6/6/6
f 1/1/1 6/6/6 7/7/7
f 1/1/1 7/7/7 8/8/8
f 1/1/1 8/8/8 9/9/9
f 1/1/1 9/9/9 2/2/2
f 10/10/10 11/11/11 12/12/12
f 10/10/10 12/12/12 13/13/13
f 10/10/10 13/13/13 3/3/3
f 10/10/10 3/3/3 2/2/2
f 10/10/10 2/2/2 9/9/9
f 10/10/10 9/9/9 14/14/14
f 10/10/10 14/14/14 15/15/15
f 10/10/10 15/15/15 11/11/11
f 16/16/16 17/17/17 18/18/18
f 16/16/16 18/18/18 19/19/19
f 16/16/16 19/19/19 20/20/20
f 16/16/16 20/20/20 21/21/21
f 16/16/16 21/21/21 22/22/22
f 16/16/16 22/22/22 23/23/23
f 16/16/16 23/23/23 24/24/24
f 16/16/16 24/24/24 17/17/17
f 25/25/25 26/26/26 24/24/24
f 25/25/25 24/24/24 23/23/23
f 25/25/25 23/23/23 22/22/22
f 25/25/25 22/22/22 27/27/27
f 25/25/25 27/27/27 28/28/28
f 25/25/25 28/28/28 29/29/29
f 25/25/25 29/29/29 30/30/30
f 25/25/25 30/30/30 26/26/26
f 31/31/31 32/32/32 33/33/33
f 31/31/31 33/33/33 34/34/34
f 31/31/31 34/34/34 35/35/35
f 31/31/31 35/35/35 36/36/36
f 31/31/31 36/36/36 37/37/37
f 31/31/31 37/37/37 38/38/38
f 31/31/31 38/38/38 39/39/39
f 31/31/31 39/39/39 32/32/32
f 40/40/40 41/41/41 42/42/42
f 40/40/40 42/42/42 43/43/43
f 40/40/40 43/43/43 44/44/44
f 40/40/40 44/44/44 45/45/45
f 40/40/40 45/45/45 46/46/46
f 40/40/40 46/46/46 47/47/47
f 40/40/40 47/47/47 48/48/48
f 40/40/40 48/48/48 41/41/41
f 49/49/49 50/50/50 51/51/51
f 49/49/49 51/51/51 52/52/52
f 49/49/49 52/52/52 42/42/42
f 49/49/49 42/42/42 41/41/41
f 49/49/49 41/41/41 48/48/48
f 49/49/49 48/48/48 53/53/53
f 49/49/49 53/53/53 54/54/54
f 49/49/49 54/54/54 50/50/50
f 55/55/55 56/56/56 57/57/57
f 55/55/55 57/57/57 58/58/58
f 55/55/55 58/58/58 59/59/59
f 55/55/55 59/59/59 60/60/60
f 55/55/55 60/60/60 61/61/61
f 55/55/55 61/61/61 62/62/62
f 55/55/55 62/62/62 63/63/63
f 55/55/55 63/63/63 56/56/56
f 64/64/64 65/65/65 66/66/66
f 64/64/64 66/66/66 67/67/67
f 64/64/64 67/67/67 57/57/57
f 64/64/64 57/57/57 56/56/56
f 64/64/64 56/56/56 63/63/63
f 64/64/64 63/63/63 68/68/68
f 64/64/64 68/68/68 69/69/69
f 64/64/64 69/69/69 65/65/65
f 70/70/70 71/71/71 72/72/72
f 70/70/70 72/72/72 73/73/73
f 70/70/70 73/73/73 74/74/74
f 70/70/70 74/74/74 75/75/75
f 70/70/70 75/75/75 76/76/76
f 70/70/70 76/76/76 77/77/77
f 70/70/70 77/77/77 78/78/78
f 70/70/70 78/78/78 71/71/71
f 79/79/79 80/80/80 81/81/81
f 79/79/79 81/81/81 82/82/82
f 79/79/79 82/82/82 72/72/72
f 79/79/79 72/72/72 71/71/71
f 79/79/79 71/71/71 78/78/78
f 79/79/79 78/78/78 83/83/83
f 79/79/79 83/83/83 84/84/84
f 79/79/79 84/84/84 80/80/80
f 85/85/85 86/86/86 87/87/87
f 85/85/85 87/87/87 88/88/88
f 85/85/85 88/88/88 89/89/89
f 85/85/85 89/89/89 90/90/90
f 85/85/85 90/90/90 74/74/74
f 85/85/85 74/74/74 73/73/73
f 85/85/85 73/73/73 72/72/72
f 85/85/85 72/72/72 86/86/86
f 91/91/91 92/92/92 93/93/93
f 91/91/91 93/93/93 94/94/94
f 91/91/91 94/94/94 87/87/87
f 91/91/91 87/87/87 86/86/86
f 91/91/91 86/86/86 72/72/72
f 91/91/91 72/72/72 82/82/82
f 91/91/91 82/82/82 81/81/81
f 91/91/91 81/81/81 92/92/92
f 95/95/95 96/96/96 24/24/24
f 95/95/95 24/24/24 26/26/26
f 95/95/95 26/26/26 30/30/30
f 95/95/95 30/30/30 97/97/97
f 95/95/95 97/97/97 98/98/98
f 95/95/95 98/98/98 99/99/99
f 95/95/95 99/99/99 100/100/100
f 95/95/95 100/100/100 96/96/96
f 101/101/101 102/102/102 18/18/18
f 101/101/101 18/18/18 17/17/17
f 101/101/101 17/17/17 24/24/24
f 101/101/101 24/24/24 96/96/96
f 101/101/101 96/96/96 100/100/100
f 101/101/101 100/100/100 103/103/103
f 101/101/101 103/103/103 104/104/104
f 101/101/101 104/104/104 102/102/102
f 105/105/105 106/106/106 107/107/107
f 105/105/105 107/107/107 108/108/108
f 105/105/105 108/108/108 109/109/109
f 105/105/105 109/109/109 110/110/110
f 105/105/105 110/110/110 111/111/111
f 105/105/105 111/111/111 112/112/112
f 105/105/105 112/112/112 113/113/113
f 105/105/105 113/113/113 106/106/106
f 114/114/114 115/115/115 116/116/116
f 114/114/114 116/116/116 117/117/117
f 114/114/114 117/117/117 107/107/107
f 114/114/114 107/107/107 106/106/106
f 114/114/114 106/106/106 113/113/113
f 114/114/114 113/113/113 118/118/118
f 114/114/114 118/118/118 119/119/119
f 114/114/114 119/119/119 115/115/115
f 120/120/120 121/121/121 122/122/122
f 120/120/120 122/122/122 123/123/123
f 120/120/120 123/123/123 124/124/124
f 120/120/120 124/124/124 125/125/125
f 120/120/120 125/125/125 126/126/126
f 120/120/120 126/126/126 127/127/127
f 120/120/120 127/127/127 128/128/128
f 120/120/120 128/128/128 121/121/121
f 129/129/129 130/130/130 131/131/131
f 129/129/129 131/131/131 132/132/132
f 129/129/129 132/132/132 122/122/122
f 129/129/129 122/122/122 121/121/121
f 129/129/129 121/121/121 128/128/128
f 129/129/129 128/128/128 133/133/133
f 129/129/129 133/133/133 134/134/134
f 129/129/129 134/134/134 130/130/130
f 135/135/135 136/136/136 137/137/137
f 135/135/135 137/137/137 138/138/138
f 135/135/135 138/138/138 139/139/139
f 135/135/135 139/139/139 140/140/140
f 135/135/135 140/140/140 141/141/141
f 135/135/135 141/141/141 142/142/142
f 135/135/135 142/142/142 143/143/143
f 135/135/135 143/143/143 136/136/136
f 144/144/144 145/145/145 146/146/146
f 144/144/144 146/146/146 147/147/147
f 144/144/144 147/147/147 137/137/137
f 144/144/144 137/137/137 136/136/136
f 144/144/144 136/136/136 143/143/143
f 144/144/144 143/143/143 148/148/148
f 144/144/144 148/148/148 149/149/149
f 144/144/144 149/149/149 145/145/145
f 150/150/150 151/151/151 152/152/152
f 150/150/150 152/152/152 153/153/153
f 150/150/150 153/153/153 154/154/154
f 150/150/150 154/154/154 155/155/155
f 150/150/150 155/155/155 156/156/156
f 150/150/150 156/156/156 157/157/157
f 150/150/150 157/157/157 158/158/158
f 150/150/150 158/158/158 151/151/151
f 159/159/159 160/160/160 161/161/161
f 159/159/159 161/161/161 162/162/162
f 159/159/159 162/162/162 152/152/152
f 159/159/159 152/152/152 151/151/151
f 159/159/159 151/151/151 158/158/158
f 159/159/159 158/158/158 163/163/163
f 159/159/159 163/163/163 164/164/164
f 159/159/159 164/164/164 160/160/160
f 165/165/165 166/166/166 167/167/167
f 165/165/165 167/167/167 168/168/168
f 165/165/165 168/168/168 169/169/169
f 165/165/165 169/169/169 170/170/170
f 165/165/165 170/170/170 171/171/171
f 165/165/165 171/171/171 172/172/172
f 165/165/165 172/172/172 173/173/173
f 165/165/165 173/173/173 166/166/166
f 174/174/174 170/170/170 169/169/169
f 174/174/174 169/169/169 175/175/175
f 174/174/174 175/175/175 176/176/176
f 174/174/174 176/176/176 177/177/177
f 174/174/174 177/177/177 178/178/178
f 174/174/174 178/178/178 179/179/179
f 174/174/174 179/179/179 171/171/171
f 174/174/174 171/171/171 170/170/170
f 180/180/180 181/181/181 182/182/182
f 180/180/180 182/182/182 183/183/183
f 180/180/180 183/183/183 184/184/184
f 180/180/180 184/184/184 185/185/185
f 180/180/180 185/185/185 186/186/186
f 180/180/180 186/186/186 187/187/187
f 180/180/180 187/187/187 188/188/188
f 180/180/180 188/188/188 181/181/181
f 189/189/189 190/190/190 191/191/191
f 189/189/189 191/191/191 192/192/192
f 189/189/189 192/192/192 182/182/182
f 189/189/189 182/182/182 181/181/181
f 189/189/189 181/181/181 188/188/188
f 189/189/189 188/188/188 193/193/193
f 189/189/189 193/193/193 194/194/194
f 189/189/189 194/194/194 190/190/190
f 195/195/195 196/196/196 197/197/197
f 195/195/195 197/197/197 198/198/198
f 195/195/195 198/198/198 199/199/199
f 195/195/195 199/199/199 200/200/200
f 195/195/195 200/200/200 201/201/201
f 195/195/195 201/201/201 202/202/202
f 195/195/195 202/202/202 203/203/203
f 195/195/195 203/203/203 196/196/196
f 204/204/204 205/205/205 206/206/206
f 204/204/204 206/206/206 207/207/207
f 204/204/204 207/207/207 197/197/197
f 204/204/204 197/197/197 196/196/196
f 204/204/204 196/196/196 203/203/203
f 204/204/204 203/203/203 208/208/208
f 204/204/204 208/208/208 209/209/209
f 204/204/204 209/209/209 205/205/205
f 210/210/210 211/211/211 212/212/212
f 210/210/210 212/212/212 213/213/213
f 210/210/210 213/213/213 214/214/214
f 210/210/210 214/214/214 215/215/215
f 210/210/210 215/215/215 216/216/216
f 210/210/210 216/216/216 217/217/217
f 210/210/210 217/217/217 218/218/218
f 210/210/210 218/218/218 211/211/211
f 219/219/219 220/220/220 221/221/221
f 219/219/219 221/221/221 222/222/222
f 219/219/219 222/222/222 212/212/212
f 219/219/219 212/212/212 211/211/211
f 219/219/219 211/211/211 218/218/218
f 219/219/219 218/218/218 223/223/223
f 219/219/219 223/223/223 224/224/224
f 219/219/219 224/224/224 220/220/220
f 225/225/225 226/226/226 227/227/227
f 225/225/225 227/227/227 228/228/228
f 225/225/225 228/228/228 229/229/229
f 225/225/225 229/229/229 230/230/230
f 225/225/225 230/230/230 231/231/231
f 225/225/225 231/231/231 232/232/232
f 225/225/225 232/232/232 233/233/233
f 225/225/225 233/233/233 226/226/226
f 234/234/234 235/235/235 236/236/236
f 234/234/234 236/236/236 237/237/237
f 234/234/234 237/237/237 227/227/227
f 234/234/234 227/227/227 226/226/226
f 234/234/234 226/226/226 233/233/233
f 234/234/234 233/233/233 238/238/238
f 234/234/234 238/238/238 239/239/239
f 234/234/234 239/239/239 235/235/235
f 240/240/240 241/241/241 242/242/242
f 240/240/240 242/242/242 243/243/243
f 240/240/240 243/243/243 244/244/244
f 240/240/240 244/244/244 245/245/245
f 240/240/240 245/245/245 246/246/246
f 240/240/240 246/246/246 247/247/247
f 240/240/240 247/247/247 248/248/248
f 240/240/240 248/248/248 241/241/241
f 249/249/249 250/250/250 251/251/251
f 249/249/249 251/251/251 252/252/252
f 249/249/249 252/252/252 242/242/242
f 249/249/249 242/242/242 241/241/241
f 249/249/249 241/241/241 248/248/248
f 249/249/249 248/248/248 253/253/253
f 249/249/249 253/253/253 254/254/254
f 249/249/249 254/254/254 250/250/250
f 255/255/255 256/256/256 87/87/87
f 255/255/255 87/87/87 94/94/94
f 255/255/255 94/94/94 93/93/93
f 255/255/255 93/93/93 257/257/257
f 255/255/255 257/257/257 258/258/258
f 255/255/255 258/258/258 259/259/259
f 255/255/255 259/259/259 260/260/260
f 255/255/255 260/260/260 256/256/256
f 261/261/261 262/262/262 89/89/89
f 261/261/261 89/89/89 88/88/88
f 261/261/261 88/88/88 87/87/87
f 261/261/261 87/87/87 256/256/256
f 261/261/261 256/256/256 260/260/260
f 261/261/261 260/260/260 263/263/263
f 261/261/261 263/263/263 264/264/264
f 261/261/261 264/264/264 262/262/262
f 265/265/265 266/266/266 267/267/267
f 265/265/265 267/267/267 268/268/268
f 265/265/265 268/268/268 269/269/269
f 265/265/265 269/269/269 270/270/270
f 265/265/265 270/270/270 271/271/271
f 265/265/265 271/271/271 272/272/272
f 265/265/265 272/272/272 273/273/273
f 265/265/265 273/273/273 266/266/266
f 274/274/274 275/275/275 276/276/276
f 274/274/274 276/276/276 277/277/277
f 274/274/274 277/277/277 278/278/278
f 274/274/274 278/278/278 279/279/279
f 274/274/274 279/279/279 280/280/280
f 274/274/274 280/280/280 281/281/281
f 274/274/274 281/281/281 282/282/282
f 274/274/274 282/282/282 275/275/275
f 283/283/283 284/284/284 285/285/285
f 283/283/283 285/285/285 286/286/286
f 283/283/283 286/286/286 287/287/287
f 283/283/283 287/287/287 288/288/288
f 283/283/283 288/288/288 278/278/278
f 283/283/283 278/278/278 277/277/277
f 283/283/283 277/277/277 276/276/276
f 283/283/283 276/276/276 284/284/284
f 289/289/289 290/290/290 287/287/287
f 289/289/289 287/287/287 286/286/286
f 289/289/289 286/286/286 285/285/285
f 289/289/289 285/285/285 291/291/291
f 289/289/289 291/291/291 292/292/292
f 289/289/289 292/292/292 293/293/293
f 289/289/289 293/293/293 294/294/294
f 289/289/289 294/294/294 290/290/290
f 295/295/295 296/296/296 297/297/297
f 295/295/295 297/297/297 298/298/298
f 295/295/295 298/298/298 299/299/299
f 295/295/295 299/299/299 300/300/300
f 295/295/295 300/300/300 301/301/301
f 295/295/295 301/301/301 302/302/302
f 295/295/295 302/302/302 303/303/303
f 295/295/295 303/303/303 296/296/296
f 304/304/304 305/305/305 306/306/306
f 304/304/304 306/306/306 307/307/307
f 304/304/304 307/307/307 308/308/308
f 304/304/304 308/308/308 309/309/309
f 304/304/304 309/309/309 310/310/310
f 304/304/304 310/310/310 311/311/311
f 304/304/304 311/311/311 312/312/312
f 304/304/304 312/312/312 305/305/305
f 313/313/313 314/314/314 315/315/315
f 313/313/313 315/315/315 316/316/316
f 313/313/313 316/316/316 317/317/317
f 313/313/313 317/317/317 318/318/318
f 313/313/313 318/318/318 319/319/319
f 313/313/313 319/319/319 320/320/320
f 313/313/313 320/320/320 321/321/321
f 313/313/313 321/321/321 314/314/314
f 322/322/322 323/323/323 324/324/324
f 322/322/322 324/324/324 325/325/325
f 322/322/322 325/325/325 326/326/326
f 322/322/322 326/326/326 327/327/327
f 322/322/322 327/327/327 317/317/317
f 322/322/322 317/317/317 316/316/316
f 322/322/322 316/316/316 315/315/315
f 322/322/322 315/315/315 323/323/323
f 328/328/328 329/329/329 37/37/37
f 328/328/328 37/37/37 36/36/36
f 328/328/328 36/36/36 35/35/35
f 328/328/328 35/35/35 330/330/330
f 328/328/328 330/330/330 331/331/331
f 328/328/328 331/331/331 332/332/332
f 328/328/328 332/332/332 333/333/333
f 328/328/328 333/333/333 329/329/329
f 334/334/334 335/335/335 336/336/336
f 334/334/334 336/336/336 337/337/337
f 334/334/334 337/337/337 338/338/338
f 334/334/334 338/338/338 339/339/339
f 334/334/334 339/339/339 340/340/340
f 334/334/334 340/340/340 341/341/341
f 334/334/334 341/341/341 342/342/342
f 334/334/334 342/342/342 335/335/335
f 343/343/343 344/344/344 345/345/345
f 343/343/343 345/345/345 346/346/346
f 343/343/343 346/346/346 347/347/347
f 343/343/343 347/347/347 348/348/348
f 343/343/343 348/348/348 349/349/349
f 343/343/343 349/349/349 350/350/350
f 343/343/343 350/350/350 351/351/351
f 343/343/343 351/351/351 344/344/344
f 352/352/352 353/353/353 354/354/354
f 352/352/352 354/354/354 355/355/355
f 352/352/352 355/355/355 356/356/356
f 352/352/352 356/356/356 357/357/357
f 352/352/352 357/357/357 358/358/358
f 352/352/352 358/358/358 359/359/359
f 352/352/352 359/359/359 360/360/360
f 352/352/352 360/360/360 353/353/353
f 361/361/361 362/362/362 363/363/363
f 361/361/361 363/363/363 364/364/364
f 361/361/361 364/364/364 365/365/365
f 361/361/361 365/365/365 366/366/366
f 361/361/361 366/366/366 367/367/367
f 361/361/361 367/367/367 368/368/368
f 361/361/361 368/368/368 369/369/369
f 361/361/361 369/369/369 362/362/362
f 370/370/370 371/371/371 372/372/372
f 370/370/370 372/372/372 373/373/373
f 370/370/370 373/373/373 374/374/374
f 370/370/370 374/374/374 375/375/375
f 370/370/370 375/375/375 376/376/376
f 370/370/370 376/376/376 377/377/377
f 370/370/370 377/377/377 378/378/378
f 370/370/370 378/378/378 371/371/371
f 379/379/379 380/380/380 381/381/381
f 379/379/379 381/381/381 382/382/382
f 379/379/379 382/382/382 383/383/383
f 379/379/379 383/383/383 384/384/384
f 379/379/379 384/384/384 385/385/385
f 379/379/379 385/385/385 386/386/386
f 379/379/379 386/386/386 387/387/387
f 379/379/379 387/387/387 380/380/380
f 388/388/388 389/389/389 390/390/390
f 388/388/388 390/390/390 391/391/391
f 388/388/388 391/391/391 392/392/392
f 388/388/388 392/392/392 393/393/393
f 388/388/388 393/393/393 394/394/394
f 388/388/388 394/394/394 395/395/395
f 388/388/388 395/395/395 396/396/396
f 388/388/388 396/396/396 389/389/389
f 397/397/397 398/398/398 399/399/399
f 397/397/397 399/399/399 400/400/400
f 397/397/397 400/400/400 401/401/401
f 397/397/397 401/401/401 402/402/402
f 397/397/397 402/402/402 403/403/403
f 397/397/397 403/403/403 404/404/404
f 397/397/397 404/404/404 405/405/405
f 397/397/397 405/405/405 398/398/398
f 406/406/406 407/407/407 408/408/408
f 406/406/406 408/408/408 409/409/409
f 406/406/406 409/409/409 410/410/410
f 406/406/406 410/410/410 411/411/411
f 406/406/406 411/411/411 412/412/412
f 406/406/406 412/412/412 413/413/413
f 406/406/406 413/413/413 414/414/414
f 406/406/406 414/414/414 407/407/407
f 415/415/415 416/416/416 417/417/417
f 415/415/415 417/417/417 418/418/418
f 415/415/415 418/418/418 419/419/419
f 415/415/415 419/419/419 420/420/420
f 415/415/415 420/420/420 421/421/421
f 415/415/415 421/421/421 422/422/422
f 415/415/415 422/422/422 423/423/423
f 415/415/415 423/423/423 416/416/416
f 424/424/424 425/425/425 326/326/326
f 424/424/424 326/326/326 325/325/325
f 424/424/424 325/325/325 324/324/324
f 424/424/424 324/324/324 426/426/426
f 424/424/424 426/426/426 427/427/427
f 424/424/424 427/427/427 428/428/428
f 424/424/424 428/428/428 429/429/429
f 424/424/424 429/429/429 425/425/425
f 430/430/430 431/431/431 12/12/12
f 430/430/430 12/12/12 11/11/11
f 430/430/430 11/11/11 15/15/15
f 430/430/430 15/15/15 432/432/432
f 430/430/430 432/432/432 269/269/269
f 430/430/430 269/269/269 268/268/268
f 430/430/430 268/268/268 267/267/267
f 430/430/430 267/267/267 431/431/431
f 433/433/433 434/434/434 435/435/435
f 433/433/433 435/435/435 436/436/436
f 433/433/433 436/436/436 437/437/437
f 433/433/433 437/437/437 438/438/438
f 433/433/433 438/438/438 439/439/439
f 433/433/433 439/439/439 440/440/440
f 433/433/433 440/440/440 441/441/441
f 433/433/433 441/441/441 434/434/434
f 442/442/442 443/443/443 441/441/441
f 442/442/442 441/441/441 440/440/440
f 442/442/442 440/440/440 439/439/439
f 442/442/442 439/439/439 444/444/444
f 442/442/442 444/444/444 445/445/445
f 442/442/442 445/445/445 446/446/446
f 442/442/442 446/446/446 447/447/447
f 442/442/442 447/447/447 443/443/443
f 448/448/448 449/449/449 450/450/450
f 448/448/448 450/450/450 451/451/451
f 448/448/448 451/451/451 452/452/452
f 448/448/448 452/452/452 453/453/453
f 448/448/448 453/453/453 454/454/454
f 448/448/448 454/454/454 455/455/455
f 448/448/448 455/455/455 456/456/456
f 448/448/448 456/456/456 449/449/449
f 457/457/457 458/458/458 459/459/459
f 457/457/457 459/459/459 460/460/460
f 457/457/457 460/460/460 461/461/461
f 457/457/457 461/461/461 462/462/462
f 457/457/457 462/462/462 463/463/463
f 457/457/457 463/463/463 464/464/464
f 457/457/457 464/464/464 465/465/465
f 457/457/457 465/465/465 458/458/458
f 466/466/466 467/467/467 468/468/468
f 466/466/466 468/468/468 469/469/469
f 466/466/466 469/469/469 470/470/470
f 466/466/466 470/470/470 471/471/471
f 466/466/466 471/471/471 461/461/461
f 466/466/466 461/461/461 460/460/460
f 466/466/466 460/460/460 459/459/459
f 466/466/466 459/459/459 467/467/467
f 472/472/472 473/473/473 474/474/474
f 472/472/472 474/474/474 475/475/475
f 472/472/472 475/475/475 476/476/476
f 472/472/472 476/476/476 477/477/477
f 472/472/472 477/477/477 478/478/478
f 472/472/472 478/478/478 479/479/479
f 472/472/472 479/479/479 480/480/480
f 472/472/472 480/480/480 473/473/473
f 481/481/481 477/477/477 476/476/476
f 481/481/481 476/476/476 482/482/482
f 481/481/481 482/482/482 483/483/483
f 481/481/481 483/483/483 484/484/484
f 481/481/481 484/484/484 485/485/485
f 481/481/481 485/485/485 486/486/486
f 481/481/481 486/486/486 478/478/478
f 481/481/481 478/478/478 477/477/477
f 487/487/487 488/488/488 489/489/489
f 487/487/487 489/489/489 490/490/490
f 487/487/487 490/490/490 491/491/491
f 487/487/487 491/491/491 492/492/492
f 487/487/487 492/492/492 493/493/493
f 487/487/487 493/493/493 494/494/494
f 487/487/487 494/494/494 495/495/495
f 487/487/487 495/495/495 488/488/488
f 496/496/496 497/497/497 498/498/498
f 496/496/496 498/498/498 499/499/499
f 496/496/496 499/499/499 500/500/500
f 496/496/496 500/500/500 501/501/501
f 496/496/496 501/501/501 502/502/502
f 496/496/496 502/502/502 503/503/503
f 496/496/496 503/503/503 504/504/504
f 496/496/496 504/504/504 497/497/497
f 505/505/505 506/506/506 507/507/507
f 505/505/505 507/507/507 508/508/508
f 505/505/505 508/508/508 509/509/509
f 505/505/505 509/509/509 510/510/510
f 505/505/505 510/510/510 500/500/500
f 505/505/505 500/500/500 499/499/499
f 505/505/505 499/499/499 498/498/498
f 505/505/505 498/498/498 506/506/506
f 511/511/511 512/512/512 513/513/513
f 511/511/511 513/513/513 514/514/514
f 511/511/511 514/514/514 515/515/515
f 511/511/511 515/515/515 516/516/516
f 511/511/511 516/516/516 517/517/517
f 511/511/511 517/517/517 518/518/518
f 511/511/511 518/518/518 519/519/519
f 511/511/511 519/519/519 512/512/512
f 520/520/520 521/521/521 522/522/522
f 520/520/520 522/522/522 523/523/523
f 520/520/520 523/523/523 524/524/524
f 520/520/520 524/524/524 525/525/525
f 520/520/520 525/525/525 515/515/515
f 520/520/520 515/515/515 514/514/514
f 520/520/520 514/514/514 513/513/513
f 520/520/520 513/513/513 521/521/521
f 526/526/526 527/527/527 528/528/528
f 526/526/526 528/528/528 529/529/529
f 526/526/526 529/529/529 530/530/530
f 526/526/526 530/530/530 531/531/531
f 526/526/526 531/531/531 532/532/532
f 526/526/526 532/532/532 533/533/533
f 526/526/526 533/533/533 534/534/534
f 526/526/526 534/534/534 527/527/527
f 535/535/535 536/536/536 537/537/537
f 535/535/535 537/537/537 538/538/538
f 535/535/535 538/538/538 539/539/539
f 535/535/535 539/539/539 540/540/540
f 535/535/535 540/540/540 530/530/530
f 535/535/535 530/530/530 529/529/529
f 535/535/535 529/529/529 528/528/528
f 535/535/535 528/528/528 536/536/536
f 541/541/541 542/542/542 543/543/543
f 541/541/541 543/543/543 544/544/544
f 541/541/541 544/544/544 528/528/528
f 541/541/541 528/528/528 527/527/527
f 541/541/541 527/527/527 534/534/534
f 541/541/541 534/534/534 545/545/545
f 541/541/541 545/545/545 546/546/546
f 541/541/541 546/546/546 542/542/542
f 547/547/547 548/548/548 549/549/549
f 547/547/547 549/549/549 550/550/550
f 547/547/547 550/550/550 537/537/537
f 547/547/547 537/537/537 536/536/536
f 547/547/547 536/536/536 528/528/528
f 547/547/547 528/528/528 544/544/544
f 547/547/547 544/544/544 543/543/543
f 547/547/547 543/543/543 548/548/548
f 551/551/551 482/482/482 476/476/476
f 551/551/551 476/476/476 552/552/552
f 551/551/551 552/552/552 553/553/553
f 551/551/551 553/553/553 554/554/554
f 551/551/551 554/554/554 555/555/555
f 551/551/551 555/555/555 556/556/556
f 551/551/551 556/556/556 483/483/483
f 551/551/551 483/483/483 482/482/482
f 557/557/557 475/475/475 474/474/474
f 557/557/557 474/474/474 558/558/558
f 557/557/557 558/558/558 559/559/559
f 557/557/557 559/559/559 560/560/560
f 557/557/557 560/560/560 553/553/553
f 557/557/557 553/553/553 552/552/552
f 557/557/557 552/552/552 476/476/476
f 557/557/557 476/476/476 475/475/475
f 561/561/561 562/562/562 563/563/563
f 561/561/561 563/563/563 564/564/564
f 561/561/561 564/564/564 565/565/565
f 561/561/561 565/565/565 566/566/566
f 561/561/561 566/566/566 567/567/567
f 561/561/561 567/567/567 568/568/568
f 561/561/561 568/568/568 569/569/569
f 561/561/561 569/569/569 562/562/562
f 570/570/570 571/571/571 572/572/572
f 570/570/570 572/572/572 573/573/573
f 570/570/570 573/573/573 574/574/574
f 570/570/570 574/574/574 575/575/575
f 570/570/570 575/575/575 565/565/565
f 570/570/570 565/565/565 564/564/564
f 570/570/570 564/564/564 563/563/563
f 570/570/570 563/563/563 571/571/571
f 576/576/576 577/577/577 578/578/578
f 576/576/576 578/578/578 579/579/579
f 576/576/576 579/579/579 580/580/580
f 576/576/576 580/580/580 581/581/581
f 576/576/576 581/581/581 582/582/582
f 576/576/576 582/582/582 583/583/583
f 576/576/576 583/583/583 584/584/584
f 576/576/576 584/584/584 577/577/577
f 585/585/585 586/586/586 587/587/587
f 585/585/585 587/587/587 588/588/588
f 585/585/585 588/588/588 589/589/589
f 585/585/585 589/589/589 590/590/590
f 585/585/585 590/590/590 580/580/580
f 585/585/585 580/580/580 579/579/579
f 585/585/585 579/579/579 578/578/578
f 585/585/585 578/578/578 586/586/586
f 591/591/591 592/592/592 593/593/593
f 591/591/591 593/593/593 594/594/594
f 591/591/591 594/594/594 595/595/595
f 591/591/591 595/595/595 596/596/596
f 591/591/591 596/596/596 597/597/597
f 591/591/591 597/597/597 598/598/598
f 591/591/591 598/598/598 599/599/599
f 591/591/591 599/599/599 592/592/592
f 600/600/600 601/601/601 602/602/602
f 600/600/600 602/602/602 603/603/603
f 600/600/600 603/603/603 604/604/604
f 600/600/600 604/604/604 605/605/605
f 600/600/600 605/605/605 595/595/595
f 600/600/600 595/595/595 594/594/594
f 600/600/600 594/594/594 593/593/593
f 600/600/600 593/593/593 601/601/601
f 606/606/606 607/607/607 608/608/608
f 606/606/606 608/608/608 609/609/609
f 606/606/606 609/609/609 610/610/610
f 606/606/606 610/610/610 611/611/611
f 606/606/606 611/611/611 612/612/612
f 606/606/606 612/612/612 613/613/613
f 606/606/606 613/613/613 614/614/614
f 606/606/606 614/614/614 607/607/607
f 615/615/615 616/616/616 617/617/617
f 615/615/615 617/617/617 618/618/618
f 615/615/615 618/618/618 619/619/619
f 615/615/615 619/619/619 620/620/620
f 615/615/615 620/620/620 610/610/610
f 615/615/615 610/610/610 609/609/609
f 615/615/615 609/609/609 608/608/608
f 615/615/615 608/608/608 616/616/616
f 621/621/621 622/622/622 623/623/623
f 621/621/621 623/623/623 624/624/624
f 621/621/621 624/624/624 625/625/625
f 621/621/621 625/625/625 626/626/626
f 621/621/621 626/626/626 627/627/627
f 621/621/621 627/627/627 628/628/628
f 621/621/621 628/628/628 629/629/629
f 621/621/621 629/629/629 622/622/622
f 630/630/630 631/631/631 629/629/629
f 630/630/630 629/629/629 628/628/628
f 630/630/630 628/628/628 627/627/627
f 630/630/630 627/627/627 632/632/632
f 630/630/630 632/632/632 633/633/633
f 630/630/630 633/633/633 634/634/634
f 630/630/630 634/634/634 635/635/635
f 630/630/630 635/635/635 631/631/631
f 636/636/636 637/637/637 638/638/638
f 636/636/636 638/638/638 639/639/639
f 636/636/636 639/639/639 640/640/640
f 636/636/636 640/640/640 641/641/641
f 636/636/636 641/641/641 642/642/642
f 636/636/636 642/642/642 643/643/643
f 636/636/636 643/643/643 644/644/644
f 636/636/636 644/644/644 637/637/637
f 645/645/645 646/646/646 647/647/647
f 645/645/645 647/647/647 648/648/648
f 645/645/645 648/648/648 649/649/649
f 645/645/645 649/649/649 650/650/650
f 645/645/645 650/650/650 640/640/640
f 645/645/645 640/640/640 639/639/639
f 645/645/645 639/639/639 638/638/638
f 645/645/645 638/638/638 646/646/646
f 651/651/651 652/652/652 653/653/653
f 651/651/651 653/653/653 654/654/654
f 651/651/651 654/654/654 655/655/655
f 651/651/651 655/655/655 656/656/656
f 651/651/651 656/656/656 657/657/657
f 651/651/651 657/657/657 658/658/658
f 651/651/651 658/658/658 659/659/659
f 651/651/651 659/659/659 652/652/652
f 660/660/660 661/661/661 662/662/662
f 660/660/660 662/662/662 663/663/663
f 660/660/660 663/663/663 664/664/664
f 660/660/660 664/664/664 665/665/665
f 660/660/660 665/665/665 655/655/655
f 660/660/660 655/655/655 654/654/654
f 660/660/660 654/654/654 653/653/653
f 660/660/660 653/653/653 661/661/661
f 666/666/666 667/667/667 668/668/668
f 666/666/666 668/668/668 669/669/669
f 666/666/666 669/669/669 670/670/670
f 666/666/666 670/670/670 671/671/671
f 666/666/666 671/671/671 672/672/672
f 666/666/666 672/672/672 673/673/673
f 666/666/666 673/673/673 674/674/674
f 666/666/666 674/674/674 667/667/667
f 675/675/675 676/676/676 677/677/677
f 675/675/675 677/677/677 678/678/678
f 675/675/675 678/678/678 679/679/679
f 675/675/675 679/679/679 680/680/680
f 675/675/675 680/680/680 670/670/670
f 675/675/675 670/670/670 669/669/669
f 675/675/675 669/669/669 668/668/668
f 675/675/675 668/668/668 676/676/676
f 681/681/681 682/682/682 683/683/683
f 681/681/681 683/683/683 684/684/684
f 681/681/681 684/684/684 685/685/685
f 681/681/681 685/685/685 686/686/686
f 681/681/681 686/686/686 687/687/687
f 681/681/681 687/687/687 688/688/688
f 681/681/681 688/688/688 689/689/689
f 681/681/681 689/689/689 682/682/682
f 690/690/690 691/691/691 692/692/692
f 690/690/690 692/692/692 693/693/693
f 690/690/690 693/693/693 694/694/694
f 690/690/690 694/694/694 695/695/695
f 690/690/690 695/695/695 685/685/685
f 690/690/690 685/685/685 684/684/684
f 690/690/690 684/684/684 683/683/683
f 690/690/690 683/683/683 691/691/691
f 696/696/696 697/697/697 698/698/698
f 696/696/696 698/698/698 699/699/699
f 696/696/696 699/699/699 700/700/700
f 696/696/696 700/700/700 701/701/701
f 696/696/696 701/701/701 702/702/702
f 696/696/696 702/702/702 703/703/703
f 696/696/696 703/703/703 704/704/704
f 696/696/696 704/704/704 697/697/697
f 705/705/705 706/706/706 707/707/707
f 705/705/705 707/707/707 708/708/708
f 705/705/705 708/708/708 709/709/709
f 705/705/705 709/709/709 710/710/710
f 705/705/705 710/710/710 700/700/700
f 705/705/705 700/700/700 699/699/699
f 705/705/705 699/699/699 698/698/698
f 705/705/705 698/698/698 706/706/706
f 711/711/711 548/548/548 543/543/543
f 711/711/711 543/543/543 712/712/712
f 711/711/711 712/712/712 713/713/713
f 711/711/711 713/713/713 714/714/714
f 711/711/711 714/714/714 715/715/715
f 711/711/711 715/715/715 716/716/716
f 711/711/711 716/716/716 549/549/549
f 711/711/711 549/549/549 548/548/548
f 717/717/717 542/542/542 546/546/546
f 717/717/717 546/546/546 718/718/718
f 717/717/717 718/718/718 719/719/719
f 717/717/717 719/719/719 720/720/720
f 717/717/717 720/720/720 713/713/713
f 717/717/717 713/713/713 712/712/712
f 717/717/717 712/712/712 543/543/543
f 717/717/717 543/543/543 542/542/542
f 721/721/721 722/722/722 723/723/723
f 721/721/721 723/723/723 724/724/724
f 721/721/721 724/724/724 725/725/725
f 721/721/721 725/725/725 726/726/726
f 721/721/721 726/726/726 727/727/727
f 721/721/721 727/727/727 728/728/728
f 721/721/721 728/728/728 729/729/729
f 721/721/721 729/729/729 722/722/722
f 730/730/730 731/731/731 732/732/732
f 730/730/730 732/732/732 733/733/733
f 730/730/730 733/733/733 734/734/734
f 730/730/730 734/734/734 735/735/735
f 730/730/730 735/735/735 736/736/736
f 730/730/730 736/736/736 737/737/737
f 730/730/730 737/737/737 738/738/738
f 730/730/730 738/738/738 731/731/731
f 739/739/739 740/740/740 741/741/741
f 739/739/739 741/741/741 742/742/742
f 739/739/739 742/742/742 732/732/732
f 739/739/739 732/732/732 731/731/731
f 739/739/739 731/731/731 738/738/738
f 739/739/739 738/738/738 743/743/743
f 739/739/739 743/743/743 744/744/744
f 739/739/739 744/744/744 740/740/740
f 745/745/745 740/740/740 744/744/744
f 745/745/745 744/744/744 746/746/746
f 745/745/745 746/746/746 747/747/747
f 745/745/745 747/747/747 748/748/748
f 745/745/745 748/748/748 749/749/749
f 745/745/745 749/749/749 750/750/750
f 745/745/745 750/750/750 741/741/741
f 745/745/745 741/741/741 740/740/740
f 751/751/751 752/752/752 753/753/753
f 751/751/751 753/753/753 754/754/754
f 751/751/751 754/754/754 755/755/755
f 751/751/751 755/755/755 756/756/756
f 751/751/751 756/756/756 757/757/757
f 751/751/751 757/757/757 758/758/758
f 751/751/751 758/758/758 759/759/759
f 751/751/751 759/759/759 752/752/752
f 760/760/760 761/761/761 762/762/762
f 760/760/760 762/762/762 763/763/763
f 760/760/760 763/763/763 764/764/764
f 760/760/760 764/764/764 765/765/765
f 760/760/760 765/765/765 766/766/766
f 760/760/760 766/766/766 767/767/767
f 760/760/760 767/767/767 768/768/768
f 760/760/760 768/768/768 761/761/761
f 769/769/769 770/770/770 771/771/771
f 769/769/769 771/771/771 772/772/772
f 769/769/769 772/772/772 773/773/773
f 769/769/769 773/773/773 774/774/774
f 769/769/769 774/774/774 775/775/775
f 769/769/769 775/775/775 776/776/776
f 769/769/769 776/776/776 777/777/777
f 769/769/769 777/777/777 770/770/770
f 778/778/778 779/779/779 780/780/780
f 778/778/778 780/780/780 781/781/781
f 778/778/778 781/781/781 771/771/771
f 778/778/778 771/771/771 770/770/770
f 778/778/778 770/770/770 777/777/777
f 778/778/778 777/777/777 782/782/782
f 778/778/778 782/782/782 783/783/783
f 778/778/778 783/783/783 779/779/779
f 784/784/784 494/494/494 493/493/493
f 784/784/784 493/493/493 785/785/785
f 784/784/784 785/785/785 786/786/786
f 784/784/784 786/786/786 787/787/787
f 784/784/784 787/787/787 788/788/788
f 784/784/784 788/788/788 789/789/789
f 784/784/784 789/789/789 495/495/495
f 784/784/784 495/495/495 494/494/494
f 790/790/790 791/791/791 792/792/792
f 790/790/790 792/792/792 793/793/793
f 790/790/790 793/793/793 794/794/794
f 790/790/790 794/794/794 795/795/795
f 790/790/790 795/795/795 796/796/796
f 790/790/790 796/796/796 797/797/797
f 790/790/790 797/797/797 798/798/798
f 790/790/790 798/798/798 791/791/791
f 799/799/799 800/800/800 801/801/801
f 799/799/799 801/801/801 802/802/802
f 799/799/799 802/802/802 803/803/803
f 799/799/799 803/803/803 804/804/804
f 799/799/799 804/804/804 805/805/805
f 799/799/799 805/805/805 806/806/806
f 799/799/799 806/806/806 807/807/807
f 799/799/799 807/807/807 800/800/800
f 808/808/808 809/809/809 810/810/810
f 808/808/808 810/810/810 811/811/811
f 808/808/808 811/811/811 812/812/812
f 808/808/808 812/812/812 813/813/813
f 808/808/808 813/813/813 814/814/814
f 808/808/808 814/814/814 815/815/815
f 808/808/808 815/815/815 816/816/816
f 808/808/808 816/816/816 809/809/809
f 817/817/817 818/818/818 819/819/819
f 817/817/817 819/819/819 820/820/820
f 817/817/817 820/820/820 821/821/821
f 817/817/817 821/821/821 822/822/822
f 817/817/817 822/822/822 823/823/823
f 817/817/817 823/823/823 824/824/824
f 817/817/817 824/824/824 825/825/825
f 817/817/817 825/825/825 818/818/818
f 826/826/826 827/827/827 828/828/828
f 826/826/826 828/828/828 829/829/829
f 826/826/826 829/829/829 830/830/830
f 826/826/826 830/830/830 831/831/831
f 826/826/826 831/831/831 832/832/832
f 826/826/826 832/832/832 833/833/833
f 826/826/826 833/833/833 834/834/834
f 826/826/826 834/834/834 827/827/827
f 835/835/835 836/836/836 837/837/837
f 835/835/835 837/837/837 838/838/838
f 835/835/835 838/838/838 839/839/839
f 835/835/835 839/839/839 840/840/840
f 835/835/835 840/840/840 841/841/841
f 835/835/835 841/841/841 842/842/842
f 835/835/835 842/842/842 843/843/843
f 835/835/835 843/843/843 836/836/836
f 844/844/844 845/845/845 846/846/846
f 844/844/844 846/846/846 847/847/847
f 844/844/844 847/847/847 848/848/848
f 844/844/844 848/848/848 849/849/849
f 844/844/844 849/849/849 850/850/850
f 844/844/844 850/850/850 851/851/851
f 844/844/844 851/851/851 852/852/852
f 844/844/844 852/852/852 845/845/845
f 853/853/853 854/854/854 855/855/855
f 853/853/853 855/855/855 856/856/856
f 853/853/853 856/856/856 857/857/857
f 853/853/853 857/857/857 858/858/858
f 853/853/853 858/858/858 859/859/859
f 853/853/853 859/859/859 860/860/860
f 853/853/853 860/860/860 861/861/861
f 853/853/853 861/861/861 854/854/854
f 862/862/862 863/863/863 864/864/864
f 862/862/862 864/864/864 865/865/865
f 862/862/862 865/865/865 866/866/866
f 862/862/862 866/866/866 867/867/867
f 862/862/862 867/867/867 868/868/868
f 862/862/862 868/868/868 869/869/869
f 862/862/862 869/869/869 870/870/870
f 862/862/862 870/870/870 863/863/863
f 871/871/871 872/872/872 873/873/873
f 871/871/871 873/873/873 874/874/874
f 871/871/871 874/874/874 875/875/875
f 871/871/871 875/875/875 876/876/876
f 871/871/871 876/876/876 877/877/877
f 871/871/871 877/877/877 878/878/878
f 871/871/871 878/878/878 879/879/879
f 871/871/871 879/879/879 872/872/872
f 880/880/880 779/779/779 783/783/783
f 880/880/880 783/783/783 881/881/881
f 880/880/880 881/881/881 882/882/882
f 880/880/880 882/882/882 883/883/883
f 880/880/880 883/883/883 884/884/884
f 880/880/880 884/884/884 885/885/885
f 880/880/880 885/885/885 780/780/780
f 880/880/880 780/780/780 779/779/779
f 886/886/886 469/469/469 468/468/468
f 886/886/886 468/468/468 887/887/887
f 886/886/886 887/887/887 723/723/723
f 886/886/886 723/723/723 722/722/722
f 886/886/886 722/722/722 729/729/729
f 886/886/886 729/729/729 888/888/888
f 886/886/886 888/888/888 470/470/470
f 886/886/886 470/470/470 469/469/469
f 889/889/889 890/890/890 891/891/891
f 889/889/889 891/891/891 892/892/892
f 889/889/889 892/892/892 893/893/893
f 889/889/889 893/893/893 894/894/894
f 889/889/889 894/894/894 895/895/895
f 889/889/889 895/895/895 896/896/896
f 889/889/889 896/896/896 897/897/897
f 889/889/889 897/897/897 890/890/890
f 898/898/898 894/894/894 893/893/893
f 898/898/898 893/893/893 899/899/899
f 898/898/898 899/899/899 900/900/900
f 898/898/898 900/900/900 901/901/901
f 898/898/898 901/901/901 902/902/902
f 898/898/898 902/902/902 903/903/903
f 898/898/898 903/903/903 895/895/895
f 898/898/898 895/895/895 894/894/894
f 904/904/904 905/905/905 906/906/906
f 904/904/904 906/906/906 907/907/907
f 904/904/904 907/907/907 908/908/908
f 904/904/904 908/908/908 909/909/909
f 904/904/904 909/909/909 910/910/910
f 904/904/904 910/910/910 911/911/911
f 904/904/904 911/911/911 912/912/912
f 904/904/904 912/912/912 905/905/905
